<?xml version="1.0" encoding="UTF-8" standalone="yes"?>
<kml xmlns="http://www.opengis.net/kml/2.2" xmlns:gx="http://www.google.com/kml/ext/2.2" xmlns:atom="http://www.w3.org/2005/Atom" xmlns:xal="urn:oasis:names:tc:ciq:xsdschema:xAL:2.0">
    <Document>
        <Style id="Default">
            <PolyStyle>
                <color>#8014B4FF</color>
                <fill>1</fill>
                <outline>1</outline>
            </PolyStyle>
        </Style>
        <Folder>
            <name>Spotlight-2</name>
            <Style id="Default">
                <PolyStyle>
                    <color>#8014B4FF</color>
                    <fill>1</fill>
                    <outline>1</outline>
                </PolyStyle>
            </Style>
            <Placemark>
                <name>2021-10-13T22:45:03.517Z</name>
                <styleUrl>#Default</styleUrl>
                <ExtendedData>
                    <Data>
                        <displayName>orbit_number</displayName>
                        <value>77645</value>
                    </Data>
                    <Data>
                        <displayName>lookside</displayName>
                        <value>RIGHT</value>
                    </Data>
                    <Data>
                        <displayName>acquisition_mode</displayName>
                        <value>Spotlight-2</value>
                    </Data>
                    <Data>
                        <displayName>off_nadir_angle</displayName>
                        <value>42.12</value>
                    </Data>
                    <Data>
                        <displayName>beam</displayName>
                        <value>ES-20</value>
                    </Data>
                    <Data>
                        <displayName>product_identifier</displayName>
                        <value>2098202</value>
                    </Data>
                    <Data>
                        <displayName>orbit_direction</displayName>
                        <value>DESCENDING</value>
                    </Data>
                    <Data>
                        <displayName>start_datetime</displayName>
                        <value>2021-10-13T22:45:03.517Z</value>
                    </Data>
                    <Data>
                        <displayName>end_datetime</displayName>
                        <value>2021-10-13T22:45:11.392Z</value>
                    </Data>
                    <Data>
                        <displayName>aoi_coverage_percentage</displayName>
                        <value>99.97503407064195</value>
                    </Data>
                    <Data>
                        <displayName>mission_type</displayName>
                        <value>SAR</value>
                    </Data>
                    <Data>
                        <displayName>platform</displayName>
                        <value>CSK1</value>
                    </Data>
                    <Data>
                        <displayName>mission</displayName>
                        <value>COSMO-SkyMed (I Generation)</value>
                    </Data>
                    <Data>
                        <displayName>ownership</displayName>
                        <value>public</value>
                    </Data>
                    <Data>
                        <displayName>data_type</displayName>
                        <value>satellite-imagery</value>
                    </Data>
                    <Data>
                        <displayName>acquisition_status</displayName>
                        <value>ARCHIVED</value>
                    </Data>
                    <Data>
                        <displayName>sensor</displayName>
                        <value>SAR-X</value>
                    </Data>
                    <Data>
                        <displayName>polarization</displayName>
                        <value>HH</value>
                    </Data>
                    <Data>
                        <displayName>resolution_class</displayName>
                        <value>VHR1b</value>
                    </Data>
                    <Data>
                        <displayName>dataset</displayName>
                        <value>COSMO-SkyMed</value>
                    </Data>
                    <Data>
                        <displayName>minimum_incidence_angle</displayName>
                        <value>47.447</value>
                    </Data>
                    <Data>
                        <displayName>maximum_incidence_angle</displayName>
                        <value>47.994</value>
                    </Data>
                </ExtendedData>
                <Polygon>
                    <outerBoundaryIs>
                        <LinearRing>
                            <coordinates>-75.67115,36.126213 -75.6521,36.219288 -75.767075,36.232708 -75.785896,36.141914 -75.67115,36.126213</coordinates>
                        </LinearRing>
                    </outerBoundaryIs>
                </Polygon>
            </Placemark>
            <Placemark>
                <name>2021-07-01T10:54:54.075Z</name>
                <styleUrl>#Default</styleUrl>
                <ExtendedData>
                    <Data>
                        <displayName>orbit_number</displayName>
                        <value>73372</value>
                    </Data>
                    <Data>
                        <displayName>lookside</displayName>
                        <value>RIGHT</value>
                    </Data>
                    <Data>
                        <displayName>acquisition_mode</displayName>
                        <value>Spotlight-2</value>
                    </Data>
                    <Data>
                        <displayName>off_nadir_angle</displayName>
                        <value>44.75</value>
                    </Data>
                    <Data>
                        <displayName>beam</displayName>
                        <value>ES-23</value>
                    </Data>
                    <Data>
                        <displayName>product_identifier</displayName>
                        <value>1942002</value>
                    </Data>
                    <Data>
                        <displayName>orbit_direction</displayName>
                        <value>ASCENDING</value>
                    </Data>
                    <Data>
                        <displayName>start_datetime</displayName>
                        <value>2021-07-01T10:54:54.075Z</value>
                    </Data>
                    <Data>
                        <displayName>end_datetime</displayName>
                        <value>2021-07-01T10:55:02.041Z</value>
                    </Data>
                    <Data>
                        <displayName>aoi_coverage_percentage</displayName>
                        <value>87.64772313469959</value>
                    </Data>
                    <Data>
                        <displayName>mission_type</displayName>
                        <value>SAR</value>
                    </Data>
                    <Data>
                        <displayName>platform</displayName>
                        <value>CSK2</value>
                    </Data>
                    <Data>
                        <displayName>mission</displayName>
                        <value>COSMO-SkyMed (I Generation)</value>
                    </Data>
                    <Data>
                        <displayName>ownership</displayName>
                        <value>public</value>
                    </Data>
                    <Data>
                        <displayName>data_type</displayName>
                        <value>satellite-imagery</value>
                    </Data>
                    <Data>
                        <displayName>acquisition_status</displayName>
                        <value>ARCHIVED</value>
                    </Data>
                    <Data>
                        <displayName>sensor</displayName>
                        <value>SAR-X</value>
                    </Data>
                    <Data>
                        <displayName>polarization</displayName>
                        <value>HH</value>
                    </Data>
                    <Data>
                        <displayName>resolution_class</displayName>
                        <value>VHR1b</value>
                    </Data>
                    <Data>
                        <displayName>dataset</displayName>
                        <value>COSMO-SkyMed</value>
                    </Data>
                    <Data>
                        <displayName>minimum_incidence_angle</displayName>
                        <value>50.376</value>
                    </Data>
                    <Data>
                        <displayName>maximum_incidence_angle</displayName>
                        <value>50.882</value>
                    </Data>
                </ExtendedData>
                <Polygon>
                    <outerBoundaryIs>
                        <LinearRing>
                            <coordinates>-75.684891,36.133453 -75.702873,36.227913 -75.818283,36.214989 -75.799721,36.118195 -75.684891,36.133453</coordinates>
                        </LinearRing>
                    </outerBoundaryIs>
                </Polygon>
            </Placemark>
            <Placemark>
                <name>2021-06-30T10:54:50.308Z</name>
                <styleUrl>#Default</styleUrl>
                <ExtendedData>
                    <Data>
                        <displayName>orbit_number</displayName>
                        <value>57608</value>
                    </Data>
                    <Data>
                        <displayName>lookside</displayName>
                        <value>RIGHT</value>
                    </Data>
                    <Data>
                        <displayName>acquisition_mode</displayName>
                        <value>Spotlight-2</value>
                    </Data>
                    <Data>
                        <displayName>off_nadir_angle</displayName>
                        <value>44.75</value>
                    </Data>
                    <Data>
                        <displayName>beam</displayName>
                        <value>ES-23</value>
                    </Data>
                    <Data>
                        <displayName>product_identifier</displayName>
                        <value>1942455</value>
                    </Data>
                    <Data>
                        <displayName>orbit_direction</displayName>
                        <value>ASCENDING</value>
                    </Data>
                    <Data>
                        <displayName>start_datetime</displayName>
                        <value>2021-06-30T10:54:50.308Z</value>
                    </Data>
                    <Data>
                        <displayName>end_datetime</displayName>
                        <value>2021-06-30T10:54:58.274Z</value>
                    </Data>
                    <Data>
                        <displayName>aoi_coverage_percentage</displayName>
                        <value>87.29410165448554</value>
                    </Data>
                    <Data>
                        <displayName>mission_type</displayName>
                        <value>SAR</value>
                    </Data>
                    <Data>
                        <displayName>platform</displayName>
                        <value>CSK4</value>
                    </Data>
                    <Data>
                        <displayName>mission</displayName>
                        <value>COSMO-SkyMed (I Generation)</value>
                    </Data>
                    <Data>
                        <displayName>ownership</displayName>
                        <value>public</value>
                    </Data>
                    <Data>
                        <displayName>data_type</displayName>
                        <value>satellite-imagery</value>
                    </Data>
                    <Data>
                        <displayName>acquisition_status</displayName>
                        <value>ARCHIVED</value>
                    </Data>
                    <Data>
                        <displayName>sensor</displayName>
                        <value>SAR-X</value>
                    </Data>
                    <Data>
                        <displayName>polarization</displayName>
                        <value>HH</value>
                    </Data>
                    <Data>
                        <displayName>resolution_class</displayName>
                        <value>VHR1b</value>
                    </Data>
                    <Data>
                        <displayName>dataset</displayName>
                        <value>COSMO-SkyMed</value>
                    </Data>
                    <Data>
                        <displayName>minimum_incidence_angle</displayName>
                        <value>50.323</value>
                    </Data>
                    <Data>
                        <displayName>maximum_incidence_angle</displayName>
                        <value>50.83</value>
                    </Data>
                </ExtendedData>
                <Polygon>
                    <outerBoundaryIs>
                        <LinearRing>
                            <coordinates>-75.68396,36.127419 -75.702248,36.221996 -75.817657,36.209133 -75.799156,36.112167 -75.68396,36.127419</coordinates>
                        </LinearRing>
                    </outerBoundaryIs>
                </Polygon>
            </Placemark>
            <Placemark>
                <name>2021-06-29T22:56:51.912Z</name>
                <styleUrl>#Default</styleUrl>
                <ExtendedData>
                    <Data>
                        <displayName>orbit_number</displayName>
                        <value>76075</value>
                    </Data>
                    <Data>
                        <displayName>lookside</displayName>
                        <value>RIGHT</value>
                    </Data>
                    <Data>
                        <displayName>acquisition_mode</displayName>
                        <value>Spotlight-2</value>
                    </Data>
                    <Data>
                        <displayName>off_nadir_angle</displayName>
                        <value>27.32</value>
                    </Data>
                    <Data>
                        <displayName>beam</displayName>
                        <value>ES-05</value>
                    </Data>
                    <Data>
                        <displayName>product_identifier</displayName>
                        <value>1941935</value>
                    </Data>
                    <Data>
                        <displayName>orbit_direction</displayName>
                        <value>DESCENDING</value>
                    </Data>
                    <Data>
                        <displayName>start_datetime</displayName>
                        <value>2021-06-29T22:56:51.912Z</value>
                    </Data>
                    <Data>
                        <displayName>end_datetime</displayName>
                        <value>2021-06-29T22:56:59.414Z</value>
                    </Data>
                    <Data>
                        <displayName>aoi_coverage_percentage</displayName>
                        <value>89.24935345592864</value>
                    </Data>
                    <Data>
                        <displayName>mission_type</displayName>
                        <value>SAR</value>
                    </Data>
                    <Data>
                        <displayName>platform</displayName>
                        <value>CSK1</value>
                    </Data>
                    <Data>
                        <displayName>mission</displayName>
                        <value>COSMO-SkyMed (I Generation)</value>
                    </Data>
                    <Data>
                        <displayName>ownership</displayName>
                        <value>public</value>
                    </Data>
                    <Data>
                        <displayName>data_type</displayName>
                        <value>satellite-imagery</value>
                    </Data>
                    <Data>
                        <displayName>acquisition_status</displayName>
                        <value>ARCHIVED</value>
                    </Data>
                    <Data>
                        <displayName>sensor</displayName>
                        <value>SAR-X</value>
                    </Data>
                    <Data>
                        <displayName>polarization</displayName>
                        <value>HH</value>
                    </Data>
                    <Data>
                        <displayName>resolution_class</displayName>
                        <value>VHR1b</value>
                    </Data>
                    <Data>
                        <displayName>dataset</displayName>
                        <value>COSMO-SkyMed</value>
                    </Data>
                    <Data>
                        <displayName>minimum_incidence_angle</displayName>
                        <value>30.153</value>
                    </Data>
                    <Data>
                        <displayName>maximum_incidence_angle</displayName>
                        <value>30.965</value>
                    </Data>
                </ExtendedData>
                <Polygon>
                    <outerBoundaryIs>
                        <LinearRing>
                            <coordinates>-75.700958,36.125114 -75.676666,36.224659 -75.790733,36.24086 -75.815079,36.143616 -75.700958,36.125114</coordinates>
                        </LinearRing>
                    </outerBoundaryIs>
                </Polygon>
            </Placemark>
            <Placemark>
                <name>2021-04-22T22:50:52.696Z</name>
                <styleUrl>#Default</styleUrl>
                <ExtendedData>
                    <Data>
                        <displayName>orbit_number</displayName>
                        <value>56593</value>
                    </Data>
                    <Data>
                        <displayName>lookside</displayName>
                        <value>RIGHT</value>
                    </Data>
                    <Data>
                        <displayName>acquisition_mode</displayName>
                        <value>Spotlight-2</value>
                    </Data>
                    <Data>
                        <displayName>off_nadir_angle</displayName>
                        <value>35.76</value>
                    </Data>
                    <Data>
                        <displayName>beam</displayName>
                        <value>ES-13</value>
                    </Data>
                    <Data>
                        <displayName>product_identifier</displayName>
                        <value>1822894</value>
                    </Data>
                    <Data>
                        <displayName>orbit_direction</displayName>
                        <value>DESCENDING</value>
                    </Data>
                    <Data>
                        <displayName>start_datetime</displayName>
                        <value>2021-04-22T22:50:52.696Z</value>
                    </Data>
                    <Data>
                        <displayName>end_datetime</displayName>
                        <value>2021-04-22T22:51:00.363Z</value>
                    </Data>
                    <Data>
                        <displayName>aoi_coverage_percentage</displayName>
                        <value>89.89864247986108</value>
                    </Data>
                    <Data>
                        <displayName>mission_type</displayName>
                        <value>SAR</value>
                    </Data>
                    <Data>
                        <displayName>platform</displayName>
                        <value>CSK4</value>
                    </Data>
                    <Data>
                        <displayName>mission</displayName>
                        <value>COSMO-SkyMed (I Generation)</value>
                    </Data>
                    <Data>
                        <displayName>ownership</displayName>
                        <value>public</value>
                    </Data>
                    <Data>
                        <displayName>data_type</displayName>
                        <value>satellite-imagery</value>
                    </Data>
                    <Data>
                        <displayName>acquisition_status</displayName>
                        <value>ARCHIVED</value>
                    </Data>
                    <Data>
                        <displayName>sensor</displayName>
                        <value>SAR-X</value>
                    </Data>
                    <Data>
                        <displayName>polarization</displayName>
                        <value>HH</value>
                    </Data>
                    <Data>
                        <displayName>resolution_class</displayName>
                        <value>VHR1b</value>
                    </Data>
                    <Data>
                        <displayName>dataset</displayName>
                        <value>COSMO-SkyMed</value>
                    </Data>
                    <Data>
                        <displayName>minimum_incidence_angle</displayName>
                        <value>39.645</value>
                    </Data>
                    <Data>
                        <displayName>maximum_incidence_angle</displayName>
                        <value>40.316</value>
                    </Data>
                </ExtendedData>
                <Polygon>
                    <outerBoundaryIs>
                        <LinearRing>
                            <coordinates>-75.697243,36.134563 -75.67675,36.227024 -75.791306,36.241898 -75.811691,36.151691 -75.697243,36.134563</coordinates>
                        </LinearRing>
                    </outerBoundaryIs>
                </Polygon>
            </Placemark>
            <Placemark>
                <name>2021-04-22T10:42:49.799Z</name>
                <styleUrl>#Default</styleUrl>
                <ExtendedData>
                    <Data>
                        <displayName>orbit_number</displayName>
                        <value>72335</value>
                    </Data>
                    <Data>
                        <displayName>lookside</displayName>
                        <value>RIGHT</value>
                    </Data>
                    <Data>
                        <displayName>acquisition_mode</displayName>
                        <value>Spotlight-2</value>
                    </Data>
                    <Data>
                        <displayName>off_nadir_angle</displayName>
                        <value>30.85</value>
                    </Data>
                    <Data>
                        <displayName>beam</displayName>
                        <value>ES-08</value>
                    </Data>
                    <Data>
                        <displayName>product_identifier</displayName>
                        <value>1821124</value>
                    </Data>
                    <Data>
                        <displayName>orbit_direction</displayName>
                        <value>ASCENDING</value>
                    </Data>
                    <Data>
                        <displayName>start_datetime</displayName>
                        <value>2021-04-22T10:42:49.799Z</value>
                    </Data>
                    <Data>
                        <displayName>end_datetime</displayName>
                        <value>2021-04-22T10:42:57.362Z</value>
                    </Data>
                    <Data>
                        <displayName>aoi_coverage_percentage</displayName>
                        <value>89.29427645784247</value>
                    </Data>
                    <Data>
                        <displayName>mission_type</displayName>
                        <value>SAR</value>
                    </Data>
                    <Data>
                        <displayName>platform</displayName>
                        <value>CSK2</value>
                    </Data>
                    <Data>
                        <displayName>mission</displayName>
                        <value>COSMO-SkyMed (I Generation)</value>
                    </Data>
                    <Data>
                        <displayName>ownership</displayName>
                        <value>public</value>
                    </Data>
                    <Data>
                        <displayName>data_type</displayName>
                        <value>satellite-imagery</value>
                    </Data>
                    <Data>
                        <displayName>acquisition_status</displayName>
                        <value>ARCHIVED</value>
                    </Data>
                    <Data>
                        <displayName>sensor</displayName>
                        <value>SAR-X</value>
                    </Data>
                    <Data>
                        <displayName>polarization</displayName>
                        <value>HH</value>
                    </Data>
                    <Data>
                        <displayName>resolution_class</displayName>
                        <value>VHR1b</value>
                    </Data>
                    <Data>
                        <displayName>dataset</displayName>
                        <value>COSMO-SkyMed</value>
                    </Data>
                    <Data>
                        <displayName>minimum_incidence_angle</displayName>
                        <value>34.242</value>
                    </Data>
                    <Data>
                        <displayName>maximum_incidence_angle</displayName>
                        <value>35.001</value>
                    </Data>
                </ExtendedData>
                <Polygon>
                    <outerBoundaryIs>
                        <LinearRing>
                            <coordinates>-75.683258,36.139408 -75.704407,36.231609 -75.819267,36.215797 -75.797501,36.121433 -75.683258,36.139408</coordinates>
                        </LinearRing>
                    </outerBoundaryIs>
                </Polygon>
            </Placemark>
            <Placemark>
                <name>2021-04-21T10:42:51.000Z</name>
                <styleUrl>#Default</styleUrl>
                <ExtendedData>
                    <Data>
                        <displayName>orbit_number</displayName>
                        <value>56571</value>
                    </Data>
                    <Data>
                        <displayName>lookside</displayName>
                        <value>RIGHT</value>
                    </Data>
                    <Data>
                        <displayName>acquisition_mode</displayName>
                        <value>Spotlight-2</value>
                    </Data>
                    <Data>
                        <displayName>off_nadir_angle</displayName>
                        <value>30.85</value>
                    </Data>
                    <Data>
                        <displayName>beam</displayName>
                        <value>ES-08</value>
                    </Data>
                    <Data>
                        <displayName>product_identifier</displayName>
                        <value>1817405</value>
                    </Data>
                    <Data>
                        <displayName>orbit_direction</displayName>
                        <value>ASCENDING</value>
                    </Data>
                    <Data>
                        <displayName>start_datetime</displayName>
                        <value>2021-04-21T10:42:51.000Z</value>
                    </Data>
                    <Data>
                        <displayName>end_datetime</displayName>
                        <value>2021-04-21T10:42:58.563Z</value>
                    </Data>
                    <Data>
                        <displayName>aoi_coverage_percentage</displayName>
                        <value>86.47557228791946</value>
                    </Data>
                    <Data>
                        <displayName>mission_type</displayName>
                        <value>SAR</value>
                    </Data>
                    <Data>
                        <displayName>platform</displayName>
                        <value>CSK4</value>
                    </Data>
                    <Data>
                        <displayName>mission</displayName>
                        <value>COSMO-SkyMed (I Generation)</value>
                    </Data>
                    <Data>
                        <displayName>ownership</displayName>
                        <value>public</value>
                    </Data>
                    <Data>
                        <displayName>data_type</displayName>
                        <value>satellite-imagery</value>
                    </Data>
                    <Data>
                        <displayName>acquisition_status</displayName>
                        <value>ARCHIVED</value>
                    </Data>
                    <Data>
                        <displayName>sensor</displayName>
                        <value>SAR-X</value>
                    </Data>
                    <Data>
                        <displayName>polarization</displayName>
                        <value>HH</value>
                    </Data>
                    <Data>
                        <displayName>resolution_class</displayName>
                        <value>VHR1b</value>
                    </Data>
                    <Data>
                        <displayName>dataset</displayName>
                        <value>COSMO-SkyMed</value>
                    </Data>
                    <Data>
                        <displayName>minimum_incidence_angle</displayName>
                        <value>34.292</value>
                    </Data>
                    <Data>
                        <displayName>maximum_incidence_angle</displayName>
                        <value>35.051</value>
                    </Data>
                </ExtendedData>
                <Polygon>
                    <outerBoundaryIs>
                        <LinearRing>
                            <coordinates>-75.684662,36.133976 -75.706047,36.226212 -75.820923,36.210464 -75.799553,36.115978 -75.684662,36.133976</coordinates>
                        </LinearRing>
                    </outerBoundaryIs>
                </Polygon>
            </Placemark>
            <Placemark>
                <name>2020-12-11T22:56:54.921Z</name>
                <styleUrl>#Default</styleUrl>
                <ExtendedData>
                    <Data>
                        <displayName>orbit_number</displayName>
                        <value>70387</value>
                    </Data>
                    <Data>
                        <displayName>lookside</displayName>
                        <value>RIGHT</value>
                    </Data>
                    <Data>
                        <displayName>acquisition_mode</displayName>
                        <value>Spotlight-2</value>
                    </Data>
                    <Data>
                        <displayName>off_nadir_angle</displayName>
                        <value>27.32</value>
                    </Data>
                    <Data>
                        <displayName>beam</displayName>
                        <value>ES-05</value>
                    </Data>
                    <Data>
                        <displayName>product_identifier</displayName>
                        <value>1652288</value>
                    </Data>
                    <Data>
                        <displayName>orbit_direction</displayName>
                        <value>DESCENDING</value>
                    </Data>
                    <Data>
                        <displayName>start_datetime</displayName>
                        <value>2020-12-11T22:56:54.921Z</value>
                    </Data>
                    <Data>
                        <displayName>end_datetime</displayName>
                        <value>2020-12-11T22:57:02.422Z</value>
                    </Data>
                    <Data>
                        <displayName>aoi_coverage_percentage</displayName>
                        <value>88.78218912040775</value>
                    </Data>
                    <Data>
                        <displayName>mission_type</displayName>
                        <value>SAR</value>
                    </Data>
                    <Data>
                        <displayName>platform</displayName>
                        <value>CSK2</value>
                    </Data>
                    <Data>
                        <displayName>mission</displayName>
                        <value>COSMO-SkyMed (I Generation)</value>
                    </Data>
                    <Data>
                        <displayName>ownership</displayName>
                        <value>public</value>
                    </Data>
                    <Data>
                        <displayName>data_type</displayName>
                        <value>satellite-imagery</value>
                    </Data>
                    <Data>
                        <displayName>acquisition_status</displayName>
                        <value>ARCHIVED</value>
                    </Data>
                    <Data>
                        <displayName>sensor</displayName>
                        <value>SAR-X</value>
                    </Data>
                    <Data>
                        <displayName>polarization</displayName>
                        <value>HH</value>
                    </Data>
                    <Data>
                        <displayName>resolution_class</displayName>
                        <value>VHR1b</value>
                    </Data>
                    <Data>
                        <displayName>dataset</displayName>
                        <value>COSMO-SkyMed</value>
                    </Data>
                    <Data>
                        <displayName>minimum_incidence_angle</displayName>
                        <value>30.069</value>
                    </Data>
                    <Data>
                        <displayName>maximum_incidence_angle</displayName>
                        <value>30.881</value>
                    </Data>
                </ExtendedData>
                <Polygon>
                    <outerBoundaryIs>
                        <LinearRing>
                            <coordinates>-75.701302,36.125622 -75.677139,36.224506 -75.791214,36.240585 -75.815453,36.143997 -75.701302,36.125622</coordinates>
                        </LinearRing>
                    </outerBoundaryIs>
                </Polygon>
            </Placemark>
            <Placemark>
                <name>2020-12-10T22:56:54.971Z</name>
                <styleUrl>#Default</styleUrl>
                <ExtendedData>
                    <Data>
                        <displayName>orbit_number</displayName>
                        <value>54623</value>
                    </Data>
                    <Data>
                        <displayName>lookside</displayName>
                        <value>RIGHT</value>
                    </Data>
                    <Data>
                        <displayName>acquisition_mode</displayName>
                        <value>Spotlight-2</value>
                    </Data>
                    <Data>
                        <displayName>off_nadir_angle</displayName>
                        <value>27.32</value>
                    </Data>
                    <Data>
                        <displayName>beam</displayName>
                        <value>ES-05</value>
                    </Data>
                    <Data>
                        <displayName>product_identifier</displayName>
                        <value>1651720</value>
                    </Data>
                    <Data>
                        <displayName>orbit_direction</displayName>
                        <value>DESCENDING</value>
                    </Data>
                    <Data>
                        <displayName>start_datetime</displayName>
                        <value>2020-12-10T22:56:54.971Z</value>
                    </Data>
                    <Data>
                        <displayName>end_datetime</displayName>
                        <value>2020-12-10T22:57:02.473Z</value>
                    </Data>
                    <Data>
                        <displayName>aoi_coverage_percentage</displayName>
                        <value>88.7176926184609</value>
                    </Data>
                    <Data>
                        <displayName>mission_type</displayName>
                        <value>SAR</value>
                    </Data>
                    <Data>
                        <displayName>platform</displayName>
                        <value>CSK4</value>
                    </Data>
                    <Data>
                        <displayName>mission</displayName>
                        <value>COSMO-SkyMed (I Generation)</value>
                    </Data>
                    <Data>
                        <displayName>ownership</displayName>
                        <value>public</value>
                    </Data>
                    <Data>
                        <displayName>data_type</displayName>
                        <value>satellite-imagery</value>
                    </Data>
                    <Data>
                        <displayName>acquisition_status</displayName>
                        <value>ARCHIVED</value>
                    </Data>
                    <Data>
                        <displayName>sensor</displayName>
                        <value>SAR-X</value>
                    </Data>
                    <Data>
                        <displayName>polarization</displayName>
                        <value>HH</value>
                    </Data>
                    <Data>
                        <displayName>resolution_class</displayName>
                        <value>VHR1b</value>
                    </Data>
                    <Data>
                        <displayName>dataset</displayName>
                        <value>COSMO-SkyMed</value>
                    </Data>
                    <Data>
                        <displayName>minimum_incidence_angle</displayName>
                        <value>30.07</value>
                    </Data>
                    <Data>
                        <displayName>maximum_incidence_angle</displayName>
                        <value>30.883</value>
                    </Data>
                </ExtendedData>
                <Polygon>
                    <outerBoundaryIs>
                        <LinearRing>
                            <coordinates>-75.700348,36.129436 -75.676498,36.227894 -75.790565,36.244091 -75.814484,36.147923 -75.700348,36.129436</coordinates>
                        </LinearRing>
                    </outerBoundaryIs>
                </Polygon>
            </Placemark>
            <Placemark>
                <name>2020-11-13T10:42:51.866Z</name>
                <styleUrl>#Default</styleUrl>
                <ExtendedData>
                    <Data>
                        <displayName>orbit_number</displayName>
                        <value>69965</value>
                    </Data>
                    <Data>
                        <displayName>lookside</displayName>
                        <value>RIGHT</value>
                    </Data>
                    <Data>
                        <displayName>acquisition_mode</displayName>
                        <value>Spotlight-2</value>
                    </Data>
                    <Data>
                        <displayName>off_nadir_angle</displayName>
                        <value>30.85</value>
                    </Data>
                    <Data>
                        <displayName>beam</displayName>
                        <value>ES-08</value>
                    </Data>
                    <Data>
                        <displayName>product_identifier</displayName>
                        <value>1598376</value>
                    </Data>
                    <Data>
                        <displayName>orbit_direction</displayName>
                        <value>ASCENDING</value>
                    </Data>
                    <Data>
                        <displayName>start_datetime</displayName>
                        <value>2020-11-13T10:42:51.866Z</value>
                    </Data>
                    <Data>
                        <displayName>end_datetime</displayName>
                        <value>2020-11-13T10:42:59.398Z</value>
                    </Data>
                    <Data>
                        <displayName>aoi_coverage_percentage</displayName>
                        <value>87.54416515898505</value>
                    </Data>
                    <Data>
                        <displayName>mission_type</displayName>
                        <value>SAR</value>
                    </Data>
                    <Data>
                        <displayName>platform</displayName>
                        <value>CSK2</value>
                    </Data>
                    <Data>
                        <displayName>mission</displayName>
                        <value>COSMO-SkyMed (I Generation)</value>
                    </Data>
                    <Data>
                        <displayName>ownership</displayName>
                        <value>public</value>
                    </Data>
                    <Data>
                        <displayName>data_type</displayName>
                        <value>satellite-imagery</value>
                    </Data>
                    <Data>
                        <displayName>acquisition_status</displayName>
                        <value>ARCHIVED</value>
                    </Data>
                    <Data>
                        <displayName>sensor</displayName>
                        <value>SAR-X</value>
                    </Data>
                    <Data>
                        <displayName>polarization</displayName>
                        <value>HH</value>
                    </Data>
                    <Data>
                        <displayName>resolution_class</displayName>
                        <value>VHR1b</value>
                    </Data>
                    <Data>
                        <displayName>dataset</displayName>
                        <value>COSMO-SkyMed</value>
                    </Data>
                    <Data>
                        <displayName>minimum_incidence_angle</displayName>
                        <value>34.134</value>
                    </Data>
                    <Data>
                        <displayName>maximum_incidence_angle</displayName>
                        <value>34.895</value>
                    </Data>
                </ExtendedData>
                <Polygon>
                    <outerBoundaryIs>
                        <LinearRing>
                            <coordinates>-75.684639,36.138062 -75.705513,36.228939 -75.820358,36.213097 -75.798866,36.120049 -75.684639,36.138062</coordinates>
                        </LinearRing>
                    </outerBoundaryIs>
                </Polygon>
            </Placemark>
            <Placemark>
                <name>2020-11-10T10:36:52.328Z</name>
                <styleUrl>#Default</styleUrl>
                <ExtendedData>
                    <Data>
                        <displayName>orbit_number</displayName>
                        <value>72646</value>
                    </Data>
                    <Data>
                        <displayName>lookside</displayName>
                        <value>RIGHT</value>
                    </Data>
                    <Data>
                        <displayName>acquisition_mode</displayName>
                        <value>Spotlight-2</value>
                    </Data>
                    <Data>
                        <displayName>off_nadir_angle</displayName>
                        <value>21.27</value>
                    </Data>
                    <Data>
                        <displayName>beam</displayName>
                        <value>ES-0C</value>
                    </Data>
                    <Data>
                        <displayName>product_identifier</displayName>
                        <value>1589659</value>
                    </Data>
                    <Data>
                        <displayName>orbit_direction</displayName>
                        <value>ASCENDING</value>
                    </Data>
                    <Data>
                        <displayName>start_datetime</displayName>
                        <value>2020-11-10T10:36:52.328Z</value>
                    </Data>
                    <Data>
                        <displayName>end_datetime</displayName>
                        <value>2020-11-10T10:36:59.688Z</value>
                    </Data>
                    <Data>
                        <displayName>aoi_coverage_percentage</displayName>
                        <value>61.65420705503644</value>
                    </Data>
                    <Data>
                        <displayName>mission_type</displayName>
                        <value>SAR</value>
                    </Data>
                    <Data>
                        <displayName>platform</displayName>
                        <value>CSK1</value>
                    </Data>
                    <Data>
                        <displayName>mission</displayName>
                        <value>COSMO-SkyMed (I Generation)</value>
                    </Data>
                    <Data>
                        <displayName>ownership</displayName>
                        <value>public</value>
                    </Data>
                    <Data>
                        <displayName>data_type</displayName>
                        <value>satellite-imagery</value>
                    </Data>
                    <Data>
                        <displayName>acquisition_status</displayName>
                        <value>ARCHIVED</value>
                    </Data>
                    <Data>
                        <displayName>sensor</displayName>
                        <value>SAR-X</value>
                    </Data>
                    <Data>
                        <displayName>polarization</displayName>
                        <value>HH</value>
                    </Data>
                    <Data>
                        <displayName>resolution_class</displayName>
                        <value>VHR1b</value>
                    </Data>
                    <Data>
                        <displayName>dataset</displayName>
                        <value>COSMO-SkyMed</value>
                    </Data>
                    <Data>
                        <displayName>minimum_incidence_angle</displayName>
                        <value>23.266</value>
                    </Data>
                    <Data>
                        <displayName>maximum_incidence_angle</displayName>
                        <value>24.174</value>
                    </Data>
                </ExtendedData>
                <Polygon>
                    <outerBoundaryIs>
                        <LinearRing>
                            <coordinates>-75.709053,36.137844 -75.731529,36.227299 -75.847054,36.209866 -75.823921,36.1185 -75.709053,36.137844</coordinates>
                        </LinearRing>
                    </outerBoundaryIs>
                </Polygon>
            </Placemark>
            <Placemark>
                <name>2020-10-09T10:36:55.278Z</name>
                <styleUrl>#Default</styleUrl>
                <ExtendedData>
                    <Data>
                        <displayName>orbit_number</displayName>
                        <value>72172</value>
                    </Data>
                    <Data>
                        <displayName>lookside</displayName>
                        <value>RIGHT</value>
                    </Data>
                    <Data>
                        <displayName>acquisition_mode</displayName>
                        <value>Spotlight-2</value>
                    </Data>
                    <Data>
                        <displayName>off_nadir_angle</displayName>
                        <value>21.27</value>
                    </Data>
                    <Data>
                        <displayName>beam</displayName>
                        <value>ES-0C</value>
                    </Data>
                    <Data>
                        <displayName>product_identifier</displayName>
                        <value>1505527</value>
                    </Data>
                    <Data>
                        <displayName>orbit_direction</displayName>
                        <value>ASCENDING</value>
                    </Data>
                    <Data>
                        <displayName>start_datetime</displayName>
                        <value>2020-10-09T10:36:55.278Z</value>
                    </Data>
                    <Data>
                        <displayName>end_datetime</displayName>
                        <value>2020-10-09T10:37:02.638Z</value>
                    </Data>
                    <Data>
                        <displayName>aoi_coverage_percentage</displayName>
                        <value>51.913442962704984</value>
                    </Data>
                    <Data>
                        <displayName>mission_type</displayName>
                        <value>SAR</value>
                    </Data>
                    <Data>
                        <displayName>platform</displayName>
                        <value>CSK1</value>
                    </Data>
                    <Data>
                        <displayName>mission</displayName>
                        <value>COSMO-SkyMed (I Generation)</value>
                    </Data>
                    <Data>
                        <displayName>ownership</displayName>
                        <value>public</value>
                    </Data>
                    <Data>
                        <displayName>data_type</displayName>
                        <value>satellite-imagery</value>
                    </Data>
                    <Data>
                        <displayName>acquisition_status</displayName>
                        <value>ARCHIVED</value>
                    </Data>
                    <Data>
                        <displayName>sensor</displayName>
                        <value>SAR-X</value>
                    </Data>
                    <Data>
                        <displayName>polarization</displayName>
                        <value>HH</value>
                    </Data>
                    <Data>
                        <displayName>resolution_class</displayName>
                        <value>VHR1b</value>
                    </Data>
                    <Data>
                        <displayName>dataset</displayName>
                        <value>COSMO-SkyMed</value>
                    </Data>
                    <Data>
                        <displayName>minimum_incidence_angle</displayName>
                        <value>23.3</value>
                    </Data>
                    <Data>
                        <displayName>maximum_incidence_angle</displayName>
                        <value>24.207</value>
                    </Data>
                </ExtendedData>
                <Polygon>
                    <outerBoundaryIs>
                        <LinearRing>
                            <coordinates>-75.720428,36.145359 -75.742844,36.234978 -75.858353,36.217491 -75.835266,36.125961 -75.720428,36.145359</coordinates>
                        </LinearRing>
                    </outerBoundaryIs>
                </Polygon>
            </Placemark>
            <Placemark>
                <name>2020-10-08T22:56:58.303Z</name>
                <styleUrl>#Default</styleUrl>
                <ExtendedData>
                    <Data>
                        <displayName>orbit_number</displayName>
                        <value>69439</value>
                    </Data>
                    <Data>
                        <displayName>lookside</displayName>
                        <value>RIGHT</value>
                    </Data>
                    <Data>
                        <displayName>acquisition_mode</displayName>
                        <value>Spotlight-2</value>
                    </Data>
                    <Data>
                        <displayName>off_nadir_angle</displayName>
                        <value>27.32</value>
                    </Data>
                    <Data>
                        <displayName>beam</displayName>
                        <value>ES-05</value>
                    </Data>
                    <Data>
                        <displayName>product_identifier</displayName>
                        <value>1504216</value>
                    </Data>
                    <Data>
                        <displayName>orbit_direction</displayName>
                        <value>DESCENDING</value>
                    </Data>
                    <Data>
                        <displayName>start_datetime</displayName>
                        <value>2020-10-08T22:56:58.303Z</value>
                    </Data>
                    <Data>
                        <displayName>end_datetime</displayName>
                        <value>2020-10-08T22:57:05.811Z</value>
                    </Data>
                    <Data>
                        <displayName>aoi_coverage_percentage</displayName>
                        <value>90.87418201722907</value>
                    </Data>
                    <Data>
                        <displayName>mission_type</displayName>
                        <value>SAR</value>
                    </Data>
                    <Data>
                        <displayName>platform</displayName>
                        <value>CSK2</value>
                    </Data>
                    <Data>
                        <displayName>mission</displayName>
                        <value>COSMO-SkyMed (I Generation)</value>
                    </Data>
                    <Data>
                        <displayName>ownership</displayName>
                        <value>public</value>
                    </Data>
                    <Data>
                        <displayName>data_type</displayName>
                        <value>satellite-imagery</value>
                    </Data>
                    <Data>
                        <displayName>acquisition_status</displayName>
                        <value>ARCHIVED</value>
                    </Data>
                    <Data>
                        <displayName>sensor</displayName>
                        <value>SAR-X</value>
                    </Data>
                    <Data>
                        <displayName>polarization</displayName>
                        <value>HH</value>
                    </Data>
                    <Data>
                        <displayName>resolution_class</displayName>
                        <value>VHR1b</value>
                    </Data>
                    <Data>
                        <displayName>dataset</displayName>
                        <value>COSMO-SkyMed</value>
                    </Data>
                    <Data>
                        <displayName>minimum_incidence_angle</displayName>
                        <value>30.03</value>
                    </Data>
                    <Data>
                        <displayName>maximum_incidence_angle</displayName>
                        <value>30.843</value>
                    </Data>
                </ExtendedData>
                <Polygon>
                    <outerBoundaryIs>
                        <LinearRing>
                            <coordinates>-75.699142,36.126202 -75.674896,36.2253 -75.788971,36.241432 -75.813271,36.144642 -75.699142,36.126202</coordinates>
                        </LinearRing>
                    </outerBoundaryIs>
                </Polygon>
            </Placemark>
            <Placemark>
                <name>2020-09-11T22:50:52.021Z</name>
                <styleUrl>#Default</styleUrl>
                <ExtendedData>
                    <Data>
                        <displayName>orbit_number</displayName>
                        <value>69039</value>
                    </Data>
                    <Data>
                        <displayName>lookside</displayName>
                        <value>RIGHT</value>
                    </Data>
                    <Data>
                        <displayName>acquisition_mode</displayName>
                        <value>Spotlight-2</value>
                    </Data>
                    <Data>
                        <displayName>off_nadir_angle</displayName>
                        <value>35.76</value>
                    </Data>
                    <Data>
                        <displayName>beam</displayName>
                        <value>ES-13</value>
                    </Data>
                    <Data>
                        <displayName>product_identifier</displayName>
                        <value>1445895</value>
                    </Data>
                    <Data>
                        <displayName>orbit_direction</displayName>
                        <value>DESCENDING</value>
                    </Data>
                    <Data>
                        <displayName>start_datetime</displayName>
                        <value>2020-09-11T22:50:52.021Z</value>
                    </Data>
                    <Data>
                        <displayName>end_datetime</displayName>
                        <value>2020-09-11T22:50:59.687Z</value>
                    </Data>
                    <Data>
                        <displayName>aoi_coverage_percentage</displayName>
                        <value>90.96528070669996</value>
                    </Data>
                    <Data>
                        <displayName>mission_type</displayName>
                        <value>SAR</value>
                    </Data>
                    <Data>
                        <displayName>platform</displayName>
                        <value>CSK2</value>
                    </Data>
                    <Data>
                        <displayName>mission</displayName>
                        <value>COSMO-SkyMed (I Generation)</value>
                    </Data>
                    <Data>
                        <displayName>ownership</displayName>
                        <value>public</value>
                    </Data>
                    <Data>
                        <displayName>data_type</displayName>
                        <value>satellite-imagery</value>
                    </Data>
                    <Data>
                        <displayName>acquisition_status</displayName>
                        <value>ARCHIVED</value>
                    </Data>
                    <Data>
                        <displayName>sensor</displayName>
                        <value>SAR-X</value>
                    </Data>
                    <Data>
                        <displayName>polarization</displayName>
                        <value>HH</value>
                    </Data>
                    <Data>
                        <displayName>resolution_class</displayName>
                        <value>VHR1b</value>
                    </Data>
                    <Data>
                        <displayName>dataset</displayName>
                        <value>COSMO-SkyMed</value>
                    </Data>
                    <Data>
                        <displayName>minimum_incidence_angle</displayName>
                        <value>39.782</value>
                    </Data>
                    <Data>
                        <displayName>maximum_incidence_angle</displayName>
                        <value>40.45</value>
                    </Data>
                </ExtendedData>
                <Polygon>
                    <outerBoundaryIs>
                        <LinearRing>
                            <coordinates>-75.697227,36.13036 -75.676651,36.222256 -75.791214,36.237011 -75.811699,36.147381 -75.697227,36.13036</coordinates>
                        </LinearRing>
                    </outerBoundaryIs>
                </Polygon>
            </Placemark>
            <Placemark>
                <name>2020-09-09T10:42:54.137Z</name>
                <styleUrl>#Default</styleUrl>
                <ExtendedData>
                    <Data>
                        <displayName>orbit_number</displayName>
                        <value>53253</value>
                    </Data>
                    <Data>
                        <displayName>lookside</displayName>
                        <value>RIGHT</value>
                    </Data>
                    <Data>
                        <displayName>acquisition_mode</displayName>
                        <value>Spotlight-2</value>
                    </Data>
                    <Data>
                        <displayName>off_nadir_angle</displayName>
                        <value>30.85</value>
                    </Data>
                    <Data>
                        <displayName>beam</displayName>
                        <value>ES-08</value>
                    </Data>
                    <Data>
                        <displayName>product_identifier</displayName>
                        <value>1443707</value>
                    </Data>
                    <Data>
                        <displayName>orbit_direction</displayName>
                        <value>ASCENDING</value>
                    </Data>
                    <Data>
                        <displayName>start_datetime</displayName>
                        <value>2020-09-09T10:42:54.137Z</value>
                    </Data>
                    <Data>
                        <displayName>end_datetime</displayName>
                        <value>2020-09-09T10:43:01.700Z</value>
                    </Data>
                    <Data>
                        <displayName>aoi_coverage_percentage</displayName>
                        <value>88.25299021352468</value>
                    </Data>
                    <Data>
                        <displayName>mission_type</displayName>
                        <value>SAR</value>
                    </Data>
                    <Data>
                        <displayName>platform</displayName>
                        <value>CSK4</value>
                    </Data>
                    <Data>
                        <displayName>mission</displayName>
                        <value>COSMO-SkyMed (I Generation)</value>
                    </Data>
                    <Data>
                        <displayName>ownership</displayName>
                        <value>public</value>
                    </Data>
                    <Data>
                        <displayName>data_type</displayName>
                        <value>satellite-imagery</value>
                    </Data>
                    <Data>
                        <displayName>acquisition_status</displayName>
                        <value>ARCHIVED</value>
                    </Data>
                    <Data>
                        <displayName>sensor</displayName>
                        <value>SAR-X</value>
                    </Data>
                    <Data>
                        <displayName>polarization</displayName>
                        <value>HH</value>
                    </Data>
                    <Data>
                        <displayName>resolution_class</displayName>
                        <value>VHR1b</value>
                    </Data>
                    <Data>
                        <displayName>dataset</displayName>
                        <value>COSMO-SkyMed</value>
                    </Data>
                    <Data>
                        <displayName>minimum_incidence_angle</displayName>
                        <value>34.235</value>
                    </Data>
                    <Data>
                        <displayName>maximum_incidence_angle</displayName>
                        <value>34.994</value>
                    </Data>
                </ExtendedData>
                <Polygon>
                    <outerBoundaryIs>
                        <LinearRing>
                            <coordinates>-75.682533,36.132217 -75.703819,36.224079 -75.818703,36.208389 -75.797432,36.114269 -75.682533,36.132217</coordinates>
                        </LinearRing>
                    </outerBoundaryIs>
                </Polygon>
            </Placemark>
            <Placemark>
                <name>2020-09-08T22:44:52.839Z</name>
                <styleUrl>#Default</styleUrl>
                <ExtendedData>
                    <Data>
                        <displayName>orbit_number</displayName>
                        <value>71720</value>
                    </Data>
                    <Data>
                        <displayName>lookside</displayName>
                        <value>RIGHT</value>
                    </Data>
                    <Data>
                        <displayName>acquisition_mode</displayName>
                        <value>Spotlight-2</value>
                    </Data>
                    <Data>
                        <displayName>off_nadir_angle</displayName>
                        <value>42.12</value>
                    </Data>
                    <Data>
                        <displayName>beam</displayName>
                        <value>ES-20</value>
                    </Data>
                    <Data>
                        <displayName>product_identifier</displayName>
                        <value>1443251</value>
                    </Data>
                    <Data>
                        <displayName>orbit_direction</displayName>
                        <value>DESCENDING</value>
                    </Data>
                    <Data>
                        <displayName>start_datetime</displayName>
                        <value>2020-09-08T22:44:52.839Z</value>
                    </Data>
                    <Data>
                        <displayName>end_datetime</displayName>
                        <value>2020-09-08T22:45:00.715Z</value>
                    </Data>
                    <Data>
                        <displayName>aoi_coverage_percentage</displayName>
                        <value>98.00723071672299</value>
                    </Data>
                    <Data>
                        <displayName>mission_type</displayName>
                        <value>SAR</value>
                    </Data>
                    <Data>
                        <displayName>platform</displayName>
                        <value>CSK1</value>
                    </Data>
                    <Data>
                        <displayName>mission</displayName>
                        <value>COSMO-SkyMed (I Generation)</value>
                    </Data>
                    <Data>
                        <displayName>ownership</displayName>
                        <value>public</value>
                    </Data>
                    <Data>
                        <displayName>data_type</displayName>
                        <value>satellite-imagery</value>
                    </Data>
                    <Data>
                        <displayName>acquisition_status</displayName>
                        <value>ARCHIVED</value>
                    </Data>
                    <Data>
                        <displayName>sensor</displayName>
                        <value>SAR-X</value>
                    </Data>
                    <Data>
                        <displayName>polarization</displayName>
                        <value>HH</value>
                    </Data>
                    <Data>
                        <displayName>resolution_class</displayName>
                        <value>VHR1b</value>
                    </Data>
                    <Data>
                        <displayName>dataset</displayName>
                        <value>COSMO-SkyMed</value>
                    </Data>
                    <Data>
                        <displayName>minimum_incidence_angle</displayName>
                        <value>47.475</value>
                    </Data>
                    <Data>
                        <displayName>maximum_incidence_angle</displayName>
                        <value>48.022</value>
                    </Data>
                </ExtendedData>
                <Polygon>
                    <outerBoundaryIs>
                        <LinearRing>
                            <coordinates>-75.667038,36.121292 -75.64801,36.214737 -75.763321,36.228218 -75.781792,36.13702 -75.667038,36.121292</coordinates>
                        </LinearRing>
                    </outerBoundaryIs>
                </Polygon>
            </Placemark>
            <Placemark>
                <name>2020-09-08T10:54:54.763Z</name>
                <styleUrl>#Default</styleUrl>
                <ExtendedData>
                    <Data>
                        <displayName>orbit_number</displayName>
                        <value>71713</value>
                    </Data>
                    <Data>
                        <displayName>lookside</displayName>
                        <value>RIGHT</value>
                    </Data>
                    <Data>
                        <displayName>acquisition_mode</displayName>
                        <value>Spotlight-2</value>
                    </Data>
                    <Data>
                        <displayName>off_nadir_angle</displayName>
                        <value>44.75</value>
                    </Data>
                    <Data>
                        <displayName>beam</displayName>
                        <value>ES-23</value>
                    </Data>
                    <Data>
                        <displayName>product_identifier</displayName>
                        <value>1442832</value>
                    </Data>
                    <Data>
                        <displayName>orbit_direction</displayName>
                        <value>ASCENDING</value>
                    </Data>
                    <Data>
                        <displayName>start_datetime</displayName>
                        <value>2020-09-08T10:54:54.763Z</value>
                    </Data>
                    <Data>
                        <displayName>end_datetime</displayName>
                        <value>2020-09-08T10:55:02.729Z</value>
                    </Data>
                    <Data>
                        <displayName>aoi_coverage_percentage</displayName>
                        <value>87.06707478355618</value>
                    </Data>
                    <Data>
                        <displayName>mission_type</displayName>
                        <value>SAR</value>
                    </Data>
                    <Data>
                        <displayName>platform</displayName>
                        <value>CSK1</value>
                    </Data>
                    <Data>
                        <displayName>mission</displayName>
                        <value>COSMO-SkyMed (I Generation)</value>
                    </Data>
                    <Data>
                        <displayName>ownership</displayName>
                        <value>public</value>
                    </Data>
                    <Data>
                        <displayName>data_type</displayName>
                        <value>satellite-imagery</value>
                    </Data>
                    <Data>
                        <displayName>acquisition_status</displayName>
                        <value>ARCHIVED</value>
                    </Data>
                    <Data>
                        <displayName>sensor</displayName>
                        <value>SAR-X</value>
                    </Data>
                    <Data>
                        <displayName>polarization</displayName>
                        <value>HH</value>
                    </Data>
                    <Data>
                        <displayName>resolution_class</displayName>
                        <value>VHR1b</value>
                    </Data>
                    <Data>
                        <displayName>dataset</displayName>
                        <value>COSMO-SkyMed</value>
                    </Data>
                    <Data>
                        <displayName>minimum_incidence_angle</displayName>
                        <value>50.332</value>
                    </Data>
                    <Data>
                        <displayName>maximum_incidence_angle</displayName>
                        <value>50.838</value>
                    </Data>
                </ExtendedData>
                <Polygon>
                    <outerBoundaryIs>
                        <LinearRing>
                            <coordinates>-75.684669,36.129593 -75.702713,36.223743 -75.818108,36.21085 -75.799858,36.114311 -75.684669,36.129593</coordinates>
                        </LinearRing>
                    </outerBoundaryIs>
                </Polygon>
            </Placemark>
            <Placemark>
                <name>2019-10-02T10:43:03.443Z</name>
                <styleUrl>#Default</styleUrl>
                <ExtendedData>
                    <Data>
                        <displayName>orbit_number</displayName>
                        <value>66647</value>
                    </Data>
                    <Data>
                        <displayName>lookside</displayName>
                        <value>RIGHT</value>
                    </Data>
                    <Data>
                        <displayName>acquisition_mode</displayName>
                        <value>Spotlight-2</value>
                    </Data>
                    <Data>
                        <displayName>off_nadir_angle</displayName>
                        <value>30.85</value>
                    </Data>
                    <Data>
                        <displayName>beam</displayName>
                        <value>ES-08</value>
                    </Data>
                    <Data>
                        <displayName>product_identifier</displayName>
                        <value>1157279</value>
                    </Data>
                    <Data>
                        <displayName>orbit_direction</displayName>
                        <value>ASCENDING</value>
                    </Data>
                    <Data>
                        <displayName>start_datetime</displayName>
                        <value>2019-10-02T10:43:03.443Z</value>
                    </Data>
                    <Data>
                        <displayName>end_datetime</displayName>
                        <value>2019-10-02T10:43:11.006Z</value>
                    </Data>
                    <Data>
                        <displayName>aoi_coverage_percentage</displayName>
                        <value>94.16527253776617</value>
                    </Data>
                    <Data>
                        <displayName>mission_type</displayName>
                        <value>SAR</value>
                    </Data>
                    <Data>
                        <displayName>platform</displayName>
                        <value>CSK1</value>
                    </Data>
                    <Data>
                        <displayName>mission</displayName>
                        <value>COSMO-SkyMed (I Generation)</value>
                    </Data>
                    <Data>
                        <displayName>ownership</displayName>
                        <value>public</value>
                    </Data>
                    <Data>
                        <displayName>data_type</displayName>
                        <value>satellite-imagery</value>
                    </Data>
                    <Data>
                        <displayName>acquisition_status</displayName>
                        <value>ARCHIVED</value>
                    </Data>
                    <Data>
                        <displayName>sensor</displayName>
                        <value>SAR-X</value>
                    </Data>
                    <Data>
                        <displayName>polarization</displayName>
                        <value>HH</value>
                    </Data>
                    <Data>
                        <displayName>resolution_class</displayName>
                        <value>VHR1b</value>
                    </Data>
                    <Data>
                        <displayName>dataset</displayName>
                        <value>COSMO-SkyMed</value>
                    </Data>
                    <Data>
                        <displayName>minimum_incidence_angle</displayName>
                        <value>34.322</value>
                    </Data>
                    <Data>
                        <displayName>maximum_incidence_angle</displayName>
                        <value>35.08</value>
                    </Data>
                </ExtendedData>
                <Polygon>
                    <outerBoundaryIs>
                        <LinearRing>
                            <coordinates>-75.67849,36.139244 -75.699722,36.231808 -75.81459,36.216045 -75.792747,36.121326 -75.67849,36.139244</coordinates>
                        </LinearRing>
                    </outerBoundaryIs>
                </Polygon>
            </Placemark>
            <Placemark>
                <name>2018-03-13T22:56:23.329Z</name>
                <styleUrl>#Default</styleUrl>
                <ExtendedData>
                    <Data>
                        <displayName>orbit_number</displayName>
                        <value>39770</value>
                    </Data>
                    <Data>
                        <displayName>lookside</displayName>
                        <value>RIGHT</value>
                    </Data>
                    <Data>
                        <displayName>acquisition_mode</displayName>
                        <value>Spotlight-2</value>
                    </Data>
                    <Data>
                        <displayName>off_nadir_angle</displayName>
                        <value>27.32</value>
                    </Data>
                    <Data>
                        <displayName>beam</displayName>
                        <value>ES-05</value>
                    </Data>
                    <Data>
                        <displayName>product_identifier</displayName>
                        <value>839093</value>
                    </Data>
                    <Data>
                        <displayName>orbit_direction</displayName>
                        <value>DESCENDING</value>
                    </Data>
                    <Data>
                        <displayName>start_datetime</displayName>
                        <value>2018-03-13T22:56:23.329Z</value>
                    </Data>
                    <Data>
                        <displayName>end_datetime</displayName>
                        <value>2018-03-13T22:56:30.830Z</value>
                    </Data>
                    <Data>
                        <displayName>aoi_coverage_percentage</displayName>
                        <value>88.95512018377896</value>
                    </Data>
                    <Data>
                        <displayName>mission_type</displayName>
                        <value>SAR</value>
                    </Data>
                    <Data>
                        <displayName>platform</displayName>
                        <value>CSK4</value>
                    </Data>
                    <Data>
                        <displayName>mission</displayName>
                        <value>COSMO-SkyMed (I Generation)</value>
                    </Data>
                    <Data>
                        <displayName>ownership</displayName>
                        <value>public</value>
                    </Data>
                    <Data>
                        <displayName>data_type</displayName>
                        <value>satellite-imagery</value>
                    </Data>
                    <Data>
                        <displayName>acquisition_status</displayName>
                        <value>ARCHIVED</value>
                    </Data>
                    <Data>
                        <displayName>sensor</displayName>
                        <value>SAR-X</value>
                    </Data>
                    <Data>
                        <displayName>polarization</displayName>
                        <value>HH</value>
                    </Data>
                    <Data>
                        <displayName>resolution_class</displayName>
                        <value>VHR1b</value>
                    </Data>
                    <Data>
                        <displayName>dataset</displayName>
                        <value>COSMO-SkyMed</value>
                    </Data>
                    <Data>
                        <displayName>minimum_incidence_angle</displayName>
                        <value>30.132</value>
                    </Data>
                    <Data>
                        <displayName>maximum_incidence_angle</displayName>
                        <value>30.944</value>
                    </Data>
                </ExtendedData>
                <Polygon>
                    <outerBoundaryIs>
                        <LinearRing>
                            <coordinates>-75.700279,36.128822 -75.676407,36.227242 -75.790474,36.243462 -75.8144,36.147339 -75.700279,36.128822</coordinates>
                        </LinearRing>
                    </outerBoundaryIs>
                </Polygon>
            </Placemark>
            <Placemark>
                <name>2018-03-12T22:38:18.628Z</name>
                <styleUrl>#Default</styleUrl>
                <ExtendedData>
                    <Data>
                        <displayName>orbit_number</displayName>
                        <value>39755</value>
                    </Data>
                    <Data>
                        <displayName>lookside</displayName>
                        <value>RIGHT</value>
                    </Data>
                    <Data>
                        <displayName>acquisition_mode</displayName>
                        <value>Spotlight-2</value>
                    </Data>
                    <Data>
                        <displayName>off_nadir_angle</displayName>
                        <value>47.4</value>
                    </Data>
                    <Data>
                        <displayName>beam</displayName>
                        <value>ES-27</value>
                    </Data>
                    <Data>
                        <displayName>product_identifier</displayName>
                        <value>838415</value>
                    </Data>
                    <Data>
                        <displayName>orbit_direction</displayName>
                        <value>DESCENDING</value>
                    </Data>
                    <Data>
                        <displayName>start_datetime</displayName>
                        <value>2018-03-12T22:38:18.628Z</value>
                    </Data>
                    <Data>
                        <displayName>end_datetime</displayName>
                        <value>2018-03-12T22:38:26.756Z</value>
                    </Data>
                    <Data>
                        <displayName>aoi_coverage_percentage</displayName>
                        <value>100.0</value>
                    </Data>
                    <Data>
                        <displayName>mission_type</displayName>
                        <value>SAR</value>
                    </Data>
                    <Data>
                        <displayName>platform</displayName>
                        <value>CSK4</value>
                    </Data>
                    <Data>
                        <displayName>mission</displayName>
                        <value>COSMO-SkyMed (I Generation)</value>
                    </Data>
                    <Data>
                        <displayName>ownership</displayName>
                        <value>public</value>
                    </Data>
                    <Data>
                        <displayName>data_type</displayName>
                        <value>satellite-imagery</value>
                    </Data>
                    <Data>
                        <displayName>acquisition_status</displayName>
                        <value>ARCHIVED</value>
                    </Data>
                    <Data>
                        <displayName>sensor</displayName>
                        <value>SAR-X</value>
                    </Data>
                    <Data>
                        <displayName>polarization</displayName>
                        <value>HH</value>
                    </Data>
                    <Data>
                        <displayName>resolution_class</displayName>
                        <value>VHR1b</value>
                    </Data>
                    <Data>
                        <displayName>dataset</displayName>
                        <value>COSMO-SkyMed</value>
                    </Data>
                    <Data>
                        <displayName>minimum_incidence_angle</displayName>
                        <value>53.995</value>
                    </Data>
                    <Data>
                        <displayName>maximum_incidence_angle</displayName>
                        <value>54.44</value>
                    </Data>
                </ExtendedData>
                <Polygon>
                    <outerBoundaryIs>
                        <LinearRing>
                            <coordinates>-75.679611,36.128948 -75.661469,36.228554 -75.776726,36.240585 -75.794617,36.143356 -75.679611,36.128948</coordinates>
                        </LinearRing>
                    </outerBoundaryIs>
                </Polygon>
            </Placemark>
            <Placemark>
                <name>2016-09-23T22:33:23.362Z</name>
                <styleUrl>#Default</styleUrl>
                <ExtendedData>
                    <Data>
                        <displayName>orbit_number</displayName>
                        <value>50301</value>
                    </Data>
                    <Data>
                        <displayName>lookside</displayName>
                        <value>RIGHT</value>
                    </Data>
                    <Data>
                        <displayName>acquisition_mode</displayName>
                        <value>Spotlight-2</value>
                    </Data>
                    <Data>
                        <displayName>off_nadir_angle</displayName>
                        <value>51.49</value>
                    </Data>
                    <Data>
                        <displayName>beam</displayName>
                        <value>ES-35</value>
                    </Data>
                    <Data>
                        <displayName>product_identifier</displayName>
                        <value>603543</value>
                    </Data>
                    <Data>
                        <displayName>orbit_direction</displayName>
                        <value>DESCENDING</value>
                    </Data>
                    <Data>
                        <displayName>start_datetime</displayName>
                        <value>2016-09-23T22:33:23.362Z</value>
                    </Data>
                    <Data>
                        <displayName>end_datetime</displayName>
                        <value>2016-09-23T22:33:31.753Z</value>
                    </Data>
                    <Data>
                        <displayName>aoi_coverage_percentage</displayName>
                        <value>97.76108563042372</value>
                    </Data>
                    <Data>
                        <displayName>mission_type</displayName>
                        <value>SAR</value>
                    </Data>
                    <Data>
                        <displayName>platform</displayName>
                        <value>CSK1</value>
                    </Data>
                    <Data>
                        <displayName>mission</displayName>
                        <value>COSMO-SkyMed (I Generation)</value>
                    </Data>
                    <Data>
                        <displayName>ownership</displayName>
                        <value>public</value>
                    </Data>
                    <Data>
                        <displayName>data_type</displayName>
                        <value>satellite-imagery</value>
                    </Data>
                    <Data>
                        <displayName>acquisition_status</displayName>
                        <value>ARCHIVED</value>
                    </Data>
                    <Data>
                        <displayName>sensor</displayName>
                        <value>SAR-X</value>
                    </Data>
                    <Data>
                        <displayName>polarization</displayName>
                        <value>HH</value>
                    </Data>
                    <Data>
                        <displayName>resolution_class</displayName>
                        <value>VHR1b</value>
                    </Data>
                    <Data>
                        <displayName>dataset</displayName>
                        <value>COSMO-SkyMed</value>
                    </Data>
                    <Data>
                        <displayName>minimum_incidence_angle</displayName>
                        <value>59.175</value>
                    </Data>
                    <Data>
                        <displayName>maximum_incidence_angle</displayName>
                        <value>59.545</value>
                    </Data>
                </ExtendedData>
                <Polygon>
                    <outerBoundaryIs>
                        <LinearRing>
                            <coordinates>-75.664528,36.125484 -75.648628,36.22205 -75.764389,36.23275 -75.779823,36.138348 -75.664528,36.125484</coordinates>
                        </LinearRing>
                    </outerBoundaryIs>
                </Polygon>
            </Placemark>
            <Placemark>
                <name>2016-09-22T10:55:27.337Z</name>
                <styleUrl>#Default</styleUrl>
                <ExtendedData>
                    <Data>
                        <displayName>orbit_number</displayName>
                        <value>42799</value>
                    </Data>
                    <Data>
                        <displayName>lookside</displayName>
                        <value>RIGHT</value>
                    </Data>
                    <Data>
                        <displayName>acquisition_mode</displayName>
                        <value>Spotlight-2</value>
                    </Data>
                    <Data>
                        <displayName>off_nadir_angle</displayName>
                        <value>44.75</value>
                    </Data>
                    <Data>
                        <displayName>beam</displayName>
                        <value>ES-23</value>
                    </Data>
                    <Data>
                        <displayName>product_identifier</displayName>
                        <value>602740</value>
                    </Data>
                    <Data>
                        <displayName>orbit_direction</displayName>
                        <value>ASCENDING</value>
                    </Data>
                    <Data>
                        <displayName>start_datetime</displayName>
                        <value>2016-09-22T10:55:27.337Z</value>
                    </Data>
                    <Data>
                        <displayName>end_datetime</displayName>
                        <value>2016-09-22T10:55:35.303Z</value>
                    </Data>
                    <Data>
                        <displayName>aoi_coverage_percentage</displayName>
                        <value>86.28942719483548</value>
                    </Data>
                    <Data>
                        <displayName>mission_type</displayName>
                        <value>SAR</value>
                    </Data>
                    <Data>
                        <displayName>platform</displayName>
                        <value>CSK3</value>
                    </Data>
                    <Data>
                        <displayName>mission</displayName>
                        <value>COSMO-SkyMed (I Generation)</value>
                    </Data>
                    <Data>
                        <displayName>ownership</displayName>
                        <value>public</value>
                    </Data>
                    <Data>
                        <displayName>data_type</displayName>
                        <value>satellite-imagery</value>
                    </Data>
                    <Data>
                        <displayName>acquisition_status</displayName>
                        <value>ARCHIVED</value>
                    </Data>
                    <Data>
                        <displayName>sensor</displayName>
                        <value>SAR-X</value>
                    </Data>
                    <Data>
                        <displayName>polarization</displayName>
                        <value>HH</value>
                    </Data>
                    <Data>
                        <displayName>resolution_class</displayName>
                        <value>VHR1b</value>
                    </Data>
                    <Data>
                        <displayName>dataset</displayName>
                        <value>COSMO-SkyMed</value>
                    </Data>
                    <Data>
                        <displayName>minimum_incidence_angle</displayName>
                        <value>50.307</value>
                    </Data>
                    <Data>
                        <displayName>maximum_incidence_angle</displayName>
                        <value>50.814</value>
                    </Data>
                </ExtendedData>
                <Polygon>
                    <outerBoundaryIs>
                        <LinearRing>
                            <coordinates>-75.687347,36.139305 -75.704102,36.227673 -75.819489,36.214653 -75.802574,36.124092 -75.687347,36.139305</coordinates>
                        </LinearRing>
                    </outerBoundaryIs>
                </Polygon>
            </Placemark>
            <Placemark>
                <name>2016-09-21T10:55:28.770Z</name>
                <styleUrl>#Default</styleUrl>
                <ExtendedData>
                    <Data>
                        <displayName>orbit_number</displayName>
                        <value>47539</value>
                    </Data>
                    <Data>
                        <displayName>lookside</displayName>
                        <value>RIGHT</value>
                    </Data>
                    <Data>
                        <displayName>acquisition_mode</displayName>
                        <value>Spotlight-2</value>
                    </Data>
                    <Data>
                        <displayName>off_nadir_angle</displayName>
                        <value>44.75</value>
                    </Data>
                    <Data>
                        <displayName>beam</displayName>
                        <value>ES-23</value>
                    </Data>
                    <Data>
                        <displayName>product_identifier</displayName>
                        <value>602262</value>
                    </Data>
                    <Data>
                        <displayName>orbit_direction</displayName>
                        <value>ASCENDING</value>
                    </Data>
                    <Data>
                        <displayName>start_datetime</displayName>
                        <value>2016-09-21T10:55:28.770Z</value>
                    </Data>
                    <Data>
                        <displayName>end_datetime</displayName>
                        <value>2016-09-21T10:55:36.736Z</value>
                    </Data>
                    <Data>
                        <displayName>aoi_coverage_percentage</displayName>
                        <value>86.83484975955096</value>
                    </Data>
                    <Data>
                        <displayName>mission_type</displayName>
                        <value>SAR</value>
                    </Data>
                    <Data>
                        <displayName>platform</displayName>
                        <value>CSK2</value>
                    </Data>
                    <Data>
                        <displayName>mission</displayName>
                        <value>COSMO-SkyMed (I Generation)</value>
                    </Data>
                    <Data>
                        <displayName>ownership</displayName>
                        <value>public</value>
                    </Data>
                    <Data>
                        <displayName>data_type</displayName>
                        <value>satellite-imagery</value>
                    </Data>
                    <Data>
                        <displayName>acquisition_status</displayName>
                        <value>ARCHIVED</value>
                    </Data>
                    <Data>
                        <displayName>sensor</displayName>
                        <value>SAR-X</value>
                    </Data>
                    <Data>
                        <displayName>polarization</displayName>
                        <value>HH</value>
                    </Data>
                    <Data>
                        <displayName>resolution_class</displayName>
                        <value>VHR1b</value>
                    </Data>
                    <Data>
                        <displayName>dataset</displayName>
                        <value>COSMO-SkyMed</value>
                    </Data>
                    <Data>
                        <displayName>minimum_incidence_angle</displayName>
                        <value>50.338</value>
                    </Data>
                    <Data>
                        <displayName>maximum_incidence_angle</displayName>
                        <value>50.844</value>
                    </Data>
                </ExtendedData>
                <Polygon>
                    <outerBoundaryIs>
                        <LinearRing>
                            <coordinates>-75.686447,36.137505 -75.703262,36.225765 -75.818649,36.212776 -75.801682,36.122311 -75.686447,36.137505</coordinates>
                        </LinearRing>
                    </outerBoundaryIs>
                </Polygon>
            </Placemark>
            <Placemark>
                <name>2016-09-20T11:01:30.674Z</name>
                <styleUrl>#Default</styleUrl>
                <ExtendedData>
                    <Data>
                        <displayName>orbit_number</displayName>
                        <value>31779</value>
                    </Data>
                    <Data>
                        <displayName>lookside</displayName>
                        <value>RIGHT</value>
                    </Data>
                    <Data>
                        <displayName>acquisition_mode</displayName>
                        <value>Spotlight-2</value>
                    </Data>
                    <Data>
                        <displayName>off_nadir_angle</displayName>
                        <value>49.64</value>
                    </Data>
                    <Data>
                        <displayName>beam</displayName>
                        <value>ES-31</value>
                    </Data>
                    <Data>
                        <displayName>product_identifier</displayName>
                        <value>601955</value>
                    </Data>
                    <Data>
                        <displayName>orbit_direction</displayName>
                        <value>ASCENDING</value>
                    </Data>
                    <Data>
                        <displayName>start_datetime</displayName>
                        <value>2016-09-20T11:01:30.674Z</value>
                    </Data>
                    <Data>
                        <displayName>end_datetime</displayName>
                        <value>2016-09-20T11:01:38.911Z</value>
                    </Data>
                    <Data>
                        <displayName>aoi_coverage_percentage</displayName>
                        <value>100.0</value>
                    </Data>
                    <Data>
                        <displayName>mission_type</displayName>
                        <value>SAR</value>
                    </Data>
                    <Data>
                        <displayName>platform</displayName>
                        <value>CSK4</value>
                    </Data>
                    <Data>
                        <displayName>mission</displayName>
                        <value>COSMO-SkyMed (I Generation)</value>
                    </Data>
                    <Data>
                        <displayName>ownership</displayName>
                        <value>public</value>
                    </Data>
                    <Data>
                        <displayName>data_type</displayName>
                        <value>satellite-imagery</value>
                    </Data>
                    <Data>
                        <displayName>acquisition_status</displayName>
                        <value>ARCHIVED</value>
                    </Data>
                    <Data>
                        <displayName>sensor</displayName>
                        <value>SAR-X</value>
                    </Data>
                    <Data>
                        <displayName>polarization</displayName>
                        <value>HH</value>
                    </Data>
                    <Data>
                        <displayName>resolution_class</displayName>
                        <value>VHR1b</value>
                    </Data>
                    <Data>
                        <displayName>dataset</displayName>
                        <value>COSMO-SkyMed</value>
                    </Data>
                    <Data>
                        <displayName>minimum_incidence_angle</displayName>
                        <value>56.389</value>
                    </Data>
                    <Data>
                        <displayName>maximum_incidence_angle</displayName>
                        <value>56.803</value>
                    </Data>
                </ExtendedData>
                <Polygon>
                    <outerBoundaryIs>
                        <LinearRing>
                            <coordinates>-75.656342,36.132198 -75.671547,36.219933 -75.787178,36.20842 -75.771477,36.118595 -75.656342,36.132198</coordinates>
                        </LinearRing>
                    </outerBoundaryIs>
                </Polygon>
            </Placemark>
            <Placemark>
                <name>2016-09-19T22:33:23.405Z</name>
                <styleUrl>#Default</styleUrl>
                <ExtendedData>
                    <Data>
                        <displayName>orbit_number</displayName>
                        <value>31771</value>
                    </Data>
                    <Data>
                        <displayName>lookside</displayName>
                        <value>RIGHT</value>
                    </Data>
                    <Data>
                        <displayName>acquisition_mode</displayName>
                        <value>Spotlight-2</value>
                    </Data>
                    <Data>
                        <displayName>off_nadir_angle</displayName>
                        <value>51.49</value>
                    </Data>
                    <Data>
                        <displayName>beam</displayName>
                        <value>ES-35</value>
                    </Data>
                    <Data>
                        <displayName>product_identifier</displayName>
                        <value>601846</value>
                    </Data>
                    <Data>
                        <displayName>orbit_direction</displayName>
                        <value>DESCENDING</value>
                    </Data>
                    <Data>
                        <displayName>start_datetime</displayName>
                        <value>2016-09-19T22:33:23.405Z</value>
                    </Data>
                    <Data>
                        <displayName>end_datetime</displayName>
                        <value>2016-09-19T22:33:31.796Z</value>
                    </Data>
                    <Data>
                        <displayName>aoi_coverage_percentage</displayName>
                        <value>95.82347349418197</value>
                    </Data>
                    <Data>
                        <displayName>mission_type</displayName>
                        <value>SAR</value>
                    </Data>
                    <Data>
                        <displayName>platform</displayName>
                        <value>CSK4</value>
                    </Data>
                    <Data>
                        <displayName>mission</displayName>
                        <value>COSMO-SkyMed (I Generation)</value>
                    </Data>
                    <Data>
                        <displayName>ownership</displayName>
                        <value>public</value>
                    </Data>
                    <Data>
                        <displayName>data_type</displayName>
                        <value>satellite-imagery</value>
                    </Data>
                    <Data>
                        <displayName>acquisition_status</displayName>
                        <value>ARCHIVED</value>
                    </Data>
                    <Data>
                        <displayName>sensor</displayName>
                        <value>SAR-X</value>
                    </Data>
                    <Data>
                        <displayName>polarization</displayName>
                        <value>HH</value>
                    </Data>
                    <Data>
                        <displayName>resolution_class</displayName>
                        <value>VHR1b</value>
                    </Data>
                    <Data>
                        <displayName>dataset</displayName>
                        <value>COSMO-SkyMed</value>
                    </Data>
                    <Data>
                        <displayName>minimum_incidence_angle</displayName>
                        <value>59.178</value>
                    </Data>
                    <Data>
                        <displayName>maximum_incidence_angle</displayName>
                        <value>59.547</value>
                    </Data>
                </ExtendedData>
                <Polygon>
                    <outerBoundaryIs>
                        <LinearRing>
                            <coordinates>-75.66124,36.133137 -75.645882,36.227879 -75.761642,36.238632 -75.776527,36.146065 -75.66124,36.133137</coordinates>
                        </LinearRing>
                    </outerBoundaryIs>
                </Polygon>
            </Placemark>
        </Folder>
    </Document>
</kml>
