{
  "type": "FeatureCollection",
  "features": [
    {
      "type": "Feature",
      "geometry": {
        "type": "Polygon",
        "coordinates": [
          [
            [
              -76.24045022972396,
              36.014139330399786
            ],
            [
              -76.24047374350246,
              36.01424926822264
            ],
            [
              -76.24049725728095,
              36.014359206045484
            ],
            [
              -76.24052077105944,
              36.014469143868325
            ],
            [
              -76.24054428483794,
              36.01457908169118
            ],
            [
              -76.24056779861644,
              36.01468901951402
            ],
            [
              -76.24059131239494,
              36.014798957336865
            ],
            [
              -76.24061482617344,
              36.014908895159714
            ],
            [
              -76.24063833995194,
              36.01501883298256
            ],
            [
              -76.24066185373043,
              36.015128770805404
            ],
            [
              -76.24068536750892,
              36.015238708628246
            ],
            [
              -76.24070888128742,
              36.0153486464511
            ],
            [
              -76.24073239506592,
              36.015458584273944
            ],
            [
              -76.24075590884442,
              36.015568522096785
            ],
            [
              -76.24077942262291,
              36.01567845991964
            ],
            [
              -76.24080293640141,
              36.01578839774248
            ],
            [
              -76.2408264501799,
              36.01589833556533
            ],
            [
              -76.2408499639584,
              36.016008273388174
            ],
            [
              -76.2408734777369,
              36.01611821121102
            ],
            [
              -76.2408969915154,
              36.01622814903387
            ],
            [
              -76.2409205052939,
              36.01633808685672
            ],
            [
              -76.24094401907239,
              36.01644802467956
            ],
            [
              -76.24096753285087,
              36.01655796250241
            ],
            [
              -76.24099104662938,
              36.01666790032526
            ],
            [
              -76.24101456040788,
              36.0167778381481
            ],
            [
              -76.24103807418638,
              36.01688777597094
            ],
            [
              -76.24106158796486,
              36.0169977137938
            ],
            [
              -76.24108510174335,
              36.01710765161664
            ],
            [
              -76.24110861552185,
              36.01721758943948
            ],
            [
              -76.24113212930035,
              36.01732752726234
            ],
            [
              -76.24115564307886,
              36.01743746508518
            ],
            [
              -76.24117915685734,
              36.01754740290802
            ],
            [
              -76.24120267063584,
              36.01765734073087
            ],
            [
              -76.24122618441433,
              36.01776727855372
            ],
            [
              -76.24124969819283,
              36.01787721637656
            ],
            [
              -76.24127321197133,
              36.01798715419941
            ],
            [
              -76.24129672574983,
              36.01809709202226
            ],
            [
              -76.24132023952832,
              36.0182070298451
            ],
            [
              -76.24134375330681,
              36.01831696766795
            ],
            [
              -76.24136726708531,
              36.0184269054908
            ],
            [
              -76.24139078086381,
              36.01853684331364
            ],
            [
              -76.24141429464231,
              36.01864678113648
            ],
            [
              -76.24143780842081,
              36.01875671895934
            ],
            [
              -76.2414613221993,
              36.01886665678218
            ],
            [
              -76.2414848359778,
              36.01897659460503
            ],
            [
              -76.24150834975629,
              36.01908653242788
            ],
            [
              -76.24153186353479,
              36.01919647025072
            ],
            [
              -76.24155537731329,
              36.01930640807356
            ],
            [
              -76.24157889109179,
              36.01941634589642
            ],
            [
              -76.24160240487028,
              36.01952628371926
            ],
            [
              -76.24162591864877,
              36.0196362215421
            ],
            [
              -76.24164943242727,
              36.019746159364956
            ],
            [
              -76.24167294620577,
              36.0198560971878
            ],
            [
              -76.24169645998427,
              36.01996603501064
            ],
            [
              -76.24171997376277,
              36.02007597283349
            ],
            [
              -76.24174348754127,
              36.02018591065634
            ],
            [
              -76.24176700131976,
              36.02029584847918
            ],
            [
              -76.24179051509824,
              36.02040578630203
            ],
            [
              -76.24181402887675,
              36.02051572412488
            ],
            [
              -76.24183754265525,
              36.02062566194772
            ],
            [
              -76.24186105643375,
              36.02073559977057
            ],
            [
              -76.24188457021224,
              36.02084553759342
            ],
            [
              -76.24190808399074,
              36.02095547541626
            ],
            [
              -76.24193159776922,
              36.02106541323911
            ],
            [
              -76.24195511154772,
              36.021175351061956
            ],
            [
              -76.24197862532623,
              36.0212852888848
            ],
            [
              -76.24200213910471,
              36.02139522670765
            ],
            [
              -76.24202565288321,
              36.021505164530495
            ],
            [
              -76.2420491666617,
              36.02161510235334
            ],
            [
              -76.2420726804402,
              36.02172504017618
            ],
            [
              -76.2420961942187,
              36.021834977999035
            ],
            [
              -76.2421197079972,
              36.02194491582188
            ],
            [
              -76.24214322177569,
              36.02205485364472
            ],
            [
              -76.24216673555419,
              36.02216479146757
            ],
            [
              -76.24219024933268,
              36.022274729290416
            ],
            [
              -76.24221376311118,
              36.02238466711326
            ],
            [
              -76.24223727688968,
              36.02249460493611
            ],
            [
              -76.24226079066818,
              36.022604542758955
            ],
            [
              -76.24228430444667,
              36.0227144805818
            ],
            [
              -76.24230781822517,
              36.022824418404646
            ],
            [
              -76.24233133200366,
              36.022934356227495
            ],
            [
              -76.24235484578216,
              36.02304429405034
            ],
            [
              -76.24237835956066,
              36.023154231873185
            ],
            [
              -76.24240187333915,
              36.023264169696034
            ],
            [
              -76.24242538711765,
              36.023374107518876
            ],
            [
              -76.24244890089614,
              36.023484045341725
            ],
            [
              -76.24247241467464,
              36.023593983164574
            ],
            [
              -76.24249592845314,
              36.023703920987415
            ],
            [
              -76.24251944223164,
              36.023813858810264
            ],
            [
              -76.24254295601014,
              36.02392379663311
            ],
            [
              -76.24256646978863,
              36.024033734455955
            ],
            [
              -76.24258998356711,
              36.0241436722788
            ],
            [
              -76.24261349734562,
              36.02425361010165
            ],
            [
              -76.24263701112412,
              36.024363547924494
            ],
            [
              -76.24266052490262,
              36.024473485747336
            ],
            [
              -76.24268403868112,
              36.024583423570185
            ],
            [
              -76.2427075524596,
              36.024693361393034
            ],
            [
              -76.2427310662381,
              36.02480329921588
            ],
            [
              -76.2427545800166,
              36.024913237038724
            ],
            [
              -76.2427780937951,
              36.02502317486157
            ],
            [
              -76.2428016075736,
              36.02513311268442
            ],
            [
              -76.2428251213521,
              36.025243050507264
            ],
            [
              -76.24284863513058,
              36.02535298833011
            ],
            [
              -76.24287214890907,
              36.025462926152954
            ],
            [
              -76.24289566268757,
              36.0255728639758
            ],
            [
              -76.24291917646607,
              36.02568280179865
            ],
            [
              -76.24294269024458,
              36.025792739621494
            ],
            [
              -76.24296620402306,
              36.02590267744434
            ],
            [
              -76.24298971780155,
              36.02601261526719
            ],
            [
              -76.24301323158005,
              36.02612255309003
            ],
            [
              -76.24303674535855,
              36.02623249091288
            ],
            [
              -76.24306025913705,
              36.02634242873573
            ],
            [
              -76.24308377291555,
              36.02645236655857
            ],
            [
              -76.24310728669404,
              36.026562304381414
            ],
            [
              -76.24313080047254,
              36.02667224220426
            ],
            [
              -76.24315431425103,
              36.02678218002711
            ],
            [
              -76.24317782802953,
              36.026892117849954
            ],
            [
              -76.24320134180803,
              36.0270020556728
            ],
            [
              -76.24322485558652,
              36.02711199349565
            ],
            [
              -76.24324836936502,
              36.02722193131849
            ],
            [
              -76.2432718831435,
              36.02733186914134
            ],
            [
              -76.24329539692201,
              36.02744180696419
            ],
            [
              -76.24331891070051,
              36.02755174478703
            ],
            [
              -76.24334242447901,
              36.02766168260988
            ],
            [
              -76.2433659382575,
              36.02777162043273
            ],
            [
              -76.243389452036,
              36.02788155825557
            ],
            [
              -76.24341296581449,
              36.02799149607842
            ],
            [
              -76.24343647959299,
              36.02810143390127
            ],
            [
              -76.24345999337149,
              36.02821137172411
            ],
            [
              -76.24348350714997,
              36.02832130954696
            ],
            [
              -76.24350702092849,
              36.02843124736981
            ],
            [
              -76.24353053470698,
              36.02854118519265
            ],
            [
              -76.24355404848548,
              36.0286511230155
            ],
            [
              -76.24357756226397,
              36.02876106083835
            ],
            [
              -76.24360107604247,
              36.02887099866119
            ],
            [
              -76.24362458982097,
              36.02898093648404
            ],
            [
              -76.24364810359945,
              36.02909087430688
            ],
            [
              -76.24367161737796,
              36.02920081212973
            ],
            [
              -76.24369513115644,
              36.02931074995258
            ],
            [
              -76.24371864493494,
              36.02942068777542
            ],
            [
              -76.24374215871345,
              36.02953062559827
            ],
            [
              -76.24376567249195,
              36.02964056342112
            ],
            [
              -76.24378918627043,
              36.02975050124396
            ],
            [
              -76.24381270004893,
              36.02986043906681
            ],
            [
              -76.24383621382742,
              36.02997037688965
            ],
            [
              -76.24385972760592,
              36.0300803147125
            ],
            [
              -76.24388324138442,
              36.03019025253535
            ],
            [
              -76.24390675516291,
              36.03030019035819
            ],
            [
              -76.24393026894141,
              36.03041012818104
            ],
            [
              -76.24395378271991,
              36.03052006600389
            ],
            [
              -76.2439772964984,
              36.03063000382673
            ],
            [
              -76.2440008102769,
              36.03073994164958
            ],
            [
              -76.2440243240554,
              36.03084987947243
            ],
            [
              -76.24404783783389,
              36.03095981729527
            ],
            [
              -76.24407135161239,
              36.03106975511812
            ],
            [
              -76.24409486539088,
              36.03117969294096
            ],
            [
              -76.24411837916938,
              36.03128963076381
            ],
            [
              -76.24414189294788,
              36.03139956858666
            ],
            [
              -76.24416540672637,
              36.0315095064095
            ],
            [
              -76.24418892050487,
              36.03161944423235
            ],
            [
              -76.24421243428337,
              36.0317293820552
            ],
            [
              -76.24423594806186,
              36.03183931987804
            ],
            [
              -76.24425946184036,
              36.03194925770089
            ],
            [
              -76.24428297561886,
              36.032059195523736
            ],
            [
              -76.24430648939736,
              36.03216913334658
            ],
            [
              -76.24433000317585,
              36.03227907116943
            ],
            [
              -76.24435351695435,
              36.03238900899227
            ],
            [
              -76.24437703073284,
              36.032498946815124
            ],
            [
              -76.24440054451134,
              36.032608884637966
            ],
            [
              -76.24442405828984,
              36.03271882246081
            ],
            [
              -76.24444757206832,
              36.03282876028366
            ],
            [
              -76.24447108584683,
              36.032938698106506
            ],
            [
              -76.24449459962531,
              36.03304863592935
            ],
            [
              -76.24451811340381,
              36.033158573752196
            ],
            [
              -76.24454162718231,
              36.033268511575045
            ],
            [
              -76.24456514096082,
              36.03337844939789
            ],
            [
              -76.2445886547393,
              36.033488387220736
            ],
            [
              -76.2446121685178,
              36.033598325043585
            ],
            [
              -76.2446356822963,
              36.033708262866426
            ],
            [
              -76.24465919607479,
              36.033818200689275
            ],
            [
              -76.2446827098533,
              36.03392813851212
            ],
            [
              -76.2447062236318,
              36.034038076334966
            ],
            [
              -76.2447297374103,
              36.034148014157815
            ],
            [
              -76.24475325118877,
              36.034257951980656
            ],
            [
              -76.24477676496728,
              36.034367889803505
            ],
            [
              -76.24480027874577,
              36.034477827626354
            ],
            [
              -76.24482379252427,
              36.034587765449196
            ],
            [
              -76.24484730630277,
              36.034697703272045
            ],
            [
              -76.24487082008126,
              36.034807641094886
            ],
            [
              -76.24489433385975,
              36.034917578917735
            ],
            [
              -76.24491784763826,
              36.035027516740584
            ],
            [
              -76.24494136141675,
              36.035137454563426
            ],
            [
              -76.24496487519525,
              36.035247392386275
            ],
            [
              -76.24498838897375,
              36.03535733020912
            ],
            [
              -76.24501190275224,
              36.035467268031965
            ],
            [
              -76.24503541653074,
              36.035577205854814
            ],
            [
              -76.24505893030923,
              36.03568714367766
            ],
            [
              -76.24508244408773,
              36.035797081500505
            ],
            [
              -76.24510595786623,
              36.03590701932335
            ],
            [
              -76.24512947164472,
              36.0360169571462
            ],
            [
              -76.24515298542322,
              36.036126894969044
            ],
            [
              -76.24517649920172,
              36.03623683279189
            ],
            [
              -76.2452000129802,
              36.03634677061474
            ],
            [
              -76.2452235267587,
              36.03645670843758
            ],
            [
              -76.24524704053721,
              36.03656664626043
            ],
            [
              -76.2452705543157,
              36.03667658408328
            ],
            [
              -76.2452940680942,
              36.03678652190612
            ],
            [
              -76.24531758187268,
              36.03689645972897
            ],
            [
              -76.24534109565118,
              36.03700639755182
            ],
            [
              -76.24536460942969,
              36.03711633537466
            ],
            [
              -76.24538812320819,
              36.037226273197504
            ],
            [
              -76.24541163698667,
              36.03733621102035
            ],
            [
              -76.24543515076518,
              36.0374461488432
            ],
            [
              -76.24545866454368,
              36.037556086666044
            ],
            [
              -76.24548217832216,
              36.03766602448889
            ],
            [
              -76.24550569210066,
              36.03777596231174
            ],
            [
              -76.24552920587917,
              36.03788590013458
            ],
            [
              -76.24555271965765,
              36.03799583795743
            ],
            [
              -76.24557623343615,
              36.03810577578028
            ],
            [
              -76.24559974721465,
              36.03821571360312
            ],
            [
              -76.24562326099314,
              36.03832565142597
            ],
            [
              -76.24564677477164,
              36.03843558924882
            ],
            [
              -76.24567028855014,
              36.03854552707166
            ],
            [
              -76.24569380232863,
              36.03865546489451
            ],
            [
              -76.24571731610713,
              36.03876540271736
            ],
            [
              -76.24574082988562,
              36.0388753405402
            ],
            [
              -76.24576434366412,
              36.03898527836305
            ],
            [
              -76.24578785744262,
              36.0390952161859
            ],
            [
              -76.24581137122111,
              36.03920515400874
            ],
            [
              -76.24583488499962,
              36.03931509183159
            ],
            [
              -76.24585839877811,
              36.03942502965444
            ],
            [
              -76.2458819125566,
              36.03953496747728
            ],
            [
              -76.2459054263351,
              36.03964490530013
            ],
            [
              -76.2459289401136,
              36.03975484312297
            ],
            [
              -76.24595245389209,
              36.03986478094582
            ],
            [
              -76.24597596767059,
              36.03997471876867
            ],
            [
              -76.24599948144908,
              36.04008465659151
            ],
            [
              -76.24602299522758,
              36.04019459441436
            ],
            [
              -76.24604650900608,
              36.04030453223721
            ],
            [
              -76.24607002278458,
              36.04041447006005
            ],
            [
              -76.24609353656307,
              36.0405244078829
            ],
            [
              -76.24611705034157,
              36.04063434570574
            ],
            [
              -76.24614056412005,
              36.04074428352859
            ],
            [
              -76.24616407789856,
              36.04085422135144
            ],
            [
              -76.24618759167706,
              36.04096415917428
            ],
            [
              -76.24621110545554,
              36.04107409699713
            ],
            [
              -76.24623461923404,
              36.04118403481998
            ],
            [
              -76.24625813301255,
              36.04129397264282
            ],
            [
              -76.24628164679103,
              36.04140391046567
            ],
            [
              -76.24630516056953,
              36.04151384828852
            ],
            [
              -76.24632867434804,
              36.04162378611136
            ],
            [
              -76.24635218812654,
              36.0417337239342
            ],
            [
              -76.24637570190502,
              36.041843661757056
            ],
            [
              -76.24639921568351,
              36.0419535995799
            ],
            [
              -76.24642272946203,
              36.04206353740274
            ],
            [
              -76.24644624324051,
              36.04217347522559
            ],
            [
              -76.24646975701901,
              36.04228341304844
            ],
            [
              -76.24649327079752,
              36.042393350871286
            ],
            [
              -76.246516784576,
              36.04250328869413
            ],
            [
              -76.2465402983545,
              36.04261322651698
            ],
            [
              -76.246563812133,
              36.042723164339826
            ],
            [
              -76.24658732591149,
              36.04283310216267
            ],
            [
              -76.24661083968999,
              36.042943039985516
            ],
            [
              -76.2466343534685,
              36.043052977808365
            ],
            [
              -76.24665786724697,
              36.04316291563121
            ],
            [
              -76.24668138102548,
              36.043272853454056
            ],
            [
              -76.24670489480397,
              36.0433827912769
            ],
            [
              -76.24672840858247,
              36.043492729099746
            ],
            [
              -76.24675192236097,
              36.043602666922595
            ],
            [
              -76.24677543613946,
              36.04371260474544
            ],
            [
              -76.24679894991796,
              36.04382254256828
            ],
            [
              -76.24682246369646,
              36.043932480391135
            ],
            [
              -76.24684597747495,
              36.04404241821398
            ],
            [
              -76.24686949125345,
              36.044152356036825
            ],
            [
              -76.24689300503195,
              36.044262293859674
            ],
            [
              -76.24691651881044,
              36.044372231682516
            ],
            [
              -76.24694003258894,
              36.044482169505365
            ],
            [
              -76.24696354636743,
              36.04459210732821
            ],
            [
              -76.24698706014593,
              36.044702045151055
            ],
            [
              -76.24701057392443,
              36.044811982973904
            ],
            [
              -76.24703408770291,
              36.044921920796746
            ],
            [
              -76.24705760148142,
              36.045031858619595
            ],
            [
              -76.24708111525992,
              36.045141796442444
            ],
            [
              -76.2471046290384,
              36.045251734265285
            ],
            [
              -76.2471281428169,
              36.045361672088134
            ],
            [
              -76.2471516565954,
              36.045471609910976
            ],
            [
              -76.2471751703739,
              36.045581547733825
            ],
            [
              -76.2471986841524,
              36.045691485556674
            ],
            [
              -76.24722219793088,
              36.045801423379515
            ],
            [
              -76.24724571170938,
              36.045911361202364
            ],
            [
              -76.24726922548788,
              36.04602129902521
            ],
            [
              -76.24729273926638,
              36.046131236848055
            ],
            [
              -76.24731625304489,
              36.046241174670904
            ],
            [
              -76.24733976682337,
              36.04635111249375
            ],
            [
              -76.24736328060187,
              36.046461050316594
            ],
            [
              -76.24738679438036,
              36.046570988139436
            ],
            [
              -76.24741030815886,
              36.04668092596229
            ],
            [
              -76.24743382193736,
              36.046790863785134
            ],
            [
              -76.24745733571586,
              36.04690080160798
            ],
            [
              -76.24748084949435,
              36.04701073943083
            ],
            [
              -76.24750436327285,
              36.04712067725367
            ],
            [
              -76.24752787705134,
              36.047230615076515
            ],
            [
              -76.24755139082984,
              36.04734055289937
            ],
            [
              -76.24757490460834,
              36.04745049072221
            ],
            [
              -76.24759841838683,
              36.04756042854506
            ],
            [
              -76.24762193216533,
              36.04767036636791
            ],
            [
              -76.24764544594382,
              36.04778030419075
            ],
            [
              -76.24766895972232,
              36.047890242013594
            ],
            [
              -76.24769247350082,
              36.04800017983644
            ],
            [
              -76.2477159872793,
              36.04811011765929
            ],
            [
              -76.24773950105781,
              36.04822005548213
            ],
            [
              -76.24776301483631,
              36.04832999330498
            ],
            [
              -76.2477865286148,
              36.04843993112783
            ],
            [
              -76.2478100423933,
              36.04854986895067
            ],
            [
              -76.2478335561718,
              36.04865980677352
            ],
            [
              -76.24785706995029,
              36.04876974459636
            ],
            [
              -76.2478805837288,
              36.04887968241921
            ],
            [
              -76.24790409750727,
              36.04898962024206
            ],
            [
              -76.24792761128577,
              36.04909955806491
            ],
            [
              -76.24795112506428,
              36.04920949588775
            ],
            [
              -76.24797463884278,
              36.0493194337106
            ],
            [
              -76.24799815262128,
              36.04942937153345
            ],
            [
              -76.24802166639977,
              36.04953930935629
            ],
            [
              -76.24804518017825,
              36.04964924717914
            ],
            [
              -76.24806869395675,
              36.04975918500199
            ],
            [
              -76.24809220773525,
              36.04986912282483
            ],
            [
              -76.24811572151374,
              36.04997906064768
            ],
            [
              -76.24813923529226,
              36.05008899847053
            ],
            [
              -76.24816274907074,
              36.05019893629337
            ],
            [
              -76.24818626284925,
              36.05030887411621
            ],
            [
              -76.24820977662773,
              36.05041881193906
            ],
            [
              -76.24823329040623,
              36.05052874976191
            ],
            [
              -76.24825680418473,
              36.05063868758475
            ],
            [
              -76.24828031796322,
              36.05074862540761
            ],
            [
              -76.24830383174171,
              36.05085856323045
            ],
            [
              -76.24832734552021,
              36.0509685010533
            ],
            [
              -76.24835085929871,
              36.05107843887614
            ],
            [
              -76.24837437307721,
              36.05118837669898
            ],
            [
              -76.24839788685571,
              36.05129831452183
            ],
            [
              -76.2484214006342,
              36.05140825234468
            ],
            [
              -76.2484449144127,
              36.05151819016753
            ],
            [
              -76.2484684281912,
              36.05162812799037
            ],
            [
              -76.24849194196969,
              36.05173806581322
            ],
            [
              -76.24851545574819,
              36.05184800363607
            ],
            [
              -76.24853896952669,
              36.05195794145891
            ],
            [
              -76.24856248330518,
              36.05206787928176
            ],
            [
              -76.24858599708368,
              36.05217781710461
            ],
            [
              -76.24860951086217,
              36.05228775492745
            ],
            [
              -76.24863302464067,
              36.05239769275029
            ],
            [
              -76.24865653841917,
              36.052507630573146
            ],
            [
              -76.24868005219766,
              36.05261756839599
            ],
            [
              -76.24870356597616,
              36.05272750621883
            ],
            [
              -76.24872707975464,
              36.05283744404168
            ],
            [
              -76.24875059353315,
              36.05294738186453
            ],
            [
              -76.24877410731165,
              36.05305731968737
            ],
            [
              -76.24879762109015,
              36.05316725751022
            ],
            [
              -76.24882113486863,
              36.05327719533307
            ],
            [
              -76.24884464864714,
              36.05338713315591
            ],
            [
              -76.24886816242562,
              36.05349707097876
            ],
            [
              -76.24889167620412,
              36.0536070088016
            ],
            [
              -76.24891518998263,
              36.05371694662445
            ],
            [
              -76.24893870376111,
              36.0538268844473
            ],
            [
              -76.24896221753961,
              36.053936822270146
            ],
            [
              -76.24898573131811,
              36.05404676009299
            ],
            [
              -76.2490092450966,
              36.054156697915836
            ],
            [
              -76.2490327588751,
              36.054266635738685
            ],
            [
              -76.2490562726536,
              36.05437657356153
            ],
            [
              -76.2490797864321,
              36.05448651138437
            ],
            [
              -76.24910330021059,
              36.05459644920722
            ],
            [
              -76.2491268139891,
              36.054706387030066
            ],
            [
              -76.2491503277676,
              36.054816324852915
            ],
            [
              -76.24917384154608,
              36.054926262675764
            ],
            [
              -76.24919735532458,
              36.055036200498606
            ],
            [
              -76.24922086910307,
              36.055146138321454
            ],
            [
              -76.24924438288157,
              36.055256076144296
            ],
            [
              -76.24926789666007,
              36.055366013967145
            ],
            [
              -76.24929141043856,
              36.05547595178999
            ],
            [
              -76.24931492421706,
              36.05558588961284
            ],
            [
              -76.24933843799556,
              36.055695827435684
            ],
            [
              -76.24936195177406,
              36.05580576525853
            ],
            [
              -76.24938546555255,
              36.055915703081375
            ],
            [
              -76.24940897933105,
              36.056025640904224
            ],
            [
              -76.24943249310954,
              36.056135578727066
            ],
            [
              -76.24945600688804,
              36.056245516549914
            ],
            [
              -76.24947952066654,
              36.05635545437276
            ],
            [
              -76.24950303444503,
              36.056465392195605
            ],
            [
              -76.24952654822353,
              36.056575330018454
            ],
            [
              -76.24955006200203,
              36.0566852678413
            ],
            [
              -76.24957357578052,
              36.056795205664145
            ],
            [
              -76.24959708955902,
              36.056905143486986
            ],
            [
              -76.24962060333752,
              36.057015081309835
            ],
            [
              -76.249644117116,
              36.057125019132684
            ],
            [
              -76.2496676308945,
              36.05723495695553
            ],
            [
              -76.249691144673,
              36.05734489477838
            ],
            [
              -76.2497146584515,
              36.05745483260122
            ],
            [
              -76.24973817223,
              36.057564770424065
            ],
            [
              -76.24976168600848,
              36.057674708246914
            ],
            [
              -76.24978519978698,
              36.05778464606976
            ],
            [
              -76.24980871356549,
              36.057894583892605
            ],
            [
              -76.24983222734397,
              36.05800452171545
            ],
            [
              -76.24985574112247,
              36.0581144595383
            ],
            [
              -76.24987925490097,
              36.05822439736115
            ],
            [
              -76.24990276867946,
              36.05833433518399
            ],
            [
              -76.24992628245796,
              36.05844427300684
            ],
            [
              -76.24994979623645,
              36.05855421082968
            ],
            [
              -76.24997331001497,
              36.05866414865253
            ],
            [
              -76.24999682379345,
              36.05877408647538
            ],
            [
              -76.25002033757194,
              36.05888402429822
            ],
            [
              -76.25004385135044,
              36.05899396212107
            ],
            [
              -76.25006736512894,
              36.05910389994392
            ],
            [
              -76.25009087890744,
              36.05921383776676
            ],
            [
              -76.25011439268593,
              36.05932377558961
            ],
            [
              -76.25013790646443,
              36.05943371341246
            ],
            [
              -76.25016142024293,
              36.0595436512353
            ],
            [
              -76.25018493402142,
              36.05965358905815
            ],
            [
              -76.25020844779992,
              36.05976352688099
            ],
            [
              -76.25023196157842,
              36.05987346470384
            ],
            [
              -76.25025547535691,
              36.05998340252669
            ],
            [
              -76.25027898913541,
              36.06009334034953
            ],
            [
              -76.25030250291391,
              36.06020327817238
            ],
            [
              -76.2503260166924,
              36.06031321599523
            ],
            [
              -76.2503495304709,
              36.06042315381807
            ],
            [
              -76.2503730442494,
              36.06053309164092
            ],
            [
              -76.25039655802789,
              36.06064302946377
            ],
            [
              -76.25042007180639,
              36.06075296728661
            ],
            [
              -76.25044358558489,
              36.06086290510946
            ],
            [
              -76.25046709936338,
              36.0609728429323
            ],
            [
              -76.25049061314188,
              36.06108278075515
            ],
            [
              -76.25051412692036,
              36.061192718578
            ],
            [
              -76.25053764069887,
              36.06130265640084
            ],
            [
              -76.25056115447737,
              36.06141259422369
            ],
            [
              -76.25058466825585,
              36.06152253204654
            ],
            [
              -76.25060818203436,
              36.06163246986938
            ],
            [
              -76.25063169581286,
              36.06174240769223
            ],
            [
              -76.25065520959134,
              36.06185234551507
            ],
            [
              -76.25067872336984,
              36.06196228333792
            ],
            [
              -76.25070223714835,
              36.06207222116077
            ],
            [
              -76.25072575092683,
              36.06218215898362
            ],
            [
              -76.25074926470533,
              36.06229209680646
            ],
            [
              -76.25077277848382,
              36.06240203462931
            ],
            [
              -76.25079629226232,
              36.06251197245215
            ],
            [
              -76.25081980604082,
              36.062621910275
            ],
            [
              -76.25084331981931,
              36.06273184809784
            ],
            [
              -76.25086683359781,
              36.06284178592069
            ],
            [
              -76.25089034737631,
              36.06295172374354
            ],
            [
              -76.25091386115481,
              36.06306166156639
            ],
            [
              -76.2509373749333,
              36.06317159938923
            ],
            [
              -76.2509608887118,
              36.06328153721208
            ],
            [
              -76.25098440249029,
              36.06339147503492
            ],
            [
              -76.25100791626879,
              36.06350141285777
            ],
            [
              -76.25103143004729,
              36.06361135068061
            ],
            [
              -76.25105494382579,
              36.063721288503466
            ],
            [
              -76.25107845760428,
              36.06383122632631
            ],
            [
              -76.25110197138278,
              36.063941164149156
            ],
            [
              -76.25112548516127,
              36.064051101972
            ],
            [
              -76.25114899893977,
              36.06416103979485
            ],
            [
              -76.25117251271827,
              36.06427097761769
            ],
            [
              -76.25119602649677,
              36.06438091544054
            ],
            [
              -76.25121954027526,
              36.064490853263386
            ],
            [
              -76.25124305405376,
              36.064600791086235
            ],
            [
              -76.25126656783226,
              36.06471072890908
            ],
            [
              -76.25129008161075,
              36.064820666731926
            ],
            [
              -76.25131359538925,
              36.06493060455477
            ],
            [
              -76.25133710916774,
              36.065040542377616
            ],
            [
              -76.25136062294624,
              36.06515048020046
            ],
            [
              -76.25138413672474,
              36.06526041802331
            ],
            [
              -76.25140765050322,
              36.065370355846156
            ],
            [
              -76.25143116428173,
              36.065480293669005
            ],
            [
              -76.25145467806023,
              36.06559023149185
            ],
            [
              -76.25147819183871,
              36.065700169314695
            ],
            [
              -76.25150170561722,
              36.06581010713754
            ],
            [
              -76.25152521939572,
              36.065920044960386
            ],
            [
              -76.2515487331742,
              36.066029982783235
            ],
            [
              -76.2515722469527,
              36.066139920606076
            ],
            [
              -76.25159576073119,
              36.066249858428925
            ],
            [
              -76.2516192745097,
              36.066359796251774
            ],
            [
              -76.2516427882882,
              36.066469734074616
            ],
            [
              -76.25166630206668,
              36.066579671897465
            ],
            [
              -76.25168981584518,
              36.066689609720314
            ],
            [
              -76.25171332962368,
              36.066799547543155
            ],
            [
              -76.25173684340217,
              36.066909485366004
            ],
            [
              -76.25176035718067,
              36.06701942318885
            ],
            [
              -76.25178387095917,
              36.067129361011695
            ],
            [
              -76.25180738473766,
              36.067239298834544
            ],
            [
              -76.25183089851616,
              36.067349236657385
            ],
            [
              -76.25185441229466,
              36.067459174480234
            ],
            [
              -76.25187792607315,
              36.06756911230308
            ],
            [
              -76.25190143985165,
              36.067679050125925
            ],
            [
              -76.25192495363014,
              36.067788987948774
            ],
            [
              -76.25194846740864,
              36.067898925771615
            ],
            [
              -76.25197198118714,
              36.068008863594464
            ],
            [
              -76.25199549496564,
              36.06811880141731
            ],
            [
              -76.25201900874414,
              36.068228739240155
            ],
            [
              -76.25204252252263,
              36.068338677063004
            ],
            [
              -76.25206603630113,
              36.06844861488585
            ],
            [
              -76.25208955007962,
              36.068558552708694
            ],
            [
              -76.25211306385812,
              36.06866849053154
            ],
            [
              -76.25213657763662,
              36.06877842835439
            ],
            [
              -76.2521600914151,
              36.068888366177234
            ],
            [
              -76.25218360519361,
              36.06899830400008
            ],
            [
              -76.25220711897211,
              36.06910824182293
            ],
            [
              -76.2522306327506,
              36.06921817964577
            ],
            [
              -76.25225414652908,
              36.06932811746862
            ],
            [
              -76.2522776603076,
              36.06943805529147
            ],
            [
              -76.2523011740861,
              36.06954799311431
            ],
            [
              -76.25232468786459,
              36.06965793093716
            ],
            [
              -76.25234820164309,
              36.06976786876001
            ],
            [
              -76.25237171542157,
              36.06987780658285
            ],
            [
              -76.25239522920008,
              36.069987744405694
            ],
            [
              -76.25241874297856,
              36.07009768222854
            ],
            [
              -76.25244225675708,
              36.07020762005139
            ],
            [
              -76.25246577053557,
              36.07031755787424
            ],
            [
              -76.25248928431405,
              36.07042749569709
            ],
            [
              -76.25251279809254,
              36.07053743351993
            ],
            [
              -76.25253631187105,
              36.07064737134278
            ],
            [
              -76.25255982564956,
              36.07075730916562
            ],
            [
              -76.25258333942804,
              36.07086724698847
            ],
            [
              -76.25260685320654,
              36.07097718481131
            ],
            [
              -76.25263036698503,
              36.07108712263416
            ],
            [
              -76.25265388076353,
              36.07119706045701
            ],
            [
              -76.25267739454202,
              36.07130699827986
            ],
            [
              -76.25270090832053,
              36.0714169361027
            ],
            [
              -76.25272442209902,
              36.07152687392555
            ],
            [
              -76.25274793587751,
              36.07163681174839
            ],
            [
              -76.25277144965601,
              36.07174674957124
            ],
            [
              -76.25279496343451,
              36.07185668739409
            ],
            [
              -76.25281847721301,
              36.07196662521693
            ],
            [
              -76.2528419909915,
              36.07207656303978
            ],
            [
              -76.25286550477,
              36.07218650086263
            ],
            [
              -76.25288901854849,
              36.07229643868547
            ],
            [
              -76.25291253232699,
              36.07240637650832
            ],
            [
              -76.25293604610549,
              36.07251631433116
            ],
            [
              -76.25295955988399,
              36.07262625215401
            ],
            [
              -76.25298307366248,
              36.07273618997686
            ],
            [
              -76.25300658744098,
              36.07284612779971
            ],
            [
              -76.25303010121948,
              36.07295606562255
            ],
            [
              -76.25305361499797,
              36.07306600344539
            ],
            [
              -76.25307712877647,
              36.07317594126824
            ],
            [
              -76.25310064255497,
              36.07328587909109
            ],
            [
              -76.25312415633346,
              36.07339581691393
            ],
            [
              -76.25314767011196,
              36.07350575473678
            ],
            [
              -76.25317118389046,
              36.07361569255963
            ],
            [
              -76.25319469766895,
              36.07372563038248
            ],
            [
              -76.25321821144745,
              36.07383556820532
            ],
            [
              -76.25324172522593,
              36.07394550602817
            ],
            [
              -76.25326523900443,
              36.07405544385101
            ],
            [
              -76.25328875278294,
              36.07416538167386
            ],
            [
              -76.25331226656142,
              36.07427531949671
            ],
            [
              -76.25333578033994,
              36.07438525731955
            ],
            [
              -76.25335929411843,
              36.0744951951424
            ],
            [
              -76.25338280789691,
              36.074605132965246
            ],
            [
              -76.25340632167541,
              36.07471507078809
            ],
            [
              -76.25342983545391,
              36.07482500861094
            ],
            [
              -76.2534533492324,
              36.07493494643378
            ],
            [
              -76.2534768630109,
              36.07504488425663
            ],
            [
              -76.25350037678939,
              36.075154822079476
            ],
            [
              -76.25352389056789,
              36.07526475990232
            ],
            [
              -76.25354740434639,
              36.07537469772517
            ],
            [
              -76.25357091812488,
              36.075484635548015
            ],
            [
              -76.2535944319034,
              36.07559457337086
            ],
            [
              -76.25361794568188,
              36.075704511193706
            ],
            [
              -76.25364145946037,
              36.075814449016555
            ],
            [
              -76.25366497323887,
              36.0759243868394
            ],
            [
              -76.25368848701737,
              36.076034324662245
            ],
            [
              -76.25371200079587,
              36.076144262485094
            ],
            [
              -76.25373551457436,
              36.076254200307936
            ],
            [
              -76.25375902835286,
              36.076364138130785
            ],
            [
              -76.25378254213135,
              36.07647407595363
            ],
            [
              -76.25380605590985,
              36.076584013776476
            ],
            [
              -76.25382956968835,
              36.07669395159932
            ],
            [
              -76.25385308346685,
              36.076803889422166
            ],
            [
              -76.25387659724534,
              36.076913827245015
            ],
            [
              -76.25390011102382,
              36.077023765067864
            ],
            [
              -76.25392362480234,
              36.077133702890706
            ],
            [
              -76.25394713858083,
              36.077243640713554
            ],
            [
              -76.25397065235933,
              36.077353578536396
            ],
            [
              -76.25399416613783,
              36.077463516359245
            ],
            [
              -76.25401767991632,
              36.077573454182094
            ],
            [
              -76.25404119369482,
              36.07768339200494
            ],
            [
              -76.2540647074733,
              36.077793329827784
            ],
            [
              -76.25408822125182,
              36.07790326765063
            ],
            [
              -76.2541117350303,
              36.078013205473475
            ],
            [
              -76.2541352488088,
              36.078123143296324
            ],
            [
              -76.25415876258728,
              36.078233081119166
            ],
            [
              -76.2541822763658,
              36.078343018942014
            ],
            [
              -76.2542057901443,
              36.07845295676486
            ],
            [
              -76.25422930392278,
              36.07856289458771
            ],
            [
              -76.25425281770129,
              36.078672832410554
            ],
            [
              -76.25427633147977,
              36.0787827702334
            ],
            [
              -76.25429984525827,
              36.078892708056244
            ],
            [
              -76.25432335903676,
              36.07900264587909
            ],
            [
              -76.25434687281528,
              36.079112583701935
            ],
            [
              -76.25437038659376,
              36.079222521524784
            ],
            [
              -76.25439390037225,
              36.07933245934763
            ],
            [
              -76.25441741415075,
              36.07944239717048
            ],
            [
              -76.25444092792925,
              36.07955233499332
            ],
            [
              -76.25446444170775,
              36.07966227281617
            ],
            [
              -76.25448795548624,
              36.079772210639014
            ],
            [
              -76.25451146926474,
              36.07988214846186
            ],
            [
              -76.25453498304323,
              36.079992086284705
            ],
            [
              -76.25455849682173,
              36.08010202410756
            ],
            [
              -76.25458201060023,
              36.0802119619304
            ],
            [
              -76.25460552437873,
              36.08032189975325
            ],
            [
              -76.25462903815722,
              36.08043183757609
            ],
            [
              -76.2546525519357,
              36.08054177539894
            ],
            [
              -76.25467606571421,
              36.08065171322178
            ],
            [
              -76.25469957949271,
              36.08076165104463
            ],
            [
              -76.25472309327121,
              36.08087158886748
            ],
            [
              -76.25474660704971,
              36.08098152669033
            ],
            [
              -76.2547701208282,
              36.08109146451318
            ],
            [
              -76.25479363460668,
              36.08120140233602
            ],
            [
              -76.25481714838519,
              36.08131134015886
            ],
            [
              -76.25484066216369,
              36.08142127798171
            ],
            [
              -76.25486417594219,
              36.08153121580456
            ],
            [
              -76.25488768972068,
              36.0816411536274
            ],
            [
              -76.25491120349918,
              36.08175109145024
            ],
            [
              -76.25493471727766,
              36.0818610292731
            ],
            [
              -76.25495823105618,
              36.08197096709594
            ],
            [
              -76.25498174483467,
              36.08208090491879
            ],
            [
              -76.25500525861317,
              36.08219084274163
            ],
            [
              -76.25502877239165,
              36.08230078056448
            ],
            [
              -76.25505228617014,
              36.08241071838733
            ],
            [
              -76.25507579994866,
              36.08252065621018
            ],
            [
              -76.25509931372716,
              36.08263059403302
            ],
            [
              -76.25512282750564,
              36.08274053185587
            ],
            [
              -76.25514634128413,
              36.08285046967871
            ],
            [
              -76.25516985506263,
              36.08296040750156
            ],
            [
              -76.25519336884112,
              36.08307034532441
            ],
            [
              -76.25521688261964,
              36.08318028314725
            ],
            [
              -76.25524039639814,
              36.08329022097009
            ],
            [
              -76.25526391017662,
              36.08340015879294
            ],
            [
              -76.25528742395511,
              36.08351009661579
            ],
            [
              -76.2553109377336,
              36.08362003443864
            ],
            [
              -76.25533445151211,
              36.08372997226148
            ],
            [
              -76.25535796529061,
              36.08383991008433
            ],
            [
              -76.2553814790691,
              36.08394984790718
            ],
            [
              -76.25540499284759,
              36.08405978573003
            ],
            [
              -76.25542850662609,
              36.084169723552876
            ],
            [
              -76.25545202040459,
              36.08427966137572
            ],
            [
              -76.25547553418309,
              36.08438959919856
            ],
            [
              -76.25549904796159,
              36.08449953702141
            ],
            [
              -76.25552256174008,
              36.08460947484426
            ],
            [
              -76.25554607551857,
              36.0847194126671
            ],
            [
              -76.25556958929707,
              36.08482935048994
            ],
            [
              -76.25559310307557,
              36.08493928831279
            ],
            [
              -76.25561661685407,
              36.08504922613564
            ],
            [
              -76.25564013063256,
              36.08515916395849
            ],
            [
              -76.25566364441106,
              36.085269101781336
            ],
            [
              -76.25568715818955,
              36.08537903960418
            ],
            [
              -76.25571067196805,
              36.085488977427026
            ],
            [
              -76.25573418574655,
              36.085598915249875
            ],
            [
              -76.25575769952505,
              36.085708853072724
            ],
            [
              -76.25578121330354,
              36.085818790895566
            ],
            [
              -76.25580472708202,
              36.08592872871841
            ],
            [
              -76.25582824086054,
              36.086038666541256
            ],
            [
              -76.25585175463902,
              36.086148604364105
            ],
            [
              -76.25587526841753,
              36.08625854218695
            ],
            [
              -76.25589878219603,
              36.086368480009796
            ],
            [
              -76.25592229597451,
              36.08647841783264
            ],
            [
              -76.255945809753,
              36.086588355655486
            ],
            [
              -76.2559693235315,
              36.08669829347833
            ],
            [
              -76.25599283731002,
              36.086808231301184
            ],
            [
              -76.2560163510885,
              36.086918169124026
            ],
            [
              -76.25603986486699,
              36.08702810694687
            ],
            [
              -76.25606337864548,
              36.087138044769716
            ],
            [
              -76.256086892424,
              36.08724798259257
            ],
            [
              -76.25611040620248,
              36.087357920415414
            ],
            [
              -76.25613391998098,
              36.087467858238256
            ],
            [
              -76.25615743375948,
              36.087577796061105
            ],
            [
              -76.25618094753797,
              36.08768773388395
            ],
            [
              -76.25620446131647,
              36.087797671706795
            ],
            [
              -76.25622797509496,
              36.087907609529644
            ],
            [
              -76.25625148887347,
              36.088017547352486
            ],
            [
              -76.25627500265196,
              36.088127485175335
            ],
            [
              -76.25629851643045,
              36.088237422998176
            ],
            [
              -76.25632203020895,
              36.088347360821025
            ],
            [
              -76.25634554398745,
              36.08845729864387
            ],
            [
              -76.25636905776595,
              36.088567236466716
            ],
            [
              -76.25639257154444,
              36.088677174289565
            ],
            [
              -76.25641608532294,
              36.08878711211241
            ],
            [
              -76.25643959910143,
              36.088897049935255
            ],
            [
              -76.25646311287993,
              36.08900698775811
            ],
            [
              -76.25648662665843,
              36.08911692558095
            ],
            [
              -76.25651014043693,
              36.0892268634038
            ],
            [
              -76.25653365421542,
              36.089336801226644
            ],
            [
              -76.2565571679939,
              36.08944673904949
            ],
            [
              -76.2565806817724,
              36.089556676872334
            ],
            [
              -76.2566041955509,
              36.08966661469518
            ],
            [
              -76.25662770932941,
              36.089776552518025
            ],
            [
              -76.25665122310791,
              36.089886490340874
            ],
            [
              -76.2566747368864,
              36.089996428163715
            ],
            [
              -76.25669825066488,
              36.09010636598657
            ],
            [
              -76.25672176444338,
              36.09021630380941
            ],
            [
              -76.2567452782219,
              36.09032624163226
            ],
            [
              -76.25676879200039,
              36.090436179455104
            ],
            [
              -76.25679230577887,
              36.09054611727796
            ],
            [
              -76.25681581955737,
              36.0906560551008
            ],
            [
              -76.25683933333586,
              36.09076599292365
            ],
            [
              -76.25686284711438,
              36.09087593074649
            ],
            [
              -76.25688636089286,
              36.09098586856934
            ],
            [
              -76.25690987467136,
              36.09109580639218
            ],
            [
              -76.25693338844985,
              36.09120574421503
            ],
            [
              -76.25695690222834,
              36.09131568203787
            ],
            [
              -76.25698041600685,
              36.09142561986072
            ],
            [
              -76.25700392978536,
              36.091535557683564
            ],
            [
              -76.25702744356384,
              36.09164549550641
            ],
            [
              -76.25705095734233,
              36.09175543332926
            ],
            [
              -76.25707447112083,
              36.09186537115211
            ],
            [
              -76.25709798489932,
              36.09197530897495
            ],
            [
              -76.25712149867783,
              36.09208524679781
            ],
            [
              -76.25714501245633,
              36.09219518462065
            ],
            [
              -76.25716852623482,
              36.0923051224435
            ],
            [
              -76.25719204001331,
              36.09241506026634
            ],
            [
              -76.25721555379181,
              36.09252499808919
            ],
            [
              -76.25723906757031,
              36.09263493591203
            ],
            [
              -76.25726258134881,
              36.09274487373488
            ],
            [
              -76.2572860951273,
              36.09285481155772
            ],
            [
              -76.2573096089058,
              36.09296474938057
            ],
            [
              -76.25733312268429,
              36.09307468720341
            ],
            [
              -76.25735663646279,
              36.09318462502626
            ],
            [
              -76.25738015024129,
              36.0932945628491
            ],
            [
              -76.25740366401979,
              36.09340450067196
            ],
            [
              -76.25742717779828,
              36.0935144384948
            ],
            [
              -76.25745069157676,
              36.09362437631765
            ],
            [
              -76.25747420535528,
              36.0937343141405
            ],
            [
              -76.25749771913378,
              36.09384425196335
            ],
            [
              -76.25752123291227,
              36.09395418978619
            ],
            [
              -76.25754474669075,
              36.09406412760904
            ],
            [
              -76.25756826046924,
              36.09417406543188
            ],
            [
              -76.25759177424774,
              36.09428400325473
            ],
            [
              -76.25761528802624,
              36.09439394107757
            ],
            [
              -76.25763880180475,
              36.09450387890042
            ],
            [
              -76.25766231558325,
              36.09461381672326
            ],
            [
              -76.25768582936173,
              36.09472375454611
            ],
            [
              -76.25770934314023,
              36.09483369236896
            ],
            [
              -76.25773285691874,
              36.0949436301918
            ],
            [
              -76.25775637069724,
              36.09505356801465
            ],
            [
              -76.25777984417182,
              36.0951635041627
            ],
            [
              -76.25780328952229,
              36.09527343914204
            ],
            [
              -76.25782673487274,
              36.0953833741214
            ],
            [
              -76.25785018022319,
              36.09549330910076
            ],
            [
              -76.25787362557364,
              36.0956032440801
            ],
            [
              -76.25789707092409,
              36.095713179059466
            ],
            [
              -76.25792051627455,
              36.09582311403882
            ],
            [
              -76.25794396162499,
              36.09593304901817
            ],
            [
              -76.25796740697547,
              36.09604298399753
            ],
            [
              -76.2579908523259,
              36.096152918976884
            ],
            [
              -76.25801429767637,
              36.09626285395625
            ],
            [
              -76.25803774302682,
              36.09637278893559
            ],
            [
              -76.25806118837727,
              36.096482723914946
            ],
            [
              -76.25808463372773,
              36.09659265889431
            ],
            [
              -76.25810807907817,
              36.09670259387366
            ],
            [
              -76.25813152442865,
              36.096812528853015
            ],
            [
              -76.25815496977908,
              36.09692246383237
            ],
            [
              -76.25817841512955,
              36.09703239881173
            ],
            [
              -76.25820186047999,
              36.097142333791076
            ],
            [
              -76.25822530583045,
              36.09725226877043
            ],
            [
              -76.2582487511809,
              36.097362203749796
            ],
            [
              -76.25827219653137,
              36.097472138729145
            ],
            [
              -76.25829564188182,
              36.097582073708494
            ],
            [
              -76.25831908723227,
              36.09769200868786
            ],
            [
              -76.25834253258273,
              36.097801943667214
            ],
            [
              -76.25836597793317,
              36.09791187864656
            ],
            [
              -76.25838942328363,
              36.09802181362592
            ],
            [
              -76.2584128686341,
              36.098131748605276
            ],
            [
              -76.25843631398455,
              36.09824168358463
            ],
            [
              -76.258459759335,
              36.09835161856398
            ],
            [
              -76.25848320468545,
              36.098461553543345
            ],
            [
              -76.25850665003591,
              36.0985714885227
            ],
            [
              -76.25853009538636,
              36.09868142350204
            ],
            [
              -76.25855354073683,
              36.09879135848141
            ],
            [
              -76.25857698608726,
              36.09890129346076
            ],
            [
              -76.25860043143773,
              36.09901122844011
            ],
            [
              -76.25862387678818,
              36.09912116341947
            ],
            [
              -76.25864732213863,
              36.099231098398825
            ],
            [
              -76.25867076748908,
              36.09934103337819
            ],
            [
              -76.25869421283954,
              36.09945096835753
            ],
            [
              -76.25871765819001,
              36.099560903336894
            ],
            [
              -76.25874110354044,
              36.09967083831625
            ],
            [
              -76.25876454889091,
              36.0997807732956
            ],
            [
              -76.25878799424135,
              36.099890708274955
            ],
            [
              -76.25881143959181,
              36.10000064325431
            ],
            [
              -76.25883488494226,
              36.10011057823366
            ],
            [
              -76.25885833029272,
              36.10022051321302
            ],
            [
              -76.25888177564318,
              36.10033044819237
            ],
            [
              -76.25890522099363,
              36.10044038317174
            ],
            [
              -76.25892866634409,
              36.100550318151086
            ],
            [
              -76.25895211169453,
              36.10066025313044
            ],
            [
              -76.25897555704499,
              36.1007701881098
            ],
            [
              -76.25899900239544,
              36.10088012308915
            ],
            [
              -76.25902244774589,
              36.100990058068504
            ],
            [
              -76.25904589309636,
              36.10109999304786
            ],
            [
              -76.2590693384468,
              36.10120992802722
            ],
            [
              -76.25909278379727,
              36.10131986300657
            ],
            [
              -76.25911622914771,
              36.10142979798592
            ],
            [
              -76.25913967449817,
              36.101539732965286
            ],
            [
              -76.25916311984861,
              36.101649667944635
            ],
            [
              -76.25918656519909,
              36.101759602923984
            ],
            [
              -76.25921001054954,
              36.10186953790335
            ],
            [
              -76.25923345589999,
              36.101979472882704
            ],
            [
              -76.25925690125044,
              36.10208940786206
            ],
            [
              -76.25928034660089,
              36.10219934284141
            ],
            [
              -76.25930379195135,
              36.102309277820765
            ],
            [
              -76.2593272373018,
              36.10241921280012
            ],
            [
              -76.25935068265227,
              36.10252914777947
            ],
            [
              -76.2593741280027,
              36.102639082758834
            ],
            [
              -76.25939757335317,
              36.102749017738184
            ],
            [
              -76.25942101870362,
              36.10285895271754
            ],
            [
              -76.25944446405407,
              36.102968887696896
            ],
            [
              -76.25946790940453,
              36.10307882267625
            ],
            [
              -76.25949135475499,
              36.10318875765561
            ],
            [
              -76.25951480010545,
              36.10329869263496
            ],
            [
              -76.25953824545589,
              36.103408627614314
            ],
            [
              -76.25956169080635,
              36.10351856259367
            ],
            [
              -76.2595851361568,
              36.10362849757303
            ],
            [
              -76.25960858150727,
              36.10373843255238
            ],
            [
              -76.25963202685772,
              36.10384836753174
            ],
            [
              -76.25965547220817,
              36.10395830251109
            ],
            [
              -76.25967891755863,
              36.104068237490445
            ],
            [
              -76.25970236290907,
              36.1041781724698
            ],
            [
              -76.25972580825953,
              36.10428810744916
            ],
            [
              -76.25974925360997,
              36.104398042428514
            ],
            [
              -76.25977269896045,
              36.10450797740786
            ],
            [
              -76.2597961443109,
              36.104617912387226
            ],
            [
              -76.25981958966135,
              36.104727847366576
            ],
            [
              -76.2598430350118,
              36.104837782345925
            ],
            [
              -76.25986648036225,
              36.10494771732529
            ],
            [
              -76.25988992571271,
              36.10505765230464
            ],
            [
              -76.25991337106315,
              36.105167587284
            ],
            [
              -76.25993681641363,
              36.10527752226335
            ],
            [
              -76.25996026176406,
              36.10538745724271
            ],
            [
              -76.25998370711453,
              36.10549739222206
            ],
            [
              -76.26000715246498,
              36.10560732720141
            ],
            [
              -76.26003059781543,
              36.105717262180775
            ],
            [
              -76.26005404316588,
              36.105827197160124
            ],
            [
              -76.26007748851634,
              36.10593713213948
            ],
            [
              -76.2601009338668,
              36.10604706711884
            ],
            [
              -76.26012437921725,
              36.10615700209819
            ],
            [
              -76.26014782456771,
              36.10626693707755
            ],
            [
              -76.26017126991816,
              36.1063768720569
            ],
            [
              -76.26019471526861,
              36.10648680703626
            ],
            [
              -76.26021816061908,
              36.10659674201561
            ],
            [
              -76.26024160596953,
              36.10670667699497
            ],
            [
              -76.26026505131998,
              36.106816611974324
            ],
            [
              -76.26028849667043,
              36.10692654695367
            ],
            [
              -76.26031194202089,
              36.10703648193303
            ],
            [
              -76.26033538737134,
              36.107146416912386
            ],
            [
              -76.2603588327218,
              36.10725635189174
            ],
            [
              -76.26038227807226,
              36.1073662868711
            ],
            [
              -76.2604057234227,
              36.10747622185045
            ],
            [
              -76.26042916877316,
              36.107586156829804
            ],
            [
              -76.26045261412361,
              36.10769609180916
            ],
            [
              -76.26047605947406,
              36.107806026788516
            ],
            [
              -76.26049950482451,
              36.10791596176787
            ],
            [
              -76.26052295017499,
              36.10802589674723
            ],
            [
              -76.26054639552542,
              36.108135831726585
            ],
            [
              -76.26056984087589,
              36.108245766705934
            ],
            [
              -76.26059328622634,
              36.10835570168529
            ],
            [
              -76.26061673157679,
              36.10846563666465
            ],
            [
              -76.26064017692724,
              36.108575571644
            ],
            [
              -76.26066362227769,
              36.10868550662335
            ],
            [
              -76.26068706762815,
              36.108795441602716
            ],
            [
              -76.2607105129786,
              36.108905376582065
            ],
            [
              -76.26073395832907,
              36.10901531156142
            ],
            [
              -76.26075740367952,
              36.10912524654078
            ],
            [
              -76.26078084902997,
              36.109235181520134
            ],
            [
              -76.26080429438042,
              36.10934511649949
            ],
            [
              -76.26082773973087,
              36.10945505147884
            ],
            [
              -76.26085118508134,
              36.1095649864582
            ],
            [
              -76.26087463043179,
              36.10967492143755
            ],
            [
              -76.26089807578225,
              36.1097848564169
            ],
            [
              -76.2609215211327,
              36.109894791396265
            ],
            [
              -76.26094496648315,
              36.110004726375614
            ],
            [
              -76.2609684118336,
              36.11011466135498
            ],
            [
              -76.26099185718405,
              36.11022459633433
            ],
            [
              -76.26101530253452,
              36.11033453131368
            ],
            [
              -76.26103874788497,
              36.11044446629304
            ],
            [
              -76.26106219323542,
              36.11055440127239
            ],
            [
              -76.26108563858587,
              36.110664336251745
            ],
            [
              -76.26110908393632,
              36.1107742712311
            ],
            [
              -76.26113252928678,
              36.11088420621046
            ],
            [
              -76.26115597463725,
              36.11099414118981
            ],
            [
              -76.2611794199877,
              36.11110407616916
            ],
            [
              -76.26120286533815,
              36.111214011148526
            ],
            [
              -76.2612263106886,
              36.111323946127875
            ],
            [
              -76.26124975603905,
              36.11143388110723
            ],
            [
              -76.26127320138951,
              36.11154381608659
            ],
            [
              -76.26129664673996,
              36.11165375106594
            ],
            [
              -76.26132009209043,
              36.11176368604529
            ],
            [
              -76.26134353744087,
              36.11187362102465
            ],
            [
              -76.26136698279133,
              36.111983556004006
            ],
            [
              -76.26139042814178,
              36.11209349098336
            ],
            [
              -76.26141387349223,
              36.11220342596272
            ],
            [
              -76.2614373188427,
              36.112313360942075
            ],
            [
              -76.26146076419315,
              36.112423295921424
            ],
            [
              -76.26148420954361,
              36.11253323090078
            ],
            [
              -76.26150765489405,
              36.11264316588014
            ],
            [
              -76.26153110024451,
              36.11275310085949
            ],
            [
              -76.26155454559496,
              36.11286303583884
            ],
            [
              -76.26157799094541,
              36.112972970818205
            ],
            [
              -76.26160143629588,
              36.113082905797555
            ],
            [
              -76.26162488164633,
              36.11319284077691
            ],
            [
              -76.26164832699678,
              36.11330277575627
            ],
            [
              -76.26167177234723,
              36.11341271073562
            ],
            [
              -76.26169521769768,
              36.11352264571498
            ],
            [
              -76.26171866304813,
              36.11363258069433
            ],
            [
              -76.2617421083986,
              36.11374251567369
            ],
            [
              -76.26176555374906,
              36.11385245065304
            ],
            [
              -76.26178899909951,
              36.1139623856324
            ],
            [
              -76.26181244444996,
              36.114072320611754
            ],
            [
              -76.26183588980041,
              36.11418225559111
            ],
            [
              -76.26185933515086,
              36.11429219057047
            ],
            [
              -76.26188278050131,
              36.114402125549816
            ],
            [
              -76.26190622585179,
              36.11451206052917
            ],
            [
              -76.26192967120222,
              36.11462199550853
            ],
            [
              -76.26195311655269,
              36.114731930487885
            ],
            [
              -76.26197656190314,
              36.11484186546724
            ],
            [
              -76.26200000725359,
              36.11495180044659
            ],
            [
              -76.26202345260404,
              36.115061735425954
            ],
            [
              -76.26204689795449,
              36.1151716704053
            ],
            [
              -76.26207034330497,
              36.11528160538466
            ],
            [
              -76.2620937886554,
              36.115391540364016
            ],
            [
              -76.26211723400587,
              36.115501475343365
            ],
            [
              -76.26214067935632,
              36.11561141032272
            ],
            [
              -76.26216412470677,
              36.11572134530208
            ],
            [
              -76.26218757005722,
              36.115831280281434
            ],
            [
              -76.26221101540769,
              36.11594121526079
            ],
            [
              -76.26223446075814,
              36.11605115024014
            ],
            [
              -76.26225790610859,
              36.1161610852195
            ],
            [
              -76.26228135145904,
              36.11627102019885
            ],
            [
              -76.26230479680949,
              36.11638095517821
            ],
            [
              -76.26232824215995,
              36.116490890157564
            ],
            [
              -76.26235168751042,
              36.11660082513691
            ],
            [
              -76.26237513286087,
              36.11671076011627
            ],
            [
              -76.26239857821132,
              36.116820695095626
            ],
            [
              -76.26242202356177,
              36.11693063007498
            ],
            [
              -76.26244546891222,
              36.11704056505434
            ],
            [
              -76.26246891426267,
              36.117150500033695
            ],
            [
              -76.26249235961313,
              36.117260435013044
            ],
            [
              -76.26251580496358,
              36.1173703699924
            ],
            [
              -76.26253925031405,
              36.11748030497176
            ],
            [
              -76.2625626956645,
              36.11759023995111
            ],
            [
              -76.26258614101495,
              36.11770017493047
            ],
            [
              -76.2626095863654,
              36.11781010990982
            ],
            [
              -76.26263303171585,
              36.11792004488918
            ],
            [
              -76.2626564770663,
              36.11802997986853
            ],
            [
              -76.26267992241677,
              36.11813991484789
            ],
            [
              -76.26270336776723,
              36.118249849827244
            ],
            [
              -76.26272681311768,
              36.1183597848066
            ],
            [
              -76.26275025846813,
              36.118469719785956
            ],
            [
              -76.26277370381858,
              36.118579654765306
            ],
            [
              -76.26279714916903,
              36.11868958974466
            ],
            [
              -76.2628205945195,
              36.11879952472402
            ],
            [
              -76.26284403986995,
              36.118909459703374
            ],
            [
              -76.2628674852204,
              36.11901939468273
            ],
            [
              -76.26289093057085,
              36.11912932966209
            ],
            [
              -76.26291437592131,
              36.11923926464144
            ],
            [
              -76.26293782127175,
              36.11934919962079
            ],
            [
              -76.26296126662223,
              36.11945913460015
            ],
            [
              -76.26298471197268,
              36.119569069579505
            ],
            [
              -76.26300815732313,
              36.11967900455886
            ],
            [
              -76.26303160267358,
              36.11978893953821
            ],
            [
              -76.26305504802403,
              36.11989887451757
            ],
            [
              -76.2630784933745,
              36.12000880949692
            ],
            [
              -76.26310193872493,
              36.12011874447628
            ],
            [
              -76.26312538407541,
              36.120228679455636
            ],
            [
              -76.26314882942586,
              36.120338614434985
            ],
            [
              -76.26317227477631,
              36.12044854941434
            ],
            [
              -76.26319572012676,
              36.1205584843937
            ],
            [
              -76.26321916547721,
              36.120668419373054
            ],
            [
              -76.26324261082766,
              36.12077835435241
            ],
            [
              -76.26326605617813,
              36.12088828933176
            ],
            [
              -76.26328950152859,
              36.120998224311116
            ],
            [
              -76.26331294687904,
              36.12110815929047
            ],
            [
              -76.26333639222949,
              36.12121809426983
            ],
            [
              -76.26335983757994,
              36.121328029249185
            ],
            [
              -76.26338328293039,
              36.121437964228534
            ],
            [
              -76.26340672828084,
              36.1215478992079
            ],
            [
              -76.2634301736313,
              36.121657834187246
            ],
            [
              -76.26345361898176,
              36.1217677691666
            ],
            [
              -76.2634770643322,
              36.12187770414596
            ],
            [
              -76.26350050968267,
              36.12198763912531
            ],
            [
              -76.26352395503312,
              36.12209757410467
            ],
            [
              -76.26354740038357,
              36.12220750908402
            ],
            [
              -76.26357084573402,
              36.122317444063384
            ],
            [
              -76.26359429108449,
              36.12242737904273
            ],
            [
              -76.26361773643494,
              36.12253731402209
            ],
            [
              -76.26364118178539,
              36.122647249001446
            ],
            [
              -76.26366462713584,
              36.122757183980795
            ],
            [
              -76.2636880724863,
              36.12286711896016
            ],
            [
              -76.26371151783675,
              36.12297705393951
            ],
            [
              -76.2637349631872,
              36.123086988918864
            ],
            [
              -76.26375840853767,
              36.12319692389822
            ],
            [
              -76.26378185388812,
              36.12330685887758
            ],
            [
              -76.26380529923857,
              36.12341679385693
            ],
            [
              -76.26382874458902,
              36.12352672883628
            ],
            [
              -76.26385218993948,
              36.12363666381564
            ],
            [
              -76.26387563528993,
              36.123746598794995
            ],
            [
              -76.2638990806404,
              36.12385653377435
            ],
            [
              -76.26392252599084,
              36.12396646875371
            ],
            [
              -76.2639459713413,
              36.124076403733056
            ],
            [
              -76.26396941669175,
              36.12418633871241
            ],
            [
              -76.26399286204222,
              36.12429627369177
            ],
            [
              -76.26401630739267,
              36.124406208671125
            ],
            [
              -76.26403975274312,
              36.12451614365048
            ],
            [
              -76.26406319809357,
              36.12462607862984
            ],
            [
              -76.26408664344402,
              36.12473601360919
            ],
            [
              -76.26411008879448,
              36.12484594858854
            ],
            [
              -76.26413353414493,
              36.1249558835679
            ],
            [
              -76.2641569794954,
              36.125065818547256
            ],
            [
              -76.26418042484585,
              36.125175753526605
            ],
            [
              -76.2642038701963,
              36.12528568850596
            ],
            [
              -76.26422731554675,
              36.12539562348532
            ],
            [
              -76.2642507608972,
              36.125505558464674
            ],
            [
              -76.26427420624766,
              36.12561549344403
            ],
            [
              -76.26429765159811,
              36.12572542842339
            ],
            [
              -76.26432109694856,
              36.125835363402736
            ],
            [
              -76.26434454229903,
              36.12594529838209
            ],
            [
              -76.26436798764948,
              36.12605523336145
            ],
            [
              -76.26439143299993,
              36.126165168340805
            ],
            [
              -76.26441487835038,
              36.12627510332016
            ],
            [
              -76.26443832370083,
              36.12638503829951
            ],
            [
              -76.2644617690513,
              36.126494973278874
            ],
            [
              -76.26448521440174,
              36.12660490825822
            ],
            [
              -76.2645086597522,
              36.12671484323758
            ],
            [
              -76.26453210510266,
              36.126824778216935
            ],
            [
              -76.26455555045311,
              36.12693471319629
            ],
            [
              -76.26457899580356,
              36.12704464817565
            ],
            [
              -76.26460244115401,
              36.127154583155
            ],
            [
              -76.26462588650446,
              36.12726451813435
            ],
            [
              -76.26464933185493,
              36.12737445311371
            ],
            [
              -76.26467277720538,
              36.127484388093066
            ],
            [
              -76.26469622255583,
              36.12759432307242
            ],
            [
              -76.26471966790629,
              36.12770425805177
            ],
            [
              -76.26474311325674,
              36.12781419303113
            ],
            [
              -76.26476655860719,
              36.127924128010484
            ],
            [
              -76.26479000395764,
              36.12803406298984
            ],
            [
              -76.26481344930811,
              36.12814399796919
            ],
            [
              -76.26483689465856,
              36.12825393294855
            ],
            [
              -76.26486034000901,
              36.1283638679279
            ],
            [
              -76.26488378535947,
              36.12847380290726
            ],
            [
              -76.26490723070992,
              36.128583737886615
            ],
            [
              -76.26493067606037,
              36.12869367286597
            ],
            [
              -76.26495412141084,
              36.12880360784533
            ],
            [
              -76.26497756676129,
              36.12891354282468
            ],
            [
              -76.26500101211174,
              36.12902347780403
            ],
            [
              -76.26502445746219,
              36.12913341278339
            ],
            [
              -76.26504790281265,
              36.129243347762745
            ],
            [
              -76.2650713481631,
              36.1293532827421
            ],
            [
              -76.26509479351355,
              36.12946321772145
            ],
            [
              -76.26511823886402,
              36.129573152700814
            ],
            [
              -76.26514168421447,
              36.129683087680164
            ],
            [
              -76.26516512956492,
              36.12979302265952
            ],
            [
              -76.26518857491537,
              36.129902957638876
            ],
            [
              -76.26521202026582,
              36.130012892618225
            ],
            [
              -76.26523546561629,
              36.13012282759758
            ],
            [
              -76.26525891096674,
              36.13023276257694
            ],
            [
              -76.26528235631719,
              36.130342697556294
            ],
            [
              -76.26530580166765,
              36.13045263253565
            ],
            [
              -76.2653292470181,
              36.130562567515
            ],
            [
              -76.26535269236855,
              36.13067250249436
            ],
            [
              -76.265376137719,
              36.13078243747371
            ],
            [
              -76.26539958306947,
              36.13089237245307
            ],
            [
              -76.26542302841992,
              36.131002307432425
            ],
            [
              -76.26544647377037,
              36.13111224241178
            ],
            [
              -76.26546991912082,
              36.13122217739114
            ],
            [
              -76.26549336447128,
              36.13133211237049
            ],
            [
              -76.26551680982173,
              36.13144204734985
            ],
            [
              -76.2655402551722,
              36.1315519823292
            ],
            [
              -76.26556370052265,
              36.131661917308556
            ],
            [
              -76.2655871458731,
              36.13177185228791
            ],
            [
              -76.26561059122355,
              36.13188178726726
            ],
            [
              -76.265634036574,
              36.13199172224662
            ],
            [
              -76.26565748192445,
              36.132101657225974
            ],
            [
              -76.26568092727491,
              36.13221159220533
            ],
            [
              -76.26570437262538,
              36.132321527184686
            ],
            [
              -76.26572781797583,
              36.13243146216404
            ],
            [
              -76.26575126332628,
              36.1325413971434
            ],
            [
              -76.26577470867673,
              36.13265133212275
            ],
            [
              -76.26579815402718,
              36.132761267102104
            ],
            [
              -76.26582159937763,
              36.13287120208146
            ],
            [
              -76.26584504472808,
              36.13298113706082
            ],
            [
              -76.26586849007855,
              36.133091072040166
            ],
            [
              -76.26589193542901,
              36.13320100701953
            ],
            [
              -76.26591538077946,
              36.13331094199888
            ],
            [
              -76.26593882612991,
              36.133420876978235
            ],
            [
              -76.26596227148036,
              36.13353081195759
            ],
            [
              -76.26598571683081,
              36.13364074693695
            ],
            [
              -76.26600916218126,
              36.133750681916304
            ],
            [
              -76.26603260753173,
              36.13386061689565
            ],
            [
              -76.26605605288218,
              36.13397055187501
            ],
            [
              -76.26607949823264,
              36.134080486854366
            ],
            [
              -76.26610294358309,
              36.13419042183372
            ],
            [
              -76.26612638893354,
              36.13430035681308
            ],
            [
              -76.26614983428401,
              36.13441029179243
            ],
            [
              -76.26617327963446,
              36.134520226771784
            ],
            [
              -76.26619672498491,
              36.13463016175114
            ],
            [
              -76.26622017033536,
              36.134740096730496
            ],
            [
              -76.26624361568582,
              36.13485003170985
            ],
            [
              -76.26626706103627,
              36.1349599666892
            ],
            [
              -76.26629050638672,
              36.13506990166856
            ],
            [
              -76.26631395173717,
              36.135179836647914
            ],
            [
              -76.26633739708764,
              36.13528977162727
            ],
            [
              -76.26636084243809,
              36.13539970660663
            ],
            [
              -76.26638428778854,
              36.13550964158598
            ],
            [
              -76.26640773313899,
              36.13561957656533
            ],
            [
              -76.26643117848944,
              36.13572951154469
            ],
            [
              -76.2664546238399,
              36.135839446524045
            ],
            [
              -76.26647806919036,
              36.1359493815034
            ],
            [
              -76.2665015145408,
              36.13605931648276
            ],
            [
              -76.26652495989127,
              36.13616925146211
            ],
            [
              -76.26654840524172,
              36.13627918644147
            ],
            [
              -76.26657185059217,
              36.13638912142082
            ],
            [
              -76.26659529594264,
              36.136499056400176
            ],
            [
              -76.26661874129309,
              36.13660899137953
            ],
            [
              -76.26664218664354,
              36.13671892635888
            ],
            [
              -76.26666563199399,
              36.136828861338245
            ],
            [
              -76.26668907734444,
              36.136938796317594
            ],
            [
              -76.2667125226949,
              36.13704873129694
            ],
            [
              -76.26673596804537,
              36.13715866627631
            ],
            [
              -76.26675941339582,
              36.137268601255656
            ],
            [
              -76.26678285874627,
              36.13737853623502
            ],
            [
              -76.26680630409672,
              36.13748847121437
            ],
            [
              -76.26682974944717,
              36.137598406193725
            ],
            [
              -76.26685319479762,
              36.13770834117308
            ],
            [
              -76.26687664014808,
              36.13781827615244
            ],
            [
              -76.26690008549853,
              36.13792821113179
            ],
            [
              -76.266923530849,
              36.13803814611114
            ],
            [
              -76.26694697619945,
              36.138148081090506
            ],
            [
              -76.2669704215499,
              36.138258016069855
            ],
            [
              -76.26699386690035,
              36.13836795104921
            ],
            [
              -76.2670173122508,
              36.13847788602857
            ],
            [
              -76.26704075760125,
              36.13858782100792
            ],
            [
              -76.26706420295172,
              36.13869775598728
            ],
            [
              -76.26708764830217,
              36.13880769096663
            ],
            [
              -76.26711109365263,
              36.13891762594599
            ],
            [
              -76.26713453900308,
              36.13902756092534
            ],
            [
              -76.26715798435353,
              36.1391374959047
            ],
            [
              -76.26718142970398,
              36.139247430884055
            ],
            [
              -76.26720487505445,
              36.139357365863404
            ],
            [
              -76.26722832040488,
              36.13946730084276
            ],
            [
              -76.26725176575535,
              36.13957723582212
            ],
            [
              -76.2672752111058,
              36.13968717080147
            ],
            [
              -76.26729865645626,
              36.13979710578083
            ],
            [
              -76.26732210180671,
              36.13990704076018
            ],
            [
              -76.26734554715716,
              36.14001697573954
            ],
            [
              -76.26736899250761,
              36.14012691071889
            ],
            [
              -76.26739243785808,
              36.14023684569825
            ],
            [
              -76.26741588320853,
              36.1403467806776
            ],
            [
              -76.26743932855899,
              36.14045671565695
            ],
            [
              -76.26746277390944,
              36.140566650636316
            ],
            [
              -76.2674862192599,
              36.140676585615665
            ],
            [
              -76.26750966461034,
              36.14078652059502
            ],
            [
              -76.26753310996081,
              36.14089645557438
            ],
            [
              -76.26755655531124,
              36.14100639055373
            ],
            [
              -76.26758000066171,
              36.14111632553309
            ],
            [
              -76.26760344601216,
              36.14122626051244
            ],
            [
              -76.26762689136261,
              36.141336195491796
            ],
            [
              -76.26765033671307,
              36.14144613047115
            ],
            [
              -76.26767378206353,
              36.14155606545051
            ],
            [
              -76.26769722741398,
              36.14166600042986
            ],
            [
              -76.26772067276444,
              36.141775935409214
            ],
            [
              -76.26774411811489,
              36.14188587038857
            ],
            [
              -76.26776756346534,
              36.14199580536793
            ],
            [
              -76.2677910088158,
              36.14210574034728
            ],
            [
              -76.26781445416626,
              36.14221567532664
            ],
            [
              -76.2678378995167,
              36.142325610305996
            ],
            [
              -76.26786134486716,
              36.142435545285345
            ],
            [
              -76.26788479021761,
              36.1425454802647
            ],
            [
              -76.26790823556807,
              36.14265541524406
            ],
            [
              -76.26793168091852,
              36.142765350223414
            ],
            [
              -76.26795512626897,
              36.14287528520276
            ],
            [
              -76.26797857161944,
              36.14298522018212
            ],
            [
              -76.26800201696989,
              36.143095155161475
            ],
            [
              -76.26802546232034,
              36.14320509014083
            ],
            [
              -76.2680489076708,
              36.14331502512019
            ],
            [
              -76.26807235302125,
              36.143424960099544
            ],
            [
              -76.2680957983717,
              36.1435348950789
            ],
            [
              -76.26811924372217,
              36.14364483005826
            ],
            [
              -76.26814268907262,
              36.143754765037606
            ],
            [
              -76.26816613442307,
              36.14386470001696
            ],
            [
              -76.26818957977352,
              36.14397463499631
            ],
            [
              -76.26821302512397,
              36.144084569975675
            ],
            [
              -76.26823647047443,
              36.144194504955024
            ],
            [
              -76.26825991582488,
              36.14430443993438
            ],
            [
              -76.26828336117534,
              36.14441437491374
            ],
            [
              -76.2683068065258,
              36.14452430989309
            ],
            [
              -76.26833025187625,
              36.14463424487245
            ],
            [
              -76.2683536972267,
              36.1447441798518
            ],
            [
              -76.26837714257715,
              36.14485411483116
            ],
            [
              -76.2684005879276,
              36.14496404981051
            ],
            [
              -76.26842403327807,
              36.14507398478986
            ],
            [
              -76.26844747862852,
              36.145183919769224
            ],
            [
              -76.26847092397897,
              36.14529385474857
            ],
            [
              -76.26849436932943,
              36.14540378972793
            ],
            [
              -76.26851781467988,
              36.145513724707286
            ],
            [
              -76.26854126003033,
              36.14562365968664
            ],
            [
              -76.26856470538078,
              36.145733594666
            ],
            [
              -76.26858815073123,
              36.14584352964535
            ],
            [
              -76.26861159608168,
              36.145953464624704
            ],
            [
              -76.26863504143216,
              36.14606339960406
            ],
            [
              -76.26865848678261,
              36.146173334583416
            ],
            [
              -76.26868193213306,
              36.14628326956277
            ],
            [
              -76.26870537748351,
              36.14639320454213
            ],
            [
              -76.26872882283396,
              36.146503139521485
            ],
            [
              -76.26875226818443,
              36.146613074500834
            ],
            [
              -76.26877571353488,
              36.14672300948019
            ],
            [
              -76.26879915888533,
              36.14683294445955
            ],
            [
              -76.26882260423578,
              36.1469428794389
            ],
            [
              -76.26884604958624,
              36.14705281441826
            ],
            [
              -76.2688694949367,
              36.14716274939761
            ],
            [
              -76.26889294028716,
              36.14727268437697
            ],
            [
              -76.26891638563761,
              36.14738261935632
            ],
            [
              -76.26893983098806,
              36.14749255433568
            ],
            [
              -76.26896327633851,
              36.147602489315034
            ],
            [
              -76.26898672168896,
              36.14771242429439
            ],
            [
              -76.26901016703943,
              36.147822359273746
            ],
            [
              -76.26903361238988,
              36.147932294253096
            ],
            [
              -76.26905705774033,
              36.14804222923245
            ],
            [
              -76.26908050309078,
              36.14815216421181
            ],
            [
              -76.26910394844124,
              36.148262099191165
            ],
            [
              -76.26912739379169,
              36.148372034170514
            ],
            [
              -76.26915083914214,
              36.14848196914987
            ],
            [
              -76.2691742844926,
              36.148591904129226
            ],
            [
              -76.26919772984306,
              36.14870183910858
            ],
            [
              -76.26922117519351,
              36.14881177408794
            ],
            [
              -76.26924462054396,
              36.148921709067295
            ],
            [
              -76.26926806589441,
              36.149031644046644
            ],
            [
              -76.26929151124487,
              36.14914157902601
            ],
            [
              -76.26931495659534,
              36.14925151400536
            ],
            [
              -76.26933840194579,
              36.14936144898471
            ],
            [
              -76.26936184729624,
              36.14947138396407
            ],
            [
              -76.26938529264669,
              36.14958131894342
            ],
            [
              -76.26940873799714,
              36.149691253922775
            ],
            [
              -76.26943218334759,
              36.14980118890213
            ],
            [
              -76.26945562869804,
              36.14991112388149
            ],
            [
              -76.2694790740485,
              36.150021058860844
            ],
            [
              -76.26950251939897,
              36.1501309938402
            ],
            [
              -76.26952596474942,
              36.15024092881955
            ],
            [
              -76.26954941009987,
              36.150350863798906
            ],
            [
              -76.26957285545032,
              36.15046079877826
            ],
            [
              -76.26959630080079,
              36.15057073375762
            ],
            [
              -76.26961974615124,
              36.150680668736975
            ],
            [
              -76.26964319150169,
              36.150790603716324
            ],
            [
              -76.26966663685214,
              36.15090053869568
            ],
            [
              -76.2696900822026,
              36.151010473675036
            ],
            [
              -76.26971352755305,
              36.15112040865439
            ],
            [
              -76.2697369729035,
              36.15123034363375
            ],
            [
              -76.26976041825395,
              36.151340278613105
            ],
            [
              -76.2697838636044,
              36.151450213592454
            ],
            [
              -76.26980730895487,
              36.15156014857181
            ],
            [
              -76.26983075430532,
              36.15167008355117
            ],
            [
              -76.26985419965577,
              36.15178001853052
            ],
            [
              -76.26987764500623,
              36.15188995350988
            ],
            [
              -76.26990109035668,
              36.151999888489236
            ],
            [
              -76.26992453570713,
              36.15210982346859
            ],
            [
              -76.2699479810576,
              36.15221975844794
            ],
            [
              -76.26997142640805,
              36.1523296934273
            ],
            [
              -76.2699948717585,
              36.152439628406654
            ],
            [
              -76.27001831710896,
              36.15254956338601
            ],
            [
              -76.27004176245941,
              36.15265949836536
            ],
            [
              -76.27006520780986,
              36.152769433344716
            ],
            [
              -76.27008865316031,
              36.15287936832407
            ],
            [
              -76.27011209851077,
              36.15298930330343
            ],
            [
              -76.27013554386123,
              36.153099238282785
            ],
            [
              -76.27015898921168,
              36.15320917326214
            ],
            [
              -76.27018243456213,
              36.15331910824149
            ],
            [
              -76.2702058799126,
              36.15342904322085
            ],
            [
              -76.27022932526305,
              36.1535389782002
            ],
            [
              -76.2702527706135,
              36.15364891317956
            ],
            [
              -76.27027621596395,
              36.153758848158915
            ],
            [
              -76.2702996613144,
              36.153868783138265
            ],
            [
              -76.27032310666486,
              36.15397871811762
            ],
            [
              -76.27034655201531,
              36.15408865309698
            ],
            [
              -76.27036999736576,
              36.15419858807633
            ],
            [
              -76.27039344271623,
              36.15430852305569
            ],
            [
              -76.27041688806668,
              36.15441845803504
            ],
            [
              -76.27044033341713,
              36.154528393014395
            ],
            [
              -76.27046377876758,
              36.15463832799375
            ],
            [
              -76.27048722411804,
              36.15474826297311
            ],
            [
              -76.27051066946849,
              36.154858197952464
            ],
            [
              -76.27053411481896,
              36.15496813293182
            ],
            [
              -76.27055756016941,
              36.15507806791118
            ],
            [
              -76.27058100551986,
              36.155188002890526
            ],
            [
              -76.27060445087031,
              36.15529793786988
            ],
            [
              -76.27062789622076,
              36.15540787284924
            ],
            [
              -76.27065134157122,
              36.155517807828595
            ],
            [
              -76.27067478692167,
              36.15562774280795
            ],
            [
              -76.27069823227212,
              36.1557376777873
            ],
            [
              -76.27072167762259,
              36.155847612766664
            ],
            [
              -76.27074512297304,
              36.15595754774601
            ],
            [
              -76.27076856832349,
              36.15606748272537
            ],
            [
              -76.27079201367394,
              36.156177417704725
            ],
            [
              -76.2708154590244,
              36.156287352684075
            ],
            [
              -76.27083890437486,
              36.15639728766344
            ],
            [
              -76.2708623497253,
              36.15650722264279
            ],
            [
              -76.27088579507577,
              36.156617157622144
            ],
            [
              -76.27090924042622,
              36.1567270926015
            ],
            [
              -76.27093268577667,
              36.15683702758085
            ],
            [
              -76.27095613112712,
              36.15694696256021
            ],
            [
              -76.27097957647757,
              36.15705689753956
            ],
            [
              -76.27100302182804,
              36.15716683251892
            ],
            [
              -76.27102646717849,
              36.157276767498274
            ],
            [
              -76.27104991252894,
              36.15738670247763
            ],
            [
              -76.2710733578794,
              36.15749663745699
            ],
            [
              -76.27109680322985,
              36.157606572436336
            ],
            [
              -76.2711202485803,
              36.15771650741569
            ],
            [
              -76.27114369393075,
              36.15782644239505
            ],
            [
              -76.2711671392812,
              36.157936377374405
            ],
            [
              -76.27119058463167,
              36.15804631235376
            ],
            [
              -76.27121402998213,
              36.15815624733311
            ],
            [
              -76.27123747533258,
              36.15826618231247
            ],
            [
              -76.27126092068303,
              36.15837611729182
            ],
            [
              -76.27128436603348,
              36.15848605227118
            ],
            [
              -76.27130781138393,
              36.158595987250536
            ],
            [
              -76.27133125673438,
              36.15870592222989
            ],
            [
              -76.27135470208485,
              36.15881585720924
            ],
            [
              -76.2713781474353,
              36.1589257921886
            ],
            [
              -76.27140159278576,
              36.159035727167954
            ],
            [
              -76.27142503813621,
              36.15914566214731
            ],
            [
              -76.27144848348667,
              36.159255597126666
            ],
            [
              -76.27147192883712,
              36.159365532106015
            ],
            [
              -76.27149537418758,
              36.15947546708537
            ],
            [
              -76.27151881953803,
              36.15958540206473
            ],
            [
              -76.27154226488848,
              36.159695337044084
            ],
            [
              -76.27156571023893,
              36.15980527202344
            ],
            [
              -76.2715891555894,
              36.1599152070028
            ],
            [
              -76.27161260093985,
              36.160025141982146
            ],
            [
              -76.2716360462903,
              36.16013507696151
            ],
            [
              -76.27165949164075,
              36.16024501194086
            ],
            [
              -76.27168293699121,
              36.16035494692021
            ],
            [
              -76.27170638234166,
              36.16046488189957
            ],
            [
              -76.27172982769211,
              36.16057481687892
            ],
            [
              -76.27175327304256,
              36.16068475185828
            ],
            [
              -76.27177671839303,
              36.16079468683763
            ],
            [
              -76.27180016374348,
              36.16090462181699
            ],
            [
              -76.27182360909393,
              36.161014556796346
            ],
            [
              -76.2718470544444,
              36.1611244917757
            ],
            [
              -76.27187049979484,
              36.16123442675506
            ],
            [
              -76.2718939451453,
              36.16134436173441
            ],
            [
              -76.27191739049576,
              36.161454296713764
            ],
            [
              -76.27194083584621,
              36.16156423169312
            ],
            [
              -76.27196428119666,
              36.16167416667247
            ],
            [
              -76.27198772654711,
              36.161784101651826
            ],
            [
              -76.27201117189756,
              36.16189403663118
            ],
            [
              -76.27203461724802,
              36.16200397161054
            ],
            [
              -76.27205806259848,
              36.162113906589894
            ],
            [
              -76.27208150794894,
              36.16222384156925
            ],
            [
              -76.27210495329939,
              36.16233377654861
            ],
            [
              -76.27212839864984,
              36.162443711527956
            ],
            [
              -76.27215184400029,
              36.16255364650731
            ],
            [
              -76.27217528935074,
              36.16266358148667
            ],
            [
              -76.2721987347012,
              36.162773516466025
            ],
            [
              -76.27222218005166,
              36.16288345144538
            ],
            [
              -76.2722456254021,
              36.16299338642473
            ],
            [
              -76.27226907075257,
              36.16310332140409
            ],
            [
              -76.27229251610302,
              36.16321325638344
            ],
            [
              -76.27231596145347,
              36.1633231913628
            ],
            [
              -76.27233940680392,
              36.163433126342156
            ],
            [
              -76.27236285215437,
              36.16354306132151
            ],
            [
              -76.27238629750484,
              36.16365299630087
            ],
            [
              -76.27240974285529,
              36.16376293128022
            ],
            [
              -76.27243318820575,
              36.163872866259574
            ],
            [
              -76.2724566335562,
              36.16398280123893
            ],
            [
              -76.27248007890665,
              36.16409273621829
            ],
            [
              -76.2725035242571,
              36.16420267119764
            ],
            [
              -76.27252696960755,
              36.16431260617699
            ],
            [
              -76.27255041495802,
              36.164422541156355
            ],
            [
              -76.27257386030847,
              36.164532476135705
            ],
            [
              -76.27259730565892,
              36.164642411115054
            ],
            [
              -76.27262075100938,
              36.16475234609442
            ],
            [
              -76.27264419635983,
              36.164862281073766
            ],
            [
              -76.27266764171029,
              36.16497221605312
            ],
            [
              -76.27269108706074,
              36.16508215103248
            ],
            [
              -76.2727145324112,
              36.165192086011835
            ],
            [
              -76.27273797776165,
              36.16530202099119
            ],
            [
              -76.2727614231121,
              36.16541195597054
            ],
            [
              -76.27278486846257,
              36.165521890949904
            ],
            [
              -76.27280831381302,
              36.16563182592925
            ],
            [
              -76.27283175916347,
              36.16574176090861
            ],
            [
              -76.27285520451392,
              36.165851695887966
            ],
            [
              -76.27287864986438,
              36.165961630867315
            ],
            [
              -76.27290209521483,
              36.16607156584667
            ],
            [
              -76.27292554056528,
              36.16618150082603
            ],
            [
              -76.27294898591575,
              36.166291435805384
            ],
            [
              -76.2729724312662,
              36.16640137078474
            ],
            [
              -76.27299587661665,
              36.1665113057641
            ],
            [
              -76.2730193219671,
              36.16662124074345
            ],
            [
              -76.27304276731755,
              36.1667311757228
            ],
            [
              -76.27306621266801,
              36.16684111070216
            ],
            [
              -76.27308965801846,
              36.166951045681515
            ],
            [
              -76.27311310336893,
              36.16706098066087
            ],
            [
              -76.27313654871938,
              36.16717091564023
            ],
            [
              -76.27315999406983,
              36.167280850619576
            ],
            [
              -76.27318343942028,
              36.16739078559893
            ],
            [
              -76.27320688477073,
              36.16750072057829
            ],
            [
              -76.27323033012118,
              36.167610655557645
            ],
            [
              -76.27325377547163,
              36.167720590537
            ],
            [
              -76.27327722082211,
              36.16783052551636
            ],
            [
              -76.27330066617256,
              36.167940460495714
            ],
            [
              -76.27332411152301,
              36.16805039547506
            ],
            [
              -76.27334755687346,
              36.16816033045442
            ],
            [
              -76.27337100222391,
              36.168270265433776
            ],
            [
              -76.27339444757436,
              36.16838020041313
            ],
            [
              -76.27341789292481,
              36.16849013539249
            ],
            [
              -76.27344133827528,
              36.16860007037184
            ],
            [
              -76.27346478362574,
              36.168710005351194
            ],
            [
              -76.27348822897619,
              36.16881994033055
            ],
            [
              -76.27351167432664,
              36.1689298753099
            ],
            [
              -76.27353511967709,
              36.16903981028926
            ],
            [
              -76.27355856502754,
              36.16914974526861
            ],
            [
              -76.27358201037801,
              36.16925968024797
            ],
            [
              -76.27360545572846,
              36.169369615227325
            ],
            [
              -76.27362890107892,
              36.169479550206674
            ],
            [
              -76.27365234642937,
              36.16958948518604
            ],
            [
              -76.27367579177982,
              36.16969942016539
            ],
            [
              -76.27369923713027,
              36.16980935514475
            ],
            [
              -76.27372268248072,
              36.1699192901241
            ],
            [
              -76.27374612783117,
              36.170029225103455
            ],
            [
              -76.27376957318165,
              36.17013916008281
            ],
            [
              -76.2737930185321,
              36.17024909506216
            ],
            [
              -76.27381646388255,
              36.17035903004152
            ],
            [
              -76.273839909233,
              36.17046896502087
            ],
            [
              -76.27386335458345,
              36.17057890000023
            ],
            [
              -76.2738867999339,
              36.170688834979586
            ],
            [
              -76.27391024528436,
              36.17079876995894
            ],
            [
              -76.27393369063482,
              36.1709087049383
            ],
            [
              -76.27395713598527,
              36.17101863991765
            ],
            [
              -76.27398058133573,
              36.171128574897004
            ],
            [
              -76.27400402668619,
              36.17123850987636
            ],
            [
              -76.27402747203664,
              36.17134844485572
            ],
            [
              -76.27405091738709,
              36.17145837983507
            ],
            [
              -76.27407436273754,
              36.17156831481442
            ],
            [
              -76.274097808088,
              36.17167824979378
            ],
            [
              -76.27412125343845,
              36.171788184773135
            ],
            [
              -76.2741446987889,
              36.17189811975249
            ],
            [
              -76.27416814413937,
              36.17200805473185
            ],
            [
              -76.27419158948982,
              36.1721179897112
            ],
            [
              -76.27421503484027,
              36.17222792469056
            ],
            [
              -76.27423848019072,
              36.17233785966991
            ],
            [
              -76.27426192554118,
              36.172447794649266
            ],
            [
              -76.27428537089163,
              36.17255772962862
            ],
            [
              -76.27430881624208,
              36.17266766460797
            ],
            [
              -76.27433226159253,
              36.172777599587334
            ],
            [
              -76.274355706943,
              36.172887534566684
            ],
            [
              -76.27437915229345,
              36.17299746954605
            ],
            [
              -75.3998880505686,
              36.291293610751225
            ],
            [
              -75.39986576871149,
              36.29118374035538
            ],
            [
              -75.39984348685437,
              36.291073869959526
            ],
            [
              -75.39982120499725,
              36.29096399956367
            ],
            [
              -75.39979892314014,
              36.290854129167826
            ],
            [
              -75.39977664128303,
              36.29074425877197
            ],
            [
              -75.39975435942591,
              36.29063438837612
            ],
            [
              -75.39973207756879,
              36.29052451798027
            ],
            [
              -75.39970979571167,
              36.29041464758442
            ],
            [
              -75.39968751385456,
              36.29030477718857
            ],
            [
              -75.39966523199745,
              36.29019490679272
            ],
            [
              -75.39964295014032,
              36.29008503639687
            ],
            [
              -75.3996206682832,
              36.289975166001014
            ],
            [
              -75.39959838642609,
              36.28986529560517
            ],
            [
              -75.39957610456898,
              36.28975542520931
            ],
            [
              -75.39955382271185,
              36.28964555481346
            ],
            [
              -75.39953154085474,
              36.28953568441761
            ],
            [
              -75.39950925899763,
              36.289425814021754
            ],
            [
              -75.3994869771405,
              36.28931594362591
            ],
            [
              -75.3994646952834,
              36.289206073230055
            ],
            [
              -75.39944241342627,
              36.2890962028342
            ],
            [
              -75.39942013156914,
              36.28898633243835
            ],
            [
              -75.39939784971205,
              36.2888764620425
            ],
            [
              -75.39937556785492,
              36.28876659164665
            ],
            [
              -75.39935328599782,
              36.288656721250796
            ],
            [
              -75.39933100414069,
              36.28854685085494
            ],
            [
              -75.39930872228356,
              36.288436980459096
            ],
            [
              -75.39928644042647,
              36.28832711006324
            ],
            [
              -75.39926415856934,
              36.28821723966739
            ],
            [
              -75.39924187671222,
              36.288107369271536
            ],
            [
              -75.39921959485511,
              36.28799749887569
            ],
            [
              -75.39919731299798,
              36.28788762847984
            ],
            [
              -75.39917503114087,
              36.28777775808398
            ],
            [
              -75.39915274928376,
              36.28766788768814
            ],
            [
              -75.39913046742664,
              36.287558017292284
            ],
            [
              -75.39910818556953,
              36.28744814689644
            ],
            [
              -75.3990859037124,
              36.28733827650058
            ],
            [
              -75.39906362185529,
              36.28722840610473
            ],
            [
              -75.39904133999818,
              36.28711853570888
            ],
            [
              -75.39901905814105,
              36.287008665313024
            ],
            [
              -75.39899677628394,
              36.28689879491718
            ],
            [
              -75.39897449442682,
              36.286788924521325
            ],
            [
              -75.39895221256971,
              36.28667905412547
            ],
            [
              -75.3989299307126,
              36.28656918372962
            ],
            [
              -75.39890764885547,
              36.28645931333377
            ],
            [
              -75.39888536699836,
              36.28634944293792
            ],
            [
              -75.39886308514124,
              36.286239572542065
            ],
            [
              -75.39884080328413,
              36.28612970214622
            ],
            [
              -75.39881852142702,
              36.28601983175036
            ],
            [
              -75.39879623956989,
              36.28590996135451
            ],
            [
              -75.39877395771278,
              36.28580009095866
            ],
            [
              -75.39875167585566,
              36.285690220562806
            ],
            [
              -75.39872939399855,
              36.28558035016696
            ],
            [
              -75.39870711214144,
              36.28547047977111
            ],
            [
              -75.39868483028431,
              36.28536060937525
            ],
            [
              -75.3986625484272,
              36.2852507389794
            ],
            [
              -75.39864026657008,
              36.285140868583554
            ],
            [
              -75.39861798471296,
              36.2850309981877
            ],
            [
              -75.39859570285584,
              36.28492112779185
            ],
            [
              -75.39857342099873,
              36.284811257396
            ],
            [
              -75.39855113914162,
              36.28470138700015
            ],
            [
              -75.3985288572845,
              36.284591516604294
            ],
            [
              -75.39850657542738,
              36.28448164620844
            ],
            [
              -75.39848429357026,
              36.284371775812595
            ],
            [
              -75.39846201171315,
              36.28426190541674
            ],
            [
              -75.39843972985602,
              36.28415203502089
            ],
            [
              -75.39841744799892,
              36.28404216462504
            ],
            [
              -75.3983951661418,
              36.28393229422919
            ],
            [
              -75.39837288428467,
              36.283822423833335
            ],
            [
              -75.39835060242757,
              36.28371255343749
            ],
            [
              -75.39832832057044,
              36.283602683041636
            ],
            [
              -75.39830603871333,
              36.283492812645775
            ],
            [
              -75.39828375685622,
              36.28338294224993
            ],
            [
              -75.39826147499909,
              36.283273071854076
            ],
            [
              -75.39823919314198,
              36.28316320145823
            ],
            [
              -75.39821691128486,
              36.283053331062376
            ],
            [
              -75.39819462942775,
              36.28294346066652
            ],
            [
              -75.39817234757064,
              36.28283359027067
            ],
            [
              -75.39815006571351,
              36.282723719874824
            ],
            [
              -75.3981277838564,
              36.28261384947897
            ],
            [
              -75.39810550199928,
              36.28250397908312
            ],
            [
              -75.39808322014217,
              36.28239410868727
            ],
            [
              -75.39806093828504,
              36.28228423829141
            ],
            [
              -75.39803865642793,
              36.282174367895564
            ],
            [
              -75.39801637457082,
              36.28206449749971
            ],
            [
              -75.3979940927137,
              36.281954627103865
            ],
            [
              -75.39797181085657,
              36.28184475670801
            ],
            [
              -75.39794952899946,
              36.28173488631216
            ],
            [
              -75.39792724714235,
              36.28162501591631
            ],
            [
              -75.39790496528524,
              36.28151514552046
            ],
            [
              -75.39788268342812,
              36.281405275124605
            ],
            [
              -75.397860401571,
              36.28129540472875
            ],
            [
              -75.39783811971388,
              36.281185534332906
            ],
            [
              -75.39781583785677,
              36.28107566393705
            ],
            [
              -75.39779355599966,
              36.2809657935412
            ],
            [
              -75.39777127414254,
              36.28085592314535
            ],
            [
              -75.39774899228541,
              36.28074605274949
            ],
            [
              -75.3977267104283,
              36.280636182353646
            ],
            [
              -75.39770442857119,
              36.28052631195779
            ],
            [
              -75.39768214671406,
              36.28041644156194
            ],
            [
              -75.39765986485695,
              36.28030657116609
            ],
            [
              -75.39763758299983,
              36.28019670077024
            ],
            [
              -75.39761530114271,
              36.28008683037439
            ],
            [
              -75.39759301928561,
              36.27997695997854
            ],
            [
              -75.39757073742848,
              36.27986708958268
            ],
            [
              -75.39754845557137,
              36.279757219186834
            ],
            [
              -75.39752617371425,
              36.27964734879098
            ],
            [
              -75.39750389185713,
              36.27953747839513
            ],
            [
              -75.39748161000003,
              36.27942760799928
            ],
            [
              -75.3974593281429,
              36.27931773760343
            ],
            [
              -75.39743704628579,
              36.279207867207575
            ],
            [
              -75.39741476442867,
              36.27909799681173
            ],
            [
              -75.39739248257155,
              36.278988126415875
            ],
            [
              -75.39737020071445,
              36.27887825602002
            ],
            [
              -75.39734791885732,
              36.278768385624176
            ],
            [
              -75.3973256370002,
              36.27865851522832
            ],
            [
              -75.3973033551431,
              36.27854864483247
            ],
            [
              -75.39728107328597,
              36.27843877443662
            ],
            [
              -75.39725879142885,
              36.27832890404076
            ],
            [
              -75.39723650957174,
              36.278219033644916
            ],
            [
              -75.39721422771461,
              36.27810916324906
            ],
            [
              -75.3971919458575,
              36.27799929285321
            ],
            [
              -75.39716966400039,
              36.27788942245736
            ],
            [
              -75.39714738214327,
              36.2777795520615
            ],
            [
              -75.39712510028615,
              36.27766968166566
            ],
            [
              -75.39710281842903,
              36.2775598112698
            ],
            [
              -75.39708053657192,
              36.27744994087395
            ],
            [
              -75.3970582547148,
              36.277340070478104
            ],
            [
              -75.3970359728577,
              36.27723020008225
            ],
            [
              -75.39701369100057,
              36.2771203296864
            ],
            [
              -75.39699140914345,
              36.27701045929055
            ],
            [
              -75.39696912728634,
              36.2769005888947
            ],
            [
              -75.39694684542923,
              36.276790718498845
            ],
            [
              -75.39692456357211,
              36.276680848103
            ],
            [
              -75.39690228171499,
              36.276570977707145
            ],
            [
              -75.39687999985787,
              36.27646110731129
            ],
            [
              -75.39685771800076,
              36.276351236915445
            ],
            [
              -75.39683543614365,
              36.276241366519585
            ],
            [
              -75.39681315428653,
              36.27613149612374
            ],
            [
              -75.3967908724294,
              36.276021625727886
            ],
            [
              -75.3967685905723,
              36.27591175533203
            ],
            [
              -75.39674630871518,
              36.275801884936186
            ],
            [
              -75.39672402685807,
              36.27569201454033
            ],
            [
              -75.39670174500094,
              36.27558214414448
            ],
            [
              -75.39667946314383,
              36.27547227374863
            ],
            [
              -75.39665718128671,
              36.27536240335278
            ],
            [
              -75.39663489942959,
              36.27525253295693
            ],
            [
              -75.39661261757249,
              36.27514266256108
            ],
            [
              -75.39659033571536,
              36.27503279216522
            ],
            [
              -75.39656805385825,
              36.274922921769374
            ],
            [
              -75.39654577200113,
              36.27481305137352
            ],
            [
              -75.396523490144,
              36.27470318097767
            ],
            [
              -75.39650120828689,
              36.274593310581814
            ],
            [
              -75.39647892642978,
              36.27448344018597
            ],
            [
              -75.39645664457267,
              36.274373569790114
            ],
            [
              -75.39643436271554,
              36.27426369939426
            ],
            [
              -75.39641208085843,
              36.274153828998415
            ],
            [
              -75.39638979900131,
              36.27404395860256
            ],
            [
              -75.3963675171442,
              36.273934088206715
            ],
            [
              -75.39634523528709,
              36.273824217810855
            ],
            [
              -75.39632295342996,
              36.27371434741501
            ],
            [
              -75.39630067157285,
              36.273604477019155
            ],
            [
              -75.39627838971573,
              36.2734946066233
            ],
            [
              -75.39625610785862,
              36.273384736227456
            ],
            [
              -75.3962338260015,
              36.2732748658316
            ],
            [
              -75.39621154414438,
              36.27316499543575
            ],
            [
              -75.39618926228727,
              36.2730551250399
            ],
            [
              -75.39616698043015,
              36.27294525464405
            ],
            [
              -75.39614469857304,
              36.2728353842482
            ],
            [
              -75.39612241671593,
              36.27272551385235
            ],
            [
              -75.3961001348588,
              36.2726156434565
            ],
            [
              -75.39607785300169,
              36.27250577306064
            ],
            [
              -75.39605557114457,
              36.2723959026648
            ],
            [
              -75.39603328928746,
              36.27228603226894
            ],
            [
              -75.39601100743033,
              36.27217616187309
            ],
            [
              -75.39598872557322,
              36.27206629147724
            ],
            [
              -75.3959664437161,
              36.271956421081384
            ],
            [
              -75.39594416185898,
              36.27184655068553
            ],
            [
              -75.39592188000186,
              36.271736680289685
            ],
            [
              -75.39589959814475,
              36.27162680989383
            ],
            [
              -75.39587731628762,
              36.27151693949798
            ],
            [
              -75.39585503443053,
              36.271407069102125
            ],
            [
              -75.3958327525734,
              36.27129719870628
            ],
            [
              -75.39581047071628,
              36.271187328310425
            ],
            [
              -75.39578818885917,
              36.27107745791457
            ],
            [
              -75.39576590700204,
              36.27096758751872
            ],
            [
              -75.39574362514495,
              36.27085771712287
            ],
            [
              -75.39572134328782,
              36.27074784672702
            ],
            [
              -75.3956990614307,
              36.27063797633117
            ],
            [
              -75.39567677957359,
              36.27052810593532
            ],
            [
              -75.39565449771646,
              36.270418235539466
            ],
            [
              -75.39563221585937,
              36.27030836514362
            ],
            [
              -75.39560993400224,
              36.27019849474777
            ],
            [
              -75.39558765214512,
              36.270088624351914
            ],
            [
              -75.39556537028801,
              36.26997875395606
            ],
            [
              -75.39554308843088,
              36.26986888356021
            ],
            [
              -75.39552080657377,
              36.269759013164354
            ],
            [
              -75.39549852471666,
              36.26964914276851
            ],
            [
              -75.39547624285954,
              36.269539272372654
            ],
            [
              -75.39545396100242,
              36.2694294019768
            ],
            [
              -75.3954316791453,
              36.269319531580955
            ],
            [
              -75.39540939728819,
              36.2692096611851
            ],
            [
              -75.39538711543106,
              36.26909979078925
            ],
            [
              -75.39536483357396,
              36.268989920393395
            ],
            [
              -75.39534255171684,
              36.26888004999755
            ],
            [
              -75.39532026985972,
              36.268770179601695
            ],
            [
              -75.39529798800261,
              36.26866030920584
            ],
            [
              -75.39527570614548,
              36.26855043880999
            ],
            [
              -75.39525342428837,
              36.268440568414135
            ],
            [
              -75.39523114243126,
              36.26833069801829
            ],
            [
              -75.39520886057414,
              36.268220827622436
            ],
            [
              -75.39518657871702,
              36.26811095722658
            ],
            [
              -75.3951642968599,
              36.268001086830736
            ],
            [
              -75.39514201500279,
              36.26789121643488
            ],
            [
              -75.39511973314568,
              36.26778134603904
            ],
            [
              -75.39509745128856,
              36.26767147564318
            ],
            [
              -75.39507516943145,
              36.26756160524733
            ],
            [
              -75.39505288757432,
              36.26745173485148
            ],
            [
              -75.39503060571721,
              36.26734186445563
            ],
            [
              -75.3950083238601,
              36.26723199405978
            ],
            [
              -75.39498604200298,
              36.267122123663924
            ],
            [
              -75.39496376014586,
              36.26701225326807
            ],
            [
              -75.39494147828874,
              36.266902382872225
            ],
            [
              -75.39491919643163,
              36.26679251247637
            ],
            [
              -75.3948969145745,
              36.26668264208052
            ],
            [
              -75.39487463271739,
              36.266572771684665
            ],
            [
              -75.39485235086028,
              36.26646290128881
            ],
            [
              -75.39483006900315,
              36.26635303089296
            ],
            [
              -75.39480778714605,
              36.26624316049711
            ],
            [
              -75.39478550528892,
              36.26613329010126
            ],
            [
              -75.3947632234318,
              36.266023419705405
            ],
            [
              -75.3947409415747,
              36.26591354930956
            ],
            [
              -75.39471865971757,
              36.265803678913706
            ],
            [
              -75.39469637786046,
              36.26569380851785
            ],
            [
              -75.39467409600334,
              36.265583938122006
            ],
            [
              -75.39465181414621,
              36.26547406772615
            ],
            [
              -75.39462953228912,
              36.2653641973303
            ],
            [
              -75.39460725043199,
              36.26525432693445
            ],
            [
              -75.39458496857488,
              36.2651444565386
            ],
            [
              -75.39456268671776,
              36.26503458614275
            ],
            [
              -75.39454040486063,
              36.2649247157469
            ],
            [
              -75.39451812300354,
              36.26481484535104
            ],
            [
              -75.39449584114641,
              36.264704974955194
            ],
            [
              -75.3944735592893,
              36.26459510455934
            ],
            [
              -75.39445127743218,
              36.26448523416349
            ],
            [
              -75.39442899557505,
              36.26437536376764
            ],
            [
              -75.39440671371794,
              36.26426549337179
            ],
            [
              -75.39438443186083,
              36.26415562297594
            ],
            [
              -75.39436215000372,
              36.26404575258008
            ],
            [
              -75.3943398681466,
              36.263935882184235
            ],
            [
              -75.39431758628947,
              36.26382601178838
            ],
            [
              -75.39429530443236,
              36.26371614139253
            ],
            [
              -75.39427302257525,
              36.263606270996675
            ],
            [
              -75.39425074071814,
              36.26349640060083
            ],
            [
              -75.39422845886102,
              36.263386530204976
            ],
            [
              -75.3942061770039,
              36.26327665980912
            ],
            [
              -75.39418389514678,
              36.263166789413276
            ],
            [
              -75.39416161328967,
              36.26305691901742
            ],
            [
              -75.39413933143254,
              36.26294704862157
            ],
            [
              -75.39411704957544,
              36.26283717822572
            ],
            [
              -75.39409476771831,
              36.26272730782987
            ],
            [
              -75.39407248586119,
              36.26261743743402
            ],
            [
              -75.39405020400409,
              36.26250756703816
            ],
            [
              -75.39402792214696,
              36.26239769664231
            ],
            [
              -75.39400564028985,
              36.262287826246464
            ],
            [
              -75.39398335843273,
              36.26217795585061
            ],
            [
              -75.39396107657561,
              36.26206808545476
            ],
            [
              -75.39393879471851,
              36.26195821505891
            ],
            [
              -75.39391651286138,
              36.26184834466306
            ],
            [
              -75.39389423100427,
              36.261738474267204
            ],
            [
              -75.39387194914715,
              36.26162860387136
            ],
            [
              -75.39384966729003,
              36.261518733475505
            ],
            [
              -75.39382738543293,
              36.26140886307965
            ],
            [
              -75.3938051035758,
              36.2612989926838
            ],
            [
              -75.39378282171867,
              36.26118912228795
            ],
            [
              -75.39376053986157,
              36.2610792518921
            ],
            [
              -75.39373825800445,
              36.260969381496245
            ],
            [
              -75.39371597614733,
              36.26085951110039
            ],
            [
              -75.39369369429022,
              36.260749640704546
            ],
            [
              -75.3936714124331,
              36.26063977030869
            ],
            [
              -75.39364913057598,
              36.26052989991284
            ],
            [
              -75.39362684871887,
              36.26042002951699
            ],
            [
              -75.39360456686175,
              36.26031015912114
            ],
            [
              -75.39358228500463,
              36.26020028872529
            ],
            [
              -75.39356000314753,
              36.26009041832943
            ],
            [
              -75.3935377212904,
              36.25998054793358
            ],
            [
              -75.39351543943327,
              36.259870677537734
            ],
            [
              -75.39349315757617,
              36.25976080714188
            ],
            [
              -75.39347087571905,
              36.25965093674603
            ],
            [
              -75.39344859386192,
              36.259541066350174
            ],
            [
              -75.39342631200482,
              36.25943119595433
            ],
            [
              -75.39340403014769,
              36.259321325558474
            ],
            [
              -75.3933817482906,
              36.25921145516262
            ],
            [
              -75.39335946643347,
              36.259101584766775
            ],
            [
              -75.39333718457635,
              36.25899171437092
            ],
            [
              -75.39331490271924,
              36.258881843975075
            ],
            [
              -75.39329262086211,
              36.25877197357922
            ],
            [
              -75.39327033900501,
              36.25866210318337
            ],
            [
              -75.39324805714789,
              36.258552232787515
            ],
            [
              -75.39322577529076,
              36.25844236239166
            ],
            [
              -75.39320349343366,
              36.258332491995816
            ],
            [
              -75.39318121157653,
              36.25822262159996
            ],
            [
              -75.3931589297194,
              36.25811275120411
            ],
            [
              -75.3931366478623,
              36.25800288080826
            ],
            [
              -75.3931143660052,
              36.2578930104124
            ],
            [
              -75.39309208414807,
              36.257783140016556
            ],
            [
              -75.39306980229095,
              36.2576732696207
            ],
            [
              -75.39304752043384,
              36.25756339922485
            ],
            [
              -75.39302523857671,
              36.257453528829
            ],
            [
              -75.3930029567196,
              36.25734365843315
            ],
            [
              -75.39298067486249,
              36.2572337880373
            ],
            [
              -75.39295839300536,
              36.257123917641444
            ],
            [
              -75.39293611114825,
              36.2570140472456
            ],
            [
              -75.39291382929113,
              36.256904176849744
            ],
            [
              -75.39289154743402,
              36.25679430645389
            ],
            [
              -75.3928692655769,
              36.25668443605804
            ],
            [
              -75.39284698371978,
              36.25657456566219
            ],
            [
              -75.39282470186268,
              36.25646469526634
            ],
            [
              -75.39280242000555,
              36.256354824870485
            ],
            [
              -75.39278013814844,
              36.25624495447463
            ],
            [
              -75.39275785629133,
              36.256135084078785
            ],
            [
              -75.3927355744342,
              36.25602521368293
            ],
            [
              -75.39271329257708,
              36.255915343287086
            ],
            [
              -75.39269101071997,
              36.25580547289123
            ],
            [
              -75.39266872886286,
              36.25569560249538
            ],
            [
              -75.39264644700575,
              36.255585732099526
            ],
            [
              -75.39262416514862,
              36.25547586170368
            ],
            [
              -75.39260188329152,
              36.255365991307826
            ],
            [
              -75.39257960143439,
              36.25525612091198
            ],
            [
              -75.39255731957728,
              36.25514625051612
            ],
            [
              -75.39253503772017,
              36.255036380120266
            ],
            [
              -75.39251275586304,
              36.25492650972442
            ],
            [
              -75.39249047400592,
              36.25481663932857
            ],
            [
              -75.39246819214881,
              36.254706768932714
            ],
            [
              -75.3924459102917,
              36.25459689853687
            ],
            [
              -75.39242362843459,
              36.254487028141014
            ],
            [
              -75.39240134657746,
              36.25437715774517
            ],
            [
              -75.39237906472036,
              36.254267287349315
            ],
            [
              -75.39235678286323,
              36.254157416953454
            ],
            [
              -75.3923345010061,
              36.25404754655761
            ],
            [
              -75.392312219149,
              36.25393767616176
            ],
            [
              -75.39228993729188,
              36.25382780576591
            ],
            [
              -75.39226765543475,
              36.25371793537005
            ],
            [
              -75.39224537357765,
              36.2536080649742
            ],
            [
              -75.39222309172052,
              36.25349819457835
            ],
            [
              -75.39220080986341,
              36.2533883241825
            ],
            [
              -75.3921785280063,
              36.25327845378665
            ],
            [
              -75.39215624614917,
              36.253168583390796
            ],
            [
              -75.39213396429207,
              36.25305871299494
            ],
            [
              -75.39211168243494,
              36.252948842599096
            ],
            [
              -75.39208940057785,
              36.25283897220324
            ],
            [
              -75.39206711872072,
              36.2527291018074
            ],
            [
              -75.39204483686359,
              36.252619231411536
            ],
            [
              -75.39202255500649,
              36.25250936101569
            ],
            [
              -75.39200027314936,
              36.25239949061984
            ],
            [
              -75.39197799129224,
              36.25228962022399
            ],
            [
              -75.39195570943514,
              36.25217974982814
            ],
            [
              -75.39193342757801,
              36.25206987943228
            ],
            [
              -75.39191114572088,
              36.25196000903643
            ],
            [
              -75.39188886386378,
              36.251850138640584
            ],
            [
              -75.39186658200667,
              36.25174026824473
            ],
            [
              -75.39184430014954,
              36.25163039784887
            ],
            [
              -75.39182201829243,
              36.251520527453025
            ],
            [
              -75.39179973643532,
              36.25141065705718
            ],
            [
              -75.39177745457819,
              36.251300786661325
            ],
            [
              -75.39175517272108,
              36.25119091626547
            ],
            [
              -75.39173289086396,
              36.25108104586962
            ],
            [
              -75.39171060900684,
              36.250971175473765
            ],
            [
              -75.39168832714972,
              36.25086130507792
            ],
            [
              -75.39166604529261,
              36.250751434682066
            ],
            [
              -75.3916437634355,
              36.25064156428621
            ],
            [
              -75.39162148157838,
              36.25053169389036
            ],
            [
              -75.39159919972127,
              36.25042182349452
            ],
            [
              -75.39157691786416,
              36.25031195309866
            ],
            [
              -75.39155463600703,
              36.25020208270281
            ],
            [
              -75.39153235414992,
              36.25009221230696
            ],
            [
              -75.3915100722928,
              36.2499823419111
            ],
            [
              -75.39148779043568,
              36.24987247151525
            ],
            [
              -75.39146550857856,
              36.24976260111941
            ],
            [
              -75.39144322672145,
              36.249652730723554
            ],
            [
              -75.39142094486434,
              36.2495428603277
            ],
            [
              -75.39139866300722,
              36.24943298993185
            ],
            [
              -75.3913763811501,
              36.249323119536
            ],
            [
              -75.39135409929298,
              36.24921324914015
            ],
            [
              -75.39133181743587,
              36.249103378744294
            ],
            [
              -75.39130953557874,
              36.24899350834844
            ],
            [
              -75.39128725372164,
              36.248883637952595
            ],
            [
              -75.39126497186452,
              36.24877376755674
            ],
            [
              -75.3912426900074,
              36.24866389716089
            ],
            [
              -75.39122040815029,
              36.248554026765035
            ],
            [
              -75.39119812629316,
              36.24844415636919
            ],
            [
              -75.39117584443606,
              36.248334285973336
            ],
            [
              -75.39115356257894,
              36.24822441557748
            ],
            [
              -75.39113128072182,
              36.248114545181636
            ],
            [
              -75.39110899886471,
              36.24800467478578
            ],
            [
              -75.39108671700758,
              36.24789480438993
            ],
            [
              -75.39106443515048,
              36.247784933994076
            ],
            [
              -75.39104215329336,
              36.24767506359823
            ],
            [
              -75.39101987143623,
              36.24756519320237
            ],
            [
              -75.39099758957913,
              36.24745532280652
            ],
            [
              -75.390975307722,
              36.24734545241068
            ],
            [
              -75.39095302586489,
              36.247235582014824
            ],
            [
              -75.39093074400778,
              36.24712571161897
            ],
            [
              -75.39090846215066,
              36.24701584122312
            ],
            [
              -75.39088618029353,
              36.24690597082727
            ],
            [
              -75.39086389843642,
              36.24679610043142
            ],
            [
              -75.39084161657932,
              36.246686230035564
            ],
            [
              -75.3908193347222,
              36.24657635963971
            ],
            [
              -75.39079705286507,
              36.24646648924386
            ],
            [
              -75.39077477100797,
              36.24635661884802
            ],
            [
              -75.39075248915084,
              36.24624674845216
            ],
            [
              -75.39073020729371,
              36.246136878056305
            ],
            [
              -75.39070792543662,
              36.24602700766046
            ],
            [
              -75.39068564357949,
              36.24591713726461
            ],
            [
              -75.39066336172236,
              36.24580726686875
            ],
            [
              -75.39064107986526,
              36.2456973964729
            ],
            [
              -75.39061879800815,
              36.24558752607705
            ],
            [
              -75.39059651615102,
              36.24547765568119
            ],
            [
              -75.39057423429391,
              36.24536778528535
            ],
            [
              -75.3905519524368,
              36.24525791488949
            ],
            [
              -75.39052967057967,
              36.24514804449365
            ],
            [
              -75.39050738872255,
              36.24503817409779
            ],
            [
              -75.39048510686544,
              36.24492830370194
            ],
            [
              -75.39046282500831,
              36.24481843330609
            ],
            [
              -75.3904405431512,
              36.24470856291024
            ],
            [
              -75.3904182612941,
              36.24459869251439
            ],
            [
              -75.39039597943697,
              36.244488822118534
            ],
            [
              -75.39037369757986,
              36.24437895172269
            ],
            [
              -75.39035141572275,
              36.24426908132684
            ],
            [
              -75.39032913386563,
              36.24415921093098
            ],
            [
              -75.39030685200851,
              36.244049340535135
            ],
            [
              -75.3902845701514,
              36.24393947013928
            ],
            [
              -75.39026228829428,
              36.243829599743435
            ],
            [
              -75.39024000643715,
              36.243719729347575
            ],
            [
              -75.39021772458004,
              36.24360985895172
            ],
            [
              -75.39019544272293,
              36.243499988555875
            ],
            [
              -75.3901731608658,
              36.24339011816002
            ],
            [
              -75.3901508790087,
              36.243280247764176
            ],
            [
              -75.39012859715157,
              36.243170377368315
            ],
            [
              -75.39010631529445,
              36.24306050697247
            ],
            [
              -75.39008403343735,
              36.24295063657662
            ],
            [
              -75.39006175158022,
              36.24284076618077
            ],
            [
              -75.3900394697231,
              36.24273089578491
            ],
            [
              -75.390017187866,
              36.24262102538906
            ],
            [
              -75.38999490600887,
              36.24251115499322
            ],
            [
              -75.38997262415177,
              36.24240128459736
            ],
            [
              -75.38995034229464,
              36.24229141420151
            ],
            [
              -75.38992806043753,
              36.24218154380566
            ],
            [
              -75.38990577858041,
              36.242071673409804
            ],
            [
              -75.38988349672329,
              36.24196180301396
            ],
            [
              -75.38986121486619,
              36.241851932618104
            ],
            [
              -75.38983893300906,
              36.24174206222225
            ],
            [
              -75.38981665115195,
              36.2416321918264
            ],
            [
              -75.38979436929483,
              36.241522321430544
            ],
            [
              -75.3897720874377,
              36.24141245103469
            ],
            [
              -75.38974980558059,
              36.24130258063885
            ],
            [
              -75.38972752372348,
              36.241192710243
            ],
            [
              -75.38970524186635,
              36.24108283984714
            ],
            [
              -75.38968296000925,
              36.24097296945129
            ],
            [
              -75.38966067815213,
              36.240863099055446
            ],
            [
              -75.38963839629501,
              36.24075322865959
            ],
            [
              -75.3896161144379,
              36.24064335826373
            ],
            [
              -75.38959383258079,
              36.240533487867886
            ],
            [
              -75.38957155072367,
              36.24042361747204
            ],
            [
              -75.38954926886655,
              36.240313747076186
            ],
            [
              -75.38952698700943,
              36.24020387668033
            ],
            [
              -75.38950470515232,
              36.24009400628448
            ],
            [
              -75.38948242329519,
              36.239984135888626
            ],
            [
              -75.3894601414381,
              36.23987426549278
            ],
            [
              -75.38943785958097,
              36.23976439509693
            ],
            [
              -75.38941557772384,
              36.23965452470107
            ],
            [
              -75.38939329586674,
              36.23954465430522
            ],
            [
              -75.38937101400963,
              36.239434783909374
            ],
            [
              -75.3893487321525,
              36.23932491351352
            ],
            [
              -75.38932645029539,
              36.239215043117674
            ],
            [
              -75.38930416843827,
              36.239105172721814
            ],
            [
              -75.38928188658114,
              36.23899530232597
            ],
            [
              -75.38925960472403,
              36.238885431930115
            ],
            [
              -75.38923732286693,
              36.23877556153427
            ],
            [
              -75.38921504100979,
              36.23866569113841
            ],
            [
              -75.38919275915268,
              36.238555820742555
            ],
            [
              -75.38917047729558,
              36.238445950346716
            ],
            [
              -75.38914819543845,
              36.23833607995086
            ],
            [
              -75.38912591358134,
              36.23822620955501
            ],
            [
              -75.38910363172423,
              36.238116339159156
            ],
            [
              -75.38908134986711,
              36.2380064687633
            ],
            [
              -75.38905906800998,
              36.237896598367456
            ],
            [
              -75.38903678615287,
              36.2377867279716
            ],
            [
              -75.38901450429576,
              36.23767685757575
            ],
            [
              -75.38899222243863,
              36.237566987179896
            ],
            [
              -75.38896994058152,
              36.23745711678406
            ],
            [
              -75.3889476587244,
              36.2373472463882
            ],
            [
              -75.38892537686728,
              36.23723737599234
            ],
            [
              -75.38890309501018,
              36.2371275055965
            ],
            [
              -75.38888081315305,
              36.23701763520064
            ],
            [
              -75.38885853129594,
              36.23690776480479
            ],
            [
              -75.38883624943882,
              36.23679789440894
            ],
            [
              -75.3888139675817,
              36.23668802401309
            ],
            [
              -75.38879168572458,
              36.23657815361723
            ],
            [
              -75.38876940386747,
              36.23646828322138
            ],
            [
              -75.38874712201034,
              36.23635841282553
            ],
            [
              -75.38872484015323,
              36.236248542429685
            ],
            [
              -75.38870255829612,
              36.23613867203383
            ],
            [
              -75.388680276439,
              36.23602880163798
            ],
            [
              -75.38865799458188,
              36.235918931242125
            ],
            [
              -75.38863571272478,
              36.23580906084628
            ],
            [
              -75.38861343086766,
              36.235699190450426
            ],
            [
              -75.38859114901052,
              36.23558932005457
            ],
            [
              -75.38856886715342,
              36.23547944965872
            ],
            [
              -75.38854658529631,
              36.23536957926288
            ],
            [
              -75.38852430343918,
              36.23525970886702
            ],
            [
              -75.38850202158207,
              36.235149838471166
            ],
            [
              -75.38847976852537,
              36.235039969863635
            ],
            [
              -75.38845755004463,
              36.23493010340305
            ],
            [
              -75.3884353315639,
              36.23482023694246
            ],
            [
              -75.38841311308316,
              36.23471037048187
            ],
            [
              -75.38839089460244,
              36.23460050402129
            ],
            [
              -75.3883686761217,
              36.2344906375607
            ],
            [
              -75.38834645764096,
              36.234380771100106
            ],
            [
              -75.38832423916023,
              36.23427090463952
            ],
            [
              -75.3883020206795,
              36.23416103817894
            ],
            [
              -75.38827980219877,
              36.23405117171834
            ],
            [
              -75.38825758371803,
              36.23394130525776
            ],
            [
              -75.3882353652373,
              36.233831438797175
            ],
            [
              -75.38821314675656,
              36.233721572336584
            ],
            [
              -75.38819092827583,
              36.233611705876
            ],
            [
              -75.3881687097951,
              36.23350183941541
            ],
            [
              -75.38814649131436,
              36.23339197295483
            ],
            [
              -75.38812427283362,
              36.23328210649424
            ],
            [
              -75.38810205435288,
              36.233172240033646
            ],
            [
              -75.38807983587216,
              36.23306237357306
            ],
            [
              -75.38805761739142,
              36.23295250711247
            ],
            [
              -75.38803539891069,
              36.23284264065188
            ],
            [
              -75.38801318042995,
              36.23273277419129
            ],
            [
              -75.38799096194923,
              36.23262290773071
            ],
            [
              -75.38796874346848,
              36.23251304127012
            ],
            [
              -75.38794652498775,
              36.23240317480953
            ],
            [
              -75.38792430650702,
              36.23229330834894
            ],
            [
              -75.38790208802628,
              36.23218344188835
            ],
            [
              -75.38787986954554,
              36.23207357542777
            ],
            [
              -75.38785765106482,
              36.23196370896718
            ],
            [
              -75.38783543258408,
              36.23185384250659
            ],
            [
              -75.38781321410335,
              36.231743976046005
            ],
            [
              -75.38779099562261,
              36.23163410958542
            ],
            [
              -75.38776877714187,
              36.23152424312483
            ],
            [
              -75.38774655866115,
              36.23141437666424
            ],
            [
              -75.3877243401804,
              36.23130451020366
            ],
            [
              -75.38770212169968,
              36.231194643743066
            ],
            [
              -75.38767990321894,
              36.231084777282476
            ],
            [
              -75.3876576847382,
              36.23097491082189
            ],
            [
              -75.38763546625746,
              36.2308650443613
            ],
            [
              -75.38761324777674,
              36.23075517790071
            ],
            [
              -75.387591029296,
              36.23064531144013
            ],
            [
              -75.38756881081527,
              36.23053544497954
            ],
            [
              -75.38754659233454,
              36.23042557851895
            ],
            [
              -75.38752437385381,
              36.23031571205836
            ],
            [
              -75.38750215537307,
              36.23020584559777
            ],
            [
              -75.38747993689233,
              36.23009597913719
            ],
            [
              -75.3874577184116,
              36.2299861126766
            ],
            [
              -75.38743549993087,
              36.22987624621601
            ],
            [
              -75.38741328145012,
              36.229766379755425
            ],
            [
              -75.3873910629694,
              36.22965651329484
            ],
            [
              -75.38736884448866,
              36.22954664683425
            ],
            [
              -75.38734662600793,
              36.22943678037366
            ],
            [
              -75.38732440752719,
              36.22932691391308
            ],
            [
              -75.38730218904647,
              36.22921704745249
            ],
            [
              -75.38727997056573,
              36.2291071809919
            ],
            [
              -75.38725775208499,
              36.22899731453131
            ],
            [
              -75.38723553360427,
              36.22888744807072
            ],
            [
              -75.38721331512352,
              36.22877758161014
            ],
            [
              -75.3871910966428,
              36.22866771514955
            ],
            [
              -75.38716887816204,
              36.22855784868896
            ],
            [
              -75.38714665968132,
              36.22844798222837
            ],
            [
              -75.38712444120058,
              36.228338115767784
            ],
            [
              -75.38710222271985,
              36.22822824930719
            ],
            [
              -75.38708000423911,
              36.2281183828466
            ],
            [
              -75.38705778575839,
              36.22800851638602
            ],
            [
              -75.38703556727765,
              36.22789864992543
            ],
            [
              -75.38701334879691,
              36.22778878346484
            ],
            [
              -75.38699113031619,
              36.227678917004255
            ],
            [
              -75.38696891183544,
              36.227569050543664
            ],
            [
              -75.38694669335472,
              36.227459184083074
            ],
            [
              -75.38692447487398,
              36.22734931762249
            ],
            [
              -75.38690225639324,
              36.2272394511619
            ],
            [
              -75.3868800379125,
              36.227129584701316
            ],
            [
              -75.38685781943177,
              36.227019718240726
            ],
            [
              -75.38683560095103,
              36.22690985178014
            ],
            [
              -75.38681338247031,
              36.22679998531956
            ],
            [
              -75.38679116398957,
              36.22669011885897
            ],
            [
              -75.38676894550883,
              36.22658025239838
            ],
            [
              -75.38674672702811,
              36.226470385937795
            ],
            [
              -75.38672450854737,
              36.226360519477204
            ],
            [
              -75.38670229006664,
              36.22625065301661
            ],
            [
              -75.38668007158591,
              36.22614078655603
            ],
            [
              -75.38665785310516,
              36.22603092009544
            ],
            [
              -75.38663563462444,
              36.22592105363485
            ],
            [
              -75.3866134161437,
              36.225811187174266
            ],
            [
              -75.38659119766297,
              36.225701320713675
            ],
            [
              -75.38656897918223,
              36.225591454253085
            ],
            [
              -75.38654676070149,
              36.2254815877925
            ],
            [
              -75.38652454222076,
              36.22537172133191
            ],
            [
              -75.38650232374003,
              36.22526185487132
            ],
            [
              -75.3864801052593,
              36.22515198841074
            ],
            [
              -75.38645788677856,
              36.22504212195015
            ],
            [
              -75.38643566829784,
              36.22493225548956
            ],
            [
              -75.38641344981708,
              36.22482238902897
            ],
            [
              -75.38639123133636,
              36.22471252256839
            ],
            [
              -75.38636901285562,
              36.2246026561078
            ],
            [
              -75.38634679437489,
              36.224492789647215
            ],
            [
              -75.38632457589415,
              36.224382923186624
            ],
            [
              -75.38630235741343,
              36.224273056726034
            ],
            [
              -75.38628013893268,
              36.22416319026544
            ],
            [
              -75.38625792045195,
              36.22405332380486
            ],
            [
              -75.38623570197123,
              36.22394345734427
            ],
            [
              -75.38621348349048,
              36.22383359088368
            ],
            [
              -75.38619126500976,
              36.223723724423095
            ],
            [
              -75.386169046529,
              36.223613857962505
            ],
            [
              -75.38614682804828,
              36.223503991501914
            ],
            [
              -75.38612460956755,
              36.22339412504133
            ],
            [
              -75.38610239108681,
              36.22328425858074
            ],
            [
              -75.38608017260607,
              36.22317439212016
            ],
            [
              -75.38605795412535,
              36.22306452565957
            ],
            [
              -75.38603573564461,
              36.22295465919898
            ],
            [
              -75.38601351716387,
              36.2228447927384
            ],
            [
              -75.38599129868315,
              36.2227349262778
            ],
            [
              -75.38596908020241,
              36.22262505981722
            ],
            [
              -75.38594686172168,
              36.222515193356635
            ],
            [
              -75.38592464324094,
              36.22240532689604
            ],
            [
              -75.3859024247602,
              36.222295460435454
            ],
            [
              -75.38588020627948,
              36.22218559397487
            ],
            [
              -75.38585798779873,
              36.22207572751428
            ],
            [
              -75.385835769318,
              36.22196586105369
            ],
            [
              -75.38581355083727,
              36.221855994593106
            ],
            [
              -75.38579133235653,
              36.221746128132516
            ],
            [
              -75.3857691138758,
              36.221636261671925
            ],
            [
              -75.38574689539507,
              36.22152639521134
            ],
            [
              -75.38572467691434,
              36.22141652875075
            ],
            [
              -75.3857024584336,
              36.22130666229016
            ],
            [
              -75.38568023995288,
              36.22119679582958
            ],
            [
              -75.38565802147212,
              36.22108692936899
            ],
            [
              -75.3856358029914,
              36.220977062908396
            ],
            [
              -75.38561358451065,
              36.22086719644781
            ],
            [
              -75.38559136602993,
              36.22075732998722
            ],
            [
              -75.38556914754919,
              36.22064746352663
            ],
            [
              -75.38554692906845,
              36.22053759706605
            ],
            [
              -75.38552471058772,
              36.220427730605465
            ],
            [
              -75.385502492107,
              36.220317864144874
            ],
            [
              -75.38548027362626,
              36.220207997684284
            ],
            [
              -75.38545805514552,
              36.2200981312237
            ],
            [
              -75.3854358366648,
              36.21998826476311
            ],
            [
              -75.38541361818405,
              36.21987839830253
            ],
            [
              -75.38539139970332,
              36.219768531841936
            ],
            [
              -75.38536918122259,
              36.21965866538135
            ],
            [
              -75.38534696274186,
              36.21954879892076
            ],
            [
              -75.38532474426111,
              36.21943893246017
            ],
            [
              -75.38530252578039,
              36.21932906599959
            ],
            [
              -75.38528030729964,
              36.219219199539
            ],
            [
              -75.38525808881892,
              36.21910933307841
            ],
            [
              -75.38523587033818,
              36.218999466617824
            ],
            [
              -75.38521365185744,
              36.21888960015723
            ],
            [
              -75.38519143337672,
              36.21877973369664
            ],
            [
              -75.38516921489598,
              36.21866986723606
            ],
            [
              -75.38514699641524,
              36.21856000077547
            ],
            [
              -75.38512477793452,
              36.21845013431488
            ],
            [
              -75.38510255945378,
              36.218340267854295
            ],
            [
              -75.38508034097305,
              36.21823040139371
            ],
            [
              -75.38505812249231,
              36.218120534933114
            ],
            [
              -75.38503590401157,
              36.21801066847253
            ],
            [
              -75.38501368553084,
              36.21790080201195
            ],
            [
              -75.3849914670501,
              36.21779093555135
            ],
            [
              -75.38496924856936,
              36.217681069090766
            ],
            [
              -75.38494703008864,
              36.21757120263018
            ],
            [
              -75.3849248116079,
              36.21746133616959
            ],
            [
              -75.38490259312717,
              36.217351469709
            ],
            [
              -75.38488037464644,
              36.21724160324842
            ],
            [
              -75.38485815616569,
              36.21713173678783
            ],
            [
              -75.38483593768497,
              36.21702187032724
            ],
            [
              -75.38481371920423,
              36.21691200386665
            ],
            [
              -75.38479150072351,
              36.21680213740606
            ],
            [
              -75.38476928224276,
              36.21669227094547
            ],
            [
              -75.38474706376203,
              36.21658240448489
            ],
            [
              -75.38472484528128,
              36.2164725380243
            ],
            [
              -75.38470262680056,
              36.216362671563715
            ],
            [
              -75.38468040831984,
              36.216252805103125
            ],
            [
              -75.38465818983909,
              36.216142938642534
            ],
            [
              -75.38463597135836,
              36.21603307218195
            ],
            [
              -75.38461375287761,
              36.21592320572136
            ],
            [
              -75.38459153439689,
              36.21581333926078
            ],
            [
              -75.38456931591615,
              36.215703472800186
            ],
            [
              -75.38454709743542,
              36.215593606339596
            ],
            [
              -75.38452487895468,
              36.21548373987901
            ],
            [
              -75.38450266047396,
              36.21537387341843
            ],
            [
              -75.38448044199322,
              36.21526400695784
            ],
            [
              -75.38445822351248,
              36.21515414049725
            ],
            [
              -75.38443600503176,
              36.215044274036664
            ],
            [
              -75.38441378655102,
              36.214934407576074
            ],
            [
              -75.38439156807028,
              36.21482454111548
            ],
            [
              -75.38436934958955,
              36.2147146746549
            ],
            [
              -75.38434713110881,
              36.21460480819431
            ],
            [
              -75.38432491262809,
              36.21449494173372
            ],
            [
              -75.38430269414734,
              36.214385075273135
            ],
            [
              -75.38428047566661,
              36.214275208812545
            ],
            [
              -75.38425825718588,
              36.214165342351954
            ],
            [
              -75.38423603870514,
              36.21405547589137
            ],
            [
              -75.3842138202244,
              36.21394560943078
            ],
            [
              -75.38419160174368,
              36.21383574297019
            ],
            [
              -75.38416938326294,
              36.213725876509606
            ],
            [
              -75.3841471647822,
              36.21361601004902
            ],
            [
              -75.38412494630148,
              36.213506143588425
            ],
            [
              -75.38410272782073,
              36.21339627712784
            ],
            [
              -75.38408050934001,
              36.21328641066726
            ],
            [
              -75.38405829085926,
              36.21317654420666
            ],
            [
              -75.38403607237854,
              36.213066677746085
            ],
            [
              -75.3840138538978,
              36.212956811285494
            ],
            [
              -75.38399163541706,
              36.2128469448249
            ],
            [
              -75.38396941693632,
              36.21273707836432
            ],
            [
              -75.3839471984556,
              36.21262721190373
            ],
            [
              -75.38392497997486,
              36.21251734544314
            ],
            [
              -75.38390276149413,
              36.212407478982556
            ],
            [
              -75.3838805430134,
              36.212297612521965
            ],
            [
              -75.38385832453267,
              36.212187746061375
            ],
            [
              -75.38383610605193,
              36.21207787960079
            ],
            [
              -75.3838138875712,
              36.2119680131402
            ],
            [
              -75.38379166909047,
              36.21185814667961
            ],
            [
              -75.38376945060972,
              36.21174828021903
            ],
            [
              -75.383747232129,
              36.211638413758436
            ],
            [
              -75.38372501364825,
              36.211528547297846
            ],
            [
              -75.38370279516752,
              36.21141868083726
            ],
            [
              -75.38368057668679,
              36.21130881437667
            ],
            [
              -75.38365835820605,
              36.21119894791609
            ],
            [
              -75.38363613972533,
              36.2110890814555
            ],
            [
              -75.38361392124459,
              36.210979214994914
            ],
            [
              -75.38359170276385,
              36.210869348534324
            ],
            [
              -75.38356948428313,
              36.21075948207374
            ],
            [
              -75.38354726580239,
              36.21064961561315
            ],
            [
              -75.38352504732164,
              36.21053974915256
            ],
            [
              -75.3835028288409,
              36.21042988269197
            ],
            [
              -75.38348061036018,
              36.21032001623139
            ],
            [
              -75.38345839187944,
              36.210210149770795
            ],
            [
              -75.3834361733987,
              36.210100283310204
            ],
            [
              -75.38341395491798,
              36.20999041684963
            ],
            [
              -75.38339173643725,
              36.20988055038903
            ],
            [
              -75.38336951795651,
              36.20977068392844
            ],
            [
              -75.38334729947577,
              36.20966081746786
            ],
            [
              -75.38332508099505,
              36.209550951007266
            ],
            [
              -75.38330286251431,
              36.20944108454668
            ],
            [
              -75.38328064403358,
              36.20933121808609
            ],
            [
              -75.38325842555285,
              36.20922135162551
            ],
            [
              -75.3832362070721,
              36.20911148516491
            ],
            [
              -75.38321398859136,
              36.209001618704335
            ],
            [
              -75.38319177011064,
              36.208891752243744
            ],
            [
              -75.38316955162989,
              36.208781885783154
            ],
            [
              -75.38314733314917,
              36.20867201932257
            ],
            [
              -75.38312511466845,
              36.20856215286199
            ],
            [
              -75.3831028961877,
              36.208452286401396
            ],
            [
              -75.38308067770697,
              36.208342419940806
            ],
            [
              -75.38305845922623,
              36.20823255348022
            ],
            [
              -75.3830362407455,
              36.20812268701963
            ],
            [
              -75.38301402226476,
              36.20801282055904
            ],
            [
              -75.38299180378402,
              36.20790295409846
            ],
            [
              -75.38296958530329,
              36.20779308763787
            ],
            [
              -75.38294736682255,
              36.20768322117728
            ],
            [
              -75.38292514834183,
              36.20757335471669
            ],
            [
              -75.38290292986109,
              36.2074634882561
            ],
            [
              -75.38288071138035,
              36.20735362179552
            ],
            [
              -75.38285849289963,
              36.20724375533493
            ],
            [
              -75.38283627441889,
              36.20713388887434
            ],
            [
              -75.38281405593816,
              36.20702402241375
            ],
            [
              -75.38279183745742,
              36.20691415595316
            ],
            [
              -75.38276961897668,
              36.206804289492574
            ],
            [
              -75.38274740049594,
              36.20669442303199
            ],
            [
              -75.38272518201521,
              36.2065845565714
            ],
            [
              -75.38270296353448,
              36.20647469011081
            ],
            [
              -75.38268074505375,
              36.206364823650226
            ],
            [
              -75.38265852657301,
              36.206254957189635
            ],
            [
              -75.38263630809229,
              36.20614509072905
            ],
            [
              -75.38261408961155,
              36.20603522426846
            ],
            [
              -75.38259187113081,
              36.20592535780788
            ],
            [
              -75.38256965265009,
              36.20581549134729
            ],
            [
              -75.38254743416934,
              36.2057056248867
            ],
            [
              -75.38252521568862,
              36.205595758426114
            ],
            [
              -75.3825029972079,
              36.20548589196552
            ],
            [
              -75.38248077872714,
              36.20537602550493
            ],
            [
              -75.3824585602464,
              36.20526615904435
            ],
            [
              -75.38243634176567,
              36.20515629258376
            ],
            [
              -75.38241412328493,
              36.20504642612317
            ],
            [
              -75.38239190480421,
              36.204936559662585
            ],
            [
              -75.38236968632347,
              36.204826693201994
            ],
            [
              -75.38234746784273,
              36.204716826741404
            ],
            [
              -75.382325249362,
              36.20460696028082
            ],
            [
              -75.38230303088127,
              36.20449709382023
            ],
            [
              -75.38228081240054,
              36.204387227359646
            ],
            [
              -75.3822585939198,
              36.204277360899056
            ],
            [
              -75.38223637543906,
              36.20416749443847
            ],
            [
              -75.38221415695833,
              36.204057627977875
            ],
            [
              -75.38219193847759,
              36.20394776151729
            ],
            [
              -75.38216971999685,
              36.20383789505671
            ],
            [
              -75.38214750151613,
              36.20372802859612
            ],
            [
              -75.38212528303539,
              36.20361816213553
            ],
            [
              -75.38210306455466,
              36.20350829567494
            ],
            [
              -75.38208084607393,
              36.20339842921436
            ],
            [
              -75.3820586275932,
              36.20328856275376
            ],
            [
              -75.38203640911246,
              36.20317869629318
            ],
            [
              -75.38201419063174,
              36.203068829832596
            ],
            [
              -75.38199197215098,
              36.202958963372
            ],
            [
              -75.38196975367025,
              36.202849096911415
            ],
            [
              -75.38194753518952,
              36.20273923045083
            ],
            [
              -75.38192531670879,
              36.20262936399024
            ],
            [
              -75.38190309822805,
              36.20251949752965
            ],
            [
              -75.38188087974731,
              36.20240963106907
            ],
            [
              -75.38185866126658,
              36.202299764608476
            ],
            [
              -75.38183644278585,
              36.202189898147886
            ],
            [
              -75.38181422430512,
              36.2020800316873
            ],
            [
              -75.38179200582438,
              36.20197016522671
            ],
            [
              -75.38176978734364,
              36.20186029876612
            ],
            [
              -75.38174756886292,
              36.20175043230554
            ],
            [
              -75.38172535038218,
              36.201640565844954
            ],
            [
              -75.38170313190145,
              36.201530699384364
            ],
            [
              -75.38168091342071,
              36.20142083292377
            ],
            [
              -75.38165869493997,
              36.20131096646319
            ],
            [
              -75.38163647645924,
              36.2012011000026
            ],
            [
              -75.3816142579785,
              36.20109123354201
            ],
            [
              -75.38159203949778,
              36.200981367081425
            ],
            [
              -75.38156982101704,
              36.200871500620835
            ],
            [
              -75.3815476025363,
              36.200761634160244
            ],
            [
              -75.38152538405558,
              36.20065176769966
            ],
            [
              -75.38150316557484,
              36.20054190123907
            ],
            [
              -75.3814809470941,
              36.20043203477848
            ],
            [
              -75.38145872861338,
              36.200322168317896
            ],
            [
              -75.38143651013263,
              36.200212301857306
            ],
            [
              -75.3814142916519,
              36.200102435396715
            ],
            [
              -75.38139207317117,
              36.19999256893613
            ],
            [
              -75.38136985469043,
              36.19988270247555
            ],
            [
              -75.3813476362097,
              36.19977283601496
            ],
            [
              -75.38132541772896,
              36.19966296955437
            ],
            [
              -75.38130319924824,
              36.199553103093784
            ],
            [
              -75.3812809807675,
              36.19944323663319
            ],
            [
              -75.38125876228676,
              36.1993333701726
            ],
            [
              -75.38123654380604,
              36.19922350371202
            ],
            [
              -75.38121432532529,
              36.19911363725143
            ],
            [
              -75.38119210684455,
              36.19900377079084
            ],
            [
              -75.38116988836381,
              36.198893904330255
            ],
            [
              -75.38114766988309,
              36.198784037869665
            ],
            [
              -75.38112545140235,
              36.19867417140908
            ],
            [
              -75.38110323292162,
              36.19856430494849
            ],
            [
              -75.38108101444088,
              36.1984544384879
            ],
            [
              -75.38105879596016,
              36.19834457202732
            ],
            [
              -75.38103657747942,
              36.198234705566726
            ],
            [
              -75.38101435899868,
              36.19812483910614
            ],
            [
              -75.38099214051795,
              36.19801497264555
            ],
            [
              -75.38096992203722,
              36.19790510618496
            ],
            [
              -75.38094770355647,
              36.19779523972437
            ],
            [
              -75.38092548507575,
              36.197685373263795
            ],
            [
              -75.38090326659501,
              36.1975755068032
            ],
            [
              -75.38088104811428,
              36.197465640342614
            ],
            [
              -75.38085882963354,
              36.19735577388202
            ],
            [
              -75.38083661115282,
              36.19724590742144
            ],
            [
              -75.38081439267208,
              36.19713604096085
            ],
            [
              -75.38079217419134,
              36.197026174500266
            ],
            [
              -75.38076995571062,
              36.196916308039675
            ],
            [
              -75.38074773722988,
              36.196806441579085
            ],
            [
              -75.38072551874914,
              36.1966965751185
            ],
            [
              -75.38070330026841,
              36.19658670865792
            ],
            [
              -75.38068108178769,
              36.19647684219733
            ],
            [
              -75.38065886330693,
              36.19636697573674
            ],
            [
              -75.38063664482621,
              36.196257109276154
            ],
            [
              -75.38061442634546,
              36.196147242815556
            ],
            [
              -75.38059220786472,
              36.196037376354965
            ],
            [
              -75.380569989384,
              36.19592750989439
            ],
            [
              -75.38054777090326,
              36.1958176434338
            ],
            [
              -75.38052555242253,
              36.19570777697321
            ],
            [
              -75.3805033339418,
              36.195597910512625
            ],
            [
              -75.38048111546107,
              36.195488044052034
            ],
            [
              -75.38045889698033,
              36.195378177591444
            ],
            [
              -75.38043667849959,
              36.19526831113086
            ],
            [
              -75.38041446001887,
              36.19515844467027
            ],
            [
              -75.38039224153812,
              36.19504857820968
            ],
            [
              -75.3803700230574,
              36.194938711749096
            ],
            [
              -75.38034780457666,
              36.194828845288505
            ],
            [
              -75.38032558609592,
              36.194718978827915
            ],
            [
              -75.3803033676152,
              36.19460911236733
            ],
            [
              -75.38028114913446,
              36.19449924590675
            ],
            [
              -75.38025893065372,
              36.19438937944615
            ],
            [
              -75.38023671217299,
              36.19427951298557
            ],
            [
              -75.38021449369226,
              36.19416964652498
            ],
            [
              -75.38019227521151,
              36.19405978006439
            ],
            [
              -75.38017005673079,
              36.1939499136038
            ],
            [
              -75.38014783825005,
              36.19384004714322
            ],
            [
              -75.38012561976932,
              36.19373018068263
            ],
            [
              -75.38010340128858,
              36.19362031422204
            ],
            [
              -75.38008118280786,
              36.193510447761454
            ],
            [
              -75.3800589643271,
              36.193400581300864
            ],
            [
              -75.38003674584638,
              36.19329071484027
            ],
            [
              -75.38001452736566,
              36.19318084837969
            ],
            [
              -75.37999230888491,
              36.19307098191911
            ],
            [
              -75.37997009040417,
              36.192961115458516
            ],
            [
              -75.37994787192345,
              36.192851248997925
            ],
            [
              -75.37992565344271,
              36.192741382537335
            ],
            [
              -75.37990343496197,
              36.19263151607675
            ],
            [
              -75.37988121648124,
              36.19252164961616
            ],
            [
              -75.3798589980005,
              36.19241178315558
            ],
            [
              -75.37983677951976,
              36.19230191669499
            ],
            [
              -75.37981456103904,
              36.1921920502344
            ],
            [
              -75.3797923425583,
              36.19208218377381
            ],
            [
              -75.37977012407757,
              36.19197231731322
            ],
            [
              -75.37974790559684,
              36.19186245085264
            ],
            [
              -75.3797256871161,
              36.19175258439205
            ],
            [
              -75.37970346863537,
              36.19164271793146
            ],
            [
              -75.37968125015465,
              36.19153285147087
            ],
            [
              -75.37965903167391,
              36.19142298501029
            ],
            [
              -75.37963681319316,
              36.191313118549694
            ],
            [
              -75.37961459471244,
              36.19120325208911
            ],
            [
              -75.3795923762317,
              36.19109338562852
            ],
            [
              -75.37957015775096,
              36.19098351916793
            ],
            [
              -75.37954793927022,
              36.190873652707346
            ],
            [
              -75.3795257207895,
              36.19076378624676
            ],
            [
              -75.37950350230875,
              36.19065391978617
            ],
            [
              -75.37948128382803,
              36.19054405332558
            ],
            [
              -75.3794590653473,
              36.190434186865
            ],
            [
              -75.37943684686655,
              36.1903243204044
            ],
            [
              -75.37941462838583,
              36.19021445394382
            ],
            [
              -75.3793924099051,
              36.19010458748323
            ],
            [
              -75.37937019142436,
              36.18999472102264
            ],
            [
              -75.37934797294362,
              36.18988485456205
            ],
            [
              -75.37932575446288,
              36.18977498810147
            ],
            [
              -75.37930353598215,
              36.18966512164088
            ],
            [
              -75.37928131750141,
              36.18955525518029
            ],
            [
              -75.37925909902069,
              36.189445388719705
            ],
            [
              -75.37923688053995,
              36.189335522259114
            ],
            [
              -75.37921466205921,
              36.18922565579852
            ],
            [
              -75.37919244357849,
              36.18911578933794
            ],
            [
              -75.37917022509774,
              36.18900592287736
            ],
            [
              -75.37914800661702,
              36.188896056416766
            ],
            [
              -75.37912578813628,
              36.188786189956176
            ],
            [
              -75.37910356965554,
              36.18867632349559
            ],
            [
              -75.3790813511748,
              36.188566457034995
            ],
            [
              -75.37905913269407,
              36.18845659057442
            ],
            [
              -75.37903691421334,
              36.18834672411383
            ],
            [
              -75.37901469573261,
              36.18823685765324
            ],
            [
              -75.37899247725187,
              36.18812699119265
            ],
            [
              -75.37897025877115,
              36.18801712473207
            ],
            [
              -75.37894804029041,
              36.18790725827148
            ],
            [
              -75.37892582180967,
              36.18779739181089
            ],
            [
              -75.37890360332895,
              36.1876875253503
            ],
            [
              -75.3788813848482,
              36.187577658889715
            ],
            [
              -75.37885916636748,
              36.187467792429125
            ],
            [
              -75.37883694788674,
              36.18735792596854
            ],
            [
              -75.378814729406,
              36.18724805950795
            ],
            [
              -75.37879251092527,
              36.18713819304736
            ],
            [
              -75.37877029244453,
              36.18702832658678
            ],
            [
              -75.3787480739638,
              36.186918460126186
            ],
            [
              -75.37872585548305,
              36.186808593665596
            ],
            [
              -75.37870363700233,
              36.18669872720501
            ],
            [
              -75.3786814185216,
              36.18658886074442
            ],
            [
              -75.37865920004086,
              36.18647899428383
            ],
            [
              -75.37863698156013,
              36.18636912782324
            ],
            [
              -75.3786147630794,
              36.18625926136266
            ],
            [
              -75.37859254459866,
              36.186149394902074
            ],
            [
              -75.37857032611792,
              36.18603952844148
            ],
            [
              -75.37854810763719,
              36.18592966198089
            ],
            [
              -75.37852588915645,
              36.18581979552031
            ],
            [
              -75.37850367067571,
              36.18570992905972
            ],
            [
              -75.37848145219499,
              36.185600062599136
            ],
            [
              -75.37845923371425,
              36.185490196138545
            ],
            [
              -75.37843701523352,
              36.185380329677955
            ],
            [
              -75.37841479675279,
              36.185270463217364
            ],
            [
              -75.37839257827204,
              36.18516059675678
            ],
            [
              -75.37837035979132,
              36.18505073029619
            ],
            [
              -75.37834814131058,
              36.18494086383561
            ],
            [
              -75.37832592282984,
              36.184830997375016
            ],
            [
              -75.37830370434911,
              36.184721130914426
            ],
            [
              -75.37828148586838,
              36.18461126445384
            ],
            [
              -75.37825926738765,
              36.18450139799325
            ],
            [
              -75.3782370489069,
              36.18439153153267
            ],
            [
              -75.37821483042617,
              36.18428166507208
            ],
            [
              -75.37819261194545,
              36.18417179861149
            ],
            [
              -75.3781703934647,
              36.1840619321509
            ],
            [
              -75.37814817498398,
              36.18395206569032
            ],
            [
              -75.37812595650325,
              36.18384219922973
            ],
            [
              -75.3781037380225,
              36.18373233276914
            ],
            [
              -75.37808151954178,
              36.18362246630855
            ],
            [
              -75.37805930106104,
              36.18351259984796
            ],
            [
              -75.3780370825803,
              36.183402733387375
            ],
            [
              -75.37801486409957,
              36.18329286692679
            ],
            [
              -75.37799264561883,
              36.1831830004662
            ],
            [
              -75.3779704271381,
              36.18307313400561
            ],
            [
              -75.37794820865736,
              36.18296326754503
            ],
            [
              -75.37792599017664,
              36.182853401084444
            ],
            [
              -75.3779037716959,
              36.182743534623846
            ],
            [
              -75.37788155321516,
              36.18263366816326
            ],
            [
              -75.37785933473444,
              36.18252380170268
            ],
            [
              -75.37783711625369,
              36.18241393524208
            ],
            [
              -75.37781489777296,
              36.1823040687815
            ],
            [
              -75.37779267929223,
              36.182194202320915
            ],
            [
              -75.37777046081149,
              36.182084335860324
            ],
            [
              -75.37774824233075,
              36.181974469399734
            ],
            [
              -75.37772602385003,
              36.18186460293915
            ],
            [
              -75.3777038053693,
              36.18175473647856
            ],
            [
              -75.37768158688856,
              36.18164487001797
            ],
            [
              -75.37765936840783,
              36.181535003557386
            ],
            [
              -75.3776371499271,
              36.181425137096795
            ],
            [
              -75.37761493144635,
              36.181315270636205
            ],
            [
              -75.37759271296562,
              36.18120540417562
            ],
            [
              -75.37757049448489,
              36.18109553771503
            ],
            [
              -75.37754827600415,
              36.18098567125445
            ],
            [
              -75.37752605752343,
              36.18087580479386
            ],
            [
              -75.37750383904267,
              36.18076593833327
            ],
            [
              -75.37748162056194,
              36.180656071872676
            ],
            [
              -75.37745940208121,
              36.18054620541209
            ],
            [
              -75.37743718360048,
              36.18043633895151
            ],
            [
              -75.37741496511974,
              36.18032647249092
            ],
            [
              -75.37739274663902,
              36.18021660603033
            ],
            [
              -75.37737052815828,
              36.180106739569744
            ],
            [
              -75.37734830967754,
              36.179996873109154
            ],
            [
              -75.3773260911968,
              36.17988700664856
            ],
            [
              -75.37730387271608,
              36.17977714018798
            ],
            [
              -75.37728165423533,
              36.17966727372739
            ],
            [
              -75.37725943575461,
              36.1795574072668
            ],
            [
              -75.37723721727389,
              36.179447540806215
            ],
            [
              -75.37721499879314,
              36.179337674345625
            ],
            [
              -75.37719278031241,
              36.17922780788504
            ],
            [
              -75.37717056183168,
              36.17911794142445
            ],
            [
              -75.37714834335094,
              36.17900807496386
            ],
            [
              -75.3771261248702,
              36.17889820850328
            ],
            [
              -75.37710390638948,
              36.178788342042694
            ],
            [
              -75.37708168790874,
              36.1786784755821
            ],
            [
              -75.377059469428,
              36.17856860912151
            ],
            [
              -75.37703725094727,
              36.17845874266092
            ],
            [
              -75.37701503246653,
              36.17834887620034
            ],
            [
              -75.3769928139858,
              36.17823900973975
            ],
            [
              -75.37697059550507,
              36.178129143279165
            ],
            [
              -75.37694837702432,
              36.178019276818574
            ],
            [
              -75.3769261585436,
              36.177909410357984
            ],
            [
              -75.37690394006286,
              36.1777995438974
            ],
            [
              -75.37688172158212,
              36.17768967743681
            ],
            [
              -75.37685950310139,
              36.17757981097622
            ],
            [
              -75.37683728462066,
              36.177469944515636
            ],
            [
              -75.37681506613993,
              36.177360078055045
            ],
            [
              -75.37679284765919,
              36.177250211594455
            ],
            [
              -75.37677062917845,
              36.17714034513387
            ],
            [
              -75.37674841069773,
              36.17703047867329
            ],
            [
              -75.37672619221698,
              36.1769206122127
            ],
            [
              -75.37670397373626,
              36.17681074575211
            ],
            [
              -75.37668175525552,
              36.17670087929152
            ],
            [
              -75.37665953677478,
              36.17659101283093
            ],
            [
              -75.37663731829406,
              36.17648114637035
            ],
            [
              -75.37661509981332,
              36.17637127990976
            ],
            [
              -75.37659288133258,
              36.17626141344917
            ],
            [
              -75.37657066285186,
              36.176151546988585
            ],
            [
              -75.37654844437112,
              36.176041680527995
            ],
            [
              -75.37652622589039,
              36.17593181406741
            ],
            [
              -75.37650400740965,
              36.17582194760682
            ],
            [
              -75.37648178892891,
              36.17571208114624
            ],
            [
              -75.37645957044818,
              36.17560221468564
            ],
            [
              -75.37643735196744,
              36.17549234822505
            ],
            [
              -75.37641513348672,
              36.17538248176447
            ],
            [
              -75.37639291500597,
              36.17527261530388
            ],
            [
              -75.37637069652524,
              36.17516274884329
            ],
            [
              -75.37634847804452,
              36.17505288238271
            ],
            [
              -75.37632625956377,
              36.17494301592212
            ],
            [
              -75.37630404108305,
              36.17483314946152
            ],
            [
              -75.37628182260231,
              36.174723283000944
            ],
            [
              -75.37625960412157,
              36.17461341654035
            ],
            [
              -75.37623738564083,
              36.17450355007976
            ],
            [
              -75.3762151671601,
              36.17439368361917
            ],
            [
              -75.37619294867936,
              36.17428381715859
            ],
            [
              -75.37617073019862,
              36.174173950698
            ],
            [
              -75.3761485117179,
              36.174064084237415
            ],
            [
              -75.37612629323716,
              36.173954217776824
            ],
            [
              -75.37610407475643,
              36.173844351316234
            ],
            [
              -75.3760818562757,
              36.17373448485565
            ],
            [
              -75.37605963779497,
              36.17362461839507
            ],
            [
              -75.37603741931423,
              36.173514751934476
            ],
            [
              -75.37601520083349,
              36.173404885473886
            ],
            [
              -75.37599298235276,
              36.1732950190133
            ],
            [
              -75.37597076387203,
              36.17318515255271
            ],
            [
              -75.37594854539128,
              36.17307528609212
            ],
            [
              -75.37592632691056,
              36.17296541963154
            ],
            [
              -75.37590410842982,
              36.17285555317095
            ],
            [
              -75.37588188994908,
              36.17274568671036
            ],
            [
              -75.37585967146836,
              36.17263582024977
            ],
            [
              -75.37583745298762,
              36.17252595378918
            ],
            [
              -75.37581523450689,
              36.1724160873286
            ],
            [
              -75.37579301602617,
              36.17230622086801
            ],
            [
              -75.37577079754541,
              36.17219635440742
            ],
            [
              -75.37574857906469,
              36.172086487946835
            ],
            [
              -75.37572636058395,
              36.171976621486245
            ],
            [
              -75.37570414210322,
              36.17186675502566
            ],
            [
              -75.37568192362247,
              36.17175688856507
            ],
            [
              -75.37565970514174,
              36.17164702210448
            ],
            [
              -75.37563748666102,
              36.1715371556439
            ],
            [
              -75.37561526818027,
              36.171427289183306
            ],
            [
              -75.37559304969955,
              36.17131742272272
            ],
            [
              -75.37557083121881,
              36.17120755626213
            ],
            [
              -75.37554861273807,
              36.17109768980154
            ],
            [
              -75.37552639425735,
              36.17098782334095
            ],
            [
              -75.37550417577661,
              36.17087795688037
            ],
            [
              -75.37548195729588,
              36.17076809041978
            ],
            [
              -75.37545973881514,
              36.170658223959194
            ],
            [
              -75.3754375203344,
              36.1705483574986
            ],
            [
              -75.37541530185368,
              36.17043849103801
            ],
            [
              -75.37539308337293,
              36.17032862457743
            ],
            [
              -75.3753708648922,
              36.170218758116846
            ],
            [
              -75.37534864641147,
              36.170108891656255
            ],
            [
              -75.37532642793073,
              36.169999025195665
            ],
            [
              -75.37530420945001,
              36.16988915873508
            ],
            [
              -75.37528199096927,
              36.169779292274484
            ],
            [
              -75.37525977248853,
              36.16966942581391
            ],
            [
              -75.3752375540078,
              36.16955955935332
            ],
            [
              -75.37521533552706,
              36.16944969289273
            ],
            [
              -75.37519311704634,
              36.169339826432136
            ],
            [
              -75.37517089856559,
              36.16922995997155
            ],
            [
              -75.37514868008486,
              36.16912009351096
            ],
            [
              -75.37512646160411,
              36.16901022705037
            ],
            [
              -75.37510424312339,
              36.16890036058979
            ],
            [
              -75.37508202464267,
              36.1687904941292
            ],
            [
              -75.37505980616191,
              36.16868062766861
            ],
            [
              -75.37503758768119,
              36.168570761208024
            ],
            [
              -75.37501536920047,
              36.16846089474744
            ],
            [
              -75.37499315071972,
              36.16835102828684
            ],
            [
              -75.374970932239,
              36.16824116182626
            ],
            [
              -75.37494871375826,
              36.168131295365676
            ],
            [
              -75.37492649527752,
              36.168021428905085
            ],
            [
              -75.37490427679678,
              36.167911562444495
            ],
            [
              -75.37488205831605,
              36.16780169598391
            ],
            [
              -75.37485983983531,
              36.16769182952332
            ],
            [
              -75.37483762135457,
              36.16758196306273
            ],
            [
              -75.37481540287385,
              36.16747209660215
            ],
            [
              -75.37479318439311,
              36.167362230141556
            ],
            [
              -75.37477096591238,
              36.16725236368097
            ],
            [
              -75.37474874743165,
              36.16714249722038
            ],
            [
              -75.37472652895092,
              36.1670326307598
            ],
            [
              -75.37470431047018,
              36.16692276429921
            ],
            [
              -75.37468209198944,
              36.166812897838625
            ],
            [
              -75.3746598735087,
              36.166703031378034
            ],
            [
              -75.37463765502797,
              36.166593164917444
            ],
            [
              -75.37461543654723,
              36.16648329845685
            ],
            [
              -75.37459321806651,
              36.16637343199627
            ],
            [
              -75.37457099958576,
              36.16626356553568
            ],
            [
              -75.37454878110503,
              36.16615369907509
            ],
            [
              -75.37452656262431,
              36.166043832614506
            ],
            [
              -75.37450434414356,
              36.165933966153915
            ],
            [
              -75.37448212566284,
              36.165824099693324
            ],
            [
              -75.37445990718211,
              36.16571423323274
            ],
            [
              -75.37443768870136,
              36.16560436677215
            ],
            [
              -75.37441547022064,
              36.16549450031157
            ],
            [
              -75.3743932517399,
              36.16538463385098
            ],
            [
              -75.37437103325915,
              36.16527476739039
            ],
            [
              -75.37434881477843,
              36.1651649009298
            ],
            [
              -75.37432659629769,
              36.16505503446922
            ],
            [
              -75.37430437781696,
              36.16494516800863
            ],
            [
              -75.37428215933623,
              36.16483530154804
            ],
            [
              -75.3742599408555,
              36.16472543508745
            ],
            [
              -75.37423772237476,
              36.164615568626864
            ],
            [
              -75.37421550389402,
              36.164505702166274
            ],
            [
              -75.3741932854133,
              36.16439583570569
            ],
            [
              -75.37417106693255,
              36.1642859692451
            ],
            [
              -75.37414884845182,
              36.164176102784516
            ],
            [
              -75.37412662997109,
              36.164066236323926
            ],
            [
              -75.37410441149035,
              36.163956369863335
            ],
            [
              -75.37408219300963,
              36.16384650340275
            ],
            [
              -75.37405997452888,
              36.16373663694216
            ],
            [
              -75.37403775604815,
              36.16362677048157
            ],
            [
              -75.37401553756743,
              36.16351690402099
            ],
            [
              -75.37399331908668,
              36.1634070375604
            ],
            [
              -75.37397110060596,
              36.163297171099806
            ],
            [
              -75.3739488821252,
              36.16318730463922
            ],
            [
              -75.37392666364448,
              36.16307743817863
            ],
            [
              -75.37390444516375,
              36.16296757171805
            ],
            [
              -75.37388222668301,
              36.16285770525746
            ],
            [
              -75.37386000820227,
              36.16274783879687
            ],
            [
              -75.37383778972153,
              36.162637972336285
            ],
            [
              -75.37381557124081,
              36.162528105875694
            ],
            [
              -75.37379335276007,
              36.16241823941511
            ],
            [
              -75.37377113427934,
              36.16230837295452
            ],
            [
              -75.37374891579861,
              36.16219850649393
            ],
            [
              -75.37372669731788,
              36.162088640033346
            ],
            [
              -75.37370447883714,
              36.161978773572756
            ],
            [
              -75.37368226035639,
              36.161868907112165
            ],
            [
              -75.37366004187567,
              36.16175904065158
            ],
            [
              -75.37363782339494,
              36.161649174191
            ],
            [
              -75.37361560491419,
              36.16153930773041
            ],
            [
              -75.37359338643347,
              36.16142944126982
            ],
            [
              -75.37357116795273,
              36.161319574809234
            ],
            [
              -75.373548949472,
              36.16120970834864
            ],
            [
              -75.37352673099127,
              36.16109984188805
            ],
            [
              -75.37350451251054,
              36.16098997542747
            ],
            [
              -75.3734822940298,
              36.16088010896688
            ],
            [
              -75.37346007554908,
              36.16077024250629
            ],
            [
              -75.37343785706832,
              36.1606603760457
            ],
            [
              -75.3734156385876,
              36.160550509585114
            ],
            [
              -75.37339342010685,
              36.16044064312453
            ],
            [
              -75.37337120162613,
              36.16033077666394
            ],
            [
              -75.37334898314539,
              36.16022091020335
            ],
            [
              -75.37332676466465,
              36.16011104374276
            ],
            [
              -75.37330454618392,
              36.160001177282176
            ],
            [
              -75.37328232770318,
              36.15989131082159
            ],
            [
              -75.37326010922246,
              36.159781444361
            ],
            [
              -75.37323789074172,
              36.15967157790041
            ],
            [
              -75.37321567226098,
              36.15956171143983
            ],
            [
              -75.37319345378026,
              36.15945184497923
            ],
            [
              -75.37317123529952,
              36.15934197851865
            ],
            [
              -75.37314901681879,
              36.15923211205806
            ],
            [
              -75.37312679833805,
              36.15912224559747
            ],
            [
              -75.37310457985731,
              36.15901237913688
            ],
            [
              -75.37308236137659,
              36.1589025126763
            ],
            [
              -75.37306014289584,
              36.158792646215716
            ],
            [
              -75.37303792441512,
              36.158682779755125
            ],
            [
              -75.37301570593438,
              36.158572913294535
            ],
            [
              -75.37299348745364,
              36.158463046833944
            ],
            [
              -75.37297126897292,
              36.15835318037336
            ],
            [
              -75.37294905049218,
              36.15824331391278
            ],
            [
              -75.37292683201144,
              36.15813344745219
            ],
            [
              -75.37290461353071,
              36.158023580991596
            ],
            [
              -75.37288239504997,
              36.157913714531006
            ],
            [
              -75.37286017656925,
              36.15780384807042
            ],
            [
              -75.37283795808851,
              36.15769398160983
            ],
            [
              -75.37281573960777,
              36.15758411514925
            ],
            [
              -75.37279352112704,
              36.15747424868866
            ],
            [
              -75.3727713026463,
              36.15736438222807
            ],
            [
              -75.37274908416556,
              36.15725451576748
            ],
            [
              -75.37272686568483,
              36.15714464930689
            ],
            [
              -75.3727046472041,
              36.15703478284631
            ],
            [
              -75.37268242872337,
              36.15692491638572
            ],
            [
              -75.37266021024263,
              36.15681504992513
            ],
            [
              -75.37263799176189,
              36.15670518346454
            ],
            [
              -75.37261577328115,
              36.156595317003955
            ],
            [
              -75.37259355480043,
              36.15648545054337
            ],
            [
              -75.3725713363197,
              36.15637558408278
            ],
            [
              -75.37254911783896,
              36.15626571762219
            ],
            [
              -75.37252689935823,
              36.15615585116161
            ],
            [
              -75.37250468087748,
              36.15604598470101
            ],
            [
              -75.37248246239676,
              36.15593611824043
            ],
            [
              -75.37246024391604,
              36.15582625177984
            ],
            [
              -75.37243802543529,
              36.15571638531925
            ],
            [
              -75.37241580695456,
              36.15560651885866
            ],
            [
              -75.37239358847383,
              36.15549665239808
            ],
            [
              -75.37237136999309,
              36.15538678593749
            ],
            [
              -75.37234915151235,
              36.155276919476904
            ],
            [
              -75.37232693303162,
              36.155167053016314
            ],
            [
              -75.37230471455089,
              36.15505718655572
            ],
            [
              -75.37228249607014,
              36.15494732009514
            ],
            [
              -75.37226027758942,
              36.15483745363455
            ],
            [
              -75.37223805910868,
              36.154727587173966
            ],
            [
              -75.37221584062794,
              36.154617720713375
            ],
            [
              -75.37219362214722,
              36.154507854252785
            ],
            [
              -75.37217140366648,
              36.154397987792194
            ],
            [
              -75.37214918518575,
              36.154288121331604
            ],
            [
              -75.372126966705,
              36.15417825487103
            ],
            [
              -75.37210474822427,
              36.15406838841044
            ],
            [
              -75.37208252974354,
              36.153958521949846
            ],
            [
              -75.3720603112628,
              36.153848655489256
            ],
            [
              -75.37203809278208,
              36.15373878902868
            ],
            [
              -75.37201587430133,
              36.15362892256808
            ],
            [
              -75.3719936558206,
              36.1535190561075
            ],
            [
              -75.37197143733988,
              36.15340918964691
            ],
            [
              -75.37194921885913,
              36.15329932318632
            ],
            [
              -75.3719270003784,
              36.15318945672573
            ],
            [
              -75.37190478189768,
              36.15307959026515
            ],
            [
              -75.37188256341693,
              36.15296972380456
            ],
            [
              -75.37186034493621,
              36.15285985734397
            ],
            [
              -75.37183812645547,
              36.152749990883386
            ],
            [
              -75.37181590797474,
              36.15264012442279
            ],
            [
              -75.371793689494,
              36.15253025796221
            ],
            [
              -75.37177147101326,
              36.15242039150162
            ],
            [
              -75.37174925253252,
              36.15231052504103
            ],
            [
              -75.3717270340518,
              36.15220065858045
            ],
            [
              -75.37170481557106,
              36.15209079211985
            ],
            [
              -75.37168259709031,
              36.15198092565927
            ],
            [
              -75.3716603786096,
              36.15187105919868
            ],
            [
              -75.37163816012887,
              36.15176119273809
            ],
            [
              -75.37161594164812,
              36.1516513262775
            ],
            [
              -75.37159372316738,
              36.15154145981691
            ],
            [
              -75.37157150468666,
              36.15143159335633
            ],
            [
              -75.37154928620592,
              36.15132172689574
            ],
            [
              -75.37152706772518,
              36.151211860435154
            ],
            [
              -75.37150484924445,
              36.151101993974564
            ],
            [
              -75.37148263076372,
              36.15099212751397
            ],
            [
              -75.37146041228297,
              36.15088226105338
            ],
            [
              -75.37143819380225,
              36.150772394592806
            ],
            [
              -75.37141597532153,
              36.150662528132216
            ],
            [
              -75.37139375684077,
              36.150552661671625
            ],
            [
              -75.37137153836005,
              36.150442795211035
            ],
            [
              -75.3713493198793,
              36.150332928750444
            ],
            [
              -75.37132710139858,
              36.15022306228986
            ],
            [
              -75.37130488291785,
              36.15011319582928
            ],
            [
              -75.3712826644371,
              36.15000332936869
            ],
            [
              -75.37126044595638,
              36.149893462908096
            ],
            [
              -75.37123822747566,
              36.14978359644752
            ],
            [
              -75.3712160089949,
              36.14967372998693
            ],
            [
              -75.37119379051417,
              36.14956386352633
            ],
            [
              -75.37117157203345,
              36.14945399706575
            ],
            [
              -75.37114935355271,
              36.14934413060516
            ],
            [
              -75.37112713507197,
              36.14923426414457
            ],
            [
              -75.37110491659125,
              36.14912439768399
            ],
            [
              -75.37108269811051,
              36.1490145312234
            ],
            [
              -75.37106047962976,
              36.14890466476281
            ],
            [
              -75.37103826114904,
              36.14879479830223
            ],
            [
              -75.3710160426683,
              36.148684931841636
            ],
            [
              -75.37099382418756,
              36.148575065381046
            ],
            [
              -75.37097160570681,
              36.148465198920455
            ],
            [
              -75.37094938722609,
              36.14835533245987
            ],
            [
              -75.37092716874537,
              36.14824546599928
            ],
            [
              -75.37090495026462,
              36.14813559953869
            ],
            [
              -75.3708827317839,
              36.148025733078114
            ],
            [
              -75.37086051330317,
              36.14791586661752
            ],
            [
              -75.37083829482242,
              36.147806000156926
            ],
            [
              -75.3708160763417,
              36.14769613369634
            ],
            [
              -75.37079385786096,
              36.14758626723575
            ],
            [
              -75.37077163938022,
              36.14747640077516
            ],
            [
              -75.3707494208995,
              36.147366534314585
            ],
            [
              -75.37072720241875,
              36.147256667853995
            ],
            [
              -75.37070498393801,
              36.147146801393404
            ],
            [
              -75.37068276545729,
              36.147036934932814
            ],
            [
              -75.37066054697655,
              36.14692706847223
            ],
            [
              -75.37063832849582,
              36.14681720201164
            ],
            [
              -75.37061611001509,
              36.146707335551056
            ],
            [
              -75.37059389153436,
              36.146597469090466
            ],
            [
              -75.37057167305362,
              36.146487602629875
            ],
            [
              -75.37054945457288,
              36.1463777361693
            ],
            [
              -75.37052723609216,
              36.1462678697087
            ],
            [
              -75.3705050176114,
              36.14615800324811
            ],
            [
              -75.37048279913068,
              36.14604813678753
            ],
            [
              -75.37046058064996,
              36.14593827032694
            ],
            [
              -75.37043836216921,
              36.145828403866346
            ],
            [
              -75.37041614368849,
              36.14571853740577
            ],
            [
              -75.37039392520774,
              36.14560867094518
            ],
            [
              -75.37037170672701,
              36.14549880448459
            ],
            [
              -75.37034948824626,
              36.145388938024
            ],
            [
              -75.37032726976554,
              36.14527907156341
            ],
            [
              -75.3703050512848,
              36.145169205102825
            ],
            [
              -75.37028283280407,
              36.14505933864223
            ],
            [
              -75.37026061432334,
              36.14494947218165
            ],
            [
              -75.3702383958426,
              36.14483960572106
            ],
            [
              -75.37021617736187,
              36.14472973926047
            ],
            [
              -75.37019395888115,
              36.14461987279989
            ],
            [
              -75.3701717404004,
              36.144510006339296
            ],
            [
              -75.37014952191966,
              36.14440013987871
            ],
            [
              -75.37012730343895,
              36.14429027341812
            ],
            [
              -75.3701050849582,
              36.14418040695753
            ],
            [
              -75.37008286647746,
              36.14407054049694
            ],
            [
              -75.37006064799674,
              36.143960674036364
            ],
            [
              -75.370038429516,
              36.143850807575774
            ],
            [
              -75.37001621103525,
              36.14374094111518
            ],
            [
              -75.36999399255453,
              36.14363107465459
            ],
            [
              -75.3699717740738,
              36.14352120819401
            ],
            [
              -75.36994955559305,
              36.14341134173342
            ],
            [
              -75.36992733711233,
              36.143301475272835
            ],
            [
              -75.36990511863159,
              36.143191608812245
            ],
            [
              -75.36988290015086,
              36.143081742351654
            ],
            [
              -75.36986068167013,
              36.14297187589108
            ],
            [
              -75.3698384631894,
              36.14286200943048
            ],
            [
              -75.36981624470866,
              36.14275214296989
            ],
            [
              -75.36979402622791,
              36.14264227650931
            ],
            [
              -75.36977180774718,
              36.142532410048716
            ],
            [
              -75.36974958926645,
              36.142422543588125
            ],
            [
              -75.36972737078571,
              36.142312677127535
            ],
            [
              -75.36970515230499,
              36.14220281066696
            ],
            [
              -75.36968293382425,
              36.14209294420637
            ],
            [
              -75.36966071534351,
              36.14198307774578
            ],
            [
              -75.36963849686279,
              36.141873211285194
            ],
            [
              -75.36961627838204,
              36.141763344824604
            ],
            [
              -75.36959405990132,
              36.141653478364006
            ],
            [
              -75.3695718414206,
              36.14154361190343
            ],
            [
              -75.36954962293984,
              36.14143374544284
            ],
            [
              -75.36952740445909,
              36.14132387898225
            ],
            [
              -75.36950518597838,
              36.141214012521665
            ],
            [
              -75.36948296749765,
              36.141104146061075
            ],
            [
              -75.3694607490169,
              36.14099427960049
            ],
            [
              -75.36943853053617,
              36.1408844131399
            ],
            [
              -75.36941631205544,
              36.14077454667931
            ],
            [
              -75.3693940935747,
              36.14066468021872
            ],
            [
              -75.36937187509398,
              36.14055481375814
            ],
            [
              -75.36934965661324,
              36.14044494729755
            ],
            [
              -75.3693274381325,
              36.14033508083696
            ],
            [
              -75.36930521965178,
              36.14022521437638
            ],
            [
              -75.36928300117104,
              36.14011534791579
            ],
            [
              -75.3692607826903,
              36.14000548145519
            ],
            [
              -75.36923856420958,
              36.139895614994614
            ],
            [
              -75.36921634572883,
              36.139785748534024
            ],
            [
              -75.3691941272481,
              36.13967588207343
            ],
            [
              -75.36917190876736,
              36.13956601561284
            ],
            [
              -75.36914969028663,
              36.13945614915226
            ],
            [
              -75.3691274718059,
              36.13934628269167
            ],
            [
              -75.36910525332516,
              36.139236416231086
            ],
            [
              -75.36908303484444,
              36.139126549770495
            ],
            [
              -75.36906081636369,
              36.139016683309904
            ],
            [
              -75.36903859788295,
              36.138906816849314
            ],
            [
              -75.36901637940223,
              36.13879695038874
            ],
            [
              -75.36899416092149,
              36.13868708392815
            ],
            [
              -75.36897194244075,
              36.13857721746756
            ],
            [
              -75.36894972396003,
              36.13846735100697
            ],
            [
              -75.36892750547929,
              36.13835748454638
            ],
            [
              -75.36890528699854,
              36.13824761808579
            ],
            [
              -75.36888306851783,
              36.13813775162521
            ],
            [
              -75.36886085003708,
              36.13802788516462
            ],
            [
              -75.36883863155634,
              36.13791801870403
            ],
            [
              -75.36881641307562,
              36.137808152243444
            ],
            [
              -75.36879419459488,
              36.137698285782854
            ],
            [
              -75.36877197611415,
              36.13758841932227
            ],
            [
              -75.36874975763342,
              36.13747855286168
            ],
            [
              -75.36872753915267,
              36.13736868640109
            ],
            [
              -75.36870532067195,
              36.1372588199405
            ],
            [
              -75.36868310219123,
              36.13714895347992
            ],
            [
              -75.36866088371048,
              36.13703908701933
            ],
            [
              -75.36863866522974,
              36.13692922055874
            ],
            [
              -75.36861644674902,
              36.13681935409816
            ],
            [
              -75.36859422826828,
              36.13670948763757
            ],
            [
              -75.36857200978753,
              36.13659962117698
            ],
            [
              -75.3685497913068,
              36.136489754716386
            ],
            [
              -75.36852757282607,
              36.1363798882558
            ],
            [
              -75.36850535434533,
              36.13627002179521
            ],
            [
              -75.3684831358646,
              36.13616015533462
            ],
            [
              -75.36846091738387,
              36.13605028887404
            ],
            [
              -75.36843869890313,
              36.13594042241345
            ],
            [
              -75.3684164804224,
              36.13583055595286
            ],
            [
              -75.36839426194167,
              36.135720689492274
            ],
            [
              -75.36837204346094,
              36.13561082303168
            ],
            [
              -75.3683498249802,
              36.13550095657109
            ],
            [
              -75.36832760649946,
              36.13539109011052
            ],
            [
              -75.36830538801874,
              36.135281223649926
            ],
            [
              -75.36828316953799,
              36.135171357189336
            ],
            [
              -75.36826095105727,
              36.13506149072875
            ],
            [
              -75.36823873257653,
              36.134951624268155
            ],
            [
              -75.36821651409579,
              36.13484175780757
            ],
            [
              -75.36819429561507,
              36.13473189134699
            ],
            [
              -75.36817207713432,
              36.1346220248864
            ],
            [
              -75.3681498586536,
              36.13451215842581
            ],
            [
              -75.36812764017286,
              36.13440229196522
            ],
            [
              -75.36810542169212,
              36.13429242550463
            ],
            [
              -75.36808320321138,
              36.13418255904404
            ],
            [
              -75.36806098473066,
              36.13407269258346
            ],
            [
              -75.36803876624992,
              36.13396282612287
            ],
            [
              -75.36801654776919,
              36.13385295966228
            ],
            [
              -75.36799432928844,
              36.13374309320169
            ],
            [
              -75.36797211080773,
              36.13363322674111
            ],
            [
              -75.36794989232698,
              36.13352336028052
            ],
            [
              -75.36792767384624,
              36.13341349381993
            ],
            [
              -75.36790545536552,
              36.133303627359346
            ],
            [
              -75.36788323688478,
              36.133193760898756
            ],
            [
              -75.36786101840404,
              36.133083894438165
            ],
            [
              -75.36783879992332,
              36.13297402797758
            ],
            [
              -75.36781658144258,
              36.13286416151699
            ],
            [
              -75.36779436296183,
              36.1327542950564
            ],
            [
              -75.36777214448111,
              36.13264442859582
            ],
            [
              -75.36774992600037,
              36.132534562135234
            ],
            [
              -75.36772770751963,
              36.132424695674636
            ],
            [
              -75.36770548903891,
              36.13231482921405
            ],
            [
              -75.36768327055817,
              36.13220496275346
            ],
            [
              -75.36766105207744,
              36.13209509629287
            ],
            [
              -75.36763883359671,
              36.13198522983229
            ],
            [
              -75.36761661511596,
              36.131875363371705
            ],
            [
              -75.36759439663523,
              36.131765496911115
            ],
            [
              -75.3675721781545,
              36.13165563045053
            ],
            [
              -76.24026211949598,
              36.01325982781702
            ],
            [
              -76.24028563327448,
              36.013369765639865
            ],
            [
              -76.24030914705298,
              36.013479703462714
            ],
            [
              -76.24033266083148,
              36.01358964128556
            ],
            [
              -76.24035617460999,
              36.013699579108405
            ],
            [
              -76.24037968838847,
              36.013809516931246
            ],
            [
              -76.24040320216697,
              36.0139194547541
            ],
            [
              -76.24042671594546,
              36.014029392576944
            ],
            [
              -76.24045022972396,
              36.014139330399786
            ]
          ]
        ]
      },
      "properties": {
        "role": "valid_burst_support",
        "subswath": "IW3",
        "burst_index": 0,
        "source": "authenticated SAFE annotation firstValidSample/lastValidSample"
      }
    },
    {
      "type": "Feature",
      "geometry": {
        "type": "Polygon",
        "coordinates": [
          [
            [
              -75.7489408456981,
              36.184434192155784
            ],
            [
              -75.7431306445405,
              36.18597804029508
            ],
            [
              -75.7441694582255,
              36.188547156296984
            ],
            [
              -75.7499796593831,
              36.187003308157685
            ],
            [
              -75.7489408456981,
              36.184434192155784
            ]
          ]
        ]
      },
      "properties": {
        "role": "primary_roi",
        "source": "Block35",
        "valid_support_status": "evaluated"
      }
    }
  ],
  "analysis": {
    "subswaths": [
      {
        "subswath": "IW1",
        "inside_geolocation_support": false,
        "valid_fraction": 0.0,
        "status": "roi_outside_geolocation_grid"
      },
      {
        "subswath": "IW2",
        "inside_geolocation_support": false,
        "valid_fraction": 0.0,
        "status": "roi_outside_geolocation_grid"
      },
      {
        "subswath": "IW3",
        "inside_geolocation_support": true,
        "roi_image_polygon": {
          "type": "Polygon",
          "coordinates": [
            [
              [
                14283.098500440545,
                946.4020350402134
              ],
              [
                14293.256602089863,
                946.8234349629794
              ],
              [
                14303.414703739223,
                947.2448348858081
              ],
              [
                14313.57280538854,
                947.666234808574
              ],
              [
                14323.730907037898,
                948.0876347314028
              ],
              [
                14333.889008687216,
                948.5090346541688
              ],
              [
                14344.047110336574,
                948.9304345769975
              ],
              [
                14354.20521198589,
                949.3518344997635
              ],
              [
                14364.363313635211,
                949.7732344225293
              ],
              [
                14374.521415284567,
                950.1946343453582
              ],
              [
                14384.685339481575,
                950.6147705610824
              ],
              [
                14394.84943805313,
                951.0348689311857
              ],
              [
                14405.013536624645,
                951.454967301226
              ],
              [
                14415.177635196198,
                951.8750656713295
              ],
              [
                14425.341733767717,
                952.2951640413698
              ],
              [
                14435.50583233927,
                952.7152624114732
              ],
              [
                14445.669930910788,
                953.1353607815138
              ],
              [
                14444.830517716944,
                954.6343608438062
              ],
              [
                14443.991104523062,
                956.133360906036
              ],
              [
                14443.151691329222,
                957.6323609683284
              ],
              [
                14442.312278135341,
                959.1313610305582
              ],
              [
                14441.472864941501,
                960.6303610928508
              ],
              [
                14440.63345174762,
                962.1293611550803
              ],
              [
                14439.794038553777,
                963.6283612173731
              ],
              [
                14438.954625359895,
                965.1273612796027
              ],
              [
                14438.115212166054,
                966.6263613418951
              ],
              [
                14437.275798972212,
                968.1253614041876
              ],
              [
                14436.436385778332,
                969.6243614664174
              ],
              [
                14435.59697258449,
                971.1233615287099
              ],
              [
                14434.757559390608,
                972.6223615909396
              ],
              [
                14433.918146196766,
                974.1213616532323
              ],
              [
                14433.078733002887,
                975.6203617154619
              ],
              [
                14432.239319809045,
                977.1193617777544
              ],
              [
                14422.075221237526,
                976.6992634077139
              ],
              [
                14411.911122665973,
                976.2791650376106
              ],
              [
                14401.747024094457,
                975.85906666757
              ],
              [
                14391.58531628365,
                975.4384494144351
              ],
              [
                14381.427214634334,
                975.0170494916692
              ],
              [
                14371.269112984975,
                974.5956495688403
              ],
              [
                14361.111011335657,
                974.1742496460746
              ],
              [
                14350.952909686339,
                973.7528497233085
              ],
              [
                14340.79480803698,
                973.3314498004797
              ],
              [
                14330.63670638766,
                972.9100498777137
              ],
              [
                14320.478604738304,
                972.488649954885
              ],
              [
                14310.320503088984,
                972.0672500321189
              ],
              [
                14300.16240143963,
                971.6458501092902
              ],
              [
                14290.004299790307,
                971.2244501865242
              ],
              [
                14279.846198140951,
                970.8030502636956
              ],
              [
                14269.688096491633,
                970.3816503409295
              ],
              [
                14270.526246738424,
                968.8829243846073
              ],
              [
                14271.364396985253,
                967.3841984283479
              ],
              [
                14272.202547232042,
                965.8854724720255
              ],
              [
                14273.040697478873,
                964.3867465157664
              ],
              [
                14273.87884772566,
                962.8880205594439
              ],
              [
                14274.716997972491,
                961.3892946031845
              ],
              [
                14275.55514821928,
                959.8905686468623
              ],
              [
                14276.393298466108,
                958.3918426906027
              ],
              [
                14277.231448712899,
                956.8931167342806
              ],
              [
                14278.06959895969,
                955.3943907779584
              ],
              [
                14278.907749206517,
                953.8956648216988
              ],
              [
                14279.745899453308,
                952.3969388653766
              ],
              [
                14280.584049700137,
                950.8982129091174
              ],
              [
                14281.422199946928,
                949.399486952795
              ],
              [
                14282.260350193756,
                947.9007609965356
              ],
              [
                14283.098500440545,
                946.4020350402134
              ]
            ]
          ]
        },
        "roi_image_area_pixels": 3988.762953170212,
        "valid_fraction": 1.0,
        "burst_intersections": [
          {
            "burst_index": 0,
            "intersection_area_image_pixels": 3988.762953170212,
            "fraction_of_roi_image_area": 1.0
          }
        ],
        "fully_valid": true,
        "single_valid_burst": true,
        "crosses_burst_join": false,
        "join_treatment": "none"
      }
    ],
    "pertinent_subswath": "IW3",
    "coverage_definition": "inverse geolocation ROI area intersected with per-line valid sample cells; not catalogue footprint"
  }
}