transect,distance_m,E,N,lon,lat,status,wavelength_smoothed_m,swath,burst,sample,line,n_samples,n_lines,ground_spacing_sample_m,ground_spacing_line_m,bright_fraction,affine_residual_max_m,spectrum_method,incidence_deg,n_spectra_averaged,peak_status,n_blobs,argmax_wavelength_m,argmax_axial_bearing_deg,wavelength_m,k_rad_m,axial_bearing_deg,blob_area_px,lobe_to_annulus,identifiable,depth_T11.765_m,depth_T11.765_U-0.5_m,depth_T11.765_U+0.5_m
0,250.0,431697.2259085056,4007686.3574890075,-75.75987346227832,36.211603357229215,touches_land_or_unmapped,,,,,,,,,,,,,,,,,,,,,,,,,,,
0,300.0,431744.1660795999,4007703.5801583026,-75.75935279086559,36.211761931158854,touches_land_or_unmapped,,,,,,,,,,,,,,,,,,,,,,,,,,,
0,350.0,431791.1062506941,4007720.8028275976,-75.75883211731636,36.21192050284381,touches_land_or_unmapped,,,,,,,,,,,,,,,,,,,,,,,,,,,
0,400.0,431838.0464217883,4007738.0254968926,-75.75831144163068,36.21207907228401,ok,91.23313737731917,IW,0,22153.605266475515,1640.3620834555052,52,51,9.86198633642121,10.132266542253614,0.0,0.07300695439244677,affine_dtft,44.128662710897885,5,identified,1,87.88899108310079,69.86681935614651,83.54738583865658,0.0752050497344516,67.61986494804033,3,9.19020564784047,True,6.5412948179899715,7.565960883646823,5.633316245448917
0,450.0,431884.9865928825,4007755.2481661877,-75.7577907638086,36.21223763947943,ok,94.48496687922487,IW,0,22158.584015799104,1641.309760223117,52,51,9.860407082009862,10.13231389015193,0.0,0.07220522194451191,affine_dtft,44.131284278461784,5,identified,1,92.32814797543517,69.42537892798312,95.07601314665045,0.06608591482993778,68.19859051364803,1,8.517673421414257,True,7.052109441955627,8.130817310693068,6.096932489396101
0,500.0,431931.92676397675,4007772.4708354827,-75.75727008385012,36.21239620443004,ok,96.3822629653164,IW,0,22163.563560716837,1642.2573128980364,52,51,9.858846839082718,10.132361172129183,0.0,0.07140360345331427,affine_dtft,44.13390626362472,5,identified,1,97.50630880778279,69.3027902934101,95.07601314665045,0.06608591482993778,68.19859051364803,1,7.995070092281233,True,7.361103387608513,8.472531642358765,6.377495069287178
0,550.0,431978.86693507095,4007789.6935047777,-75.75674940175529,36.21255476713577,ok,98.68798842691515,IW,0,22168.543891878853,1643.2047427673137,52,51,9.857305615319747,10.132408387621117,0.0,0.07060211283170197,affine_dtft,44.13652866145718,5,identified,1,102.42743144033123,69.1220165545513,104.24045538494197,0.060275881220749374,75.25643716352906,4,7.443554158205357,True,7.747759682574802,8.900216821812688,6.72865393090805
0,600.0,432025.80710616516,4007806.9161740723,-75.75622871752415,36.212713327596624,ok,99.59098224698134,IW,0,22173.52499991976,1644.1520511212289,52,51,9.855783422892694,10.132455540053394,0.0,0.06980075699145068,affine_dtft,44.13915146702145,5,identified,2,102.04269700139076,68.25818023334855,103.97144730968249,0.06043183460229139,66.03751102542165,2,8.469650145817216,True,7.902578438959815,9.0715006042817,6.869275037895713
0,650.0,432072.74727725936,4007824.1388433673,-75.75570803115673,36.21287188581252,ok,115.09058638930406,IW,0,22178.506875459363,1645.0992392503422,52,51,9.854280271311355,10.13250262498555,0.0,0.0689995290974025,affine_dtft,44.141774675372005,5,identified,1,97.92195152254894,67.38276272527747,95.07601314665045,0.06608591482993778,68.19859051364803,1,8.803561236833948,True,10.879758627358704,12.373407477505221,9.571840963159419
0,700.0,432119.6874483536,4007841.3615126624,-75.75518734265304,36.21303044178345,ok,,IW,0,22183.489509103158,1646.0463084482265,52,51,9.85279617893469,10.132549649961069,0.0,0.06835690602124594,affine_dtft,44.1443982815558,5,ambiguous_multiple_blobs,3,92.43457405619607,66.82802744648598,255.99999999999972,0.024543692606170286,89.99999999999922,1,5.082426716599059,False,,,
0,750.0,432166.6276194478,4007858.5841819574,-75.75466665201314,36.21318899550936,ok,110.56050272248301,IW,0,22188.472891441033,1646.9932600097814,52,51,9.851331153329978,10.13259660543205,0.0,0.06756469182043708,affine_dtft,44.14702228061156,5,identified,2,138.81994073364024,94.92862507099862,157.07442971594136,0.04000132496767493,94.398705354995,4,6.186411984217549,True,9.94409385770521,11.333572055897658,8.72317348120274
0,800.0,432213.56779054203,4007875.8068512524,-75.75414595923708,36.2133475469902,ok,,IW,0,22193.45701304928,1647.9400952311482,52,51,9.849885206680469,10.132643498730397,0.0,0.06676390181814557,affine_dtft,44.14964666757082,5,ambiguous_multiple_blobs,2,136.43788340691705,94.69688786475437,146.28571428571402,0.04295146206079803,89.99999999999956,2,5.636445526891229,False,,,
0,850.0,432260.50796163623,4007893.0295205475,-75.75362526432484,36.21350609622596,ok,110.89289993087381,IW,0,22198.441864490367,1648.886815411732,52,51,9.848458351675559,10.132690330327678,0.0,0.06596327002351193,affine_dtft,44.152271437457856,5,identified,2,125.30722113951768,93.24769891453532,79.53106530485718,0.0790029063875227,68.74949449286665,3,4.271107407629241,True,10.010821293778363,11.407652048526144,8.783727080908799
0,900.0,432307.4481327305,4007910.2521898425,-75.75310456727648,36.213664643216575,ok,98.76023823005126,IW,0,22203.427436310583,1649.8334218513764,52,51,9.847050594555665,10.13273709140819,0.0,0.06516280891624662,affine_dtft,44.154896585288405,5,identified,2,115.63552468080584,92.02107339737779,93.77147832230494,0.06700529222311553,74.05460409907693,8,3.5335466520849956,True,7.760076087216992,8.91384220871055,6.739840617925732
0,950.0,432354.3883038247,4007927.4748591376,-75.75258386809203,36.213823187962014,ok,100.71694716657125,IW,0,22208.413719044926,1650.7799158521343,52,51,9.84566195050644,10.132783791975942,0.0,0.06436252440288996,affine_dtft,44.15752210607226,5,identified,1,208.78012777564567,55.26552979826582,113.19462638039174,0.05550780552130519,68.70264595096604,14,3.2530467435206263,True,8.098341958913023,9.288120863278605,7.047092833726196
0,1000.0,432401.3284749189,4007944.6975284326,-75.75206316677155,36.21398173046223,ok,103.89184751359798,IW,0,22213.40070321238,1651.7262987178324,52,51,9.8442924286435,10.13283042478111,0.0,0.06356242785461899,affine_dtft,44.160147994810764,5,identified,2,110.98837197391182,60.70603961288528,108.54378291265117,0.0578861832394019,57.99461679191643,2,3.7704286585195588,True,8.666888878996634,9.91752831636051,7.563519845318925
0,1050.0,432448.2686460131,4007961.9201977276,-75.75154246331503,36.21414027071721,ok,104.2186652571352,IW,0,22218.388379318847,1652.6725717544366,52,51,9.842942040130673,10.132876999542145,0.0,0.06276252731927338,affine_dtft,44.16277424649838,5,identified,1,108.40059817351461,61.0978991906839,108.54378291265117,0.0578861832394019,57.99461679191643,2,4.098884177667305,True,8.72682527511361,9.983909367135727,7.61795846406509
0,1100.0,432495.20881710737,4007979.1428670227,-75.75102175772254,36.21429880872688,ok,101.4716744421336,IW,0,22223.37673785826,1653.618736268302,52,51,9.841610793866952,10.132923507836065,0.0,0.06196282808386254,affine_dtft,44.16540085612325,5,identified,1,102.86765064025117,60.98927987267324,95.40556703999094,0.06585763810350687,63.4349488229219,5,4.142063269006889,True,8.231265865725762,9.435233033369805,7.167833473270723
0,1150.0,432542.1489882016,4007996.3655363177,-75.75050104999409,36.21445734449122,ok,99.65485232068012,IW,0,22228.3657693093,1654.5647935691618,52,51,9.840298705093865,10.13296995138738,0.0,0.0611633420164573,affine_dtft,44.168027818665465,5,identified,1,95.61729147269669,65.5871748562509,95.40556703999094,0.06585763810350687,63.4349488229219,5,3.6535874099670846,True,7.913602137473939,9.083697622971389,6.879288027554236
0,1200.0,432589.0891592958,4008013.5882056127,-75.74998034012971,36.21461587801018,ok,97.83803019922665,IW,0,22233.355464139244,1655.5107449662394,52,51,9.839005777286435,10.133016331295474,0.0,0.06036408764764435,affine_dtft,44.170655129099146,5,identified,1,95.69822113283813,66.64659191269405,99.45967230538379,0.06317319534180162,60.94539590092275,2,3.334186419799627,True,7.603787171912509,8.740953209161223,6.597891159478579
0,1250.0,432636.02933039,4008030.8108749078,-75.74945962812944,36.21477440928372,ok,99.23691679122842,IW,0,22238.345812800933,1656.4565917726204,52,51,9.837732021690096,10.133062649411597,0.0,0.05956505768981217,affine_dtft,44.173282782390764,5,identified,1,97.07366307063862,66.62493601969895,99.45967230538379,0.06317319534180162,60.94539590092275,2,3.5268204029275827,True,7.841643882695576,9.004082733066225,6.813927749444655
0,1300.0,432682.96950148424,4008048.033544203,-75.74893891399333,36.21493293831182,ok,102.0811887045871,IW,0,22243.3368057349,1657.4023353015798,52,51,9.836477459037498,10.133108901775602,0.0,0.0587662793120036,affine_dtft,44.175910773500334,5,identified,2,103.44171087376158,90.14742261196488,99.45967230538379,0.06317319534180162,60.94539590092275,2,3.121748270856079,True,8.339622551445663,9.555172995562648,7.266258535819771
0,1350.0,432729.90967257845,4008065.256213498,-75.74841819772139,36.21509146509443,ok,109.08081169318147,IW,0,22248.32843337069,1658.3479768684947,52,51,9.835242083094773,10.133155098680112,0.0,0.057967754581411346,affine_dtft,44.178539097382064,5,identified,1,103.62138831920586,90.50143477114142,102.39999999999988,0.061359231515425716,89.99999999999969,1,4.671201372004701,True,9.650660066867095,11.00793248528942,8.456842827750215
0,1400.0,432776.84984367265,4008082.478882793,-75.74789747931366,36.21524998963148,ok,116.08043468177584,IW,0,22253.320686122664,1659.2935177893846,52,51,9.834025911290167,10.133201223863471,0.0,0.05716950274542191,affine_dtft,44.18116774898216,5,identified,1,103.60668100330159,89.9629551395118,109.62692660678427,0.0573142520880518,74.47588900324551,4,4.052182477798594,True,11.091931065682639,12.609546705537944,9.76414057500461
0,1450.0,432823.79001476686,4008099.701552088,-75.74737675877019,36.21540851192298,ok,123.08005767037021,IW,0,22258.313554395405,1660.2389593832422,52,51,9.832828955239728,10.133247289180376,0.0,0.05637153325512831,affine_dtft,44.18379672324167,5,identified,1,123.90323786298566,66.99606359382972,134.45778724835563,0.04672979851716567,66.80140948635159,4,4.539726646079364,True,12.676131796285572,14.377397922982885,11.197796419218133
0,1500.0,432870.7301858611,4008116.924221383,-75.74685603609097,36.21556703196887,ok,129.49161512004136,IW,0,22263.307028580464,1661.184302969518,52,51,9.831651223880522,10.13329328965367,0.0,0.055573864068568776,affine_dtft,44.1864260150948,5,identified,1,136.0372711909135,64.87154846484296,134.45778724835563,0.04672979851716567,66.80140948635159,4,5.230787153236882,True,14.265930417179137,16.16122440993622,12.631789104767185
0,1550.0,432917.6703569553,4008134.146890678,-75.74633531127608,36.2157255497691,ok,132.9902826965492,IW,0,22268.301099057197,1662.129549869094,52,51,9.830492718774805,10.133339229423433,0.0,0.05477650751099677,affine_dtft,44.1890556194693,5,identified,1,137.17725491683402,63.729150695325934,134.45778724835563,0.04672979851716567,66.80140948635159,4,4.5573707534102,True,15.194719434907803,17.20864156125386,13.466910323054702
0,1600.0,432964.6105280495,4008151.369559973,-75.74581458432553,36.21588406532365,ok,130.06875219264558,IW,0,22273.29575619389,1663.07470140475,52,51,9.829353458482911,10.133385104928742,0.0,0.053979472859525326,affine_dtft,44.1916855312871,5,identified,1,133.16229971903707,62.593839185157606,134.45778724835563,0.04672979851716567,66.80140948635159,4,4.060296641319711,True,14.41604333363976,16.33023065410695,12.766904203918253
0,1650.0,433011.5506991437,4008168.592229268,-75.74529385523935,36.21604257863246,ok,126.90468566602308,IW,0,22278.290990346704,1664.0197589008628,52,51,9.828233445848836,10.133430921831554,0.0,0.05318278489010385,affine_dtft,44.19431574546372,5,identified,1,130.14818524684395,65.51378173111947,127.12026448932349,0.04942709435368816,65.55604521958325,3,3.4856781700114676,True,13.607594362315274,15.421235898372473,12.0386219906679
0,1700.0,433058.490870238,4008185.814898563,-75.74477312401758,36.216201089695495,ok,124.84877622007241,IW,0,22283.28679186158,1664.9647236819524,52,51,9.8271326968594,10.133476674732455,0.0,0.052395647794244146,affine_dtft,44.19694625690933,5,identified,1,121.00579402835857,66.1951808844554,119.85013472883753,0.05242535038776029,69.44395478041629,2,3.7766028746434595,True,13.100841868032576,14.852908389476479,11.581396023415982
0,1750.0,433105.4310413322,4008203.037567858,-75.74425239066026,36.216359598512724,ok,123.38127166826601,IW,0,22288.283151072224,1665.9095970751553,52,51,9.826051208255741,10.133522365448183,0.0,0.051599733679259144,affine_dtft,44.19957706052762,5,identified,1,121.24300541368204,66.30335509666692,118.6374546152431,0.05296122820197706,79.99202019855836,4,3.8756915003642303,True,12.747738563461969,14.457519944400143,11.262496283772439
0,1800.0,433152.3712124264,4008220.2602371527,-75.74373165516742,36.2165181050841,ok,122.05133641746008,IW,0,22293.28005830116,1666.8543804090325,52,51,9.824988997593058,10.133567995844928,0.0,0.05080421505676335,affine_dtft,44.20220815121641,5,identified,1,125.54820493663362,66.23922285799625,124.17824001860234,0.05059811852896565,75.96375653207325,3,3.637780735491892,True,12.433777885861709,14.106369757426323,10.978748112614726
0,1850.0,433199.3113835206,4008237.4829064477,-75.74321091753907,36.21667660940959,ok,119.7900660542228,IW,0,22298.277503862162,1667.7990750119934,52,51,9.823946075848925,10.133613560571293,0.0,0.05000911929422044,affine_dtft,44.204839523868905,5,identified,1,126.06559399714068,64.71994374517143,127.12026448932349,0.04942709435368816,65.55604521958325,3,3.3536300523795646,True,11.912802284518516,13.524489440934639,10.507517724765744
0,1900.0,433246.25155461486,4008254.7055757428,-75.74269017777529,36.21683511148916,ok,120.07821891396773,IW,0,22303.27547805594,1668.7436822158124,52,51,9.822922443636786,10.13365906459452,0.0,0.049221491456449586,affine_dtft,44.20747117337139,5,identified,1,121.24287205855258,61.781638373566416,120.47058823529395,0.05215534678811187,61.92751306414691,4,3.942358334164409,True,11.978305473760335,13.597596846318035,10.566791811286894
0,1950.0,433293.19172570907,4008271.928245038,-75.74216943587606,36.216993611322756,ok,118.71154521242288,IW,0,22308.273971173992,1669.6882033515483,52,51,9.821918108241467,10.133704508748023,0.0,0.04844607131326351,affine_dtft,44.21010309460536,5,identified,1,118.03422374532627,61.20788205977556,108.54378291265117,0.0578861832394019,57.99461679191643,2,4.432760842932008,True,11.669887245959123,13.253504091600792,10.287642118822488
0,2000.0,433340.1318968033,4008289.150914333,-75.74164869184145,36.21715210891034,touches_land_or_unmapped,,,,,,,,,,,,,,,,,,,,,,,,,,,
0,2050.0,433387.0720678975,4008306.373583628,-75.74112794567148,36.21731060425189,touches_land_or_unmapped,,,,,,,,,,,,,,,,,,,,,,,,,,,
0,2100.0,433434.01223899174,4008323.596252923,-75.74060719736619,36.21746909734735,touches_land_or_unmapped,,,,,,,,,,,,,,,,,,,,,,,,,,,
0,2150.0,433480.95241008594,4008340.818922218,-75.7400864469256,36.21762758819668,touches_land_or_unmapped,,,,,,,,,,,,,,,,,,,,,,,,,,,
0,2200.0,433527.89258118015,4008358.041591513,-75.73956569434975,36.21778607679985,touches_land_or_unmapped,,,,,,,,,,,,,,,,,,,,,,,,,,,
0,2250.0,433574.83275227435,4008375.264260808,-75.73904493963867,36.217944563156806,touches_land_or_unmapped,,,,,,,,,,,,,,,,,,,,,,,,,,,
0,2300.0,433621.7729233686,4008392.486930103,-75.7385241827924,36.218103047267505,touches_land_or_unmapped,,,,,,,,,,,,,,,,,,,,,,,,,,,
0,2350.0,433668.7130944628,4008409.709599398,-75.73800342381097,36.21826152913193,touches_land_or_unmapped,,,,,,,,,,,,,,,,,,,,,,,,,,,
0,2400.0,433715.653265557,4008426.932268693,-75.73748266269442,36.218420008750044,touches_land_or_unmapped,,,,,,,,,,,,,,,,,,,,,,,,,,,
0,2450.0,433762.5934366512,4008444.154937988,-75.73696189944278,36.21857848612178,touches_land_or_unmapped,,,,,,,,,,,,,,,,,,,,,,,,,,,
0,2500.0,433809.5336077455,4008461.377607283,-75.73644113405607,36.218736961247124,touches_land_or_unmapped,,,,,,,,,,,,,,,,,,,,,,,,,,,
0,2550.0,433856.4737788397,4008478.600276578,-75.73592036653432,36.21889543412602,touches_land_or_unmapped,,,,,,,,,,,,,,,,,,,,,,,,,,,
0,2600.0,433903.4139499339,4008495.8229458733,-75.7353995968776,36.219053904758425,touches_land_or_unmapped,,,,,,,,,,,,,,,,,,,,,,,,,,,
0,2650.0,433950.3541210281,4008513.0456151683,-75.73487882508589,36.21921237314432,touches_land_or_unmapped,,,,,,,,,,,,,,,,,,,,,,,,,,,
0,2700.0,433997.29429212236,4008530.2682844633,-75.73435805115928,36.21937083928365,touches_land_or_unmapped,,,,,,,,,,,,,,,,,,,,,,,,,,,
0,2750.0,434044.23446321656,4008547.4909537584,-75.73383727509776,36.21952930317638,touches_land_or_unmapped,,,,,,,,,,,,,,,,,,,,,,,,,,,
0,2800.0,434091.17463431077,4008564.7136230534,-75.73331649690137,36.219687764822474,touches_land_or_unmapped,,,,,,,,,,,,,,,,,,,,,,,,,,,
0,2850.0,434138.114805405,4008581.9362923484,-75.73279571657015,36.219846224221875,touches_land_or_unmapped,,,,,,,,,,,,,,,,,,,,,,,,,,,
0,2900.0,434185.05497649923,4008599.1589616435,-75.73227493410415,36.22000468137456,touches_land_or_unmapped,,,,,,,,,,,,,,,,,,,,,,,,,,,
0,2950.0,434231.99514759344,4008616.3816309385,-75.73175414950339,36.22016313628049,touches_land_or_unmapped,,,,,,,,,,,,,,,,,,,,,,,,,,,
0,3000.0,434278.93531868764,4008633.604300233,-75.73123336276788,36.220321588939626,touches_land_or_unmapped,,,,,,,,,,,,,,,,,,,,,,,,,,,
0,3050.0,434325.8754897819,4008650.826969528,-75.73071257389769,36.220480039351926,touches_land_or_unmapped,,,,,,,,,,,,,,,,,,,,,,,,,,,
0,3100.0,434372.8156608761,4008668.049638823,-75.73019178289283,36.22063848751732,touches_land_or_unmapped,,,,,,,,,,,,,,,,,,,,,,,,,,,
0,3150.0,434419.7558319703,4008685.272308118,-75.72967098975334,36.22079693343582,touches_land_or_unmapped,,,,,,,,,,,,,,,,,,,,,,,,,,,
0,3200.0,434466.6960030645,4008702.494977413,-75.72915019447926,36.22095537710736,touches_land_or_unmapped,,,,,,,,,,,,,,,,,,,,,,,,,,,
0,3250.0,434513.6361741588,4008719.7176467082,-75.7286293970706,36.22111381853191,touches_land_or_unmapped,,,,,,,,,,,,,,,,,,,,,,,,,,,
0,3300.0,434560.576345253,4008736.9403160033,-75.72810859752742,36.22127225770942,touches_land_or_unmapped,,,,,,,,,,,,,,,,,,,,,,,,,,,
0,3350.0,434607.5165163472,4008754.1629852983,-75.72758779584974,36.22143069463984,touches_land_or_unmapped,,,,,,,,,,,,,,,,,,,,,,,,,,,
0,3400.0,434654.4566874414,4008771.3856545934,-75.72706699203759,36.22158912932316,touches_land_or_unmapped,,,,,,,,,,,,,,,,,,,,,,,,,,,
0,3450.0,434701.39685853565,4008788.6083238884,-75.72654618609103,36.22174756175933,touches_land_or_unmapped,,,,,,,,,,,,,,,,,,,,,,,,,,,
0,3500.0,434748.33702962985,4008805.8309931834,-75.72602537801005,36.22190599194829,touches_land_or_unmapped,,,,,,,,,,,,,,,,,,,,,,,,,,,
1,250.0,431775.92093170545,4007473.3517103866,-75.75897949964556,36.20968870106664,touches_land_or_unmapped,,,,,,,,,,,,,,,,,,,,,,,,,,,
1,300.0,431822.7864553544,4007490.776482784,-75.75845968693008,36.209849087691325,touches_land_or_unmapped,,,,,,,,,,,,,,,,,,,,,,,,,,,
1,350.0,431869.65197900345,4007508.201255182,-75.75793987205803,36.21000947207893,touches_land_or_unmapped,,,,,,,,,,,,,,,,,,,,,,,,,,,
1,400.0,431916.5175026524,4007525.6260275794,-75.75742005502948,36.21016985422944,ok,94.98741243228217,IW,0,22158.000367523044,1618.4383885199172,52,51,9.860618831027175,10.130801037581028,0.0,0.07256295610901829,affine_dtft,44.13102344160066,6,identified,1,87.74103686350358,69.47977449896848,87.48622415019622,0.07181913916404283,70.01689347809987,2,8.463425714248652,True,7.1331419607636315,8.22042658190897,6.1705019484304655
1,450.0,431963.3830263014,4007543.050799977,-75.75690023584447,36.2103302341428,ok,97.30067317044713,IW,0,22162.975581763145,1619.4069255698753,52,51,9.859057599021193,10.130851136271977,0.0,0.07176172615410671,affine_dtft,44.13364312471727,6,identified,1,91.7226351811434,69.12750558936654,95.07601314665045,0.06608591482993778,68.19859051364803,1,8.046046907969851,True,7.513635619129185,8.641235655775183,6.516015491760986
1,500.0,432010.24854995037,4007560.4755723746,-75.756380414503,36.21049061181897,ok,100.59609409191323,IW,0,22167.951582220256,1620.3753395134877,52,51,9.857515353274037,10.13090116380605,0.0,0.07096062305477899,affine_dtft,44.136263220453124,6,identified,2,96.75477513510839,69.26697551758248,102.39999999999988,0.061359231515425716,89.99999999999969,1,5.303387874131004,True,8.077184664934896,9.264707295378289,7.027874812389606
1,550.0,432057.11407359934,4007577.900344772,-75.75586059100512,36.21065098725791,ok,105.85440481742953,IW,0,22172.92835955447,1621.3436316373463,52,51,9.855992102744812,10.13095112562196,0.0,0.07015965481639344,affine_dtft,44.13888372388393,6,identified,1,101.94874642480018,69.38505264775131,104.24045538494197,0.060275881220749374,75.25643716352906,4,6.172394295822979,True,9.030847906072744,10.320718380572643,7.894074512516423
1,600.0,432103.97959724837,4007595.3251171694,-75.75534076535085,36.21081136045959,ok,108.54900273512429,IW,0,22177.9059044122,1622.3118032299299,52,51,9.854487864214962,10.131001017117061,0.0,0.0693588276136632,affine_dtft,44.14150463007814,6,identified,2,101.54897679548924,68.48986984791703,113.77777777777767,0.05522330836388313,89.99999999999966,2,5.992076849206729,True,9.546623769959862,10.892525545298598,8.36239920924611
1,650.0,432150.84512089734,4007612.749889567,-75.75482093754025,36.21097173142395,ok,114.94900273512428,IW,0,22182.88420742521,1623.2798555816664,52,51,9.853002644457288,10.131050843511874,0.0,0.06855814841872589,affine_dtft,44.14412593409648,6,identified,2,97.28598009327416,67.59776136967429,113.77777777777767,0.05522330836388313,89.99999999999966,2,5.077186407161907,True,10.849641376491489,12.339899135223495,9.54453982727823
1,700.0,432197.7106445463,4007630.1746619646,-75.75430110757333,36.21113210015097,ok,,IW,0,22187.863259209484,1624.247789984232,52,51,9.851536458415211,10.131100599594557,0.0,0.06775762169490507,affine_dtft,44.14674763099139,6,ambiguous_multiple_blobs,3,91.55592819701842,67.25452580283012,113.77777777777767,0.05522330836388313,89.99999999999966,2,4.359336697512548,False,,,
1,750.0,432244.5761681953,4007647.5994343623,-75.75378127545011,36.2112924666406,ok,109.47612207645399,IW,0,22192.843050367926,1625.2156077321893,52,51,9.850089315742093,10.131150288468335,0.0,0.06695725730441676,affine_dtft,44.1493697158084,6,identified,2,124.87805559603994,94.22217654625652,127.99999999999986,0.04908738521234057,89.99999999999962,5,4.405259602832587,True,9.728479655124994,11.094273435574882,8.527481575600103
1,800.0,432291.44169184426,4007665.02420676,-75.75326144117066,36.2114528308928,ok,106.50462970138527,IW,0,22197.823571488076,1626.1833101206623,52,51,9.848661223720415,10.131199913714763,0.0,0.06615706316286091,affine_dtft,44.15199218358493,6,identified,1,79.39567274778143,72.14377946518078,101.89180827750278,0.06166526449375895,84.28940686250012,6,3.9492435172211415,True,9.153589262594622,10.45674486197572,8.00553775023359
1,850.0,432338.3072154933,4007682.4489791575,-75.752741604735,36.21161319290754,ok,108.93119468415685,IW,0,22202.804813143637,1627.1508984478253,52,51,9.847252195115336,10.13124946699654,0.0,0.06535704506746902,affine_dtft,44.15461502935113,6,identified,1,108.66238194932657,87.70849673896788,94.23490225053564,0.06667577677827827,83.65980825408981,5,4.841972596146594,True,9.62131523636669,10.975377946721654,8.430204570725271
1,900.0,432385.17273914226,4007699.873751555,-75.75222176614312,36.211773552684775,ok,108.16684268787733,IW,0,22207.786765895635,1628.1183740121842,52,51,9.845862245324286,10.131298956732893,0.0,0.0645572102593472,affine_dtft,44.157238248130454,6,identified,1,111.63374269249,86.44438498676386,101.89180827750278,0.06166526449375895,84.28940686250012,4,4.985842543198731,True,9.472323638305122,10.81011949285994,8.294945065330394
1,950.0,432432.03826279123,4007717.2985239523,-75.75170192539511,36.21193391022447,ok,111.75850797814428,IW,0,22212.76942028884,1629.0857381155927,52,51,9.844491392013355,10.131348379835478,0.0,0.06375757171352701,affine_dtft,44.15986183493779,6,identified,1,118.03642714253176,87.80264972883823,118.6374546152431,0.05296122820197706,79.99202019855836,4,4.566927833218115,True,10.186000330293606,11.602186827750502,8.942677778991118
1,1000.0,432478.9037864402,4007734.72329635,-75.75118208249097,36.21209426552656,ok,113.70581698997364,IW,0,22217.752766856822,1630.0529920597303,52,51,9.843139630425565,10.131397732687788,0.0,0.06295813779332808,affine_dtft,44.162485784782135,6,identified,1,116.58381233715083,65.40324457011778,124.17824001860234,0.05059811852896565,75.96375653207325,3,4.6899603925887705,True,10.587650080995651,12.048519760294402,9.30699837782293
1,1050.0,432525.76931008924,4007752.1480687475,-75.75066223743075,36.21225461859103,ok,114.13366471109558,IW,0,22222.736796118013,1631.0201371497424,52,51,9.841806977670114,10.131447020836013,0.0,0.06215891214232658,affine_dtft,44.1651100926645,6,identified,1,114.34799799776788,63.9730352610987,119.85013472883753,0.05242535038776029,69.44395478041629,2,4.253371585409815,True,10.677320114222656,12.148226087599264,9.38830954879337
1,1100.0,432572.6348337382,4007769.572841145,-75.75014239021445,36.21241496941784,ok,111.2123831646694,IW,0,22227.721498579074,1631.9871746908896,52,51,9.84049344019497,10.131496243675361,0.0,0.06136886282937225,affine_dtft,44.16773475357968,6,identified,1,112.04412664073764,63.196245354879686,103.97144730968249,0.06043183460229139,66.03751102542165,2,4.061992889020676,True,10.075239131207251,11.479178456017582,8.8421808106599
1,1150.0,432619.5003573872,4007786.9976135427,-75.74962254084214,36.21257531800694,ok,107.97091895118619,IW,0,22232.70686473207,1632.9541059912908,52,51,9.83919903507912,10.131545399239211,0.0,0.060570120060083284,affine_dtft,44.17035976251479,6,identified,1,107.3420210253895,62.57759452966186,104.03104688311235,0.06039721309581047,61.69924423399351,3,4.685550718473862,True,9.43438057630452,10.768041591551093,8.260496572718917
1,1200.0,432666.36588103615,4007804.4223859403,-75.74910268931384,36.21273566435829,ok,102.87330334532274,IW,0,22237.692885057884,1633.9209323596508,52,51,9.837923769837966,10.131594487955757,0.0,0.05977161692874588,affine_dtft,44.172985114451066,6,identified,3,102.06818760293523,62.23183197694816,104.03104688311235,0.06039721309581047,61.69924423399351,3,3.2946709044880342,True,8.481797813663096,9.712572006665752,7.395400927702726
1,1250.0,432713.2314046851,4007821.847158338,-75.74858283562958,36.212896008471866,ok,,IW,0,22242.679550022694,1634.887655107469,52,51,9.83666765387421,10.131643511482181,0.0,0.058973373208902925,affine_dtft,44.17561080436196,6,identified,3,99.94581951377803,64.95391493923694,99.45967230538379,0.06317319534180162,60.94539590092275,4,2.716820724468946,False,,,
1,1300.0,432760.09692833415,4007839.271930735,-75.74806297978938,36.2130563503476,ok,107.68462550095634,IW,0,22247.666850081878,1635.8542755460896,52,51,9.835430689581049,10.131692468727927,0.0,0.05817539312701298,affine_dtft,44.178236827215265,6,identified,4,107.48156665268404,89.89776830239933,99.45967230538379,0.06317319534180162,60.94539590092275,4,3.0374709356231953,True,9.379116939154201,10.706761125394483,8.21032100178423
1,1350.0,432806.9624519831,4007856.6967031327,-75.74754312179329,36.21321668998548,ok,115.40782548864092,IW,0,22252.654775677547,1636.8207949900627,52,51,9.83421290660372,10.131741358592087,0.0,0.05737769489687772,affine_dtft,44.18086317797177,6,identified,1,107.28979051545184,89.88636417122041,113.77777777777767,0.05522330836388313,89.99999999999966,2,4.1265165346104595,True,10.94745000836933,12.448730486246818,9.6331985855945
1,1400.0,432853.8279756321,4007874.1214755303,-75.74702326164135,36.21337702738545,ok,119.21781784058388,IW,0,22257.643317238813,1637.7872147546257,52,51,9.833014296035014,10.13179018351935,0.0,0.056580293779127294,affine_dtft,44.1834898515854,6,identified,2,108.13343079875227,89.05973696423104,113.4700050375516,0.055373094458753554,77.19573393471298,5,3.570017894602614,True,11.783473507914374,13.38019077861279,10.390466996100958
1,1450.0,432900.6934992811,4007891.546247928,-75.74650339933355,36.21353736254748,ok,126.21744082917823,IW,0,22262.632465185703,1638.7535361564107,52,51,9.831834873223485,10.131838943093118,0.0,0.0557832014308247,affine_dtft,44.186116843005294,6,identified,1,127.4832800364647,70.33728296159892,134.9238468338506,0.04656838249591931,71.56505117707773,5,4.275030202032052,True,13.436606835507517,15.229351449090261,11.884405401473916
1,1500.0,432947.5590229301,4007908.9710203256,-75.74598353486996,36.2136976954715,ok,130.35344272329382,IW,0,22267.62220992241,1639.7197605135739,52,51,9.830674648437867,10.131887635820512,0.0,0.05498643303641292,affine_dtft,44.18874414717228,6,identified,1,132.09403377658364,69.41468635123442,134.45778724835563,0.04672979851716567,66.80140948635159,4,3.927611003462244,True,14.490535122447824,16.41413712412614,12.833933820714165
1,1550.0,432994.4245465791,4007926.395792723,-75.74546366825061,36.213858026157524,ok,133.0834946136482,IW,0,22272.612541844806,1640.685889146297,52,51,9.829533624878394,10.13193626565071,0.0,0.05419000700716549,affine_dtft,44.19137175902277,6,identified,1,136.47278561668793,64.02236550017369,134.45778724835563,0.04672979851716567,66.80140948635159,4,3.540096761193347,True,15.22009092287543,17.23731304262496,13.489693098479318
1,1600.0,433041.29007022805,4007943.820565121,-75.74494379947552,36.21401835460548,ok,132.6234065585976,IW,0,22277.603451335024,1641.6519233753233,52,51,9.82841181961917,10.131984833696016,0.0,0.05339393879808164,affine_dtft,44.19399967348593,6,identified,1,132.73107465644344,63.61821240081881,134.45778724835563,0.04672979851716567,66.80140948635159,4,3.3624977274984116,True,15.095180758225876,17.096187549218904,13.377511968409916
1,1650.0,433088.155593877,4007961.245337518,-75.74442392854472,36.2141786808153,ok,128.66832340031945,IW,0,22282.594928765742,1642.617864522849,52,51,9.827309235239355,10.132033329942463,0.0,0.052598246573816,affine_dtft,44.196627885485974,6,identified,1,128.27397353031668,66.44976062390019,127.12026448932349,0.04942709435368816,65.55604521958325,3,3.1914139264089103,True,14.05385904376254,15.922638354665578,12.440816936757303
1,1700.0,433135.021117526,4007978.6701099155,-75.74390405545826,36.21433900478701,ok,,IW,0,22287.586964496506,1643.583713913538,52,51,9.826225887476522,10.132081762279372,0.0,0.05180294612418351,affine_dtft,44.19925638994016,6,identified,1,120.28884543285854,67.31813758497726,119.85013472883753,0.05242535038776029,69.44395478041629,2,2.9585287410771306,False,,,
1,1750.0,433181.886641175,4007996.094882313,-75.74338418021617,36.214499326520524,ok,122.143353434603,IW,0,22292.57954887744,1644.549472872072,52,51,9.825161778799094,10.132130132719604,0.0,0.05100806705565979,affine_dtft,44.2018851817608,6,identified,1,121.79135817204826,68.3612219439709,118.6374546152431,0.05296122820197706,79.99202019855836,4,3.035641896502708,True,12.455318161917544,14.13044958741231,10.998221361577382
1,1800.0,433228.752164824,4008013.519654711,-75.74286430281846,36.21465964601581,ok,120.48093437109563,IW,0,22297.572672247392,1645.5151427250466,52,51,9.8241169203048,10.132178436237982,0.0,0.050213621220664584,affine_dtft,44.20451425585428,6,identified,1,121.02688060898912,75.9258440036706,118.6374546152431,0.05296122820197706,79.99202019855836,4,3.3950737319982904,True,12.070280592873287,13.7002748035699,10.650008369959453
1,1850.0,433275.61768847296,4008030.9444271084,-75.74234442326518,36.21481996327284,ok,119.9459119542677,IW,0,22302.566324934567,1646.4807248001805,52,51,9.823091319446686,10.132226677953916,0.0,0.049425959314137576,affine_dtft,44.20714360712134,6,identified,1,119.32506136072185,72.30527493543786,124.17824001860234,0.05059811852896565,75.96375653207325,3,3.143215476271698,True,11.948197584065543,13.563991887613772,10.539547948451066
1,1900.0,433322.48321212194,4008048.369199506,-75.74182454155635,36.214980278291556,ok,119.77958548861027,IW,0,22307.56049725718,1647.446220426048,52,51,9.82208498605684,10.132274851359082,0.0,0.04865138882981764,affine_dtft,44.209773230457486,6,identified,1,121.03249809941879,61.68876215901937,120.47058823529395,0.05215534678811187,61.92751306414691,4,3.2868774321536542,True,11.910424646370327,13.521836066760006,10.505366057701247
1,1950.0,433369.3487357709,4008065.7939719036,-75.74130465769203,36.21514059107192,ok,121.45440820943149,IW,0,22312.555179522344,1648.411630933623,52,51,9.821097921689104,10.132322959296356,0.0,0.047877850582873985,affine_dtft,44.21240312075235,6,identified,1,116.8951875066994,60.19753482928473,117.80582228695597,0.05333509995689993,57.52880770915146,3,3.699626365894869,True,12.294694836907878,13.950930678444509,10.852991562067094
1,2000.0,433416.21425941994,4008083.218744301,-75.74078477167222,36.215300901613915,ok,122.02107384958087,IW,0,22317.550362027756,1649.3769576541342,52,51,9.82013014053787,10.132371007443421,0.0,0.04710540059283082,affine_dtft,44.21503327289062,5,identified,1,115.61847252865643,60.195593171680734,117.80582228695597,0.05333509995689993,57.52880770915146,3,4.294086198903488,True,12.426699600627861,14.098457336152146,10.972348883720763
1,2050.0,433463.0797830689,4008100.6435166984,-75.74026488349698,36.21546120991747,ok,122.40869525315262,IW,0,22322.54603506192,1650.3422019197162,52,51,9.819181652281443,10.132418989119884,0.0,0.046334089425767645,affine_dtft,44.21766368175214,5,identified,1,118.18043585388946,60.60724298835974,127.01156821934926,0.04946939397148858,60.255118703057654,4,3.9952740118809222,True,12.51758312186057,14.200065261501269,11.054506568427572
1,2100.0,433509.9453067179,4008118.068289096,-75.7397449931663,36.21562151598258,ok,123.94298624188484,IW,0,22327.542188902084,1651.307365065108,52,51,9.818252452932263,10.13246690956533,0.0,0.04556397032677174,affine_dtft,44.2202943422108,5,identified,1,121.55708721994044,61.259262811446405,127.01156821934926,0.04946939397148858,60.255118703057654,4,3.4332883516738906,True,12.882060973226494,14.60786952293338,11.383836108183214
1,2150.0,433556.81083036686,4008135.4930614936,-75.73922510068027,36.21578181980917,ok,,IW,0,22332.538813816496,1652.2724484245362,52,51,9.81734256072251,10.132514762595939,0.0,0.044795101947640394,affine_dtft,44.222925249135784,5,identified,1,136.15557234205298,65.01826580266403,143.1083505599863,0.043905092069004614,63.43494882292179,5,2.931848239080272,False,,,
1,2200.0,433603.6763540159,4008152.917833891,-75.73870520603887,36.21594212139723,ok,,IW,0,22337.535900065668,1653.237453334147,52,51,9.816451976896511,10.132562554388224,0.0,0.044027555880034874,affine_dtft,44.22555639739217,5,identified,1,156.61322399440263,58.08271203301433,143.1083505599863,0.043905092069004614,63.43494882292179,5,2.512926231208587,False,,,
1,2250.0,433650.54187766486,4008170.342606289,-75.73818530924216,36.2161024207467,ok,,IW,0,22342.5334378992,1654.2023811311433,52,51,9.815580718016092,10.132610281712415,0.0,0.04326139128493292,affine_dtft,44.22818778183929,5,identified,3,163.76756404492184,56.93372829238373,152.64890726398542,0.04116102381469181,63.43494882292177,4,2.013324450080335,False,,,
1,2300.0,433697.40740131383,4008187.7673786865,-75.73766541029016,36.21626271785755,ok,,IW,0,22347.531417557842,1655.1672331539903,52,51,9.814728780141944,10.132657944672388,0.0,0.04249668216709133,affine_dtft,44.23081939733182,5,identified,3,97.52291598943768,9.641244218603086,152.64890726398542,0.04116102381469181,63.43494882292177,4,1.7001261019234877,False,,,
1,2350.0,433744.2729249628,4008205.192151084,-75.73714550918292,36.21642301272974,ok,,IW,0,22352.529829275,1656.1320107414103,52,51,9.813896171283444,10.132705542976494,0.0,0.04173351556990732,affine_dtft,44.23345123872057,5,ambiguous_multiple_blobs,3,96.10553726666788,10.884620031917636,175.61455118592892,0.035778272727112294,149.0362434679257,2,1.4244080813918565,False,,,
1,2400.0,433791.1384486118,4008222.616923481,-75.73662560592047,36.2165833053632,ok,,IW,0,22357.52866327378,1657.096715233627,52,51,9.813082903385546,10.132753080957272,0.0,0.04097196426754815,affine_dtft,44.236083300850915,5,identified,3,119.45600244458505,72.10815352454573,119.85013472883753,0.05242535038776029,69.44395478041629,2,2.3372630696414674,False,,,
1,2450.0,433838.0039722608,4008240.041695879,-75.7361057005028,36.21674359575795,ok,,IW,0,22362.527909770546,1658.06134797189,52,51,9.812288980439387,10.132800556119903,0.0,0.040212125564539625,affine_dtft,44.23871557856468,5,identified,1,119.0157409821041,70.34648524721572,102.51396775925747,0.06129101667330778,64.29004621918857,6,2.4127534168240232,False,,,
1,2500.0,433884.8694959098,4008257.4664682765,-75.73558579293001,36.2169038839139,ok,,IW,0,22367.52755897196,1659.0259102989157,52,51,9.811514405682736,10.132847967198758,0.0,0.03945409859797673,affine_dtft,44.24134806669857,5,identified,1,110.97631569568777,67.72151778940979,110.06299658044091,0.057087172822770114,64.53665493812824,5,2.98751344456587,False,,,
1,2550.0,433931.73501955875,4008274.891240674,-75.73506588320208,36.217064169831026,ok,,IW,0,22372.52760107811,1659.9904035568677,52,51,9.81075919180523,10.132895314821415,0.0,0.03870793933018996,affine_dtft,44.24398076008585,5,identified,1,114.67035389103548,64.02256057740965,114.4866804479891,0.05488136508625573,63.434948822921854,3,3.8162644934505985,True,,,
1,2600.0,433978.6005432077,4008292.3160130717,-75.73454597131908,36.217224453509296,touches_land_or_unmapped,,,,,,,,,,,,,,,,,,,,,,,,,,,
1,2650.0,434025.46606685675,4008309.7407854693,-75.734026057281,36.21738473494866,touches_land_or_unmapped,,,,,,,,,,,,,,,,,,,,,,,,,,,
1,2700.0,434072.3315905057,4008327.165557867,-75.73350614108791,36.217545014149096,touches_land_or_unmapped,,,,,,,,,,,,,,,,,,,,,,,,,,,
1,2750.0,434119.1971141547,4008344.590330264,-75.73298622273981,36.217705291110526,touches_land_or_unmapped,,,,,,,,,,,,,,,,,,,,,,,,,,,
1,2800.0,434166.06263780367,4008362.0151026617,-75.73246630223676,36.21786556583294,touches_land_or_unmapped,,,,,,,,,,,,,,,,,,,,,,,,,,,
1,2850.0,434212.92816145264,4008379.4398750593,-75.73194637957879,36.2180258383163,touches_land_or_unmapped,,,,,,,,,,,,,,,,,,,,,,,,,,,
1,2900.0,434259.7936851017,4008396.864647457,-75.73142645476591,36.218186108560545,touches_land_or_unmapped,,,,,,,,,,,,,,,,,,,,,,,,,,,
1,2950.0,434306.65920875064,4008414.2894198545,-75.73090652779817,36.21834637656566,touches_land_or_unmapped,,,,,,,,,,,,,,,,,,,,,,,,,,,
1,3000.0,434353.5247323996,4008431.714192252,-75.7303865986756,36.21850664233159,touches_land_or_unmapped,,,,,,,,,,,,,,,,,,,,,,,,,,,
1,3050.0,434400.3902560486,4008449.1389646498,-75.72986666739823,36.2186669058583,touches_land_or_unmapped,,,,,,,,,,,,,,,,,,,,,,,,,,,
1,3100.0,434447.25577969756,4008466.563737047,-75.7293467339661,36.21882716714574,touches_land_or_unmapped,,,,,,,,,,,,,,,,,,,,,,,,,,,
1,3150.0,434494.1213033466,4008483.9885094445,-75.72882679837923,36.218987426193884,touches_land_or_unmapped,,,,,,,,,,,,,,,,,,,,,,,,,,,
1,3200.0,434540.98682699556,4008501.413281842,-75.72830686063766,36.21914768300268,touches_land_or_unmapped,,,,,,,,,,,,,,,,,,,,,,,,,,,
1,3250.0,434587.85235064453,4008518.8380542397,-75.72778692074142,36.2193079375721,touches_land_or_unmapped,,,,,,,,,,,,,,,,,,,,,,,,,,,
1,3300.0,434634.7178742935,4008536.2628266374,-75.72726697869054,36.2194681899021,touches_land_or_unmapped,,,,,,,,,,,,,,,,,,,,,,,,,,,
1,3350.0,434681.58339794254,4008553.687599035,-75.72674703448506,36.21962843999265,touches_land_or_unmapped,,,,,,,,,,,,,,,,,,,,,,,,,,,
1,3400.0,434728.4489215915,4008571.1123714326,-75.726227088125,36.21978868784368,touches_land_or_unmapped,,,,,,,,,,,,,,,,,,,,,,,,,,,
1,3450.0,434775.3144452405,4008588.5371438297,-75.7257071396104,36.21994893345518,touches_land_or_unmapped,,,,,,,,,,,,,,,,,,,,,,,,,,,
1,3500.0,434822.17996888945,4008605.9619162274,-75.72518718894129,36.2201091768271,touches_land_or_unmapped,,,,,,,,,,,,,,,,,,,,,,,,,,,
2,250.0,431856.305298606,4007258.0911873146,-75.75806659358034,36.20775382997435,touches_land_or_unmapped,,,,,,,,,,,,,,,,,,,,,,,,,,,
2,300.0,431903.129413057,4007275.6269309795,-75.75754726192001,36.207915210027885,touches_land_or_unmapped,,,,,,,,,,,,,,,,,,,,,,,,,,,
2,350.0,431949.953527508,4007293.162674644,-75.75702792809228,36.20807658784863,touches_land_or_unmapped,,,,,,,,,,,,,,,,,,,,,,,,,,,
2,400.0,431996.7776419591,4007310.698418309,-75.75650859209725,36.208237963436545,ok,91.35454247330496,IW,0,22162.534966447904,1596.2370340266043,52,51,9.859223342880837,10.129285207650991,0.0,0.07196198548927717,affine_dtft,44.13345828637716,7,identified,1,83.93423296453713,71.37893104771612,87.48622415019622,0.07181913916404283,70.01689347809987,2,8.606945252771904,True,6.559946524300029,7.586586047258118,5.650239086218719
2,450.0,432043.6017564101,4007328.234161974,-75.7559892539349,36.20839933679159,ok,94.57602070121422,IW,0,22167.50849887675,1597.2170378001624,52,51,9.857680083183478,10.129337479570635,0.0,0.07116131138568817,affine_dtft,44.13607708100919,7,identified,1,89.74262665143063,70.61429021286114,90.77600403004124,0.06921636807344198,77.19573393471306,4,7.353871418951916,True,7.066751979677556,8.147009496888755,6.110226044004013
2,500.0,432090.42587086116,4007345.7699056384,-75.7554699136053,36.208560707913705,ok,96.45510602290787,IW,0,22172.48280843053,1598.1969194785331,52,51,9.856155804670335,10.12938968714835,0.0,0.07051912135061958,affine_dtft,44.13869628344882,7,identified,1,94.5345809205369,70.05821410482717,95.80139923967745,0.06558552752930272,79.21570213243716,4,6.128104405875782,True,7.373130400068058,8.485833227958562,6.388416784649691
2,550.0,432137.24998531217,4007363.3056493034,-75.75495057110844,36.2087220768029,ok,101.71341674842417,IW,0,22177.457885771095,1599.1766803494793,52,51,9.854650512180914,10.129441824513254,0.0,0.06971869565120968,affine_dtft,44.14131588877261,7,identified,1,100.00133949532204,69.54511934347373,104.24045538494197,0.060275881220749374,75.25643716352906,4,6.402046013679907,True,8.274133548856005,9.482681329863642,7.206772104940259
2,600.0,432184.0740997632,4007380.8413929683,-75.75443122644438,36.20888344345907,ok,107.11938039980711,IW,0,22182.433721544345,1600.1563217005764,52,51,9.853164218745366,10.129493885684035,0.0,0.06891842541479876,affine_dtft,44.1439358920487,7,identified,2,100.84058880824202,68.91627239256209,103.97144730968249,0.06043183460229139,66.03751102542165,2,6.724626768400243,True,9.270633967827669,10.586485727430755,8.111820255406453
2,650.0,432230.89821421425,4007398.377136633,-75.75391187961314,36.20904480788223,ok,113.5591005518716,IW,0,22187.41030638369,1601.1358448232586,52,51,9.851696938903597,10.129545888373087,0.0,0.06811831364522927,affine_dtft,44.14655628833865,7,identified,2,98.20239936306353,68.18641469980025,113.77777777777767,0.05522330836388313,89.99999999999966,2,4.923514154592654,True,10.557019627880695,12.01446619280787,9.279221056181918
2,700.0,432277.72232866526,4007415.9128802978,-75.75339253061476,36.2092061700723,ok,113.19100947488319,IW,0,22192.387630905407,1602.1152510102454,52,51,9.850248674854113,10.129597816451765,0.0,0.06731837086714372,affine_dtft,44.149177072695004,7,identified,3,113.60051511075564,92.0913647782575,117.80582228695603,0.0533350999568999,94.39870535499512,3,4.4041993798209855,True,10.480438386448625,11.929338014979006,9.209768370580344
2,750.0,432324.54644311627,4007433.4486239622,-75.75287317944927,36.20936753002927,ok,115.15227556850223,IW,0,22197.365685713794,1603.094541555601,52,51,9.84881945264163,10.12964967493815,0.0,0.06651859893119905,affine_dtft,44.15179824016397,7,identified,2,119.42237996429238,93.37699879615143,127.99999999999986,0.04908738521234057,89.99999999999962,5,4.611349592792751,True,10.89289896884617,12.388028214036648,9.583752251476387
2,800.0,432371.37055756734,4007450.984367627,-75.7523538261167,36.20952888775309,ok,114.28381376923248,IW,0,22202.34446139805,1604.0737177549356,52,51,9.847409273230593,10.12970146476642,0.0,0.06571901509202545,affine_dtft,44.154419785783794,7,identified,2,121.24782011143553,91.91508921918188,102.39999999999988,0.061359231515425716,89.99999999999969,3,4.7364499323939135,True,10.708911828258184,12.183359144119867,9.41695404369983
2,850.0,432418.19467201835,4007468.520111292,-75.75183447061708,36.209690243243706,ok,114.28381376923251,IW,0,22207.323948533754,1605.0527809062814,52,51,9.846018143886576,10.129753185289717,0.0,0.06491961592900505,affine_dtft,44.157041704585595,7,identified,2,117.0795355118235,89.54094742824336,113.77777777777767,0.05522330836388313,89.99999999999966,2,5.387212421183868,True,10.70891182825819,12.183359144119875,9.416954043699835
2,900.0,432465.01878646936,4007486.0558549566,-75.75131511295045,36.209851596501096,ok,113.519461772953,IW,0,22212.304137682724,1606.031732309073,52,51,9.844646089368542,10.1298048379817,0.0,0.06412042310226689,affine_dtft,44.15966399159316,7,identified,1,116.20796055306592,87.4592068888014,109.43546878142905,0.057414523619656925,85.91438322002486,3,5.640347132648399,True,10.54875451092783,12.005277854673908,9.271725621803785
2,950.0,432511.8429009204,4007503.5915986216,-75.75079575311682,36.210012947525215,ok,117.87510977667348,IW,0,22217.285019392348,1607.0105732645022,52,51,9.843293112871821,10.129856423194495,0.0,0.06332143730384023,affine_dtft,44.16228664182276,7,identified,1,118.5360947612956,86.00396891273752,117.80582228695603,0.0533350999568999,85.60129464500419,3,5.1371925776395475,True,11.4839216606101,13.046183663799837,10.119251936546563
2,1000.0,432558.66701537144,4007521.1273422865,-75.75027639111624,36.210174296316005,ok,118.23461948250572,IW,0,22222.266584197787,1607.9893050749977,52,51,9.84195921766785,10.129907940108959,0.0,0.06253162883392005,affine_dtft,44.16490965028413,7,identified,1,123.7590216521618,85.19933881635794,124.17824001860234,0.05059811852896565,75.96375653207325,3,4.80570335483834,True,11.563594249807618,13.134991186825486,10.191401241564725
2,1050.0,432605.49112982245,4007538.663085951,-75.74975702694877,36.21033564287346,ok,117.15373510284238,IW,0,22227.248822619906,1608.9679290460747,52,51,9.840644423546216,10.12995938808821,0.0,0.06173311038462134,affine_dtft,44.16753301197954,7,identified,1,117.14091217729866,66.55708378080357,124.17824001860234,0.05059811852896565,75.96375653207325,3,3.7070424962267525,True,11.325217189802398,12.869344443916251,9.975505304886422
2,1100.0,432652.3152442735,4007556.198829616,-75.74923766061438,36.210496987197516,ok,114.39878002207365,IW,0,22232.231725167905,1609.9464464824973,52,51,9.839348734699216,10.130010766754703,0.0,0.06093483528228802,affine_dtft,44.1701567219051,7,identified,1,113.88727737995994,64.74195048228083,115.57532630693886,0.05436441763091401,73.610459665965,4,3.714392900101158,True,10.733144286940915,12.210309934922831,9.438925009123595
2,1150.0,432699.1393587245,4007573.7345732804,-75.74871829211314,36.210658329288144,ok,110.35742148028969,IW,0,22237.215282336972,1610.9248586927176,52,51,9.83807217205348,10.13006207400624,0.0,0.060136810820276686,affine_dtft,44.1727807750495,7,identified,2,108.71641689967544,63.50780294428126,104.03104688311235,0.06039721309581047,61.69924423399351,3,3.397334412293924,True,9.903473234135113,11.288480880643743,8.686309216599657
2,1200.0,432745.9634731756,4007591.2703169454,-75.74819892144507,36.21081966914529,ok,106.90221684571152,IW,0,22242.19948460968,1611.9031669857948,52,51,9.836814730163583,10.130113319481843,0.0,0.05933905238728211,affine_dtft,44.17540516639482,7,identified,3,221.4178258633245,109.59003467021932,104.03104688311235,0.06039721309581047,61.69924423399351,3,3.4863321701127283,True,9.229175911801113,10.540527452034752,8.074175138463731
2,1250.0,432792.7875876266,4007608.8060606103,-75.74767954861021,36.21098100676893,ok,107.66774892278757,IW,0,22247.184322455727,1612.8813726727976,52,51,9.835576433331616,10.130164495916283,0.0,0.05854156717838763,affine_dtft,44.17802989091633,7,identified,3,241.81948511393495,111.1481161702037,103.97144730968249,0.06043183460229139,66.03751102542165,2,3.065926429159701,True,9.375865909974458,10.703156342261504,8.207369228945641
2,1300.0,432839.6117020776,4007626.341804275,-75.74716017360858,36.211142342159,ok,,IW,0,22252.169786334252,1613.8594770651837,52,51,9.834357279472966,10.13021560451655,0.0,0.05774437175184521,affine_dtft,44.180654943583754,7,identified,1,258.28664423806913,109.35262601059003,148.27436043999808,0.04237539982323641,70.25316339457359,12,2.8802968256841255,False,,,
2,1350.0,432886.4358165287,4007643.87754794,-75.74664079644023,36.2113036753155,ok,116.35614913969275,IW,0,22257.15586668875,1614.8374814779138,52,51,9.833157287193092,10.130266646176716,0.0,0.05694748093192353,affine_dtft,44.18328031935856,7,identified,2,110.91370747320936,89.49091522148335,118.6374546152431,0.05296122820197706,79.99202019855836,4,3.8737014080786345,True,11.151536453734163,12.675909734422,9.818152213355773
2,1400.0,432933.2599309797,4007661.4132916047,-75.74612141710519,36.211465006238356,ok,124.0942490207348,IW,0,22262.142553954374,1615.8153872255912,52,51,9.83197646044433,10.13031761900958,0.0,0.05615090672030988,affine_dtft,44.18590601319782,7,identified,1,126.23555098625484,75.8468874661618,118.6374546152431,0.05296122820197706,79.99202019855836,4,4.2564237392481745,True,12.918408498295271,14.648566208172307,11.41666456701424
2,1450.0,432980.0840454307,4007678.949035269,-75.74560203560345,36.21162633492754,ok,126.26016858335795,IW,0,22267.129838552955,1616.7931956247867,52,51,9.830814804602793,10.130368524907725,0.0,0.05535466757413148,affine_dtft,44.1885320200516,7,identified,1,129.04413556140665,74.87425066994749,124.17824001860234,0.05059811852896565,75.96375653207325,3,5.5651802226225655,True,13.447190610823982,15.241225094346344,11.893952885394059
2,1500.0,433026.9081598818,4007696.484778934,-75.7450826519351,36.21178766138301,ok,129.51744702707944,IW,0,22272.117710893126,1617.7709079944977,52,51,9.829672341661295,10.13041936607701,0.0,0.05455877842352349,affine_dtft,44.191158334862976,7,identified,1,132.26403204767996,74.32953393950193,134.9238468338506,0.04656838249591931,71.56505117707773,5,5.281072030041513,True,14.272623630352367,16.168757810067316,12.637814717517104
2,1550.0,433073.7322743328,4007714.0205225986,-75.74456326610016,36.21194898560473,ok,132.77472547080095,IW,0,22277.106161374842,1618.748525653638,52,51,9.828549067051293,10.130470135923506,0.0,0.053763256293047644,affine_dtft,44.19378495257049,7,identified,1,134.34664412024551,74.28785348813514,134.9238468338506,0.04656838249591931,71.56505117707773,5,4.4609876902689845,True,15.136173633981269,17.1424932921942,13.414331819197029
2,1600.0,433120.5563887838,4007731.5562662636,-75.74404387809862,36.212110307592646,ok,134.9238468338506,IW,0,22282.095180384007,1619.7260499234994,52,51,9.827445000016908,10.130520842155931,0.0,0.05296812099445131,affine_dtft,44.19641186810526,7,identified,1,135.08042918232033,73.42516058287437,134.9238468338506,0.04656838249591931,71.56505117707773,5,3.706973166895478,True,15.727901739969251,17.811870044694086,13.945338801885944
2,1650.0,433167.38050323486,4007749.0920099285,-75.74352448793056,36.21227162734674,ok,132.23744513003854,IW,0,22287.08475829843,1620.7034821260452,52,51,9.826360141094144,10.130571480808767,0.0,0.05217339152400207,affine_dtft,44.19903907639415,7,identified,1,132.2958774845945,64.21260689981855,134.9238468338506,0.04656838249591931,71.56505117707773,5,3.0252147777676,True,14.991015206118782,16.97855944872381,13.283931254727309
2,1700.0,433214.2046176859,4007766.627753593,-75.74300509559598,36.21243294486695,ok,,IW,0,22292.074885481434,1621.6808235851556,52,51,9.825294504147259,10.130622054017662,0.0,0.051379088913145195,affine_dtft,44.20166657235635,7,identified,1,126.20178982566193,66.72223410095901,129.52689296049664,0.04850873176658259,71.56505117707776,4,2.9214828303896287,False,,,
2,1750.0,433261.0287321369,4007784.163497258,-75.74248570109494,36.21259426015325,ok,129.5429932709832,IW,0,22297.065552288874,1622.6580756257454,52,51,9.824248099384576,10.130672558267351,0.0,0.05058523568121393,affine_dtft,44.20429435090718,7,identified,1,125.87873577753383,66.82618379632677,124.17824001860234,0.05059811852896565,75.96375653207325,5,3.1015710169168917,True,14.279245182825905,16.17621075755287,12.643775714858796
2,1800.0,433307.85284658795,4007801.699240923,-75.74196630442744,36.21275557320561,ok,124.24757168425658,IW,0,22302.056749063337,1623.635239574392,52,51,9.823220927159673,10.13072300001702,0.0,0.04979328648076504,affine_dtft,44.20692240695492,7,identified,1,128.59934004864158,66.6240674170143,129.52689296049664,0.04850873176658259,71.56505117707776,4,3.336883534963852,True,12.955327632633308,14.689908272762223,11.450006654309188
2,1850.0,433354.67696103896,4007819.2349845874,-75.74144690559352,36.21291688402395,ok,,IW,0,22307.048466139153,1624.612316757746,52,51,9.822213002934863,10.13077337316505,0.0,0.04901939268352363,affine_dtft,44.209550735403496,7,identified,1,128.3107352929157,64.1341121059371,129.964309137103,0.04834546768183316,66.0375110254216,5,2.7659480320335836,False,,,
2,1900.0,433401.50107549,4007836.7707282524,-75.74092750459324,36.21307819260827,ok,121.35196984869854,IW,0,22312.040693838397,1625.5893085057544,52,51,9.82122432684454,10.130823680845879,0.0,0.04824654736143079,affine_dtft,44.212179331150416,7,identified,1,122.61539488596388,58.03096651697009,119.03758207367079,0.0527832067631465,54.462322208025576,4,3.2369301779943886,True,12.270940025707509,13.92438946563807,10.831509425904782
2,1950.0,433448.32518994104,4007854.306471917,-75.7404081014266,36.21323949895851,ok,120.7231386634117,IW,0,22317.03342247553,1626.5662161468483,52,51,9.820254916096536,10.130873921340543,0.0,0.047474802027999204,affine_dtft,44.21480818908915,7,identified,1,120.3796769379485,55.954404130478885,119.03758207367079,0.0527832067631465,54.462322208025576,4,3.5467063120769105,True,12.12583921816544,13.762313183395483,10.700269358109743
2,2000.0,433495.14930439205,4007871.842215582,-75.73988869609366,36.21340080307465,ok,121.98082457459921,IW,0,22322.026642352146,1627.5430410137424,52,51,9.81930477292175,10.130924098398825,0.0,0.046704208740453945,affine_dtft,44.21743730410638,6,identified,1,120.41543261200435,55.770275606272,117.80582228695597,0.05333509995689993,57.52880770915146,3,3.756877727820732,True,12.41728997574979,14.087939129881622,10.963841832580261
2,2050.0,433541.9734188431,4007889.3779592467,-75.7393692885944,36.21356210495662,ok,125.0648656095362,IW,0,22327.020343763652,1628.5197844369252,52,51,9.81837390599445,10.130974206768231,0.0,0.04593482505124141,affine_dtft,44.22006667108553,6,identified,1,122.18768133154228,57.73984824268359,127.01156821934926,0.04946939397148858,60.255118703057654,4,3.8068288000955035,True,13.153436384469664,14.911844062233792,11.628874869735977
2,2100.0,433588.7975332941,4007906.913702911,-75.73884987892892,36.213723404604416,ok,126.57168649350254,IW,0,22332.014516992633,1629.4964477515268,52,51,9.817462317361356,10.131024250055328,0.0,0.04516670877344609,affine_dtft,44.22269628490329,6,identified,1,122.51698700825546,59.84953367345042,127.01156821934926,0.04946939397148858,60.255118703057654,4,3.714701001216466,True,13.524542209070916,15.328018121460945,11.963723574287815
2,2150.0,433635.62164774514,4007924.449446576,-75.73833046709721,36.21388470201796,ok,129.49364122901804,IW,0,22337.009152314535,1630.4730322906996,52,51,9.816570028582289,10.131074232738884,0.0,0.044399927618459484,affine_dtft,44.22532614043257,6,identified,1,125.90715284011786,61.98601579738883,134.45778724835563,0.04672979851716567,66.80140948635159,4,3.003747659234927,True,14.266455308468197,16.161815182410887,12.63226164563928
2,2200.0,433682.4457621962,4007941.985190241,-75.7378110530993,36.21404599719724,ok,,IW,0,22342.004239993992,1631.4495393912239,52,51,9.8156970262903,10.131124146392843,0.0,0.04363454428654514,affine_dtft,44.227956232540585,6,identified,1,142.97333354909085,60.30752027457902,143.1083505599863,0.043905092069004614,63.43494882292179,5,2.472656517940272,False,,,
2,2250.0,433729.2698766472,4007959.5209339056,-75.73729163693524,36.2142072901422,ok,,IW,0,22346.999770289643,1632.4259703886014,52,51,9.814843338804925,10.131173994567312,0.0,0.042870633118933896,affine_dtft,44.23058655609138,6,identified,3,160.83853551960328,57.31646919755367,152.64890726398542,0.04116102381469181,63.43494882292177,4,1.844217528034216,False,,,
2,2300.0,433776.0939910982,4007977.0566775706,-75.73677221860507,36.2143685808528,ok,,IW,0,22351.99573344724,1633.4023266211311,52,51,9.81400895659078,10.131223777829238,0.0,0.04210827685887942,affine_dtft,44.23321710594223,6,identified,3,98.83458873782169,9.382668665782953,152.64890726398542,0.04116102381469181,63.43494882292177,4,1.375931491605289,False,,,
2,2350.0,433822.9181055493,4007994.592421235,-75.73625279810877,36.214529869329006,ok,,IW,0,22356.992119707957,1634.3786094270565,52,51,9.813193891756674,10.131273497480821,0.0,0.041347555164577755,affine_dtft,44.235847876948,6,identified,3,97.5006278828497,10.035012808732171,91.58934435839126,0.06860170635781969,10.304846468766252,2,3.239668793089277,True,,,
2,2400.0,433869.7422200003,4008012.1281649,-75.73573337544643,36.2146911555708,ok,,IW,0,22361.988919301963,1635.3548201467117,52,51,9.812398152373715,10.131323151848058,0.0,0.04058855983934457,affine_dtft,44.238478863957724,6,identified,3,119.1569717387349,71.53279536926898,96.96691444205686,0.06479720782426401,65.37643521383623,5,2.182153441884546,False,,,
2,2450.0,433916.5663344513,4008029.663908565,-75.73521395061806,36.214852439578095,ok,,IW,0,22366.986122451835,1636.3309601200074,52,51,9.811621743773406,10.131372740550686,0.0,0.03983138738232106,affine_dtft,44.24111006181647,6,identified,1,99.77669295169655,62.623946932644294,116.6482988669283,0.053864354373032115,70.01689347809979,8,2.2370587608158194,False,,,
2,2500.0,433963.3904489024,4008047.1996522294,-75.73469452362369,36.21501372135088,ok,,IW,0,22371.983719372747,1637.3070306887168,52,51,9.8108646769543,10.131422265365703,0.0,0.039076142256088034,affine_dtft,44.243741465365396,6,identified,1,101.64542208929198,63.30366116283694,120.54296468413905,0.05212403165662577,70.34617594194646,7,2.756176539096291,False,,,
2,2550.0,434010.2145633534,4008064.7353958944,-75.73417509446335,36.21517500088912,ok,128.8074712414391,IW,0,22376.98170027128,1638.2830331955079,52,51,9.810126945527822,10.131471725820832,0.0,0.038322933448962204,affine_dtft,44.24637306944111,6,identified,2,112.22405352059866,66.14241095834012,114.4866804479891,0.05488136508625573,63.434948822921854,3,3.5900063570315517,True,14.08953271366518,15.962757881165205,12.472948589186316
2,2600.0,434057.03867780446,4008082.2711395593,-75.73365566313707,36.21533627819276,ok,124.17519672200044,IW,0,22381.98005534781,1639.2589689833092,52,51,9.809408569282011,10.131521120987111,0.0,0.03757188783044801,affine_dtft,44.249004868876995,5,identified,1,122.29122887201984,66.3761335149411,127.12026448932349,0.04942709435368816,65.55604521958325,3,3.8440435097973027,True,12.937890570925969,14.670381566129995,11.434259379263391
2,2650.0,434103.8627922555,4008099.806883224,-75.73313622964491,36.21549755326176,ok,124.17519672200044,IW,0,22386.97877479374,1640.234839396264,52,51,9.808709542530757,10.131570453257165,0.0,0.0368231301998967,affine_dtft,44.25163685850167,5,identified,1,116.42953436610907,68.7245786853897,144.8154687870047,0.04338752869295286,81.8698976458437,4,3.644269828575794,True,12.937890570925969,14.670381566129995,11.434259379263391
2,2700.0,434150.6869067065,4008117.342626889,-75.73261679398686,36.21565882609609,ok,121.54638843742379,IW,0,22391.97784879333,1641.2106457795787,52,51,9.808029879458903,10.131619723727484,0.0,0.036076798837814804,affine_dtft,44.25426903313999,5,identified,2,111.0656723156852,69.35928887233489,110.27837316368448,0.056975680062432116,68.96248897457795,3,4.92831730407727,True,12.316052635747175,13.974795482664257,10.8723051632995
2,2750.0,434197.51102115755,4008134.8783705533,-75.73209735616297,36.2158200966957,ok,,IW,0,22396.977267524802,1642.1863894789658,52,51,9.807369582274642,10.131668926716834,0.0,0.035333049051434355,affine_dtft,44.25690138761367,5,identified,3,103.91627258887979,66.43562941682107,161.90861620062083,0.03880698541326606,108.4349488229214,3,2.4321458554891504,False,,,
2,2800.0,434244.33513560856,4008152.414114218,-75.73157791617328,36.215981365060564,ok,93.97254838665602,IW,0,22401.97702115889,1643.1620718412898,52,51,9.80672865300773,10.131718069928297,0.0,0.03459204549585327,affine_dtft,44.259533916740416,5,identified,3,72.87881236484658,82.93197410095445,103.97144730968249,0.06043183460229139,66.03751102542165,2,3.118532996700396,True,6.970054289308788,8.04007924482614,6.022440441530469
2,2850.0,434291.1592500596,4008169.949857883,-75.7310584740178,36.21614263119063,ok,,IW,0,22406.977099859538,1644.1376942130896,52,51,9.806107101900777,10.131767141708496,0.0,0.03385396409610334,affine_dtft,44.26216661533441,5,identified,3,72.02244678577615,82.16490868935765,67.66782468660111,0.09285336622360374,82.40535663140838,2,4.535586846410404,True,,,
2,2900.0,434337.98336451064,4008187.4856015476,-75.73053902969659,36.21630389508587,ok,,IW,0,22411.977493784852,1645.1132579430669,52,51,9.805504930355733,10.131816154343587,0.0,0.03311900112082601,affine_dtft,44.26479947820675,5,identified,3,164.15182224169433,65.6118276481258,101.60037819703825,0.0618421448687358,75.96375653207332,9,2.1756141446558654,False,,,
2,2950.0,434384.80747896165,4008205.0213452126,-75.73001958320967,36.21646515674622,ok,,IW,0,22416.97819308524,1646.0887643795156,52,51,9.804922144153112,10.131865104181536,0.0,0.032387365397741424,affine_dtft,44.267432500164446,5,identified,1,119.70695103050578,65.34851036000263,137.38401653758697,0.0457344709052131,63.43494882292177,3,2.8685173006873446,False,,,
2,3000.0,434431.63159341266,4008222.5570888775,-75.72950013455706,36.21662641617166,ok,106.7522446158397,IW,0,22421.97918790747,1647.0642148716497,52,51,9.804358752909614,10.131913988552608,0.0,0.03165928190154919,affine_dtft,44.27006567601262,5,identified,1,108.49741455278014,65.70838418648428,118.15384615384599,0.0531780006467023,67.38013505195934,3,3.4827481815124113,True,9.200616308260733,10.508869760012391,8.04824161307041
2,3050.0,434478.45570786373,4008240.092832542,-75.7289806837388,36.21678767336214,ok,106.7522446158397,IW,0,22426.980468389633,1648.0396107701374,52,51,9.803814749774945,10.131962811121175,0.0,0.03093500048774914,affine_dtft,44.272699000551825,5,identified,1,102.15239330220817,64.65294103508458,103.97144730968249,0.06043183460229139,66.03751102542165,2,5.0401044067772505,True,9.200616308260733,10.508869760012391,8.04824161307041
2,3100.0,434525.27982231474,4008257.628576207,-75.72846123075493,36.21694892831764,ok,106.7522446158397,IW,0,22431.98202466619,1649.0149534250502,52,51,9.803290152777446,10.132011574092765,0.0,0.030214793360931243,affine_dtft,44.275332468580686,5,identified,2,98.79510544515826,64.42734062690785,98.13144038399065,0.06402825926729837,63.43494882292192,3,4.928162978268207,True,9.200616308260733,10.508869760012391,8.04824161307041
2,3150.0,434572.10393676575,4008275.164319872,-75.72794177560549,36.217110181038095,ok,,IW,0,22436.98384686454,1649.9902441876293,52,51,9.802784951754301,10.132060269034968,0.0,0.029509822508686445,affine_dtft,44.277966074894124,5,identified,2,101.01603657607703,88.7094084315644,149.33333333333314,0.04207490161057764,89.99999999999956,7,2.275738868168514,False,,,
2,3200.0,434618.9280512168,4008292.7000635364,-75.72742231829046,36.21727143152347,touches_land_or_unmapped,,,,,,,,,,,,,,,,,,,,,,,,,,,
2,3250.0,434665.7521656678,4008310.2358072014,-75.72690285880994,36.21743267977374,touches_land_or_unmapped,,,,,,,,,,,,,,,,,,,,,,,,,,,
2,3300.0,434712.5762801189,4008327.771550866,-75.72638339716393,36.21759392578885,touches_land_or_unmapped,,,,,,,,,,,,,,,,,,,,,,,,,,,
2,3350.0,434759.4003945699,4008345.307294531,-75.72586393335244,36.21775516956876,touches_land_or_unmapped,,,,,,,,,,,,,,,,,,,,,,,,,,,
2,3400.0,434806.2245090209,4008362.8430381957,-75.72534446737555,36.217916411113436,touches_land_or_unmapped,,,,,,,,,,,,,,,,,,,,,,,,,,,
2,3450.0,434853.048623472,4008380.37878186,-75.72482499923325,36.21807765042284,touches_land_or_unmapped,,,,,,,,,,,,,,,,,,,,,,,,,,,
2,3500.0,434899.872737923,4008397.914525525,-75.7243055289256,36.21823888749694,touches_land_or_unmapped,,,,,,,,,,,,,,,,,,,,,,,,,,,
3,250.0,431937.347854206,4007041.6532955524,-75.75714630967961,36.205808383286,touches_land_or_unmapped,,,,,,,,,,,,,,,,,,,,,,,,,,,
3,300.0,431984.18241188227,4007059.161128293,-75.75662687025353,36.20596950838972,touches_land_or_unmapped,,,,,,,,,,,,,,,,,,,,,,,,,,,
3,350.0,432031.01696955855,4007076.668961033,-75.75610742866316,36.20613063125971,touches_land_or_unmapped,,,,,,,,,,,,,,,,,,,,,,,,,,,
3,400.0,432077.85152723483,4007094.1767937737,-75.75558798490854,36.206291751895925,ok,91.27091118078333,IW,0,22167.126737331328,1573.8640930835807,52,51,9.857826608268288,10.127725509199283,0.0,0.07152977157866153,affine_dtft,44.135923649077625,8,identified,1,83.24885438900432,71.56176567933304,88.69874287043022,0.07083736594055191,75.96375653207336,5,7.908677271869037,True,6.547094633529232,7.572374361460212,5.6385784131201255
3,450.0,432124.6860849111,4007111.684626514,-75.7550685389897,36.20645287029834,ok,93.55604868327502,IW,0,22172.101516447674,1574.841221574977,52,51,9.856300657216497,10.127778997158359,0.0,0.07072966534587402,affine_dtft,44.13854312786192,8,identified,1,90.31753135725053,71.75722586650242,92.55699533595988,0.06788449953861529,77.47119229084826,5,6.965924923764382,True,6.903792633394409,7.966807058590649,5.962290832435366
3,500.0,432171.5206425874,4007129.192459255,-75.75454909090668,36.20661398646691,ok,94.92713118477005,IW,0,22177.077064318397,1575.8182290045559,52,51,9.85479369694972,10.12783241608355,0.0,0.0699297055975768,affine_dtft,44.141163010049624,8,identified,1,94.43588006562017,70.923687309091,92.55699533595988,0.06788449953861529,77.47119229084826,5,6.708935715697298,True,7.123389910055417,8.209642215954343,6.161647768714841
3,550.0,432218.3552002637,4007146.7002919954,-75.75402964065951,36.206775100401586,ok,99.94293816623953,IW,0,22182.053371589813,1576.7951166603402,52,51,9.853305740262574,10.127885764902059,0.0,0.06912991116681375,affine_dtft,44.14378329070907,8,identified,1,99.06629999665574,70.22051677845731,100.4114611907501,0.06257438376724263,78.69006752597954,3,6.120947425198545,True,7.963445144111593,9.138847386716677,6.924561460813032
3,600.0,432265.18975793995,4007164.208124736,-75.75351018824821,36.20693621210231,ok,112.33498147897292,IW,0,22187.030428892525,1577.7718858344044,52,51,9.851836795619406,10.127939047615609,0.0,0.0683302778156503,affine_dtft,44.14640396490027,8,identified,1,99.82052156606079,69.26196248037375,100.4114611907501,0.06257438376724263,78.69006752597954,3,6.096524074122952,True,10.303805598722928,11.733052985665452,9.049552396156678
3,650.0,432312.0243156162,4007181.7159574763,-75.75299073367283,36.207097321569094,ok,125.76126492323333,IW,0,22192.00822684349,1578.7485378197182,52,51,9.850386875687564,10.127992258205792,0.0,0.06753082352473033,affine_dtft,44.1490250276761,8,identified,2,97.55485067418876,68.14372113947921,113.77777777777767,0.05522330836388313,89.99999999999966,2,4.663302349797285,True,13.323996488730108,15.10304617087258,11.782806607489125
3,700.0,432358.85887329245,4007199.2237902167,-75.75247127693339,36.20725842880186,ok,128.43452824063885,IW,0,22196.986756044484,1579.7250739110352,52,51,9.8489559907357,10.12804539866393,0.0,0.06673154549454746,affine_dtft,44.151646474081396,8,identified,2,112.93517431388209,91.74386537652911,154.51721189962683,0.04066333601243785,97.431407971172,7,3.888751773349263,True,13.994074599753825,15.855416096859456,12.386961998609682
3,750.0,432405.69343096873,4007216.731622957,-75.75195181802991,36.207419533800575,ok,131.10779155804437,IW,0,22201.966007084226,1580.7014954050776,52,51,9.847544147797395,10.128098470910421,0.0,0.06593245842949481,affine_dtft,44.154268299154126,8,identified,2,121.4513578808091,92.97294565299646,159.68841255726193,0.03934653245379672,93.57633437499685,5,4.351786967418926,True,14.68934899365095,16.638206948417924,13.012766731548592
3,800.0,432452.527988645,4007234.2394556976,-75.75143235696245,36.2075806365652,ok,130.9686125426174,IW,0,22206.94597053647,1581.6778035996679,52,51,9.846151370971828,10.128151475899482,0.0,0.0651335751165615,affine_dtft,44.15689049792436,8,identified,2,121.63429456271984,91.29292558409786,113.77777777777767,0.05522330836388313,89.99999999999966,2,4.706977366131979,True,14.652510160061174,16.59667410943906,12.979637417910485
3,850.0,432499.3625463213,4007251.747288438,-75.75091289373101,36.207741737095695,ok,123.62633462008321,IW,0,22211.926636962802,1582.6539997947157,52,51,9.844777657274836,10.128204413610469,0.0,0.06433489533003768,affine_dtft,44.15951306541576,8,identified,2,116.74539945254521,88.94563956793655,113.77777777777767,0.05522330836388313,89.99999999999966,2,4.483946924593765,True,12.806213850520821,14.522963724951063,11.315324051552164
3,900.0,432546.1971039976,4007269.2551211785,-75.75039342833567,36.20790283539203,ok,116.52430011235131,IW,0,22216.907996908354,1583.6300852929278,52,51,9.843423025572383,10.128257280627396,0.0,0.06353643268758141,affine_dtft,44.162135996643336,8,identified,1,116.24375363240516,87.28323703019353,113.08188270064278,0.05556314731523188,83.65980825408981,4,4.463526723273893,True,11.187997255402266,12.716509634454361,9.851188879735979
3,950.0,432593.03166167386,4007286.762953919,-75.7498739607764,36.208063931454134,ok,118.60439256051623,IW,0,22221.890040907976,1584.6060613963416,52,51,9.842087478631978,10.128310079918924,0.0,0.06273820417986498,affine_dtft,44.16475928661663,8,identified,1,119.34367512601129,86.23445180879614,117.80582228695603,0.0533350999568999,85.60129464500419,3,4.310291419866138,True,11.645946273409189,13.226807462945692,10.265966769477588
3,1000.0,432639.86621935014,4007304.2707866593,-75.74935449105328,36.208225025282005,ok,122.62522665582738,IW,0,22226.87275948079,1585.5819294110115,52,51,9.840771033782445,10.1283628106269,0.0,0.06194021099164754,affine_dtft,44.16738293033696,8,identified,1,125.44882733570533,85.77560644270191,124.17824001860234,0.05059811852896565,75.96375653207325,3,4.033194515152747,True,12.56856096978542,14.257072228370758,11.10058335913909
3,1050.0,432686.70077702636,4007321.7786193998,-75.74883501916632,36.20838611687557,ok,125.01106264462354,IW,0,22231.85614313471,1586.5576906428596,52,51,9.839473702936766,10.128415473238586,0.0,0.06114246386948083,affine_dtft,44.17000692279968,8,identified,1,117.9050570392093,65.9055427148659,124.17824001860234,0.05059811852896565,75.96375653207325,3,3.592055307622714,True,13.14032662059291,14.89715264042255,11.617040763985395
3,1100.0,432733.53533470264,4007339.28645214,-75.74831554511556,36.20854720623483,ok,127.41280943051271,IW,0,22236.840182363256,1587.5333464007074,52,51,9.838195493213071,10.128468068114445,0.0,0.06034498100170367,affine_dtft,44.17263125899258,8,identified,1,114.01592645039858,64.10660568273721,133.88194825433345,0.04693078782543198,78.69006752597946,4,3.329092466569127,True,13.735058505923611,15.564359514633345,12.153543368500968
3,1150.0,432780.3698923789,4007356.7942848806,-75.74779606890102,36.2087082933597,ok,,IW,0,22241.824867648214,1588.5088979935817,52,51,9.836936404347497,10.128520594243229,0.0,0.05954777079844686,affine_dtft,44.17525593389728,8,ambiguous_multiple_blobs,2,107.98981011575306,63.28309608037017,152.8377124162543,0.0411101763291726,95.71059313749909,3,2.4887454232648136,False,,,
3,1200.0,432827.2044500552,4007374.302117621,-75.74727659052274,36.20886937825018,ok,,IW,0,22246.810189458025,1589.4843467338728,52,51,9.835696465297305,10.128573052069036,0.0,0.058750851887084475,affine_dtft,44.17788094248836,8,ambiguous_multiple_blobs,3,210.00796839963644,108.45082401741698,183.17868871678252,0.034300853178909844,100.30484646876533,4,2.876581203179796,False,,,
3,1250.0,432874.0390077315,4007391.8099503615,-75.74675710998076,36.20903046090619,ok,115.12045928083712,IW,0,22251.796138249658,1590.4596939335609,52,51,9.834475671659096,10.128625447664074,0.0,0.05795423310050417,affine_dtft,44.18050627973432,8,identified,4,120.04800534297947,89.24916831843785,113.77777777777767,0.05522330836388313,89.99999999999966,2,3.7837766117378253,True,10.886120452124542,12.380485963525048,9.577607776308419
3,1300.0,432920.87356540776,4007409.317783102,-75.74623762727512,36.20919154132772,ok,115.99970811443862,IW,0,22256.78270446678,1591.43494090705,52,51,9.833274040809451,10.128677772666613,0.0,0.05715792356464576,affine_dtft,44.183131940596695,8,identified,2,117.4308646159272,88.57180015181828,113.77777777777767,0.05522330836388313,89.99999999999966,2,4.247040501839099,True,11.074521113716042,12.590165000264914,9.748363566220137
3,1350.0,432967.70812308404,4007426.8256158424,-75.7457181424058,36.20935261951472,ok,119.78453585832101,IW,0,22261.769878541487,1592.410088970919,52,51,9.832091578448194,10.128730030020872,0.0,0.056361949484124235,affine_dtft,44.185757920030895,8,identified,2,117.35301893121883,86.35771396591716,117.80582228695603,0.0533350999568999,85.60129464500419,3,3.6032166454746384,True,11.911547653239673,13.523089306908496,10.506382334988313
3,1400.0,433014.5426807603,4007444.333448583,-75.7451986553729,36.20951369546715,ok,124.0137496695356,IW,0,22266.757650894637,1593.385139441857,52,51,9.830928292883911,10.128782220632898,0.0,0.055566318371682286,affine_dtft,44.188384212986435,8,identified,2,119.89324970270653,83.40315943598038,118.6374546152431,0.05296122820197706,79.99202019855836,4,3.408849286632751,True,12.899055658282371,14.626897053672465,11.399185735126302
3,1450.0,433061.37723843654,4007461.8412813237,-75.74467916617641,36.20967476918498,ok,128.24296348075018,IW,0,22271.746011934276,1594.360093638683,52,51,9.829784193833243,10.128834343792132,0.0,0.05477105319405188,affine_dtft,44.19101081440604,8,identified,1,132.75530154483832,77.78584486924233,134.9238468338506,0.04656838249591931,71.56505117707773,5,4.765779141538258,True,13.945232647509194,15.800509591844472,12.342958292147264
3,1500.0,433108.2117961128,4007479.349114064,-75.74415967481637,36.20983584066815,ok,131.57335647303012,IW,0,22276.73495205768,1595.3349528816702,52,51,9.828659290332581,10.128886400024951,0.0,0.05397616773540535,affine_dtft,44.19363771922679,8,identified,1,135.44024761385384,75.84386188923628,134.9238468338506,0.04656838249591931,71.56505117707773,5,4.722921082348787,True,14.813098638107087,16.777772752460326,13.124031088225825
3,1550.0,433155.0463537891,4007496.8569468046,-75.74364018129282,36.20999690991662,ok,134.83063491675162,IW,0,22281.72446165034,1596.3097184922988,52,51,9.827553594638978,10.128938389897588,0.0,0.05318168626079441,affine_dtft,44.19626492237954,8,identified,1,141.2188486731753,63.2314249723589,134.9238468338506,0.04656838249591931,71.56505117707773,5,4.24208712250722,True,15.70186303927975,17.782376044556063,13.921991504703426
3,1600.0,433201.8809114654,4007514.364779545,-75.74312068560577,36.210157976930375,ok,134.80733193747685,IW,0,22286.714531086778,1597.2843917937053,52,51,9.826467110496786,10.128990313027423,0.0,0.05238761663559081,affine_dtft,44.19889241878937,8,identified,1,137.13340759981148,63.27960673021929,134.45778724835563,0.04672979851716567,66.80140948635159,4,3.6779550645075987,True,15.695358733617942,17.775009188107923,13.91615921136511
3,1650.0,433248.71546914167,4007531.8726122854,-75.7426011877553,36.210319041709354,ok,134.7684936386856,IW,0,22291.705150730602,1598.2589741098147,52,51,9.825399851229097,10.129042170525265,0.0,0.051593995819118006,affine_dtft,44.201520203375594,8,identified,1,131.31545207268312,63.51453878368909,134.9238468338506,0.04656838249591931,71.56505117707773,5,3.189818021751519,True,15.68452299240312,17.762736992379157,13.906442746672145
3,1700.0,433295.55002681795,4007549.380445026,-75.74208168774138,36.21048010425353,ok,,IW,0,22296.696310935095,1599.23346676635,52,51,9.824351820706859,10.129093961653298,0.0,0.050800839720047605,affine_dtft,44.20414827105212,8,identified,1,125.28061366156726,65.18672031974239,129.52689296049664,0.04850873176658259,71.56505117707776,4,2.924284615873985,False,,,
3,1750.0,433342.3845844942,4007566.8882777663,-75.74156218556408,36.21064116456285,ok,,IW,0,22301.688002042425,1600.2078710896321,52,51,9.82332303101546,10.129145685941365,0.0,0.050008171964992645,affine_dtft,44.20677661672695,8,identified,1,125.5463432526555,65.71380021045155,124.17824001860234,0.05059811852896565,75.96375653207325,5,2.776129756310999,False,,,
3,1800.0,433389.2191421705,4007584.3961105067,-75.74104268122342,36.210802222637284,ok,,IW,0,22306.680214383676,1601.1821884083174,52,51,9.822313487829279,10.129197344606467,0.0,0.04923501261025134,affine_dtft,44.20940523530228,8,identified,1,129.44077521022248,66.37388909080444,124.17824001860234,0.05059811852896565,75.96375653207325,5,2.8073627207813256,False,,,
3,1850.0,433436.0536998467,4007601.903943247,-75.74052317471944,36.21096327847678,ok,,IW,0,22311.672938280415,1602.1564200515065,52,51,9.821323197605537,10.129248936164851,0.0,0.04846308046974873,affine_dtft,44.21203412167528,8,identified,1,130.76282346130603,64.93855612513622,124.89456048871534,0.05030791799573444,63.43494882292187,6,2.8196588307154515,False,,,
3,1900.0,433482.888257523,4007619.4117759876,-75.74000366605217,36.211124332081326,ok,119.39968097482023,IW,0,22316.666164044822,1603.130567349576,52,51,9.820352171417635,10.12930046089484,0.0,0.047692276668436125,affine_dtft,44.214663270738185,8,identified,1,122.97922944549467,56.494680208515035,121.35563856383395,0.0517749762725247,58.57043438516138,5,3.2878174705061074,True,11.824466253028513,13.425922211316943,10.427570958780388
3,1950.0,433529.7228151993,4007636.919608728,-75.73948415522165,36.211285383450836,ok,121.30265278595249,IW,0,22321.659881977386,1604.1046316342643,52,51,9.819400414462534,10.129351925408319,0.0,0.04692264731712004,affine_dtft,44.217292677377046,8,identified,1,125.19613946187624,57.279540329332875,119.03758207367079,0.0527832067631465,54.462322208025576,4,3.2469096126393615,True,12.259515481162985,13.911625576452757,10.821177539271606
3,2000.0,433576.55737287557,4007654.4274414685,-75.73896464222787,36.21144643258532,ok,121.30265278595249,IW,0,22326.654082371617,1605.0786142383508,52,51,9.818467943169745,10.129403320978733,0.0,0.04615425263185875,affine_dtft,44.219922336474255,7,identified,1,128.10791184967266,59.54760654615514,117.80582228695597,0.05333509995689993,57.52880770915146,3,3.522622641550382,True,12.259515481162985,13.911625576452757,10.821177539271606
3,2050.0,433623.39193055185,4007671.935274209,-75.73844512707093,36.2116074794847,ok,121.28499085999202,IW,0,22331.648755507907,1606.0525164958674,52,51,9.817554748980632,10.129454650442566,0.0,0.04538715740700422,affine_dtft,44.22255224290528,7,identified,1,123.57191364591819,59.1019380386217,127.01156821934926,0.04946939397148858,60.255118703057654,4,3.422289354575024,True,12.255425866705647,13.907056636312962,10.817479005061594
3,2100.0,433670.22648822813,4007689.4431069493,-75.7379256097508,36.21176852414895,ok,,IW,0,22336.64389166059,1607.0263397421088,52,51,9.816660849848919,10.129505915377841,0.0,0.04462142123014949,affine_dtft,44.22518239154242,7,identified,2,121.60698040369698,60.67467977531465,117.80582228695597,0.05333509995689993,57.52880770915146,3,2.939194060909899,False,,,
3,2150.0,433717.0610459044,4007706.9509396898,-75.73740609026754,36.211929566578036,ok,,IW,0,22341.639481092978,1608.0000853130537,52,51,9.815786248607441,10.12955711236729,0.0,0.043857111668439794,affine_dtft,44.227812777252126,7,identified,2,123.51107398550394,62.85106979327022,119.7517490495968,0.052468422023442186,79.21570213243713,5,2.580156302863815,False,,,
3,2200.0,433763.8956035807,4007724.45877243,-75.73688656862119,36.2120906067719,ok,,IW,0,22346.635514060075,1608.9737545457028,52,51,9.814930954716193,10.129608249975044,0.0,0.043104045375283444,affine_dtft,44.2304433948965,7,identified,2,112.14186274059269,92.8407063294176,129.57979347034376,0.048488928241868096,77.47119229084818,7,1.9846767753414134,False,,,
3,2250.0,433810.7301612569,4007741.9666051706,-75.73636704481177,36.212251644730536,ok,,IW,0,22351.631980807742,1609.947348778902,52,51,9.81409498038815,10.129659317617238,0.0,0.042342879334262694,affine_dtft,44.23307423933282,7,identified,3,135.50055894113407,82.18440380586976,140.49164094874317,0.04472284090889035,67.83365417791732,8,1.8454388801061288,False,,,
3,2300.0,433857.5647189332,4007759.474437911,-75.73584751883931,36.21241268045386,ok,,IW,0,22356.62887157434,1610.9208693511366,52,51,9.81327832012972,10.129710323753217,0.0,0.04158337770356531,affine_dtft,44.23570530541442,7,identified,4,135.75465314990885,78.15096720663287,145.710320570168,0.043121072567772346,63.43494882292182,7,1.8305007787815797,False,,,
3,2350.0,433904.3992766095,4007776.9822706515,-75.73532799070385,36.212573713941865,ok,,IW,0,22361.626176588044,1611.8943176032221,52,51,9.81248098756932,10.129761265631322,0.0,0.04082563724505901,affine_dtft,44.23833658798924,7,ambiguous_multiple_blobs,2,129.05811435336315,72.85319195017932,119.85013472883753,0.05242535038776029,69.44395478041629,2,2.0938672433833214,False,,,
3,2400.0,433951.23383428575,4007794.490103392,-75.7348084604054,36.2127347451945,ok,,IW,0,22366.62388607044,1612.8676948763057,52,51,9.811702988227887,10.12981214030648,0.0,0.0400697600868444,affine_dtft,44.24096808190179,7,identified,1,123.64275101653499,71.42004111369161,119.85013472883753,0.05242535038776029,69.44395478041629,2,2.673590751811224,False,,,
3,2450.0,433998.06839196204,4007811.997936133,-75.73428892794402,36.21289577421173,ok,,IW,0,22371.62199023454,1613.8410025122794,52,51,9.810944332487571,10.129862952270045,0.0,0.03931584606125836,affine_dtft,44.243599781992025,7,identified,1,121.93495801112245,70.32186767257612,110.27837316368448,0.056975680062432116,68.96248897457795,3,2.874529567135397,False,,,
3,2500.0,434044.9029496383,4007829.5057688733,-75.73376939331973,36.213056800993506,ok,119.42363903440041,IW,0,22376.6204792852,1614.8142418540908,52,51,9.810205017835207,10.129913697489453,0.0,0.03856401072152463,affine_dtft,44.246231683095615,7,identified,1,112.69384252046419,69.81752678814087,115.57532630693886,0.05436441763091401,73.610459665965,4,3.2099029715861103,True,11.829874029378685,13.431955548115805,10.432465523521163
3,2550.0,434091.7375073146,4007847.0136016137,-75.73324985653257,36.21321782553979,ok,122.46523482803983,IW,0,22381.6193434197,1615.7874142462185,52,51,9.809485053754369,10.12996438368895,0.0,0.037814370370621804,affine_dtft,44.24886378004425,7,identified,1,114.22983170720252,67.73859343778126,115.57532630693886,0.05436441763091401,73.610459665965,4,3.7715506098946183,True,12.530879720181936,14.214933490525262,11.066525280307042
3,2600.0,434138.5720649909,4007864.521434354,-75.73273031758255,36.21337884785055,ok,123.37450150630173,IW,0,22386.618572828655,1616.7605210323904,52,51,9.80878444721925,10.130015001381368,0.0,0.03706706019666911,affine_dtft,44.251496067666096,6,identified,1,121.9528938990117,68.35201252780782,127.12026448932349,0.04942709435368816,65.55604521958325,3,3.5437137922545308,True,12.746125882403001,14.455715269325797,11.261039262392396
3,2650.0,434185.4066226671,4007882.0292670946,-75.73221077646973,36.21353986792574,ok,125.32429530614246,IW,0,22391.61815769395,1617.7335635590343,52,51,9.808103205419034,10.130065557307852,0.0,0.03632222813409036,affine_dtft,44.25412854078472,6,identified,1,115.84031598530656,70.05022785308597,131.59002220895812,0.04774818942732766,80.13419305691527,6,3.3278452866079706,True,13.21678524837697,14.982845710651551,11.686054611394779
3,2700.0,434232.2411803434,4007899.537099835,-75.73169123319411,36.2137008857653,ok,128.57395163921032,IW,0,22396.618088191397,1618.7065431722353,52,51,9.807441325898843,10.130116048222638,0.0,0.03558001677812563,affine_dtft,44.25676119422047,6,identified,1,109.82299288117333,70.20191998213947,127.01156821934933,0.04946939397148855,82.8749836510979,6,3.054676480532578,True,14.029703728013333,15.895475927429201,12.419058350788784
3,2750.0,434279.07573801966,4007917.0449325754,-75.73117168775576,36.213861901369235,ok,,IW,0,22401.61835449049,1619.6794612194237,52,51,9.806798825646874,10.130166474324723,0.0,0.034840598327087254,affine_dtft,44.25939402279043,6,identified,3,106.33044746745027,68.01209616064776,137.38401653758683,0.04573447090521314,100.30484646876559,3,2.5689662744446196,False,,,
3,2800.0,434325.91029569594,4007934.552765316,-75.73065214015469,36.21402291473747,ok,,IW,0,22406.61894675323,1620.6523190481228,52,51,9.806175701128716,10.130216840917276,0.0,0.034104148081746735,affine_dtft,44.26202702130767,6,identified,2,109.22556053135615,64.80892194835496,125.51432648843765,0.050059507013794094,78.6900675259795,5,2.3068258472794954,False,,,
3,2850.0,434372.7448533722,4007952.0605980563,-75.73013259039094,36.214183925869975,ok,,IW,0,22411.619855134788,1621.6251180066922,52,51,9.80557196382843,10.13026714288634,0.0,0.033370862284115795,affine_dtft,44.26466018458167,6,identified,3,119.72490009860161,62.193621235531005,137.38401653758697,0.0457344709052131,63.43494882292177,3,2.6774905904900734,False,,,
3,2900.0,434419.5794110485,4007969.5684307967,-75.72961303846452,36.214344934766714,ok,,IW,0,22416.621069784836,1622.5978594451478,52,51,9.80498761350821,10.130317377825977,0.0,0.032640950543285294,affine_dtft,44.267293507419055,6,identified,2,125.81746958570741,61.85279213149742,137.38401653758697,0.0457344709052131,63.43494882292177,3,2.4639492975587447,False,,,
3,2950.0,434466.4139687248,4007987.076263537,-75.72909348437547,36.214505941427646,ok,,IW,0,22421.622580845946,1623.5705447133703,52,51,9.804422656279064,10.130367554373489,0.0,0.03191464131051579,affine_dtft,44.269926984622664,6,identified,1,119.38790172004181,63.38269450298843,137.38401653758697,0.0457344709052131,63.43494882292177,3,2.9931121201059154,False,,,
3,3000.0,434513.24852640106,4008004.5840962776,-75.72857392812386,36.21466694585271,ok,106.7522446158397,IW,0,22426.624378455803,1624.5431751611695,52,51,9.803877092868078,10.130417661792045,0.0,0.031192189264184003,affine_dtft,44.27256061099279,6,identified,1,108.46564057139368,64.93123804689017,118.15384615384599,0.0531780006467023,67.38013505195934,3,3.4458947159587643,True,9.200616308260733,10.508869760012391,8.04824161307041
3,3050.0,434560.0830840773,4008022.091929018,-75.72805436970967,36.21482794804191,ok,106.7522446158397,IW,0,22431.626452746597,1625.5157521406752,52,51,9.803350931985282,10.13046771421261,0.0,0.030473858168522473,affine_dtft,44.27519438132681,6,identified,1,103.51361482798399,64.95671286970627,103.97144730968249,0.06043183460229139,66.03751102542165,2,4.161610077634753,True,9.200616308260733,10.508869760012391,8.04824161307041
3,3100.0,434606.91764175356,4008039.5997617585,-75.72753480913296,36.21498894799517,ok,106.7522446158397,IW,0,22436.628793843098,1626.4882770036666,52,51,9.802844181036859,10.13051769895852,0.0,0.029759951906000018,affine_dtft,44.277828290418235,6,identified,3,100.47138799883679,63.67409391895415,98.13144038399065,0.06402825926729837,63.43494882292192,3,3.7110266390365134,True,9.200616308260733,10.508869760012391,8.04824161307041
3,3150.0,434653.75219942984,4008057.107594499,-75.72701524639376,36.21514994571245,ok,,IW,0,22441.631391866766,1627.460751101913,52,51,9.802356840896776,10.130567621906382,0.0,0.029050785625270702,affine_dtft,44.280462333058765,6,identified,2,162.48850503394627,90.21773938157811,139.4923343420925,0.04504323005858254,87.39743779749979,6,2.7354735496924123,False,,,
3,3200.0,434700.5867571061,4008074.6154272393,-75.7264956814921,36.21531094119374,ok,,IW,0,22446.63423693337,1628.433175788686,52,51,9.801888910207877,10.13061748371471,0.0,0.028346713892703875,affine_dtft,44.283096504037154,5,identified,1,171.95429723625938,84.00930554973536,150.61719178612526,0.04171625584482839,78.69006752597937,9,2.4584135149701574,False,,,
3,3250.0,434747.4213147824,4008092.1232599798,-75.72597611442801,36.21547193443895,ok,,IW,0,22451.637319152676,1629.405552417377,52,51,9.80144039915799,10.130667282896981,0.0,0.02764812899076362,affine_dtft,44.285730798138985,5,identified,2,170.34016310139256,69.2795772466119,190.15202629330105,0.03304295741496886,68.19859051364786,6,2.4198962369549033,False,,,
3,3300.0,434794.2558724587,4008109.63109272,-75.72545654520151,36.2156329254481,ok,,IW,0,22456.640628631238,1630.3778823421196,52,51,9.801011313447427,10.130717019001986,0.0,0.026955451295630165,affine_dtft,44.28836521014813,5,identified,1,164.52529082428566,70.07807393752293,161.90861620062083,0.03880698541326606,71.56505117707769,3,3.014135177950422,True,,,
3,3350.0,434841.09043013497,4008127.1389254606,-75.72493697381266,36.2157939142211,ok,,IW,0,22461.644155470232,1631.3501669169057,52,51,9.800601650042442,10.130766691291194,0.0,0.026269147489928184,affine_dtft,44.290999734845656,5,identified,2,160.88474951905891,69.63276643526125,152.64890726398542,0.04116102381469181,63.43494882292177,2,3.191548103707572,True,,,
3,3400.0,434887.92498781125,4008144.6467582015,-75.72441740026147,36.21595490075795,ok,,IW,0,22466.647889765627,1632.3224074972293,52,51,9.800211414409159,10.130816303355518,0.0,0.025589723208546113,affine_dtft,44.293634367009865,5,identified,2,153.8855827235796,69.28704999475137,152.64890726398542,0.04116102381469181,63.43494882292177,2,2.9032556987885068,False,,,
3,3450.0,434934.75954548747,4008162.154590942,-75.72389782454798,36.21611588505858,ok,,IW,0,22471.651821611198,1633.294605437796,52,51,9.799840609865083,10.130865852610969,0.0,0.02491773692017763,affine_dtft,44.29626910141792,5,identified,1,146.3980036990804,69.3190377140589,113.33603134043462,0.055438550590380074,71.56505117707775,7,2.915210712011696,False,,,
3,3500.0,434981.59410316375,4008179.6624236824,-75.72337824667221,36.21627686712296,ok,,IW,0,22476.655941095767,1634.2667620937857,52,51,9.799489246946612,10.130915341352294,0.0,0.02425380867916022,affine_dtft,44.29890393284436,5,identified,1,116.1516122166507,66.78673523873731,119.85013472883753,0.05242535038776029,69.44395478041629,4,3.1049280640305126,True,,,
4,250.0,432018.23544309376,4006824.4475853965,-75.75622772920022,36.20385599569406,touches_land_or_unmapped,,,,,,,,,,,,,,,,,,,,,,,,,,,
4,300.0,432065.1170237807,4006841.829109849,-75.75570776665982,36.20401598138485,touches_land_or_unmapped,,,,,,,,,,,,,,,,,,,,,,,,,,,
4,350.0,432111.99860446766,4006859.2106343014,-75.75518780196809,36.204175964837304,touches_land_or_unmapped,,,,,,,,,,,,,,,,,,,,,,,,,,,
4,400.0,432158.8801851546,4006876.5921587544,-75.75466783512509,36.20433594605138,ok,91.27091118078333,IW,0,22171.698378326673,1551.3845840658794,52,51,9.8564527346892,10.12612606851144,0.0,0.07093217721109947,affine_dtft,44.13837866314917,9,identified,1,83.01933615340016,71.52121281837103,88.69874287043022,0.07083736594055191,75.96375653207336,5,5.988753921202435,True,6.547094633529232,7.572374361460212,5.6385784131201255
4,450.0,432205.76176584157,4006893.973683207,-75.75414786613081,36.20449592502702,ok,94.51329723182299,IW,0,22176.676453316726,1552.3486759666946,52,51,9.854943423039487,10.126180037199955,0.0,0.07013267503974985,affine_dtft,44.14099992683717,9,identified,1,90.40459757335546,71.71687111337611,92.55699533595988,0.06788449953861529,77.47119229084826,5,5.50184310125938,True,7.056663297231779,8.135853102108111,6.101066788545369
4,500.0,432252.64334652846,4006911.3552076593,-75.75362789498531,36.20465590176419,ok,96.45872886244679,IW,0,22181.65528928147,1553.3126478495087,52,51,9.853453124980973,10.126233939885488,0.0,0.06933334091477007,affine_dtft,44.14362158985508,9,identified,1,94.84619302970196,70.80481877685627,92.55699533595988,0.06788449953861529,77.47119229084826,5,5.432407446067323,True,7.3737288801779926,8.486495134844061,6.388960265996253
4,550.0,432299.5249272154,4006928.736732112,-75.75310792168861,36.20481587626286,ok,101.47453584391627,IW,0,22186.634876840388,1554.2765010068763,52,51,9.851981856475131,10.126287773378335,0.0,0.06853417884705229,affine_dtft,44.146243647257045,9,identified,1,99.77973041430276,70.06214295023725,104.24045538494197,0.060275881220749374,75.25643716352906,4,5.026977733176525,True,8.231772442666154,9.435793726041924,7.168293619965176
4,600.0,432346.4065079024,4006946.1182565643,-75.75258794624075,36.20497584852299,ok,105.71869233227983,IW,0,22191.615206596605,1555.2402367344655,52,51,9.850529631248778,10.12634154142653,0.0,0.06773519722973007,affine_dtft,44.148866094088575,9,identified,1,100.26695661439273,69.22405684512833,104.24045538494197,0.060275881220749374,75.25643716352906,4,5.33496600206393,True,9.00536614711718,10.29248216874489,7.870933225134619
4,650.0,432393.2880885893,4006963.4997810167,-75.75206796864175,36.205135818544534,ok,119.14497577654024,IW,0,22196.59626914039,1556.203856328335,52,51,9.849096461459931,10.12639524082701,0.0,0.06693640518043689,affine_dtft,44.151488925388406,9,identified,2,98.13513957649198,68.62914642972578,113.77777777777767,0.05522330836388313,89.99999999999966,2,3.9046973860221343,True,11.767082862798379,13.361907015935996,10.375630497268038
4,700.0,432440.1696692763,4006980.881305469,-75.75154798889169,36.20529578632745,ok,121.05244025510737,IW,0,22201.57805504663,1557.1673610874302,52,51,9.84768235284487,10.126448870469439,0.0,0.0661378087290015,affine_dtft,44.1541121361872,9,identified,3,108.76835630338398,89.4563854454701,113.77777777777767,0.05522330836388313,89.99999999999966,2,4.040558051843374,True,12.201670140188481,13.847006107226074,10.768861096007674
4,750.0,432487.05124996323,4006998.2628299217,-75.75102800699052,36.205455751871696,ok,122.82072571824753,IW,0,22206.560554878146,1558.1307523115343,52,51,9.84628731897722,10.12650243504366,0.0,0.06533942152436584,affine_dtft,44.15673572150919,9,identified,2,109.90078903591018,90.46869015102867,159.68841255726193,0.03934653245379672,93.57633437499685,5,3.506725399492792,True,12.614716340731468,14.308694896343864,11.14229716857516
4,800.0,432533.9328306502,4007015.644354374,-75.75050802293835,36.20561571517725,ok,122.68154670282055,IW,0,22211.543759181055,1559.0940313032415,52,51,9.84491137284163,10.1265559297677,0.0,0.06454124794748549,affine_dtft,44.15935967636987,9,identified,2,112.08871440017444,89.02588340083804,113.77777777777767,0.05522330836388313,89.99999999999966,2,3.9711706191461063,True,12.581844983113815,14.27192895570307,11.112589447984412
4,850.0,432580.81441133714,4007033.0258788266,-75.74998803673516,36.20577567624405,ok,122.54236768739358,IW,0,22216.527658491043,1560.0571993654269,52,51,9.843554523801561,10.126609362281316,0.0,0.0637433015563389,affine_dtft,44.16198399577921,9,identified,1,113.56522255712241,87.31084542929177,113.08188270064278,0.05556314731523188,83.65980825408981,4,4.658943925309603,True,12.549035803264912,14.23523666718211,11.082935925409426
4,900.0,432627.6959920241,4007050.407403279,-75.749468048381,36.20593563507208,ok,115.44033317966166,IW,0,22221.51224332717,1561.0202578039982,52,51,9.84221678020826,10.126662722085484,0.0,0.06294559509513338,affine_dtft,44.1646086747384,9,identified,1,114.65252170636101,85.34819623134554,113.08188270064278,0.05556314731523188,83.65980825408981,4,5.154306972844019,True,10.954402766953253,12.456467884372545,9.639500449001355
4,950.0,432674.57757271104,4007067.7889277316,-75.74894805787591,36.206095591661274,ok,117.5204256278266,IW,0,22226.497504197578,1561.9832079256653,52,51,9.840898155240694,10.126716019756737,0.0,0.06231484855875031,affine_dtft,44.16723370824292,9,identified,1,117.0526786865655,83.95455149254416,113.08188270064278,0.05556314731523188,83.65980825408981,4,4.628012153484688,True,11.405696869935618,12.959010152115896,10.048404444818056
4,1000.0,432721.459153398,4007085.170452184,-75.74842806521993,36.206255546011604,ok,118.87407603346556,IW,0,22231.483431596545,1562.9460510387544,52,51,9.83959865580595,10.126769245659643,0.0,0.061517610357339984,affine_dtft,44.16985909128091,9,identified,1,127.65565536488144,81.27235310025266,124.17824001860234,0.05059811852896565,75.96375653207325,3,3.8369942917705373,True,11.706267575572173,13.294075569223507,10.320577924842402
4,1050.0,432768.34073408495,4007102.5519766365,-75.74790807041306,36.20641549812304,ok,119.1550355829348,IW,0,22236.47001600466,1563.9087884541639,52,51,9.838318296408964,10.12682240785774,0.0,0.060720643049466935,affine_dtft,44.1724848188333,9,identified,1,122.11034801426392,66.8829884331883,124.17824001860234,0.05059811852896565,75.96375653207325,3,3.42262295281865,True,11.769345520952456,13.364430956211818,10.37767863775148
4,1100.0,432815.2223147719,4007119.933501089,-75.74738807345537,36.20657544799553,ok,117.33294850474276,IW,0,22241.457247890197,1564.871421483286,52,51,9.8370570860624,10.126875506001213,0.0,0.059923959531459035,affine_dtft,44.175110885874524,9,identified,1,116.1344136005369,64.20341743899982,119.85013472883753,0.05242535038776029,69.44395478041629,2,3.540534265320883,True,11.364500386875848,12.913108863176797,10.01108952174335
4,1150.0,432862.10389545886,4007137.3150255415,-75.74686807434685,36.20673539562904,ok,113.30350987764477,IW,0,22246.445117709532,1565.8339514394384,52,51,9.83581503090178,10.126928534568677,0.0,0.059127568348775444,affine_dtft,44.177737287372764,9,identified,1,111.16533838736467,63.687545451014834,114.4866804479891,0.05488136508625573,63.434948822921854,1,4.0296060223123735,True,10.503803728057948,11.95530935193029,9.23095946444169
4,1200.0,432908.9854761458,4007154.6965499944,-75.74634807308757,36.20689534102353,ok,111.05365506464607,IW,0,22251.433615906048,1566.7963796374881,52,51,9.834592145463052,10.126981499516198,0.0,0.058331487416138986,affine_dtft,44.18036401828935,9,identified,1,108.6433705015811,63.236902798301145,103.97144730968249,0.06043183460229139,66.03751102542165,2,4.937311916805049,True,10.043199843564844,11.443602302751906,8.813108365590695
4,1250.0,432955.86705683277,4007172.078074447,-75.74582806967756,36.20705528417895,ok,110.81111904192717,IW,0,22256.422732909923,1567.7587073937368,52,51,9.833388437320773,10.127034394077906,0.0,0.057535732077766376,affine_dtft,44.182991073578634,9,identified,3,107.44820055067805,62.71941323958423,104.03104688311235,0.06039721309581047,61.69924423399351,3,4.817116896093,True,9.99437631525257,11.389394010537313,8.768804027603172
4,1300.0,433002.7486375197,4007189.4595988994,-75.74530806411683,36.20721522509527,ok,111.64127387537796,IW,0,22261.41245914091,1568.720936026411,52,51,9.832203914016247,10.127087224936727,0.0,0.05674031579581823,affine_dtft,44.18561844818949,9,identified,2,118.89626156104318,88.21286959344738,112.92896595360881,0.05563838519304885,72.89727103094742,6,4.403921494202343,True,10.162154873172142,11.575702058557916,8.921043108324668
4,1350.0,433049.6302182067,4007206.841123352,-75.74478805640541,36.207375163772454,ok,117.83175378021159,IW,0,22266.402785005743,1569.683066854369,52,51,9.831038587574467,10.127139991634476,0.0,0.0559452508145325,affine_dtft,44.18824613706393,9,identified,2,119.01560548238994,85.99002030926523,118.6374546152431,0.05296122820197706,79.99202019855836,4,3.5907745451119357,True,11.474339469665377,13.035504222585072,10.110573922578219
4,1400.0,433096.5117988936,4007224.2226478043,-75.74426804654337,36.20753510021045,ok,124.01031377035925,IW,0,22271.393700899876,1570.6451011985391,52,51,9.829892463610458,10.127192691607382,0.0,0.055150565628692604,affine_dtft,44.190874135138024,9,identified,1,120.26500482226932,83.76542401508654,118.6374546152431,0.05296122820197706,79.99202019855836,4,3.591734207154681,True,12.898230106963851,14.625972726309389,11.398440108818983
4,1450.0,433143.3933795805,4007241.604172257,-75.74374803453071,36.20769503440923,ok,128.4092899464076,IW,0,22276.385197207477,1571.6070403809197,52,51,9.828765561352114,10.127245324576638,0.0,0.05435627111346211,affine_dtft,44.19350243734187,9,identified,1,133.37424263850363,80.49360816523082,134.9238468338506,0.04656838249591931,71.56505117707773,5,4.018800565281658,True,13.98763237644014,15.84817335155864,12.381158243393742
4,1500.0,433190.2749602675,4007258.9856967092,-75.74322802036747,36.20785496636876,ok,131.6665683901291,IW,0,22281.377264300143,1572.5688857255918,52,51,9.827657873308755,10.127297895203547,0.0,0.05356238464053941,affine_dtft,44.19613103859898,9,identified,1,135.8712117295594,79.98407434679149,134.9238468338506,0.04656838249591931,71.56505117707773,5,4.216985599948514,True,14.83797161125753,16.805833662453,13.146390058458206
4,1550.0,433237.1565409544,4007276.3672211617,-75.74270800405368,36.20801489608895,ok,134.9238468338506,IW,0,22286.369892538976,1573.5306385569593,52,51,9.826569424680638,10.127350397734919,0.0,0.05276892701525499,affine_dtft,44.198759933827304,9,identified,1,138.13795444732582,81.12110087647515,134.9238468338506,0.04656838249591931,71.56505117707773,5,4.1952009817474565,True,15.727901739969251,17.811870044694086,13.945338801885944
4,1600.0,433284.0381216414,4007293.748745614,-75.74218798558938,36.208174823569834,ok,132.77472547080095,IW,0,22291.36307227549,1574.4923002017322,52,51,9.825500211939492,10.1274028376765,0.0,0.05197593012641142,affine_dtft,44.20138911793975,9,identified,1,134.8390260594762,64.36896235819718,134.9238468338506,0.04656838249591931,71.56505117707773,5,3.7801759953369705,True,15.136173633981269,17.1424932921942,13.414331819197029
4,1650.0,433330.91970232833,4007311.1302700667,-75.7416679649746,36.208334748811325,ok,130.6256041077513,IW,0,22296.356793848045,1575.4538719865918,52,51,9.824450249211226,10.127455212343067,0.0,0.05118340509359085,affine_dtft,44.204018585842306,9,identified,1,129.11933517383113,65.82174978282318,134.9238468338506,0.04656838249591931,71.56505117707773,5,4.013990607320962,True,14.562024623437624,16.494686486224428,12.898249494633616
4,1700.0,433377.8012830153,4007328.511794519,-75.74114794220937,36.20849467181338,ok,127.61086168674869,IW,0,22301.351047585296,1576.4153552408914,52,51,9.823419539049008,10.127507523309323,0.0,0.050391385069543264,affine_dtft,44.206648332435805,9,identified,1,122.1314138019156,66.22887955423093,124.17824001860234,0.05059811852896565,75.96375653207325,3,3.914294797113193,True,13.784982260365393,15.620435857151573,12.198544890190151
4,1750.0,433424.68286370224,4007345.8933189716,-75.74062791729372,36.208654592576,ok,126.05014521784327,IW,0,22306.34582380602,1577.3767512951688,52,51,9.822408099961468,10.127559761944548,0.0,0.049613053176318804,affine_dtft,44.20927835261592,9,identified,1,121.33685149275722,67.42686150501952,124.17824001860234,0.05059811852896565,75.96375653207325,3,3.9356241155928258,True,13.395226904942113,15.182932979516668,11.847074860065312
4,1800.0,433471.5644443892,4007363.274843424,-75.74010789022769,36.20881451109911,ok,123.33650356383994,IW,0,22311.341112817718,1578.3380614800149,52,51,9.821415932809579,10.127611949284892,0.0,0.048841851203786896,affine_dtft,44.211908641272366,9,identified,1,124.44461986994116,67.98478083994371,119.85013472883753,0.05242535038776029,69.44395478041629,2,4.087878503275484,True,12.737077372047832,14.445589697115441,11.252864043378924
4,1850.0,433518.44602507615,4007380.6563678766,-75.7395878610113,36.20897442738269,ok,122.30837197485361,IW,0,22316.336904918007,1579.299287128916,52,51,9.820443037397775,10.12766406151336,0.0,0.04807178295378116,affine_dtft,44.21453919328964,9,identified,1,127.13243589012095,67.15283721268537,127.12026448932349,0.04942709435368816,65.55604521958325,3,3.5892438199996772,True,12.494014910276848,14.173712977500678,11.033202613961564
4,1900.0,433565.3276057631,4007398.037892329,-75.7390678296446,36.20913434142668,ok,121.03388842852435,IW,0,22321.33319039541,1580.2604295747017,52,51,9.819489441171267,10.127716112246462,0.0,0.0473029115656652,affine_dtft,44.21717000354745,9,identified,1,126.28310978210854,62.368313481691914,121.35563856383395,0.0517749762725247,58.57043438516138,5,3.8966877466955196,True,12.197389053541013,13.84222415650784,10.764988967016341
4,1950.0,433612.20918645005,4007415.4194167815,-75.73854779612759,36.209294253231064,ok,122.46617512662667,IW,0,22326.32995952874,1581.2214901525003,52,51,9.818555140773094,10.127768101943435,0.0,0.046535293044411195,affine_dtft,44.21980106692041,9,identified,1,124.99580030167934,57.66832682199812,119.03758207367079,0.0527832067631465,54.462322208025576,4,3.3700526140887748,True,12.531100939731067,14.21518086343249,11.066725236526498
4,2000.0,433659.090767137,4007432.8009412345,-75.73802776046035,36.20945416279578,ok,121.30265278595249,IW,0,22331.327202585246,1582.1824701986322,52,51,9.81764014411313,10.12782002305726,0.0,0.04576898164363232,affine_dtft,44.22243237827701,8,identified,1,129.940145621782,59.08032511320553,117.80582228695597,0.05333509995689993,57.52880770915146,3,3.7808109182696765,True,12.259515481162985,13.911625576452757,10.821177539271606
4,2050.0,433705.97234782396,4007450.182465687,-75.73750772264289,36.20961407012079,ok,121.28499085999202,IW,0,22336.324909824703,1583.1433710499277,52,51,9.816744455630324,10.12787188406274,0.0,0.04500404546935277,affine_dtft,44.2250639324818,8,identified,1,131.7022920067418,62.51121575358691,127.01156821934926,0.04946939397148858,60.255118703057654,4,3.4009827429341244,True,12.255425866705647,13.907056636312962,10.817479005061594
4,2100.0,433752.8539285109,4007467.5639901394,-75.73698768267522,36.20977397520606,ok,,IW,0,22341.323071497703,1584.1041940447103,52,51,9.81586808526743,10.1279236798943,0.0,0.044240559782876325,affine_dtft,44.22769572439452,8,identified,2,123.81209150947326,60.75392741859441,123.07506529802524,0.051051651217611835,74.05460409907691,7,2.9745408574301058,False,,,
4,2150.0,433799.73550919787,4007484.945514592,-75.73646764055741,36.209933878051565,ok,,IW,0,22346.321677845117,1585.064940522563,52,51,9.815011040974582,10.127975410159099,0.0,0.04347858954079785,affine_dtft,44.23032774886977,8,identified,2,127.56248667348717,63.95291121547885,125.30949372641331,0.05014133502843438,78.23171106797906,6,2.558450736493595,False,,,
4,2200.0,433846.6170898848,4007502.3270390444,-75.73594759628946,36.210093778657246,ok,,IW,0,22351.320719099065,1586.0256118234697,52,51,9.814173326571908,10.128027082057686,0.0,0.04271822466323415,affine_dtft,44.23296000075754,8,identified,2,128.0895876871046,71.72255087840203,126.00672966508554,0.049863886824772954,79.87532834460184,7,2.251916365672189,False,,,
4,2250.0,433893.4986705718,4007519.708563497,-75.73542754987143,36.210253677023054,ok,,IW,0,22356.32018548385,1586.9862092883927,52,51,9.813354950408748,10.12807868299063,0.0,0.04196939334916972,affine_dtft,44.23559247490368,8,identified,2,132.8786386411782,74.25022441271628,126.00672966508554,0.049863886824772954,79.87532834460184,7,2.473058295000715,False,,,
4,2300.0,433940.3802512587,4007537.0900879493,-75.73490750130334,36.21041357314898,ok,,IW,0,22361.32006721397,1587.946734260633,52,51,9.81255592012814,10.1281302281274,0.0,0.04121253421986591,affine_dtft,44.238225166148915,8,identified,1,133.97163117609026,73.08331952828102,134.9238468338506,0.04656838249591931,71.56505117707773,5,2.33671735154156,False,,,
4,2350.0,433987.2618319457,4007554.471612402,-75.73438745058522,36.21057346703496,ok,,IW,0,22366.320354497417,1588.9071880825063,52,51,9.811776241931504,10.1281817031124,0.0,0.040457551717651634,affine_dtft,44.24085806933051,8,identified,1,131.882357144946,71.4462269043054,134.9238468338506,0.04656838249591931,71.56505117707773,5,2.421005708809721,False,,,
4,2400.0,434034.1434126326,4007571.8531368542,-75.7338673977171,36.210733358680976,ok,,IW,0,22371.32103753196,1589.8675720990655,52,51,9.811015919279798,10.128233122655544,0.0,0.03970455071329963,affine_dtft,44.243491179280355,8,identified,2,130.65367272360461,72.4518765593709,134.9238468338506,0.04656838249591931,71.56505117707773,5,2.7609165035083687,False,,,
4,2450.0,434081.02499331953,4007589.2346613067,-75.73334734269903,36.21089324808696,ok,,IW,0,22376.32210650971,1590.8278876549518,52,51,9.810274959602022,10.128284474267732,0.0,0.03895363754961523,affine_dtft,44.24612449082737,8,identified,1,129.36007858421624,72.77313431928428,126.15191997744864,0.04980649766014493,70.82099197418908,6,2.8753748557982006,False,,,
4,2500.0,434127.9065740065,4007606.616185759,-75.73282728553102,36.2110531352529,ok,,IW,0,22381.323551613776,1591.7881360962128,52,51,9.809553373202595,10.128335765369599,0.0,0.03820493834082087,affine_dtft,44.2487579987957,8,identified,1,114.22544028907443,69.79318564921407,126.15191997744864,0.04980649766014493,70.82099197418908,6,2.869155167614793,False,,,
4,2550.0,434174.78815469344,4007623.9977102117,-75.73230722621311,36.21121302017874,ok,,IW,0,22386.32536302044,1592.7483187695761,52,51,9.808851159895728,10.128386991398488,0.0,0.03745858672562131,affine_dtft,44.25139169800593,8,identified,1,115.5222004445978,67.28666010401544,115.57532630693886,0.05436441763091401,73.610459665965,4,3.108394085097493,True,,,
4,2600.0,434221.6697353804,4007641.379234664,-75.73178716474533,36.21137290286443,ok,121.75596427132628,IW,0,22391.327530898532,1593.7084370222926,52,51,9.808168328414116,10.128438156744611,0.0,0.03671471729440777,affine_dtft,44.2540255832747,7,identified,1,121.54430504791358,67.31669002728599,124.17824001860234,0.05059811852896565,75.96375653207325,3,3.3287743656354154,True,12.364815855589544,14.029288896472764,10.91639812484801
4,2650.0,434268.55131606734,4007658.7607591166,-75.73126710112773,36.211532783309956,ok,,IW,0,22396.33004540838,1594.6684922042746,52,51,9.807504882508994,10.128489262048113,0.0,0.03597348116788361,affine_dtft,44.25665964941416,7,identified,1,115.58600036582865,68.80544625282792,135.33564937320222,0.04642668311180187,82.40535663140824,4,2.7836504510595272,False,,,
4,2700.0,434315.4328967543,4007676.142283569,-75.73074703536032,36.21169266151526,ok,117.88800460557417,IW,0,22401.33289670648,1595.6284856633,52,51,9.80686082865985,10.128540301627545,0.0,0.035235046307950484,affine_dtft,44.25929389123445,7,identified,1,110.13075063560026,68.90080513128046,125.51432648843765,0.050059507013794094,78.6900675259795,5,3.586434055357542,True,11.486772654473391,13.049361181049248,10.121833883604134
4,2750.0,434362.31447744125,4007693.5238080216,-75.73022696744314,36.211852537480304,ok,,IW,0,22406.336074939954,1596.588418749936,52,51,9.806236172855378,10.12859128317959,0.0,0.03449959168845547,affine_dtft,44.261928303540785,7,ambiguous_multiple_blobs,2,107.33002731023659,67.19720149710086,140.65721748345732,0.04467019481541039,105.94539590092232,2,2.364005306163292,False,,,
4,2800.0,434409.1960581282,4007710.9053324745,-75.72970689737625,36.212012411205066,ok,127.37822702070184,IW,0,22411.339570249795,1597.5482928151887,52,51,9.805630918451415,10.128642198084858,0.0,0.03376730418495918,affine_dtft,44.264562881135134,7,identified,3,110.70762928971645,64.77501096033372,103.97144730968249,0.06043183460229139,66.03751102542165,2,3.2737593389343083,True,13.726355139735855,15.554584662666391,12.14569755371342
4,2850.0,434456.07763881516,4007728.286856927,-75.72918682515963,36.21217228268949,ok,131.3347903704183,IW,0,22416.343372771647,1598.5081092102207,52,51,9.805045068075247,10.128693053769943,0.0,0.03303839804143089,affine_dtft,44.26719761881665,7,identified,2,120.99555657274433,62.25000413774421,152.64890726398542,0.04116102381469181,63.43494882292177,4,3.072158361544362,True,14.749586099636117,16.70613355579417,13.066931100640312
4,2900.0,434502.9592195021,4007745.6683813795,-75.72866675079334,36.21233215193352,ok,,IW,0,22421.347472634832,1599.4678692868592,52,51,9.80447863342017,10.128743845374888,0.0,0.03231309609968588,affine_dtft,44.269832511381175,7,identified,1,133.0875716323862,64.53764992850793,152.64890726398542,0.04116102381469181,63.43494882292177,4,2.8796673855593213,False,,,
4,2950.0,434549.84080018906,4007763.049905832,-75.72814667427743,36.21249201893714,ok,127.122762889811,IW,0,22426.35185996178,1600.4275743977914,52,51,9.803931608850496,10.128794576662003,0.0,0.03159164316056256,affine_dtft,44.272467553620885,7,identified,1,123.23788894718477,61.24466441481713,137.38401653758697,0.0457344709052131,63.43494882292177,3,3.225772376564237,True,13.662190513723539,15.482530789585512,12.087850054427195
4,3000.0,434596.722380876,4007780.4314302844,-75.72762659561191,36.212651883700325,ok,112.72953936047725,IW,0,22431.356524869483,1601.3872258975045,52,51,9.803404012197186,10.128845250125233,0.0,0.030874306245861342,affine_dtft,44.275102740325124,7,identified,1,111.24433495193105,62.45861546988665,114.4866804479891,0.05488136508625573,63.434948822921854,1,3.9740338036927634,True,10.384965285796524,11.823232078084075,9.12317309092464
4,3050.0,434643.60396156297,4007797.812954737,-75.7271065147968,36.212811746223,ok,112.72953936047725,IW,0,22436.361457470975,1602.3468251386134,52,51,9.802895834840132,10.128895855998389,0.0,0.030161375762930098,affine_dtft,44.27773806628114,7,identified,1,103.82075717458814,63.04020482005664,103.97144730968249,0.06043183460229139,66.03751102542165,2,4.330867602311478,True,10.384965285796524,11.823232078084075,9.12317309092464
4,3100.0,434690.4855422499,4007815.1944791893,-75.72658643183216,36.21297160650514,ok,104.51138030144068,IW,0,22441.366647871357,1603.3063734763257,52,51,9.802407087209701,10.128946405784122,0.0,0.029453173360531475,affine_dtft,44.28037352627197,7,identified,3,102.30547317032078,63.50159625215584,95.07601314665042,0.0660859148299378,58.671307132195764,5,3.6971091963163643,True,8.78073434834781,10.043620180125,7.666921684885171
4,3150.0,434737.3671229369,4007832.576003642,-75.72606634671801,36.213131464546706,ok,,IW,0,22446.372086172803,1604.265872265095,52,51,9.801937777438825,10.128996891855426,0.0,0.028750043436167057,affine_dtft,44.283009115079174,7,identified,2,162.26329737293548,91.57813560393255,158.80216706970091,0.039566118165262766,88.0250659891176,9,2.1876716313670506,False,,,
4,3200.0,434784.24870362383,4007849.9575280943,-75.72554625945439,36.21329132034765,ok,,IW,0,22451.377762470864,1605.2253228611537,52,51,9.801487898219952,10.129047315403785,0.0,0.028052362490721724,affine_dtft,44.28564482748079,6,identified,2,173.48456894769328,85.98923154507312,190.15202629330105,0.03304295741496886,68.19859051364786,6,2.1805892153723088,False,,,
4,3250.0,434831.1302843108,4007867.339052547,-75.72502617004132,36.213451173907956,ok,,IW,0,22456.383666857277,1606.1847266204195,52,51,9.801057460761934,10.129097682651382,0.0,0.02736054627072076,affine_dtft,44.28828065825281,6,identified,3,164.78218443910765,65.72142780071002,188.2149432560144,0.03338303111582936,72.89727103094728,5,2.3789444328438027,False,,,
4,3300.0,434878.01186499774,4007884.7205769992,-75.72450607847884,36.21361102522756,ok,,IW,0,22461.389789418543,1607.1440848991294,52,51,9.800646470453845,10.129147984743799,0.0,0.026675050567038026,affine_dtft,44.29091660216854,6,identified,2,159.90635952575323,66.26361518814474,161.90861620062083,0.03880698541326606,71.56505117707769,3,2.5353475247022663,False,,,
4,3350.0,434924.8934456847,4007902.1021014517,-75.723985984767,36.21377087430642,ok,,IW,0,22466.396120237794,1608.1033990542646,52,51,9.800254922631165,10.129198229063903,0.0,0.02599636783694341,affine_dtft,44.293552653999456,6,identified,1,155.9048460020177,65.37744891922058,152.64890726398542,0.04116102381469181,63.43494882292177,2,2.5370009852083153,False,,,
4,3400.0,434971.7750263716,4007919.483625904,-75.72346588890579,36.21393072114453,ok,,IW,0,22471.402649392687,1609.062670443608,52,51,9.799882831415058,10.12924841087807,0.0,0.02532504354497362,affine_dtft,44.296188808514174,6,identified,2,149.77138555010094,65.78398292443528,152.64890726398542,0.04116102381469181,63.43494882292177,2,2.456332800435263,False,,,
4,3450.0,435018.65660705854,4007936.8651503567,-75.72294579089528,36.214090565741806,ok,,IW,0,22476.409366957778,1610.021900424481,52,51,9.799530186159684,10.129298535663887,0.0,0.02466167588971133,affine_dtft,44.29882506047967,6,identified,2,142.9034566560036,66.03275272559871,128.48271698649472,0.04890296107172169,72.47443162627687,5,2.68389674630524,False,,,
4,3500.0,435065.5381877455,4007954.246674809,-75.72242569073548,36.214250408098245,ok,,IW,0,22481.41626300369,1610.981090355271,52,51,9.799197006606967,10.129348596808669,0.0,0.024018610675582863,affine_dtft,44.30146140466086,6,identified,1,120.72562373877372,65.15451976908217,134.45778724835563,0.04672979851716567,66.80140948635159,4,2.959691662989198,False,,,
5,250.0,432098.51438777376,4006606.897399546,-75.75531593510895,36.201900451756856,touches_land_or_unmapped,,,,,,,,,,,,,,,,,,,,,,,,,,,
5,300.0,432145.44736900163,4006624.139652098,-75.75479539972974,36.202059181496665,touches_land_or_unmapped,,,,,,,,,,,,,,,,,,,,,,,,,,,
5,350.0,432192.3803502295,4006641.38190465,-75.75427486221352,36.20221790899306,touches_land_or_unmapped,,,,,,,,,,,,,,,,,,,,,,,,,,,
5,400.0,432239.3133314574,4006658.624157202,-75.7537543225603,36.20237663424601,ok,92.55699533595988,IW,0,22176.205869134697,1528.873255666421,52,51,9.855114692562253,10.124491988542017,0.0,0.0705032540025448,affine_dtft,44.140799978633744,9,identified,1,86.45593853068384,73.04912854213867,92.55699533595988,0.06788449953861529,77.47119229084826,5,6.321250883203711,True,6.746426875614149,7.792794133754932,5.819458968739031
5,450.0,432286.24631268525,4006675.866409754,-75.75323378077015,36.20253535725547,ok,93.13568849810837,IW,0,22181.1874501156,1529.8229798910868,52,51,9.853621726378858,10.124546312125702,0.0,0.0697043695313772,affine_dtft,44.14342314077119,9,identified,1,87.5986653408107,72.88723673833965,92.55699533595988,0.06788449953861529,77.47119229084826,5,4.97049712559814,True,6.837309417463128,7.893290574488909,5.901944563934905
5,500.0,432333.17929391307,4006693.108662306,-75.75271323684306,36.202694078021395,ok,94.59084303663671,IW,0,22186.16978444325,1530.7725851367595,52,51,9.852147808366585,10.12460056192466,0.0,0.06890566573334156,affine_dtft,44.14604669824755,9,identified,1,89.29012558764354,71.39086722748047,92.55699533595988,0.06788449953861529,77.47119229084826,5,4.031377577997323,True,7.069137356432423,8.149647329273975,6.112391679107042
5,550.0,432380.11227514094,4006710.350914858,-75.75219269077913,36.202852796543766,ok,96.16173620759476,IW,0,22191.152862707655,1531.7220727011509,52,51,9.850692947528422,10.124654748495692,0.0,0.06810714841610616,affine_dtft,44.148670646101415,9,identified,1,94.3815716942136,69.82709097979487,94.8717679845538,0.06622818822352462,76.6075022462487,4,4.322561780746787,True,7.324766788031202,8.432344767153722,6.344498391223194
5,600.0,432427.0452563688,4006727.5931674098,-75.75167214257831,36.20301151282253,ok,98.94442717191784,IW,0,22196.136675485133,1532.671443882685,52,51,9.849257164740493,10.12470886862608,0.0,0.06730882536395472,affine_dtft,44.151294979364096,9,identified,1,97.06621065366497,69.05500794360097,100.4114611907501,0.06257438376724263,78.69006752597954,3,4.192621708322057,True,7.791530361766021,8.948640092727437,6.76840996897057
5,650.0,432473.9782375967,4006744.8354199617,-75.75115159224072,36.20317022685764,ok,108.33149497314437,IW,0,22201.12121333714,1533.6206999819724,52,51,9.847840461737974,10.12476292036704,0.0,0.06651070830534256,affine_dtft,44.15391969305912,9,identified,1,97.2691706919847,69.06867623498198,100.4114611907501,0.06257438376724263,78.69006752597954,3,3.883881360217163,True,9.504288486004304,10.845570127012811,8.323965164542857
5,700.0,432520.91121882456,4006762.0776725137,-75.75063103976632,36.203328938649065,ok,111.59700020570271,IW,0,22206.106466811823,1534.5698423015017,52,51,9.846442850153645,10.124816910636476,0.0,0.06571280043917001,affine_dtft,44.15654478220301,9,identified,2,104.18298441598198,88.40970165345749,106.47045015757529,0.059013419196411114,81.02737338510333,4,3.4216826844896358,True,10.153159402523215,11.565711313104863,8.912881487293554
5,750.0,432567.84420005244,4006779.3199250656,-75.75011048515518,36.20348764819678,ok,114.13108450768125,IW,0,22211.092426442847,1535.5188721453346,52,51,9.845064343631451,10.124870830145047,0.0,0.06491511329649921,affine_dtft,44.15917024180458,9,identified,1,104.4872567250119,89.6771141941734,139.4923343420925,0.04504323005858254,92.60256220249937,6,3.375778359931541,True,10.676777792390071,12.147622997935464,9.387817810074067
5,800.0,432614.7771812803,4006796.5621776176,-75.74958992840732,36.203646355500716,ok,116.66516880965978,IW,0,22216.079082750217,1536.4677908190279,52,51,9.843704960042777,10.124924687060918,0.0,0.06411766655553938,affine_dtft,44.16179606686554,9,identified,1,108.06866317723454,89.02314799038544,111.1992941473456,0.056503823656056634,87.51044707800051,5,3.561558867212316,True,11.218606115893836,12.750596473939021,9.878921742472675
5,850.0,432661.7101625081,4006813.8044301695,-75.74906936952277,36.20380506056084,ok,118.93224323553594,IW,0,22221.06642624099,1537.4165996298618,52,51,9.84236469206637,10.12497847670129,0.0,0.06332045960045439,affine_dtft,44.1644222523807,9,identified,1,113.62177563003192,88.54439179542554,113.08188270064278,0.05556314731523188,83.65980825408981,4,4.455180365250198,True,11.71930696340647,13.308618231765776,10.332382224213578
5,900.0,432708.643143736,4006831.0466827215,-75.74854880850158,36.20396376337714,ok,115.30490407988425,IW,0,22226.054447408325,1538.3652998869934,52,51,9.84104356825412,10.125032202292566,0.0,0.06252350506032692,affine_dtft,44.167048793337614,9,identified,2,114.48846078134382,85.89670378147596,113.08188270064278,0.05556314731523188,83.65980825408981,4,5.156345098762459,True,10.92545723542282,12.424256716597279,9.613264289462075
5,950.0,432755.5761249639,4006848.2889352734,-75.74802824534379,36.204122463949545,ok,119.43438682479487,IW,0,22231.043136732023,1539.31389290174,52,51,9.839741590284147,10.12508586198134,0.0,0.061726818431620194,affine_dtft,44.16967568471671,9,identified,1,117.11563506708245,85.33513809885368,117.80582228695603,0.0533350999568999,85.60129464500419,3,4.614666617477161,True,11.832300573928118,13.434662823096549,10.434661767508798
5,1000.0,432802.50910619175,4006865.5311878254,-75.7475076800494,36.20428116227803,ok,120.78803723043382,IW,0,22236.0324846799,1540.2623799855594,52,51,9.838458768148937,10.125139454944492,0.0,0.06093041198392424,affine_dtft,44.17230292149218,9,identified,1,122.66067892917012,85.17289493480983,121.35563856383405,0.051774976272524656,84.5596679689942,5,3.774775278614142,True,12.140757151647552,13.778972866950289,10.71376393613146
5,1050.0,432849.4420874196,4006882.7734403773,-75.74698711261846,36.204439858362555,ok,121.06899677990309,IW,0,22241.022481705422,1541.2107624527848,52,51,9.83719511315615,10.125192988439222,0.0,0.06013429885946266,affine_dtft,44.174930498630616,9,identified,1,122.99302774306952,66.95131084128862,131.84670787189867,0.04765523090105735,78.11134196037173,5,3.2811497012168345,True,12.205491693673078,13.851274818049593,10.772317562604643
5,1100.0,432896.3750686475,4006900.015692929,-75.746466543051,36.20459855220307,ok,121.88479040313985,IW,0,22246.01311825053,1542.1590416189658,52,51,9.835950637646203,10.125246452080422,0.0,0.05933848850421406,affine_dtft,44.17755841109253,9,identified,1,118.59323149899154,64.78399387526919,119.85013472883753,0.05242535038776029,69.44395478041629,2,3.1865884391741695,True,12.394859524056086,14.062867399085146,10.943562272690855
5,1150.0,432943.30804987537,4006917.2579454808,-75.74594597134707,36.20475724379954,ok,118.68182649034412,IW,0,22251.00438474406,1543.1072188009414,52,51,9.834725344961534,10.125299851866828,0.0,0.05854300023894267,affine_dtft,44.180186653831534,9,identified,1,114.34428803927703,64.21675978443115,114.4866804479891,0.05488136508625573,63.434948822921854,1,3.6261991963212425,True,11.66324375501793,13.246095727809896,10.281627415796622
5,1200.0,432990.2410311032,4006934.5001980327,-75.74542539750666,36.204915933151945,ok,,IW,0,22255.99627160347,1544.055295317377,52,51,9.833519254016629,10.12535318922572,0.0,0.05774784462061064,affine_dtft,44.18281522179525,9,ambiguous_multiple_blobs,2,112.66287751234839,63.77901397739463,228.9733608959782,0.027440682543127867,116.56505117707705,1,2.108529254304925,False,,,
5,1250.0,433037.17401233106,4006951.7424505847,-75.74490482152986,36.20507462026021,ok,116.10576282053094,IW,0,22260.98876923255,1545.0032724879811,52,51,9.832332363834235,10.125406459865367,0.0,0.056953041477400046,affine_dtft,44.185444109924106,9,identified,4,112.38499756563068,63.606535116606096,108.54378291265117,0.0578861832394019,57.99461679191643,2,4.153550458104917,True,11.097397387023392,12.615632303707407,9.769094104856189
5,1300.0,433084.10699355893,4006968.9847031366,-75.74438424341666,36.20523330512433,ok,120.46491198025616,IW,0,22265.98186802535,1545.9511516345265,52,51,9.831164691509974,10.125459667166831,0.0,0.05616790362693334,affine_dtft,44.18807331315335,9,identified,2,114.60141294054259,64.94115145283945,117.21434790288117,0.05360423377849243,74.0546040990769,5,4.3218319861840495,True,12.066611685849963,13.69617838323998,10.646689116603634
5,1350.0,433131.0399747868,4006986.2269556886,-75.7438636631671,36.20539198774425,ok,123.35669895097506,IW,0,22270.97555836161,1546.8989340798048,52,51,9.830016245550988,10.125512811339238,0.0,0.055373884664713734,affine_dtft,44.190702826410764,9,identified,2,119.0652308451252,68.48706250714646,124.17824001860234,0.05059811852896565,75.96375653207325,3,3.5028529745890435,True,12.741885948519196,14.450970608188484,11.25720855308036
5,1400.0,433177.9729560147,4007003.4692082405,-75.74334308078124,36.20555066811992,ok,128.63271173521494,IW,0,22275.969830610786,1547.846621148226,52,51,9.828887028669147,10.125565887485054,0.0,0.054580272512178306,affine_dtft,44.193332644618636,9,identified,1,130.52593096541185,74.2133346263621,131.92327708688998,0.04762757146368664,75.06858282186217,4,3.6118100237799404,True,14.044740212578112,15.912384005056929,12.43260304591753
5,1450.0,433224.90593724255,4007020.7114607925,-75.74282249625908,36.20570934625131,ok,132.17461152140882,IW,0,22280.96467513154,1548.7942141654257,52,51,9.82777705444247,10.125618904174079,0.0,0.05378708247182043,affine_dtft,44.19596276269359,9,identified,1,133.55565922225944,74.85326749770472,134.9238468338506,0.04656838249591931,71.56505117707773,5,4.3910363945298325,True,14.974110533197477,16.95947507337319,13.268741789184288
5,1500.0,433271.83891847037,4007037.9537133444,-75.74230190960067,36.20586802213839,ok,134.32373288445848,IW,0,22285.960082270016,1549.74171445841,52,51,9.826686335629041,10.125671854031841,0.0,0.05299434194089276,affine_dtft,44.19859317554568,9,identified,1,136.50027866193,75.93879419286174,134.9238468338506,0.04656838249591931,71.56505117707773,5,4.656370479424532,True,15.560859980345901,17.622724303649594,13.795531331741847
5,1550.0,433318.77189969824,4007055.1959658964,-75.74178132080604,36.20602669578111,ok,134.9238468338506,IW,0,22290.956042361628,1550.6891233557997,52,51,9.825614874827322,10.125724744977726,0.0,0.0522020752573648,affine_dtft,44.20122387807929,9,identified,1,137.62596847374962,77.28012612858126,134.9238468338506,0.04656838249591931,71.56505117707773,5,4.40734331361636,True,15.727901739969251,17.811870044694086,13.945338801885944
5,1600.0,433365.7048809261,4007072.4382184483,-75.74126072987524,36.20618536717942,ok,132.77472547080095,IW,0,22295.95254573201,1551.636442187124,52,51,9.82456267860988,10.125777568551273,0.0,0.051410293163163444,affine_dtft,44.20385486519361,9,identified,1,137.22318285198588,76.46710119431144,134.9238468338506,0.04656838249591931,71.56505117707773,5,4.658957633482517,True,15.136173633981269,17.1424932921942,13.414331819197029
5,1650.0,433412.637862154,4007089.6804710003,-75.74074013680826,36.20634403633332,ok,130.6256041077513,IW,0,22300.94958269473,1552.583672283768,52,51,9.823529762993298,10.125830330626494,0.0,0.05061903289277344,affine_dtft,44.20648613178153,9,identified,1,128.16771851518973,67.06369022062066,134.9238468338506,0.04656838249591931,71.56505117707773,5,4.5713816678398285,True,14.562024623437624,16.494686486224428,12.898249494633616
5,1700.0,433459.57084338187,4007106.922723552,-75.74021954160517,36.20650270324272,ok,128.47648274470163,IW,0,22305.947143553487,1553.5308149774453,52,51,9.822516132929845,10.125883028990874,0.0,0.049839058757444765,affine_dtft,44.20911767273073,9,identified,1,121.62046646436504,67.28752085351954,124.17824001860234,0.05059811852896565,75.96375653207325,3,4.567965488579447,True,14.004788702548817,15.867461965077908,12.39661405430653
5,1750.0,433506.50382460974,4007124.164976104,-75.73969894426597,36.206661367907614,ok,126.32736138165198,IW,0,22310.945218600904,1554.4778716026208,52,51,9.821521792740695,10.125935663223279,0.0,0.04906881116461205,affine_dtft,44.21174948292298,9,identified,1,121.05672696297813,68.69357904069545,124.17824001860234,0.05059811852896565,75.96375653207325,3,4.714405170455763,True,13.463846993679308,15.259912389019336,11.908977911612407
5,1800.0,433553.4368058376,4007141.407228656,-75.73917834479074,36.20682003032794,ok,123.61371972764866,IW,0,22315.94379812095,1555.424843493236,52,51,9.82054675514794,10.125988233916091,0.0,0.04829972776426281,affine_dtft,44.2143815572356,9,identified,1,117.61308190154303,72.44384293898423,124.17824001860234,0.05059811852896565,75.96375653207325,3,4.279432619498695,True,12.803198999274406,14.519589267321253,11.31260053330319
5,1850.0,433600.3697870654,4007158.649481208,-75.73865774317947,36.20697869050368,ok,123.04919943669499,IW,0,22320.942872386968,1556.3717319851494,52,51,9.819591022514583,10.126040745780756,0.0,0.047531864719889565,affine_dtft,44.21701389054023,9,identified,1,116.28543584723371,71.84300933184959,124.17824001860234,0.05059811852896565,75.96375653207325,3,4.015768978166649,True,12.668812525817904,14.369209384804966,11.191182591406546
5,1900.0,433647.3027682933,4007175.89173376,-75.73813713943221,36.20713734843477,ok,121.77471589036573,IW,0,22325.942431661846,1557.3185384157023,52,51,9.818654607807723,10.126093191922495,0.0,0.046765278751546686,affine_dtft,44.219646477703044,9,identified,1,127.7980438095768,64.90855518723046,121.35563856383395,0.0517749762725247,58.57043438516138,5,3.5824073948458772,True,12.369185670781357,14.034172640727801,10.920349217650797
5,1950.0,433694.2357495212,4007193.133986312,-75.73761653354902,36.207296004121204,ok,122.84444647874459,IW,0,22330.942466198892,1558.2652641235704,52,51,9.81773751519042,10.12614557767347,0.0,0.04600003220224206,affine_dtft,44.222279313585126,9,identified,1,127.63703988023622,57.07374456346381,121.35563856383395,0.0517749762725247,58.57043438516138,5,3.5053606562702977,True,12.6203249311348,14.314968402516454,11.147365770962589
5,2000.0,433741.16873074905,4007210.376238864,-75.73709592552989,36.207454657562906,ok,126.40944852175582,IW,0,22335.942966243387,1559.2119104476153,52,51,9.816839755449966,10.126197897149611,0.0,0.04523619169933102,affine_dtft,44.22491239304337,9,identified,1,136.6980433339993,57.23188077026554,117.80582228695597,0.05333509995689993,57.52880770915146,3,3.9645595753232272,True,13.48421637444626,15.282767003672012,11.92735148379909
5,2050.0,433788.1017119769,4007227.618491416,-75.73657531537486,36.20761330875986,ok,127.54063445285888,IW,0,22340.94392203053,1560.1584787284635,52,51,9.815961332730572,10.126250160084833,0.0,0.044473825393478446,affine_dtft,44.22754571092933,9,identified,3,145.3178342975112,57.619832605248895,129.52689296049672,0.04850873176658256,55.30484646876594,4,3.7534791441719566,True,13.767264247973317,15.600533034317817,12.182574409266675
5,2100.0,433835.0346932048,4007244.860743968,-75.73605470308398,36.20777195771202,ok,129.0868834251151,IW,0,22345.94532378575,1561.1049703076667,52,51,9.815102256920257,10.126302354905938,0.0,0.04371301184048406,affine_dtft,44.230179262089436,9,identified,3,147.4286820140166,57.654078486540485,142.0032502336585,0.04424677109038668,56.309932474020094,3,3.5785479447161426,True,14.161373877735212,16.043569816119575,12.537647892200367
5,2150.0,433881.9676744326,4007262.1029965198,-75.73553408865727,36.207930604419346,ok,130.17878715049704,IW,0,22350.947161726734,1562.0513865279252,52,51,9.814262526239284,10.126354492107298,0.0,0.042953829735517014,affine_dtft,44.23281304136602,9,identified,3,143.01411084319545,57.77430814997897,127.01156821934926,0.04946939397148858,60.255118703057654,2,3.3472808216842385,True,14.444800034136863,16.36261869312665,12.792781775563597
5,2200.0,433928.9006556605,4007279.3452490717,-75.73501347209478,36.20808924888181,ok,,IW,0,22355.949426062343,1562.9977287325748,52,51,9.813442161434017,10.126406566225377,0.0,0.042206242743070166,affine_dtft,44.235447043596764,9,ambiguous_multiple_blobs,3,140.7452051510731,57.74445910376124,142.0032502336585,0.04424677109038668,56.309932474020094,1,3.2404193346926333,False,,,
5,2250.0,433975.83363688836,4007296.5875016237,-75.73449285339652,36.20824789109934,ok,126.5376098452056,IW,0,22360.952106992707,1563.9439982659387,52,51,9.812641155524656,10.126458578298553,0.0,0.041450643106544525,affine_dtft,44.238081263614745,9,identified,1,137.85850621102347,58.777008109728996,122.17343718848369,0.05142840744904451,72.64597536373844,4,3.17109465074538,True,13.51606467317856,15.318504589079641,11.956077503812951
5,2300.0,434022.76661811623,4007313.8297541756,-75.73397223256254,36.208406531071944,ok,126.37962372049105,IW,0,22365.95519470962,1564.8901964741972,52,51,9.811859523628646,10.126510530525513,0.0,0.04069694781429003,affine_dtft,44.240715696248664,9,identified,1,131.91802615954404,60.77282538747872,128.48271698649472,0.04890296107172169,72.47443162627687,5,3.0024693146407655,True,13.476812893652093,15.27446003322053,11.920673503312466
5,2350.0,434069.6995993441,4007331.0720067276,-75.73345160959286,36.20856516879953,ok,126.37962372049105,IW,0,22370.95867939745,1565.8363247030668,52,51,9.811097266874937,10.126562418298413,0.0,0.03994526868354871,affine_dtft,44.2433503363233,9,identified,1,122.63230135037301,70.36894860034978,128.48271698649472,0.04890296107172169,72.47443162627687,5,3.0277616959430875,True,13.476812893652093,15.27446003322053,11.920673503312466
5,2400.0,434116.632580572,4007348.3142592795,-75.73293098448752,36.20872380428211,ok,,IW,0,22375.962551231496,1566.7823843008248,52,51,9.810354391829776,10.126614245327474,0.0,0.03919571957566786,affine_dtft,44.24598517865866,9,identified,1,122.70876928902098,73.16787701366414,113.34134434047692,0.055435951847411694,75.57922687248876,8,2.877574309385179,False,,,
5,2450.0,434163.56556179986,4007365.5565118315,-75.73241035724656,36.2088824375196,ok,,IW,0,22380.966800379796,1567.728376615051,52,51,9.809630909987774,10.126666014519525,0.0,0.03844842071063473,affine_dtft,44.2486202180709,9,identified,1,97.1621413425739,67.78687877161414,108.46826718060527,0.05792648366658018,74.35775354279104,11,2.7875999744403592,False,,,
5,2500.0,434210.4985430277,4007382.7987643834,-75.73188972787001,36.20904106851199,ok,,IW,0,22385.97141700449,1568.6743029946883,52,51,9.808926823962633,10.126717721094758,0.0,0.037703511041035524,affine_dtft,44.251255449373105,9,identified,1,100.80341302591873,66.09478369556244,120.81386961485012,0.05200715221861641,70.70995378081108,5,2.978924445666994,False,,,
5,2550.0,434257.43152425555,4007400.0410169354,-75.7313690963579,36.209199697259216,ok,118.06231663522139,IW,0,22390.976391257554,1569.6201647901298,52,51,9.808242136722892,10.126769366269121,0.0,0.03696112352033556,affine_dtft,44.253890867372974,9,identified,1,113.57856253070464,66.58798693507504,114.4866804479891,0.05488136508625573,63.434948822921854,3,3.377071889134897,True,11.52536112029053,13.092371793909527,10.156779571532379
5,2600.0,434304.3645054834,4007417.2832694873,-75.73084846271026,36.20935832376127,ok,118.50927115862542,IW,0,22395.981713286015,1570.5659633521002,52,51,9.807576858267646,10.126820950305637,0.0,0.03622141325347832,affine_dtft,44.2565264668756,8,identified,1,118.70594580819498,66.33325852069088,119.85013472883753,0.05242535038776029,69.44395478041629,2,4.466796221876709,True,11.62472247307186,13.203142366569484,10.246750710248017
5,2650.0,434351.2974867113,4007434.5255220393,-75.73032782692712,36.209516948018084,ok,116.86309155963723,IW,0,22400.987373228712,1571.5117000319628,52,51,9.80693099037947,10.126872475219905,0.0,0.03548454699917994,affine_dtft,44.2591622426818,8,identified,1,115.6022060827093,68.08150245247775,119.85013472883753,0.05242535038776029,69.44395478041629,2,5.158335318090788,True,11.261710523374168,12.79860367496503,9.917973834018154
5,2700.0,434398.23046793917,4007451.767774591,-75.72980718900851,36.20967557002964,ok,117.45719433754927,IW,0,22405.993361219327,1572.4573761816166,52,51,9.806304542872843,10.126923937169977,0.0,0.03475070331177261,affine_dtft,44.26179818958963,8,identified,1,112.49578731119249,69.14246599813508,119.85013472883753,0.05242535038776029,69.44395478041629,2,4.98324622699034,True,11.391790677148384,12.943515203791346,10.035808781342045
5,2750.0,434445.16344916704,4007469.010027143,-75.72928654895449,36.20983418979587,ok,116.65954754045318,IW,0,22410.999667382763,1573.4029931548814,52,51,9.80569750544167,10.126975337790482,0.0,0.03402007459099851,affine_dtft,44.26443430239254,8,identified,1,110.1911183330343,68.79084803716817,110.27837316368448,0.056975680062432116,68.96248897457795,3,3.9906825147814646,True,11.217383574785664,12.749234963440497,9.877814096141046
5,2800.0,434492.0964303949,4007486.252279695,-75.72876590676508,36.209992807316766,ok,,IW,0,22416.006281839287,1574.3485523047477,52,51,9.805109907764946,10.127026682245058,0.0,0.033292869779392,affine_dtft,44.267070575881526,8,identified,1,112.4802070042956,66.4317927928196,118.15384615384599,0.0531780006467023,67.38013505195934,3,2.657832315227411,False,,,
5,2850.0,434539.02941162273,4007503.494532247,-75.72824526244028,36.21015142259227,ok,,IW,0,22421.01319470223,1575.294054986168,52,51,9.804541738637848,10.127077965909011,0.0,0.03256931948366203,affine_dtft,44.269707004843944,8,identified,1,125.75283672755333,62.40185410558868,137.38401653758697,0.0457344709052131,63.43494882292177,3,2.6655936275994314,False,,,
5,2900.0,434585.9623928506,4007520.736784799,-75.72772461598016,36.21031003562234,ok,,IW,0,22426.020396079497,1576.2395025537553,52,51,9.803993004279741,10.127129187249981,0.0,0.031849664128104076,affine_dtft,44.27234358406428,8,identified,1,137.12785548153337,62.247025092882616,137.38401653758697,0.0457344709052131,63.43494882292177,3,2.8869762187890418,False,,,
5,2950.0,434632.8953740785,4007537.979037351,-75.72720396738475,36.21046864640695,ok,,IW,0,22431.02787607218,1577.1848963633233,52,51,9.803463712168112,10.127180349010164,0.0,0.031134168816657946,affine_dtft,44.27498030832345,8,identified,1,133.87793439726352,64.03924514227518,137.38401653758697,0.0457344709052131,63.43494882292177,3,2.6476805182359344,False,,,
5,3000.0,434679.82835530635,4007555.221289903,-75.72668331665407,36.21062725494606,ok,105.97260002101847,IW,0,22436.035624777254,1578.1302377709449,52,51,9.802953861121338,10.127231454317082,0.0,0.03042313550944049,affine_dtft,44.27761717240018,8,identified,1,114.12377066552064,61.78293367860454,114.4866804479891,0.05488136508625573,63.434948822921854,1,3.239283169535181,True,9.053078854482631,10.345353387413562,7.914263321963845
5,3050.0,434726.7613365342,4007572.463542455,-75.72616266378817,36.210785861239614,ok,105.97260002101847,IW,0,22441.043632285062,1579.075528133671,52,51,9.802463465082958,10.127282495991631,0.0,0.029716871071384304,affine_dtft,44.28025417106971,8,identified,1,105.01786588144684,62.799503539817906,103.97144730968249,0.06043183460229139,66.03751102542165,2,3.8861345235569558,True,9.053078854482631,10.345353387413562,7.914263321963845
5,3100.0,434773.6943177621,4007589.705795007,-75.72564200878706,36.21094446528758,ok,105.97260002101847,IW,0,22446.051888681166,1580.0207688088872,52,51,9.801992516594533,10.12733348067948,0.0,0.029015730661250506,affine_dtft,44.28289129910475,8,identified,3,102.8661651853574,63.38265899142587,99.45967230538379,0.06317319534180162,60.94539590092275,4,3.0083522101804543,True,9.053078854482631,10.345353387413562,7.914263321963845
5,3150.0,434820.6272989899,4007606.948047559,-75.7251213516508,36.211103067089944,ok,,IW,0,22451.0603840464,1580.9659611542513,52,51,9.801541033923497,10.127384406048229,0.0,0.028331247639067872,affine_dtft,44.28552855127553,8,identified,2,161.00389533745147,91.13360603744141,158.80216706970091,0.039566118165262766,88.0250659891176,9,2.1336062608374053,False,,,
5,3200.0,434867.5602802178,4007624.1903001107,-75.7246006923794,36.21126166664662,ok,,IW,0,22456.069108457046,1581.911106527776,52,51,9.801109000945818,10.127435270077921,0.0,0.02764159374361163,affine_dtft,44.288165922349904,7,identified,3,173.35109219964593,85.20012113547932,190.15202629330105,0.03304295741496886,68.19859051364786,6,2.0587296985465975,False,,,
5,3250.0,434914.49326144566,4007641.432552662,-75.7240800309729,36.21142026395759,ok,,IW,0,22461.078051982975,1582.8562062891467,52,51,9.800696438133295,10.12748607501192,0.0,0.026958303169107356,affine_dtft,44.29080340709231,7,identified,3,158.73399949508496,61.862519848543585,174.9724483003924,0.03590956958202142,70.0168934780997,4,2.531079866729571,False,,,
5,3300.0,434961.42624267354,4007658.674805214,-75.72355936743133,36.21157885902284,ok,,IW,0,22466.08720469222,1583.801261797013,52,51,9.8003033401715,10.127536823202243,0.0,0.026281864266772505,affine_dtft,44.29344100026625,7,identified,2,153.8679513605723,62.8346131582301,161.90861620062083,0.03880698541326606,71.56505117707769,3,2.571679110289007,False,,,
5,3350.0,435008.3592239014,4007675.917057766,-75.72303870175475,36.21173745184229,ok,,IW,0,22471.096556646364,1584.7462744113361,52,51,9.799929715328187,10.127587511060762,0.0,0.025612819973184348,affine_dtft,44.2960786966318,7,identified,1,145.68106790799328,63.82710680045197,152.64890726398542,0.04116102381469181,63.43494882292177,2,2.5601754823485345,False,,,
5,3400.0,435055.2922051293,4007693.159310318,-75.72251803394315,36.211896042415916,ok,,IW,0,22476.106097904536,1585.6912454920825,52,51,9.799575564221186,10.127638141375284,0.0,0.024951757670119954,affine_dtft,44.29871649094777,7,identified,2,135.6033189643069,65.23735395070344,137.38401653758697,0.0457344709052131,63.43494882292177,3,2.9662078589056655,False,,,
5,3450.0,435102.22518635716,4007710.40156287,-75.72199736399659,36.21205463074367,ok,,IW,0,22481.11581852138,1586.6361763991997,52,51,9.79924088841549,10.127688711544033,0.0,0.024299329302928285,affine_dtft,44.30135437797059,7,identified,1,121.20044696389911,62.67259700666437,137.38401653758697,0.0457344709052131,63.43494882292177,3,3.2846028286561872,True,,,
5,3500.0,435149.158167585,4007727.643815422,-75.7214766919151,36.21221321682555,ok,,IW,0,22486.12570854842,1587.5810684943667,52,51,9.79892568847604,10.12773922489096,0.0,0.02365624344960221,affine_dtft,44.303992352455055,7,identified,1,119.45626913685734,63.71232391920697,127.01156821934926,0.04946939397148858,60.255118703057654,2,3.569371967787334,True,,,
6,250.0,432178.1674923815,4006389.324470255,-75.75441114610472,36.19994465079687,touches_land_or_unmapped,,,,,,,,,,,,,,,,,,,,,,,,,,,
6,300.0,432225.13648770883,4006406.4683752344,-75.7538902126356,36.20010249245504,touches_land_or_unmapped,,,,,,,,,,,,,,,,,,,,,,,,,,,
6,350.0,432272.10548303614,4006423.6122802137,-75.7533692770397,36.20026033186628,touches_land_or_unmapped,,,,,,,,,,,,,,,,,,,,,,,,,,,
6,400.0,432319.07447836344,4006440.756185193,-75.75284833931703,36.20041816903056,ok,91.68396418748868,IW,0,22180.64941836631,1506.3783738182271,52,51,9.853811697757424,10.12282672222539,0.0,0.06990917771428733,affine_dtft,44.143187605889985,9,identified,1,94.30644000595225,81.92310346079914,92.55699533595988,0.06788449953861529,77.47119229084826,5,5.836679669059549,True,6.610718592505404,7.642729728019234,5.696307351921265
6,450.0,432366.0434736908,4006457.9000901724,-75.75232739946766,36.20057600394782,ok,91.68396418748868,IW,0,22185.633613249054,1507.3179631357716,52,51,9.852335109603779,10.122881661493762,0.0,0.06911096227023204,affine_dtft,44.14581218776056,9,identified,1,102.39064754291688,85.1760915587168,92.55699533595988,0.06788449953861529,77.47119229084826,5,4.666509989276747,True,6.610718592505404,7.642729728019234,5.696307351921265
6,500.0,432413.0124690181,4006475.0439951518,-75.7518064574916,36.20073383661806,ok,92.71332295053587,IW,0,22190.618553704193,1508.257434500279,52,51,9.850877594124242,10.122936538171768,0.0,0.06831293783193974,affine_dtft,44.14843716089381,9,identified,1,102.05521593413718,87.01977823647937,89.9379018905463,0.06986137295960242,72.47443162627692,7,3.9206202960192735,True,6.770904649896044,7.819861232505972,5.841674243730099
6,550.0,432459.9814643455,4006492.187900131,-75.75128551338888,36.20089166704122,ok,,IW,0,22195.604230297737,1509.1967892120297,52,51,9.84943916979652,10.12299134977877,0.0,0.06751511684651268,affine_dtft,44.15106252031561,9,identified,1,102.17312981806253,87.35496437046922,92.41449025477422,0.0679891788599136,74.29136217098404,6,2.814215819004128,False,,,
6,600.0,432506.9504596728,4006509.3318051104,-75.75076456715955,36.20104949521725,ok,102.36956152726178,IW,0,22200.590633584,1510.1360285728006,52,51,9.848019831278917,10.123046093757385,0.0,0.0667175072885955,affine_dtft,44.153688261045666,9,identified,1,102.53118543250235,87.07878721934985,95.80139923967745,0.06558552752930272,79.21570213243716,4,3.293712845331819,True,8.391203969771366,9.612274206498094,7.313111886803077
6,650.0,432553.91945500014,4006526.47571009,-75.75024361880364,36.20120732114611,ok,106.51344807283363,IW,0,22205.577754101378,1511.075153886554,52,51,9.846619600156345,10.123100771208424,0.0,0.06592011426665202,affine_dtft,44.1563143780953,9,identified,2,102.71183965969374,87.2469010198022,95.80139923967745,0.06558552752930272,79.21570213243716,4,3.5499836488090284,True,9.155261338132076,10.458598119707299,8.007056133019924
6,700.0,432600.88845032745,4006543.6196150696,-75.74972266832116,36.201365144827776,ok,106.59864482582267,IW,0,22210.565582375388,1512.014166458831,52,51,9.84523849084943,10.123155388561909,0.0,0.06512295327903327,affine_dtft,44.15894086646903,9,identified,1,102.78992145259176,87.41893890958276,127.93754573914595,0.04911134781333449,88.21008939175357,8,3.0063001906092026,True,9.171426030389936,10.476514664770962,8.021734931728114
6,750.0,432647.85744565475,4006560.763520049,-75.74920171571218,36.201522966262196,ok,,IW,0,22215.554108917502,1512.9530675969243,52,51,9.843876505071439,10.123209939359112,0.0,0.06433511032992226,affine_dtft,44.161567721164,9,identified,1,101.3188354928228,86.6065240086056,127.21711803822308,0.04938946428020614,83.65980825408977,9,2.9976288405906377,False,,,
6,800.0,432694.8264409821,4006577.9074250283,-75.7486807609767,36.201680785449334,ok,113.17860257796934,IW,0,22220.543324225568,1513.8918586093087,52,51,9.842533660907067,10.123264423909951,0.0,0.06353847198198825,affine_dtft,44.16419493717013,9,identified,2,101.7781469451288,84.49528271576166,106.85423508478979,0.05880146259241688,79.6951535312337,7,3.006164267845121,True,10.477863753515852,11.926476318670488,9.207433280647804
6,850.0,432741.7954363094,4006595.0513300076,-75.74815980411478,36.20183860238917,ok,112.23877614783345,IW,0,22225.533218783905,1514.8305408072129,52,51,9.841209961885633,10.123318845431495,0.0,0.06274209220817423,affine_dtft,44.16682250947026,9,identified,1,107.3023023579265,84.47732758662299,106.85423508478979,0.05880146259241688,79.6951535312337,7,4.097547956088937,True,10.28408179982532,11.711139899076747,9.03165969337943
6,900.0,432788.7644316368,4006612.195234987,-75.74763884512643,36.20199641708163,ok,117.02382212727912,IW,0,22230.523783064385,1515.7691155023238,52,51,9.839905424591041,10.123373200132052,0.0,0.06194598913812861,affine_dtft,44.16945043304063,9,identified,2,119.10732856560355,82.47844169500053,111.06839440315186,0.05657041628217941,77.47119229084822,6,4.65796429502522,True,11.296799925941013,12.837688559594332,9.949762471641364
6,950.0,432835.7334269641,4006629.3391399663,-75.7471178840117,36.202154229526684,ok,123.76818424373118,IW,0,22235.515007524,1516.7075840088737,52,51,9.838620057718362,10.123427491788815,0.0,0.061150175408400564,affine_dtft,44.172078702849646,9,identified,1,117.90385260221845,85.404175801303,124.17824001860234,0.05059811852896565,75.96375653207325,6,3.26878232520419,True,12.84015040854449,14.560950639391281,11.345980025933175
6,1000.0,432882.70242229145,4006646.4830449456,-75.74659692077061,36.20231203972431,ok,127.82139012463794,IW,0,22240.50688260935,1517.6459476416885,52,51,9.83735386832526,10.123481719572823,0.0,0.060354666098458215,affine_dtft,44.17470731386026,9,identified,1,124.90066618383493,88.82153748834922,136.1640060450618,0.04614424538229467,77.19573393471296,6,3.318797817506449,True,13.838200433281724,15.680224657625226,12.246509997472755
6,1050.0,432929.67141761875,4006663.626949925,-75.74607595540321,36.20246984767446,ok,129.57773818977506,IW,0,22245.499398752334,1518.5842077185987,52,51,9.836106871675952,10.123535887333725,0.0,0.05971664245246641,affine_dtft,44.177336261027634,9,identified,1,128.68088202766313,66.50733348078202,140.57604566705018,0.0446959884051733,78.69006752597942,7,3.172271339191814,True,14.288254782437516,16.186351918108073,12.651886368070638
6,1100.0,432976.6404129461,4006680.7708549043,-75.74555498790953,36.20262765337711,ok,127.63942627565243,IW,0,22250.492546373363,1519.522365557678,52,51,9.834879068200728,10.123589985077851,0.0,0.05892170930734679,affine_dtft,44.17996553930091,9,identified,1,123.56402155253426,64.9621422205006,127.12026448932349,0.04942709435368816,65.55604521958325,3,3.7974843192228147,True,13.792193879651675,15.628537136195256,12.205045028823466
6,1150.0,433023.6094082734,4006697.9147598837,-75.7450340182896,36.202785456832174,ok,125.24227307036054,IW,0,22255.48631588027,1520.460422478406,52,51,9.833670480538936,10.123644021978793,0.0,0.0581271156820067,affine_dtft,44.18259514362259,9,identified,1,118.05938275801131,64.63276796190779,119.85013472883753,0.05242535038776029,69.44395478041629,2,4.786074565481118,True,13.196732333021963,14.96036854570462,11.667955396080286
6,1200.0,433070.5784036007,4006715.058664863,-75.74451304654345,36.20294325803966,ok,121.96271194067094,IW,0,22260.48069766845,1521.3983798033944,52,51,9.832481104830425,10.12369799868314,0.0,0.05733288711088162,affine_dtft,44.18522506892861,9,identified,1,114.65050250376889,64.58102286688643,114.4866804479891,0.05488136508625573,63.434948822921854,1,5.676998936004418,True,12.41305721546909,14.083207800850515,10.960015027745984
6,1250.0,433117.5473989281,4006732.2025698423,-75.7439920726711,36.2031010569995,ok,125.00018943817238,IW,0,22265.475682121738,1522.3362388546211,52,51,9.831310960622437,10.123751906629279,0.0,0.05653903425939277,affine_dtft,44.18785531014885,9,identified,2,113.0915515305772,64.8301247575446,124.17824001860234,0.05059811852896565,75.96375653207325,3,5.246237352977757,True,13.137678399406601,14.894185003586406,11.614650188432922
6,1300.0,433164.5163942554,4006749.3464748217,-75.74347109667261,36.20325885371168,ok,128.26296370141722,IW,0,22270.471259611968,1523.2740009573085,52,51,9.830160052702476,10.123805756962865,0.0,0.055745579065903564,affine_dtft,44.19048586220681,9,identified,3,115.81977041753461,66.27357997756147,124.17824001860234,0.05059811852896565,75.96375653207325,3,4.177525773830904,True,13.950325931977272,15.806234795590129,12.34754728945818
6,1350.0,433211.48538958275,4006766.490379801,-75.74295011854801,36.20341664817614,ok,132.35039697858952,IW,0,22275.467420498364,1524.2116674371878,52,51,9.829028388336681,10.123859541300272,0.0,0.05495253738162276,affine_dtft,44.19311672001938,9,identified,1,123.94736903272621,83.94249117560787,142.30765197683058,0.044152125482349786,76.60750224624861,6,3.243976131810651,True,15.021441045057824,17.012911992406142,13.311268177445498
6,1400.0,433258.45438491006,4006783.6342847804,-75.74242913829731,36.20357444039284,ok,134.49951834163917,IW,0,22280.464155131347,1525.1492396209485,52,51,9.827915980828875,10.123913262139636,0.0,0.05415992980237005,affine_dtft,44.19574787849881,9,identified,1,133.9158035786316,79.205030133379,136.1640060450618,0.04614424538229467,77.19573393471296,6,3.295167680388085,True,15.609643116907156,17.67794752292999,13.83928901526016
6,1450.0,433305.4233802374,4006800.7781897597,-75.74190815592057,36.203732230361744,ok,136.64863970468883,IW,0,22285.46145384666,1526.086718837847,52,51,9.826822842265651,10.123966920272025,0.0,0.053367783225209686,affine_dtft,44.19837933254959,9,identified,1,134.56134809190698,77.38083252575996,134.9238468338506,0.04656838249591931,71.56505117707773,5,3.339046077073091,True,16.215996157784847,18.365410344947886,14.382641609537615
6,1500.0,433352.3923755647,4006817.922094739,-75.7413871714178,36.20389001808283,ok,135.17187867609283,IW,0,22290.45930697169,1527.024106417608,52,51,9.82574896616953,10.124020516385057,0.0,0.052576114750912915,affine_dtft,44.20101107707183,9,identified,1,135.80588879811015,77.44040108448716,134.9238468338506,0.04656838249591931,71.56505117707773,5,3.587844366865636,True,15.7973570767048,17.89055965925461,14.007606207276796
6,1550.0,433399.36137089203,4006835.0659997184,-75.74086618478906,36.204047803556044,ok,133.8444560591798,IW,0,22295.45770482187,1527.9614036915777,52,51,9.8246943764469,10.124074049372341,0.0,0.05179446125543749,affine_dtft,44.203643106959355,9,identified,1,137.36684545186358,80.20700780113094,134.9238468338506,0.04656838249591931,71.56505117707773,5,3.530152198483393,True,15.428466923819945,17.472916050164738,13.676745278174062
6,1600.0,433446.3303662194,4006852.2099046977,-75.74034519603435,36.20420558678134,ok,130.5871776154583,IW,0,22300.4566377012,1528.8986119923507,52,51,9.823659074490786,10.124127523141848,0.0,0.0510038594907932,affine_dtft,44.2062754170999,9,identified,1,126.88794678199815,84.79506650960023,134.9238468338506,0.04656838249591931,71.56505117707773,5,3.4998810685927593,True,14.551914602954245,16.483293752362847,12.889154735653666
6,1650.0,433493.2993615467,4006869.353809677,-75.73982420515372,36.20436336775869,ok,127.32989917173681,IW,0,22305.456095904352,1529.8357326538603,52,51,9.82264306914402,10.124180929811102,0.0,0.05021775740472642,affine_dtft,44.20890800237636,9,identified,1,125.42627163241896,87.025768811601,129.52689296049664,0.04850873176658259,71.56505117707776,4,3.6993613370568506,True,13.714199390400346,15.540932951311438,12.134739246561661
6,1700.0,433540.26835687406,4006886.4977146564,-75.73930321214723,36.204521146488034,ok,123.90629426235789,IW,0,22310.456069714903,1530.7727670110369,52,51,9.821646369663245,10.124234278678053,0.0,0.049448233975632735,affine_dtft,44.21154085766574,9,identified,1,122.86204693075523,88.25417920771957,118.6374546152431,0.05296122820197706,79.99202019855836,4,4.15254725515601,True,12.873255410086422,14.59801111820574,11.375882688809792
6,1750.0,433587.23735220137,4006903.6416196357,-75.73878221701489,36.204678922969364,ok,121.75717289930824,IW,0,22315.456549406466,1531.7097164003842,52,51,9.820668984178413,10.12428756514087,0.0,0.048679886470634294,affine_dtft,44.21417397783979,9,identified,1,121.94373612500769,87.34621318142675,118.6374546152431,0.05296122820197706,79.99202019855836,4,4.258434326966739,True,12.365097476700273,14.029603636591762,10.916652761620849
6,1800.0,433634.2063475287,4006920.785524615,-75.7382612197567,36.20483669720262,ok,119.81474288401114,IW,0,22320.457525243488,1532.6465821590575,52,51,9.819710922978715,10.124340788907604,0.0,0.04791277247646691,affine_dtft,44.21680735776546,9,identified,1,122.40199616166205,85.58903067610716,117.80582228695603,0.0533350999568999,85.60129464500419,3,4.268941509239972,True,11.918401842970042,13.530738461197478,10.512585063624517
6,1850.0,433681.17534285603,4006937.9294295944,-75.73774022037274,36.20499446918778,ok,120.20717230693383,IW,0,22325.458987478843,1533.583365626162,52,51,9.818772184165793,10.124393949628207,0.0,0.0471469514332966,affine_dtft,44.219440992303575,9,identified,1,121.5690386429945,83.82120510847565,124.17824001860234,0.05059811852896565,75.96375653207325,7,3.5348743365562485,True,12.00770219461835,13.630411110651819,10.593390699362267
6,1900.0,433728.14433818334,4006955.073334574,-75.73721921886305,36.20515223892478,ok,,IW,0,22330.46092635663,1534.520068141492,52,51,9.817852787316358,10.124447050131662,0.0,0.046382483275200406,affine_dtft,44.22207487631034,9,identified,1,135.22517356789365,61.38660401765765,126.42938837114735,0.04969718977627738,69.77514056883173,5,2.7882871149355544,False,,,
6,1950.0,433775.1133335107,4006972.217239553,-75.73669821522762,36.205310006413605,ok,,IW,0,22335.46333211216,1535.456691046124,52,51,9.816952727689975,10.124500085757935,0.0,0.04561943813961661,affine_dtft,44.22470900463733,9,identified,1,134.95514797768206,59.926224175506476,127.01156821934926,0.04946939397148858,60.255118703057654,4,2.9175807740004935,False,,,
6,2000.0,433822.082328838,4006989.361144533,-75.7361772094665,36.205467771654185,ok,136.70318753783187,IW,0,22340.466194970824,1536.3932356817554,52,51,9.816072022609632,10.124553064193856,0.0,0.04485788248876678,affine_dtft,44.227343372130896,9,identified,1,138.15124991012576,59.72125702388871,127.01156821934926,0.04946939397148858,60.255118703057654,4,3.11312781281137,True,16.231629058765755,18.383160944413046,14.39663685793143
6,2050.0,433869.05132416537,4007006.5050495123,-75.73565620157974,36.20562553464652,ok,136.70318753783187,IW,0,22345.469505149507,1537.3297033915765,52,51,9.815210675802334,10.12460598316666,0.0,0.04409789024721276,affine_dtft,44.22997797363292,9,identified,3,144.38890617461863,59.8706474182238,135.6797286408139,0.046308946591521544,57.994616791916386,5,3.1857503038157886,True,16.231629058765755,18.383160944413046,14.39663685793143
6,2100.0,433916.0203194927,4007023.6489544916,-75.73513519156738,36.20578329539054,ok,117.58621418278565,IW,0,22350.473252855092,1538.2660955194806,52,51,9.814368692133481,10.12465884072971,0.0,0.043339546311317464,affine_dtft,44.23261280397998,9,identified,3,146.54437501540946,59.199610991700226,147.41826575333243,0.04262148435318676,59.743562836470566,4,3.233466050966841,True,11.420178085621085,12.975146483206363,10.061520637537187
6,2150.0,433962.98931482004,4007040.792859471,-75.73461417942941,36.20594105388621,ok,,IW,0,22355.477428286726,1539.2024134112585,52,51,9.81354607586868,10.12471163229856,0.0,0.04258293139711519,affine_dtft,44.235247858004605,9,ambiguous_multiple_blobs,3,142.73062790489146,58.25035402547813,127.01156821934926,0.04946939397148858,60.255118703057654,2,3.5822807813587345,False,,,
6,2200.0,434009.95831014734,4007057.9367644503,-75.7340931651659,36.2060988101335,ok,109.94233235315437,IW,0,22360.482021634944,1540.138658412861,52,51,9.812742840726454,10.124764369815017,0.0,0.04182814486729271,affine_dtft,44.23788313053477,9,identified,3,140.52788990671777,57.90676438619327,60.235294117647,0.1043106935762237,89.99999999999982,2,5.8475110978180105,True,9.820792249086107,11.1967126612873,8.611269573728757
6,2250.0,434056.92730547464,4007075.0806694296,-75.73357214877687,36.20625656413237,ok,,IW,0,22365.48702308159,1541.0748318712938,52,51,9.81195899491153,10.124817042059549,0.0,0.04107527533299711,affine_dtft,44.240518616393885,9,identified,2,137.21595302169936,58.801738917069414,122.17343718848369,0.05142840744904451,72.64597536373844,4,3.1958812406839128,True,,,
6,2300.0,434103.896300802,4007092.224574409,-75.73305113026235,36.206414315882775,ok,,IW,0,22370.49242280134,1542.0109351345995,52,51,9.811194531990047,10.124869657320986,0.0,0.040324442109317994,affine_dtft,44.243154310401565,9,identified,1,132.19146532412265,60.50126554231174,122.17343718848369,0.05142840744904451,72.64597536373844,4,2.7528167938480013,False,,,
6,2350.0,434150.8652961293,4007109.3684793883,-75.73253010962239,36.20657206538467,ok,,IW,0,22375.498210959355,1542.946969551798,52,51,9.810449467986468,10.124922209153512,0.0,0.03958585479629304,affine_dtft,44.245790207372416,9,identified,1,134.7787174951747,60.61430785559729,128.48271698649472,0.04890296107172169,72.47443162627687,5,2.845984668859329,False,,,
6,2400.0,434197.8342914567,4007126.5123843676,-75.732009086857,36.20672981263804,ok,,IW,0,22380.50437771445,1543.8829364729704,52,51,9.809723805347359,10.124974700223069,0.0,0.03869252446728998,affine_dtft,44.248426302117714,9,identified,1,143.60269713880407,59.30790767477944,107.13382386630371,0.05864800751460722,72.40757543781821,9,2.6928093968300955,False,,,
6,2450.0,434244.803286784,4007143.656289347,-75.73148806196625,36.206887557642816,ok,103.75514525906613,IW,0,22385.510913217353,1544.8188372487862,52,51,9.809017556020542,10.125027135499074,0.0,0.03794905370603048,affine_dtft,44.25106258944446,9,identified,1,91.3389732667912,66.69897761118796,103.32254115783341,0.06081137026606343,70.34617594194648,6,3.66114459897961,True,8.641897564033464,9.889851567788549,7.5408206070318355
6,2500.0,434291.77228211134,4007160.8001943263,-75.73096703495013,36.20704530039897,ok,106.43802905629687,IW,0,22390.517807611726,1545.7546732302171,52,51,9.808330717277098,10.125079505765907,0.0,0.03720814551527398,affine_dtft,44.253699064155946,9,identified,1,98.08901355835168,65.22239008497344,103.97144730968249,0.06043183460229139,66.03751102542165,6,3.452300869249161,True,9.140967388816021,10.442755488953717,7.99407599736633
6,2550.0,434338.74127743865,4007177.9440993057,-75.73044600580869,36.20720304090647,ok,108.04775933463532,IW,0,22395.525051033415,1546.6904457703863,52,51,9.807663295511055,10.125131821067646,0.0,0.036469958970934184,affine_dtft,44.25633572105132,9,identified,1,114.08314792076807,65.71650784662963,103.97144730968249,0.06043183460229139,66.03751102542165,2,4.122789619287426,True,9.449249678877791,10.784530682320176,8.273996343146768
6,2600.0,434385.71027276595,4007195.088004285,-75.72992497454199,36.20736077916526,ok,110.28058719266646,IW,0,22400.53263361145,1547.6261562221916,52,51,9.807015300312685,10.125184076141037,0.0,0.03573465676169596,affine_dtft,44.25897255492617,9,identified,1,114.87155577251883,65.2184581514123,114.4866804479891,0.05488136508625573,63.434948822921854,1,4.578307731007977,True,9.88813374560272,11.271454229244583,8.672387850379245
6,2650.0,434432.6792680933,4007212.2319092643,-75.72940394115001,36.20751851517532,ok,111.54197236346685,IW,0,22405.54054546915,1548.5618059396518,52,51,9.806386737046184,10.125236268083842,0.0,0.035002418939890714,affine_dtft,44.26160956057304,9,identified,1,113.94367788687781,65.92616532548494,114.4866804479891,0.05488136508625573,63.434948822921854,1,5.239428821231573,True,10.141986401027127,11.553302400195864,8.90274407261203
6,2700.0,434479.6482634206,4007229.3758142437,-75.72888290563283,36.207676248936615,ok,111.54197236346685,IW,0,22410.54877672217,1549.4973962773308,52,51,9.805777608040458,10.125288408066794,0.0,0.03427344299645127,affine_dtft,44.264246732780464,9,identified,1,112.08454321638973,66.9814177206315,114.4866804479891,0.05488136508625573,63.434948822921854,1,4.5300409803142205,True,10.141986401027127,11.553302400195864,8.90274407261203
6,2750.0,434526.617258748,4007246.519719223,-75.72836186799046,36.207833980449074,ok,110.8057953423363,IW,0,22415.55731747988,1550.4329285900767,52,51,9.805187918910342,10.125340481136613,0.0,0.03354793582089894,affine_dtft,44.26688406633365,9,identified,1,110.10752074481017,67.02428868197822,110.27837316368448,0.056975680062432116,68.96248897457795,3,3.816152359870028,True,9.99330642398532,11.388206186961598,8.767833142281438
6,2800.0,434573.5862540753,4007263.6636242024,-75.72784082822295,36.20799170971267,ok,109.57883364045203,IW,0,22420.566157845875,1551.3684042344953,52,51,9.804617672711634,10.125392496552749,0.0,0.03282612455037294,affine_dtft,44.26952155601478,9,identified,2,112.60081273734232,65.33613839450578,103.97144730968249,0.06043183460229139,66.03751102542165,2,3.0351074453986664,True,9.748767280192729,11.116784886611924,8.54589634913977
6,2850.0,434620.55524940265,4007280.8075291817,-75.72731978633033,36.208149436727396,ok,,IW,0,22425.575287917036,1552.303824567772,52,51,9.804066874185883,10.125444455971953,0.0,0.03210825808104998,affine_dtft,44.27215919660248,9,identified,1,128.06202041411441,61.48234846116804,137.76338821044456,0.04560852769954757,70.34617594194647,4,2.4178309473253017,False,,,
6,2900.0,434667.52424472995,4007297.951434161,-75.72679874231261,36.20830716149317,ok,,IW,0,22430.58469778543,1553.2391909460089,52,51,9.803535535144384,10.125496354728595,0.0,0.03139459952735427,affine_dtft,44.27479698287285,9,identified,1,138.22479221074516,61.66615723441897,137.38401653758697,0.0457344709052131,63.43494882292177,3,2.799181645242556,False,,,
6,2950.0,434714.49324005726,4007315.0953391404,-75.72627769616984,36.20846488400996,ok,,IW,0,22435.594377536898,1554.174504727554,52,51,9.803023654126658,10.125548193722787,0.0,0.030685446120643393,affine_dtft,44.27743490959869,9,identified,1,135.69558849191895,63.197058866275626,137.38401653758697,0.0457344709052131,63.43494882292177,3,2.5658737428097522,False,,,
6,3000.0,434761.4622353846,4007332.2392441197,-75.72575664790205,36.20862260427774,ok,110.14756261147186,IW,0,22440.60431725185,1555.109767271211,52,51,9.80253123180841,10.125599977092435,0.0,0.029981109938293855,affine_dtft,44.28007297154999,9,identified,1,115.87471460207684,61.412452014235335,127.01156821934926,0.04946939397148858,60.255118703057654,2,3.0880778029959703,True,9.861613821244788,11.242018765957518,8.648319179507125
6,3050.0,434808.4312307119,4007349.383149099,-75.7252355975093,36.20878032229648,ok,110.14756261147186,IW,0,22445.614507005328,1556.0449799358676,52,51,9.80205828095229,10.125651700790293,0.0,0.029281937207407148,affine_dtft,44.28271116349385,9,identified,1,106.32285858098165,62.64532997734527,103.97144730968249,0.06043183460229139,66.03751102542165,2,3.9009806146170036,True,9.861613821244788,11.242018765957518,8.648319179507125
6,3100.0,434855.4002260393,4007366.5270540784,-75.72471454499158,36.208938038066115,ok,110.14756261147186,IW,0,22450.624936867905,1556.9801440809658,52,51,9.801604798470532,10.125703364819708,0.0,0.02859949029661219,affine_dtft,44.28534948019505,9,identified,1,103.858852025822,63.48763035176716,99.45967230538379,0.06317319534180162,60.94539590092275,4,3.2513943475261002,True,9.861613821244788,11.242018765957518,8.648319179507125
6,3150.0,434902.3692213666,4007383.6709590578,-75.72419349034895,36.20909575158661,ok,,IW,0,22455.63559690477,1557.915261066056,52,51,9.801170785456241,10.125754972126614,0.0,0.027911891079369616,affine_dtft,44.28798791641553,9,ambiguous_multiple_blobs,2,109.14814387716454,64.12777650417854,145.91395837523868,0.043060892714742706,85.91438322002473,4,2.08071727681789,False,,,
6,3200.0,434949.33821669396,4007400.814864037,-75.72367243358144,36.20925346285796,ok,,IW,0,22460.64647717691,1558.8503322530025,52,51,9.800756258176284,10.125806519951036,0.0,0.027230695077804946,affine_dtft,44.290626466915015,8,identified,2,170.25695208501278,85.53390969747629,161.2436909427851,0.03896701489802215,76.75948008481245,11,2.05287302014742,False,,,
6,3250.0,434996.30721202126,4007417.9587690164,-75.72315137468908,36.20941117188007,ok,,IW,0,22465.657567740906,1559.7853590008629,52,51,9.800361206037893,10.125858013421253,0.0,0.026556385989386363,affine_dtft,44.29326512645092,8,identified,3,150.6878764293908,62.91233517807596,147.03783088491267,0.04273176004682408,68.96248897457795,4,2.6920966430655295,False,,,
6,3300.0,435043.2762073486,4007435.1026739962,-75.7226303136719,36.20956887865293,ok,,IW,0,22470.66885864834,1560.7203426718563,52,51,9.79998563844913,10.125909445220199,0.0,0.02588949757518055,affine_dtft,44.295903889777996,8,identified,1,147.2856404203477,63.818680302446445,161.90861620062083,0.03880698541326606,71.56505117707769,3,2.7590601305996567,False,,,
6,3350.0,435090.2452026759,4007452.2465789756,-75.72210925052995,36.209726583176526,ok,,IW,0,22475.6803399472,1561.6552846286688,52,51,9.799629559738475,10.125960819725114,0.0,0.025230617997153138,affine_dtft,44.29854275164913,8,identified,1,141.49622627771294,64.47060707200602,137.38401653758697,0.0457344709052131,63.43494882292177,3,2.9040775311303757,False,,,
6,3400.0,435137.21419800323,4007469.390483955,-75.72158818526324,36.209884285450784,ok,133.92653376484108,IW,0,22480.69200168207,1562.5901862321732,52,51,9.799292972620009,10.126012140438773,0.0,0.02458039031784468,affine_dtft,44.30118170681541,8,identified,1,135.28879611187958,65.30143979731308,137.38401653758697,0.0457344709052131,63.43494882292177,3,3.2843388741209054,True,15.45107617930812,17.49849291669784,13.697034071857015
6,3450.0,435184.1831933306,4007486.5343889343,-75.72106711787183,36.210041985475655,ok,133.92653376484108,IW,0,22485.703833893367,1563.5250488451386,52,51,9.79897587348813,10.126063400202929,0.0,0.02393951406180068,affine_dtft,44.30382075002572,8,identified,1,123.46136691710527,62.26776428591084,137.38401653758697,0.0457344709052131,63.43494882292177,3,3.2863800830198198,True,15.45107617930812,17.49849291669784,13.697034071857015
6,3500.0,435231.1521886579,4007503.6782939136,-75.72054604835573,36.21019968325112,ok,133.92653376484108,IW,0,22490.715826618285,1564.459873830042,52,51,9.79867827547892,10.126114605055827,0.0,0.023308749935580745,affine_dtft,44.30645987602726,8,identified,1,121.90221147465694,63.22274458528866,127.01156821934926,0.04946939397148858,60.255118703057654,2,3.516332090520401,True,15.45107617930812,17.49849291669784,13.697034071857015
7,250.0,432257.40057296184,4006171.7101230794,-75.75351107091609,36.19798843904309,touches_land_or_unmapped,,,,,,,,,,,,,,,,,,,,,,,,,,,
7,300.0,432304.39742876694,4006188.777505551,-75.75298983198134,36.198145588812565,touches_land_or_unmapped,,,,,,,,,,,,,,,,,,,,,,,,,,,
7,350.0,432351.3942845721,4006205.8448880226,-75.75246859092783,36.19830273633243,touches_land_or_unmapped,,,,,,,,,,,,,,,,,,,,,,,,,,,
7,400.0,432398.39114037727,4006222.9122704943,-75.75194734775562,36.198459881602645,ok,90.81093303901748,IW,0,22185.050581249987,1483.8889180250019,52,51,9.852536754456745,10.12112943554649,0.0,0.06948368003183891,affine_dtft,44.14555292556914,9,identified,1,96.18158925911521,81.21777021950184,92.55699533595988,0.06788449953861529,77.47119229084826,5,5.855225837666913,True,6.476680939351357,7.494509793065171,5.5746953014631435
7,450.0,432445.38799618237,4006239.979652966,-75.75142610246473,36.19861702462315,ok,90.59267525189969,IW,0,22190.03691439512,1484.820630535,52,51,9.851076535012695,10.121185141129024,0.0,0.06868613482886515,affine_dtft,44.14817867194225,9,identified,1,102.98803705846552,85.00490938256213,89.9379018905463,0.06986137295960242,72.47443162627692,7,4.178819450779176,True,6.443430935101953,7.457740897026338,5.54453156363146
7,500.0,432492.38485198753,4006257.0470354375,-75.7509048550552,36.198774165393914,ok,90.9570382524746,IW,0,22195.02398527011,1485.752226109184,52,51,9.849635414336902,10.121240780754766,0.0,0.06788880008977573,affine_dtft,44.15080480546149,9,identified,1,102.8617597194497,87.04184106321597,89.9379018905463,0.06986137295960242,72.47443162627692,7,3.6843685981216177,True,6.49899686433658,7.5191872432025075,5.594940758928168
7,550.0,432539.38170779264,4006274.114417909,-75.75038360552706,36.198931303914904,ok,90.76350805696089,IW,0,22200.01178442204,1486.6837060505504,52,51,9.848213390122297,10.121296358440834,0.0,0.0670916784887258,affine_dtft,44.15343132114275,9,identified,2,103.17013552276184,86.9977329505074,89.9379018905463,0.06986137295960242,72.47443162627692,7,3.166277404504335,True,6.469447286266519,7.486510624183892,5.5681329390839025
7,600.0,432586.3785635978,4006291.181800381,-75.74986235388035,36.199088440186074,ok,92.2049616229261,IW,0,22205.000302384607,1487.6150716637478,52,51,9.846810484045204,10.121351868872011,0.0,0.06629478351404638,affine_dtft,44.15605821399479,9,identified,2,91.7175759727297,65.96691927652572,92.41449025477422,0.0679891788599136,74.29136217098404,6,3.122175546577771,True,6.691503107846755,7.732060340072429,5.769614404885728
7,650.0,432633.3754194029,4006308.249182852,-75.74934110011507,36.19924557420738,ok,94.29967348296688,IW,0,22209.989529676583,1488.5463242560552,52,51,9.84542670371376,10.12140731432747,0.0,0.06549812914851502,affine_dtft,44.158685479018565,9,identified,4,94.99645070707395,67.12668406581221,91.58934435839129,0.06860170635781966,63.4349488229219,2,3.7379197294793856,True,7.0223697204708255,8.097930378148837,6.0699332003726125
7,700.0,432680.37227520806,4006325.3165653236,-75.74881984423132,36.1994027059788,ok,96.56550961160033,IW,0,22214.979456803616,1489.4774651353675,52,51,9.844062058567859,10.12146269721462,0.0,0.06470172044207566,affine_dtft,44.16131311120808,9,identified,5,96.70993833862858,67.77025092293123,97.14516972037248,0.06467830902211012,71.56505117707778,6,3.727046910074465,True,7.391382230734587,8.506019483748945,6.404991415857749
7,750.0,432727.36913101317,4006342.3839477953,-75.74829858622907,36.199559835500274,ok,99.8049318786962,IW,0,22219.970074258275,1490.4084956116355,52,51,9.842716561673264,10.12151801870674,0.0,0.06390556878296245,affine_dtft,44.16394110555045,9,identified,2,100.16134514959595,87.57723361356635,100.4114611907501,0.06257438376724263,78.69006752597954,5,3.762370216422296,True,7.93954340412455,9.112400499732901,6.902850960176197
7,800.0,432774.36598681833,4006359.451330267,-75.74777732610838,36.19971696277177,ok,104.51267649297078,IW,0,22224.96137251781,1491.3394169969733,52,51,9.841390219307359,10.121573272023275,0.0,0.06310969019375949,affine_dtft,44.16656945702473,9,identified,1,100.09212357627644,86.64185150663113,101.26708253371355,0.06204568305883411,81.4692343900516,4,4.073388788668572,True,8.78097354479338,10.0438851301774,7.667138934283372
7,850.0,432821.3628426235,4006376.5187127385,-75.74725606386929,36.19987408779326,ok,108.17021603910204,IW,0,22229.953342047836,1492.2702306048118,52,51,9.840083049669522,10.121628463111167,0.0,0.06231409301459425,affine_dtft,44.169198160603834,9,identified,1,102.64885215029916,86.1510302498558,108.61160159025353,0.05785003825727048,81.86989764584371,3,5.043307279369605,True,9.472977811053305,10.810844981269717,8.295538979846755
7,900.0,432868.3596984286,4006393.58609521,-75.74673479951181,36.200031210564696,ok,115.32072500996438,IW,0,22234.94597330116,1493.2009377501486,52,51,9.83879505149363,10.121683588335008,0.0,0.0615187925499857,affine_dtft,44.171827211253905,9,identified,1,116.03062595296436,79.09989088540533,115.12806742976424,0.054575616940784194,77.00538320808323,6,4.7571489986421405,True,10.928835946503197,12.42801648480205,9.616326801437586
7,950.0,432915.35655423376,4006410.653477682,-75.746213533036,36.20018833108603,ok,120.49136140108638,IW,0,22239.93925671586,1494.131539749174,52,51,9.837526247639069,10.121738655375117,0.0,0.060723805350296985,affine_dtft,44.174456603933365,9,identified,1,123.82410949015097,78.50080217440232,115.43286745102881,0.05443151024421326,75.06858282186221,7,4.415470304771508,True,12.072668667260377,13.702941170139324,10.652168844159926
7,1000.0,432962.35341003886,4006427.7208601534,-75.74569226444189,36.20034544935724,ok,124.19309398090039,IW,0,22244.9331827194,1495.0620379201584,52,51,9.836276638553404,10.121793656618108,0.0,0.05992913875556252,affine_dtft,44.17708633359501,9,identified,1,126.74475684029677,72.03174059986826,136.1640060450618,0.04614424538229467,77.19573393471296,6,3.3652237296293315,True,12.942200895949252,14.675208324628265,11.438152055748933
7,1050.0,433009.350265844,4006444.7882426246,-75.74517099372949,36.20050256537827,ok,125.13750744071504,IW,0,22249.92774172521,1495.9924335831413,52,51,9.835046235371209,10.121848594266035,0.0,0.05914409935822905,affine_dtft,44.179716395184236,9,identified,1,127.02014938981249,65.66740832712827,127.12026448932349,0.04942709435368816,65.55604521958325,3,3.6505067104736564,True,13.171151782755596,14.931697891637727,11.644865902919397
7,1100.0,433056.34712164913,4006461.8556250962,-75.74464972089886,36.2006596791491,ok,124.94827004010708,IW,0,22254.92292413465,1496.922728058962,52,51,9.833835056715515,10.121903469802499,0.0,0.05835015241243553,affine_dtft,44.1823467836401,9,identified,1,124.4964602255399,64.907022028533,127.12026448932349,0.04942709435368816,65.55604521958325,3,4.411768753702897,True,13.125038609379263,14.880021056992039,11.603239929983745
7,1150.0,433103.3439774543,4006478.923007568,-75.74412844595003,36.200816790669684,ok,122.55111683481519,IW,0,22259.91872033758,1497.8529226708695,52,51,9.832643101163352,10.121958283481405,0.0,0.057556582437498324,affine_dtft,44.18497749389557,9,identified,1,120.00994111812892,64.65059831850951,119.85013472883753,0.05242535038776029,69.44395478041629,2,5.293259448230779,True,12.551096442959835,14.237541072066431,11.084798426834437
7,1200.0,433150.34083325946,4006495.9903900395,-75.743607168883,36.20097389993995,ok,120.3953765750477,IW,0,22264.915120710648,1498.7830187424297,52,51,9.831470379667032,10.122013030447043,0.0,0.05676340618733771,affine_dtft,44.1876085208767,9,identified,1,115.84260505505904,64.65037954326627,114.4866804479891,0.05488136508625573,63.434948822921854,1,5.504587415483542,True,12.050698263315482,13.678411230260695,10.632292009236295
7,1250.0,433197.33768906456,4006513.057772511,-75.74308588969785,36.201131006959905,ok,118.71415459647878,IW,0,22269.912115619707,1499.7130175995662,52,51,9.830316905857156,10.122067721356983,0.0,0.05597063056524156,affine_dtft,44.1902398595038,9,identified,1,112.51119945127462,64.80603264621021,124.17824001860234,0.05059811852896565,75.96375653207325,3,4.866360093190092,True,11.670470689926859,13.254154715246742,10.288170338147339
7,1300.0,433244.3345448697,4006530.125154983,-75.7425646083946,36.201288111729504,ok,123.82340487274556,IW,0,22274.909695418202,1500.642920569889,52,51,9.829182686267108,10.12212234425567,0.0,0.055178292702062905,affine_dtft,44.19287150469067,9,identified,3,113.36722322509266,66.35878380075884,116.34156319048614,0.05400636827349588,76.8659776936034,7,3.9496272341354928,True,12.85337932558889,14.57575966562918,11.357929527260433
7,1350.0,433291.3314006748,4006547.1925374544,-75.74204332497327,36.20144521424868,ok,,IW,0,22279.90785044882,1501.5727289808412,52,51,9.828067729841122,10.122176908330742,0.0,0.054386398860949994,affine_dtft,44.19550345134542,9,identified,1,125.83567894685218,88.2420570976151,141.67003917554322,0.04435084047230407,71.56505117707773,7,2.708115385305291,False,,,
7,1400.0,433338.32825648,4006564.259919926,-75.7415220394339,36.20160231451741,ok,133.6674832613587,IW,0,22284.906571042524,1502.5024441629307,52,51,9.826972047466024,10.122231406806305,0.0,0.05359498422668426,affine_dtft,44.19813569436999,9,identified,1,126.93565848435692,85.46208078287977,140.2871358339046,0.04478803612199106,80.53767779197399,5,3.0083701140644585,True,15.379806624133975,17.417877728276583,13.633074619177899
7,1450.0,433385.3251122851,4006581.327302397,-75.74100075177654,36.201759412535644,ok,136.33498451857452,IW,0,22289.905847518105,1503.4320674471944,52,51,9.825895645457749,10.122285845811161,0.0,0.052804061517421154,affine_dtft,44.20076822865992,9,identified,1,126.48136734782726,83.41848840435583,140.65721748345732,0.04467019481541039,74.05460409907685,4,3.179052874250709,True,16.126341516142816,18.263636873992056,14.302365714645333
7,1500.0,433432.32196809025,4006598.394684869,-75.74047946200119,36.20191650830337,ok,133.90363561858007,IW,0,22294.90567018595,1504.361600166338,52,51,9.824838535008851,10.122340223233403,0.0,0.052013659435732086,affine_dtft,44.203401049106304,9,identified,1,135.85333713350212,82.2061938399363,137.38401653758683,0.04573447090521314,79.6951535312336,3,3.3099685408740926,True,15.444765987619132,17.491354205353606,13.691371650237024
7,1550.0,433479.31882389536,4006615.4620673405,-75.7399581701079,36.20207360182052,ok,130.6818564555196,IW,0,22299.906029343718,1505.2910436536822,52,51,9.823800718976894,10.12239453834938,0.0,0.05122380181386334,affine_dtft,44.20603415059354,9,identified,1,125.24010792916192,84.42096099044021,127.01156821934933,0.04946939397148855,82.8749836510979,2,3.874160080445417,True,14.57683438141379,16.51137611622181,12.91157159504817
7,1600.0,433526.3156797005,4006632.529449812,-75.73943687609673,36.20223069308706,ok,127.38606096254861,IW,0,22304.906915277952,1506.220399244843,52,51,9.822782212575902,10.122448790512385,0.0,0.0504352671307398,affine_dtft,44.20866752800014,9,identified,1,126.09513447642699,85.67796755336803,124.17824001860234,0.05059811852896565,75.96375653207325,3,4.122220296079503,True,13.72832634755753,15.55679852021406,12.147474550904237
7,1650.0,433573.3125355057,4006649.596832284,-75.73891557996768,36.20238778210297,ok,125.31157129890114,IW,0,22309.90831826705,1507.1496682760178,52,51,9.821783020780693,10.122502985037123,0.0,0.049666660780670696,affine_dtft,44.21130117620036,9,identified,1,125.34204450968518,86.51119298302235,124.17824001860234,0.05059811852896565,75.96375653207325,3,4.150480988889426,True,13.213672989662886,14.97935709440973,11.683245625065203
7,1700.0,433620.3093913108,4006666.6642147554,-75.73839428172079,36.202544868868195,ok,125.31157129890114,IW,0,22314.910228577308,1508.0788520846204,52,51,9.82080314874359,10.122557116621943,0.0,0.04889925586053443,affine_dtft,44.21393509006205,9,identified,1,123.31892810891256,87.03638316494434,124.17824001860234,0.05059811852896565,75.96375653207325,3,3.883079175564414,True,13.213672989662886,14.97935709440973,11.683245625065203
7,1750.0,433667.30624711595,4006683.731597227,-75.7378729813561,36.20270195338269,ok,124.42627310510002,IW,0,22319.91263646619,1509.0079520093855,52,51,9.819842606267903,10.122611184592474,0.0,0.04813310906415937,affine_dtft,44.21656926444843,9,identified,1,123.05821888268282,86.69731926901933,127.01156821934933,0.04946939397148855,82.8749836510979,2,4.071328132407036,True,12.998455423961866,14.738209685415438,11.488952462166381
7,1800.0,433714.30310292105,4006700.7989796987,-75.73735167887364,36.202859035646426,ok,124.48828137672444,IW,0,22324.91553218006,1509.9369693904312,52,51,9.81890140304874,10.12266519568375,0.0,0.04737791776062956,affine_dtft,44.219203694216844,9,identified,1,123.86445257846965,85.47215436395402,127.01156821934933,0.04946939397148855,82.8749836510979,2,4.288377560585189,True,13.013445103744255,14.754999276661447,11.5024877750148
7,1850.0,433761.2999587262,4006717.86636217,-75.73683037427344,36.20301611565937,ok,131.60594818807022,IW,0,22329.918905956853,1510.865905568958,52,51,9.817979546091623,10.12271914591776,0.0,0.04661451223680907,affine_dtft,44.2218383742202,9,identified,1,122.83695456686678,83.88140743675122,119.7517490495968,0.052468422023442186,79.21570213243713,5,3.8299452960209317,True,14.82179183725794,16.78757980459832,13.131845806939221
7,1900.0,433808.2968145313,4006734.9337446415,-75.73630906755557,36.20317319342147,ok,,IW,0,22334.92274802405,1511.794761886732,52,51,9.81707704104246,10.12277303210914,0.0,0.04585256037263347,affine_dtft,44.22447329930593,9,identified,1,138.12446335420293,60.62808538560954,126.42938837114735,0.04969718977627738,69.77514056883173,5,2.8842201938210845,False,,,
7,1950.0,433855.2936703365,4006752.001127113,-75.73578775872,36.20333026893268,ok,140.18232305459537,IW,0,22339.92704860069,1512.7235396877154,52,51,9.816193894130661,10.122826861114655,0.0,0.04509212501996587,affine_dtft,44.227108464316956,9,identified,1,137.64577801551937,59.01772800745894,152.64890726398542,0.04116102381469181,63.43494882292177,2,3.4613693541528963,True,17.254490976310315,19.54762868585906,15.310816688895803
7,2000.0,433902.29052614165,4006769.0685095848,-75.7352664477668,36.203487342192986,ok,144.16431795239964,IW,0,22344.931797896752,1513.6522403158363,52,51,9.815330112844935,10.122880626708803,0.0,0.04433328589232198,affine_dtft,44.229743864091475,9,identified,1,140.36451237331696,57.60466151914156,152.64890726398542,0.04116102381469181,63.43494882292177,2,3.701791811657285,True,18.490783400147393,20.963625316606,16.41148327400056
7,2050.0,433949.28738194675,4006786.1358920564,-75.734745134696,36.20364441320232,ok,138.8926188193109,IW,0,22349.936986112218,1514.5808651162527,52,51,9.814485708157072,10.122934332013036,0.0,0.0435761247606086,affine_dtft,44.2323794934624,9,identified,1,145.97866583041022,56.701643346235684,135.6797286408139,0.046308946591521544,57.994616791916386,5,3.4532362615628145,True,16.869310490732204,19.108405962409876,14.966922817563615
7,2100.0,433996.2842377519,4006803.203274528,-75.73422381950763,36.20380148196067,ok,135.45354670814228,IW,0,22354.94260343933,1515.509415435929,52,51,9.813660684874831,10.122987979666174,0.0,0.04282072839815606,affine_dtft,44.235015347258575,9,identified,3,146.95076821665774,56.70029282937235,135.6797286408139,0.046308946591521544,57.994616791916386,5,3.1462951552177407,True,15.87652832770802,17.98028842829175,14.078568134426934
7,2150.0,434043.281093557,4006820.2706569997,-75.73370250220175,36.20395854846797,ok,127.83467918926686,IW,0,22359.948640061193,1516.4378926220734,52,51,9.812855047118978,10.123041563647469,0.0,0.0420671891115777,affine_dtft,44.237651420304005,9,identified,3,102.21454576544104,90.8232930052125,117.80582228695597,0.05333509995689993,57.52880770915146,3,3.3616364165778534,True,13.841564874892134,15.684004911959502,12.249542131706496
7,2200.0,434090.2779493622,4006837.3380394713,-75.73318118277835,36.204115612724216,ok,,IW,0,22364.95508615322,1517.3662980233187,52,51,9.812068801795478,10.123095094678066,0.0,0.041315605963474666,affine_dtft,44.240287707418645,9,ambiguous_multiple_blobs,3,135.8679141942869,58.043955556623615,127.01156821934926,0.04946939397148858,60.255118703057654,2,2.9390322338469166,False,,,
7,2250.0,434137.2748051673,4006854.405421943,-75.7326598612375,36.204272674729324,ok,121.38583316468066,IW,0,22369.961931882524,1518.294632988512,52,51,9.811301956625929,10.123148561271085,0.0,0.040566090401417065,affine_dtft,44.24292420341811,9,identified,2,132.71563384674786,58.55471194005097,122.17343718848369,0.05142840744904451,72.64597536373844,4,3.0317230669079365,True,12.278789061435715,13.933158951878605,10.83860763701977
7,2300.0,434184.27166097244,4006871.472804414,-75.73213853757922,36.204429734483284,ok,110.36617339998946,IW,0,22374.96916740735,1519.222898868482,52,51,9.810554510868247,10.123201969860972,0.0,0.03981874580958876,affine_dtft,44.245560903113315,9,identified,1,128.88989513168337,59.59534302163472,124.17824001860234,0.05059811852896565,75.96375653207325,5,3.000967659712005,True,9.905221510582297,11.290421483073576,8.687895853125433
7,2350.0,434231.26851677755,4006888.5401868857,-75.73161721180352,36.20458679198605,ok,,IW,0,22379.97678287971,1520.1510970140305,52,51,9.809826492494466,10.123255316324236,0.0,0.03907370578781622,affine_dtft,44.24819780131188,9,identified,1,135.70172850801833,58.97808787460961,113.33603134043462,0.055438550590380074,71.56505117707775,7,2.947129124573993,False,,,
7,2400.0,434278.2653725827,4006905.6075693574,-75.73109588391047,36.20474384723758,ok,98.52084679877929,IW,0,22384.984768442962,1521.0792287770303,52,51,9.80911787798458,10.123308605880167,0.0,0.038331094647620266,affine_dtft,44.25083489281688,9,identified,3,144.62508813499664,58.44760938625538,84.74684299288238,0.0741406415305322,65.55604521958337,4,3.556881230264682,True,7.719314152247042,8.868748658898411,6.702817741595691
7,2450.0,434325.2622283879,4006922.674951829,-75.73057455390008,36.20490090023785,ok,96.09795690612599,IW,0,22389.993114233344,1522.007295510833,52,51,9.8084286933687,10.123361835047376,0.0,0.03759105860599262,affine_dtft,44.25347217242765,9,identified,3,88.92954674545777,64.97793338507164,84.74684299288238,0.0741406415305322,65.55604521958337,4,4.170248059675359,True,7.314278542077142,8.420745315241005,6.334974340681607
7,2500.0,434372.259084193,4006939.7423343007,-75.73005322177241,36.2050579509868,ok,99.77570161449862,IW,0,22395.001810379785,1522.9352985687185,52,51,9.807758939876603,10.123415007224532,0.0,0.03686412801965288,affine_dtft,44.256109634939655,9,identified,1,99.75523783523019,63.031823644591775,100.41146119075007,0.06257438376724264,64.44003482817605,5,3.445533031548095,True,7.9344867464886955,9.106805471405734,6.898257894547577
7,2550.0,434419.25593999814,4006956.8097167723,-75.72953188752746,36.205214999484404,ok,105.72366910551996,IW,0,22400.010847004534,1523.8632393052974,52,51,9.807108613444914,10.12346811771007,0.0,0.03612977366828129,affine_dtft,44.25874727514484,9,identified,1,113.77498049568071,62.95738756328621,114.4866804479891,0.05488136508625573,63.434948822921854,1,4.358574069558718,True,9.006299770915001,10.293516691147532,7.87178110193647
7,2600.0,434466.25279580324,4006973.877099244,-75.72901055116529,36.20537204573061,ok,111.67163659654129,IW,0,22405.020214222466,1524.79111907596,52,51,9.80647772936352,10.123521171855284,0.0,0.03539848966255996,affine_dtft,44.26138508783127,9,identified,1,114.5206187095265,62.847096233064995,114.4866804479891,0.05488136508625573,63.434948822921854,1,4.866034312150792,True,10.168327041674518,11.582557247117496,8.926643090820884
7,2650.0,434513.2496516084,4006990.9444817156,-75.72848921268593,36.2055290897254,ok,114.4866804479891,IW,0,22410.029902142152,1525.7189392364905,52,51,9.8058662925058,10.123574167626055,0.0,0.034670469873901086,affine_dtft,44.264023067783704,9,identified,1,114.0160249212887,63.27794062912874,114.4866804479891,0.05488136508625573,63.434948822921854,1,5.521323153663025,True,10.751697208045057,12.230945217390955,9.455745991365431
7,2700.0,434560.2465074135,4007008.0118641867,-75.72796787208941,36.2056861314687,ok,113.17715985180739,IW,0,22415.039900866486,1526.6467011430918,52,51,9.80527430138504,10.12362710585931,0.0,0.033945916296012776,affine_dtft,44.26666120978387,9,identified,1,112.38684397682667,64.32303325210265,114.4866804479891,0.05488136508625573,63.434948822921854,1,5.127513652817059,True,10.477564392333475,11.9261435808513,9.207161771444353
7,2750.0,434607.2433632187,4007025.0792466584,-75.72744652937574,36.2058431709605,ok,112.84977970276196,IW,0,22420.050200491343,1527.5744061537196,52,51,9.804701769212206,10.123679979741125,0.0,0.03322505698470807,affine_dtft,44.26929950860985,9,identified,1,110.8238203755734,64.37243806562279,114.4866804479891,0.05488136508625573,63.434948822921854,1,4.462345587148174,True,10.40978446676714,11.850812986930737,9.145685367793233
7,2800.0,434654.24021902384,4007042.14662913,-75.726925184545,36.20600020820076,ok,115.981001645602,IW,0,22425.060791105905,1528.502055626289,52,51,9.80414869098302,10.123732805267831,0.0,0.03250813536153302,affine_dtft,44.27193795903614,9,identified,1,113.88078145661967,63.16817734292769,107.93907746708058,0.05821047811989909,71.56505117707775,2,3.342905399210371,True,11.070489476182743,12.585676894649035,9.744710011996592
7,2850.0,434701.23707482894,4007059.2140116016,-75.72640383759718,36.20615724318943,ok,,IW,0,22430.071662795075,1529.4296509189253,52,51,9.80361507859945,10.123785566073884,0.0,0.03179541415741748,affine_dtft,44.27457655583505,9,identified,1,126.01447604745331,60.95472960894849,115.57532630693886,0.05436441763091401,73.610459665965,4,2.6136710560608383,False,,,
7,2900.0,434748.2339306341,4007076.2813940733,-75.72588248853233,36.206314275926474,ok,119.11222358844205,IW,0,22435.08280563671,1530.3571933916946,52,51,9.803100935534273,10.123838269417485,0.0,0.03108717841767511,affine_dtft,44.277215293775114,9,identified,1,137.4971674148394,59.04936676117004,127.01156821934926,0.04946939397148858,60.255118703057654,2,3.1961964996548913,True,11.759718352702908,13.35369220461288,10.368964143695987
7,2950.0,434795.2307864392,4007093.348776545,-75.7253611373505,36.206471306411856,ok,118.13521594245,IW,0,22440.094209704115,1531.284684403454,52,51,9.802606264843828,10.123890914962026,0.0,0.030383739978232207,affine_dtft,44.2798541676225,9,identified,1,138.14190830076998,59.934205934394335,127.01156821934926,0.04946939397148858,60.255118703057654,2,3.283464103124232,True,11.541526241428274,13.110390855750728,10.171418024471775
7,3000.0,434842.22764224437,4007110.4161590165,-75.72483978405171,36.20662833464553,ok,114.40010721503677,IW,0,22445.105865065136,1532.2121253151126,52,51,9.802131070013576,10.12394350321543,0.0,0.02968543719292844,affine_dtft,44.282493172140505,9,identified,1,117.93754414189563,60.27218229302642,114.4866804479891,0.05488136508625573,63.434948822921854,3,3.0440640982942586,True,10.733424250672712,12.210621314117537,9.439178841038173
7,3050.0,434889.2244980495,4007127.483541488,-75.724318428636,36.206785360627464,ok,111.24724196395863,IW,0,22450.11776178265,1533.1395174874365,52,51,9.801675353496439,10.12399603336394,0.0,0.028992637594137227,affine_dtft,44.28513230208979,9,identified,1,105.22379037019022,62.315505332254624,104.03104688311235,0.06039721309581047,61.69924423399351,3,3.7663687266261925,True,10.082284582197811,11.487002011866773,8.84857371936427
7,3100.0,434936.22135385463,4007144.5509239594,-75.72379707110339,36.206942384357596,ok,105.99246654549508,IW,0,22455.12988991381,1534.066862281512,52,51,9.801239121812467,10.124048505611393,0.0,0.028305742442904347,affine_dtft,44.28777155222802,9,identified,1,102.51865680490576,63.11160196308973,99.45967230538379,0.06317319534180162,60.94539590092275,4,3.2499681198858563,True,9.056818986676138,10.349498070440955,7.917659861533197
7,3150.0,434983.2182096598,4007161.618306431,-75.72327571145392,36.207099405835926,ok,,IW,0,22460.142239512392,1534.9941610597434,52,51,9.80082237433309,10.124100923320109,0.0,0.02763654475980512,affine_dtft,44.29041091731105,9,ambiguous_multiple_blobs,2,105.64770834064888,64.31298609591731,127.99999999999986,0.04908738521234057,89.99999999999962,3,2.1962772261356167,False,,,
7,3200.0,435030.2150654649,4007178.6856889026,-75.72275434968762,36.20725642506238,ok,,IW,0,22465.154800627006,1535.9214151836202,52,51,9.800425125618277,10.124153284232909,0.0,0.02696289544304993,affine_dtft,44.293050392092056,9,identified,2,112.33337433491117,87.76995331270054,146.9439629604105,0.042759057130318426,74.87599269168913,11,2.157038807816527,False,,,
7,3250.0,435077.21192127006,4007195.7530713743,-75.72223298580455,36.20741344203695,ok,,IW,0,22470.167563301446,1536.8486260166408,52,51,9.80004736062853,10.124205586200626,0.0,0.026296589308027554,affine_dtft,44.29568997132164,9,identified,2,147.97944270186593,67.16687748416851,142.60787296137008,0.044059175532907564,77.12499844038723,10,2.4709952332730345,False,,,
7,3300.0,435124.20877707517,4007212.820453846,-75.7217116198047,36.20757045675957,ok,,IW,0,22475.18051757725,1537.775794921141,52,51,9.799689098288287,10.12425782961507,0.0,0.025638189672230426,affine_dtft,44.29832964974924,9,identified,1,143.4901894236071,66.83026335245508,134.31607866805814,0.046779100234957925,77.00538320808317,7,2.7690614297004976,False,,,
7,3350.0,435171.20563288033,4007229.8878363175,-75.72119025168814,36.207727469230214,ok,,IW,0,22480.193653490132,1538.7029232612176,52,51,9.799350336583373,10.124310020987314,0.0,0.0249883262348612,affine_dtft,44.30096942212123,9,identified,1,142.63695523561427,65.0779547257526,129.2400113392653,0.04861640943906857,75.37912601136806,6,2.951676503344986,False,,,
7,3400.0,435218.20248868543,4007246.955218789,-75.72066888145488,36.20788447944884,ok,131.70224828778234,IW,0,22485.20696107263,1539.6300124000559,52,51,9.799031076027658,10.124362154154953,0.0,0.02434767138843593,affine_dtft,44.30360928318227,9,identified,1,137.63441593898818,65.21009035018201,129.2400113392653,0.04861640943906857,75.37912601136806,6,3.1548310583580212,True,14.847501124655205,16.816585361695935,13.154955984850483
7,3450.0,435265.1993444906,4007264.022601261,-75.72014750910498,36.20804148741539,ok,131.70224828778234,IW,0,22490.220430354966,1540.5570637017522,52,51,9.798731321113642,10.12441422738913,0.0,0.023716972226612974,affine_dtft,44.306249227675856,9,identified,1,127.36033171423225,62.133144620811684,128.48271698649472,0.04890296107172169,72.47443162627687,5,3.078595924273207,True,14.847501124655205,16.816585361695935,13.154955984850483
7,3500.0,435312.1962002957,4007281.089983732,-75.71962613463845,36.20819849312986,ok,131.70224828778234,IW,0,22495.234051362375,1541.4840785309607,52,51,9.798451076678859,10.124466248665804,0.0,0.02309704114596046,affine_dtft,44.308889250342816,9,identified,2,125.48900404823083,62.6679438780931,137.38401653758697,0.0457344709052131,63.43494882292177,3,3.0111170014225723,True,14.847501124655205,16.816585361695935,13.154955984850483
8,250.0,432336.2540872626,4005953.8573321416,-75.75261524223369,36.196030043272835,touches_land_or_unmapped,,,,,,,,,,,,,,,,,,,,,,,,,,,
8,300.0,432383.2893158697,4005970.818678488,-75.75209357842454,36.19618623583994,touches_land_or_unmapped,,,,,,,,,,,,,,,,,,,,,,,,,,,
8,350.0,432430.3245444767,4005987.7800248344,-75.7515719125077,36.196342426153656,touches_land_or_unmapped,,,,,,,,,,,,,,,,,,,,,,,,,,,
8,400.0,432477.35977308376,4006004.741371181,-75.75105024448322,36.19649861421395,ok,95.0272977150352,IW,0,22189.413321179367,1461.3690627218903,52,51,9.85128832587888,10.119397386869561,0.0,0.06905088009120211,affine_dtft,44.147898099090995,9,identified,1,97.52592890532192,78.28744254004516,95.80139923967745,0.06558552752930272,79.21570213243716,4,6.400926382189131,True,7.139598959451967,8.227567114501866,6.176364493578873
8,450.0,432524.3950016908,4006021.7027175273,-75.75052857435111,36.19665480002079,ok,94.482596941034,IW,0,22194.402352444693,1462.289856699323,52,51,9.849844190287826,10.119453597083446,0.0,0.06825401477401173,affine_dtft,44.15052531130287,9,identified,1,93.76320335880871,79.09009249829052,99.34259201488187,0.06324764816120705,75.96375653207332,8,3.8515305214127635,True,7.051728577176458,8.130396139151218,6.096586715300106
8,500.0,432571.43023029785,4006038.6640638737,-75.75000690211142,36.19681098357412,ok,93.08332238286644,IW,0,22199.392113798058,1463.2105347617705,52,51,9.848419166240024,10.119509747478208,0.0,0.06745736897529996,affine_dtft,44.153152906655926,9,identified,2,87.17420076544175,74.14989582506733,89.9379018905463,0.06986137295960242,72.47443162627692,7,3.7861306127559753,True,6.8290548584667885,7.884162798567442,5.894452294330445
8,550.0,432618.46545890486,4006055.62541022,-75.74948522776418,36.196967164873904,ok,91.51326336505298,IW,0,22204.382595763316,1464.1310982159284,52,51,9.847013271073106,10.119565830805415,0.0,0.06666095414287822,affine_dtft,44.15578088015373,9,identified,2,85.29485908408125,65.78016949980325,92.84849461903042,0.06767137510371408,73.44292862436316,7,3.4978537195908643,True,6.584379710310175,7.613604290505043,5.672408220866957
8,600.0,432665.5006875119,4006072.5867565665,-75.74896355130943,36.19712334392013,ok,90.8353768229485,IW,0,22209.373788851455,1465.0515483699119,52,51,9.84562651854442,10.119621854399352,0.0,0.06586478458655358,affine_dtft,44.15840922679307,9,identified,2,90.60527040222237,66.81329093379588,87.48622415019622,0.07181913916404283,70.01689347809987,4,4.6925057138072805,True,6.480411217979246,7.498634829395037,5.578079435804243
8,650.0,432712.53591611894,4006089.548102913,-75.74844187274718,36.19727952071273,ok,92.18040778904563,IW,0,22214.365683558306,1465.9718865334696,52,51,9.844258906708843,10.119677812385302,0.0,0.06507800095050063,affine_dtft,44.16103794156275,9,identified,3,93.29728948743366,67.79524205314107,87.9511041506101,0.07143952731304057,66.37062226934306,3,5.222450407644549,True,6.687682451233779,7.727835515574897,5.766147207201747
8,700.0,432759.571144726,4006106.5094492594,-75.7479201920775,36.19743569525167,ok,93.86412537198227,IW,0,22219.358270366647,1466.8921140185148,52,51,9.842910462232311,10.119733709550108,0.0,0.06428237225171576,affine_dtft,44.16366701944466,9,identified,3,95.9611997097557,68.95253058236148,95.95315930435946,0.06548179708444599,75.52970589993394,6,4.242680978315091,True,6.952767716127857,8.02096365549729,6.006747987596058
8,750.0,432806.606373333,4006123.470795606,-75.7473985093004,36.19759186753692,ok,100.94288054194298,IW,0,22224.351539746036,1467.8122321379974,52,51,9.841581184201425,10.119789540264094,0.0,0.06348702336704205,affine_dtft,44.16629645541378,9,identified,1,98.9460724411536,86.73608533782,96.66305672103196,0.06500089610566277,77.2756443145774,6,3.839505672106199,True,8.137989535537045,9.331998057374193,7.0831064068082235
8,800.0,432853.6416019401,4006140.432141952,-75.74687682441592,36.19774803756843,ok,108.18830771554141,IW,0,22229.345482152425,1468.7322422068826,52,51,9.840271084911759,10.119845312554531,0.0,0.0626919641827519,affine_dtft,44.168926244437856,9,identified,1,99.47392299589326,86.62852339097604,101.26708253371355,0.06204568305883411,81.4692343900516,4,4.224868953898716,True,9.47648672547195,10.814736441311926,8.298724670315071
8,850.0,432900.6768305471,4006157.3934882986,-75.74635513742409,36.19790420534617,ok,115.98244522143966,IW,0,22234.34008802837,1469.6521455421914,52,51,9.838980179897206,10.119901020595817,0.0,0.061897209828512975,affine_dtft,44.171556381477636,9,identified,1,102.12700509061686,86.37881912643168,122.87999999999985,0.05113269292952143,73.73979529168777,6,3.881453845835208,True,11.070800560901207,12.58602319907628,9.744991924257496
8,900.0,432947.7120591542,4006174.354834645,-75.74583344832496,36.1980603708701,ok,123.63460324400337,IW,0,22239.335347804543,1470.571943461565,52,51,9.83770847147263,10.119956661858655,0.0,0.06110277113049603,affine_dtft,44.17418686148755,9,identified,2,124.59434831192246,75.75773379016461,124.17824001860234,0.05059811852896565,75.96375653207325,7,5.1269702292466155,True,12.808190262072664,14.525175898880699,11.31710946779984
8,950.0,432994.7472877612,4006191.3161809915,-75.74531175711854,36.19821653414018,ok,128.80523963512536,IW,0,22244.331251896994,1471.4916372852167,52,51,9.836455979700595,10.120012245583911,0.0,0.06030866518005139,affine_dtft,44.176817679414356,9,identified,1,128.52778127808975,75.07360356401303,134.9238468338506,0.04656838249591931,71.56505117707773,5,4.021058993263387,True,14.088960049878395,15.962113803279806,12.47243280766989
8,1000.0,433041.78251636826,4006208.277527338,-75.74479006380487,36.198372695156365,ok,129.65329253299012,IW,0,22249.32779071134,1472.411228333971,52,51,9.835222705395145,10.12006777040164,0.0,0.0595149075058001,affine_dtft,44.179448830199284,9,identified,1,127.80401849953772,70.1164245732738,134.9238468338506,0.04656838249591931,71.56505117707773,5,3.676423342722537,True,14.307861531310499,16.20842247478511,12.669536171211066
8,1050.0,433088.81774497527,4006225.2388736843,-75.74426836838401,36.19852885391862,ok,128.78767147503714,IW,0,22254.32495463878,1473.3307179307849,52,51,9.834008661495035,10.120123225754071,0.0,0.0587215133550593,affine_dtft,44.18208030877601,9,identified,1,129.54072770953078,66.2528669673386,127.12026448932349,0.04942709435368816,65.55604521958325,3,3.655615460445697,True,14.084452412275395,15.957044092100189,12.468372884343488
8,1100.0,433135.85297358234,4006242.2002200307,-75.74374667085597,36.19868501042691,ok,124.70023819786483,IW,0,22259.322734059875,1474.250107400203,52,51,9.832813860003563,10.120178624051128,0.0,0.05792850201538539,affine_dtft,44.18471211007253,9,identified,1,126.0863790035589,65.36644857343538,127.12026448932349,0.04942709435368816,65.55604521958325,3,4.47314974112376,True,13.064778825225511,14.812503833862772,11.548837490889488
8,1150.0,433182.88820218935,4006259.161566377,-75.74322497122078,36.19884116468118,ok,122.55111683481519,IW,0,22264.32111934192,1475.1693980677398,52,51,9.831638302729631,10.120233959480073,0.0,0.05713588550292888,affine_dtft,44.18734422900993,9,identified,1,121.0187728776293,65.0487803581168,119.85013472883753,0.05242535038776029,69.44395478041629,2,5.206223068096458,True,12.551096442959835,14.237541072066431,11.084798426834437
8,1200.0,433229.9234307964,4006276.1229127236,-75.74270326947847,36.1989973166814,ok,120.3953765750477,IW,0,22269.32010084099,1476.0885912608846,52,51,9.830482008375844,10.120289232706027,0.0,0.05634369282169967,affine_dtft,44.18997666050333,9,identified,1,116.37419003645996,65.08927053593021,114.4866804479891,0.05488136508625573,63.434948822921854,1,5.552115360649448,True,12.050698263315482,13.678411230260695,10.632292009236295
8,1250.0,433276.95865940343,4006293.08425907,-75.74218156562911,36.19915346642754,ok,118.71415459647878,IW,0,22274.319668901095,1477.0076883080178,52,51,9.829344982265704,10.120344445543552,0.0,0.05555193487246303,affine_dtft,44.19260939946151,9,identified,1,112.7381821419664,65.23379417626019,124.17824001860234,0.05059811852896565,75.96375653207325,3,4.149251843347105,True,11.670470689926859,13.254154715246742,10.288170338147339
8,1300.0,433323.9938880105,4006310.0456054164,-75.7416598596727,36.19930961391956,ok,120.75162091426935,IW,0,22279.319813855232,1477.9266905395718,52,51,9.828227232640868,10.120399597556204,0.0,0.05477012675413536,affine_dtft,44.195242440787425,9,identified,2,113.51778155398694,66.71915172164246,116.34156319048614,0.05400636827349588,76.8659776936034,7,3.408583056375747,True,12.1323846851088,13.769622770794655,10.706190353478284
8,1350.0,433371.0291166175,4006327.006951763,-75.74113815160929,36.199465759157405,ok,,IW,0,22284.320526024523,1478.8455992866398,52,51,9.827128764277965,10.12045468624898,0.0,0.05397934205303069,affine_dtft,44.197875779377796,9,identified,1,123.24046572129576,90.31362521554807,127.01156821934933,0.04946939397148855,82.8749836510979,6,2.5988521715677315,False,,,
8,1400.0,433418.0643452246,4006343.9682981092,-75.7406164414389,36.199621902141054,ok,124.59117490729616,IW,0,22289.321795718883,1479.7644158824462,52,51,9.826049594213975,10.120509717041902,0.0,0.05318906833532256,affine_dtft,44.20050941012344,9,identified,1,125.13592718230728,88.6663036879663,127.99999999999986,0.04908738521234057,89.99999999999962,3,3.074614672764722,True,13.038346277619809,14.782892498441376,11.524971940452913
8,1450.0,433465.0995738316,4006360.9296444557,-75.74009472916158,36.199778042870456,ok,126.55034411432521,IW,0,22294.323613237284,1480.6831416610776,52,51,9.824989728627639,10.120564688847331,0.0,0.05239932035772431,affine_dtft,44.20314332790937,9,identified,1,125.89820401763414,87.0021202421396,127.01156821934933,0.04946939397148855,82.8749836510979,2,3.375789548117543,True,13.51923222088657,15.322059190840214,11.958934400502308
8,1500.0,433512.13480243867,4006377.890990802,-75.73957301477736,36.19993418134557,ok,127.62493070883815,IW,0,22299.32596886913,1481.601777957411,52,51,9.823949173781017,10.120619594296448,0.0,0.05161013401061087,affine_dtft,44.2057775276156,9,identified,1,126.539978011877,84.95865854058847,127.01156821934933,0.04946939397148855,82.8749836510979,2,3.7958915497981054,True,13.788533871240038,15.624425583174505,12.201746122115734
8,1550.0,433559.1700310457,4006394.852337149,-75.73905129828627,36.20009031756638,ok,128.4095861262162,IW,0,22304.32885289117,1482.5203261087593,52,51,9.82292793522967,10.120674442126862,0.0,0.0508215321636759,affine_dtft,44.208412004115445,9,identified,1,126.19450613282685,84.47656947960971,124.17824001860234,0.05059811852896565,75.96375653207325,3,4.388661475043061,True,13.98770796506654,15.848258331882066,12.381226341214594
8,1600.0,433606.20525965275,4006411.8136834954,-75.73852957968835,36.20024645153281,ok,127.8429204860668,IW,0,22309.332255570946,1483.4387874530978,52,51,9.8219260264585,10.120729231227445,0.0,0.05004666498758139,affine_dtft,44.21104675227738,9,identified,1,126.8587257132519,84.70049614296624,131.92327708688998,0.04762757146368664,75.06858282186217,4,3.937753093204151,True,13.843651663990046,15.686349633273933,12.25142279516859
8,1650.0,433653.24048825976,4006428.775029842,-75.73800785898362,36.20040258324486,ok,127.8429204860668,IW,0,22314.336167165675,1484.3571633293616,52,51,9.820943454457401,10.120783956929179,0.0,0.04927999216133694,affine_dtft,44.213681766964434,9,identified,1,125.33432474184026,85.58224774854958,131.92327708688998,0.04762757146368664,75.06858282186217,4,3.9283221397151955,True,13.843651663990046,15.686349633273933,12.25142279516859
8,1700.0,433700.27571686683,4006445.736376188,-75.73748613617212,36.20055871270247,ok,128.4095861262162,IW,0,22319.34057792141,1485.2754550781763,52,51,9.819980221030479,10.120838623340417,0.0,0.048514591847475926,affine_dtft,44.21631704303376,9,identified,1,122.89093792380662,86.68128304889665,124.17824001860234,0.05059811852896565,75.96375653207325,5,4.444366275000345,True,13.98770796506654,15.848258331882066,12.381226341214594
8,1750.0,433747.31094547384,4006462.6977225346,-75.7369644112539,36.20071483990558,ok,125.97528051875756,IW,0,22324.345478076622,1486.1936640409476,52,51,9.819036341892199,10.120893230197083,0.0,0.04775051967215698,affine_dtft,44.21895257533849,9,identified,1,123.02312034784404,86.96194637250802,127.01156821934933,0.04946939397148855,82.8749836510979,2,4.340628217596131,True,13.376740124833118,15.16219752242552,11.830396017722702
8,1800.0,433794.3461740809,4006479.659068881,-75.73644268422898,36.200870964854175,ok,124.6525238466622,IW,0,22329.350857857826,1487.111791560478,52,51,9.818111819794025,10.120947777958424,0.0,0.0469878415445006,affine_dtft,44.2215883587255,9,identified,1,123.94228493150442,86.26621223441904,127.01156821934933,0.04946939397148855,82.8749836510979,2,4.548073780881703,True,13.053209942918492,14.799543326430424,11.538392291805849
8,1850.0,433841.3814026879,4006496.6204152275,-75.73592095509738,36.201027087548226,ok,130.34665729573882,IW,0,22334.356707482944,1488.0298389809143,52,51,9.817206669667096,10.12100226378,0.0,0.04622662642516351,affine_dtft,44.224224388037086,9,identified,1,122.55322626119643,85.42806568542123,119.7517490495968,0.052468422023442186,79.21570213243713,5,4.49649759181621,True,14.48875622603227,16.412133096550896,12.832333277600126
8,1900.0,433888.416631295,4006513.581761574,-75.73539922385916,36.20118320798768,ok,135.47412510466603,IW,0,22339.36301716105,1488.9478076468693,52,51,9.816320885507917,10.121056695388734,0.0,0.04547673192804258,affine_dtft,44.22686065811092,9,identified,1,138.4037788591993,60.814970910264435,125.30949372641331,0.05014133502843438,78.23171106797906,6,3.181634058437312,True,15.88232492422358,17.98685932724972,14.083763009448488
8,1950.0,433935.451859902,4006530.5431079203,-75.73487749051435,36.2013393261725,ok,137.0150338139081,IW,0,22344.369777090928,1489.8656989047493,52,51,9.815454484590727,10.12111106310859,0.0,0.04471870833898677,affine_dtft,44.22949716377924,9,identified,2,138.90494500025318,59.38163779984184,152.64890726398542,0.04116102381469181,63.43494882292177,2,4.71049833250873,True,16.32123583311814,18.484932520908217,14.476843468933664
8,2000.0,433982.4870885091,4006547.5044542667,-75.73435575506298,36.20149544210264,ok,138.66468400398873,IW,0,22349.37697746349,1490.783514101074,52,51,9.814607471294062,10.121165373301771,0.0,0.043962371380398255,affine_dtft,44.23213389987013,9,identified,1,141.69017610975277,57.02622188277944,152.64890726398542,0.04116102381469181,63.43494882292177,2,5.241494104036122,True,16.801981784316204,19.031721268126613,14.90676559284348
8,2050.0,434029.5223171161,4006564.465800613,-75.73383401750506,36.201651555778064,ok,139.20278525870603,IW,0,22354.384608460332,1491.70125458434,52,51,9.813779853512424,10.12121962669114,0.0,0.04320781444358671,affine_dtft,44.23477086120674,9,identified,1,143.42929237491254,55.13725068044474,134.7161117655596,0.046640191917904604,52.12501634890176,3,4.518552059026807,True,16.961286710461245,19.213206330566127,15.049080603308912
8,2100.0,434076.55754572316,4006581.4271469596,-75.73331227784068,36.20180766719874,ok,131.52574913052135,IW,0,22359.392660254525,1492.6189217039478,52,51,9.81297162816623,10.121273817760642,0.0,0.04245512998552895,affine_dtft,44.23740804260779,9,identified,2,139.4954471689596,55.04143612669323,127.99999999999989,0.04908738521234056,53.13010235415594,5,4.026648200060128,True,14.80040742272359,16.763456082557095,13.112622034099273
8,2150.0,434123.5927743302,4006598.388493306,-75.73279053606981,36.20196377636464,ok,124.54631185236005,IW,0,22364.401123011103,1493.5365168095534,52,51,9.812182820165738,10.121327950765563,0.0,0.04170441215591858,affine_dtft,44.24004543888772,9,identified,3,131.53372207056617,56.45110704276783,127.99999999999989,0.04908738521234056,53.13010235415594,5,3.6066324389814843,True,13.0274847061198,14.770725527265443,11.515164788076724
8,2200.0,434170.6280029372,4006615.3498396524,-75.73226879219253,36.2021198832757,ok,120.69977299608937,IW,0,22369.40998688617,1494.454041252524,52,51,9.811413418520507,10.121382026760141,0.0,0.04095577170179715,affine_dtft,44.24268304485625,9,identified,2,104.49959512796873,89.59586900770806,114.26372662306203,0.054988450778494395,67.01128319791917,8,3.8504140284397677,True,12.120471473297322,13.756318920652777,10.695413669267095
8,2250.0,434217.66323154425,4006632.311185999,-75.73174704620887,36.20227598793188,ok,115.76428122765606,IW,0,22374.41924202883,1495.3714963843397,52,51,9.810663444015908,10.121436040998207,0.0,0.040209319768386466,affine_dtft,44.24532085531947,9,identified,2,129.41959854009286,58.36032356539765,117.75172087317883,0.053359604943240824,71.56505117707779,8,3.0493658490147726,True,11.023855791523333,12.53376688214438,9.702447996040899
8,2300.0,434264.69846015127,4006649.2725323453,-75.73122529811883,36.20243209033317,ok,107.11364982623256,IW,0,22379.428878579885,1496.2888835584874,52,51,9.809932889442587,10.121490002844778,0.0,0.03946518138641774,affine_dtft,44.247958865079035,9,identified,1,127.46294707021518,59.15052087747064,115.48341748420614,0.05440768418581736,68.49856567595188,8,3.0369713285121396,True,9.269538392780976,10.585271184107379,8.110825454518697
8,2350.0,434311.73368875834,4006666.2338786917,-75.73070354792247,36.202588190479496,ok,101.21027310019663,IW,0,22384.438886672036,1497.2062041281627,52,51,9.809221765697298,10.121543901751071,0.0,0.03872348261763404,affine_dtft,44.25059706893235,9,identified,1,136.32686879685312,57.74585561593451,103.32254115783341,0.06081137026606343,70.34617594194648,9,3.444223342137044,True,8.185071585726634,9.384105413089175,7.125873121588504
8,2400.0,434358.76891736535,4006683.195225038,-75.73018179561984,36.202744288370845,ok,97.86127648564315,IW,0,22389.44925643192,1498.1234594480804,52,51,9.808530080107067,10.121597741802145,0.0,0.037984368918691676,affine_dtft,44.25323546167363,9,identified,3,87.30450481627516,64.22343449939902,84.74684299288238,0.0741406415305322,65.55604521958337,4,4.7569120014393755,True,7.607702332122853,8.745283955018397,6.601446990955262
8,2450.0,434405.8041459724,4006700.1565713845,-75.72966004121093,36.202900384007165,ok,97.66192907839974,IW,0,22394.459977977167,1499.0406508740045,52,51,9.807857836503825,10.121651528464042,0.0,0.03724798952539044,affine_dtft,44.255874038092365,9,identified,2,88.68147358683632,64.13279814236975,84.74684299288238,0.0741406415305322,65.55604521958337,4,5.162330414366409,True,7.574168972875135,8.708191509024953,6.570991496333435
8,2500.0,434452.83937457943,4006717.117917731,-75.72913828469581,36.203056477388415,ok,99.89475693643088,IW,0,22399.471041419925,1499.9577797614018,52,51,9.807205043188134,10.12170525436826,0.0,0.036524960189902506,affine_dtft,44.258512792975125,9,identified,1,98.88431972397711,62.25804348008583,101.00673780041144,0.062205605724987505,62.59242456218149,6,3.7233891531084335,True,7.9550953287498976,9.129608379310813,6.916977120173748
8,2550.0,434499.8746031865,4006734.0792640774,-75.72861652607452,36.20321256851456,ok,104.65414492038465,IW,0,22404.482436864175,1500.8748474677432,52,51,9.806571701205034,10.121758922353948,0.0,0.035794614500982855,affine_dtft,44.26115172110418,9,identified,1,111.67371018106547,61.78355481738737,114.4866804479891,0.05488136508625573,63.434948822921854,1,4.713913388190932,True,8.807105204049433,10.0728309075258,7.690872811004573
8,2600.0,434546.9098317935,4006751.040610424,-75.72809476534705,36.203368657385575,ok,109.4135329043384,IW,0,22409.494154408465,1501.7918553507454,52,51,9.805957816995777,10.121812532257188,0.0,0.03506753277551662,affine_dtft,44.26379081725894,9,identified,1,112.94912578304081,61.49337816225138,114.4866804479891,0.05488136508625573,63.434948822921854,1,5.028256422132698,True,9.716130820877535,11.080571453535038,8.516272559428467
8,2650.0,434593.9450604006,4006768.00195677,-75.72757300251348,36.20352474400141,ok,110.92094192678636,IW,0,22414.5061841443,1502.7088047686455,52,51,9.805363403227139,10.121866086189018,0.0,0.03420176871612213,affine_dtft,44.266430076215116,9,identified,1,113.2994314354775,61.35093825547791,108.54378291265117,0.0578861832394019,57.99461679191643,2,5.580249292297071,True,10.016464323535835,11.41391737738071,8.788847809615012
8,2700.0,434640.9802890076,4006784.9633031166,-75.72705123757382,36.20368082836201,ok,109.47938452322997,IW,0,22419.51851615685,1503.6256970800812,52,51,9.804788446673609,10.121919585883001,0.0,0.03348262674521226,affine_dtft,44.26906949274506,9,identified,1,111.85146912216896,61.697201152090884,108.54378291265117,0.0578861832394019,57.99461679191643,2,5.412648960534657,True,9.729123621855045,11.094987975934043,8.5280660997263
8,2750.0,434688.01551761467,4006801.924649463,-75.72652947052812,36.203836910467345,ok,108.33484401313096,IW,0,22424.53114052509,1504.54253364536,52,51,9.804232970531773,10.121973025257775,0.0,0.0327674632834063,affine_dtft,44.2717090616179,9,identified,1,110.3902546217295,61.47417075314118,108.54378291265117,0.0578861832394019,57.99461679191643,2,4.963811828540075,True,9.504939392704188,10.84629203865565,8.32455609925035
8,2800.0,434735.0507462217,4006818.8859958095,-75.72600770137639,36.20399299031739,ok,108.28260928825091,IW,0,22429.54404732305,1505.4593158247112,52,51,9.803696976752802,10.122026405743313,0.0,0.032056547652206044,affine_dtft,44.27434877760008,9,identified,1,113.87419407795416,60.93175495907779,107.27889343020712,0.058568699827867485,65.2248594311679,3,4.2522221047570685,True,9.494790606591772,10.83503626535475,8.315342348384657
8,2850.0,434782.08597482875,4006835.847342156,-75.72548593011868,36.2041490679121,ok,116.64747611850275,IW,0,22434.557226617755,1506.3760449789213,52,51,9.803180452980484,10.12207973362294,0.0,0.03135015881690769,affine_dtft,44.27698863545446,9,identified,1,124.86813045813587,60.18405052983622,108.7639778974942,0.05776899143116338,77.73522627210735,5,3.1519401222243992,True,11.214758536456479,12.746311546099513,9.8754357525808
8,2900.0,434829.12120343576,4006852.8086885023,-75.72496415675504,36.20430514325143,ok,,IW,0,22439.570668471853,1507.2927224697194,52,51,9.802683423476784,10.122133004527898,0.0,0.030648605518684223,affine_dtft,44.2796286299415,9,ambiguous_multiple_blobs,2,138.13652281154629,58.50684830941892,142.0032502336585,0.04424677109038668,56.309932474020094,1,3.1112522900315587,False,,,
8,2950.0,434876.15643204283,4006869.7700348487,-75.72444238128547,36.204461216335346,ok,117.32123886556354,IW,0,22444.58436294217,1508.2093496589075,52,51,9.802205879953593,10.1221862168597,0.0,0.02995223645446109,affine_dtft,44.282268755818656,9,identified,1,140.31269938524107,59.11673374941086,142.0032502336585,0.04424677109038668,56.309932474020094,1,3.8863523068972055,True,11.361930754378918,12.910245949210559,10.00876191936114
8,3000.0,434923.19166064984,4006886.731381195,-75.72392060371001,36.2046172871638,ok,114.99516246753593,IW,0,22449.598300080386,1509.1259279095086,52,51,9.801747832113668,10.122239370095114,0.0,0.02926140485998465,affine_dtft,44.284909007840625,9,identified,1,129.71565469224834,61.536821651827545,114.4866804479891,0.05488136508625573,63.434948822921854,3,3.397454395743473,True,10.859454016922902,12.350816348576075,9.553435063789346
8,3050.0,434970.2268892569,4006903.6927275416,-75.72339882402873,36.204773355736755,ok,111.8880644351055,IW,0,22454.612469933003,1510.0424585843407,52,51,9.80130928397195,10.122292472580181,0.0,0.028576520740666175,affine_dtft,44.287549380759415,9,identified,1,105.64665434145014,61.13460435027519,104.03104688311235,0.06039721309581047,61.69924423399351,3,3.7234886827549722,True,10.212396075131068,11.631505875993035,8.966625620494279
8,3100.0,435017.2621178639,4006920.654073888,-75.72287704224163,36.20492942205417,ok,104.35926798546726,IW,0,22459.626862542966,1510.9589430472083,52,51,9.800890231935185,10.12234551494323,0.0,0.02790938520443911,affine_dtft,44.29018986932513,9,identified,1,102.07886221413922,61.805232331147025,99.45967230538379,0.06317319534180162,60.94539590092275,4,3.703619284848701,True,8.752693147310978,10.01256054303772,7.6414532225806635
8,3150.0,435064.297346471,4006937.6154202344,-75.72235525834876,36.20508548611603,ok,100.9834638312933,IW,0,22464.641467947844,1511.87538266176,52,51,9.800490687839488,10.122398503624254,0.0,0.027237810462797732,affine_dtft,44.292830468285075,9,identified,1,104.07679061368155,63.16447628358732,99.45967230538379,0.06317319534180162,60.94539590092275,4,3.5062854739549882,True,8.145124264865933,9.339894130986087,7.089587192810456
8,3200.0,435111.332575078,4006954.576766581,-75.72183347235014,36.205241547922284,ok,,IW,0,22469.65627618084,1512.7917787928911,52,51,9.800110654876644,10.122451438531643,0.0,0.026573602974379367,affine_dtft,44.295471172384225,9,identified,2,114.37256380927724,66.30770440603166,123.33029243263228,0.05094600185604605,74.47588900324551,9,2.763858305251123,False,,,
8,3250.0,435158.3678036851,4006971.538112927,-75.72131168424579,36.20539760747286,ok,,IW,0,22474.67127727188,1513.7081328049787,52,51,9.799750129535145,10.122504312296483,0.0,0.025917329545339342,affine_dtft,44.29811197636583,9,identified,1,124.85792646796918,74.79489916367247,128.8840756280426,0.04875067207924708,77.27564431457733,8,2.4873952064486473,False,,,
8,3300.0,435205.4030322921,4006988.4994592736,-75.7207898940358,36.205553664767756,ok,,IW,0,22479.68646124522,1514.624446063689,52,51,9.799409121546184,10.122557132559706,0.0,0.025269598363764384,affine_dtft,44.300752874970186,9,identified,1,135.5618443625897,75.55643077220199,133.10641840531056,0.047204224878527004,74.93151184050751,7,2.9374277235653934,False,,,
8,3350.0,435252.43826089916,4007005.46080562,-75.72026810172015,36.20570971980693,ok,,IW,0,22484.701818123904,1515.5407199344031,52,51,9.799087627641324,10.122609896931483,0.0,0.02463108493279623,affine_dtft,44.303393862936915,9,identified,1,134.67876468066837,66.93839074651892,134.9238468338506,0.04656838249591931,71.56505117707773,5,2.927432662982999,False,,,
8,3400.0,435299.47348950617,4007022.4221519665,-75.7197463072989,36.205865772590336,ok,133.59686011931078,IW,0,22489.717337925144,1516.4569557827144,52,51,9.798785656966754,10.122662609084147,0.0,0.02400251940429745,affine_dtft,44.306034935002586,9,identified,1,138.52280321318295,65.51670993047699,134.9238468338506,0.04656838249591931,71.56505117707773,5,3.1120618207854918,True,15.36042198333852,17.395955693156136,13.615675968667572
8,3450.0,435346.50871811324,4007039.383498313,-75.7192245107721,36.20602182311792,ok,133.59686011931078,IW,0,22494.73301066418,1517.3731549748632,52,51,9.798503206445492,10.122715262581588,0.0,0.023384698266703127,affine_dtft,44.30867608590273,9,identified,1,134.2549043577501,62.920898337426415,128.48271698649472,0.04890296107172169,72.47443162627687,5,3.4399128021219223,True,15.36042198333852,17.395955693156136,13.615675968667572
8,3500.0,435393.54394672025,4007056.3448446593,-75.71870271213972,36.206177871389656,ok,133.59686011931078,IW,0,22499.74882635313,1518.2893188773103,52,51,9.798240278947087,10.122767863385825,0.0,0.022778493725785116,affine_dtft,44.311317310371216,9,identified,1,132.80233345625624,60.20165266521919,137.38401653758697,0.0457344709052131,63.43494882292177,3,3.108116609238942,True,15.36042198333852,17.395955693156136,13.615675968667572
9,250.0,432414.4311513683,4005736.42298923,-75.75172701828646,36.194075364642,touches_land_or_unmapped,,,,,,,,,,,,,,,,,,,,,,,,,,,
9,300.0,432461.4874582493,4005753.3257695553,-75.75120512607064,36.19423102676242,touches_land_or_unmapped,,,,,,,,,,,,,,,,,,,,,,,,,,,
9,350.0,432508.5437651303,4005770.2285498804,-75.7506832317534,36.19438668662744,touches_land_or_unmapped,,,,,,,,,,,,,,,,,,,,,,,,,,,
9,400.0,432555.6000720113,4005787.1313302056,-75.75016133533477,36.19454234423702,ok,97.59864533348389,IW,0,22193.713983346774,1438.9113128401143,52,51,9.85007272761095,10.117637775553199,0.0,0.06847136396832973,affine_dtft,44.150210470810414,9,identified,1,98.49122089562346,78.65882570954516,95.80139923967745,0.06558552752930272,79.21570213243716,4,6.8507323600423105,True,7.563543006156809,8.696437936717619,6.561340938612893
9,450.0,432602.65637889225,4005804.0341105307,-75.74963943681475,36.194697999591114,ok,98.67451000493391,IW,0,22198.704735584208,1439.8260923942355,52,51,9.848644717713611,10.117694848239724,0.0,0.06767527325708433,affine_dtft,44.152838623860355,9,identified,1,96.2039595051533,79.27813169158549,100.4114611907501,0.06257438376724263,78.69006752597954,7,4.477584089327305,True,7.745463379283296,8.89767648431459,6.726568260437816
9,500.0,432649.71268577327,4005820.936890856,-75.7491175361934,36.19485365268971,ok,97.12126110419504,IW,0,22203.696210114515,1440.740757032536,52,51,9.847235839731537,10.117751855974683,0.0,0.06687942446513312,affine_dtft,44.15546715595626,9,identified,2,86.85428447240298,74.36680466480371,96.58307557002408,0.06505472382295581,75.96375653207333,7,3.5703256033860833,True,7.483685213244475,8.608108577965737,6.488815379752988
9,550.0,432696.7689926542,4005837.8396711815,-75.74859563347074,36.19500930353275,ok,95.45822608629878,IW,0,22208.68839744446,1441.6553080644185,52,51,9.845846104663295,10.117808801962095,0.0,0.06608382810169618,affine_dtft,44.15809606209264,9,identified,2,87.43356842583529,72.2624687426254,101.90210401928395,0.06165903410581745,75.17352002964415,7,3.3737680085427804,True,7.209591722137891,8.304970386581932,6.239915568266869
9,600.0,432743.82529953524,4005854.7424515067,-75.74807372864683,36.19516495212019,ok,94.56656570902067,IW,0,22213.681288066633,1442.5697468002506,52,51,9.844475521342972,10.117865684917042,0.0,0.06528848847856364,affine_dtft,44.16072533725655,9,identified,2,88.52330005812652,66.24331085671788,90.90826550123958,0.06911566591372169,73.49563861824477,5,4.0058269376163995,True,7.065230634903105,8.145327142017084,6.108844848547486
9,650.0,432790.8816064162,4005871.645231832,-75.74755182172169,36.19532059845201,ok,96.70572928105726,IW,0,22218.674872460964,1443.4840745526415,52,51,9.843124100389085,10.117922501172911,0.0,0.06449342612608977,affine_dtft,44.163354976428366,9,identified,2,320.69998860973885,166.60172684733394,87.48622415019622,0.07181913916404283,70.01689347809987,4,3.961290080033203,True,7.414603667858416,8.5317023576793,6.42607926822647
9,700.0,432837.9379132972,4005888.548012157,-75.74702991269534,36.19547624252815,ok,99.44037373858824,IW,0,22223.669141093396,1444.3982926357369,52,51,9.841791866153798,10.117979260649612,0.0,0.06369865320588346,affine_dtft,44.16598497458108,9,identified,3,103.53946445148836,68.7716708438182,95.95315930435946,0.06548179708444599,75.52970589993394,6,3.485812729239363,True,7.8766224244004635,9.042782444710745,6.845698903575641
9,750.0,432884.99422017817,4005905.450792482,-75.74650800156783,36.19563188434857,ok,105.83472063834029,IW,0,22228.664084415876,1445.312402365029,52,51,9.840478808141313,10.118035957557886,0.0,0.06290417738347649,affine_dtft,44.168615326680325,9,identified,1,109.43835571138693,63.35468138483415,107.27889343020705,0.058568699827867526,77.90524292298765,3,3.2173690706131044,True,9.027149037165438,10.316619606219543,7.890715399521653
9,800.0,432932.0505270592,4005922.3535728073,-75.7459860883392,36.19578752391327,ok,112.91347580830102,IW,0,22233.659692867765,1446.2264050586818,52,51,9.839184946433118,10.118092591332466,0.0,0.062110013942827676,affine_dtft,44.17124602768508,9,identified,1,120.48507339911978,64.04396033758076,115.57532630693886,0.05436441763091401,73.610459665965,4,3.7486592122824813,True,10.422948497696288,11.865442508371196,9.157625546900935
9,850.0,432979.10683394014,4005939.2563531324,-75.74546417300947,36.19594316122217,ok,120.70761331419924,IW,0,22238.65595687614,1447.1403020351847,52,51,9.837910295345072,10.118149159881368,0.0,0.06131617963759753,affine_dtft,44.17387707254787,9,identified,1,136.02237730684652,65.35489979478999,122.87999999999985,0.05113269292952143,73.73979529168777,6,3.9831726981404354,True,12.122272423275612,13.758330064202504,10.697042823116343
9,900.0,433026.1631408211,4005956.159133458,-75.74494225557866,36.196098796275244,ok,126.48463583717019,IW,0,22243.652866853183,1448.0540946154533,52,51,9.836654854372247,10.118205670907543,0.0,0.060522689167073526,affine_dtft,44.176508456213334,9,identified,1,130.02568902384994,72.39485124296947,122.87999999999985,0.05113269292952143,73.73979529168777,6,4.350556082921444,True,13.502893752785395,15.30372472447093,11.944198067562327
9,950.0,433073.2194477021,4005973.061913783,-75.74442033604686,36.19625442907245,ok,129.73891215016215,IW,0,22248.650413200787,1448.9677841214723,52,51,9.83541864762317,10.118262118717697,0.0,0.059738908708261367,affine_dtft,44.17914017362074,9,identified,1,129.90294908975483,72.92567980280421,134.9238468338506,0.04656838249591931,71.56505117707773,5,4.1228664330249805,True,14.33010510705026,16.233463361784022,12.689558534965364
9,1000.0,433120.27575458307,4005989.9646941083,-75.74389841441403,36.19641005961375,ok,130.58696504802688,IW,0,22253.648586306976,1449.881371877123,52,51,9.834201670073021,10.118318503776436,0.0,0.05894617571734676,affine_dtft,44.18177221970199,9,identified,1,131.40477837305278,67.35156589093451,136.1640060450618,0.04614424538229467,77.19573393471296,6,3.9249255389369537,True,14.551858691433573,16.483230748393044,12.889104438160615
9,1050.0,433167.3320614641,4006006.8674744335,-75.74337649068028,36.19656568789911,ok,129.9809919937944,IW,0,22258.647376547357,1450.79485920764,52,51,9.833003940909123,10.118374828740013,0.0,0.05815383929116074,affine_dtft,44.18440458938248,9,identified,1,129.33497205911127,66.68071304757059,131.84670787189867,0.04765523090105735,78.11134196037173,5,3.527404082621086,True,14.393139421636723,16.304437253855642,12.746292042068076
9,1100.0,433214.38836834504,4006023.7702547587,-75.74285456484559,36.19672131392849,ok,126.96624957279178,IW,0,22263.646774287245,1451.7082474394263,52,51,9.831825466039836,10.118431093240305,0.0,0.057361917063020317,affine_dtft,44.18703727758219,9,identified,2,127.07765289082786,66.24825640737262,127.12026448932349,0.04942709435368816,65.55604521958325,3,3.8830417001382576,True,13.622990457677618,15.43851973474589,12.052504936419433
9,1150.0,433261.44467522606,4006040.673035084,-75.74233263691,36.19687693770185,ok,124.5690963674999,IW,0,22268.646769877378,1452.6215379011037,52,51,9.830666258963694,10.118487294441792,0.0,0.05657042579652686,affine_dtft,44.18967027921337,9,identified,2,121.73246004169485,66.2948298458771,119.85013472883753,0.05242535038776029,69.44395478041629,2,4.31490118735539,True,13.033000120234881,14.776903752903907,11.520144806337102
9,1200.0,433308.500982107,4006057.575815409,-75.74181070687358,36.197032559219146,ok,122.74969349140022,IW,0,22273.647353658285,1453.5347319220268,52,51,9.829526322492393,10.118543437835921,0.0,0.055779382908305336,affine_dtft,44.19230358918291,9,identified,1,116.23873970587076,66.47929098351399,119.85013472883753,0.05242535038776029,69.44395478041629,2,4.524127042416829,True,12.597932142701724,14.289921598676745,11.12712858228709
9,1250.0,433355.557288988,4006074.4785957346,-75.74128877473633,36.19718817848033,ok,121.29283649209246,IW,0,22278.648515959896,1454.447830832791,52,51,9.82840567241872,10.11859951580131,0.0,0.054988817738123634,affine_dtft,44.19493720239216,9,identified,1,112.17594784975513,66.24227022650416,124.17824001860234,0.05059811852896565,75.96375653207325,3,3.694256457453309,True,12.25724239982164,13.909086069721042,10.819121830991797
9,1300.0,433402.613595869,4006091.3813760597,-75.74076684049828,36.197343795485395,ok,,IW,0,22283.6502470981,1455.3608359665868,52,51,9.827304307517938,10.118655536527541,0.0,0.05419874793474581,affine_dtft,44.19757111373498,9,identified,3,112.62191212080238,66.87728834637612,115.07530479297392,0.0546006401502333,84.47245984834352,7,2.5481564894309994,False,,,
9,1350.0,433449.66990275,4006108.284156385,-75.7402449041595,36.19749941023427,ok,,IW,0,22288.652537379683,1456.273748656573,52,51,9.826222239975014,10.118711495418934,0.0,0.05340920207828601,affine_dtft,44.20020531810053,9,identified,1,123.42752787081726,94.10418041414266,119.40035155377622,0.052622837583101496,91.90915243299598,7,2.647895879941008,False,,,
9,1400.0,433496.72620963096,4006125.18693671,-75.73972296571999,36.19765502272694,ok,124.76194579843661,IW,0,22293.655377099818,1457.1865702382452,52,51,9.825159485507747,10.118767395214292,0.0,0.0526202013951445,affine_dtft,44.20283981037174,9,identified,1,125.19750547466693,91.27036426509446,120.26270095661117,0.0522455030296256,93.3664606634294,4,3.2435790692192272,True,13.079751716778958,14.829278623604626,11.56235567230811
9,1450.0,433543.782516512,4006142.089717035,-75.7392010251798,36.197810632963346,ok,124.61601935347804,IW,0,22298.65875654215,1458.0993020479928,52,51,9.824116049703548,10.118823235367037,0.0,0.05183177762761944,affine_dtft,44.20547458542558,9,identified,1,124.74592917004432,88.90232775085995,127.01156821934933,0.04946939397148855,82.8749836510979,2,3.6741583764066754,True,13.044364107242496,14.789633786539392,11.530405470658419
9,1500.0,433590.8388233929,4006158.9924973603,-75.73867908253895,36.19796624094346,ok,126.07747090016042,IW,0,22303.662665981945,1459.011945422502,52,51,9.823091935370263,10.118879015727535,0.0,0.05104395624079465,affine_dtft,44.208109638134516,9,identified,1,125.2041519914983,86.40724902474624,127.01156821934933,0.04946939397148855,82.8749836510979,2,3.843520033524553,True,13.401979323985493,15.19050710051027,11.853166740139072
9,1550.0,433637.89513027394,4006175.8952776855,-75.73815713779751,36.198121846667235,ok,129.00970007560832,IW,0,22308.667095680285,1459.9245017019766,52,51,9.822087151630324,10.118934730455763,0.0,0.050275501061115536,affine_dtft,44.210744963363574,9,identified,1,125.511654125991,85.15623462273699,124.17824001860234,0.05059811852896565,75.96375653207325,3,4.327792315606459,True,14.141501093994938,16.021213178658837,12.51975187797602
9,1600.0,433684.9514371549,4006192.798058011,-75.73763519095549,36.19827745013465,ok,129.51276502383777,IW,0,22313.6720358916,1460.8369722260231,52,51,9.821101722001277,10.118990392807962,0.0,0.04950981115491959,affine_dtft,44.213380555974275,9,identified,1,127.11011169548695,84.59668522209346,131.92327708688998,0.04762757146368664,75.06858282186217,4,5.274556571751719,True,14.271410315460955,16.167392174607443,12.636722429875746
9,1650.0,433732.0077440359,4006209.7008383363,-75.7371132420129,36.19843305134564,ok,130.01582997206725,IW,0,22318.677476858244,1461.7493583358014,52,51,9.820135629427377,10.119045994242223,0.0,0.0487454199539643,affine_dtft,44.21601641082178,9,identified,1,126.53569637288564,84.75258795538491,134.9238468338506,0.04656838249591931,71.56505117707773,5,5.002734123633119,True,14.402228199241643,16.31467235042399,12.754471550550532
9,1700.0,433779.0640509169,4006226.6036186614,-75.73659129096981,36.19858865030019,ok,132.12340432145865,IW,0,22323.68340881215,1462.6616613745744,52,51,9.819188900756025,10.119101533452142,0.0,0.047982387780382295,affine_dtft,44.218652522755725,9,identified,1,124.39968637079221,85.56766171053515,129.52689296049664,0.04850873176658259,71.56505117707776,4,4.731159229965881,True,14.960344804747,16.943935425766995,13.25637225199128
9,1750.0,433826.12035779783,4006243.5063989866,-75.73606933782625,36.19874424699824,ok,129.689098714,IW,0,22328.689821977903,1463.5738826850802,52,51,9.818261530027968,10.119157014959967,0.0,0.04722077462591503,affine_dtft,44.22128888662193,9,identified,1,123.72038343977972,86.45772850901295,129.52689296049664,0.04850873176658259,71.56505117707776,4,4.177377942141833,True,14.3171605974314,16.218890695255613,12.677906786211839
9,1800.0,433873.17666467885,4006260.4091793117,-75.73554738258224,36.19889984143977,ok,123.08269100273046,IW,0,22333.696706568382,1464.4860236129325,52,51,9.81735353479167,10.119212439758332,0.0,0.04646065010184426,affine_dtft,44.22392549725996,9,identified,1,123.87975949295046,86.4228022432427,134.71611176555945,0.04664019191790465,74.74488129694195,3,4.381597361947161,True,12.676756539308276,14.378096872715565,11.198360943873794
9,1850.0,433920.2329715598,4006277.311959637,-75.73502542523782,36.19905543362472,ok,127.70709386342821,IW,0,22338.704052787172,1465.398085503862,52,51,9.816464916901637,10.119267799596166,0.0,0.04570209120789181,affine_dtft,44.22656234950459,9,identified,1,121.30977830049349,85.92206788338878,119.7517490495968,0.052468422023442186,79.21570213243713,5,4.177384313570033,True,13.809289044985764,15.647742154774672,12.220453170890995
9,1900.0,433967.2892784408,4006294.2147399625,-75.73450346579304,36.19921102355308,ok,130.20236531806057,IW,0,22343.711850830634,1466.3100697048276,52,51,9.815595687268154,10.119323103005312,0.0,0.044945164148835356,affine_dtft,44.2291994381867,9,identified,2,137.18925345729738,59.355774997617836,101.89180827750278,0.06166526449375895,84.28940686250012,2,4.466838947620728,True,14.45096770643748,16.36956571232219,12.798331684149115
9,1950.0,434014.3455853218,4006311.1175202876,-75.73398150424791,36.19936661122479,ok,126.8203074223399,IW,0,22348.72009088389,1467.2219775639394,52,51,9.814745846287147,10.119378350167652,0.0,0.04418996159811026,affine_dtft,44.23183675813129,9,identified,2,137.73763922741543,59.328037512141854,152.64890726398542,0.04116102381469181,63.43494882292177,2,6.0507062675985805,True,13.586513933438777,15.397572416129226,12.019612551091587
9,2000.0,434061.4018922028,4006328.020300613,-75.73345954060248,36.1995221966398,ok,126.6774740271547,IW,0,22353.72876312452,1468.1338104300064,52,51,9.813915412584636,10.119433538880346,0.0,0.0434365663767158,affine_dtft,44.23447430415936,9,identified,1,138.8397445467665,58.10317916699296,142.0032502336585,0.04424677109038668,56.309932474020094,1,5.49714783983361,True,13.550885150782761,15.357582255796714,11.987481861294176
9,2050.0,434108.45819908375,4006344.923080938,-75.73293757485678,36.199677779798094,ok,130.10662878638828,IW,0,22358.73785772141,1469.0455696535726,52,51,9.813104386043234,10.11948866622651,0.0,0.042685071821189094,affine_dtft,44.23711207108737,9,identified,1,138.12104161908067,56.38144644785368,117.80582228695597,0.05333509995689993,57.52880770915146,3,4.9100549504775195,True,14.425937100765779,16.341373348643504,12.775807624757077
9,2100.0,434155.51450596476,4006361.825861263,-75.73241560701084,36.19983336069963,ok,120.39260741504378,IW,0,22363.74736483434,1469.9572565855406,52,51,9.812312765243188,10.119543736664056,0.0,0.04194563995276264,affine_dtft,44.23975005372691,9,identified,2,111.88100644587881,54.73758861736356,119.03758207367079,0.0527832067631465,54.462322208025576,4,4.901735574267603,True,12.050064841733697,13.677704041000394,10.63171893456175
9,2150.0,434202.5708128457,4006378.7286415882,-75.7318936370647,36.199988939344365,ok,112.78624683024859,IW,0,22368.757274615997,1470.8688725780382,52,51,9.811540563709414,10.119598749670127,0.0,0.041198314899599894,affine_dtft,44.24238824688591,9,identified,3,113.25152364922272,55.50850028521195,119.03758207367079,0.0527832067631465,54.462322208025576,4,4.182817208803452,True,10.396665434080468,11.836233940418598,9.133785813069553
9,2200.0,434249.62711972673,4006395.6314219134,-75.73137166501839,36.20014451573225,ok,111.53135296607174,IW,0,22373.767577210318,1471.780418983792,52,51,9.810787790790163,10.11965370541718,0.0,0.040453208905137934,affine_dtft,44.24502664536763,9,identified,3,104.146410890293,89.98807262476699,104.07880040726285,0.060369501594881296,63.43494882292184,5,4.382086751334621,True,10.139831164910266,11.550908797548782,8.900788583567415
9,2250.0,434296.6834266077,4006412.534202239,-75.73084969087195,36.20030008986326,ok,102.95866819587462,IW,0,22378.778262752683,1472.6918971567395,52,51,9.810054450474352,10.119708601146932,0.0,0.03971045154820059,affine_dtft,44.247665243970886,9,identified,3,128.61398561200266,58.16982397035187,103.97144730968249,0.06043183460229139,66.03751102542165,4,3.551981171674347,True,8.497211848498765,9.729638338254015,7.409401823205513
9,2300.0,434343.7397334887,4006429.436982564,-75.7303277146254,36.200455661737344,ok,,IW,0,22383.789321372165,1473.6033084519163,52,51,9.809340550390548,10.119763439180241,0.0,0.038970174098306075,affine_dtft,44.250304037491084,9,identified,1,128.0473677794219,58.8621596570202,107.93907746708058,0.05821047811989909,71.56505117707775,8,2.944567249210477,False,,,
9,2350.0,434390.79604036966,4006446.3397628893,-75.7298057362788,36.200611231354486,ok,90.35405936151433,IW,0,22388.800743190288,1474.5146542243988,52,51,9.808646089400815,10.119818220762989,0.0,0.038232514795812446,affine_dtft,44.25294302071971,9,identified,3,87.30932314078976,64.1022991137612,84.74684299288238,0.0741406415305322,65.55604521958337,4,4.480625315716102,True,6.4071977559610405,7.4176726634049475,5.511663413404473
9,2400.0,434437.8523472507,4006463.2425432145,-75.72928375583217,36.20076679871462,ok,89.46406283178123,IW,0,22393.81251832031,1475.42593583113,52,51,9.807971076287483,10.119872946195324,0.0,0.037497630624265824,affine_dtft,44.25558218844389,9,identified,3,87.27960983744498,64.274597672826,84.74684299288238,0.0741406415305322,65.55604521958337,4,5.130605107560536,True,6.273139006851938,7.269419618286511,5.390072669508026
9,2450.0,434484.90865413164,4006480.1453235396,-75.72876177328553,36.200922363817725,ok,92.3655397273615,IW,0,22398.824636868787,1476.3371546288681,52,51,9.807315520713546,10.11992761134047,0.0,0.03676568547513908,affine_dtft,44.258221535447205,9,identified,2,86.80593540396286,65.19416782874062,87.9511041506101,0.07143952731304057,66.37062226934306,3,5.748799200699034,True,6.716522342654933,7.759726210765636,5.792319481766707
9,2500.0,434531.96496101265,4006497.048103865,-75.72823978863894,36.201077926663736,ok,98.31350721838284,IW,0,22403.837088936005,1477.2483119756373,52,51,9.80667942111285,10.119982220794018,0.0,0.036036848390814856,affine_dtft,44.26086105650994,9,identified,1,95.49188540155461,64.07404281416214,100.41146119075007,0.06257438376724264,64.44003482817605,5,4.743554837442529,True,7.6841185783412325,8.829814221746407,6.670851076630586
9,2550.0,434579.0212678936,4006513.95088419,-75.72771780189241,36.201233487252644,ok,103.07289520233658,IW,0,22408.849864615426,1478.1594092299488,52,51,9.806062790617576,10.120036774086905,0.0,0.03531131537082907,affine_dtft,44.263500746408766,9,identified,1,108.20157395398105,63.204544815347965,103.97144730968249,0.06043183460229139,66.03751102542165,2,5.153953165362329,True,8.517865544474471,9.752506561671407,7.428161948530392
9,2600.0,434626.07757477456,4006530.8536645155,-75.72719581304601,36.20138904558442,ok,107.1914309547448,IW,0,22413.862953992684,1479.0704477521836,52,51,9.805465626631708,10.120091270303911,0.0,0.034589293228547896,affine_dtft,44.266140599916255,9,identified,1,110.62274939829139,62.14264604921119,114.4866804479891,0.05488136508625573,63.434948822921854,1,5.26142856295685,True,9.284415904477674,10.601764451669842,8.124334428378077
9,2650.0,434673.1338816556,4006547.7564448407,-75.72667382209973,36.20154460165898,ok,108.56491740263623,IW,0,22418.876347149355,1479.9814289011156,52,51,9.804887942529525,10.1201457081614,0.0,0.033881750081647066,affine_dtft,44.268780611802825,9,identified,1,111.47292218969929,61.467704288114476,108.54378291265117,0.0578861832394019,57.99461679191643,2,5.390048447290118,True,9.549726263011484,10.895966775144434,8.365215753432562
9,2700.0,434720.19018853654,4006564.659225166,-75.72615182905365,36.20170015547632,ok,110.04993083100814,IW,0,22423.890034158885,1480.8923540383294,52,51,9.804329732772567,10.120200092504883,0.0,0.03316750102242091,affine_dtft,44.27142077683462,9,identified,1,110.89671721092192,61.500956797772325,108.54378291265117,0.0578861832394019,57.99461679191643,2,5.245081065236634,True,9.842180141147987,11.220449664907727,8.630681376388269
9,2750.0,434767.24649541755,4006581.562005491,-75.72562983390775,36.20185570703638,ok,108.9407434267629,IW,0,22428.904005090488,1481.8032245247277,52,51,9.803791009442811,10.120254418320005,0.0,0.03245748254757126,affine_dtft,44.27406108977555,9,identified,1,110.4233274697738,61.65291672527155,107.27889343020712,0.058568699827867485,65.2248594311679,3,4.6515793059040105,True,9.62318628687041,10.977453592621266,8.4319030676535
9,2800.0,434814.3028022985,4006598.464785816,-75.72510783666212,36.20201125633914,ok,117.30561025701473,IW,0,22433.91825000574,1482.7140417228895,52,51,9.80327177011759,10.120308689264757,0.0,0.031751971192254085,affine_dtft,44.27670154538549,9,identified,1,114.32404513625578,61.9621953702942,111.39651445154215,0.05640378730083869,67.61986494804023,4,3.994694845892312,True,11.358501753200793,12.90642561672565,10.005655876031435
9,2850.0,434861.3591091795,4006615.3675661413,-75.72458583731675,36.202166803384536,ok,,IW,0,22438.932758962655,1483.624806994698,52,51,9.802772028130537,10.120362901192609,0.0,0.031051278410200205,affine_dtft,44.279342138422464,9,identified,1,128.93777366385152,60.74286333228361,119.48695166736583,0.052584698324810004,76.50426671920393,6,2.6993430024982072,False,,,
9,2900.0,434908.4154160605,4006632.2703464665,-75.7240638358717,36.202322348172565,ok,127.47242384171206,IW,0,22443.947522013263,1484.5355217038052,52,51,9.802291780654057,10.120417059350396,0.0,0.03035573788075761,affine_dtft,44.2819828636413,9,identified,1,141.5785088777459,59.523641805162896,142.0032502336585,0.04424677109038668,56.309932474020094,1,3.0340555107194014,True,13.750071412143754,15.581221461146209,12.167076649887374
9,2950.0,434955.4717229415,4006649.173126792,-75.72354183232702,36.20247789070315,ok,125.63105694960461,IW,0,22448.962529203225,1485.4461872138613,52,51,9.801831036223367,10.120471160147009,0.0,0.029665695838223118,affine_dtft,44.28462371579353,9,identified,1,143.14759001909397,60.152557707786016,142.0032502336585,0.04424677109038668,56.309932474020094,1,3.5207338185080976,True,13.291982622875473,15.067148663840637,11.75391840151447
9,3000.0,435002.52802982245,4006666.075907117,-75.7230198266827,36.202633430976285,ok,121.31105493630616,IW,0,22453.977770575337,1486.3568048885938,52,51,9.80138978840322,10.120525209939842,0.0,0.028981553071267423,affine_dtft,44.28726468962913,9,identified,1,132.57268864902233,62.35414284877391,114.4866804479891,0.05488136508625573,63.434948822921854,3,3.3290645024455556,True,12.261461341031211,13.913799523446805,10.822937310823413
9,3050.0,435049.58433670347,4006682.9786874424,-75.72249781893879,36.2027889689919,ok,112.80233935065124,IW,0,22458.99323616618,1487.2673760931484,52,51,9.800968058539938,10.120579194566066,0.0,0.028303730878533898,affine_dtft,44.28990577989481,9,identified,1,109.01112932343116,60.53601801551241,104.03104688311235,0.06039721309581047,61.69924423399351,3,3.7038610059974344,True,10.399987348277252,11.839925505572278,9.136798957088883
9,3100.0,435096.6406435844,4006699.8814677675,-75.72197580909534,36.202944504749986,ok,105.5021116298994,IW,0,22464.008916008603,1488.1779021924667,52,51,9.800565837962575,10.120633134781217,0.0,0.027632693447692678,affine_dtft,44.29254698133532,9,identified,1,105.4692864227102,60.991195030044935,104.03104688311235,0.06039721309581047,61.69924423399351,3,3.9639461805255474,True,8.964797495156926,10.24753075093457,7.834090146570055
9,3150.0,435143.69695046544,4006716.7842480927,-75.72145379715239,36.203100038250476,ok,102.50725535720284,IW,0,22469.02480013055,1489.0883845517928,52,51,9.800183123335193,10.120687014894171,0.0,0.02696893750336322,affine_dtft,44.29518828869284,9,identified,2,105.5878451356794,62.12864076375608,99.45967230538379,0.06317319534180162,60.94539590092275,4,3.7363082446963083,True,8.415905179657665,9.63962008331887,7.335548828857925
9,3200.0,435190.7532573464,4006733.687028418,-75.72093178310995,36.20325556949336,ok,,IW,0,22474.04087855604,1489.9988245372847,52,51,9.799819937696066,10.1207408380986,0.0,0.026324647953382994,affine_dtft,44.29782969670746,9,identified,3,113.61494672467772,65.11270579626853,114.4866804479891,0.05488136508625573,63.434948822921854,3,2.991188279213567,False,,,
9,3250.0,435237.8095642274,4006750.589808743,-75.72040976696805,36.203411098478576,ok,,IW,0,22479.057141305944,1490.9092235148878,52,51,9.799476272642426,10.120794609550412,0.0,0.025677243017926447,affine_dtft,44.30047120011763,9,identified,1,137.17259322482164,66.2779568920138,133.10641840531056,0.047204224878527004,74.93151184050751,7,2.3289778335948137,False,,,
9,3300.0,435284.86587110837,4006767.4925890686,-75.71988774872675,36.20356662520609,ok,136.52426399338955,IW,0,22484.07357839593,1491.819582851528,52,51,9.7991521226787,10.120848324102138,0.0,0.025038920402060086,affine_dtft,44.30311279365903,9,identified,1,137.1278879999003,66.58601154187313,140.65721748345732,0.04467019481541039,74.05460409907685,6,3.077041767038364,True,16.18039677103746,18.324993579264163,14.350768948828867
9,3350.0,435331.9221779894,4006784.3953693938,-75.71936572838607,36.20372214967587,ok,134.14609004987946,IW,0,22489.090179838342,1492.729903914254,52,51,9.798847505512903,10.120901984420087,0.0,0.0244103858750648,affine_dtft,44.30575447206564,9,identified,1,138.35584120492678,64.54072519249655,134.45778724835563,0.04672979851716567,66.80140948635159,4,3.76589276039699,True,15.511684319807642,17.567069347896826,13.751415193033457
9,3400.0,435378.97848487034,4006801.298149719,-75.71884370594604,36.203877671887874,ok,132.71918568377342,IW,0,22494.10693564366,1493.6401880698052,52,51,9.798562418397692,10.120955589948522,0.0,0.023792410298785604,affine_dtft,44.30839623007041,9,identified,1,134.8951458808996,63.41493937800804,134.45778724835563,0.04672979851716567,66.80140948635159,4,4.0918340689544435,True,15.121117583888632,17.125484927955608,13.400808951790669
9,3450.0,435426.0347917513,4006818.200930044,-75.71832168140672,36.20403319184205,ok,130.73467773385244,IW,0,22499.123835817878,1494.5504366859284,52,51,9.798296857938881,10.121009141975076,0.0,0.023185843175536968,affine_dtft,44.31103806240394,9,identified,1,127.19648944915032,60.739226933892795,127.01156821934926,0.04946939397148858,60.255118703057654,2,4.924686973382252,True,14.590751385936972,16.527060623024145,12.924090140389898
9,3500.0,435473.0910986323,4006835.103710369,-75.71779965476811,36.20418870953837,ok,129.49364122901804,IW,0,22504.140870364205,1495.4606511302452,52,51,9.798050833312388,10.121062635456932,0.0,0.022591587309184948,affine_dtft,44.31367996379538,9,identified,1,126.46570010748086,60.42510228113817,127.01156821934926,0.04946939397148858,60.255118703057654,2,4.859200998223923,True,14.266455308468197,16.161815182410887,12.63226164563928
10,250.0,432491.77239560126,4005523.039157992,-75.75084848339795,36.19215713482499,touches_land_or_unmapped,,,,,,,,,,,,,,,,,,,,,,,,,,,
10,300.0,432538.6785535769,4005540.354248057,-75.75032830737773,36.19231649948955,touches_land_or_unmapped,,,,,,,,,,,,,,,,,,,,,,,,,,,
10,350.0,432585.5847115525,4005557.6693381225,-75.74980812921461,36.192475861913984,touches_land_or_unmapped,,,,,,,,,,,,,,,,,,,,,,,,,,,
10,400.0,432632.4908695281,4005574.984428188,-75.74928794890863,36.19263522209825,ok,92.18694331637512,IW,0,22197.970012098533,1417.0038649538822,52,51,9.848883725790651,10.115889849818561,0.0,0.0680329746144646,affine_dtft,44.15249823168598,8,identified,1,98.19922821828195,78.58370745514468,91.58934435839126,0.06860170635781969,79.69515353123374,2,8.714480804916516,True,6.688699270909192,7.728959899548285,5.7670699564919055
10,450.0,432679.3970275037,4005592.299518253,-75.74876776645979,36.192794580042296,ok,91.86727386259125,IW,0,22202.95296684418,1417.9612679108832,52,51,9.847474288205579,10.115951644702564,0.0,0.06724673796886144,affine_dtft,44.15512220920406,9,identified,1,95.01653793736544,80.3858050951776,92.55699533595988,0.06788449953861529,77.47119229084826,5,5.606746489833824,True,6.639074123761956,7.674085045091146,5.72203733946456
10,500.0,432726.3031854793,4005609.614608318,-75.74824758186816,36.1929539357461,ok,91.08403992019501,IW,0,22207.93663376403,1418.9185567840868,52,51,9.84608392765689,10.116013367950586,0.0,0.06645163965828249,affine_dtft,44.15774656035527,9,identified,2,87.26992790640146,75.43600185525304,92.41449025477422,0.0679891788599136,74.29136217098404,6,3.7056978166883807,True,6.518432685778311,7.540679692333651,5.612573904545109
10,550.0,432773.2093434549,4005626.9296983834,-75.74772739513374,36.19311328920961,ok,92.3924591253149,IW,0,22212.921003401803,1419.8757328784036,52,51,9.844712646331068,10.116075026162877,0.0,0.06565680936709171,affine_dtft,44.16037128015357,9,identified,3,87.21608783085142,72.46985705720999,90.90826550123958,0.06911566591372169,73.49563861824477,5,3.465328228452436,True,6.720722145919812,7.764370283207492,5.796130897210368
10,600.0,432820.1155014305,4005644.244788449,-75.74720720625656,36.19327264043279,ok,94.5455682896896,IW,0,22217.90606628734,1420.8327975006155,52,51,9.84336046904599,10.116136611728749,0.0,0.06486226259340098,affine_dtft,44.16299636360555,9,identified,2,315.9040645179448,161.38095323904443,87.9511041506101,0.07143952731304057,66.37062226934306,3,3.9601121982893615,True,7.061852789828807,8.141591808554978,6.105778184456655
10,650.0,432867.02165940613,4005661.559878514,-75.74668701523669,36.19343198941561,ok,97.65048573215088,IW,0,22222.891812936337,1421.7897519597468,52,51,9.842027396147719,10.116198131344586,0.0,0.06406800182176561,affine_dtft,44.16562180571041,9,identified,2,312.2462992388369,165.21397181284775,98.13144038399065,0.06402825926729837,63.43494882292192,3,3.817908631442498,True,7.572246831656216,8.706065387510984,6.5692457940284035
10,700.0,432913.92781738174,4005678.874968579,-75.74616682207414,36.19359133615799,ok,103.09960186267215,IW,0,22227.878233852578,1422.7465975651849,52,51,9.84071344303729,10.116259584751848,0.0,0.06327405112930018,affine_dtft,44.16824760146103,9,identified,3,104.72705728626798,64.4591692206156,103.32254115783341,0.06081137026606343,70.34617594194648,3,3.6488754917747137,True,8.522699095079906,9.757858469178203,7.432552338525743
10,750.0,432960.83397535735,4005696.1900586444,-75.74564662676894,36.19375068065995,ok,112.40093848222125,IW,0,22232.865319525914,1423.7033356290376,52,51,9.839418616306174,10.116320968990749,0.0,0.062480422631024324,affine_dtft,44.170873745842954,9,identified,1,110.86184535388527,63.301411063567244,107.93907746708058,0.05821047811989909,71.56505117707775,2,3.5229951963773707,True,10.31734275394115,11.748093324793713,9.06183256523501
10,800.0,433007.74013333296,4005713.5051487098,-75.74512642932113,36.19391002292142,ok,119.66620785509426,IW,0,22237.853060433634,1424.6599674646568,52,51,9.838142928403267,10.116382285532296,0.0,0.06168712520340348,affine_dtft,44.173500233835135,9,identified,1,118.80799204504208,63.46762087483828,118.15384615384599,0.0531780006467023,67.38013505195934,3,3.789205953626768,True,11.884725168405446,13.49315746208268,10.482108470037044
10,850.0,433054.64629130857,4005730.820238775,-75.74460622973075,36.19406936294235,ok,125.8932570731987,IW,0,22242.84144703921,1425.616494386869,52,51,9.83688639099938,10.116443535404382,0.0,0.0608941811606093,affine_dtft,44.176127060409186,9,identified,3,130.24353745214577,64.35403640217712,134.45778724835563,0.04672979851716567,66.80140948635159,4,4.363163605216648,True,13.35650735858347,15.139505344384702,11.812141124899636
10,900.0,433101.5524492842,4005748.13532884,-75.74408602799781,36.19422870072272,ok,131.53824278879495,IW,0,22247.830469794473,1426.5729177123626,52,51,9.835649011242186,10.116504720330498,0.0,0.060101599022525015,affine_dtft,44.178754220530635,9,identified,3,136.10007931639137,65.84348737420527,134.45778724835563,0.04672979851716567,66.80140948635159,4,4.459866820216017,True,14.803737178985902,16.76721222856218,13.1156154318523
10,950.0,433148.4586072598,4005765.4504189054,-75.74356582412234,36.19438803626247,ok,134.27681513240546,IW,0,22252.820119139604,1427.5292387585018,52,51,9.83443080175966,10.11656583343978,0.0,0.059309401258620754,affine_dtft,44.18138170915885,9,identified,1,132.78147228184224,67.54761618864363,134.45778724835563,0.04672979851716567,66.80140948635159,4,3.7597934337120664,True,15.547860065513701,17.608010315432555,13.783869555818708
10,1000.0,433195.3647652354,4005782.7655089707,-75.7430456181044,36.19454736956159,ok,135.28372455115283,IW,0,22257.81038550059,1428.4854588454384,52,51,9.833231766137718,10.116626884987635,0.0,0.05851760499642188,affine_dtft,44.18400952124571,9,identified,1,128.7926341000045,66.47629913062597,136.1640060450618,0.04614424538229467,77.19573393471296,6,4.329939383465242,True,15.828756830768059,17.92614255742447,14.035752130274096
10,1050.0,433242.27092321095,4005800.080599036,-75.74252540994402,36.19470670062001,ok,135.49020887685217,IW,0,22262.801259292846,1429.441579293763,52,51,9.832051919588418,10.116687867298568,0.0,0.057726229765054426,affine_dtft,44.186637651737556,9,identified,3,126.24776428162195,66.14494353858595,131.84670787189867,0.04765523090105735,78.11134196037173,5,3.644630083373049,True,15.88685663878766,17.99199650899636,14.087824241183945
10,1100.0,433289.17708118656,4005817.395689101,-75.74200519964121,36.1948660294377,ok,135.83434941968434,IW,0,22267.792730919173,1430.3976014258153,52,51,9.830891271247362,10.116748783925315,0.0,0.05693529527918812,affine_dtft,44.18926609557402,9,identified,3,123.92621673104838,66.17409501733248,139.4923343420925,0.04504323005858254,87.39743779749979,6,3.4267143233879387,True,15.984069297271368,18.10222417232194,14.1749307798606
10,1150.0,433336.08323916217,4005834.7107791663,-75.74148498719603,36.19502535601463,ok,,IW,0,22272.784790770766,1431.3535265653052,52,51,9.82974982490386,10.11680963203595,0.0,0.056144818672833295,affine_dtft,44.191894847688665,9,identified,3,119.4044556938517,66.96894070586644,135.33564937320222,0.04642668311180187,82.40535663140824,4,2.331177901488925,False,,,
10,1200.0,433382.9893971378,4005852.0258692317,-75.74096477260849,36.19518468035076,ok,,IW,0,22277.777429227714,1432.309356038018,52,51,9.828627589608365,10.116870417234347,0.0,0.05535482206966716,affine_dtft,44.194523903009205,9,identified,2,114.69342297372023,67.76675562676245,135.33564937320222,0.04642668311180187,82.40535663140824,4,2.130002586279338,False,,,
10,1250.0,433429.8955551134,4005869.340959297,-75.74044455587863,36.195344002446035,ok,,IW,0,22282.770636658086,1433.2650911699866,52,51,9.82752458576748,10.116931136368782,0.0,0.054565335480441714,affine_dtft,44.197153256456986,9,identified,2,111.73594993238497,67.67329758064784,115.57532630693886,0.05436441763091401,73.610459665965,4,3.4442031562629225,True,,,
10,1300.0,433476.801713089,4005886.656049362,-75.73992433700649,36.195503322300425,ok,,IW,0,22287.76440341961,1434.2207332893527,52,51,9.826440811901898,10.116991786642615,0.0,0.0537763795143027,affine_dtft,44.19978290294793,9,identified,2,112.67143974606005,67.88389737437906,120.41851536135255,0.05217790045264193,88.31531568210336,8,2.1695442877251474,False,,,
10,1350.0,433523.7078710646,4005903.9711394273,-75.73940411599209,36.1956626399139,ok,,IW,0,22292.75871985819,1435.1762837251495,52,51,9.825376277753692,10.117052372494411,0.0,0.05298798287407717,affine_dtft,44.20241283739171,9,identified,2,115.35964175261857,100.13316730473659,123.61147193005185,0.050830114786878836,95.19442890773438,8,2.2008952335196668,False,,,
10,1400.0,433570.6140290402,4005921.2862294926,-75.73888389283547,36.1958219552864,ok,119.48391430468375,IW,0,22297.753576309377,1436.131743808235,52,51,9.824330992670378,10.117112890671665,0.0,0.052200167927074013,affine_dtft,44.20504305469255,9,identified,2,120.0050190363894,92.63869870631332,122.00470591327283,0.05149953241677411,96.8427734126305,6,3.0039956912853936,True,11.843487028790296,13.44714371758109,10.444786405512993
10,1450.0,433617.5201870158,4005938.601319558,-75.73836366753666,36.195981268417896,ok,120.65749573316339,IW,0,22302.74896309792,1437.08711487023,52,51,9.823304963400144,10.117173349410292,0.0,0.05141296807395704,affine_dtft,44.207673549748996,9,identified,2,122.20542745058695,89.49149705356304,109.43546878142905,0.057414523619656925,94.08561677997449,3,4.3126182131841775,True,12.110763528724563,13.745478136937793,10.686631688956593
10,1500.0,433664.4263449914,4005955.916409623,-75.7378434400957,36.19614057930834,ok,121.36164459025117,IW,0,22307.744870538078,1438.0423982444468,52,51,9.822298201884509,10.117233735858381,0.0,0.050627378791195006,affine_dtft,44.21030431745403,9,identified,1,124.58972518637873,87.26670735514139,127.01156821934933,0.04946939397148855,82.8749836510979,2,4.582878530078668,True,12.273182125327436,13.926894471565054,10.833537061367897
10,1550.0,433711.33250296704,4005973.2314996882,-75.7373232105126,36.196299887957714,ok,122.86608199969594,IW,0,22312.74128893427,1438.9975952652433,52,51,9.821310711950803,10.117294060391544,0.0,0.04987188816396414,affine_dtft,44.212935352695474,9,identified,1,125.69537573181772,86.27956628756235,124.17824001860234,0.05059811852896565,75.96375653207325,3,5.427441185990575,True,12.625442061678955,14.320692289863976,11.15199017948566
10,1600.0,433758.23866094265,4005990.5465897536,-75.73680297878744,36.196459194365964,ok,126.88436683550944,IW,0,22317.738208579973,1439.9527072680082,52,51,9.820342503071895,10.117354320533916,0.0,0.04910815240753675,affine_dtft,44.21556665035539,9,identified,1,127.03470444642875,85.68795152136957,124.17824001860234,0.05059811852896565,75.96375653207325,3,7.243063195892604,True,13.602515823511265,15.415534895128664,12.03404246613369
10,1650.0,433805.14481891826,4006007.861679819,-75.73628274492019,36.19661849853304,ok,127.38743178373893,IW,0,22322.735619759922,1440.9077355891604,52,51,9.819393584378426,10.117414518400693,0.0,0.04834577879701719,affine_dtft,44.21819820531121,9,identified,1,125.66513388123889,85.73494579359149,129.52689296049664,0.04850873176658259,71.56505117707776,4,5.988013394899928,True,13.728671300921231,15.557185938035355,12.147785517326295
10,1700.0,433852.05097689386,4006025.176769884,-75.73576250891094,36.196777800458925,ok,130.95243382675014,IW,0,22327.73351274856,1441.862681566708,52,51,9.81846396333446,10.117474642952045,0.0,0.04758484401168742,affine_dtft,44.22083001243495,9,identified,1,122.80667929906323,86.71660517546547,129.52689296049664,0.04850873176658259,71.56505117707776,4,4.969116629075824,True,14.648232501564953,16.591851813856294,12.97579028913993
10,1750.0,433898.9571348695,4006042.491859949,-75.73524227075968,36.19693710014355,ok,134.51743586976139,IW,0,22332.731877810187,1442.8175465395457,52,51,9.817553644106868,10.117534709913944,0.0,0.04682540536400939,affine_dtft,44.223462066593314,9,identified,1,122.18213546431845,87.75694454727387,129.52689296049664,0.04850873176658259,71.56505117707776,4,4.1711803397987985,True,15.614622314482059,17.683584749696667,13.84375491989876
10,1800.0,433945.8632928451,4006059.8069500146,-75.73472203046646,36.19709639758691,ok,139.14183873045914,IW,0,22337.730705200556,1443.7723318484602,52,51,9.816662640330618,10.11759471147337,0.0,0.046067536523621305,affine_dtft,44.226094362648425,9,identified,2,123.45243001154763,87.99164393491566,142.0032502336585,0.04424677109038668,56.309932474020094,1,4.605553876911536,True,16.943181095883048,19.192572314578292,15.032909739805232
10,1850.0,433992.7694508207,4006077.12204008,-75.73420178803131,36.197255692788936,ok,143.76624159115687,IW,0,22342.729985166312,1444.7270388334434,52,51,9.815790950290477,10.11765464826136,0.0,0.04531132079388151,affine_dtft,44.228726895457676,9,identified,2,140.0992340613676,58.42476671662811,142.0032502336585,0.04424677109038668,56.309932474020094,1,4.705668954675504,True,18.363883107303664,20.817821667614265,16.29873074772327
10,1900.0,434039.6756087963,4006094.437130145,-75.7336815434543,36.19741498574962,ok,148.39064445185463,IW,0,22347.72970794402,1445.6816688380236,52,51,9.81493858574517,10.117714522872788,0.0,0.04455683460341157,affine_dtft,44.231359659873135,9,identified,2,141.8303834978388,59.791919104725515,152.64890726398542,0.04116102381469181,63.43494882292177,2,5.751122287732003,True,19.886255187993083,22.574390808877055,17.6477551920448
10,1950.0,434086.5817667719,4006111.75222021,-75.7331612967354,36.19757427646887,ok,145.3923080489928,IW,0,22352.72986376354,1446.6362232038803,52,51,9.814105557554296,10.117774329768737,0.0,0.04380416771587317,affine_dtft,44.2339926507433,9,identified,2,142.05085132286376,61.03742119820452,152.64890726398542,0.04116102381469181,63.43494882292177,2,6.218985239241186,True,18.887057799922598,21.419634216048877,16.76323223743126
10,2000.0,434133.4879247475,4006129.0673102755,-75.73264104787467,36.1977335649467,ok,142.27753567649057,IW,0,22357.730442844255,1447.5907032760888,52,51,9.813291866552992,10.117834074744422,0.0,0.043053408072812854,affine_dtft,44.23662586291121,9,identified,1,141.66914271860145,60.674411861184396,152.64890726398542,0.04116102381469181,63.43494882292177,2,5.019122761090308,True,17.89592150006438,20.2810720618583,15.882486697549306
10,2050.0,434180.3940827231,4006146.382400341,-75.73212079687215,36.19789285118304,ok,135.55527063842766,IW,0,22362.731435397505,1448.5451104001238,52,51,9.812497515049035,10.117893757455583,0.0,0.04230466146522438,affine_dtft,44.239259291215596,9,identified,1,140.20594705479436,58.95198879875949,127.01156821934926,0.04946939397148858,60.255118703057654,4,5.030338144547122,True,15.905198813474025,18.0127904520057,14.104261559185765
10,2100.0,434227.30024069874,4006163.6974904058,-75.73160054372786,36.19805213517787,ok,128.58665364302175,IW,0,22367.732831626938,1449.4994459217069,52,51,9.81172252550021,10.117953373824678,0.0,0.04155802903689383,affine_dtft,44.24189293049118,9,identified,2,110.94838587384459,54.7416597963639,126.42938837114738,0.049697189776277365,57.094757077011955,5,4.509614265748129,True,14.032953088503579,15.899129649963767,12.421985381223147
10,2150.0,434274.20639867435,4006181.012580471,-75.73108028844186,36.19821141693113,ok,122.57109023778085,IW,0,22372.734621728418,1450.4537111878412,52,51,9.810966890243598,10.118012931308423,0.0,0.040813632396415465,affine_dtft,44.24452677556859,9,identified,2,105.86092881802576,91.66792980563787,119.03758207367079,0.0527832067631465,54.462322208025576,4,4.392428380318259,True,12.555801590193814,14.242802879291224,11.089051127098495
10,2200.0,434321.11255664995,4006198.3276705365,-75.73056003101415,36.1983706964428,ok,119.15220601805218,IW,0,22377.736795889163,1451.4079075464042,52,51,9.810230613506388,10.11807242109703,0.0,0.04007158624818179,affine_dtft,44.24716082127385,9,identified,3,105.55430931306626,90.3307751637914,117.80582228695597,0.05333509995689993,57.52880770915146,3,3.309754522789477,True,11.768709062260342,13.363721000214694,10.377102521142236
10,2250.0,434368.01871462556,4006215.642760602,-75.73003977144477,36.19852997371283,ok,,IW,0,22382.73934428894,1452.3620363465348,52,51,9.80951371050343,10.118131848395349,0.0,0.0393320213928821,affine_dtft,44.249795062429115,9,ambiguous_multiple_blobs,3,105.75274188257909,89.26090519123899,127.01156821934926,0.04946939397148858,60.255118703057654,2,3.324104125273886,False,,,
10,2300.0,434414.9248726012,4006232.9578506667,-75.72951950973376,36.19868924874116,ok,106.75800881127032,IW,0,22387.742257099948,1453.3160989376204,52,51,9.808816185088883,10.118191215256015,0.0,0.038595085526151186,affine_dtft,44.252429493852496,9,identified,2,106.6627517395033,89.09911004524845,113.33603134043462,0.055438550590380074,71.56505117707775,7,3.4502853350155798,True,9.201712926409538,10.51008530689041,8.049237404833057
10,2350.0,434461.8310305768,4006250.272940732,-75.72899924588114,36.198848521527786,ok,99.29432927718385,IW,0,22392.745524487913,1454.2700966700677,52,51,9.808138036677452,10.11825051863412,0.0,0.037860919681175796,affine_dtft,44.25506411035874,9,identified,1,106.3358593157076,88.89163077278964,107.93907746708058,0.05821047811989909,71.56505117707775,8,3.0640429732554537,True,7.8515043680329795,9.014992091475344,6.822884039572993
10,2400.0,434508.7371885524,4006267.5880307974,-75.72847897988697,36.19900779207266,ok,99.51775565989709,IW,0,22397.74913661069,1455.2240308955968,52,51,9.807479276245877,10.118309758802244,0.0,0.037129690773114093,affine_dtft,44.257698906758435,9,identified,3,141.46256968202005,58.73105553876307,87.9511041506101,0.07143952731304057,66.37062226934306,3,4.659879722684904,True,7.889951772634698,9.057530164362547,6.857806079507021
10,2450.0,434555.643346528,4006284.903120863,-75.72795871175126,36.19916706037573,ok,97.64483885374668,IW,0,22402.753083619464,1456.1779029655904,52,51,9.806839910290183,10.11836893613722,0.0,0.036401574256248605,affine_dtft,44.26033387785863,9,identified,3,91.07573244857541,66.92804737443201,87.9511041506101,0.07143952731304057,66.37062226934306,3,5.968622592940141,True,7.5712984366307525,8.705016348573505,6.568384455538301
10,2500.0,434602.5495045036,4006302.2182109277,-75.72743844147405,36.19932632643695,ok,98.95435944992838,IW,0,22407.757355658785,1457.1317142332393,52,51,9.806219938470214,10.118428049432692,0.0,0.035676753956205454,affine_dtft,44.26296901846292,9,identified,1,97.86511893481457,66.41060439978827,100.41146119075007,0.06257438376724264,64.44003482817605,5,5.4882940071994275,True,7.793228787803753,8.950519089988608,6.769952626954159
10,2550.0,434649.4556624792,4006319.533300993,-75.72691816905537,36.199485590256316,ok,104.26147470940418,IW,0,22412.76194286663,1458.0854660521966,52,51,9.80561936858369,10.118487102556983,0.0,0.034955436219466555,affine_dtft,44.26560432337138,9,identified,1,108.88550750653755,63.409927028420725,103.97144730968249,0.06043183460229139,66.03751102542165,2,5.52011327093591,True,8.734696049194431,9.992626892339901,7.625107197108449
10,2600.0,434696.3618204548,4006336.8483910584,-75.72639789449525,36.19964485183375,ok,108.38001046181239,IW,0,22417.76683537436,1459.039159776402,52,51,9.805038211739786,10.118546098626178,0.0,0.034237841000089995,affine_dtft,44.26823978738066,9,identified,1,112.04669927634822,61.836609748797564,114.4866804479891,0.05488136508625573,63.434948822921854,1,5.400644172593984,True,9.51372065393397,10.856031305085047,8.332528260032285
10,2650.0,434743.26797843043,4006354.1634811237,-75.72587761779373,36.19980411116922,ok,110.00647480619261,IW,0,22422.77202330805,1459.992796760219,52,51,9.804476462669903,10.118605025780672,0.0,0.03353502647123848,affine_dtft,44.270875405284585,9,identified,1,112.80670481485761,60.95791923842779,114.4866804479891,0.05488136508625573,63.434948822921854,1,5.6336689952014565,True,9.833538425483898,11.210858666250719,8.622838141287254
10,2700.0,434790.17413640604,4006371.4785711886,-75.72535733895084,36.199963368262715,ok,110.66796403029753,IW,0,22427.77749678748,1460.9463783597762,52,51,9.803934131206931,10.118663894414468,0.0,0.03282566713320077,affine_dtft,44.27351117187368,9,identified,1,112.37666127049475,61.14106631722592,108.54378291265117,0.0578861832394019,57.99461679191643,2,6.160041828373112,True,9.965633544271991,11.35748395550704,8.742720695784929
10,2750.0,434837.08029438165,4006388.793661254,-75.72483705796661,36.20012262311415,ok,110.88569320208748,IW,0,22432.783245926177,1461.8999059308703,52,51,9.80341122045334,10.118722699283683,0.0,0.03212079873957872,affine_dtft,44.276147081935164,9,identified,1,112.46223583282497,61.6964805720828,108.54378291265117,0.0578861832394019,57.99461679191643,2,5.793857486986838,True,10.009371393070612,11.406042269215586,8.78241137361251
10,2800.0,434883.98645235726,4006406.1087513193,-75.72431677484107,36.200281875723526,ok,113.39067075635951,IW,0,22437.78926083289,1462.8533808300006,52,51,9.80290773462288,10.118781442140664,0.0,0.03142072084124294,affine_dtft,44.27878313025377,9,identified,1,115.49837736001078,62.137822464385984,107.27889343020712,0.058568699827867485,65.2248594311679,3,5.374441727127521,True,10.521930666977363,11.975459072070603,9.247399182868486
10,2850.0,434930.89261033287,4006423.4238413847,-75.72379648957427,36.20044112609079,ok,117.08422781769914,IW,0,22442.795531610278,1463.8068044148577,52,51,9.802423679892282,10.1188401277679,0.0,0.030725751228340623,affine_dtft,44.28141931161097,9,identified,1,123.44507942752132,61.46879976781338,115.57532630693886,0.05436441763091401,73.610459665965,4,3.681114708872828,True,11.310006911704681,12.85240038141133,9.961726654693885
10,2900.0,434977.7987683085,4006440.7389314496,-75.72327620216622,36.200600374215874,ok,120.77778487903875,IW,0,22447.802048356647,1464.7601780424309,52,51,9.801959055168158,10.118898750170892,0.0,0.03003624851282423,affine_dtft,44.284055620785985,9,identified,2,136.6194671294337,60.6105730371303,127.01156821934926,0.04946939397148858,60.255118703057654,2,3.135106179424841,True,12.138399617861534,13.776340025003373,10.711631365631906
10,2950.0,435024.7049262841,4006458.054021515,-75.72275591261698,36.20075962009878,ok,122.88317065038852,IW,0,22452.808801164665,1465.7135030716981,52,51,9.801513866869884,10.118957311014816,0.0,0.029352590692492332,affine_dtft,44.28669205255506,9,identified,1,139.09287991933925,60.798231538267366,127.01156821934926,0.04946939397148858,60.255118703057654,2,3.6126656603545233,True,12.629484853169428,14.325214520835754,11.155643661169405
10,3000.0,435071.6110842597,4006475.3691115803,-75.72223562092654,36.200918863739446,ok,121.47686197153098,IW,0,22457.815780122648,1466.6667808607676,52,51,9.801088120796999,10.119015813608067,0.0,0.028675194236207357,affine_dtft,44.289328601692134,9,identified,1,132.5915276230368,62.127401566485226,127.01156821934926,0.04946939397148858,60.255118703057654,2,3.3353135690389015,True,12.299906137871574,13.956753533760423,10.85770415336012
10,3050.0,435118.51724223525,4006492.6842016457,-75.72171532709497,36.201078105137846,ok,117.78330491019138,IW,0,22462.82297531426,1467.6200127692548,52,51,9.800681820524833,10.119074251888359,0.0,0.02800450722208791,affine_dtft,44.291965262968695,9,identified,1,116.10000152446663,58.76821303879683,117.80582228695597,0.05333509995689993,57.52880770915146,3,3.9355347516920376,True,11.463638332528229,13.02357806005527,10.10088238377302
10,3100.0,435165.42340021086,4006509.9992917106,-75.72119503112229,36.20123734429392,ok,114.08974784885174,IW,0,22467.830376819005,1468.573200156344,52,51,9.800294967448052,10.11913263319077,0.0,0.02734102517743725,affine_dtft,44.29460203115407,9,identified,1,111.36044814299416,59.16526766212798,108.54378291265117,0.0578861832394019,57.99461679191643,2,4.525950538506053,True,10.668091991241598,12.137964056384792,9.379942097284594
10,3150.0,435212.32955818647,4006527.314381776,-75.72067473300854,36.201396581207646,ok,115.30871788604402,IW,0,22472.83797471211,1469.5263443820934,52,51,9.799927561091145,10.119190948881817,0.0,0.02668528005365381,affine_dtft,44.29723890101528,9,identified,2,109.16882553746102,59.76339505743839,108.54378291265117,0.0578861832394019,57.99461679191643,2,3.5727620988492146,True,10.926271644267382,12.425162972820067,9.614002482630715
10,3200.0,435259.2357161621,4006544.6294718413,-75.72015443275373,36.20155581587898,ok,118.36883710971492,IW,0,22477.84575906407,1470.4794468069556,52,51,9.799579613239269,10.11924920771772,0.0,0.026037851774588828,affine_dtft,44.29987586731691,9,identified,3,112.61595270656878,62.017959356550186,108.54378291265117,0.0578861832394019,57.99461679191643,2,3.4479459130726893,True,11.593438221580245,13.168262347051717,10.218424632751425
10,3250.0,435306.1418741377,4006561.9445619066,-75.71963413035793,36.20171504830788,ok,123.6448498939548,IW,0,22482.853719942323,1471.432508791663,52,51,9.799251122829713,10.11930740746264,0.0,0.02539936995494935,affine_dtft,44.30251292482191,9,identified,1,125.01554963971263,65.78553269780997,133.10641840531056,0.047204224878527004,74.93151184050751,7,3.1034540095090626,True,12.81063978124891,14.527917637798302,11.319322261370207
10,3300.0,435353.0480321133,4006579.2596519715,-75.71911382582114,36.20187427849431,ok,128.8276507610957,IW,0,22487.861847411747,1472.38553169672,52,51,9.798942091488236,10.119365544457626,0.0,0.024770533234174313,affine_dtft,44.305150068291866,9,identified,1,135.32025437766967,65.38164776369673,133.10641840531056,0.047204224878527004,74.93151184050751,7,3.347277264690011,True,14.09471188446093,15.968582988482675,12.477613282900084
10,3350.0,435399.9541900889,4006596.574742037,-75.71859351914341,36.20203350643823,ok,132.52120782243531,IW,0,22492.870131531596,1473.3385168840039,52,51,9.798652516967518,10.11942362373505,0.0,0.024152079681405005,affine_dtft,44.307787292485436,9,identified,1,136.4420552862054,63.28042805915565,134.9238468338506,0.04656838249591931,71.56505117707773,5,3.795884261223148,True,15.067543899615918,17.06497357743581,13.352686108033877
10,3400.0,435446.8603480645,4006613.889832102,-75.71807321032476,36.20219273213958,ok,131.30223778524305,IW,0,22497.87856235936,1474.2914657147196,52,51,9.798382412292005,10.119481640802741,0.0,0.023544826604074386,affine_dtft,44.310424592160324,9,identified,1,134.9001287193324,62.192939334400684,134.45778724835563,0.04672979851716567,66.80140948635159,4,3.879807998890193,True,14.74093612981306,16.696378305462172,13.059153711872368
10,3450.0,435493.7665060401,4006631.2049221676,-75.71755289936524,36.20235195559835,ok,130.8511926302262,IW,0,22502.887129949628,1475.2443795506947,52,51,9.798131772288713,10.119539598346067,0.0,0.02294965928160909,affine_dtft,44.313061962072716,9,identified,1,130.223439213431,61.618825240864275,127.01156821934926,0.04946939397148858,60.255118703057654,2,4.84347796452788,True,14.621486167262804,16.561702089066415,12.951734867073032
10,3500.0,435540.6726640157,4006648.5200122325,-75.71703258626486,36.2025111768145,ok,129.49364122901804,IW,0,22507.89582435337,1476.1972597539984,52,51,9.79790060208045,10.119597498256377,0.0,0.022367543682050947,affine_dtft,44.31569939697688,9,identified,1,128.50177369655293,61.49856785626744,127.01156821934926,0.04946939397148858,60.255118703057654,2,4.435724564968465,True,14.266455308468197,16.161815182410887,12.63226164563928
11,250.0,432569.20916832023,4005322.4376714234,-75.74997002846466,36.190354135439286,touches_land_or_unmapped,,,,,,,,,,,,,,,,,,,,,,,,,,,
11,300.0,432615.4504816598,4005341.4571598666,-75.74945740276107,36.190528814873105,touches_land_or_unmapped,,,,,,,,,,,,,,,,,,,,,,,,,,,
11,350.0,432661.6917949994,4005360.4766483093,-75.74894477474803,36.19070349213309,touches_land_or_unmapped,,,,,,,,,,,,,,,,,,,,,,,,,,,
11,400.0,432707.93310833897,4005379.4961367524,-75.74843214442556,36.19087816721921,ok,96.85256121182648,IW,0,22202.353385868042,1396.7414909872073,52,51,9.847671031431474,10.114244386990707,0.0,0.06759620595482245,affine_dtft,44.154849764905556,7,identified,1,100.4581880970232,76.39188047902525,98.08141160664577,0.06406091841722486,73.30075576600615,2,7.022666953634417,True,7.438968709956821,8.558650437688282,6.448205980967702
11,450.0,432754.1744216786,4005398.515625195,-75.7479195117937,36.19105284013141,ok,94.51097694641892,IW,0,22207.29796066141,1397.8757098838207,52,51,9.846288907210795,10.114321895562318,0.0,0.06680156432102237,affine_dtft,44.15745317309539,8,identified,1,99.30158240510302,77.24294732189013,93.1336800139518,0.06746415803862083,75.96375653207333,3,5.35011128488537,True,7.056290263745629,8.135440590109335,6.100728122726964
11,500.0,432800.4157350182,4005417.5351136383,-75.74740687685245,36.19122751086967,ok,93.19900238725715,IW,0,22212.24322976667,1399.0098149056473,52,51,9.844925575445785,10.114399311822204,0.0,0.06599797822070444,affine_dtft,44.16005694517307,8,identified,3,89.09217280128424,63.699054194458434,99.34259201488187,0.06324764816120705,75.96375653207332,8,3.2530161827252293,True,6.847297833341635,7.9043356333215415,5.911010670604278
11,550.0,432846.65704835777,4005436.554602081,-75.74689423960187,36.191402179433915,ok,93.20900814272613,IW,0,22217.189183935752,1400.1438073330187,52,51,9.84358103052456,10.114476635483948,0.0,0.06520386432776604,affine_dtft,44.16266107626219,9,identified,3,312.16120015058203,161.0537871943547,87.48622415019622,0.07181913916404283,70.01689347809987,4,3.4626669207625036,True,6.848877159723524,7.906082032538655,5.91244417507867
11,600.0,432892.8983616974,4005455.5740905236,-75.74638160004197,36.19157684582413,ok,95.24678037150245,IW,0,22222.13581390535,1401.277688448967,52,51,9.84225529606799,10.11455386689502,0.0,0.06441005603812347,affine_dtft,44.165265561478336,9,identified,3,315.84138458384655,162.42723732519732,87.9511041506101,0.07143952731304057,66.37062226934306,3,3.981145052910449,True,7.175195356477952,8.266932028818566,6.2086843548880255
11,650.0,432939.13967503695,4005474.593578967,-75.74586895817276,36.19175151004027,ok,96.9660774619422,IW,0,22227.0831104009,1402.4114595374926,52,51,9.840948382319148,10.11463100517558,0.0,0.06361655493108538,affine_dtft,44.16787039593116,9,identified,2,302.15512387839834,164.30962899732035,98.13144038399065,0.06402825926729837,63.43494882292192,3,4.015124300391726,True,7.4578395042730605,8.579522078300998,6.465343407709805
11,700.0,432985.38098837656,4005493.6130674095,-75.74535631399428,36.19192617208227,ok,101.05664812531907,IW,0,22232.031064134208,1403.545121883307,52,51,9.839660294217587,10.114708054713818,0.0,0.06282338094650285,affine_dtft,44.17047557472314,9,identified,2,105.75653172717566,65.20064024160483,103.32254115783341,0.06081137026606343,70.34617594194648,3,4.125956238563708,True,8.158000445533162,9.354144487234725,7.101283195022824
11,750.0,433031.6223017161,4005512.6325558526,-75.74484366750656,36.19210083195012,ok,108.75230496942649,IW,0,22236.979665804276,1404.6786767746057,52,51,9.838391041674742,10.114785010259917,0.0,0.06203054491670579,affine_dtft,44.17308109294999,9,identified,1,110.23382868798898,63.89361673263893,107.93907746708058,0.05821047811989909,71.56505117707775,2,4.607173795094428,True,9.58630689898941,10.936542976210228,8.398424311149041
11,800.0,433077.86361505574,4005531.6520442953,-75.74433101870962,36.19227548964375,ok,116.01757434229951,IW,0,22241.92890609806,1405.8121254990622,52,51,9.837140639838825,10.114861873409891,0.0,0.061238069529100346,affine_dtft,44.17568694570107,9,identified,1,117.1324951452617,63.732501201036264,107.93907746708058,0.05821047811989909,71.56505117707775,2,4.565843816604177,True,11.07837261204272,12.594452617552385,9.751853853920005
11,850.0,433124.1049283953,4005550.6715327385,-75.74381836760348,36.19245014516314,ok,122.24462356040397,IW,0,22246.87877569085,1406.945469347587,52,51,9.835909095448596,10.114938647620072,0.0,0.06044596470237079,affine_dtft,44.17829312805961,9,identified,3,126.58727656312263,64.28042986672902,126.42938837114735,0.04969718977627738,69.77514056883173,5,5.076858218227999,True,12.479055656066254,14.156987699026155,11.01968000642222
11,900.0,433170.3462417349,4005569.691021181,-75.74330571418817,36.19262479850821,ok,127.54836551665896,IW,0,22251.829265244243,1408.0787096107981,52,51,9.834696414681199,10.115015330880123,0.0,0.05964481605552289,affine_dtft,44.180899635101625,9,identified,3,132.1179915023039,65.90938878048463,134.45778724835563,0.04672979851716567,66.80140948635159,4,4.715617338951225,True,13.76921392121605,15.60272305470049,12.184331819472193
11,950.0,433216.58755507454,4005588.7105096243,-75.74279305846372,36.192799449678986,ok,131.38460292110756,IW,0,22256.78036540944,1409.2118475827876,52,51,9.833502611963626,10.115091921456285,0.0,0.05885347908776223,affine_dtft,44.18350646189764,9,identified,3,128.57544335433184,66.90184689335102,134.45778724835563,0.04672979851716567,66.80140948635159,4,4.663402812513182,True,14.762830045010444,16.72107049544353,13.07883868515873
11,1000.0,433262.8288684141,4005607.729998067,-75.74228040043016,36.19297409867536,ok,134.49937529360975,IW,0,22261.732066825003,1410.3448845569064,52,51,9.83232769248505,10.11516842337345,0.0,0.058062568497879365,affine_dtft,44.18611360351153,9,identified,2,124.21944674662697,66.46297255637722,134.45778724835563,0.04672979851716567,66.80140948635159,4,5.136379356349192,True,15.60960336960206,17.677902523317666,13.839253365139722
11,1050.0,433309.0701817537,4005626.74948651,-75.7417677400875,36.19314874549732,ok,131.57784478970612,IW,0,22266.684360118285,1411.4778218294666,52,51,9.831171673330399,10.115244832860085,0.0,0.057272099388811545,affine_dtft,44.18872105500125,9,identified,2,122.29111245416885,65.73978045481353,127.12026448932349,0.04942709435368816,65.55604521958325,3,4.757609843161449,True,14.814295573457503,16.77912302835448,13.12510707980084
11,1100.0,433355.3114950933,4005645.768974953,-75.74125507743577,36.19332339014481,ok,130.85785917504376,IW,0,22271.63723590443,1412.6106606981343,52,51,9.83003455261628,10.115321149574147,0.0,0.056482102170090094,affine_dtft,44.19132881141834,9,identified,3,121.31774539626134,65.39144681526996,142.00325023365838,0.044246771090386716,86.82016988013535,5,4.018471926554908,True,14.623246204259184,16.563685980219343,12.953317882223136
11,1150.0,433401.5528084329,4005664.7884633956,-75.74074241247502,36.19349803261781,ok,126.13724393968957,IW,0,22276.590684788396,1413.7434024607799,52,51,9.828916341978891,10.115397381118212,0.0,0.05569259213848474,affine_dtft,44.19393686780896,9,identified,4,118.17870775566881,66.27664283949282,119.85013472883753,0.05242535038776029,69.44395478041629,2,4.555596228886081,True,13.416758595575839,15.2070855308696,11.866499933019352
11,1200.0,433447.79412177246,4005683.8079518387,-75.74022974520523,36.193672672916264,ok,,IW,0,22281.544697363872,1414.8760484173488,52,51,9.827817063038067,10.115473519139249,0.0,0.05490359463194894,affine_dtft,44.19654521921332,9,identified,2,113.74381507822953,67.28514065933032,135.33564937320222,0.04642668311180187,82.40535663140824,4,2.07828922567691,False,,,
11,1250.0,433494.0354351121,4005702.8274402814,-75.73971707562644,36.193847311040116,ok,,IW,0,22286.499264212664,1416.0085998691995,52,51,9.82673670500855,10.11554957005433,0.0,0.05426122097858695,affine_dtft,44.199153860665405,9,identified,2,165.9441379283027,169.43554118267102,115.57532630693886,0.05436441763091401,73.610459665965,4,3.017604922761258,True,,,
11,1300.0,433540.27674845164,4005721.8469287246,-75.73920440373871,36.194021946989366,ok,,IW,0,22291.454375906927,1417.1410581192629,52,51,9.825675289797134,10.115625526175089,0.0,0.053473168876723924,affine_dtft,44.2017627871941,9,identified,3,161.5386777714819,169.2014950476712,119.7517490495968,0.052468422023442186,100.78429786756216,5,2.0235494191633183,False,,,
11,1350.0,433586.51806179126,4005740.8664171672,-75.73869172954203,36.19419658076391,ok,,IW,0,22296.410023007622,1418.273424470423,52,51,9.824632815554017,10.115701398502353,0.0,0.05268570338035118,affine_dtft,44.20437199382236,9,identified,2,111.7447362043574,104.37654127914661,116.96787822339279,0.05371718631314791,113.96248897457772,9,2.5089377595547666,False,,,
11,1400.0,433632.7593751309,4005759.8859056104,-75.73817905303645,36.19437121236375,ok,,IW,0,22301.366196065614,1419.40570022799,52,51,9.823609301135031,10.115777173707782,0.0,0.05189885684843862,affine_dtft,44.20698147556787,9,identified,1,109.24254386636058,97.77521688742885,117.26813886748006,0.05357964548478046,113.62937773065637,8,2.914696290957478,False,,,
11,1450.0,433679.00068847043,4005778.905394053,-75.73766637422197,36.19454584178884,ok,119.73339537113009,IW,0,22306.32288562104,1420.5378866983608,52,51,9.822604748078808,10.115852865506413,0.0,0.05111264900030076,affine_dtft,44.209591227442615,9,identified,1,117.79248338458957,92.59330383239083,119.13619116036429,0.05273951807576298,111.44773632710488,7,3.299026416023491,True,11.899949900752734,13.51014679356083,10.495886722921213
11,1500.0,433725.24200181005,4005797.9248824962,-75.73715369309863,36.19472046903912,ok,120.84460653299814,IW,0,22311.280082205776,1421.6699851883425,52,51,9.821619169832395,10.115928468527352,0.0,0.05033695667428767,affine_dtft,44.21220124445427,9,identified,2,124.27120247549647,89.4840720650005,115.88575493442363,0.05421878910600408,84.80557109226491,5,4.666330477279999,True,12.1537711885804,13.793507017639763,10.725535960926068
11,1550.0,433771.4833151496,4005816.944370939,-75.73664100966646,36.19489509411457,ok,121.51133323011898,IW,0,22316.237776338727,1422.8019970070038,52,51,9.820652565887626,10.116003979331474,0.0,0.04957338044572483,affine_dtft,44.21481152160365,9,identified,1,126.72927417426857,86.75916482530853,124.17824001860234,0.05059811852896565,75.96375653207325,3,5.136273515317061,True,12.307909675243987,13.965696493233212,10.864941676956109
11,1600.0,433817.72462848923,4005835.963859382,-75.73612832392548,36.19506971701513,ok,122.5197430017666,IW,0,22321.19595853172,1423.9339234636313,52,51,9.819704947659263,10.116079403758249,0.0,0.04881116305685367,affine_dtft,44.21742205388785,9,identified,1,122.7450351147207,65.97607943841223,124.17824001860234,0.05059811852896565,75.96375653207325,3,7.340830917051771,True,12.543708269273717,14.229278982565793,11.078120617632626
11,1650.0,433863.9659418288,4005854.983347825,-75.7356156358757,36.19524433774076,ok,124.74490565875172,IW,0,22326.15461928681,1425.0657658689227,52,51,9.818776326260457,10.116154736494638,0.0,0.04804064674529155,affine_dtft,44.22003283629882,9,identified,1,123.7046687274215,65.08080419870812,124.17824001860234,0.05059811852896565,75.96375653207325,3,9.03503371263606,True,13.075615791466719,14.824644873646065,11.558621622757824
11,1700.0,433910.2072551684,4005874.0028362675,-75.73510294551717,36.195418956291434,ok,128.30990770176294,IW,0,22331.113749094602,1426.1975255354587,52,51,9.81786670443243,10.116229983777353,0.0,0.047281300262886745,affine_dtft,44.22264386382244,9,identified,1,125.91014545691479,64.42220832418808,124.17824001860234,0.05059811852896565,75.96375653207325,5,4.94453807398172,True,13.962286280388932,15.819679509105589,12.35832321305402
11,1750.0,433956.44856850797,4005893.0223247106,-75.73459025284991,36.195593572667086,ok,129.3428246225531,IW,0,22336.073338439073,1427.3292037754488,52,51,9.81697608710979,10.116305140008874,0.0,0.04652351642544326,affine_dtft,44.225255131441166,9,identified,2,121.28247215003711,87.74160543710468,127.01156821934926,0.04946939397148858,60.255118703057654,2,4.171497366305071,True,14.227424436468704,16.11788885300582,12.597121805200496
11,1800.0,434002.6898818476,4005912.0418131533,-75.73407755787395,36.19576818686769,ok,122.11293365903052,IW,0,22341.033377794232,1428.4608019025989,52,51,9.816104489837288,10.116380210063765,0.0,0.04576736887485292,affine_dtft,44.22786663413217,9,identified,2,123.46785787625204,88.7202736133749,142.0032502336585,0.04424677109038668,56.309932474020094,1,4.491719076310025,True,12.448194212010922,14.122485546176037,10.99178112624312
11,1850.0,434048.9311951872,4005931.0613015965,-75.73356486058928,36.195942798893206,ok,,IW,0,22345.993857625308,1429.5923212325686,52,51,9.815251914664348,10.116455191728008,0.0,0.045012936226154564,affine_dtft,44.230478366867956,9,ambiguous_multiple_blobs,3,144.29717739500632,57.846241702716064,142.0032502336585,0.04424677109038668,56.309932474020094,1,4.509168089291864,False,,,
11,1900.0,434095.17250852677,4005950.080790039,-75.73305216099598,36.19611740874357,ok,131.82371254993572,IW,0,22350.954768388052,1430.7237630809457,52,51,9.814418365046826,10.116530080782992,0.0,0.044260305016084724,affine_dtft,44.2330903246161,9,identified,2,146.8363018785838,61.00666175331589,95.25867616451202,0.06595919196198471,82.87498365109792,3,6.880005460013865,True,14.87997786395469,16.853230668617705,13.184147118642828
11,1950.0,434141.4138218664,4005969.1002784823,-75.73253945909403,36.19629201641876,ok,128.0757920463584,IW,0,22355.916100531787,1431.8551287645896,52,51,9.813603858242425,10.116604888964448,0.0,0.0435095676381394,affine_dtft,44.23570250234076,9,identified,2,143.38457421575106,64.04427610547215,152.64890726398542,0.04116102381469181,63.43494882292177,2,7.710591404767343,True,13.902715450220356,15.752721832808428,12.304648471754717
11,2000.0,434187.65513520595,4005988.119766925,-75.73202675488349,36.196466621918745,ok,127.69101763257645,IW,0,22360.87784449544,1432.9864196017577,52,51,9.8128083816688,10.116679608284372,0.0,0.04276082302456796,affine_dtft,44.23831489500063,9,identified,1,140.2945061480386,65.10849324265632,137.38401653758697,0.0457344709052131,63.43494882292177,3,5.7635464561686875,True,13.805226191819113,15.643177755581576,12.216791315452204
11,2050.0,434233.89644854557,4006007.139255368,-75.73151404836437,36.19664122524345,ok,134.0296410752872,IW,0,22365.839990711156,1434.1176369107554,52,51,9.812031959312721,10.116754238225411,0.0,0.042004049897220314,affine_dtft,44.24092749755081,9,identified,1,139.8619576150679,64.80028121697643,127.01156821934926,0.04946939397148858,60.255118703057654,4,4.692990810440652,True,15.479515396235985,17.530668726081387,13.722552578879473
11,2100.0,434280.1377618851,4006026.158743811,-75.73100133953668,36.19681582639285,ok,126.25541517804568,IW,0,22370.802529603523,1435.248782011329,52,51,9.811274595787385,10.116828779768714,0.0,0.0412595523768936,affine_dtft,44.24354030494244,9,identified,1,108.85595441480956,55.24679941543321,126.15191997744864,0.04980649766014493,70.82099197418908,6,3.846423966561221,True,13.446012873359706,15.239903799816608,11.892890475614424
11,2150.0,434326.37907522474,4006045.1782322535,-75.73048862840048,36.1969904253669,ok,123.47326483816033,IW,0,22375.765451587566,1436.3798562243503,52,51,9.810536288319474,10.116903232994826,0.0,0.0405173745976516,affine_dtft,44.246153312121606,9,identified,1,109.35320939419071,90.70539772204279,126.95179337806577,0.04949268647563013,67.06789956241005,7,4.208784120655798,True,12.76966647190062,14.482059434616666,11.282307168865785
11,2200.0,434372.6203885643,4006064.1977206967,-75.72997591495576,36.197165022165564,ok,122.26373208044393,IW,0,22380.72874707329,1437.510860870893,52,51,9.809817043726312,10.116977605741148,0.0,0.03977765354642938,affine_dtft,44.24876651403177,9,identified,3,107.7463529848263,89.37315179412131,113.77777777777767,0.05522330836388313,89.99999999999966,2,5.199155687309855,True,12.483538316376398,14.16199947422094,11.023732206862086
11,2250.0,434418.8617019039,4006083.2172091394,-75.72946319920257,36.197339616788796,ok,,IW,0,22385.692406460625,1438.6417972733643,52,51,9.809116877374906,10.11705188274271,0.0,0.03904051501163755,affine_dtft,44.25137990561108,9,ambiguous_multiple_blobs,3,106.07814014538198,88.47627950161865,127.01156821934926,0.04946939397148858,60.255118703057654,2,4.041175157531437,False,,,
11,2300.0,434465.10301524354,4006102.2366975825,-75.72895048114093,36.19751420923655,ok,112.6571231427699,IW,0,22390.656420145155,1439.7726667544264,52,51,9.808435787844303,10.117126078961997,0.0,0.0383061125861454,affine_dtft,44.25399348179538,9,identified,2,105.63757491102,88.319816215723,122.17343718848369,0.05142840744904451,72.64597536373844,4,3.939968469619773,True,10.370037043022728,11.806643511566481,9.109632079921791
11,2350.0,434511.3443285831,4006121.256186025,-75.72843776077086,36.19768879950879,ok,107.7395466053273,IW,0,22395.620778512814,1440.90347063837,52,51,9.807773781646855,10.117200186516394,0.0,0.03757461071317986,affine_dtft,44.256607237515446,9,identified,1,105.29121346681727,87.83652264777469,111.64452184078684,0.05627849180222083,72.55281157671759,8,3.164497773712112,True,9.389701841257173,10.718497956266175,8.219931518921026
11,2400.0,434557.5856419227,4006140.2756744684,-75.7279250380924,36.19786338760547,ok,107.08186400046418,IW,0,22400.58547194469,1442.0342102489801,52,51,9.807130862168957,10.117274208709361,0.0,0.03683562911923768,affine_dtft,44.25922116769951,9,identified,1,139.4476915914537,58.97900527932559,103.03275576403142,0.06098240564941811,71.56505117707782,7,4.872232755576882,True,9.263463100908837,10.578536221983759,8.105308972597994
11,2450.0,434603.8269552623,4006159.295162911,-75.72741231310555,36.19803797352655,ok,103.44146602470394,IW,0,22405.550490815174,1443.164886912079,52,51,9.80650703852159,10.117348142222761,0.0,0.0361103633384943,affine_dtft,44.26183526727224,9,identified,2,92.42358177933765,69.00645695688968,94.10747162800727,0.06676606223165867,72.89727103094741,5,5.869505406821274,True,8.584727805898703,9.826542458247168,7.488893573000959
11,2500.0,434650.0682686019,4006178.314651354,-75.72689958581034,36.198212557271994,ok,104.0098977461444,IW,0,22410.515825490642,1444.2955019533847,52,51,9.805902313036503,10.117421993035316,0.0,0.03538854293215403,affine_dtft,44.26444953115413,9,identified,1,95.7272714048692,68.86440069764454,104.45113358101169,0.06015430461849784,72.181111085477,6,6.457333678597717,True,8.6885078005096,9.941471120745817,7.583155851087327
11,2550.0,434696.30958194146,4006197.334139797,-75.72638685620683,36.198387138841746,ok,106.30068268293594,IW,0,22415.4814663329,1445.426056699283,52,51,9.805316689623748,10.117495757096137,0.0,0.034811556977585804,affine_dtft,44.26706395426322,9,identified,1,107.44594946134684,63.33663476456316,103.97144730968249,0.06043183460229139,66.03751102542165,4,5.6737985012711425,True,9.11497405902931,10.41394693129736,7.970471541058404
11,2600.0,434742.5508952811,4006216.35362824,-75.72587412429502,36.198561718235766,ok,109.1879449398647,IW,0,22420.44740369674,1446.5565524769881,52,51,9.804750178771998,10.117569432106327,0.0,0.03409645631754451,affine_dtft,44.269678531513904,9,identified,1,112.30979393032842,61.27737303916152,114.4866804479891,0.05488136508625573,63.434948822921854,1,5.8538512889029635,True,9.671708928986906,11.031284857438237,8.475949869783319
11,2650.0,434788.79220862064,4006235.3731166827,-75.72536139007494,36.19873629545402,ok,110.00647480619261,IW,0,22425.413627931215,1447.6869906149116,52,51,9.804202775479718,10.117643025620616,0.0,0.03338543707022108,affine_dtft,44.27229325781752,9,identified,1,113.02052569632856,60.65222661760617,114.4866804479891,0.05488136508625573,63.434948822921854,1,5.9722602352133665,True,9.833538425483898,11.210858666250719,8.622838141287254
11,2700.0,434835.03352196026,4006254.3926051254,-75.72484865354659,36.198910870496455,ok,110.92094192678636,IW,0,22430.38012938094,1448.8173724403289,52,51,9.803674496101298,10.117716526951941,0.0,0.03267876066480198,affine_dtft,44.27490812808309,9,identified,1,112.84252324001422,61.269586998316676,108.54378291265117,0.0578861832394019,57.99461679191643,2,6.922127574099149,True,10.016464323535835,11.41391737738071,8.788847809615012
11,2750.0,434881.2748352998,4006273.4120935686,-75.72433591471004,36.199085443363046,ok,111.65437506795772,IW,0,22435.34689838291,1449.9476992834757,52,51,9.803165332561624,10.11778994935207,0.0,0.03197670485711474,affine_dtft,44.27752313721561,9,identified,1,113.26107448992214,62.28308978676805,108.54378291265117,0.0578861832394019,57.99461679191643,2,6.674049430830036,True,10.164817788317556,11.578659643268914,8.923459164715982
11,2800.0,434927.51614863944,4006292.4315820113,-75.72382317356528,36.19926001405374,ok,114.15935262222975,IW,0,22440.313925270537,1451.0779724730457,52,51,9.802675297697373,10.117863286553213,0.0,0.03126849222511913,affine_dtft,44.280138280118166,9,identified,1,115.18117647367363,62.61933336425556,108.54378291265117,0.0578861832394019,57.99461679191643,2,6.300801038005065,True,10.682720375035364,12.154231500129185,9.393206100335696
11,2850.0,434973.75746197905,4006311.4510704544,-75.72331043011236,36.19943458256848,ok,115.5632450496244,IW,0,22445.281200370948,1452.2081933393588,52,51,9.802204397870074,10.117936536098886,0.0,0.030576566431587588,affine_dtft,44.2827535516906,9,identified,1,119.84763707304461,61.51465218632117,118.15384615384599,0.0531780006467023,67.38013505195934,3,3.8862890929050775,True,10.980718790838008,12.485755065339013,9.663352274195649
11,2900.0,435019.9987753186,4006330.470558897,-75.7227976843513,36.19960914890726,ok,123.92811187987623,IW,0,22450.248714006833,1453.3383632131872,52,51,9.801752623081248,10.11800970126249,0.0,0.02989026626801234,affine_dtft,44.28536894683035,9,identified,2,134.76530564359692,60.28853190842824,127.01156821934926,0.04946939397148858,60.255118703057654,2,3.0391083250800537,True,12.878490802783874,14.603872446310836,11.380611453189657
11,2950.0,435066.24008865823,4006349.4900473403,-75.72228493628212,36.199783713070005,ok,,IW,0,22455.216456496808,1454.468483425115,52,51,9.801319990271576,10.118082782455675,0.0,0.02920999557896635,affine_dtft,44.28798446043276,9,identified,1,140.84502572668248,59.52650656753258,142.0032502336585,0.04424677109038668,56.309932474020094,1,2.9897497207312447,False,,,
11,3000.0,435112.4814019978,4006368.509535783,-75.72177218590484,36.19995827505668,ok,128.45805223982825,IW,0,22460.18441815428,1455.5985553066466,52,51,9.800906492558418,10.118155775493381,0.0,0.028536170084636193,affine_dtft,44.2906000873904,9,identified,1,139.608895904156,60.145110151852236,142.0032502336585,0.04424677109038668,56.309932474020094,1,3.322882942610414,True,14.000081260626853,15.862169323616271,12.392373274502763
11,3050.0,435158.7227153374,4006387.529024226,-75.7212594332195,36.200132834867254,ok,126.15661575672992,IW,0,22465.152589287798,1456.7285801897604,52,51,9.800512148651427,10.11822868776228,0.0,0.02786926181938951,affine_dtft,44.2932158225933,9,identified,1,135.24031612244397,61.20974062059797,127.01156821934926,0.04946939397148858,60.255118703057654,2,3.2893261140179346,True,13.421551002510475,15.212461540199072,11.87082332851956
11,3100.0,435204.964028677,4006406.548512669,-75.72074667822612,36.200307392501685,ok,126.15661575672992,IW,0,22470.120960202345,1457.8585594066217,52,51,9.80013694527731,10.118301515191925,0.0,0.02720977202437886,affine_dtft,44.2958316609296,9,identified,1,119.5099733422014,56.00906281759994,117.80582228695597,0.05333509995689993,57.52880770915146,3,3.6006073462227732,True,13.421551002510475,15.212461540199072,11.87082332851956
11,3150.0,435251.2053420166,4006425.568001112,-75.72023392092471,36.200481947959915,ok,120.87440426442039,IW,0,22475.089521199214,1458.9884942896413,52,51,9.799780897356625,10.118374256886831,0.0,0.02655825499915288,affine_dtft,44.2984475972855,9,identified,2,107.86115175982171,58.06789732333978,117.80582228695597,0.05333509995689993,57.52880770915146,3,3.967443038472815,True,12.160630313717856,13.80116757334923,10.731740358985599
11,3200.0,435297.44665535615,4006444.5874895547,-75.71972116131533,36.2006565012419,ok,,IW,0,22480.058262574745,1460.1183861721297,52,51,9.799443999896571,10.118446913113548,0.0,0.025903552990111448,affine_dtft,44.30106362654461,9,identified,2,107.79230141064062,58.934304228366976,108.54378291265117,0.0578861832394019,57.99461679191643,2,2.9446382872805765,False,,,
11,3250.0,435343.68796869577,4006463.6069779973,-75.71920839939797,36.20083105234762,ok,,IW,0,22485.027174623785,1461.2482363868567,52,51,9.799126258151436,10.118519486802212,0.0,0.025269738697348856,affine_dtft,44.30367974358974,9,identified,1,115.37533421079429,64.49067587511415,117.2681388674801,0.05357964548478044,76.75948008481254,4,2.9802714947044944,False,,,
11,3300.0,435389.9292820354,4006482.6264664405,-75.71869563517268,36.201005601277025,ok,,IW,0,22489.99624763477,1462.3780462679317,52,51,9.798827680070744,10.118591977129267,0.0,0.02464584771043468,affine_dtft,44.30629594330031,9,identified,1,124.9054285279333,67.2975414405254,130.5167734769931,0.04814082619263613,77.73522627210731,6,2.997427808757164,False,,,
11,3350.0,435436.17059537495,4006501.645954883,-75.71818286863947,36.20118014803007,ok,127.85000979973172,IW,0,22494.96547189555,1463.5078171485602,52,51,9.798548259624887,10.118664383642413,0.0,0.024032651680346944,affine_dtft,44.3089122205555,9,identified,1,131.88729776736787,65.22950693581875,129.52689296049664,0.04850873176658259,71.56505117707776,4,3.281967202431763,True,13.845446947613526,15.688366833704569,12.25304073933756
11,3400.0,435482.41190871457,4006520.6654433263,-75.71767009979837,36.2013546926067,ok,127.64039940463611,IW,0,22499.934837689634,1464.6375503630754,52,51,9.798288007765438,10.118736705231338,0.0,0.02343098080795948,affine_dtft,44.3115285702321,9,identified,1,130.79993053173953,61.67719437763043,127.01156821934926,0.04946939397148858,60.255118703057654,2,4.229503764018846,True,13.79243961268719,15.628813188050279,12.205266516430397
11,3450.0,435528.6532220541,4006539.684931769,-75.71715732864942,36.2015292350069,ok,127.64039940463611,IW,0,22504.904335297982,1465.7672472455467,52,51,9.79804692156856,10.1188089440928,0.0,0.022841750161643415,affine_dtft,44.314144987205644,9,identified,1,130.47071729501062,61.30642838694206,127.01156821934926,0.04946939397148858,60.255118703057654,2,4.845234917670585,True,13.79243961268719,15.628813188050279,12.205266516430397
11,3500.0,435574.89453539375,4006558.704420212,-75.71664455519262,36.20170377523061,ok,127.01156821934926,IW,0,22509.873954999395,1466.8969091304073,52,51,9.797825002574742,10.118881104204247,0.0,0.022265939312336447,affine_dtft,44.31676146635051,9,identified,1,133.6656823951929,61.41008398392787,127.01156821934926,0.04946939397148858,60.255118703057654,2,4.698771339004206,True,13.634332214382908,15.451252776383246,12.062731683719282
12,250.0,432648.51937962143,4005148.016814897,-75.74907302764916,36.188787274395835,touches_land_or_unmapped,,,,,,,,,,,,,,,,,,,,,,,,,,,
12,300.0,432692.9850037334,4005170.8818159318,-75.74858048743968,36.188996493306774,touches_land_or_unmapped,,,,,,,,,,,,,,,,,,,,,,,,,,,
12,350.0,432737.45062784536,4005193.7468169667,-75.74808794458355,36.189205710214374,ok,99.79190798630542,IW,0,22202.293032933045,1378.1444352359083,52,51,9.847713074855118,10.112722956501043,0.0,0.06776144566198385,affine_dtft,44.15485610532702,2,identified,1,99.64488685584257,75.1210287870256,98.08141160664577,0.06406091841722486,73.30075576600615,2,11.480299121819145,True,7.93729009878932,9.109907286688195,6.900804236244775
12,400.0,432781.9162519573,4005216.6118180016,-75.7475953990808,36.189414925118605,ok,99.79190798630542,IW,0,22207.1220205979,1379.682037406988,52,51,9.846362198007238,10.112835378156403,0.0,0.06696725139008966,affine_dtft,44.15739779056803,6,identified,1,101.06297497243716,75.56842545248102,105.49291311259303,0.05956025975388049,74.05460409907697,3,5.811048654185276,True,7.93729009878932,9.109907286688195,6.900804236244775
12,450.0,432826.3818760693,4005239.476819037,-75.7471028509314,36.18962413801944,ok,95.57420504230929,IW,0,22211.951674556836,1381.2195227198376,52,51,9.845029238874238,10.112947635033116,0.0,0.06616409237627416,affine_dtft,44.159939824214554,7,identified,1,99.09904977308399,77.05437594752249,95.80139923967745,0.06558552752930272,79.21570213243716,4,4.26903579691452,True,7.228501471797817,8.32588259018038,6.257085617698834
12,500.0,432870.84750018123,4005262.341820072,-75.74661030013539,36.18983334891679,ok,,IW,0,22216.781986187878,1382.7568923822223,52,51,9.843714208805173,10.11305973215821,0.0,0.06537044091101918,affine_dtft,44.16248220172012,7,identified,3,89.15558063891264,62.49427806920503,92.41449025477422,0.0679891788599136,74.29136217098404,6,2.682468888536431,False,,,
12,550.0,432915.3131242932,4005285.206821107,-75.74611774669276,36.19004255781065,ok,91.7948176816449,IW,0,22221.612946857516,1384.2941476049248,52,51,9.842417113434426,10.113171663399491,0.0,0.06456780762022647,affine_dtft,44.16502491853217,9,identified,2,299.83931249438945,161.36376729042044,82.9210962103209,0.07577306131171889,68.62937773065669,4,3.3216615661035265,True,6.627857320201889,7.6616816081722,5.71185901779072
12,600.0,432959.77874840517,4005308.071822142,-75.74562519060355,36.19025176470095,ok,93.6751031611839,IW,0,22226.444547918854,1385.8312896000248,52,51,9.84113796295999,10.113283435809016,0.0,0.06393147246388224,affine_dtft,44.16756797009112,9,identified,2,301.68965014320924,162.22347748241432,93.3807621299308,0.06728565031882164,65.7722546820457,4,3.220133865728815,True,6.9226936232190095,7.987707701965249,5.979447933699726
12,650.0,433004.24437251716,4005330.936823177,-75.74513263186772,36.190460969587654,ok,96.52789802236323,IW,0,22231.276780714892,1387.3683195809201,52,51,9.83987677601602,10.11339504443189,0.0,0.06312933961723804,affine_dtft,44.17011135183206,9,identified,2,104.99866591740935,67.0269446852967,95.07601314665045,0.06608591482993778,68.19859051364803,3,3.874163492769292,True,7.3851611653310005,8.49913905358186,6.399341995116999
12,700.0,433048.7099966291,4005353.801824212,-75.7446400704853,36.19067017247072,ok,101.53149427371515,IW,0,22236.109636576108,1388.9052387620675,52,51,9.838633553514857,10.113506495891464,0.0,0.06233686264666352,affine_dtft,44.17265505918348,9,identified,1,106.92105890441232,65.63571958243661,103.32254115783341,0.06081137026606343,70.34617594194648,3,4.655837594158553,True,8.241860384302221,9.446959396248479,7.177456951801627
12,750.0,433093.17562074104,4005376.6668252475,-75.74414750645631,36.19087937335008,ok,108.14121952195846,IW,0,22240.94310682108,1390.4420483594047,52,51,9.837408305679487,10.113617782102121,0.0,0.061535356691386905,affine_dtft,44.17519908756758,9,identified,1,111.18090040504471,64.34754327785674,107.93907746708058,0.05821047811989909,71.56505117707775,2,4.735410537937542,True,9.467355673978249,10.804609968439312,8.29043470858443
12,800.0,433137.64124485303,4005399.5318262824,-75.74365493978075,36.191088572225695,ok,116.01757434229951,IW,0,22245.77718275914,1391.9787495898292,52,51,9.836201039086848,10.11372890662804,0.0,0.06074358648564867,affine_dtft,44.177743432401726,9,identified,1,117.70278384146202,64.02746664537847,107.93907746708058,0.05821047811989909,71.56505117707775,2,4.608410478218004,True,11.07837261204272,12.594452617552385,9.751853853920005
12,850.0,433182.10686896497,4005422.3968273173,-75.74316237045862,36.19129776909752,ok,122.58586731974519,IW,0,22250.611855685926,1393.5153436726791,52,51,9.835011771760401,10.113839874434092,0.0,0.05994276544762105,affine_dtft,44.180288089096045,9,identified,3,126.27998703798039,64.81254017857343,126.42938837114735,0.04969718977627738,69.77514056883173,5,5.0358348746654515,True,12.559283459504833,14.246696738290948,11.092198153562771
12,900.0,433226.57249307696,4005445.2618283527,-75.74266979848994,36.19150696396552,ok,128.23085303534145,IW,0,22255.447116886997,1395.0518318279942,52,51,9.83384049764515,10.113950678354085,0.0,0.05929857466920617,affine_dtft,44.18283305305538,9,identified,3,132.032422346965,67.00775460710126,134.45778724835563,0.04672979851716567,66.80140948635159,4,4.162523362029433,True,13.942149267471992,15.797043715825016,12.340180170022661
12,950.0,433271.0381171889,4005468.1268293876,-75.74217722387472,36.191716156829635,ok,135.60613129932625,IW,0,22260.28295763801,1396.5882152763768,52,51,9.832687245047206,10.114061318867986,0.0,0.05850788992364833,affine_dtft,44.18537831967935,9,identified,3,130.50395195637833,70.54248016552924,136.1640060450618,0.04614424538229467,77.19573393471296,6,4.549679644039514,True,15.919549237512914,18.029060340741754,14.117121035176304
12,1000.0,433315.5037413009,4005490.9918304225,-75.74168464661297,36.191925347689825,ok,138.2187204935153,IW,0,22265.119369202355,1398.1244952406198,52,51,9.831552009523211,10.11417180530129,0.0,0.057708122519116826,affine_dtft,44.18792388436108,9,identified,1,126.25796050166375,98.01736422887014,136.1640060450618,0.04614424538229467,77.19573393471296,6,5.750958591760047,True,16.670889908676394,18.882488835527504,14.789598780860851
12,1050.0,433359.96936541284,4005513.856831458,-75.74119206670467,36.19213453654604,ok,138.23728560269913,IW,0,22269.95634283447,1399.6606729445891,52,51,9.830434803294017,10.114282127860214,0.0,0.05691831706718167,affine_dtft,44.190469742489036,9,identified,2,129.55528188252276,98.99451794081969,144.8154687870047,0.04338752869295286,98.13010235415544,4,5.817481205829009,True,16.67633035255366,18.88868014573206,14.79446231739157
12,1100.0,433404.4349895248,4005536.721832493,-75.74069948414984,36.192343723398245,ok,134.9745113394543,IW,0,22274.793869776942,1401.1967496131865,52,51,9.829335633790688,10.114392288910029,0.0,0.05611941319543739,affine_dtft,44.1930158894454,9,identified,3,136.12534176861948,98.98755457260283,139.4923343420925,0.04504323005858254,87.39743779749979,6,5.357817896253124,True,15.742069274240556,17.82791910445343,13.95804119207187
12,1150.0,433448.90061363677,4005559.586833528,-75.74020689894851,36.19255290824638,ok,134.6771376630524,IW,0,22279.63194126273,1402.732726472392,52,51,9.828254507914066,10.114502291958928,0.0,0.05533056996679472,affine_dtft,44.1955623206073,9,identified,3,118.54480042340023,67.46022714265538,134.55061279427483,0.04669755994932888,86.98721249581627,5,3.6602430494466742,True,15.659058490302613,17.733899200345757,13.883607362010393
12,1200.0,433493.3662377487,4005582.4518345627,-75.73971431110067,36.19276209109039,ok,131.2976939550683,IW,0,22284.47054851497,1404.2686047492932,52,51,9.827191439760748,10.114612137633028,0.0,0.05468831434426824,affine_dtft,44.19810903134671,9,identified,3,113.18702586101892,68.18455752903985,119.85013472883753,0.05242535038776029,69.44395478041629,2,4.966426702656261,True,14.739729042063166,16.69501700659839,13.058068376711669
12,1250.0,433537.8318618607,4005605.316835598,-75.73922172060635,36.192971271930254,ok,,IW,0,22289.30968274627,1405.8043856729632,52,51,9.826146428707224,10.114721820878263,0.0,0.05390041924126456,affine_dtft,44.20065601703001,9,ambiguous_multiple_blobs,2,108.97540227958103,67.83673837907725,190.5173523290238,0.0329795959809924,172.87498365109764,3,2.2833441330061435,False,,,
12,1300.0,433582.29748597264,4005628.181836633,-75.73872912746552,36.19318045076591,ok,,IW,0,22294.149335159826,1407.3400704724163,52,51,9.825119488909113,10.114831344472472,0.0,0.053103396988022536,affine_dtft,44.20320327301869,9,identified,4,102.40237008090688,65.75317244963273,101.14351069691783,0.06212148722034675,69.77514056883174,4,2.5792137013194116,False,,,
12,1350.0,433626.76311008463,4005651.046837668,-75.73823653167821,36.1933896275973,ok,,IW,0,22298.98949694977,1408.8756603785146,52,51,9.824110627884659,10.114940708107238,0.0,0.05231665931332147,affine_dtft,44.20575079466939,9,identified,3,106.76629986456172,98.87523246181219,114.4866804479891,0.05488136508625573,116.56505117707754,8,2.5930253388995954,False,,,
12,1400.0,433671.2287341966,4005673.9118387033,-75.73774393324443,36.193598802424404,ok,,IW,0,22303.830159299225,1410.4111566232273,52,51,9.823119856597092,10.115049912079026,0.0,0.05152078664650663,affine_dtft,44.20829857733301,9,identified,2,104.40307801245886,97.31542199343518,111.06839440315179,0.056570416282179445,130.60129464500397,4,2.714307619977644,False,,,
12,1450.0,433715.6943583085,4005696.7768397382,-75.73725133216418,36.19380797524715,ok,117.0441297853926,IW,0,22308.671313383646,1411.9465604388633,52,51,9.822147174129233,10.115158957654186,0.0,0.05073532587387251,affine_dtft,44.21084661635641,9,identified,2,104.33279810845444,96.23942159644962,111.06839440315179,0.056570416282179445,130.60129464500397,4,3.1093522888791014,True,11.30123875178525,12.842633094138957,9.953783623451393
12,1500.0,433760.1599824205,4005719.641840773,-75.7367587284375,36.1940171460655,ok,118.82765734369502,IW,0,22313.51295036799,1413.4818730597422,52,51,9.821192584832097,10.115267847139066,0.0,0.04996144294965326,affine_dtft,44.2133949070809,9,identified,2,122.4977535389641,87.9300682880485,115.88575493442363,0.05421878910600408,84.80557109226491,5,4.17623786958985,True,11.69586921880584,13.282478827323686,10.311164306438402
12,1550.0,433804.62560653244,4005742.5068418086,-75.73626612206434,36.19422631487944,ok,119.89777387867647,IW,0,22318.355061409675,1415.017095720841,52,51,9.820256115467837,10.115376575938123,0.0,0.049339813181301824,affine_dtft,44.215943444843816,9,identified,1,126.95959700447071,85.99812339064054,124.17824001860234,0.05059811852896565,75.96375653207325,3,4.8367081932944025,True,11.937256619821019,13.551780904279092,10.529647376284812
12,1600.0,433849.09123064444,4005765.3718428435,-75.73577351304475,36.194435481688856,ok,123.58947359014546,IW,0,22323.197637655543,1416.5522296576912,52,51,9.819337752517614,10.115485145330686,0.0,0.048578479791782196,affine_dtft,44.218492224976956,9,identified,1,121.31687764318822,66.65047183919638,124.17824001860234,0.05059811852896565,75.96375653207325,3,6.76476138662139,True,12.797405835437202,14.513105204611112,11.30736712918847
12,1650.0,433893.5568547564,4005788.2368438784,-75.73528090137873,36.19464464649376,ok,126.31770119536006,IW,0,22328.04067024497,1418.087276107325,52,51,9.818437517885643,10.11559355753487,0.0,0.047808850290060836,affine_dtft,44.221041242808155,9,identified,1,122.88520310541426,66.07076745731318,124.17824001860234,0.05059811852896565,75.96375653207325,3,6.829272596100452,True,13.461451390740454,15.257224618096142,11.906816974348498
12,1700.0,433938.02247886837,4005811.101844914,-75.73478828706628,36.194853809294074,ok,129.88270323837128,IW,0,22332.884150309037,1419.622236307522,52,51,9.817555408847252,10.11570181189544,0.0,0.047050457942169735,affine_dtft,44.2235904936609,9,identified,1,125.3185088384996,65.1932747083072,129.52689296049664,0.04850873176658259,71.56505117707776,4,5.769796210778487,True,14.367520831187338,16.27558960399992,12.723235368314823
12,1750.0,433982.4881029803,4005833.9668459487,-75.73429567010741,36.195062970089765,ok,133.44770528138253,IW,0,22337.728068969183,1421.157111497599,52,51,9.81669143554435,10.115809907403522,0.0,0.04628381870511244,affine_dtft,44.2261399728536,9,identified,1,122.52697612221777,86.25298329682259,129.52689296049664,0.04850873176658259,71.56505117707776,4,6.4560757803582955,True,15.319545250084063,17.349734634172002,13.57898393399453
12,1800.0,434026.9537270923,4005856.8318469836,-75.73380305050215,36.19527212888079,ok,132.3299992738005,IW,0,22342.572417339557,1422.6919029165551,52,51,9.815845599828991,10.11591784642581,0.0,0.04552865504824106,affine_dtft,44.228689675700814,9,identified,2,124.71374935082692,88.01091877422776,142.0032502336585,0.04424677109038668,56.309932474020094,1,5.299294189246713,True,15.015942954127398,17.006703987204766,13.30632843999788
12,1850.0,434071.41935120424,4005879.696848019,-75.73331042825048,36.19548128566709,ok,131.7782241874746,IW,0,22347.41718652605,1424.226611805468,52,51,9.81501791933422,10.116025627067582,0.0,0.044913870269782066,affine_dtft,44.23123959751277,9,identified,2,143.13641695341926,56.397145495940485,142.0032502336585,0.04424677109038668,56.309932474020094,1,5.3753698955233675,True,14.867808869751796,16.839499111999487,13.173209542324532
12,1900.0,434115.8849753162,4005902.561849054,-75.7328178033524,36.19569044044863,ok,133.34964890289265,IW,0,22352.262367627005,1425.7612394055473,52,51,9.814208400062252,10.116133250503113,0.0,0.04416187019163139,affine_dtft,44.23378973359571,9,identified,1,146.48649110788025,60.161983025567245,118.58970998069222,0.05298255057881971,76.60750224624864,5,4.705202476664013,True,15.292719049094675,17.319405757767562,13.554901679322478
12,1950.0,434160.3505994282,4005925.426850089,-75.73232517580796,36.19589959322535,ok,130.35131250003082,IW,0,22357.10795173201,1427.2957869591426,52,51,9.813417026103986,10.116240715243125,0.0,0.043401764031743874,affine_dtft,44.236340079251256,9,identified,1,143.61106068907907,64.58971178018147,126.7680175288672,0.049564436122453356,68.19859051364796,4,5.42206325448435,True,14.489976636033697,16.41350795593761,12.833431329318348
12,2000.0,434204.8162235401,4005948.291851124,-75.73183254561715,36.1961087439972,ok,127.35297609716899,IW,0,22361.95392992479,1428.8302557091647,52,51,9.8126438319379,10.116348022890811,0.0,0.042653648503379105,affine_dtft,44.238890629778,9,identified,1,148.505219388133,65.30298206111577,137.38401653758697,0.0457344709052131,63.43494882292177,3,6.054981033465153,True,13.72000284732564,15.54745053743145,12.139971054921745
12,2050.0,434249.2818476521,4005971.156852159,-75.73133991277996,36.196317892764164,ok,133.29642914853937,IW,0,22366.80029328042,1430.3646468998886,52,51,9.811888806198915,10.116455176521807,0.0,0.041897526064613166,affine_dtft,44.24144138046991,9,identified,1,146.27354653247812,66.05843700935688,127.01156821934926,0.04946939397148858,60.255118703057654,4,4.46718527341711,True,15.27817470712245,17.30296390895061,13.54184424466379
12,2100.0,434293.74747176404,4005994.021853194,-75.73084727729642,36.19652703952617,ok,135.9602904890729,IW,0,22371.64703286639,1431.8989617761545,52,51,9.811151959321627,10.116562166799941,0.0,0.04115371416365779,affine_dtft,44.24399232661699,9,identified,1,108.90627596618165,55.335680798585464,127.01156821934926,0.04946939397148858,60.255118703057654,4,3.9248403856794543,True,16.01976419713777,18.142710852265694,14.206908378134756
12,2150.0,434338.21309587604,4006016.886854229,-75.73035463916652,36.19673618428317,ok,131.06928037227726,IW,0,22376.494139744285,1433.4332015831246,52,51,9.81043330037165,10.116669006119531,0.0,0.04054807249645556,affine_dtft,44.24654346350615,9,identified,3,111.17119446701784,54.56380212602422,148.3069752375442,0.04236608087458981,65.55604521958323,7,3.0846987644995023,True,14.679148445257372,16.626705992722403,13.003593666101562
12,2200.0,434382.678719988,4006039.7518552644,-75.72986199839028,36.19694532703514,ok,128.25275991912918,IW,0,22381.341604968165,1434.9673675673198,52,51,9.809732831553148,10.116775685463502,0.0,0.039808517992109826,affine_dtft,44.24909478642032,9,identified,3,133.8054842744817,60.07494401743931,140.08732423153484,0.044851918913054574,70.46334506187135,9,3.9498323261938175,True,13.947727246739152,15.803313679320468,12.345205907836824
12,2250.0,434427.1443440999,4006062.6168562993,-75.72936935496772,36.197154467782006,ok,124.64180782238698,IW,0,22386.189419585196,1436.50146097547,52,51,9.809050558158845,10.116882210150491,0.0,0.039061216379018146,affine_dtft,44.25164629063881,9,identified,2,131.21434602361157,60.25663506906889,112.92896595360881,0.05563838519304885,72.89727103094742,6,4.217718136128054,True,13.050612758874543,14.796633800464551,11.536047335101697
12,2300.0,434471.6099682119,4006085.4818573343,-75.72887670889881,36.19736360652373,ok,113.8019071004796,IW,0,22391.037574636415,1438.035483055386,52,51,9.808386488521329,10.11698858148084,0.0,0.038316526313088,affine_dtft,44.25419797143771,9,identified,2,129.2873293475114,59.72156456208931,112.92896595360881,0.05563838519304885,72.89727103094742,6,4.185512023560309,True,10.607743992785753,12.070860701933915,9.325220006219434
12,2350.0,434516.07559232385,4006108.3468583697,-75.7283840601836,36.19757274326028,ok,104.60593657977407,IW,0,22395.88606115588,1439.5694350554659,52,51,9.807740620375963,10.117094792750454,0.0,0.03758507877286654,affine_dtft,44.256749824089425,9,identified,1,132.64574145306756,58.21416451080878,108.9568077356382,0.05766675288821303,70.46334506187142,7,4.679767925188894,True,8.798194641169236,10.062960633205233,7.682779888009482
12,2400.0,434560.54121643584,4006131.2118594046,-75.72789140882206,36.19778187799158,ok,102.91037010525466,IW,0,22400.73487017206,1441.1033182245744,52,51,9.807112967773271,10.117200848272025,0.0,0.03684616321708184,affine_dtft,44.25930184386342,9,identified,2,139.36207783677062,57.12752434729141,94.10747162800727,0.06676606223165867,72.89727103094741,5,4.9832364808816605,True,8.488488623003171,9.719979988298247,7.401478337038633
12,2450.0,434605.0068405478,4006154.0768604395,-75.72739875481425,36.197991010717615,ok,101.11886637646938,IW,0,22405.583992706855,1442.6371338122399,52,51,9.806503533748172,10.117306747034343,0.0,0.03612096739353669,affine_dtft,44.26185402602572,9,identified,2,91.21276509506541,69.22522707086009,94.10747162800727,0.06676606223165867,72.89727103094741,5,5.994028361053922,True,8.168957410140571,9.366270970695668,7.111235893335942
12,2500.0,434649.4724646598,4006176.941861475,-75.72690609816013,36.198200141438335,ok,104.7298184732116,IW,0,22410.433419775934,1444.1708830692667,52,51,9.805912320885708,10.11741249389101,0.0,0.03553048866111837,affine_dtft,44.26440636583905,9,identified,1,93.0075740329395,69.18304540231445,104.45113358101169,0.06015430461849784,72.181111085477,6,6.159637981095203,True,8.821104077102428,10.08833780751704,7.703587080285643
12,2550.0,434693.9380887717,4006199.80686251,-75.72641343885972,36.19840927015366,ok,107.61708073014037,IW,0,22415.283142390454,1445.704567245214,52,51,9.805339328727447,10.117518084171111,0.0,0.034811556977585804,affine_dtft,44.26695885856379,9,identified,1,103.53156501965839,63.285268747326995,103.97144730968249,0.06043183460229139,66.03751102542165,4,5.734193574822466,True,9.366109876438983,10.69233886007686,8.198511194574898
12,2600.0,434738.40371288365,4006222.6718635447,-75.72592077691304,36.19861839686357,ok,110.50434298706917,IW,0,22420.133151554754,1447.2381875923859,52,51,9.804784574155798,10.117623518885683,0.0,0.03408566430707981,affine_dtft,44.269511499456684,9,identified,1,112.97226823970357,60.41602830747561,127.01156821934926,0.04946939397148858,60.255118703057654,2,6.880134945480526,True,9.932849555093792,11.321089845225249,8.712969135265544
12,2650.0,434782.86933699565,4006245.53686458,-75.7254281123201,36.19882752156802,ok,112.51145236046463,IW,0,22424.98343826784,1448.7717453627895,52,51,9.804248052684875,10.117728794987801,0.0,0.033374570707957824,affine_dtft,44.27206428377172,9,identified,1,113.85033599382461,60.160812574184355,108.54378291265117,0.0578861832394019,57.99461679191643,2,5.794024787181461,True,10.340051875091127,11.773325192419525,9.082432602058725
12,2700.0,434827.3349611076,4006268.401865615,-75.72493544508089,36.19903664426697,ok,114.30295608924989,IW,0,22429.83399352394,1450.3052418086133,52,51,9.803729768845441,10.117833917086038,0.0,0.032656881833603095,affine_dtft,44.27461720676036,9,identified,1,113.66178806520567,61.07312029831713,108.54378291265117,0.0578861832394019,57.99461679191643,2,6.719580879814374,True,10.71294401792036,12.187843536828218,9.420609979315756
12,2750.0,434871.8005852196,4006291.26686665,-75.72444277519543,36.19924576496035,ok,111.07782423477958,IW,0,22434.684808312333,1451.8386781827135,52,51,9.803229731973188,10.117938887076253,0.0,0.03195467639380736,affine_dtft,44.27717026367143,9,identified,1,113.39828582230619,62.744553738653394,114.4866804479891,0.05488136508625573,63.434948822921854,1,6.737162367399275,True,10.04807396421894,11.449014318653083,8.817531205382785
12,2800.0,434916.2662093315,4006314.131867685,-75.72395010266374,36.199454883648116,ok,111.71133456531169,IW,0,22439.535873616285,1453.3720557385109,52,51,9.802747935855864,10.11804369976115,0.0,0.03124630962895784,affine_dtft,44.279723449750655,9,identified,1,113.35878822212204,63.865557135678685,112.92896595360881,0.05563838519304885,72.89727103094742,3,4.991696969724831,True,10.176400705724996,11.591524501327983,8.933968234389395
12,2850.0,434960.7318334435,4006336.9968687203,-75.72345742748578,36.199664000330245,ok,116.32828089198621,IW,0,22444.387180416397,1454.9053757300965,52,51,9.80228439907691,10.11814835898027,0.0,0.03068997697826502,affine_dtft,44.2822767602423,9,identified,1,113.26510511188997,63.47095898203654,110.88590894699769,0.056663514479399574,72.34987578006968,5,3.706091129216274,True,11.145501668400849,12.66919026760498,9.812683993408019
12,2900.0,435005.19745755545,4006359.861869755,-75.72296474966163,36.199873115006675,ok,,IW,0,22449.238719685436,1456.438639411455,52,51,9.801839116306853,10.11825286397579,0.0,0.029991111771849727,affine_dtft,44.28483019038653,9,identified,1,132.13603155034843,62.377251377180144,110.88590894699769,0.056663514479399574,72.34987578006968,5,2.598859340751939,False,,,
12,2950.0,435049.6630816674,4006382.72687079,-75.72247206919124,36.20008222767734,ok,122.98015340126138,IW,0,22454.090482394993,1457.9718480372114,52,51,9.801412087431538,10.118357212945197,0.0,0.02930934081386453,affine_dtft,44.287383735422914,9,identified,1,137.57927933064988,61.245539741213435,127.01156821934926,0.04946939397148858,60.255118703057654,2,3.269430958835589,True,12.652446615348357,14.350900535848211,11.176393688983909
12,3000.0,435094.1287057794,4006405.5918718255,-75.72197938607464,36.20029133834223,ok,124.71013173625093,IW,0,22458.942459510487,1459.5050028630365,52,51,9.801003325006516,10.118461408627164,0.0,0.028622531119778704,affine_dtft,44.28993739058775,9,identified,1,136.2824682031347,61.17522610842996,127.01156821934926,0.04946939397148858,60.255118703057654,2,3.5031460159878254,True,13.06717856925867,14.81519231173624,11.551004114867851
12,3050.0,435138.5943298913,4006428.4568728604,-75.72148670031184,36.200500447001296,ok,121.47686197153098,IW,0,22463.794641994347,1461.0381051438062,52,51,9.800612825940814,10.118565448448322,0.0,0.027942371168790895,affine_dtft,44.29249115111578,9,identified,1,135.05365745765891,61.30820864221198,127.01156821934926,0.04946939397148858,60.255118703057654,2,3.6664043555543238,True,12.299906137871574,13.956753533760423,10.85770415336012
12,3100.0,435183.0599540033,4006451.3218738954,-75.72099401190286,36.20070955365446,ok,120.09318540957642,IW,0,22468.64702080329,1462.5711561359,52,51,9.80024059647287,10.118669338268965,0.0,0.027280919265457507,affine_dtft,44.295045012238724,9,identified,1,128.967322094889,61.29295746612567,117.80582228695597,0.05333509995689993,57.52880770915146,3,3.14137002657293,True,11.981714661131328,13.601402215858537,10.569876603176759
12,3150.0,435227.52557811525,4006474.1868749307,-75.72050132084767,36.200918658301696,ok,117.7870578063188,IW,0,22473.499586892634,1464.1041570942991,52,51,9.799886640518924,10.118773072517943,0.0,0.026743426379724385,affine_dtft,44.29759896918759,9,identified,2,107.31258690834098,57.460046042108004,108.54378291265117,0.0578861832394019,57.99461679191643,2,3.091227944957429,True,11.464467002631338,13.02450157979935,10.10163287914875
12,3200.0,435271.99120222725,4006497.0518759657,-75.72000862714631,36.201127760942946,ok,,IW,0,22478.35233121292,1465.6371092762438,52,51,9.799550956726554,10.118876651353165,0.0,0.026096426126007596,affine_dtft,44.300153017190866,9,identified,2,108.51104399215922,57.97169001142872,119.85013472883753,0.05242535038776029,110.55604521958303,4,2.368834336500849,False,,,
12,3250.0,435316.4568263392,4006519.9168770006,-75.71951593079879,36.201336861578184,ok,,IW,0,22483.205244710705,1467.1700139383806,52,51,9.799233550149989,10.118980080288438,0.0,0.02544657368251046,affine_dtft,44.302707151474934,9,identified,1,112.81302320600464,65.3849698461802,122.72056682741334,0.05119912227928243,81.38435181583554,8,2.6834415879928626,False,,,
12,3300.0,435360.9224504511,4006542.781878036,-75.71902323180511,36.20154596020734,ok,126.06712548576697,IW,0,22488.05831832963,1468.7028723375638,52,51,9.798934428881621,10.119083352092474,0.0,0.0248180780921758,affine_dtft,44.30526136726467,9,identified,1,120.6217834259815,87.82135759521081,127.01156821934933,0.04946939397148855,82.8749836510979,8,3.195951028989826,True,13.399422582547082,15.187639206638513,11.850860116910361
12,3350.0,435405.3880745631,4006565.646879071,-75.71853053016527,36.201755056830386,ok,126.30323616916255,IW,0,22492.911543011527,1470.235685730713,52,51,9.798653586165061,10.119186471863737,0.0,0.024187993761974846,affine_dtft,44.307815659783984,9,identified,1,129.26377894938648,61.514151791485055,124.17824001860234,0.05059811852896565,75.96375653207325,5,3.694204829115584,True,13.457864842380651,15.253200699319393,11.90358173032486
12,3400.0,435449.85369867506,4006588.511880106,-75.71803782587929,36.201964151447264,ok,128.51939224284743,IW,0,22497.76490969341,1471.768455375369,52,51,9.798391027634707,10.11928944091254,0.0,0.023580988774761932,affine_dtft,44.31037002425426,9,identified,2,132.17461753846277,60.965498735675446,127.01156821934926,0.04946939397148858,60.255118703057654,2,4.589129166631361,True,14.01575310823921,15.879789782428219,12.406491333744242
12,3450.0,435494.31932278705,4006611.376881141,-75.71754511894716,36.20217324405793,ok,128.89634824872195,IW,0,22502.61840931152,1473.3011825286276,52,51,9.79814675494449,10.119392250600141,0.0,0.022973934442936224,affine_dtft,44.31292445589648,9,identified,1,130.6707040388702,61.57934068839012,127.01156821934926,0.04946939397148858,60.255118703057654,2,4.952240662769993,True,14.112354260486162,15.988426601453083,12.493502681072803
12,3500.0,435538.784946899,4006634.241882176,-75.7170524093689,36.20238233466234,ok,130.46905099209516,IW,0,22507.47203279695,1474.8338684489056,52,51,9.79792077986747,10.119494913407694,0.0,0.02250483244301685,affine_dtft,44.31547894992891,9,identified,1,133.72121233332857,62.75283226487754,137.38401653758697,0.0457344709052131,63.43494882292177,3,3.7869144118776576,True,14.520869269377656,16.448312559891892,12.861225487068575
13,250.0,432730.1433884583,4005011.1725875125,-75.74815355369631,36.18755931583782,touches_land_or_unmapped,,,,,,,,,,,,,,,,,,,,,,,,,,,
13,300.0,432771.0444746232,4005039.931953822,-75.74770116440489,36.18782142040646,touches_land_or_unmapped,,,,,,,,,,,,,,,,,,,,,,,,,,,
13,350.0,432811.94556078815,4005068.6913201315,-75.74724877208351,36.18808352328924,ok,97.07961211998067,IW,0,22207.72850800143,1364.7685442251423,52,51,9.846214323018108,10.111598776976898,0.0,0.0669487687927302,affine_dtft,44.157748011054466,2,identified,1,99.64488685584257,75.1210287870256,98.08141160664577,0.06406091841722486,73.30075576600615,2,11.480299121819145,True,7.476743140757059,8.600430291596565,6.482510850878506
13,400.0,432852.8466469531,4005097.4506864413,-75.74679637673216,36.1883456244861,ok,95.91333165367905,IW,0,22212.296571504896,1366.9375111221418,52,51,9.84495423904166,10.11176579931699,0.0,0.0663028564015911,affine_dtft,44.16015090551787,5,identified,1,99.9556620403559,75.6409665368415,98.08141160664577,0.06406091841722486,73.30075576600615,2,8.751684777420966,True,7.283970162462286,8.38722617624249,6.307452647616521
13,450.0,432893.747733118,4005126.2100527505,-75.74634397835081,36.18860772399696,ok,93.42138830889671,IW,0,22216.86523092698,1369.106355047946,52,51,9.84371020117543,10.111932501341263,0.0,0.06549101911793916,affine_dtft,44.16255411032175,6,identified,1,97.93879135198571,77.23824885552797,95.07601314665047,0.06608591482993777,74.93151184050762,5,5.502759822029224,True,6.882452193422325,7.943208948583177,5.942919790040536
13,500.0,432934.64881928294,4005154.9694190603,-75.74589157693944,36.188869821821825,ok,92.82030861689766,IW,0,22221.43447893997,1371.2750770751643,52,51,9.84248220608071,10.112098891208264,0.0,0.06484542380774654,affine_dtft,44.16495762160181,6,identified,2,89.42140838952236,62.47499622154432,92.41449025477422,0.0679891788599136,74.29136217098404,6,3.31293825512194,True,6.787687639922165,7.838419577462955,5.856906364467183
13,550.0,432975.5499054478,4005183.72878537,-75.74543917249805,36.189131917960616,ok,91.50503286946062,IW,0,22226.00430820582,1373.4436782771786,52,51,9.841270269862925,10.112264968921442,0.0,0.06404331480721737,affine_dtft,44.16736143548831,8,identified,2,90.83510485654456,62.27520019520911,83.45361492976738,0.07528955231558715,70.97439396243115,5,3.6971476263265695,True,6.583111369295122,7.612201760589927,5.671257388441472
13,600.0,433016.45099161274,4005212.4881516793,-75.7449867650266,36.189394012413295,ok,93.72889141021864,IW,0,22230.574711377885,1375.6121597285464,52,51,9.840074392634861,10.112430735291326,0.0,0.06324148628595339,affine_dtft,44.169765548106994,8,identified,2,319.50904903420826,159.4352782973552,95.07601314665045,0.06608591482993778,68.19859051364803,6,3.48629930613822,True,6.931243386852243,7.9971620190097745,5.987208975473807
13,650.0,433057.3520777777,4005241.247517989,-75.74453435452506,36.1896561051798,ok,,IW,0,22235.145681098762,1377.7805225043478,52,51,9.838894593015661,10.1125961874885,0.0,0.06259648967661184,affine_dtft,44.17216995557793,9,ambiguous_multiple_blobs,2,105.88757226718724,64.76612741838562,248.35648003720473,0.025299059264482816,165.96375653207267,2,2.2737268396708354,False,,,
13,700.0,433098.2531639426,4005270.0068842988,-75.74408194099342,36.18991819626008,ok,105.36830459285065,IW,0,22239.717210002396,1379.9487676815731,52,51,9.83773086779992,10.112761329059982,0.0,0.061795195581212256,affine_dtft,44.17457465401662,9,identified,1,107.61586517809295,64.34982532992888,103.97144730968249,0.06043183460229139,66.03751102542165,2,4.681212170368932,True,8.939793112485793,10.219826579017152,7.811381649593475
13,750.0,433139.15425010753,4005298.7662506085,-75.74362952443167,36.190180285654094,ok,113.29130568840483,IW,0,22244.289290714136,1382.116896337634,52,51,9.836583231273845,10.112926156083063,0.0,0.06114120611765547,affine_dtft,44.17697963953407,9,identified,1,111.28021820574955,63.68617479599997,114.4866804479891,0.05488136508625573,63.434948822921854,1,4.124457550631734,True,10.501267310624224,11.952489968657948,9.228659101871747
13,800.0,433180.05533627246,4005327.5256169178,-75.74317710483977,36.1904423733618,ok,117.52460200039499,IW,0,22248.861915848363,1384.2849095513166,52,51,9.83545169824075,10.113090670561341,0.0,0.06034046849472306,affine_dtft,44.179384908235505,9,identified,1,117.30023765317075,63.34658006434073,107.93907746708058,0.05821047811989909,71.56505117707775,2,3.964639580514523,True,11.406615780313407,12.960034068230163,10.049236746406994
13,850.0,433220.95642243733,4005356.2849832275,-75.74272468221771,36.19070445938314,ok,123.96311374747086,IW,0,22253.43507801231,1386.452808402553,52,51,9.834336264705414,10.113254872215123,0.0,0.059696338556895434,affine_dtft,44.181790456222394,9,identified,3,126.47621486329787,63.53790092274021,126.7680175288672,0.049564436122453356,68.19859051364796,4,5.045593491794976,True,12.886893165688827,14.613279609254676,11.388200609299405
13,900.0,433261.85750860226,4005385.044349537,-75.74227225656547,36.190966543718055,ok,128.2985788668854,IW,0,22258.008769803422,1388.6205939707054,52,51,9.8332369464349,10.113418764541656,0.0,0.058896234697180944,affine_dtft,44.184196279591035,9,identified,3,132.41621533988481,65.55849456626055,134.45778724835563,0.04672979851716567,66.80140948635159,4,3.890526918477551,True,13.959399221151948,15.81643408658721,12.355722086571554
13,950.0,433302.7585947672,4005413.8037158465,-75.74181982788303,36.19122862636652,ok,135.67385713087023,IW,0,22262.582983809956,1390.7882673387587,52,51,9.832153741217228,10.11358234138222,0.0,0.058096516511856953,affine_dtft,44.18660237443291,9,identified,3,127.08704699206338,67.37165450444284,136.1640060450618,0.04614424538229467,77.19573393471296,6,4.5081289988802515,True,15.938674312831019,18.050745254005637,14.134258222586025
13,1000.0,433343.6596809321,4005442.5630821562,-75.74136739617036,36.19149070732845,ok,138.2187204935153,IW,0,22267.15771261249,1392.9558295883353,52,51,9.83108666775487,10.113745609780828,0.0,0.057453209333486584,affine_dtft,44.189008736835454,9,identified,1,125.58938867765866,97.44724263704676,136.1640060450618,0.04614424538229467,77.19573393471296,6,5.0407582246165585,True,16.670889908676394,18.882488835527504,14.789598780860851
13,1050.0,433384.56076709705,4005471.322448466,-75.74091496142744,36.19175278660384,ok,139.22562991226266,IW,0,22271.73294878251,1395.1232818035494,52,51,9.830035726868587,10.113908566004387,0.0,0.05664463964041453,affine_dtft,44.19141536288133,9,identified,2,128.39470240849747,98.17956873890084,144.8154687870047,0.04338752869295286,98.13010235415544,4,5.706015663914046,True,16.968077379955307,19.22094580046152,15.055145376261232
13,1100.0,433425.461853262,4005500.0818147757,-75.74046252365426,36.19201486419261,ok,139.99103587906288,IW,0,22276.308684882926,1397.290625068434,52,51,9.829000933657882,10.114071208099187,0.0,0.056001897710437315,affine_dtft,44.193822248648665,9,identified,3,135.24789035746915,98.493877565229,139.4923343420925,0.04504323005858254,87.39743779749979,6,5.173648029609639,True,17.196904385045816,19.481905822421222,15.259431023617855
13,1150.0,433466.3629394269,4005528.841181085,-75.7400100828508,36.192276940094715,ok,141.26671249039657,IW,0,22280.884913468326,1399.4578604682172,52,51,9.827982288126735,10.11423354341708,0.0,0.055203669446734174,affine_dtft,44.19622939021122,9,identified,3,119.60303927844345,67.677829887969,139.4923343420925,0.04504323005858254,87.39743779749979,6,3.1467542063133473,True,17.584003558648526,19.92408831321376,15.60465219479652
13,1200.0,433507.2640255918,4005557.6005473947,-75.73955763901702,36.19253901431012,ok,,IW,0,22285.46162708567,1401.6249890894946,52,51,9.82697979527858,10.114395561112541,0.0,0.05456156790948078,affine_dtft,44.198636783638754,9,identified,4,113.79453073733104,69.24773018258621,124.17824001860234,0.05059811852896565,104.03624346792603,3,2.379645346061526,False,,,
13,1250.0,433548.1651117567,4005586.3599137045,-75.73910519215292,36.192801086838756,ok,,IW,0,22290.03881827281,1403.792012019021,52,51,9.825993469225075,10.114557275149213,0.0,0.0537642077379087,affine_dtft,44.20104442499621,9,identified,3,106.55967606007077,99.91395697496068,116.33359540886596,0.0540100672131443,88.69804732742078,10,2.6337927803031196,False,,,
13,1300.0,433589.06619792164,4005615.1192800137,-75.73865274225847,36.19306315768059,ok,,IW,0,22294.61647956031,1405.9589303449534,52,51,9.825023310169913,10.114718676234832,0.0,0.05296736651837991,affine_dtft,44.203452310344716,9,identified,4,106.89763845857281,100.10588641878145,117.65056384231124,0.05340548401961788,113.19859051364776,7,2.58893788903788,False,,,
13,1350.0,433629.96728408657,4005643.8786463235,-75.73820028933365,36.19332522683557,ok,,IW,0,22299.19460347113,1408.1257451559188,52,51,9.824069334805342,10.11487976696245,0.0,0.05231665931332147,affine_dtft,44.20586043574141,9,identified,2,107.25815495271186,99.4620646573834,114.4866804479891,0.05488136508625573,116.56505117707754,8,2.939266237751434,False,,,
13,1400.0,433670.8683702515,4005672.638012633,-75.73774783337844,36.19358729430364,ok,,IW,0,22303.773182519744,1410.292457541576,52,51,9.82313154289709,10.11504054464271,0.0,0.05152078664650663,affine_dtft,44.208268797238915,9,identified,2,104.77605662869719,97.92083927800428,111.06839440315179,0.056570416282179445,130.60129464500397,4,2.81298327026767,False,,,
13,1450.0,433711.7694564164,4005701.397378943,-75.73729537439283,36.193849360084755,ok,116.49982124481835,IW,0,22308.35220921397,1412.4590685922174,52,51,9.822209935307285,10.115201013595886,0.0,0.050880602784916504,affine_dtft,44.21067739088642,9,identified,3,104.49255868858916,97.05311397454345,109.43546878142905,0.057414523619656925,94.08561677997449,3,3.9644865925472175,True,11.182684262839118,12.7105932432811,9.846374960367298
13,1500.0,433752.67054258136,4005730.156745252,-75.73684291237677,36.19411142417884,ok,118.41942593826434,IW,0,22312.931676052885,1414.6255793990483,52,51,9.821304529244411,10.115361171980378,0.0,0.05010254041695281,affine_dtft,44.21308621272846,9,identified,2,124.47337718470831,86.1758198467629,115.88575493442363,0.05421878910600408,84.80557109226491,5,3.7517949042478915,True,11.604700963874096,13.180819237137122,10.228622567479704
13,1550.0,433793.5716287462,4005758.916111562,-75.73639044733025,36.1943734865859,ok,119.57118875433193,IW,0,22317.511575529334,1416.7919910549058,52,51,9.820415329714042,10.115521021072476,0.0,0.04933014839205526,affine_dtft,44.215495258806335,9,identified,1,119.13658575017851,67.07020982739675,124.17824001860234,0.05059811852896565,75.96375653207325,3,4.798943318282036,True,11.86321741017702,13.469158251707723,10.462643486821726
13,1600.0,433834.47271491116,4005787.6754778717,-75.73593797925328,36.19463554730586,ok,121.29064580033214,IW,0,22322.09190012828,1418.9583046516777,52,51,9.819542335049503,10.115680562543556,0.0,0.04870929730138855,affine_dtft,44.21790452515718,9,identified,1,120.66114220802321,66.88325931226764,124.17824001860234,0.05059811852896565,75.96375653207325,3,6.9165265680014185,True,12.256735160026274,13.908519379478959,10.818663096920822
13,1650.0,433875.3738010761,4005816.434844181,-75.7354855081458,36.19489760633865,ok,123.28029941179234,IW,0,22326.67264232804,1421.124521283091,52,51,9.818685558125457,10.11583979142125,0.0,0.0479295475662557,affine_dtft,44.22031400781463,9,identified,1,122.90845171634926,65.649407661469,124.17824001860234,0.05059811852896565,75.96375653207325,3,7.548533205049376,True,12.723701971959658,14.430622779815954,11.240779247524898
13,1700.0,433916.274887241,4005845.1942104907,-75.73503303400781,36.195159663684244,ok,126.84530145480355,IW,0,22331.253794598826,1423.290642043887,52,51,9.817845002097524,10.115998715488656,0.0,0.04731061597280231,affine_dtft,44.22272370280804,9,identified,1,125.65312062245144,62.42814560576551,118.03275401143004,0.053232557011853976,72.75854060105982,7,5.3163023113453445,True,13.592755708223846,15.404578816917798,12.025241218902567
13,1750.0,433957.17597340595,4005873.9535768004,-75.73458055683929,36.19542171934258,ok,130.4103034978148,IW,0,22335.835349405235,1425.4566680285404,52,51,9.817020676519048,10.116157324309784,0.0,0.046543148911811875,affine_dtft,44.22513360616388,9,identified,3,123.02936669136363,88.06220704028718,125.8340229917246,0.049932324802114895,55.00797980144126,3,5.40417597847049,True,14.505448578633134,16.430938564999632,12.84735174802968
13,1800.0,433998.0770595709,4005902.7129431097,-75.7341280766402,36.19568377331362,ok,136.1044369468914,IW,0,22340.417299204688,1427.6226003326042,52,51,9.816212585484962,10.116315629597498,0.0,0.04592634560401432,affine_dtft,44.227543713904765,9,identified,2,127.20173820022136,90.13495047352265,142.0032502336585,0.04424677109038668,56.309932474020094,1,4.8942619273114305,True,16.060697614444656,18.189147845026664,14.24357463074543
13,1850.0,434038.97814573575,4005931.4723094194,-75.73367559341055,36.19594582559732,ok,143.02766759740248,IW,0,22344.9996364481,1429.788440052962,52,51,9.815420735061249,10.116473621366115,0.0,0.04516169926834083,affine_dtft,44.22995402204995,9,identified,2,146.99116043147666,55.7654661014803,142.0032502336585,0.04424677109038668,56.309932474020094,1,5.053926423377971,True,18.130425182890935,20.549867344304708,16.091162408546175
13,1900.0,434079.8792319007,4005960.231675729,-75.73322310715028,36.196207876193604,ok,145.33766630657493,IW,0,22349.58235357898,1431.9541882862288,52,51,9.814645128714103,10.116631307033305,0.0,0.04439874107414763,affine_dtft,44.232364526614745,9,identified,1,148.2437037019535,59.3169620639324,152.64890726398542,0.04116102381469181,63.43494882292177,2,6.006732049177608,True,18.869268517494056,21.399140173574622,16.747453119573755
13,1950.0,434120.7803180656,4005988.991042039,-75.7327706178594,36.196469925102456,ok,142.3393299037131,IW,0,22354.165443035614,1434.1198461306099,52,51,9.813885772167561,10.116788686887979,0.0,0.043775660737146234,affine_dtft,44.23477522361176,9,identified,1,144.45618014951273,63.53389625338646,152.64890726398542,0.04116102381469181,63.43494882292177,2,6.813194364044732,True,17.915141102267956,20.30308877636706,15.899596100986253
13,2000.0,434161.68140423053,4006017.750408348,-75.7323181255379,36.1967319723238,ok,139.34099350085125,IW,0,22358.748897248614,1436.2854146843092,52,51,9.813142677388484,10.11694575229144,0.0,0.04301588783721795,affine_dtft,44.23718610904955,9,identified,1,146.54419501905983,65.0569643444854,137.38401653758697,0.0457344709052131,63.43494882292177,3,5.230930353201389,True,17.002404075611377,19.260072854906195,15.085800579477606
13,2050.0,434202.58249039546,4006046.509774658,-75.73186563018572,36.19699401785761,ok,136.01401506006772,IW,0,22363.33270864475,1438.450895046217,52,51,9.81241584054784,10.117102512599892,0.0,0.04240543053947408,affine_dtft,44.239597178934645,9,identified,1,143.9988558383468,66.27381475018801,127.01156821934926,0.04946939397148858,60.255118703057654,4,4.203667178882228,True,16.035010593760216,18.160006085034908,14.220565931586588
13,2100.0,434243.4835765604,4006075.2691409676,-75.73141313180285,36.19725606170382,ok,130.46905099209516,IW,0,22367.91686964207,1440.616288315485,52,51,9.811705271078107,10.11725896524443,0.0,0.04164920906210558,affine_dtft,44.242008429269006,9,identified,1,109.04151460947799,55.428387528256664,127.01156821934926,0.04946939397148858,60.255118703057654,4,3.677960997101758,True,14.520869269377656,16.448312559891892,12.861225487068575
13,2150.0,434284.3846627253,4006104.028507277,-75.7309606303893,36.19751810386238,ok,,IW,0,22372.501372654857,1442.7815955929389,52,51,9.811010974266726,10.117415111213315,0.0,0.040895124023832614,affine_dtft,44.24441985605259,9,identified,2,110.91410862058345,54.06699662464625,150.78401639776246,0.04167010176068519,76.37300514010815,10,2.4317242608346366,False,,,
13,2200.0,434325.2857488902,4006132.7878735866,-75.73050812594501,36.19778014433324,ok,,IW,0,22377.086210090434,1444.946817978894,52,51,9.810332955731635,10.117570947042243,0.0,0.040289373755550785,affine_dtft,44.246831455281715,9,identified,4,107.3956352254391,88.41048716042353,163.1265000959592,0.03851725687416515,79.99202019855822,11,2.640753350998767,False,,,
13,2250.0,434366.1868350551,4006161.5472398964,-75.73005561846999,36.198042183116364,ok,106.61774316688037,IW,0,22381.671374350055,1447.1119565747724,52,51,9.809671219967216,10.117726475839236,0.0,0.03952911666915078,affine_dtft,44.249243222949495,9,identified,3,131.41645205727667,58.71674362807638,110.88590894699769,0.056663514479399574,72.34987578006968,5,3.5323274551360613,True,9.175052191909487,10.480533883498222,8.025027749104158
13,2300.0,434407.08792122005,4006190.306606206,-75.7296031079642,36.198304220211696,ok,103.4901752821621,IW,0,22386.25685783147,1449.2770124825827,52,51,9.80902577633797,10.11788169852188,0.0,0.038926745680928,affine_dtft,44.251655155047246,9,identified,4,130.2763784111147,58.50372902195396,110.88590894699769,0.056663514479399574,72.34987578006968,5,3.384680847094456,True,8.59358930606614,9.836355234794372,7.496942485044122
13,2350.0,434447.989007385,4006219.0659725154,-75.72915059442762,36.19856625561918,ok,101.01910099843944,IW,0,22390.842652924515,1451.441986804541,52,51,9.80839661611516,10.118036612687865,0.0,0.03818127381292663,affine_dtft,44.25406724756206,9,identified,2,133.26564994016215,57.33798484644781,98.08141160664577,0.06406091841722486,73.30075576600615,4,3.2187551648612214,True,8.151392719567731,9.346831543270735,7.095281105589005
13,2400.0,434488.8900935499,4006247.825338825,-75.72869807786024,36.19882828933878,ok,99.57219326162013,IW,0,22395.428752015832,1453.6068806433473,52,51,9.807783755406904,10.118191223572781,0.0,0.03758268932423776,affine_dtft,44.256479496479386,9,identified,2,136.91583914007416,57.03958658823063,94.10747162800727,0.06676606223165867,72.89727103094741,5,4.855048637392986,True,7.899337386677912,9.067914611709599,6.866331146524983
13,2450.0,434529.79117971484,4006276.584705135,-75.72824555826203,36.19909032137044,ok,98.18930093415709,IW,0,22400.015147485654,1455.7716951026177,52,51,9.807187198360875,10.118345521726395,0.0,0.036842265682922815,affine_dtft,44.25889189778131,9,identified,2,91.71747307692516,69.17797821907956,91.1348038635488,0.06894386162927457,69.14554196042148,4,6.286613662293453,True,7.663083022666127,8.806544567202288,6.6517455751091825
13,2500.0,434570.69226587977,4006305.344071444,-75.72779303563297,36.19935235171411,ok,103.97533225669778,IW,0,22404.601831709704,1457.9364312861674,52,51,9.806606941532099,10.11849951419479,0.0,0.03610489374818612,affine_dtft,44.26130444744756,9,identified,1,93.48710348744804,68.83918511478873,103.65137026290111,0.06061844904937512,68.62937773065666,5,7.378401200348116,True,8.682174110204048,9.934456522957666,7.5774031087556235
13,2550.0,434611.59335204464,4006334.103437754,-75.72734050997305,36.199614380369745,ok,108.71500238848753,IW,0,22409.188797058378,1460.1010902980927,52,51,9.806043000442243,10.118653202472643,0.0,0.03550244791300568,affine_dtft,44.263717141455004,9,identified,1,101.53825282837747,66.91718451900371,103.97144730968249,0.06043183460229139,66.03751102542165,4,7.734249964650145,True,9.579017528295225,10.928457177006223,8.391806968783765
13,2600.0,434652.4944382096,4006362.8628040636,-75.72688798128223,36.199876407337285,ok,112.19679819830799,IW,0,22413.77603589806,1462.2656732425808,52,51,9.805495369703834,10.118806586356087,0.0,0.034770969547258536,affine_dtft,44.26612997577848,9,identified,1,113.59111288152934,60.06438903651269,127.01156821934926,0.04946939397148858,60.255118703057654,2,5.65521190781104,True,10.275483595064411,11.701587638918403,9.023859590755164
13,2650.0,434693.3955243745,4006391.622170373,-75.72643544956053,36.20013843261669,ok,113.175280728258,IW,0,22418.363540589053,1464.430181226478,52,51,9.804964060876111,10.118959658038372,0.0,0.03418408213437472,affine_dtft,44.26854294638957,9,identified,1,114.75244138273769,59.719376384064816,117.80582228695597,0.05333509995689993,57.52880770915146,3,5.0721835229941785,True,10.47717448878896,11.925710206211482,9.20680814361102
13,2700.0,434734.29661053943,4006420.3815366826,-75.72598291480787,36.20040045620791,ok,114.66029415662994,IW,0,22422.951303488633,1466.594615353768,52,51,9.804449065947423,10.119112426153293,0.0,0.033459258904260804,affine_dtft,44.27095604925833,9,identified,1,114.67817109798939,60.58647360964692,108.54378291265117,0.0578861832394019,57.99461679191643,2,6.068933354707113,True,10.788406113994789,12.271777233512903,9.489026816178363
13,2750.0,434775.19769670436,4006449.1409029923,-75.72553037702427,36.20066247811089,ok,111.4636635881471,IW,0,22427.539316949224,1468.7589767309876,52,51,9.803950404485255,10.11926488957405,0.0,0.032738496486745455,affine_dtft,44.27336928035219,9,identified,1,114.49787662183418,62.249779587052956,108.54378291265117,0.0578861832394019,57.99461679191643,2,6.354524103930017,True,10.126100675093113,11.535660010999287,8.88833052603683
13,2800.0,434816.0987828693,4006477.900269302,-75.72507783620969,36.2009244983256,ok,109.87812391344487,IW,0,22432.127573318823,1470.923266464333,52,51,9.803468071674953,10.119417044389259,0.0,0.03216060341358918,affine_dtft,44.27578263563635,9,identified,1,113.83148366079598,63.61174487266014,111.39651445154215,0.05640378730083869,67.61986494804023,4,4.656749591355829,True,9.80804401701581,11.182564761201933,8.599699001443412
13,2850.0,434856.99986903416,4006506.6596356113,-75.72462529236412,36.20118651685196,ok,110.32290424704279,IW,0,22436.716064941425,1473.0874856606306,52,51,9.803002073499012,10.119568894968522,0.0,0.031436780650661286,affine_dtft,44.27819611107381,9,identified,1,111.24268834435021,64.16328209544098,111.02841537693503,0.05659078611406401,73.81079374297286,7,3.9952603271584644,True,9.896580113599265,11.280829527649397,8.680053384901331
13,2900.0,434897.9009551991,4006535.419001921,-75.72417274548754,36.20144853368994,ok,,IW,0,22441.304784156942,1475.2516354264712,52,51,9.802552404276506,10.119720440217227,0.0,0.030865540598722433,affine_dtft,44.28060970262549,9,identified,1,99.53693874415303,88.37965304874946,103.93865046938073,0.06045090328578538,73.14160123226152,7,2.9992353430187397,False,,,
13,2950.0,434938.802041364,4006564.178368231,-75.72372019557993,36.2017105488395,ok,,IW,0,22445.893723301124,1477.415716870047,52,51,9.802119080025701,10.119871678753213,0.0,0.030161656886360345,affine_dtft,44.28302340625011,9,identified,2,138.8136493061782,62.7797963591007,132.5517755080952,0.04740174383251365,68.74949449286659,5,2.747578024841878,False,,,
13,3000.0,434979.70312752895,4006592.93773454,-75.72326764264125,36.201972562300554,ok,,IW,0,22450.48287470639,1479.5797310980743,52,51,9.801702101470655,10.120022613326968,0.0,0.029598005902160163,affine_dtft,44.28543721790465,9,identified,1,137.86016105249848,62.908338347209146,147.03783088491267,0.04273176004682408,68.96248897457795,4,3.166823293064171,True,,,
13,3050.0,435020.6042136939,4006621.69710085,-75.72281508667152,36.202234574073096,ok,,IW,0,22455.072230701142,1481.7436792191468,52,51,9.801301465374827,10.12017324341303,0.0,0.028904288211322172,affine_dtft,44.28785113354397,9,identified,1,137.12178122472426,62.914537842204744,137.38401653758697,0.0457344709052131,63.43494882292177,3,3.2160221284349513,True,,,
13,3100.0,435061.5052998588,4006650.4564671596,-75.72236252767065,36.20249658415706,ok,,IW,0,22459.66178361105,1483.907562341133,52,51,9.800917179025024,10.12032356410179,0.0,0.028216823058134256,affine_dtft,44.2902651491215,9,identified,1,132.3540652163072,62.888940114632945,127.01156821934926,0.04946939397148858,60.255118703057654,4,2.81150153467551,False,,,
13,3150.0,435102.40638602374,4006679.2158334693,-75.7219099656387,36.20275859255239,ok,,IW,0,22464.251525757285,1486.0713815726908,52,51,9.800549253126864,10.120473583295192,0.0,0.027655615785605554,affine_dtft,44.292679260588315,9,identified,3,108.20891418945716,58.09949731018727,111.5616687519422,0.05632028794002959,60.64224645720861,4,2.829250363371967,False,,,
13,3200.0,435143.3074721886,4006707.9751997786,-75.72145740057562,36.203020599259034,ok,,IW,0,22468.841449458232,1488.2351380223377,52,51,9.800197674512136,10.120623296967995,0.0,0.02698048567925826,affine_dtft,44.295093463894034,9,identified,2,105.12753784223858,60.70913260379587,118.3290187424785,0.053099276694365156,74.35775354279102,6,2.9730608810383545,False,,,
13,3250.0,435184.20855835354,4006736.7345660883,-75.72100483248136,36.20328260427696,ok,,IW,0,22473.431547029915,1490.3988327994043,52,51,9.799862454521401,10.12077270518971,0.0,0.02644122069430656,affine_dtft,44.297507754987016,9,identified,1,122.24758603235988,88.01863493247848,120.67955732250397,0.052065034431543415,81.86989764584368,5,2.8381966494027706,False,,,
13,3300.0,435225.10964451847,4006765.493932398,-75.72055226135592,36.203544607606105,ok,119.38395737798578,IW,0,22478.021810784034,1492.562467012461,52,51,9.799543598749962,10.12092181072928,0.0,0.02578027423281964,affine_dtft,44.29992212981338,9,identified,1,120.8741860253572,84.29376340822704,114.48668044798914,0.05488136508625571,79.6951535312337,5,3.628764013341872,True,11.82091809987435,13.421963669811035,10.424359508639713
13,3350.0,435266.0107306834,4006794.2532987073,-75.7200996871993,36.20380660924643,ok,121.29086008832665,IW,0,22482.61223303081,1494.7260417712362,52,51,9.79924110513494,10.121070611827022,0.0,0.025128096298191384,affine_dtft,44.30233658431847,9,identified,1,118.95247215220634,83.99914674278716,119.48695166736583,0.052584698324810004,76.50426671920393,6,3.4465975839341887,True,12.256784776290335,13.908574810917695,10.818707968559648
13,3400.0,435306.9118168483,4006823.012665017,-75.71964711001144,36.20406860919786,ok,121.29086008832665,IW,0,22487.202806076435,1496.8895581849054,52,51,9.798954979668085,10.121219105918033,0.0,0.02460839519636378,affine_dtft,44.30475111444549,9,identified,1,130.90071426270453,62.420312133771866,124.17824001860234,0.05059811852896565,75.96375653207325,5,3.7768802329967706,True,12.256784776290335,13.908574810917695,10.818707968559648
13,3450.0,435347.81290301325,4006851.772031327,-75.71919452979233,36.20433060746039,ok,123.55891996843916,IW,0,22491.7935222253,1499.0530173639659,52,51,9.798685215873197,10.121367299775503,0.0,0.023961831365200366,affine_dtft,44.30716571613673,9,identified,2,126.75641285041985,60.64934145190372,127.01156821934926,0.04946939397148858,60.255118703057654,2,4.098741045859758,True,12.790108341013406,14.504937590270348,11.300774657689312
13,3500.0,435388.7139891782,4006880.531397636,-75.71874194654197,36.20459260403394,ok,,IW,0,22496.38437377976,1501.2164204170035,52,51,9.798431830992524,10.121515186711658,0.0,0.02345706150593163,affine_dtft,44.30958038533341,9,identified,1,132.7091319919858,64.24762944900229,115.85237502960383,0.054234410866191046,81.8698976458437,8,2.9915147418748376,False,,,
14,250.0,432814.41485205694,4004908.680739856,-75.74720760887985,36.18664121647677,touches_land_or_unmapped,,,,,,,,,,,,,,,,,,,,,,,,,,,
14,300.0,432850.628233482,4004943.1566880774,-75.74680784157275,36.18695452664627,touches_land_or_unmapped,,,,,,,,,,,,,,,,,,,,,,,,,,,
14,350.0,432886.8416149071,4004977.632636299,-75.74640807107937,36.187267835501586,touches_land_or_unmapped,,,,,,,,,,,,,,,,,,,,,,,,,,,
14,400.0,432923.05499633215,4005012.10858452,-75.74600829739964,36.1875811430427,touches_land_or_unmapped,,,,,,,,,,,,,,,,,,,,,,,,,,,
14,450.0,432959.2683777573,4005046.5845327415,-75.74560852053351,36.18789444926954,ok,98.3726225904233,IW,0,22222.14161147054,1360.3060349343073,52,51,9.842308960014227,10.11118405696521,0.0,0.06479118341748794,affine_dtft,44.165352819029074,5,identified,1,98.67946845732403,76.57553734854241,95.80139923967745,0.06558552752930272,79.21570213243716,4,7.087034334418997,True,7.694143044060537,8.840903482827386,6.679955834471639
14,500.0,432995.48175918235,4005081.060480963,-75.74520874048096,36.18820775418209,ok,99.27609643208683,IW,0,22226.33420131671,1363.106376947357,52,51,9.841197623495528,10.111405468454409,0.0,0.06413666738521802,affine_dtft,44.167556540228006,5,identified,2,90.58488458559296,63.42656459126719,95.07601314665047,0.06608591482993777,74.93151184050762,5,4.411715587154062,True,7.848372065845794,9.011526591252446,6.820038963328482
14,550.0,433031.6951406074,4005115.536429184,-75.74480895724191,36.18852105778026,ok,99.27609643208683,IW,0,22230.527285554475,1365.9065879216369,52,51,9.840099806747402,10.111626364335196,0.0,0.06333509765308608,affine_dtft,44.16976051754839,8,identified,2,90.51938597164724,61.89472020444321,104.24045538494197,0.060275881220749374,75.25643716352906,8,3.2510292377277428,True,7.848372065845794,9.011526591252446,6.820038963328482
14,600.0,433067.9085220325,4005150.0123774055,-75.74440917081633,36.18883436006404,ok,103.94741673416473,IW,0,22234.72085845963,1368.7066687816948,52,51,9.839015522975323,10.111846742116859,0.0,0.06268091741465755,affine_dtft,44.17196474797121,8,identified,2,298.1684144833214,156.74430682999923,101.9865179570774,0.061607999106548204,71.1139126302905,8,3.489003015965139,True,8.677061119079333,9.928793904880864,7.572759090565764
14,650.0,433104.12190345756,4005184.488325627,-75.74400938120417,36.189147661033374,ok,,IW,0,22238.914914299934,1371.506620451649,52,51,9.837944776705386,10.112066607141532,0.0,0.06202687358082312,affine_dtft,44.1741692284732,9,ambiguous_multiple_blobs,2,107.25010817439473,65.48589356758198,248.35648003720473,0.025299059264482816,165.96375653207267,2,2.1414714303215057,False,,,
14,700.0,433140.33528488263,4005218.964273848,-75.74360958840538,36.18946096068821,ok,109.72473908003406,IW,0,22243.109447338233,1374.3064438573786,52,51,9.836887564296129,10.1122859525888,0.0,0.06137298423964822,affine_dtft,44.17637395602854,9,identified,1,108.08389747603796,64.64940165738548,114.4866804479891,0.05488136508625573,63.434948822921854,1,5.096720571396634,True,9.77763502863213,11.148818628236913,8.57209858747039
14,750.0,433176.5486663077,4005253.4402220696,-75.74320979241992,36.18977425902852,ok,115.92011397298148,IW,0,22247.304451829565,1377.1061399242703,52,51,9.835843907815862,10.112504782518238,0.0,0.060719248775912456,affine_dtft,44.17857892760728,9,identified,1,110.84660947844228,63.98083159179452,114.4866804479891,0.05488136508625573,63.434948822921854,1,4.552090034766112,True,11.057373947717618,12.571076750372615,9.732824293526507
14,800.0,433212.7620477328,4005287.916170291,-75.74280999324772,36.19008755605424,ok,117.57173918210565,IW,0,22251.49992202187,1379.9057095792468,52,51,9.834813801735786,10.112723098548114,0.0,0.060075145961988693,affine_dtft,44.18078414017579,9,identified,1,115.89557747724635,63.77686684771647,107.93907746708058,0.05821047811989909,71.56505117707775,2,4.269125258583681,True,11.416990779449014,12.97159482893333,10.05863379862711
14,850.0,433248.97542915784,4005322.392118512,-75.74241019088876,36.19040085176532,ok,120.37292815196136,IW,0,22255.69585215867,1382.7051537489635,52,51,9.833797265447048,10.112940904467546,0.0,0.05926557459698023,affine_dtft,44.182989590698014,9,identified,3,124.39556079816947,63.880603658592854,126.7680175288672,0.049564436122453356,68.19859051364796,4,4.718080707387457,True,12.045564063864814,13.672679147853481,10.627646932222717
14,900.0,433285.1888105829,4005356.8680667337,-75.74201038534297,36.19071414616173,ok,123.17411712181706,IW,0,22259.89223647376,1385.5044733623686,52,51,9.832794288539247,10.113158191235755,0.0,0.05861243865551899,affine_dtft,44.185195276132895,9,identified,3,129.65112606961975,65.76938407579522,124.1782400186023,0.05059811852896566,67.1663458220822,5,3.776387041020604,True,12.698460757019086,14.402380043796029,11.217972657168735
14,950.0,433321.402192008,4005391.344014955,-75.74161057661031,36.19102743924343,ok,126.8379860785038,IW,0,22264.089069197846,1388.3036693471556,52,51,9.831804884144804,10.113374962822194,0.0,0.05795949553378935,affine_dtft,44.18740119343767,9,identified,3,122.59966602133693,67.96099998332686,128.4926252972676,0.04889919007136356,75.4655449194596,7,5.062630463111307,True,13.590928613030409,15.402527882735233,12.023593601296888
14,1000.0,433357.61557343305,4005425.8199631763,-75.74121076469076,36.19134073101035,ok,129.38284944114884,IW,0,22268.28634455273,1391.1027426328994,52,51,9.83082906547193,10.113591220320274,0.0,0.057306752318048104,affine_dtft,44.18960733956495,9,identified,1,128.54326771368272,93.17611899611246,128.4926252972676,0.04889919007136356,75.4655449194596,7,5.316427015888557,True,14.237774789767403,16.12953671894939,12.606440663650975
14,1050.0,433393.8289548581,4005460.295911398,-75.74081094958423,36.19165402146246,ok,132.44566830584688,IW,0,22272.48405675619,1393.9016941489494,52,51,9.829866831690076,10.113806962046768,0.0,0.056663791865790555,affine_dtft,44.191813711465215,9,identified,1,130.17081848671157,94.53268184884382,126.25842225051424,0.04976448457999003,80.53767779197403,6,6.891826468143789,True,15.047141729712116,17.04193314825785,13.334357845425368
14,1100.0,433430.0423362832,4005494.7718596193,-75.74041113129067,36.19196731059972,ok,133.43392905799172,IW,0,22276.68220001842,1396.7005248264193,52,51,9.828918189303998,10.114022191238258,0.0,0.05585566142084278,affine_dtft,44.19402030608492,9,identified,1,135.95096857622434,94.10706412596939,139.4923343420925,0.04504323005858254,87.39743779749979,6,5.598212502644144,True,15.315774124789254,17.34547089386178,13.575598654507692
14,1150.0,433466.25571770826,4005529.2478078404,-75.74001130981007,36.19228059842205,ok,135.08103031156642,IW,0,22280.880768543448,1399.4992355952284,52,51,9.827983142983838,10.11423690768386,0.0,0.055203669446734174,affine_dtft,44.196227120367354,9,identified,3,119.32317466172107,68.61418942199676,139.4923343420925,0.04504323005858254,87.39743779749979,6,3.772313106773715,True,15.771888832694394,17.861702354494938,13.98477517970971
14,1200.0,433502.46909913333,4005563.723756062,-75.73961148514236,36.19259388492946,ok,,IW,0,22285.07975653031,1402.29782738805,52,51,9.827061702528907,10.114451108836766,0.0,0.054551918308315385,affine_dtft,44.19843415125312,9,identified,3,114.5084724478194,69.61000612797024,127.75073004580959,0.04918316556724588,86.42366562500231,8,2.8765114668280365,False,,,
14,1250.0,433538.68248055846,4005598.1997042834,-75.73921165728748,36.192907170121856,ok,,IW,0,22289.27915817192,1405.0963011358085,52,51,9.826153869655354,10.114664796945949,0.0,0.05390041924126456,affine_dtft,44.20064139567962,9,identified,2,102.52040304790351,69.65731784980072,127.99999999999986,0.04908738521234057,89.99999999999962,14,2.3901473619728955,False,,,
14,1300.0,433574.89586198353,4005632.6756525044,-75.73881182624541,36.193220453999196,ok,,IW,0,22293.47896765434,1407.8946577720085,52,51,9.825259656967464,10.114877969275513,0.0,0.05325887956962482,affine_dtft,44.202848850580665,9,identified,4,105.65318247919708,99.11803533577597,117.41258746118444,0.053513728323692306,117.29957221133233,8,2.704394327223342,False,,,
14,1350.0,433611.1092434086,4005667.151600726,-75.7384119920161,36.19353373656148,ok,,IW,0,22297.679179159073,1410.6928982300105,52,51,9.824379060409218,10.115090630223811,0.0,0.05245255219845469,affine_dtft,44.20505651288768,9,identified,4,105.38224925432631,98.1584726045645,114.4866804479891,0.05488136508625573,116.56505117707754,8,2.874190902632292,False,,,
14,1400.0,433647.3226248337,4005701.6275489475,-75.73801215459947,36.193847017808594,ok,112.12987270633482,IW,0,22301.879786860973,1413.4910234428987,52,51,9.823512090458767,10.115302776942624,0.0,0.05180199732056517,affine_dtft,44.207264379528574,9,identified,2,103.92426416171176,96.73201146416689,111.06839440315179,0.056570416282179445,130.60129464500397,4,3.0571475154980314,True,10.261785534603339,11.686370046307003,9.011432850774503
14,1450.0,433683.53600625874,4005736.103497169,-75.73761231399551,36.194160297740545,ok,115.1419645344017,IW,0,22306.080784930233,1416.2890343456836,52,51,9.822658752941686,10.115514412264895,0.0,0.051151743550629104,affine_dtft,44.209472447428816,9,identified,3,104.7830628154478,96.41522990319677,109.43546878142905,0.057414523619656925,94.08561677997449,3,4.244931125689837,True,10.890701865983626,12.385583549206762,9.581760665332808
14,1500.0,433719.7493876838,4005770.57944539,-75.73721247020414,36.19447357635727,ok,116.94921963124182,IW,0,22310.28216753112,1419.086931872641,52,51,9.821819050153017,10.115725535337157,0.0,0.05050709451375011,affine_dtft,44.211680713510745,9,identified,2,123.98847903734254,87.8750614621117,115.88575493442363,0.05421878910600408,84.80557109226491,5,4.656192473396847,True,11.280503839063275,12.819536420824114,9.93499953254024
14,1550.0,433755.9627691089,4005805.0553936115,-75.73681262322533,36.19478685365872,ok,120.6409193427108,IW,0,22314.483928822443,1421.884716959393,52,51,9.820992992745795,10.115936144367303,0.0,0.049884424152423855,affine_dtft,44.21388917469388,9,identified,1,116.58217745613673,65.63534706336087,124.17824001860234,0.05059811852896565,75.96375653207325,3,5.057172819116919,True,12.106958682338286,13.741229387699805,10.683189712954198
14,1600.0,433792.17615053395,4005839.531341833,-75.73641277305904,36.19510012964485,ok,123.44228198303124,IW,0,22318.68606295711,1424.6823905417002,52,51,9.820180579201374,10.11614624104538,0.0,0.04910235421652808,affine_dtft,44.216097827894586,9,identified,1,119.53377936441795,65.1683926710528,124.17824001860234,0.05059811852896565,75.96375653207325,3,5.97016321849551,True,12.762278188757037,14.473791008419438,11.27563228762402
14,1650.0,433828.389531959,4005874.007290054,-75.73601291970522,36.195413404315616,ok,127.24828451224667,IW,0,22322.88856408426,1427.4799535559732,52,51,9.819381816455007,10.116355828801288,0.0,0.04847175893018615,affine_dtft,44.21830667002729,9,identified,1,122.89242189992093,63.52809502110714,129.52689296049664,0.04850873176658259,71.56505117707776,4,5.627101426676196,True,13.693689456941271,15.51790039531166,12.116248983754334
14,1700.0,433864.6029133841,4005908.4832382756,-75.73561306316378,36.195726677670976,ok,,IW,0,22327.091426346255,1430.2774069390466,52,51,9.818596714928375,10.116564897860062,0.0,0.04784194316779829,affine_dtft,44.22051569800282,9,ambiguous_multiple_blobs,2,126.14115393383747,60.46568553564494,125.8340229917246,0.049932324802114895,55.00797980144126,3,5.305273103087557,False,,,
14,1750.0,433900.81629480916,4005942.959186497,-75.73521320343472,36.19603994971087,ok,136.16078961977476,IW,0,22331.294643881,1433.074751627928,52,51,9.817825275031446,10.116773458618143,0.0,0.04721293177711665,affine_dtft,44.2227249087297,9,identified,3,131.82427889843325,53.177054347027195,131.1097650512854,0.04792309180572349,50.19442890773478,2,3.6976290597233,True,16.076723013370376,18.20733038791192,14.25792817809957
14,1800.0,433937.02967623423,4005977.435134718,-75.73481334051799,36.19635322043527,ok,141.94129319564695,IW,0,22335.498210821217,1435.8719885611201,52,51,9.817067504953275,10.116981507675105,0.0,0.04659455732401224,affine_dtft,44.2249342991137,9,identified,2,140.928372424161,52.728946809035506,142.0032502336585,0.04424677109038668,56.309932474020094,1,4.90358689427757,True,17.79164828140916,20.16166475884538,15.789641602276888
14,1850.0,433973.2430576593,4006011.9110829397,-75.73441347441354,36.19666648984412,ok,141.02983786403496,IW,0,22339.70212129493,1438.669118676079,52,51,9.816323403121594,10.117189045002656,0.0,0.045817993810247426,affine_dtft,44.22714386605814,9,identified,2,147.31486518986492,55.4545818316502,142.0032502336585,0.04424677109038668,56.309932474020094,1,5.328947662902634,True,17.51157741889633,19.841285729535944,15.540096506482767
14,1900.0,434009.4564390844,4006046.387031161,-75.73401360512129,36.19697975793738,ok,142.28468816129526,IW,0,22343.906369425735,1441.4661429116645,52,51,9.815592975796815,10.117396068573823,0.0,0.0451918981507217,affine_dtft,44.229353606464045,9,identified,1,146.80762009065265,59.68419057711155,152.64890726398542,0.04116102381469181,63.43494882292177,2,6.491498820238176,True,17.898145209387742,20.28361927584129,15.884466316927659
14,1950.0,434045.66982050944,4006080.8629793823,-75.73361373264123,36.19729302471499,ok,139.2863517584334,IW,0,22348.110949330792,1444.2630622072734,52,51,9.814876233239984,10.117602585837162,0.0,0.04456675158824289,affine_dtft,44.23156351722899,9,identified,1,140.9756022306057,63.931779328664355,137.38401653758697,0.0457344709052131,63.43494882292177,3,5.928373358422194,True,16.98613814297612,19.241531367210136,15.071274845335434
14,2000.0,434081.8832019345,4006115.338927604,-75.73321385697328,36.197606290176935,ok,135.40293080254702,IW,0,22352.315855125107,1447.059877502001,52,51,9.814173175942267,10.117808587695329,0.0,0.04394260350751972,affine_dtft,44.233773595249474,9,identified,1,135.73594747421387,66.2906763175023,137.38401653758697,0.0457344709052131,63.43494882292177,3,5.740039900741581,True,15.86227786481541,17.964135175044127,14.06579656673883
14,2050.0,434118.09658335964,4006149.8148758253,-75.73281397811742,36.19791955432313,ok,131.09143668718744,IW,0,22356.521080915572,1449.8565897360131,52,51,9.813483810159829,10.118014083407456,0.0,0.043181382255681036,affine_dtft,44.23598383741773,9,identified,1,121.49935467818031,58.505414777412376,127.01156821934926,0.04946939397148858,60.255118703057654,4,4.628912702339827,True,14.685016371741787,16.633321925115524,13.00887055773105
14,2100.0,434154.3099647847,4006184.2908240464,-75.7324140960736,36.19823281715354,ok,128.9939100703876,IW,0,22360.726620807913,1452.65319984953,52,51,9.812808136772329,10.118219063256765,0.0,0.04255969865503511,affine_dtft,44.23819424062535,9,identified,1,107.23206305927324,56.94203139222782,122.58614545422658,0.0512552644827691,61.38954033403466,3,4.863084068053163,True,14.137438175852171,16.016642667241136,12.51609299184511
14,2150.0,434190.5233462098,4006218.766772268,-75.73201421084174,36.19854607866813,ok,,IW,0,22364.932468902345,1455.4497087831028,52,51,9.812146161274546,10.11842353481841,0.0,0.04193915040933932,affine_dtft,44.24040480176106,9,identified,2,106.86804552086899,55.03351135668322,169.6228240509641,0.0370420982101546,96.34019174590928,3,2.675269075733931,False,,,
14,2200.0,434226.73672763485,4006253.2427204894,-75.73161432242183,36.19885933886687,ok,,IW,0,22369.138619293142,1458.2461174786222,52,51,9.81149789066448,10.11862749610406,0.0,0.04131979527648438,affine_dtft,44.24261551771046,9,identified,3,107.11525827230605,54.98324605150192,196.92307692307688,0.03190680038802134,112.61986494803966,5,2.6422379248298764,False,,,
14,2250.0,434262.9501090599,4006287.7186687104,-75.73121443081381,36.19917259774968,ok,,IW,0,22373.345066072132,1461.042426876714,52,51,9.810863329905683,10.118830942770218,0.0,0.04070168343922628,affine_dtft,44.244826385357875,9,identified,5,235.1893163452789,139.99770125836793,104.07880040726285,0.060369501594881296,63.43494882292184,5,2.7605396991931452,False,,,
14,2300.0,434299.163490485,4006322.194616932,-75.73081453601762,36.19948585531652,ok,85.8149300454583,IW,0,22377.551803326554,1463.8386379192616,52,51,9.810242475760514,10.119033885099917,0.0,0.03994878083562819,affine_dtft,44.2470374015852,9,identified,7,107.91252821913888,87.44569589396248,84.74684299288238,0.0741406415305322,65.55604521958337,4,3.1901524197997264,True,5.741105637985915,6.680922105738602,4.907846282136845
14,2350.0,434335.37687191006,4006356.6705651535,-75.73041463803322,36.199799111567366,ok,86.34897357174624,IW,0,22381.75882513875,1466.634751549013,52,51,9.809635340411143,10.119236315657716,0.0,0.03933375708094915,affine_dtft,44.249248563271784,9,identified,4,138.92668332029115,55.791514232017185,84.74684299288238,0.0741406415305322,65.55604521958337,4,3.6250218735975133,True,5.817218330366831,6.765130154533424,4.976797333785581
14,2400.0,434371.59025333513,4006391.1465133745,-75.73001473686058,36.200112366502154,ok,89.161471095547,IW,0,22385.96612558821,1469.4307687077915,52,51,9.809041925942415,10.119438236448751,0.0,0.038720179909926045,affine_dtft,44.25145986729546,9,identified,2,141.24057757915992,55.39611224927932,87.9511041506101,0.07143952731304057,66.37062226934306,3,4.348673631666694,True,6.227948109038963,7.2194417125168835,5.3490913469150225
14,2450.0,434407.8036347602,4006425.622461596,-75.72961483249964,36.200425620120846,ok,93.00639195890703,IW,0,22390.173698748906,1472.2266903391198,52,51,9.808462231221968,10.119639646921366,0.0,0.03810811429650661,affine_dtft,44.25367131053119,9,identified,2,138.7282170069114,56.16396655402733,87.9511041506101,0.07143952731304057,66.37062226934306,3,6.035653205791017,True,6.8169392350967986,7.8707655214424035,5.8834556544242895
14,2500.0,434444.0170161853,4006460.0984098176,-75.72921492495033,36.20073887242338,ok,99.61818781772175,IW,0,22394.381538692967,1475.0225173853091,52,51,9.807896264149578,10.119840547160921,0.0,0.037497630624265824,affine_dtft,44.25588288985294,9,identified,1,134.2923200860857,57.13900257851034,100.41146119075007,0.06257438376724264,64.44003482817605,5,6.194800285439181,True,7.907272817437759,9.0766946183729,6.873539008825316
14,2550.0,434480.23039761034,4006494.5743580386,-75.72881501421263,36.201052123409745,ok,105.58913144499093,IW,0,22398.589639486294,1477.8182507909241,52,51,9.807344037543944,10.12004093982925,0.0,0.03675520582059592,affine_dtft,44.258094602131436,9,identified,1,129.83592510733672,58.0366045705403,103.97144730968249,0.06043183460229139,66.03751102542165,4,6.657853880237231,True,8.981083206234038,10.265575493630655,7.848880367638499
14,2600.0,434516.4437790354,4006529.05030626,-75.72841510028648,36.20136537307986,ok,111.56007507226009,IW,0,22402.797995192916,1480.6138914991436,52,51,9.806805533133526,10.120240819950505,0.0,0.0361486677524405,affine_dtft,44.260306444236406,9,identified,1,122.08214560797475,56.844175804292,117.80582228695597,0.05333509995689993,57.52880770915146,3,4.90768837535613,True,10.145661108058173,11.557383552858413,8.90607819750211
14,2650.0,434552.6571604605,4006563.5262544816,-75.72801518317183,36.201678621433686,ok,115.03894729150127,IW,0,22407.006599872817,1483.4094404536038,52,51,9.806280769740674,10.120440191105741,0.0,0.03554398486328509,affine_dtft,44.262518413035465,9,identified,1,118.76637058493685,57.71793074160529,117.80582228695597,0.05333509995689993,57.52880770915146,3,4.748876190796583,True,10.868767447991637,12.361178421267311,9.561877649184996
14,2700.0,434588.87054188555,4006598.0022027027,-75.72761526286865,36.2019918684712,ok,117.58984836204748,IW,0,22411.215447582053,1486.2048985997035,52,51,9.805769753865862,10.12063906045225,0.0,0.03494125328322817,affine_dtft,44.264730505394155,9,identified,1,117.63223334737054,58.4822914198949,117.80582228695597,0.05333509995689993,57.52880770915146,3,5.265615175702801,True,11.420978407446919,12.976038296781596,10.062245510686852
14,2750.0,434625.0839233106,4006632.478150924,-75.72721533937688,36.20230511419233,ok,117.53585488082035,IW,0,22415.42453237335,1489.0002668809652,52,51,9.80527247545081,10.120837410996664,0.0,0.03434058272661161,affine_dtft,44.26694271817628,9,identified,1,117.70817498818086,60.0426789029982,117.80582228695597,0.05333509995689993,57.52880770915146,3,5.419856097156773,True,11.409091964165514,12.962793224184194,10.051479539727138
14,2800.0,434661.2973047357,4006666.9540991457,-75.72681541269645,36.20261835859704,ok,117.44586574544182,IW,0,22419.633848296453,1491.7955462430366,52,51,9.804788948797817,10.121035262010324,0.0,0.03361161236524889,affine_dtft,44.269155048244116,9,identified,1,117.8189276177868,61.3988923753508,116.7259526624135,0.05382852025505731,65.77225468204567,5,4.292442146251219,True,11.389300481783154,12.940740574344002,10.033553233693647
14,2850.0,434697.51068616076,4006701.430047367,-75.72641548282735,36.202931601685286,ok,,IW,0,22423.84338939705,1494.5907376304808,52,51,9.804319172109759,10.121232598357146,0.0,0.03301606724638409,affine_dtft,44.271367492457756,9,identified,1,120.3109751788174,60.648931535654356,113.33603134043462,0.055438550590380074,71.56505117707775,7,2.979270893125582,False,,,
14,2900.0,434733.7240675859,4006735.9059955883,-75.72601554976951,36.203244843457014,ok,,IW,0,22428.05314971849,1497.3858419889123,52,51,9.803863149544087,10.121429429364488,0.0,0.03242295655031521,affine_dtft,44.27358004767609,9,identified,1,106.09666317473659,87.75587056612567,117.20622536260821,0.05360794861997222,77.9885216136343,11,2.799846157443916,False,,,
14,2950.0,434769.93744901096,4006770.38194381,-75.7256156135229,36.203558083912185,ok,,IW,0,22432.263123300007,1500.180860263673,52,51,9.803420887253099,10.121625748916234,0.0,0.03183241827043741,affine_dtft,44.275792710755866,9,identified,2,132.23357871224746,63.63639197209555,132.5517755080952,0.04740174383251365,68.74949449286659,5,2.6653126799963816,False,,,
14,3000.0,434806.15083043603,4006804.857892031,-75.72521567408745,36.203871323050755,ok,,IW,0,22436.473304178846,1502.97579340078,52,51,9.802992383115805,10.121821566876594,0.0,0.03125558823049171,affine_dtft,44.27800547855277,9,identified,1,132.1468702292607,64.19186152701432,147.03783088491267,0.04273176004682408,68.96248897457795,4,3.1347067207214123,True,,,
14,3050.0,434842.3642118611,4006839.3338402524,-75.72481573146312,36.20418456087267,ok,,IW,0,22440.683686388515,1505.7706423462412,52,51,9.802577643081259,10.1220168706128,0.0,0.030533246362252013,affine_dtft,44.28021834792056,9,identified,1,133.87004144414107,63.9946981698898,147.03783088491267,0.04273176004682408,68.96248897457795,4,3.0721539408148475,True,,,
14,3100.0,434878.5775932862,4006873.809788474,-75.72441578564988,36.20449779737789,ok,,IW,0,22444.894263959843,1508.565408046079,52,51,9.802176666844964,10.122211668815705,0.0,0.02995223645446109,affine_dtft,44.28243131571154,9,identified,1,121.90849229175488,57.61825519458454,136.25505162556135,0.04611341181276882,64.79887635452468,5,2.4466036312753574,False,,,
14,3150.0,434914.79097471124,4006908.285736695,-75.72401583664765,36.20481103256637,ok,,IW,0,22449.105030920895,1511.3600914464507,52,51,9.801789466886047,10.122405959650305,0.0,0.029374488387911405,affine_dtft,44.284644378776626,9,identified,2,105.92531650406913,59.34447751555148,104.03104688311235,0.06039721309581047,61.69924423399351,3,2.6811906488942006,False,,,
14,3200.0,434951.0043561363,4006942.7616849164,-75.72361588445641,36.20512426643806,ok,,IW,0,22453.315981297714,1514.1546934944736,52,51,9.801416037113803,10.122599741363894,0.0,0.02880020480745455,affine_dtft,44.28685753396564,9,identified,2,121.83269669147974,88.34292435362252,115.43286745102881,0.05443151024421326,75.06858282186221,7,2.899966557079097,False,,,
14,3250.0,434987.2177375614,4006977.237633138,-75.7232159290761,36.20543749899292,ok,116.83307388000195,IW,0,22457.52710911219,1516.9492151363056,52,51,9.80105637719361,10.122793015598717,0.0,0.028107381786096782,affine_dtft,44.289070778126224,9,identified,1,120.22443807498179,86.70718229867998,117.37508657677357,0.053530825752105694,83.4180553448217,6,3.0444918146286977,True,11.255165740629918,12.79131409666021,9.912044506724436
14,3300.0,435023.43111898645,4007011.713581359,-75.72281597050666,36.205750730230896,ok,118.66936541465205,IW,0,22461.738408384674,1519.7436573189925,52,51,9.800710497695434,10.122985783828208,0.0,0.02754179326876107,affine_dtft,44.29128410810526,9,identified,1,120.14249955763438,85.21487774782733,114.48668044798914,0.05488136508625571,79.6951535312337,5,3.8322631576984274,True,11.660458930182793,13.242990327004696,10.279106146365265
14,3350.0,435059.6445004115,4007046.1895295805,-75.72241600874807,36.20606396015196,ok,118.66936541465205,IW,0,22465.949873133573,1522.5380209893833,52,51,9.800378393369094,10.123178046057332,0.0,0.026980415746935906,affine_dtft,44.29349752074855,9,identified,1,119.20463838069993,84.82755178723066,118.6374546152431,0.05296122820197706,79.99202019855836,4,3.651280996666563,True,11.660458930182793,13.242990327004696,10.279106146365265
14,3400.0,435095.8578818366,4007080.665477802,-75.72201604380027,36.206377188756036,ok,119.10079169394487,IW,0,22470.161497373803,1525.3323070947974,52,51,9.800060076403549,10.123369796841212,0.0,0.0264235071500911,affine_dtft,44.29571101290014,9,identified,1,117.05402715420459,85.38595031214871,124.17824001860234,0.05059811852896565,75.96375653207325,5,3.1895453297310246,True,11.757148596428419,13.350825789609486,10.36663798030122
14,3450.0,435132.07126326166,4007115.141426023,-75.72161607566319,36.20669041604309,ok,,IW,0,22474.37327511868,1528.126516582048,52,51,9.799755541240424,10.123561049409465,0.0,0.02587136501486509,affine_dtft,44.29792458140319,9,identified,1,135.29179679274296,62.29463145911129,114.66231851665621,0.054797298610937045,82.64762064010736,7,2.7348358597770757,False,,,
14,3500.0,435168.28464468673,4007149.6173742446,-75.72121610433682,36.20700364201309,ok,,IW,0,22478.585200379002,1530.9206503989083,52,51,9.799464790390285,10.123751788242567,0.0,0.02520882661591531,affine_dtft,44.30013822309955,9,identified,2,88.05233438039166,93.16114856837227,158.46002191108406,0.03965154889796267,68.1985905136479,5,2.444625653013762,False,,,
15,250.0,432907.78793389327,4004817.998470279,-75.74616148087198,36.18583020232355,touches_land_or_unmapped,,,,,,,,,,,,,,,,,,,,,,,,,,,
15,300.0,432942.2979144831,4004854.1794216163,-75.74578080200752,36.18615876145481,touches_land_or_unmapped,,,,,,,,,,,,,,,,,,,,,,,,,,,
15,350.0,432976.807895073,4004890.3603729536,-75.74540011996574,36.186487319394644,touches_land_or_unmapped,,,,,,,,,,,,,,,,,,,,,,,,,,,
15,400.0,433011.31787566293,4004926.541324291,-75.74501943474661,36.18681587614302,touches_land_or_unmapped,,,,,,,,,,,,,,,,,,,,,,,,,,,
15,450.0,433045.82785625284,4004962.7222756287,-75.74463874635006,36.18714443169987,touches_land_or_unmapped,,,,,,,,,,,,,,,,,,,,,,,,,,,
15,500.0,433080.33783684275,4004998.903226966,-75.74425805477604,36.18747298606517,touches_land_or_unmapped,,,,,,,,,,,,,,,,,,,,,,,,,,,
15,550.0,433114.84781743266,4005035.0841783034,-75.74387736002448,36.18780153923887,ok,92.67606876648954,IW,0,22237.561243766962,1356.749069560762,52,51,9.838307640573904,10.110841020225852,0.0,0.06232447575891423,affine_dtft,44.17348622658671,8,identified,2,272.4150254396865,152.46536407257162,98.94245781516751,0.06350342861824883,75.06858282186226,9,3.3685296514966634,True,6.7650664835673355,7.813405488927004,5.836375641040231
15,600.0,433149.35779802257,4005071.265129641,-75.74349666209537,36.18813009122091,ok,98.12872168686442,IW,0,22241.61231323847,1359.7423966838937,52,51,9.83728167125059,10.111079626542612,0.0,0.06167082533248817,affine_dtft,44.175614964067435,8,identified,3,292.5609464295279,154.37029862910998,80.95430810031041,0.07761397082653212,71.56505117707783,5,4.409022578338238,True,7.652836434500036,8.795209872286511,6.64243919196308
15,650.0,433183.8677786125,4005107.4460809785,-75.7431159609886,36.188458642011284,ok,101.40031343908936,IW,0,22245.663829616962,1362.7355911327281,52,51,9.83626833646129,10.111317643621222,0.0,0.0610173312571634,affine_dtft,44.177743932495524,9,identified,3,106.4453808454701,65.16819446491158,98.13144038399065,0.06402825926729837,63.43494882292192,3,4.530768523666745,True,8.218638676323874,9.42125703834701,7.156363626536302
15,700.0,433218.3777592024,4005143.627032316,-75.74273525670415,36.1887871916099,ok,105.24259110682506,IW,0,22249.715787700716,1365.7286537888688,52,51,9.83526764056177,10.111555074212282,0.0,0.060364006305078766,affine_dtft,44.17987312912741,9,identified,1,108.36482606258595,64.03619536263261,114.4866804479891,0.05488136508625573,63.434948822921854,1,5.087854654973743,True,8.916342546552144,10.19384503374756,7.790084057241224
15,750.0,433252.8877397923,4005179.8079836536,-75.74235454924197,36.18911574001675,ok,114.40533299253642,IW,0,22253.768182283242,1368.721585534217,52,51,9.83427959363694,10.111791915283604,0.0,0.05971085012559286,affine_dtft,44.182002551216996,9,identified,1,112.69816463271772,63.36222751955305,114.4866804479891,0.05488136508625573,63.434948822921854,1,4.542616804145108,True,10.73452664714043,12.211847415575706,9.440178338871785
15,800.0,433287.39772038214,4005215.988934991,-75.74197383860196,36.18944428723179,ok,119.61469291945873,IW,0,22257.82100815288,1371.714387250618,52,51,9.833304207844781,10.112028172874629,0.0,0.05905787964864465,affine_dtft,44.18413219601549,9,identified,3,119.10274747194195,63.309226220047975,118.15384615384599,0.0531780006467023,67.38013505195934,3,3.5828722125447197,True,11.873061228848139,13.480142176271226,10.471552447825948
15,850.0,433321.90770097205,4005252.1698863283,-75.74159312478412,36.18977283325494,ok,122.41588188931443,IW,0,22261.87426009031,1374.7070598215223,52,51,9.832341474395365,10.1122638400147,0.0,0.05840509698801191,affine_dtft,44.18626206077006,9,identified,3,125.97990713967422,64.06004313764561,126.7680175288672,0.049564436122453356,68.19859051364796,4,4.268987093329401,True,12.519272659765056,14.201954462227235,11.056033749135027
15,900.0,433356.41768156196,4005288.350837666,-75.74121240778835,36.19010137808621,ok,123.46889560963598,IW,0,22265.927932872713,1377.699604129966,52,51,9.831391408784643,10.112498918066247,0.0,0.05775251366800066,affine_dtft,44.18839214272607,9,identified,3,124.31909945849712,66.56643515242261,124.1782400186023,0.05059811852896566,67.1663458220822,5,4.215754253024366,True,12.768624381031266,14.48089318982318,11.281365707084968
15,950.0,433390.92766215187,4005324.5317890034,-75.74083168761464,36.19042992172551,ok,123.78847618878615,IW,0,22269.982021270283,1380.6920210600829,52,51,9.830454019102813,10.11273341308792,0.0,0.057100137971388215,affine_dtft,44.190522439125154,9,identified,3,117.26232679210153,68.4585963483051,128.4926252972676,0.04889919007136356,75.4655449194596,7,5.994869407366728,True,12.845010486097967,14.566391141893822,11.350370107320478
15,1000.0,433425.4376427418,4005360.7127403407,-75.74045096426289,36.19075846417282,ok,124.82064531316266,IW,0,22274.03652004828,1383.684311496631,52,51,9.829529294959583,10.112967320301456,0.0,0.056447978269542995,affine_dtft,44.19265294720641,9,identified,1,111.0936358911361,68.96628552847469,119.7517490495968,0.052468422023442186,79.21570213243713,5,5.812143885642315,True,13.094006440406924,14.845249661948346,11.575225044161646
15,1050.0,433459.9476233317,4005396.893691678,-75.74007023773308,36.191087005428095,ok,126.46060939812992,IW,0,22278.091423967264,1386.676476324257,52,51,9.828617261977556,10.113200637842638,0.0,0.05579604852034155,affine_dtft,44.194783664206426,9,identified,1,128.28205159551678,94.32330995507753,119.7517490495968,0.052468422023442186,79.21570213243713,5,7.037429666320898,True,13.49692321852311,15.297025079735691,11.938812857393645
15,1100.0,433494.4576039216,4005433.074643016,-75.73968950802514,36.19141554549129,ok,125.95260542334547,IW,0,22282.146727781208,1389.6685164287246,52,51,9.82771791336413,10.11343337250583,0.0,0.055144357967942925,affine_dtft,44.196914587358364,9,identified,1,132.4973751097663,94.50499534322583,131.9288631507498,0.04762555484162736,83.65980825408974,7,4.744124681870984,True,13.371144572284733,15.155921626053244,11.825347548908333
15,1150.0,433528.9675845115,4005469.255594353,-75.73930877513901,36.191744084362355,ok,128.01955754792837,IW,0,22286.202426239648,1392.6604326952242,52,51,9.826831259249753,10.113665519808297,0.0,0.05449290744628258,affine_dtft,44.19904571389302,9,identified,3,135.5218353272546,85.03423422358065,132.37806044343853,0.047463947470844065,85.76360520094083,7,3.269646793482492,True,13.888435185806747,15.736673145923202,12.291780437162448
15,1200.0,433563.4775651014,4005505.4365456905,-75.73892803907464,36.19207262204125,ok,,IW,0,22290.258514086403,1395.6522260111337,52,51,9.825957299330614,10.113897077873316,0.0,0.05384172217484799,affine_dtft,44.20117704103821,9,identified,4,117.69133828699941,75.01076893233027,127.70351266323696,0.049201350660954664,86.09950625761773,11,2.711723592841137,False,,,
15,1250.0,433597.9875456913,4005541.6174970283,-75.73854729983198,36.192401158527936,ok,,IW,0,22294.314986060846,1398.643897262643,52,51,9.825096043943995,10.114128057650749,0.0,0.053190804386686476,affine_dtft,44.203308566019416,9,identified,3,194.68249955921036,169.36041678382065,135.22121588049433,0.04646597256404301,91.0809241866603,14,1.8524943132048586,False,,,
15,1300.0,433632.4975262812,4005577.7984483656,-75.73816655741096,36.192729693822365,ok,,IW,0,22298.37183689665,1401.6354473376364,52,51,9.824247497329996,10.114358444769248,0.0,0.052540170022202216,affine_dtft,44.2054402860591,9,ambiguous_multiple_blobs,5,155.1484553967208,168.9359477101572,150.61719178612526,0.04171625584482839,168.6900675259792,3,2.2000082777306535,False,,,
15,1350.0,433667.0075068711,4005613.979399703,-75.73778581181156,36.19305822792448,ok,,IW,0,22302.429061322517,1404.626877123496,52,51,9.823411664299988,10.114588249548428,0.0,0.05188983122443253,affine_dtft,44.20757219837716,9,ambiguous_multiple_blobs,5,118.70460081404259,129.70050681735316,150.61719178612526,0.04171625584482839,168.6900675259792,3,2.6225324337614255,False,,,
15,1400.0,433701.517487461,4005650.160351041,-75.73740506303369,36.193386760834265,ok,,IW,0,22306.48665406371,1407.618187508503,52,51,9.822588545688655,10.114817465623558,0.0,0.051239804397250475,affine_dtft,44.20970430019163,9,identified,4,100.50060736108645,96.41701777152379,111.06839440315179,0.056570416282179445,130.60129464500397,4,2.5270411476263352,False,,,
15,1450.0,433736.0274680509,4005686.341302378,-75.73702431107732,36.19371529255166,ok,122.30986746724413,IW,0,22310.54460983801,1410.6093793812038,52,51,9.821778152189486,10.115046097761152,0.0,0.050442593134668263,affine_dtft,44.21183658871668,9,identified,3,102.47620183143971,96.37695386960532,120.26270095661117,0.0522455030296256,93.3664606634294,4,3.8758100521871315,True,12.494365999368947,14.174105524764611,11.033519980495726
15,1500.0,433770.5374486408,4005722.5222537154,-75.73664355594236,36.19404382307662,ok,122.77696060508367,IW,0,22314.602923360577,1413.6004536309304,52,51,9.820980488019675,10.115274147973382,0.0,0.04981077892730848,affine_dtft,44.21396906116503,9,identified,2,125.71134359954411,86.80625249005737,122.48866142651889,0.05129605658193005,85.42607874009884,6,5.850586255446906,True,12.604373168113662,14.297125824302581,11.132949670017988
15,1550.0,433805.0474292307,4005758.7032050528,-75.73626279762878,36.19437235240911,ok,124.12694707616626,IW,0,22318.661589340565,1416.5914111475029,52,51,9.820195557816012,10.115501608011936,0.0,0.04917969488952537,affine_dtft,44.216101714746316,9,identified,1,116.0968655404562,66.8578466619342,124.17824001860234,0.05059811852896565,75.96375653207325,3,8.653799293361393,True,12.926275506193438,14.657375232545826,11.423769574205961
15,1600.0,433839.5574098206,4005794.8841563906,-75.73588203613653,36.194700880549085,ok,125.09300860605505,IW,0,22322.720602483518,1419.582252820135,52,51,9.819423359452111,10.115728486468909,0.0,0.048549362460712765,affine_dtft,44.21823454666823,9,identified,1,119.40897026183698,65.56108900585863,124.17824001860234,0.05059811852896565,75.96375653207325,3,9.936669256330415,True,13.160297619783488,14.919533367074042,11.635068327710316
15,1650.0,433874.0673904105,4005831.065107728,-75.73550127146555,36.195029407496484,ok,125.92934899735647,IW,0,22326.77995748933,1422.5729795394398,52,51,9.818663910957454,10.115954780506296,0.0,0.047919808651433096,affine_dtft,44.220367554135514,9,identified,1,123.07154613053545,63.41280963287051,129.52689296049664,0.04850873176658259,71.56505117707776,4,6.618298589616145,True,13.365407370399849,15.149486993871864,11.820171212364654
15,1700.0,433908.5773710004,4005867.246059065,-75.73512050361579,36.19535793325129,ok,,IW,0,22330.839649054295,1425.5635921960532,52,51,9.817917199811253,10.116180490480604,0.0,0.04729107096213545,affine_dtft,44.22250073435103,9,ambiguous_multiple_blobs,2,126.13066380676254,60.11591402337929,125.8340229917246,0.049932324802114895,55.00797980144126,3,5.113600383023101,False,,,
15,1750.0,433943.08735159034,4005903.427010403,-75.73473973258719,36.19568645781344,ok,132.45472206195993,IW,0,22334.899671869636,1428.554091680925,52,51,9.817183242355123,10.116405614372823,0.0,0.046663177806773565,affine_dtft,44.22463408451497,9,identified,3,129.17516706383893,53.59656031315787,125.8340229917246,0.049932324802114895,55.00797980144126,3,5.02093803977905,True,15.049585883999644,17.04469325319022,13.336553603532867
15,1800.0,433977.59733218024,4005939.6079617403,-75.73435895837966,36.196014981182906,ok,,IW,0,22338.960020623264,1431.544478885836,52,51,9.816462044847588,10.116630152908876,0.0,0.04603616102470666,affine_dtft,44.226767601825784,9,ambiguous_multiple_blobs,3,136.79106360911553,52.19867630467292,142.0032502336585,0.04424677109038668,56.309932474020094,1,3.8884461196997657,False,,,
15,1850.0,434012.1073127701,4005975.7889130777,-75.7339781809932,36.19634350335962,ok,136.80613499915714,IW,0,22343.020689996636,1434.5347547024085,52,51,9.81575360534621,10.116854110100212,0.0,0.04541005445807288,affine_dtft,44.22890128347853,9,identified,2,142.37019983996584,54.089882019537264,142.0032502336585,0.04424677109038668,56.309932474020094,1,4.508863158848391,True,16.261166078620352,18.41670288626289,14.423077803516321
15,1900.0,434046.61729336,4006011.9698644155,-75.73359740042774,36.19667202434356,ok,139.69363338562272,IW,0,22347.081674669058,1437.5249200230942,52,51,9.81505792700935,10.11707748302736,0.0,0.04478489678847914,affine_dtft,44.23103512666714,9,identified,1,142.3258048702668,58.331016812901375,142.0032502336585,0.04424677109038668,56.309932474020094,1,5.780682387801415,True,17.107689956652514,19.380126105284884,15.179803406581703
15,1950.0,434081.1272739499,4006048.150815753,-75.73321661668321,36.19700054413468,ok,137.15722035236803,IW,0,22351.14296931482,1440.5149757398594,52,51,9.814375022124262,10.117300274154976,0.0,0.04416073115975037,affine_dtft,44.233169128582944,9,identified,1,137.60188105813486,62.40962457841533,137.38401653758697,0.0457344709052131,63.43494882292177,3,5.836839420975739,True,16.36222506401117,18.531501341621244,14.513525191678792
15,2000.0,434115.6372545398,4006084.33176709,-75.73283582975957,36.19732906273292,ok,134.15888394950616,IW,0,22355.204568604473,1443.5049227455904,52,51,9.8137048839824,10.117522477777877,0.0,0.04353759163689055,affine_dtft,44.23530328641525,9,identified,1,132.35000480460167,64.07301210456339,137.38401653758697,0.0457344709052131,63.43494882292177,3,5.5268788489244605,True,15.515221847631159,17.57107255266335,13.75458896905655
15,2050.0,434150.1472351297,4006120.512718428,-75.73245503965676,36.197657580138255,ok,127.46699048530472,IW,0,22359.26646720391,1446.4947619341071,52,51,9.813047526080508,10.117744101153006,0.0,0.0429155308107563,affine_dtft,44.23743759735098,9,identified,1,120.80200441504762,58.539528140387766,127.01156821934926,0.04946939397148858,60.255118703057654,4,5.435651177200276,True,13.748702600705109,15.579684021492605,12.16584276457777
15,2100.0,434184.65721571964,4006156.6936697653,-75.73207424637471,36.19798609635064,ok,124.98773397223417,IW,0,22363.328659775452,1449.4844941984436,52,51,9.812402947983413,10.117965138757796,0.0,0.04229458872063081,affine_dtft,44.23957205857515,9,identified,1,108.25231323519212,57.94245591489581,127.01156821934926,0.04946939397148858,60.255118703057654,4,4.484450813246869,True,13.134645295143946,14.890786096072059,11.611912157752387
15,2150.0,434219.16719630954,4006192.8746211026,-75.7316934499134,36.19831461137002,ok,126.8455970345886,IW,0,22367.3911409771,1452.4741204325094,52,51,9.811771151466095,10.11818559994103,0.0,0.04167481814889186,affine_dtft,44.241706667270506,9,identified,1,106.77399406242347,55.56360287273179,108.54378291265117,0.0578861832394019,57.99461679191643,2,5.129404156151157,True,13.592829536365945,15.404661690109785,12.025307794674148
15,2200.0,434253.67717689945,4006229.05557244,-75.73131265027273,36.19864312519635,ok,,IW,0,22371.453905464354,1455.4636415303685,52,51,9.811152147048531,10.118405469279542,0.0,0.04105626823220875,affine_dtft,44.243841420618516,9,identified,3,106.54630731192299,54.73175307678089,190.15202629330105,0.03304295741496886,111.80140948635109,6,2.6479662657103935,False,,,
15,2250.0,434288.18715748936,4006265.2365237777,-75.73093184745268,36.198971637829615,ok,112.65678189407723,IW,0,22375.51694788707,1458.45305838689,52,51,9.810545928550843,10.118624761201007,0.0,0.04029253525791849,affine_dtft,44.24597631579765,9,identified,3,127.2510596034162,86.98636102260944,144.8154687870047,0.04338752869295286,81.8698976458437,14,3.157004891259695,True,10.369966730821446,11.806565380639551,9.109568301023739
15,2300.0,434322.69713807927,4006301.417475115,-75.73055104145318,36.19930014926973,ok,108.41817225551225,IW,0,22379.580262893156,1461.442371896434,52,51,9.809952514245314,10.11884347300874,0.0,0.03967697462826393,affine_dtft,44.24811134998537,9,identified,4,107.81632592219789,86.6225425820602,106.48196234338585,0.05900703902241587,73.0724869358528,10,3.305581430705747,True,9.521144253499479,10.864264925631621,8.33926781039109
15,2350.0,434357.2071186692,4006337.5984264524,-75.7301702322742,36.199628659516684,ok,108.41817225551225,IW,0,22383.643845125964,1464.4315829536756,52,51,9.809371894900735,10.119061596058676,0.0,0.03906282478099975,affine_dtft,44.25024652035677,9,identified,2,140.40286851096087,54.40029075138563,90.78591353326713,0.06920881293855359,71.02959219151329,6,3.224367243028106,True,9.521144253499479,10.864264925631621,8.33926781039109
15,2400.0,434391.717099259,4006373.77937779,-75.72978941991565,36.19995716857042,ok,96.28574007834807,IW,0,22387.707689225223,1467.4206924542764,52,51,9.808804077370404,10.119279139550642,0.0,0.0384501564716556,affine_dtft,44.25238182408499,9,identified,2,142.38242724469313,53.97911136304425,91.58934435839129,0.06860170635781966,63.4349488229219,2,3.549148900082195,True,7.345185404004039,8.454926871399548,6.363040104169304
15,2450.0,434426.22707984893,4006409.9603291275,-75.72940860437748,36.20028567643088,ok,,IW,0,22391.7717898274,1470.4097012938666,52,51,9.808249068787761,10.119496100165367,0.0,0.03783903914763678,affine_dtft,44.25451725834152,9,ambiguous_multiple_blobs,2,140.89891236743313,54.651483398306944,142.0032502336585,0.04424677109038668,56.309932474020094,1,5.89940602834678,False,,,
15,2500.0,434460.73706043884,4006446.141280465,-75.72902778565965,36.20061418309805,ok,,IW,0,22395.836141565924,1473.398610368042,52,51,9.80770687039244,10.11971248101297,0.0,0.03722954600505738,affine_dtft,44.256652820296225,9,ambiguous_multiple_blobs,2,139.12360546694273,55.35500898441756,142.0032502336585,0.04424677109038668,56.309932474020094,1,6.829747843379571,False,,,
15,2550.0,434495.24704102875,4006482.3222318026,-75.72864696376212,36.20094268857187,ok,128.9402135799879,IW,0,22399.900739070206,1476.3874205728487,52,51,9.807177484410309,10.119928282651625,0.0,0.036621760102285385,affine_dtft,44.258788507116876,9,identified,1,136.76156754228327,56.45693596424432,142.0032502336585,0.04424677109038668,56.309932474020094,1,6.629818279042678,True,14.123628196628047,16.00110792501883,12.503656047315545
15,2600.0,434529.75702161866,4006518.50318314,-75.72826613868479,36.20127119285229,ok,126.15661575672992,IW,0,22403.96557696712,1479.3761328045823,52,51,9.806660920153162,10.12014349503525,0.0,0.036015764514593124,affine_dtft,44.260924315969895,9,identified,1,132.4936271963389,57.8667476467118,127.01156821934926,0.04946939397148858,60.255118703057654,2,6.461496772381667,True,13.421551002510475,15.212461540199072,11.87082332851956
15,2650.0,434564.26700220857,4006554.6841344773,-75.72788531042765,36.20159969593927,ok,125.01941025244273,IW,0,22408.03064987928,1482.364747959838,52,51,9.806157169463187,10.120358130021208,0.0,0.03541165155152869,affine_dtft,44.2630602440195,9,identified,1,128.2194484099746,59.4041912894158,117.80582228695597,0.05333509995689993,57.52880770915146,3,5.391117404866903,True,13.14235998737702,14.899431281503714,11.618876294775138
15,2700.0,434598.7769827985,4006590.865085815,-75.72750447899062,36.20192819783279,ok,119.96395073819374,IW,0,22412.095952427717,1485.3532669355056,52,51,9.805666244240676,10.120572186616256,0.0,0.0348095188458987,affine_dtft,44.26519628842905,9,identified,1,123.21877120136291,59.64702736073708,117.80582228695597,0.05333509995689993,57.52880770915146,3,5.886544135043028,True,11.952299329894633,13.568569869154288,10.543259602304644
15,2750.0,434633.2869633884,4006627.0460371524,-75.72712364437365,36.20225669853278,ok,118.20204636790484,IW,0,22416.16147922975,1488.3416906276618,52,51,9.805188147273546,10.120785660180141,0.0,0.034209465842611655,affine_dtft,44.26733244636001,9,identified,1,123.27106498971067,61.61642861705128,120.47058823529395,0.05215534678811187,61.92751306414691,4,5.135116828569788,True,11.55635961349343,13.126926192349881,10.1848501518789
15,2800.0,434667.7969439783,4006663.2269884897,-75.72674280657667,36.202585198039195,ok,118.33412106155447,IW,0,22420.22722489914,1491.3300199339958,52,51,9.80472287580854,10.120998552822568,0.0,0.03361161236524889,affine_dtft,44.26946871497191,9,identified,1,124.71290288908945,62.06471555386291,116.7259526624135,0.05382852025505731,65.77225468204567,5,3.967957744596036,True,11.585713739398773,13.159650525701316,10.211430329400434
15,2850.0,434702.3069245682,4006699.407939827,-75.72636196559965,36.20291369635201,ok,,IW,0,22424.29318404665,1494.3182557525301,52,51,9.804270440501325,10.121210861370944,0.0,0.03301606724638409,affine_dtft,44.27160509142276,9,identified,1,133.19253001347775,60.038028735526865,120.13595294919506,0.05230062402582111,76.42956561483824,7,2.689957130605869,False,,,
15,2900.0,434736.81690515805,4006735.588891165,-75.72598112144254,36.20324219347116,ok,,IW,0,22428.359351281564,1497.306398979635,52,51,9.80383083934788,10.12142259393606,0.0,0.03242295655031521,affine_dtft,44.27374157286977,9,identified,1,131.52517820267784,61.308946265677456,122.11912581118838,0.05145127976836475,79.69515353123366,8,2.5616237605408814,False,,,
15,2950.0,434771.32688574796,4006771.769842502,-75.72560027410526,36.20357068939663,ok,,IW,0,22432.425721209438,1500.2944505135567,52,51,9.803404075649214,10.121633744477773,0.0,0.03183241827043741,affine_dtft,44.27587815646824,9,identified,2,125.31053436637733,60.138949308750966,127.75073004580959,0.04918316556724588,93.57633437499693,4,2.4555133498403543,False,,,
15,3000.0,434805.83686633786,4006807.9507938395,-75.72521942358777,36.203899184128346,ok,,IW,0,22436.49228843311,1503.2824112519343,52,51,9.80299015603221,10.121844315829199,0.0,0.03124460083548031,affine_dtft,44.27801483937199,9,identified,1,123.05756697751183,60.99085424304152,147.03783088491267,0.04273176004682408,68.96248897457795,4,2.9351898253975954,False,,,
15,3050.0,434840.3468469278,4006844.1317451773,-75.72483856989001,36.204227677666275,ok,,IW,0,22440.55904755294,1506.270282093072,52,51,9.802589076640434,10.122054302109204,0.0,0.030522182554789255,affine_dtft,44.28015161873358,9,identified,1,132.32215608254984,64.3357510239963,147.03783088491267,0.04273176004682408,68.96248897457795,4,2.3993879464309154,False,,,
15,3100.0,434874.8568275177,4006880.3126965147,-75.72445771301193,36.20455617001038,ok,,IW,0,22444.625993166577,1509.2580639347989,52,51,9.802200841517228,10.122263711671144,0.0,0.029941108776331302,affine_dtft,44.282288491704165,9,identified,2,130.92602233847717,63.43328838959932,137.84615384615367,0.045581143411459114,67.38013505195934,7,2.0168115738643797,False,,,
15,3150.0,434909.3668081076,4006916.493647852,-75.72407685295346,36.20488466116061,ok,,IW,0,22448.693119869946,1512.245757675784,52,51,9.801825460912315,10.122472541473007,0.0,0.029363299217585587,affine_dtft,44.28442545543393,9,identified,4,108.78857608935328,57.236016959662685,111.5616687519422,0.05632028794002959,60.64224645720861,4,2.1658642959879435,False,,,
15,3200.0,434943.8767886975,4006952.67459919,-75.72369598971457,36.20521315111693,ok,,IW,0,22452.760422255444,1515.2333642141193,52,51,9.801462931481675,10.122680789656263,0.0,0.028788949246367674,affine_dtft,44.28656250707131,9,identified,2,119.04056137616608,89.3421829297397,114.08629836909613,0.05507396941613442,77.12499844038726,8,2.6661354637916186,False,,,
15,3250.0,434978.3867692874,4006988.855550527,-75.72331512329518,36.205541639879286,ok,115.71043897978088,IW,0,22456.827894914357,1518.2208844482889,52,51,9.801113247773277,10.122888463774213,0.0,0.02821827198617656,affine_dtft,44.288699643764076,9,identified,2,118.6466398737157,88.32295631338489,116.24361195174386,0.054051876070298994,87.39743779749985,5,3.351733418078728,True,11.012291205462885,12.52089485523876,9.69196707851798
15,3300.0,435012.8967498773,4007025.0365018644,-75.72293425369526,36.205870127447625,ok,115.71043897978088,IW,0,22460.895532434737,1521.2083192771292,52,51,9.800776429800178,10.123095551783214,0.0,0.027651491021768487,affine_dtft,44.29083686265837,9,identified,2,119.79423866457857,86.92403728758484,113.08188270064278,0.05556314731523188,83.65980825408981,4,3.785658998688295,True,11.012291205462885,12.52089485523876,9.69196707851798
15,3350.0,435047.4067304672,4007061.2174532018,-75.72255338091473,36.206198613821925,ok,115.71043897978088,IW,0,22464.963329402577,1524.195669599477,52,51,9.800452463828321,10.123302061559109,0.0,0.027088847382993112,affine_dtft,44.292974160899206,9,identified,2,119.85012568315709,86.20135407650766,117.80582228695603,0.0533350999568999,85.60129464500419,3,3.6948479938987915,True,11.012291205462885,12.52089485523876,9.69196707851798
15,3400.0,435081.9167110571,4007097.3984045396,-75.72217250495356,36.206527099002145,ok,,IW,0,22469.03128040216,1527.182936314274,52,51,9.800141358233455,10.123507993291872,0.0,0.02653061333811365,affine_dtft,44.29511153563074,9,identified,3,118.39053347588018,86.4889570242471,178.55637311050626,0.03518880450876432,125.53767779197372,3,1.791711710800955,False,,,
15,3450.0,435116.426691647,4007133.579355877,-75.72179162581168,36.20685558298823,ok,,IW,0,22473.09938001592,1530.1701203202012,52,51,9.799843117778877,10.123713343934304,0.0,0.025977055139665757,affine_dtft,44.29724898399617,9,identified,3,145.54530443989185,125.98736644816658,97.41342600284031,0.0645001984325691,92.72631099390594,4,2.4378477094724897,False,,,
15,3500.0,435150.9366722369,4007169.760307214,-75.72141074348903,36.207184065780126,ok,,IW,0,22477.167622823177,1533.157222516497,52,51,9.799557746909445,10.123918118914906,0.0,0.0254284926274411,affine_dtft,44.29938650313703,9,identified,5,267.6022026098503,58.110284491067695,158.46002191108406,0.03965154889796267,68.1985905136479,5,2.651803230654286,False,,,
16,250.0,433016.50905580516,4004695.7196616554,-75.7449419996985,36.18473540124984,touches_land_or_unmapped,,,,,,,,,,,,,,,,,,,,,,,,,,,
16,300.0,433057.80527134356,4004723.9087124057,-75.74448517288315,36.184992379727554,touches_land_or_unmapped,,,,,,,,,,,,,,,,,,,,,,,,,,,
16,350.0,433099.101486882,4004752.097763156,-75.74402834306697,36.18524935648569,touches_land_or_unmapped,,,,,,,,,,,,,,,,,,,,,,,,,,,
16,400.0,433140.3977024204,4004780.2868139064,-75.74357151024998,36.18550633152421,touches_land_or_unmapped,,,,,,,,,,,,,,,,,,,,,,,,,,,
16,450.0,433181.6939179588,4004808.4758646567,-75.74311467443215,36.18576330484303,touches_land_or_unmapped,,,,,,,,,,,,,,,,,,,,,,,,,,,
16,500.0,433222.9901334973,4004836.664915407,-75.74265783561344,36.18602027644211,touches_land_or_unmapped,,,,,,,,,,,,,,,,,,,,,,,,,,,
16,550.0,433264.2863490357,4004864.8539661574,-75.74220099379387,36.186277246321424,ok,,IW,0,22249.789089134683,1337.7844216825395,52,51,9.835287708615292,10.10920437568542,0.0,0.06063001334046604,affine_dtft,44.17996934211632,8,identified,2,116.53676672023441,86.60160213047175,94.34182445155908,0.06660020986138297,75.3236068625498,8,3.3094686368958652,True,,,
16,600.0,433305.5825645741,4004893.0430169073,-75.74174414897338,36.18653421448089,ok,105.61210915854333,IW,0,22254.39243505213,1339.8911844444592,52,51,9.834168232213464,10.10936978282616,0.0,0.059986970156137645,affine_dtft,44.18239096505624,8,identified,2,305.2404735859143,153.9041096498694,94.49450302407104,0.06649260122124818,74.5387822595579,9,3.4522031879869313,True,8.985386686303746,10.27034387793339,7.852788646509699
16,650.0,433346.87878011254,4004921.2320676576,-75.741287301152,36.1867911809205,ok,,IW,0,22258.996315783577,1341.9978336979466,52,51,9.83306507205564,10.109534906653039,0.0,0.059188285870848366,affine_dtft,44.18481286620309,9,ambiguous_multiple_blobs,4,108.86330928600366,65.04976558299074,103.97144730968249,0.06043183460229139,66.03751102542165,2,4.112288405362862,False,,,
16,700.0,433388.17499565094,4004949.421118408,-75.74083045032967,36.18704814564018,ok,113.94410415192027,IW,0,22263.600723775602,1344.104370539991,52,51,9.831978246002611,10.109699727135487,0.0,0.05838041126430894,affine_dtft,44.18723504157359,9,identified,2,110.93333004149876,64.20690187643248,127.99999999999986,0.04908738521234057,89.99999999999962,1,3.021608233704204,True,10.637527400105798,12.1039767745944,9.35222741611008
16,750.0,433429.47121118935,4004977.6101691583,-75.7403735965064,36.18730510863988,ok,122.0124827781193,IW,0,22268.205651462296,1346.21079606943,52,51,9.830907750162377,10.109864255493529,0.0,0.05773822739940496,affine_dtft,44.189657487177875,9,identified,1,115.12930158805436,64.01555100831894,115.12806742976424,0.054575616940784194,77.00538320808323,3,4.185341538121765,True,12.424690716087971,14.09621175000685,10.970532705334325
16,800.0,433470.7674267278,4005005.7992199087,-75.73991673968214,36.18756206991955,ok,122.4456342262159,IW,0,22272.811091271953,1348.317111384413,52,51,9.829853603501352,10.11002848737066,0.0,0.0569407007098872,affine_dtft,44.192080199023074,9,identified,3,119.32902245170752,64.3363513932399,118.15384615384599,0.0531780006467023,67.38013505195934,3,3.995071944243937,True,12.526269024326304,14.209777744070472,11.062357737966783
16,850.0,433512.0636422662,4005033.988270659,-75.73945987985691,36.187819029479144,ok,121.90753297149861,IW,0,22277.417035623454,1350.4233175856577,52,51,9.828815814785004,10.110192426301529,0.0,0.05629914337728204,affine_dtft,44.19450317311132,9,identified,3,121.0586724577007,65.03615525376547,126.7680175288672,0.049564436122453356,68.19859051364796,4,4.304748562869404,True,12.400168802503016,14.068801697809702,10.948362517689594
16,900.0,433553.3598578046,4005062.1773214093,-75.73900301703067,36.188075987318626,ok,122.83226929546512,IW,0,22282.02347692573,1352.5294157744804,52,51,9.82779438560825,10.110356067642519,0.0,0.055502467029606165,affine_dtft,44.196926405439534,9,identified,3,116.95923447979696,67.04563986302347,124.1782400186023,0.05059811852896566,67.1663458220822,5,4.183484437322623,True,12.617445504173554,14.311747595521208,11.144763578919685
16,950.0,433594.65607334307,4005090.3663721597,-75.73854615120341,36.18833294343793,ok,124.0018750808699,IW,0,22286.630407580782,1354.6354070526722,52,51,9.826789321252289,10.110519413730405,0.0,0.05470630256773566,affine_dtft,44.199349892000974,9,identified,3,110.7512237982937,68.98863363794493,125.30949372641331,0.05014133502843438,78.23171106797906,6,7.16061886049849,True,12.89620268803227,14.623702741041104,11.396608967008536
16,1000.0,433635.95228888147,4005118.55542291,-75.73808928237511,36.18858989783699,ok,125.29208648634055,IW,0,22291.23781998235,1356.7412925227036,52,51,9.825800628181073,10.110682467113827,0.0,0.05406585156779472,affine_dtft,44.201773628784565,9,identified,1,128.71564410676336,94.80565932962107,119.7517490495968,0.052468422023442186,79.21570213243713,5,5.457520798051672,True,13.208908105809511,14.974016082480544,11.678945014566583
16,1050.0,433677.2485044199,4005146.7444736604,-75.73763241054576,36.188846850515795,ok,,IW,0,22295.845706515163,1358.847073289025,52,51,9.824828318702725,10.11084522612293,0.0,0.05327066309172489,affine_dtft,44.2041976117745,9,ambiguous_multiple_blobs,2,128.00245087397838,95.94475091851533,127.01156821934933,0.04946939397148855,97.12501634890134,2,7.589811074518724,False,,,
16,1100.0,433718.5447199583,4005174.9335244107,-75.73717553571531,36.18910380147429,ok,128.760576465996,IW,0,22300.454059556632,1360.9527504557914,52,51,9.823872401193745,10.111007693177422,0.0,0.052631004067791684,affine_dtft,44.206621836951086,9,identified,1,131.86877908097048,95.93294891903031,131.9288631507498,0.04762555484162736,83.65980825408974,7,5.353888231271779,True,14.07750252167157,15.949227774814556,12.46211319061802
16,1150.0,433759.84093549673,4005203.122575161,-75.73671865788377,36.18936075071241,ok,,IW,0,22305.062871475595,1363.0583251291766,52,51,9.822932874755685,10.111169862457034,0.0,0.051827027039459524,affine_dtft,44.209046300290154,9,identified,1,135.9618260613556,87.87557693228841,134.6011171976414,0.04668003830869901,83.29016319224273,9,3.6748559888398673,True,,,
16,1200.0,433801.1371510352,4005231.3116259114,-75.73626177705113,36.18961769823009,ok,,IW,0,22309.672134634282,1365.1637984141482,52,51,9.822009755265626,10.111331738282031,0.0,0.05103351983353006,affine_dtft,44.211470997764046,9,identified,4,118.18274926741095,78.27617767136779,130.89535809661774,0.048001589961209935,85.60129464500407,10,2.764148119030831,False,,,
16,1250.0,433842.4333665736,4005259.5006766617,-75.73580489321735,36.18987464402732,ok,,IW,0,22314.281841385622,1367.269171419099,52,51,9.821103040832236,10.111493322031276,0.0,0.05040540134761587,affine_dtft,44.21389592534021,9,identified,3,204.24775028630367,86.48407492939612,119.67821949961036,0.05250065829396837,90.74405920288838,18,2.867302638055847,False,,,
16,1300.0,433883.729582112,4005287.689727412,-75.73534800638242,36.19013158810403,ok,,IW,0,22318.891984076658,1369.3744452515746,52,51,9.820212743339845,10.111654613891808,0.0,0.04963523800958667,affine_dtft,44.21632107898299,9,identified,7,182.7359880308166,77.16320747212757,200.82292238150043,0.03128719188362128,78.69006752597934,4,1.9743051250857715,False,,,
16,1350.0,433925.02579765045,4005315.8787781624,-75.73489111654634,36.19038853046016,ok,,IW,0,22323.502555045314,1371.4796210201466,52,51,9.819338869503653,10.111815608151973,0.0,0.04886644539157402,affine_dtft,44.21874645465196,9,identified,5,176.11092297858855,78.86933324405506,190.5173523290238,0.0329795959809924,82.87498365109778,3,2.417698496993408,False,,,
16,1400.0,433966.32201318885,4005344.0678289128,-75.73443422370907,36.190645471095685,ok,,IW,0,22328.113546623936,1373.584699834489,52,51,9.818481421973482,10.111976312710084,0.0,0.04824852400218478,affine_dtft,44.221172048303735,9,identified,4,100.24458964203471,96.68429653245194,119.94144913044934,0.05238543766755678,128.65980825408965,3,2.608643269591787,False,,,
16,1450.0,434007.61822872725,4005372.256879663,-75.73397732787058,36.19090241001056,ok,127.19561846235659,IW,0,22332.724951136872,1375.6896828051279,52,51,9.817640405373963,10.112136723817516,0.0,0.04748234496165657,affine_dtft,44.22359785589073,9,identified,1,102.27302010739211,96.61673507877236,120.26270095661117,0.0522455030296256,93.3664606634294,4,4.123488220414744,True,13.680466587313214,15.503052145308176,12.104327723420157
16,1500.0,434048.9144442657,4005400.4459304134,-75.73352042903089,36.1911593472047,ok,126.44127385141803,IW,0,22337.336760900893,1377.7945710425226,52,51,9.81681583841108,10.112296842272713,0.0,0.04686656702437243,affine_dtft,44.22602387336137,9,identified,1,131.59753310906652,86.86637802919616,122.48866142651889,0.05129605658193005,85.42607874009884,6,5.598314155780272,True,13.492119793525987,15.29163517940709,11.93448028367017
16,1550.0,434090.2106598041,4005428.634981164,-75.73306352718996,36.19141628267807,ok,127.05839767323376,IW,0,22341.948968227465,1379.8993656579567,52,51,9.816007712961138,10.11245666505075,0.0,0.04610322829323603,affine_dtft,44.228450096661305,9,identified,1,131.11110487744472,86.72590410465037,138.8354930039397,0.04525633302574357,77.4711922908482,5,5.0753655554399355,True,13.64605950094422,15.464419224060737,12.073305768247739
16,1600.0,434131.5068753426,4005456.824031914,-75.73260662234776,36.191673216430644,ok,128.7573218523894,IW,0,22346.561565418917,1382.0040677649397,52,51,9.815216039785083,10.112616199583949,0.0,0.04533161884595662,affine_dtft,44.230876521731375,9,identified,1,118.42439525497389,65.5657040198528,124.17824001860234,0.05059811852896565,75.96375653207325,3,7.69125979161001,True,14.076667885852194,15.948289101589491,12.461361435492282
16,1650.0,434172.803090881,4005485.0130826645,-75.73214971450429,36.19193014846235,ok,129.59366224369083,IW,0,22351.174544773436,1384.1086784757817,52,51,9.814440822306523,10.112775438903132,0.0,0.044719544388473344,affine_dtft,44.23330314451022,9,identified,1,123.16622243986032,63.1313249285123,129.52689296049664,0.04850873176658259,71.56505117707776,4,6.284860120910092,True,14.292385450569482,16.191001503092608,12.655604829442652
16,1700.0,434214.0993064194,4005513.202133415,-75.73169280365953,36.19218707877313,ok,,IW,0,22355.787898580824,1386.2131989046215,52,51,9.813682071100796,10.112934386841033,0.0,0.04396109990987984,affine_dtft,44.2357299609321,9,ambiguous_multiple_blobs,2,126.08673076423112,59.72115820355111,125.8340229917246,0.049932324802114895,55.00797980144126,3,4.75346561677392,False,,,
16,1750.0,434255.39552195783,4005541.3911841647,-75.73123588981346,36.192444007362965,ok,132.45472206195993,IW,0,22360.40161912518,1388.3176301654335,52,51,9.81293978568628,10.113093044515873,0.0,0.04335170460591053,affine_dtft,44.238156966928265,9,identified,3,128.7735718968899,53.59575535469364,125.8340229917246,0.049932324802114895,55.00797980144126,3,4.182128376231957,True,15.049585883999644,17.04469325319022,13.336553603532867
16,1800.0,434296.69173749624,4005569.580234915,-75.73077897296606,36.19270093423179,ok,,IW,0,22365.015698684834,1390.4219733738703,52,51,9.812213979868261,10.113251410812895,0.0,0.04259682104715637,affine_dtft,44.240584158426934,9,identified,2,137.1878628108778,51.905786031029386,131.1097650512854,0.04792309180572349,50.19442890773478,2,2.980928056141589,False,,,
16,1850.0,434337.98795303464,4005597.7692856654,-75.7303220531173,36.19295785937955,ok,136.80613499915714,IW,0,22369.630129531095,1392.5262296448082,52,51,9.811504651739774,10.113409483076818,0.0,0.041844072796419676,affine_dtft,44.24301153135262,9,identified,2,143.41015459089027,54.20058523107658,142.0032502336585,0.04424677109038668,56.309932474020094,1,4.103365623359242,True,16.261166078620352,18.41670288626289,14.423077803516321
16,1900.0,434379.2841685731,4005625.9583364157,-75.72986513026721,36.1932147828062,ok,139.69363338562272,IW,0,22374.24490392927,1394.6304000950838,52,51,9.810811807367177,10.113567265696256,0.0,0.041239387152167996,affine_dtft,44.2454390816267,9,identified,1,143.12751780758836,59.26729526180206,142.0032502336585,0.04424677109038668,56.309932474020094,1,5.546863717586776,True,17.107689956652514,19.380126105284884,15.179803406581703
16,1950.0,434420.5803841115,4005654.147387166,-75.72940820441572,36.1934717045117,ok,139.23171001601557,IW,0,22378.860014139624,1396.734485841339,52,51,9.810135458795495,10.113724755273616,0.0,0.04049075213757753,affine_dtft,44.24786680516789,9,identified,1,137.3993339480138,63.10858792716108,137.38401653758697,0.0457344709052131,63.43494882292177,3,6.052198303386412,True,16.969885095370863,19.22300613814348,15.056759830717649
16,2000.0,434461.8765996499,4005682.3364379164,-75.72895127556284,36.19372862449599,ok,136.2333736131537,IW,0,22383.475452416165,1398.8384880006358,52,51,9.809475600567504,10.113881955026894,0.0,0.03988948390746193,affine_dtft,44.25029469789163,9,identified,1,125.61096328345147,60.821096205530985,137.38401653758697,0.0457344709052131,63.43494882292177,3,5.584806195302673,True,16.09738320398423,18.23077368134084,14.276431943306166
16,2050.0,434503.17281518836,4005710.5254886667,-75.72849434370852,36.193985542759016,ok,134.79090445802754,IW,0,22388.091211007024,1400.9424076912462,52,51,9.808832242399669,10.114038864676605,0.0,0.03914538161032491,affine_dtft,44.25272275571026,9,identified,1,121.6600805457802,61.11974857023919,137.38401653758697,0.0457344709052131,63.43494882292177,3,5.073923510000771,True,15.690774800652111,17.769817504042145,13.912048813504281
16,2100.0,434544.46903072676,4005738.714539417,-75.72803740885279,36.19424245930075,ok,133.92653376484108,IW,0,22392.70728215477,1403.046246031707,52,51,9.8082053902336,10.114195483573772,0.0,0.03839355014952661,affine_dtft,44.25515097453318,9,identified,1,116.8921959220783,60.03795797785627,127.01156821934926,0.04946939397148858,60.255118703057654,4,4.029270228499376,True,15.45107617930812,17.49849291669784,13.697034071857015
16,2150.0,434585.76524626516,4005766.9035901674,-75.72758047099559,36.19449937412113,ok,,IW,0,22397.32365809749,1405.1500041408465,52,51,9.80759505032422,10.114351806395383,0.0,0.03779828039304531,affine_dtft,44.25757935026746,9,identified,2,106.22845452077537,56.74157013068318,133.0630907363971,0.04721959539949969,72.34987578006961,6,2.863952803770626,False,,,
16,2200.0,434627.0614618036,4005795.0926409177,-75.72712353013692,36.1947562872201,ok,,IW,0,22401.94033106697,1407.2536831381924,52,51,9.807001220332548,10.114507848360084,0.0,0.037062157454106126,affine_dtft,44.26000787881687,9,identified,3,141.38710249174707,86.059781414423,186.32328777575665,0.033721953826520656,98.97262661489574,7,2.661989998045388,False,,,
16,2250.0,434668.357677342,4005823.281691668,-75.72666658627676,36.195013198597614,ok,,IW,0,22406.557293290545,1409.3572841435603,52,51,9.806423908240815,10.114663593156395,0.0,0.03632924361736097,affine_dtft,44.262436556082804,9,identified,4,126.32358794743752,83.68746516427598,133.10641840531056,0.047204224878527004,74.93151184050751,7,2.7944557059362873,False,,,
16,2300.0,434709.6538928805,4005851.4707424184,-75.72620963941509,36.195270108253624,ok,,IW,0,22411.174536990267,1411.4608082775396,52,51,9.805863122312289,10.114819045063873,0.0,0.035741075804014394,affine_dtft,44.26486537796391,9,identified,3,142.0233448445366,59.207992963308484,116.45954745061027,0.05395165484259024,75.17352002964408,8,2.720363697600078,False,,,
16,2350.0,434750.9501084189,4005879.659793169,-75.72575268955191,36.1955270161881,ok,159.92193217393253,IW,0,22415.79205438298,1413.5642566610843,52,51,9.805318869531165,10.114974214472277,0.0,0.035014414321734466,affine_dtft,44.267294340356074,9,identified,2,145.05020810076553,55.26497445329756,159.92193217393253,0.03928907825066757,51.340191745909806,2,3.182160260556417,True,24.20649434043478,27.66242967666821,21.427730302022425
16,2400.0,434792.2463239573,4005907.848843919,-75.72529573668719,36.19578392240097,ok,155.44226168886402,IW,0,22420.40983768232,1415.6676304151242,52,51,9.804791138205507,10.11512909044895,0.0,0.03443148215038276,affine_dtft,44.26972343915354,9,identified,1,146.69845549762135,54.31887247720101,159.92193217393253,0.03928907825066757,51.340191745909806,2,3.7291039165733375,True,22.43008977522236,25.549794823031565,19.882799456332396
16,2450.0,434833.54253949574,4005936.0378946695,-75.72483878082089,36.19604082689217,ok,152.75445939782293,IW,0,22425.027879095218,1417.7709306618651,52,51,9.804279943277608,10.115283674264553,0.0,0.03371179868921582,affine_dtft,44.27215267024697,9,identified,1,146.62264369857294,54.26056494571258,159.92193217393253,0.03928907825066757,51.340191745909806,2,4.968767816046559,True,21.426377372204314,24.369285671210854,19.003957924088997
16,2500.0,434874.83875503414,4005964.22694542,-75.72438182195302,36.196297729661694,ok,149.1707230097681,IW,0,22429.646170825486,1419.8741585228252,52,51,9.803785288912787,10.115437976233615,0.0,0.032996360764709284,affine_dtft,44.27458202952545,9,identified,1,146.34233246012957,54.563370317062294,142.0032502336585,0.04424677109038668,56.309932474020094,1,6.467400975161967,True,20.153866138496063,22.884920611662352,17.884048051280768
16,2550.0,434916.13497057254,4005992.41599617,-75.72392486008356,36.19655463070947,ok,142.58865021885146,IW,0,22434.2647050725,1421.977315120916,52,51,9.803307180073316,10.11559198217222,0.0,0.03242284558845185,affine_dtft,44.27701151287568,9,identified,1,145.05801641494543,55.84066158070183,142.0032502336585,0.04424677109038668,56.309932474020094,1,6.907809753466849,True,17.99286485444955,20.392148277222773,15.968774215874067
16,2600.0,434957.431186111,4006020.6050469205,-75.72346789521248,36.196811530035426,ok,136.0065774279348,IW,0,22438.883474030663,1424.0804015787955,52,51,9.802845617207787,10.115745698080907,0.0,0.0317046422457623,affine_dtft,44.279441116181786,9,identified,1,140.83859216635037,57.57166778084005,142.0032502336585,0.04424677109038668,56.309932474020094,1,6.828071655949579,True,16.032899186072633,18.15761086710855,14.218674594145394
16,2650.0,434998.7274016494,4006048.794097671,-75.72301092733976,36.19706842763956,ok,133.00824102507295,IW,0,22443.502469891762,1426.1834190197233,52,51,9.802400598419831,10.115899132001177,0.0,0.031002548887876815,affine_dtft,44.28187083532652,9,identified,1,135.63064893049392,59.516391080389226,127.01156821934926,0.04946939397148858,60.255118703057654,2,6.891205927634106,True,15.199604955498035,17.214162273573024,13.471297490457424
16,2700.0,435040.0236171878,4006076.983148421,-75.72255395646539,36.19732532352178,ok,134.09124412900775,IW,0,22448.12168484198,1428.2863685670543,52,51,9.801972139709765,10.11605226760835,0.0,0.030440273957803188,affine_dtft,44.2843006661897,9,identified,1,132.3714927813427,60.340603707114,127.01156821934926,0.04946939397148858,60.255118703057654,2,5.6761321883583875,True,15.4965265976865,17.549917014972074,13.737815714497245
16,2750.0,435081.31983272627,4006105.1721991715,-75.72209698258936,36.197582217682076,ok,134.58442565901078,IW,0,22452.741111064886,1430.3892513449473,52,51,9.801560235678997,10.11620512086707,0.0,0.029748205757718957,affine_dtft,44.28673060464971,9,identified,1,133.15048771060745,60.24286409270651,127.01156821934926,0.04946939397148858,60.255118703057654,2,4.427364448356428,True,15.633249645481069,17.704674945106753,13.860461421919462
16,2800.0,435122.61604826467,4006133.361249922,-75.72164000571165,36.19783911012037,ok,136.04532774875253,IW,0,22457.360740739743,1432.4920684772053,52,51,9.80116489184754,10.116357683165166,0.0,0.029194401201136297,affine_dtft,44.289160646582765,9,identified,1,141.4555413307585,58.92613440121791,147.41826575333243,0.04262148435318676,59.743562836470566,4,3.263336009523712,True,16.04390214699578,18.170093086482435,14.22853059082398
16,2850.0,435163.91226380307,4006161.550300672,-75.72118302583222,36.19809600083661,ok,136.04532774875253,IW,0,22461.98056604289,1434.5948210880167,52,51,9.80078611436255,10.116509960251395,0.0,0.028513676354801072,affine_dtft,44.29159078786348,9,identified,1,143.9619089391275,60.365329126960724,144.46915788367363,0.04349153410473119,73.61045966596491,5,3.0763448427568476,True,16.04390214699578,18.170093086482435,14.22853059082398
16,2900.0,435205.2084793415,4006189.7393514225,-75.72072604295107,36.19835288983077,ok,136.04532774875253,IW,0,22466.600579146405,1436.697510302333,52,51,9.800423898370866,10.116661944700608,0.0,0.027839921906623086,affine_dtft,44.29402102436424,9,identified,1,133.38404339856575,63.31357019069673,134.31607866805814,0.046779100234957925,77.00538320808317,7,3.159688339412099,True,16.04390214699578,18.170093086482435,14.22853059082398
16,2950.0,435246.5046948799,4006217.9284021724,-75.7202690570682,36.19860977710277,ok,133.20209324760756,IW,0,22471.220772219953,1438.8001372445015,52,51,9.800078253544044,10.116813639282531,0.0,0.027301633807446407,affine_dtft,44.29645135195623,9,identified,2,120.7487450329395,64.39066099306275,127.01156821934926,0.04946939397148858,60.255118703057654,2,3.87926730349648,True,15.252420530329006,17.273852394211172,13.518721651062826
16,3000.0,435287.8009104184,4006246.1174529227,-75.71981206818354,36.1988666626526,ok,129.44640503558557,IW,0,22475.841137429215,1440.902703040512,52,51,9.799749182962826,10.116965047178528,0.0,0.02664171454332686,affine_dtft,44.29888176650845,9,identified,1,120.63126083706939,64.77653411979252,127.01156821934926,0.04946939397148858,60.255118703057654,2,3.764137130895843,True,14.25422195683994,16.148046704588744,12.621248230198518
16,3050.0,435329.0971259568,4006274.306503673,-75.71935507629712,36.19912354648018,ok,,IW,0,22480.46166693804,1443.0052088148236,52,51,9.799436683554307,10.117116171612645,0.0,0.02610342477204048,affine_dtft,44.30131226388902,9,identified,1,125.80700812549367,62.929550486965475,137.38401653758697,0.0457344709052131,63.43494882292177,3,2.733822480370466,False,,,
16,3100.0,435370.3933414952,4006302.4955544234,-75.71889808140892,36.19938042858547,ok,,IW,0,22485.08235290615,1445.1076556931052,52,51,9.799140762662068,10.11726700661194,0.0,0.025459212085384625,affine_dtft,44.303742839963846,9,identified,2,132.70155520860487,63.665929493450875,155.2228000232529,0.04047849482317253,75.9637565320732,5,1.9844294939367835,False,,,
16,3150.0,435411.68955703365,4006330.6846051738,-75.71844108351888,36.19963730896843,ok,,IW,0,22489.703187490835,1447.2100448013503,52,51,9.798861419201687,10.117417552441452,0.0,0.02482474584583621,affine_dtft,44.30617349059759,9,identified,2,111.39934553064064,57.12632773214889,132.9003534730006,0.04727741607140307,79.31508759999693,14,1.632729976930366,False,,,
16,3200.0,435452.98577257205,4006358.873655924,-75.71798408262704,36.199894187629,ok,,IW,0,22494.324162847155,1449.312377265024,52,51,9.79859865805129,10.117567812511792,0.0,0.024319899179574743,affine_dtft,44.30860421165374,9,identified,2,105.3466011306384,55.796026249553385,114.08629836909613,0.05507396941613442,77.12499844038726,8,2.104782565635813,False,,,
16,3250.0,435494.28198811045,4006387.0627066744,-75.71752707873334,36.20015106456713,ok,,IW,0,22498.945271127744,1451.414654209961,52,51,9.798352478728317,10.117717782775053,0.0,0.023704914141580515,affine_dtft,44.31103499899449,9,identified,3,117.11239445862894,88.9168612757543,117.14670472254183,0.053635186086207945,78.69006752597949,7,2.443565654651924,False,,,
16,3300.0,435535.5782036489,4006415.251757425,-75.71707007183778,36.20040793978276,ok,,IW,0,22503.566504482314,1453.5168767623463,52,51,9.798122889840402,10.117867465416325,0.0,0.023101989191151022,affine_dtft,44.31346584848053,9,identified,2,117.94538834458915,86.5355031881564,114.48668044798914,0.05488136508625571,79.6951535312337,5,3.0717604393802596,True,,,
16,3350.0,435576.8744191873,4006443.440808175,-75.71661306194032,36.200664813275864,ok,,IW,0,22508.18785505992,1455.619046048187,52,51,9.797909891008743,10.118016864679845,0.0,0.02262408934613023,affine_dtft,44.31589675597223,9,identified,1,207.4084815423444,129.8596274331899,164.46657260119667,0.03820341852940072,92.04540848888666,9,1.810590695345452,False,,,
16,3400.0,435618.1706347257,4006471.6298589255,-75.71615604904098,36.2009216850464,ok,,IW,0,22512.809315004597,1457.7211631941568,52,51,9.797713477625212,10.118165976042752,0.0,0.022045328932455404,affine_dtft,44.31832771732728,9,identified,3,130.71078127509904,62.15979004858006,178.55637311050626,0.03518880450876432,125.53767779197372,3,1.7658347858305965,False,,,
16,3450.0,435659.4668502642,4006499.818909676,-75.71569903313971,36.20117855509429,ok,,IW,0,22517.430876461745,1459.8232293253277,52,51,9.797533655668202,10.118314798132745,0.0,0.0215881061655246,affine_dtft,44.3207587284041,9,identified,3,122.36744492179484,59.255609284358506,149.18950845807555,0.04211546356120111,60.945395900922634,3,2.668628353005173,False,,,
16,3500.0,435700.7630658026,4006528.007960426,-75.71524201423651,36.20143542341949,ok,,IW,0,22522.052531572182,1461.925245569213,52,51,9.797370430714798,10.118463334351814,0.0,0.021037136369909563,affine_dtft,44.323189785058766,9,identified,3,121.9584089876856,61.59205949765452,152.64890726398542,0.04116102381469181,63.43494882292177,4,2.603823799759362,False,,,
17,250.0,433090.7551129538,4004499.8691320345,-75.74409965170771,36.182974962631,touches_land_or_unmapped,,,,,,,,,,,,,,,,,,,,,,,,,,,
17,300.0,433140.40853595565,4004505.746000605,-75.74354799717337,36.18303137291891,touches_land_or_unmapped,,,,,,,,,,,,,,,,,,,,,,,,,,,
17,350.0,433190.06195895746,4004511.6228691763,-75.7429963418035,36.18308778067321,touches_land_or_unmapped,,,,,,,,,,,,,,,,,,,,,,,,,,,
17,400.0,433239.71538195934,4004517.499737747,-75.7424446855982,36.18314418589385,touches_land_or_unmapped,,,,,,,,,,,,,,,,,,,,,,,,,,,
17,450.0,433289.3688049612,4004523.3766063177,-75.74189302855753,36.18320058858082,touches_land_or_unmapped,,,,,,,,,,,,,,,,,,,,,,,,,,,
17,500.0,433339.0222279631,4004529.2534748884,-75.74134137068154,36.183256988734115,touches_land_or_unmapped,,,,,,,,,,,,,,,,,,,,,,,,,,,
17,550.0,433388.6756509649,4004535.1303434595,-75.74078971197031,36.18331338635371,touches_land_or_unmapped,,,,,,,,,,,,,,,,,,,,,,,,,,,
17,600.0,433438.3290739668,4004541.0072120302,-75.74023805242388,36.1833697814396,touches_land_or_unmapped,,,,,,,,,,,,,,,,,,,,,,,,,,,
17,650.0,433487.98249696865,4004546.884080601,-75.73968639204236,36.18342617399176,ok,113.26175474089304,IW,0,22267.07497868233,1303.2192901811227,52,51,9.831227413332494,10.10617667601366,0.0,0.058308755654458116,affine_dtft,44.18915036302066,9,identified,4,111.36149176468822,64.824398391423,113.77777777777767,0.05522330836388313,89.99999999999966,2,3.290616780703725,True,10.495127416197867,11.945665173580213,9.223090594032325
17,700.0,433537.6359199705,4004552.7609491716,-75.73913473082578,36.18348256401018,ok,115.4896753527907,IW,0,22272.15642120764,1303.0154671196974,52,51,9.8300641374979,10.106143955935094,0.0,0.05753184938071018,affine_dtft,44.19182874242859,9,identified,2,114.45908972332194,64.64031871204665,113.77777777777767,0.05522330836388313,89.99999999999966,2,3.714513165478082,True,10.964961920824843,12.468218947795412,9.649070966923151
17,750.0,433587.28934297233,4004558.637817743,-75.73858306877422,36.18353895149483,ok,116.36176722800005,IW,0,22277.238460796347,1302.8115482100632,52,51,9.828920754503294,10.106111223330295,0.0,0.05676531230398121,affine_dtft,44.194507437105244,9,identified,1,122.39826960276095,88.89293997048779,112.2297086671238,0.05598504515248877,80.53767779197409,4,3.8745594396535785,True,11.152753308859543,12.677264662526076,9.81925482003261
17,800.0,433636.9427659742,4004564.5146863135,-75.73803140588774,36.183595336445705,ok,117.27201542094024,IW,0,22282.321087302862,1302.6075348448678,52,51,9.82779727580587,10.106078481467266,0.0,0.05598970839213362,affine_dtft,44.197186441701305,9,identified,1,119.27702790618363,66.02185032130515,122.17343718848369,0.05142840744904451,72.64597536373844,4,3.504711225489141,True,11.351133314399107,12.898216389910688,9.998981370002573
17,850.0,433686.5961889761,4004570.391554884,-75.73747974216641,36.183651718862784,ok,118.72107602754645,IW,0,22287.404290570215,1302.403428418156,52,51,9.826693709096817,10.10604572578648,0.0,0.055214779935515684,affine_dtft,44.199865750861456,9,identified,3,117.14817884771124,66.55045035134707,119.85013472883753,0.05242535038776029,69.44395478041629,6,3.5960153961031978,True,11.67201838370498,13.255880621184275,10.289571535695751
17,900.0,433736.24961197795,4004576.268423455,-75.73692807761029,36.18370809874607,ok,120.34391786765211,IW,0,22292.488060430165,1302.1992303259353,52,51,9.825610061240136,10.106012960415695,0.0,0.054440563590047314,affine_dtft,44.202545359224395,9,identified,3,111.37080346940475,68.13911104582266,118.3290187424785,0.053099276694365156,74.35775354279102,6,4.2492106898673985,True,12.038931408110107,13.665274250917498,10.621646087311639
17,950.0,433785.90303497977,4004582.145292026,-75.73637641221944,36.18376447609553,ok,121.55345062536853,IW,0,22297.57238670296,1301.9949419641248,52,51,9.824546343091868,10.105980187281107,0.0,0.05352238467712575,affine_dtft,44.20522526142279,9,identified,3,103.64850630132688,68.62407752233453,121.02308081080874,0.05191724805784672,78.3106308245605,7,3.8949475715786264,True,12.317693577689136,13.976629109895136,10.873789014023922
17,1000.0,433835.55645798164,4004588.0221605967,-75.73582474599395,36.18382085091115,ok,,IW,0,22302.657259196403,1301.7905647318948,52,51,9.823502560464298,10.10594740176913,0.0,0.05274988077690303,affine_dtft,44.20790545208272,9,ambiguous_multiple_blobs,2,99.68972076491012,68.25762367433005,127.01156821934933,0.04946939397148855,97.12501634890134,2,7.3818764497125535,False,,,
17,1050.0,433885.2098809835,4004593.8990291674,-75.73527307893387,36.183877223192894,ok,127.41183361178719,IW,0,22307.74266770941,1301.5861000281948,52,51,9.822478726713207,10.105914603738432,0.0,0.051978195242689054,affine_dtft,44.21058592582557,9,identified,3,100.31850623750256,69.09544517866964,127.01156821934933,0.04946939397148855,97.12501634890134,2,6.667653590675446,True,13.734812864518851,15.564083627380603,12.153321932653503
17,1100.0,433934.8633039854,4004599.775897738,-75.73472141103926,36.183933592940775,ok,130.80634270849538,IW,0,22312.828602028974,1301.3815492545862,52,51,9.82147484226643,10.105881798007049,0.0,0.05120737561145893,affine_dtft,44.21326667726643,9,identified,2,130.85790015487515,95.26497717261357,127.01156821934933,0.04946939397148855,82.8749836510979,8,5.189346730174691,True,14.609649567952971,16.548360410655963,12.941088580955503
17,1150.0,433984.5167269872,4004605.652766309,-75.7341697423102,36.18398996015478,ok,130.80634270849538,IW,0,22317.91505193077,1301.1769138138186,52,51,9.820490919813224,10.10584898077132,0.0,0.050447145076968236,affine_dtft,44.21594770101441,9,identified,2,115.59213859886543,79.16235997805492,134.6011171976414,0.04668003830869901,83.29016319224273,9,3.9863010189453596,True,14.609649567952971,16.548360410655963,12.941088580955503
17,1200.0,434034.1701499891,4004611.52963488,-75.73361807274674,36.184046324834874,ok,149.25918124903316,IW,0,22323.00200718112,1300.9721951094996,52,51,9.819526967184078,10.105816153730144,0.0,0.0497103771937244,affine_dtft,44.2186289916737,9,identified,2,117.31921669458953,77.0129250156315,134.6011171976414,0.04668003830869901,83.29016319224273,9,3.156587235933048,True,20.184417903358913,22.920407137261563,17.911007693278172
17,1250.0,434083.82357299095,4004617.4065034506,-75.73306640234895,36.18410268698105,ok,,IW,0,22328.08945753691,1300.7673945461859,52,51,9.818582991628187,10.10578332158637,0.0,0.04896551515208316,affine_dtft,44.22131054384349,9,identified,3,171.74093869398294,79.27486843124275,149.16752194134614,0.04212167116143543,79.50852298766802,8,2.3968420071142638,False,,,
17,1300.0,434133.4769959928,4004623.2833720213,-75.73251473111691,36.18415904659328,ok,167.92286752660917,IW,0,22333.177392742316,1300.562513530952,52,51,9.817658999264973,10.105750472141029,0.0,0.04822240416483855,affine_dtft,44.22399235211626,9,identified,1,181.60457709336927,76.71192304531174,200.82292238150043,0.03128719188362128,78.69006752597934,4,3.0869945889044526,True,27.754608387250304,31.98803053185898,24.468959922510756
17,1350.0,434183.13041899464,4004629.1602405924,-75.73196305905066,36.18421540367156,ok,,IW,0,22338.265802534643,1300.357553471195,52,51,9.81675499648701,10.10571761455037,0.0,0.047481119886967085,affine_dtft,44.22667441108088,9,identified,1,174.9366672245975,78.34802748179867,168.3445630006857,0.03732336343499251,80.537677791974,2,2.8920934131067355,False,,,
17,1400.0,434232.7838419965,4004635.037109163,-75.7314113861503,36.184271758215864,ok,165.0581538025713,IW,0,22343.354676639687,1300.152515775601,52,51,9.815870995492794,10.105684750478078,0.0,0.04674174776289504,affine_dtft,44.22935671532012,9,identified,1,173.65555228994424,81.89462982078074,168.3445630006857,0.03732336343499251,80.537677791974,2,3.0903958166227854,True,26.423074423471046,30.346341787572268,23.335058537782345
17,1450.0,434282.4372649984,4004640.913977734,-75.73085971241586,36.1843281102262,ok,149.56129645818112,IW,0,22348.444004774923,1299.9474018542762,52,51,9.815007004289026,10.105651876890741,0.0,0.046014423364622255,affine_dtft,44.232039259412375,9,identified,2,160.37371814428707,84.0084831639502,168.3445630006857,0.03732336343499251,80.537677791974,2,3.4534730807787004,True,20.289081439890285,23.042030925489975,18.003339268172777
17,1500.0,434332.09068800026,4004646.7908463045,-75.73030803784742,36.18438445970251,ok,147.41613576733283,IW,0,22353.533776647713,1299.7422131183378,52,51,9.814163014274834,10.105618991421093,0.0,0.04513241477372466,affine_dtft,44.23472203793068,9,identified,1,145.73088385791016,85.90299398934948,122.72056682741334,0.05119912227928243,81.38435181583554,8,4.741039034584689,True,19.556452122298168,22.192437754641094,17.3561918352861
17,1550.0,434381.7441110021,4004652.6677148757,-75.72975636244506,36.18444080664482,ok,140.6104389008073,IW,0,22358.623981957327,1299.5369509800578,52,51,9.813339054470825,10.105586100201283,0.0,0.04439984635591743,affine_dtft,44.237405045443815,9,identified,1,135.05107247180956,87.29408095943812,138.8354930039397,0.04525633302574357,77.4711922908482,5,5.4421879793497885,True,17.383958132791633,19.695461761165515,15.426305949746597
17,1600.0,434431.39753400395,4004658.5445834463,-75.72920468620882,36.1844971510531,ok,130.74904271540433,IW,0,22363.714610393727,1299.331616853309,52,51,9.81253511604298,10.105553197080543,0.0,0.043669607370590176,affine_dtft,44.240088276515635,9,identified,1,118.35263366172171,65.47465413911407,138.8354930039397,0.04525633302574357,77.4711922908482,5,5.473167561345871,True,14.594537946887339,16.531328248575406,12.927496125783648
17,1650.0,434481.0509570058,4004664.421452017,-75.72865300913878,36.18455349292733,ok,131.37173394826658,IW,0,22368.805651638508,1299.1262121519899,52,51,9.811751210225225,10.105520290889475,0.0,0.04294181612438974,affine_dtft,44.242771725705566,9,identified,1,123.40529217872317,62.55117762745274,134.31607866805814,0.046779100234957925,77.00538320808317,7,5.2595258171282016,True,14.759407616463589,16.7172104910362,13.075761632843054
17,1700.0,434530.7043800077,4004670.2983205877,-75.72810133123501,36.18460983226748,ok,129.5057941843483,IW,0,22373.897095364377,1298.920738291857,52,51,9.810987345035452,10.10548737030371,0.0,0.0422269198160253,affine_dtft,44.24545538756838,9,identified,2,125.08885538838473,59.17393200219155,119.03758207367079,0.0527832067631465,54.462322208025576,4,3.9383067407063947,True,14.269604007312228,16.165359113607142,12.63509629327835
17,1750.0,434580.3578030095,4004676.1751891584,-75.72754965249756,36.184666169073566,ok,130.297733491778,IW,0,22378.98893123734,1298.7151966892793,52,51,9.810243522574421,10.105454444170679,0.0,0.041504458397135416,affine_dtft,44.24813925665525,9,identified,3,128.18361398293413,52.592452870253524,125.8340229917246,0.049932324802114895,55.00797980144126,3,3.3827795325978993,True,14.475935117836848,16.397689833432995,12.820797399536508
17,1800.0,434630.0112260114,4004682.0520577296,-75.7269979729265,36.184722503345554,ok,,IW,0,22384.081148913727,1298.509588762021,52,51,9.809519751767942,10.105421510000175,0.0,0.04078484029192434,affine_dtft,44.25082332751228,9,identified,2,139.17039182170285,50.517358112198565,144.49472538372035,0.043483838531087914,48.81407483429038,3,2.5859399712925573,False,,,
17,1850.0,434679.66464901326,4004687.9289263003,-75.72644629252191,36.18477883508343,ok,139.46754925673886,IW,0,22389.17373804235,1298.3039159284463,52,51,9.808816037176166,10.10538856686354,0.0,0.04006821786894184,affine_dtft,44.253507594681594,9,identified,1,145.7291436270265,53.72287782133383,142.0032502336585,0.04424677109038668,56.309932474020094,1,3.7548667742011586,True,17.04012716786668,19.303079360305457,15.119484857153584
17,1900.0,434729.3180720151,4004693.805794871,-75.72589461128385,36.184835164287165,ok,142.35504764320444,IW,0,22394.26668826597,1298.0981796079634,52,51,9.808132382557302,10.105355616800605,0.0,0.039354753871702876,affine_dtft,44.25619205270213,9,identified,1,144.75619791432194,59.46981634157152,152.64890726398542,0.04116102381469181,63.43494882292177,2,4.232160604601608,True,17.92003252746083,20.308692451102402,15.903950288639273
17,1950.0,434778.97149501694,4004699.6826634416,-75.72534292921239,36.18489149095676,ok,140.7755955642347,IW,0,22399.359989218505,1297.8923812210044,52,51,9.807468798979107,10.105322656664317,0.0,0.03865524377722323,affine_dtft,44.258876696108125,9,identified,1,138.0046836078543,63.5935775529305,137.38401653758697,0.0457344709052131,63.43494882292177,3,5.413390387791051,True,17.43412030237552,19.75276747244113,15.471038572256088
17,2000.0,434828.6249180188,4004705.559532013,-75.72479124630757,36.18494781509219,ok,138.759600934881,IW,0,22404.453630527,1297.6865221885,52,51,9.806825282347555,10.105289694553797,0.0,0.03794868377995832,affine_dtft,44.26156151943021,9,identified,1,125.4792352695002,62.3239863528903,137.38401653758697,0.0457344709052131,63.43494882292177,3,5.121390105597918,True,16.8299919373336,19.063620477516686,14.931793879825944
17,2050.0,434878.2783410207,4004711.4364005835,-75.72423956256948,36.18500413669345,ok,135.28727435260487,IW,0,22409.547601812716,1297.4806039327761,52,51,9.80620185114801,10.105256717896115,0.0,0.03710572937724693,affine_dtft,44.26424651719594,9,identified,1,123.16200180004721,64.37580251306822,134.45778724835563,0.04672979851716567,66.80140948635159,4,4.456618346748186,True,15.829754222745555,17.927272910744637,14.036646122793854
17,2100.0,434927.93176402256,4004717.313269154,-75.72368787799819,36.185060455760514,ok,134.44040126398178,IW,0,22414.641892688513,1297.2746278763223,52,51,9.80559849790094,10.105223736772214,0.0,0.03640760977425072,affine_dtft,44.26693168392846,9,identified,1,122.0931970037033,67.21742836907683,131.92327708688998,0.04762757146368664,75.06858282186217,4,3.202172548775494,True,15.593223700297857,17.659359110648786,13.824561768609783
17,2150.0,434977.5851870244,4004723.190137725,-75.72313619259374,36.18511677229336,ok,,IW,0,22419.736492761716,1297.0685954435166,52,51,9.805015230752653,10.105190748535897,0.0,0.035713690377522096,affine_dtft,44.26961701414797,9,identified,2,137.1438372189823,83.52196496907882,138.8354930039397,0.04525633302574357,77.4711922908482,5,2.7323030972129003,False,,,
17,2200.0,435027.23861002625,4004729.067006296,-75.72258450635621,36.18517308629199,ok,,IW,0,22424.831391633736,1296.8625080578831,52,51,9.804452059485158,10.1051577554687,0.0,0.03503518820771059,affine_dtft,44.27230250237153,9,identified,2,135.02775337619352,83.77318732082243,133.99652418309455,0.04689065888451078,83.99099404250515,5,3.1384068096515287,True,,,
17,2250.0,435076.8920330281,4004734.9438748667,-75.72203281928567,36.18522939775637,ok,,IW,0,22429.92657889905,1296.6563671448675,52,51,9.803908977963841,10.105124751974557,0.0,0.03435048414004851,affine_dtft,44.27498814311258,9,identified,4,128.7970354551114,79.22537183192628,117.14670472254183,0.053635186086207945,78.69006752597949,7,2.660629657890816,False,,,
17,2300.0,435126.54545603,4004740.8207434374,-75.72148113138218,36.18528570668651,ok,,IW,0,22435.022044146855,1296.4501741305526,52,51,9.803386007141782,10.105091744401395,0.0,0.03367077187848242,affine_dtft,44.27767393088172,9,identified,4,144.38649977229684,60.14655461910787,111.06839440315186,0.05657041628217941,77.47119229084822,8,2.7200211695883496,False,,,
17,2350.0,435176.1988790318,4004746.697612008,-75.7209294426458,36.185342013082355,ok,,IW,0,22440.117776960036,1296.2439304410373,52,51,9.802883132039064,10.10505872685165,0.0,0.03299635061901205,affine_dtft,44.28035986018626,9,ambiguous_multiple_blobs,2,146.1337714011006,56.062754606395366,159.92193217393253,0.03928907825066757,51.340191745909806,2,2.6908721987964004,False,,,
17,2400.0,435225.8523020337,4004752.5744805792,-75.72037775307662,36.18539831694393,ok,159.92193217393253,IW,0,22445.213766916306,1296.037637504232,52,51,9.802400373112473,10.105025709173852,0.0,0.03232755845530781,affine_dtft,44.28304592553072,9,identified,1,147.51631413137218,54.630480848942796,159.92193217393253,0.03928907825066757,51.340191745909806,2,3.254646021407628,True,24.20649434043478,27.66242967666821,21.427730302022425
17,2450.0,435275.50572503556,4004758.45134915,-75.71982606267468,36.18545461827119,ok,155.44226168886402,IW,0,22450.310003589035,1295.8312967470413,52,51,9.801937726108543,10.10499268005294,0.0,0.03167609040453937,affine_dtft,44.28573212141739,9,identified,1,148.2593419048746,53.98630415342234,159.92193217393253,0.03928907825066757,51.340191745909806,2,4.429458496760302,True,22.43008977522236,25.549794823031565,19.882799456332396
17,2500.0,435325.15914803743,4004764.3282177206,-75.71927437144005,36.18551091706413,ok,152.75445939782293,IW,0,22455.40647654599,1295.6249095981254,52,51,9.801495190726792,10.104959644279251,0.0,0.031019705677039204,affine_dtft,44.288418442345545,9,identified,1,149.228840335011,53.933169624579975,159.92193217393253,0.03928907825066757,51.340191745909806,2,5.498480298608674,True,21.426377372204314,24.369285671210854,19.003957924088997
17,2550.0,435374.81257103925,4004770.2050862913,-75.71872267937282,36.18556721332273,ok,149.1707230097681,IW,0,22460.503175349317,1295.4184774863863,52,51,9.801072778744373,10.104926606440218,0.0,0.0302410110398961,affine_dtft,44.29110488281151,9,identified,1,149.56159039415286,55.25615399052861,142.0032502336585,0.04424677109038668,56.309932474020094,1,6.57427968522032,True,20.153866138496063,22.884920611662352,17.884048051280768
17,2600.0,435424.4659940411,4004776.0819548625,-75.718170986473,36.18562350704696,ok,142.58865021885146,IW,0,22465.600089557924,1295.2120018411526,52,51,9.800670491844166,10.104893558996753,0.0,0.029600091602878527,affine_dtft,44.293791437309885,9,identified,1,146.34515075690064,57.240350303157754,142.0032502336585,0.04424677109038668,56.309932474020094,1,6.435987689114781,True,17.99286485444955,20.392148277222773,15.968774215874067
17,2650.0,435474.119417043,4004781.958823433,-75.71761929274072,36.18567979823684,ok,138.08106709158233,IW,0,22470.69720872537,1295.005484092654,52,51,9.800288323968541,10.104860508198195,0.0,0.028966948537304554,affine_dtft,44.296478100332465,9,identified,1,141.8083965738561,59.53965077309677,142.0032502336585,0.04424677109038668,56.309932474020094,1,6.414543536478674,True,16.630596406969683,18.836639524597757,14.753575347221343
17,2700.0,435523.77284004487,4004787.835692004,-75.717067598176,36.18573608689234,ok,142.24355191864595,IW,0,22475.79452240107,1294.7989256710327,52,51,9.799926293051666,10.104827450841865,0.0,0.02835385684955369,affine_dtft,44.29916486636883,9,identified,1,139.9689822209808,60.287063772738335,127.01156821934926,0.04946939397148858,60.255118703057654,2,5.838961101828948,True,17.885359152404554,20.268973540134,15.873083532346353
17,2750.0,435573.4262630467,4004793.7125605745,-75.71651590277892,36.18579237301342,ok,144.5437198531847,IW,0,22480.892020131323,1294.5923280071852,52,51,9.79958439258173,10.104794390210419,0.0,0.027737936477375467,affine_dtft,44.3018517299069,9,identified,1,145.3176536843308,59.33022348825624,137.38401653758697,0.0457344709052131,63.43494882292177,3,4.561087602209075,True,18.612436786726665,21.103502455332965,16.51952371711227
17,2800.0,435623.07968604856,4004799.5894291457,-75.71596420654957,36.18584865660009,ok,142.75568795373243,IW,0,22485.98969145799,1294.3856925322852,52,51,9.79926262578596,10.10476131944239,0.0,0.027131464114645714,affine_dtft,44.3045386854323,9,identified,1,153.75027115178617,58.1427869489438,162.8156743689765,0.03859078882626799,57.994616791916336,3,4.072449193116631,True,18.04509839181569,20.45202185940339,16.015253861460074
17,2850.0,435672.73310905043,4004805.4662977164,-75.71541250948798,36.185904937652325,ok,140.2507103994604,IW,0,22491.08752591961,1294.179020678246,52,51,9.798960998898112,10.104728248360189,0.0,0.026535089327913895,affine_dtft,44.30722572742883,9,identified,1,148.76175476076324,60.57996594702457,153.5040899063523,0.04093171270558815,77.00538320808313,4,3.6514002705312603,True,17.275117837987118,19.571174769656267,15.329220000037903
17,2900.0,435722.3865320523,4004811.343166287,-75.71486081159422,36.185961216170114,ok,135.67124318154083,IW,0,22496.18551305119,1293.97231387665,52,51,9.7986795101923,10.104695169422946,0.0,0.02596156011175998,affine_dtft,44.30991285037847,9,identified,1,132.31774265188238,64.45492747954039,133.0630907363971,0.04721959539949969,72.34987578006961,6,3.9030003486141323,True,15.93793581880042,18.049907877842955,14.133596507241776
17,2950.0,435772.0399550541,4004817.2200348577,-75.71430911286838,36.18601749215343,ok,127.85294925054954,IW,0,22501.28364238535,1293.7655735598057,52,51,9.798418158404106,10.104662087765263,0.0,0.025387565477404575,affine_dtft,44.312600048761894,9,identified,1,116.95196104649446,65.5124440270862,114.4866804479891,0.05488136508625573,63.434948822921854,1,5.333836292874278,True,13.84619137970104,15.689203289960407,12.253711633780172
17,3000.0,435821.693378056,4004823.096903429,-75.71375741331052,36.18607376560227,ok,121.44016408659884,IW,0,22506.381903450765,1293.558801160693,52,51,9.798176957090421,10.104628999931268,0.0,0.024825888803679093,affine_dtft,44.315287317057724,9,identified,1,115.85150141036495,66.20162542974671,114.4866804479891,0.05488136508625573,63.434948822921854,1,4.5830474614201915,True,12.291389737103492,13.947237771691421,10.85000272797192
17,3050.0,435871.34680105787,4004828.9737719996,-75.71320571292068,36.186130036516616,ok,117.56585520333276,IW,0,22511.480285774433,1293.3519981119648,52,51,9.797955902478828,10.10459590936931,0.0,0.024277380494071053,affine_dtft,44.317974649743675,9,identified,1,119.47801789395255,65.07236875153683,123.72420471402005,0.05078380032187505,64.9831065218998,4,3.063826020138321,True,11.415695341655114,12.9701513161522,10.057460477423723
17,3100.0,435921.00022405974,4004834.8506405703,-75.71265401169894,36.18618630489644,ok,,IW,0,22516.578778880317,1293.1451658467113,52,51,9.797754992418039,10.104562815839445,0.0,0.02363783509790769,affine_dtft,44.32066204129585,9,identified,3,135.1423352991195,63.500983732337204,123.72420471402005,0.05078380032187505,64.9831065218998,4,2.0411068771980494,False,,,
17,3150.0,435970.65364706155,4004840.727509141,-75.71210230964537,36.18624257074173,ok,,IW,0,22521.67737229025,1292.9383057981995,52,51,9.797574235866183,10.104529711331827,0.0,0.0231339830691677,affine_dtft,44.32334948618923,9,identified,3,184.69424940704477,15.989342703869108,135.40652557255146,0.04640238186905568,80.3112134396329,11,1.3555748559241112,False,,,
17,3200.0,436020.3070700634,4004846.604377712,-75.71155060676004,36.18629883405249,ok,,IW,0,22526.776055524384,1292.7314193997217,52,51,9.797413626679525,10.104496606500716,0.0,0.022634055952569124,affine_dtft,44.32603697889788,9,identified,3,212.70467706338115,15.941446444889408,126.00672966508554,0.049863886824772954,100.12467165539742,7,1.8294459790964717,False,,,
17,3250.0,436069.9604930653,4004852.481246283,-75.710998903043,36.18635509482867,ok,,IW,0,22531.874818100696,1292.5245080850327,52,51,9.79727316863158,10.10446349886917,0.0,0.022151500435326734,affine_dtft,44.32872451389477,9,identified,2,103.51410765306979,82.19455598559165,193.326113442064,0.03250044805283137,114.14554196042086,12,1.4908775218421255,False,,,
17,3300.0,436119.6139160672,4004858.3581148535,-75.71044719849434,36.18641135307028,ok,,IW,0,22536.973649535434,1292.3175732880557,52,51,9.797152865122255,10.104430388995455,0.0,0.021687474987122146,affine_dtft,44.33141208565187,9,ambiguous_multiple_blobs,2,195.9950570470524,134.609865978182,228.9733608959782,0.027440682543127867,153.4349488229211,3,2.0845119922469775,False,,,
17,3350.0,436169.267339069,4004864.234983424,-75.70989549311409,36.18646760877729,ok,,IW,0,22542.072539344284,1292.1106164423186,52,51,9.797052715745513,10.104397274305825,0.0,0.02124318318582078,affine_dtft,44.334099688640904,9,identified,2,201.99285789777417,130.29600667036516,166.38302300663827,0.037763379902821595,111.80140948635112,7,1.9923670764385424,False,,,
17,3400.0,436218.92076207086,4004870.111851995,-75.70934378690235,36.18652386194971,ok,,IW,0,22547.171477040116,1291.9036389821447,52,51,9.796972718313388,10.104364156179301,0.0,0.020832442363140018,affine_dtft,44.33678731733208,9,ambiguous_multiple_blobs,3,132.1028084919117,60.18957093719963,178.55637311050626,0.03518880450876432,125.53767779197372,3,1.6665327440374151,False,,,
17,3450.0,436268.57418507274,4004875.988720566,-75.70879207985917,36.18658011258748,ok,,IW,0,22552.2704521372,1291.696642340756,52,51,9.796912880699105,10.104331034332994,0.0,0.020431432819261217,affine_dtft,44.339474966196356,9,identified,3,122.00107774383308,59.45188101047242,149.18950845807555,0.04211546356120111,60.945395900922634,3,2.404663051159673,False,,,
17,3500.0,436318.2276080746,4004881.8655891367,-75.70824037198462,36.18663636069061,ok,,IW,0,22557.369454147196,1291.489627952356,52,51,9.796873194688514,10.104297906468533,0.0,0.020054035495927356,affine_dtft,44.34216262970328,9,identified,3,121.61184815167559,62.00764504736346,152.64890726398542,0.04116102381469181,63.43494882292177,4,2.2679245574258835,False,,,
18,250.0,433083.36842843005,4004329.230091854,-75.74416724255659,36.18143615696642,touches_land_or_unmapped,,,,,,,,,,,,,,,,,,,,,,,,,,,
18,300.0,433132.725212508,4004321.235852335,-75.74361771558858,36.181367500184024,touches_land_or_unmapped,,,,,,,,,,,,,,,,,,,,,,,,,,,
18,350.0,433182.08199658594,4004313.241612816,-75.74306818953602,36.18129884086695,touches_land_or_unmapped,,,,,,,,,,,,,,,,,,,,,,,,,,,
18,400.0,433231.4387806638,4004305.2473732973,-75.74251866439896,36.18123017901522,touches_land_or_unmapped,,,,,,,,,,,,,,,,,,,,,,,,,,,
18,450.0,433280.79556474177,4004297.2531337785,-75.74196914017747,36.181161514628876,touches_land_or_unmapped,,,,,,,,,,,,,,,,,,,,,,,,,,,
18,500.0,433330.1523488197,4004289.2588942596,-75.74141961687161,36.18109284770791,touches_land_or_unmapped,,,,,,,,,,,,,,,,,,,,,,,,,,,
18,550.0,433379.5091328976,4004281.2646547407,-75.74087009448147,36.18102417825235,ok,114.09541680610785,IW,0,22251.868514912683,1278.96447737278,52,51,9.834863126588882,10.104086617561757,0.0,0.060882879805490855,affine_dtft,44.18118643300808,8,identified,3,108.9486232145173,87.6279042402477,105.84297351612442,0.05936327276578627,82.87498365109789,5,3.723136899995436,True,10.669282885537571,12.139288363453257,9.381021927235999
18,600.0,433428.86591697554,4004273.270415222,-75.74032057300707,36.18095550626223,ok,114.0160070490253,IW,0,22256.692964443602,1277.4099864256998,52,51,9.833703194233445,10.103934330008489,0.0,0.060114721607581446,affine_dtft,44.183732183041,8,identified,4,116.47116085093947,86.4964754623165,117.80582228695603,0.0533350999568999,85.60129464500419,3,3.4542683139619257,True,10.652609341219657,12.120747293114846,9.36590322384029
18,650.0,433478.2227010535,4004265.276175703,-75.7397710524485,36.18088683173753,ok,113.96836119477578,IW,0,22261.51798564307,1275.855380420537,52,51,9.832561170667494,10.103781870949812,0.0,0.05935686598836889,affine_dtft,44.18627823758383,9,identified,1,119.44830950761416,86.926249156419,118.6374546152431,0.05296122820197706,79.99202019855836,4,3.3990270162213356,True,10.642613783985217,12.109632558995893,9.356839611998305
18,700.0,433527.57948513137,4004257.281936184,-75.73922153280581,36.180818154678306,ok,115.82537997750373,IW,0,22266.34356986602,1274.3006605184478,52,51,9.831437075883377,10.103629249566916,0.0,0.05874527732561966,affine_dtft,44.188824592079,9,identified,2,120.46600394584475,87.39581051301411,113.77777777777767,0.05522330836388313,89.99999999999966,2,3.7570595653247065,True,11.03698915753597,12.548385540989154,9.714350472551729
18,750.0,433576.9362692093,4004249.287696665,-75.7386720140791,36.180749475084546,ok,114.71690081437248,IW,0,22271.169708457266,1272.745827880986,52,51,9.830330909409518,10.103476460878385,0.0,0.05798872569674523,affine_dtft,44.19137124196352,9,identified,1,121.00936204351595,87.7723217272917,113.77777777777767,0.05522330836388313,89.99999999999966,2,4.696740379956477,True,10.800393630880693,12.285112026391143,9.499894507826635
18,800.0,433626.29305328726,4004241.2934571463,-75.73812249626839,36.1806807929563,ok,114.65521363981955,IW,0,22275.996392753255,1271.1908836720636,52,51,9.82924268229452,10.103323507384195,0.0,0.05722315991213752,affine_dtft,44.19391818267006,9,identified,1,123.88314083604939,87.40788024846124,115.12806742976424,0.054575616940784194,77.00538320808323,3,4.558297224882529,True,10.787330667273668,12.270580937909418,9.48805182452818
18,850.0,433675.64983736514,4004233.2992176274,-75.73757297937375,36.180612108293566,ok,115.10522581599128,IW,0,22280.823614079094,1269.6358290554715,52,51,9.82817239712297,10.10317038962576,0.0,0.05646815282417825,affine_dtft,44.196465409625226,9,identified,1,114.55315495152024,68.46226334281408,112.26342647129964,0.05596823030148554,74.74488129694195,5,3.9141931872243467,True,10.882875965255506,12.376875969357803,9.574666747780666
18,900.0,433725.0066214431,4004225.3049781085,-75.73702346339526,36.180543421096374,ok,114.9660468005643,IW,0,22285.651363750636,1268.0806651980743,52,51,9.827120064092727,10.10301710651712,0.0,0.05570412241088999,affine_dtft,44.19901291825076,9,identified,3,107.43770551050852,69.25289144371384,118.3290187424785,0.053099276694365156,74.35775354279102,6,3.45691097997444,True,10.85326389401486,12.34392939318935,9.547823682505438
18,950.0,433774.36340552097,4004217.3107385896,-75.73647394833297,36.18047473136473,ok,114.55680985474002,IW,0,22290.47963307532,1266.5253932664436,52,51,9.826085691186945,10.102863657959693,0.0,0.055105340066397814,affine_dtft,44.20156070396394,9,identified,3,101.284949663497,69.26033767923259,116.0278386586364,0.05415239463061311,79.11447294534099,6,3.983777953016442,True,10.766515030168424,12.247426892574113,9.46918024494359
18,1000.0,433823.7201895989,4004209.3164990707,-75.73592443418696,36.180406039098656,ok,116.86794118309322,IW,0,22295.308413350514,1264.9700144289843,52,51,9.825069287426587,10.102710041364789,0.0,0.05435275008666614,affine_dtft,44.204108762176745,9,identified,1,98.17293359864266,68.7696893504405,113.08188270064278,0.05556314731523188,83.65980825408981,4,4.6929226817782626,True,11.262768140232026,12.799781661206232,9.918931989435524
18,1050.0,433873.07697367686,4004201.322259552,-75.73537492095728,36.180337344298174,ok,117.68755900155347,IW,0,22300.13769586462,1263.4145298555852,52,51,9.824070855713654,10.102556265105688,0.0,0.05359113045137001,affine_dtft,44.20665708829637,9,identified,2,99.53179386101876,69.80189374497829,113.08188270064278,0.05556314731523188,83.65980825408981,4,4.745836125743157,True,11.442511059120585,13.000033313317365,10.08174786000627
18,1100.0,433922.43375775474,4004193.328020033,-75.734825408644,36.180268646963306,ok,121.41712134993588,IW,0,22304.967471897417,1261.8589407176946,52,51,9.82309040838983,10.102402321297209,0.0,0.052840429197843534,affine_dtft,44.20920567772549,9,identified,2,128.4591991901956,91.15854503887246,123.81908311306567,0.05074488640367399,83.82982490497007,9,4.868985949409971,True,12.28604442553399,13.941265347919082,10.845168869643206
18,1150.0,433971.7905418327,4004185.333780514,-75.73427589724719,36.18019994709407,ok,123.50093101225916,IW,0,22309.797732719475,1260.3032481868004,52,51,9.822127943067828,10.102248213503087,0.0,0.052080701512604764,affine_dtft,44.21175452586187,9,identified,2,114.52529260055034,77.52203090595029,122.42710783477969,0.05132184708356419,82.14668669802147,7,5.071636459350143,True,12.776266483859736,14.489445865484818,11.28826980517763
18,1200.0,434021.1473259106,4004177.339540995,-75.73372638676689,36.180131244690465,ok,142.8597984193544,IW,0,22314.62846959338,1258.747453435986,52,51,9.82118347781373,10.102093938886476,0.0,0.05133206272793355,affine_dtft,44.214303628099074,9,identified,2,116.9786534517591,75.97107513698796,134.67565040054848,0.04665420429374067,80.53767779197402,8,3.1768801088411722,True,18.077719757676608,20.489423650647574,16.044277303119795
18,1250.0,434070.5041099885,4004169.3453014763,-75.73317687720319,36.180062539752534,ok,,IW,0,22319.45967377216,1257.1915576404015,52,51,9.820257014930908,10.101939499365459,0.0,0.05072837123052663,affine_dtft,44.2168529798256,9,identified,3,174.57404193806155,77.43230731888495,149.16752194134614,0.04212167116143543,79.50852298766802,8,2.743950755830906,False,,,
18,1300.0,434119.86089406646,4004161.3510619574,-75.73262736855614,36.179993832280296,ok,165.47053218273592,IW,0,22324.291336502498,1255.6355619750611,52,51,9.819348556759454,10.101784895595816,0.0,0.05000379332957385,affine_dtft,44.21940257642661,9,identified,2,180.42165478717914,75.78077056433666,190.5173523290238,0.0329795959809924,82.87498365109778,3,3.962765912167429,True,26.61028360084271,30.575735548645287,23.495038994034918
18,1350.0,434169.2176781444,4004153.3568224385,-75.73207786082581,36.179925122273744,ok,173.8877603327702,IW,0,22329.123449020313,1254.079467616894,52,51,9.818458112479364,10.10163012977041,0.0,0.04927123518924914,affine_dtft,44.22195241328153,9,identified,1,172.55978275298375,77.65288902259138,168.3445630006857,0.03732336343499251,80.537677791974,2,3.8986268344685358,True,30.785412891801457,35.82368514648688,27.013297367208576
18,1400.0,434218.5744622223,4004145.3625829197,-75.73152835401224,36.179856409732935,ok,164.361892716319,IW,0,22333.9560025562,1252.5232757437536,52,51,9.817585689778602,10.101475197487499,0.0,0.04855052211573137,affine_dtft,44.22450248576699,9,identified,1,175.45677631187687,80.66548632791537,168.3445630006857,0.03732336343499251,80.537677791974,2,3.454770088402421,True,26.110261472136536,29.964033839765698,23.06734561675681
18,1450.0,434267.9312463002,4004137.368343401,-75.73097884811554,36.17978769465784,ok,152.8760347899081,IW,0,22338.78898833038,1250.9669875341915,52,51,9.816731287659643,10.101320107111068,0.0,0.047831905846453956,affine_dtft,44.227052789254145,9,identified,2,165.0500729114369,83.33172770685104,168.3445630006857,0.03732336343499251,80.537677791974,2,3.6519375253830124,True,21.470835053538828,24.42138699516394,19.042970804042405
18,1500.0,434317.2880303782,4004129.374103882,-75.73042934313574,36.17971897704851,ok,145.8247347291648,IW,0,22343.622397557738,1249.4106041684656,52,51,9.81589492230483,10.101164840537653,0.0,0.04710542365656455,affine_dtft,44.229603319111305,9,identified,2,150.22469164529892,84.85494603215209,126.25842225051424,0.04976448457999003,80.53767779197403,6,5.202617121463655,True,19.02835950894922,21.582498649512242,16.8885286768348
18,1550.0,434366.64481445606,4004121.379864363,-75.7298798390729,36.17965025690497,ok,134.876342166413,IW,0,22348.456221443903,1247.8541268273627,52,51,9.815076597998772,10.101009419001475,0.0,0.04653790671018769,affine_dtft,44.23215407070187,9,identified,2,138.78569357661357,88.33455684186592,133.08806269696913,0.047210735357128886,81.02737338510323,5,6.789298061842446,True,15.714627039880758,17.79683336054734,13.933436424035268
18,1600.0,434416.001598534,4004113.385624844,-75.7293303359271,36.17958153422722,ok,126.50928695784484,IW,0,22353.29045118789,1246.2975566930072,52,51,9.814276312396455,10.10085382925201,0.0,0.045815483439589966,affine_dtft,44.23470503938578,9,identified,2,145.95419014618787,85.97213820816927,133.08806269696913,0.047210735357128886,81.02737338510323,5,4.577388592468024,True,13.509021566192102,15.310601012579793,11.949725059492632
18,1650.0,434465.35838261194,4004105.391385325,-75.7287808336984,36.17951280901527,ok,126.59290852695504,IW,0,22358.125077981487,1244.7408949480016,52,51,9.813494075592397,10.100698076638189,0.0,0.04510561934522811,affine_dtft,44.2372562205191,9,identified,3,154.1170809466595,89.39985463940398,113.60260018692684,0.05530846386298333,86.82016988013545,4,3.4476610907103327,True,13.52982379813179,15.333945301454936,11.968487075033
18,1700.0,434514.7151666898,4004097.3971458063,-75.72823133238687,36.17944408126915,ok,,IW,0,22362.960093009715,1243.1841427759089,52,51,9.81272989517076,10.10054216299203,0.0,0.04438809454952073,affine_dtft,44.23980760945433,9,identified,3,157.32890132029036,96.77032268686371,113.77777777777767,0.05522330836388313,89.99999999999966,6,2.8998104424926945,False,,,
18,1750.0,434564.0719507678,4004089.4029062875,-75.72768183199254,36.1793753509889,ok,,IW,0,22367.795487450283,1241.6273013624489,52,51,9.811983773175768,10.10038608114288,0.0,0.04368347716944278,affine_dtft,44.242359201540125,9,identified,3,182.30553728681318,104.36833614336007,168.3445630006857,0.03732336343499251,99.46232220802499,4,2.511905946718001,False,,,
18,1800.0,434613.4287348457,4004081.4086667686,-75.72713233251552,36.179306618174515,ok,,IW,0,22372.63125247376,1240.0703718931575,52,51,9.81125571796719,10.100229839182504,0.0,0.04297134319164408,affine_dtft,44.244910992121326,9,identified,2,141.98061974971827,49.146323400603634,183.17868871678252,0.034300853178909844,100.30484646876533,4,2.0027750404754983,False,,,
18,1850.0,434662.7855189236,4004073.4144272497,-75.72658283395586,36.17923788282601,ok,149.98495199183495,IW,0,22377.46737924518,1238.5133555540847,52,51,9.810545727077583,10.100073431408104,0.0,0.04241617825495045,affine_dtft,44.24746297653984,9,identified,1,148.48015867809454,53.817875199313214,159.92193217393253,0.03928907825066757,51.340191745909806,2,3.318162671630912,True,20.43668715332978,23.21370091603395,18.133484177957666
18,1900.0,434712.14230300154,4004065.420187731,-75.7260333363136,36.17916914494341,ok,146.10316080596513,IW,0,22382.303858922376,1236.9562535333916,52,51,9.809853815093916,10.099916862701336,0.0,0.041719836487608804,affine_dtft,44.2500151501338,9,identified,1,145.48296789951115,60.45830114853986,152.64890726398542,0.04116102381469181,63.43494882292177,2,4.112972876406909,True,19.11983074314145,21.68800339990693,16.969602409285383
18,1950.0,434761.4990870795,4004057.425948212,-75.72548383958883,36.17910040452674,ok,143.77408609444325,IW,0,22387.140682657682,1235.3990670191206,52,51,9.809179980274696,10.099760124497031,0.0,0.04101622559253899,affine_dtft,44.25256750823837,9,identified,1,138.1552491110848,64.1771795197566,137.38401653758697,0.0457344709052131,63.43494882292177,3,5.196330884952483,True,18.366376520726106,20.820685466355883,16.30094668885124
18,2000.0,434810.8558711574,4004049.431708693,-75.7249343437816,36.17903166157601,ok,138.1743550770347,IW,0,22391.977841596832,1233.8417972005798,52,51,9.80852423120957,10.09960322491038,0.0,0.040326495704906304,affine_dtft,44.25512004618525,9,identified,1,126.5376509530021,63.28960499254659,134.45778724835563,0.04672979851716567,66.80140948635159,4,4.595898826844571,True,16.65789466459554,18.867700737281563,14.77798121087592
18,2050.0,434860.2126552353,4004041.437469174,-75.72438484889197,36.178962916091244,ok,133.0468872681075,IW,0,22396.815326879016,1232.2844452679328,52,51,9.807886570290679,10.099446168053696,0.0,0.03962970262721615,affine_dtft,44.257672759302665,9,identified,1,125.2809138245398,66.7857096642037,134.45778724835563,0.04672979851716567,66.80140948635159,4,3.9141782854670897,True,15.210122754380404,17.226047955613804,13.480742202015264
18,2100.0,434909.56943931326,4004033.4432296553,-75.72383535492001,36.17889416807246,ok,128.18646050071865,IW,0,22401.653129638948,1230.7270124119793,52,51,9.807267001793083,10.099288944477578,0.0,0.03894728272437453,affine_dtft,44.26022564291647,9,identified,1,130.54655510239593,73.52112824875823,131.92327708688998,0.04762757146368664,75.06858282186217,4,3.7460023696648626,True,13.93085111016548,15.784344374450981,12.330000360816209
18,2150.0,434958.92622339114,4004025.4489901364,-75.7232858618658,36.178825417519676,ok,126.61862881380942,IW,0,22406.491241005246,1229.1694998240384,52,51,9.80666553467221,10.099131554368844,0.0,0.03839773707190838,affine_dtft,44.26277869234929,9,identified,1,127.3726679410436,83.52465935010991,127.01156821934933,0.04946939397148855,82.8749836510979,6,3.3092652543104495,True,13.536226943635915,15.341131290000904,11.974262035636462
18,2200.0,435008.2830074691,4004017.4547506175,-75.72273636972938,36.178756664432896,ok,124.00557600229403,IW,0,22411.32965210079,1227.6119086966132,52,51,9.806082163855706,10.098974005790275,0.0,0.0377225845293935,affine_dtft,44.26533190292071,9,identified,4,124.16699041775107,83.82720217519632,113.08188270064278,0.05556314731523188,83.65980825408981,8,3.2491089963066115,True,12.897091816102547,14.624698244991174,11.397412018393048
18,2250.0,435057.63979154703,4004009.4605110986,-75.72218687851083,36.178687908812165,ok,,IW,0,22416.16835404385,1226.0542402229642,52,51,9.80551689970763,10.098816295267975,0.0,0.03704090073727867,affine_dtft,44.26788526994785,9,identified,3,121.14072364907292,78.90974911174274,112.2297086671238,0.05598504515248877,80.53767779197409,8,2.845878561930362,False,,,
18,2300.0,435106.9965756249,4004001.4662715797,-75.7216373882102,36.17861915065749,ok,,IW,0,22421.007337946307,1224.4964955966707,52,51,9.804969744219557,10.09865842031975,0.0,0.036374658952470655,affine_dtft,44.270438788744464,9,identified,3,96.52777517285843,85.62363864180615,111.06839440315186,0.05657041628217941,77.47119229084822,8,2.9139656074575946,False,,,
18,2350.0,435156.35335970286,4003993.472032061,-75.72108789882755,36.178550389968876,ok,,IW,0,22425.846594916835,1222.938676012111,52,51,9.804440700215018,10.098500380769458,0.0,0.035713278404428644,affine_dtft,44.272992454622596,9,identified,1,145.3599771756628,55.7727288296881,126.42938837114735,0.04969718977627738,69.77514056883173,5,2.706837145372432,False,,,
18,2400.0,435205.7101437808,4003985.477792542,-75.72053841036296,36.17848162674637,ok,159.92193217393253,IW,0,22430.68611605753,1221.3807826650157,52,51,9.803929768522629,10.098342178801122,0.0,0.03504591608934475,affine_dtft,44.27554626289081,9,identified,2,146.87745303846,54.089684256401505,159.92193217393253,0.03928907825066757,51.340191745909806,2,3.121590466518802,True,24.20649434043478,27.66242967666821,21.427730302022425
18,2450.0,435255.0669278587,4003977.483553023,-75.7199889228165,36.17841286098996,ok,155.44226168886402,IW,0,22435.525892468093,1219.8228167499992,52,51,9.803436965722439,10.098183815450481,0.0,0.034395017219242076,affine_dtft,44.27810020885639,9,identified,1,148.78955348852787,53.352465646283335,159.92193217393253,0.03928907825066757,51.340191745909806,2,3.992236893453742,True,22.43008977522236,25.549794823031565,19.882799456332396
18,2500.0,435304.42371193663,4003969.489313504,-75.7194394361882,36.17834409269968,ok,152.75445939782293,IW,0,22440.365915240975,1218.2647794644736,52,51,9.802962275021128,10.098025291178661,0.0,0.03387166049511968,affine_dtft,44.28065428782275,9,identified,1,151.36475607623416,53.238631492583984,159.92193217393253,0.03928907825066757,51.340191745909806,2,5.233159744228902,True,21.426377372204314,24.369285671210854,19.003957924088997
18,2550.0,435353.7804960146,4003961.4950739853,-75.71888995047816,36.178275321875546,ok,149.1707230097681,IW,0,22445.206175466865,1216.706672004795,52,51,9.802505715455187,10.097866601918446,0.0,0.03323127679040236,affine_dtft,44.28320849509241,9,identified,1,152.81282221364677,54.301305794082865,142.0032502336585,0.04424677109038668,56.309932474020094,1,6.214705376361457,True,20.153866138496063,22.884920611662352,17.884048051280768
18,2600.0,435403.13728009246,4003953.5008344664,-75.71834046568641,36.178206548517586,ok,145.5869866217133,IW,0,22450.04666423106,1215.1484955686776,52,51,9.802067286426555,10.097707752746436,0.0,0.032585844518484036,affine_dtft,44.285762825965,9,identified,1,150.1284427454584,56.073829228590434,142.0032502336585,0.04424677109038668,56.309932474020094,1,6.748150158397859,True,18.950557377825206,21.492806555763103,16.819547654242964
18,2650.0,435452.4940641704,4003945.5065949475,-75.71779098181302,36.17813777262581,ok,146.16573506072208,IW,0,22454.887372615096,1213.5902513547337,52,51,9.80164698677188,10.09754874208943,0.0,0.03195844368177982,affine_dtft,44.288317275738166,9,identified,1,147.15211693353717,58.10900485922068,142.0032502336585,0.04424677109038668,56.309932474020094,1,7.033975949391583,True,19.140441543428334,21.711784496985462,16.98786640159016
18,2700.0,435501.8508482483,4003937.5123554287,-75.7172414988581,36.178068994200224,ok,150.32821988778568,IW,0,22459.728291696698,1212.0319405604432,52,51,9.801244822816466,10.097389565917853,0.0,0.03132662023828975,affine_dtft,44.290871839707506,9,identified,1,147.72794822248457,58.7025893651799,142.0032502336585,0.04424677109038668,56.309932474020094,1,5.911768541375896,True,20.55700736217505,23.35376419123603,18.23951094459364
18,2750.0,435551.20763232623,4003929.51811591,-75.71669201682167,36.17800021324088,ok,152.45735129385108,IW,0,22464.569412549627,1210.4735643859442,52,51,9.800860794903658,10.097230233231778,0.0,0.030713806342154364,affine_dtft,44.293426513166544,9,identified,1,153.3152512612905,57.85812948233355,162.8156743689765,0.03859078882626799,57.994616791916336,3,4.512557602364965,True,21.318096857163617,24.24245891441922,18.908905962865024
18,2800.0,435600.5644164042,4003921.523876391,-75.71614253570378,36.17793142974777,ok,149.34257892134883,IW,0,22469.410726245704,1208.9151240304138,52,51,9.800494911490503,10.097070735014254,0.0,0.030233965353192734,affine_dtft,44.295981291407735,9,identified,1,156.66381815139982,56.83654423462955,162.8156743689765,0.03859078882626799,57.994616791916336,3,4.231346303482365,True,20.213260497812445,22.95391505248372,17.936455959942528
18,2850.0,435649.92120048206,4003913.529636872,-75.71559305550454,36.17786264372091,ok,141.73621833655363,IW,0,22474.252223850293,1207.3566206941393,52,51,9.800147167028069,10.096911075227624,0.0,0.02962417734131598,affine_dtft,44.29853616972012,9,identified,1,148.04663714589003,59.15098287044166,152.64890726398542,0.04116102381469181,63.43494882292177,2,4.2863748004064295,True,17.728305318594547,20.0891621127806,15.7332240983413
18,2900.0,435699.27798456,4003905.535397353,-75.71504357622398,36.177793855160324,ok,129.96737292469484,IW,0,22479.09389642992,1205.7980555770346,52,51,9.799817565642895,10.096751255066147,0.0,0.0290349741401457,affine_dtft,44.301091143393364,9,identified,1,131.14551309310028,63.397615831121456,126.42938837114735,0.04969718977627738,69.77514056883173,5,4.6047012103620695,True,14.389587577364507,16.30043753937349,12.743095482331338
18,2950.0,435748.63476863794,4003897.541157834,-75.71449409786217,36.177725064066045,ok,120.30157414049738,IW,0,22483.9357350447,1204.2394298805298,52,51,9.79950611213587,10.09659127398255,0.0,0.028443311764112394,affine_dtft,44.3036462077137,9,identified,1,115.63971890492095,65.50938677830561,103.97144730968249,0.06043183460229139,66.03751102542165,2,6.461153026908419,True,12.029254990655582,13.654471486590987,10.612891289239107
18,3000.0,435797.99155271583,4003889.5469183153,-75.71394462041918,36.17765627043808,ok,112.21474085962537,IW,0,22488.777730753158,1202.6807448062063,52,51,9.799212804667121,10.096431132252226,0.0,0.027873517881638703,affine_dtft,44.30620135796653,9,identified,1,113.03789741140415,66.48288157968317,103.97144730968249,0.06043183460229139,66.03751102542165,2,5.60589255469127,True,10.27915813523313,11.705669881598068,9.027193062450273
18,3050.0,435847.3483367938,4003881.5526787965,-75.71339514389506,36.177587474276436,ok,107.47652502245137,IW,0,22493.61987461139,1201.1220015547792,52,51,9.79893765144862,10.096270824642863,0.0,0.027302336567932885,affine_dtft,44.308756589435944,9,identified,1,112.56466035860609,65.96438482485244,114.4866804479891,0.05488136508625573,63.434948822921854,3,3.5348519139102152,True,9.33908124286294,10.6623705767689,8.17397010730577
18,3100.0,435896.7051208717,4003873.5584392776,-75.71284566828989,36.17751867558115,ok,,IW,0,22498.462157672453,1199.5632013291897,52,51,9.798680645958267,10.096110362717608,0.0,0.026867936060523397,affine_dtft,44.31131189740442,9,identified,3,132.8320636187275,61.21102120441823,118.84501643331302,0.05286873186395024,68.19859051364796,5,2.1888020194291657,False,,,
18,3150.0,435946.0619049496,4003865.5641997587,-75.71229619360373,36.17744987435223,ok,,IW,0,22503.30457098744,1198.0043453315418,52,51,9.798441794505989,10.095949733624497,0.0,0.026317476705360582,affine_dtft,44.3138672771534,9,identified,2,139.05125872177834,55.63988579125978,121.02308081080874,0.05191724805784672,78.3106308245605,7,1.7231459273834664,False,,,
18,3200.0,435995.41868902755,4003857.56996024,-75.71174671983665,36.1773810705897,ok,,IW,0,22508.147105605454,1196.4454347642431,52,51,9.79822110437468,10.095788946284658,0.0,0.025791749630833232,affine_dtft,44.31642272396323,9,identified,3,99.30541890298963,81.23153391959922,113.77777777777767,0.05522330836388313,89.99999999999966,6,2.238807495305366,False,,,
18,3250.0,436044.7754731055,4003849.575720721,-75.71119724698869,36.177312264293576,ok,,IW,0,22512.98975257326,1194.8864708308472,52,51,9.798018564146082,10.095627998186954,0.0,0.025279431109629668,affine_dtft,44.318978233113015,9,ambiguous_multiple_blobs,6,101.96117094181369,81.61154692800314,116.24361195174386,0.054051876070298994,87.39743779749985,5,2.316865390822955,False,,,
18,3300.0,436094.1322571834,4003841.581481202,-75.71064777505994,36.17724345546389,ok,,IW,0,22517.832502936137,1193.3274547337282,52,51,9.797834183463365,10.095466890660509,0.0,0.024768994496792842,affine_dtft,44.3215337998811,9,identified,4,189.79665649292843,134.35332997929606,113.08188270064278,0.05556314731523188,83.65980825408981,4,2.1711631288519637,False,,,
18,3350.0,436143.4890412613,4003833.587241683,-75.71009830405045,36.17717464410063,ok,,IW,0,22522.675347738,1191.7683876768008,52,51,9.797667955598293,10.095305621106098,0.0,0.024285967170735775,affine_dtft,44.32408941954505,9,identified,2,194.62428363164176,130.81649026525258,166.38302300663827,0.037763379902821595,111.80140948635112,7,1.7975993021276366,False,,,
18,3400.0,436192.84582533926,4003825.5930021643,-75.70954883396027,36.177105830203836,ok,,IW,0,22527.51827802001,1190.2092708635703,52,51,9.797519897702946,10.09514419467895,0.0,0.02380651663947995,affine_dtft,44.32664508738096,9,identified,5,181.6062359652783,125.36172801670979,175.61455118592892,0.035778272727112294,120.96375653207285,4,1.625495629376809,False,,,
18,3450.0,436242.20260941715,4003817.5987626454,-75.70899936478949,36.177037013773536,ok,,IW,0,22532.361284823215,1188.650105498536,52,51,9.797389989523907,10.094982602557687,0.0,0.023450049944425646,affine_dtft,44.329200798664885,9,ambiguous_multiple_blobs,5,142.33468915037338,128.76972873153156,158.7644602741866,0.03957551517719085,60.255118703057555,5,1.7324594140536047,False,,,
18,3500.0,436291.5593934951,4003809.6045231265,-75.70844989653817,36.17696819480973,ok,,IW,0,22537.204359187577,1187.0908927846995,52,51,9.797278248478259,10.094820854944945,0.0,0.02300179337862702,affine_dtft,44.33175654867226,9,ambiguous_multiple_blobs,4,217.5247342319642,60.496443679439274,158.7644602741866,0.03957551517719085,60.255118703057555,5,1.948860050652923,False,,,
19,250.0,433063.09731406067,4004208.410948961,-75.74438235192254,36.18034558199274,touches_land_or_unmapped,,,,,,,,,,,,,,,,,,,,,,,,,,,
19,300.0,433112.6457172051,4004201.7060443503,-75.74383081153573,36.180288562576955,touches_land_or_unmapped,,,,,,,,,,,,,,,,,,,,,,,,,,,
19,350.0,433162.1941203495,4004195.0011397395,-75.74327927190399,36.1802315406101,touches_land_or_unmapped,,,,,,,,,,,,,,,,,,,,,,,,,,,
19,400.0,433211.7425234939,4004188.296235129,-75.74272773302741,36.18017451609221,touches_land_or_unmapped,,,,,,,,,,,,,,,,,,,,,,,,,,,
19,450.0,433261.2909266383,4004181.591330518,-75.74217619490605,36.180117489023296,touches_land_or_unmapped,,,,,,,,,,,,,,,,,,,,,,,,,,,
19,500.0,433310.8393297827,4004174.8864259073,-75.74162465753997,36.18006045940336,ok,101.8421696987567,IW,0,22243.248930537822,1269.644175321959,52,51,9.836997615616301,10.103281580474631,0.0,0.06237034949022453,affine_dtft,44.17666299913371,5,identified,2,97.52713216852727,81.67956014324383,95.25867616451202,0.06595919196198471,82.87498365109792,3,6.353153104296425,True,8.297023040128503,9.508017692739674,7.227563626075251
19,550.0,433360.3877329271,4004168.1815212965,-75.74107312092923,36.180003427232435,ok,104.82607171851194,IW,0,22248.112556126118,1268.2127176073272,52,51,9.835795632957588,10.103139251015724,0.0,0.06160147601706718,affine_dtft,44.179229148335445,8,identified,2,113.70689034766148,87.8261555918491,96.49005515398044,0.06511743927550642,74.98163936884914,8,3.6742416613830615,True,8.838930827990755,10.108085440031886,7.719777860435132
19,600.0,433409.9361360715,4004161.4766166857,-75.74052158507392,36.17994639251053,ok,106.6164129303651,IW,0,22252.97677760177,1266.7811446042624,52,51,9.834611850000742,10.102996782895259,0.0,0.06084283399926652,affine_dtft,44.18179561459738,8,identified,2,118.12945161167113,88.6513677992529,113.77777777777767,0.05522330836388313,89.99999999999966,2,3.6830769239868717,True,9.174799592294352,10.480253902542763,8.024798370585879
19,650.0,433459.484539216,4004154.771712075,-75.73997004997409,36.179889355237655,ok,110.32023325301823,IW,0,22257.841586116923,1265.3494575067325,52,51,9.833446276441311,10.10285416906872,0.0,0.06007519341515184,affine_dtft,44.184362393254936,9,identified,1,119.40617491574672,88.53154156891834,113.77777777777767,0.05522330836388313,89.99999999999966,2,3.7814121976842445,True,9.896046847778141,11.280237608220428,8.679569419278792
19,700.0,433509.0329423604,4004148.0668074647,-75.73941851562981,36.17983231541384,ok,113.77777777777767,IW,0,22262.706972815602,1263.9176575094941,52,51,9.832298912584609,10.102711415495143,0.0,0.059317902556476135,affine_dtft,44.186929479639254,9,identified,1,120.06396540749289,88.31170452194661,113.77777777777767,0.05522330836388313,89.99999999999966,2,4.5684720454476055,True,10.602695733202241,12.065247806814215,9.320642171341275
19,750.0,433558.5813455048,4004141.361902854,-75.73886698204113,36.17977527303909,ok,113.6385987623507,IW,0,22267.572928828315,1262.4857458104348,52,51,9.831169779852958,10.10256851712793,0.0,0.05855160021426836,affine_dtft,44.189496869074326,9,identified,1,119.6353223265423,87.97995179020589,113.77777777777767,0.05522330836388313,89.99999999999966,2,5.828709606677543,True,10.573609195361696,12.032909405822762,9.294265493172833
19,800.0,433608.1297486492,4004134.656998243,-75.73831544920813,36.179718228113416,ok,113.33572850105509,IW,0,22272.439445277116,1261.0537236069488,52,51,9.83005887358372,10.102425475991303,0.0,0.05794100694566756,affine_dtft,44.19206455687968,9,identified,1,119.94592103911906,87.22478559536489,113.77777777777767,0.05522330836388313,89.99999999999966,2,6.204094103262745,True,10.510501785983772,11.962754738834617,9.237034123891487
19,850.0,433657.6781517936,4004127.9520936324,-75.73776391713089,36.17966118063685,ok,113.63949321998504,IW,0,22277.306513274165,1259.6215920984748,52,51,9.828966204968149,10.102282299678444,0.0,0.0571857873668432,affine_dtft,44.19463253836958,9,identified,1,120.30946117678405,85.93727710572108,113.08188270064278,0.05556314731523188,83.65980825408981,4,4.671977978702656,True,10.57379595066336,12.033117032723426,9.294434852503034
19,900.0,433707.226554938,4004121.2471890217,-75.73721238580944,36.17960413060939,ok,113.06111945382902,IW,0,22282.17412392053,1258.1893524864477,52,51,9.827891791499614,10.102138976195867,0.0,0.056421537823800286,affine_dtft,44.19720080885249,9,identified,1,122.38318530508907,87.02749462541425,112.26342647129964,0.05596823030148554,74.74488129694195,5,4.225734967712351,True,10.453505440376512,11.89940303103817,9.185340886714174
19,950.0,433756.7749580824,4004114.542284411,-75.73666085524388,36.17954707803105,ok,114.08031916302414,IW,0,22287.042268307832,1256.7570059728212,52,51,9.826835626337322,10.101995509945823,0.0,0.055667954369808696,affine_dtft,44.199769363631816,9,identified,1,124.77388297875414,90.74478447420454,115.29660137242742,0.054495841441881195,82.23483398157433,5,4.835518745209519,True,10.666111481533765,12.135761684305422,9.378146288690536
19,1000.0,433806.3233612268,4004107.8373798,-75.73610932543426,36.179490022901874,ok,117.58333219052936,IW,0,22291.91093751853,1255.3245537610157,52,51,9.825797728807888,10.101851905605315,0.0,0.054905335549173546,affine_dtft,44.20233819800613,9,identified,1,125.40910761002857,92.1110627644042,110.88590894699759,0.05666351447939962,85.03025927188943,5,5.419847036685976,True,11.419543438946453,12.974439286025644,10.060945820184589
19,1050.0,433855.87176437123,4004101.1324751894,-75.73555779638065,36.179432965221835,ok,119.22939758204946,IW,0,22296.78012262475,1253.8919970563536,52,51,9.824778097337724,10.101708157913937,0.0,0.054153531402179614,affine_dtft,44.204907307268584,9,identified,2,98.97740684981567,70.8292169853504,118.87377632375328,0.05285594099465051,84.28940686250003,7,5.265549523494516,True,11.786080625995183,13.383099103227678,10.392826869951785
19,1100.0,433905.42016751564,4004094.4275705786,-75.73500626808311,36.179375904990984,ok,120.26882799334399,IW,0,22301.649814690572,1252.4593370645157,52,51,9.823776747243258,10.101564269314375,0.0,0.05339268769023508,affine_dtft,44.20747668670801,9,identified,2,103.32991823367031,72.13190475189865,130.5969478381688,0.048111272209558,84.14398641457073,10,3.6323333104727307,True,12.021775624819137,13.646121740780638,10.606124179217325
19,1150.0,433954.96857066004,4004087.722665968,-75.73445474054171,36.17931884220931,ok,122.61455775493057,IW,0,22306.520004770075,1251.0265749924883,52,51,9.822793676754685,10.10142024426981,0.0,0.052632771144446054,affine_dtft,44.210046331608005,9,identified,1,114.81710008022661,77.39063015877858,120.49375342890012,0.052145319806035526,78.69006752597952,6,4.922160064008982,True,12.566045679602322,14.254259224915437,11.098310003582775
19,1200.0,434004.51697380445,4004081.017761357,-75.73390321375652,36.17926177687686,ok,139.46295368096807,IW,0,22311.39068390657,1249.5937120503665,52,51,9.821828898828304,10.101276069839557,0.0,0.052037634284583086,affine_dtft,44.212616237246436,9,identified,2,117.18986543738545,76.1660816342613,120.49375342890012,0.052145319806035526,78.69006752597952,6,3.356878472494867,True,17.038756129361648,19.301516148499754,15.118260683032528
19,1250.0,434054.06537694886,4004074.3128567464,-75.7333516877276,36.179204708993616,ok,,IW,0,22316.261843138895,1248.1607494461405,52,51,9.820882418318496,10.101131757957512,0.0,0.05127955172080616,affine_dtft,44.2151863988988,9,identified,3,179.4514412136833,76.65796246835993,149.16752194134614,0.04212167116143543,79.50852298766802,8,2.4695156817789465,False,,,
19,1300.0,434103.61378009326,4004067.6079521356,-75.732800162455,36.179147638559606,ok,160.8625598645437,IW,0,22321.133473492962,1246.7276883916527,52,51,9.819954243339932,10.100987308370016,0.0,0.05053855262193196,affine_dtft,44.21775681183381,9,identified,1,182.0279736372234,75.51426109377738,186.26736002790327,0.033732079019310475,75.96375653207308,3,3.208823741746446,True,24.597262120911527,28.131509235178868,21.765683599364916
19,1350.0,434153.16218323767,4004060.903047525,-75.73224863793884,36.17909056557485,ok,172.82526225749007,IW,0,22326.005565987958,1245.2945300990114,52,51,9.819044377477475,10.100842715453332,0.0,0.04980533467159633,affine_dtft,44.220327471316544,9,identified,1,173.58980042902317,77.67276365969482,168.3445630006857,0.03732336343499251,80.537677791974,2,3.279184434242569,True,30.217377814995412,35.09316896860364,26.540525663547715
19,1400.0,434202.7105863821,4004054.198142914,-75.73169711417913,36.179033490039366,ok,168.82775228924294,IW,0,22330.878111634585,1243.86127578165,52,51,9.818152830015649,10.100697982329576,0.0,0.049083899954284305,affine_dtft,44.222898372607645,9,identified,2,176.49375744729005,80.49572319789176,168.3445630006857,0.03732336343499251,80.537677791974,2,3.1493156478860147,True,28.190880534867222,32.53127277919137,24.838422514478946
19,1450.0,434252.2589895265,4004047.4932383033,-75.73114559117596,36.178976411953165,ok,156.63617902894492,IW,0,22335.751101435664,1242.4279266538626,52,51,9.81727960461778,10.100553106453475,0.0,0.04835454375416747,affine_dtft,44.22546951096357,9,identified,2,167.64637527867546,82.81130284732075,168.3445630006857,0.03732336343499251,80.537677791974,2,3.6875353278242886,True,22.890422323014135,26.09428425708323,20.28446609563679
19,1500.0,434301.8073926709,4004040.7883336926,-75.73059406892938,36.17891933131625,ok,149.58487896820162,IW,0,22340.624526385072,1240.9944839304737,52,51,9.816424712353546,10.10040808981322,0.0,0.0476372441925315,affine_dtft,44.22804088163605,9,identified,2,153.56482132358775,84.34502262787221,152.8377124162543,0.0411101763291726,84.28940686249999,3,4.866532981781299,True,20.29727208754637,23.05155242746439,18.01056314149949
19,1550.0,434351.3557958153,4004034.083429082,-75.73004254743947,36.17886224812866,ok,141.31828001193432,IW,0,22345.498377470012,1239.560948828828,52,51,9.815588157292115,10.10026293517843,0.0,0.047058971793773434,affine_dtft,44.23061247987326,9,identified,2,145.826240390924,89.18314639097291,125.30949372641331,0.05014133502843438,78.23171106797906,6,4.400372414067844,True,17.59980410396229,19.942156945530638,15.6187335485436
19,1600.0,434400.9041989597,4004027.378524471,-75.7294910267063,36.17880516239039,ok,134.5617092647465,IW,0,22350.37264566815,1238.1273225664966,52,51,9.814769940524151,10.10011763640506,0.0,0.04633561981209585,affine_dtft,44.233184300918346,9,identified,2,148.42487230340606,86.58917123128629,133.08806269696913,0.047210735357128886,81.02737338510323,5,5.4168346785888195,True,15.62693109622506,17.697520766529248,13.854794537611474
19,1650.0,434450.4526021041,4004020.6736198603,-75.72893950672992,36.17874807410147,ok,128.4697082142439,IW,0,22355.24732195199,1236.693606361679,52,51,9.81397007290412,10.099972199451894,0.0,0.045624743409001516,affine_dtft,44.23575634001173,9,identified,3,156.89566814875994,91.00422969448623,127.01156821934926,0.04946939397148858,60.255118703057654,2,3.3124221174378707,True,14.003058241278719,15.865516372197856,12.395055144386564
19,1700.0,434500.0010052485,4004013.9687152496,-75.7283879875104,36.17869098326192,ok,,IW,0,22360.122397284886,1235.2598014343307,52,51,9.813188560099412,10.099826625424866,0.0,0.04490617770093833,affine_dtft,44.23832859238898,9,identified,4,179.1751533021381,100.2761340401292,125.8340229917246,0.049932324802114895,55.00797980144126,3,2.8048480835055347,False,,,
19,1750.0,434549.5494083929,4004007.263810639,-75.72783646904783,36.17863388987173,ok,,IW,0,22364.997862623186,1233.825909005086,52,51,9.812425403412046,10.099680910646494,0.0,0.04420042858279939,affine_dtft,44.240901053281966,9,identified,2,180.80152469717274,104.93374159177333,190.15202629330105,0.03304295741496886,111.80140948635109,2,2.4325178865975547,False,,,
19,1800.0,434599.09781153733,4004000.558906028,-75.72728495134224,36.17857679393094,ok,,IW,0,22369.873708917294,1232.3919302951151,52,51,9.811680615574167,10.09953505182969,0.0,0.043487121032042136,affine_dtft,44.24347371791937,9,identified,5,174.95684671471568,108.51257191435205,146.12013900426032,0.04300013228837944,92.72631099390581,6,2.337128202294752,False,,,
19,1850.0,434648.6462146818,4003993.8540014173,-75.72673343439371,36.17851969543954,ok,,IW,0,22374.749927108747,1230.9578665274573,52,51,9.810954188860656,10.099389055374905,0.0,0.042786993737980124,affine_dtft,44.246046581525235,9,identified,2,144.86426488132534,54.322012430544596,178.55637311050626,0.03518880450876432,54.46232220802541,3,2.7930881604971924,False,,,
19,1900.0,434698.1946178262,4003987.1490968065,-75.72618191820231,36.178462594397566,ok,124.81999254912978,IW,0,22379.626508134967,1229.5237189250508,52,51,9.810246141442471,10.099242920948264,0.0,0.042079471638391826,affine_dtft,44.2486196393214,9,identified,1,137.94627433632348,60.91138503603015,123.72420471402005,0.05078380032187505,64.9831065218998,4,4.487768204149423,True,13.093847858823883,14.845071982098847,11.575081876637494
19,1950.0,434747.7430209706,4003980.444192196,-75.72563040276812,36.17840549080504,ok,125.39506053417821,IW,0,22384.503442924422,1228.089488712815,52,51,9.809556473143545,10.09909664336757,0.0,0.04137502289614735,affine_dtft,44.25119288652494,9,identified,1,132.75129509851664,63.67071939254328,123.72420471402005,0.05078380032187505,64.9831065218998,4,5.370869488905832,True,13.234104128002,15.00225964687494,11.701685501502338
19,2000.0,434797.291424115,4003973.739287585,-75.72507888809118,36.17834838466196,ok,125.15169643106303,IW,0,22389.380722400634,1226.6551771153356,52,51,9.808885187508993,10.098950224324232,0.0,0.04082646148451128,affine_dtft,44.25376631835035,9,identified,1,124.30079501441743,63.03038953689531,127.01156821934926,0.04946939397148858,60.255118703057654,2,5.673671212115082,True,13.174614152793286,14.935578355429008,11.647991181828734
19,2050.0,434846.8398272594,4003967.0343829747,-75.72452737417157,36.17829127596835,ok,123.76283898966435,IW,0,22394.258337480343,1225.2207853592445,52,51,9.808232294045878,10.098803672242063,0.0,0.040128040491364904,affine_dtft,44.25633993000851,9,identified,1,124.32099972931375,65.68619621349148,127.12026448932349,0.04942709435368816,65.55604521958325,3,4.572384678752471,True,12.838870402641374,14.559517781570158,11.344823796044198
19,2100.0,434896.3882304038,4003960.329478364,-75.72397586100935,36.178234164724216,ok,120.45744191615547,IW,0,22399.136279074526,1223.7863146709167,52,51,9.807597790966978,10.098656976116612,0.0,0.0394438528136192,affine_dtft,44.25891371670725,9,identified,1,121.08857598464486,70.95413195762335,124.17824001860234,0.05059811852896565,75.96375653207325,3,4.010409483404881,True,12.06490141626446,13.694268843714786,10.645141831103075
19,2150.0,434945.93663354823,4003953.624573753,-75.72342434860458,36.178177050929584,ok,118.81891034035702,IW,0,22404.014538088322,1222.3517662782665,52,51,9.806981686001997,10.098510143922299,0.0,0.0387527813916458,affine_dtft,44.2614876736513,9,identified,1,120.65526476084274,81.32723607973291,116.77991750702667,0.05380364570647625,81.25383773744446,3,3.6301610814577034,True,11.693910513516322,13.280294426961067,10.309391074127157
19,2200.0,434995.48503669264,4003946.9196691425,-75.72287283695734,36.178119934584466,ok,116.05179229070154,IW,0,22408.893105420917,1220.9171414094894,52,51,9.806383981316461,10.098363172292377,0.0,0.03807646117405377,affine_dtft,44.26406179604227,9,identified,2,120.75811001440262,82.07485460831923,107.19721934647562,0.058613323605638486,83.99099404250522,4,3.457860988949517,True,11.085751713043205,12.602667407667793,9.758540853714248
19,2250.0,435045.03343983705,4003940.2147645317,-75.72232132606769,36.17806281568888,ok,,IW,0,22413.77197196525,1219.4824412941596,52,51,9.805804686089163,10.098216056319691,0.0,0.03739355528267502,affine_dtft,44.26663607907839,9,identified,4,124.62534737985452,79.17122420977208,107.19721934647562,0.058613323605638486,83.99099404250522,4,2.92722046341495,False,,,
19,2300.0,435094.58184298145,4003933.509859921,-75.72176981593569,36.17800569424284,ok,,IW,0,22418.651128610418,1218.0476671622853,52,51,9.805243800766066,10.09806880724241,0.0,0.03671502475621114,affine_dtft,44.269210517955926,9,identified,6,137.160937335224,74.22480520369285,143.8201616746052,0.0436877919898002,69.44395478041628,12,1.8526233323822123,False,,,
19,2350.0,435144.13024612586,4003926.80495531,-75.72121830656141,36.17794857024636,ok,,IW,0,22423.53056623992,1216.6128202437274,52,51,9.804701326672387,10.097921419340164,0.0,0.03605214206238213,affine_dtft,44.271785107868126,9,identified,1,161.96273461830754,54.80164211790904,162.8156743689765,0.03859078882626799,57.994616791916336,3,2.2944419147691915,False,,,
19,2400.0,435193.67864927027,4003920.1000506994,-75.72066679794492,36.17789144369945,ok,,IW,0,22428.410275730992,1215.1779017709284,52,51,9.80417727289446,10.097773888141694,0.0,0.03551879794611054,affine_dtft,44.27435984400494,9,identified,1,157.84950052812582,53.220427675393125,159.92193217393253,0.03928907825066757,51.340191745909806,2,2.8434833963471973,False,,,
19,2450.0,435243.2270524147,4003913.3951460887,-75.72011529008627,36.17783431460213,ok,159.92193217393253,IW,0,22433.290247957942,1213.7429129747961,52,51,9.803671639499195,10.09762622309839,0.0,0.03486512750766255,affine_dtft,44.27693472155475,9,identified,1,155.64494566502165,52.85433786317773,159.92193217393253,0.03928907825066757,51.340191745909806,2,3.7610770744720066,True,24.20649434043478,27.66242967666821,21.427730302022425
19,2500.0,435292.7754555591,4003906.690241478,-75.71956378298556,36.17777718295442,ok,155.44226168886402,IW,0,22438.170473788723,1212.307855088636,52,51,9.803184431560606,10.097478415740373,0.0,0.0342057878166166,affine_dtft,44.2795097357026,9,identified,1,156.17704373620592,53.466894324616256,159.92193217393253,0.03928907825066757,51.340191745909806,2,5.051706285534308,True,22.43008977522236,25.549794823031565,19.882799456332396
19,2550.0,435342.3238587035,4003899.985336867,-75.71901227664283,36.177720048756335,ok,152.75445939782293,IW,0,22443.050944086655,1210.8727293458448,52,51,9.802715649741565,10.09733047490063,0.0,0.033563464002658645,affine_dtft,44.282084881631036,9,identified,1,156.473770567868,55.06202962092981,159.92193217393253,0.03928907825066757,51.340191745909806,2,5.541582542599556,True,21.426377372204314,24.369285671210854,19.003957924088997
19,2600.0,435391.8722618479,4003893.2804322564,-75.71846077105813,36.17766291200789,ok,151.2998544158335,IW,0,22447.931649713057,1209.4375369797483,52,51,9.802265300672273,10.097182390210781,0.0,0.03291598187260168,affine_dtft,44.284660154521546,9,identified,1,153.00710984485767,56.84326816552364,142.0032502336585,0.04424677109038668,56.309932474020094,1,5.929851863620182,True,20.901135505123644,23.75500036186026,18.542455647231918
19,2650.0,435441.4206649923,4003886.5755276456,-75.71790926623156,36.17760577270909,ok,151.87860285484228,IW,0,22452.81258152246,1208.0022792251968,52,51,9.801833389246172,10.097034170935594,0.0,0.03227491709140836,affine_dtft,44.28723554955204,9,identified,1,150.2727223649945,58.66743731961058,142.0032502336585,0.04424677109038668,56.309932474020094,1,6.307841217396441,True,21.108651437537247,23.997420777166223,18.724917531607364
19,2700.0,435490.9690681367,4003879.870623035,-75.71735776216316,36.17754863085995,ok,152.45735129385108,IW,0,22457.69373036629,1206.5669573169323,52,51,9.80141990815114,10.096885810189482,0.0,0.031652176243724454,affine_dtft,44.28981106189875,9,identified,1,152.6493415134548,58.746000347149995,152.64890726398542,0.04116102381469181,63.43494882292177,2,4.699446703998374,True,21.318096857163617,24.24245891441922,18.908905962865024
19,2750.0,435540.5174712811,4003873.165718424,-75.71680625885303,36.17749148646051,ok,154.58648269991644,IW,0,22462.575087093137,1205.131572490483,52,51,9.8010248757475,10.096737316238666,0.0,0.03102522054754315,affine_dtft,44.292386686736435,9,identified,1,160.69049760686744,57.55502698599733,162.8156743689765,0.03859078882626799,57.994616791916336,3,3.930787482247404,True,22.105705137846712,25.16728822792167,19.59922140961436
19,2800.0,435590.0658744255,4003866.4608138134,-75.7162547563012,36.17743433951077,ok,151.4717103274142,IW,0,22467.45664254662,1203.6961259820907,52,51,9.80064827648416,10.096588680544412,0.0,0.030543126732632892,affine_dtft,44.294962419237166,9,identified,1,161.66574166278932,56.614982449280056,162.8156743689765,0.03859078882626799,57.994616791916336,3,4.1832701147016325,True,20.962556416219552,23.826715340686114,18.596478369083336
19,2850.0,435639.6142775699,4003859.7559092026,-75.71570325450776,36.17737719001074,ok,141.73621833655363,IW,0,22472.33838756715,1202.2606190278689,52,51,9.800290126839199,10.096439909631803,0.0,0.029930394956325986,affine_dtft,44.29753825457135,9,identified,1,150.43415327822052,58.94263671063381,152.64890726398542,0.04116102381469181,63.43494882292177,2,4.956974331007689,True,17.728305318594547,20.0891621127806,15.7332240983413
19,2900.0,435689.16268071433,4003853.051004592,-75.71515175347275,36.177320037960435,ok,129.96737292469484,IW,0,22477.220312992114,1200.8250528648573,52,51,9.799950423619785,10.096290999540837,0.0,0.02933799985418594,affine_dtft,44.300114187907774,9,identified,1,132.12255113943195,63.40962342878829,126.42938837114735,0.04969718977627738,69.77514056883173,5,5.051166551085375,True,14.389587577364507,16.30043753937349,12.743095482331338
19,2950.0,435738.71108385874,4003846.346099981,-75.71460025319625,36.17726288335988,ok,118.19852751283607,IW,0,22482.102409655687,1199.3894287306632,52,51,9.799629169490574,10.096141952013348,0.0,0.028742954458656732,affine_dtft,44.30269021441348,9,identified,1,113.90283453886894,66.19804080586563,103.97144730968249,0.06043183460229139,66.03751102542165,2,7.63506838446462,True,11.555578250468628,13.126055158451173,10.1841426092158
19,3000.0,435788.25948700315,4003839.6411953704,-75.71404875367834,36.17720572620909,ok,105.16599089007823,IW,0,22486.984668388977,1197.9537478629784,52,51,9.799326372003977,10.095992767635238,0.0,0.02816950121150944,affine_dtft,44.30526632925394,9,identified,1,110.00653409250862,67.22895679484357,103.97144730968249,0.06043183460229139,66.03751102542165,2,7.008651117062916,True,8.90207319036561,10.178036099430996,7.777124645257139
19,3050.0,435837.8078901476,4003832.9362907596,-75.71349725491908,36.17714856650806,ok,99.85014151981092,IW,0,22491.867080019998,1196.5180114998757,52,51,9.79904202630582,10.095843445098094,0.0,0.027594424748096064,affine_dtft,44.307842527592946,9,identified,1,104.1736019073168,67.39622988812904,103.97144730968249,0.06043183460229139,66.03751102542165,2,3.686130894156321,True,7.947368404202,9.121058665220827,6.909958576973704
19,3100.0,435887.356293292,4003826.231386149,-75.7129457569185,36.17709140425684,ok,98.47637292318707,IW,0,22496.749635375338,1195.0822208798782,52,51,9.798776131676382,10.095693983464736,0.0,0.02703024956999885,affine_dtft,44.31041880459349,9,identified,3,95.7946954030836,71.04146502528461,87.48622415019622,0.07181913916404283,70.01689347809987,4,3.787149536577939,True,7.711756281593254,8.86038781247425,6.695953208147959
19,3150.0,435936.9046964364,4003819.526481538,-75.71239425967671,36.17703423945543,ok,,IW,0,22501.632325277333,1193.6463772420236,52,51,9.798528698048967,10.095544388916293,0.0,0.026489826162936977,affine_dtft,44.312995155416374,9,identified,3,78.54387837667574,65.7850308191236,104.05756850161403,0.06038181938762223,83.51692630710248,9,2.197448072760009,False,,,
19,3200.0,435986.45309958083,4003812.8215769273,-75.71184276319377,36.176977072103824,ok,,IW,0,22506.515140547675,1192.2104818251742,52,51,9.79829972142688,10.095394657766775,0.0,0.025949637418089096,affine_dtft,44.31557157522201,9,identified,5,97.28279018164551,80.49408353676456,111.3043478260868,0.05645049299419168,89.99999999999967,5,2.751165638264289,False,,,
19,3250.0,436036.00150272524,4003806.1166723166,-75.71129126746973,36.17691990220208,ok,,IW,0,22511.3980720049,1190.7745358694062,52,51,9.798089208579103,10.095244789956656,0.0,0.025541615517656772,affine_dtft,44.318148059169104,9,identified,5,99.81015199537855,81.09036885380662,106.57419446318409,0.05895597277397301,87.61405596961087,5,2.9455309258650746,False,,,
19,3300.0,436085.54990586964,4003799.411767706,-75.71073977250465,36.17686272975018,ok,,IW,0,22516.281110466352,1189.3385406138445,52,51,9.797897156384611,10.095094780569445,0.0,0.025025680071975094,affine_dtft,44.320724602415766,9,identified,3,188.07404660669152,134.17118412203493,129.2400113392653,0.04861640943906857,75.37912601136806,6,2.141384969459236,False,,,
19,3350.0,436135.09830901405,4003792.706863095,-75.71018827829863,36.176805554748135,ok,,IW,0,22521.164246746575,1187.9024972989837,52,51,9.797723560427157,10.094944639199253,0.0,0.024536755170645297,affine_dtft,44.3233012001186,9,identified,5,193.94231834777042,131.2203572145046,217.22320318050677,0.02892501912863528,134.9999999999991,3,2.2345012249561225,False,,,
19,3400.0,436184.64671215846,4003786.0019584848,-75.7096367848517,36.176748377196006,ok,,IW,0,22526.04747165977,1186.4664071647235,52,51,9.797568433360158,10.094794359745563,0.0,0.02405102059374736,affine_dtft,44.32587784743399,9,identified,4,167.3103017853427,52.49390309305648,157.07442971594122,0.040001324967674966,57.52880770915136,4,1.971349286007076,False,,,
19,3450.0,436234.19511530286,4003779.297053874,-75.70908529216393,36.17669119709375,ok,,IW,0,22530.930776018144,1185.030271451486,52,51,9.797431768800186,10.094643943811223,0.0,0.023581768655941353,affine_dtft,44.32845453951728,9,identified,7,202.2225786613853,54.93961458982858,152.96139255983294,0.041076935833477275,50.19442890773475,7,1.9668472946494844,False,,,
19,3500.0,436283.74351844727,4003772.5921492632,-75.7085338002354,36.176634014441426,ok,,IW,0,22535.814150632577,1183.5940914000741,52,51,9.797313568881425,10.094493392827223,0.0,0.023142492579943053,affine_dtft,44.33103127152308,9,ambiguous_multiple_blobs,7,216.92620112049332,56.70911845698744,175.61455118592892,0.035778272727112294,59.03624346792624,4,2.0427536752575364,False,,,
20,250.0,433055.8890638521,4004089.7734446605,-75.7444523870921,36.17927557714786,touches_land_or_unmapped,,,,,,,,,,,,,,,,,,,,,,,,,,,
20,300.0,433105.8816594483,4004090.6339012543,-75.74389655969831,36.179286789714766,touches_land_or_unmapped,,,,,,,,,,,,,,,,,,,,,,,,,,,
20,350.0,433155.8742550446,4004091.494357848,-75.74334073210034,36.179297999702655,touches_land_or_unmapped,,,,,,,,,,,,,,,,,,,,,,,,,,,
20,400.0,433205.86685064086,4004092.354814442,-75.74278490429826,36.17930920711156,ok,125.20003755751615,IW,0,22231.37656090375,1263.2221176198552,52,51,9.840022917317595,10.102741074220353,0.0,0.06429769361198696,affine_dtft,44.170419301334384,5,identified,2,73.68112516339451,74.56557976516393,200.82292238150043,0.03128719188362128,78.69006752597934,2,3.4092314627620195,True,13.186415306897379,14.948804910724627,11.658643210931467
20,450.0,433255.8594462371,4004093.215271035,-75.74222907629212,36.179320411941454,ok,118.73567617185758,IW,0,22236.40611096031,1262.5232703943943,52,51,9.838732825998513,10.102663508861548,0.0,0.06352776879688841,affine_dtft,44.173071390496666,5,identified,2,74.92652012903353,73.4516216234648,82.22019495508816,0.0764190027840691,74.47588900324554,3,5.811235860243718,True,11.675283581467218,13.259521822846757,10.292527655395494
20,500.0,433305.85204183334,4004094.075727629,-75.74167324808201,36.17933161419232,ok,116.28263096900112,IW,0,22241.43631738611,1261.8243140365826,52,51,9.837462193485218,10.102585899739987,0.0,0.0627583893125938,affine_dtft,44.17572382720468,6,identified,1,98.30510184297621,79.15585380144617,92.55699533595988,0.06788449953861529,77.47119229084826,5,7.725385302886858,True,11.135621218293007,12.658189066707203,9.803731043564396
20,550.0,433355.84463742963,4004094.936184223,-75.741117419668,36.1793428138642,ok,98.87360204825657,IW,0,22246.467170406744,1261.1252498861973,52,51,9.836211019384834,10.102508250348304,0.0,0.06197996459142356,affine_dtft,44.178376606305,8,identified,1,100.903373713067,81.86927065304144,99.34259201488187,0.06324764816120705,75.96375653207332,8,4.939667398097672,True,7.779425965469089,8.935248877636207,6.75741572931539
20,600.0,433405.8372330259,4004095.796640816,-75.74056159105015,36.179354010957056,ok,105.18511861279448,IW,0,22251.49866023547,1260.426079284401,52,51,9.834979318052307,10.102430560880777,0.0,0.06121168846562429,affine_dtft,44.18102972263769,8,identified,2,117.345700525809,87.8995693634253,106.47045015757529,0.059013419196411114,81.02737338510333,4,3.782044648939325,True,8.905634977860506,10.181982147974795,7.78035946412207
20,650.0,433455.8298286221,4004096.65709741,-75.74000576222855,36.17936520547089,ok,112.27371954560246,IW,0,22256.530777074277,1259.7268035738794,52,51,9.833767097177596,10.102352827368696,0.0,0.06028862532213233,affine_dtft,44.18368317103685,9,identified,2,118.00368521829854,88.99089216238919,113.77777777777767,0.05522330836388313,89.99999999999966,2,4.053227823403917,True,10.291242855543771,11.719095693367525,9.038155986512553
20,700.0,433505.82242421835,4004097.5175540037,-75.73944993320323,36.1793763974057,ok,118.00520114262608,IW,0,22261.563511110766,1259.0274240991482,52,51,9.832574366175752,10.10227505560106,0.0,0.059512000286159446,affine_dtft,44.18633694632899,9,identified,1,119.44013508059024,89.39441258311211,113.77777777777767,0.05522330836388313,89.99999999999966,2,4.357063201552046,True,11.512707117857303,13.078267133624848,10.145320363415589
20,750.0,433555.8150198146,4004098.378010597,-75.7388941039743,36.17938758676148,ok,120.27227556850224,IW,0,22266.596852522867,1258.32794220598,52,51,9.831401132584867,10.10219723945332,0.0,0.05874571064253035,affine_dtft,44.188991043335534,9,identified,1,119.90287345558644,88.78305914388974,127.99999999999986,0.04908738521234057,89.99999999999962,1,5.640424663406178,True,12.022562910044458,13.647000633707588,10.606836496137186
20,800.0,433605.8076154109,4004099.238467191,-75.73833827454183,36.17939877353823,ok,118.97249869898808,IW,0,22271.630791474472,1257.628359242639,52,51,9.8302474121063,10.102119380374834,0.0,0.05798010477695425,affine_dtft,44.19164545687043,9,identified,1,120.04934337705807,87.78832638064819,127.99999999999986,0.04908738521234057,89.99999999999962,1,6.228839219409565,True,11.728337071626681,13.31868973382567,10.340556844758853
20,850.0,433655.8002110071,4004100.0989237847,-75.73778244490586,36.17940995773596,ok,118.8333196835611,IW,0,22276.665318119645,1256.928676557654,52,51,9.829113209860747,10.102041485516095,0.0,0.057215222935382525,affine_dtft,44.19430018174252,9,identified,1,120.17059856858155,87.07027514338907,117.80582228695603,0.0533350999568999,85.60129464500419,3,5.619093787596922,True,11.697137302906802,13.28389303543648,10.312312310383012
20,900.0,433705.79280660336,4004100.959380378,-75.73722661506649,36.179421139354645,ok,115.41050147296066,IW,0,22281.700422599,1256.2288955022775,52,51,9.827998530270847,10.10196355130711,0.0,0.056441235036756486,affine_dtft,44.19695521275345,9,identified,1,122.37481928899801,89.16801170616922,107.27889343020705,0.058568699827867526,77.90524292298765,3,5.5315118912470265,True,10.948022233837943,12.449367283591341,9.63371724352733
20,950.0,433755.7854021996,4004101.819836972,-75.73667078502376,36.179432318394284,ok,111.9876832623602,IW,0,22286.736095043558,1255.5290174280817,52,51,9.826903382624668,10.101885572054137,0.0,0.055677840649287984,affine_dtft,44.19961054469987,9,identified,1,124.68329902620435,92.65544947545182,113.08188270064278,0.05556314731523188,83.65980825408981,4,4.864167999762724,True,10.2327237531367,11.654086059437853,8.985067653165759
20,1000.0,433805.7779977959,4004102.6802935656,-75.73611495477778,36.17944349485487,ok,111.85585974947737,IW,0,22291.77232557254,1254.8290436891189,52,51,9.825827782910807,10.1018075566679,0.0,0.05491525943698118,affine_dtft,44.20226617237218,9,identified,1,94.90180529600698,69.67435750989625,110.88590894699759,0.05666351447939962,85.03025927188943,5,5.2528744243367385,True,10.205830403953128,11.624212894117177,8.960668906547033
20,1050.0,433855.77059339214,4004103.5407501594,-75.7355591243286,36.179454668736426,ok,112.85276635769587,IW,0,22296.809104294698,1254.1289756401156,52,51,9.824771736201008,10.10172949515116,0.0,0.05414356650977826,affine_dtft,44.20492209055521,9,identified,2,98.34751971187924,70.93615321805729,110.88590894699759,0.05666351447939962,85.03025927188943,5,6.010007118035763,True,10.410401463997331,11.851498661101072,9.146245007454063
20,1100.0,433905.7631889884,4004104.4012067528,-75.73500329367629,36.17946584003894,ok,111.82420531098344,IW,0,22301.846421306458,1253.4288146381366,52,51,9.823735245678987,10.101651399331725,0.0,0.053382685922171866,affine_dtft,44.207578294027314,9,identified,2,106.45617225670802,71.97702900975932,117.14670472254183,0.053635186086207945,78.69006752597949,7,4.736647568008632,True,10.19937969330248,11.617047716534113,8.954816447825666
20,1150.0,433955.7557845846,4004105.2616633466,-75.73444746282091,36.179477008762376,ok,112.0587794019799,IW,0,22306.884266695546,1252.7285620406635,52,51,9.82271832341748,10.101573258273445,0.0,0.05262273205713189,affine_dtft,44.21023477756224,9,identified,1,112.27707222826498,76.08921206164712,112.26342647129964,0.05596823030148554,74.74488129694195,5,4.9683403277583,True,10.24724796411303,11.670220355861018,8.998244301620028
20,1200.0,434005.7483801809,4004106.1221199404,-75.73389163176255,36.17948817490675,ok,112.44973622030734,IW,0,22311.922630538196,1252.0282192069812,52,51,9.82172097598703,10.10149508146339,0.0,0.051853668080299495,affine_dtft,44.21289153592769,9,identified,1,113.8539659067954,76.11539024863444,107.93907746708058,0.05821047811989909,71.56505117707775,4,4.001419730675454,True,10.327365860911739,11.759229724945408,9.07092485542903
20,1250.0,434055.74097577715,4004106.9825765337,-75.73333580050125,36.17949933847208,ok,,IW,0,22316.961502901504,1251.3277874974663,52,51,9.820743214445168,10.101416862915533,0.0,0.05109565760336554,affine_dtft,44.2155485638865,9,identified,3,175.7505404033496,78.08520435713831,136.5970560143043,0.045997955523445676,78.02386755579633,9,2.6260388547194435,False,,,
20,1300.0,434105.7335713734,4004107.8430331275,-75.73277996903713,36.179510499458324,ok,,IW,0,22322.000873841014,1250.6272682744182,52,51,9.819785046927908,10.101338607501503,0.0,0.05035044315241852,affine_dtft,44.21820585619542,9,identified,1,181.17470361898424,75.81525202123916,186.26736002790327,0.033732079019310475,75.96375653207308,3,2.760724203081884,False,,,
20,1350.0,434155.72616696963,4004108.7034897213,-75.73222413737022,36.17952165786552,ok,168.3445630006857,IW,0,22327.040733403883,1249.9266629013046,52,51,9.818846469242835,10.10126031207286,0.0,0.049617390007417474,affine_dtft,44.22086340760674,9,identified,1,173.1214085820698,77.69421206328839,168.3445630006857,0.03732336343499251,80.537677791974,2,3.0838877915289586,True,27.956946662720117,32.239637973377974,24.6404417105054
20,1400.0,434205.71876256587,4004109.5639463146,-75.7316683055006,36.17953281369363,ok,164.46785035457785,IW,0,22332.081071627283,1249.2259727415776,52,51,9.817927499981867,10.101181973202308,0.0,0.048876288905083755,affine_dtft,44.22352121286755,9,identified,2,160.1094683557383,80.98882200311621,168.3445630006857,0.03732336343499251,80.537677791974,2,3.016793621739067,True,26.157603508903467,30.021814693862922,23.10789377520305
20,1450.0,434255.71135816217,4004110.4244029084,-75.73111247342837,36.17954396694267,ok,155.40151851573515,IW,0,22337.121878538357,1248.525199161616,52,51,9.817028141500549,10.101103600382892,0.0,0.04814703084092426,affine_dtft,44.22617926671955,9,identified,2,172.67176737494202,82.54587562406857,168.3445630006857,0.03732336343499251,80.537677791974,2,3.242112489743234,True,22.414541682411226,25.53143888057632,19.869217250786907
20,1500.0,434305.7039537584,4004111.284859502,-75.73055664115354,36.17955511761263,ok,141.6245403766748,IW,0,22342.163144156166,1247.824343528078,52,51,9.816148404151926,10.10102518244016,0.0,0.047419826209336484,affine_dtft,44.228837563900214,9,identified,2,156.34778292191143,84.53456917584359,152.8377124162543,0.0411101763291726,84.28940686249999,3,5.479587570865583,True,17.69389092350043,20.049781898885282,15.702567026503875
20,1550.0,434355.69654935464,4004112.1453160956,-75.73000080867624,36.1795662657035,ok,127.8475622376144,IW,0,22347.204858489073,1247.1234072092566,52,51,9.81528828862082,10.1009467283559,0.0,0.046684681341378216,affine_dtft,44.23149609914135,9,identified,1,146.23094295664944,85.8236453680159,119.13619116036435,0.05273951807576296,74.57783868126108,7,4.551684446749599,True,13.844827112051838,15.687670378040428,12.252482132399425
20,1600.0,434405.6891449509,4004113.0057726894,-75.72944497599651,36.179577411215284,ok,117.72331204684656,IW,0,22352.247011538635,1246.4223915741366,52,51,9.814447809584376,10.100868239429824,0.0,0.045961808150811294,affine_dtft,44.23415486717119,9,identified,2,150.08177417693958,87.14728735996178,99.45967230538379,0.06317319534180162,60.94539590092275,4,3.7764820947508255,True,11.450397121805919,13.00882156310818,10.088890177670292
20,1650.0,434455.6817405472,4004113.866229283,-75.72888914311443,36.179588554147976,ok,106.01851192371065,IW,0,22357.289593295973,1245.7212979932415,52,51,9.813626968108995,10.10078970564698,0.0,0.04524128030107182,affine_dtft,44.23681386271243,9,identified,2,161.05839785245746,90.36662172274721,99.45967230538379,0.06317319534180162,60.94539590092275,2,3.9075724236371587,True,9.0617238967245,10.354933559787492,7.922114164634872
20,1700.0,434505.6743361434,4004114.726685877,-75.72833331003005,36.17959969450158,ok,,IW,0,22362.332593745617,1245.0201278372795,52,51,9.81282576845748,10.100711137932603,0.0,0.04451297229692757,affine_dtft,44.23947308048428,9,identified,2,170.97645195095689,96.90404210306771,168.3445630006857,0.03732336343499251,99.46232220802499,2,2.8054364428875225,False,,,
20,1750.0,434555.66693173966,4004115.5871424703,-75.72777747674348,36.17961083227608,ok,,IW,0,22367.376002861958,1244.31888247974,52,51,9.812044227037518,10.100632530328635,0.0,0.043797420876573075,affine_dtft,44.242132515200595,9,identified,1,184.27644047429789,103.11526323607868,200.82292238150043,0.03128719188362128,101.30993247401946,4,2.666161711097319,False,,,
20,1800.0,434605.6595273359,4004116.447599064,-75.72722164325475,36.17962196747148,ok,,IW,0,22372.41981061283,1243.6175632935951,52,51,9.811282341326697,10.10055388522319,0.0,0.04308457049793188,affine_dtft,44.244792161571766,9,identified,4,180.22367901389325,106.35200128063991,226.16376540128562,0.027781573657615934,96.34019174590914,4,2.4186543746352505,False,,,
20,1850.0,434655.6521229322,4004117.308055658,-75.72666580956395,36.179633100087784,ok,,IW,0,22377.464006956416,1242.9161716539354,52,51,9.810540118878448,10.100475198928756,0.0,0.04237455541258279,affine_dtft,44.24745201430307,9,identified,1,101.48751369670107,65.88702588505,130.84192051198747,0.0480211944504738,63.43494882292183,4,2.7132195350239123,False,,,
20,1900.0,434705.64471852843,4004118.168512251,-75.72610997567116,36.179644230124964,ok,118.66164303844249,IW,0,22382.50858184626,1242.2147089350565,52,51,9.809817560024053,10.100396478606049,0.0,0.041513904835715376,affine_dtft,44.25011206809737,9,identified,1,118.89262687120123,63.632871751016616,114.4866804479891,0.05488136508625573,63.434948822921854,3,4.993665505437301,True,11.65873335440973,13.241066124126132,10.277543872748774
20,1950.0,434755.6373141247,4004119.028968845,-75.72555414157644,36.17965535758303,ok,120.77629840116273,IW,0,22387.553525224943,1241.5131765150059,52,51,9.80911467289624,10.100317716017194,0.0,0.04081056285925788,affine_dtft,44.252772317651676,9,identified,1,122.62576826501933,62.746872608674416,114.4866804479891,0.05488136508625573,63.434948822921854,3,6.541651513950652,True,12.138057828667737,13.775958323999056,10.711322190245996
20,2000.0,434805.6299097209,4004119.889425439,-75.72499830727983,36.179666482462,ok,122.04509161879488,IW,0,22392.59882703053,1240.8115757705355,52,51,9.808431478142149,10.100238920406762,0.0,0.04011054026840134,affine_dtft,44.25543275766065,9,identified,1,123.58950456366348,63.28105686166662,127.01156821934926,0.04946939397148858,60.255118703057654,2,6.43950798055325,True,12.432317015812552,14.10473671672786,10.977427398761929
20,2050.0,434855.62250531715,4004120.749882032,-75.72444247278146,36.17967760476185,ok,122.60138330269311,IW,0,22397.644477192243,1240.1099080798933,52,51,9.807767959531422,10.100160082903004,0.0,0.03940335312725506,affine_dtft,44.25809338281426,9,identified,1,125.675991109668,65.18995963455586,127.12026448932349,0.04942709435368816,65.55604521958325,3,5.16157483868182,True,12.562940186575224,14.250786194584837,11.095503198058374
20,2100.0,434905.61510091345,4004121.610338626,-75.72388663808137,36.17968872448256,ok,120.03816486530741,IW,0,22402.690465633903,1239.408174822368,52,51,9.807124130098279,10.100081213200083,0.0,0.03871044166663142,affine_dtft,44.26075418779961,9,identified,1,125.53863053889523,67.95709015102948,127.12026448932349,0.04942709435368816,65.55604521958325,3,3.444274818438228,True,11.96918504334957,13.587416730347611,10.55853912496719
20,2150.0,434955.6076965097,4004122.4707952198,-75.72333080317964,36.17969984162415,ok,118.29481402679694,IW,0,22407.736782271164,1238.706377378511,52,51,9.806499998098793,10.100002302503285,0.0,0.038021406230383414,affine_dtft,44.26341516729953,9,identified,2,117.08096411993505,77.89136185909614,117.2681388674801,0.05357964548478044,76.75948008481254,4,3.156869527499759,True,11.576972116260954,13.149904959962946,10.203514922724342
20,2200.0,435005.6002921059,4004123.331251813,-75.72277496807631,36.179710956186604,ok,115.35299720595476,IW,0,22412.78341701457,1238.0045171285717,52,51,9.805895565248544,10.099923355410374,0.0,0.03732560697223743,affine_dtft,44.26607631599406,9,identified,3,117.7414827469028,79.85949911835355,101.6705882610607,0.06179943890012893,83.15722658736875,5,3.151892379884335,True,10.935730219392248,12.435688412043321,9.622575822640643
20,2250.0,435055.59288770217,4004124.191708407,-75.72221913277147,36.17972206816993,ok,,IW,0,22417.830359768057,1237.302595454541,52,51,9.805310836246978,10.099844369534361,0.0,0.036644904213313116,affine_dtft,44.26873762855985,9,identified,6,123.36083928904479,79.64190723863948,101.6705882610607,0.06179943890012893,83.15722658736875,5,2.6237468098252403,False,,,
20,2300.0,435105.58548329846,4004125.0521650007,-75.72166329726521,36.17973317757413,ok,,IW,0,22422.877600428445,1236.6006137392835,52,51,9.804745813635053,10.099765349983427,0.0,0.03596875761431584,affine_dtft,44.27139909966969,9,identified,2,191.27243959451664,47.758383505751354,188.2149432560144,0.03338303111582936,53.972626614896235,5,2.0275714105568774,False,,,
20,2350.0,435155.5780788947,4004125.9126215945,-75.72110746155758,36.179744284399185,ok,,IW,0,22427.92512888803,1235.8985733653856,52,51,9.804200508544167,10.099686290650903,0.0,0.03529742571015928,affine_dtft,44.27406072399403,9,identified,1,168.38952923895246,50.03262847779735,159.92193217393253,0.03928907825066757,51.340191745909806,2,2.9912007188531198,False,,,
20,2400.0,435205.57067449094,4004126.773078188,-75.72055162564864,36.17975538864509,ok,159.92193217393253,IW,0,22432.97293503348,1235.1964757173416,52,51,9.803674917758396,10.09960719803333,0.0,0.034620050150515294,affine_dtft,44.276722496200335,9,identified,1,159.49329351934446,50.40521246623378,159.92193217393253,0.03928907825066757,51.340191745909806,2,3.501152640326693,True,24.20649434043478,27.66242967666821,21.427730302022425
20,2450.0,435255.5632700872,4004127.6335347816,-75.71999578953849,36.17976649031184,ok,155.44226168886402,IW,0,22438.02100874479,1234.4943221793967,52,51,9.803169050260925,10.09952806782709,0.0,0.033959119453816335,affine_dtft,44.27938441095253,9,identified,1,155.9089056513251,51.34997355664806,159.92193217393253,0.03928907825066757,51.340191745909806,2,4.403543080033496,True,22.43008977522236,25.549794823031565,19.882799456332396
20,2500.0,435305.5558656835,4004128.4939913754,-75.71943995322718,36.17977758939946,ok,152.75445939782293,IW,0,22443.06933989757,1233.7921141374668,52,51,9.80268290471314,10.099448899924345,0.0,0.03330388958074825,affine_dtft,44.282046462912206,9,identified,1,155.25628589913907,52.70919432899609,159.92193217393253,0.03928907825066757,51.340191745909806,2,6.341878505540288,True,21.426377372204314,24.369285671210854,19.003957924088997
20,2550.0,435355.5484612797,4004129.354447969,-75.71888411671478,36.17978868590791,ok,149.1707230097681,IW,0,22448.117918362503,1233.089852976647,52,51,9.802216488831013,10.099369697102667,0.0,0.03264334728290252,affine_dtft,44.28470864673836,9,identified,1,154.49163037831073,54.83765741794975,142.0032502336585,0.04424677109038668,56.309932474020094,1,6.899729242914747,True,20.153866138496063,22.884920611662352,17.884048051280768
20,2600.0,435405.54105687595,4004130.2149045626,-75.71832828000137,36.179799779837204,ok,147.7161180277787,IW,0,22453.166734004946,1232.3875400841334,52,51,9.801769803274523,10.099290457583495,0.0,0.03200048961935389,affine_dtft,44.28737095708718,9,identified,1,151.53303391225793,56.7590627162253,142.0032502336585,0.04424677109038668,56.309932474020094,1,6.7953975417365,True,19.65744780270814,22.30931733854721,17.445518766753153
20,2650.0,435455.5336524722,4004131.0753611564,-75.71777244308701,36.179810871187335,ok,148.29486646678748,IW,0,22458.215776685855,1231.6851768467443,52,51,9.801342855839463,10.09921118333084,0.0,0.031364427363880884,affine_dtft,44.290033388612486,9,identified,1,150.7143259682881,58.37870014461149,142.0032502336585,0.04424677109038668,56.309932474020094,1,7.03626517220583,True,19.853620680526575,22.536559699557948,17.618922008087427
20,2700.0,435505.52624806843,4004131.9358177497,-75.7172166059718,36.17982195995832,ok,152.45735129385108,IW,0,22463.265036261768,1230.9827646524595,52,51,9.800935646080843,10.099131871754008,0.0,0.0307355735607302,affine_dtft,44.2926959359658,9,identified,1,155.60411612003134,58.20964045212669,152.64890726398542,0.04116102381469181,63.43494882292177,2,4.951402069922012,True,21.318096857163617,24.24245891441922,18.908905962865024
20,2750.0,435555.51884366473,4004132.7962743435,-75.71666076865579,36.179833046150115,ok,154.58648269991644,IW,0,22468.314502584897,1230.2803048890557,52,51,9.800548175757767,10.099052523684566,0.0,0.03010272349432628,affine_dtft,44.29535859379632,9,identified,1,163.9471740184519,57.47947144070745,162.8156743689765,0.03859078882626799,57.994616791916336,3,4.46424729699685,True,22.105705137846712,25.16728822792167,19.59922140961436
20,2800.0,435605.51143926097,4004133.6567309373,-75.71610493113903,36.179844129762735,ok,151.4162166486745,IW,0,22473.36416550334,1229.577798945449,52,51,9.800180454322359,10.0989731452838,0.0,0.029489591924214884,affine_dtft,44.29802135675109,9,identified,1,163.04389729276227,57.57153252216897,162.8156743689765,0.03859078882626799,57.994616791916336,3,5.055761986423838,True,20.942704732139298,23.803533149735276,18.579019423970017
20,2850.0,435655.5040348572,4004134.5171875306,-75.7155490934216,36.179855210796184,ok,142.9421098286143,IW,0,22478.41401486152,1228.8752482110538,52,51,9.799832478611995,10.098893726624596,0.0,0.028885115398157916,affine_dtft,44.30068421947517,9,identified,1,150.84735145359414,59.902356219420966,152.64890726398542,0.04116102381469181,63.43494882292177,2,6.343443697224909,True,18.103546430157643,20.51903995552442,16.067253028256495
20,2900.0,435705.49663045345,4004135.3776441244,-75.7149932555036,36.179866289250455,ok,131.1732644167555,IW,0,22483.464040500585,1228.1726540750237,52,51,9.799504249358593,10.098814274681736,0.0,0.02827795148508066,affine_dtft,44.30334717661192,9,identified,1,133.33531477987844,63.744239507651876,126.15191997744864,0.04980649766014493,70.82099197418908,6,6.972068493580876,True,14.706703515040628,16.65777504604068,13.02837258228504
20,2950.0,435755.48922604974,4004136.2381007182,-75.71443741738507,36.17987736512554,ok,119.40441900489671,IW,0,22488.51423225721,1227.4700179279023,52,51,9.799195774944238,10.098734786715184,0.0,0.027574120143998338,affine_dtft,44.3060102228023,9,identified,1,115.15046280879483,67.26039194685781,110.27837316368448,0.056975680062432116,68.96248897457795,3,8.146288122157374,True,11.82553557479161,13.427115222033919,10.428538802960503
20,3000.0,435805.481821646,4004137.098557312,-75.71388157906608,36.17988843842145,ok,106.37188238213886,IW,0,22493.56457996679,1226.767341159547,52,51,9.798907054441571,10.09865526435941,0.0,0.027001132751550392,affine_dtft,44.3086733526866,9,identified,1,109.32569653933135,68.02531518385501,103.97144730968249,0.06043183460229139,66.03751102542165,2,7.344400991233779,True,9.128442830549362,10.428874283868543,7.9827025318583535
20,3050.0,435855.4744172422,4004137.9590139054,-75.71332574054674,36.17989950913817,ok,101.95301208697194,IW,0,22498.615073458855,1226.0646251612634,52,51,9.798638093363047,10.09857570947254,0.0,0.026427264017795448,affine_dtft,44.31133656090201,9,identified,1,101.84732350886286,68.1816830385031,103.97144730968249,0.06043183460229139,66.03751102542165,2,4.342691366472908,True,8.316760761397198,9.529865943654906,7.245492235083789
20,3100.0,435905.46701283846,4004138.819470499,-75.71276990182706,36.17991057727568,ok,100.17150308441572,IW,0,22503.665702562477,1225.3618713234557,52,51,9.798388885095138,10.098496114875653,0.0,0.02587741021572157,affine_dtft,44.31399984208544,9,identified,2,92.33473365899457,71.89521602614458,87.48622415019622,0.07181913916404283,70.01689347809987,4,4.091177791385597,True,8.00313096645026,9.182760526707924,6.960609209453839
20,3150.0,435955.45960843476,4004139.679927093,-75.71221406290715,36.17992164283401,ok,98.42894885538162,IW,0,22508.716457103594,1224.6590810383673,52,51,9.798159436011781,10.098416489860563,0.0,0.02534029256385461,affine_dtft,44.31666319087217,9,identified,2,78.2458183742341,67.14584788052525,104.05756850161403,0.06038181938762223,83.51692630710248,9,3.012508918384271,True,7.703702172340349,8.851478062864864,6.688637981106037
20,3200.0,436005.452204031,4004140.5403836863,-75.71165822378707,36.179932705813115,ok,97.0433242418064,IW,0,22513.76732690528,1223.956255696792,52,51,9.797949759549924,10.098336828529565,0.0,0.024816734413255458,affine_dtft,44.319326601895945,9,identified,2,95.72410644999131,80.80490917037271,101.37082815090332,0.061982183847075496,81.86989764584374,7,3.7130699316965967,True,7.470697931338364,8.593744009516588,6.4770208396807565
20,3250.0,436055.44479962724,4004141.40084028,-75.7111023844669,36.179943766213036,ok,100.22902427234312,IW,0,22518.81830178813,1223.2533966913493,52,51,9.79775983816705,10.098257137973905,0.0,0.024295238621927912,affine_dtft,44.32199006978918,9,identified,4,97.4044129508536,81.1701714860573,95.25867616451202,0.06595919196198471,82.87498365109792,3,4.3402182027130385,True,8.013138055595643,9.193833852045687,6.969698965779063
20,3300.0,436105.4373952235,4004142.261296874,-75.71054654494672,36.17995482403375,ok,,IW,0,22523.869371571716,1222.5505054141106,52,51,9.79758968167568,10.098177407903455,0.0,0.023801410267361343,affine_dtft,44.324653589183754,9,identified,3,101.56217078078413,82.06540281908882,120.13595294919506,0.05230062402582111,76.42956561483824,7,2.8246800069237756,False,,,
20,3350.0,436155.4299908197,4004143.1217534672,-75.70999070522656,36.17996587927525,ok,,IW,0,22528.9205260739,1221.8475832567428,52,51,9.797439294440014,10.098097645098424,0.0,0.023323911185424595,affine_dtft,44.32731715471065,9,identified,4,199.1437544723753,129.24956442766285,147.1221174099688,0.04270727894481653,73.30075576600606,6,2.0257028760363562,False,,,
20,3400.0,436205.422586416,4004143.982210061,-75.70943486530653,36.17997693193754,ok,,IW,0,22533.971755109724,1221.1446316122708,52,51,9.797308671804242,10.098017850858772,0.0,0.022851256859439697,affine_dtft,44.3299807609993,9,identified,4,175.71235067549074,56.97217640813831,158.7644602741866,0.03957551517719085,60.255118703057555,5,2.0630828396821546,False,,,
20,3450.0,436255.41518201225,4004144.842666655,-75.70887902518668,36.179987982020606,ok,,IW,0,22539.0230484937,1220.4416518733144,52,51,9.797197816005333,10.097938024724984,0.0,0.022409476494258628,affine_dtft,44.332644402678895,9,ambiguous_multiple_blobs,3,199.536825876177,58.38832676470575,175.61455118592892,0.035778272727112294,59.03624346792624,4,2.302686851253511,False,,,
20,3500.0,436305.4077776085,4004145.703123248,-75.70832318486708,36.17999902952445,ok,,IW,0,22544.074396039476,1219.738645432223,52,51,9.79710672461488,10.097858163205014,0.0,0.0219872154389649,affine_dtft,44.33530807437815,9,identified,6,214.40720390745932,56.59534401023393,92.70860394753886,0.06777348638250513,95.19442890773448,4,2.9236127323843717,False,,,
21,250.0,433070.05522520427,4003942.3530987157,-75.74428229333463,36.177947575160466,touches_land_or_unmapped,,,,,,,,,,,,,,,,,,,,,,,,,,,
21,300.0,433119.41545770125,4003950.3260183716,-75.74373411285617,36.17802286139141,touches_land_or_unmapped,,,,,,,,,,,,,,,,,,,,,,,,,,,
21,350.0,433168.7756901983,4003958.2989380276,-75.74318593128542,36.178098145123386,ok,133.4727346377874,IW,0,22225.48032533165,1250.7000077431405,52,51,9.841579464233199,10.101628802859953,0.0,0.06535685372311309,affine_dtft,44.167337636654246,1,identified,2,122.66822243794569,76.5697825681697,117.37508657677357,0.053530825752105694,83.4180553448217,6,4.507089965587068,True,15.32639869695795,17.357483520254274,13.585136070647948
21,400.0,433218.13592269534,4003966.2718576835,-75.74263774862246,36.178173426356366,ok,123.69348346476426,IW,0,22230.561092303666,1250.7063215986248,52,51,9.84025207524097,10.101614435513518,0.0,0.06442137014547042,affine_dtft,44.170015279429904,6,identified,2,73.86871532860833,74.68895290221478,200.82292238150043,0.03128719188362128,78.69006752597934,2,3.5300403470927844,True,12.822270575807957,14.540936269920499,11.329828879323708
21,450.0,433267.4961551923,4003974.2447773395,-75.74208956486731,36.17824870509034,ok,120.12338147503628,IW,0,22235.642540411478,1250.7125289917296,52,51,9.838944530524389,10.101600056507348,0.0,0.06364230597611037,affine_dtft,44.17269328138268,6,identified,4,75.42321421010148,73.11436276320335,82.22019495508816,0.0764190027840691,74.47588900324554,3,4.738530756060025,True,11.988595065409726,13.609082317580722,10.576102255186372
21,500.0,433316.85638768936,4003982.2176969955,-75.74154138002007,36.17832398132526,ok,118.53545791596738,IW,0,22240.724659588985,1250.7186313065088,52,51,9.83765683983519,10.101585667006693,0.0,0.06286372794562016,affine_dtft,44.175371637205004,7,identified,1,99.60115815531715,79.57206172076252,94.35572994569483,0.0665903947836108,79.38034472384464,3,6.341072697563407,True,11.630562625752844,13.209654140225465,10.252038462573712
21,550.0,433366.21662018634,4003990.1906166514,-75.74099319408079,36.17839925506114,ok,100.2579671959531,IW,0,22245.807439756307,1250.7246299285955,52,51,9.836389016751715,10.10157126924067,0.0,0.06208564738936246,affine_dtft,44.17805034158207,8,identified,1,101.99438906934434,82.52632096840786,105.84297351612442,0.05936327276578627,82.87498365109789,5,4.691982246448905,True,8.01817631384953,9.19940897108222,6.974275380467766
21,600.0,433415.5768526834,4003998.1635363074,-75.74044500704952,36.17847452629792,ok,106.56948376049101,IW,0,22250.890870818443,1250.730526246045,52,51,9.83514107018685,10.101556861644303,0.0,0.06130809252788727,affine_dtft,44.1807293891911,8,identified,2,114.7568563349696,88.33669340243122,109.43546878142905,0.057414523619656925,85.91438322002486,3,3.8316195451417454,True,9.165891092158676,10.470379817998216,8.016708792970936
21,650.0,433464.9370851804,4004006.1364559634,-75.73989681892634,36.17854979503561,ok,110.45389332690756,IW,0,22255.974942670215,1250.7363216477747,52,51,9.83391300980314,10.101542443024423,0.0,0.06053108013333729,affine_dtft,44.183408774703906,9,identified,1,115.2886612667322,89.50309664385571,109.43546878142905,0.057414523619656925,85.91438322002486,3,3.6428121089928873,True,9.922755791994248,11.309885102325014,8.703808820950805
21,700.0,433514.2973176774,4004014.1093756193,-75.7393486297113,36.17862506127417,ok,112.04085417923822,IW,0,22261.05964519085,1250.7420175253385,52,51,9.832704847465955,10.101528014122911,0.0,0.05975463687862462,affine_dtft,44.1860884927841,9,identified,1,116.59034337534344,90.08464343707517,113.77777777777767,0.05522330836388313,89.99999999999966,2,4.655972473503687,True,10.243584711546067,11.666150960351734,8.994920947800159
21,750.0,433563.65755017445,4004022.0822952753,-75.73880043940447,36.17870032501361,ok,112.90931597850795,IW,0,22266.144968249413,1250.7476152706852,52,51,9.831516584775054,10.101513577503512,0.0,0.05897878485912624,affine_dtft,44.188768538089946,9,identified,1,118.42841930113786,89.4813431126768,113.77777777777767,0.05522330836388313,89.99999999999966,2,5.960283540746846,True,10.422088443220968,11.864486693655836,9.156845457020081
21,800.0,433613.01778267144,4004030.0552149313,-75.73825224800592,36.178775586253856,ok,112.90478261189837,IW,0,22271.230901699575,1250.7531162786177,52,51,9.830348239054864,10.101499130770614,0.0,0.05820355139802631,affine_dtft,44.19144890527153,9,identified,1,119.43173587696022,88.12200535690998,113.77777777777767,0.05522330836388313,89.99999999999966,2,6.60165178478937,True,10.421151214096541,11.863445113794912,9.155995366961214
21,850.0,433662.3780151685,4004038.028134587,-75.73770405551569,36.17885084499495,ok,109.76550937767199,IW,0,22276.317435385467,1250.7585219446003,52,51,9.829199818194624,10.101484673560803,0.0,0.05742896765430087,affine_dtft,44.19412958897395,9,identified,2,119.46458789304435,86.57769433933619,113.77777777777767,0.05522330836388313,89.99999999999966,2,5.017204180038082,True,9.785711710366222,11.157781448752626,8.579429382719004
21,900.0,433711.73824766546,4004046.001054243,-75.73715586193386,36.178926101236826,ok,106.62623614344561,IW,0,22281.404559137434,1250.7638336662158,52,51,9.828071328317849,10.101470207068951,0.0,0.056655052855281954,affine_dtft,44.19681058383503,9,identified,1,95.34855009707739,70.78156314842751,109.41280194838117,0.057426418072575,77.66091272167355,7,4.542938704736182,True,9.176665037052215,10.482321561114592,8.026492327031498
21,950.0,433761.0984801625,4004053.973973899,-75.73660766726047,36.179001354979476,ok,103.48696290921923,IW,0,22286.492262774915,1250.769052841647,52,51,9.826962781725898,10.101455736721638,0.0,0.055881843185053875,affine_dtft,44.19949188448679,9,identified,2,93.75767796710325,69.73409654570649,98.08141160664577,0.06406091841722486,73.30075576600615,2,4.778235086498657,True,8.59300470927837,9.835707878063051,7.496411495584266
21,1000.0,433810.45871265954,4004061.946893555,-75.73605947149561,36.17907660622288,ok,101.8299899761823,IW,0,22291.580536104608,1250.7741808717112,52,51,9.825874186904562,10.101441254077178,0.0,0.05495497188031916,affine_dtft,44.202173485554596,9,identified,2,94.41891477433249,70.02444067396068,98.08141160664577,0.06406091841722486,73.30075576600615,2,5.864358778517301,True,8.294856020514814,9.505618989306303,7.225595228931148
21,1050.0,433859.8189451565,4004069.919813211,-75.73551127463931,36.179151854967,ok,101.04601220902468,IW,0,22296.669368922292,1250.779219157985,52,51,9.824805551808467,10.101426761946112,0.0,0.05418342841597323,affine_dtft,44.204855381657985,9,identified,2,98.14127105198547,71.94076260798732,98.08141160664577,0.06406091841722486,73.30075576600615,2,6.081403275801612,True,8.15612833978735,9.352072572968117,7.099582678498743
21,1100.0,433909.17917765357,4004077.892732867,-75.73496307669166,36.17922710121184,ok,104.18138460229405,IW,0,22301.758751013,1250.7841691038755,52,51,9.823756885327555,10.101412265323194,0.0,0.0534126988043191,affine_dtft,44.20753756741085,9,identified,2,105.2484458653012,73.43941703804542,105.49291311259303,0.05956025975388049,74.05460409907697,3,4.9436895389514,True,8.719974740032262,9.97632192503544,7.611736360822728
21,1150.0,433958.53941015055,4004085.865652523,-75.73441487765271,36.17930234495738,ok,105.70637785120611,IW,0,22306.84867214909,1250.7890321140533,52,51,9.822728193315415,10.101397756676816,0.0,0.05264282095304346,affine_dtft,44.21022003742043,9,identified,2,108.86978760300023,75.87206263600878,105.49291311259303,0.05956025975388049,74.05460409907697,3,4.9282047487705,True,9.003056268342887,10.289922663735712,7.868835491293276
21,1200.0,434007.8996426476,4004093.838572179,-75.73386667752253,36.17937758620357,ok,119.58602494954467,IW,0,22311.939122093256,1250.7938095943443,52,51,9.821719489941959,10.101383239940501,0.0,0.0518738330006157,affine_dtft,44.21290278628881,9,identified,2,146.1437827734298,99.83464535381403,113.75827357299261,0.055232776569415866,88.93908830973547,12,3.0120346211473836,True,11.866573789422269,13.472903327311782,10.465681131806907
21,1250.0,434057.2598751446,4004101.811491835,-75.73331847630115,36.179452824950424,ok,,IW,0,22317.030090597636,1250.7985029520187,52,51,9.820730777338275,10.101368716873498,0.0,0.05110578242580473,affine_dtft,44.2155858086125,9,identified,2,180.77781083387163,78.6708484266683,130.83530057655022,0.048023624201507964,92.66300076606674,11,2.8751559487577154,False,,,
21,1300.0,434106.6201076416,4004109.784411491,-75.73277027398868,36.1795280611979,ok,,IW,0,22322.12156740295,1250.803113595995,52,51,9.819762066298779,10.101354187175026,0.0,0.05035044315241852,affine_dtft,44.21826909898205,9,identified,2,181.85354928098312,75.81855510082192,153.59999999999997,0.04090615434361711,89.99999999999955,3,3.1805739912076265,True,,,
21,1350.0,434155.98034013866,4004117.757331147,-75.73222207058514,36.17960329494598,ok,,IW,0,22327.213542240075,1250.8076429358023,52,51,9.818813364236377,10.101339644718598,0.0,0.04960750782816618,affine_dtft,44.22095265198273,9,identified,2,174.43092528146178,77.72152169734163,168.3445630006857,0.03732336343499251,80.537677791974,2,2.7705995552835225,False,,,
21,1400.0,434205.34057263564,4004125.730250803,-75.73167386609062,36.17967852619464,ok,,IW,0,22332.30600482955,1250.8120923834015,52,51,9.817884671826786,10.101325099963022,0.0,0.04886635771716509,affine_dtft,44.223636462194435,9,identified,2,177.79289265013395,80.58646774116063,168.3445630006857,0.03732336343499251,80.537677791974,2,2.7613391009276547,False,,,
21,1450.0,434254.7008051327,4004133.703170459,-75.73112566050517,36.17975375494387,ok,,IW,0,22337.39894488259,1250.816463350637,52,51,9.81697601607774,10.101310545021606,0.0,0.04812707909750655,affine_dtft,44.226320524192055,9,identified,2,172.71538750978718,83.47346159279192,168.3445630006857,0.03732336343499251,80.537677791974,2,2.817684767179005,False,,,
21,1500.0,434304.06103762967,4004141.6760901147,-75.73057745382884,36.17982898119363,ok,,IW,0,22342.492352100147,1250.8207572511842,52,51,9.8160873755429,10.101295985199503,0.0,0.0473897469514736,affine_dtft,44.22900483254513,9,identified,3,158.47206813614068,85.54429165516828,152.8377124162543,0.0411101763291726,84.28940686249999,3,4.709282004574627,True,,,
21,1550.0,434353.4212701267,4004149.6490097707,-75.73002924606173,36.179904204943924,ok,,IW,0,22347.586216173917,1250.8249755005706,52,51,9.815218785518576,10.101281415190549,0.0,0.04650764852173792,affine_dtft,44.231689381818285,9,ambiguous_multiple_blobs,3,148.0553317869638,87.05918639134286,127.99999999999986,0.04908738521234057,89.99999999999962,3,4.679990623830507,False,,,
21,1600.0,434402.7815026237,4004157.6219294267,-75.72948103720385,36.17997942619471,ok,,IW,0,22352.680526786073,1250.829119514191,52,51,9.814370236131671,10.101266841051947,0.0,0.04577493425720918,affine_dtft,44.23437416657113,9,identified,2,150.14835885819795,88.53893240660024,99.45967230538379,0.06317319534180162,60.94539590092275,4,3.8274808206943067,True,,,
21,1650.0,434452.14173512073,4004165.5948490826,-75.72893282725529,36.18005464494599,ok,,IW,0,22357.77527361064,1250.833190709455,52,51,9.813541739382647,10.101252260025564,0.0,0.045044474522271796,affine_dtft,44.23705918135896,9,ambiguous_multiple_blobs,2,158.7935488322898,90.88502478889232,170.6666666666665,0.03681553890925543,89.99999999999949,1,3.539558156165058,False,,,
21,1700.0,434501.5019676178,4004173.5677687386,-75.72838461621613,36.18012986119771,ok,,IW,0,22362.870446310197,1250.8371905045967,52,51,9.812733301363565,10.101237671464814,0.0,0.04431638253550357,affine_dtft,44.239744420731014,9,identified,1,166.0415965770084,94.33709847359017,168.3445630006857,0.03732336343499251,99.46232220802499,2,2.973655980045959,False,,,
21,1750.0,434550.86220011476,4004181.5406883946,-75.72783640408639,36.180205074949875,ok,,IW,0,22367.966034542616,1250.8411203186872,52,51,9.811944925738157,10.10122308060376,0.0,0.04359077663362766,affine_dtft,44.242429879234095,9,identified,2,170.67983094836623,98.83197039829066,190.5173523290238,0.0329795959809924,97.12501634890108,3,2.1348819241270434,False,,,
21,1800.0,434600.2224326118,4004189.5136080505,-75.72728819086616,36.18028028620247,ok,,IW,0,22373.062027953893,1250.8449815725555,52,51,9.811176624694896,10.101208479087603,0.0,0.0428677784741166,affine_dtft,44.24511555140869,9,identified,4,169.06162217570173,52.80714972078712,207.61554557667532,0.030263558972558335,79.99202019855815,7,1.5298541210702106,False,,,
21,1850.0,434649.5826651088,4004197.4865277065,-75.72673997655552,36.18035549495545,ok,118.66164303844249,IW,0,22378.158416183003,1250.8487756871539,52,51,9.81042839526071,10.101193873079076,0.0,0.04214751809431495,affine_dtft,44.2478014317916,9,identified,3,138.73201949443725,59.47066823133072,114.4866804479891,0.05488136508625573,63.434948822921854,3,3.8572422557547874,True,11.65873335440973,13.241066124126132,10.277543872748774
21,1900.0,434698.9428976058,4004205.4594473625,-75.72619176115447,36.180430701208806,ok,120.74912433366919,IW,0,22383.255188861163,1250.8525040855463,52,51,9.809700256475686,10.101179262665012,0.0,0.04143013455715289,affine_dtft,44.25048751491551,9,identified,1,123.77381264784164,62.697427354651374,114.4866804479891,0.05488136508625573,63.434948822921854,3,6.269640634409486,True,12.131810848272098,13.768981937857172,10.705671266594495
21,1950.0,434748.30313010287,4004213.4323670184,-75.72564354466313,36.18050590496251,ok,122.0016131108052,IW,0,22388.3523356112,1250.8561681900483,52,51,9.808992207005463,10.101164645274151,0.0,0.040715780383638475,affine_dtft,44.25317379530871,9,identified,1,123.56743489772833,61.79799993775011,127.01156821934926,0.04946939397148858,60.255118703057654,2,8.225009807568647,True,12.422149354384826,14.093370967911655,10.968235118257649
21,2000.0,434797.66336259985,4004221.4052866744,-75.72509532708153,36.18058110621654,ok,124.52832991907208,IW,0,22393.44984604877,1250.859769425643,52,51,9.808304244146319,10.101150018881794,0.0,0.04000461242066266,affine_dtft,44.255860267495684,9,identified,1,124.45868930828233,61.74543772005239,127.01156821934926,0.04946939397148858,60.255118703057654,2,7.873111189416059,True,13.023133057555192,14.765851008420839,11.511235522991912
21,2050.0,434847.0235950969,4004229.3782063304,-75.72454710840974,36.18065630497088,ok,125.08462160297026,IW,0,22398.547709782364,1250.8633092169907,52,51,9.807636389811567,10.101135390205554,0.0,0.039155658888709734,affine_dtft,44.25854692599714,9,identified,1,126.65855323632161,63.261223142632446,127.01156821934926,0.04946939397148858,60.255118703057654,2,5.928095027663579,True,13.158252600333388,14.917241517961484,11.63322235199404
21,2100.0,434896.3838275939,4004237.3511259863,-75.72399888864784,36.180731501225516,ok,121.61397832726011,IW,0,22403.645916411824,1250.8667889902651,52,51,9.806988634545922,10.101120754534785,0.0,0.038452117775058824,affine_dtft,44.26123376532918,9,identified,1,126.41954268284468,65.89232213649782,127.12026448932349,0.04942709435368816,65.55604521958325,3,3.902709355420921,True,12.33176400879725,13.992352148989495,10.886512253808702
21,2150.0,434945.7440600909,4004245.3240456423,-75.72345066779584,36.18080669498043,ok,120.2645808542378,IW,0,22408.74445553197,1250.8702101727251,52,51,9.806360998385877,10.101106116852815,0.0,0.037752352413599935,affine_dtft,44.26392078000531,9,identified,2,114.8225712631419,77.90887075096295,117.2681388674801,0.05357964548478044,76.75948008481254,4,3.1450846042721907,True,12.02080580243325,13.645039073872693,10.605246705591865
21,2200.0,434995.1042925879,4004253.2969652982,-75.72290244585388,36.18088188623559,ok,118.01558506586734,IW,0,22413.84331672866,1250.8735741918372,52,51,9.805753474090826,10.101091472565702,0.0,0.03705656934158182,affine_dtft,44.26660796453426,9,identified,3,117.81254763091655,80.67723289009123,109.6583518407984,0.05729782731279321,80.13419305691538,5,3.072704092171917,True,11.51500696145391,13.080830592667375,10.14740307317423
21,2250.0,435044.46452508494,4004261.269884954,-75.72235422282196,36.180957074990964,ok,,IW,0,22418.942489582892,1250.8768824756094,52,51,9.805166068327335,10.101076823589684,0.0,0.03636499989607796,affine_dtft,44.26929531342224,9,identified,8,86.55336599787404,87.57226596856768,133.88194825433345,0.04693078782543198,78.69006752597946,4,1.9133460708732801,False,,,
21,2300.0,435093.824757582,4004269.24280461,-75.72180599870016,36.18103226124655,ok,,IW,0,22424.04196366905,1250.8801364537453,52,51,9.804598791651285,10.101062170393694,0.0,0.035677878030839064,affine_dtft,44.2719828211719,9,identified,3,189.52659115078038,49.1863249172197,169.49368598576476,0.0370703207652661,65.55604521958324,8,1.7439644172445437,False,,,
21,2350.0,435143.18499007897,4004277.215724266,-75.72125777348855,36.18110744500233,ok,,IW,0,22429.14172855467,1250.8833375562872,52,51,9.804051645118351,10.10104751188168,0.0,0.03499546705670648,affine_dtft,44.274670482282346,9,identified,1,166.64094954763976,51.31364514276766,159.92193217393253,0.03928907825066757,51.340191745909806,2,2.726011123919502,False,,,
21,2400.0,435192.545222576,4004285.188643922,-75.72070954718717,36.18118262625826,ok,159.92193217393253,IW,0,22434.241773801783,1250.8864872130891,52,51,9.80352463000317,10.1010328508034,0.0,0.034318044454937385,affine_dtft,44.27735829124972,9,identified,1,160.62223078451225,52.71315398430586,159.92193217393253,0.03928907825066757,51.340191745909806,2,3.8367285444208443,True,24.20649434043478,27.66242967666821,21.427730302022425
21,2450.0,435241.905455073,4004293.161563578,-75.72016131979609,36.18125780501435,ok,155.44226168886402,IW,0,22439.342088966314,1250.8895868563175,52,51,9.803017756874373,10.101018186591716,0.0,0.033645902709604866,affine_dtft,44.28004624256697,9,identified,1,156.40551500757547,53.064667333830755,159.92193217393253,0.03928907825066757,51.340191745909806,2,4.5001589611673545,True,22.43008977522236,25.549794823031565,19.882799456332396
21,2500.0,435291.26568757003,4004301.134483234,-75.7196130913154,36.18133298127054,ok,152.75445939782293,IW,0,22444.44266359871,1250.8926379176444,52,51,9.802531029572213,10.101003515241702,0.0,0.03297937385382289,affine_dtft,44.282734330724125,9,identified,1,154.7060143636916,53.84121470459678,159.92193217393253,0.03928907825066757,51.340191745909806,2,5.849845214728039,True,21.426377372204314,24.369285671210854,19.003957924088997
21,2550.0,435340.625920067,4004309.10740289,-75.71906486174514,36.18140815502685,ok,149.1707230097681,IW,0,22449.543487245315,1250.8956418291918,52,51,9.802064441511405,10.100988840202401,0.0,0.032187418712721974,affine_dtft,44.28542255020908,9,identified,1,153.6910046889147,55.4985605142408,142.0032502336585,0.04424677109038668,56.309932474020094,1,7.768189928154523,True,20.153866138496063,22.884920611662352,17.884048051280768
21,2600.0,435389.98615256406,4004317.080322546,-75.71851663108535,36.18148332628324,ok,145.5869866217133,IW,0,22454.644549445344,1250.898600024836,52,51,9.801618011167129,10.100974163249537,0.0,0.031534463608606365,affine_dtft,44.28811089550593,9,identified,1,152.00785285357153,56.788027215837,142.0032502336585,0.04424677109038668,56.309932474020094,1,6.818095253725291,True,18.950557377825206,21.492806555763103,16.819547654242964
21,2650.0,435439.3463850611,4004325.053242202,-75.71796839933613,36.181558495039674,ok,146.16573506072208,IW,0,22459.745839734667,1250.9015139375456,52,51,9.801191734595855,10.10095948371986,0.0,0.03088830088490865,affine_dtft,44.29079936109703,9,identified,1,152.0548447622177,57.94512452628524,142.0032502336585,0.04424677109038668,56.309932474020094,1,6.623272010847218,True,19.140441543428334,21.711784496985462,16.98786640159016
21,2700.0,435488.7066175581,4004333.026161858,-75.7174201664975,36.18163366129616,ok,150.32821988778568,IW,0,22464.84734764419,1250.9043850021123,52,51,9.800785610064144,10.100944800448099,0.0,0.03024936379201924,affine_dtft,44.293487941462075,9,identified,1,155.93300453281427,57.694408529491746,142.0032502336585,0.04424677109038668,56.309932474020094,1,5.535598026676473,True,20.55700736217505,23.35376419123603,18.23951094459364
21,2750.0,435538.0668500551,4004340.999081514,-75.71687193256957,36.18170882505266,ok,152.45735129385108,IW,0,22469.949062699467,1250.907214652919,52,51,9.800399649230302,10.100930113591222,0.0,0.02961812242399165,affine_dtft,44.29617663107798,9,identified,1,161.0828398248163,57.15233692127258,162.8156743689765,0.03859078882626799,57.994616791916336,3,4.994958135153162,True,21.318096857163617,24.24245891441922,18.908905962865024
21,2800.0,435587.4270825521,4004348.97200117,-75.71632369755238,36.18178398630915,ok,150.9482586967905,IW,0,22475.050974423146,1250.910004325024,52,51,9.800033853798679,10.10091542241575,0.0,0.0289950655929914,affine_dtft,44.298865424420065,9,identified,1,159.20976622207294,57.468078650990165,162.8156743689765,0.03859078882626799,57.994616791916336,3,5.608058857110607,True,20.775997487126247,23.608984836431542,18.432345731978593
21,2850.0,435636.78731504915,4004356.944920826,-75.71577546144599,36.181859145065616,ok,146.00123642355481,IW,0,22480.153072332734,1250.9127554538152,52,51,9.79968822725695,10.10090072978612,0.0,0.028380735196998876,affine_dtft,44.301554315961006,9,identified,1,148.61191527198005,59.736974736133206,152.64890726398542,0.04116102381469181,63.43494882292177,2,7.1303177361191015,True,19.086300677122807,21.649322275478426,16.939887041802443
21,2900.0,435686.14754754613,4004364.9178404817,-75.71522722425046,36.18193430132205,ok,135.49377618249642,IW,0,22485.25534594289,1250.9154694759982,52,51,9.799362767553967,10.100886034774659,0.0,0.02777570351459983,affine_dtft,44.30424330017189,9,identified,1,133.44214796161916,63.25103845941935,134.45778724835563,0.04672979851716567,66.80140948635159,4,6.3011490995803765,True,15.887861892250646,17.993136086010974,14.088725121608917
21,2950.0,435735.5077800432,4004372.8907601377,-75.71467898596585,36.1820094550784,ok,123.72493077063761,IW,0,22490.35778476365,1250.918147827361,52,51,9.799057477555621,10.100871335444442,0.0,0.02718058721868872,affine_dtft,44.30693237152142,9,identified,1,118.16693537887255,67.19989713025912,117.26813886748006,0.05357964548478046,66.37062226934299,4,8.949275507858372,True,12.829795354092557,14.549359220863868,11.336626210180837
21,3000.0,435784.8680125402,4004380.8636797937,-75.71413074659222,36.18208460633466,ok,113.95670387550805,IW,0,22495.460378301963,1250.9207919448318,52,51,9.79877236145776,10.100856635119587,0.0,0.026596045702174706,affine_dtft,44.30962152447665,9,identified,1,109.65643361823057,68.66726870889028,110.27837316368448,0.056975680062432116,68.96248897457795,3,5.754196424195851,True,10.640169189242126,12.106914292403015,9.354622923195244
21,3050.0,435834.2282450372,4004388.8365994496,-75.71358250612963,36.18215975509082,ok,107.23857039318573,IW,0,22500.56311606233,1250.9234032654008,52,51,9.79850743196769,10.100841929467652,0.0,0.025909557096954177,affine_dtft,44.31231075350334,9,identified,1,100.96584265029627,68.93302912907207,103.97144730968249,0.06043183460229139,66.03751102542165,2,4.373196183456195,True,9.293440089644706,10.611768919826769,8.132528440812106
21,3100.0,435883.58847753424,4004396.8095191056,-75.71303426457817,36.18223490134685,ok,100.82205659463146,IW,0,22505.665987545668,1250.9259832263542,52,51,9.798262672536152,10.100827226215394,0.0,0.02535084439378809,affine_dtft,44.315000053065326,9,identified,1,92.16450960524502,72.08044599265112,103.80777278833766,0.06052711794511667,79.9920201985584,7,3.05447961328381,True,8.116771635282378,9.30851638078772,7.0638332773948935
21,3150.0,435932.9487100312,4004404.7824387616,-75.71248602193786,36.18231004510273,ok,97.08425083357281,IW,0,22510.768982250345,1250.9285332649893,52,51,9.798038099434036,10.100812520589276,0.0,0.02480515100886802,affine_dtft,44.317689417625154,9,identified,3,78.47660810019947,67.09925087871846,100.867119836744,0.062291709303775915,80.07375449334803,8,3.1790365505380365,True,7.477516125131383,8.601285250049713,6.48321284495055
21,3200.0,435982.30894252827,4004412.7553584175,-75.7119377782088,36.18238518635844,ok,95.3624517145454,IW,0,22515.872089672313,1250.9310548194096,52,51,9.797833706624015,10.100797813949699,0.0,0.024273349234977013,affine_dtft,44.320378841644015,9,identified,3,93.72597775596775,79.99723925278724,85.18556987470868,0.07375879877801984,73.07248693585278,4,3.8864456782546823,True,7.193999293607965,8.287726918308126,6.225757844137318
21,3250.0,436031.6691750253,4004420.7282780735,-75.71138953339104,36.18246032511395,ok,92.54734468994798,IW,0,22520.975299304162,1250.9335493275942,52,51,9.797649499018087,10.100783103371155,0.0,0.023756369440956143,affine_dtft,44.32306831958138,9,identified,6,93.77240131112215,79.66467206304903,91.58934435839126,0.06860170635781969,79.69515353123374,2,3.905949530747662,True,6.744917548841017,7.791125146354475,5.818089172849749
21,3300.0,436081.0294075223,4004428.7011977294,-75.71084128748461,36.18253546136925,ok,,IW,0,22526.07860063779,1250.9360182279252,52,51,9.797485473828196,10.100768392532125,0.0,0.02325518868363329,affine_dtft,44.325757845896334,9,identified,3,186.26873170073029,132.64877499303245,120.81386961485012,0.05200715221861641,70.70995378081108,5,2.7035019558820235,False,,,
21,3350.0,436130.38964001933,4004436.6741173854,-75.71029304048962,36.18261059512432,ok,,IW,0,22531.181983162962,1250.9384629582764,52,51,9.797341642277182,10.100753677831431,0.0,0.022770852029433544,affine_dtft,44.328447415046824,9,ambiguous_multiple_blobs,3,186.6308312981796,131.52138220916348,204.79999999999964,0.030679615757712875,126.8698976458432,2,2.2750090230632103,False,,,
21,3400.0,436179.7498725163,4004444.6470370414,-75.70974479240611,36.18268572637914,ok,,IW,0,22536.285436367238,1250.9408849570825,52,51,9.79721799692711,10.100738964707784,0.0,0.022304445420729287,affine_dtft,44.331137021489624,9,identified,3,175.8484208328177,129.4631116271591,157.07442971594122,0.040001324967674966,57.52880770915136,4,2.042037793695993,False,,,
21,3450.0,436229.11010501336,4004452.6199566973,-75.70919654323411,36.182760855133665,ok,,IW,0,22541.388949736673,1250.9432856631233,52,51,9.797114538700603,10.100724251959818,0.0,0.021857113682998836,affine_dtft,44.33382665968073,9,ambiguous_multiple_blobs,3,201.36145209330724,55.945474842126615,170.66666666666663,0.036815538909255395,53.13010235415586,5,2.288101984234051,False,,,
21,3500.0,436278.47033751034,4004460.5928763533,-75.70864829297375,36.1828359813879,ok,,IW,0,22546.492512756977,1250.9456665145053,52,51,9.797031273342252,10.100709536747638,0.0,0.021430048409060255,affine_dtft,44.33651632407592,9,identified,6,222.36010409247578,52.031097955726956,160.79582901971355,0.03907554907042563,47.121096396661386,6,2.3305168778218186,False,,,
22,250.0,433108.5703797527,4003760.921769389,-75.74383856406972,36.17631464892321,touches_land_or_unmapped,,,,,,,,,,,,,,,,,,,,,,,,,,,
22,300.0,433157.06926910643,4003773.0814458425,-75.74330032848441,36.17642761681763,touches_land_or_unmapped,,,,,,,,,,,,,,,,,,,,,,,,,,,
22,350.0,433205.5681584602,4003785.241122296,-75.74276209131362,36.17654058230795,touches_land_or_unmapped,,,,,,,,,,,,,,,,,,,,,,,,,,,
22,400.0,433254.06704781397,4003797.4007987496,-75.74222385255742,36.17665354539417,ok,121.63073001104999,IW,0,22231.42571891504,1233.6354710982873,52,51,9.840052891608499,10.100055708933505,0.0,0.06458343168549437,affine_dtft,44.17050606780325,7,identified,2,168.81044952388393,73.1828933094047,190.5173523290238,0.0329795959809924,82.87498365109778,3,3.965498978059613,True,12.335660193290323,13.996706079424623,10.8900353310334
22,450.0,433302.5659371677,4003809.560475203,-75.74168561221586,36.17676650607627,ok,117.32074988386192,IW,0,22236.488776961516,1234.0644385029234,52,51,9.838752806662338,10.100080163016294,0.0,0.06379531547995923,affine_dtft,44.17317352508355,7,identified,4,96.479803256781,79.57159677939318,82.78549334573489,0.07589717779344847,75.96375653207332,4,4.954894274926996,True,11.361823458181295,12.910126407370285,10.008664729033669
22,500.0,433351.06482652144,4003821.7201516563,-75.74114737028896,36.17687946435419,ok,115.15068993860459,IW,0,22241.552500758567,1234.4933013824455,52,51,9.837472436542944,10.100104591777331,0.0,0.06286167886371871,affine_dtft,44.17584133257619,8,identified,1,97.48028491569657,79.3643038385153,91.58934435839126,0.06860170635781969,79.69515353123374,2,7.2451858804250735,True,10.892561078678145,12.387652250638242,9.58344596791658
22,550.0,433399.56371587515,4003833.87982811,-75.7406091267768,36.17699242022792,ok,98.34130950431488,IW,0,22246.61688033357,1234.9220611101814,52,51,9.836211786963803,10.100128997904672,0.0,0.062084209499516846,affine_dtft,44.17850948502271,9,identified,1,100.97177863148482,80.27808568819647,104.39080950229773,0.060189065849147266,80.21759296819246,6,4.72897817864399,True,7.688832119465834,8.835028422385522,6.675132163194987
22,600.0,433448.0626052289,4003846.0395045634,-75.74007088167943,36.177105373697415,ok,103.67130459145372,IW,0,22251.68190569963,1235.3507190607736,52,51,9.834970866147124,10.100153379073031,0.0,0.061297599296499826,affine_dtft,44.1811779771571,9,identified,2,102.06398199461671,78.08092071960691,106.47045015757529,0.059013419196411114,81.02737338510333,4,3.681054771571885,True,8.62659319516894,9.872903175703179,7.526919796517049
22,650.0,433496.5614945826,4003858.199181017,-75.73953263499689,36.17721832476266,ok,108.10899127533101,IW,0,22256.747566857437,1235.7792766109083,52,51,9.833749693636875,10.100177742831335,0.0,0.06052118902435082,affine_dtft,44.18384680370682,9,identified,2,112.41010929990208,84.57744391116576,106.47045015757529,0.059013419196411114,81.02737338510333,4,3.4753779329138834,True,9.46110952478753,10.797682999481106,8.284763878511958
22,700.0,433545.0603839364,4003870.3588574706,-75.73899438672925,36.17733127342363,ok,109.986384930427,IW,0,22261.813853795684,1236.2077351383912,52,51,9.832548270612772,10.100202081745143,0.0,0.05973562416772244,affine_dtft,44.18651595939301,9,identified,1,113.93605921302456,88.80599266311886,109.43546878142905,0.057414523619656925,85.91438322002486,3,3.716423411761661,True,9.8295450437939,11.20642667614395,8.619213719876011
22,750.0,433593.5592732901,4003882.518533924,-75.73845613687654,36.177444219680275,ok,110.62396526707161,IW,0,22266.880756489532,1236.636096022572,52,51,9.831366604358838,10.100226403045431,0.0,0.0589603651944902,affine_dtft,44.18918543892966,9,identified,1,117.17531658395039,88.46394111929762,113.77777777777767,0.05522330836388313,89.99999999999966,2,5.0785839039594824,True,9.956810595239117,11.347689177954996,8.734713941725376
22,800.0,433642.05816264387,4003894.678210377,-75.7379178854388,36.17755716353258,ok,111.21243562523277,IW,0,22271.948264901952,1237.0643606450801,52,51,9.830204719853116,10.100250699960059,0.0,0.05817593597035335,affine_dtft,44.191855237024335,9,identified,1,119.1442409264783,87.23955900370011,113.77777777777767,0.05522330836388313,89.99999999999966,2,5.754978756417533,True,10.075249731730505,11.479190227176376,8.84219042940986
22,850.0,433690.55705199763,4003906.837886831,-75.73737963241611,36.17767010498051,ok,110.86534375882452,IW,0,22277.01636898438,1237.492530388266,52,51,9.829062606591103,10.100274976618678,0.0,0.057401935441362,affine_dtft,44.19452534837851,9,identified,1,119.60758347534392,85.85498100108454,109.6583518407984,0.05729782731279321,80.13419305691538,5,5.23684996337915,True,10.005278109486161,11.401497652950397,8.778696927188642
22,900.0,433739.05594135134,4003918.9975632844,-75.7368413778085,36.177783044024025,ok,107.72607052459814,IW,0,22282.085058675264,1237.9206066360991,52,51,9.827940289506433,10.100299233744131,0.0,0.056628625493274035,affine_dtft,44.19719576768682,9,identified,1,94.05556386761201,71.07611070146453,109.41280194838117,0.057426418072575,77.66091272167355,7,4.290764885847221,True,9.387103877822463,10.715617240934884,8.217572715767291
22,950.0,433787.5548307051,4003931.157239738,-75.73630312161605,36.177895980663116,ok,106.06909759156119,IW,0,22287.15432390193,1238.3485907746394,52,51,9.826837767491195,10.100323468676716,0.0,0.055846122906173135,affine_dtft,44.199866489638026,9,identified,1,92.17174863534304,69.94249078112881,107.70000944938768,0.05833969132688232,75.37912601136811,5,4.318836056087211,True,9.071255231551362,10.365496060105778,7.930769835869098
22,1000.0,433836.0537200588,4003943.3169161915,-75.73576486383878,36.17800891489772,ok,105.23600984592012,IW,0,22292.224154579737,1238.7764841903822,52,51,9.825755055904141,10.100347683802053,0.0,0.0550742449966062,affine_dtft,44.202537508914574,9,identified,2,92.78342429871945,70.11987366331394,98.08141160664577,0.06406091841722486,73.30075576600615,2,4.7105386585694164,True,8.915115982825911,10.192486116645865,7.7889700968302495
22,1050.0,433884.5526094126,4003955.476592645,-75.73522660447675,36.17812184672783,ok,105.56712833687428,IW,0,22297.29454061325,1239.2042882721194,52,51,9.824692155470078,10.100371877016725,0.0,0.054293164273276524,affine_dtft,44.20520882019323,9,identified,2,96.46538530369946,72.46394426231353,105.49291311259303,0.05956025975388049,74.05460409907697,3,4.590499785617136,True,8.976963518001059,10.26101078840035,7.8451389947017
22,1100.0,433933.0514987663,4003967.6362690986,-75.73468834353002,36.178234776153424,ok,105.03390805874592,IW,0,22302.36547189554,1239.6320044094045,52,51,9.823649087373088,10.100396050814204,0.0,0.05352285905055623,affine_dtft,44.20788041814467,9,identified,2,108.4330971351115,73.32995405018359,105.49291311259303,0.05956025975388049,74.05460409907697,3,4.468372499737123,True,8.877503209077428,10.150816024592002,7.754810025758743
22,1150.0,433981.55038812006,4003979.7959455517,-75.73415008099865,36.17834770317445,ok,119.89817054169984,IW,0,22307.436938307528,1240.0596339939286,52,51,9.822625843954027,10.100420202417652,0.0,0.052743346276011766,affine_dtft,44.2105522974332,9,identified,2,116.61570697297422,78.981529250549,111.06839440315186,0.05657041628217941,77.47119229084822,2,4.337322900361728,True,11.937346745424223,13.55188148988444,10.529728932522618
22,1200.0,434030.0492774738,4003991.9556220053,-75.73361181688264,36.17846062779089,ok,,IW,0,22312.508929721258,1240.487178417609,52,51,9.821622451679275,10.100444335123386,0.0,0.051821151660748375,affine_dtft,44.21322445271842,9,identified,3,128.4721433787679,80.61652839917996,139.06290592130824,0.04518232425500343,84.80557109226486,6,2.9456434351524354,False,,,
22,1250.0,434078.54816682753,4004004.115298459,-75.7330735511821,36.17857355000272,ok,151.32399548574617,IW,0,22317.581435997432,1240.9146390743292,52,51,9.820638903558772,10.10046844777526,0.0,0.05105369695248988,affine_dtft,44.215896878653936,9,identified,1,167.2359125689669,76.75005113286166,157.5384615384614,0.0398835004850267,89.99999999999953,4,3.812368138709397,True,20.90975333196773,23.765060658255226,18.550036327661225
22,1300.0,434127.0470561813,4004016.2749749124,-75.73253528389705,36.1786864698099,ok,165.64303763512962,IW,0,22322.654446985114,1241.342017359554,52,51,9.819675214446166,10.10049254135255,0.0,0.050290364231961066,affine_dtft,44.21856956988725,9,identified,1,172.7017207052708,75.13278268944616,168.3445630006857,0.03732336343499251,80.537677791974,2,4.133494027513522,True,26.6890305341335,30.672361826024037,23.562278891804876
22,1350.0,434175.545945535,4004028.434651366,-75.73199701502756,36.1787993872124,ok,166.18334270824084,IW,0,22327.727952524456,1241.7693146698805,52,51,9.818731389425727,10.100516616677272,0.0,0.04954819271650083,affine_dtft,44.22124252106113,9,identified,1,166.9101129294729,76.42925930314483,168.3445630006857,0.03732336343499251,80.537677791974,2,5.0272656795489725,True,26.93735191218,30.977595004035322,23.77410417060279
22,1400.0,434224.0448348888,4004040.5943278195,-75.73145874457366,36.17891230221019,ok,168.3445630006857,IW,0,22332.801942445632,1242.1965324021087,52,51,9.817807439160251,10.10054067046216,0.0,0.048797884771356694,affine_dtft,44.223915726813104,9,identified,1,157.91549496179755,79.6211310379186,168.3445630006857,0.03732336343499251,80.537677791974,2,4.4692044156435635,True,27.956946662720117,32.239637973377974,24.6404417105054
22,1450.0,434272.5437242425,4004052.7540042726,-75.7309204725354,36.179025214803225,ok,156.04247004060537,IW,0,22337.876406568485,1242.6236719550757,52,51,9.816903366365281,10.100564706931396,0.0,0.048059366117453525,affine_dtft,44.226589181775225,9,identified,2,167.25243756019626,82.22962268905478,168.3445630006857,0.03732336343499251,80.537677791974,2,3.875286730637931,True,22.660361399801552,25.821914698599716,20.083836874727005
22,1500.0,434321.04261359625,4004064.913680726,-75.73038219891285,36.1791381249915,ok,,IW,0,22342.951334703263,1243.0507347290632,52,51,9.816019186067233,10.100588722319415,0.0,0.04731278752863606,affine_dtft,44.22926288057452,9,ambiguous_multiple_blobs,3,158.79578628691428,85.41232372486603,168.3445630006857,0.03732336343499251,80.537677791974,2,3.953170721821067,False,,,
22,1550.0,434369.54150294996,4004077.0733571798,-75.72984392370604,36.17925103277499,ok,128.48799867144578,IW,0,22348.02671665117,1243.4777221250795,52,51,9.815154900396232,10.10061272084265,0.0,0.04657826214987278,affine_dtft,44.2319368178332,9,identified,1,151.58714234379352,87.35500934907351,119.13619116036435,0.05273951807576296,74.57783868126108,7,3.650133176672111,True,14.007730660204363,15.870769698895295,12.399264341990373
22,1600.0,434418.0403923037,4004089.2330336333,-75.72930564691505,36.179363938153635,ok,115.20247722836581,IW,0,22353.10254220365,1243.9046355451362,52,51,9.814310506903514,10.100636699751322,0.0,0.04584590298728196,affine_dtft,44.23461098816838,9,identified,2,153.8047009600694,88.79313807419531,99.45967230538379,0.06317319534180162,60.94539590092275,4,3.2159626884495345,True,10.903600441189326,12.39993569636796,9.593452620304278
22,1650.0,434466.5392816575,4004101.392710087,-75.7287673685399,36.179476841127425,ok,115.20247722836581,IW,0,22358.17880114324,1244.3314763926196,52,51,9.813486029628345,10.10066066077836,0.0,0.04510561934522811,affine_dtft,44.237285386192426,9,identified,2,164.37114968549568,91.13140142110828,127.01156821934926,0.04946939397148858,60.255118703057654,2,3.463919202001473,True,10.903600441189326,12.39993569636796,9.593452620304278
22,1700.0,434515.0381710112,4004113.5523865405,-75.72822908858066,36.179589741696326,ok,,IW,0,22363.255483244127,1244.758246072031,52,51,9.812681468737521,10.100684602667965,0.0,0.044377848796987446,affine_dtft,44.23996000651333,9,identified,2,171.35116020593836,95.47795606176113,168.3445630006857,0.03732336343499251,99.46232220802499,2,2.5560273145401378,False,,,
22,1750.0,434563.53706036496,4004125.7120629936,-75.72769080703739,36.17970263986029,ok,,IW,0,22368.332578271227,1245.184945987969,52,51,9.811896829063333,10.100708527585713,0.0,0.04364227125578627,affine_dtft,44.242634843734194,9,identified,4,178.82036546947933,101.41563374483951,168.3445630006857,0.03732336343499251,99.46232220802499,2,2.1213240167193397,False,,,
22,1800.0,434612.0359497187,4004137.871739447,-75.7271525239101,36.179815535619326,ok,,IW,0,22373.410075981854,1245.6115775476446,52,51,9.811132119873939,10.100732435468899,0.0,0.04291955001468045,affine_dtft,44.2453098924541,9,identified,4,181.8871337690681,49.94415786730078,214.55778686041447,0.02928434991393371,77.90524292298744,6,1.4588751859426057,False,,,
22,1850.0,434660.53483907244,4004150.0314159007,-75.72661423919888,36.179928428973376,ok,122.83660562889588,IW,0,22378.487966123903,1246.0381421583136,52,51,9.810387342057435,10.100756323277881,0.0,0.042189163800148435,affine_dtft,44.24798514726716,9,identified,3,101.13507708771054,65.75300698601082,127.01156821934926,0.04946939397148858,60.255118703057654,4,3.3118277824743645,True,12.618470822508645,14.312894470238954,11.14569018006231
22,1900.0,434709.03372842615,4004162.1910923542,-75.72607595290377,36.18004131992241,ok,123.88034627650923,IW,0,22383.566238438823,1246.464641227469,52,51,9.809662505354575,10.100780195237556,0.0,0.04132894282045028,affine_dtft,44.25066060276408,9,identified,1,120.72417647661501,62.9104071923044,114.4866804479891,0.05488136508625573,63.434948822921854,3,6.076721243748557,True,12.867030914856906,14.59104257295378,11.37026046810538
22,1950.0,434757.5326177799,4004174.350768808,-75.72553766502483,36.180154208466405,ok,124.50659066507724,IW,0,22388.644882658584,1246.891076164893,52,51,9.808957614229469,10.100804047668495,0.0,0.04061545113726742,affine_dtft,44.253336253530584,9,identified,1,121.93397749634158,61.633628339399216,127.01156821934926,0.04946939397148858,60.255118703057654,2,7.603558694733538,True,13.0178735598019,14.759959659886551,11.506486477081157
22,2000.0,434806.0315071337,4004186.5104452614,-75.72499937556209,36.18026709460533,ok,124.52832991907208,IW,0,22393.723888509172,1247.3174483802513,52,51,9.808272674150164,10.100827886275349,0.0,0.03989458476259737,affine_dtft,44.25601209414923,9,identified,1,123.48925357666528,61.251965819312176,127.01156821934926,0.04946939397148858,60.255118703057654,2,8.262940552152257,True,13.023133057555192,14.765851008420839,11.511235522991912
22,2050.0,434854.5303964874,4004198.670121715,-75.72446108451561,36.180379978339154,ok,123.56266419763395,IW,0,22398.803245707746,1247.7437592850663,52,51,9.807607696235511,10.100851702692141,0.0,0.03918765716960032,affine_dtft,44.258688119197906,9,identified,1,125.89679868674074,62.26338987748152,127.01156821934926,0.04946939397148858,60.255118703057654,2,6.33544012171065,True,12.791002457618035,14.505938306053523,11.30158239770109
22,2100.0,434903.02928584116,4004210.829798168,-75.72392279188544,36.18049285966784,ok,122.7004381922051,IW,0,22403.88294396563,1248.1700102903876,52,51,9.806962678602476,10.100875506661737,0.0,0.03847357525977078,affine_dtft,44.261364323251456,9,identified,1,125.13658763903766,64.27580217027027,127.12026448932349,0.04942709435368816,65.55604521958325,3,4.209471449604685,True,12.586303132860621,14.276915063111282,11.116618649706446
22,2150.0,434951.52817519486,4004222.9894746216,-75.72338449767165,36.18060573859135,ok,121.26339484982371,IW,0,22408.962972985806,1248.5962028090626,52,51,9.806337632267146,10.100899290997278,0.0,0.03777394102617045,affine_dtft,44.26404070088027,9,identified,4,111.89088197943288,72.89459211999645,109.6583518407984,0.05729782731279321,80.13419305691538,5,3.05699359325763,True,12.250426647856884,13.901471564079689,10.81295780998467
22,2200.0,435000.02706454863,4004235.149151075,-75.72284620187425,36.18071861510969,ok,,IW,0,22414.043322465564,1249.022338254823,52,51,9.805732551510344,10.100923059694434,0.0,0.037067430038575266,affine_dtft,44.266717246651794,9,identified,4,116.02172131851891,78.34898272561509,106.96051478998176,0.05874303540438913,68.198590513648,9,2.6886070043721144,False,,,
22,2250.0,435048.52595390234,4004247.3088275287,-75.72230790449332,36.180831489222804,ok,,IW,0,22419.123982095163,1249.4484180409772,52,51,9.805147459363551,10.100946810779948,0.0,0.0363759251027022,affine_dtft,44.269393955129715,9,ambiguous_multiple_blobs,4,86.6733311334132,88.39199271960725,190.15202629330105,0.03304295741496886,21.80140948635215,2,1.8373370946332093,False,,,
22,2300.0,435097.0248432561,4004259.4685039823,-75.72176960552892,36.18094436093065,ok,,IW,0,22424.204941558357,1249.874443582792,52,51,9.804582345069695,10.100970545201857,0.0,0.03568887377114057,affine_dtft,44.272070820874326,9,identified,2,87.71420021878485,89.55468675394363,168.98006757460726,0.03718299677212204,58.49573328079563,12,1.6767203049113264,False,,,
22,2350.0,435145.5237326098,4004271.628180436,-75.72123130498107,36.18105723023323,ok,,IW,0,22429.286190533257,1250.3004162953564,52,51,9.804037217882776,10.10099426661789,0.0,0.03499546705670648,affine_dtft,44.27474783844293,9,identified,3,170.1062861112466,52.04416970672264,175.61455118592892,0.035778272727112294,59.03624346792624,4,2.281964103614451,False,,,
22,2400.0,435194.0226219636,4004283.787856889,-75.72069300284986,36.18117009713049,ok,159.92193217393253,IW,0,22434.36771869119,1250.7263375954906,52,51,9.803512088691992,10.101017973737616,0.0,0.034318044454937385,affine_dtft,44.277425002389215,9,identified,1,161.147847293726,52.773043140687435,159.92193217393253,0.03928907825066757,51.340191745909806,2,3.8959832769448712,True,24.20649434043478,27.66242967666821,21.427730302022425
22,2450.0,435242.52151131735,4004295.9475333425,-75.7201546991353,36.18128296162241,ok,155.44226168886402,IW,0,22439.449515699253,1251.1522088991894,52,51,9.80300694989139,10.101041661336996,0.0,0.03363469303257076,affine_dtft,44.280102307264706,9,identified,1,156.7163805351288,52.86441915404135,159.92193217393253,0.03928907825066757,51.340191745909806,2,4.564610888057804,True,22.43008977522236,25.549794823031565,19.882799456332396
22,2500.0,435291.02040067106,4004308.107209796,-75.71961639383747,36.181395823708954,ok,152.75445939782293,IW,0,22444.531571216914,1251.5780316242274,52,51,9.80252181995328,10.101065334391807,0.0,0.03283546865119662,affine_dtft,44.28277974761683,9,identified,1,154.35204411819993,53.7449126353713,159.92193217393253,0.03928907825066757,51.340191745909806,2,5.09296771973749,True,21.426377372204314,24.369285671210854,19.003957924088997
22,2550.0,435339.5192900248,4004320.2668862497,-75.7190780869564,36.181508683390085,ok,149.1707230097681,IW,0,22449.613874900057,1252.0038071887652,52,51,9.802056684553863,10.1010889901086,0.0,0.03216466895806383,affine_dtft,44.28545731799119,9,identified,1,151.4717139674731,55.87606837009558,142.0032502336585,0.04424677109038668,56.309932474020094,1,8.898190908952033,True,20.153866138496063,22.884920611662352,17.884048051280768
22,2600.0,435388.01817937853,4004332.426562703,-75.71853977849217,36.181621540665795,ok,147.7161180277787,IW,0,22454.696416399096,1252.4295370105524,52,51,9.801611564195118,10.101112631908476,0.0,0.03151156205221773,affine_dtft,44.288135012930454,9,identified,1,148.90459558771127,57.48485194530643,142.0032502336585,0.04424677109038668,56.309932474020094,1,8.528464472424396,True,19.65744780270814,22.30931733854721,17.445518766753153
22,2650.0,435436.5170687323,4004344.586239157,-75.71800146844481,36.18173439553604,ok,146.26151304578926,IW,0,22459.779185358493,1252.8552225093647,52,51,9.801186455144052,10.10113626033872,0.0,0.0308652483279246,affine_dtft,44.29081282697417,9,identified,1,148.80259665259388,58.98418538919002,142.0032502336585,0.04424677109038668,56.309932474020094,1,6.3500271950433556,True,19.17202704931671,21.748234265015395,17.015852633079376
22,2700.0,435485.015958086,4004356.74591561,-75.71746315681436,36.18184724800078,ok,148.39064445185463,IW,0,22464.862171420085,1253.2808651038697,52,51,9.800781360551285,10.101159871457217,0.0,0.03021455993496965,affine_dtft,44.29349075466049,9,identified,1,153.18486130592242,59.16803393888097,152.64890726398542,0.04116102381469181,63.43494882292177,2,5.564797966992561,True,19.886255187993083,22.574390808877055,17.6477551920448
22,2750.0,435533.5148474398,4004368.9055920634,-75.71692484360089,36.18196009806,ok,150.51977585792002,IW,0,22469.94536421879,1253.7064662149312,52,51,9.800396289386688,10.101183469851298,0.0,0.02958308312595263,affine_dtft,44.29616879052392,9,identified,1,159.37398434305706,58.57551946318322,152.64890726398542,0.04116102381469181,63.43494882292177,2,5.196749302351124,True,20.624433753886297,23.43230480810418,18.29890356727699
22,2800.0,435582.01373679354,4004381.065268517,-75.71638652880446,36.182072945713664,ok,149.59592911870573,IW,0,22475.028753386665,1254.1320272627374,52,51,9.800031234923022,10.101207052567418,0.0,0.028948041180512016,affine_dtft,44.29884692909748,9,identified,1,157.55551359792747,58.293772243002905,152.64890726398542,0.04116102381469181,63.43494882292177,2,5.718171530702847,True,20.301111052166362,23.056015345080965,18.013948892269582
22,2850.0,435630.51262614725,4004393.2249449706,-75.71584821242509,36.18218579096175,ok,142.51977543940467,IW,0,22480.112328552183,1254.557549667732,52,51,9.79968620643115,10.101230619633261,0.0,0.02833340629238354,affine_dtft,44.30152516491225,9,identified,1,147.29729728932938,59.686457008582614,152.64890726398542,0.04116102381469181,63.43494882292177,2,6.945025850108244,True,17.97136497448612,20.367508809563546,15.949640156159816
22,2900.0,435679.011515501,4004405.384621424,-75.71530989446286,36.182298633804216,ok,134.04566861934447,IW,0,22485.19607933932,1254.9830348505068,52,51,9.799361206735457,10.101254173877006,0.0,0.02772807020534415,affine_dtft,44.304203492496974,9,identified,1,133.17749307963865,62.35062886551221,137.38401653758697,0.0457344709052131,63.43494882292177,3,6.644507343536625,True,15.483939854123298,17.535674885213567,13.726522453948027
22,2950.0,435727.5104048547,4004417.5442978777,-75.71477157491779,36.18241147424103,ok,124.31017662848387,IW,0,22490.279995367575,1255.4084842339253,52,51,9.799056245554091,10.101277714650573,0.0,0.02712067043043472,affine_dtft,44.30688190637801,9,identified,1,117.42769544343872,66.84143723627496,117.26813886748006,0.05357964548478046,66.37062226934299,4,7.246175392630602,True,12.970424735555792,14.706815581714858,11.463640248956505
22,3000.0,435776.0092942085,4004429.7039743313,-75.71423325378997,36.18252431227218,ok,117.22549396960851,IW,0,22495.364066254308,1255.833899238793,52,51,9.79877131015267,10.101301241153404,0.0,0.02653576577725548,affine_dtft,44.309560401080624,9,identified,1,107.95514446456718,68.84370643638123,110.27837316368448,0.056975680062432116,68.96248897457795,3,5.449370023482058,True,11.340935167989478,12.886854854078457,9.98974351758123
22,3050.0,435824.5081835622,4004441.8636507844,-75.71369493107943,36.182637147897616,ok,110.50598644694901,IW,0,22500.44828161273,1256.2592812875532,52,51,9.798506411642299,10.101324755195012,0.0,0.02595002091565175,affine_dtft,44.31223897112784,9,identified,1,100.3720836532344,69.50091623299642,103.97144730968249,0.06043183460229139,66.03751102542165,2,4.519183133499068,True,9.933178487539093,11.321454986121648,8.713267647220777
22,3100.0,435873.00707291596,4004454.023327238,-75.71315660678621,36.182749981117304,ok,,IW,0,22505.532631054724,1256.6846318024081,52,51,9.7982615508951,10.10134825246953,0.0,0.02527758736302277,affine_dtft,44.31491761104201,9,identified,1,92.56951630771495,72.56312011822091,112.69600974822407,0.055753396426519,82.09283729704123,8,2.847173444418312,False,,,
22,3150.0,435921.5059622697,4004466.1830036915,-75.71261828091039,36.182862811931244,ok,,IW,0,22510.617104186447,1257.109952206445,52,51,9.798036732079474,10.101371735099617,0.0,0.02471923172132684,affine_dtft,44.31759631534247,9,identified,3,82.17594633780965,67.75662645887962,120.47058823529402,0.052155346788111845,89.99999999999964,12,2.6020435259942234,False,,,
22,3200.0,435970.00485162344,4004478.342680145,-75.71207995345199,36.182975640339386,ok,,IW,0,22515.701690614933,1257.535243921742,52,51,9.797831951587469,10.101395208857536,0.0,0.024187007949013187,affine_dtft,44.320275078549,9,identified,2,92.94249328438613,80.62819426039937,85.18556987470868,0.07375879877801984,73.07248693585278,4,3.8081740928681675,True,,,
22,3250.0,436018.5037409772,4004490.5023565986,-75.71154162441108,36.1830884663417,ok,,IW,0,22520.786379942056,1257.9605083715344,52,51,9.797647217686446,10.101418667775338,0.0,0.023669640513033392,affine_dtft,44.322953895178664,9,ambiguous_multiple_blobs,5,92.33631727079408,80.33902768551168,159.92193217393253,0.03928907825066757,128.65980825408943,2,2.9501650078052535,False,,,
22,3300.0,436067.0026303309,4004502.662033052,-75.7110032937877,36.183201289938154,ok,,IW,0,22525.871161769377,1258.385746978863,52,51,9.797482530982304,10.101442114804954,0.0,0.02315567904936416,affine_dtft,44.32563275974836,9,ambiguous_multiple_blobs,4,177.10076860243197,129.74500420096476,159.92193217393253,0.03928907825066757,128.65980825408943,2,3.265120182734963,False,,,
22,3350.0,436115.5015196847,4004514.8217095053,-75.71046496158192,36.18331411112871,ok,,IW,0,22530.956025694974,1258.8109611670295,52,51,9.797337889330839,10.101465546613953,0.0,0.022671004364202937,affine_dtft,44.328311666773146,9,identified,2,180.7617010217793,130.33993514487705,178.55637311050626,0.03518880450876432,54.46232220802541,3,1.6846838641792488,False,,,
22,3400.0,436164.0004090384,4004526.981385959,-75.70992662779378,36.18342692991337,ok,,IW,0,22536.040961316445,1259.236152359467,52,51,9.797213296716887,10.101488967816314,0.0,0.022191816963459923,affine_dtft,44.330990610767834,9,identified,2,175.43740081947746,129.89254582464426,178.55637311050626,0.03518880450876432,54.46232220802541,3,2.1047129370703668,False,,,
22,3450.0,436212.49929839215,4004539.1410624124,-75.70938829242331,36.18353974629206,ok,,IW,0,22541.12595822926,1259.6613219792152,52,51,9.79710875079959,10.10151237574267,0.0,0.021744272627164236,affine_dtft,44.333669586246096,9,identified,3,175.67268991617547,56.86206251779127,175.61455118592892,0.035778272727112294,59.03624346792624,4,2.2337968754840567,False,,,
22,3500.0,436260.99818774586,4004551.300738866,-75.70884995547058,36.1836525602648,ok,,IW,0,22546.21100602831,1260.0864714497684,52,51,9.797024257691037,10.101535771037222,0.0,0.021304540971098067,affine_dtft,44.33634858772132,9,identified,4,177.34818960280325,55.247591107477724,158.083463154617,0.039745999877508875,41.42366562500266,7,2.083527219930809,False,,,
23,250.0,433164.7136800865,4003556.184103803,-75.74319686201251,36.17447283255497,touches_land_or_unmapped,,,,,,,,,,,,,,,,,,,,,,,,,,,
23,300.0,433212.7262222285,4003570.141030293,-75.74266419859981,36.174601965985,touches_land_or_unmapped,,,,,,,,,,,,,,,,,,,,,,,,,,,
23,350.0,433260.73876437056,4003584.0979567836,-75.74213153340068,36.17473109706254,touches_land_or_unmapped,,,,,,,,,,,,,,,,,,,,,,,,,,,
23,400.0,433308.75130651257,4003598.054883274,-75.7415988664152,36.17486022578757,ok,94.53613857574504,IW,0,22233.678468511494,1213.2883068162164,52,51,9.83950200385596,10.098169766280135,0.0,0.06430775173720715,affine_dtft,44.171735178185855,8,identified,2,93.75639090819404,78.93517435598304,82.78549334573489,0.07589717779344847,75.96375653207332,4,7.628850810044973,True,7.06033615953733,8.13991466951427,6.104401275601454
23,450.0,433356.76384865463,4003612.0118097644,-75.74106619764336,36.174989352160054,ok,96.00496922949631,IW,0,22238.722131159033,1213.900635024444,52,51,9.838215379561502,10.098211891147166,0.0,0.06353012746629479,affine_dtft,44.17439205654264,8,identified,1,96.16501452177373,78.59080993733548,100.4114611907501,0.06257438376724263,78.69006752597954,1,9.02493105843514,True,7.29900378742886,8.403852345558697,6.321103938444658
23,500.0,433404.77639079664,4003625.9687362546,-75.74053352708526,36.17511847617996,ok,98.34397727347458,IW,0,22243.766450953754,1214.5128588473976,52,51,9.836948311046626,10.098253980938289,0.0,0.06274336188356544,affine_dtft,44.17704928021388,9,identified,1,98.78869906975926,79.27630192614772,100.4114611907501,0.06257438376724263,78.69006752597954,1,8.930311488955457,True,7.689284502714928,8.83552885759945,6.675543041933638
23,550.0,433452.7889329387,4003639.9256627453,-75.74000085474093,36.17524759784725,ok,104.00055748495797,IW,0,22248.811418033325,1215.1249796450693,52,51,9.835700815984131,10.098296033452115,0.0,0.0619570643404633,affine_dtft,44.17970684399914,9,identified,1,100.92287077796128,78.89880055227272,100.4114611907501,0.06257438376724263,78.69006752597954,3,7.440226559897783,True,8.686796021288608,9.939575309028294,7.581601083302912
23,600.0,433500.8014750807,4003653.8825892354,-75.7394681806104,36.17537671716189,ok,106.13194412743833,IW,0,22253.857022522254,1215.736998778347,52,51,9.834472904829607,10.09833805090785,0.0,0.0611809717759512,affine_dtft,44.18236474269105,9,identified,1,104.39713995622371,77.68212655279079,107.70000944938768,0.05833969132688232,75.37912601136811,5,5.3920993299271425,True,9.083105873545115,10.3786290291236,7.941531671984334
23,650.0,433548.8140172228,4003667.839515726,-75.73893550469371,36.17550583412385,ok,111.45196553315816,IW,0,22258.903254531953,1216.3489176107353,52,51,9.833264576220115,10.098380036973778,0.0,0.060395707097106496,affine_dtft,44.18502297107534,9,identified,1,108.91206927109697,80.0684888127972,111.06839440315186,0.05657041628217941,77.47119229084822,6,4.052928578325404,True,10.1237290474886,11.533026181190325,8.886178663074851
23,700.0,433596.8265593648,4003681.7964422163,-75.73840282699094,36.175634948733084,ok,114.93083775239936,IW,0,22263.950104161224,1216.9607375063356,52,51,9.832075863041274,10.09842198557604,0.0,0.059620758578704185,affine_dtft,44.18768152393111,9,identified,1,116.68936578803701,86.42207973755976,111.06839440315186,0.05657041628217941,77.47119229084822,6,4.565305933112122,True,10.845781537875201,12.33560488651167,9.541040819248884
23,750.0,433644.83910150686,4003695.753368707,-75.7378701475021,36.17576406098957,ok,116.00721240265037,IW,0,22268.997561496843,1217.5724598311845,52,51,9.830906754193052,10.098463903981417,0.0,0.05883662515200388,affine_dtft,44.19034039603107,9,identified,1,120.40415398955126,87.1944825113577,127.01156821934933,0.04946939397148855,82.8749836510979,2,5.21683821623951,True,11.076138731759462,12.59196578146022,9.749829479309696
23,800.0,433692.8516436489,4003709.710295197,-75.73733746622726,36.17589317089326,ok,117.820724111859,IW,0,22274.045616613646,1218.184085952857,52,51,9.829757267049574,10.098505780070196,0.0,0.05805307601681941,affine_dtft,44.1929995821417,9,identified,1,119.99385704850799,86.48403570760685,117.80582228695603,0.0533350999568999,85.60129464500419,3,6.346499668109569,True,11.471902677345435,13.032788442683083,10.108367044396998
23,850.0,433740.86418579094,4003723.6672216877,-75.73680478316645,36.17602227844416,ok,116.7025184907324,IW,0,22279.09425957389,1218.795617240386,52,51,9.828627414243234,10.098547630735116,0.0,0.05728001962634321,affine_dtft,44.19565907702278,9,identified,1,117.76027882377912,85.05301031710454,113.08188270064278,0.05556314731523188,83.65980825408981,4,4.670957374578615,True,11.22673146381833,12.7596455702683,9.88628341423955
23,900.0,433788.87672793295,4003737.624148178,-75.7362720983197,36.17615138364217,ok,109.2623530822705,IW,0,22284.14348042947,1219.4070550637027,52,51,9.827517191475396,10.098589444854957,0.0,0.05649776075647554,affine_dtft,44.19831887542866,9,identified,1,116.9477908995479,84.98949791229285,120.13595294919506,0.05230062402582111,76.42956561483824,7,3.502172656529304,True,9.686346118784238,11.047524485008982,8.489236529841051
23,950.0,433836.889270075,4003751.5810746686,-75.73573941168709,36.176280486487315,ok,107.1264857810991,IW,0,22289.193269218667,1220.0184007951248,52,51,9.826426622158001,10.098631225832833,0.0,0.055716174953674126,affine_dtft,44.20097897210651,9,identified,3,94.60306436868105,73.79041229239299,105.47736629751891,0.059569038626321694,78.11134196037177,8,3.355355329533862,True,9.271992497714393,10.587991783215463,8.113053822794562
23,1000.0,433884.901812217,4003765.5380011587,-75.73520672326865,36.17640958697953,ok,105.22924338408667,IW,0,22294.24361596983,1220.6296558077063,52,51,9.825355704613035,10.098672973501628,0.0,0.0549452760684775,affine_dtft,44.203639361798274,9,identified,4,92.9662364266721,72.20034705494272,89.81074117703967,0.06996028787685696,74.74488129694203,4,3.6218210775511634,True,8.91385501718364,10.191089088306105,7.7878248920867925
23,1050.0,433932.9143543591,4003779.4949276494,-75.73467403306442,36.17653868511882,ok,,IW,0,22299.29451069941,1221.2408214767822,52,51,9.824304452479499,10.098714689133194,0.0,0.05416516812144935,affine_dtft,44.20630003923959,9,ambiguous_multiple_blobs,3,95.60493694177998,73.049496545193,248.35648003720473,0.025299059264482816,14.036243467926967,2,1.7511150654005472,False,,,
23,1100.0,433980.9268965011,4003793.4518541396,-75.73414134107445,36.1766677809051,ok,105.32773720404555,IW,0,22304.345943413005,1221.8518991770252,52,51,9.823272881949915,10.09875637217954,0.0,0.053395896476386935,affine_dtft,44.20896099916039,9,identified,4,105.97160317551717,73.27162396507411,105.49291311259303,0.05956025975388049,74.05460409907697,3,4.001879391162583,True,8.932221302353172,10.211437446779481,7.8045050251869625
23,1150.0,434028.93943864317,4003807.40878063,-75.7336086472988,36.17679687433836,ok,,IW,0,22309.3979041059,1222.4628902865247,52,51,9.822260982446313,10.098798021985658,0.0,0.052617409037552014,affine_dtft,44.211622236285166,9,identified,3,115.46165421213051,79.4872852837887,120.67955732250397,0.052065034431543415,81.86989764584368,5,3.4748739702712097,True,,,
23,1200.0,434076.9519807852,4003821.3657071204,-75.73307595173749,36.17692596541855,ok,,IW,0,22314.450382761737,1223.073796183413,52,51,9.821268778688518,10.098839639126949,0.0,0.05183977366138707,affine_dtft,44.21428374533229,9,identified,3,126.04454655063674,83.21447885973402,127.99999999999986,0.04908738521234057,89.99999999999962,9,2.9242473341634785,False,,,
23,1250.0,434124.96452292724,4003835.322633611,-75.73254325439056,36.17705505414567,ok,,IW,0,22319.503369355614,1223.6846182476463,52,51,9.820296271851515,10.098881222470094,0.0,0.05092002107755232,affine_dtft,44.21694552101559,9,identified,3,164.2642059278636,73.73331334051379,132.37806044343853,0.047463947470844065,94.23639479905837,7,2.9376726721138606,False,,,
23,1300.0,434172.97706506925,4003849.279560101,-75.73201055525809,36.177184140519664,ok,163.42970866712378,IW,0,22324.556853849448,1224.2953578605945,52,51,9.819343471930491,10.098922775251715,0.0,0.05016120820838293,affine_dtft,44.219607558041965,9,identified,1,169.83887856038206,72.54628678653606,153.59999999999997,0.04090615434361711,89.99999999999955,3,3.681718845077416,True,25.697742899751564,29.4617214881828,22.71355297227149
23,1350.0,434220.9896072113,4003863.236486592,-75.73147785434008,36.1773132245405,ok,163.42970866712378,IW,0,22329.610826198183,1224.9060164040034,52,51,9.81841039069643,10.098964296932248,0.0,0.04942053403895899,affine_dtft,44.22226985111464,9,identified,1,164.9936761453886,73.88731324936401,168.3445630006857,0.03732336343499251,80.537677791974,2,3.6987073023607713,True,25.697742899751564,29.4617214881828,22.71355297227149
23,1400.0,434269.0021493534,4003877.193413082,-75.73094515163663,36.17744230620814,ok,156.70561483367612,IW,0,22334.665276345295,1225.5165952613363,52,51,9.817497019684014,10.099005787112835,0.0,0.04867174322218807,affine_dtft,44.22493239493079,9,identified,1,157.5813938469819,78.2249713548701,168.3445630006857,0.03732336343499251,80.537677791974,2,3.1511095585017577,True,22.91747859428054,26.126349407816285,20.308046201579828
23,1450.0,434317.0146914954,4003891.1503395727,-75.73041244714774,36.17757138552257,ok,,IW,0,22339.72019422369,1226.12709581767,52,51,9.816603382285969,10.099047244715447,0.0,0.04792479679267978,affine_dtft,44.227595184182015,9,ambiguous_multiple_blobs,3,166.52543180841332,81.78431495541737,168.3445630006857,0.03732336343499251,80.537677791974,2,2.771290699791509,False,,,
23,1500.0,434365.02723363746,4003905.107266063,-75.72987974087347,36.17770046248372,ok,130.4020202368656,IW,0,22344.775569759793,1226.7375194579536,52,51,9.815729480263629,10.099088669632716,0.0,0.047189860079892856,affine_dtft,44.23025821355648,9,identified,3,158.0381135873148,85.17294239632413,136.53333333333313,0.0460194236365693,89.99999999999959,4,3.9212187343603606,True,14.503275309677965,16.4284901033722,12.845396448530256
23,1550.0,434413.03977577947,4003919.0641925535,-75.72934703281386,36.17782953709159,ok,120.88155340217381,IW,0,22349.831392867338,1227.3478675697645,52,51,9.81487532204684,10.099130063624923,0.0,0.04644692273972595,affine_dtft,44.2329214777357,9,identified,2,151.28590774236687,86.95098987827586,117.27051230805975,0.05357856108511053,75.25643716352904,9,3.0257041420716013,True,12.162276382538316,13.803005996596093,10.73322929282102
23,1600.0,434461.05231792154,4003933.0211190437,-75.72881432296899,36.177958609346135,ok,120.88155340217381,IW,0,22354.887653453767,1227.9581415403575,52,51,9.814040909253789,10.099171427044409,0.0,0.04571628284794418,affine_dtft,44.23558497139783,9,identified,2,107.15239075993779,62.580832900203966,99.45967230538379,0.06317319534180162,60.94539590092275,4,3.0626835060946864,True,12.162276382538316,13.803005996596093,10.73322929282102
23,1650.0,434509.06486006355,4003946.9780455343,-75.72828161133884,36.17808767924733,ok,115.66429342512068,IW,0,22359.944341416154,1228.5683427590432,52,51,9.813226259062834,10.09921276394887,0.0,0.0449777470287218,affine_dtft,44.238248689215574,9,identified,1,163.91965878537084,90.1639168174737,130.2626956619185,0.04823472503199883,70.90650799951419,7,3.0051403280528923,True,11.00238644927357,12.509870633565331,9.682990313259923
23,1700.0,434557.0774022056,4003960.9349720245,-75.72774889792352,36.178216746795115,ok,,IW,0,22365.001446643037,1229.1784726156288,52,51,9.812431367571028,10.099254065232804,0.0,0.04424154208515119,affine_dtft,44.24091262585713,9,identified,2,169.1788138522417,94.46438874724751,168.3445630006857,0.03732336343499251,99.46232220802499,2,2.2185343729320386,False,,,
23,1750.0,434605.0899443476,4003974.891898515,-75.72721618272304,36.17834581198947,ok,,IW,0,22370.058959015056,1229.788532501219,52,51,9.811656246247153,10.099295336305087,0.0,0.04351812342965997,affine_dtft,44.24357677598654,9,identified,5,169.49156161358346,48.83437657572179,168.3445630006857,0.03732336343499251,99.46232220802499,2,1.9314075789693936,False,,,
23,1800.0,434653.1024864897,4003988.8488250053,-75.72668346573744,36.17847487483038,ok,,IW,0,22375.11686840444,1230.3985238072614,52,51,9.81090090069206,10.099336575726268,0.0,0.042786993737980124,affine_dtft,44.246241134263414,9,identified,5,174.29964487063776,50.24138859207454,178.55637311050626,0.03518880450876432,54.46232220802541,3,1.8248332682208674,False,,,
23,1850.0,434701.1150286317,4004002.805751496,-75.7261507469668,36.178603935317796,ok,122.83660562889588,IW,0,22380.175164674743,1231.008447927232,52,51,9.810165336221582,10.099377785668782,0.0,0.042058572383179366,affine_dtft,44.24890569534276,9,identified,3,101.79452732386105,66.2382814217105,127.01156821934926,0.04946939397148858,60.255118703057654,4,3.4146944344897223,True,12.618470822508645,14.312894470238954,11.14569018006231
23,1900.0,434749.12757077377,4004016.762677986,-75.72561802641111,36.178732993451675,ok,123.88034627650923,IW,0,22385.23383768276,1231.618306254145,52,51,9.809449565066602,10.099418971667816,0.0,0.041343504095270364,affine_dtft,44.251570453876056,9,identified,1,122.08723466219152,62.51581948728184,114.4866804479891,0.05488136508625573,63.434948822921854,3,5.720658638997385,True,12.867030914856906,14.59104257295378,11.37026046810538
23,1950.0,434797.1401129158,4004030.719604477,-75.72508530407048,36.178862049231995,ok,124.52832991907208,IW,0,22390.292877276624,1232.2281001829685,52,51,9.808753579050414,10.099460122963794,0.0,0.04062098043777417,affine_dtft,44.25423540451019,9,identified,1,122.72987430620631,61.66609441751833,127.01156821934926,0.04946939397148858,60.255118703057654,2,6.958980031310036,True,13.023133057555192,14.765851008420839,11.511235522991912
23,2000.0,434845.15265505784,4004044.676530967,-75.7245525799449,36.17899110265871,ok,124.55006917306693,IW,0,22395.35227329724,1232.8378311092056,52,51,9.80807740085986,10.099501244162605,0.0,0.03991224196055303,affine_dtft,44.25690054188824,9,identified,1,124.74374267080609,61.62007967262825,127.01156821934926,0.04946939397148858,60.255118703057654,2,7.311064718785274,True,13.028394117048853,14.771744217664388,11.515985924232481
23,2050.0,434893.16519719985,4004058.6334574576,-75.72401985403444,36.179120153731816,ok,125.1063608569651,IW,0,22400.412015578582,1233.4475004294607,52,51,9.80742102234751,10.099542338082827,0.0,0.039196269813770744,affine_dtft,44.259565860649644,9,identified,1,127.84816225870823,63.40649432330554,127.12026448932349,0.04942709435368816,65.55604521958325,3,5.745599229101163,True,13.163553809363592,14.923182607364204,11.638007571747716
23,2100.0,434941.1777393419,4004072.590383948,-75.72348712633915,36.17924920245123,ok,120.79952047259906,IW,0,22405.472093947665,1234.0571095399966,52,51,9.806784456138926,10.099583395938671,0.0,0.038483803188437526,affine_dtft,44.262231355430146,9,identified,1,128.28857838747058,66.7394933920854,127.12026448932349,0.04942709435368816,65.55604521958325,3,4.06727798151188,True,12.143398118592485,13.781922264575261,10.716152882375978
23,2150.0,434989.1902814839,4004086.5473104385,-75.72295439685905,36.17937824881698,ok,119.2465085359115,IW,0,22410.532498223805,1234.6666598396482,52,51,9.806167702778646,10.099624435815661,0.0,0.03764675431540621,affine_dtft,44.26489702086147,9,identified,1,116.81155364757377,74.3910182506748,117.2681388674801,0.05357964548478044,76.75948008481254,4,4.282476479407526,True,11.78993381544572,13.387397503411485,10.396314624912137
23,2200.0,435037.202823626,4004100.5042369287,-75.72242166559423,36.17950729282898,ok,116.6219232181075,IW,0,22415.593218220245,1235.2761527264552,52,51,9.80557077845924,10.099665439255945,0.0,0.03694280116706319,affine_dtft,44.267562851572066,9,identified,2,115.96541336758273,74.09822578077632,105.47736629751891,0.059569038626321694,78.11134196037177,4,3.505202175779417,True,11.209203241512377,12.740124871273546,9.870402498873368
23,2250.0,435085.215365768,4004114.4611634193,-75.7218889325447,36.17963633448722,ok,,IW,0,22420.654243744346,1235.8855895998493,52,51,9.804993668410011,10.099706415417254,0.0,0.03625400450776791,affine_dtft,44.270228842187365,9,ambiguous_multiple_blobs,4,85.94979574659078,88.61931733494515,190.15202629330105,0.03304295741496886,21.80140948635215,2,1.5177794526243495,False,,,
23,2300.0,435133.22790791007,4004128.4180899095,-75.72135619771049,36.17976537379165,ok,,IW,0,22425.715564596732,1236.4949718595865,52,51,9.804436393878563,10.099747364333563,0.0,0.035558742765861996,affine_dtft,44.2728949873292,9,identified,3,88.6606369561399,90.05073796104591,171.544136032398,0.0366272228972778,68.96248897457785,14,1.4362462171615606,False,,,
23,2350.0,435181.2404500521,4004142.3750164,-75.7208234610917,36.17989441074226,ok,,IW,0,22430.77717057127,1237.1043009065793,52,51,9.803898955794237,10.099788282125548,0.0,0.034868180500283,affine_dtft,44.275561281615836,9,identified,3,158.31319281002234,54.344434908023466,162.8156743689765,0.03859078882626799,57.994616791916336,3,2.011214774047208,False,,,
23,2400.0,435229.25299219415,4004156.3319428903,-75.72029072268833,36.180023445338996,ok,,IW,0,22435.83905145679,1237.7135781423704,52,51,9.803381356700347,10.099829173123018,0.0,0.034193766254845534,affine_dtft,44.278227719662915,9,identified,2,158.27023323574966,54.29494124509323,159.92193217393253,0.03928907825066757,51.340191745909806,2,2.676033395145559,False,,,
23,2450.0,435277.26553433615,4004170.288869381,-75.71975798250044,36.18015247758184,ok,147.97614421374985,IW,0,22440.901197036448,1238.3228049686204,52,51,9.80288360010106,10.099870036123951,0.0,0.0335135331409918,affine_dtft,44.28089429608304,9,identified,1,155.98220027772956,54.5065877959739,159.92193217393253,0.03928907825066757,51.340191745909806,2,3.330508914615547,True,19.745369632744843,22.411128489620104,17.523252685682003
23,2500.0,435325.2780764782,4004184.2457958716,-75.71922524052808,36.180281507470745,ok,146.482920718727,IW,0,22445.963597088197,1238.9319827872964,52,51,9.802405687788472,10.099910872410721,0.0,0.032850223964143936,affine_dtft,44.28356100548612,9,identified,1,152.74519552179825,55.573119983987176,142.0032502336585,0.04424677109038668,56.309932474020094,1,4.328388887725917,True,19.245219032560843,21.832725412139435,17.080690836475664
23,2550.0,435373.29061862023,4004198.202722362,-75.71869249677128,36.180410535005684,ok,145.5869866217133,IW,0,22451.02624138369,1239.5411130023213,52,51,9.801947634033843,10.099951677949937,0.0,0.032181621251809255,affine_dtft,44.286227842478695,9,identified,1,149.2918823623671,57.65940439642036,142.0032502336585,0.04424677109038668,56.309932474020094,1,4.940900750587564,True,18.950557377825206,21.492806555763103,16.819547654242964
23,2600.0,435421.3031607623,4004212.1596488524,-75.7181597512301,36.18053956018662,ok,144.13238163972386,IW,0,22456.08911969118,1240.1501970167997,52,51,9.801509431834727,10.099992460275299,0.0,0.03151935109812054,affine_dtft,44.28889480166554,9,identified,1,148.33726877655675,58.62701412289719,142.0032502336585,0.04424677109038668,56.309932474020094,1,5.878692987300058,True,18.48057471187647,20.951891915440925,16.402414694028337
23,2650.0,435469.3157029043,4004226.1165753426,-75.71762700390458,36.18066858301353,ok,147.23942390068447,IW,0,22461.152221772685,1240.7592362347623,52,51,9.801091084908757,10.100033213692026,0.0,0.030875358347900117,affine_dtft,44.29156187764815,9,identified,1,150.3465247119187,59.29443256422113,142.0032502336585,0.04424677109038668,56.309932474020094,1,5.559035394967832,True,19.497175694352055,22.123873728567567,17.30374714655539
23,2700.0,435517.3282450464,4004240.0735018332,-75.71709425479476,36.180797603486354,ok,149.36855530674984,IW,0,22466.215537386324,1241.3682320606108,52,51,9.800692608447704,10.100073936997335,0.0,0.0302270658607747,affine_dtft,44.294229065025924,9,identified,1,155.78545224177236,59.07556121455905,152.64890726398542,0.04116102381469181,63.43494882292177,2,4.925437414309121,True,20.222251952286353,22.964362202891554,17.94438863065402
23,2750.0,435565.3407871884,4004254.0304283234,-75.71656150390069,36.180926621605096,ok,151.4976867128152,IW,0,22471.27905628635,1241.9771858993556,52,51,9.800313991415189,10.100114636422866,0.0,0.02959810919812322,affine_dtft,44.296896358396275,9,identified,1,160.45459856209087,58.44767886426049,157.53846153846138,0.03988350048502671,67.38013505195934,4,4.714627330869681,True,20.971854946515275,23.837574996057487,18.604655617138206
23,2800.0,435613.35332933045,4004267.987354814,-75.71602875122242,36.18105563736969,ok,149.98859411575467,IW,0,22476.342768220744,1242.5860991564637,52,51,9.799955247150084,10.100155306595738,0.0,0.02896566970333387,affine_dtft,44.29956375235326,9,identified,1,156.8471846412551,58.47927988676126,152.64890726398542,0.04116102381469181,63.43494882292177,2,5.426974947637972,True,20.437960362859755,23.215182443307338,18.134606421051167
23,2850.0,435661.3658714725,4004281.9442813043,-75.71549599676,36.18118465078011,ok,142.91244043645358,IW,0,22481.406662936013,1243.1949732371306,52,51,9.799616374917777,10.100195947388787,0.0,0.028341910574851796,affine_dtft,44.30223124149019,9,identified,1,146.8105549540692,60.04100585071228,152.64890726398542,0.04116102381469181,63.43494882292177,2,6.10751530831396,True,18.094233491856127,20.508359997268375,16.058968372144292
23,2900.0,435709.3784136145,4004295.901207795,-75.71496324051344,36.18131366183633,ok,132.9925636221774,IW,0,22486.470730173645,1243.80380954811,52,51,9.79929737269354,10.100236568262563,0.0,0.027739336118284566,affine_dtft,44.30489882039771,9,identified,1,133.66455526808735,62.88507983463635,134.45778724835563,0.04672979851716567,66.80140948635159,4,5.923425682699119,True,15.195339886992308,17.209342674821947,13.467467488586173
23,2950.0,435757.3909557566,4004309.858134285,-75.71443048248284,36.18144267053831,ok,123.25707163131683,IW,0,22491.534959671248,1244.4126094952228,52,51,9.798998251863132,10.100277159129755,0.0,0.02701754175557442,affine_dtft,44.30756648366444,9,identified,1,117.1079526192086,67.50327565071125,117.26813886748006,0.05357964548478046,66.37062226934299,4,7.31193664341591,True,12.71817724065806,14.424440872334078,11.23578750351153
23,3000.0,435805.4034978986,4004323.8150607757,-75.71389772266821,36.18157167688603,ok,115.90911272314969,IW,0,22496.59934116452,1245.0213744855262,52,51,9.798719010161776,10.100317724383299,0.0,0.026425774932506908,affine_dtft,44.31023422587796,9,identified,1,105.24487506167559,68.91365168719639,107.93907746708058,0.05821047811989909,71.56505117707775,4,5.558609286987199,True,11.055005369319348,12.56844011615246,9.73067778594133
23,3050.0,435853.41604004067,4004337.771987266,-75.71336496106959,36.18170068087942,ok,109.72622121474772,IW,0,22501.663864384012,1245.630105925605,52,51,9.798459651179213,10.100358265861619,0.0,0.02585759189197465,affine_dtft,44.31290204162318,9,identified,1,98.80655091121,70.08658101325503,103.97144730968249,0.06043183460229139,66.03751102542165,2,4.444799994040163,True,9.777928564712704,11.149144367145178,8.572365016271123
23,3100.0,435901.4285821827,4004351.7289137566,-75.71283219768705,36.181829682518504,ok,,IW,0,22506.728519058714,1246.2388052228234,52,51,9.79822017908488,10.100398775863534,0.0,0.025289526979682724,affine_dtft,44.31556992548415,9,ambiguous_multiple_blobs,2,168.39340700965994,114.52099480581974,169.49368598576476,0.0370703207652661,114.44395478041582,4,2.6764819669655404,False,,,
23,3150.0,435949.44112432475,4004365.6858402467,-75.71229943252061,36.1819586818032,ok,,IW,0,22511.793294914856,1246.8474737846159,52,51,9.798000591793649,10.100439266678068,0.0,0.024746797368175918,affine_dtft,44.318237872043476,9,identified,2,160.26287822397882,114.54539134692615,163.55240063998454,0.03841695556037899,116.56505117707728,5,2.753809048862454,False,,,
23,3200.0,435997.45366646675,4004379.6427667374,-75.71176666557032,36.18208767873348,ok,,IW,0,22516.85818167549,1247.4561130181255,52,51,9.797800891006922,10.100479727121778,0.0,0.02420577426110431,affine_dtft,44.32090587588208,9,ambiguous_multiple_blobs,2,77.30610240138247,65.892974871592,163.55240063998454,0.03841695556037899,116.56505117707728,5,2.561551245121792,False,,,
23,3250.0,436045.4662086088,4004393.5996932276,-75.71123389683625,36.182216673309334,ok,,IW,0,22521.923169061803,1248.0647243314318,52,51,9.797621082311919,10.100520167094539,0.0,0.02367963417167995,affine_dtft,44.323573931579915,9,identified,4,76.8934119675244,64.54312492274822,178.55637311050626,0.03518880450876432,125.53767779197372,3,1.8016769989550554,False,,,
23,3300.0,436093.47875075083,4004407.556619718,-75.71070112631843,36.18234566553072,ok,,IW,0,22526.98824679247,1248.673309132475,52,51,9.797461166552791,10.100560575854919,0.0,0.023181834411499153,affine_dtft,44.32624203371561,9,identified,4,77.28173054165924,63.8390690001026,178.55637311050626,0.03518880450876432,125.53767779197372,3,1.6211296879485784,False,,,
23,3350.0,436141.4912928929,4004421.5135462084,-75.71016835401689,36.182474655397584,ok,,IW,0,22532.05340458489,1249.2818688285704,52,51,9.797321144092988,10.100600964348198,0.0,0.02268858536452971,affine_dtft,44.328910176867105,9,identified,4,166.68981412962486,54.03997907119193,157.07442971594122,0.040001324967674966,57.52880770915136,4,2.674659244915378,False,,,
23,3400.0,436189.5038350349,4004435.470472699,-75.70963557993169,36.18260364290991,ok,,IW,0,22537.11863215378,1249.8904048281634,52,51,9.797201017652569,10.100641325748,0.0,0.02222593514232334,affine_dtft,44.33157835561093,9,identified,2,168.4901609164203,53.340369853187894,178.55637311050626,0.03518880450876432,54.46232220802541,3,2.3540945981113124,False,,,
23,3450.0,436237.516377177,4004449.427399189,-75.70910280406287,36.182732628067654,ok,,IW,0,22542.18391921368,1250.4989185389618,52,51,9.797100785062458,10.100681661644733,0.0,0.02177004298753119,affine_dtft,44.334246564523525,9,identified,3,167.039524083448,50.811219547208644,178.55637311050626,0.03518880450876432,54.46232220802541,3,2.585051095998059,False,,,
23,3500.0,436285.528919319,4004463.38432568,-75.70857002641048,36.18286161087081,ok,,IW,0,22547.24925547715,1251.1074113693733,52,51,9.797020449321344,10.100721975789,0.0,0.02133462289507105,affine_dtft,44.3369147981803,9,identified,4,163.45322949732352,48.3948877935553,159.92193217393253,0.03928907825066757,51.340191745909806,4,2.696959214288638,False,,,
24,250.0,433229.274156047,4003340.3567467034,-75.74246065931054,36.17253161952231,touches_land_or_unmapped,,,,,,,,,,,,,,,,,,,,,,,,,,,
24,300.0,433277.09683974204,4003354.9509552876,-75.74193017285818,36.17266648154826,touches_land_or_unmapped,,,,,,,,,,,,,,,,,,,,,,,,,,,
24,350.0,433324.9195234371,4003369.5451638717,-75.74139968455016,36.172801341241666,touches_land_or_unmapped,,,,,,,,,,,,,,,,,,,,,,,,,,,
24,400.0,433372.74220713216,4003384.1393724564,-75.7408691943865,36.17293619860247,ok,94.53613857574504,IW,0,22236.63024601593,1191.3665019617076,52,51,9.838779557338363,10.096106559028676,0.0,0.06405277198916638,affine_dtft,44.173335955905166,9,identified,2,94.54266929379017,79.04909482351316,82.78549334573489,0.07589717779344847,75.96375653207332,4,6.851428534076257,True,7.06033615953733,8.13991466951427,6.104401275601454
24,450.0,433420.56489082717,4003398.7335810405,-75.74033870236728,36.173071053630665,ok,96.37505600118448,IW,0,22241.66551429633,1192.0441651089027,52,51,9.837506448846755,10.096155742792304,0.0,0.06326648248314241,affine_dtft,44.175988297376335,9,identified,1,97.13154187776367,78.8422169654087,100.4114611907501,0.06257438376724263,78.69006752597954,1,7.596867961300228,True,7.359914118783027,8.471216344532028,6.376415100503912
24,500.0,433468.38757452223,4003413.3277896247,-75.73980820849252,36.1732059063262,ok,98.64004669082512,IW,0,22246.701432138354,1192.7217243415332,52,51,9.836252837866661,10.09620488116407,0.0,0.06249036298545893,affine_dtft,44.178640980036725,9,identified,1,99.21258281533328,79.23723676007478,100.4114611907501,0.06257438376724263,78.69006752597954,1,7.386631898379287,True,7.7395938474098935,8.891183204430172,6.721237130255729
24,550.0,433516.2102582173,4003427.9219982093,-75.73927771276227,36.17334075668905,ok,104.2966269023085,IW,0,22251.737989722224,1193.399181015145,52,51,9.835018735032353,10.09625398274349,0.0,0.06170506960936989,affine_dtft,44.18129399870828,9,identified,1,102.510579579666,78.65371521948201,101.89180827750278,0.06166526449375895,84.28940686250012,2,6.615009255449208,True,8.741162421370356,9.999789006152213,7.630980349351904
24,600.0,433564.03294191236,4003442.5162067935,-75.7387472151766,36.173475604719165,ok,106.42801354478885,IW,0,22256.775177218515,1194.0765364849378,52,51,9.83380415193994,10.09630304333258,0.0,0.060920286896680914,affine_dtft,44.18394734820786,9,identified,1,105.17295763287018,77.23583174782944,107.70000944938768,0.05833969132688232,75.37912601136811,5,5.29497546820734,True,9.139070277305196,10.440652864599839,7.992353248730662
24,650.0,433611.8556256074,4003457.1104153777,-75.7382167157355,36.17361045041651,ok,111.18136931035929,IW,0,22261.812984783286,1194.7537921091132,52,51,9.83260909329225,10.096352063177104,0.0,0.06014583678448314,affine_dtft,44.18660102334465,9,identified,1,108.1980261153788,77.952927665907,111.06839440315186,0.05657041628217941,77.47119229084822,6,3.94181906898182,True,10.068973583486825,11.472221041782127,8.836495531111403
24,700.0,433659.6783093025,4003471.7046239623,-75.73768621443905,36.17374529378107,ok,116.2053212987286,IW,0,22266.851402560194,1195.4309492476382,52,51,9.831433576164429,10.096401043400803,0.0,0.059362185512620576,affine_dtft,44.189255018921344,9,identified,1,116.30610892040902,85.08573719262513,111.06839440315186,0.05657041628217941,77.47119229084822,6,3.6264995964479656,True,11.118902225186185,12.639574307053492,9.78858119369471
24,750.0,433707.5009929975,4003486.2988325465,-75.73715571128729,36.173880134812805,ok,118.22648386624228,IW,0,22271.89042068222,1196.108009260847,52,51,9.830277603335883,10.09644998077611,0.0,0.058579120439944614,affine_dtft,44.19190932973496,9,identified,1,121.83441309184903,86.71967271053586,124.17824001860234,0.05059811852896565,75.96375653207325,3,4.7959529882556815,True,11.56178699412545,13.132976486437668,10.189764747434431
24,800.0,433755.32367669255,4003500.893041131,-75.73662520628024,36.17401497351167,ok,118.62918152574048,IW,0,22276.930029268766,1196.7849735112989,52,51,9.829141188559978,10.096498883763074,0.0,0.05780657188556587,affine_dtft,44.194563950575386,9,identified,1,121.45138469210877,86.73336846965286,127.01156821934933,0.04946939397148855,82.8749836510979,2,5.341722718245223,True,11.651481754460448,13.23297991834417,10.270978486826456
24,850.0,433803.1463603876,4003515.4872497153,-75.73609469941796,36.174149809877626,ok,120.51937830638762,IW,0,22281.970218428185,1197.46184336263,52,51,9.828024331328454,10.096547745280278,0.0,0.05702480050454846,affine_dtft,44.19721887622665,9,identified,1,118.17184055946072,86.12117380869257,117.80582228695603,0.0533350999568999,85.60129464500419,3,5.408867171863494,True,12.079086975059711,13.710107530659677,10.657975394430988
24,900.0,433850.9690440827,4003530.0814582994,-75.7355641907005,36.17428464391064,ok,119.29975773564938,IW,0,22287.0109782573,1198.138620179657,52,51,9.826927054151758,10.096596567653963,0.0,0.056243697210633485,affine_dtft,44.19987410146675,9,identified,1,115.76773162881472,86.00573141216762,113.08188270064278,0.05556314731523188,83.65980825408981,4,3.6919190694548707,True,11.801930631111569,13.400780798178523,10.407173516225503
24,950.0,433898.79172777775,4003544.675666884,-75.7350336801279,36.17441947561068,ok,,IW,0,22292.05229884097,1198.8153053293913,52,51,9.825849357814509,10.096645350749032,0.0,0.05547331166375608,affine_dtft,44.20252962106732,9,identified,3,117.66907354456785,86.7267732349041,120.67955732250397,0.052065034431543415,81.86989764584368,5,2.804079847776692,False,,,
24,1000.0,433946.6144114728,4003559.269875468,-75.73450316770018,36.17455430497773,ok,,IW,0,22297.09417025489,1199.4919001797168,52,51,9.824791253302738,10.096694097704228,0.0,0.054693692734241045,affine_dtft,44.20518542979521,9,identified,4,149.04335800893648,71.8704326662513,134.06173988659043,0.046867848444267904,71.20011484134713,13,2.1301936001790143,False,,,
24,1050.0,433994.4370951678,4003573.8640840524,-75.73397265341741,36.17468913201172,ok,,IW,0,22302.13658255987,1200.1684060998405,52,51,9.823752748567635,10.096742803578742,0.0,0.05391484754863147,affine_dtft,44.20784152240938,9,identified,2,241.73856417345868,21.533592236054478,146.16401233928434,0.04298722514947587,73.41266144307228,14,1.7577840247457617,False,,,
24,1100.0,434042.2597788629,4003588.458292637,-75.73344213727961,36.17482395671266,ok,,IW,0,22307.179525809686,1200.8448244603148,52,51,9.822733850517062,10.096791468618372,0.0,0.05314692912179674,affine_dtft,44.21049789366512,9,identified,3,106.69073656794683,73.99421925297501,137.4401260014486,0.0457157999630571,85.60129464500413,7,1.81975700218373,False,,,
24,1150.0,434090.08246255794,4003603.052501221,-75.73291161928687,36.17495877908046,ok,,IW,0,22312.222990044633,1201.5211566329951,52,51,9.821734569274154,10.096840101292438,0.0,0.05236978101527026,affine_dtft,44.213154538310576,9,identified,4,118.42399923439959,81.77423078057757,136.45754463288702,0.04604498288521384,88.09084756700324,8,1.9152891056764791,False,,,
24,1200.0,434137.905146253,4003617.6467098054,-75.73238109943917,36.17509359911512,ok,,IW,0,22317.266965296905,1202.1974039911026,52,51,9.820754909626052,10.096888694157286,0.0,0.05159353117956581,affine_dtft,44.21581145108966,9,identified,1,125.48589462784292,90.51851026239754,122.48866142651889,0.05129605658193005,94.57392125990042,6,2.7973689397556667,False,,,
24,1250.0,434185.72782994807,4003632.24091839,-75.73185057773658,36.17522841681662,ok,,IW,0,22322.31144158671,1202.8735679094887,52,51,9.819794889868819,10.096937245099891,0.0,0.05082845035567698,affine_dtft,44.21846862673992,9,identified,1,122.42255699487811,97.79967920498142,132.37806044343853,0.047463947470844065,94.23639479905837,7,2.520008586048569,False,,,
24,1300.0,434233.55051364313,4003646.835126974,-75.73132005417916,36.175363232184885,ok,,IW,0,22327.356408924807,1203.5496497625566,52,51,9.818854504505989,10.09698576182796,0.0,0.05007284216789914,affine_dtft,44.22112605999397,9,identified,1,165.97408364785775,72.70042551656526,139.06290592130824,0.04518232425500343,95.19442890773429,6,2.8058090040716994,False,,,
24,1350.0,434281.37319733814,4003661.4293355583,-75.73078952876693,36.17549804521989,ok,,IW,0,22332.401857312037,1204.2256509279437,52,51,9.817933763685577,10.097034240603373,0.0,0.04932391013213625,affine_dtft,44.223783745579155,9,identified,2,162.2239342642957,74.89074315287064,153.59999999999997,0.04090615434361711,89.99999999999955,3,3.3816193993097814,True,,,
24,1400.0,434329.1958810332,4003676.023544143,-75.73025900149996,36.175632855921634,ok,,IW,0,22337.447776739886,1204.9015727833767,52,51,9.81703268734365,10.097082680009445,0.0,0.04858681291319568,affine_dtft,44.2264416782179,9,ambiguous_multiple_blobs,2,157.25113146827027,80.06064092840106,168.3445630006857,0.03732336343499251,80.537677791974,2,2.6569196076241672,False,,,
24,1450.0,434377.01856472826,4003690.617752727,-75.72972847237826,36.175767664290035,ok,,IW,0,22342.49415718983,1205.577416707696,52,51,9.816151265344175,10.097131086217157,0.0,0.04784165512426717,affine_dtft,44.22909985262737,9,identified,3,160.2970136439383,83.63778517586425,168.3445630006857,0.03732336343499251,80.537677791974,2,2.6313633905050464,False,,,
24,1500.0,434424.8412484233,4003705.2119613113,-75.72919794140188,36.17590247032509,ok,113.52866111508835,IW,0,22347.54098863373,1206.2531840813615,52,51,9.815289515452394,10.097179453816544,0.0,0.046952131632447394,affine_dtft,44.23175826351962,9,identified,2,149.0966444899804,84.83399373932545,121.02308081080874,0.05191724805784672,78.3106308245605,7,3.4132422411165164,True,10.550672280143697,12.00740982351226,9.273464807321554
24,1550.0,434472.6639321184,4003719.806169896,-75.72866740857087,36.176037274026754,ok,118.41226852041554,IW,0,22352.5882610358,1206.9288762852188,52,51,9.81444743904783,10.097227784158525,0.0,0.04622166245101373,affine_dtft,44.234416905602714,9,identified,1,134.80080992605983,88.68145453717503,121.43146215046566,0.05174264721768807,71.5650511770778,6,3.2772541100485335,True,11.603107018656729,13.179042113635072,10.22717932966682
24,1600.0,434520.48661581345,4003734.40037848,-75.72813687388526,36.17617207539498,ok,118.41226852041554,IW,0,22357.63596434983,1207.6044947016878,52,51,9.813625051362786,10.097276074628345,0.0,0.04548327847539133,affine_dtft,44.23707577357919,9,identified,2,110.79967171382808,64.21984600040768,98.13144038399065,0.06402825926729837,63.43494882292192,3,3.2680058297303547,True,11.603107018656729,13.179042113635072,10.22717932966682
24,1650.0,434568.30929950846,4003748.9945870643,-75.72760633734514,36.176306874429756,ok,117.54199775695115,IW,0,22362.68408852164,1208.2800407140776,52,51,9.812822350398838,10.097324335938309,0.0,0.04474721166179303,affine_dtft,44.239734862147415,9,identified,1,158.92159429943058,89.2880590382315,133.0630907363971,0.04721959539949969,72.34987578006961,6,3.1358949584238696,True,11.410443856080333,12.964299615298865,10.052704006439875
24,1700.0,434616.1319832035,4003763.588795649,-75.7270757989505,36.17644167113104,ok,,IW,0,22367.732623488646,1208.9555157063369,52,51,9.812039346795302,10.097372557779812,0.0,0.04402389879385046,affine_dtft,44.24239416600129,9,identified,2,166.71804380317278,93.45656735125006,168.3445630006857,0.03732336343499251,99.46232220802499,2,2.697884003020687,False,,,
24,1750.0,434663.9546668986,4003778.183004233,-75.72654525870139,36.176576465498776,ok,,IW,0,22372.781559179333,1209.6309210641418,52,51,9.811276045241321,10.097420741020555,0.0,0.04329286420504594,affine_dtft,44.24505367983002,9,identified,3,168.35751744433222,98.97209395130844,168.3445630006857,0.03732336343499251,99.46232220802499,2,2.583515843059315,False,,,
24,1800.0,434711.77735059365,4003792.777212817,-75.72601471659789,36.17671125753296,ok,,IW,0,22377.830885514544,1210.30625817337,52,51,9.810532453630552,10.097468887401547,0.0,0.04256450313728387,affine_dtft,44.247713398318794,9,identified,5,172.0300693381354,50.29453435185124,168.3445630006857,0.03732336343499251,99.46232220802499,2,2.1290465474590503,False,,,
24,1850.0,434759.6000342887,4003807.371421402,-75.72548417264,36.17684604723354,ok,122.83660562889588,IW,0,22382.880592407026,1210.9815284213016,52,51,9.809808575810893,10.097517002870855,0.0,0.04184945572623648,affine_dtft,44.25037331614851,9,identified,2,142.05183803365796,55.846916030541365,127.01156821934926,0.04946939397148858,60.255118703057654,4,3.9406566278475608,True,12.618470822508645,14.312894470238954,11.14569018006231
24,1900.0,434807.4227179838,4003821.965629986,-75.72495362682778,36.176980834600485,ok,123.88034627650923,IW,0,22387.93066976198,1211.6567331957458,52,51,9.80910442053437,10.09756508256638,0.0,0.04112692913771206,affine_dtft,44.253033427996115,9,identified,1,129.0683792257771,61.307041392745916,114.4866804479891,0.05488136508625573,63.434948822921854,3,5.235299051812955,True,12.867030914856906,14.59104257295378,11.37026046810538
24,1950.0,434855.2454016788,4003836.55983857,-75.72442307916127,36.17711561963375,ok,124.52832991907208,IW,0,22392.98110747699,1212.331873885237,52,51,9.808419984018558,10.097613123650534,0.0,0.04040752076171082,affine_dtft,44.2556937285345,9,identified,1,126.5588947695301,60.9301345428896,127.01156821934926,0.04946939397148858,60.255118703057654,2,7.623277744764855,True,13.023133057555192,14.765851008420839,11.511235522991912
24,2000.0,434903.06808537384,4003851.154047155,-75.72389252964054,36.177250402333314,ok,125.03139486730156,IW,0,22398.031895442244,1213.006951880026,52,51,9.807755287917148,10.097661132451993,0.0,0.03969139492991934,affine_dtft,44.25835421243271,9,identified,1,129.62445447906344,62.328530895656925,127.01156821934926,0.04946939397148858,60.255118703057654,2,6.301215318783526,True,13.14527968675632,14.902703198304732,11.621511908041592
24,2050.0,434950.8907690689,4003865.748255739,-75.72336197826559,36.17738518269913,ok,125.58768655119975,IW,0,22403.083023540603,1213.6819685700648,52,51,9.807110330522363,10.097709107150548,0.0,0.038989472837316935,affine_dtft,44.26101487435586,9,identified,1,131.18772679065034,64.12243832634589,127.12026448932349,0.04942709435368816,65.55604521958325,3,4.930499487212112,True,13.28133193374599,15.0552068705783,11.744307119803226
24,2100.0,434998.713452764,4003880.342464323,-75.72283142503649,36.17751996073118,ok,122.11704327548958,IW,0,22408.134481649246,1214.356925346483,52,51,9.806485112556889,10.097757041388022,0.0,0.03828052847454598,affine_dtft,44.263675708966126,9,identified,1,120.7732508228974,72.04229265901145,129.52689296049664,0.04850873176658259,71.56505117707776,4,3.8096660224606014,True,12.449156463298042,14.12356125976922,10.992651031717068
24,2150.0,435046.53613645904,4003894.936672908,-75.72230086995326,36.17765473642942,ok,120.89341203952466,IW,0,22413.186259636914,1215.0318236015937,52,51,9.805879645756532,10.09780494701071,0.0,0.0375754388849599,affine_dtft,44.26633671092121,9,identified,1,116.16498916751667,76.33662536328531,117.2681388674801,0.05357964548478044,76.75948008481254,4,4.439803796702595,True,12.165007152313034,13.806055897108765,10.73569937093047
24,2200.0,435094.3588201541,4003909.530881492,-75.72177031301598,36.1777895097938,ok,118.81779455625838,IW,0,22418.23834736601,1215.7066647281313,52,51,9.805293932844057,10.097852811554308,0.0,0.03688536212546378,affine_dtft,44.26899787487548,9,identified,2,113.7543330123247,74.34540400253077,109.6583518407984,0.05729782731279321,80.13419305691538,5,3.8100273568335092,True,11.693660674072511,13.280015800284103,10.309164891951388
24,2250.0,435142.1815038491,4003924.125090076,-75.72123975422467,36.177924280824314,ok,,IW,0,22423.290734694525,1216.381450119196,52,51,9.804727977777219,10.097900646942914,0.0,0.03618872645157692,affine_dtft,44.271659195480964,9,identified,5,86.59487303353856,89.0213085847745,134.71611176555945,0.04664019191790465,74.74488129694195,3,2.0520124674721916,False,,,
24,2300.0,435190.00418754417,4003938.7192986608,-75.72070919357935,36.178059049520904,ok,,IW,0,22428.343411472935,1217.0561811687055,52,51,9.804181779917267,10.097948449568912,0.0,0.035496650435103985,affine_dtft,44.274320667385744,9,identified,4,185.0371067099444,106.55617382539315,165.72809168025086,0.03791261483479887,71.1139126302904,13,1.6467496351069324,False,,,
24,2350.0,435237.82687123923,4003953.313507245,-75.7201786310801,36.178193815883546,ok,,IW,0,22433.396367544934,1217.730859271601,52,51,9.803655354342705,10.097996216807552,0.0,0.034820548187496164,affine_dtft,44.27698228523431,9,identified,3,152.42277997904222,56.284556149752504,162.8156743689765,0.03859078882626799,57.994616791916336,3,2.192042984322063,False,,,
24,2400.0,435285.6495549343,4003967.9077158296,-75.71964806672696,36.178328579912204,ok,,IW,0,22438.449592749756,1218.4054858232184,52,51,9.80314869724267,10.098043947632855,0.0,0.0341384885800602,affine_dtft,44.27964404366883,9,identified,2,157.7401794145643,56.371704585720785,162.8156743689765,0.03859078882626799,57.994616791916336,3,2.5234111315119123,False,,,
24,2450.0,435333.47223862936,4003982.5019244137,-75.71911750051996,36.17846334160684,ok,,IW,0,22443.50307692147,1219.0800622189265,52,51,9.802661817649149,10.098091648489014,0.0,0.03332947405531013,affine_dtft,44.28230593732871,9,identified,2,157.56757414838964,57.07326925132905,162.8156743689765,0.03859078882626799,57.994616791916336,3,2.9780952689999087,False,,,
24,2500.0,435381.2949223244,4003997.096132998,-75.71858693245913,36.17859810096741,ok,149.1003549205431,IW,0,22448.556809887465,1219.7545898553174,52,51,9.802194716016535,10.098139311621534,0.0,0.03267118514141923,affine_dtft,44.284967960849855,9,identified,1,152.2764386748312,58.63276030204028,152.64890726398542,0.04116102381469181,63.43494882292177,2,3.495752533451544,True,20.129592442323467,22.856731333653485,17.86262588299241
24,2550.0,435429.1176060194,4004011.6903415825,-75.71805636254456,36.178732857993886,ok,147.32607874882194,IW,0,22453.61078147127,1220.429070129527,52,51,9.801747403196673,10.098186947630825,0.0,0.032007790420890456,affine_dtft,44.28763010886614,9,identified,1,145.67149636309878,60.11434919102667,152.64890726398542,0.04116102381469181,63.43494882292177,2,3.3647853283258016,True,19.526223203033553,22.15746926042377,17.329448422367914
24,2600.0,435476.9402897145,4004026.2845501667,-75.71752579077624,36.17886761268627,ok,146.26151304578926,IW,0,22458.664981490565,1221.1035044394218,52,51,9.801319868754819,10.098234545660016,0.0,0.031350977785240354,affine_dtft,44.29029237600832,9,identified,1,145.04907492682995,59.44303413156925,142.0032502336585,0.04424677109038668,56.309932474020094,1,4.395621029863835,True,19.17202704931671,21.748234265015395,17.015852633079376
24,2650.0,435524.76297340955,4004040.878758751,-75.71699521715422,36.179002365044454,ok,148.29486646678748,IW,0,22463.71939976036,1221.7778941813963,52,51,9.800912133940102,10.098282112427535,0.0,0.030712767344412154,affine_dtft,44.29295475690581,9,identified,1,148.6640187057505,58.62307593921223,142.0032502336585,0.04424677109038668,56.309932474020094,1,5.06028487879005,True,19.853620680526575,22.536559699557948,17.618922008087427
24,2700.0,435572.5856571046,4004055.4729673355,-75.71646464167858,36.17913711506846,ok,148.29486646678748,IW,0,22468.77402608708,1222.4522407552295,52,51,9.800524187821035,10.09832964636913,0.0,0.030070478653693757,affine_dtft,44.295617246183426,9,identified,1,154.77826687194033,57.682183151842814,142.0032502336585,0.04424677109038668,56.309932474020094,1,4.366117933403791,True,19.853620680526575,22.536559699557948,17.618922008087427
24,2750.0,435620.4083407997,4004070.0671759197,-75.71593406434934,36.179271862758235,ok,150.42399787285285,IW,0,22473.828850277736,1223.126545558827,52,51,9.800156041743987,10.098377148931897,0.0,0.029436134053627053,affine_dtft,44.29827983846635,9,identified,2,159.10223450226405,58.06639728111002,162.8156743689765,0.03859078882626799,57.994616791916336,3,4.150440419154875,True,20.5906950945665,23.393000296796263,18.269186974074184
24,2800.0,435668.23102449474,4004084.661384504,-75.71540348516655,36.179406608113744,ok,148.91490527579228,IW,0,22478.88386213154,1223.8008099918509,52,51,9.799807694378627,10.098424614451023,0.0,0.02882206291564272,affine_dtft,44.30094252837561,9,identified,1,155.24033432115255,59.41152956083775,152.64890726398542,0.04116102381469181,63.43494882292177,2,5.560901653958619,True,20.06574832769308,22.782610193806352,17.806271453313713
24,2850.0,435716.05370818975,4004099.2555930885,-75.71487290413023,36.17954135113495,ok,143.9678830025566,IW,0,22483.939051446232,1224.4750354534453,52,51,9.799479153496604,10.098472052834856,0.0,0.028205258493254066,affine_dtft,44.30360531053148,9,identified,1,145.61325250389223,61.26285939757106,152.64890726398542,0.04116102381469181,63.43494882292177,2,6.177653109605501,True,18.428068696520178,20.891554979588534,16.355767108622498
24,2900.0,435763.8763918848,4004113.8498016726,-75.71434232124045,36.179676091821825,ok,132.9925636221774,IW,0,22488.994408014045,1225.1492233435958,52,51,9.79917041814228,10.09851945773652,0.0,0.027598066108650284,affine_dtft,44.30626817955132,9,identified,1,133.13556880260847,63.916014223804,134.45778724835563,0.04672979851716567,66.80140948635159,4,5.823444556626217,True,15.195339886992308,17.209342674821947,13.467467488586173
24,2950.0,435811.6990755799,4004128.444010257,-75.71381173649723,36.179810830174326,ok,123.25707163131683,IW,0,22494.049921625454,1225.8233750619272,52,51,9.798881492092939,10.098566833946524,0.0,0.027013179647503605,affine_dtft,44.308931130051576,9,identified,1,115.99528705236007,68.0433994879107,117.26813886748006,0.05357964548478046,66.37062226934299,4,8.12688620887811,True,12.71817724065806,14.424440872334078,11.23578750351153
24,3000.0,435859.52175927494,4004143.0382188414,-75.71328114990064,36.17994556619242,ok,115.90911272314969,IW,0,22499.105582066324,1226.4974920094583,52,51,9.798612371788092,10.098614173463899,0.0,0.026427264017795448,affine_dtft,44.311594156646265,9,identified,1,104.8815994003228,69.09187505417447,107.93907746708058,0.05821047811989909,71.56505117707775,4,5.949218653597408,True,11.055005369319348,12.56844011615246,9.73067778594133
24,3050.0,435907.34444297,4004157.6324274256,-75.71275056145072,36.180080299876074,ok,122.771819961216,IW,0,22504.16137912027,1227.1715755862003,52,51,9.798363072806362,10.098661485296786,0.0,0.02585304070274866,affine_dtft,44.31425725394819,9,identified,1,99.36520651768683,69.9080362089019,103.97144730968249,0.06043183460229139,66.03751102542165,2,4.572960096079882,True,12.6031586647238,14.29576740168925,11.131852066399711
24,3100.0,435955.16712666507,4004172.2266360098,-75.71221997114748,36.18021503122526,ok,,IW,0,22509.21730256735,1227.845627193577,52,51,9.798133581255644,10.098708762558124,0.0,0.025303542607687992,affine_dtft,44.3169204165683,9,identified,3,171.65209309792152,112.20408559385156,83.54738583865658,0.0752050497344516,67.61986494804033,3,2.996388605733001,False,,,
24,3150.0,436002.9898103601,4004186.8208445944,-75.711689378991,36.18034976023993,ok,,IW,0,22514.273342185672,1228.5196482322954,52,51,9.797923919633842,10.098756007977748,0.0,0.024755180905590826,affine_dtft,44.31958363911653,9,identified,3,166.2351958221614,110.67244178224531,161.90861620062083,0.03880698541326606,108.4349488229214,3,3.2005879926685528,True,,,
24,3200.0,436050.81249405514,4004201.4150531786,-75.7111587849813,36.18048448692004,ok,,IW,0,22519.329487751264,1229.1936401032535,52,51,9.797734068878713,10.09880322288422,0.0,0.02422103635839636,affine_dtft,44.322246916201685,9,identified,3,168.24490577963363,109.64757347937012,161.90861620062083,0.03880698541326606,108.4349488229214,3,2.7077288930452417,False,,,
24,3250.0,436098.6351777502,4004216.0092617627,-75.71062818911842,36.18061921126559,ok,,IW,0,22524.385729036672,1229.867604208392,52,51,9.79756404182477,10.09885041036848,0.0,0.023714489450365757,affine_dtft,44.324910242430754,9,identified,5,75.50013401772867,64.3897981061111,107.93907746708058,0.05821047811989909,71.56505117707775,4,2.315365361423404,False,,,
24,3300.0,436146.45786144526,4004230.6034703474,-75.71009759140244,36.18075393327651,ok,,IW,0,22529.442055813368,1230.5415419484923,52,51,9.797413838107012,10.098897564464178,0.0,0.023211757993204983,affine_dtft,44.32757361241016,9,identified,2,76.03251750473154,63.661224354756186,118.84501643331302,0.05286873186395024,68.19859051364796,5,3.0070680015122027,True,,,
24,3350.0,436194.2805451403,4004245.1976789315,-75.70956699183336,36.180888652952795,ok,,IW,0,22534.498457850637,1231.2154547255077,52,51,9.797283460226492,10.09894469096099,0.0,0.022726279865791902,affine_dtft,44.33023702074518,9,identified,2,147.3153241894993,53.18852234636321,129.52689296049672,0.04850873176658256,55.30484646876594,4,3.1404473679869622,True,,,
24,3400.0,436242.1032288354,4004259.7918875157,-75.70903639041124,36.18102337029439,ok,,IW,0,22539.554924916094,1231.8893439408548,52,51,9.797172906101851,10.098991787392043,0.0,0.02218310176234889,affine_dtft,44.33290046204017,9,identified,1,160.64032505490977,53.318945712511535,159.92193217393253,0.03928907825066757,51.340191745909806,2,2.713797623106169,False,,,
24,3450.0,436289.9259125304,4004274.3860961003,-75.70850578713613,36.181158085301256,ok,,IW,0,22544.6114467766,1232.563210995744,52,51,9.797082176365906,10.09903885126405,0.0,0.02173962263662721,affine_dtft,44.33556393089915,9,ambiguous_multiple_blobs,2,160.95242842243516,49.72498834206399,159.92193217393253,0.03928907825066757,51.340191745909806,2,3.0188855081142147,False,,,
24,3500.0,436337.74859622546,4004288.9803046845,-75.70797518200806,36.18129279797337,ok,,IW,0,22549.668013197563,1233.237057291977,52,51,9.79701128104437,10.09908588413226,0.0,0.02131715493306328,affine_dtft,44.338227421925325,9,identified,3,155.84601413604085,47.54205351759629,159.92193217393253,0.03928907825066757,51.340191745909806,4,2.816756665756895,False,,,
25,250.0,433297.00140036026,4003121.397512267,-75.74168901811913,36.17056238538571,touches_land_or_unmapped,,,,,,,,,,,,,,,,,,,,,,,,,,,
25,300.0,433344.7142901926,4003136.3467645505,-75.74115979437533,36.17070043703471,touches_land_or_unmapped,,,,,,,,,,,,,,,,,,,,,,,,,,,
25,350.0,433392.4271800249,4003151.2960168347,-75.74063056873787,36.170838486362676,touches_land_or_unmapped,,,,,,,,,,,,,,,,,,,,,,,,,,,
25,400.0,433440.14006985724,4003166.2452691183,-75.74010134120677,36.17097653336955,ok,95.20280479469459,IW,0,22239.86119387718,1168.9975195482816,52,51,9.837994497435231,10.093968790871555,0.0,0.06380910872010088,affine_dtft,44.17508481240629,9,identified,1,92.63386541965427,79.19722318898089,95.46287506157272,0.0658181026197565,76.8274465766729,9,4.970908390266872,True,7.1680545042591195,8.259035146772595,6.2022007162950885
25,450.0,433487.85295968957,4003181.1945214025,-75.73957211178208,36.171114578055324,ok,96.87505566539663,IW,0,22244.891547584255,1169.7116801734633,52,51,9.836735134404673,10.094022461176822,0.0,0.06302383225063284,affine_dtft,44.177734510615295,9,identified,1,96.42276084423074,78.90710245111788,89.73407813176091,0.07002005746304854,83.2901631922428,3,6.064449455550563,True,7.442705794940953,8.562783741657979,6.451599782462467
25,500.0,433535.5658495219,4003196.143773686,-75.73904288046386,36.171252620419956,ok,99.04004642219483,IW,0,22249.92254349164,1170.4257374955812,52,51,9.835495239818666,10.094076089692617,0.0,0.062239047025369296,affine_dtft,44.18038454606356,9,identified,1,99.34626461127307,79.35881691999096,100.4114611907501,0.06257438376724263,78.69006752597954,1,6.533215092369142,True,7.8078909856924215,8.9667402443901,6.783270141620623
25,550.0,433583.2787393542,4003211.0930259703,-75.73851364725213,36.17139066046339,ok,102.16115029051066,IW,0,22254.9541718056,1171.1396928667382,52,51,9.834274808324691,10.094129670872553,0.0,0.06145477993306066,affine_dtft,44.18303491358668,9,identified,1,103.48157711667774,79.16627196419206,101.89180827750278,0.06166526449375895,84.28940686250012,2,5.875252193147626,True,8.35390494967535,9.570983390961935,7.279231802636323
25,600.0,433630.99162918655,4003226.0422782544,-75.73798441214696,36.171528698185625,ok,106.42801354478885,IW,0,22259.98642271835,1171.853547641464,52,51,9.833073863453013,10.094183213452576,0.0,0.06068086328097669,affine_dtft,44.18568560801289,9,identified,1,105.77900144129877,77.48877257311737,107.70000944938768,0.05833969132688232,75.37912601136811,5,5.407329039721203,True,9.139070277305196,10.440652864599839,7.992353248730662
25,650.0,433678.7045190189,4003240.991530538,-75.73745517514834,36.171666733586584,ok,109.4607865680266,IW,0,22265.019286412273,1172.5673031736485,52,51,9.831892405932283,10.09423670752252,0.0,0.059897732850751284,affine_dtft,44.188336624165196,9,identified,1,108.26816322959367,69.00673008696796,111.06839440315186,0.05657041628217941,77.47119229084822,6,4.204722582475589,True,9.725452995408155,11.090915090939708,8.524734293088436
25,700.0,433726.4174088512,4003255.940782822,-75.73692593625637,36.17180476666627,ok,114.48473855639591,IW,0,22270.052753054697,1173.2809608218718,52,51,9.830730450027614,10.094290161064157,0.0,0.05911519230760846,affine_dtft,44.19098795685868,9,identified,1,109.3589327039431,68.3420603186755,111.06839440315186,0.05657041628217941,77.47119229084822,6,4.028965023049157,True,10.751287100212002,12.230489068707803,9.455374172218296
25,750.0,433774.1302986835,4003270.890035106,-75.73639669547106,36.17194279742463,ok,116.5059011239096,IW,0,22275.086812802438,1173.9945219432325,52,51,9.829587998563682,10.09434357382226,0.0,0.05834317885439451,affine_dtft,44.19363960090291,9,identified,1,123.12703662248757,86.54045932347275,115.57532630693886,0.05436441763091401,73.610459665965,4,4.692644833160099,True,11.184003700548395,12.712062521816822,9.847570461062226
25,800.0,433821.8431885158,4003285.83928739,-75.73586745279246,36.17208082586161,ok,119.6945358871491,IW,0,22280.121455800396,1174.7079878980603,52,51,9.828465067633942,10.094396940075908,0.0,0.05756192921574496,affine_dtft,44.19629155110113,9,identified,1,123.13907611389493,86.61802110939016,127.01156821934933,0.04946939397148855,82.8749836510979,2,4.958274494344803,True,11.891142629231734,13.500318630569264,10.487916263600539
25,850.0,433869.55607834813,4003300.7885396737,-75.73533820822063,36.17221885197721,ok,123.85019858089845,IW,0,22285.156672181016,1175.4213600480634,52,51,9.827361668795323,10.094450263688076,0.0,0.05678135782034135,affine_dtft,44.19894380225004,9,identified,1,119.74017138307609,85.93110052357929,117.80582228695603,0.0533350999568999,85.60129464500419,3,5.058091195994691,True,12.859801743892978,14.582949449278509,11.363730688697457
25,900.0,433917.26896818046,4003315.737791958,-75.73480896175555,36.172356875771385,ok,125.91891664938834,IW,0,22290.19245206762,1176.1346397548361,52,51,9.826277794753532,10.094503545331666,0.0,0.05600149026569157,affine_dtft,44.20159634914154,9,identified,1,117.07292019568922,85.82330734001795,127.01156821934933,0.04946939397148855,82.8749836510979,4,4.129722470757961,True,13.362834375263596,15.146601263016011,11.817849729434391
25,950.0,433964.9818580128,4003330.6870442415,-75.73427971339733,36.172494897244064,ok,125.55469945940133,IW,0,22295.228785569063,1176.8478283824704,52,51,9.825213474935799,10.094556782573529,0.0,0.055232418114268926,affine_dtft,44.20424918655988,9,identified,1,119.15556464141399,86.62970595781441,131.84670787189867,0.04765523090105735,78.11134196037173,5,3.197466543792374,True,13.27323535974376,15.046129123610026,11.737000539560505
25,1000.0,434012.6947478451,4003345.6362965256,-75.73375046314598,36.172632916395266,ok,,IW,0,22300.26566278542,1177.5609272970228,52,51,9.824168699868453,10.094609979763746,0.0,0.0544540939916924,affine_dtft,44.20690230928466,9,identified,1,127.19271776030692,87.35560388772907,151.26501065440036,0.04153759868192496,66.8014094863516,9,1.8193447497178508,False,,,
25,1050.0,434060.40763767745,4003360.5855488093,-75.73322121100155,36.17277093322492,ok,,IW,0,22305.303073805222,1178.2739378642148,52,51,9.823143496256186,10.094663137051423,0.0,0.05367658837410856,affine_dtft,44.209555712089454,9,identified,1,234.58371061521868,25.183969993024835,165.8624180375388,0.037881910691531975,76.3730051401081,11,1.4142503744253392,False,,,
25,1100.0,434108.1205275098,4003375.5348010934,-75.73269195696408,36.172908947733,ok,,IW,0,22310.341008705574,1178.9868614528123,52,51,9.822137860517536,10.094716250452278,0.0,0.052910108211201914,affine_dtft,44.212209389741766,9,identified,2,241.96432327379426,29.477400127300374,135.33564937320222,0.04642668311180187,82.40535663140824,8,1.7498422790205732,False,,,
25,1150.0,434155.8334173421,4003390.4840533775,-75.73216270103359,36.17304695991948,ok,,IW,0,22315.379457554878,1179.6996994313342,52,51,9.821151798951012,10.094769320554857,0.0,0.0521343804940035,affine_dtft,44.21486333700452,9,identified,3,167.85327056728204,102.95892876200232,130.83530057655022,0.048023624201507964,87.33699923393247,11,1.810822361186564,False,,,
25,1200.0,434203.54630717443,4003405.433305661,-75.73163344321016,36.173184969784295,ok,,IW,0,22320.41841040934,1180.412453169969,52,51,9.820185320877565,10.094822352875335,0.0,0.05135959243863473,affine_dtft,44.21751754863423,9,identified,1,124.41462280049073,92.05581599263586,122.48866142651889,0.05129605658193005,94.57392125990042,6,2.6328398820230317,False,,,
25,1250.0,434251.25919700676,4003420.3825579453,-75.73110418349381,36.17332297732744,ok,,IW,0,22325.457857315905,1181.1251240411568,52,51,9.819238436130128,10.094875341837573,0.0,0.05058692717408258,affine_dtft,44.22017201938249,9,identified,1,119.89488739421563,98.1131680717222,132.74074074074053,0.047334264311899854,89.9999999999996,7,2.238050105657854,False,,,
25,1300.0,434298.9720868391,4003435.331810229,-75.73057492188458,36.17346098254887,ok,,IW,0,22330.497788311786,1181.8377134168804,52,51,9.81831116153854,10.094928289279673,0.0,0.049848227604884214,affine_dtft,44.2228267439958,9,identified,1,124.12532652102267,101.16704231579669,139.6363636363634,0.04499676977797888,89.99999999999957,6,2.643297094987855,False,,,
25,1350.0,434346.6849766714,4003450.281062513,-75.73004565838251,36.17359898544852,ok,,IW,0,22335.53819342389,1182.550222671637,52,51,9.817403487670918,10.094981196385454,0.0,0.04895429553823533,affine_dtft,44.225481717215196,9,identified,2,130.05547500755242,103.0814995307564,159.68841255726193,0.03934653245379672,86.42366562500219,5,2.5376618393772397,False,,,
25,1400.0,434394.39786650374,4003465.230314797,-75.72951639298766,36.17373698602641,ok,,IW,0,22340.579062670142,1183.2626531801498,52,51,9.81651543263422,10.095034060837216,0.0,0.048209786046444165,affine_dtft,44.228136933776995,9,identified,3,159.60745736957085,78.86929859166491,159.68841255726193,0.03934653245379672,86.42366562500219,5,2.288685389381423,False,,,
25,1450.0,434442.1107563361,4003480.179567081,-75.72898712570006,36.17387498428246,ok,,IW,0,22345.620386058763,1183.975006318649,52,51,9.815647003256789,10.095086887807568,0.0,0.04747739202365395,affine_dtft,44.2307923884124,9,identified,3,156.91615974369694,83.53392093251986,139.06290592130824,0.04518232425500343,95.19442890773429,6,2.916941242671262,False,,,
25,1500.0,434489.8236461684,4003495.1288193646,-75.72845785651974,36.17401298021666,ok,,IW,0,22350.662153589325,1184.687283464366,52,51,9.814798196583148,10.095139673043233,0.0,0.0467370277027997,affine_dtft,44.23344807584804,9,identified,3,96.23993693629251,62.931173091183624,123.48976911842956,0.05088020936498687,74.74488129694195,11,2.876636828886775,False,,,
25,1550.0,434537.5365360007,4003510.0780716487,-75.72792858544678,36.174150973828965,ok,,IW,0,22355.704355251295,1185.3994859960897,52,51,9.813969031638086,10.095192422742269,0.0,0.045998848192718315,affine_dtft,44.236103990805226,9,identified,2,128.35868192825285,89.92986608529421,116.6482988669283,0.053864354373032115,70.01689347809979,8,2.9077007537364783,False,,,
25,1600.0,434585.24942583306,4003525.027323933,-75.72739931248117,36.17428896511934,ok,,IW,0,22360.746981026543,1186.1116152922957,52,51,9.81315951431289,10.095245124748619,0.0,0.04526297105428663,affine_dtft,44.23876012800126,9,identified,2,111.00126988210415,63.80378621307611,103.97144730968249,0.06043183460229139,66.03751102542165,2,3.7082836104230457,True,,,
25,1650.0,434632.9623156654,4003539.9765762165,-75.72687003762297,36.17442695408774,ok,,IW,0,22365.79002088872,1186.8236727336212,52,51,9.812369643128298,10.095297793195545,0.0,0.04453981882316285,affine_dtft,44.24141648214911,9,identified,1,109.98511831764722,64.60710570354581,139.18774600306352,0.045141799386860484,80.21759296819235,8,2.749389090657308,False,,,
25,1700.0,434680.6752054977,4003554.9258285007,-75.72634076087225,36.17456494073415,ok,,IW,0,22370.833464801162,1187.5356597015953,52,51,9.811599433068489,10.095350418662212,0.0,0.04380892346762333,affine_dtft,44.24407304795633,9,identified,2,165.01339513565563,94.88395289958808,175.82152185432182,0.035736155852328276,74.0546040990768,5,2.2436217298057612,False,,,
25,1750.0,434728.38809533004,4003569.8750807843,-75.72581148222902,36.1747029250585,ok,,IW,0,22375.87730272079,1188.247577578305,52,51,9.81084887762597,10.095403003682836,0.0,0.0430806798722867,affine_dtft,44.24672982012704,9,identified,5,168.97178442545746,97.81760612039972,168.3445630006857,0.03732336343499251,99.46232220802499,2,2.1507283743748165,False,,,
25,1800.0,434776.10098516237,4003584.8243330684,-75.72528220169333,36.17484090706079,ok,,IW,0,22380.921524596677,1188.9594277462058,52,51,9.810118002199783,10.095455549655277,0.0,0.042365710606524845,affine_dtft,44.249386793361246,9,identified,5,170.09994369590595,50.04766437137936,168.3445630006857,0.03732336343499251,99.46232220802499,2,1.8961632736462848,False,,,
25,1850.0,434823.8138749947,4003599.773585352,-75.72475291926523,36.17497888674098,ok,122.83660562889588,IW,0,22385.966120368463,1189.6712115909177,52,51,9.80940679515589,10.09550805767467,0.0,0.04164323912367402,affine_dtft,44.252043962354,9,identified,2,142.31337646748725,56.37302524839426,127.01156821934926,0.04946939397148858,60.255118703057654,4,3.5742821072177713,True,12.618470822508645,14.312894470238954,11.14569018006231
25,1900.0,434871.526764827,4003614.7228376362,-75.72422363494475,36.17511686409901,ok,123.88034627650923,IW,0,22391.011079969707,1190.3829304955766,52,51,9.808715269279318,10.095560528650935,0.0,0.04092385031457136,affine_dtft,44.25470132179714,9,identified,1,128.98883063303356,61.14391054525385,114.4866804479891,0.05488136508625573,63.434948822921854,3,4.911895943850006,True,12.867030914856906,14.59104257295378,11.37026046810538
25,1950.0,434919.23965465935,4003629.67208992,-75.72369434873193,36.175254839134865,ok,124.52832991907208,IW,0,22396.05639332566,1191.0945858471437,52,51,9.808043433243297,10.095612959765221,0.0,0.04020770108169034,affine_dtft,44.257358866378105,9,identified,1,126.75900463119854,61.15738638336286,127.01156821934926,0.04946939397148858,60.255118703057654,2,6.389071973569244,True,13.023133057555192,14.765851008420839,11.511235522991912
25,2000.0,434966.9525444917,4003644.621342204,-75.72316506062684,36.17539281184852,ok,125.03139486730156,IW,0,22401.102050355246,1191.8061790314669,52,51,9.807391283278797,10.095665353835647,0.0,0.03950570126988021,affine_dtft,44.26001659078102,9,identified,1,129.98922896201992,62.55735423059839,127.01156821934926,0.04946939397148858,60.255118703057654,2,5.287189093337734,True,13.14527968675632,14.902703198304732,11.621511908041592
25,2050.0,435014.665434324,4003659.5705944877,-75.72263577062948,36.17553078223989,ok,124.0657291458634,IW,0,22406.148040969896,1192.5177114356452,52,51,9.806758837463276,10.095717702508406,0.0,0.03879663440637289,affine_dtft,44.26267448968604,9,identified,1,130.7856271444784,63.81180395684184,127.12026448932349,0.04942709435368816,65.55604521958325,3,4.7101106781803335,True,12.91154960719599,14.64088621586635,11.410469931580492
25,2100.0,435062.3783241563,4003674.519846772,-75.72210647873992,36.17566875030899,ok,123.32926937749194,IW,0,22411.194355074636,1193.2291844486233,52,51,9.80614609074371,10.095770022165015,0.0,0.03809137234636888,affine_dtft,44.265332557769966,9,identified,1,122.28985444863112,69.720132739773,129.52689296049664,0.04850873176658259,71.56505117707776,4,3.5907268698891053,True,12.735355214411083,14.443662583751138,11.251308077295304
25,2150.0,435110.0912139886,4003689.469099056,-75.72157718495818,36.17580671605576,ok,122.10183643020618,IW,0,22416.24098256717,1193.940599458075,52,51,9.805553056144989,10.095822298517398,0.0,0.03740104341902013,affine_dtft,44.2679907897057,9,identified,1,115.93029392970517,74.49379865576599,109.6583518407984,0.05729782731279321,80.13419305691538,5,3.890402293164428,True,12.44559610594513,14.119581105963288,10.989432348141996
25,2200.0,435157.80410382093,4003704.4183513396,-75.72104788928434,36.17594467948018,ok,,IW,0,22421.287913338943,1194.6519578545765,52,51,9.804979734882737,10.09587453941716,0.0,0.036704104312422485,affine_dtft,44.27064918016289,9,identified,2,112.62035344248369,69.75867652409569,104.29009238669495,0.060247192838628436,81.63411387596712,7,2.9580630390398066,False,,,
25,2250.0,435205.51699365326,4003719.367603624,-75.72051859171839,36.17608264058221,ok,,IW,0,22426.335137276954,1195.3632610272334,52,51,9.804426126350679,10.095926737764145,0.0,0.036011644102046575,affine_dtft,44.27330772380881,9,identified,3,86.86035747459285,88.21373803179836,118.418693201552,0.05305906641348782,82.40535663140825,7,2.531068061302287,False,,,
25,2300.0,435253.2298834856,4003734.3168559074,-75.71998929226042,36.1762205993618,ok,,IW,0,22431.382644259316,1196.0745103676575,52,51,9.803892244188427,10.095978905147906,0.0,0.03532393009281399,affine_dtft,44.27596641530606,9,ambiguous_multiple_blobs,4,172.43179323014488,108.44701934530264,190.15202629330105,0.03304295741496886,111.80140948635109,2,1.9784325208317706,False,,,
25,2350.0,435300.9427733179,4003749.2661081916,-75.71945999091045,36.176358555818915,ok,,IW,0,22436.43042416072,1196.7857072662832,52,51,9.803378084725509,10.096031030809284,0.0,0.034652435905154357,affine_dtft,44.27862524931545,9,ambiguous_multiple_blobs,3,171.24199873150036,110.4651215510647,190.15202629330105,0.03304295741496886,111.80140948635109,2,2.196581237095666,False,,,
25,2400.0,435348.65566315025,4003764.2153604752,-75.7189306876685,36.17649650995356,ok,,IW,0,22441.478466849618,1197.496853116044,52,51,9.802883654054552,10.096083123561094,0.0,0.03397513827044824,affine_dtft,44.281284220494456,9,identified,2,154.5491853652242,55.65101354979893,127.55785705534446,0.04925753263833411,94.76364169072572,3,3.356215315599527,True,,,
25,2450.0,435396.3685529826,4003779.1646127594,-75.71840138253465,36.176634461765644,ok,130.8332435494253,IW,0,22446.526762188292,1198.2079493091546,52,51,9.802408962070107,10.096135176721086,0.0,0.03317213212502916,affine_dtft,44.283943323497354,9,identified,2,153.26678886636023,56.90152657321946,127.55785705534446,0.04925753263833411,94.76364169072572,3,3.3927708830008947,True,14.616748235657123,16.55636162686824,12.947473432311197
25,2500.0,435444.0814428149,4003794.113865043,-75.71787207550894,36.176772411255165,ok,,IW,0,22451.57530003462,1198.9189972383274,52,51,9.80195400620026,10.096187192285456,0.0,0.03251915905824656,affine_dtft,44.28660255297605,9,identified,1,145.45925956399253,59.373674607766006,133.88194825433345,0.04693078782543198,78.69006752597946,4,2.944279131473459,False,,,
25,2550.0,435491.79433264723,4003809.063117327,-75.71734276659137,36.17691035842208,ok,136.15058726906653,IW,0,22456.62407024175,1199.6299982976213,52,51,9.801518794546743,10.096239172570925,0.0,0.03186126162354642,affine_dtft,44.28926190358001,9,identified,1,138.64433257139936,60.94730638348378,137.38401653758697,0.0457344709052131,63.43494882292177,3,3.5056684294069678,True,16.073820746084287,18.204037348331862,14.25532874284042
25,2600.0,435539.50722247956,4003824.012369611,-75.71681345578202,36.17704830326634,ok,144.96504159747454,IW,0,22461.67306265774,1200.3409538801932,52,51,9.801103327760671,10.096291116560135,0.0,0.03121020862512859,affine_dtft,44.29192136995596,9,identified,1,140.30448503239313,60.39720405499343,127.01156821934926,0.04946939397148858,60.255118703057654,2,6.155986155260876,True,18.748346501306884,21.259890846876438,16.6401666692383
25,2650.0,435587.2201123119,4003838.961621895,-75.71628414308091,36.17718624578793,ok,144.9351270353806,IW,0,22466.722267125533,1201.0518653814952,52,51,9.8007076124385,10.096343025065321,0.0,0.03056642910563738,affine_dtft,44.29458094674796,9,identified,1,148.78865825189948,59.10501853506916,152.64890726398542,0.04116102381469181,63.43494882292177,2,4.4453565781178,True,18.738668232490028,21.248750078147527,16.63157761648669
25,2700.0,435634.9330021442,4003853.910874179,-75.71575482848812,36.1773241859868,ok,147.98810518066026,IW,0,22471.771673484254,1201.7627341959608,52,51,9.800331654472064,10.096394899660071,0.0,0.02994212077200279,affine_dtft,44.297240628598075,9,identified,1,158.64133128167265,57.829850985011625,162.8156743689765,0.03859078882626799,57.994616791916336,3,3.7357104260185174,True,19.74942244543622,22.41582292858002,17.526835211491672
25,2750.0,435682.64589197654,4003868.8601264628,-75.71522551200364,36.177462123862924,ok,153.1155729895875,IW,0,22476.821271569228,1202.4735617190104,52,51,9.799975447458936,10.096446734934522,0.0,0.029314395763442875,affine_dtft,44.29990041014632,9,identified,1,160.89787109217124,58.4732549267878,144.8154687870047,0.04338752869295286,81.8698976458437,4,3.394342666955783,True,21.55868531048845,24.52439128215151,19.12003879883675
25,2800.0,435730.35878180887,4003883.809378747,-75.71469619362755,36.17760005941626,ok,149.47734898646155,IW,0,22481.871051211543,1203.1843493462384,52,51,9.799638995705568,10.096498533432804,0.0,0.028695445388108035,affine_dtft,44.30256028603051,9,identified,1,153.38600658380432,60.02577780744927,152.64890726398542,0.04116102381469181,63.43494882292177,2,5.539874961314354,True,20.259949423519743,23.008169643886802,17.97764380045512
25,2850.0,435778.0716716412,4003898.7586310306,-75.71416687335986,36.17773799264677,ok,140.36784188616224,IW,0,22486.92100223805,1203.8950984733592,52,51,9.79932230903438,10.096550300893767,0.0,0.028097803469642912,affine_dtft,44.30522025088622,9,identified,1,142.7961594543412,61.46483201835355,152.64890726398542,0.04116102381469181,63.43494882292177,2,6.709969311587113,True,17.310494661362537,19.611564346910537,15.360780228435406
25,2900.0,435825.7845614735,4003913.7078833147,-75.71363755120063,36.17787592355443,ok,132.1990375906978,IW,0,22491.971114472686,1204.6058104971225,52,51,9.79902538935683,10.096602029455546,0.0,0.027498248247733684,affine_dtft,44.307880299347495,9,identified,1,131.05252046487675,63.57401569586095,134.45778724835563,0.04672979851716567,66.80140948635159,4,6.292850649012576,True,14.980680324913745,16.96689181123901,13.274645071740293
25,2950.0,435873.49745130586,4003928.6571355984,-75.71310822714992,36.178013852139195,ok,122.46354559983722,IW,0,22497.02137773519,1205.31648681382,52,51,9.798748237310383,10.096653723213253,0.0,0.02690932962807916,affine_dtft,44.31054042604613,9,identified,1,116.14703587317271,66.81734488748619,117.26813886748006,0.05357964548478046,66.37062226934299,4,6.618214661456974,True,12.53048231065081,14.214489098298353,11.066166069027211
25,3000.0,435921.2103411382,4003943.6063878825,-75.71257890120773,36.17815177840102,ok,114.91720518380018,IW,0,22502.07178184431,1206.0271288202625,52,51,9.798490850489788,10.09670538267737,0.0,0.026331747421732807,affine_dtft,44.313200625613455,9,identified,1,102.48625250945375,68.29735829387928,103.97144730968249,0.06043183460229139,66.03751102542165,2,5.517304898045584,True,10.842885403565411,12.332382832151756,9.538415412774704
25,3050.0,435968.9232309705,4003958.555640166,-75.71204957337414,36.17828970233989,ok,108.40367782894835,IW,0,22507.122316613215,1206.7377379133618,52,51,9.798253238469224,10.096757007220322,0.0,0.02577848698801796,affine_dtft,44.31586089267782,9,identified,1,97.08073003552796,69.44827048742694,103.97144730968249,0.06043183460229139,66.03751102542165,2,3.9368692776800316,True,9.518324206656912,10.861137157050422,8.336707622029428
25,3100.0,436016.63612080284,4003973.5048924503,-75.71152024364918,36.17842762395578,ok,,IW,0,22512.1729718535,1207.4483154908648,52,51,9.798035402742094,10.096808601067282,0.0,0.025225974429013552,affine_dtft,44.31852122186676,9,identified,3,172.9377294795103,110.1896083143125,169.49368598576476,0.0370703207652661,114.44395478041582,4,2.355103725228163,False,,,
25,3150.0,436064.34901063517,4003988.454144734,-75.71099091203288,36.17856554324861,ok,,IW,0,22517.22373737475,1208.1588629496607,52,51,9.797837336284285,10.096860154016483,0.0,0.02468722482850487,affine_dtft,44.321181607806736,9,identified,3,165.11562496140027,108.59051109984999,161.90861620062083,0.03880698541326606,108.4349488229214,3,2.960711356495531,False,,,
25,3200.0,436112.0619004675,4004003.403397018,-75.7104615785253,36.17870346021837,ok,,IW,0,22522.27460298323,1208.8693816873702,52,51,9.79765905515165,10.096911675084534,0.0,0.02417555508721416,affine_dtft,44.32384204512246,9,identified,3,164.69621850099955,107.25391712944828,161.90861620062083,0.03880698541326606,108.4349488229214,3,2.526477092071815,False,,,
25,3250.0,436159.7747902998,4004018.352649302,-75.70993224312646,36.17884137486503,ok,,IW,0,22527.32555848362,1209.5798731020118,52,51,9.79750055353946,10.096963161953932,0.0,0.023667185174948775,affine_dtft,44.32650252843784,9,identified,4,139.92331201003987,56.02401031465343,165.57098669146978,0.037948588896724235,75.96375653207313,8,1.9820518926931807,False,,,
25,3300.0,436207.48768013215,4004033.301901586,-75.70940290583641,36.178979287188554,ok,,IW,0,22532.3765936798,1210.2903385905897,52,51,9.797361823061417,10.097014616570346,0.0,0.023175485569052776,affine_dtft,44.329163052376344,9,identified,3,136.61666514798287,55.30946086707853,143.1083505599863,0.043905092069004614,63.43494882292179,5,2.7638239720178213,False,,,
25,3350.0,436255.2005699645,4004048.25115387,-75.7088735666552,36.179117197188894,ok,,IW,0,22537.427698371583,1211.0007795517618,52,51,9.797242877855656,10.09706603607713,0.0,0.022701537636759424,affine_dtft,44.33182361155928,9,identified,3,145.7617707579944,53.08490632293999,173.3850781385204,0.03623832785748632,61.699244233993475,5,2.21172225932043,False,,,
25,3400.0,436302.9134597968,4004063.2004061537,-75.70834422558286,36.17925510486601,ok,,IW,0,22542.478862358777,1211.7111973824597,52,51,9.797143718809421,10.097117423515138,0.0,0.02225899722207154,affine_dtft,44.33448420060795,9,identified,1,167.67062590962752,52.193040676388335,178.55637311050626,0.03518880450876432,54.46232220802541,3,2.4941204083347874,False,,,
25,3450.0,436350.62634962914,4004078.149658438,-75.70781488261945,36.17939301021989,ok,,IW,0,22547.530075440125,1212.4215934811577,52,51,9.797064343312554,10.097168776107575,0.0,0.021742010341179327,affine_dtft,44.337144814143144,9,identified,2,164.65178250287212,47.91292946027429,159.92193217393253,0.03928907825066757,51.340191745909806,2,2.7509619797823475,False,,,
25,3500.0,436398.33923946146,4004093.0989107215,-75.70728553776499,36.179530913250474,ok,,IW,0,22552.5813274128,1213.1319692451907,52,51,9.797004752567748,10.097220095172485,0.0,0.021332662379873912,affine_dtft,44.339805446784766,9,identified,2,157.18516744759464,45.92486219936312,138.62859641290999,0.045323875951718544,66.03751102542155,8,2.5048653889268966,False,,,
26,250.0,433366.5165216262,4002902.4628865756,-75.7408975405107,36.168593490038276,touches_land_or_unmapped,,,,,,,,,,,,,,,,,,,,,,,,,,,
26,300.0,433414.1129585332,4002917.7788649565,-75.74036965433466,36.16873483610146,touches_land_or_unmapped,,,,,,,,,,,,,,,,,,,,,,,,,,,
26,350.0,433461.70939544024,4002933.0948433373,-75.73984176622604,36.16887617985573,touches_land_or_unmapped,,,,,,,,,,,,,,,,,,,,,,,,,,,
26,400.0,433509.3058323472,4002948.4108217177,-75.73931387618488,36.16901752130107,ok,99.50042206266566,IW,0,22243.272438146152,1146.6018069232175,52,51,9.837172971522305,10.091795737528281,0.0,0.06355746060300131,affine_dtft,44.17692877602876,9,identified,1,91.82646239658587,78.08991556729197,100.00839339060109,0.06282657979155265,77.59258147259902,10,4.49333067915287,True,7.886964755441522,9.054225283318278,6.855092939521086
26,450.0,433556.9022692542,4002963.7268000985,-75.73878598421122,36.16915886043745,ok,102.3924151477872,IW,0,22248.297409429957,1147.3537277136602,52,51,9.835928156600787,10.091854131579264,0.0,0.06277318843195598,affine_dtft,44.179575581707866,9,identified,1,97.45854336271914,78.44628499107486,98.08141160664577,0.06406091841722486,73.30075576600615,2,5.033174375049759,True,8.395300515555546,9.616809292781854,7.316832922467842
26,500.0,433604.4987061612,4002979.0427784794,-75.73825809030511,36.169300197264825,ok,103.45393400810731,IW,0,22253.323015131846,1148.1055458204812,52,51,9.834702751387926,10.091912475578907,0.0,0.061989439961016114,affine_dtft,44.18222272045208,9,identified,1,100.9723791301635,78.87169564322915,100.4114611907501,0.06257438376724263,78.69006752597954,1,5.6109417576787814,True,8.586995500798015,9.829053576851537,7.490953324919161
26,550.0,433652.09514306823,4002994.35875686,-75.73773019446658,36.169441531783164,ok,104.99225721986461,IW,0,22258.34924548338,1148.8572625934096,52,51,9.833496778902706,10.091970771622416,0.0,0.06121605590082602,affine_dtft,44.18487018711032,9,identified,1,105.41946373996427,78.23131680013901,111.06839440315186,0.05657041628217941,77.47119229084822,2,5.131879517604289,True,8.869764486549855,10.142242835339493,7.74778161744941
26,600.0,433699.69157997525,4003009.6747352406,-75.73720229669568,36.16958286399243,ok,107.58965377916584,IW,0,22263.376090704496,1149.608879383508,52,51,9.832310250634004,10.092029020292902,0.0,0.06043344748448343,affine_dtft,44.18751797652532,9,identified,1,107.10511629281287,76.15003085911862,107.70000944938768,0.05833969132688232,75.37912601136811,5,5.4599777022724245,True,9.360831677493165,10.686486480808716,8.193718804643574
26,650.0,433747.2880168822,4003024.9907136215,-75.73667439699244,36.16972419389258,ok,110.20136254852613,IW,0,22268.403541002106,1150.3603975437072,52,51,9.831143167178986,10.09208722514304,0.0,0.05965142714044724,affine_dtft,44.19016608353301,9,identified,1,108.72536735023796,69.72230659875687,107.70000944938768,0.05833969132688232,75.37912601136811,5,5.232620777891603,True,9.87233369677474,11.253916955774049,8.658048284546881
26,700.0,433794.8844537892,4003040.306692002,-75.7361464953569,36.16986552148357,ok,111.71517459094439,IW,0,22273.431586572235,1151.1118184275697,52,51,9.829995542008094,10.092145376291839,0.0,0.058870023754925116,affine_dtft,44.19281450296353,9,identified,1,108.66784850894605,68.65276089248664,111.06839440315186,0.05657041628217941,77.47119229084822,6,4.4751008493364415,True,10.177181909058262,11.59239217687955,8.934677007803263
26,750.0,433842.4808906962,4003055.6226703827,-75.73561859178913,36.17000684676539,ok,113.73633715845806,IW,0,22278.460217598367,1151.8631433912192,52,51,9.828867386760322,10.092203487737574,0.0,0.058099226816596065,affine_dtft,44.195463229640445,9,identified,1,122.07418655279076,85.52690264765961,113.4700050375516,0.055373094458753554,77.19573393471298,5,4.159570998209518,True,10.594029492841512,12.055612435820695,9.312783428981891
26,800.0,433890.07732760324,4003070.938648763,-75.73509068628913,36.17014816973797,ok,115.75749972597173,IW,0,22283.489424252006,1152.6143737910616,52,51,9.82775871090284,10.092261547683897,0.0,0.05731917619673461,affine_dtft,44.198112258380974,9,identified,1,121.25224688298859,86.41144261665058,118.6374546152431,0.05296122820197706,79.99202019855836,4,4.440935322866892,True,11.022398754207224,12.53214509629676,9.70112750138969
26,850.0,433937.67376451025,4003086.254627144,-75.73456277885695,36.1702894904013,ok,118.94613448921123,IW,0,22288.519196694077,1153.3655109858482,52,51,9.82666951813733,10.092319564286912,0.0,0.05638606395142591,affine_dtft,44.200761583996794,9,identified,1,117.53299211582411,85.92612380519869,117.80582228695603,0.0533350999568999,85.60129464500419,3,4.6122339850609935,True,11.722422494707656,13.312093029284371,10.33520261320318
26,900.0,433985.2702014172,4003101.570605525,-75.73403486949266,36.170430808755356,ok,120.31516685212613,IW,0,22293.549525073668,1154.1165563351396,52,51,9.825599813858254,10.09237753302768,0.0,0.05560762199478548,affine_dtft,44.2034112012933,9,identified,1,115.57214397462648,85.9198897438982,117.80582228695603,0.0533350999568999,85.60129464500419,3,4.067621869017215,True,12.03236060134578,13.65793855799766,10.615701126737621
26,950.0,434032.8666383242,4003116.886583905,-75.73350695819624,36.17057212480005,ok,120.87440426442045,IW,0,22298.58039952881,1154.8675112000835,52,51,9.824549622608165,10.09243545411353,0.0,0.05484007832482753,affine_dtft,44.206061105070084,9,identified,1,118.44165534771665,87.21499834782504,127.01156821934933,0.04946939397148855,82.8749836510979,4,3.360078666511128,True,12.160630313717867,13.801167573349236,10.731740358985613
26,1000.0,434080.46307523124,4003132.202562286,-75.73297904496779,36.1707134385354,ok,,IW,0,22303.611810187365,1155.6183769425968,52,51,9.82351893896409,10.09249333139457,0.0,0.054063273838450554,affine_dtft,44.20871129012136,9,identified,1,126.01030133469838,89.32632262876983,137.38401653758683,0.04573447090521314,79.6951535312336,3,2.542433349351252,False,,,
26,1050.0,434128.05951213825,4003147.518540667,-75.73245112980733,36.17085474996135,ok,,IW,0,22308.643747165035,1156.3691549270438,52,51,9.822507773007422,10.09255115990401,0.0,0.05328732567080012,affine_dtft,44.21136175123494,9,identified,2,135.1544497497335,90.65311146130733,139.4923343420925,0.04504323005858254,87.39743779749979,6,2.2274283961321766,False,,,
26,1100.0,434175.65594904526,4003162.8345190473,-75.73192321271489,36.170996059077844,ok,,IW,0,22313.67620056772,1157.1198465176194,52,51,9.8215161340066,10.092608944804565,0.0,0.05251227775073242,affine_dtft,44.21401248319349,9,identified,2,135.3732408041808,88.61187108573723,133.7544618439689,0.046975519325173826,85.91438322002473,11,2.0186290939430975,False,,,
26,1150.0,434223.2523859522,4003178.150497428,-75.73139529369051,36.17113736588488,ok,,IW,0,22318.70916049154,1157.8704530810605,52,51,9.820544037605673,10.092666685608368,0.0,0.05174845260096578,affine_dtft,44.21666348077447,9,identified,2,120.39927162967311,86.89160912933019,127.47433042786595,0.04928980827818554,84.80557109226483,11,2.346846378396371,False,,,
26,1200.0,434270.84882285923,4003193.466475809,-75.73086737273425,36.17127867038239,ok,,IW,0,22323.74261702173,1158.6209759841422,52,51,9.819591476592292,10.092724380494817,0.0,0.05097538038024332,affine_dtft,44.21931473874966,9,identified,1,118.13193020738774,89.73355919935838,122.93018583015024,0.05111181818158899,84.09385888622916,7,2.5659445922049295,False,,,
26,1250.0,434318.44525976625,4003208.7824541894,-75.73033944984614,36.17141997257035,ok,,IW,0,22328.776560233677,1159.371416596004,52,51,9.818658471803113,10.092782029562148,0.0,0.05021495181390989,affine_dtft,44.22196625188559,9,identified,1,119.32099818486743,95.70317880922124,122.93018583015024,0.05111181818158899,84.09385888622916,7,2.7771323455917862,False,,,
26,1300.0,434366.04169667326,4003224.09843257,-75.72981152502622,36.171561272448734,ok,,IW,0,22333.810980193513,1160.1217762859835,52,51,9.817745022525164,10.09283963657393,0.0,0.04946878475210576,affine_dtft,44.22461801494394,9,identified,2,121.6653957462853,99.88228490726537,116.77991750702667,0.05380364570647625,98.74616226255486,3,3.2722466740068965,True,,,
26,1350.0,434413.6381335803,4003239.414410951,-75.72928359827452,36.1717025700175,ok,,IW,0,22338.84586695713,1160.872056425213,52,51,9.816851144081259,10.092897198128503,0.0,0.04873458440803831,affine_dtft,44.22727002268099,9,identified,3,128.90220510354172,102.32133454188155,152.64890726398542,0.04116102381469181,63.43494882292177,2,2.270152294577644,False,,,
26,1400.0,434461.2345704872,4003254.7303893315,-75.72875566959111,36.1718438652766,ok,,IW,0,22343.881210571446,1161.6222583850113,52,51,9.815976838497628,10.09295471448887,0.0,0.04799235821255747,affine_dtft,44.229922269848295,9,identified,3,147.77724600440047,65.3362048664588,168.3445630006857,0.03732336343499251,80.537677791974,6,1.9788237033142697,False,,,
26,1450.0,434508.83100739424,4003270.0463677123,-75.72822773897599,36.171985158226015,ok,,IW,0,22348.917001073576,1162.3723835389192,52,51,9.81512211308875,10.093012182836478,0.0,0.047252207190904304,affine_dtft,44.23257475119222,9,identified,3,144.9238210446454,69.33726237432563,133.28207328378218,0.04714201356848286,77.4711922908482,12,2.969339068428163,False,,,
26,1500.0,434556.42744430125,4003285.362346093,-75.72769980642923,36.1721264488657,ok,,IW,0,22353.953228493123,1163.1224332610973,52,51,9.814286972470512,10.093069611584854,0.0,0.04651423516505612,affine_dtft,44.23522746145518,9,identified,2,99.29924480419324,63.93499158742482,117.49903577060573,0.053474356329581266,70.64100582430507,9,2.8830347882034926,False,,,
26,1550.0,434604.02388120827,4003300.6783244736,-75.72717187195086,36.17226773719561,ok,,IW,0,22358.989882849342,1163.8724089260008,52,51,9.813471429274404,10.093126996535645,0.0,0.04578880062726551,affine_dtft,44.23788039537418,9,identified,2,108.26251716938107,65.92660813258307,112.77356617453731,0.055715053804853795,65.85445803957816,7,3.2298089328716073,True,,,
26,1600.0,434651.6203181153,4003315.9943028544,-75.7266439355409,36.172409023215735,ok,,IW,0,22364.026954153494,1164.6223119097533,52,51,9.812675488211204,10.093184335841663,0.0,0.045055542175997686,affine_dtft,44.240533547681906,9,identified,2,108.41351197098898,64.60017996572361,103.97144730968249,0.06043183460229139,66.03751102542165,2,3.5587967983301474,True,,,
26,1650.0,434699.21675502224,4003331.3102812353,-75.72611599719944,36.17255030692601,ok,,IW,0,22369.064432408086,1165.372143590344,52,51,9.81189915242603,10.093241632914077,0.0,0.04432478687310095,affine_dtft,44.24318691310653,9,identified,1,106.0124231619716,65.4144277045216,131.59002220895812,0.04774818942732766,80.13419305691527,6,2.617818716075015,False,,,
26,1700.0,434746.81319192925,4003346.6262596156,-75.72558805692648,36.1726915883264,ok,,IW,0,22374.102307608435,1166.121905344459,52,51,9.81114242689666,10.093298885426785,0.0,0.043596658631115684,affine_dtft,44.245840486372366,9,identified,4,159.93620353602915,91.32811259484795,169.1695617165028,0.037141346489441486,82.40535663140817,5,2.19657004650651,False,,,
26,1750.0,434794.40962883626,4003361.9422379965,-75.72506011472208,36.1728328674169,ok,,IW,0,22379.140569741092,1166.8715985517508,52,51,9.810405326923801,10.093356098004287,0.0,0.042881766882829554,affine_dtft,44.248494262199166,9,identified,2,163.20501868318993,91.71060794085042,175.82152185432182,0.035736155852328276,74.0546040990768,5,2.218493548482293,False,,,
26,1800.0,434842.0060657433,4003377.2582163773,-75.72453217058626,36.17297414419745,ok,,IW,0,22384.179208783986,1167.6212245922188,52,51,9.809687850265089,10.093413265130303,0.0,0.04215935061160512,affine_dtft,44.25114823530208,9,identified,4,161.33785318214416,87.67121591848716,145.7177545805589,0.04311887268140669,71.56505117707773,9,2.15678012560581,False,,,
26,1850.0,434889.6025026503,4003392.5741947577,-75.72400422451908,36.173115418668,ok,,IW,0,22389.2182147085,1168.3707848461047,52,51,9.808990010041853,10.09347038972916,0.0,0.04143997712484947,affine_dtft,44.25380240039286,9,identified,1,141.5297985371035,59.131888091284445,132.07559589652897,0.04757264401897514,64.53665493812817,6,2.729226122442352,False,,,
26,1900.0,434937.19893955725,4003407.8901731386,-75.72347627652057,36.17325669082854,ok,122.83660562889588,IW,0,22394.25757747866,1169.1202806946512,52,51,9.808311798958533,10.093527471536214,0.0,0.040723807764986165,affine_dtft,44.256456752179304,9,identified,1,129.2869970426,61.80006453345155,114.4866804479891,0.05488136508625573,63.434948822921854,3,4.492219499472189,True,12.618470822508645,14.312894470238954,11.14569018006231
26,1950.0,434984.79537646426,4003423.2061515194,-75.72294832659078,36.17339796067902,ok,123.88034627650923,IW,0,22399.297287051155,1169.8697135207162,52,51,9.807653234197145,10.093584511920382,0.0,0.040021730881223634,affine_dtft,44.25911128536542,9,identified,1,125.60478903954308,61.23597050012252,127.01156821934926,0.04946939397148858,60.255118703057654,2,6.046871604210622,True,12.867030914856906,14.59104257295378,11.37026046810538
26,2000.0,435032.3918133713,4003438.5221299,-75.72242037472975,36.17353922821942,ok,124.52832991907208,IW,0,22404.337333375133,1170.619084707184,52,51,9.807014322046532,10.09364150904297,0.0,0.039312550666432675,affine_dtft,44.26176599465121,9,identified,1,126.89881708266985,60.80834551131876,127.01156821934926,0.04946939397148858,60.255118703057654,2,5.364218884132314,True,13.023133057555192,14.765851008420839,11.511235522991912
26,2050.0,435079.9882502783,4003453.8381082807,-75.7218924209375,36.17368049344968,ok,127.03874228684282,IW,0,22409.37770639285,1171.3683956375305,52,51,9.806395058831107,10.093698465044278,0.0,0.038607121846184866,affine_dtft,44.26442087473304,9,identified,1,128.68202451742053,62.07896922175387,127.01156821934926,0.04946939397148858,60.255118703057654,2,4.458523947546963,True,13.641136372802375,15.45889186215793,12.068866791698264
26,2100.0,435127.5846871853,4003469.1540866615,-75.72136446521408,36.17382175636978,ok,127.04780030934067,IW,0,22414.418396041157,1172.1176476969354,52,51,9.80579545948056,10.093755378410401,0.0,0.03790564108039171,affine_dtft,44.26707592030441,9,identified,1,128.2485289969155,64.81640188166614,127.12026448932349,0.04942709435368816,65.55604521958325,3,3.166267525237124,True,13.643404990487893,15.46143890269711,12.070912314861124
26,2150.0,435175.18112409225,4003484.470065042,-75.72083650755955,36.17396301697969,ok,,IW,0,22419.45939224858,1172.866842270372,52,51,9.80521551900398,10.093812252854786,0.0,0.037219310328180544,affine_dtft,44.26973112605447,9,identified,1,122.56753953745319,68.30991492388183,124.17824001860234,0.05059811852896565,75.96375653207325,3,2.452360078189884,False,,,
26,2200.0,435222.77756099927,4003499.7860434228,-75.72030854797393,36.17410427527933,ok,,IW,0,22424.500684939107,1173.6159807432546,52,51,9.80465524976458,10.09386908101338,0.0,0.036390681412214056,affine_dtft,44.272386486669944,9,identified,3,115.53462069435903,68.67251909649451,133.88194825433345,0.04693078782543198,78.69006752597946,4,2.596801785289205,False,,,
26,2250.0,435270.3739979063,4003515.102021803,-75.71978058645726,36.17424553126873,ok,,IW,0,22429.54226402992,1174.3650645026228,52,51,9.804114651020459,10.093925874633358,0.0,0.035703494105560375,affine_dtft,44.275041996833984,9,identified,3,116.17368734843171,66.6628869562503,109.70554040434268,0.057273181318113875,82.30394827798314,8,1.7687105206528482,False,,,
26,2300.0,435317.9704348133,4003530.418000184,-75.7192526230096,36.17438678494781,ok,,IW,0,22434.58411943209,1175.1140949357512,52,51,9.80359373485411,10.093982624098075,0.0,0.035021292580049185,affine_dtft,44.277697651226525,9,ambiguous_multiple_blobs,4,173.89426621999166,107.52568815101547,186.26736002790327,0.033732079019310475,104.03624346792584,3,1.9708770975153072,False,,,
26,2350.0,435365.5668717203,4003545.733978565,-75.71872465763097,36.17452803631654,ok,,IW,0,22439.626241051952,1175.8630734305755,52,51,9.803092493382996,10.094039331296411,0.0,0.03435564376667668,affine_dtft,44.280353444524984,9,ambiguous_multiple_blobs,3,149.6057719874898,54.537626633908744,190.15202629330105,0.03304295741496886,111.80140948635109,2,2.113549674062214,False,,,
26,2400.0,435413.16330862726,4003561.0499569452,-75.71819669032142,36.17466928537488,ok,,IW,0,22444.668618789736,1176.6120013748052,52,51,9.802610945402636,10.09409599946479,0.0,0.03368439981226555,affine_dtft,44.28300937140359,9,identified,2,153.23232056334624,54.979163999534556,159.92193217393253,0.03928907825066757,51.340191745909806,2,2.808385228709088,False,,,
26,2450.0,435460.7597455343,4003576.365935326,-75.71766872108098,36.17481053212282,ok,140.4635056683013,IW,0,22449.711242539917,1177.3608801579521,52,51,9.802149081918696,10.0941526248557,0.0,0.033019090662420356,affine_dtft,44.2856654265335,9,identified,1,151.01798257648625,56.40919530999608,142.0032502336585,0.04424677109038668,56.309932474020094,1,3.7475025398805473,True,17.339432576666223,19.644608335761063,15.386593364553633
26,2500.0,435508.3561824413,4003591.681913707,-75.7171407499097,36.174951776560285,ok,137.10052130606329,IW,0,22454.754102193237,1178.1097111688705,52,51,9.801706916617468,10.094209208829218,0.0,0.032360080914110294,affine_dtft,44.28832160458395,9,identified,1,144.11175326499193,59.03134421791966,142.0032502336585,0.04424677109038668,56.309932474020094,1,4.229689924915727,True,16.345869975794773,18.51291881263928,14.498889409651877
26,2550.0,435555.9526193483,4003606.9978920873,-75.71661277680762,36.17509301868727,ok,138.08106709158233,IW,0,22459.797187635286,1178.858495797615,52,51,9.80128444610814,10.094265756325113,0.0,0.031719315025617596,affine_dtft,44.29097790022141,9,identified,1,138.36980319048916,60.879905482908256,137.38401653758697,0.0457344709052131,63.43494882292177,3,4.499929813481733,True,16.630596406969683,18.836639524597757,14.753575347221343
26,2600.0,435603.5490562553,4003622.313870468,-75.71608480177478,36.175234258503735,ok,138.08106709158233,IW,0,22464.840488746024,1179.607235434879,52,51,9.800881679484403,10.094322263977059,0.0,0.03107417311811667,affine_dtft,44.29363430810942,9,identified,1,139.09041329534466,60.67436595489899,127.01156821934926,0.04946939397148858,60.255118703057654,2,6.996829212869031,True,16.630596406969683,18.836639524597757,14.753575347221343
26,2650.0,435651.1454931623,4003637.629848849,-75.71555682481122,36.17537549600962,ok,140.2101984976477,IW,0,22469.88399540221,1180.3559314704537,52,51,9.800498615083328,10.094378728742583,0.0,0.030436581404929084,affine_dtft,44.29629082290983,9,identified,1,145.78911330628281,59.50335912822652,142.0032502336585,0.04424677109038668,56.309932474020094,1,5.328815079588951,True,17.26289623097284,19.557223183718115,15.318316023577353
26,2700.0,435698.7419300693,4003652.9458272294,-75.71502884591699,36.17551673120491,ok,143.26317664292742,IW,0,22474.927697474715,1181.1045852965121,52,51,9.800135260376916,10.09443515546489,0.0,0.029807031913904672,affine_dtft,44.29894743928135,9,identified,1,153.436473424159,58.20352451463709,142.0032502336585,0.04424677109038668,56.309932474020094,1,4.840824527377402,True,18.20458925999449,20.634951100217343,16.157121228368414
26,2750.0,435746.3383669763,4003668.2618056103,-75.7145008650921,36.17565796408957,ok,145.33766630657493,IW,0,22479.97158483312,1181.8531983038615,52,51,9.799791617222631,10.09449154309388,0.0,0.02919787890466286,affine_dtft,44.30160415188206,9,identified,1,155.07984263151164,58.526856196129536,152.64890726398542,0.04116102381469181,63.43494882292177,2,5.291701543519071,True,18.869268517494056,21.399140173574622,16.747453119573755
26,2800.0,435793.9348038833,4003683.577783991,-75.7139728823366,36.175799194663554,ok,142.36106915770796,IW,0,22485.015647340864,1182.6017718846394,52,51,9.799467685962599,10.09454789213977,0.0,0.02858605175914668,affine_dtft,44.30426095536676,9,identified,1,149.2504927098133,59.8953198039129,152.64890726398542,0.04116102381469181,63.43494882292177,2,5.722503760434179,True,17.921906748778067,20.310839622075854,15.905618639291506
26,2850.0,435841.5312407903,4003698.8937623715,-75.71344489765058,36.17594042292682,ok,137.41404688447227,IW,0,22490.059874858074,1183.350307430953,52,51,9.799163470371099,10.094604202885407,0.0,0.027983917652628348,affine_dtft,44.30691784438853,9,identified,1,139.61731896964585,61.51077333436358,137.38401653758697,0.0457344709052131,63.43494882292177,3,6.711353815624939,True,16.436474504901277,18.615881967723816,14.57995971478096
26,2900.0,435889.12767769734,4003714.2097407524,-75.71291691103401,36.176081648879354,ok,127.67855489361168,IW,0,22495.104257242943,1184.09880633477,52,51,9.798878975836521,10.094660471857344,0.0,0.027392115505249913,affine_dtft,44.309574813599426,9,identified,1,126.75896327075878,64.98484361809372,127.12026448932349,0.04942709435368816,65.55604521958325,3,6.106986820539002,True,13.802077174604687,15.639640052324578,12.21395307671439
26,2950.0,435936.7241146043,4003729.525719133,-75.71238892248698,36.176222872521095,ok,121.43596680101825,IW,0,22500.148784348094,1184.8472699893277,52,51,9.798614207040751,10.094716702518802,0.0,0.026823453963319997,affine_dtft,44.31223185764857,9,identified,1,115.92531183715136,67.11680335808045,117.26813886748006,0.05357964548478046,66.37062226934299,4,6.017742935165385,True,12.290415952213975,13.946149734499967,10.849122121092554
26,3000.0,435984.3205515113,4003744.8416975136,-75.71186093200949,36.17636409385202,ok,116.11995022216202,IW,0,22505.19344602538,1185.595699787567,52,51,9.798369157963366,10.094772896814977,0.0,0.02625446592705342,affine_dtft,44.31488897118467,9,identified,1,102.58610223772507,67.82084602323263,103.97144730968249,0.06043183460229139,66.03751102542165,2,4.7344073803025175,True,11.100460130007876,12.619042063488868,9.771869516392172
26,3050.0,436031.9169884183,4003760.1576758944,-75.71133293960162,36.17650531287211,ok,,IW,0,22510.238232122207,1186.34409712278,52,51,9.798143833204163,10.094829051262927,0.0,0.02569798181653886,affine_dtft,44.317546148854085,9,ambiguous_multiple_blobs,2,97.95007545612972,68.62185747998615,190.15202629330105,0.03304295741496886,111.80140948635109,2,2.6628486187601914,False,,,
26,3100.0,436079.51342532533,4003775.4736542753,-75.71080494526338,36.176646529581284,ok,,IW,0,22515.28313248504,1187.0924633872353,52,51,9.797938238878963,10.094885165560237,0.0,0.025154832320134275,affine_dtft,44.320203385302705,9,identified,2,181.8142658420679,109.6589096269771,190.51735232902428,0.032979595980992316,119.74488129694141,3,2.3099830669078942,False,,,
26,3150.0,436127.10986223235,4003790.7896326557,-75.71027694899483,36.176787743979546,ok,,IW,0,22520.328136956126,1187.840799975486,52,51,9.797752372977838,10.094941248087904,0.0,0.0246382684455468,affine_dtft,44.322860675174155,9,identified,2,172.7312253700477,108.34652927539175,190.15202629330105,0.03304295741496886,111.80140948635109,2,2.2038380671698254,False,,,
26,3200.0,436174.7062991393,4003806.1056110365,-75.709748950796,36.17692895606684,ok,,IW,0,22525.373235376966,1188.58910828058,52,51,9.79758624123252,10.094997289210351,0.0,0.024124521740766826,affine_dtft,44.32551801311172,9,ambiguous_multiple_blobs,2,169.88924093408477,106.69576611005184,190.15202629330105,0.03304295741496886,111.80140948635109,2,2.0495279426890205,False,,,
26,3250.0,436222.3027360463,4003821.4215894174,-75.70922095066693,36.17707016584314,ok,,IW,0,22530.418417586414,1189.3373896962073,52,51,9.797439847810203,10.095053290278273,0.0,0.023626890853181166,affine_dtft,44.328175393757235,9,identified,2,138.40413378148514,55.91848487317666,199.5946361045958,0.031479730266333106,72.34987578006948,9,1.6451045096893462,False,,,
26,3300.0,436269.89917295333,4003836.737567798,-75.70869294860768,36.177211373308396,ok,,IW,0,22535.46367342168,1190.0856456159966,52,51,9.797313176952922,10.095109253784733,0.0,0.023146413218861267,affine_dtft,44.33083281175172,9,identified,1,132.03557825202887,56.33080608174034,190.75707227578582,0.032938151294834885,64.79887635452468,7,1.9458884982900722,False,,,
26,3350.0,436317.49560986034,4003852.0535461786,-75.70816494461826,36.177352578462596,ok,,IW,0,22540.508992718234,1190.8338774338074,52,51,9.797206253506916,10.09516518513879,0.0,0.02260904141245079,affine_dtft,44.333490261735236,9,identified,1,138.7014648242392,55.51161600425134,184.57859116834078,0.03404070465273596,57.26477372789216,6,1.9933347832627701,False,,,
26,3400.0,436365.09204676736,4003867.3695245595,-75.70763693869873,36.17749378130567,ok,,IW,0,22545.55436531055,1191.582086543405,52,51,9.797119055406368,10.09522107461668,0.0,0.022170195783291997,affine_dtft,44.33614773834735,9,identified,3,159.22035040841462,55.00865721395333,157.1687970598195,0.039977307358203956,74.74488129694186,7,2.108010964493726,False,,,
26,3450.0,436412.6884836743,4003882.68550294,-75.70710893084913,36.177634981837606,ok,,IW,0,22550.599781030985,1192.3302743385884,52,51,9.797051599121868,10.095276928467898,0.0,0.021752121600777587,affine_dtft,44.33880523622649,9,identified,3,164.10312250320115,47.996319591917796,144.87461335503602,0.043369815881970565,75.96375653207319,7,1.8245192556008334,False,,,
26,3500.0,436460.2849205813,4003898.0014813207,-75.70658092106949,36.177776180058366,ok,,IW,0,22555.64522971284,1193.0784422128515,52,51,9.797003887722136,10.09533274761132,0.0,0.021356028886630615,affine_dtft,44.341462750011615,9,identified,4,124.22243864616179,87.30581425336898,198.9193446107676,0.0315865976709008,150.94539590092205,4,1.9517407274328835,False,,,
27,250.0,433437.73049446923,4002683.993532988,-75.74008725507508,36.166628899505184,touches_land_or_unmapped,,,,,,,,,,,,,,,,,,,,,,,,,,,
27,300.0,433485.2117192221,4002699.663035085,-75.73956069135305,36.1667734209885,touches_land_or_unmapped,,,,,,,,,,,,,,,,,,,,,,,,,,,
27,350.0,433532.69294397486,4002715.332537182,-75.7390341256613,36.16691794017487,touches_land_or_unmapped,,,,,,,,,,,,,,,,,,,,,,,,,,,
27,400.0,433580.17416872765,4002731.0020392793,-75.73850755799987,36.16706245706428,ok,99.22218303177107,IW,0,22246.863430259848,1124.2161083584588,52,51,9.836316508769281,10.08959092553291,0.0,0.06315274457204079,affine_dtft,44.17886748443435,8,identified,1,90.90484019057935,77.36906050507675,99.17367629791731,0.06335537353989908,75.57922687248883,7,4.725486845088161,True,7.839114645695043,9.001284473813147,6.811630444449077
27,450.0,433627.6553934805,4002746.6715413765,-75.73798098836878,36.16720697165669,ok,101.40140664059845,IW,0,22251.88293989113,1125.0044939013835,52,51,9.835086915851836,10.089654018201433,0.0,0.06236962892958465,affine_dtft,44.18151135835835,8,identified,1,97.30880605270421,78.10914321711861,98.08141160664577,0.06406091841722486,73.30075576600615,2,5.688006227269751,True,8.218832023069314,9.42147103632898,7.156539252130391
27,500.0,433675.1366182333,4002762.341043473,-75.73745441676809,36.16735148395205,ok,102.66112720235631,IW,0,22256.903075821217,1125.79277740011,52,51,9.833876700434509,10.089717058748953,0.0,0.06159690682597938,affine_dtft,44.184155560998356,8,identified,1,101.37249867761498,78.3757319370151,100.4114611907501,0.06257438376724263,78.69006752597954,1,5.770366763429963,True,8.443563652859787,9.67024090970057,7.360671860721352
27,550.0,433722.61784298613,4002778.0105455704,-75.73692784319782,36.16749599395033,ok,104.41420743618895,IW,0,22261.923828309755,1126.580960201843,52,51,9.832685881094116,10.089780051002668,0.0,0.06081493814967914,affine_dtft,44.186800087218025,8,identified,1,106.04363820593349,77.26570383544441,107.93907746708058,0.05821047811989909,71.56505117707775,4,5.165187629757288,True,8.762814283585518,10.023770992341081,7.6506457894834865
27,600.0,433770.0990677389,4002793.6800476676,-75.73640126765801,36.16764050165149,ok,106.38574060827588,IW,0,22266.945187602214,1127.3690436547372,52,51,9.831514452309836,10.089842988630695,0.0,0.06003356712552734,affine_dtft,44.18944493187352,8,identified,1,107.10046643732127,73.93732668113695,107.70000944938768,0.05833969132688232,75.37912601136811,5,5.799138341787953,True,9.13106588928594,10.43178144412322,7.985084520355615
27,650.0,433817.58029249177,4002809.349549765,-75.73587469014872,36.1677850070555,ok,109.41851363151366,IW,0,22271.96714393253,1128.157029109182,52,51,9.830362436028448,10.089905874774047,0.0,0.05925282366914479,affine_dtft,44.19209008981495,8,identified,1,108.10159993316614,69.11809803422068,107.93907746708058,0.05821047811989909,71.56505117707775,4,5.476017234269407,True,9.717113135093177,11.081661393819639,8.517164208919828
27,700.0,433865.06151724455,4002825.019051862,-75.73534811066997,36.16792951016231,ok,111.55818906114617,IW,0,22276.989687524718,1128.9449179157566,52,51,9.82922983299885,10.08996870932363,0.0,0.05848271525004902,affine_dtft,44.194735555887156,8,identified,1,107.80337793760351,67.85367563953957,107.93907746708058,0.05821047811989909,71.56505117707775,4,4.754743379366166,True,10.145278220790233,11.556958314243587,8.905730797925914
27,750.0,433912.5427419974,4002840.688553959,-75.7348215292218,36.16807401097191,ok,113.57935162865984,IW,0,22282.012808588443,1129.7327114278262,52,51,9.828116657624122,10.090031500006875,0.0,0.05770334097650915,affine_dtft,44.197381324927456,8,identified,1,108.80450738901139,68.15788680681752,115.57532630693886,0.05436441763091401,73.610459665965,4,4.520389622868235,True,10.561243903760435,12.019162397782068,9.283051919003164
27,800.0,433960.0239667502,4002856.3580560563,-75.73429494580427,36.16821850948423,ok,117.3938497791136,IW,0,22287.036497323526,1130.5204109992446,52,51,9.827022917760894,10.090094231478044,0.0,0.056924676596990534,affine_dtft,44.200027391767954,8,identified,1,119.8934909450316,86.09055628696993,118.6374546152431,0.05296122820197706,79.99202019855836,4,4.13284507622702,True,11.377871478548958,12.928006388557918,10.023201053109359
27,850.0,434007.505191503,4002872.0275581535,-75.73376836041739,36.168363005699256,ok,121.20834792956734,IW,0,22292.060743917835,1131.3080179854164,52,51,9.82594862103498,10.090156920079759,0.0,0.056146759941966454,affine_dtft,44.20267375123443,8,identified,1,116.03605811676448,85.1941275365737,117.80582228695603,0.0533350999568999,85.60129464500419,3,4.251817830894923,True,12.237690566445755,13.887243366517167,10.801439351109744
27,900.0,434054.9864162558,4002887.6970602507,-75.73324177306122,36.16850749961695,ok,122.61660333522445,IW,0,22297.085538548148,1132.0955337435907,52,51,9.824893776620462,10.090219556716788,0.0,0.055369625561902634,affine_dtft,44.20532039814689,8,identified,1,114.66594171597518,84.87101833014113,127.01156821934933,0.04946939397148855,82.8749836510979,4,3.962538954015637,True,12.566527915432712,14.254798536989464,11.098745856189382
27,950.0,434102.4676410086,4002903.366562348,-75.73271518373578,36.168651991237255,ok,123.9429862418849,IW,0,22302.11087138077,1132.8829596314781,52,51,9.823858390128883,10.090282143528377,0.0,0.054603482258171035,affine_dtft,44.20796732731973,8,identified,1,119.56751543806435,86.59021458535649,127.01156821934933,0.04946939397148855,82.8749836510979,4,3.5351494665129044,True,12.882060973226507,14.607869522933392,11.383836108183221
27,1000.0,434149.94886576146,4002919.036064445,-75.73218859244113,36.168796480560154,ok,,IW,0,22307.136732570598,1133.6702970087472,52,51,9.82284247911229,10.090344674981637,0.0,0.05382805898301233,affine_dtft,44.2106145335614,8,identified,1,128.25248701584258,89.29376771378449,137.38401653758683,0.04573447090521314,79.6951535312336,3,2.9472806713312845,False,,,
27,1050.0,434197.43009051424,4002934.705566542,-75.73166199917729,36.168940967585606,ok,,IW,0,22312.16311226384,1134.4575472353845,52,51,9.82184604448141,10.090407162379703,0.0,0.05305353583849089,affine_dtft,44.213262011675724,8,identified,2,136.31535491073052,90.71224819071456,133.99652418309455,0.04689065888451078,83.99099404250515,5,2.446263947883078,False,,,
27,1100.0,434244.9113152671,4002950.3750686394,-75.73113540394432,36.16908545231356,ok,,IW,0,22317.190000592956,1135.2447116743751,52,51,9.820869092898263,10.090469600111426,0.0,0.05227995449312825,affine_dtft,44.2159097564593,8,identified,2,136.28839362571296,89.23997768341393,138.32786610132447,0.045422411870195294,88.45184230102161,10,2.1789359377342916,False,,,
27,1150.0,434292.3925400199,4002966.0445707366,-75.73060880674224,36.169229934744,ok,,IW,0,22322.217387683562,1136.0317916881393,52,51,9.819911635483395,10.090531987831996,0.0,0.051507363997812486,affine_dtft,44.218557762705125,8,identified,2,121.38109104987217,87.91508353869409,127.36476034687848,0.049332211595007155,84.28940686250004,10,2.5153730633114226,False,,,
27,1200.0,434339.87376477267,4002981.714072834,-75.73008220757109,36.16937441487689,ok,,IW,0,22327.245263649063,1136.8187886412475,52,51,9.818973678870258,10.090594326616927,0.0,0.050746182994251744,affine_dtft,44.22120602519973,8,identified,1,118.03336165506391,90.11203772318395,122.93018583015024,0.05111181818158899,84.09385888622916,7,2.9471506507839402,False,,,
27,1250.0,434387.3549895255,4002997.383574931,-75.72955560643092,36.169518892712176,ok,,IW,0,22332.273618594216,1137.605703899065,52,51,9.81805523388854,10.09065661500967,0.0,0.049993115112793286,affine_dtft,44.223854538725114,8,identified,2,118.94447142581879,95.8380543541431,113.08188270064278,0.05556314731523188,96.34019174590951,4,3.048613991401003,True,,,
27,1300.0,434434.8362142783,4003013.053077028,-75.72902900332177,36.16966336824982,ok,,IW,0,22337.30244261371,1138.392538828196,52,51,9.8171562987602,10.090718857429536,0.0,0.04924913954603974,affine_dtft,44.22650329805796,8,identified,2,121.59323955128346,99.82126845343006,116.77991750702667,0.05380364570647625,98.74616226255486,3,3.6533632783526055,True,,,
27,1350.0,434482.31743903115,4003028.7225791253,-75.72850239824366,36.16980784148981,ok,,IW,0,22342.331725793123,1139.1792947966123,52,51,9.816276888326305,10.090781055031533,0.0,0.048507138857293595,affine_dtft,44.229152297970145,8,identified,2,128.72246881969477,102.23055223372796,140.65721748345732,0.04467019481541039,105.94539590092232,2,2.952311132638064,False,,,
27,1400.0,434529.79866378393,4003044.3920812225,-75.72797579119666,36.16995231243207,ok,,IW,0,22347.3614582089,1139.9659731723088,52,51,9.815417009959091,10.090843200528216,0.0,0.0477773545064105,affine_dtft,44.23180153322872,8,identified,4,154.7348586195661,59.67981895933001,162.8156743689765,0.03859078882626799,57.994616791916336,3,2.3081791717483844,False,,,
27,1450.0,434577.2798885368,4003060.061583319,-75.72744918218078,36.170096781076595,ok,,IW,0,22352.39162992764,1140.7525753257678,52,51,9.81457667037613,10.090905296159809,0.0,0.04703963320931041,affine_dtft,44.234450998595555,8,identified,3,156.43924009399646,61.19349057818907,137.38401653758683,0.04573447090521314,79.6951535312336,9,2.789000574866369,False,,,
27,1500.0,434624.76111328957,4003075.7310854164,-75.72692257119607,36.17024124742335,ok,,IW,0,22357.422231008277,1141.5391026277596,52,51,9.813755877676513,10.090967343058699,0.0,0.046304166872970204,affine_dtft,44.237100688828505,8,identified,2,137.2843777547671,63.51176011407967,117.26813886748006,0.05357964548478046,66.37062226934299,8,2.6404540276025057,False,,,
27,1550.0,434672.24233804236,4003091.4005875136,-75.72639595824256,36.17038571147227,ok,,IW,0,22362.453251500567,1142.3255564498402,52,51,9.81295463285179,10.091029344522912,0.0,0.04557106964534569,affine_dtft,44.23975059868055,8,identified,2,110.9722829690497,64.97206177464354,118.15384615384599,0.0531780006467023,67.38013505195934,6,3.3575371453845646,True,,,
27,1600.0,434719.7235627952,4003107.0700896108,-75.72586934332033,36.17053017322334,ok,,IW,0,22367.484681445276,1143.1119381651683,52,51,9.812172943898737,10.091091301009635,0.0,0.04484045281475184,affine_dtft,44.24240072289992,8,identified,2,108.45484319295173,64.61301513089583,103.97144730968249,0.06043183460229139,66.03751102542165,2,3.8106661282905714,True,,,
27,1650.0,434767.204787548,4003122.739591708,-75.72534272642936,36.17067463267652,ok,,IW,0,22372.516510875746,1143.898249147356,52,51,9.81141081779872,10.09115320784511,0.0,0.043979669183527303,affine_dtft,44.24505105623099,8,ambiguous_multiple_blobs,2,104.82920329044221,65.685324429053,146.28571428571402,0.04295146206079803,89.99999999999956,2,2.0922933416835243,False,,,
27,1700.0,434814.68601230084,4003138.409093805,-75.72481610756972,36.17081908983178,ok,,IW,0,22377.548729817405,1144.6844907709662,52,51,9.810668265590552,10.09121506566383,0.0,0.043255013399809326,affine_dtft,44.24770159341391,8,identified,3,156.7776803242053,88.55466176125695,144.994585081548,0.0433339307371085,77.27564431457729,9,2.3395657814538526,False,,,
27,1750.0,434862.1672370536,4003154.0785959023,-75.72428948674145,36.170963544689066,ok,,IW,0,22382.581328286604,1145.4706644117093,52,51,9.80994528777416,10.09127687860276,0.0,0.04253324760161362,affine_dtft,44.250352329184054,8,identified,4,160.41686278643894,88.63352797066574,169.49368598576476,0.0370703207652661,65.55604521958324,4,2.157033141207319,False,,,
27,1800.0,434909.6484618065,4003169.7480979995,-75.72376286394459,36.17110799724834,ok,,IW,0,22387.61429629315,1146.2567714459951,52,51,9.80924188681403,10.091338647836498,0.0,0.04181452894940858,affine_dtft,44.25300325827337,8,identified,4,157.81546498141415,84.72960506961071,140.49164094874317,0.04472284090889035,67.83365417791732,8,2.1219412207365655,False,,,
27,1850.0,434957.12968655926,4003185.4176000967,-75.72323623917917,36.171252447509595,ok,,IW,0,22392.647623838904,1147.0428132509114,52,51,9.808558083188812,10.091400370183761,0.0,0.04109900352260931,affine_dtft,44.25565437540959,8,identified,1,140.08192438690486,59.32581102043004,131.2293362252943,0.04787942610936189,70.01689347809985,6,2.807772241815713,False,,,
27,1900.0,435004.6109113121,4003201.087102194,-75.72270961244523,36.17139689547275,ok,122.83660562889588,IW,0,22397.681300919096,1147.8287912046098,52,51,9.807893868735274,10.09146204157679,0.0,0.04039756372284444,affine_dtft,44.25830567531696,8,identified,1,128.4745821141127,61.04426295362444,114.4866804479891,0.05488136508625573,63.434948822921854,3,4.307035735152225,True,12.618470822508645,14.312894470238954,11.14569018006231
27,1950.0,435052.0921360649,4003216.756604291,-75.7221829837428,36.17154134113782,ok,123.88034627650923,IW,0,22402.71531752092,1148.6147066861179,52,51,9.807249257928115,10.091523672499827,0.0,0.03968901394473136,affine_dtft,44.26095715271551,8,identified,1,124.5151694523004,60.772891165972865,127.01156821934926,0.04946939397148858,60.255118703057654,2,5.505890531902936,True,12.867030914856906,14.59104257295378,11.37026046810538
27,2000.0,435099.5733608177,4003232.426106388,-75.72165635307195,36.1716857845047,ok,124.50659066507724,IW,0,22407.74966362496,1149.4005610745583,52,51,9.806624239628135,10.091585253494296,0.0,0.03898419025743015,affine_dtft,44.263608802321734,8,identified,1,125.05115937740855,59.933749285240275,127.01156821934926,0.04946939397148858,60.255118703057654,2,5.257024582704419,True,13.0178735598019,14.759959659886551,11.506486477081157
27,2050.0,435147.0545855705,4003248.0956084854,-75.72112972043269,36.17183022557343,ok,127.01156821934926,IW,0,22412.78432920523,1150.1863557512004,52,51,9.806018840415788,10.091646791250353,0.0,0.03828331138384671,affine_dtft,44.266260618848726,8,identified,1,126.30918169853672,60.38332082468117,127.01156821934926,0.04946939397148858,60.255118703057654,2,4.566126664759796,True,13.634332214382908,15.451252776383246,12.062731683719282
27,2100.0,435194.5358103233,4003263.7651105826,-75.72060308582508,36.17197466434391,ok,127.01156821934926,IW,0,22417.819304230132,1150.9720920958798,52,51,9.80543305024824,10.091708279439628,0.0,0.03759755668632229,affine_dtft,44.268912597006576,8,identified,1,125.65405488334501,62.080505412218706,127.01156821934926,0.04946939397148858,60.255118703057654,2,3.444893944609063,True,13.634332214382908,15.451252776383246,12.062731683719282
27,2150.0,435242.01703507616,4003279.4346126798,-75.72007644924913,36.17211910081615,ok,,IW,0,22422.854578660303,1151.7577714913002,52,51,9.80486687949582,10.09176972743969,0.0,0.03690528297061141,affine_dtft,44.2715647315013,8,identified,3,121.72734669236328,64.85653743357011,119.85013472883753,0.05242535038776029,69.44395478041629,2,2.8657064456620374,False,,,
27,2200.0,435289.49825982895,4003295.104114777,-75.7195498107049,36.17226353499009,ok,,IW,0,22427.89014245137,1152.5433953194856,52,51,9.80432033837476,10.091831129071426,0.0,0.036217639976173256,affine_dtft,44.274217017036264,8,identified,4,117.93761957651968,66.61911210467863,133.88194825433345,0.04693078782543198,78.69006752597946,4,2.5121354236162867,False,,,
27,2250.0,435336.9794845818,4003310.773616874,-75.71902317019244,36.17240796686568,ok,,IW,0,22432.925985552174,1153.3289649630271,52,51,9.803793419657609,10.091892484449149,0.0,0.03553490035356483,affine_dtft,44.27686944831126,8,identified,2,120.75047542506942,65.7165139115791,95.58444464964587,0.06573439151328338,77.56043798115321,13,2.0043352004815556,False,,,
27,2300.0,435384.4607093346,4003326.4431189713,-75.71849652771178,36.17255239644291,ok,,IW,0,22437.962097906646,1154.1144818060925,52,51,9.803286134058625,10.091953797799093,0.0,0.03485734436657399,affine_dtft,44.27952202002351,8,identified,2,175.56572857922814,106.47955620023127,186.26736002790327,0.033732079019310475,104.03624346792584,3,2.1798480750800873,False,,,
27,2350.0,435431.9419340874,4003342.1126210685,-75.71796988326292,36.172696823721715,ok,,IW,0,22442.998469453047,1154.8999472325293,52,51,9.80279848996931,10.092015063497943,0.0,0.03419659665990828,affine_dtft,44.282174726867204,8,identified,2,150.03842365125504,54.116752333402175,159.92193217393253,0.03928907825066757,51.340191745909806,2,2.8801756988599894,False,,,
27,2400.0,435479.4231588402,4003357.7821231657,-75.71744323684597,36.172841248702085,ok,147.97614421374985,IW,0,22448.0350901242,1155.6853626269199,52,51,9.802330482722894,10.092076283860816,0.0,0.033530417554187765,affine_dtft,44.28482756353371,8,identified,2,153.10268267491148,54.694014094460364,159.92193217393253,0.03928907825066757,51.340191745909806,2,3.38530207835532,True,19.745369632744843,22.411128489620104,17.523252685682003
27,2450.0,435526.904383593,4003373.4516252624,-75.71691658846092,36.17298567138397,ok,145.32811229470911,IW,0,22453.07194984751,1156.4707293746824,52,51,9.801882120527903,10.092137463652795,0.0,0.03287040745786325,affine_dtft,44.28748052471152,8,identified,1,150.74343486487697,56.2754945354571,142.0032502336585,0.04424677109038668,56.309932474020094,1,4.276003489880629,True,18.866159601366107,21.395558790445378,16.744695396206268
27,2500.0,435574.38560834585,4003389.1211273596,-75.71638993810781,36.17313009176734,ok,141.66480347963713,IW,0,22458.109038546383,1157.2560488612712,52,51,9.80145340758033,10.092198599380636,0.0,0.032216936746028504,affine_dtft,44.29013360508702,8,identified,1,143.81966570654643,58.95986202786968,142.0032502336585,0.04424677109038668,56.309932474020094,1,4.953871234715374,True,17.706291777058468,20.063971268343966,15.713614398322436
27,2550.0,435621.86683309864,4003404.7906294568,-75.71586328578671,36.17327450985216,ok,138.08106709158233,IW,0,22463.1463461388,1158.0413224732397,52,51,9.801044346829945,10.092259688588925,0.0,0.031570409182950857,affine_dtft,44.292786799343745,8,identified,1,138.3102893372085,60.947510243461274,137.38401653758697,0.0457344709052131,63.43494882292177,3,5.229298859113891,True,16.630596406969683,18.836639524597757,14.753575347221343
27,2600.0,435669.3480578515,4003420.460131554,-75.71533663149762,36.17341892563838,ok,140.2101984976477,IW,0,22468.18386253858,1158.8265515965168,52,51,9.800654937798864,10.092320737576136,0.0,0.030942941825428567,affine_dtft,44.295440102163006,8,identified,1,138.60490413050115,60.97649333041372,127.01156821934926,0.04946939397148858,60.255118703057654,2,7.549071027086932,True,17.26289623097284,19.557223183718115,15.318316023577353
27,2650.0,435716.8292826043,4003436.129633651,-75.71480997524061,36.17356333912596,ok,142.33932990371312,IW,0,22473.2215776549,1159.6117376182904,52,51,9.800285193546332,10.09238173738169,0.0,0.030311697788383603,affine_dtft,44.298093508223715,8,identified,1,144.46886222389904,59.94684859748462,142.0032502336585,0.04424677109038668,56.309932474020094,1,5.701987672666505,True,17.915141102267967,20.30308877636705,15.899596100986265
27,2700.0,435764.31050735706,4003451.7991357483,-75.71428331701571,36.17370775031488,ok,145.3923080489928,IW,0,22478.25948139385,1160.3968819259283,52,51,9.799935111417085,10.092442698815217,0.0,0.029688792432762994,affine_dtft,44.300747012203125,8,identified,1,150.88717289678758,58.785631140069896,152.64890726398542,0.04116102381469181,63.43494882292177,2,5.327550813951951,True,18.887057799922598,21.419634216048877,16.76323223743126
27,2750.0,435811.7917321099,4003467.4686378455,-75.71375665682295,36.173852159205104,ok,146.97476377189304,IW,0,22483.297563656015,1161.1819859073166,52,51,9.799604690970053,10.092503614361943,0.0,0.02907474924180227,affine_dtft,44.30340060877558,8,identified,1,152.2702979768639,59.172665300753046,152.64890726398542,0.04116102381469181,63.43494882292177,2,5.581298506295807,True,19.40869771453348,22.02158059547163,17.2254433298013
27,2800.0,435859.2729568627,4003483.1381399427,-75.71322999466237,36.17399656579658,ok,143.99816662302607,IW,0,22488.335814339946,1161.9670509501282,52,51,9.799293943000515,10.092564491447149,0.0,0.028482110734193485,affine_dtft,44.30605429261438,8,identified,1,146.70107095019668,60.91654146121622,152.64890726398542,0.04116102381469181,63.43494882292177,2,6.12633606651777,True,18.437725165510912,20.902650255257196,16.364346828254874
27,2850.0,435906.75418161554,4003498.80764204,-75.71270333053403,36.174140970089276,ok,136.922012943725,IW,0,22493.374223339015,1162.7520784425108,52,51,9.79900286491437,10.092625320063837,0.0,0.02788761797586869,affine_dtft,44.30870805839008,8,identified,1,136.96845971249465,62.44064415359798,134.9238468338506,0.04656838249591931,71.56505117707773,5,6.080553533656452,True,16.294465100673197,18.454522756707636,14.452883477430817
27,2900.0,435954.23540636833,4003514.477144137,-75.71217666443795,36.17428537208317,ok,129.28956758052573,IW,0,22498.412780545244,1163.5370697735798,52,51,9.798731454868813,10.092686110872016,0.0,0.027303814167919823,affine_dtft,44.311361900772525,8,identified,1,125.29246325965268,65.63875963562214,127.12026448932349,0.04942709435368816,65.55604521958325,3,5.737541089863371,True,14.213661143277086,16.102400965917884,12.584729750104529
27,2950.0,436001.7166311212,4003530.146646234,-75.71164999637416,36.17442977177819,ok,121.65712221732647,IW,0,22503.451475845828,1164.3220263315206,52,51,9.798479723072195,10.09274685780768,0.0,0.026731404613621376,affine_dtft,44.31401581442902,8,identified,1,117.06150470501744,67.33363079558832,117.26813886748006,0.05357964548478046,66.37062226934299,4,5.090233726338867,True,12.341800413570905,14.003567801564403,10.89558749543046
27,3000.0,436049.19785587396,4003545.8161483314,-75.71112332634273,36.17457416917434,ok,118.34044106319544,IW,0,22508.49029912642,1165.106949505746,52,51,9.798247671512403,10.09280756242575,0.0,0.026171127424258808,affine_dtft,44.31666979402606,8,identified,1,102.44049485811338,67.74144844604798,114.4866804479891,0.05488136508625573,63.434948822921854,3,3.9652292070158617,True,11.587119699258487,13.161217978476689,10.212703393699329
27,3050.0,436096.67908062675,4003561.4856504286,-75.71059665434368,36.17471856427156,ok,115.41383325448608,IW,0,22513.529240269327,1165.8918406849175,52,51,9.798035295764764,10.09286822381509,0.0,0.025530696165188348,affine_dtft,44.31932383422836,8,identified,2,97.26034937520487,68.15793273808582,114.4866804479891,0.05488136508625573,63.434948822921854,3,3.0785989661084474,True,10.948734722137932,12.450160172876199,9.634363033317669
27,3100.0,436144.1603053796,4003577.1551525258,-75.71006998037704,36.17486295706983,ok,,IW,0,22518.56828915444,1166.6767012588593,52,51,9.797842601761833,10.09292884417696,0.0,0.02500002501083784,affine_dtft,44.32197792969938,8,identified,2,183.8324583765741,109.42734864640649,190.51735232902428,0.032979595980992316,119.74488129694141,3,2.525044968183991,False,,,
27,3150.0,436191.6415301324,4003592.824654623,-75.70954330444286,36.17500734756907,ok,,IW,0,22523.60743565963,1167.4615326165174,52,51,9.797669592055763,10.092989420566491,0.0,0.02448419088571462,affine_dtft,44.3246320751015,8,identified,1,180.59814709232458,108.43025516964576,190.51735232902428,0.032979595980992316,119.74488129694141,3,2.333192366196245,False,,,
27,3200.0,436239.12275488523,4003608.49415672,-75.70901662654119,36.17515173576931,ok,,IW,0,22528.646669659815,1168.2463361482053,52,51,9.797516268134606,10.09304996207952,0.0,0.023984145629173836,affine_dtft,44.327286265095566,8,identified,2,177.42992081602816,106.13559675372754,190.15202629330105,0.03304295741496886,111.80140948635109,4,2.085154935651427,False,,,
27,3250.0,436286.603979638,4003624.1636588173,-75.70848994667205,36.17529612167046,ok,,IW,0,22533.685981029565,1169.031113242702,52,51,9.797382632034882,10.093110461184345,0.0,0.02350088431546688,affine_dtft,44.329940494342246,8,identified,1,176.72766830809698,104.46629768295203,198.01057518799146,0.03173156434303735,79.87532834460177,11,1.338351275544016,False,,,
27,3300.0,436334.08520439087,4003639.8331609145,-75.70796326483548,36.1754405052725,ok,,IW,0,22538.725359641245,1169.815865289702,52,51,9.797268682769412,10.093170912842252,0.0,0.02304797876267619,affine_dtft,44.33259475750099,8,identified,1,125.60542066487143,58.340788054873634,172.3200151190203,0.03646230707930145,67.75097634278737,8,1.8492701330520367,False,,,
27,3350.0,436381.56642914366,4003655.5026630117,-75.70743658103154,36.1755848865754,ok,,IW,0,22543.764795364597,1170.600593679541,52,51,9.79717442154711,10.093231329808095,0.0,0.022601515519007152,affine_dtft,44.33524904922993,8,identified,1,136.2700368280021,57.22237460620036,185.58630707103026,0.03385586688125,64.98310652189967,6,2.257865160057895,False,,,
27,3400.0,436429.0476538965,4003671.1721651084,-75.70690989526024,36.1757292655791,ok,,IW,0,22548.80427807012,1171.3852998009984,52,51,9.79709984816031,10.093291702436543,0.0,0.022175114228071238,affine_dtft,44.337903364187575,8,identified,3,155.37650375785466,57.72548334521519,165.57098669146978,0.037948588896724235,75.96375653207313,8,2.350532816912939,False,,,
27,3450.0,436476.5288786493,4003686.8416672056,-75.70638320752165,36.17587364228359,ok,,IW,0,22553.843797625774,1172.1699850440646,52,51,9.797044972995305,10.093352033662693,0.0,0.021769952772798466,affine_dtft,44.34055769703109,8,identified,2,126.17028761966881,87.19416124743603,144.87461335503602,0.043369815881970565,75.96375653207319,7,1.8969370026291572,False,,,
27,3500.0,436524.0101034021,4003702.5111693027,-75.70585651781577,36.17601801668883,ok,,IW,0,22558.88334389898,1172.9546507983657,52,51,9.797009777987942,10.093412329098706,0.0,0.021399745398563742,affine_dtft,44.34321204241737,8,ambiguous_multiple_blobs,2,126.06856634023819,87.15252779123202,228.9733608959782,0.027440682543127867,153.4349488229211,3,1.8323013695468358,False,,,
28,250.0,433510.49379412615,4002465.991243,-75.73925982558193,36.164668619280775,touches_land_or_unmapped,,,,,,,,,,,,,,,,,,,,,,,,,,,
28,300.0,433557.869545093,4002481.9768058723,-75.7387344726809,36.16481597907292,touches_land_or_unmapped,,,,,,,,,,,,,,,,,,,,,,,,,,,
28,350.0,433605.2452960598,4002497.962368744,-75.73820911777725,36.164963336579,touches_land_or_unmapped,,,,,,,,,,,,,,,,,,,,,,,,,,,
28,400.0,433652.62104702665,4002513.9479316156,-75.73768376087102,36.16511069179906,ok,97.47075557996384,IW,0,22250.620645004186,1101.8353462546834,52,51,9.835429915830872,10.087353926929683,0.0,0.06276002826343018,affine_dtft,44.18089382204287,7,identified,1,91.22830182448973,79.81792201380301,91.58934435839126,0.06860170635781969,79.69515353123374,6,5.245318667416388,True,7.542097479237947,8.672716925178317,6.541864157248945
28,450.0,433699.9967979935,4002529.9334944873,-75.73715840196228,36.16525804473301,ok,101.33530817337507,IW,0,22255.635071633766,1102.6563929483664,52,51,9.834216076951114,10.087421443409468,0.0,0.06197812933540156,affine_dtft,44.18353497148773,7,identified,1,96.90727264566324,79.27449568561588,100.4114611907501,0.06257438376724263,78.69006752597954,1,5.861696662793855,True,8.207146864892596,9.408537882739365,7.145925094316868
28,500.0,433747.3725489603,4002545.9190573595,-75.73663304105102,36.16540539538084,ok,102.65606203211617,IW,0,22260.650116229746,1103.4773382725834,52,51,9.83302158304692,10.08748890495596,0.0,0.06119681072494614,affine_dtft,44.18617644519468,7,identified,1,101.84979841307567,79.43668053596446,100.4114611907501,0.06257438376724263,78.69006752597954,1,5.893639651153702,True,8.442652262305668,9.669231886865887,7.359844018658706
28,550.0,433794.74829992716,4002561.904620231,-75.73610767813729,36.165552743742495,ok,105.92600865385403,IW,0,22265.665769074556,1104.298183571478,52,51,9.831846438732157,10.0875563093221,0.0,0.060416092299334416,affine_dtft,44.18881823803933,7,identified,1,107.26422151376893,78.06634905865107,112.92896595360881,0.05563838519304885,72.89727103094742,3,5.904612318879382,True,9.044311377660959,10.335637682170887,7.906301255465494
28,600.0,433842.124050894,4002577.890183103,-75.73558231322113,36.16570008981795,ok,106.63800587764051,IW,0,22270.682020439617,1105.1189301907093,52,51,9.830690658118042,10.087623661747918,0.0,0.0596360070524464,affine_dtft,44.19146034489148,7,identified,1,108.18019105441633,74.96104506133733,107.93907746708058,0.05821047811989909,71.56505117707775,4,5.896341460540236,True,9.178900456704655,10.484799308877081,8.028522244465815
28,650.0,433889.49980186083,4002593.8757459745,-75.73505694630259,36.165847433607155,ok,107.350003101427,IW,0,22275.698860582863,1105.9395794781296,52,51,9.829554243982422,10.087690959758381,0.0,0.05886659273408943,affine_dtft,44.19410276061382,7,identified,1,108.49704490048103,68.45221355567766,107.93907746708058,0.05821047811989909,71.56505117707775,4,5.888860870616489,True,9.314795249155713,10.635444525120347,8.151918851757792
28,700.0,433936.87555282767,4002609.8613088466,-75.73453157738172,36.16599477511009,ok,107.45821091821556,IW,0,22280.71627975285,1106.7601327822783,52,51,9.828437207412913,10.087758200811663,0.0,0.05808788836058555,affine_dtft,44.196745480064095,7,identified,1,107.41612359250776,66.82631201479055,103.97144730968249,0.06043183460229139,66.03751102542165,2,5.316368195528926,True,9.33556325774392,10.658470085956711,8.170775861475473
28,750.0,433984.2513037945,4002625.8468717183,-75.73400620645852,36.1661421143267,ok,110.97326072248696,IW,0,22285.734268184257,1107.5805914537084,52,51,9.827339557536696,10.087825391028371,0.0,0.05730990575477777,affine_dtft,44.19938849809275,7,identified,1,108.02294323569234,66.73394366463798,103.97144730968249,0.06043183460229139,66.03751102542165,2,4.821494471352676,True,10.026998406642228,11.425613344880547,8.798406810952773
28,800.0,434031.62705476134,4002641.83243459,-75.73348083353306,36.166289451256965,ok,115.75478680345059,IW,0,22290.75281610112,1108.4009568442975,52,51,9.826261311086487,10.087892522880129,0.0,0.05653268153267759,affine_dtft,44.2020318095446,7,identified,1,110.84912616997697,68.42431969241618,113.4700050375516,0.055373094458753554,77.19573393471298,5,3.675602982203734,True,11.021815907469572,12.531496348354935,9.700599273903277
28,850.0,434079.0028057282,4002657.817997462,-75.73295545860535,36.166436785900835,ok,118.7006216768926,IW,0,22295.771913717967,1109.2212303064282,52,51,9.825202465371493,10.087959604345043,0.0,0.055756237244626417,affine_dtft,44.20467540925946,7,identified,1,117.91232982925378,85.34469709541686,125.51432648843765,0.050059507013794094,78.6900675259795,5,3.57391224440724,True,11.667445026799374,13.25078067964319,10.285431056923901
28,900.0,434126.378556695,4002673.803560334,-75.73243008167545,36.16658411825827,ok,124.70775984947196,IW,0,22300.79155123621,1110.041413194102,52,51,9.824163029935624,10.088026631511278,0.0,0.05498062164332537,affine_dtft,44.2073192920702,7,identified,2,142.07511471704262,69.21795627266295,131.84670787189867,0.04765523090105735,78.11134196037173,5,3.0625842106797134,True,13.066603222664291,14.814547738123204,11.550484660626555
28,950.0,434173.75430766185,4002689.7891232055,-75.73190470274338,36.16673144832924,ok,,IW,0,22305.811718847846,1110.8615068636698,52,51,9.823143018990208,10.088093601052924,0.0,0.05421610741735333,affine_dtft,44.20996345280478,7,identified,2,120.38555201359253,87.6495145814456,133.88194825433345,0.04693078782543198,78.69006752597946,4,2.560270163419183,False,,,
28,1000.0,434221.1300586287,4002705.774686077,-75.7313793218092,36.16687877611372,ok,,IW,0,22310.832406733072,1111.6815126718454,52,51,9.82214243780487,10.088160522868474,0.0,0.0534423010341406,affine_dtft,44.2126078862849,7,identified,1,128.4210454990463,90.73964811234588,127.99999999999986,0.04908738521234057,89.99999999999962,1,3.230101994593678,True,,,
28,1050.0,434268.5058095955,4002721.7602489493,-75.73085393887293,36.16702610161163,ok,,IW,0,22315.853605063247,1112.5014319759932,52,51,9.821161298296282,10.08822739131452,0.0,0.05266944633240189,affine_dtft,44.215252587327605,7,identified,2,132.51326828024702,91.70984491877556,127.01156821934933,0.04946939397148855,97.12501634890134,2,2.996711706807475,False,,,
28,1100.0,434315.88156056235,4002737.745811821,-75.73032855393461,36.16717342482298,ok,,IW,0,22320.875303998782,1113.3212661356613,52,51,9.820199600666074,10.088294204774702,0.0,0.05189758461216241,affine_dtft,44.21789755074417,7,identified,2,130.13540639915692,90.19382681802782,137.38401653758683,0.04573447090521314,79.6951535312336,6,2.4034946658876537,False,,,
28,1150.0,434363.2573115292,4002753.7313746926,-75.72980316699429,36.167320745747716,ok,,IW,0,22325.897493689725,1114.1410165118332,52,51,9.819257353073622,10.088360966675587,0.0,0.05112676613112188,affine_dtft,44.22054277134042,7,identified,1,121.28426826379554,87.74291112135006,119.18867701336573,0.05271629373379985,81.63411387596709,8,2.9622822150039996,False,,,
28,1200.0,434410.633062496,4002769.7169375643,-75.729277778052,36.16746806438579,ok,,IW,0,22330.92016427663,1114.9606844654231,52,51,9.81833457313951,10.088427673904478,0.0,0.05037037419844029,affine_dtft,44.223188243917164,7,identified,1,118.87214863754973,89.96136121114571,122.93018583015024,0.05111181818158899,84.09385888622916,7,2.9297512016817135,False,,,
28,1250.0,434458.00881346286,4002785.7025004365,-75.72875238710776,36.167615380737175,ok,123.50633923037559,IW,0,22335.94330589108,1115.7802713591245,52,51,9.817431260668863,10.088494330656255,0.0,0.049627071648732216,affine_dtft,44.225833963270475,7,identified,2,121.23201302282789,96.44724789060419,113.08188270064278,0.05556314731523188,96.34019174590951,4,3.1257160722623127,True,12.777556953149265,14.49089011944381,11.289435641684584
28,1300.0,434505.3845644297,4002801.688063308,-75.72822699416164,36.16776269480182,ok,130.79198123877805,IW,0,22340.96690865484,1116.5997785567977,52,51,9.816547424912375,10.088560936130953,0.0,0.04888575904691876,affine_dtft,44.22847992419127,7,identified,2,122.32967603245184,99.86975182535733,116.77991750702667,0.05380364570647625,98.74616226255486,3,3.7851980874498143,True,14.605860912208735,16.544090150988136,12.937680849051597
28,1350.0,434552.76031539653,4002817.67362618,-75.72770159921367,36.1679100065797,ok,130.79198123877805,IW,0,22345.99096267916,1117.4192074236573,52,51,9.815683071057936,10.088627487186542,0.0,0.04814651076913142,affine_dtft,44.231126121464904,7,identified,2,129.118612439672,102.40695277058667,140.65721748345732,0.04467019481541039,105.94539590092232,2,3.878428858615515,True,14.605860912208735,16.544090150988136,12.937680849051597
28,1400.0,434600.13606636337,4002833.659189052,-75.72717620226386,36.168057316070794,ok,136.69534741815644,IW,0,22351.01545806745,1118.2385593256001,52,51,9.814838207465058,10.088693989535455,0.0,0.04740943103777903,affine_dtft,44.23377254987259,7,identified,2,153.38349274259994,60.54830071200913,152.64890726398542,0.04116102381469181,63.43494882292177,2,3.3043018530282224,True,16.229381403369803,18.380608728518226,14.394624701856443
28,1450.0,434647.5118173302,4002849.6447519236,-75.72665080331228,36.16820462327503,ok,,IW,0,22356.040384915686,1119.0578356289059,52,51,9.814012844129342,10.088760437836818,0.0,0.04667461057293577,affine_dtft,44.23641920419168,7,identified,3,155.88647779463946,60.5059115173201,162.8156743689765,0.03859078882626799,57.994616791916336,3,2.5434210776099935,False,,,
28,1500.0,434694.88756829704,4002865.6303147953,-75.72612540235896,36.16835192819239,ok,,IW,0,22361.06573330768,1119.8770377024925,52,51,9.813206984299764,10.088826838624318,0.0,0.04595247592728687,affine_dtft,44.23906607919303,7,identified,2,140.64172084243265,62.29250133110719,126.15191997744864,0.04980649766014493,70.82099197418908,6,2.699670811962903,False,,,
28,1550.0,434742.2633192639,4002881.615877667,-75.72559999940393,36.16849923082284,ok,,IW,0,22366.091493321925,1120.6961669146624,52,51,9.812420629191806,10.088893185079842,0.0,0.04522256270596301,affine_dtft,44.24171316964475,7,identified,2,108.31475353562784,68.05861301404384,120.81386961485012,0.05200715221861641,70.70995378081108,5,3.378932033198481,True,,,
28,1600.0,434789.6390702307,4002897.601440539,-75.72507459444724,36.16864653116634,ok,,IW,0,22371.117655026872,1121.5152246354753,52,51,9.81165379191904,10.08895948356089,0.0,0.04449525319411951,affine_dtft,44.244360470309644,7,identified,1,106.92631616980208,66.776189999365,115.57532630693886,0.05436441763091401,73.610459665965,4,4.233106697775806,True,,,
28,1650.0,434837.01482119755,4002913.587003411,-75.7245491874889,36.168793829222835,ok,,IW,0,22376.144208483493,1122.3342122355755,52,51,9.810906485688006,10.089025729832917,0.0,0.043770670847319997,affine_dtft,44.24700797594655,7,ambiguous_multiple_blobs,2,102.00285186073172,64.47217294728323,146.28571428571402,0.04295146206079803,89.99999999999956,2,2.193566066624806,False,,,
28,1700.0,434884.3905721644,4002929.5725662825,-75.72402377852897,36.16894112499231,ok,,IW,0,22381.17114374542,1123.1531310867333,52,51,9.810178706162311,10.089091924001362,0.0,0.04304895556298549,affine_dtft,44.249655681310486,7,identified,3,156.93297284538087,86.95716381129861,139.40144361192685,0.04507259856412285,76.50426671920386,7,2.428715453210252,False,,,
28,1750.0,434931.7663231312,4002945.558129154,-75.7234983675675,36.16908841847471,ok,,IW,0,22386.198450857184,1123.9719825612412,52,51,9.809470453844067,10.089158069344741,0.0,0.042340834922744194,affine_dtft,44.25230358115162,7,identified,2,162.61214189100636,87.18382757281421,169.49368598576476,0.0370703207652661,65.55604521958324,4,2.485457571315238,False,,,
28,1800.0,434979.14207409805,4002961.5436920263,-75.72297295460451,36.16923570967002,ok,,IW,0,22391.22611985691,1124.7907680330832,52,51,9.80878174785758,10.08922416496959,0.0,0.04162534647614282,affine_dtft,44.25495167021676,7,identified,2,166.11349884610686,56.52943332948252,140.57604566705027,0.04469598840517327,64.44003482817598,7,2.4659896616832944,False,,,
28,1850.0,435026.5178250649,4002977.529254898,-75.72244753964004,36.16938299857818,ok,128.45372297798903,IW,0,22396.254140775065,1125.6094888757455,52,51,9.80811258815036,10.089290209400998,0.0,0.04091318180292873,affine_dtft,44.257599943248714,7,identified,1,142.6334772785505,59.10425151883853,131.2293362252943,0.04787942610936189,70.01689347809985,6,3.1127722780599036,True,13.998975672530271,15.860926310189116,12.391377279268784
28,1900.0,435073.8935760317,4002993.5148177696,-75.72192212267413,36.169530285199166,ok,128.09318428832907,IW,0,22401.28250363508,1126.4281464645348,52,51,9.807462981463008,10.0893562057584,0.0,0.04020450866153574,affine_dtft,44.26024839498652,7,identified,1,130.8836190438745,60.522237868558946,127.12026448932349,0.04942709435368816,65.55604521958325,3,4.357802924231316,True,13.907134302089927,15.757688084628887,12.308630234635677
28,1950.0,435121.26932699856,4003009.5003806413,-75.72139670370682,36.16967756953293,ok,127.8768610745331,IW,0,22406.311198453808,1127.246742175143,52,51,9.80683292813377,10.089422150000606,0.0,0.0394995213094511,affine_dtft,44.26289702016579,7,identified,1,127.21273249158837,61.05388341883524,127.01156821934926,0.04946939397148858,60.255118703057654,2,5.622225530362263,True,13.852248301181966,15.696009038456712,12.259170185530662
28,2000.0,435168.6450779654,4003025.4859435135,-75.72087128273813,36.16982485157944,ok,127.0333074733441,IW,0,22411.34021524015,1128.0652773842003,52,51,9.806222440719942,10.08948804654937,0.0,0.038798412799422866,affine_dtft,44.26554581351793,7,identified,1,129.30219345138826,61.51874932060086,127.01156821934926,0.04946939397148858,60.255118703057654,2,5.813931207909916,True,13.63977533777837,15.457363800725517,12.06763959473325
28,2050.0,435216.02082893223,4003041.471506385,-75.72034585976813,36.16997213133867,ok,127.01156821934926,IW,0,22416.36954399766,1128.8837534687725,52,51,9.805631523907897,10.089553895100844,0.0,0.038112360435574366,affine_dtft,44.268194769771526,7,identified,1,130.69563287616532,61.81563090351187,127.01156821934926,0.04946939397148858,60.255118703057654,2,4.622748497236664,True,13.634332214382908,15.451252776383246,12.062731683719282
28,2100.0,435263.39657989907,4003057.457069257,-75.71982043479683,36.17011940881055,ok,127.01156821934926,IW,0,22421.399174724025,1129.7021718060628,52,51,9.805060178231562,10.089619693473807,0.0,0.03741972441156856,affine_dtft,44.27084388365209,7,identified,1,126.16115331362269,61.307467148720725,127.01156821934926,0.04946939397148858,60.255118703057654,2,3.454830381756534,True,13.634332214382908,15.451252776383246,12.062731683719282
28,2150.0,435310.77233086596,4003073.442632129,-75.71929500782429,36.17026668399508,ok,,IW,0,22426.42909740898,1130.5205337755426,52,51,9.804508404006365,10.089685445511137,0.0,0.03673164489134646,affine_dtft,44.27349314988093,7,ambiguous_multiple_blobs,2,120.36143350197273,62.992355712824605,114.4866804479891,0.05488136508625573,63.434948822921854,1,3.1011109167100686,False,,,
28,2200.0,435358.1480818328,4003089.4281950006,-75.71876957885054,36.1704139568922,ok,,IW,0,22431.459302037485,1131.3388407557268,52,51,9.80397622141585,10.089751146351508,0.0,0.0360483822422363,affine_dtft,44.27614256317679,7,ambiguous_multiple_blobs,5,114.41105583033581,62.70180391925436,248.35648003720473,0.025299059264482816,14.036243467926967,2,2.8826177148571555,False,,,
28,2250.0,435405.52383279963,4003105.4137578723,-75.7182441478756,36.17056122750188,ok,,IW,0,22436.48977858988,1132.1570941264386,52,51,9.803463617029795,10.089816799866883,0.0,0.03537020508154698,affine_dtft,44.278792118256085,7,identified,3,165.95232814527157,103.91246433855372,76.75204495317614,0.08186342541117632,77.0053832080833,4,1.9603534233199624,False,,,
28,2300.0,435452.89958376647,4003121.399320744,-75.71771871489952,36.170708495824094,ok,,IW,0,22441.52051703824,1132.9752952683748,52,51,9.802970610552734,10.089882405119946,0.0,0.034577112729277444,affine_dtft,44.28144180983079,7,identified,2,168.73943073198342,107.79148353437228,161.90861620062083,0.03880698541326606,108.4349488229214,1,3.1399939150340463,True,,,
28,2350.0,435500.2753347333,4003137.384883616,-75.71719327992234,36.17085576185878,ok,,IW,0,22446.551507351363,1133.7934455615477,52,51,9.802497190527735,10.089947961727548,0.0,0.03391129332281826,affine_dtft,44.284091632611165,7,identified,3,146.33670108678373,52.97230019366929,159.92193217393253,0.03928907825066757,51.340191745909806,2,2.8903013903853223,False,,,
28,2400.0,435547.65108570014,4003153.370446488,-75.7166678429441,36.17100302560592,ok,,IW,0,22451.58273949242,1134.611546387751,52,51,9.80204337282277,10.09001347350309,0.0,0.033251578816927994,affine_dtft,44.286741581304526,7,identified,2,148.7960479697029,53.809366318764205,144.8154687870047,0.04338752869295286,98.13010235415544,2,2.653066326701235,False,,,
28,2450.0,435595.026836667,4003169.3560093595,-75.71614240396485,36.17115028706546,ok,137.00602289555542,IW,0,22456.614203419565,1135.429599128532,52,51,9.801609159013559,10.090078933061722,0.0,0.03259833710765075,affine_dtft,44.28939165061554,7,identified,2,146.0139348996916,55.82391528873975,142.0032502336585,0.04424677109038668,56.309932474020094,1,3.908316664568048,True,16.31864099635941,18.481984783880584,14.474521160524228
28,2500.0,435642.4025876338,4003185.341572231,-75.71561696298461,36.171297546237376,ok,134.50740922650388,IW,0,22461.645889086245,1136.2476051664523,52,51,9.801194550433223,10.090144345002232,0.0,0.03195197057666713,affine_dtft,44.29204183524637,7,identified,1,138.1712563260816,58.64413611705085,142.0032502336585,0.04424677109038668,56.309932474020094,1,4.445045649534831,True,15.61183580159316,17.6804299672641,13.841255669718999
28,2550.0,435689.77833860065,4003201.3271351033,-75.71509152000341,36.17144480312163,ok,136.00657742793481,IW,0,22466.677786441098,1137.0655658841076,52,51,9.800799546488603,10.090209713008834,0.0,0.031312894731693644,affine_dtft,44.294692129896674,7,identified,1,133.4818183182735,60.44298916691582,127.01156821934926,0.04946939397148858,60.255118703057654,2,8.10430615796275,True,16.032899186072644,18.157610867108563,14.218674594145401
28,2600.0,435737.1540895675,4003217.312697975,-75.71456607502131,36.17159205771818,ok,136.00657742793481,IW,0,22471.709885428878,1137.8834826645138,52,51,9.800424163244262,10.090275030998654,0.0,0.0306933100846244,affine_dtft,44.29734252926405,7,identified,1,134.59908274642672,60.269537123736534,127.01156821934926,0.04946939397148858,60.255118703057654,2,7.904712939057671,True,16.032899186072644,18.157610867108563,14.218674594145401
28,2650.0,435784.5298405343,4003233.2982608466,-75.71404062803832,36.171739310027,ok,136.00657742793481,IW,0,22476.74217598991,1138.7013568915663,52,51,9.800068399840061,10.090340305710134,0.0,0.03007027669159402,affine_dtft,44.29999302804376,7,identified,1,141.75292322050038,58.907322113008334,142.0032502336585,0.04424677109038668,56.309932474020094,1,6.385775201007669,True,16.032899186072644,18.157610867108563,14.218674594145401
28,2700.0,435831.90559150116,4003249.2838237183,-75.71351517905453,36.17188656004802,ok,141.13404523686205,IW,0,22481.77464806073,1139.5191899484753,52,51,9.7997322435712,10.090405531499414,0.0,0.029455981820463405,affine_dtft,44.30264362092907,7,identified,1,148.2382370023662,57.873879697963574,142.0032502336585,0.04424677109038668,56.309932474020094,1,5.592124298194093,True,17.543408577033947,19.877673286991296,15.568470621781975
28,2750.0,435879.281342468,4003265.2693865905,-75.7129897280699,36.17203380778124,ok,142.62328904266332,IW,0,22486.807291573543,1140.3369832197875,52,51,9.799415708769397,10.090470712707466,0.0,0.028850989517242624,affine_dtft,44.305294302610974,7,identified,1,149.003413508019,58.49186656364596,142.0032502336585,0.04424677109038668,56.309932474020094,1,5.401832425162969,True,18.00368596523867,20.404550706647267,15.978404024512274
28,2800.0,435926.6570934348,4003281.254949462,-75.71246427508454,36.17218105322661,ok,139.64669189379632,IW,0,22491.84009645881,1141.154738089387,52,51,9.79911880717573,10.090535846948555,0.0,0.02825588941702568,affine_dtft,44.30794506777953,7,identified,1,144.43184732272013,60.53874632843343,152.64890726398542,0.04116102381469181,63.43494882292177,2,6.522974745675311,True,17.093643737976425,19.364105931440275,15.167264383577564
28,2850.0,435974.03284440166,4003297.240512334,-75.71193882009844,36.17232829638407,ok,134.69966962056063,IW,0,22496.8730526413,1141.9724559426347,52,51,9.79884152928532,10.09060093485807,0.0,0.0276834101424584,affine_dtft,44.310595911121816,7,identified,1,136.53925495592537,62.11821543892595,134.45778724835563,0.04672979851716567,66.80140948635159,4,5.7050006348859,True,15.665335973988082,17.741007945705878,13.889236879073891
28,2900.0,436021.4085953685,4003313.226075206,-75.71141336311167,36.17247553725363,ok,132.87377446728615,IW,0,22501.906150043866,1142.7901381641661,52,51,9.798583884635862,10.090665973226752,0.0,0.027110099144212377,affine_dtft,44.31324682732389,7,identified,1,128.0972846097657,65.56701620117722,127.12026448932349,0.04942709435368816,65.55604521958325,3,4.963800276006566,True,15.163053554317056,17.172861560121873,13.438473080205172
28,2950.0,436068.78434633533,4003329.2116380776,-75.71088790412426,36.17262277583521,ok,126.28206353505306,IW,0,22506.93937858661,1143.6077861392587,52,51,9.79834586763396,10.0907309717863,0.0,0.026548701362950858,affine_dtft,44.31589781107035,7,identified,1,124.38115211382558,66.43100290102407,117.26813886748006,0.05357964548478046,66.37062226934299,4,4.2564809229810265,True,13.45261645117603,15.247312378272177,11.898847373079812
28,3000.0,436116.16009730217,4003345.1972009493,-75.71036244313623,36.172770012128794,ok,,IW,0,22511.972728186098,1144.4254012536096,52,51,9.798127488716117,10.090795921536849,0.0,0.02599999672001047,affine_dtft,44.31854885704395,7,identified,2,132.63109565993713,61.87417272248755,118.03275401143004,0.053232557011853976,72.75854060105982,7,2.9884669797657835,False,,,
28,3050.0,436163.535848269,4003361.182763821,-75.70983698014764,36.17291724613434,ok,,IW,0,22517.006188757474,1145.2429848920347,52,51,9.797928743790793,10.090860826969541,0.0,0.025464790845850946,affine_dtft,44.32119995992667,7,identified,3,189.20648275027096,108.7653459286816,118.15384615384599,0.0531780006467023,67.38013505195934,3,2.4414122595945527,False,,,
28,3100.0,436210.91159923584,4003377.168326693,-75.70931151515852,36.1730644778518,ok,,IW,0,22522.03975021252,1146.0605384401617,52,51,9.797749639980625,10.090925687553186,0.0,0.024943953332840437,affine_dtft,44.32385111439878,7,identified,2,193.7884301728499,108.60566399459866,190.51735232902428,0.032979595980992316,119.74488129694141,3,2.652919708481925,False,,,
28,3150.0,436258.2873502027,4003393.153889565,-75.7087860481689,36.17321170728115,ok,,IW,0,22527.073402461123,1146.8780632846388,52,51,9.797590174855452,10.090990499591857,0.0,0.02445083154433553,affine_dtft,44.326502315139464,7,identified,1,186.6063607824978,115.2330649302153,175.82152185432182,0.035736155852328276,105.94539590092218,5,2.340782298610054,False,,,
28,3200.0,436305.6631011695,4003409.1394524365,-75.70826057917881,36.17335893442234,ok,,IW,0,22532.107135412392,1147.6955608099045,52,51,9.797450343921925,10.091055273471827,0.0,0.02396155060222006,affine_dtft,44.32915355682757,7,identified,2,188.20686801901988,105.29170476638873,175.82152185432182,0.035736155852328276,105.94539590092218,5,2.0865628092820874,False,,,
28,3250.0,436353.03885213635,4003425.125015308,-75.70773510818833,36.17350615927535,ok,,IW,0,22537.14093897234,1148.5130324027475,52,51,9.797330164020535,10.091119997162473,0.0,0.023489513543117374,affine_dtft,44.33180483414027,7,identified,1,182.30730849358457,102.98792496504915,176.9936492284959,0.03549949579867748,78.36636600105915,12,1.6933794406589966,False,,,
28,3300.0,436400.4146031032,4003441.1105781803,-75.70720963519746,36.17365338184013,ok,,IW,0,22542.174803045298,1149.3304794489463,52,51,9.797229618790206,10.09118467974865,0.0,0.023035773829316285,affine_dtft,44.334456141753876,7,identified,1,120.85597064880987,59.1211015747994,172.3200151190203,0.03646230707930145,67.75097634278737,8,2.0183110958791475,False,,,
28,3350.0,436447.79035407,4003457.096141052,-75.70668416020625,36.173800602116636,ok,,IW,0,22547.208717534704,1150.1479033343253,52,51,9.797148725462838,10.091249316388007,0.0,0.022601433735348196,affine_dtft,44.33710747434421,7,identified,1,132.00207504444555,58.70244672949206,166.9235215272115,0.037641102042981496,62.241459398939774,7,2.479744417805094,False,,,
28,3400.0,436495.16610503686,4003473.0817039236,-75.70615868321472,36.17394782010485,ok,,IW,0,22552.24267234442,1150.9653054442288,52,51,9.797087475094214,10.09131390860826,0.0,0.022200154089394693,affine_dtft,44.33975882658734,7,identified,3,150.80279817370194,59.32155161292295,165.57098669146978,0.037948588896724235,75.96375653207313,8,2.3879903423094384,False,,,
28,3450.0,436542.5418560037,4003489.0672667953,-75.70563320422293,36.17409503580473,ok,,IW,0,22557.276657374747,1151.7826871650736,52,51,9.797045870581856,10.091378457628693,0.0,0.021808018518630692,affine_dtft,44.34241019315745,7,identified,4,128.57787344157316,87.5422598227907,144.87461335503602,0.043369815881970565,75.96375653207319,7,2.142865427659486,False,,,
28,3500.0,436589.9176069705,4003505.0528296675,-75.70510772323092,36.17424224921622,ok,,IW,0,22562.31066252659,1152.6000498823091,52,51,9.797023920674954,10.091442960681933,0.0,0.02143874518593653,affine_dtft,44.34506156872903,7,identified,2,128.31230063389867,87.0612042200463,178.55637311050626,0.03518880450876432,144.46232220802477,3,1.7663707599896437,False,,,
29,250.0,433584.57352576003,4002248.6336129587,-75.73841785734724,36.162714234055194,touches_land_or_unmapped,,,,,,,,,,,,,,,,,,,,,,,,,,,
29,300.0,433631.8541745312,4002264.8983063702,-75.73789359665182,36.162864099899615,touches_land_or_unmapped,,,,,,,,,,,,,,,,,,,,,,,,,,,
29,350.0,433679.1348233023,4002281.1629997822,-75.737369333925,36.16301396346784,touches_land_or_unmapped,,,,,,,,,,,,,,,,,,,,,,,,,,,
29,400.0,433726.4154720734,4002297.4276931942,-75.73684506916683,36.16316382475982,ok,93.06945033077784,IW,0,22254.52386565074,1079.480613648987,52,51,9.834519482023968,10.085086974765831,0.0,0.062359716326830884,affine_dtft,44.18299709231515,6,identified,1,91.72815143149059,79.41242884177967,93.79114309725583,0.06699124351927663,81.5730309785191,5,5.404502672871085,True,6.826869204402556,7.881745933809312,5.892468492681192
29,450.0,433773.6961208445,4002313.692386606,-75.73632080237736,36.163313683775534,ok,97.56918634887134,IW,0,22259.533657799253,1080.3305582085138,52,51,9.833321836542085,10.085158624485052,0.0,0.061579048832837775,affine_dtft,44.18563576129142,6,identified,1,97.24966242006919,80.2792103029126,92.70860394753886,0.06777348638250513,84.80557109226497,2,6.1925975770440775,True,7.558599729047723,8.690970119707261,6.5568514462436545
29,500.0,433820.97676961566,4002329.957080018,-75.7357965335566,36.16346354051491,ok,100.64114226981883,IW,0,22264.54405941842,1081.1804021075836,52,51,9.832143501530519,10.085230214407124,0.0,0.060798985866972896,affine_dtft,44.188274749997134,6,identified,1,101.5973948809035,80.85347519819949,92.70860394753886,0.06777348638250513,84.80557109226497,2,5.97088721434372,True,8.0850669761769,9.273430134839215,7.035034628560327
29,550.0,433868.25741838675,4002346.22177343,-75.7352722627046,36.16361339497795,ok,103.93858828310458,IW,0,22269.55506081316,1082.030146689005,52,51,9.830984481647274,10.085301744625387,0.0,0.06001956285584312,affine_dtft,44.19091405331971,6,identified,1,108.00213985663635,79.92343709323971,111.06839440315186,0.05657041628217941,77.47119229084822,4,5.606549457266319,True,8.675444509731634,9.927003525217433,7.5712907580685735
29,600.0,433915.5380671579,4002362.486466842,-75.7347479898214,36.163763247164596,ok,106.1911569555333,IW,0,22274.566652275436,1082.8797932961068,52,51,9.82984478752393,10.08537321721811,0.0,0.05925083935320828,affine_dtft,44.19355366613972,6,identified,1,112.89693129283573,68.34216818186866,112.92896595360881,0.05563838519304885,72.89727103094742,3,7.0803471235606334,True,9.094280577336916,10.391013165984168,7.951679608929067
29,650.0,433962.818715929,4002378.7511602533,-75.73422371490703,36.163913097074804,ok,110.76450142741331,IW,0,22279.578824085616,1083.7293432743263,52,51,9.828724427022848,10.085444630099335,0.0,0.05847281323341831,affine_dtft,44.19619358333165,6,identified,1,111.39657014989932,66.98046778251664,110.27837316368448,0.056975680062432116,68.96248897457795,3,7.311430747581246,True,9.9850102949925,11.378995685853662,8.760304687039477
29,700.0,434010.09936470015,4002395.0158536653,-75.73369943796153,36.164062944708554,ok,112.27831346983155,IW,0,22284.591566512754,1084.5787979711138,52,51,9.827623413678808,10.085515992659987,0.0,0.057695512700183145,affine_dtft,44.19883379976398,6,identified,1,111.39038993424386,65.91799494161761,103.97144730968249,0.06043183460229139,66.03751102542165,2,6.026306984622671,True,10.292184553392557,11.720141911535638,9.039010262288878
29,750.0,434057.38001347124,4002411.2805470773,-75.73317515898495,36.1642127900658,ok,113.25368473650099,IW,0,22289.604869814968,1085.4281587342605,52,51,9.82654174901291,10.085587291898866,0.0,0.05691897559234392,affine_dtft,44.20147431029946,6,identified,1,112.31470249071094,66.51747408632082,115.57532630693886,0.05436441763091401,73.610459665965,4,4.63737059464161,True,10.493451111101864,11.943801895963873,9.221570280614152
29,800.0,434104.6606622424,4002427.545240489,-75.7326508779773,36.16436263314649,ok,116.60032374763395,IW,0,22294.618724238535,1086.2774269129857,52,51,9.825479446384024,10.085658533167772,0.0,0.05614323066955189,affine_dtft,44.20411510979458,6,identified,1,124.66987199128393,86.10640129232202,118.6374546152431,0.05296122820197706,79.99202019855836,4,3.656728425744008,True,11.20450893123371,12.734897110595501,9.866149287703955
29,850.0,434151.9413110135,4002443.809933901,-75.73212659493865,36.164512473950616,ok,121.31760569676635,IW,0,22299.633120019338,1087.1266038583765,52,51,9.824436515771662,10.08572971943065,0.0,0.05536831750525195,affine_dtft,44.20675619310037,6,identified,1,119.47983131757918,85.92898009967541,117.80582228695603,0.0533350999568999,85.60129464500419,3,4.2334144377765615,True,12.262978590154669,13.915494628999609,10.824309456330742
29,900.0,434199.2219597846,4002460.074627313,-75.731602309869,36.16466231247811,ok,123.80254043537857,IW,0,22304.648047382056,1087.97569092243,52,51,9.823412959670828,10.085800848248592,0.0,0.05460453644610221,affine_dtft,44.209397555061926,6,identified,1,115.1798202981148,85.6492834454411,127.01156821934933,0.04946939397148855,82.8749836510979,4,3.591439192765954,True,12.84837977079975,14.570162865081297,11.353413536950443
29,950.0,434246.5026085557,4002476.339320725,-75.73107802276841,36.164812148728956,ok,125.4773631561998,IW,0,22309.66349654141,1088.82468945834,52,51,9.822408791159825,10.085871922869284,0.0,0.05383145174021152,affine_dtft,44.212039190519114,6,identified,2,119.81412427978327,87.94031985194458,127.55785705534446,0.04925753263833411,85.23635830927351,3,3.178909643163002,True,13.254267745706747,15.024864006338055,11.719883094912637
29,1000.0,434293.78325732687,4002492.6040141364,-75.73055373363691,36.16496198270309,ok,127.31851234267847,IW,0,22314.679457700924,1089.6736008203886,52,51,9.821424014067675,10.085942937700086,0.0,0.053059321040909845,affine_dtft,44.21468109430588,6,identified,1,127.58758445585299,91.11663199506397,127.99999999999986,0.04908738521234057,89.99999999999962,1,3.4321516470858047,True,13.711336474093759,15.537717800325046,12.132158304513869
29,1050.0,434341.06390609796,4002508.8687075484,-75.73002944247456,36.16511181440051,ok,126.50223586483864,IW,0,22319.695921054266,1090.5224263648272,52,51,9.82045864324281,10.086013895928653,0.0,0.052288189723889225,affine_dtft,44.217323261251,6,identified,1,131.34960225032475,92.29369605760476,127.01156821934933,0.04946939397148855,97.12501634890134,2,3.71631554804011,True,13.50726858295503,15.308633896918181,11.948143961340318
29,1100.0,434388.3445548691,4002525.1334009604,-75.72950514928134,36.16526164382116,ok,125.57670161979979,IW,0,22324.712876785987,1091.3711674486733,52,51,9.819512679201459,10.086084799853165,0.0,0.051518114154643496,affine_dtft,44.219965686178426,6,identified,1,128.505913702866,91.01419172209913,127.01156821934933,0.04946939397148855,82.8749836510979,4,3.1834437998405116,True,13.278635312061784,15.052183432067723,11.741873626124931
29,1150.0,434435.6252036402,4002541.398094372,-75.72898085405734,36.16541147096498,ok,122.59307815992838,IW,0,22329.730315069144,1092.2198254290715,52,51,9.818586134719157,10.08615564729143,0.0,0.0507491357670491,affine_dtft,44.222608363906055,6,identified,2,119.84689649016488,88.76042486249031,122.93018583015024,0.05111181818158899,84.09385888622916,7,3.083098675674057,True,12.560982777253976,14.248597143327213,11.093734043961716
29,1200.0,434482.90585241135,4002557.662787784,-75.72845655680258,36.16556129583197,ok,120.54674801746384,IW,0,22334.74822606816,1093.0684016661228,52,51,9.817679020981176,10.086226437403337,0.0,0.04999493809304334,affine_dtft,44.225251289247225,6,identified,1,117.19735864503994,91.03603463127637,122.93018583015024,0.05111181818158899,84.09385888622916,7,3.294927896611031,True,12.085359373092011,13.717111117675426,10.663649874698173
29,1250.0,434530.18650118244,4002573.927481196,-75.72793225751708,36.16571111842208,ok,123.54508442032568,IW,0,22339.7665999382,1093.9168975198602,52,51,9.816791331933949,10.086297175517698,0.0,0.04926436944993957,affine_dtft,44.22789445701041,6,identified,2,116.73854916054098,97.43233589673972,113.08188270064278,0.05556314731523188,96.34019174590951,4,3.636801631370603,True,12.786804827538363,14.501240249446276,11.297790268558378
29,1300.0,434577.4671499536,4002590.192174608,-75.72740795620092,36.165860938735264,ok,129.48882870709272,IW,0,22344.785426824325,1094.7653143516027,52,51,9.815923086681737,10.086367853809532,0.0,0.048525805122320964,affine_dtft,44.230537861998734,6,identified,1,121.6663921996999,99.88105024188609,116.77991750702667,0.05380364570647625,98.74616226255486,3,4.781900349083547,True,14.265208582794079,16.16041197733287,12.631139262018964
29,1350.0,434624.7477987247,4002606.4568680194,-75.72688365285408,36.166010756771485,ok,131.12848942632834,IW,0,22349.804696863514,1095.6136535235783,52,51,9.815074283280019,10.08643848277423,0.0,0.04778940727343733,affine_dtft,44.23318149901109,6,identified,2,126.35402889087226,101.93888855284754,142.0032502336585,0.04424677109038668,56.309932474020094,1,4.36581150363133,True,14.694833549018156,16.644390904211114,13.017698733043908
29,1400.0,434672.02844749583,4002622.7215614314,-75.72635934747665,36.1661605725307,ok,134.3959987455298,IW,0,22354.82440018289,1096.461916399504,52,51,9.814244938095381,10.086509052953737,0.0,0.04705528265951684,affine_dtft,44.23582536284115,6,identified,2,154.47834415034777,60.58103945589465,152.64890726398542,0.04116102381469181,63.43494882292177,2,3.9610043885399797,True,15.580900185305664,17.645408596158916,13.813507834067092
29,1450.0,434719.3090962669,4002638.9862548434,-75.72583504006863,36.16631038601289,ok,,IW,0,22359.844526901736,1097.310104343944,52,51,9.813435054992562,10.086579572503753,0.0,0.04632352839431071,affine_dtft,44.23846944827846,6,identified,2,156.0660112737352,60.51712259599032,162.8156743689765,0.03859078882626799,57.994616791916336,3,2.6829642424186493,False,,,
29,1500.0,434766.5897450381,4002655.250948255,-75.72531073063007,36.166460197217994,ok,,IW,0,22364.865067130166,1098.158218722008,52,51,9.812644634037241,10.086650033903403,0.0,0.045594263175240055,affine_dtft,44.241113750107736,6,identified,2,147.07676188561487,62.07950152466615,126.15191997744864,0.04980649766014493,70.82099197418908,6,3.1971835706433036,True,,,
29,1550.0,434813.87039380916,4002671.515641667,-75.724786419161,36.166610006145994,ok,,IW,0,22369.886010970302,1099.0062609003203,52,51,9.811873686561531,10.086720441015306,0.0,0.0448676000814086,affine_dtft,44.2437582631095,6,identified,3,133.6820803584311,63.574853336790696,128.4926252972676,0.04889919007136356,75.4655449194596,7,2.630340418267199,False,,,
29,1600.0,434861.1510425803,4002687.780335079,-75.72426210566147,36.16675981279685,ok,,IW,0,22374.907348516557,1099.854232245814,52,51,9.811122225385452,10.08679079245053,0.0,0.04415413739785906,affine_dtft,44.24640298206016,6,identified,3,125.08434440656401,94.30841220426376,124.17824001860234,0.05059811852896565,75.96375653207325,6,2.388300990858965,False,,,
29,1650.0,434908.4316913514,4002704.045028491,-75.72373779013151,36.16690961717052,ok,,IW,0,22379.929069854592,1100.7021341271927,52,51,9.810390242872968,10.086861096012699,0.0,0.04343311974883113,affine_dtft,44.249047901731565,6,identified,5,131.60545932974057,98.69606281421402,144.8154687870047,0.04338752869295286,98.13010235415544,4,1.9570385030863142,False,,,
29,1700.0,434955.71234012255,4002720.3097219025,-75.72321347257116,36.167059419266955,ok,,IW,0,22384.95116506283,1101.5499679130428,52,51,9.809677753293222,10.086931341248253,0.0,0.04271510020195835,affine_dtft,44.25169301689172,6,identified,3,166.2854110538839,47.53351819316193,161.4152419213984,0.03892560102991514,82.23483398157424,7,2.0997269152981075,False,,,
29,1750.0,435002.99298889365,4002736.5744153145,-75.72268915298045,36.16720921908611,ok,,IW,0,22389.973624211943,1102.3977349731013,52,51,9.808984766394921,10.087001534199764,0.0,0.042000241396590976,affine_dtft,44.25433832230455,6,identified,2,163.46142526027188,47.93559010726065,144.49472538372035,0.043483838531087914,48.81407483429038,3,2.3176834957507095,False,,,
29,1800.0,435050.2736376648,4002752.8391087265,-75.72216483135942,36.167359016628,ok,,IW,0,22394.996437365335,1103.2454366787372,52,51,9.808311281181362,10.087071674798123,0.0,0.0412886953753902,affine_dtft,44.25698381273015,6,identified,2,156.57642785941928,51.13925591024547,152.64890726398542,0.04116102381469181,63.43494882292177,6,2.4592990911004615,False,,,
29,1850.0,435097.5542864359,4002769.103802138,-75.7216405077081,36.167508811892525,ok,133.06368351089375,IW,0,22400.019594580524,1104.0930744003658,52,51,9.807657303924815,10.087141758896061,0.0,0.040580638004170264,affine_dtft,44.259629482925504,6,identified,2,144.91171612218776,54.40917899895571,146.3454593216074,0.04293392727253476,59.03624346792634,5,3.0620257490869682,True,15.21469572947086,17.23121583969472,13.484848527196997
29,1900.0,435144.83493520704,4002785.36849555,-75.72111618202653,36.167658604879676,ok,131.55065468800763,IW,0,22405.043085904952,1104.9406495111882,52,51,9.807022838469827,10.087211797780352,0.0,0.03988708395652898,affine_dtft,44.2622753276423,6,identified,1,136.41520809168048,56.505625432603,125.8340229917246,0.049932324802114895,55.00797980144126,3,4.184609792444476,True,14.807045720285325,16.770944496406415,13.118589730705581
29,1950.0,435192.1155839781,4002801.633188962,-75.72059185431476,36.167808395589404,ok,130.64283739427594,IW,0,22410.06690138279,1105.7881633834443,52,51,9.80640789402197,10.087281775400896,0.0,0.03918662472640536,affine_dtft,44.26492134163049,6,identified,1,133.24243654189368,58.843411052137334,127.01156821934926,0.04946939397148858,60.255118703057654,2,4.734918300544125,True,14.566560461370027,16.499797968496985,12.90232975819835
29,2000.0,435239.3962327493,4002817.8978823735,-75.72006752457284,36.16795818402169,ok,126.77605917382432,IW,0,22415.091031048956,1106.6356173915578,52,51,9.805812472296893,10.08735170477583,0.0,0.03849023790370041,affine_dtft,44.26756751963516,6,identified,1,133.50317493426368,59.60716686638835,127.01156821934926,0.04946939397148858,60.255118703057654,2,4.5899773384132745,True,13.575469046011017,15.385174924360852,12.009652358848891
29,2050.0,435286.67688152037,4002834.1625757855,-75.71954319280076,36.16810797017649,ok,127.01156821934926,IW,0,22420.115464933653,1107.483012909153,52,51,9.805236584262051,10.087421578488042,0.0,0.03779814350103262,affine_dtft,44.27021385639888,6,identified,1,131.77654477041196,61.14489162317289,127.01156821934926,0.04946939397148858,60.255118703057654,2,3.905394979390187,True,13.634332214382908,15.451252776383246,12.062731683719282
29,2100.0,435333.9575302915,4002850.4272691975,-75.71901885899857,36.168257754053755,ok,127.01156821934926,IW,0,22425.140193060502,1108.3303513117871,52,51,9.80468022799246,10.087491407260535,0.0,0.0371105830011187,affine_dtft,44.27286034666081,6,identified,1,124.68034421090238,60.85528551839945,127.01156821934926,0.04946939397148858,60.255118703057654,2,3.3471675428374343,True,13.634332214382908,15.451252776383246,12.062731683719282
29,2150.0,435381.2381790626,4002866.6919626095,-75.71849452316633,36.16840753565345,ok,,IW,0,22430.165205447054,1109.177633974595,52,51,9.804143409270697,10.087561177349224,0.0,0.036427805511498136,affine_dtft,44.275506985156866,6,ambiguous_multiple_blobs,2,119.52317462373541,62.61305260967338,114.4866804479891,0.05488136508625573,63.434948822921854,1,3.2990153109558285,False,,,
29,2200.0,435428.51882783376,4002882.956656021,-75.71797018530407,36.16855731497554,ok,,IW,0,22435.19049210505,1110.0248622738984,52,51,9.803626137185331,10.087630896519105,0.0,0.035750081892622056,affine_dtft,44.278153766619894,6,ambiguous_multiple_blobs,4,115.91397517432891,62.59704018470978,161.90861620062083,0.03880698541326606,108.4349488229214,1,2.3188732301903094,False,,,
29,2250.0,435475.79947660485,4002899.221349433,-75.71744584541182,36.16870709201999,ok,,IW,0,22440.216043040324,1110.872037586595,52,51,9.80312841182869,10.087700565464385,0.0,0.035088995969687224,affine_dtft,44.28080068577966,6,identified,3,168.23659870108276,105.01235422671128,168.3445630006857,0.03732336343499251,99.46232220802499,2,2.774877937034268,False,,,
29,2300.0,435523.080125376,4002915.486042845,-75.71692150348962,36.16885686678676,ok,140.97223620102156,IW,0,22445.241848254227,1111.7191612899273,52,51,9.802650239369159,10.087770183207828,0.0,0.03442234203618623,affine_dtft,44.28344773736354,6,identified,1,170.38083229169396,108.28742870102899,161.90861620062083,0.03880698541326606,108.4349488229214,1,4.059760521665619,True,17.494003288286823,19.821198690066876,15.524429680098788
29,2350.0,435570.3607741471,4002931.7507362566,-75.7163971595375,36.16900663927579,ok,139.08896539496988,IW,0,22450.267897741614,1112.5662347616358,52,51,9.802191620705964,10.087839751244719,0.0,0.03376167216897535,affine_dtft,44.28609491609551,6,identified,3,160.91536156809246,107.47471882249954,133.99652418309455,0.04689065888451078,96.00900595749404,5,3.1503490096628544,True,16.92748676311768,19.174687880602153,15.018891703194479
29,2400.0,435617.64142291824,4002948.0154296686,-75.71587281355549,36.169156409487094,ok,139.08896539496988,IW,0,22455.2941814945,1113.413259380133,52,51,9.801752561836208,10.087909268410137,0.0,0.03310733881125449,affine_dtft,44.288742216698026,6,identified,2,121.35669819112233,92.22803831800748,127.01156821934933,0.04946939397148855,97.12501634890134,4,3.8302986836433113,True,16.92748676311768,19.174687880602153,15.018891703194479
29,2450.0,435664.92207168933,4002964.2801230806,-75.71534846554366,36.16930617742059,ok,132.9578154792114,IW,0,22460.32068949725,1114.2602365244495,52,51,9.801333068448614,10.08797873411783,0.0,0.03245972486736826,affine_dtft,44.29138963388954,6,identified,1,121.68455357860019,90.8983154263032,133.43915297681477,0.04708651971338051,87.51044707800044,6,3.6692352014177483,True,15.18588993247223,17.198664395806013,13.458981329589024
29,2500.0,435712.2027204605,4002980.5448164926,-75.71482411550201,36.169455943076265,ok,,IW,0,22465.347411732062,1115.1071675733635,52,51,9.800933141395017,10.08804814397405,0.0,0.03181923472543597,affine_dtft,44.294037162387326,6,identified,2,132.53939166925161,63.556107902871005,135.33564937320222,0.04642668311180187,82.40535663140824,8,2.614399274575205,False,,,
29,2550.0,435759.4833692316,4002996.809509904,-75.71429976343059,36.16960570645405,ok,131.21157648827506,IW,0,22470.3743381758,1115.9540539068996,52,51,9.800552782479732,10.088117512553938,0.0,0.031198028046722944,affine_dtft,44.296684796905886,6,identified,1,126.32744587978489,62.453056818728605,137.38401653758697,0.0457344709052131,63.43494882292177,3,3.631935606476443,True,14.716866028053943,16.669234465867543,13.037510763356968
29,2600.0,435806.7640180027,4003013.074203316,-75.71377540932944,36.16975546755395,ok,130.46905099209516,IW,0,22475.401458800723,1116.8008969050356,52,51,9.800192001448574,10.088186825662856,0.0,0.030573197208167934,affine_dtft,44.299332532157266,6,identified,1,125.378790697184,60.921649388764855,127.01156821934926,0.04946939397148858,60.255118703057654,2,5.325248463046437,True,14.520869269377656,16.448312559891892,12.861225487068575
29,2650.0,435854.0446667738,4003029.338896728,-75.7132510531986,36.16990522637589,ok,130.46905099209516,IW,0,22480.42876357551,1117.6476979476136,52,51,9.799850796606679,10.088256089522948,0.0,0.029956887423450967,affine_dtft,44.301980362851644,6,identified,2,139.94720038416688,59.55816151605599,127.01156821934926,0.04946939397148858,60.255118703057654,2,4.918725408473981,True,14.520869269377656,16.448312559891892,12.861225487068575
29,2700.0,435901.32531554496,4003045.6035901397,-75.71272669503811,36.17005498291983,ok,,IW,0,22485.456242465745,1118.4944584153257,52,51,9.79952916588964,10.088325304777353,0.0,0.029349631337442693,affine_dtft,44.30462828369755,6,ambiguous_multiple_blobs,2,146.33372482612506,57.639906269125014,170.6666666666665,0.03681553890925543,89.99999999999949,1,3.1873567354872123,False,,,
29,2750.0,435948.60596431606,4003061.8682835517,-75.712202334848,36.17020473718577,ok,,IW,0,22490.483885431953,1119.341179690261,52,51,9.799227120242369,10.088394467113304,0.0,0.02875199940668568,affine_dtft,44.30727628940086,6,ambiguous_multiple_blobs,2,144.52200325784835,58.1852402848482,170.6666666666665,0.03681553890925543,89.99999999999949,1,3.6566802682681203,False,,,
29,2800.0,435995.8866130872,4003078.1329769637,-75.71167797262831,36.17035448917364,ok,130.3677015973398,IW,0,22495.511682432403,1120.1878631523373,52,51,9.79894466377161,10.088463583329212,0.0,0.028050825050531785,affine_dtft,44.30992437466628,6,identified,2,139.54702291865658,59.34478733789931,146.28571428571402,0.04295146206079803,89.99999999999956,2,3.747926381388765,True,14.494273835909466,16.418349045299475,12.837297663823767
29,2850.0,436043.1672618583,4003094.3976703756,-75.71115360837906,36.17050423888343,ok,130.3677015973398,IW,0,22500.5396234223,1121.034510184101,52,51,9.798681788378975,10.088532651113878,0.0,0.02747658117485992,affine_dtft,44.312572534196846,6,identified,2,132.67714937456753,60.050124917449594,127.01156821934933,0.04946939397148855,97.12501634890134,2,3.686458412686447,True,14.494273835909466,16.418349045299475,12.837297663823767
29,2900.0,436090.44791062945,4003110.662363787,-75.7106292421003,36.17065398631506,ok,130.3677015973398,IW,0,22505.56769835283,1121.8811221662606,52,51,9.798438510539084,10.088601663601555,0.0,0.026926262144592542,affine_dtft,44.31522076269353,6,identified,2,126.21366191857574,61.55524387781807,117.80582228695603,0.0533350999568999,94.39870535499512,3,3.281172084163385,True,14.494273835909466,16.418349045299475,12.837297663823767
29,2950.0,436137.72855940054,4003126.927057199,-75.71010487379208,36.17080373146852,ok,,IW,0,22510.5958971735,1122.727700481133,52,51,9.798214815116113,10.088670633821222,0.0,0.02637624979404143,affine_dtft,44.317869054856416,6,identified,1,133.01082447997635,61.158592957640884,138.0606376808399,0.04551033091491775,81.38435181583553,9,2.9604804642809195,False,,,
29,3000.0,436185.0092081717,4003143.191750611,-75.7095805034544,36.17095347434379,ok,,IW,0,22515.62420983038,1123.574246511116,52,51,9.798010727389586,10.088739552585963,0.0,0.02583949179136027,affine_dtft,44.32051740538374,6,identified,3,86.88009926844424,90.33564025576926,127.01156821934926,0.04946939397148858,60.255118703057654,4,2.5186890744593415,False,,,
29,3050.0,436232.2898569428,4003159.4564440227,-75.70905613108734,36.17110321494079,ok,,IW,0,22520.652626267507,1124.4207616380588,52,51,9.797826224166469,10.08880842330922,0.0,0.025316817150623085,affine_dtft,44.32316580897271,6,identified,3,195.93459174444527,106.69538192762553,186.26736002790327,0.033732079019310475,104.03624346792584,3,2.665054043105058,False,,,
29,3100.0,436279.5705057139,4003175.7211374347,-75.70853175669092,36.171252953259504,ok,,IW,0,22525.681136426327,1125.2672472442923,52,51,9.797661318449498,10.088877246440811,0.0,0.02480911307440476,affine_dtft,44.325814260319135,6,identified,3,194.93650096238923,106.7895935955725,175.82152185432182,0.035736155852328276,105.94539590092218,5,2.4910527261423763,False,,,
29,3150.0,436326.851154485,4003191.9858308467,-75.70800738026516,36.1714026892999,ok,,IW,0,22530.709730247283,1126.1137047123198,52,51,9.797516015214836,10.088946021961558,0.0,0.02431731115989666,affine_dtft,44.32846275411833,6,identified,2,190.6845098585289,106.33240311145902,175.82152185432182,0.035736155852328276,105.94539590092218,5,2.28784689926952,False,,,
29,3200.0,436374.13180325617,4003208.2505242587,-75.70748300181012,36.17155242306193,ok,,IW,0,22535.738397668243,1126.9601354242006,52,51,9.797390311400022,10.089014749820429,0.0,0.023854887660242997,affine_dtft,44.33111128506422,6,identified,2,177.96007317591528,104.33212995925804,175.82152185432182,0.035736155852328276,105.94539590092218,5,2.1172253419120493,False,,,
29,3250.0,436421.41245202726,4003224.5152176702,-75.70695862132582,36.17170215454555,ok,,IW,0,22540.767128625655,1127.806540762855,52,51,9.797284211343825,10.089083426751225,0.0,0.023397897982393764,affine_dtft,44.33375984785,6,identified,1,171.00383894261088,102.84279318666138,187.43719222963117,0.03352155051214165,80.27242144859795,13,1.9011527275865194,False,,,
29,3300.0,436468.6931007984,4003240.7799110822,-75.70643423881232,36.17185188375074,ok,,IW,0,22545.79591305458,1128.6529221102592,52,51,9.797197716246558,10.089152058033951,0.0,0.022959868810299072,affine_dtft,44.33640843716813,6,identified,1,280.52704138812095,34.728922650235,186.45940242668271,0.033697336929148336,79.50852298766799,10,1.6819559370569659,False,,,
29,3350.0,436515.9737495695,4003257.0446044942,-75.70590985426963,36.17200161067746,ok,,IW,0,22550.824740889027,1129.4992808494032,52,51,9.797130818074152,10.089220642270273,0.0,0.02254189868984842,affine_dtft,44.339057047710554,6,identified,2,292.6186355583135,30.98733143640215,173.05707252987156,0.03630701256716936,55.71312302279084,9,1.9066079309514392,False,,,
29,3400.0,436563.25439834065,4003273.309297906,-75.70538546769781,36.17215133532565,ok,,IW,0,22555.853602062365,1130.345618361728,52,51,9.79708352320484,10.089289180281014,0.0,0.02214512454132055,affine_dtft,44.34170567416881,6,identified,3,142.28191007218487,53.16735996122972,144.75639659658572,0.04340523427569061,43.36342295838332,7,1.7731171825948397,False,,,
29,3450.0,436610.53504711174,4003289.573991318,-75.70486107909687,36.17230105769531,ok,,IW,0,22560.88248650545,1131.191936030674,52,51,9.79705584433707,10.089357669708361,0.0,0.02177068858300305,affine_dtft,44.34435431123316,6,identified,2,131.46110554435842,87.03229836017856,142.30765197683058,0.044152125482349786,76.60750224624861,6,2.06383534468688,False,,,
29,3500.0,436657.8156958829,4003305.8386847298,-75.70433668846688,36.17245077778635,ok,,IW,0,22565.91138415141,1132.0382352374393,52,51,9.797047763157229,10.089426111442114,0.0,0.021419761576191958,affine_dtft,44.347002953595066,6,identified,2,131.7317109662533,86.55873010946094,198.9193446107676,0.0315865976709008,150.94539590092205,4,2.1024331045112348,False,,,
30,250.0,433659.49677134334,4002032.339903508,-75.73756664411349,36.1607694907475,touches_land_or_unmapped,,,,,,,,,,,,,,,,,,,,,,,,,,,
30,300.0,433706.716046197,4002048.781925351,-75.73704309188018,36.160920947189666,touches_land_or_unmapped,,,,,,,,,,,,,,,,,,,,,,,,,,,
30,350.0,433753.93532105064,4002065.2239471944,-75.73651953759743,36.16107240136199,touches_land_or_unmapped,,,,,,,,,,,,,,,,,,,,,,,,,,,
30,400.0,433801.1545959043,4002081.665969038,-75.73599598126526,36.16122385326444,ok,97.47075557996384,IW,0,22258.536343554377,1057.1801748583637,52,51,9.833595229189125,10.082793201210412,0.0,0.0619616403854623,affine_dtft,44.18515787023467,5,identified,1,91.57211568384137,81.423253342238,91.58934435839126,0.06860170635781969,79.69515353123374,4,5.67077536747542,True,7.542097479237947,8.672716925178317,6.541864157248945
30,450.0,433848.37387075793,4002098.107990881,-75.73547242288373,36.161375302896964,ok,100.87016528576083,IW,0,22263.543241373052,1058.048532653125,52,51,9.832413783083917,10.082867975785016,0.0,0.06118224180952325,affine_dtft,44.18779499737456,5,identified,1,96.44804419886708,80.24491213538033,100.4114611907501,0.06257438376724263,78.69006752597954,1,6.3250313416555475,True,8.125215790422956,9.317861390715496,7.0715034629284705
30,500.0,433895.5931456115,4002114.5500127245,-75.73494886245285,36.16152675025953,ok,104.66615917437616,IW,0,22268.550740322145,1058.9167905834738,52,51,9.831251624450076,10.082942690664893,0.0,0.06041350324045758,affine_dtft,44.19043243981343,5,identified,1,100.60723163161202,80.7012245237506,100.4114611907501,0.06257438376724263,78.69006752597954,1,6.274114162695173,True,8.809326762173006,10.075291759901866,7.692890512950574
30,550.0,433942.81242046517,4002130.9920345675,-75.73442529997268,36.16167819535211,ok,108.4039649354348,IW,0,22273.558830717408,1059.7849499918004,52,51,9.830108754907299,10.083017345745372,0.0,0.05963545021626725,affine_dtft,44.19307019244433,5,identified,1,108.30470127550012,79.03236225096123,111.06839440315186,0.05657041628217941,77.47119229084822,4,5.590363812586216,True,9.51838006094875,10.86119910595782,8.3367583295786
30,600.0,433990.0316953188,4002147.434056411,-75.73390173544325,36.16182963817464,ok,109.1159621592213,IW,0,22278.567502861566,1060.6530122208717,52,51,9.828985197037609,10.083091935360244,0.0,0.05885810312123512,affine_dtft,44.195708250153494,5,identified,1,112.71847756092559,68.4557712900138,119.85013472883753,0.05242535038776029,69.44395478041629,2,9.397753591385772,True,9.657562847932889,11.015590569886935,8.46310884494524
30,650.0,434037.25097017246,4002163.876078254,-75.73337816886458,36.161981078727095,ok,111.93100601066908,IW,0,22283.576747047806,1061.520978615409,52,51,9.827880943177675,10.083166469960204,0.0,0.0580814876448161,affine_dtft,44.19834660782209,5,identified,1,111.42686712749517,67.66143732967882,110.27837316368448,0.056975680062432116,68.96248897457795,3,10.323533379150609,True,10.221155149804014,11.641235409714975,8.974572233962151
30,700.0,434084.4702450261,4002180.3181000976,-75.73285460023672,36.162132517009454,ok,114.55297513375919,IW,0,22288.586553556375,1062.3888505214393,52,51,9.826796021234596,10.083240944296094,0.0,0.057305642498955534,affine_dtft,44.200985260324465,5,identified,1,111.42493002199899,66.62371013831913,103.97144730968249,0.06043183460229139,66.03751102542165,2,8.580182037641277,True,10.76570441979283,12.246525244496107,9.468445329865945
30,750.0,434131.68951987976,4002196.760121941,-75.7323310295597,36.16228395302166,ok,114.14411264538289,IW,0,22293.5969126571,1063.2566292860083,52,51,9.825730428402522,10.083315358305924,0.0,0.05653059190268862,affine_dtft,44.2036242025295,5,identified,1,112.29065148577203,66.44822581158084,114.4866804479891,0.05488136508625573,63.434948822921854,1,6.034969760718176,True,10.679516313459333,12.150668382259179,9.390300901828189
30,800.0,434178.9087947334,4002213.202143784,-75.73180745683355,36.16243538676367,ok,117.49075165651584,IW,0,22298.607814608888,1064.1243162574456,52,51,9.824684170260207,10.083389708314106,0.0,0.05575638709029624,affine_dtft,44.20626342930028,5,identified,1,127.80832376428646,86.10680443848756,124.17824001860234,0.05059811852896565,75.96375653207325,3,4.6218977180032335,True,11.399169318540892,12.951736762858632,10.042492089875172
30,850.0,434226.12806958705,4002229.6441656277,-75.73128388205834,36.162586818235454,ok,122.29646219457933,IW,0,22303.619249658826,1064.99191278653,52,51,9.823657259449192,10.083464006514578,0.0,0.05499333614616545,affine_dtft,44.20890293549368,5,identified,1,121.05899552422873,86.33272630505353,117.80582228695603,0.0533350999568999,85.60129464500419,3,4.918484532180839,True,12.491219166880999,14.170587116789674,11.030675397277632
30,900.0,434273.3473444407,4002246.0861874707,-75.73076030523407,36.162738247436984,ok,124.9991261049815,IW,0,22308.6312080456,1065.8594202233667,52,51,9.822649712685717,10.083538242162467,0.0,0.05422096518659417,affine_dtft,44.211542715962175,5,identified,1,116.06685588734832,86.45320326204556,127.01156821934933,0.04946939397148855,82.8749836510979,4,4.957464648873658,True,13.137419440678988,14.893894812042918,11.614416423060659
30,950.0,434320.56661929435,4002262.528209314,-75.73023672636079,36.162889674368216,ok,125.56579174513088,IW,0,22313.643679994715,1066.7268399210093,52,51,9.821661525193859,10.083612418864337,0.0,0.053449562954033206,affine_dtft,44.21418276555123,5,identified,1,120.37432334858767,89.02848299100411,127.99999999999986,0.04908738521234057,89.99999999999962,1,4.043225849108222,True,13.275957516993426,15.049181131689934,11.739457107239113
30,1000.0,434367.785894148,4002278.9702311577,-75.72971314543851,36.16304109902909,ok,127.25631173784252,IW,0,22318.656655723797,1067.5941732324204,52,51,9.820692706715734,10.08368653816043,0.0,0.05267916668758325,affine_dtft,44.2168230791022,5,identified,1,127.50990020067421,92.31309754657629,127.99999999999986,0.04908738521234057,89.99999999999962,1,4.00258749118122,True,13.695705694525948,15.520164539344906,12.118066717236607
30,1050.0,434415.00516900164,4002295.412253001,-75.72918956246731,36.16319252141959,ok,127.31749761746582,IW,0,22323.670125439516,1068.4614215124486,52,51,9.81974327206071,10.083760596030874,0.0,0.05190982826093462,affine_dtft,44.21946365145065,5,identified,2,129.4199791852281,93.98256454037953,127.01156821934933,0.04946939397148855,97.12501634890134,2,3.883488425130599,True,13.711081370103486,15.537431311722358,12.131928325353027
30,1100.0,434462.2244438553,4002311.8542748443,-75.7286659774472,36.163343941539665,ok,127.08999682328782,IW,0,22328.684079337832,1069.3285861171191,52,51,9.818813224398756,10.083834598425371,0.0,0.051141601053904584,affine_dtft,44.22210447742652,5,identified,2,124.50156827255826,92.01589343537559,126.25842225051424,0.04976448457999003,80.53767779197403,6,3.355877157101338,True,13.653976999026945,15.473308685609396,12.080444532020366
30,1150.0,434509.44371870894,4002328.2962966873,-75.72814239037824,36.163495359389316,ok,,IW,0,22333.698507607034,1070.1956684038385,52,51,9.817902568149782,10.083908543678032,0.0,0.0503745304293429,affine_dtft,44.22474555185566,5,identified,2,122.40274548659627,67.50067930466174,122.93018583015024,0.05111181818158899,84.09385888622916,7,2.9654617683982076,False,,,
30,1200.0,434556.6629935626,4002344.738318531,-75.72761880126043,36.163646774968434,ok,,IW,0,22338.713400423763,1071.0626697297482,52,51,9.817011320732645,10.083982429163898,0.0,0.04963284011995807,affine_dtft,44.22738686955783,5,identified,1,122.67815948038427,67.80437231052284,117.14670472254183,0.053635186086207945,78.69006752597949,7,2.80978334667906,False,,,
30,1250.0,434603.88226841623,4002361.180340374,-75.72709521009382,36.163798188277056,ok,,IW,0,22343.728747957153,1071.929591455039,52,51,9.816139474067604,10.08405625789177,0.0,0.048905074678458484,affine_dtft,44.230028425348806,5,identified,1,123.50943147989597,66.84483640370834,120.81386961485012,0.05200715221861641,70.70995378081108,5,2.7418056238728643,False,,,
30,1300.0,434651.1015432699,4002377.6223622174,-75.72657161687846,36.16394959931509,ok,,IW,0,22348.744540366177,1072.7964349392666,52,51,9.81528705517546,10.084130027389008,0.0,0.048169360330631905,affine_dtft,44.23267021403901,5,identified,1,130.05219546688159,65.06211496468003,136.1640060450618,0.04614424538229467,77.19573393471296,6,2.87575803894673,False,,,
30,1350.0,434698.3208181235,4002394.064384061,-75.72604802161437,36.16410100808252,ok,145.91371300445508,IW,0,22353.760767801108,1073.6632015437128,52,51,9.814454055077924,10.08420374360131,0.0,0.04743591863215612,affine_dtft,44.235312230434275,5,identified,1,143.92184596057564,63.653334611926574,132.44332448539438,0.04744055868117751,82.56859202882718,6,3.5644813813672003,True,19.05754948988133,21.61616052790172,16.91440377452714
30,1400.0,434745.5400929771,4002410.506405904,-75.7255244243016,36.16425241457929,ok,140.97326474770347,IW,0,22358.777420403803,1074.5298926307794,52,51,9.8136404834113,10.084277398388629,0.0,0.046704852354204705,affine_dtft,44.23795446933602,5,identified,1,152.66822375549356,61.80311400064932,152.64890726398542,0.04116102381469181,63.43494882292177,2,5.436431117889385,True,17.49431696536035,19.821557202722413,15.524709322466567
30,1450.0,434792.75936783076,4002426.9484277475,-75.72500082494018,36.1644038188054,ok,138.4771368576163,IW,0,22363.794488307238,1075.3965095638196,52,51,9.812846353532885,10.084350996146327,0.0,0.04597627468197096,affine_dtft,44.24059692554095,5,identified,1,153.20544475321967,61.44811414148277,152.64890726398542,0.04116102381469181,63.43494882292177,2,4.175482592859467,True,16.746749095713927,18.968833262562264,14.85740604500653
30,1500.0,434839.9786426844,4002443.3904495905,-75.72447722353013,36.16455522076076,ok,139.98558995067177,IW,0,22368.811961636595,1076.2630537067425,52,51,9.81207166315449,10.084424541358658,0.0,0.045250301427704046,affine_dtft,44.243239593841686,5,identified,1,145.48068094716638,62.51855058923942,126.15191997744864,0.04980649766014493,70.82099197418908,6,4.096200153490521,True,17.195267248631225,19.480037672841803,15.257970027191563
30,1550.0,434887.19791753805,4002459.832471434,-75.72395362007151,36.164706620445386,ok,135.76448417956723,IW,0,22373.829830508155,1077.1295264248122,52,51,9.811316418035432,10.084498030651963,0.0,0.044527052719715667,affine_dtft,44.24588246902615,5,identified,2,132.78374332342202,64.24781007021436,128.4926252972676,0.04889919007136356,75.4655449194596,7,3.166538480781539,True,15.964295287637086,18.07979863157195,14.157214548775032
30,1600.0,434934.4171923917,4002476.274493277,-75.72343001456436,36.16485801785919,ok,,IW,0,22378.84808503048,1077.995929083931,52,51,9.810580638074745,10.084571459337,0.0,0.04381720699890436,affine_dtft,44.248525545878174,5,identified,4,124.10923401537296,96.62637869803856,128.4926252972676,0.04889919007136356,75.4655449194596,7,2.7161937782593175,False,,,
30,1650.0,434981.63646724535,4002492.7165151206,-75.7229064070087,36.16500941300217,ok,,IW,0,22383.86671530533,1078.862263050854,52,51,9.809864316508719,10.08464483420369,0.0,0.043099876531568486,affine_dtft,44.25116881917806,5,identified,4,128.436747493261,102.83050156766993,127.01156821934933,0.04946939397148855,97.12501634890134,2,2.569522472231555,False,,,
30,1700.0,435028.855742099,4002509.158536964,-75.72238279740453,36.16516080587427,ok,,IW,0,22388.88571142547,1079.7285296934085,52,51,9.809167467846581,10.084718153513363,0.0,0.04238569755160011,affine_dtft,44.25381228370131,5,identified,4,132.76467909769576,106.51872234338046,131.2293362252943,0.04787942610936189,109.98310652189942,3,2.3383945916100317,False,,,
30,1750.0,435076.07501695264,4002525.600558807,-75.72185918575197,36.165312196475455,ok,,IW,0,22393.90506347663,1080.5947303799778,52,51,9.80849008707763,10.084791417434491,0.0,0.041674825554043324,affine_dtft,44.256455934219744,5,identified,4,134.85560769979008,107.14108774990889,145.62676627660076,0.04314581356043724,95.44033203100497,6,2.3273092957062382,False,,,
30,1800.0,435123.2942918063,4002542.0425806507,-75.72133557205099,36.16546358480569,ok,,IW,0,22398.924761537866,1081.460866480204,52,51,9.807832183321686,10.084864625150242,0.0,0.04096743299678677,affine_dtft,44.25909976550167,5,identified,3,140.45724734873372,149.1880194524534,150.5882352941176,0.041724277430489454,89.99999999999955,5,2.316226570393745,False,,,
30,1850.0,435170.51356665994,4002558.4846024937,-75.72081195630165,36.16561497086494,ok,,IW,0,22403.944795681942,1082.326939363419,52,51,9.807193768854818,10.08493777822681,0.0,0.04026370295150248,affine_dtft,44.26174377231206,5,identified,3,154.59288070657308,86.89764928676489,146.28571428571402,0.04295146206079803,89.99999999999956,6,2.446710387593064,False,,,
30,1900.0,435217.7328415136,4002574.926624337,-75.72028833850398,36.16576635465315,ok,,IW,0,22408.965155972335,1083.1929504011039,52,51,9.80657484181674,10.085010874838389,0.0,0.0395638152448004,affine_dtft,44.26438794941102,5,identified,2,150.99160797509634,88.87567741325499,154.46051093467935,0.04067826313119421,76.42956561483817,9,2.4105826351848414,False,,,
30,1950.0,435264.95211636723,4002591.3686461803,-75.71976471865803,36.1659177361703,ok,,IW,0,22413.985832468836,1084.0589009639973,52,51,9.80597541380608,10.085083920731869,0.0,0.03886798550410998,affine_dtft,44.26703229155666,5,identified,1,129.36364198830236,98.80253634886229,165.2048039536298,0.03803270338883832,75.46554491945952,9,2.4362729113013604,False,,,
30,2000.0,435312.1713912209,4002607.810668024,-75.71924109676382,36.16606911541635,ok,,IW,0,22419.006815222558,1084.9247924252631,52,51,9.805395482260288,10.085156907494886,0.0,0.03818745369086293,affine_dtft,44.26967679350259,5,identified,2,127.81917029439812,99.94002824094325,136.39868504285283,0.04606485249623614,87.4551956201865,12,2.718126923263989,False,,,
30,2050.0,435359.3906660745,4002624.2526898673,-75.71871747282138,36.16622049239124,ok,,IW,0,22424.02809428044,1085.7906261564083,52,51,9.80483505990857,10.085229842102555,0.0,0.037500465442274186,affine_dtft,44.272321450000156,5,identified,2,133.9775511750232,63.54069364055335,127.80292521029264,0.049163078989318536,86.82016988013541,9,2.5962167786765,False,,,
30,2100.0,435406.6099409282,4002640.6947117103,-75.71819384683077,36.16637186709497,ok,,IW,0,22429.04965968123,1086.656403532269,52,51,9.804294140121218,10.085302723616303,0.0,0.03681823516168501,affine_dtft,44.274966255796436,5,identified,5,123.83470000551671,62.30778410471387,127.01156821934926,0.04946939397148858,60.255118703057654,2,2.9140709796455924,False,,,
30,2150.0,435453.8292157818,4002657.136733554,-75.71767021879204,36.16652323952747,ok,,IW,0,22434.07150145905,1087.5221259260259,52,51,9.803772734300567,10.08537555085816,0.0,0.036141022376131704,affine_dtft,44.27761120563603,5,ambiguous_multiple_blobs,5,120.04155815872365,63.91591291871476,119.85013472883753,0.05242535038776029,69.44395478041629,2,3.1484698638894257,False,,,
30,2200.0,435501.04849063547,4002673.578755397,-75.71714658870516,36.16667460968871,ok,,IW,0,22439.093609643234,1088.3877947122146,52,51,9.803270854902191,10.085448321436832,0.0,0.035469110149715065,affine_dtft,44.28025629426104,5,identified,8,69.28653127187167,133.53201741305452,144.8154687870047,0.04338752869295286,81.8698976458437,4,2.2504199249094556,False,,,
30,2250.0,435548.2677654891,4002690.0207772404,-75.71662295657022,36.16682597757866,ok,,IW,0,22444.115974256303,1089.253411266247,52,51,9.802788494655124,10.0855210407587,0.0,0.034802814721954636,affine_dtft,44.28290151640995,5,ambiguous_multiple_blobs,3,166.81633453140046,106.63695716099815,161.90861620062083,0.03880698541326606,108.4349488229214,1,3.862859720758566,False,,,
30,2300.0,435595.4870403427,4002706.4627990834,-75.71609932238725,36.16697734319727,ok,138.39286889016145,IW,0,22449.138585315606,1090.118976963836,52,51,9.802325653606434,10.085593704711467,0.0,0.03414244549994769,affine_dtft,44.285546866818564,5,identified,1,166.92986059840564,110.14855750302002,161.90861620062083,0.03880698541326606,108.4349488229214,1,4.952980213864513,True,16.721980808576934,18.94063783495196,14.83526858315039
30,2350.0,435642.70631519635,4002722.904820927,-75.71557568615626,36.16712870654451,ok,135.54754372245844,IW,0,22454.161432834077,1090.984493181187,52,51,9.801882352617623,10.08566631824796,0.0,0.03349986043628322,affine_dtft,44.28819234022032,5,identified,2,156.05389300149312,109.41206350186143,126.25842225051424,0.04976448457999003,99.46232220802523,3,4.3349797260262095,True,15.903019558237721,18.010319804220988,14.102308670184577
30,2400.0,435689.92559005,4002739.3468427705,-75.71505204787732,36.16728006762033,ok,135.54754372245844,IW,0,22459.1845068202,1091.849961294357,52,51,9.801458578159842,10.085738874570017,0.0,0.032852490537327195,affine_dtft,44.290837931346324,5,identified,2,117.07064372417689,95.42972779905276,127.01156821934933,0.04946939397148855,97.12501634890134,4,3.755586213009226,True,15.903019558237721,18.010319804220988,14.102308670184577
30,2450.0,435737.14486490365,4002755.7888646135,-75.71452840755045,36.16743142642471,ok,126.82328172714054,IW,0,22464.207797276802,1092.7153826814576,52,51,9.801054347536152,10.085811382409757,0.0,0.03221216894993377,affine_dtft,44.29348363492471,5,identified,2,121.63257669500827,94.61508337554925,127.01156821934933,0.04946939397148855,97.12501634890134,4,4.215387098408412,True,13.587256596021716,15.398406047136316,12.020282268983255
30,2500.0,435784.3641397573,4002772.230886457,-75.71400476517569,36.16758278295761,ok,,IW,0,22469.231294202873,1093.5807587189722,52,51,9.800669659217325,10.085883836505761,0.0,0.03157932015267229,affine_dtft,44.29612944568157,5,identified,3,126.50656906173901,61.00998906592256,133.99652418309455,0.04689065888451078,96.00900595749404,5,2.4623219259756493,False,,,
30,2550.0,435831.58341461094,4002788.6729083,-75.71348112075306,36.16773413721898,ok,132.01813388574013,IW,0,22474.25498759326,1094.4460907849293,52,51,9.800304510554147,10.085956238714854,0.0,0.030954395112991466,affine_dtft,44.29877535834083,5,identified,1,120.46155785902461,60.80710321268768,127.01156821934926,0.04946939397148858,60.255118703057654,2,5.751847693635043,True,14.932076537299539,16.91202730695479,13.230969615638951
30,2600.0,435878.8026894646,4002805.1149301436,-75.7129574742826,36.167885489208786,ok,140.742395881058,IW,0,22479.278867437835,1095.311380258249,52,51,9.79995891398578,10.086028585008355,0.0,0.030337881977364888,affine_dtft,44.30142136762378,5,identified,1,119.49311207758277,60.538978722472784,127.01156821934926,0.04946939397148858,60.255118703057654,2,6.589916667192205,True,17.42402700075038,19.741235547394968,15.462038390273976
30,2650.0,435926.02196431824,4002821.556951987,-75.71243382576438,36.168036838926994,ok,144.97563994497057,IW,0,22484.30292372393,1096.1766285168833,52,51,9.799632866209313,10.086100884998919,0.0,0.029730296184176722,affine_dtft,44.304067468250395,5,identified,1,130.30494167886846,62.05587295206799,147.03783088491267,0.04273176004682408,68.96248897457795,4,4.555100919785889,True,18.751776434986105,21.263839238633892,16.643210513948635
30,2700.0,435973.2412391719,4002837.99897383,-75.71191017519841,36.16818818637355,ok,150.1031077538978,IW,0,22489.327146434567,1097.041836939587,52,51,9.799326370049858,10.08617313155658,0.0,0.029132197254764052,affine_dtft,44.30671365493835,5,identified,1,141.3586406247591,60.04716838373275,161.90861620062083,0.03880698541326606,71.56505117707769,3,4.087976642702626,True,20.478029096400206,23.261813618638776,18.169921037729406
30,2750.0,436020.46051402553,4002854.4409956736,-75.71138652258472,36.16833953154845,ok,153.10144415675964,IW,0,22494.351525549664,1097.9070069057643,52,51,9.799039431967957,10.086245323184743,0.0,0.028556231356888225,affine_dtft,44.309359922403715,5,identified,1,146.88146864155334,59.786559985542695,161.90861620062083,0.03880698541326606,71.56505117707769,3,3.882971627475859,True,21.55349413131217,24.518302785583042,19.115485611676288
30,2800.0,436067.6797888792,4002870.8830175167,-75.71086286792334,36.16849087445161,ok,154.61734747472138,IW,0,22499.37605104531,1098.7721397945472,52,51,9.798772052078903,10.086317465125063,0.0,0.027978979326441947,affine_dtft,44.31200626536051,5,identified,1,146.30818667985574,60.197903375609435,152.64890726398542,0.04116102381469181,63.43494882292177,2,4.922319098436958,True,22.11732507726719,25.180973658414235,19.609387113806044
30,2850.0,436114.8990637328,4002887.32503936,-75.71033921121435,36.168642215083025,ok,140.71474697776293,IW,0,22504.400712894734,1099.63723698559,52,51,9.798524234193499,10.08638955682824,0.0,0.02741310359313852,affine_dtft,44.31465267852129,5,identified,2,142.45392270257736,59.575147486031,142.0032502336585,0.04424677109038668,56.309932474020094,3,5.013144960504771,True,17.415624977599336,19.731636442527417,15.454546079628892
30,2900.0,436162.1183385865,4002903.7670612033,-75.70981555245774,36.16879355344264,ok,,IW,0,22509.42550106951,1100.502299858411,52,51,9.798295979373501,10.086461594988444,0.0,0.026859315702895133,affine_dtft,44.317299156597684,5,ambiguous_multiple_blobs,3,148.31473665590096,57.24509661383226,142.0032502336585,0.04424677109038668,56.309932474020094,3,3.9486287128800526,False,,,
30,2950.0,436209.3376134401,4002920.2090830468,-75.70929189165356,36.16894488953044,ok,,IW,0,22514.450405536707,1101.3673297935882,52,51,9.79808729042267,10.086533583284517,0.0,0.02631837653430975,affine_dtft,44.31994569429901,5,identified,3,161.20907082635753,50.141116611531594,106.29821421278704,0.05910903916600093,94.76364169072579,5,3.297745510480737,True,,,
30,3000.0,436256.55688829377,4002936.6511048903,-75.70876822880186,36.16909622334636,ok,,IW,0,22519.475416261925,1102.232328170783,52,51,9.797898166606322,10.086605523356535,0.0,0.025791085738210612,affine_dtft,44.32259228633376,5,identified,2,160.06681290989332,54.09673914062707,126.41027921089443,0.0497047023897253,80.96051719664459,11,2.549542838954513,False,,,
30,3050.0,436303.7761631474,4002953.0931267333,-75.70824456390264,36.169247554890376,ok,,IW,0,22524.500523208688,1103.0972963699967,52,51,9.797728611767328,10.086677411449891,0.0,0.025180041850178112,affine_dtft,44.325238927409366,5,identified,3,200.74569556806856,111.3043371933467,207.94289461936503,0.030215917301145687,113.96248897457735,4,2.3904575429498798,False,,,
30,3100.0,436350.99543800106,4002969.535148577,-75.70772089695598,36.16939888416244,ok,,IW,0,22529.525716337965,1103.9622357719036,52,51,9.797578627219018,10.086749250222365,0.0,0.024698301125563656,affine_dtft,44.32788561223189,5,identified,3,192.67013434228986,106.13447574384334,207.94289461936503,0.030215917301145687,113.96248897457735,4,2.5121219381866164,False,,,
30,3150.0,436398.2147128547,4002985.97717042,-75.70719722796188,36.16955021116252,ok,,IW,0,22534.550985609334,1104.8271477562832,52,51,9.797448217308405,10.086821037201908,0.0,0.024220664478706765,affine_dtft,44.33053233550669,5,identified,2,186.00911587917514,105.48904775572684,186.26736002790327,0.033732079019310475,104.03624346792584,3,2.401613413612577,False,,,
30,3200.0,436445.43398770835,4003002.4191922634,-75.70667355692042,36.16970153589059,ok,,IW,0,22539.576320980537,1105.6920337040356,52,51,9.797337378604805,10.086892773578274,0.0,0.023760543400999166,affine_dtft,44.333179091938135,5,identified,2,176.18529807154874,103.35580873522248,186.26736002790327,0.033732079019310475,104.03624346792584,3,2.208686886740648,False,,,
30,3250.0,436492.65326256194,4003018.8612141064,-75.70614988383159,36.16985285834659,ok,,IW,0,22544.601712408017,1106.5568949951944,52,51,9.797246115171497,10.086964464116484,0.0,0.023318960015662082,affine_dtft,44.335825876229926,5,identified,1,123.1087889099221,61.17354636518449,161.90861620062083,0.03880698541326606,71.56505117707769,10,3.075681879344754,True,,,
30,3300.0,436539.8725374156,4003035.30323595,-75.70562620869546,36.1700041785305,ok,,IW,0,22549.627149846612,1107.4217330099154,52,51,9.797174431360192,10.087036099376622,0.0,0.02289698946216198,affine_dtft,44.33847268308489,5,identified,1,286.62729444725045,32.88854938352926,166.9235215272115,0.037641102042981496,62.241459398939774,7,2.9491108223967846,False,,,
30,3350.0,436587.09181226924,4003051.7452577935,-75.70510253151204,36.17015549644227,ok,,IW,0,22554.65262325059,1108.2865491292953,52,51,9.797122317747633,10.087107689813218,0.0,0.022495726254567857,affine_dtft,44.34111950720561,5,identified,1,300.1642576045519,28.43143723228945,166.9235215272115,0.037641102042981496,62.241459398939774,7,2.189167528758974,False,,,
30,3400.0,436634.3110871229,4003068.1872796365,-75.70457885228137,36.170306812081854,ok,,IW,0,22559.678122573256,1109.1513447322457,52,51,9.797089779197329,10.087179227699302,0.0,0.022116285958863207,affine_dtft,44.34376634329412,5,identified,2,163.14560199053278,86.2366687766412,158.7644602741866,0.03957551517719085,60.255118703057555,10,1.7699356010266984,False,,,
30,3450.0,436681.53036197653,4003084.62930148,-75.70405517100352,36.170458125449244,ok,,IW,0,22564.703637766925,1110.0161211999987,52,51,9.797076824703243,10.087250720233564,0.0,0.02175981705658757,affine_dtft,44.34641318605193,5,identified,4,137.83951265373997,85.12766222209335,143.03852457360935,0.04392652487090066,77.90524292298755,4,1.9361918051169589,False,,,
30,3500.0,436728.7496368302,4003101.071323323,-75.70353148767848,36.17060943654437,ok,,IW,0,22569.729158783757,1110.8808799119497,52,51,9.79708344481126,10.08732216041066,0.0,0.021439867052553737,affine_dtft,44.34906003018049,5,ambiguous_multiple_blobs,3,134.95315053185954,85.31461347052708,228.9733608959782,0.027440682543127867,153.4349488229211,3,1.6047927018754136,False,,,
