transect,distance_m,E,N,lon,lat,status,wavelength_smoothed_m,swath,burst,sample,line,n_samples,n_lines,ground_spacing_sample_m,ground_spacing_line_m,bright_fraction,affine_residual_max_m,spectrum_method,incidence_deg,n_spectra_averaged,peak_status,n_blobs,argmax_wavelength_m,argmax_axial_bearing_deg,wavelength_m,k_rad_m,axial_bearing_deg,blob_area_px,lobe_to_annulus,identifiable,depth_T11.765_m,depth_T11.765_U-0.5_m,depth_T11.765_U+0.5_m
0,250.0,431628.1099621567,4007701.8793188287,-75.76064367560389,36.211738399388835,touches_land_or_unmapped,,,,,,,,,,,,,,,,,,,,,,,,,,,
0,300.0,431674.87392542063,4007719.574847638,-75.76012500632315,36.21190122695541,touches_land_or_unmapped,,,,,,,,,,,,,,,,,,,,,,,,,,,
0,350.0,431721.6378886846,4007737.2703764476,-75.75960633485843,36.21206405229503,touches_land_or_unmapped,,,,,,,,,,,,,,,,,,,,,,,,,,,
0,400.0,431768.4018519485,4007754.9659052575,-75.75908766120978,36.21222687540767,ok,67.7926854410306,IW3,0,14167.102754163083,1071.1881073439922,153,37,3.343686004377347,13.899669466821745,0.0,0.007648654396556597,affine_dtft,44.12964390150615,1,identified,1,70.5723752139041,69.9675498901809,68.88169410522232,0.09121705539909508,70.34617594194658,2,19.993310062324024,True,3.5040017881662493,4.198724863979663,2.8909595576521427
0,450.0,431815.1658152124,4007772.661434067,-75.75856898537722,36.21238969629327,ok,67.7926854410306,IW3,0,14181.748850312257,1071.9202881569427,153,37,3.3436790024922245,13.899667949409702,0.0,0.007648653947546626,affine_dtft,44.13223671431446,1,identified,3,67.03060305669702,70.2308991141994,68.88169410522232,0.09121705539909508,70.34617594194658,2,17.17900625372055,True,3.5040017881662493,4.198724863979663,2.8909595576521427
0,500.0,431861.92977847636,4007790.3569628764,-75.75805030736079,36.212552514951824,ok,82.40911964340151,IW3,0,14196.394992122623,1072.6524491231505,153,37,3.3436719990501675,13.899666437344578,0.0,0.007648673484929513,affine_dtft,44.13482953526401,1,identified,3,103.47665635918842,67.27993602161754,65.61466811264717,0.09575885221872375,70.01689347809987,3,10.184215643357872,True,5.2695268702518305,6.158989132629072,4.480971428273012
0,550.0,431908.6937417403,4007808.052491686,-75.7575316271605,36.21271533138326,ok,,IW3,0,14211.041179592294,1073.3845902420449,153,37,3.3436649991072755,13.899664923048528,0.0,0.007648692007241523,affine_dtft,44.13742236435446,1,ambiguous_multiple_blobs,2,108.6944410354086,68.88688853489785,146.28571428571402,0.04295146206079803,89.99999999999956,2,5.652894983688679,False,,,
0,600.0,431955.45770500426,4007825.7480204953,-75.75701294477642,36.212878145587545,ok,106.29488619417025,IW3,0,14225.68741271982,1074.1167115134645,153,37,3.3436579984394537,13.899663411616432,0.0,0.007648713006020348,affine_dtft,44.140015201585555,1,identified,1,136.0431578839849,89.47664014107748,126.25842225051424,0.04976448457999003,80.53767779197403,6,11.062520189555748,True,9.113878115984333,10.412732320235836,7.969476311085233
0,650.0,432002.2216682682,4007843.443549305,-75.75649426020854,36.21304095756465,ok,,IW3,0,14240.333691505206,1074.84881293717,153,37,3.3436509975573605,13.899661900050031,0.0,0.0076487114604614995,affine_dtft,44.14260804695731,1,identified,2,132.15677548090707,90.74224730317593,127.01156821934933,0.04946939397148855,97.12501634890134,2,11.481393762212601,True,,,
0,700.0,432048.9856315321,4007861.1390781146,-75.75597557345692,36.21320376731452,ok,,IW3,0,14254.980015946516,1075.5808945127376,153,37,3.3436439983532455,13.89966038814729,0.0,0.007648731312771249,affine_dtft,44.14520090046936,1,ambiguous_multiple_blobs,4,125.23913174253805,91.74341507101875,127.01156821934933,0.04946939397148855,97.12501634890134,2,9.291285952686133,False,,,
0,750.0,432095.74959479604,4007878.834606924,-75.75545688452158,36.213366574837124,ok,,IW3,0,14269.626386042873,1076.312956239956,153,37,3.343636995906321,13.899658879972892,0.0,0.007648750272580933,affine_dtft,44.14779376212157,1,ambiguous_multiple_blobs,3,81.6940157332227,68.60996691565342,78.76923076923069,0.07976700097005342,67.38013505195947,2,11.73352497644664,False,,,
0,800.0,432142.51355806,4007896.5301357335,-75.75493819340254,36.21352938013242,ok,,IW3,0,14284.272801793764,1077.0449981186246,153,37,3.3436299976096406,13.899657369972296,0.0,0.007648771548582512,affine_dtft,44.15038663191383,1,ambiguous_multiple_blobs,2,78.6903514062687,69.7927686535866,78.76923076923069,0.07976700097005342,67.38013505195947,2,11.623375804965315,False,,,
0,850.0,432189.27752132394,4007914.225664543,-75.75441950009984,36.213692183200365,ok,,IW3,0,14298.919263197731,1077.7770201482776,153,37,3.3436229980519703,13.899655863240255,0.0,0.007648770061823897,affine_dtft,44.152979509845906,1,ambiguous_multiple_blobs,2,78.65228416747797,70.74472285847625,80.95430810031041,0.07761397082653212,71.56505117707783,1,17.208598359780698,False,,,
0,900.0,432236.0414845879,4007931.921193353,-75.75390080461352,36.21385498404092,ok,,IW3,0,14313.565770253452,1078.5090223288478,153,37,3.3436159983679197,13.899654351040322,0.0,0.007648790504103991,affine_dtft,44.15557239591755,1,identified,2,80.08404476881648,72.31775483965815,87.95110415061004,0.07143952731304062,76.75948008481264,3,13.42416234065742,True,,,
0,950.0,432282.8054478518,4007949.6167221623,-75.75338210694362,36.21401778265405,ok,,IW3,0,14328.212322959895,1079.241004659876,153,37,3.3436089995452405,13.899652847608337,0.0,0.007648810647209663,affine_dtft,44.15816529012858,1,identified,2,79.770992747025,72.51782374796812,89.81074117703967,0.06996028787685696,74.74488129694203,2,14.315979713076587,True,,,
0,1000.0,432329.5694111157,4007967.312250972,-75.75286340709015,36.214180579039706,ok,,IW3,0,14342.85892131652,1079.9729671411537,153,37,3.3436020003627327,13.899651339710882,0.0,0.0076488082872961495,affine_dtft,44.1607581924789,1,ambiguous_multiple_blobs,3,77.69091012343726,71.25919221267539,80.95430810031041,0.07761397082653212,71.56505117707783,1,10.06611986383648,False,,,
0,1050.0,432376.33337437967,4007985.0077797812,-75.75234470505313,36.214343373197856,ok,,IW3,0,14357.505565322346,1080.7049097723548,153,37,3.343595001896162,13.899649834410717,0.0,0.007648827887788915,affine_dtft,44.16335110296836,1,ambiguous_multiple_blobs,5,77.92030388744074,70.19318929624455,108.54378291265117,0.0578861832394019,57.99461679191643,2,8.585672195452652,False,,,
0,1100.0,432423.0973376436,4008002.7033085907,-75.75182600083262,36.21450616512844,ok,79.57185866716627,IW3,0,14372.15225497558,1081.436832553216,153,37,3.3435880034486627,13.899648331082489,0.0,0.007648849109141503,affine_dtft,44.1659440215966,1,identified,3,82.51997970915279,70.10048041459022,44.63909327762654,0.14075521803505733,54.462322208025576,3,21.951092116605867,True,4.894574561704139,5.743672257063853,4.14205239806277
0,1150.0,432469.86130090756,4008020.3988374,-75.75130729442864,36.21466895483144,ok,84.88972910944139,IW3,0,14386.79899027564,1082.1687354834223,153,37,3.3435810042915692,13.899646825964957,0.0,0.0076488684782597665,affine_dtft,44.16853694836356,1,identified,2,88.7076698243889,69.76272301833637,96.66305672103198,0.06500089610566276,65.85445803957819,6,13.847927688272895,True,5.610645243419603,6.536567863368763,4.789693515889721
0,1200.0,432516.6252641715,4008038.09436621,-75.75078858584122,36.214831742306814,ok,88.57629151911979,IW3,0,14401.44577122172,1082.9006185627718,153,37,3.3435740074380114,13.899645321798616,0.0,0.007648867468300987,affine_dtft,44.17112988326907,1,identified,1,94.7218038386321,68.84237328324323,97.41342600284027,0.06450019843256913,64.65382405805317,4,17.786227155330238,True,6.141109345308598,7.123400558199243,5.270351693481246
0,1250.0,432563.3892274354,4008055.7898950195,-75.75026987507039,36.214994527554516,ok,100.02683451909505,IW3,0,14416.09259781266,1083.6324817909647,153,37,3.3435670108792377,13.899643820891727,0.0,0.00764888831388682,affine_dtft,44.17372282631293,1,identified,1,98.99598012723716,70.0840113019909,100.84334043626677,0.06230639802288753,66.80140948635166,3,9.205995650370983,True,7.977997612442399,9.1549497700415,6.937779849325984
0,1300.0,432610.15319069935,4008073.485423829,-75.74975116211618,36.215157310574504,ok,103.44977873044418,IW3,0,14430.739470046783,1084.3643251676663,153,37,3.3435600123002813,13.899642317717378,0.0,0.0076489086508920705,affine_dtft,44.176315777494864,1,identified,1,102.67741774723486,72.24896514047329,103.32254115783341,0.06081137026606343,70.34617594194648,6,7.4175053870659085,True,8.58623969003031,9.82821663333697,7.490266820582102
0,1350.0,432656.9171539633,4008091.1809526384,-75.74923244697862,36.21532009136674,ok,107.52825798726732,IW3,0,14445.386387924247,1085.096148692587,153,37,3.343553016403853,13.89964081807835,0.0,0.00764892798463188,affine_dtft,44.178908736814876,1,identified,1,105.76002259355059,86.42494967396563,101.89180827750278,0.06166526449375895,84.28940686250012,2,9.857996488135072,True,9.349023424737668,10.673393898156593,8.182997326982827
0,1400.0,432703.68111722724,4008108.876481448,-75.74871372965777,36.215482869931186,ok,110.11514545556952,IW3,0,14460.033351442506,1085.827952365478,153,37,3.343546018414506,13.89963931608002,0.0,0.007648927147318551,affine_dtft,44.18150170427252,1,identified,1,106.74636682460067,87.00633677897568,113.77777777777767,0.05522330836388313,89.99999999999966,2,11.261719664373143,True,9.855158319487511,11.23485381729164,8.64246027061354
0,1450.0,432750.4450804912,4008126.5720102577,-75.74819501015361,36.2156456462678,ok,111.81329653000353,IW3,0,14474.68036060153,1086.5597361860998,153,37,3.3435390220000807,13.899637817442253,0.0,0.007648946523986636,affine_dtft,44.184094679867805,1,identified,1,110.07224661324231,87.9157765465689,117.80582228695603,0.0533350999568999,85.60129464500419,3,11.897199640723748,True,10.197157281937065,11.614579180637246,8.952800137557071
0,1500.0,432797.2090437551,4008144.267539067,-75.74767628846621,36.21580842037654,ok,115.12045928083712,IW3,0,14489.32741539976,1087.2915001540753,153,37,3.343532025489718,13.899636319479917,0.0,0.007648966648014965,affine_dtft,44.186687663600445,1,identified,1,117.36471235226105,87.08917049834761,113.77777777777767,0.05522330836388313,89.99999999999966,2,12.489005046559441,True,10.886120452124542,12.380485963525048,9.577607776308419
0,1550.0,432843.973007019,4008161.9630678766,-75.7471575645956,36.215971192257356,ok,,IW3,0,14503.974515836271,1088.0232442690958,153,37,3.343525029098103,13.899634819894002,0.0,0.007648986770795834,affine_dtft,44.18928065547027,1,ambiguous_multiple_blobs,3,54.165896193426505,58.808254799654726,127.99999999999986,0.04908738521234057,89.99999999999962,1,5.607699788626713,False,,,
0,1600.0,432890.736970283,4008179.658596686,-75.74663883854177,36.21613396191024,ok,,IW3,0,14518.621661910985,1088.7549685310335,153,37,3.3435180333804033,13.899633322565037,0.0,0.007648986012585342,affine_dtft,44.19187365547729,1,ambiguous_multiple_blobs,4,54.74918627756753,60.07786633865942,55.7808343759711,0.11264057588005918,60.64224645720867,2,11.615666998648935,False,,,
0,1650.0,432937.5009335469,4008197.3541254955,-75.7461201103048,36.216296729335106,ok,43.97227709069926,IW3,0,14533.26885362161,1089.4866729394666,153,37,3.3435110387435527,13.899631825819752,0.0,0.0076490073802454525,affine_dtft,44.19446666362107,1,identified,4,53.95225729310112,62.4016200563355,53.23522507878767,0.11802683839282217,62.10272896905231,4,11.89352776927975,True,1.444645806293253,1.8746758355111384,1.0772676713862877
0,1700.0,432984.26489681087,4008215.0496543054,-75.74560137988469,36.21645949453195,ok,39.439607776199374,IW3,0,14547.916090967608,1090.2183574941323,153,37,3.343504042289586,13.89963033186503,0.0,0.007649026338255704,affine_dtft,44.197059679901535,1,identified,2,25.316461627852128,79.34845933066555,52.84000636061037,0.11890962435355407,63.43494882292195,3,6.65170396122759,True,1.158928306529656,1.5436511953495589,0.8344733890395762
0,1750.0,433031.0288600748,4008232.745183115,-75.74508264728149,36.21662225750072,ok,40.515538704183214,IW3,0,14562.563373947602,1090.9500221948035,153,37,3.3434970469317196,13.899628836838406,0.0,0.007649023703325813,affine_dtft,44.199652704318446,1,identified,1,25.512797448992163,78.49524155310836,25.841599832699725,0.24314227245438963,77.36663806472495,3,31.94171663325971,True,1.2237977376694897,1.6191624961998452,0.8892370721907947
0,1800.0,433077.7928233387,4008250.4407119243,-75.74456391249524,36.21678501824137,ok,37.3356171105321,IW3,0,14577.210702560726,1091.6816670411156,153,37,3.3434900512282755,13.899627344160958,0.0,0.007649046178332899,affine_dtft,44.20224573687163,1,identified,4,25.639183048412267,77.20396775141167,25.841599832699725,0.24314227245438963,77.36663806472495,3,25.706105678483507,True,1.0373442034632678,1.401447125773069,0.7325124222357445
0,1850.0,433124.55678660265,4008268.136240734,-75.74404517552593,36.21694777675386,ok,32.167487360506016,IW3,0,14591.858076806604,1092.413292032838,153,37,3.3434830566784335,13.899625849225423,0.0,0.007649064779966003,affine_dtft,44.204838777561044,1,identified,5,25.742406080897684,76.98010886848455,44.81926241611859,0.14018939555149687,66.80140948635174,4,12.161405689167605,True,0.768016551014055,1.0824537824616414,0.5106790911410481
0,1900.0,433171.3207498666,4008285.8317695432,-75.74352643637363,36.21711053303816,touches_land_or_unmapped,,,,,,,,,,,,,,,,,,,,,,,,,,,
0,1950.0,433218.08471313055,4008303.527298353,-75.74300769503834,36.21727328709423,touches_land_or_unmapped,,,,,,,,,,,,,,,,,,,,,,,,,,,
0,2000.0,433264.8486763945,4008321.2228271626,-75.74248895152013,36.21743603892201,touches_land_or_unmapped,,,,,,,,,,,,,,,,,,,,,,,,,,,
0,2050.0,433311.6126396584,4008338.918355972,-75.74197020581902,36.217598788521485,touches_land_or_unmapped,,,,,,,,,,,,,,,,,,,,,,,,,,,
0,2100.0,433358.37660292233,4008356.6138847815,-75.741451457935,36.217761535892606,touches_land_or_unmapped,,,,,,,,,,,,,,,,,,,,,,,,,,,
0,2150.0,433405.1405661863,4008374.309413591,-75.74093270786815,36.217924281035316,touches_land_or_unmapped,,,,,,,,,,,,,,,,,,,,,,,,,,,
0,2200.0,433451.9045294502,4008392.004942401,-75.74041395561848,36.21808702394961,touches_land_or_unmapped,,,,,,,,,,,,,,,,,,,,,,,,,,,
0,2250.0,433498.6684927142,4008409.7004712103,-75.73989520118603,36.2182497646354,touches_land_or_unmapped,,,,,,,,,,,,,,,,,,,,,,,,,,,
0,2300.0,433545.43245597807,4008427.3960000197,-75.73937644457082,36.218412503092694,touches_land_or_unmapped,,,,,,,,,,,,,,,,,,,,,,,,,,,
0,2350.0,433592.196419242,4008445.091528829,-75.73885768577289,36.21857523932142,touches_land_or_unmapped,,,,,,,,,,,,,,,,,,,,,,,,,,,
0,2400.0,433638.96038250596,4008462.7870576386,-75.73833892479226,36.21873797332154,touches_land_or_unmapped,,,,,,,,,,,,,,,,,,,,,,,,,,,
0,2450.0,433685.7243457699,4008480.4825864485,-75.73782016162899,36.21890070509302,touches_land_or_unmapped,,,,,,,,,,,,,,,,,,,,,,,,,,,
0,2500.0,433732.48830903386,4008498.178115258,-75.73730139628307,36.219063434635835,touches_land_or_unmapped,,,,,,,,,,,,,,,,,,,,,,,,,,,
0,2550.0,433779.2522722978,4008515.8736440674,-75.73678262875457,36.219226161949926,touches_land_or_unmapped,,,,,,,,,,,,,,,,,,,,,,,,,,,
0,2600.0,433826.0162355617,4008533.569172877,-75.73626385904349,36.219388887035244,touches_land_or_unmapped,,,,,,,,,,,,,,,,,,,,,,,,,,,
0,2650.0,433872.78019882564,4008551.2647016863,-75.73574508714988,36.21955160989178,touches_land_or_unmapped,,,,,,,,,,,,,,,,,,,,,,,,,,,
0,2700.0,433919.5441620896,4008568.9602304962,-75.73522631307375,36.21971433051948,touches_land_or_unmapped,,,,,,,,,,,,,,,,,,,,,,,,,,,
0,2750.0,433966.30812535353,4008586.6557593057,-75.73470753681516,36.219877048918285,touches_land_or_unmapped,,,,,,,,,,,,,,,,,,,,,,,,,,,
0,2800.0,434013.0720886175,4008604.351288115,-75.73418875837413,36.22003976508816,touches_land_or_unmapped,,,,,,,,,,,,,,,,,,,,,,,,,,,
0,2850.0,434059.8360518814,4008622.0468169246,-75.7336699777507,36.22020247902908,touches_land_or_unmapped,,,,,,,,,,,,,,,,,,,,,,,,,,,
0,2900.0,434106.6000151453,4008639.742345734,-75.73315119494487,36.22036519074101,touches_land_or_unmapped,,,,,,,,,,,,,,,,,,,,,,,,,,,
0,2950.0,434153.36397840927,4008657.4378745435,-75.7326324099567,36.220527900223885,touches_land_or_unmapped,,,,,,,,,,,,,,,,,,,,,,,,,,,
0,3000.0,434200.1279416732,4008675.1334033534,-75.7321136227862,36.220690607477685,touches_land_or_unmapped,,,,,,,,,,,,,,,,,,,,,,,,,,,
1,250.0,431708.7984077874,4007488.1916904543,-75.75972745858417,36.209817743277235,touches_land_or_unmapped,,,,,,,,,,,,,,,,,,,,,,,,,,,
1,300.0,431755.5847381088,4007505.8279966167,-75.75920854596953,36.20998003449252,touches_land_or_unmapped,,,,,,,,,,,,,,,,,,,,,,,,,,,
1,350.0,431802.3710684302,4007523.464302779,-75.75868963117712,36.21014232347873,touches_land_or_unmapped,,,,,,,,,,,,,,,,,,,,,,,,,,,
1,400.0,431849.15739875165,4007541.1006089416,-75.75817071420695,36.210304610235816,ok,93.67527759921241,IW3,0,14180.849054904365,1055.0833017426924,153,37,3.343765105306357,13.899672555377645,0.0,0.007648323807841966,affine_dtft,44.13212127480624,1,identified,1,90.91558912468018,71.75560790044692,89.81074117703967,0.06996028787685696,74.74488129694203,4,22.169604556963684,True,6.92272134008555,7.987738351217206,5.9794730935483065
1,450.0,431895.94372907304,4007558.736915104,-75.75765179505909,36.21046689476374,ok,94.77681110107075,IW3,0,14195.498654274916,1055.8110022149733,153,37,3.343758125425996,13.899671044955145,0.0,0.007648322171400839,affine_dtft,44.13471471995099,1,identified,1,95.70105605447928,72.46250758049105,93.1336800139518,0.06746415803862083,75.96375653207333,3,21.691031272038817,True,7.099107556986715,8.182789580472138,6.139601428570597
1,500.0,431942.73005939444,4007576.373221267,-75.75713287373351,36.21062917706248,ok,95.43773120218574,IW3,0,14210.148299130462,1056.5386828301987,153,37,3.3437511466267362,13.899669532385083,0.0,0.007648342082157283,affine_dtft,44.137308173205795,1,identified,1,96.35888171215383,73.85362538600684,98.08141160664577,0.06406091841722486,73.30075576600615,2,16.617905447277014,True,7.206253323437534,8.301278484553377,6.23688433006923
1,550.0,431989.51638971583,4007594.0095274295,-75.7566139502303,36.21079145713196,ok,97.09186528810697,IW3,0,14224.797989469273,1057.2663435878867,153,37,3.3437441694479895,13.899668021980482,0.0,0.007648362096577079,affine_dtft,44.13990163457034,1,identified,1,98.69159076445096,73.64516789995568,98.08141160664577,0.06406091841722486,73.30075576600615,2,27.025363055981956,True,7.4787850879371955,8.602688785784538,6.484365267841539
1,600.0,432036.30272003723,4007611.645833592,-75.75609502454945,36.210953734972165,ok,97.48033191464671,IW3,0,14239.447725291127,1057.9939844877958,153,37,3.3437371901611312,13.899666511037545,0.0,0.007648361635276587,affine_dtft,44.1424951040446,1,identified,1,100.92757165136571,72.75484311717888,98.08141160664577,0.06406091841722486,73.30075576600615,2,18.564606063448753,True,7.543701995356128,8.674491676632615,6.5433213679564215
1,650.0,432083.0890503586,4007629.2821397544,-75.75557609669102,36.21111601058305,ok,95.3612944233568,IW3,0,14254.097506594024,1058.7216055296904,153,37,3.3437302120280554,13.899665001147362,0.0,0.007648381114431967,affine_dtft,44.14508858162821,1,identified,1,96.96064722744396,70.56789840705783,98.08141160664577,0.06406091841722486,73.30075576600615,2,16.660862747702293,True,7.193811009766568,8.287518698280362,6.225586885945959
1,700.0,432129.87538068,4007646.918445917,-75.75505716665502,36.21127828396456,ok,90.91653870656532,IW3,0,14268.747333377294,1059.4492067132585,153,37,3.343723234829033,13.899663495151517,0.0,0.007648401847473386,affine_dtft,44.147682067321036,1,identified,1,92.05510432075704,69.74324153549301,95.07601314665045,0.06608591482993778,68.19859051364803,1,16.37500351633006,True,6.492806362875829,7.512341662917998,5.5893245397402405
1,750.0,432176.6617110014,4007664.5547520793,-75.7545382344415,36.211440555116674,ok,86.35745184571735,IW3,0,14283.397205639712,1060.1767880383204,153,37,3.343716257430992,13.899661987081654,0.0,0.007648420703767679,affine_dtft,44.15027556112289,1,identified,1,84.12658312577331,69.68164131123334,87.48622415019622,0.07181913916404283,70.01689347809987,2,21.086206553895163,True,5.818431459114845,6.766472253957638,4.977896423727814
1,800.0,432223.4480413228,4007682.1910582418,-75.75401930005047,36.21160282403935,ok,83.42646190548524,IW3,0,14298.047123380458,1060.9043495044614,153,37,3.343709281347402,13.899660478234493,0.0,0.007648420209935158,affine_dtft,44.15286906303362,1,identified,2,77.34662828081147,69.7256467931109,75.85763302268842,0.08282864962712895,69.7751405688318,3,20.854334951951937,True,5.407908865993586,6.31218767483386,4.606171142477668
1,850.0,432270.2343716442,4007699.827364404,-75.75350036348199,36.21176509073254,ok,79.54327815843016,IW3,0,14312.697086598419,1061.6318911114809,153,37,3.3437023031134245,13.89965897346565,0.0,0.007648440597187368,affine_dtft,44.155462573053015,1,identified,3,72.58053421429189,71.26451528210359,75.28597730240584,0.08345757778957331,72.89727103094748,2,17.990552666333222,True,4.890878942023174,5.739576963607317,4.138714455269001
1,900.0,432317.0207019656,4007717.4636705667,-75.75298142473606,36.21192735519621,ok,,IW3,0,14327.347095293111,1062.359412859043,153,37,3.3436953276042107,13.89965746634695,0.0,0.007648460315720006,affine_dtft,44.15805609118101,1,ambiguous_multiple_blobs,3,70.81247738834922,72.90700410093115,127.99999999999986,0.04908738521234057,89.99999999999962,1,14.786001292725418,False,,,
1,950.0,432363.807032287,4007735.099976729,-75.75246248381274,36.212089617430316,ok,,IW3,0,14341.997149462202,1063.0869147469346,153,37,3.343688350074843,13.899655961826031,0.0,0.007648480079051102,affine_dtft,44.16064961741718,1,ambiguous_multiple_blobs,3,72.31419594002175,74.07612083193112,127.99999999999986,0.04908738521234057,89.99999999999962,1,12.735741553846847,False,,,
1,1000.0,432410.5933626084,4007752.7362828916,-75.75194354071202,36.21225187743481,ok,,IW3,0,14356.647249106176,1063.8143967747064,153,37,3.3436813737871924,13.899654455608218,0.0,0.0076484793071134585,affine_dtft,44.163243151761606,1,ambiguous_multiple_blobs,3,47.882937162406606,82.85056405810509,78.1803415387065,0.0803678416276658,75.25643716352907,3,12.02959364100456,False,,,
1,1050.0,432457.3796929298,4007770.372589054,-75.75142459543397,36.21241413520966,ok,41.117024406682226,IW3,0,14371.297394222389,1064.54185894229,153,37,3.34367439888673,13.899652953569936,0.0,0.007648498942001641,affine_dtft,44.16583669421384,1,identified,4,84.37149597926418,73.65777940055652,48.542255425533625,0.12943744068131163,84.55966796899436,2,9.372981920879075,True,1.260860207713564,1.6622039368389316,0.9206282236500765
1,1100.0,432504.1660232512,4007788.0088952165,-75.75090564797863,36.21257639075484,ok,37.254724341141056,IW3,0,14385.947584811081,1065.2693012493396,153,37,3.3436674232614685,13.899651451379738,0.0,0.007648519990863418,affine_dtft,44.1684302447739,1,identified,5,25.404114840320023,80.55147686330682,49.14099364999551,0.1278603634255198,82.64762064010753,3,9.097004906672554,True,1.032808282831177,1.3961232906081082,0.7287274287629635
1,1150.0,432550.9523535726,4007805.645201379,-75.75038669834599,36.212738644070285,ok,37.254724341141056,IW3,0,14400.597820870315,1065.9967236954535,153,37,3.343660446547697,13.899649950049314,0.0,0.00764851834166346,affine_dtft,44.171023803441464,1,identified,5,92.42227562767842,69.1267503526765,25.66782414451754,0.2447883884431875,80.38027220030109,3,16.914834903746232,True,1.032808282831177,1.3961232906081082,0.7287274287629635
1,1200.0,432597.73868389404,4007823.2815075414,-75.74986774653611,36.21290089515597,ok,33.49221397967686,IW3,0,14415.248102399428,1066.7241262805085,153,37,3.3436534705652483,13.899648448116391,0.0,0.007648537176897279,affine_dtft,44.17361737021642,1,identified,4,95.46364000424062,67.25310188767537,25.66782414451754,0.2447883884431875,80.38027220030109,3,16.499147309400534,True,0.8331042179737154,1.1601466993345366,0.5636816564168984
1,1250.0,432644.52501421544,4007840.917813704,-75.74934879254901,36.21306314401185,ok,,IW3,0,14429.898429397805,1067.4515090040763,153,37,3.3436464967713935,13.899646948974413,0.0,0.007648558455831794,affine_dtft,44.17621094509864,1,ambiguous_multiple_blobs,5,97.93348792140021,65.30621701153422,161.90861620062083,0.03880698541326606,161.56505117707738,1,14.63628162639799,False,,,
1,1300.0,432691.31134453684,4007858.5541198663,-75.74882983638473,36.21322539063789,ok,,IW3,0,14444.548801863799,1068.1788718660275,153,37,3.343639523111623,13.899645449524167,0.0,0.007648577458369681,affine_dtft,44.17880452808784,1,ambiguous_multiple_blobs,6,98.94108979159661,63.72911540321373,168.3445630006857,0.03732336343499251,170.53767779197383,2,11.079644802319523,False,,,
1,1350.0,432738.09767485823,4007876.190426029,-75.7483108780433,36.213387635034024,ok,,IW3,0,14459.199219796184,1068.9062148657958,153,37,3.3436325463393595,13.899643950179756,0.0,0.007648576781719182,affine_dtft,44.181398119183804,1,identified,5,99.02374921901834,62.58793484783194,98.13144038399065,0.06402825926729837,63.43494882292192,3,9.012260531775725,True,,,
1,1400.0,432784.8840051796,4007893.8267321917,-75.74779191752474,36.21354987720026,ok,111.21563243518942,IW3,0,14473.849683194425,1069.6335380035546,153,37,3.343625573487566,13.899642451345692,0.0,0.007648596619463767,affine_dtft,44.18399171838644,1,identified,4,105.30119753073278,66.04832699418661,98.13144038399065,0.06402825926729837,63.43494882292192,3,12.454494194827223,True,10.075895714145679,11.47990754716882,8.842776583603333
1,1450.0,432831.670335501,4007911.463038354,-75.74727295482909,36.21371211713651,ok,,IW3,0,14488.500192057225,1070.3608412785609,153,37,3.3436185992139715,13.899640953748408,0.0,0.007648618045757821,affine_dtft,44.18658532569552,1,ambiguous_multiple_blobs,4,114.49975284683399,64.01179712018597,228.9733608959782,0.027440682543127867,153.4349488229211,1,6.254501845724121,False,,,
1,1500.0,432878.4566658224,4007929.0993445166,-75.74675398995639,36.213874354842766,ok,130.65553785847968,IW3,0,14503.15074638342,1071.0881246909225,153,37,3.343611626994145,13.899639458932928,0.0,0.007648636568111219,affine_dtft,44.18917894111084,1,identified,4,138.3909379196748,63.87044389889267,137.38401653758697,0.0457344709052131,63.43494882292177,3,13.625141520867214,True,14.569903946856824,16.503565839216975,12.905337396252994
1,1550.0,432925.2429961438,4007946.735650679,-75.74623502290666,36.21403659031897,ok,137.90274388481288,IW3,0,14517.80134617206,1071.815388239998,153,37,3.3436046532950017,13.899637961399968,0.0,0.007648636450783471,affine_dtft,44.191772564632224,1,identified,3,141.4677234957585,62.43013051033622,152.64890726398542,0.04116102381469181,63.43494882292177,2,11.938261519797495,True,16.578516781756665,18.777392837537263,14.707007849669882
1,1600.0,432972.0293264652,4007964.3719568416,-75.74571605367993,36.2141988235651,ok,134.2922220536178,IW3,0,14532.45199142232,1072.5426319258509,153,37,3.3435976791469333,13.899636467586852,0.0,0.00764865548336097,affine_dtft,44.19436619625953,1,identified,4,136.6828319346078,64.20017693481624,134.45778724835563,0.04672979851716567,66.80140948635159,4,6.77952594126079,True,15.552128046797355,17.612840943949127,13.78769826408344
1,1650.0,433018.8156567866,4007982.008263004,-75.74519708227623,36.21436105458108,ok,130.78544569186792,IW3,0,14547.102682132727,1073.2698557478216,153,37,3.3435907059072694,13.89963497243571,0.0,0.007648677338163519,affine_dtft,44.1969598359925,1,identified,3,126.66345059564703,67.60808098652274,127.12026448932349,0.04942709435368816,65.55604521958325,3,11.2726431279536,True,14.604137040157124,16.542147167557065,12.936130289294637
1,1700.0,433065.601987108,4007999.6445691665,-75.74467810869561,36.214523283366916,ok,123.15300032866867,IW3,0,14561.753418303007,1073.9970597059464,153,37,3.3435837332957887,13.899633478346551,0.0,0.007648675339488988,affine_dtft,44.19955348383108,1,identified,1,120.99775380352358,66.79940680091008,119.85013472883753,0.05242535038776029,69.44395478041629,2,14.796259880526625,True,12.69344530973214,14.396768485896883,11.213440828192912
1,1750.0,433112.3883174294,4008017.280875329,-75.74415913293808,36.214685509922525,ok,121.68549577686224,IW3,0,14576.404199930903,1074.7242437997063,153,37,3.3435767611094755,13.899631986662511,0.0,0.007648695284914269,affine_dtft,44.202147139774894,1,identified,1,121.33284889756098,65.54488989801108,119.85013472883753,0.05242535038776029,69.44395478041629,2,14.107184142103232,True,12.348404056116886,14.01094755558293,10.901558624748171
1,1800.0,433159.1746477508,4008034.9171814914,-75.74364015500369,36.21484773424789,ok,121.68549577686224,IW3,0,14591.055027016175,1075.4514080289712,153,37,3.3435697885208473,13.89963049299666,0.0,0.007648715805533399,affine_dtft,44.204740803823874,1,identified,1,125.09341117151921,64.45683024409763,114.4866804479891,0.05488136508625573,63.434948822921854,1,12.581453163879637,True,12.348404056116886,14.01094755558293,10.901558624748171
1,1850.0,433205.9609780722,4008052.553487654,-75.74312117489244,36.21500995634299,ok,123.11778247496457,IW3,0,14605.705899558083,1076.1785523935437,153,37,3.3435628169396328,13.8996290021311,0.0,0.007648735365720576,affine_dtft,44.20733447597789,1,identified,1,127.98239570024911,63.69531159104318,127.12026448932349,0.04942709435368816,65.55604521958325,3,17.659144767792128,True,12.685083928459244,14.387413529444574,11.205885594034836
1,1900.0,433252.7473083936,4008070.1897938163,-75.7426021926044,36.215172176207744,ok,122.70891998658826,IW3,0,14620.356817554459,1076.9056768929545,153,37,3.3435558451591465,13.899627513330277,0.0,0.007648734107283164,affine_dtft,44.20992815623657,1,identified,1,127.76362499075142,62.43368507439406,127.12026448932349,0.04942709435368816,65.55604521958325,3,33.35587169588435,True,12.588305100510556,14.279154139017,11.118427982845915
1,1950.0,433299.533638715,4008087.8260999788,-75.74208320813958,36.215334393842134,ok,123.52122056432793,IW3,0,14635.007781005335,1077.632781526933,153,37,3.3435488737157666,13.899626022354418,0.0,0.00764875482611556,affine_dtft,44.21252184459992,1,identified,1,125.36780508360474,60.58978466831458,127.01156821934926,0.04946939397148858,60.255118703057654,2,33.43548519193492,True,12.781108318665241,14.49486473324567,11.292644001934322
1,2000.0,433346.31996903644,4008105.462406141,-75.74156422149801,36.215496609246124,ok,108.17607272770792,IW3,0,14649.658789909425,1078.3598662952363,153,37,3.3435419025825968,13.899624534087188,0.0,0.007648775216011778,affine_dtft,44.21511554106772,1,identified,3,122.7930915310546,57.779893814748156,117.80582228695597,0.05333509995689993,57.52880770915146,3,39.27724019941761,True,9.474113632706388,10.812104628495858,8.296570176128814
1,2050.0,433393.10629935784,4008123.0987123037,-75.74104523267972,36.215658822419655,ok,87.56186448700569,IW3,0,14664.309844265032,1079.0869311976533,153,37,3.343534931671559,13.899623045769092,0.0,0.007648795869261212,affine_dtft,44.21770924563964,1,identified,10,36.33785749351386,85.82496014500754,118.54818333668743,0.05300111001561938,55.78429786756249,7,8.915352584313991,True,5.992296818241652,6.958804780364983,5.135450916072107
1,2100.0,433439.89262967923,4008140.735018466,-75.74052624168476,36.2158210333627,ok,66.96939550029829,IW3,0,14678.960944071576,1079.8139762337994,153,37,3.3435279610554502,13.899621557860641,0.0,0.007648794008444485,affine_dtft,44.220302958315614,1,identified,9,63.21831861133206,104.09681421062162,50.39452530622354,0.1246799184832015,48.990913098429765,3,9.60111298488246,True,3.4164525119594154,4.101082459057134,2.8126239979693954
1,2150.0,433486.67896000063,4008158.3713246286,-75.74000724851315,36.21598324207521,ok,48.15372922751682,IW3,0,14693.612089327966,1080.5410014033741,153,37,3.3435209913170376,13.89962007173209,0.0,0.007648813712623797,affine_dtft,44.222896679095435,1,identified,6,62.7437517809384,104.53564777175343,24.049223285812246,0.26126354404494756,80.53767779197432,2,22.855658146462154,True,1.7374305188112071,2.210445295955912,1.3295720156411468
1,2200.0,433533.465290322,4008176.007630791,-75.73948825316492,36.21614544855716,ok,30.555115700224164,IW3,0,14708.263280032956,1081.2680067061979,153,37,3.343514019980042,13.899618586187357,0.0,0.007648833220319477,affine_dtft,44.225490407978874,1,identified,7,63.328997325694154,105.45562052605185,24.049223285812246,0.26126354404494756,80.53767779197432,4,13.31937695943462,True,0.6924439551443877,0.9916473545656023,0.44974003400965745
1,2250.0,433580.2516206434,4008193.6439369535,-75.7389692556401,36.21630765280851,ok,23.941979164891034,IW3,0,14722.91451618601,1081.994992142061,153,37,3.3435070501606265,13.899617100684193,0.0,0.007648833687462091,affine_dtft,44.22808414496585,1,identified,8,78.16693492043018,52.60141637973921,23.727490923048613,0.26480614100988537,79.9920201985586,4,6.898333185816806,True,0.42403636380436865,0.6618788077630318,0.2405927240885701
1,2300.0,433627.0379509648,4008211.2802431164,-75.73845025593873,36.2164698548292,ok,,IW3,0,14737.56579778558,1082.7219577104474,153,37,3.343500080229954,13.899615615222615,0.0,0.007648853672975145,affine_dtft,44.23067789005608,1,ambiguous_multiple_blobs,8,41.73973345480339,83.6234095468281,140.65721748345732,0.04467019481541039,74.05460409907685,2,5.865995756534839,False,,,
1,2350.0,433673.8242812862,4008228.916549279,-75.73793125406083,36.216632054619204,ok,,IW3,0,14752.217124830817,1083.448903411172,153,37,3.343493109908094,13.89961413256145,0.0,0.007648872702035967,affine_dtft,44.23327164324941,1,ambiguous_multiple_blobs,6,42.23671572732058,84.36285875586798,140.65721748345732,0.04467019481541039,74.05460409907685,2,9.924831460024402,False,,,
1,2400.0,433720.6106116076,4008246.5528554413,-75.73741225000643,36.21679425217847,ok,,IW3,0,14766.86849732034,1084.1758292439342,153,37,3.3434861427788545,13.89961264910468,0.0,0.1765401714947964,affine_dtft,44.23586540454562,1,ambiguous_multiple_blobs,3,130.89135496817394,75.56914608663374,124.17824001860234,0.05059811852896565,75.96375653207325,1,14.01492709792436,False,,,
1,2450.0,433767.396941929,4008264.189161604,-75.73689324377555,36.21695644750696,ok,,IW3,0,14781.51991525424,1084.9027352083913,153,37,3.343479172713497,13.899611167336355,0.0,0.3992498130386772,affine_dtft,44.238459173944705,1,identified,1,119.47650800044461,74.18780132329806,119.85013472883753,0.05242535038776029,69.44395478041629,2,12.967958162592105,True,,,
1,2500.0,433814.1832722504,4008281.8254677663,-75.73637423536829,36.21711864060465,touches_land_or_unmapped,,,,,,,,,,,,,,,,,,,,,,,,,,,
1,2550.0,433860.9696025718,4008299.4617739287,-75.73585522478459,36.21728083147149,touches_land_or_unmapped,,,,,,,,,,,,,,,,,,,,,,,,,,,
1,2600.0,433907.7559328932,4008317.098080091,-75.73533621202454,36.21744302010744,touches_land_or_unmapped,,,,,,,,,,,,,,,,,,,,,,,,,,,
1,2650.0,433954.5422632146,4008334.7343862536,-75.73481719708815,36.21760520651246,touches_land_or_unmapped,,,,,,,,,,,,,,,,,,,,,,,,,,,
1,2700.0,434001.328593536,4008352.370692416,-75.73429817997544,36.21776739068652,touches_land_or_unmapped,,,,,,,,,,,,,,,,,,,,,,,,,,,
1,2750.0,434048.1149238574,4008370.0069985786,-75.73377916068647,36.217929572629544,touches_land_or_unmapped,,,,,,,,,,,,,,,,,,,,,,,,,,,
1,2800.0,434094.90125417884,4008387.643304741,-75.73326013922126,36.218091752341536,touches_land_or_unmapped,,,,,,,,,,,,,,,,,,,,,,,,,,,
1,2850.0,434141.68758450024,4008405.2796109035,-75.73274111557984,36.218253929822424,touches_land_or_unmapped,,,,,,,,,,,,,,,,,,,,,,,,,,,
1,2900.0,434188.47391482163,4008422.915917066,-75.73222208976223,36.218416105072194,touches_land_or_unmapped,,,,,,,,,,,,,,,,,,,,,,,,,,,
1,2950.0,434235.260245143,4008440.5522232284,-75.73170306176848,36.21857827809078,touches_land_or_unmapped,,,,,,,,,,,,,,,,,,,,,,,,,,,
1,3000.0,434282.0465754644,4008458.188529391,-75.73118403159862,36.218740448878165,touches_land_or_unmapped,,,,,,,,,,,,,,,,,,,,,,,,,,,
2,250.0,431790.0226646765,4007272.53766389,-75.75880515574804,36.20787939003602,touches_land_or_unmapped,,,,,,,,,,,,,,,,,,,,,,,,,,,
2,300.0,431836.8155635468,4007290.15653489,-75.75828617929916,36.20804152046258,touches_land_or_unmapped,,,,,,,,,,,,,,,,,,,,,,,,,,,
2,350.0,431883.60846241703,4007307.77540589,-75.75776720067455,36.20820364865951,touches_land_or_unmapped,,,,,,,,,,,,,,,,,,,,,,,,,,,
2,400.0,431930.40136128734,4007325.39427689,-75.75724821987421,36.20836577462679,ok,92.5460834811657,IW3,0,14194.651362989545,1038.8421661149555,153,37,3.3438448853663254,13.899675681410757,0.0,0.007647973136586836,affine_dtft,44.13460892647794,1,identified,1,88.30799252843902,70.77419758870036,87.48622415019622,0.07181913916404283,70.01689347809987,2,25.185100170506022,True,6.744720315474157,7.790907049112348,5.8179101730703495
2,450.0,431977.19426015764,4007343.01314789,-75.75672923689818,36.20852789836435,ok,92.5460834811657,IW3,0,14209.301770946126,1039.56853311916,153,37,3.3438379147682906,13.899674171392991,0.0,0.007647991991589964,affine_dtft,44.13720251835538,1,identified,1,91.57690811753419,69.2121558711357,95.07601314665045,0.06608591482993778,68.19859051364803,1,11.415119152909652,True,6.744720315474157,7.790907049112348,5.8179101730703495
2,500.0,432023.9871590279,4007360.63201889,-75.75621025174651,36.208690019872165,ok,93.95244225399011,IW3,0,14223.952224329727,1040.2948802640751,153,37,3.3438309423529975,13.899672662244026,0.0,0.007648012303095142,affine_dtft,44.13979611833261,1,identified,1,96.90615887801388,65.89259298552078,95.07601314665045,0.06608591482993778,68.19859051364803,1,5.884472041598378,True,6.96684665109893,8.036532215557852,6.019528581121597
2,550.0,432070.7800578982,4007378.25088989,-75.75569126441921,36.20885213915019,ok,,IW3,0,14238.602723140142,1041.021207549352,153,37,3.343823972329319,13.899671151389024,0.0,0.007648031972862383,affine_dtft,44.14238972640958,1,ambiguous_multiple_blobs,5,78.63549711537915,151.4957436029536,103.97144730968249,0.06043183460229139,66.03751102542165,2,4.739220879635389,False,,,
2,600.0,432117.57295676845,4007395.86976089,-75.7551722749163,36.20901425619838,ok,131.35681803353808,IW3,0,14253.253267376465,1041.7475149747452,153,37,3.343816999994587,13.899669642763927,0.0,0.0076480318259215105,affine_dtft,44.144983342586144,1,identified,7,61.54576065323093,94.96236817724137,98.17151857246334,0.0640021199482799,57.52880770915142,5,5.582365995313118,True,14.75544158435258,16.71273745145872,13.072195799170213
2,650.0,432164.36585563875,4007413.48863189,-75.75465328323786,36.20917637101671,ok,,IW3,0,14267.903857037143,1042.4738025399724,153,37,3.343810030560495,13.899668134465168,0.0,0.007648051236287387,affine_dtft,44.147576966862005,1,ambiguous_multiple_blobs,7,60.642597247346174,93.88756359674237,217.22320318050748,0.028925019128635186,98.13010235415517,3,3.3200796371409935,False,,,
2,700.0,432211.15875450906,4007431.1075028903,-75.75413428938387,36.20933848360511,ok,167.9314803179879,IW3,0,14282.55449212142,1043.2000702446549,153,37,3.3438030590335197,13.899666626943363,0.0,0.007648071727890586,affine_dtft,44.15017059923706,1,identified,6,209.77925320455338,99.73994465322161,200.82292238150043,0.03128719188362128,101.30993247401946,4,3.2846204551670555,True,27.75872416631668,31.99314266820634,24.47245025767336
2,750.0,432257.9516533793,4007448.72637389,-75.75361529335439,36.20950059396357,ok,200.59524853159738,IW3,0,14297.205172628112,1043.9263180886853,153,37,3.3437960892421374,13.899665121743483,0.0,0.007648070505440132,affine_dtft,44.15276423971109,1,identified,2,180.75269916645527,92.22798542129513,204.79999999999995,0.03067961575771283,89.99999999999937,2,4.89677716839824,True,52.6014082367813,76.7329462979106,43.210516961190514
2,800.0,432304.7445522496,4007466.34524489,-75.75309629514945,36.209662702092054,ok,,IW3,0,14311.855898555788,1044.652546071758,153,37,3.3437891179411525,13.899663614837623,0.0,0.007648091615169604,affine_dtft,44.155357888283824,1,ambiguous_multiple_blobs,2,159.34541207962917,92.63334408486361,146.28571428571402,0.04295146206079803,89.99999999999956,2,13.126074295719073,False,,,
2,850.0,432351.5374511199,4007483.96411589,-75.75257729476905,36.209824807990486,ok,214.1073126194331,IW3,0,14326.506669904644,1045.3787541933486,153,37,3.3437821494681406,13.89966211155956,0.0,0.007648110210529115,affine_dtft,44.157951544955324,1,identified,2,140.6586177194693,91.99463356189672,196.16282321329172,0.0320304592086124,73.30075576600593,4,6.340998582282335,True,92.13623346947017,,58.47076508575698
2,900.0,432398.33034999017,4007501.5829868903,-75.75205829221326,36.209986911658845,ok,156.23564760533802,IW3,0,14341.157486672364,1046.1049424533878,153,37,3.3437751795582056,13.899660605747874,0.0,0.007648130425186243,affine_dtft,44.16054520972516,1,identified,3,256.85225765931216,38.690402977952985,241.35911464500757,0.026032517215771746,45.0,2,5.729408928728362,True,22.734966253201492,25.91018447362136,20.148922214692302
2,950.0,432445.1232488605,4007519.2018578905,-75.7515392874821,36.21014901309711,ok,,IW3,0,14355.808348858329,1046.8311108516177,153,37,3.3437682096203303,13.899659103361753,0.0,0.007648129322181023,affine_dtft,44.16313888259323,1,ambiguous_multiple_blobs,6,247.3072534189248,35.76671121780808,217.22320318050677,0.02892501912863528,45.0,3,9.06058755152169,False,,,
2,1000.0,432491.9161477307,4007536.82072889,-75.7510202805756,36.210311112305206,ok,104.35907410987627,IW3,0,14370.459256461223,1047.557259387601,153,37,3.3437612416986027,13.899657601771036,0.0,0.0076481497741433735,affine_dtft,44.1657325635593,1,identified,5,31.39719469744471,84.27073890642785,31.18500495771475,0.20148097830028439,84.17365797044413,3,18.477182842105083,True,8.752657444277682,10.01252099768418,7.641420795083481
2,1050.0,432538.709046601,4007554.4395998903,-75.75050127149379,36.21047320928312,ok,71.17219584618776,IW3,0,14385.110209480808,1048.2833880611524,153,37,3.3437542727306115,13.899656097904225,0.0,0.007648169535303275,affine_dtft,44.16832625262335,1,identified,6,31.77697782047924,83.56532605633545,31.810294136139987,0.19752050327762288,83.75808565258487,4,15.572350689386573,True,3.8763282826514946,4.613368101442398,3.2247841507961517
2,1100.0,432585.50194547133,4007572.0584708904,-75.7499822602367,36.2106353040308,ok,78.66007699500092,IW3,0,14399.761207914973,1049.0094968720382,153,37,3.3437473046089057,13.89965459784913,0.0,0.007648188396245669,affine_dtft,44.170919949784974,1,identified,7,119.41555980355275,81.51853974477824,113.08188270064278,0.05556314731523188,83.65980825408981,4,10.176622202181932,True,4.777468250202559,5.61388140083006,4.036306325285615
2,1150.0,432632.2948443416,4007589.6773418905,-75.74946324680437,36.210797396548216,ok,93.53283829914471,IW3,0,14414.412251763451,1049.735585819895,153,37,3.3437403363185854,13.899653099031113,0.0,0.007648187920937362,affine_dtft,44.17351365504414,1,identified,2,115.28019662672386,78.37453365675186,108.61160159025353,0.05785003825727048,81.86989764584371,3,9.208923659702538,True,6.900111458580766,7.962736436196242,5.9589493408614524
2,1200.0,432679.0877432119,4007607.29621289,-75.74894423119682,36.21095948683531,ok,109.78715601204526,IW3,0,14429.063341024957,1050.461654904418,153,37,3.3437333694729707,13.899651598782945,0.0,0.00764820837244542,affine_dtft,44.17610736840062,1,identified,5,111.70986448408568,75.18129179223823,108.61160159025353,0.05785003825727048,81.86989764584371,3,7.28512521093119,True,9.79000176271561,11.162542249690468,8.583323223861992
2,1250.0,432725.8806420822,4007624.9150838903,-75.7484252134141,36.21112157489205,ok,111.14080641768423,IW3,0,14443.714475697741,1051.1877041253767,153,37,3.343726400882991,13.899650100121196,0.0,0.007648227760588998,affine_dtft,44.17870108985411,1,identified,5,31.575841716381262,79.4485108488809,105.54881147843373,0.05952871680097884,76.37300514010825,7,8.476513843270558,True,10.060782857004122,11.46312601212513,8.829063311438023
2,1300.0,432772.67354095244,4007642.5339548904,-75.7479061934562,36.21128366071841,ok,112.31582218923134,IW3,0,14458.365655782338,1051.9137334825364,153,37,3.3437194333892237,13.899648602880298,0.0,0.007648228356526996,affine_dtft,44.181294819404705,1,identified,6,99.78078771030852,100.5305183408779,113.08188270064278,0.05556314731523188,83.65980825408981,4,5.710804747494221,True,10.299875562760059,11.728686644305526,9.045987245346009
2,1350.0,432819.46643982275,4007660.1528258906,-75.7473871713232,36.211445744314325,ok,116.01755476904532,IW3,0,14473.016881276208,1052.639742975484,153,37,3.3437124651707157,13.89964710523023,0.0,0.00764824808104093,affine_dtft,44.18388855705194,1,identified,2,115.32675488537139,66.9163520061268,119.85013472883753,0.05242535038776029,69.44395478041629,2,8.392115765056458,True,11.078368392045336,12.594447919684688,9.751850029703755
2,1400.0,432866.259338693,4007677.7716968902,-75.7468681470151,36.21160782567977,ok,122.38459578087597,IW3,0,14487.668152178856,1053.3657326040402,153,37,3.343705500420868,13.899645607419211,0.0,0.007648267461313648,affine_dtft,44.186482302795746,1,identified,1,121.3836824100184,65.93906057401757,114.4866804479891,0.05488136508625573,63.434948822921854,1,14.006024585294131,True,12.511918675804825,14.19373149264561,11.049386412677986
2,1450.0,432913.0522375633,4007695.3905678904,-75.74634912053195,36.21176990481469,ok,127.2450225482648,IW3,0,14502.319468489257,1054.0917023677039,153,37,3.343698534540245,13.8996441121419,0.0,0.007648285702100442,affine_dtft,44.18907605663593,1,identified,1,128.0944107749937,64.69843238344608,127.12026448932349,0.04942709435368816,65.55604521958325,3,14.92349034429321,True,13.692870197077557,15.516980408412431,12.115510379745224
2,1500.0,432959.8451364336,4007713.0094388905,-75.74583009187377,36.211931981719076,ok,128.67730924636714,IW3,0,14516.970830206097,1054.8176522666743,153,37,3.343691565983746,13.899642618359337,0.0,0.007648286630095519,affine_dtft,44.19166981857227,1,identified,1,136.52071993966382,62.743930330823126,137.38401653758697,0.0457344709052131,63.43494882292177,3,24.162446096245834,True,14.056160695751881,15.925226678145068,12.442890146192244
2,1550.0,433006.63803530385,4007730.6283098906,-75.74531106104058,36.21209405639286,ok,131.18228680063916,IW3,0,14531.622237329022,1055.5435823001865,153,37,3.3436845998188147,13.899641123707392,0.0,0.007648306221184,affine_dtft,44.1942635886047,1,identified,1,138.49662129759034,61.46840036219383,137.38401653758697,0.0457344709052131,63.43494882292177,3,22.683357324608497,True,14.709096269362911,16.660473111028132,13.030524181221931
2,1600.0,433053.43093417416,4007748.2471808903,-75.74479202803245,36.21225612883601,ok,131.16054754664432,IW3,0,14546.27368985606,1056.2694924682285,153,37,3.343677635010574,13.899639630099626,0.0,0.007648326253838567,affine_dtft,44.19685736673287,1,identified,1,133.89996848025564,59.732253194515806,127.01156821934926,0.04946939397148858,60.255118703057654,2,24.227634972486968,True,14.703331486530367,16.65397280031097,13.025340382333887
2,1650.0,433100.22383304447,4007765.8660518904,-75.74427299284939,36.212418199048486,ok,112.81205889283149,IW3,0,14560.925187786173,1056.9953827703573,153,37,3.343670666741293,13.899638136340165,0.0,0.007648325591422805,affine_dtft,44.199451152956605,1,identified,2,127.72296879117877,58.586911808697785,127.01156821934926,0.04946939397148858,60.255118703057654,2,14.36904457236537,True,10.401994063579817,11.84215553557297,9.138619143376932
2,1700.0,433147.0167319147,4007783.4849228906,-75.74375395549141,36.212580267030255,ok,93.06097258094235,IW3,0,14575.576731119463,1057.7212532064586,153,37,3.3436637027564435,13.899636644921273,0.0,0.0076483462206100245,affine_dtft,44.20204494727591,1,identified,3,124.89283322892163,60.63913569170918,127.01156821934926,0.04946939397148858,60.255118703057654,2,11.815771350371019,True,6.8255336767740316,7.88026912679436,5.891256308016127
2,1750.0,433193.809630785,4007801.1037938907,-75.74323491595858,36.21274233278126,ok,75.23864700949596,IW3,0,14590.22831985344,1058.4471037761255,153,37,3.3436567353105717,13.899635154463546,0.0,0.007648365035277566,affine_dtft,44.20463874969034,1,identified,5,123.75790202206964,60.918607567825234,45.64157326852278,0.13766364428793376,78.69006752597967,5,15.804152365322592,True,4.352454557898815,5.142439278342655,3.6530255271885945
2,1800.0,433240.60252965527,4007818.722664891,-75.7427158742509,36.212904396301475,ok,57.41632143804958,IW3,0,14604.879953988331,1059.1729344790597,153,37,3.3436497724256626,13.899633664047386,0.0,0.007648384308374722,affine_dtft,44.20723256019997,1,identified,6,38.25597440623107,85.08491819346965,38.62858497814119,0.1626563673180123,84.8055710922651,5,14.23302099100442,True,2.488392839685113,3.061413858858091,1.9872472233388156
2,1850.0,433287.3954285256,4007836.3415358905,-75.74219683036841,36.213066457590855,ok,39.77069325786862,IW3,0,14619.531633522483,1059.898745314981,153,37,3.3436428090191472,13.899632175043024,0.0,0.007648385170749782,affine_dtft,44.20982637880448,1,identified,4,37.87321699722112,87.01473757140444,37.89994036211734,0.16578351435771405,87.87890360333844,4,19.811235995358384,True,1.1786951858583936,1.5666856095737611,0.8511357828309405
2,1900.0,433334.1883273959,4007853.9604068906,-75.74167778431116,36.21322851664936,ok,38.30297325520509,IW3,0,14634.183358454464,1060.6245362837078,153,37,3.3436358430983533,13.899630684691644,0.0,0.007648403816963463,affine_dtft,44.21242020550362,1,identified,3,37.39679795026693,87.20867738558202,37.89994036211734,0.16578351435771405,87.87890360333844,4,29.652471740251013,True,1.0923815384359168,1.4659343482763354,0.7785498131946337
2,1950.0,433380.9812262661,4007871.5792778907,-75.74115873607916,36.21339057347694,ok,35.32509805432481,IW3,0,14648.835128784183,1061.3503073848415,153,37,3.343628880078604,13.899629197434843,0.0,0.007648424564658232,affine_dtft,44.21501404029736,1,identified,6,37.0170164371564,87.29295686827454,38.78342731844446,0.16200696384023427,89.13194855025434,5,27.86758445007251,True,0.9276377793798111,1.2722603092133227,0.6413958411575532
2,2000.0,433427.77412513644,4007889.198148891,-75.74063968567245,36.21355262807357,ok,,IW3,0,14663.486944509308,1062.0760586181425,153,37,3.3436219150081987,13.899627709732243,0.0,0.007648443922819135,affine_dtft,44.21760788318532,1,ambiguous_multiple_blobs,3,21.144884844708045,82.37877444869352,27.202889132126945,0.2309749261066196,73.00917670801377,2,13.430954494437492,False,,,
2,2050.0,433474.56702400674,4007906.8170198905,-75.74012063309107,36.21371468043922,ok,29.35331874125938,IW3,0,14678.138805629182,1062.80178998345,153,37,3.343614951282879,13.899626221988838,0.0,0.007648443800836368,affine_dtft,44.220201734167375,1,identified,4,26.705198288255268,73.8378675285371,26.717084174620098,0.23517481421675124,74.87599269168938,4,14.997483525273735,True,0.6387105240112784,0.9266332568052422,0.4068628215134877
2,2100.0,433521.359922877,4007924.4358908907,-75.73960157833503,36.21387673057381,ok,26.209949215531022,IW3,0,14692.79071214404,1063.5275014802553,153,37,3.343607988783942,13.899624734562817,0.0,0.0076484632396936845,affine_dtft,44.222795593243546,1,identified,2,26.093632852318187,75.17119332842417,26.169570957925814,0.2400950828456986,76.20051460398057,6,13.917882111156544,True,0.5085953109499928,0.7672922436496885,0.30495372462673664
2,2150.0,433568.1528217473,4007942.054761891,-75.73908252140437,36.214038778477345,ok,26.209949215531022,IW3,0,14707.442664050877,1064.2531931085398,153,37,3.3436010245561505,13.899623251758085,0.0,0.007648483870929145,affine_dtft,44.225389460413325,1,identified,3,25.600568174062882,74.32718569408355,25.74319251404715,0.2440717212424634,75.43972438064307,4,15.920711151244214,True,0.5085953109499928,0.7672922436496885,0.30495372462673664
2,2200.0,433614.94572061754,4007959.673632891,-75.73856346229913,36.214200824149756,ok,,IW3,0,14722.094661350402,1064.9788648677177,153,37,3.343594061612234,13.899621766245428,0.0,0.007648482216336548,affine_dtft,44.22798333567683,1,ambiguous_multiple_blobs,5,25.705229122808586,73.706467932113,101.89180827750278,0.06166526449375895,174.28940686250007,4,4.861182526076305,False,,,
2,2250.0,433661.73861948785,4007977.2925038906,-75.73804440101934,36.214362867591,ok,,IW3,0,14736.746704040143,1065.7045167576496,153,37,3.343587098905772,13.899620283239173,0.0,0.007648502477001987,affine_dtft,44.23057721903362,1,ambiguous_multiple_blobs,5,103.54557191827341,8.004947116824722,101.89180827750278,0.06166526449375895,5.7105931374998935,2,6.420198749690565,False,,,
2,2300.0,433708.53151835816,4007994.9113748907,-75.737525337565,36.214524908801074,ok,,IW3,0,14751.398792120192,1066.4301487782802,153,37,3.343580136348647,13.899618801010137,0.0,0.007648521249673348,affine_dtft,44.23317111048372,1,ambiguous_multiple_blobs,2,97.5387867259647,9.899960556305393,100.4114611907501,0.06257438376724263,11.309932474020453,1,13.983111267540286,False,,,
2,2350.0,433755.3244172284,4008012.530245891,-75.7370062719362,36.214686947779896,ok,95.39658552781096,IW3,0,14766.05092558844,1067.1557609289484,153,37,3.3435731742895882,13.899617317912433,0.0,0.1765442673816083,affine_dtft,44.23576501002675,1,identified,2,95.3914312704344,10.208075843137964,91.58934435839126,0.06860170635781969,10.304846468766252,2,13.895836122327017,True,7.199554014858603,8.293869801105771,6.23080143865644
2,2400.0,433802.1173160987,4008030.149116891,-75.73648720413293,36.21484898452743,ok,95.50070102944753,IW3,0,14780.703104444368,1067.8813532094382,153,37,3.343566212031125,13.899615836502349,0.0,0.38803998029628717,affine_dtft,44.23835891766263,1,identified,4,96.08461833695395,9.11680967859617,92.70860394753886,0.06777348638250513,5.194428907735036,4,9.810662632254818,True,7.216513481479468,8.31262510818131,6.246200494236274
2,2450.0,433848.910214969,4008047.7679878906,-75.73596813415523,36.21501101904366,ok,104.1421733257213,IW3,0,14795.355328687154,1068.6069256196702,153,37,3.3435592503588767,13.899614355952858,0.0,0.5083417068900373,affine_dtft,44.24095283339119,1,identified,5,122.13773809818795,69.41129690045221,101.89180827750278,0.06166526449375895,174.28940686250007,4,7.657930671678937,True,8.71277319378107,9.968345798867057,7.605195430917621
2,2500.0,433895.70311383926,4008065.3868588908,-75.73544906200314,36.21517305132852,ok,96.05152840415217,IW3,0,14810.007598315324,1069.332478159186,153,37,3.3435522911931197,13.899612877182546,0.0,0.5391795194863814,affine_dtft,44.243546757212194,1,identified,6,119.80482406956276,69.08796813208122,95.81304753435724,0.06557755408966115,176.42366562500237,3,9.671660760402963,True,7.306649423386289,8.41230794771201,6.328046619747181
2,2550.0,433942.49601270957,4008083.005729891,-75.73492998767668,36.215335081382,ok,86.79437667433353,IW3,0,14824.65991332798,1070.0580108278486,153,37,3.3435453283209298,13.899611395355635,0.0,0.5059582494733312,affine_dtft,44.24614068912548,1,identified,4,125.03717304111795,68.04958454694606,138.7080625108164,0.04529790982185788,61.699244233993426,4,8.655015659899,True,5.881152959144586,6.835859496588305,5.034726328686157
2,2600.0,433989.2889115798,4008100.624600891,-75.73441091117589,36.21549710920404,ok,74.33645700778324,IW3,0,14839.366726730601,1070.7834905303055,154,37,3.318823652236319,13.8996099199709,0.0,0.5043610472725752,affine_dtft,44.2487283107601,1,identified,8,54.1147441244069,89.62187484114502,51.13611975054559,0.12287176535549607,87.13759477388813,4,10.845237703414368,True,4.244128807637894,5.022165139865125,3.5554786363725475
2,2650.0,434036.0818104501,4008118.243471891,-75.73389183250079,36.2156591347946,ok,63.478825436185915,IW3,0,14854.128245977328,1071.5089171402365,154,37,3.3188167451611688,13.899608442420494,0.0,0.5488323022872574,affine_dtft,44.25130959804411,1,identified,4,33.69542753558203,96.84695997712336,46.42284529844562,0.13534683767842998,85.84035770628724,5,11.796760665723893,True,3.0587650047880017,3.7014817821209918,2.493324807304517
2,2700.0,434082.87470932043,4008135.862342891,-75.73337275165142,36.215821158153645,ok,43.6258141835212,IW3,0,14868.889810943374,1072.2343238781439,154,37,3.3188098337655725,13.899606964820416,0.0,0.528736150067732,affine_dtft,44.25389089338063,1,identified,2,39.87620600991993,86.80332637701265,39.602209944751344,0.15865744148988647,83.97442499163321,14,15.123529687315402,True,1.4216508080053563,1.8481723957598364,1.0575870791794968
2,2750.0,434129.6676081907,4008153.481213891,-75.73285366862781,36.21598317928112,ok,41.22464530085845,IW3,0,14883.651421627563,1072.9597107436705,154,37,3.318802927512694,13.89960549012167,0.0,0.4238969705691383,affine_dtft,44.25647219676946,1,identified,4,38.448022519027525,86.6321297801412,41.52488967637059,0.1513113064513446,76.71513351509772,6,16.524354624149666,True,1.2675521051832852,1.6699679126754243,0.9263036960762762
2,2800.0,434176.460507061,4008171.100084891,-75.73233458343,36.21614519817701,ok,39.92509530146165,IW3,0,14898.413078028394,1073.6850777368338,154,37,3.3187960164141534,13.899604013240065,0.0,0.23178840601136028,affine_dtft,44.25905350821033,1,identified,4,38.17974819966425,85.60913085831662,39.443006247492846,0.15929783008309542,74.35775354279119,4,21.67960053234404,True,1.187972643655619,1.5774890559302248,0.8589638738138429
2,2850.0,434223.2534059313,4008188.718955891,-75.731815496058,36.21630721484125,ok,42.06576993058385,IW3,0,14913.174780146177,1074.4104248570059,154,37,3.3187891092203223,13.899602538615834,0.0,0.007740236640397129,affine_dtft,44.26163482770332,1,identified,3,38.08904552181526,85.04001568513358,39.13027533723183,0.16057094546434833,79.3034892642218,7,24.08798116845521,True,1.3204872182998733,1.7313062970677906,0.9712769038930502
2,2900.0,434270.04630480154,4008206.337826891,-75.73129640651187,36.21646922927382,ok,,IW3,0,14927.9365279787,1075.135752104141,154,37,3.3187822023935594,13.899601064309099,0.0,0.007740255958629712,affine_dtft,44.264216155248015,1,ambiguous_multiple_blobs,3,38.79529062619868,85.17984292928679,49.08575928623167,0.1280042398965598,85.60129464500433,5,27.874596056753756,False,,,
2,2950.0,434316.83920367184,4008223.956697891,-75.73077731479162,36.21663124147467,ok,44.90611623012492,IW3,0,14942.698321525113,1075.8610594778577,154,37,3.31877529469585,13.899599592132741,0.0,0.007740254910873195,affine_dtft,44.26679749084429,1,identified,2,47.454472220518646,85.28008627229887,48.16490846124011,0.13045151559326376,85.68397248013426,5,32.359340757798414,True,1.5075847290772968,1.9471105385750462,1.1312438675855294
2,3000.0,434363.6321025421,4008241.575568891,-75.7302582208973,36.21679325144376,ok,,IW3,0,14957.460160784078,1076.5863469779233,154,37,3.3187683860697073,13.899598119464173,0.0,0.007740276285049679,affine_dtft,44.26937883449189,1,identified,1,47.11600580212829,84.04824097606713,47.423164891902836,0.13249190182691487,84.68545433005512,4,36.85302510793354,True,,,
3,250.0,431871.40733224276,4007056.5060256175,-75.75788108200665,36.20593763571205,touches_land_or_unmapped,,,,,,,,,,,,,,,,,,,,,,,,,,,
3,300.0,431918.1934941202,4007074.1427786285,-75.75736219281941,36.20609992278325,touches_land_or_unmapped,,,,,,,,,,,,,,,,,,,,,,,,,,,
3,350.0,431964.97965599765,4007091.77953164,-75.75684330145496,36.20626220762562,touches_land_or_unmapped,,,,,,,,,,,,,,,,,,,,,,,,,,,
3,400.0,432011.7658178751,4007109.416284651,-75.75632440791328,36.206424490239094,ok,83.61690751287705,IW3,0,14208.475146828852,1022.5803560808132,153,37,3.3439247614445873,13.899678810570522,0.0,0.007647643493288926,affine_dtft,44.13710043681826,1,identified,1,80.9158003858167,64.69282193156988,81.75303097533674,0.07685568635461476,64.7988763545248,3,16.13669517831044,True,5.434047380042898,6.341120688297408,4.629826045763427
3,450.0,432058.55197975255,4007127.053037662,-75.75580551219444,36.206586770623666,ok,85.98540790738502,IW3,0,14223.12410227155,1023.3080487617923,153,37,3.3439177866873497,13.899677301869701,0.0,0.0076476615714977155,affine_dtft,44.13969376790412,1,identified,1,80.3415190025136,64.81215709859084,81.75303097533674,0.07685568635461476,64.7988763545248,3,14.827620407367448,True,5.765337895543189,6.707732501915237,4.929797005459912
3,500.0,432105.33814163,4007144.6897906736,-75.75528661429844,36.20674904877926,ok,87.40650814408981,IW3,0,14237.773103186153,1024.0357215878457,153,37,3.3439108102176394,13.899675793467335,0.0,0.007647681441472337,affine_dtft,44.14228710709771,1,identified,2,80.92048194950885,64.60834202958748,87.34466058795765,0.07193553979012038,75.17352002964414,6,9.508927452178165,True,5.969698832192091,6.933808311258015,5.11496931487508
3,550.0,432152.1243035074,4007162.3265436846,-75.75476771422535,36.20691132470586,ok,88.81987743627808,IW3,0,14252.422149570177,1024.7633745591124,153,37,3.3439038333866136,13.89967428548306,0.0,0.007647680244016549,affine_dtft,44.14488045439856,1,identified,2,95.1456209442715,90.911460223316,93.09090909090897,0.0674951546669683,89.99999999999972,2,12.065643494146718,True,6.177167909075261,7.163280910363287,5.303045584871211
3,600.0,432198.91046538483,4007179.9632966956,-75.75424881197516,36.20707359840339,ok,92.46407392306395,IW3,0,14267.071241424686,1025.4910076748658,153,37,3.343896855264162,13.89967277697885,0.0,0.007647700793673934,affine_dtft,44.147473809806904,1,identified,3,94.39484608820801,91.28451512412839,93.09090909090897,0.0674951546669683,89.99999999999972,2,11.283140464247795,True,6.731902845378065,7.776733711359478,5.806277734172104
3,650.0,432245.6966272623,4007197.600049707,-75.75372990754792,36.20723586987188,ok,,IW3,0,14281.720378747576,1026.2186209353051,153,37,3.3438898800998342,13.899671271173384,0.0,0.0076477216247815855,affine_dtft,44.150067173322334,1,ambiguous_multiple_blobs,10,92.84883255483128,90.34256793652196,95.81304753435724,0.06557755408966115,93.57633437499702,3,8.274332784285084,False,,,
3,700.0,432292.4827891397,4007215.236802718,-75.75321100094366,36.207398139111206,ok,89.27472952145581,IW3,0,14296.369561537176,1026.9462143396859,153,37,3.3438829028425996,13.899669765050358,0.0,0.007647720369395894,affine_dtft,44.15266054494458,1,identified,7,253.85337642598665,92.43572040459176,96.32981692248022,0.06522575779663188,48.81407483429031,2,6.85187437309277,True,6.244839834390126,7.238122897321603,5.364409185049745
3,750.0,432339.2689510172,4007232.873555729,-75.75269209216242,36.20756040612139,ok,87.95382114696967,IW3,0,14311.018789793718,1027.6737878880172,153,37,3.3438759267390994,13.899668259235092,0.0,0.007647741161650575,affine_dtft,44.15525392467367,1,identified,4,86.83978874872977,53.10971672646746,86.27035488794566,0.07283133719967483,51.8427734126309,3,8.815093151247789,True,6.049536902343695,7.022118041616678,5.187334840185916
3,800.0,432386.0551128946,4007250.5103087407,-75.75217318120421,36.20772267090238,ok,89.41479215047812,IW3,0,14325.668063515377,1028.4013415800605,153,37,3.343868950872883,13.899666754095488,0.0,0.007647760551530725,affine_dtft,44.15784731250929,1,identified,1,82.42641426212852,57.47177564495475,81.4078371844884,0.07718157765253585,57.99461679191644,3,13.41346104408299,True,6.265767241279842,7.261267054071891,5.383387354768142
3,850.0,432432.8412747721,4007268.1470617517,-75.75165426806909,36.20788493345411,ok,90.95503814260455,IW3,0,14340.317382701362,1029.1288754152902,153,37,3.343861975446924,13.899665251562714,0.0,0.0076477808248890285,affine_dtft,44.1604407084513,1,identified,1,87.09504632350635,59.84072583205608,87.80727559296442,0.07155654545422462,59.0362434679264,1,13.608485774266185,True,6.498691056542643,7.518849075092652,5.594663319123237
3,900.0,432479.62743664946,4007285.783814763,-75.75113535275707,36.20804719377656,ok,95.40972374754566,IW3,0,14354.966747349832,1029.8563893935504,153,37,3.343854999936831,13.899663748252518,0.0,0.007647778965856293,affine_dtft,44.16303411249936,1,identified,3,94.556964361405,61.29150448903411,95.25867616451193,0.06595919196198478,60.255118703057654,3,7.829532853624288,True,7.201692751783902,8.296235001886274,6.232743382367676
3,950.0,432526.4135985269,4007303.420567774,-75.75061643526819,36.208209451869685,ok,100.83691289317821,IW3,0,14369.616157460789,1030.5838835145923,153,37,3.343848026250334,13.899662245985962,0.0,0.007647798358850934,affine_dtft,44.16562752465348,1,identified,3,103.80989913392999,60.17434255874346,104.03104688311235,0.06039721309581047,61.69924423399351,3,9.531328445791969,True,8.11937865417011,9.311401516945658,7.066201343165272
3,1000.0,432573.19976040436,4007321.0573207852,-75.75009751560248,36.20837170773344,ok,104.09432221823165,IW3,0,14384.26561303281,1031.3113577780314,153,37,3.343841050179964,13.899660745590609,0.0,0.007647818616079091,affine_dtft,44.16822094491341,1,identified,2,109.8712440709538,59.23167109683843,108.54378291265117,0.0578861832394019,57.99461679191643,2,12.277847638929252,True,8.703990063996258,9.958618095797615,7.597217979136916
3,1050.0,432619.9859222818,4007338.6940737967,-75.74957859375996,36.2085339613678,ok,107.03953756947156,IW3,0,14398.915114064388,1032.0388121836404,153,37,3.343834076937605,13.899659244611039,0.0,0.007647838713976172,affine_dtft,44.17081437327889,1,identified,2,110.36629368865621,59.159110903687896,108.54378291265117,0.0578861832394019,57.99461679191643,2,11.29440161585359,True,9.255377222343135,10.569572475422266,8.097966805373895
3,1100.0,432666.77208415925,4007356.3308268078,-75.74905966974067,36.208696212772715,ok,,IW3,0,14413.56466055557,1032.7662467312268,153,37,3.3438271014568497,13.899657743185244,0.0,0.007647838514558172,affine_dtft,44.17340780974992,1,ambiguous_multiple_blobs,3,110.86240993511734,58.76842168513863,108.54378291265117,0.0578861832394019,57.99461679191643,2,12.031751901129471,False,,,
3,1150.0,432713.5582460367,4007373.967579819,-75.74854074354465,36.208858461948125,ok,,IW3,0,14428.214252504396,1033.4936614201933,153,37,3.3438201272752646,13.89965624364908,0.0,0.007647858300878302,affine_dtft,44.17600125432615,1,ambiguous_multiple_blobs,3,71.59851245581086,90.61614537905223,68.26666666666658,0.09203884727313859,89.9999999999998,2,17.436735144494833,False,,,
3,1200.0,432760.34440791415,4007391.6043328303,-75.74802181517194,36.209020708894045,ok,,IW3,0,14442.86388990971,1034.2210562508212,153,37,3.3438131538402764,13.89965474626917,0.0,0.007647878540292016,affine_dtft,44.178594707007385,1,ambiguous_multiple_blobs,3,72.65244356951406,90.07371931063877,68.26666666666658,0.09203884727313859,89.9999999999998,2,19.528573117165095,False,,,
3,1250.0,432807.13056979154,4007409.2410858413,-75.74750288462253,36.20918295361037,ok,,IW3,0,14457.513572771102,1034.9484312222535,153,37,3.343806181034412,13.899653247716653,0.0,0.007647877485850823,affine_dtft,44.18118816779355,1,identified,4,56.601940359062546,96.03936430178732,30.804830084924735,0.20396753657974082,83.08877288097524,2,10.570957628370909,True,,,
3,1300.0,432853.916731669,4007426.8778388523,-75.7469839518965,36.209345196097104,ok,,IW3,0,14472.163301086714,1035.6757863345108,153,37,3.343799204781774,13.899651752617238,0.0,0.007647897004379815,affine_dtft,44.183781636684316,1,ambiguous_multiple_blobs,2,55.122389788442945,96.99858740588472,56.54094135032137,0.1111262946304638,96.34019174590972,1,12.977359844590696,False,,,
3,1350.0,432900.70289354643,4007444.514591864,-75.74646501699384,36.20950743635419,ok,43.028727651785516,IW3,0,14486.813074856655,1036.4031215871914,153,37,3.3437922338914654,13.899650255627616,0.0,0.007647916553515392,affine_dtft,44.1863751136797,1,identified,2,54.558713667369226,97.49056118074716,54.305800795126785,0.11570007651454092,98.13010235415578,3,13.7439861471153,True,1.3824726762612047,1.8029660907059653,1.0241074114760604
3,1400.0,432947.4890554239,4007462.151344875,-75.7459460799146,36.20966967438159,ok,,IW3,0,14501.462894078877,1037.1304369801405,153,37,3.343785261168764,13.899648760132518,0.0,0.007647937346154491,affine_dtft,44.18896859877936,1,ambiguous_multiple_blobs,5,54.027539830997085,97.70878035221081,53.23522507878765,0.11802683839282221,98.97262661489621,4,12.262612781015383,False,,,
3,1450.0,432994.2752173013,4007479.7880978864,-75.74542714065883,36.20983191017925,ok,54.38588740480262,IW3,0,14516.112758752277,1037.8577325128779,153,37,3.3437782895421995,13.899647264218906,0.0,0.0076479370591037215,affine_dtft,44.19156209198307,1,identified,5,53.25643603786635,95.90866856019484,43.97555207530502,0.14287905462608125,76.75948008481268,3,9.370901303728981,True,2.226920369140672,2.766427382964136,1.7568998978987216
3,1500.0,433041.0613791788,4007497.4248508974,-75.74490819922653,36.20999414374715,ok,54.41258294136122,IW3,0,14530.762668876716,1038.5850081853062,153,37,3.343771315998813,13.899645772125995,0.0,0.00764795719979588,affine_dtft,44.19415559329083,1,identified,8,51.68545452718568,96.16371236501583,29.45145557173899,0.21334039982759975,85.6012946450044,3,10.812030919836166,True,2.2291560312946497,2.7689547136513477,1.7588640901889498
3,1550.0,433087.8475410562,4007515.0616039084,-75.74438925561773,36.21015637508525,ok,54.41258294136122,IW3,0,14545.412624450622,1039.312263997076,153,37,3.343764344087888,13.899644277840057,0.0,0.007647976147702716,affine_dtft,44.19674910270235,1,identified,9,29.877466694666378,84.311795247153,89.81074117703967,0.06996028787685696,74.74488129694203,6,4.546457932593606,True,2.2291560312946497,2.7689547136513477,1.7588640901889498
3,1600.0,433134.6337029336,4007532.69835692,-75.74387030983249,36.2103186041935,ok,,IW3,0,14560.062625472892,1040.03949994793,153,37,3.343757371337264,13.899642786749386,0.0,0.0076479970246674175,affine_dtft,44.199342620217436,1,ambiguous_multiple_blobs,10,86.84065068259467,147.83768793314078,50.556960354135256,0.12427933291811638,80.90972307917754,5,4.877202088380213,False,,,
3,1650.0,433181.41986481106,4007550.335109931,-75.74335136187084,36.21048083107186,ok,,IW3,0,14574.712671942229,1040.766716037505,153,37,3.3437504010356602,13.899641293667566,0.0,0.007647994624046274,affine_dtft,44.20193614583586,1,ambiguous_multiple_blobs,14,90.88025216056324,149.86986491381575,106.50243767524384,0.05899569478718226,146.30993247401975,3,6.389176806535594,False,,,
3,1700.0,433228.2060266885,4007567.971862942,-75.74283241173278,36.2106430557203,ok,,IW3,0,14589.362763858095,1041.49391226554,153,37,3.343743430519471,13.899639802071253,0.0,0.007648015554050844,affine_dtft,44.20452967955753,1,ambiguous_multiple_blobs,9,98.59333543186612,25.882633883984532,103.97144730968249,0.06043183460229139,23.962488974578356,2,6.887983367401784,False,,,
3,1750.0,433274.99218856596,4007585.6086159535,-75.74231345941836,36.21080527813877,ok,,IW3,0,14604.012901219034,1042.2210886319122,153,37,3.3437364594394143,13.899638312824543,0.0,0.007648035619594046,affine_dtft,44.20712322138219,1,identified,5,97.55985105412721,25.767379791126615,28.71655159567405,0.21880013295628797,69.19320898728874,3,15.782031862592131,True,,,
3,1800.0,433321.7783504434,4007603.2453689645,-75.74179450492761,36.21096749832723,ok,,IW3,0,14618.663084024423,1042.94824513613,153,37,3.3437294877074537,13.899636824529631,0.0,0.007648035793471158,affine_dtft,44.20971677130973,1,ambiguous_multiple_blobs,5,95.3154527942752,26.227831818802215,36.00192276145302,0.17452360388670532,79.87532834460211,4,14.428188032912535,False,,,
3,1850.0,433368.56451232085,4007620.8821219755,-75.74127554826057,36.21112971628565,ok,48.611399429069934,IW3,0,14633.313312272248,1043.6753817780393,153,37,3.343722517347447,13.899635334988373,0.0,0.0076480546849301756,affine_dtft,44.21231032933979,1,identified,3,92.87178264799343,25.32288599900952,91.58934435839129,0.06860170635781966,26.565051177078093,2,11.838074968231908,True,1.7711994513101896,2.248994299857991,1.3588537985404179
3,1900.0,433415.3506741983,4007638.518874987,-75.74075658941726,36.211291932013964,ok,,IW3,0,14647.963585962929,1044.4024985571502,153,37,3.3437155465697326,13.899633845506925,0.0,0.007648074436954233,affine_dtft,44.214903895472446,1,ambiguous_multiple_blobs,4,91.47400747436826,23.549276806084837,142.0032502336585,0.04424677109038668,123.69006752597919,1,4.590032227520415,False,,,
3,1950.0,433462.1368360757,4007656.155627998,-75.74023762839771,36.211454145512164,ok,47.51709418631619,IW3,0,14662.61390509449,1045.1295954734533,153,37,3.3437085757952545,13.89963236089544,0.0,0.007648094908333878,affine_dtft,44.217497469707354,1,identified,8,24.692786460944895,84.76352542981861,25.528302333144453,0.24612624941462974,85.7108466711809,4,15.744396229207869,True,1.6910249363958376,2.157415969329539,1.2893890258080267
3,2000.0,433508.92299795314,4007673.7923810096,-75.73971866520196,36.21161635678019,ok,,IW3,0,14677.264269665868,1045.856672526574,153,37,3.3437016080525717,13.899630872774596,0.0,0.007648093334505672,affine_dtft,44.220091052044324,1,ambiguous_multiple_blobs,9,25.40106454152192,75.64618668257762,152.64890726398542,0.04116102381469181,116.56505117707741,2,5.353812321533143,False,,,
3,2050.0,433555.7091598306,4007691.4291340206,-75.73919969983005,36.211778565817994,ok,26.185441131178337,IW3,0,14691.914679675645,1046.5837297160526,153,37,3.343694636484391,13.899629388530942,0.0,0.00764811318948241,affine_dtft,44.22268464248309,1,identified,4,25.339242015377856,75.83424274149768,25.433635867412843,0.24704235524697413,75.61860540890935,2,23.708380188729564,True,0.5076398973588417,0.7661104724676299,0.30421722358526354
3,2100.0,433602.49532170803,4007709.0658870316,-75.73868073228199,36.21194077262557,ok,36.83223224197833,IW3,0,14706.56513512372,1047.310767041844,153,37,3.3436876681816616,13.899627904245476,0.0,0.0076481331709983055,affine_dtft,44.225278241023666,1,identified,4,25.311290085206643,76.15185393014801,25.433635867412843,0.24704235524697413,75.61860540890935,2,31.139671830948796,True,1.009284146580459,1.368489688837275,0.7091211657869434
3,2150.0,433649.2814835855,4007726.702640043,-75.73816176255782,36.212102977202846,ok,43.08887914885155,IW3,0,14721.215636008412,1048.0377845036562,153,37,3.343680699096801,13.899626418530495,0.0,0.007648153178039825,affine_dtft,44.227871847665725,1,identified,4,25.33161303393353,76.58831616287247,28.34619045674321,0.2216588968725035,85.23635830927374,2,21.102229796232766,True,1.3863937248568137,1.8074933929448096,1.027455154613616
3,2200.0,433696.0676454629,4007744.339393054,-75.73764279065759,36.212265179549796,ok,73.12506221255475,IW3,0,14735.86618232895,1048.764782101015,153,37,3.3436737301459303,13.899624935688996,0.0,0.007648152759309168,affine_dtft,44.23046546240915,1,identified,7,67.54580131408603,87.62929647862792,68.11546677634442,0.09224315129205944,86.18592516570946,4,10.04646136313358,True,4.101102078265903,4.863279117811979,3.426783648775249
3,2250.0,433742.8538073404,4007761.976146065,-75.73712381658129,36.21242737966637,ok,103.16124527625797,IW3,0,14750.51677408449,1049.4917598337747,153,37,3.3436667627126138,13.899623453532918,0.0,0.007648173790897187,affine_dtft,44.23305908525379,1,identified,6,180.20440869708816,163.00260281159402,68.11546677634442,0.09224315129205944,86.18592516570946,4,9.054651303825974,True,8.533862462491864,9.770219150143884,7.44269218349278
3,2300.0,433789.63996921777,4007779.6128990767,-75.73660484032898,36.21258957755255,ok,133.20328180701057,IW3,0,14765.16741127333,1050.2187177017167,153,37,3.343659792415961,13.899621971418366,0.0,0.1573150491993354,affine_dtft,44.23565271619933,1,identified,6,179.86355359123243,155.07122570762536,175.61455118592892,0.035778272727112294,149.0362434679257,4,3.6419582506988415,True,15.25274480062376,17.274218915695677,13.519012797749117
3,2350.0,433836.4261310952,4007797.2496520877,-75.73608586190069,36.21275177320827,ok,154.5746781118202,IW3,0,14779.818093895083,1050.9456557043445,153,37,3.3436528262279652,13.899620491819281,0.0,0.37682957299779657,affine_dtft,44.23824635524573,1,identified,3,183.59446393044422,146.63521891377135,175.61455118592892,0.035778272727112294,149.0362434679257,4,4.685746681145513,True,22.101262517022043,25.162056234974994,19.5953346359714
3,2400.0,433883.21229297266,4007814.886405099,-75.73556688129645,36.212913966633494,ok,173.33330799667547,IW3,0,14794.468821947734,1051.6725738415016,153,37,3.3436458574525854,13.899619009888568,0.0,0.5037511569583314,affine_dtft,44.240840002392595,1,identified,5,178.66568899861997,141.581705820396,178.55637311050626,0.03518880450876432,144.46232220802477,3,5.10608038388665,True,30.487354092151737,35.439646117518876,26.76546934781474
3,2450.0,433929.9984548501,4007832.52315811,-75.73504789851629,36.21307615782818,ok,169.71809006718195,IW3,0,14809.119595431468,1052.3994721128972,153,37,3.343638889888206,13.899617529158947,0.0,0.539808630591555,affine_dtft,44.24343365763999,1,identified,8,183.25192943988392,134.62529989713798,174.9724483003924,0.03590956958202142,70.0168934780997,4,3.2485979374942957,True,28.627909143495273,33.078270399179225,25.207474882064574
3,2500.0,433976.78461672756,4007850.1599111212,-75.73452891356023,36.213238346792316,ok,168.24397478749523,IW3,0,14823.770414344566,1053.1263505183122,153,37,3.343631922706919,13.899616052709833,0.0,0.5097550589342629,affine_dtft,44.246027320987594,1,identified,5,165.12441517756756,67.34350245582752,161.90861620062083,0.03880698541326606,71.56505117707769,3,6.632052650970409,True,27.90852907988235,32.179377272777764,24.599428020836985
3,2550.0,434023.570778605,4007867.7966641327,-75.73400992642831,36.21340053352583,ok,155.35777356470595,IW3,0,14838.469096634699,1053.8531799949806,154,37,3.31890960277542,13.899614574747975,0.0,0.49960321212420017,affine_dtft,44.248615443953184,1,identified,3,156.6450973276101,62.99602217969696,157.53846153846138,0.03988350048502671,67.38013505195934,4,15.496387174504788,True,22.39785976695783,25.511746839796945,19.85464345834196
3,2600.0,434070.35694048245,4007885.4334171438,-75.73349093712058,36.2135627180287,ok,,IW3,0,14853.22910873099,1054.5799523581761,154,37,3.3189026873743126,13.899613097177623,0.0,0.5476628078983021,affine_dtft,44.25119646398004,1,ambiguous_multiple_blobs,2,138.27190842606566,61.646760394138504,127.01156821934926,0.04946939397148858,60.255118703057654,2,28.249501909262598,False,,,
3,2650.0,434117.14310235984,4007903.070170155,-75.73297194563705,36.21372490030087,ok,107.88513806433251,IW3,0,14867.98916659193,1055.3067048542166,154,37,3.3188957733443605,13.899611620209383,0.0,0.532498474314216,affine_dtft,44.253777492067314,1,identified,3,132.5885820927146,58.33651245842081,127.01156821934926,0.04946939397148858,60.255118703057654,2,13.937472974002489,True,9.417799688397682,10.749654775892743,8.24544248324046
3,2700.0,434163.9292642373,4007920.7069231663,-75.73245295197775,36.21388708034231,ok,91.33403023962289,IW3,0,14882.749270216584,1056.0334374829572,154,37,3.3188888571479023,13.899610143632703,0.0,0.4339333814097644,affine_dtft,44.256358528214875,1,identified,3,32.41512409472321,90.27456777358182,32.50384205153029,0.19330592664148674,90.90938044919903,4,18.088581449717864,True,6.556792929125431,7.583098789200631,5.64737777108011
3,2750.0,434210.71542611474,4007938.3436761773,-75.73193395614273,36.21404925815298,ok,90.95320797397709,IW3,0,14897.509419603639,1056.7601502440218,154,37,3.3188819427596505,13.899608670241955,0.0,0.23179392672141894,affine_dtft,44.25893957242247,1,identified,5,118.87845009566503,63.35174975946333,114.4866804479891,0.05488136508625573,63.434948822921854,3,4.416811124435614,True,6.498411239628937,7.518539648171715,5.594409459293862
3,2800.0,434257.5015879922,4007955.9804291883,-75.73141495813199,36.21421143373284,ok,,IW3,0,14912.269614751793,1057.4868431371262,154,37,3.318875028665598,13.89960719557859,0.0,0.007739883532778077,affine_dtft,44.26152062468988,1,ambiguous_multiple_blobs,8,102.17355089816952,70.06873130977067,110.56369931499938,0.056828645804248984,120.25643716352879,3,2.819595976461011,False,,,
3,2850.0,434304.28774986963,4007973.6171822,-75.7308959579456,36.214373607081846,ok,76.1055057515292,IW3,0,14927.029855660136,1058.2135161620026,154,37,3.3188681132059927,13.89960571986235,0.0,0.007739903325629716,affine_dtft,44.26410168501695,1,identified,10,25.207279318182653,77.79510275354201,89.81074117703967,0.06996028787685696,74.74488129694203,4,4.363349977774659,True,4.458001151569061,5.259579474371897,3.7481285900141987
3,2900.0,434351.0739117471,4007991.253935211,-75.73037695558357,36.214535778199966,ok,,IW3,0,14941.790142328344,1058.9401693183852,154,37,3.318861200355566,13.899604248041168,0.0,0.007739902223193808,affine_dtft,44.26668275340362,1,ambiguous_multiple_blobs,16,24.864593753306146,77.86070191122491,89.81074117703967,0.06996028787685696,74.74488129694203,4,5.812127370001611,False,,,
3,2950.0,434397.8600736245,4008008.8906882224,-75.72985795104591,36.214697947087146,ok,,IW3,0,14956.55047475435,1059.6668026058846,154,37,3.3188542869984192,13.899602775157918,0.0,0.0077399222575696165,affine_dtft,44.269263829849535,1,identified,15,42.14990590452281,67.71637002769828,24.01909562955878,0.2615912523969998,82.68447469560367,7,6.963987341975846,True,,,
3,3000.0,434444.6462355019,4008026.5274412334,-75.7293389443327,36.21486011374335,ok,,IW3,0,14971.310852937393,1060.393416024373,154,37,3.318847373935494,13.899601305534969,0.0,0.0077399432396956,affine_dtft,44.27184491435456,1,ambiguous_multiple_blobs,9,24.177166918795812,84.77518769833144,62.88958242467333,0.09990820522151406,117.824096384253,5,4.969121350474375,False,,,
4,250.0,431952.9451019943,4006840.1028068657,-75.75695531942864,36.203992534114924,touches_land_or_unmapped,,,,,,,,,,,,,,,,,,,,,,,,,,,
4,300.0,431999.74401687656,4006857.7056920226,-75.75643629623376,36.20415451267803,touches_land_or_unmapped,,,,,,,,,,,,,,,,,,,,,,,,,,,
4,350.0,432046.54293175886,4006875.3085771794,-75.7559172708653,36.20431648901111,touches_land_or_unmapped,,,,,,,,,,,,,,,,,,,,,,,,,,,
4,400.0,432093.34184664115,4006892.9114623363,-75.7553982433233,36.204478463114164,ok,,IW3,0,14222.335239908854,1006.278715559881,153,37,3.34400483428417,13.89968195211859,0.0,0.007647311503093655,affine_dtft,44.139598483776375,1,identified,3,84.76973759368242,61.951981472295586,78.53721485797061,0.08000264993534993,57.52880770915143,2,19.377536521020165,True,,,
4,450.0,432140.14076152345,4006910.5143474927,-75.7548792136078,36.2046404349871,ok,,IW3,0,14236.98605244308,1007.0038374730112,153,37,3.3439978712396425,13.899680444074523,0.0,0.007647332997331018,affine_dtft,44.14219215058095,1,identified,2,82.92379960565492,61.872245947446636,81.7240969694844,0.07688289672415363,61.3895403340347,2,13.989031622857818,True,,,
4,500.0,432186.9396764057,4006928.1172326496,-75.75436018171882,36.20480240462992,ok,,IW3,0,14251.636910345209,1007.7289395263697,153,37,3.34399090632037,13.899678937184483,0.0,0.007647331841064804,affine_dtft,44.14478582547484,1,ambiguous_multiple_blobs,2,84.52820786319948,61.65443331979403,81.7240969694844,0.07688289672415363,61.3895403340347,2,17.409095612857346,False,,,
4,550.0,432233.738591288,4006945.7201178065,-75.7538411476564,36.20496437204257,ok,,IW3,0,14266.287813613488,1008.4540217193124,153,37,3.3439839426580567,13.899677430970298,0.0,0.007647350935972976,affine_dtft,44.14737950845773,1,ambiguous_multiple_blobs,2,90.8986985906355,61.4551261830948,95.07601314665045,0.06608591482993778,68.19859051364803,3,15.269551392315504,False,,,
4,600.0,432280.5375061703,4006963.323002963,-75.75332211142057,36.205126337224996,ok,109.45419883736879,IW3,0,14280.93876224812,1009.179084051595,153,37,3.3439769789116838,13.89967592415368,0.0,0.007647372009132682,affine_dtft,44.14997319952967,1,identified,3,101.3632643875866,64.85451221569863,103.97144730968249,0.06043183460229139,66.03751102542165,6,16.069731572889417,True,9.724153014679947,11.089472654738646,8.523554305388942
4,650.0,432327.3364210526,4006980.9258881197,-75.75280307301136,36.20528830017718,ok,110.98448070476131,IW3,0,14295.58975624732,1009.904126523099,153,37,3.343970017176546,13.89967442086373,0.0,0.0076473698148192435,affine_dtft,44.15256689869032,1,identified,2,102.44608590104288,65.82496222184419,108.81582289548504,0.05774146755490177,67.06789956241005,6,15.609566306031008,True,10.029258453396013,11.428122705500686,8.800457644035491
4,700.0,432374.1353359348,4006998.5287732766,-75.75228403242882,36.20545026089908,ok,95.06023881616554,IW3,0,14310.240795609436,1010.6291491335126,153,37,3.343963052885125,13.89967291569317,0.0,0.007647390182968941,affine_dtft,44.15516060593941,1,identified,2,100.70200703192641,65.63311879478893,115.57532630693886,0.05436441763091401,73.610459665965,4,13.747579636862929,True,7.144934486740263,8.233467469917766,6.181208838971625
4,750.0,432420.9342508171,4007016.131658433,-75.75176498967294,36.20561221939063,ok,92.83243669278629,IW3,0,14324.891880335097,1011.3541518823251,153,37,3.3439560914639284,13.899671413580291,0.0,0.007647408950067496,affine_dtft,44.15775432127705,1,identified,10,41.108862483724685,81.31773852864475,115.57532630693886,0.05436441763091401,73.610459665965,4,7.415724858898281,True,6.78959178823304,7.840525152834456,5.858634575802966
4,800.0,432467.7331656994,4007033.73454359,-75.75124594474377,36.20577417565182,ok,73.97630705587156,IW3,0,14339.543010421807,1012.0791347694897,153,37,3.343949127586166,13.899669908575152,0.0,0.007647430053806528,affine_dtft,44.16034804470278,1,identified,6,86.4715639213348,87.24785384629169,31.36327126178244,0.20033577667122787,49.96974072811029,2,13.904696349929617,True,4.201317186576185,4.974616711696002,3.516944611531801
4,850.0,432514.5320805817,4007051.3374287467,-75.75072689764137,36.2059361296826,ok,,IW3,0,14354.194185868646,1012.8040977947298,153,37,3.343942165516756,13.899668407648617,0.0,0.007647429657554143,affine_dtft,44.16294177621645,1,ambiguous_multiple_blobs,2,87.88835060768265,87.0212000842909,85.33333333333324,0.07363107781851086,89.99999999999974,1,10.954102798428648,False,,,
4,900.0,432561.33099546394,4007068.9403139036,-75.75020784836573,36.20609808148293,ok,32.595611224708186,IW3,0,14368.84540667533,1013.5290409576736,153,37,3.343935203830164,13.89966690777496,0.0,0.007647449329162679,affine_dtft,44.16553551581801,1,identified,4,32.280410414267706,86.03739857065102,33.39130434782604,0.18816830998063888,89.9999999999999,3,15.618355618177674,True,0.7887552669285389,1.1072572642227225,0.5275184585165279
4,950.0,432608.12991034624,4007086.54319906,-75.74968879691691,36.20626003105277,ok,,IW3,0,14383.496672839516,1014.2539642581849,153,37,3.3439282420594494,13.899665406462242,0.0,0.007647469681056358,affine_dtft,44.16812926350704,1,identified,2,33.21923981339082,90.19651123826702,33.032258064516085,0.19021361769781975,89.9999999999999,4,19.262866449376855,True,,,
4,1000.0,432654.92882522853,4007104.146084217,-75.74916974329493,36.20642197839206,ok,,IW3,0,14398.1479843614,1014.9788676955468,153,37,3.3439212805108127,13.899663906377201,0.0,0.007647467727072917,affine_dtft,44.17072301928359,1,ambiguous_multiple_blobs,6,33.100581860888205,90.12118199063215,33.243949861002896,0.18900236985828606,89.2559407971112,5,17.79661465191515,False,,,
4,1050.0,432701.72774011083,4007121.7489693738,-75.74865068749983,36.20658392350077,ok,,IW3,0,14412.799341239543,1015.7037512698358,153,37,3.3439143203646244,13.89966240707842,0.0,0.007647487833120877,affine_dtft,44.1733167831474,1,ambiguous_multiple_blobs,5,121.67707331830474,60.01659972704952,127.01156821934926,0.04946939397148858,60.255118703057654,2,8.912220641586226,False,,,
4,1100.0,432748.52665499307,4007139.35185453,-75.74813162953163,36.2067458663789,ok,,IW3,0,14427.450743472882,1016.4286149808682,153,37,3.3439073584587904,13.899660910009926,0.0,0.00764750783709164,affine_dtft,44.17591055509827,1,ambiguous_multiple_blobs,2,115.00293088661473,58.21398764229328,108.54378291265117,0.0578861832394019,57.99461679191643,2,17.12008574718091,False,,,
4,1150.0,432795.32556987536,4007156.954739687,-75.74761256939036,36.20690780702636,ok,112.04171596632438,IW3,0,14442.102191060163,1017.1534588281462,153,37,3.3439003978099286,13.899659413093103,0.0,0.007647528036355887,affine_dtft,44.178504335136,1,identified,1,112.62497581072434,57.083905332495895,108.54378291265117,0.0578861832394019,57.99461679191643,2,14.878507555550117,True,10.243760808680005,11.666346580480882,8.995080705894543
4,1200.0,432842.12448475766,4007174.557624844,-75.74709350707606,36.20706974544313,ok,112.04171596632438,IW3,0,14456.753684000623,1017.8782828113859,153,37,3.343893438429738,13.899657914810732,0.0,0.007647527090568453,affine_dtft,44.18109812326043,1,identified,1,110.71278271120183,56.21052772365584,108.54378291265117,0.0578861832394019,57.99461679191643,2,11.028377332090939,True,10.243760808680005,11.666346580480882,8.995080705894543
4,1250.0,432888.92339963996,4007192.1605100003,-75.74657444258877,36.20723168162915,ok,112.04171596632438,IW3,0,14471.40522229225,1018.6030869303701,153,37,3.3438864756495876,13.899656418510535,0.0,0.007647547954084936,affine_dtft,44.18369191947122,1,identified,5,111.48060703578608,55.21427644612893,119.03758207367079,0.0527832067631465,54.462322208025576,4,8.938445701422863,True,10.243760808680005,11.666346580480882,8.995080705894543
4,1300.0,432935.7223145222,4007209.763395157,-75.74605537592849,36.20739361558444,ok,,IW3,0,14486.056805935805,1019.3278711850148,153,37,3.343879517019883,13.89965492481749,0.0,0.007647567420762146,affine_dtft,44.186285723768506,1,ambiguous_multiple_blobs,4,24.41120919484589,65.92273623369746,72.9569791876194,0.08612178542948536,94.08561677997461,2,17.72306653725122,False,,,
4,1350.0,432982.5212294045,4007227.366280314,-75.74553630709528,36.20755554730888,ok,,IW3,0,14500.708434928714,1020.0526355746059,153,37,3.343872557374399,13.899653429878306,0.0,0.007647587333275906,affine_dtft,44.18887953615183,1,ambiguous_multiple_blobs,2,64.01971039368881,89.35553735116918,63.99999999999993,0.09817477042468115,89.99999999999982,1,22.002154525456458,False,,,
4,1400.0,433029.3201442868,4007244.969165471,-75.74501723608917,36.20771747680247,ok,,IW3,0,14515.360109270565,1020.7773800991145,153,37,3.3438655965253696,13.89965193653491,0.0,0.007647585439168406,affine_dtft,44.19147335662113,1,identified,1,64.5099779435091,88.74167276601462,63.99999999999993,0.09817477042468115,89.99999999999982,1,31.14442174607612,True,,,
4,1450.0,433076.1190591691,4007262.5720506273,-75.74449816291018,36.207879404065174,ok,70.34529914529907,IW3,0,14530.011828960174,1021.5021047582965,153,37,3.3438586397271073,13.899650444253602,0.0,0.007647605923142392,affine_dtft,44.19406718517617,1,identified,1,65.48563059812975,88.52964083098095,68.26666666666658,0.09203884727313859,89.9999999999998,2,27.23123175055978,True,3.783289323791223,4.509839678466481,3.141269892932801
4,1500.0,433122.9179740513,4007280.174935784,-75.74397908755834,36.20804132909696,ok,,IW3,0,14544.663593996223,1022.2268095519223,153,37,3.3438516795253057,13.899648950708368,0.0,0.007647626440632852,affine_dtft,44.19666102181674,1,ambiguous_multiple_blobs,4,71.48055641802814,89.1090602287066,127.01156821934926,0.04946939397148858,60.255118703057654,2,8.037522798944368,False,,,
4,1550.0,433169.7168889336,4007297.777820941,-75.7434600100337,36.20820325189774,ok,95.0727826307667,IW3,0,14559.315404378343,1022.9514944793257,153,37,3.343844721933357,13.899647459043953,0.0,0.007647625431975503,affine_dtft,44.19925486654277,1,identified,2,76.3610607205526,89.13217792636208,78.76923076923069,0.07976700097005342,89.99999999999976,2,21.74386120362529,True,7.1469668765208505,8.235715014995694,6.183054135468416
4,1600.0,433216.5158038159,4007315.3807060975,-75.74294093033627,36.20836517246752,ok,107.06701895203601,IW3,0,14573.967260104531,1023.6761595406579,153,37,3.3438377649274034,13.899645970731465,0.0,0.007647645248446212,affine_dtft,44.201848719353904,1,identified,6,79.07586126193715,88.51745255445873,131.2293362252943,0.04787942610936189,70.01689347809985,3,4.545320268092289,True,9.260626631864536,10.575391787885108,8.102733396632162
4,1650.0,433263.31471869815,4007332.9835912543,-75.74242184846611,36.20852709080625,ok,108.26999170175736,IW3,0,14588.619161174101,1024.4008047354375,153,37,3.3438308053344272,13.899644480805428,0.0,0.007647665156825795,affine_dtft,44.20444258025003,1,identified,2,92.19303889749958,88.93586593995201,102.02589686187518,0.061584220285619204,85.10090754621194,7,4.7881172892617165,True,9.492340186612296,10.83231859752052,8.313117681354704
4,1700.0,433310.11363358045,4007350.586476411,-75.74190276442322,36.20868900691388,ok,115.64518193488902,IW3,0,14603.27110758675,1025.125430063368,153,37,3.3438238476650786,13.899642992282027,0.0,0.0076476855299352975,affine_dtft,44.20703644923108,1,identified,3,106.04519809128288,85.17477587189212,116.24361195174386,0.054051876070298994,87.39743779749985,5,6.685070795914074,True,10.998286134001019,12.505306975189487,9.679274124209423
4,1750.0,433356.91254846274,4007368.1893615676,-75.74138367820763,36.208850920790375,ok,110.45046383808727,IW3,0,14617.923099340895,1025.8500355242372,153,37,3.3438168897542417,13.899641502245986,0.0,0.007647685070202494,affine_dtft,44.20963032629679,1,identified,10,22.217974480613677,83.19748169308599,113.08188270064278,0.05556314731523188,83.65980825408981,6,5.450604599212826,True,9.922069883385712,11.309123707535987,8.70318634031308
4,1800.0,433403.71146334504,4007385.7922467245,-75.74086458981941,36.2090128324357,ok,,IW3,0,14632.575136434189,1026.5746211177463,153,37,3.343809930796995,13.89964001582918,0.0,0.007647705012161462,affine_dtft,44.212224211446724,1,ambiguous_multiple_blobs,5,22.15210102450496,84.1326457281265,22.11998448469403,0.2840501679161326,83.55046529615765,5,13.844694326038624,False,,,
4,1850.0,433450.5103782273,4007403.3951318813,-75.74034549925855,36.20917474184979,ok,,IW3,0,14647.227218867722,1027.299186843543,153,37,3.3438029736215307,13.899638527430756,0.0,0.007647725588126512,affine_dtft,44.2148181046811,1,ambiguous_multiple_blobs,4,32.99863230314221,91.68401983537365,62.73831441867152,0.10014909334748799,107.10272896905211,5,7.388400875417487,False,,,
4,1900.0,433497.3092931096,4007420.998017038,-75.7398264065251,36.20933664903265,ok,32.56998911249429,IW3,0,14661.879346639402,1028.0237327015116,153,37,3.343796016928768,13.89963704246753,0.0,0.007647743690204149,affine_dtft,44.21741200599953,1,identified,2,32.926922176391194,91.5617782810531,33.243949861002896,0.18900236985828606,90.74405920288861,5,18.291868965352805,True,0.787506155811346,1.1057646482689931,0.5265028806466882
4,1950.0,433544.10820799187,4007438.6009021946,-75.7393073116191,36.209498553984204,ok,32.56998911249429,IW3,0,14676.531519747827,1028.748258691151,153,37,3.343789061171212,13.899635557646823,0.0,0.007647743545343706,affine_dtft,44.22000591540177,1,identified,1,33.121369955957434,89.12007915868607,33.032258064516085,0.19021361769781975,89.9999999999999,4,24.647784871592474,True,0.787506155811346,1.1057646482689931,0.5265028806466882
4,2000.0,433590.90712287417,4007456.2037873515,-75.73878821454056,36.20966045670443,ok,33.151638319403034,IW3,0,14691.183738193075,1029.472764812332,153,37,3.3437821043556353,13.899634070283913,0.0,0.007647763268196212,affine_dtft,44.222599832887845,1,identified,6,33.57857414222273,88.86911566572843,31.433759411963894,0.1998865367910198,88.99491399474574,7,19.603058828697403,True,0.8161119246600456,1.1399058124094041,0.5498018816127062
4,2050.0,433637.7060377564,4007473.8066725084,-75.73826911528953,36.209822357193275,ok,,IW3,0,14705.836001972863,1030.1972510648147,153,37,3.3437751463207923,13.899632588646053,0.0,0.007647782881829645,affine_dtft,44.22519375845734,1,ambiguous_multiple_blobs,6,41.20142707165142,104.50239036857104,40.95999999999995,0.1533980787885643,106.26020470831182,2,32.29205363318059,False,,,
4,2100.0,433684.5049526387,4007491.4095576648,-75.73775001386603,36.20998425545069,ok,60.49168412565759,IW3,0,14720.488311086761,1030.9217174480634,153,37,3.3437681924522322,13.899631105596404,0.0,0.007647783640224645,affine_dtft,44.22778769211019,1,identified,12,45.80062232633491,91.30327565246972,34.896585940129256,0.18005157633355331,83.29016319224297,7,15.803243199287575,True,2.769761077389544,3.3776721193353776,2.2363567697543214
4,2150.0,433731.303867521,4007509.0124428216,-75.7372309102701,36.210146151476664,ok,87.79754864353094,IW3,0,14735.140665533929,1031.6461639620536,153,37,3.3437612368701446,13.899629623582252,0.0,0.007647803943039194,affine_dtft,44.230381633846235,1,identified,4,34.39594944603591,82.02275015767921,34.979173667079905,0.17962646479247468,82.1466866980217,4,16.218263819231783,True,6.026676448213073,6.9968324449654125,5.166612741880379
4,2200.0,433778.1027824033,4007526.6153279785,-75.73671180450177,36.21030804527116,ok,98.36948241151622,IW3,0,14749.793065312688,1032.3705906065627,153,37,3.3437542799963214,13.899628140221282,0.0,0.007647824143398231,affine_dtft,44.23297558366518,1,identified,2,144.63040633062906,76.17792912610244,140.65721748345732,0.04467019481541039,74.05460409907685,2,10.236767138954853,True,7.6936103434149175,8.840314196627265,6.679472006248083
4,2250.0,433824.90169728553,4007544.218213135,-75.73619269656108,36.210469936834095,ok,119.52160872018185,IW3,0,14764.445510422172,1033.0949973809356,153,37,3.34374732587804,13.89962666178498,0.0,0.138085299665461,affine_dtft,44.23556954156688,1,identified,1,146.98548778351042,76.42563206083466,140.65721748345732,0.04467019481541039,74.05460409907685,2,12.971650474471803,True,11.852005852268364,13.456648585691118,10.452496487296422
4,2300.0,433871.7006121678,4007561.821098292,-75.73567358644803,36.21063182616546,ok,132.90413564226643,IW3,0,14779.098000861675,1033.819384285199,153,37,3.3437403712536247,13.899625182562396,0.0,0.37683886981316345,affine_dtft,44.23816350755121,1,identified,1,148.26571014410007,75.14833525836278,140.65721748345732,0.04467019481541039,74.05460409907685,2,10.989660185067098,True,15.17130045676684,17.182179435946736,13.445879378753073
4,2350.0,433918.4995270501,4007579.4239834487,-75.73515447416268,36.210793713265204,ok,130.9658651819687,IW3,0,14793.75053662934,1034.5437513189713,153,37,3.3437334162535164,13.89962370161664,0.0,0.4979488139617142,affine_dtft,44.24075748161783,1,identified,5,145.08240843757218,75.16624442347904,140.65721748345732,0.04467019481541039,74.05460409907685,2,6.736313069464509,True,14.651783688932584,16.59585513686761,12.978984066401663
4,2400.0,433965.2984419324,4007597.0268686055,-75.73463535970507,36.2109555981333,ok,127.7354144148058,IW3,0,14808.403117725027,1035.2680984820245,153,37,3.3437264607051205,13.89962222439112,0.0,0.5395058112472002,affine_dtft,44.24335146376673,1,identified,8,44.04758936733646,39.568563456347064,101.89180827750278,0.06166526449375895,84.28940686250012,4,3.206167962075271,True,13.816448523540073,15.655785624345564,12.22690593089765
4,2450.0,434012.09735681466,4007614.629753762,-75.73411624307519,36.211117480769694,ok,,IW3,0,14823.05574414765,1035.9924257739417,153,37,3.3437195072569357,13.899620745459744,0.0,0.50976855781863,affine_dtft,44.24594545399771,1,ambiguous_multiple_blobs,7,26.04407937170831,78.20689507837432,81.7240969694844,0.07688289672415363,61.3895403340347,2,12.973558905491338,False,,,
4,2500.0,434058.89627169695,4007632.232638919,-75.7335971242731,36.211279361174356,ok,,IW3,0,14837.750925300852,1036.7167073585902,154,37,3.31899655041811,13.899619269237538,0.0,0.4996156830025231,affine_dtft,44.248534519797076,1,ambiguous_multiple_blobs,9,26.4981511313472,78.66615069981405,81.7240969694844,0.07688289672415363,61.3895403340347,2,12.135024444598743,False,,,
4,2550.0,434105.69518657925,4007649.8355240757,-75.73307800329886,36.21144123934723,ok,,IW3,0,14852.512758159131,1037.4409285901822,154,37,3.318989647834085,13.899617791953453,0.0,0.5476765281633715,affine_dtft,44.251115865109156,1,ambiguous_multiple_blobs,4,143.2938321586131,62.09173363917291,142.0032502336585,0.04424677109038668,56.309932474020094,1,13.787506007485344,False,,,
4,2600.0,434152.49410146155,4007667.438409232,-75.73255888015244,36.211603115288305,ok,,IW3,0,14867.274636679138,1038.1651299497364,154,37,3.3189827471732385,13.89961631837122,0.0,0.5362609939852861,affine_dtft,44.25369721846366,1,identified,2,136.14898399551225,64.9475878266553,137.38401653758697,0.0457344709052131,63.43494882292177,3,12.123926455948125,True,,,
4,2650.0,434199.2930163438,4007685.041294389,-75.7320397548339,36.21176498899751,ok,128.08190649525793,IW3,0,14882.036560859016,1038.8893114368097,154,37,3.3189758441427557,13.899614843267317,0.0,0.443971589222833,affine_dtft,44.25627857986028,1,identified,1,123.75543958009484,63.62951608325755,127.01156821934926,0.04946939397148858,60.255118703057654,2,14.461001420236517,True,13.904268829192214,15.754467631873796,12.30604820381085
4,2700.0,434246.0919312261,4007702.644179546,-75.7315206273433,36.21192686047481,ok,,IW3,0,14896.798530697066,1039.6134730512267,154,37,3.3189689434454466,13.899613368214533,0.0,0.2494484849351068,affine_dtft,44.25885994929872,1,ambiguous_multiple_blobs,2,118.12056747641846,66.24397897252851,114.4866804479891,0.05488136508625573,63.434948822921854,1,25.469182015928727,False,,,
4,2750.0,434292.8908461084,4007720.247064702,-75.73100149768062,36.21208872972018,ok,,IW3,0,14911.560546193228,1040.3376147927245,154,37,3.318962041221903,13.899611895577017,0.0,0.0077395286286555155,affine_dtft,44.261441326778964,1,identified,5,111.31493483832368,67.314391681927,119.85013472883753,0.05242535038776029,69.44395478041629,2,13.536204658244664,True,,,
4,2800.0,434339.6897609907,4007737.849949859,-75.73048236584594,36.21225059673358,ok,,IW3,0,14926.32260734585,1041.0617366610898,154,37,3.318955141185853,13.899610422438085,0.0,0.007739549538890081,affine_dtft,44.26402271230073,1,ambiguous_multiple_blobs,7,106.90640323214836,66.90233633110289,103.97144730968249,0.06043183460229139,66.03751102542165,2,8.088775792521679,False,,,
4,2850.0,434386.4886758729,4007755.452835016,-75.72996323183925,36.21241246151495,ok,,IW3,0,14941.084714154253,1041.7858386557778,154,37,3.3189482392440026,13.89960895106127,0.0,0.007739549395791774,affine_dtft,44.266604105863905,1,ambiguous_multiple_blobs,4,42.21956286347446,101.41561709010051,51.393086794597885,0.12225740267930423,72.47443162627704,2,10.499573981441424,False,,,
4,2900.0,434433.2875907552,4007773.0557201724,-75.72944409566061,36.21257432406426,ok,,IW3,0,14955.846866617072,1042.5099207767475,154,37,3.318941339853881,13.899607479376442,0.0,0.007739569393040701,affine_dtft,44.26918550746823,1,ambiguous_multiple_blobs,8,32.153676626001555,67.72573086904123,32.62735297931087,0.19257416656398016,67.52056560289682,2,16.030796742223,False,,,
4,2950.0,434480.0865056375,4007790.658605329,-75.72892495731003,36.21273618438148,ok,,IW3,0,14970.609064734037,1043.2339830235205,154,37,3.3189344393896043,13.899606009472201,0.0,0.007739590448585023,affine_dtft,44.27176691711368,1,identified,3,32.604068991412426,67.24429604330344,32.048722159808804,0.19605103990882708,66.64443514071395,3,19.55061562010953,True,,,
4,3000.0,434526.8854205198,4007808.261490486,-75.72840581678756,36.21289804246656,ok,,IW3,0,14985.37130850267,1043.9580253961176,154,37,3.3189275394956224,13.899604540336131,0.0,0.007739590033200881,affine_dtft,44.274348334799804,1,identified,4,32.818792743179785,67.1474219489896,32.048722159808804,0.19605103990882708,66.64443514071395,3,26.232788928826615,True,,,
5,250.0,432034.2914184844,4006622.7471691743,-75.75603165034302,36.20203882481765,touches_land_or_unmapped,,,,,,,,,,,,,,,,,,,,,,,,,,,
5,300.0,432081.1583512305,4006640.168151207,-75.75551186568646,36.202199164243076,touches_land_or_unmapped,,,,,,,,,,,,,,,,,,,,,,,,,,,
5,350.0,432128.02528397663,4006657.589133239,-75.75499207887485,36.20235950143177,touches_land_or_unmapped,,,,,,,,,,,,,,,,,,,,,,,,,,,
5,400.0,432174.8922167228,4006675.0101152714,-75.75447228990818,36.20251983638368,ok,36.26197861345551,IW3,0,14236.12049136474,989.8781078003253,153,37,3.3440854230147337,13.899685127463838,0.0,0.007646962250041582,affine_dtft,44.142083530129376,1,identified,4,158.20982473016002,87.90159185425651,38.388005622071866,0.16367574208041058,91.43209618416452,3,25.069879283907458,True,0.9779750652681967,1.331648932962222,0.683089362706888
5,450.0,432221.7591494689,4006692.4310973035,-75.75395249878649,36.20268016909879,ok,33.86491959190463,IW3,0,14250.782482310458,990.5895185092494,153,37,3.3440785280281546,13.89968362130451,0.0,0.007646980984698455,affine_dtft,44.14467921312519,1,identified,3,39.724748946892824,91.6089220861687,29.4379302182947,0.21343841977296332,71.56505117707793,4,19.458245169330127,True,0.8519051875014345,1.1825091100935117,0.5790719758065357
5,500.0,432268.62608221505,4006709.8520793356,-75.75343270550984,36.202840499577036,ok,32.548151993462675,IW3,0,14265.444518095943,991.3009093247855,153,37,3.3440716309640743,13.89968212014487,0.0,0.007647000887184639,affine_dtft,44.147274904116834,1,identified,3,28.914175090025,71.03798899580714,40.95999999999996,0.15339807878856426,89.99999999999987,2,16.438582048861406,True,0.7864423674436216,1.1044933506215566,0.5256381102366128
5,550.0,432315.4930149612,4006727.273061368,-75.75291291007824,36.20300082781841,ok,50.27286451291817,IW3,0,14280.106598721071,992.0122802467778,153,37,3.3440647353143644,13.899680617280788,0.0,0.007647020654231989,affine_dtft,44.14987060310429,1,identified,4,28.145717260807398,70.79295860649704,26.673742527251985,0.23555694521532522,69.676863170337,3,26.09489266861592,True,1.8966727324268817,2.391952621197857,1.4679379101243313
5,600.0,432362.35994770733,4006744.6940434,-75.75239311249172,36.20316115382284,ok,64.86527846925921,IW3,0,14294.768724184381,992.723631274928,153,37,3.3440578399596173,13.899679116188564,0.0,0.007647020645821263,affine_dtft,44.15246631008729,1,identified,3,134.2446326998999,104.02855293180524,27.281081599694865,0.23031291058672185,70.27772223555291,3,20.204465576021853,True,3.1982382645321707,3.8574367486404038,2.6176779211574543
5,650.0,432409.22688045347,4006762.115025433,-75.75187331275032,36.20332147759031,ok,75.291460287441,IW3,0,14309.430894485366,993.4349624088819,153,37,3.344050944945553,13.899677614614964,0.0,0.007647040696816574,affine_dtft,44.155062025065774,1,identified,2,129.20669246695218,100.36261647827742,127.01156821934933,0.04946939397148855,97.12501634890134,2,5.374187643723135,True,4.358843860035707,5.149531721792088,3.658781010995644
5,700.0,432456.0938131996,4006779.536007465,-75.75135351085406,36.20348179912075,ok,88.57489360017239,IW3,0,14324.093109622381,994.1462736482885,153,37,3.3440440499625628,13.89967611359941,0.0,0.0076470602114408785,affine_dtft,44.15765774803942,1,identified,1,102.77441487155932,94.0550099857262,102.39999999999988,0.061359231515425716,89.99999999999969,1,11.791599784362262,True,6.1409027731033285,7.123172089036842,5.270164403611073
5,750.0,432502.96074594575,4006796.9569894974,-75.750833706803,36.203642118414145,ok,103.59867728023339,IW3,0,14338.75536959492,994.8575649929862,153,37,3.3440371565276292,13.899674614741887,0.0,0.007647059809085301,affine_dtft,44.160253479008155,1,identified,1,98.79571368583169,92.5511316019067,93.09090909090897,0.0674951546669683,89.99999999999972,2,26.64914084074829,True,8.613349856138408,9.858237518893079,7.514890951938796
5,800.0,432549.8276786918,4006814.3779715295,-75.75031390059715,36.20380243547045,ok,100.8127401764921,IW3,0,14353.417674400689,995.5688364427806,153,37,3.3440302614059205,13.899673118226374,0.0,0.00764708074863329,affine_dtft,44.16284921797156,1,identified,1,97.88706853334998,90.27197497108,93.09090909090897,0.0674951546669683,89.99999999999972,2,21.960751205341143,True,8.115137039062969,9.306707409844298,7.062348504569522
5,850.0,432596.69461143797,4006831.798953562,-75.74979409223654,36.20396275028963,ok,105.73505382036198,IW3,0,14368.080024040031,996.2800879971019,153,37,3.3440233679790583,13.899671618075368,0.0,0.007647098826927114,affine_dtft,44.16544496492972,1,identified,1,99.4848151253189,88.21105358437259,102.39999999999988,0.061359231515425716,89.99999999999969,1,34.61583224703155,True,9.008435737543163,10.295883502138075,7.873720893046888
5,900.0,432643.5615441841,4006849.219935594,-75.7492742817212,36.20412306287163,ok,112.51918564605005,IW3,0,14382.742418511403,996.9913196559853,153,37,3.3440164732291295,13.89967012162743,0.0,0.007647098837323899,affine_dtft,44.168040719882335,1,identified,1,107.76770155573921,86.67963886059005,113.08188270064278,0.05556314731523188,83.65980825408981,4,27.985277454181357,True,10.341642229534308,11.775092270202508,9.083875233365273
5,950.0,432690.42847693025,4006866.640917626,-75.74875446905119,36.20428337321642,ok,121.7135850121299,IW3,0,14397.404857813368,997.7025314189407,153,37,3.3440095815573447,13.899668623677474,0.0,0.007647118083678929,affine_dtft,44.17063648282918,1,identified,1,121.96246910121194,84.38251898425649,127.01156821934933,0.04946939397148855,82.8749836510979,2,20.02715846834208,True,12.354944031907797,14.018256319236677,10.907472108914154
5,1000.0,432737.2954096764,4006884.0618996588,-75.74823465422651,36.204443681323966,ok,130.19667876953088,IW3,0,14412.067341945532,998.4137232858411,153,37,3.344002685971839,13.899667129063005,0.0,0.007647138235964587,affine_dtft,44.173232253770166,1,identified,1,131.8159957900576,83.42227376377089,127.01156821934933,0.04946939397148855,82.8749836510979,2,13.872065059777057,True,14.449480011280224,16.367890015686935,12.796993007109187
5,1050.0,432784.1623424225,4006901.482881691,-75.7477148372472,36.20460398719422,ok,140.28151461953706,IW3,0,14426.729870906272,999.1248952563121,153,37,3.3439957939854223,13.899665634390157,0.0,0.007647158651912229,affine_dtft,44.175828032705,1,identified,1,136.80941684427125,82.92128890258246,139.06290592130824,0.04518232425500343,84.80557109226486,3,13.692252492387862,True,17.284415672295175,19.58178932998044,15.33751511578963
5,1100.0,432831.02927516866,4006918.9038637234,-75.74719501811332,36.20476429082714,ok,143.59900121958398,IW3,0,14441.392444694467,999.8360473301002,153,37,3.343988899994303,13.899664141498613,0.0,0.007647158180637014,affine_dtft,44.17842381963351,1,identified,1,137.3459892718402,82.58711598718043,144.8154687870047,0.04338752869295286,81.8698976458437,4,6.989897591895182,True,18.31079435738881,20.75685666012233,16.25154497918856
5,1150.0,432877.8962079148,4006936.3248457555,-75.74667519682487,36.20492459222268,ok,149.12814555299553,IW3,0,14456.055063308968,1000.5471795067994,153,37,3.3439820073753057,13.899662648475319,0.0,0.00764717803046408,affine_dtft,44.181019614555474,1,identified,1,172.8562369543503,51.347191209444134,163.50606195067368,0.03842784317730734,64.79887635452474,6,5.013727689844753,True,20.139175728066835,22.867859953244956,17.87108364101965
5,1200.0,432924.76314066094,4006953.745827788,-75.74615537338188,36.20508489138083,ok,,IW3,0,14470.717726749344,1001.258291786434,153,37,3.343975116143694,13.899661153186875,0.0,0.007647198262820324,affine_dtft,44.183615417470804,1,ambiguous_multiple_blobs,2,183.7835650429897,44.266762482357734,228.9733608959782,0.027440682543127867,116.56505117707705,1,2.1016538785546026,False,,,
5,1250.0,432971.6300734071,4006971.16680982,-75.74563554778442,36.205245188301525,ok,,IW3,0,14485.380435014107,1001.9693841684598,153,37,3.3439682232559464,13.899659663734969,0.0,0.007647196732562643,affine_dtft,44.186211228379264,1,ambiguous_multiple_blobs,2,187.8759860267586,39.544796613951355,228.9733608959782,0.027440682543127867,116.56505117707705,1,3.369933976394866,False,,,
5,1300.0,433018.49700615316,4006988.5877918527,-75.74511572003247,36.20540548298473,ok,75.77253819196316,IW3,0,14500.043188102281,1002.68045665271,153,37,3.3439613322353203,13.899658171732964,0.0,0.007647215446741298,affine_dtft,44.188807047280676,1,identified,5,184.98606284706494,37.205659313017236,81.7240969694844,0.07688289672415363,61.3895403340347,2,12.153577297828841,True,4.417289639682907,5.2144014878669225,3.7114387066962475
5,1350.0,433065.3639388993,4007006.0087738847,-75.74459589012609,36.205565775430394,ok,88.5822956988097,IW3,0,14514.705986012983,1003.3915092387028,153,37,3.343954438263182,13.899656681797357,0.0,0.007647236423535978,affine_dtft,44.19140287417488,1,identified,8,175.65323031649996,38.777945341873924,74.07425531960035,0.084822794101273,71.9395280638007,7,13.566781876014291,True,6.14199663765169,7.124381904475664,5.27115616304287
5,1400.0,433112.23087164544,4007023.429755917,-75.74407605806533,36.205726065638494,ok,88.5822956988097,IW3,0,14529.368828744242,1004.102541926463,153,37,3.3439475479934195,13.89965519153679,0.0,0.007647257496579031,affine_dtft,44.193998709061525,1,identified,7,138.31266651022304,84.19354425898028,71.51926228680472,0.08785304974180126,77.90524292298771,4,15.703700860391447,True,6.14199663765169,7.124381904475664,5.27115616304287
5,1450.0,433159.0978043916,4007040.8507379494,-75.74355622385019,36.20588635360899,ok,90.86836194191812,IW3,0,14544.031716296251,1004.8135547155864,153,37,3.3439406579881448,13.89965370222977,0.0,0.007647255366568492,affine_dtft,44.19659455194065,1,identified,2,125.19349567316547,82.6644205298229,127.01156821934933,0.04946939397148855,82.8749836510979,2,5.9958190205647135,True,6.485447018640575,7.504203538100629,5.582647980439466
5,1500.0,433205.9647371377,4007058.2717199815,-75.74303638748073,36.206046639341835,ok,,IW3,0,14558.694648666507,1005.5245476058184,153,37,3.343933766211826,13.89965221489752,0.0,0.007647276425529845,affine_dtft,44.1991904028118,1,ambiguous_multiple_blobs,2,125.45331787772112,79.84012700204363,124.17824001860234,0.05059811852896565,75.96375653207325,1,8.011529449243952,False,,,
5,1550.0,433252.83166988386,4007075.692702014,-75.74251654895697,36.20620692283699,ok,,IW3,0,14573.35762585486,1006.2355205967812,153,37,3.343926876578328,13.899650727791792,0.0,0.00764729587139822,affine_dtft,44.201786261674975,1,ambiguous_multiple_blobs,2,125.24293949318431,75.38746284032118,124.17824001860234,0.05059811852896565,75.96375653207325,1,10.164146432560583,False,,,
5,1600.0,433299.69860263,4007093.113684046,-75.74199670827892,36.20636720409441,ok,,IW3,0,14588.02064786092,1006.9464736882643,153,37,3.3439199851738115,13.89964924218267,0.0,0.007647295192272921,affine_dtft,44.20438212853007,1,ambiguous_multiple_blobs,2,126.24573207065771,72.98004395039592,124.17824001860234,0.05059811852896565,75.96375653207325,1,10.174420772706565,False,,,
5,1650.0,433346.56553537614,4007110.5346660786,-75.74147686544664,36.20652748311407,ok,,IW3,0,14602.683714682196,1007.6574068799915,153,37,3.3439130949230877,13.899647755522286,0.0,0.007647314621409462,affine_dtft,44.20697800337668,1,identified,5,131.02080674559258,69.88753095829382,131.2293362252943,0.04787942610936189,70.01689347809985,3,6.576085592602327,True,,,
5,1700.0,433393.4324681223,4007127.9556481107,-75.74095702046016,36.206687759895914,ok,,IW3,0,14617.346826318675,1008.3683201715983,153,37,3.343906204879349,13.899646269990415,0.0,0.007647335075312449,affine_dtft,44.2095738862148,1,ambiguous_multiple_blobs,7,142.88636748879426,73.79280046076138,131.2293362252943,0.04787942610936189,70.01689347809985,3,5.132846296794932,False,,,
5,1750.0,433440.2994008684,4007145.3766301433,-75.7404371733195,36.20684803443991,ok,69.7511690170988,IW3,0,14632.009982768413,1009.079213562899,153,37,3.3438993165563717,13.8996447852281,0.0,0.007647354996177212,affine_dtft,44.21216977704405,1,identified,5,30.665143608465385,90.08617740150994,30.1176470588235,0.2086213871524474,89.99999999999991,3,15.231734832310247,True,3.717218971606694,4.436287656299316,3.0820007745467715
5,1800.0,433487.1663336145,4007162.7976121753,-75.7399173240247,36.207008306746026,ok,,IW3,0,14646.673184030882,1009.790087053757,153,37,3.3438924261138094,13.899643302173349,0.0,0.007647353700130929,affine_dtft,44.214765675864385,1,ambiguous_multiple_blobs,6,30.905887196102842,89.114099693151,31.21951219512192,0.20125827937059634,89.99999999999991,5,19.312764302524986,False,,,
5,1850.0,433534.03326636064,4007180.2185942074,-75.7393974725758,36.20716857681421,ok,33.972321518767416,IW3,0,14661.336430104908,1010.5009406435967,153,37,3.3438855378867567,13.899641819980666,0.0,0.007647373830369169,affine_dtft,44.217361582675565,1,identified,6,22.347948669590924,82.78790107978904,47.906523767178605,0.13115510817932233,86.4236656250025,3,14.999226113704962,True,0.857362945692939,1.188994409866244,0.5835460114615485
5,1900.0,433580.9001991068,4007197.63957624,-75.73887761897282,36.20732884464442,ok,33.383550405288254,IW3,0,14675.999720989284,1011.2117743322723,153,37,3.3438786479462763,13.899640337647165,0.0,0.00764739434456023,affine_dtft,44.21995749747738,1,identified,4,50.43796442569248,84.17613865208104,28.79718791192023,0.21818746074781634,83.54118362128128,3,25.098818125922666,True,0.8276631991650611,1.153668587755575,0.5592341367820506
5,1950.0,433627.7671318529,4007215.060558272,-75.7383577632158,36.20748911023662,ok,32.08309234195073,IW3,0,14690.663056682954,1011.9225881194988,153,37,3.3438717595235348,13.89963885654304,0.0,0.0076473927898872565,affine_dtft,44.22255342026966,1,identified,4,28.632188828079762,83.10633952483516,29.06792733714733,0.21615525710875144,83.48019824834294,2,18.345993644957964,True,0.7639617160810253,1.0775986674771556,0.507392228356625
5,2000.0,433674.63406459906,4007232.4815403046,-75.73783790530476,36.20764937359078,ok,32.027655204966216,IW3,0,14705.32643718501,1012.6333820050176,153,37,3.3438648709590995,13.899637375841257,0.0,0.007647412906462563,affine_dtft,44.22514935105224,1,identified,4,28.31336836086919,82.89525029081324,27.762562604906872,0.2263186362367381,83.77417093557416,3,19.086612565611006,True,0.7613041602731402,1.0744156038529233,0.5052390117472079
5,2050.0,433721.5009973452,4007249.9025223367,-75.73731804523975,36.20780963470686,ok,43.21758622115864,IW3,0,14719.989862494504,1013.3441559885867,153,37,3.3438579829234776,13.89963589666296,0.0,0.007647433093789208,affine_dtft,44.227745289824945,1,identified,5,61.543050679523084,87.84337000544484,26.881260088600637,0.2337384961296534,85.9858243045889,3,12.853773442253253,True,1.3948030758496368,1.8172007297704924,1.034637220173048
5,2100.0,433768.36793009134,4007267.3235043692,-75.73679818302078,36.207969893584796,ok,46.75500094216147,IW3,0,14734.653332609947,1014.0549100697932,153,37,3.343851093711283,13.89963441695825,0.0,0.007647452767753544,affine_dtft,44.23034123658751,1,identified,9,47.29639907534567,96.025344410632,47.629338082256,0.13191838392396946,97.12501634890162,3,14.121922866727012,True,1.636341485422302,2.0948418384532084,1.2421255940676923
5,2150.0,433815.2348628375,4007284.7444864013,-75.7362783186479,36.20813015022457,ok,46.945061276933544,IW3,0,14749.316847530492,1014.7656442484501,153,37,3.3438442063655587,13.899632938942755,0.0,0.007647453305379013,affine_dtft,44.232937191339786,1,identified,15,45.96778030079113,95.66431919884644,84.74684299288238,0.0741406415305322,65.55604521958337,4,4.569353646117852,True,1.6498908485837194,2.11035520716011,1.25382736506148
5,2200.0,433862.1017955836,4007302.165468434,-75.73575845212115,36.20829040462614,ok,,IW3,0,14763.980407255143,1015.4763585243066,153,37,3.34383732115091,13.899631462359235,0.0,0.11708490560717816,affine_dtft,44.23553315408162,1,ambiguous_multiple_blobs,8,172.6729283987345,50.539096093256084,159.92193217393253,0.03928907825066757,51.340191745909806,2,10.24623246779886,False,,,
5,2250.0,433908.96872832975,4007319.586450466,-75.73523858344053,36.20845065678945,ok,,IW3,0,14778.644011782484,1016.1870528969619,153,37,3.3438304316013983,13.89962998535009,0.0,0.3641364232627517,affine_dtft,44.23812912481272,1,identified,3,169.05824589459723,48.40700969554622,28.522803943995132,0.2202863827664593,74.93151184050772,3,12.561713611559327,True,,,
5,2300.0,433955.83566107583,4007337.0074324985,-75.7347187126061,36.20861090671449,ok,,IW3,0,14793.307661112402,1016.8977273663013,153,37,3.3438235468313495,13.899628508844145,0.0,0.4979619859137759,affine_dtft,44.240725103533116,1,ambiguous_multiple_blobs,2,169.40581556416544,45.06281054837091,181.01933598375595,0.03471002295436228,45.0,1,4.036770258093517,False,,,
5,2350.0,434002.702593822,4007354.4284145306,-75.73419883961789,36.20877115440119,ok,,IW3,0,14807.971355242275,1017.6083819318604,153,37,3.343816660608658,13.899627034662183,0.0,0.5392037704322176,affine_dtft,44.243321090242304,1,identified,8,164.146232094726,42.3861712336037,133.73041232772556,0.04698396720546811,14.036243467926742,14,1.9107423769457403,False,,,
5,2400.0,434049.5695265681,4007371.8493965627,-75.73367896447593,36.20893139984953,ok,,IW3,0,14822.635094172063,1018.3190165935796,153,37,3.3438097728030787,13.899625560348689,0.0,0.5135656710815152,affine_dtft,44.2459170849403,1,identified,4,81.67579713878335,63.93859308463696,108.7639778974942,0.05776899143116338,12.264773727892647,5,6.172455980568877,True,,,
5,2450.0,434096.43645931425,4007389.270378595,-75.73315908718024,36.20909164305947,ok,77.05210339046762,IW3,0,14837.338337560319,1019.029607368587,154,37,3.319086217583212,13.899624085968759,0.0,0.49485747713398015,affine_dtft,44.24850850898605,1,identified,4,81.03765164793106,63.374682801368174,81.7240969694844,0.07688289672415363,61.3895403340347,2,7.307843690645711,True,4.574905302499207,5.389273305837447,3.853529157087608
5,2500.0,434143.3033920604,4007406.6913606273,-75.73263920773087,36.209251884030955,ok,,IW3,0,14852.11136461755,1019.7401358537721,154,37,3.319079381332257,13.89962261311233,0.0,0.5465077462920581,affine_dtft,44.2510918489776,1,ambiguous_multiple_blobs,8,81.68651947872304,62.473266964211,168.3445630006857,0.03732336343499251,99.46232220802499,2,3.8942903802334086,False,,,
5,2550.0,434190.17032480653,4007424.11234266,-75.73211932612783,36.20941212276396,ok,50.63589619944225,IW3,0,14866.884436804929,1020.4506444339268,154,37,3.319072548039496,13.899621140934135,0.0,0.5362752061808013,affine_dtft,44.25367519691866,1,identified,5,39.96351729854381,84.11671849855207,40.668235304424286,0.1544985972503223,83.15722658736894,2,19.612254617233972,True,1.9246928053991534,2.423821385025727,1.4923556350161233
5,2600.0,434237.03725755267,4007441.533324692,-75.73159944237118,36.20957235925842,ok,40.3162640278982,IW3,0,14881.657554120795,1021.1611331088071,154,37,3.319065713615281,13.899619671089196,0.0,0.4439826168340835,affine_dtft,44.25625855280892,1,identified,5,39.56055807681704,83.519662777521,40.07562626193015,0.15678320947783417,82.50414236027002,3,21.835510130219333,True,1.2116451353526905,1.60503378404343,0.8789599152962515
5,2650.0,434283.9041902988,4007458.9543067245,-75.73107955646093,36.20973259351433,ok,40.3162640278982,IW3,0,14896.4307165651,1021.871601878091,154,37,3.3190588793244045,13.899618198528982,0.0,0.26547225460121965,affine_dtft,44.2588419166484,1,identified,1,40.589163085552514,81.66762335524818,40.07562626193015,0.15678320947783417,82.50414236027002,3,22.63589277632363,True,1.2116451353526905,1.60503378404343,0.8789599152962515
5,2700.0,434330.77112304495,4007476.3752887566,-75.73055966839712,36.209892825531625,ok,61.902097256629446,IW3,0,14911.20392413597,1022.5820507415588,154,37,3.319052045255052,13.899616728752633,0.0,0.007739156453102979,affine_dtft,44.26142528843674,1,identified,1,40.747506293210776,81.5641937457116,40.44556828330821,0.15534916614764543,80.90972307917757,2,21.909060594636188,True,2.9042724162706017,3.5285004817576295,2.35583169451115
5,2750.0,434377.6380557911,4007493.796270789,-75.73003977817979,36.21005305531029,ok,,IW3,0,14925.97717683279,1023.2924796990239,154,37,3.3190452118443186,13.899615259948613,0.0,0.007739175882531208,affine_dtft,44.26400866817386,1,ambiguous_multiple_blobs,2,41.368073344221344,80.99720274965463,114.4866804479891,0.05488136508625573,26.565051177078146,1,5.871638075472256,False,,,
5,2800.0,434424.50498853717,4007511.217252821,-75.72951988580895,36.210213282850255,ok,66.25076305931863,IW3,0,14940.750474654078,1024.0028887499907,154,37,3.319038378218032,13.899613793193105,0.0,0.007739197490584418,affine_dtft,44.26659205585948,1,identified,4,31.756016875734232,82.07761011275555,127.01156821934926,0.04946939397148858,29.74488129694235,2,6.839752752219891,True,3.341031947592627,4.01691806104499,2.7451949791456713
5,2850.0,434471.3719212833,4007528.6382348533,-75.72899999128467,36.21037350815149,ok,64.59784907431671,IW3,0,14955.523817598618,1024.7132778942153,154,37,3.3190315434602544,13.89961232217722,0.0,0.00773919569380791,affine_dtft,44.26917545149341,1,identified,4,32.14019384979069,81.85489752025397,32.324308792052555,0.1943795719685863,81.5288553669851,3,33.41749345168933,True,3.1710701904495755,3.8270728545489456,2.5934391651709596
5,2900.0,434518.23885402945,4007546.059216886,-75.72848009460694,36.21053373121397,ok,64.59784907431671,IW3,0,14970.297205666235,1025.4236471315178,154,37,3.3190247118639715,13.899610856979576,0.0,0.007739215570380786,affine_dtft,44.27175885507559,1,identified,2,33.008237435911525,82.5578252551068,65.22160694256448,0.09633594757505272,80.83765295427814,4,11.88077538711368,True,3.1710701904495755,3.8270728545489456,2.5934391651709596
5,2950.0,434565.1057867756,4007563.480198918,-75.72796019577582,36.21069395203765,ok,43.793276025972524,IW3,0,14985.070638855066,1026.1339964616639,154,37,3.31901787919371,13.899609392193971,0.0,0.0077392365366480064,affine_dtft,44.274342266605736,1,identified,1,33.568991587799054,82.766218514794,33.833912343300554,0.18570673244720745,82.40535663140847,1,36.69512070953298,True,1.4327413567171214,1.860957764344508,1.0670763439279172
5,3000.0,434611.9727195217,4007580.9011809505,-75.72744029479134,36.21085417062248,ok,,IW3,0,14999.844117164123,1026.8443258842653,154,37,3.3190110457983972,13.899607928168903,0.0,0.00773923651984423,affine_dtft,44.276925686083636,1,ambiguous_multiple_blobs,3,34.13485490655811,82.97729026145126,55.534197201575914,0.11314083256435885,77.47119229084836,1,14.561683152964216,False,,,
6,250.0,432114.7080926087,4006404.382596176,-75.75511828057613,36.20007594657078,touches_land_or_unmapped,,,,,,,,,,,,,,,,,,,,,,,,,,,
6,300.0,432161.68199971,4006421.5130384252,-75.75459729192036,36.20023367027681,touches_land_or_unmapped,,,,,,,,,,,,,,,,,,,,,,,,,,,
6,350.0,432208.6559068113,4006438.643480674,-75.75407630113908,36.20039139173544,touches_land_or_unmapped,,,,,,,,,,,,,,,,,,,,,,,,,,,
6,400.0,432255.62981391256,4006455.7739229226,-75.75355530823234,36.20054911094664,ok,86.4967552599353,IW3,0,14249.601391212347,973.3917596211827,153,37,3.3441665158653477,13.899688354621,0.0,0.0076466310597451586,affine_dtft,44.14451488099423,1,identified,1,88.72669955914978,77.49507012698542,87.72668147263873,0.0716222841409915,80.13419305691542,4,22.541820779541627,True,5.8383854248620795,6.788547324262693,4.9959751142416575
6,450.0,432302.6037210139,4006472.9043651717,-75.75303431320015,36.200706827910366,ok,84.64957262573628,IW3,0,14264.28092537126,974.0813019281768,153,37,3.344159725685186,13.8996868574672,0.0,0.00764665134978836,affine_dtft,44.14711372908177,1,identified,1,86.92701070053342,76.98660268671088,88.97809096143227,0.07061497093596945,79.99202019855845,3,22.381910941743875,True,5.577070268705107,6.499413162094223,4.759292925376054
6,500.0,432349.5776281152,4006490.0348074203,-75.75251331604255,36.200864542626576,ok,83.29031376819259,IW3,0,14278.960503528471,974.7708242891918,153,37,3.344152939265099,13.899685358979392,0.0,0.0076466514222689455,affine_dtft,44.14971258501619,1,identified,1,84.6864261762518,76.87673182994098,82.78549334573489,0.07589717779344847,75.96375653207332,2,14.92158969053138,True,5.389267891749442,6.291552996580183,4.589302586633465
6,550.0,432396.55153521645,4006507.165249669,-75.7519923167596,36.20102225509522,ok,81.31563314126839,IW3,0,14293.640125682086,975.4603267038931,153,37,3.344146153067528,13.89968386173248,0.0,0.007646670527929511,affine_dtft,44.15231144879717,1,identified,2,80.30764986957003,77.16323462148047,79.10802472313922,0.07942538483509555,78.11134196037187,3,7.977065017179698,True,5.123115957876787,5.9968578047327235,4.348572963026821
6,600.0,432443.52544231777,4006524.2956919177,-75.7514713153513,36.2011799653163,ok,68.17335876533659,IW3,0,14308.31979183167,976.1498091724139,153,37,3.34413936464728,13.89968236672901,0.0,0.007646690810782338,affine_dtft,44.15491032042464,1,identified,2,77.04616403585702,79.19307291873966,77.85327833801777,0.08070546855971439,81.2538377374446,2,5.675830378408248,True,3.544897921081291,4.244315715152652,2.927574040429966
6,650.0,432490.499349419,4006541.426134167,-75.75095031181769,36.20133767328973,ok,70.73942783806712,IW3,0,14322.999501975464,976.8392716939617,153,37,3.3441325768707046,13.89968087129281,0.0,0.007646689223368296,affine_dtft,44.15750919989828,1,identified,2,74.81469229027259,79.65990062586344,77.85327833801777,0.08070546855971439,81.2538377374446,2,6.751698532227317,True,3.827477370048536,4.559016160701124,3.1809267455699413
6,700.0,432537.47325652034,4006558.5565764154,-75.75042930615882,36.201495379015476,ok,68.64727861679908,IW3,0,14337.679256112753,977.5287142684498,153,37,3.3441257904817725,13.899679377373358,0.0,0.00764670873654241,affine_dtft,44.160108087217964,1,identified,11,101.03733567338051,92.42610112176028,23.266719081773186,0.2700503360657216,88.69804732742107,2,17.65638883406969,True,3.5961797208395923,4.301467176392221,2.9735062052580945
6,750.0,432584.4471636216,4006575.687018664,-75.7499082983747,36.201653082493515,ok,70.85433271484567,IW3,0,14352.359054242403,978.2181368956366,153,37,3.344119004883334,13.899677882497159,0.0,0.007646729060494092,affine_dtft,44.162706982383504,1,identified,10,101.28990839745968,94.74626449630217,95.61583870938762,0.06571280858892575,99.21102654081635,7,11.554463240671344,True,3.8404140478414086,4.573411011712724,3.19253944384807
6,800.0,432631.4210707229,4006592.817460913,-75.7493872884654,36.20181078372383,ok,,IW3,0,14367.038896363094,978.9075395754669,153,37,3.344112217977328,13.899676390222929,0.0,0.007646728353909993,affine_dtft,44.165305885394645,1,ambiguous_multiple_blobs,11,83.51557815106837,103.54975432927033,86.68149473020408,0.07248589017455206,106.38954033403448,3,9.442382826820083,False,,,
6,850.0,432678.39497782424,4006609.947903162,-75.7488662764309,36.20196848270633,ok,85.11636117097122,IW3,0,14381.718782474585,979.5969223071238,153,37,3.344105433099635,13.899674896881402,0.0,0.007646749089568503,affine_dtft,44.16790479625137,1,identified,9,86.55235898105445,104.96209094546818,86.68149473020408,0.07248589017455206,106.38954033403448,3,12.309220039669503,True,5.642438434312634,6.571749229946277,4.818483447276007
6,900.0,432725.3688849255,4006627.0783454105,-75.74834526227129,36.202126179441,ok,71.84222291490302,IW3,0,14396.398712574464,980.28628509084,153,37,3.344098647528089,13.899673405323652,0.0,0.007646768236507283,affine_dtft,44.17050371495323,1,identified,8,85.88332819460676,107.25245250979305,115.57532630693886,0.05436441763091401,73.610459665965,4,8.848739471390326,True,3.9526463793176987,4.698252316909064,3.2933332958455366
6,950.0,432772.3427920268,4006644.2087876596,-75.74782424598656,36.20228387392782,ok,65.94121621321237,IW3,0,14411.078686662026,980.9756279261768,153,37,3.3440918611289514,13.89967191620227,0.0,0.007646768504522592,affine_dtft,44.17310264150011,1,identified,16,169.27823149989825,2.8017289548676274,42.59278493735434,0.1475175975560397,106.9275130641469,4,8.45297422964343,True,3.308830891022006,3.980969378162808,2.716421841214356
6,1000.0,432819.3166991281,4006661.3392299083,-75.74730322757677,36.20244156616671,ok,57.07235514846151,IW3,0,14425.7587047368,981.664950812705,153,37,3.344085075856975,13.899670425471243,0.0,0.007646787710762441,affine_dtft,44.175701575891935,1,identified,12,124.93561654861011,85.18699421391815,42.519285685114816,0.14777259791500233,94.76364169072603,3,8.699454790243829,True,2.457931109349098,3.0271061625558886,1.9603503836504692
6,1050.0,432866.2906062294,4006678.469672157,-75.74678220704195,36.20259925615766,ok,42.446612358842174,IW3,0,14440.438766797015,982.3542537503564,153,37,3.344078289918163,13.89966893587104,0.0,0.00764680755318456,affine_dtft,44.178300518128374,1,identified,5,129.29808022219862,86.36671512817442,42.33718940644977,0.14840818191446567,97.12501634890167,2,10.476507545957462,True,1.344825244832936,1.7594634930295254,0.9919993630647674
6,1100.0,432913.26451333065,4006695.6001144056,-75.7462611843821,36.202756943900624,ok,38.982175614017066,IW3,0,14455.118872842282,983.0435367387448,153,37,3.3440715065168667,13.899667447502626,0.0,0.0076468269689939266,affine_dtft,44.18089946820938,1,identified,5,136.53339508894456,86.91076231501074,42.33718940644977,0.14840818191446567,97.12501634890167,2,8.81125414610439,True,1.1319024430195421,1.5121212098170578,0.8117291694837998
6,1150.0,432960.23842043197,4006712.7305566547,-75.7457401595973,36.202914629395565,ok,,IW3,0,14469.799022870586,983.7327997776746,153,37,3.344064723104566,13.899665958995781,0.0,0.007646826366353716,affine_dtft,44.18349842613459,1,ambiguous_multiple_blobs,10,141.16445807037252,88.38968167604165,29.39423573194232,0.21375569565674174,87.36756513101344,5,15.521279364302337,False,,,
6,1200.0,433007.2123275332,4006729.8609989034,-75.74521913268757,36.20307231264243,ok,41.9170391527921,IW3,0,14484.479216881471,984.4220428667383,153,37,3.3440579391287435,13.899664472373772,0.0,0.007646847311970915,affine_dtft,44.186097391903914,1,identified,10,27.503283985202415,89.58243141798599,28.735037958053894,0.21865937036002858,87.42664053682309,5,18.084979406695535,True,1.311045172038301,1.720375192396292,0.9632450422960611
6,1250.0,433054.18623463454,4006746.991441152,-75.74469810365292,36.203229993641216,ok,,IW3,0,14499.159454873636,985.1112660059267,153,37,3.3440511540225955,13.89966298771056,0.0,0.007646866273989988,affine_dtft,44.188696365517124,1,ambiguous_multiple_blobs,5,48.68970230460539,71.48224248471648,63.384008764433624,0.09912887224490669,68.19859051364809,2,7.257487078381178,False,,,
6,1300.0,433101.16014173586,4006764.121883401,-75.74417707249341,36.203387672391834,ok,71.7790683796055,IW3,0,14513.839736846196,985.8004691946137,153,37,3.3440443716417194,13.899661501161434,0.0,0.007646866967464478,affine_dtft,44.19129534697407,1,identified,3,58.88276583102248,70.21203199291669,54.67889009387264,0.11491062266246851,70.01689347809993,5,12.99946198058258,True,3.945417254361041,4.690213201773408,3.286838425712631
6,1350.0,433148.1340488371,4006781.25232565,-75.74365603920906,36.20354534889427,ok,,IW3,0,14528.520062797454,986.4896524326825,153,37,3.34403758689261,13.899660015476698,0.0,0.007646886799753742,affine_dtft,44.193894336274454,1,ambiguous_multiple_blobs,4,58.60709591375691,70.18471862049729,54.67889009387264,0.11491062266246851,70.01689347809993,5,19.445927689036,False,,,
6,1400.0,433195.10795593844,4006798.3827678985,-75.7431350037999,36.20370302314848,ok,110.67592107156372,IW3,0,14543.200432727057,987.1788157199662,153,37,3.344030803078479,13.899658532403206,0.0,0.007646906743823096,affine_dtft,44.19649333341821,1,identified,2,121.09657826962703,69.07357757558042,131.92327708688998,0.04762757146368664,75.06858282186217,4,10.458841882552198,True,9.967229707270704,11.359255952819048,8.744169193013951
6,1450.0,433242.0818630397,4006815.513210147,-75.74261396626599,36.20386069515442,ok,129.34159806412742,IW3,0,14557.880846633307,987.8679590559656,153,37,3.3440240213077614,13.899657048915607,0.0,0.0076469044590393095,affine_dtft,44.19909233840504,1,identified,2,135.34356604752273,78.71806008395399,131.92327708688998,0.04762757146368664,75.06858282186217,4,13.522075583571327,True,14.227107341032292,16.1175320144935,12.596836306932234
6,1500.0,433289.055770141,4006832.6436523963,-75.74209292660734,36.20401836491208,ok,129.34159806412742,IW3,0,14572.56130451531,988.5570824406938,153,37,3.3440172393804186,13.899655565464517,0.0,0.007646924577037272,affine_dtft,44.20169135123478,1,identified,1,124.82039389815533,83.6082151324491,124.17824001860234,0.05059811852896565,75.96375653207325,3,13.264164726373819,True,14.227107341032292,16.1175320144935,12.596836306932234
6,1550.0,433336.0296772423,4006849.774094645,-75.74157188482397,36.20417603242138,ok,,IW3,0,14587.241806372356,989.2461858736217,153,37,3.344010456306759,13.899654083714275,0.0,0.007646945323144305,affine_dtft,44.204290371907305,1,ambiguous_multiple_blobs,2,123.57885960746592,86.95671020328192,127.01156821934933,0.04946939397148855,82.8749836510979,2,18.036913983659318,False,,,
6,1600.0,433383.0035843436,4006866.9045368936,-75.74105084091596,36.2043336976823,ok,,IW3,0,14601.922352202355,989.9352693545395,153,37,3.344003674168831,13.899652602359545,0.0,0.007646944863286898,affine_dtft,44.20688940042226,1,ambiguous_multiple_blobs,9,27.801440797903055,75.83951350510709,248.35648003720473,0.025299059264482816,14.036243467926967,2,5.15538545485095,False,,,
6,1650.0,433429.9774914449,4006884.0349791427,-75.7405297948833,36.204491360694824,ok,50.32086030540353,IW3,0,14616.60294200525,990.6243328834352,153,37,3.3439968926173833,13.899651124719787,0.0,0.0076469644966961434,affine_dtft,44.20948843677962,1,identified,10,27.94103382260339,75.80231181699746,29.114886862652565,0.215806619370361,75.17352002964428,6,22.75557854631247,True,1.9003647587586423,2.3961528874371307,1.4711541216418957
6,1700.0,433476.95139854617,4006901.1654213914,-75.74000874672603,36.204649021458856,ok,50.32086030540353,IW3,0,14631.28357577949,991.3133764595323,153,37,3.343990110794292,13.89964964474349,0.0,0.007646983974243657,affine_dtft,44.21208748097912,1,identified,6,28.674908530815166,75.20085700438021,28.756784962648563,0.21849401159902443,75.02712423321302,5,14.767188162643262,True,1.9003647587586423,2.3961528874371307,1.4711541216418957
6,1750.0,433523.9253056475,4006918.29586364,-75.7394876964442,36.20480667997441,ok,92.04644602417952,IW3,0,14645.964253524215,992.0024000829703,153,37,3.343983330473874,13.899648164252373,0.0,0.007647003939859431,affine_dtft,44.21468653302061,1,identified,5,70.23071470552941,104.55825697678286,93.09090909090945,0.06749515466696795,179.99999999999972,6,6.034781999463413,True,6.666860939190652,7.704811380967185,5.747252262602084
6,1800.0,433570.89921274874,4006935.4263058887,-75.73896664403783,36.20496433624141,ok,,IW3,0,14660.644975237235,992.6914037532533,153,37,3.343976547129562,13.899646688110966,0.0,0.0076470020149712265,affine_dtft,44.21728559290369,1,ambiguous_multiple_blobs,4,69.23656121247659,106.13124737531797,94.7498509052934,0.06631340574308558,2.1210963966617413,5,4.471469756374358,False,,,
6,1850.0,433617.87311985006,4006952.556748138,-75.73844558950697,36.20512199025984,ok,143.13341059349693,IW3,0,14675.325740919247,993.3803874701938,153,37,3.343969767633539,13.89964521091166,0.0,0.007647023012786889,affine_dtft,44.2198846606285,1,identified,12,273.59130463853415,36.72287085556248,217.22320318050748,0.028925019128635186,81.86989764584354,6,4.669362054978574,True,18.16369255299348,20.588028426229194,16.120751398911562
6,1900.0,433664.8470269513,4006969.6871903865,-75.73792453285162,36.205279642029645,ok,152.63812458359092,IW3,0,14690.006550567923,994.06935123348,153,37,3.3439629883294852,13.899643735873047,0.0,0.007647043312010696,affine_dtft,44.22248373619462,1,identified,3,287.70436017966284,24.615782836705325,131.1097650512854,0.04792309180572349,50.19442890773478,2,7.874409164739482,True,21.38391761721906,24.31954153956876,18.966690969077558
6,1950.0,433711.82093405264,4006986.817632635,-75.73740347407185,36.2054372915508,ok,151.07359342427372,IW3,0,14704.687404182196,994.7582950429753,153,37,3.34395620782227,13.899642260761114,0.0,0.007647042673337443,affine_dtft,44.22508281960186,1,identified,3,260.0188274538134,22.836132178811265,131.1097650512854,0.04792309180572349,50.19442890773478,2,9.088224516865186,True,20.820525851799317,23.660927505510497,18.471533464078263
6,2000.0,433758.7948411539,4007003.9480748842,-75.73688241316769,36.20559493882327,ok,135.74416192158222,IW3,0,14719.368301761268,995.4472188983092,153,37,3.343949425295432,13.899640786448918,0.0,0.007647063274907657,affine_dtft,44.22768191085008,1,identified,3,128.41986605232228,49.02670687757705,131.1097650512854,0.04792309180572349,50.19442890773478,2,14.262262891687294,True,15.95854715350774,18.073280118786464,14.152064392047713
6,2050.0,433805.7687482552,4007021.078517133,-75.73636135013915,36.20575258384698,ok,121.56926773485455,IW3,0,14734.049243304158,996.136122799011,153,37,3.34394264775143,13.899639310324982,0.0,0.007647082279934671,affine_dtft,44.23028100993911,1,identified,5,130.12429612520046,49.15668211793245,144.8154687870049,0.0433875286929528,45.0,6,10.835141325142807,True,12.321369349263875,13.980736539760835,10.87711287805696
6,2100.0,433852.74265535653,4007038.2089593816,-75.73584028498627,36.20591022662193,ok,108.14731472459746,IW3,0,14748.73022880965,996.82500674513,153,37,3.3439358674595243,13.899637838375913,0.0,0.007647082403507306,affine_dtft,44.23288011686873,1,identified,8,61.69561856377049,87.77075048852706,140.57604566705007,0.04469598840517333,48.17983011986422,7,11.879020898514645,True,9.468537290190364,10.805920388334126,8.291507485682665
6,2150.0,433899.7165624578,4007055.33940163,-75.73531921770909,36.20606786714806,ok,102.73157109096285,IW3,0,14763.411258276648,997.5138707361864,153,37,3.3439290879882027,13.899636365553143,0.0,0.11708760536331328,affine_dtft,44.23547923163875,1,identified,3,61.59063297983943,88.81484500678484,60.235294117647,0.1043106935762237,89.99999999999982,2,26.93252170522005,True,8.45624536277626,9.684281270221408,7.372191007362506
6,2200.0,433946.6904695591,4007072.4698438793,-75.73479814830765,36.206225505425344,ok,92.21059666695234,IW3,0,14778.092331703578,998.2027147720714,153,37,3.3439223100924056,13.899634893962308,0.0,0.3641459151431452,affine_dtft,44.2380783542489,1,identified,1,62.406768122800116,89.89662409593417,63.99999999999993,0.09817477042468115,89.99999999999982,1,29.538859345423745,True,6.692380126432151,7.733030133861305,5.770410290700791
6,2250.0,433993.66437666037,4007089.600286128,-75.73427707678198,36.20638314145372,ok,65.05186901200797,IW3,0,14792.773449089991,998.8915388522325,153,37,3.343915531050906,13.89963342213255,0.0,0.4921599043658482,affine_dtft,44.240677484699084,1,identified,3,63.74908816773457,90.8759386772415,104.03104688311235,0.06039721309581047,61.69924423399351,3,10.269000341945173,True,3.217269322368908,3.8787023830930236,2.634661456554403
6,2300.0,434040.6382837617,4007106.7307283767,-75.7337560031321,36.20654077523318,ok,,IW3,0,14807.454610434417,999.5803429767237,153,37,3.343908751591879,13.899631953282487,0.0,0.5392180759355674,affine_dtft,44.243276622989065,1,ambiguous_multiple_blobs,4,67.08052496122045,91.98759224816362,69.74616717104631,0.090086460117165,92.60256220249956,3,19.60703753289288,False,,,
6,2350.0,434087.61219086294,4007123.861170626,-75.73323492735805,36.20669840676366,ok,49.63247601753675,IW3,0,14822.135815735728,1000.2691271450755,153,37,3.3439019722673056,13.899630483843618,0.0,0.5135792713697303,affine_dtft,44.24587576911861,1,identified,6,31.61174739934888,83.3879540712866,31.941135047272596,0.19671139732137033,81.02737338510354,6,21.951753660000403,True,1.8477742070309064,2.3362898719241607,1.4253751280994225
6,2400.0,434134.58609796426,4007140.9916128744,-75.73271384945987,36.206856036045124,ok,31.499619062344888,IW3,0,14836.852936691057,1000.9578695552065,154,37,3.319177844129938,13.899629013337732,0.0,0.49487127563302163,affine_dtft,44.24847076077049,1,identified,3,30.970308384219884,83.11008108168593,31.75289205483733,0.19787757588595423,82.87498365109812,3,23.9137096736835,True,0.736228252977512,1.0443412687989129,0.48496202969893965
6,2450.0,434181.5600050656,4007158.122055123,-75.73219276943759,36.20701366307753,ok,33.212736749985964,IW3,0,14851.643558490581,1001.6465473636671,154,37,3.319171115249439,13.89962754642794,0.0,0.5465222391092883,affine_dtft,44.2510572368045,1,identified,2,26.672466331899116,87.51562236083757,30.804830084924735,0.20396753657974082,83.08877288097524,2,15.326682055319576,True,0.8191471010541582,1.1435233718121562,0.5522789662433774
6,2500.0,434228.53391216684,4007175.2524973718,-75.73167168729125,36.20717128786086,ok,,IW3,0,14866.434224570625,1002.3352052150985,154,37,3.319164385805099,13.899626077844001,0.0,0.5389446491407045,affine_dtft,44.25364372063946,1,ambiguous_multiple_blobs,3,26.363693314419287,86.58411980454841,56.801300093463404,0.1106169277259667,70.5599651718237,2,5.799546256609528,False,,,
6,2550.0,434275.50781926815,4007192.382939621,-75.73115060302086,36.207328910395056,ok,63.08111962443696,IW3,0,14881.224934931219,1003.0238431090856,154,37,3.319157660702678,13.899624613334415,0.0,0.45265842273595536,affine_dtft,44.25623021227537,1,identified,3,139.7840562804791,92.27647351632463,38.35208981290919,0.16382902047399478,87.13759477388813,3,13.117057813574188,True,3.019384375476108,3.6574124578778533,2.458251380827598
6,2600.0,434322.4817263694,4007209.5133818695,-75.7306295166265,36.207486530680086,ok,73.83988280427435,IW3,0,14896.015689569924,1003.7124610454418,154,37,3.3191509326486006,13.899623147307274,0.0,0.26547902542627166,affine_dtft,44.25881671171183,1,identified,2,36.963786037193984,85.36792798510669,38.35208981290919,0.16382902047399478,87.13759477388813,3,17.26976456874525,True,4.185164291773312,4.9566743703731255,3.5024083417840304
6,2650.0,434369.45563347073,4007226.643824118,-75.73010842810815,36.20764414871591,ok,91.58377929995694,IW3,0,14910.806488486922,1004.4010590238566,154,37,3.319144207027768,13.899621680939322,0.0,0.007738780866300722,affine_dtft,44.26140321894886,1,identified,2,36.21683232117598,85.5931573433029,144.8154687870047,0.04338752869295286,98.13010235415544,2,8.568949259852563,True,6.595252478174741,7.6256273713681875,5.682273741714167
6,2700.0,434416.429540572,4007243.7742663673,-75.72958733746586,36.20780176450248,ok,,IW3,0,14925.597331680685,1005.0896370440161,154,37,3.319137479329089,13.89962021636523,0.0,0.007738802387571147,affine_dtft,44.26398973398619,1,ambiguous_multiple_blobs,3,35.46133042147452,85.70291659022348,152.8377124162543,0.0411101763291726,95.71059313749909,3,7.457869710673024,False,,,
6,2750.0,434463.4034476733,4007260.904708616,-75.72906624469968,36.20795937803975,ok,115.50660882096606,IW3,0,14940.388219149461,1005.7781951056327,154,37,3.3191307536001995,13.899618754964424,0.0,0.007738801650831591,affine_dtft,44.266576256823505,1,identified,7,144.31959188736093,91.43530347110193,144.8154687870047,0.04338752869295286,98.13010235415544,4,6.217179493788731,True,10.968587279166993,12.472253611210949,9.652356855159983
6,2800.0,434510.37735477457,4007278.0351508646,-75.72854514980965,36.20811698932772,ok,,IW3,0,14955.179150892805,1006.4667332086086,154,37,3.3191240284990617,13.899617291015199,0.0,0.0077388223205429865,affine_dtft,44.26916278746076,1,ambiguous_multiple_blobs,13,24.483145549182655,76.43984598560253,127.01156821934933,0.04946939397148855,97.12501634890134,2,9.364373256303516,False,,,
6,2850.0,434557.3512618759,4007295.1655931138,-75.72802405279576,36.20827459836631,ok,92.00717883655285,IW3,0,14969.97012690932,1007.155251352482,154,37,3.31911730297989,13.899615830138753,0.0,0.00773884232227611,affine_dtft,44.27174932589768,1,identified,10,56.08250211321886,88.46478938013938,56.88888888888882,0.11044661672776629,89.99999999999983,3,8.281568609014009,True,6.660765171671272,7.698070759677119,5.741720624241996
6,2900.0,434604.3251689772,4007312.2960353624,-75.72750295365809,36.20843220515549,ok,81.27626370917737,IW3,0,14984.761147197656,1007.8437495369612,154,37,3.3191105774639613,13.89961436738555,0.0,0.007738841844851171,affine_dtft,44.27433587213403,1,identified,7,104.24932690885089,4.082388145301053,56.88888888888882,0.11044661672776629,89.99999999999983,3,9.396551531344285,True,5.117889367787473,5.991069112253534,4.343847902076036
6,2950.0,434651.29907607846,4007329.426477611,-75.72698185239665,36.208589809695226,ok,81.27626370917737,IW3,0,14999.552211757347,1008.5322277618908,154,37,3.319103851296102,13.899612910077037,0.0,0.007738863113960198,affine_dtft,44.27692242616975,1,identified,6,106.88383596227118,4.045215790421423,109.43546878142905,0.057414523619656925,4.085616779975145,3,3.6060988379087053,True,5.117889367787473,5.991069112253534,4.343847902076036
6,3000.0,434698.2729831798,4007346.5569198597,-75.72646074901148,36.20874741198548,ok,89.40538864927355,IW3,0,15014.343320586553,1009.2206860269474,154,37,3.319097127373608,13.899611448041716,0.0,0.007738883050607625,affine_dtft,44.2795089880045,1,identified,5,114.37900390388238,66.7485501821891,101.89180827750278,0.06166526449375895,5.7105931374998935,2,3.355755490868426,True,6.264360903106662,7.259711756601446,5.38211198365234
7,250.0,432193.75321939413,4006185.6829427546,-75.75422018295744,36.19810994334405,touches_land_or_unmapped,,,,,,,,,,,,,,,,,,,,,,,,,,,
7,300.0,432240.8179846729,4006202.562156873,-75.7536981731233,36.19826540463584,touches_land_or_unmapped,,,,,,,,,,,,,,,,,,,,,,,,,,,
7,350.0,432287.8827499516,4006219.4413709915,-75.75317616118947,36.19842086367117,touches_land_or_unmapped,,,,,,,,,,,,,,,,,,,,,,,,,,,
7,400.0,432334.94751523033,4006236.3205851098,-75.75265414715601,36.198576320449995,ok,,IW3,0,14262.651501695613,956.9059190608793,153,37,3.3442476937221426,13.89969162527749,0.0,0.00764627974558172,affine_dtft,44.14686991122793,1,identified,2,102.82850203212863,78.45240953846185,81.91999999999992,0.07669903939428213,89.99999999999976,4,11.828045109470015,True,,,
7,450.0,432382.0122805091,4006253.1997992285,-75.75213213102289,36.19873177497227,ok,80.88280258634926,IW3,0,14277.345674030075,957.5765681370223,153,37,3.3442410013598467,13.899690128616879,0.0,0.007646300646704801,affine_dtft,44.149471401976626,1,identified,2,74.53953861981431,93.98663753785303,87.77142857142849,0.07158577010132999,89.99999999999973,6,13.060228855946653,True,5.065824508188333,5.933401210823202,4.296784170592137
7,500.0,432429.0770457878,4006270.0790133467,-75.7516101127902,36.19888722723799,ok,,IW3,0,14292.039889627498,958.2471972233828,153,37,3.3442343053903323,13.89968863925977,0.0,0.0076463206317519865,affine_dtft,44.15207290044204,1,ambiguous_multiple_blobs,2,71.99680324001098,92.4121420561778,111.06839440315186,0.05657041628217941,77.47119229084822,2,11.857683719654561,False,,,
7,550.0,432476.14181106654,4006286.9582274654,-75.75108809245798,36.19904267724708,ok,75.53448289214288,IW3,0,14306.734148486645,958.9178063194211,153,37,3.344227614097585,13.899687146170455,0.0,0.007646319455366289,affine_dtft,44.15467440662398,1,identified,2,71.18398053415966,91.84689191059199,72.9569791876194,0.08612178542948536,94.08561677997461,2,19.107146231407594,True,4.388313168250699,5.182241886655299,3.685329694607142
7,600.0,432523.20657634526,4006303.837441584,-75.75056607002621,36.199198124999505,ok,69.99529277744755,IW3,0,14321.428450608408,959.5883954250055,153,37,3.344220919505254,13.89968565550157,0.0,0.007646339065596281,affine_dtft,44.1572759205226,1,identified,1,71.04060188738688,90.61469322140499,73.14285714285705,0.085902924121596,89.99999999999979,1,15.122964450508823,True,3.7442882014659573,4.466425532239229,3.1062796672420308
7,650.0,432570.27134162403,4006320.7166557023,-75.75004404549496,36.19935357049525,ok,61.549653942115626,IW3,0,14336.122795989615,960.258964539841,153,37,3.344214227305169,13.89968416471474,0.0,0.007646360354275468,affine_dtft,44.15987744213733,1,identified,4,69.5311478847342,88.74357036580959,68.26666666666658,0.09203884727313859,89.9999999999998,2,8.980752847245995,True,2.8703348952505845,3.4904662752768227,2.325666359614611
7,700.0,432617.33610690275,4006337.595869821,-75.74952201886428,36.199509013734236,ok,52.51167782474935,IW3,0,14350.817184629714,960.9295136636119,153,37,3.3442075355882857,13.89968267468358,0.0,0.007646358899748983,affine_dtft,44.162478971468076,1,identified,12,209.17435287202287,21.000671204185792,65.61466811264717,0.09575885221872375,160.01689347809975,3,6.4048400024282195,True,2.07294438214082,2.592125878085394,1.6218675909268825
7,750.0,432664.40087218146,4006354.4750839393,-75.74899999013417,36.19966445471646,ok,43.43652611633553,IW3,0,14365.51161652789,961.6000427961312,153,37,3.3442008406445654,13.899681185702725,0.0,0.007646379648092522,affine_dtft,44.165080508514706,1,identified,9,27.659396887356653,75.73748483036758,27.767098600787957,0.2262816651287177,77.47119229084842,3,12.368375303609238,True,1.4091688340713957,1.8337768925675422,1.0469134701117424
7,800.0,432711.46563746023,4006371.354298058,-75.74847795930468,36.19981989344186,ok,35.21887120200063,IW3,0,14380.206091682969,962.2705519369731,153,37,3.344194148165829,13.899679698231576,0.0,0.007646399326203504,affine_dtft,44.16768205327699,1,identified,2,28.041360791327403,76.51537777987568,27.767098600787957,0.2262816651287177,77.47119229084842,3,20.858662856960944,True,0.9220166119981487,1.2656157061545181,0.6367527051146787
7,850.0,432758.53040273895,4006388.233512176,-75.74795592637585,36.19997532991042,ok,27.5316159984696,IW3,0,14394.900610093586,962.9410410860872,153,37,3.344187456258323,13.899678211083907,0.0,0.007646396366232034,affine_dtft,44.17028360575471,1,identified,3,27.78785770740517,76.66672805379707,27.767098600787957,0.2262816651287177,77.47119229084842,3,17.532179270148912,True,0.56147020442187,0.8324079260738878,0.34600081629199675
7,900.0,432805.59516801767,4006405.112726295,-75.74743389134771,36.200130764122086,ok,27.35650776824624,IW3,0,14409.595171758465,963.6115102431218,153,37,3.3441807653597024,13.899676724158775,0.0,0.007646416716252028,affine_dtft,44.17288516594763,1,identified,3,27.351352438963517,76.94443433352271,27.178392094992077,0.2311831136006509,76.70142966950567,3,20.62615446259428,True,0.5543121319997986,0.8236241948591501,0.34041238295589066
7,950.0,432852.6599332964,4006421.991940413,-75.74691185422029,36.200286196076824,ok,51.21065422507119,IW3,0,14424.289776677235,964.2819594076867,153,37,3.3441740724721223,13.899675239295432,0.0,0.00764643725667043,affine_dtft,44.17548673385569,1,identified,4,27.104324576759893,77.02204690294501,27.178392094992077,0.2311831136006509,76.70142966950567,3,16.047338247518553,True,1.9694994084945794,2.4747424596646854,1.5314429255735298
7,1000.0,432899.72469857516,4006438.871154532,-75.74638981499363,36.20044162577459,ok,74.89611637441001,IW3,0,14438.984424847846,964.9523885796174,153,37,3.344167381144899,13.899673754746406,0.0,0.007646437660250649,affine_dtft,44.17808830947851,1,identified,9,110.40879404891679,113.6637306214294,26.89155744967115,0.23364899258582814,76.32869286780412,4,11.410753815333198,True,4.311144628562796,5.096578959286879,3.615818700789767
7,1050.0,432946.7894638539,4006455.75036865,-75.74586777366777,36.20059705321535,ok,92.00120700769726,IW3,0,14453.679116269795,965.6227977587325,153,37,3.344160691075308,13.899672269601288,0.0,0.007646457637848969,affine_dtft,44.18068989281603,1,identified,11,76.02747115994757,45.70840955574684,147.03783088491267,0.04273176004682408,68.96248897457795,4,6.291771096321141,True,6.6598384127397,7.69704596124502,5.740879635720897
7,1100.0,432993.8542291326,4006472.629582769,-75.74534573024272,36.20075247839906,ok,114.37810977296049,IW3,0,14468.373850941764,966.2931869446489,153,37,3.344154000339129,13.89967078576404,0.0,0.007646476611511872,affine_dtft,44.18329148386799,1,identified,12,29.316037781803082,69.17628201265163,146.19440934748212,0.04297828716722949,78.23171106797898,7,7.781355683312271,True,10.728784663478327,12.205461135870319,9.43497230051114
7,1150.0,433040.91899441136,4006489.5087968875,-75.74482368471854,36.20090790132568,ok,131.7553538385818,IW3,0,14483.06862886217,966.9635561369936,153,37,3.3441473073077304,13.899669303638955,0.0,0.007646475100809819,affine_dtft,44.185893082634124,1,identified,9,146.62492704350043,84.95160674650226,112.70384526142826,0.05574952028127422,73.55962047831963,14,7.516690730064935,True,14.861693541979925,16.832598818186025,13.167712905029601
7,1200.0,433087.9837596901,4006506.3880110057,-75.74430163709525,36.20106332199518,ok,127.94778766159922,IW3,0,14497.763450031023,967.6339053356998,153,37,3.3441406193320713,13.899667820623657,0.0,0.0076464948545139876,affine_dtft,44.188494689114435,1,identified,2,131.77236929859097,86.78363336980786,139.06290592130824,0.04518232425500343,84.80557109226486,3,10.563199025452912,True,13.87022591889821,15.716210212829354,12.275371297305117
7,1250.0,433135.0485249688,4006523.2672251244,-75.7437795873729,36.20121874040752,ok,124.30890579210279,IW3,0,14512.458314445965,968.3042345404524,153,37,3.3441339294097454,13.899666341334607,0.0,0.007646515427484894,affine_dtft,44.191096303308505,1,identified,2,126.11415463047499,88.97802554229747,113.77777777777767,0.05522330836388313,89.99999999999966,2,35.457343084238836,True,12.970118146675087,14.706472222480102,11.463363385157756
7,1300.0,433182.11329024757,4006540.1464392426,-75.74325753555149,36.201374156562636,ok,127.17045038368698,IW3,0,14527.15322210715,968.974543750718,153,37,3.344127239273585,13.899664859141286,0.0,0.007646514590072888,affine_dtft,44.19369792521636,1,identified,1,125.35285153504576,89.62625307003313,127.99999999999986,0.04908738521234057,89.99999999999962,1,17.02100432314712,True,13.67415101704176,15.495960520648573,12.098633700403942
7,1350.0,433229.1780555263,4006557.0256533613,-75.7427354816311,36.20152957046053,ok,124.19733649928168,IW3,0,14541.84817301217,969.644832966663,153,37,3.3441205487925107,13.899663382403388,0.0,0.007646534532540366,affine_dtft,44.19629955483758,1,identified,1,126.86211124225323,91.17078196426367,127.99999999999986,0.04908738521234057,89.99999999999962,1,8.973195355348215,True,12.94322280639155,14.676352684201209,11.439074942940662
7,1400.0,433276.242820805,4006573.9048674796,-75.74221342561174,36.201684982101135,ok,127.5057841096746,IW3,0,14556.543167160236,970.3151021877276,153,37,3.3441138591746573,13.899661901216167,0.0,0.007646556346967682,affine_dtft,44.198901192172,1,identified,2,131.62377549225081,94.0970459708093,127.01156821934933,0.04946939397148855,97.12501634890134,2,4.49611409050044,True,13.758478022513819,15.590663888009754,12.174654516271966
7,1450.0,433323.3075860837,4006590.7840815983,-75.74169136749344,36.20184039148441,ok,,IW3,0,14571.238204550771,970.9853514136059,153,37,3.34410717005539,13.899660423635996,0.0,0.007646555242717917,affine_dtft,44.201502837219564,1,ambiguous_multiple_blobs,5,131.6465745040971,96.70791468103943,127.01156821934933,0.04946939397148855,97.12501634890134,2,3.8459476936267234,False,,,
7,1500.0,433370.3723513625,4006607.6632957165,-75.74116930727624,36.201995798610334,ok,134.17090103895362,IW3,0,14585.933285182644,971.6555806441644,153,37,3.344100481610871,13.899658947583939,0.0,0.007646574535924924,affine_dtft,44.20410448998003,1,identified,2,132.45725239911275,101.06511061364712,127.01156821934933,0.04946939397148855,97.12501634890134,2,3.4561468248848644,True,15.518545168524565,17.57483341191046,13.757570534296839
7,1550.0,433417.4371166412,4006624.542509835,-75.74064724496019,36.202151203478856,ok,134.1709010389536,IW3,0,14600.628409053632,972.3257898791923,153,37,3.344093792937175,13.899657470550165,0.0,0.007646593626171269,affine_dtft,44.20670615045304,1,identified,2,141.51115150865058,55.8144012510288,140.65721748345732,0.04467019481541039,105.94539590092232,2,5.103707956793589,True,15.518545168524557,17.574833411910458,13.757570534296832
7,1600.0,433464.5018819199,4006641.421723954,-75.7401251805453,36.20230660608995,ok,132.73903447503272,IW3,0,14615.32357616322,972.9959791183319,153,37,3.3440871042678997,13.8996559950261,0.0,0.007646593308720214,affine_dtft,44.20930781863847,1,identified,1,137.02635819540194,58.833130551352795,142.0032502336585,0.04424677109038668,56.309932474020094,1,7.757625131637973,True,15.12649696317118,17.13156171919202,13.40564060597107
7,1650.0,433511.5666471987,4006658.300938072,-75.73960311403161,36.20246200644356,ok,133.58258807622173,IW3,0,14630.018786511393,973.6661483612671,153,37,3.344080418339437,13.899654517894865,0.0,0.007646613608118551,affine_dtft,44.21190949453634,1,identified,1,130.51042607666687,60.09039749343691,127.01156821934926,0.04946939397148858,60.255118703057654,2,13.421457893719507,True,15.356506933965347,17.391528409357836,13.612161904517178
7,1700.0,433558.6314124774,4006675.180152191,-75.73908104541917,36.20261740453966,ok,130.82926937775187,IW3,0,14644.71404009546,974.3362976077317,153,37,3.344073729417893,13.899653044940578,0.0,0.0076466329340200544,affine_dtft,44.21451117814617,1,identified,3,123.90735053708849,58.139341043989205,127.01156821934926,0.04946939397148858,60.255118703057654,2,11.94668488106649,True,14.615699352965033,16.55517937053864,12.946530029113724
7,1750.0,433605.6961777561,4006692.059366309,-75.738558974708,36.2027728003782,ok,129.90542263853757,IW3,0,14659.409336915103,975.0064268575509,153,37,3.3440670419111824,13.89965157220917,0.0,0.007646652770198002,affine_dtft,44.2171128694679,1,identified,4,120.79346256418148,58.16407181434077,131.2293362252943,0.04787942610936189,109.98310652189942,3,5.315349505176218,True,14.373439452201183,16.282253957286795,12.728562250860483
7,1800.0,433652.76094303484,4006708.938580428,-75.73803690189814,36.20292819395915,ok,130.62888624333462,IW3,0,14674.104676968676,975.676536110386,153,37,3.3440603543666896,13.899650096573607,0.0,0.0076466532425820905,affine_dtft,44.21971456850124,1,identified,7,126.37800583218164,60.86205390966472,126.89062399110799,0.049516545112268405,75.65066795705259,11,4.608993191912831,True,14.56288840472648,16.495659882674794,12.899026522520092
7,1850.0,433699.8257083136,4006725.817794546,-75.73751482698961,36.203083585282464,ok,115.90486088258342,IW3,0,14688.800060255904,976.3466253659097,153,37,3.3440536662285214,13.899648626310285,0.0,0.007646673873241298,affine_dtft,44.22231627524614,1,identified,8,73.10554632610597,87.42617870798696,137.38401653758697,0.0457344709052131,116.5650511770775,3,3.2965375198946822,True,11.054090038661723,12.567421200643917,9.729848271913422
7,1900.0,433746.8904735923,4006742.6970086647,-75.73699274998248,36.20323897434811,ok,,IW3,0,14703.495486774436,977.0166946240391,153,37,3.3440469799419845,13.89964715534108,0.0,0.007646693268834662,affine_dtft,44.22491798970219,1,ambiguous_multiple_blobs,5,70.48791499026245,88.02955870430074,111.06839440315186,0.05657041628217941,77.47119229084822,2,8.599869046494597,False,,,
7,1950.0,433793.95523887104,4006759.576222783,-75.73647067087674,36.20339436115605,ok,84.37257877829515,IW3,0,14718.190956524273,977.6867438843196,153,37,3.3440402930505617,13.899645683794358,0.0,0.007646692058392641,affine_dtft,44.22751971186939,1,identified,4,68.75856253694808,87.25712171584323,68.11546677634442,0.09224315129205944,86.18592516570946,4,10.828097639172547,True,5.538492532852297,6.456720116939245,4.724366207909745
7,2000.0,433841.0200041498,4006776.4554369017,-75.73594858967245,36.20354974570623,ok,66.70209952519788,IW3,0,14732.886469504112,978.3567731465171,153,37,3.344033606964372,13.89964421649889,0.0,0.007646711364080195,affine_dtft,44.230121441747514,1,identified,4,66.758193089214,86.43735176191917,68.11546677634442,0.09224315129205944,86.18592516570946,4,10.151933485508808,True,3.3882912133676406,4.069661738017589,2.7874406535321437
7,2050.0,433888.08476942853,4006793.33465102,-75.73542650636965,36.20370512799862,ok,78.47101908834283,IW3,0,14747.582025711832,979.0267824103024,153,37,3.3440269207216406,13.89964274813852,0.0,0.007646731522675044,affine_dtft,44.232723179336176,1,identified,2,64.68511030108118,86.00355471837683,63.875365022904795,0.09836633113449177,86.42366562500249,2,21.214759685302784,True,4.753390417731247,5.587190311622918,4.0145711169097815
7,2100.0,433935.14953470725,4006810.2138651386,-75.73490442096836,36.203860508033195,ok,,IW3,0,14762.277625147011,979.6967716757011,153,37,3.344020236054649,13.899641277710156,0.0,0.09608686150299336,affine_dtft,44.23532492463531,1,ambiguous_multiple_blobs,2,105.45499089845417,87.7148870224253,102.39999999999988,0.061359231515425716,89.99999999999969,1,7.793132792226185,False,,,
7,2150.0,433982.21429998596,4006827.0930792573,-75.73438233346862,36.2040158858099,ok,103.31619684364863,IW3,0,14776.973267809242,980.3667409421005,153,37,3.3440135493261143,13.899639811910662,0.0,0.338730572411146,affine_dtft,44.23792667764484,1,identified,2,109.93613321800505,88.87996834519804,113.77777777777767,0.05522330836388313,89.99999999999966,2,8.08719671457163,True,8.561965054802323,9.801336710811738,7.468218056055778
7,2200.0,434029.27906526474,4006843.9722933755,-75.73386024387047,36.204171261328696,ok,119.34735558792241,IW3,0,14791.668953696104,981.0366902093627,153,37,3.3440068652503605,13.899638345790919,0.0,0.4863567888998084,affine_dtft,44.240528438364336,1,identified,2,113.69386533869299,93.81203322120973,117.80582228695603,0.0533350999568999,94.39870535499512,3,8.852802622553424,True,11.812661542363937,13.412752305679817,10.416886380895717
7,2250.0,434076.34383054345,4006860.851507494,-75.73333815217391,36.20432663458954,ok,99.9833683304731,IW3,0,14806.36468280735,981.7066194771502,153,37,3.344000178078237,13.899636879066085,0.0,0.5389160081779539,affine_dtft,44.24313020679376,1,identified,2,116.72922748610767,93.8711258831988,117.80582228695603,0.0533350999568999,94.39870535499512,3,15.569347394276017,True,7.97045597072402,9.14660487367381,6.93092957421973
7,2300.0,434123.40859582217,4006877.7307216125,-75.73281605837904,36.2044820055924,ok,96.53476596864694,IW3,0,14821.060455141334,982.3765287453033,153,37,3.3439934952491597,13.899635413668122,0.0,0.5173774442888427,affine_dtft,44.245731982932824,1,identified,1,120.92488748823845,92.80886873766157,127.99999999999986,0.04908738521234057,89.99999999999962,1,18.747400742827097,True,7.386296900594375,8.500395162513442,6.400373367610781
7,2350.0,434170.47336110094,4006894.609935731,-75.73229396248584,36.20463737433725,ok,101.79218364789286,IW3,0,14835.784242876822,983.0464010128622,154,37,3.3192687774111587,13.899633948593902,0.0,0.4895566054283032,affine_dtft,44.24833052107263,1,identified,3,129.48149856328828,89.53973367822555,22.527419300675813,0.2789127872712474,85.79464299829135,3,31.4125644608751,True,8.288131809065504,9.498175909523463,7.21948733685177
7,2400.0,434217.53812637966,4006911.4891498494,-75.73177186449436,36.20479274082404,ok,,IW3,0,14850.589538707063,983.7162037682742,154,37,3.3192621436816627,13.899632486133187,0.0,0.5445282189945662,affine_dtft,44.25091961427039,1,ambiguous_multiple_blobs,3,22.708865553596468,85.05192173550843,144.8154687870047,0.04338752869295286,81.8698976458437,4,10.368272005101915,False,,,
7,2450.0,434264.6028916584,4006928.368363968,-75.73124976440464,36.20494810505272,ok,95.18038410773927,IW3,0,14865.394878079192,984.3859865228372,154,37,3.319255510450192,13.899631023426611,0.0,0.5416142362700337,affine_dtft,44.25350871513996,1,identified,2,133.3541000863357,74.70634787634783,138.8354930039397,0.04525633302574357,77.4711922908482,5,10.832161248428074,True,7.164415472257256,8.255010844646469,6.198896620455402
7,2500.0,434311.6676569371,4006945.2475780863,-75.73072766221671,36.205103467023264,ok,,IW3,0,14880.200260991562,985.0557492765103,154,37,3.319248876145249,13.899629560758997,0.0,0.4613347088162975,affine_dtft,44.25609782368105,1,ambiguous_multiple_blobs,2,126.84933072059995,74.33427585064257,119.85013472883753,0.05242535038776029,69.44395478041629,2,9.932945918866958,False,,,
7,2550.0,434358.73242221586,4006962.126792205,-75.73020555793059,36.20525882673562,ok,106.63687251819441,IW3,0,14895.005687443205,985.7254920288563,154,37,3.319242240766822,13.899628099693965,0.0,0.2815041884743682,affine_dtft,44.25868693989351,1,identified,1,123.4835948216245,75.71477460882015,124.17824001860234,0.05059811852896565,75.96375653207325,1,9.613237181989566,True,9.178685182795627,10.484560698014517,8.028326760815327
7,2600.0,434405.7971874946,4006979.0060063233,-75.72968345154635,36.20541418418977,ok,81.7668785251178,IW3,0,14909.811157432192,986.3952147798277,154,37,3.3192356071398206,13.899626641720687,0.0,0.007738407015762963,affine_dtft,44.26127606377699,1,identified,1,124.21372882991436,75.95688297544727,124.17824001860234,0.05059811852896565,75.96375653207325,1,7.998255274433438,True,5.183243829937459,6.063447589263276,4.402937739143723
7,2650.0,434452.8619527733,4006995.885220442,-75.72916134306399,36.20556953938568,ok,94.37659657749523,IW3,0,14924.616670958774,987.0649175290973,154,37,3.3192289723357824,13.899625177799887,0.0,0.007738428551881842,affine_dtft,44.26386519533153,1,identified,7,131.26440065310373,76.68021691637536,39.355517031633255,0.1596519568559924,87.7974018382341,4,11.611841128032408,True,7.034706550798697,8.111572723931312,6.081133130671986
7,2700.0,434499.92671805207,4007012.7644345607,-75.72863923248357,36.205724892323275,ok,97.06623909898279,IW3,0,14939.422228020872,987.73460027624,154,37,3.3192223402144676,13.899623722000936,0.0,0.007738428225835051,affine_dtft,44.26645433455677,1,identified,7,39.93576099746091,88.53912399937542,39.355517031633255,0.1596519568559924,87.7974018382341,4,13.547520355474742,True,7.474514970447252,8.597965828840708,6.480487315790264
7,2750.0,434546.9914833308,4007029.643648679,-75.7281171198051,36.20588024300254,ok,101.1295361720064,IW3,0,14954.227828617511,988.4042630210789,154,37,3.3192157070925163,13.899622263869155,0.0,0.007738447144880877,affine_dtft,44.26904348145255,1,identified,7,40.22931421792563,89.29957261216597,144.8154687870049,0.0433875286929528,134.99999999999937,4,4.490913689183569,True,8.170837357157234,9.368351593988653,7.11294353318905
7,2800.0,434594.0562486095,4007046.5228627976,-75.72759500502863,36.20603559142342,ok,118.85843276567974,IW3,0,14969.033472747837,989.0739057632697,154,37,3.319209075139208,13.899620806051976,0.0,0.007738468979536505,affine_dtft,44.27163263601871,1,identified,5,148.93205414058153,128.6370360846664,137.62645262604025,0.045653907277929416,53.74616226255511,5,5.065717625940806,True,11.702762562028786,13.290166570602187,10.3174048598164
7,2850.0,434641.1210138882,4007063.402076916,-75.72707288815421,36.206190937585895,ok,136.58732935935308,IW3,0,14983.839160409747,989.7435285026299,154,37,3.3192024428831033,13.899619347804856,0.0,0.007738467987597593,affine_dtft,44.274221798254885,1,identified,1,143.0204501212865,50.56757924498377,144.49472538372035,0.043483838531087914,48.81407483429038,3,13.06063286465155,True,16.19843972395785,18.345477261413503,14.366923515830843
7,2900.0,434688.185779167,4007080.2812910345,-75.72655076918184,36.20634628148993,ok,134.53029450244009,IW3,0,14998.644891603486,990.41313123898,154,37,3.319195808315471,13.899617894378988,0.0,0.007738488520578252,affine_dtft,44.276810968161115,1,identified,1,140.66040705005142,51.7241306255183,127.99999999999989,0.04908738521234056,53.13010235415594,5,21.969668866556333,True,15.618196446224376,17.687631303614044,13.846960562795944
7,2950.0,434735.2505444457,4007097.160505153,-75.72602864811157,36.20650162313546,ok,133.49824179457337,IW3,0,15013.450666327462,991.0827139717812,154,37,3.3191891785270164,13.899616438884992,0.0,0.007738508933835188,affine_dtft,44.279400145737135,1,identified,4,139.68338838559012,53.22653136194226,127.99999999999989,0.04908738521234056,53.13010235415594,5,9.058962600324882,True,15.333385457561786,17.365383385774255,13.591407754025425
7,3000.0,434782.3153097244,4007114.0397192715,-75.72550652494344,36.20665696252245,ok,,IW3,0,15028.256484579892,991.7522767009142,154,37,3.319182544054506,13.899614982512261,0.0,0.007738508033328614,affine_dtft,44.281989330982626,1,ambiguous_multiple_blobs,4,106.34090546599894,54.38953236884313,102.39999999999988,0.061359231515425716,53.13010235415592,1,9.728300833864408,False,,,
8,250.0,432271.70098515454,4005967.3105084924,-75.75333436414813,36.196146805226995,touches_land_or_unmapped,,,,,,,,,,,,,,,,,,,,,,,,,,,
8,300.0,432318.8082274484,4005984.0708105024,-75.75281188276267,36.19630119356723,touches_land_or_unmapped,,,,,,,,,,,,,,,,,,,,,,,,,,,
8,350.0,432365.91546974226,4006000.8311125124,-75.75228939928996,36.196455579646816,touches_land_or_unmapped,,,,,,,,,,,,,,,,,,,,,,,,,,,
8,400.0,432413.02271203615,4006017.591414523,-75.75176691373002,36.19660996346573,ok,58.32294695362358,IW3,0,14275.367714348236,940.4854856120357,153,37,3.3443286127077054,13.899694906161411,0.0,0.007645951357043951,affine_dtft,44.14916561679901,1,identified,3,57.23060927470587,73.07815380085157,57.787663153469424,0.10872883526182803,73.61045966596511,4,32.718304438203496,True,2.5696518514557187,3.152863356197669,2.059069150480488
8,450.0,432460.12995433,4006034.351716533,-75.7512444260829,36.1967643450239,ok,105.83133022451887,IW3,0,14290.06849098111,941.1471880673289,153,37,3.344321964262099,13.899693414901853,0.0,0.0076459710530169455,affine_dtft,44.151768300939366,1,identified,4,57.56604177997642,73.2367644842941,57.787663153469424,0.10872883526182803,73.61045966596511,4,35.248888782507066,True,9.026512041741075,10.315913744258339,7.8901369140245405
8,500.0,432507.2371966239,4006051.112018543,-75.75072193634864,36.196918724321314,ok,105.83133022451887,IW3,0,14304.769310524058,941.8088705129178,153,37,3.344315314378931,13.899691926799344,0.0,0.007645970440487335,affine_dtft,44.15437099273399,1,identified,3,322.06907106525443,160.65857318175026,59.39351455393188,0.10578908075012436,73.14160123226162,4,26.16453319383151,True,9.026512041741075,10.315913744258339,7.8901369140245405
8,550.0,432554.3444389177,4006067.872320553,-75.75019944452724,36.19707310135793,ok,121.84588591486867,IW3,0,14319.470172977908,942.4705329485781,153,37,3.3443086641215323,13.899690436713033,0.0,0.007645989728697996,affine_dtft,44.15697369218303,1,identified,3,284.07335412695437,165.952553584272,248.35648003720473,0.025299059264482816,165.96375653207267,2,10.157050284362604,True,12.3857810288959,14.052720405967204,10.935354071921608
8,600.0,432601.4516812116,4006084.632622563,-75.74967695061878,36.1972274761337,ok,,IW3,0,14334.171078339486,943.1321753740198,153,37,3.3443020177700076,13.899688950169814,0.0,0.007646010575550246,affine_dtft,44.159576399285925,1,ambiguous_multiple_blobs,6,31.075214362753602,80.2115939957172,248.35648003720473,0.025299059264482816,165.96375653207267,2,8.304409446856319,False,,,
8,650.0,432648.5589235054,4006101.392924573,-75.74915445462327,36.1973818486486,ok,,IW3,0,14348.872026608433,943.793797789,153,37,3.3442953680310166,13.899687462194839,0.0,0.0076460082426854726,affine_dtft,44.16217911404261,1,ambiguous_multiple_blobs,7,105.92001024731451,72.99568245592059,105.49291311259303,0.05956025975388049,74.05460409907697,3,5.990246480751401,False,,,
8,700.0,432695.6661657993,4006118.153226583,-75.74863195654073,36.19753621890256,ok,109.10663383819802,IW3,0,14363.573017783996,944.4554001930838,153,37,3.3442887197374653,13.899685975721324,0.0,0.007646028030802703,affine_dtft,44.16478183645295,1,identified,3,105.32451314549236,76.28224517861175,103.32254115783341,0.06081137026606343,70.34617594194648,3,11.495106518505398,True,9.655730650390394,11.013557882376478,8.461445666555337
8,750.0,432742.77340809314,4006134.913528593,-75.74810945637122,36.197690586895575,ok,110.4516454906458,IW3,0,14378.274051865075,945.1169825861322,153,37,3.344282072191211,13.899684489940316,0.0,0.007646048123488843,affine_dtft,44.16738456651677,1,identified,1,108.15860035448767,78.95008926771477,112.92896595360881,0.05563838519304885,72.89727103094742,3,11.461162428332964,True,9.922306214046996,11.309386046924905,8.70340081683622
8,800.0,432789.88065038703,4006151.673830603,-75.74758695411478,36.197844952627605,ok,96.87987337998752,IW3,0,14392.975128849797,945.7785449680279,153,37,3.3442754255507134,13.899683005109214,0.0,0.007646048431651774,affine_dtft,44.169987304233715,1,identified,2,111.20489899764002,81.9189839814258,111.06839440315186,0.05657041628217941,77.47119229084822,4,10.990398421127399,True,7.443506331168981,8.563669154808927,6.45232678352762
8,850.0,432836.9878926809,4006168.434132613,-75.74706444977143,36.197999316098596,ok,84.7339221358917,IW3,0,14407.676248737213,946.4400873382916,153,37,3.3442687773578363,13.899681522350082,0.0,0.0076460674729463655,affine_dtft,44.17259004960363,1,identified,3,117.10745150286075,77.46951128794495,114.48668044798914,0.05488136508625571,79.6951535312337,5,10.741501881671116,True,5.588849190659892,6.512448138445745,4.769957863139548
8,900.0,432884.09513497475,4006185.194434623,-75.74654194334119,36.198153677308504,ok,70.6666859326408,IW3,0,14422.377411526897,947.1016096965999,153,37,3.3442621300284396,13.899680037616422,0.0,0.0076460879424394505,affine_dtft,44.17519280262644,1,identified,3,122.01340903189738,80.84048206416556,42.59278493735434,0.1475175975560397,73.07248693585287,4,16.4913349900308,True,3.819300269072246,4.549916843631604,3.1735871157049336
8,950.0,432931.20237726864,4006201.9547366328,-75.74601943482413,36.19830803625731,ok,57.474420743802185,IW3,0,14437.078617216726,947.7631120428781,153,37,3.344255483140152,13.899678554743113,0.0,0.007646086833144837,affine_dtft,44.177795563301764,1,identified,3,43.19062338585497,73.07380428077495,42.59278493735434,0.1475175975560397,73.07248693585287,4,20.67856726553513,True,2.4935580416233774,3.0672297725306246,1.9918094467301537
8,1000.0,432978.30961956247,4006218.7150386428,-75.74549692422026,36.198462392944954,ok,43.22135581775543,IW3,0,14451.779865806302,948.4245943767417,153,37,3.3442488363867064,13.899677074686592,0.0,0.007646105891172327,affine_dtft,44.18039833162954,1,identified,3,200.94450747498647,121.0666643460272,42.59278493735434,0.1475175975560397,73.07248693585287,4,21.434659068690667,True,1.3950497696297912,1.8174854551655146,1.034847957152075
8,1050.0,433025.41686185636,4006235.4753406527,-75.74497441152963,36.198616747371425,ok,43.43087944455579,IW3,0,14466.481157294042,949.0860566980343,153,37,3.3442421900896577,13.899675594651224,0.0,0.007646126193800185,affine_dtft,44.18300110760947,1,identified,4,41.99735971383721,71.74610914383,45.107068458958715,0.13929491589320261,75.71890426402909,5,16.16622604674591,True,1.4087973639184133,1.833348375235901,1.046595919117696
8,1100.0,433072.5241041502,4006252.235642663,-75.74445189675227,36.198771099536664,ok,,IW3,0,14481.182491679156,949.74749900637,153,37,3.344235544057706,13.899674112365618,0.0,0.007646125622021717,affine_dtft,44.18560389124144,1,ambiguous_multiple_blobs,4,36.282329104722166,60.00177958895094,228.9733608959782,0.027440682543127867,116.56505117707705,1,6.186047305325669,False,,,
8,1150.0,433119.6313464441,4006268.995944673,-75.7439293798882,36.198925449440615,ok,,IW3,0,14495.88386895993,950.4089213014591,153,37,3.3442288980456008,13.899672630579413,0.0,0.007646146589342426,affine_dtft,44.188206682525134,1,ambiguous_multiple_blobs,3,112.14267748458686,61.99838616128536,114.4866804479891,0.05488136508625573,63.434948822921854,1,21.643461615536662,False,,,
8,1200.0,433166.73858873796,4006285.756246683,-75.74340686093747,36.19907979708329,ok,114.4866804479891,IW3,0,14510.585289136074,951.070323583221,153,37,3.3442222528232173,13.899671153881448,0.0,0.007646165525755035,affine_dtft,44.190809481460505,1,identified,1,115.33600389564586,62.75636674814868,114.4866804479891,0.05488136508625573,63.434948822921854,1,19.9894279924471,True,10.751697208045057,12.230945217390955,9.455745991365431
8,1250.0,433213.8458310318,4006302.516548693,-75.7428843399001,36.1992341424646,ok,114.4866804479891,IW3,0,14525.286752206464,951.7317058510805,153,37,3.344215607402387,13.89966967705742,0.0,0.00764616588015515,affine_dtft,44.19341228804734,1,identified,1,117.12307771167401,62.73533113585639,114.4866804479891,0.05488136508625573,63.434948822921854,1,23.737376584254932,True,10.751697208045057,12.230945217390955,9.455745991365431
8,1300.0,433260.9530733257,4006319.276850703,-75.74236181677615,36.19938848558453,ok,116.99165800226112,IW3,0,14539.988258168445,952.3930681050763,153,37,3.3442089619133366,13.899668197422583,0.0,0.0076461846750745,affine_dtft,44.196015102285195,1,identified,1,116.47455558920174,62.11109719875369,114.4866804479891,0.05488136508625573,63.434948822921854,1,28.359965297865013,True,11.289772016756677,12.829860099405716,9.943395799995928
8,1350.0,433308.0603156195,4006336.037152713,-75.74183929156565,36.19954282644303,ok,107.5633431418385,IW3,0,14554.68980702235,953.0544103446946,153,37,3.3442023161944725,13.899666721128426,0.0,0.007646204153621979,affine_dtft,44.198617924174116,1,identified,1,115.00033446742007,60.98618434735415,114.4866804479891,0.05488136508625573,63.434948822921854,1,19.911798813862585,True,9.355770150349606,10.680874398596627,8.189123127133781
8,1400.0,433355.1675579134,4006352.797454723,-75.7413167642686,36.19969716504007,ok,107.42156260779623,IW3,0,14569.391398767155,953.7157325697473,153,37,3.3441956715150307,13.89966524413842,0.0,0.007646204281712559,affine_dtft,44.20122075371391,1,identified,5,116.78629607310354,59.089301602588385,127.01156821934926,0.04946939397148858,60.255118703057654,2,7.3808514305789625,True,9.328526045927454,10.650667805155305,8.164386219185282
8,1450.0,433402.27480020723,4006369.557756733,-75.74079423488509,36.19985150137562,ok,113.7813693753412,IW3,0,14584.093033400288,954.3770347802161,153,37,3.3441890281930227,13.89966377059081,0.0,0.007646223125877913,affine_dtft,44.20382359090415,1,identified,7,37.079354303768945,72.6080271545735,67.34510614587596,0.09329832064663474,63.43494882292193,5,14.46884892509938,True,10.603447051657922,12.06608315386345,9.321323479701288
8,1500.0,433449.3820425011,4006386.318058743,-75.7402717034151,36.20000583544963,ok,120.14117614288618,IW3,0,14598.794710922473,955.0383169754898,153,37,3.3441823841623877,13.899662298278187,0.0,0.007646244480543716,affine_dtft,44.20642643574494,1,identified,3,124.8923537843408,93.39770225669204,113.77777777777767,0.05522330836388313,89.99999999999966,2,15.428618052862321,True,11.992651034668636,13.6136097832521,10.579772213754039
8,1550.0,433496.48928479495,4006403.078360753,-75.73974916985873,36.200160167262055,ok,123.99600535615915,IW3,0,14613.496431330192,955.6995791554763,153,37,3.3441757404849164,13.899660823715468,0.0,0.007646243787734187,affine_dtft,44.20902928823566,1,identified,2,134.03343752547244,93.5694213568214,146.28571428571402,0.04295146206079803,89.99999999999956,2,10.323312174483032,True,12.894792607743506,14.622123964222972,11.395335393752754
8,1600.0,433543.59652708884,4006419.838662763,-75.73922663421594,36.20031449681287,ok,132.23574070951418,IW3,0,14628.198194625018,956.3608213197875,153,37,3.344169097030338,13.899659350102867,0.0,0.007646262962935988,affine_dtft,44.21163214837661,1,identified,1,140.7749791692595,93.3296383665934,146.28571428571402,0.04295146206079803,89.99999999999956,2,18.515446876116986,True,14.990556454800894,16.978041526938227,13.283519059367643
8,1650.0,433590.70376938273,4006436.598964773,-75.73870409648681,36.20046882410203,ok,130.7765776226358,IW3,0,14642.90000080388,957.0220434683067,153,37,3.344162453595578,13.89965787957367,0.0,0.007646283798576342,affine_dtft,44.21423501616724,1,identified,1,143.50177602895002,92.52267686425282,146.28571428571402,0.04295146206079803,89.99999999999956,2,22.249580891748625,True,14.601798172711801,16.539511042914814,12.934026552275347
8,1700.0,433637.81101167656,4006453.359266783,-75.73818155667138,36.200623149129484,ok,123.97212005975295,IW3,0,14657.601849866314,957.6832456005342,153,37,3.344155810222812,13.899656407695602,0.0,0.0076462824445639645,affine_dtft,44.21683789160743,1,identified,2,140.13084751161549,91.08491332854085,108.54378291265117,0.0578861832394019,57.99461679191643,2,22.67521166604758,True,12.88905582224245,14.615700933197056,11.390153935049526
8,1750.0,433684.91825397045,4006470.119568793,-75.73765901476965,36.20077747189522,ok,117.30077039333189,IW3,0,14672.303741811646,958.3444277165437,153,37,3.3441491677280784,13.899654938708709,0.0,0.007646302468310135,affine_dtft,44.21944077469712,1,identified,1,107.29626251180738,66.50468305015671,106.48196234338585,0.05900703902241587,73.0724869358528,5,14.173921668071932,True,11.357440007730958,12.90524270827547,10.004694126768056
8,1800.0,433732.0254962643,4006486.8798708036,-75.73713647078168,36.200931792399174,ok,110.62942072691085,IW3,0,14687.005676638266,959.0055898156758,153,37,3.344142525076959,13.89965346736997,0.0,0.007646322571859195,affine_dtft,44.22204366543599,1,identified,1,109.2910480288497,74.67595537649697,112.26342647129964,0.05596823030148554,74.74488129694195,5,11.0467989907528,True,9.957904278711041,11.34890331787781,8.73570645440188
8,1850.0,433779.13273855817,4006503.6401728136,-75.73661392470751,36.20108611064133,ok,114.08219212989923,IW3,0,14701.707654344273,959.6667318980459,153,37,3.344135882824944,13.899651998756726,0.0,0.0076463214359410656,affine_dtft,44.22464656382371,1,identified,1,110.83667217741345,78.09675664293142,112.92896595360881,0.05563838519304885,72.89727103094742,3,11.654652052275429,True,10.666504881008414,12.136199152626778,9.378503000349154
8,1900.0,433826.239980852,4006520.4004748235,-75.73609137654717,36.201240426621624,ok,142.45709566866302,IW3,0,14716.409674929746,960.3278539631323,153,37,3.344129240749898,13.899650530716155,0.0,0.007646342371903385,affine_dtft,44.227249469860304,1,identified,1,112.18219696607842,74.42425835776014,112.92896595360881,0.05563838519304885,72.89727103094742,3,20.376394021844835,True,17.95181796688142,20.345109981379103,15.932242792924493
8,1950.0,433873.3472231459,4006537.1607768335,-75.73556882630066,36.201394740340035,ok,150.00551296800384,IW3,0,14731.111738393309,960.9889560107121,153,37,3.34412259892837,13.899649063359352,0.0,0.007646341682690615,affine_dtft,44.22985238354551,1,identified,2,337.9719509782861,8.047561166010041,125.80763992759304,0.04994279608770812,79.38034472384454,4,10.947197080818471,True,20.443875791242437,23.22206589968576,18.13982036823224
8,2000.0,433920.4544654398,4006553.9210788435,-75.73504627396807,36.20154905179651,ok,145.0459987523289,IW3,0,14745.813844733279,961.6500380405065,153,37,3.3441159574025514,13.899647596520593,0.0,0.007646361047857661,affine_dtft,44.23245530487905,1,identified,3,328.9780545116489,164.5370143540975,248.35648003720473,0.025299059264482816,165.96375653207267,2,8.541356122804283,True,18.77456048819245,21.290069317705857,16.663428882062007
8,2050.0,433967.5617077336,4006570.6813808535,-75.73452371954941,36.201703360991026,ok,,IW3,0,14760.515993948306,962.3111000522804,153,37,3.34410931512228,13.899646130807035,0.0,0.05226620649885036,affine_dtft,44.235058233860684,1,ambiguous_multiple_blobs,2,308.585800232103,154.69697179504226,228.9733608959782,0.027440682543127867,153.4349488229211,1,6.239798265012164,False,,,
8,2100.0,434014.6689500275,4006587.4416828635,-75.73400116304471,36.201857667923534,ok,124.74646266664377,IW3,0,14775.218186038195,962.972142045808,153,37,3.3441026761388195,13.899644665418165,0.0,0.32447941165073546,affine_dtft,44.23766117049036,1,identified,3,280.5714817592127,152.42939382181416,93.09090909090897,0.0674951546669683,89.99999999999972,2,11.165172564927209,True,13.075993663203201,14.825068225404143,11.558962779221162
8,2150.0,434061.7761923213,4006604.2019848735,-75.733478604454,36.20201197259401,ok,82.34965034965026,IW3,0,14789.920421001985,963.6331640207873,153,37,3.344096034246864,13.899643201908356,0.0,0.4722032980145016,affine_dtft,44.240264114767925,1,identified,2,88.50483768468371,88.37656672796521,78.76923076923069,0.07976700097005342,89.99999999999976,4,16.091514764666044,True,5.261502459769906,6.150104354518367,4.47371321605201
8,2200.0,434108.8834346152,4006620.9622868835,-75.73295604377734,36.2021662750024,ok,71.61102366519415,IW3,0,14804.62269883758,964.2941659769559,153,37,3.3440893938732867,13.899641738704819,0.0,0.5363207698423752,affine_dtft,44.24286706669301,1,identified,1,83.92057650016406,90.07962321629839,78.76923076923069,0.07976700097005342,89.99999999999976,4,22.72318779346845,True,3.9262177989370644,4.668861105590459,3.2695906981976743
8,2250.0,434155.99067690904,4006637.7225888935,-75.73243348101475,36.20232057514866,ok,60.30596165936761,IW3,0,14819.32501954356,964.9551479139685,153,37,3.344082753665136,13.899640275927993,0.0,0.523543775230483,affine_dtft,44.245470026265345,1,identified,4,66.61042229794452,88.7690953148677,78.76923076923069,0.07976700097005342,89.99999999999976,4,22.42394739988121,True,2.752306418078139,3.358084009229511,2.2208704681080986
8,2300.0,434203.09791920293,4006654.4828909035,-75.73191091616626,36.202474873032756,ok,64.93047716102203,IW3,0,14834.042480627171,965.6161006557353,154,37,3.3193574230541008,13.89963881280426,0.0,0.4825862757517018,affine_dtft,44.248071241668924,1,identified,5,132.15351130040827,58.21099162786248,28.656516927369772,0.2192585136255178,81.41637851988598,3,17.89312315276758,True,3.2048810725619092,3.8648599161019854,2.623605626395464
8,2350.0,434250.20516149676,4006671.2431929135,-75.7313883492319,36.202629168654674,ok,67.7948128253577,IW3,0,14848.854372885304,966.2769760115324,154,37,3.3193508322985146,13.899637352497633,0.0,0.5405247226425282,affine_dtft,44.25066151251778,1,identified,5,100.65490854704564,94.85005039035345,36.56559906177622,0.17183323857389504,91.02303018866773,4,25.752976227787908,True,3.5042296047197374,4.198978867580031,2.8911634841771545
8,2400.0,434297.31240379065,4006688.0034949235,-75.73086578021173,36.20278346201435,ok,70.65914848969334,IW3,0,14863.666308330483,966.9378313472187,154,37,3.3193442408912213,13.899635891946149,0.0,0.5442839681009435,affine_dtft,44.25325179097641,1,identified,2,100.07193025859924,93.58125910217716,101.89180827750278,0.06166526449375895,95.71059313749927,2,21.02697945367761,True,3.818453525200507,4.548974580395205,3.172827119210853
8,2450.0,434344.41964608454,4006704.7637969335,-75.73034320910577,36.202937753111726,ok,72.88461888865008,IW3,0,14878.47828696091,967.5986666623489,154,37,3.3193376516875417,13.899634430515032,0.0,0.47736661772287814,affine_dtft,44.255842077044484,1,identified,1,97.34088620875737,92.77795269427239,93.09090909090897,0.0674951546669683,89.99999999999972,2,19.43630124954088,True,4.07304225481144,4.832096070737052,3.401549566857827
8,2500.0,434391.5268883784,4006721.524098944,-75.72982063591404,36.20309204194682,ok,73.5859423934899,IW3,0,14893.29030877625,968.2594819570501,154,37,3.319331061874315,13.899632973731036,0.0,0.31197027026758245,affine_dtft,44.25843237072196,1,identified,1,97.61961027608258,92.3551557700025,93.09090909090897,0.0674951546669683,89.99999999999972,2,25.84698961643063,True,4.155190858099557,4.9233771065817376,3.475438685810434
8,2550.0,434438.63413067226,4006738.284400954,-75.7292980606366,36.20324632851953,ok,66.5094759224867,IW3,0,14908.10237377413,968.920277230711,154,37,3.3193244700564195,13.899631514853866,0.0,0.02960401734583265,affine_dtft,44.26102267200842,1,identified,5,87.9907882728236,19.04921952191513,39.7838689221535,0.1579329883545041,60.94539590092281,4,14.129705379481443,True,3.3680768732346915,4.047103793575864,2.7693682982661483
8,2600.0,434485.7413729661,4006755.044702964,-75.72877548327347,36.203400612829874,ok,57.64899819967928,IW3,0,14922.91448195537,969.5810524833454,154,37,3.319317882944953,13.899630057405298,0.0,0.0077380541389018365,affine_dtft,44.263612980904014,1,identified,3,86.7261205579239,21.767621227695862,40.07221658597537,0.15679654989134292,59.420773127510955,4,11.332691910240333,True,2.509113163953191,3.084742065839031,2.005551275757816
8,2650.0,434532.84861526,4006771.805004974,-75.72825290382468,36.203554894877776,ok,,IW3,0,14937.726633317268,970.241807714498,154,37,3.3193112927211406,13.899628601936431,0.0,0.00773807492887608,affine_dtft,44.26620329740825,1,ambiguous_multiple_blobs,4,86.86222696327587,21.17060748809695,89.94923122256716,0.06985257374387889,18.434948822922184,5,15.262072511830837,False,,,
8,2700.0,434579.9558575538,4006788.565306984,-75.72773032229028,36.2037091746632,ok,,IW3,0,14952.538827859044,970.9025429238695,154,37,3.319304704961605,13.899627146047786,0.0,0.007738073177372648,affine_dtft,44.26879362152102,1,ambiguous_multiple_blobs,6,88.08033723734631,17.427164258701065,161.90861620062074,0.03880698541326608,124.69515353123325,5,6.24272050975481,False,,,
8,2750.0,434627.0630998477,4006805.325608994,-75.72720773867032,36.20386345218613,ok,,IW3,0,14967.351065579322,971.5632581113439,154,37,3.319298115020977,13.899625689169888,0.0,0.0077380941908474525,affine_dtft,44.27138395324206,1,ambiguous_multiple_blobs,6,108.67963540212321,63.80911122603076,129.52689296049672,0.04850873176658256,124.69515353123342,4,8.041781689123646,False,,,
8,2800.0,434674.1703421416,4006822.085911004,-75.72668515296479,36.20401772744651,ok,,IW3,0,14982.163346477615,972.2239532766184,154,37,3.319291525682134,13.8996242360196,0.0,0.007738114426339863,affine_dtft,44.2739742925713,1,identified,5,106.8209643656518,65.18351222222074,86.69253906926023,0.07247665571497261,61.699244233993525,5,6.564701146485167,True,,,
8,2850.0,434721.2775844354,4006838.846213014,-75.72616256517375,36.204172000444295,ok,,IW3,0,14996.975670552525,972.8846284192919,154,37,3.3192849398691586,13.899622783929432,0.0,0.007738113434174093,affine_dtft,44.27656463950848,1,ambiguous_multiple_blobs,5,23.863904656100345,84.3339717255443,67.66782468660111,0.09285336622360374,97.5946433685912,2,5.813929688162133,False,,,
8,2900.0,434768.3848267293,4006855.606515024,-75.72563997529724,36.204326271179454,ok,,IW3,0,15011.78803780251,973.5452835391673,154,37,3.3192783508135038,13.899621330675025,0.0,0.0077381352055299725,affine_dtft,44.27915499405336,1,ambiguous_multiple_blobs,2,23.98196757559582,84.38625418428902,77.85327833801777,0.08070546855971439,98.74616226255495,2,4.120490499441648,False,,,
8,2950.0,434815.49206902314,4006872.366817034,-75.72511738333529,36.204480539651954,ok,,IW3,0,15026.600448226853,974.2059186360433,154,37,3.3192717632180395,13.899619877920506,0.0,0.007738154957295887,affine_dtft,44.28174535620578,1,ambiguous_multiple_blobs,3,84.00336956767482,99.5093849240083,142.0032502336585,0.04424677109038668,56.309932474020094,1,4.685495111018898,False,,,
8,3000.0,434862.599311317,4006889.127119044,-75.72459478928792,36.20463480586175,ok,,IW3,0,15041.412901824413,974.8665337096606,154,37,3.3192651767759194,13.899618426144103,0.0,0.007738155671147509,affine_dtft,44.284335725965555,1,ambiguous_multiple_blobs,4,86.55088623787631,99.18692075333719,142.0032502336585,0.04424677109038668,56.309932474020094,1,6.158633935604457,False,,,
9,250.0,432349.1621661411,4005749.335176154,-75.75245403625804,36.19418720519509,touches_land_or_unmapped,,,,,,,,,,,,,,,,,,,,,,,,,,,
9,300.0,432396.2800673932,4005766.0654894086,-75.75193144489523,36.19434132000937,touches_land_or_unmapped,,,,,,,,,,,,,,,,,,,,,,,,,,,
9,350.0,432443.3979686453,4005782.795802663,-75.75140885144853,36.19449543256202,touches_land_or_unmapped,,,,,,,,,,,,,,,,,,,,,,,,,,,
9,400.0,432490.51586989744,4005799.5261159176,-75.75088625591795,36.194649542853035,ok,86.17302553141133,IW3,0,14287.942216486686,924.1187546425473,153,37,3.3444092861805226,13.899698189005392,0.0,0.007645621238662802,affine_dtft,44.15143607647422,1,identified,1,92.80056568172735,77.6230742818029,89.81074117703967,0.06996028787685696,74.74488129694203,4,13.49935467423271,True,5.792076339439878,6.7373148570154795,4.9540195397286295
9,450.0,432537.63377114956,4005816.256429172,-75.75036365830354,36.19480365088235,ok,83.25650515134885,IW3,0,14302.644405389377,924.778187197349,153,37,3.3444026475176902,13.899696699965563,0.0,0.007645618920899333,affine_dtft,44.15403901674229,1,identified,1,85.92279725723046,70.65635059811098,91.1348038635488,0.06894386162927457,69.14554196042148,4,12.6396996348611,True,5.384644764376397,6.286435311403878,4.585119191346114
9,500.0,432584.7516724017,4005832.9867424266,-75.74984105860534,36.194957756649956,ok,80.38278983888321,IW3,0,14317.346637108363,925.4375997385321,153,37,3.344396010330796,13.899695213724224,0.0,0.00764563874428488,affine_dtft,44.15664196464802,1,identified,1,79.19863703371196,68.19097118146443,77.5735315536455,0.08099650978033002,65.37643521383626,4,20.71444579879213,True,5.000105227511596,5.860599677638004,4.237391221766537
9,550.0,432631.8695736538,4005849.717055681,-75.74931845682337,36.19511186015578,ok,78.0258020043441,IW3,0,14332.048911643615,926.0969922655721,153,37,3.3443893742831885,13.899693723844083,0.0,0.007645658660547555,affine_dtft,44.15924492019141,1,identified,1,70.35354899188665,65.57110075726904,74.50694401116141,0.08433019754827607,67.1663458220823,3,21.90167412021829,True,4.696964844947623,5.524633319919305,3.9636449413914865
9,600.0,432678.9874749059,4005866.4473689357,-75.74879585295768,36.19526596139981,ok,73.65613471794252,IW3,0,14346.751228992463,926.7563647785348,153,37,3.344382737438801,13.899692237222261,0.0,0.007645659611406148,affine_dtft,44.16184788337199,1,identified,3,69.20552801837349,64.02380925440279,68.88792858902069,0.09120880008839453,66.19405648154218,5,19.485988254752165,True,4.163463723124465,4.932567805345005,3.4828819711262633
9,650.0,432726.105376158,4005883.17768219,-75.7482732470083,36.19542006038201,ok,,IW3,0,14361.45358915527,927.4157172769509,153,37,3.344376099114725,13.8996907540428,0.0,0.00764567802499813,affine_dtft,44.16445085418982,1,ambiguous_multiple_blobs,4,59.30181544721458,70.03748724665124,114.4866804479891,0.05488136508625573,26.565051177078146,1,11.65935049852988,False,,,
9,700.0,432773.22327741014,4005899.9079954447,-75.74775063897526,36.19557415710233,ok,,IW3,0,14376.155992129783,928.0750497605903,153,37,3.3443694647975715,13.899689268879783,0.0,0.007645698003395327,affine_dtft,44.16705383264453,1,ambiguous_multiple_blobs,4,57.59535607925198,70.96359447879877,103.97144730968249,0.06043183460229139,23.962488974578356,2,8.460917477535167,False,,,
9,750.0,432820.3411786622,4005916.6383086997,-75.7472280288586,36.19572825156073,ok,,IW3,0,14390.858437914898,928.7343622292262,153,37,3.3443628277781547,13.899687784685291,0.0,0.007645698189248856,affine_dtft,44.169656818735874,1,ambiguous_multiple_blobs,7,31.002411477104456,81.6592539719888,58.516939603926396,0.10737378526128516,72.25532837494295,3,7.363410239324933,False,,,
9,800.0,432867.4590799143,4005933.368621954,-75.74670541665836,36.195882343757155,ok,,IW3,0,14405.560926509886,929.3936546823758,153,37,3.3443561917947213,13.89968630097193,0.0,0.0076457173525712255,affine_dtft,44.172259812463764,1,identified,8,31.215488673728615,82.0150947756309,121.02308081080874,0.05191724805784672,101.68936917543878,7,2.7791164639464125,False,,,
9,850.0,432914.57698116644,4005950.0989352087,-75.74618280237456,36.1960364336916,ok,59.974783563419955,IW3,0,14420.26345791394,930.052927120079,153,37,3.344349557520777,13.899684820351288,0.0,0.007645736477575785,affine_dtft,44.17486281382804,1,identified,3,105.62889087305898,101.93722190830348,111.06839440315186,0.05657041628217941,102.52880770915111,2,5.926121307877964,True,2.721329767298403,3.3233116292991944,2.1933971663716894
9,900.0,432961.69488241855,4005966.8292484633,-75.74566018600724,36.196190521364024,ok,53.68534880431595,IW3,0,14434.966032125156,930.7121795419936,153,37,3.3443429222165837,13.899683336726618,0.0,0.007645736703341289,affine_dtft,44.17746582282838,1,identified,6,106.5891321999325,102.01180692068614,34.03891176010408,0.18458831326517045,68.55226367289458,2,13.914499399690113,True,2.168679951419359,2.700554963315039,1.7057666592698602
9,950.0,433008.81278367067,4005983.559561718,-75.74513756755645,36.196344606774346,ok,49.91168794885355,IW3,0,14449.668649142788,931.3714119475222,153,37,3.3443362880398815,13.899681855909742,0.0,0.007645756904457106,affine_dtft,44.180068839464624,1,identified,3,43.72225274641486,71.00951310886704,34.817044527003915,0.18046291385549343,72.18111108547716,2,20.84362651458057,True,1.8690112405588648,2.3604722555010964,1.4438526830240945
9,1000.0,433055.9306849228,4006000.2898749723,-75.74461494702221,36.19649868992257,ok,34.56292066532003,IW3,0,14464.3713089654,932.0306243368157,153,37,3.3443296511422216,13.899680376217923,0.0,0.007645777383544196,affine_dtft,44.18267186373655,1,identified,4,34.19821882959397,72.50826416399066,34.817044527003915,0.18046291385549343,72.18111108547716,2,25.261256022174614,True,0.887694402549709,1.224986363453954,0.6084608708982941
9,1050.0,433103.0485861749,4006017.020188227,-75.74409232440456,36.19665277080865,ok,34.62004991039608,IW3,0,14479.074011592515,932.6898167094798,153,37,3.344323017671768,13.899678896675965,0.0,0.007645775122387048,affine_dtft,44.18527489564406,1,identified,1,34.49036193577184,73.47545771268514,34.817044527003915,0.18046291385549343,72.18111108547716,2,24.395807635842573,True,0.8906570915585296,1.2284975103496882,0.6108989595329907
9,1100.0,433150.166487427,4006033.7505014814,-75.74356969970353,36.196806849432534,ok,34.52155260209215,IW3,0,14493.776757022215,933.3489890652437,153,37,3.3443163824155433,13.899677417357887,0.0,0.007645796013208298,affine_dtft,44.187877935186805,1,identified,1,34.88594969454521,74.83213827056758,34.324557985484304,0.1830521840903739,76.42956561483844,4,21.83724111428333,True,0.8855522408006407,1.2224471569327002,0.606698507618615
9,1150.0,433197.28438867914,4006050.480814736,-75.74304707291915,36.19696092579418,ok,34.44767962086421,IW3,0,14508.479545253811,934.0081414036688,153,37,3.3443097483559865,13.899675940829248,0.0,0.007645816373873241,affine_dtft,44.19048098236469,1,identified,1,34.56561589615971,76.42474943584517,34.324557985484304,0.1830521840903739,76.42956561483844,4,14.557874741767574,True,0.8817334819286666,1.2179195864498613,0.6035578238413265
9,1200.0,433244.40228993125,4006067.2111279904,-75.74252444405148,36.19711499989357,ok,34.743899179476486,IW3,0,14523.182376286108,934.6672737247587,153,37,3.344303114461815,13.899674462501237,0.0,0.00764581537703191,affine_dtft,44.193084037177485,1,identified,2,34.38563419395407,78.07231245687203,34.324557985484304,0.1830521840903739,76.42956561483844,4,14.70155592275275,True,0.8970972374566561,1.2361272034809578,0.6162014394488867
9,1250.0,433291.5201911834,4006083.9414412454,-75.74200181310054,36.197269071730666,ok,,IW3,0,14537.885250117744,935.3263860281588,153,37,3.3442964801347994,13.899672988995194,0.0,0.007645835592811494,affine_dtft,44.19568709962494,1,ambiguous_multiple_blobs,3,38.92149085515152,57.09876031657915,63.50578410967466,0.09893878794297711,82.87498365109803,1,7.49201061296128,False,,,
9,1300.0,433338.6380924355,4006100.6717545,-75.74147918006636,36.1974231413054,ok,49.51930269818673,IW3,0,14552.58816674731,935.985478313404,153,37,3.344289847820967,13.899671511215912,0.0,0.007645834214475859,affine_dtft,44.19829016970683,1,identified,4,65.5539359919098,84.49509971567498,36.00192276145302,0.17452360388670532,100.12467165539768,2,13.521877851489252,True,1.8392026458664907,2.3265261648460385,1.4179207885971323
9,1350.0,433385.7559936876,4006117.4020677544,-75.74095654494897,36.19757720861775,ok,58.13671334243362,IW3,0,14567.291126174901,936.6445505804445,153,37,3.344283213794199,13.899670036685915,0.0,0.007645853753853152,affine_dtft,44.20089324742315,1,identified,1,64.67740240696881,85.67171482803083,63.875365022904795,0.09836633113449177,86.42366562500249,2,11.499994796019969,True,2.552845345626827,3.1339572170936107,2.0442060227181367
9,1400.0,433432.8738949397,4006134.132381009,-75.74043390774843,36.19773127366769,ok,60.57509242229264,IW3,0,14581.99412839826,937.3036028290146,153,37,3.3442765834551604,13.899668563391094,0.0,0.007645873771480232,affine_dtft,44.20349633277353,1,identified,2,65.46533336979283,88.58975003127938,63.875365022904795,0.09836633113449177,86.42366562500249,2,12.415069628861437,True,2.777619463798729,3.3864897778582317,2.243330292737405
9,1450.0,433479.99179619184,4006150.8626942635,-75.73991126846474,36.19788533645517,ok,81.5061513666935,IW3,0,14596.697173417075,937.96263505878,153,37,3.344269950951259,13.89966708969478,0.0,0.007645873386792335,affine_dtft,44.206099425757884,1,identified,7,64.46026774641399,91.75943352345391,68.7942005624719,0.09133306668014604,97.72182580013074,8,8.035811486940876,True,5.148452509394314,6.02491829482386,4.371479599857727
9,1500.0,433527.10969744396,4006167.593007518,-75.73938862709797,36.19803939698014,ok,94.13339200598242,IW3,0,14611.400261228744,938.621647269396,153,37,3.3442633173748377,13.899665617022949,0.0,0.007645892335780449,affine_dtft,44.208702526375774,1,identified,2,134.76966940338232,76.23423212912581,70.3286087417287,0.08934038963082072,105.94539590092259,3,8.288869078474585,True,6.995747159050796,8.068490691415029,6.045764509978653
9,1550.0,433574.2275986961,4006184.3233207725,-75.73886598364813,36.19819345524258,ok,106.76063264527131,IW3,0,14626.103391833582,939.2806394607333,153,37,3.344256684312456,13.89966414680922,0.0,0.007645912219909179,affine_dtft,44.21130563462724,1,identified,2,135.58623587370718,79.70284769147307,140.65721748345732,0.04467019481541039,74.05460409907685,2,8.46618957105551,True,9.202212130093992,10.510638650234714,8.049690709998789
9,1600.0,433621.3454999482,4006201.053634027,-75.73834333811526,36.19834751124244,ok,118.40410617664679,IW3,0,14640.806565229792,939.9396116323995,153,37,3.34425005492251,13.899662676892683,0.0,0.00764591253206879,affine_dtft,44.213908750511976,1,identified,2,133.75842585377166,81.57625932881909,127.01156821934933,0.04946939397148855,82.8749836510979,2,10.753511400229936,True,11.601289466319189,13.177015696120508,10.225533621990762
9,1650.0,433668.4634012003,4006217.7839472815,-75.7378206904994,36.198501564979686,ok,129.74069807217091,IW3,0,14655.50978141683,940.5985637842936,153,37,3.344243422405625,13.8996612041658,0.0,0.0076459324848910624,affine_dtft,44.21651187402989,1,identified,1,124.84170358598628,83.69241140473609,127.01156821934933,0.04946939397148855,82.8749836510979,2,18.19257003342913,True,14.33056936242737,16.23398602552354,12.68997641815013
9,1700.0,433715.5813024524,4006234.514260536,-75.73729804080058,36.198655616454275,ok,127.01156821934933,IW3,0,14670.21304039296,941.2574959159223,153,37,3.3442367922541525,13.899659734623253,0.0,0.007645952113156292,affine_dtft,44.219115005180655,1,identified,1,123.67587221738228,85.07372683076424,127.01156821934933,0.04946939397148855,82.8749836510979,2,28.796432634183198,True,13.634332214382928,15.45125277638327,12.062731683719296
9,1750.0,433762.69920370454,4006251.244573791,-75.73677538901885,36.198809665666175,ok,127.01156821934933,IW3,0,14684.916342156775,941.9164080272284,153,37,3.3442301600527857,13.899658266289483,0.0,0.007645952837624749,affine_dtft,44.22171814396404,1,identified,1,124.19701268826302,85.60797258109282,127.01156821934933,0.04946939397148855,82.8749836510979,2,34.45217206359871,True,13.634332214382928,15.45125277638327,12.062731683719296
9,1800.0,433809.81710495666,4006267.9748870456,-75.73625273515424,36.19896371261533,ok,129.4218357597411,IW3,0,14699.619686707772,942.5753001177545,153,37,3.3442235306077066,13.899656798841058,0.0,0.007645972417720183,affine_dtft,44.224321290379955,1,identified,1,126.27414313551705,85.3700107770296,127.01156821934933,0.04946939397148855,82.8749836510979,2,28.872412396467094,True,14.24786210612191,16.14088904796469,12.615522460470531
9,1850.0,433856.9350062088,4006284.7052003,-75.73573007920676,36.19911775730173,ok,130.02440264483906,IW3,0,14714.323074044563,943.2341721874085,153,37,3.344216899944492,13.89965532996179,0.0,0.007645992182485456,affine_dtft,44.22692444442815,1,identified,1,128.70597261107432,84.3364846357259,127.01156821934933,0.04946939397148855,82.8749836510979,2,25.894608270693173,True,14.404465372462244,16.317191745600166,12.75648488028339
9,1900.0,433904.0529074609,4006301.4355135546,-75.73520742117648,36.19927179972532,ok,149.47151059000163,IW3,0,14729.026504165533,943.8930242359477,153,37,3.34421026884867,13.899653865527155,0.0,0.007645991181709544,affine_dtft,44.22952760610834,1,identified,2,128.7903268179688,81.60595087461425,139.06290592130824,0.04518232425500343,84.80557109226486,3,17.66460145415132,True,20.25792476613272,23.005816551158183,17.975857864133157
9,1950.0,433951.170808713,4006318.165826809,-75.7346847610634,36.199425839886054,ok,,IW3,0,14743.729977070725,944.5518562629138,153,37,3.3442036386159506,13.899652397923198,0.0,0.007646010385665978,affine_dtft,44.23213077542053,1,ambiguous_multiple_blobs,2,19.708918777268643,67.49641223126278,124.17824001860234,0.05059811852896565,75.96375653207325,1,10.207250748376357,False,,,
9,2000.0,433998.2887099651,4006334.8961400636,-75.7341620988676,36.199579877783904,ok,182.8876353071025,IW3,0,14758.433492757984,945.2106682680622,153,37,3.3441970090429947,13.899650934948056,0.0,0.0076460312923508885,affine_dtft,44.23473395236435,1,identified,6,19.657809705723945,67.14044086185692,204.79999999999964,0.030679615757712875,36.86989764584419,2,4.25293672788165,True,36.206735026462006,43.14604640942808,31.418948932391515
9,2050.0,434045.40661121724,4006351.626453318,-75.73363943458907,36.199733913418825,ok,,IW3,0,14773.13705122686,945.8694602512222,153,37,3.344190379838592,13.899649470183013,0.0,0.2959667837239807,affine_dtft,44.237337136939715,1,identified,2,199.36628089822315,44.22879084200718,204.79999999999964,0.030679615757712875,36.86989764584419,2,6.272764742524183,True,,,
9,2100.0,434092.52451246936,4006368.3567665727,-75.73311676822787,36.199887946790795,ok,,IW3,0,14787.840652474899,946.5282322122695,153,37,3.3441837504930407,13.899648006193452,0.0,0.4567247949592069,affine_dtft,44.23994032914618,1,ambiguous_multiple_blobs,3,186.71733691758146,47.400388940066996,181.01933598375595,0.03471002295436228,45.0,1,5.7718584491520675,False,,,
9,2150.0,434139.6424137214,4006385.087079827,-75.73259409978402,36.20004197789975,ok,,IW3,0,14802.54429650324,947.1869841505825,153,37,3.344177122665869,13.899646544267368,0.0,0.5326814590322628,affine_dtft,44.242543528983965,1,ambiguous_multiple_blobs,3,61.130826296964905,90.2547101576673,159.92193217393253,0.03928907825066757,51.340191745909806,2,4.594389661114436,False,,,
9,2200.0,434186.76031497354,4006401.8173930817,-75.73207142925759,36.20019600674566,ok,,IW3,0,14817.247983308285,947.8457160660172,153,37,3.344170494333388,13.899645082096606,0.0,0.5289453586939665,affine_dtft,44.245146736452426,1,ambiguous_multiple_blobs,3,59.97351118523149,90.75167067075546,101.89180827750278,0.06166526449375895,84.28940686250012,2,5.955439002553735,False,,,
9,2250.0,434233.87821622565,4006418.5477063367,-75.73154875664856,36.200350033328505,ok,99.48512984519512,IW3,0,14831.95171289052,948.5044279585613,154,37,3.320638148430756,13.899643620719782,0.0,0.4730704158569811,affine_dtft,44.24774995155165,1,identified,3,137.58274367240375,57.67298178172958,61.39090690386666,0.10234716546896043,92.29061004263832,3,20.21897063721127,True,7.884330111745109,9.05131028150758,6.8526998657948095
9,2300.0,434280.99611747777,4006435.2780195912,-75.73102608195701,36.20050405764822,ok,99.13420028555778,IW3,0,14846.764621648803,949.1630534976606,154,37,3.3194379457688865,13.89964216028427,0.0,0.5349782832198265,affine_dtft,44.25034051080718,1,identified,2,132.58310850266253,59.81453033294216,117.21434790288117,0.05360423377849243,74.0546040990769,5,5.869425198384692,True,7.824021980147506,8.984586612657427,6.797921815834392
9,2350.0,434328.1140187299,4006452.0083328458,-75.73050340518294,36.20065807970477,ok,98.92364254977538,IW3,0,14861.577933084473,949.821658794383,154,37,3.319431366501738,13.899640700633485,0.0,0.5475276006895571,affine_dtft,44.25293103593225,1,identified,1,109.05775035731311,76.57355781200806,119.85013472883753,0.05242535038776029,69.44395478041629,4,6.060086224368653,True,7.787976930939307,8.944708881672174,6.765182437244345
9,2400.0,434375.231919982,4006468.7386461003,-75.72998072632643,36.20081209949814,ok,104.60760940440998,IW3,0,14876.391287611179,950.4802440670926,154,37,3.3194247869470943,13.899639243230503,0.0,0.4920891795617754,affine_dtft,44.25552156865031,1,identified,2,104.9274225191601,75.95044209892218,98.08141160664577,0.06406091841722486,73.30075576600615,2,13.229318692264112,True,8.79850373894114,10.063303020017113,7.683060623204657
9,2450.0,434422.3498212341,4006485.468959355,-75.72945804538749,36.20096611702827,ok,99.12688805924168,IW3,0,14891.204685228715,951.1388093154671,154,37,3.319418208618735,13.899637785683478,0.0,0.3408595255186255,affine_dtft,44.2581121089613,1,identified,1,96.8949483414075,76.16759340138569,98.08141160664577,0.06406091841722486,73.30075576600615,2,24.137722021661855,True,7.822768456072232,8.983199779157399,6.7967832458397615
9,2500.0,434469.46772248624,4006502.1992726093,-75.72893536236614,36.20112013229512,ok,95.82136934504086,IW3,0,14906.018125935741,951.7973545391101,154,37,3.3194116306428523,13.899636328727745,0.0,0.07529606160653797,affine_dtft,44.26070265686501,1,identified,1,90.42303214794545,74.63226507537757,89.81074117703967,0.06996028787685696,74.74488129694203,4,16.537765970272208,True,7.268902559280724,8.370562550822457,6.2937706560589195
9,2550.0,434516.58562373836,4006518.929585864,-75.72841267726243,36.20127414529866,ok,99.10242311330953,IW3,0,14920.831609731647,952.4558797379605,154,37,3.319405052846981,13.89963487299979,0.0,0.0077377017663153485,affine_dtft,44.26329321236131,1,identified,1,91.29766048054223,73.02479012456448,89.81074117703967,0.06996028787685696,74.74488129694203,4,14.589988054839907,True,7.818575385698263,8.978560796831626,6.792974702831654
9,2600.0,434563.7035249905,4006535.6598991184,-75.72788999007639,36.201428156038844,ok,102.38347688157819,IW3,0,14935.645136614263,953.1143849115997,154,37,3.3193984738895264,13.899633416952785,0.0,0.007737720981151563,affine_dtft,44.26588377544984,1,identified,1,102.88627876331589,70.16866812072111,103.32254115783341,0.06081137026606343,70.34617594194648,3,10.056717135752146,True,8.393698165521036,9.615035406214009,7.315377452173003
9,2650.0,434610.8214262426,4006552.390212373,-75.72736730080807,36.20158216451564,ok,108.39135559193778,IW3,0,14950.458706582916,953.7728700598229,154,37,3.3193918991136337,13.899631962150346,0.0,0.0077377207453088615,affine_dtft,44.26847434613049,1,identified,1,110.22240038464999,66.24739196136645,114.4866804479891,0.05488136508625573,63.434948822921854,1,11.711491466021982,True,9.51592721755119,10.858478623738437,8.334531503480873
9,2700.0,434657.9393274947,4006569.1205256274,-75.72684460945749,36.20173617072902,ok,115.2648553602503,IW3,0,14965.272319636577,954.4313351824414,154,37,3.3193853218806204,13.899630508657845,0.0,0.007737741054001047,affine_dtft,44.27106492440305,1,identified,1,114.49792293180877,67.8940237003636,114.4866804479891,0.05488136508625573,63.434948822921854,1,13.58769507076627,True,10.916907670796578,12.414743068886303,9.60551477557693
9,2750.0,434705.0572287468,4006585.8508388824,-75.72632191602469,36.20189017467891,ok,124.72378548590868,IW3,0,14980.085975773796,955.0897802789079,154,37,3.3193787439538753,13.899629053476133,0.0,0.007737761295840004,affine_dtft,44.2736555102673,1,identified,1,116.84465359308518,70.43530127073863,119.85013472883753,0.05242535038776029,69.44395478041629,2,11.963477023641797,True,13.070490910521974,14.818903227523085,11.553994664123525
9,2800.0,434752.17512999894,4006602.581152137,-75.7257992205097,36.202044176365305,ok,131.9408403172732,IW3,0,14994.899674993787,955.7482053492537,154,37,3.3193721682574675,13.89962760236315,0.0,0.007737760826521346,affine_dtft,44.27624610372307,1,identified,1,125.6229528880721,74.23686422437689,124.17824001860234,0.05059811852896565,75.96375653207325,1,10.998625292942592,True,14.911347382213291,16.888631548923776,13.212340566729539
9,2850.0,434799.29303125106,4006619.3114653914,-75.72527652291257,36.20219817578816,ok,141.42522746779952,IW3,0,15009.713417295014,956.4066103932042,154,37,3.31936559212806,13.899626149285456,0.0,0.007737781293138663,affine_dtft,44.27883670477012,1,identified,2,139.20955830536855,76.61777648785088,150.61719178612526,0.04171625584482839,78.69006752597937,3,10.793143842150183,True,17.632611511038945,19.97967868441472,15.647968831437414
9,2900.0,434846.4109325032,4006636.041778646,-75.72475382323331,36.20235217294743,ok,122.62352048857197,IW3,0,15024.527202676756,957.0649954102724,154,37,3.319359014560937,13.899624697884517,0.0,0.007737801388696972,affine_dtft,44.28142731340832,1,identified,5,145.66426513179294,74.56199509257107,150.5719546048117,0.04172878889478665,72.89727103094732,4,7.8015839918318965,True,12.568158700855731,14.256622344709324,11.100219783462121
9,2950.0,434893.5288337553,4006652.7720919005,-75.72423112147199,36.20250616784306,ok,122.23484060606438,IW3,0,15039.34103113703,957.723360400293,154,37,3.319352438933338,13.899623249384945,0.0,0.0077378018217919625,affine_dtft,44.28401792963731,1,identified,4,155.85095944847038,74.4134889998521,161.90861620062083,0.03880698541326606,71.56505117707769,3,7.559722982789619,True,12.476761127191093,14.154422362608024,11.017605801875304
9,3000.0,434940.6467350074,4006669.502405155,-75.7237084176286,36.202660160475034,ok,112.77405687937743,IW3,0,15054.154902676071,958.3817053629624,154,37,3.3193458644744815,13.899621798993456,0.0,0.007737821003289306,affine_dtft,44.286608553457135,1,identified,4,26.147741539259208,77.645863679611,25.841599832699725,0.24314227245438963,77.36663806472495,3,16.79794945234638,True,10.394149591585956,11.833438163648097,9.131503808739733
10,250.0,432426.4170486882,4005531.52861376,-75.7515760618844,36.19222910456791,touches_land_or_unmapped,,,,,,,,,,,,,,,,,,,,,,,,,,,
10,300.0,432473.54893227236,4005548.2194959964,-75.75105332277673,36.1923828609758,touches_land_or_unmapped,,,,,,,,,,,,,,,,,,,,,,,,,,,
10,350.0,432520.6808158565,4005564.910378232,-75.75053058158947,36.19253661512078,touches_land_or_unmapped,,,,,,,,,,,,,,,,,,,,,,,,,,,
10,400.0,432567.81269944063,4005581.601260468,-75.75000783832269,36.192690367002804,ok,90.67066843374327,IW3,0,14300.464166082114,907.7641970585753,153,37,3.3444899040421237,13.899701473558945,0.0,0.007645269656325976,affine_dtft,44.153697194069494,1,identified,3,80.38442811877897,66.67423150080191,82.9210962103209,0.07577306131171889,68.62937773065669,4,9.01767361530442,True,6.455300758926636,7.470866962808496,5.555299444378467
10,450.0,432614.9445830248,4005598.2921427037,-75.74948509297639,36.19284411662185,ok,90.55225775467203,IW3,0,14315.168302003976,908.42065146097,153,37,3.3444832817886696,13.899699986627931,0.0,0.007645289729831327,affine_dtft,44.15630048705188,1,identified,7,81.41827693110177,60.36203156134768,95.99999999999993,0.06544984694978741,89.9999999999997,3,7.25293932530606,True,6.437284966194658,7.450944450370581,5.538956241685919
10,500.0,432662.07646660885,4005614.98302494,-75.74896234555061,36.19299786397789,ok,89.44952047778355,IW3,0,14329.872480621094,909.077085844235,153,37,3.3444766607624903,13.899698500297637,0.0,0.0076453099273027575,affine_dtft,44.15890378765051,1,identified,5,94.46137784817604,91.28555584937462,93.09090909090897,0.0674951546669683,89.99999999999972,4,10.66269178203972,True,6.270962671502601,7.2670127742622705,5.388098982668939
10,550.0,432709.208350193,4005631.6739071757,-75.74843959604542,36.19315160907084,ok,89.8730155097653,IW3,0,14344.576701930684,909.7335002076758,153,37,3.344470037221729,13.899697018044618,0.0,0.0076453090313650714,affine_dtft,44.16150709586488,1,identified,3,90.67506674735799,88.56914063352706,90.19702571745832,0.06966067070616751,86.63353933656998,3,11.189590772568245,True,6.334526905429907,7.337308419595365,5.445747680948207
10,600.0,432756.3402337771,4005648.3647894114,-75.74791684446082,36.193305351900705,ok,88.00931445580612,IW3,0,14359.280965933754,910.3898945513242,153,37,3.3444634175882024,13.89969553198751,0.0,0.007645329496603146,affine_dtft,44.16411041169518,1,identified,1,85.93471924578519,87.23419232993777,85.03857137022963,0.07388629895750116,85.2363583092736,2,8.076142552405427,True,6.0576672232382265,7.031110755010089,5.194704900956052
10,650.0,432803.47211736126,4005665.055671647,-75.74739409079685,36.193459092467435,ok,89.00741495895349,IW3,0,14373.985272627846,911.0462688748257,153,37,3.344456796574746,13.899694048701624,0.0,0.007645346846094923,affine_dtft,44.16671373514096,1,identified,2,82.93253053802987,83.5224853924521,85.03857137022963,0.07388629895750116,85.2363583092736,2,11.713089134628515,True,6.205015751568278,7.194079682605396,5.328296502522518
10,700.0,432850.6040009454,4005681.7465538834,-75.74687133505354,36.193612830770974,ok,90.58429213679098,IW3,0,14388.68962201229,911.7026231778145,153,37,3.344450174270602,13.899692565299302,0.0,0.007645348819786927,affine_dtft,44.16931706620212,1,identified,1,92.08648371536857,70.86193193191654,86.68149473020408,0.07248589017455206,73.61045966596502,3,15.01946671202891,True,6.442155889908192,7.456330904569879,5.543374900483536
10,750.0,432897.73588452954,4005698.437436119,-75.74634857723095,36.1937665668113,ok,93.19286018407419,IW3,0,14403.394014085427,912.3589574602023,153,37,3.344443552480333,13.899691083675325,0.0,0.007645367838012426,affine_dtft,44.17192040487836,1,identified,1,95.57043657073255,71.36559887249975,98.08141160664577,0.06406091841722486,73.30075576600615,2,8.438533699210495,True,6.8463284472887835,7.903263698560383,5.910130790939892
10,800.0,432944.8677681136,4005715.128318355,-75.74582581732909,36.19392030058839,ok,95.80142823135743,IW3,0,14418.098448846971,913.0152717217214,153,37,3.34443693356118,13.899689602808534,0.0,0.007645386580757425,affine_dtft,44.174523751169616,1,identified,1,98.75576468629949,72.88579326002,98.08141160664577,0.06406091841722486,73.30075576600615,2,7.909848052255809,True,7.2656378475510826,8.3669520431752,6.29080618659458
10,850.0,432991.99965169776,4005731.8192005907,-75.74530305534802,36.194074032102165,ok,97.09186528810697,IW3,0,14432.802926295028,913.6715659618675,153,37,3.344430313148317,13.899688120160988,0.0,0.00764538696953669,affine_dtft,44.17712710507558,1,identified,1,97.84247819140796,74.53512723398723,98.08141160664577,0.06406091841722486,73.30075576600615,2,11.271228299840494,True,7.4787850879371955,8.602688785784538,6.484365267841539
10,900.0,433039.1315352819,4005748.510082827,-75.74478029128774,36.19422776135261,ok,96.84447870847228,IW3,0,14447.507446429174,914.3278401805231,153,37,3.344423694268971,13.899686641691739,0.0,0.007645407328860423,affine_dtft,44.179730466596155,1,identified,1,95.72758689824111,74.65050513960391,98.08141160664577,0.06406091841722486,73.30075576600615,2,14.088551775686877,True,7.437626219623857,8.557165614091295,6.446986811823578
10,950.0,433086.26341886603,4005765.2009650627,-75.74425752514831,36.194381488339694,ok,96.43216774241445,IW3,0,14462.212009247383,914.98409437753,153,37,3.3444170737610626,13.899685162793565,0.0,0.007645405310304194,affine_dtft,44.18233383573099,1,identified,6,93.13673334876458,74.02249321817231,93.1336800139518,0.06746415803862083,75.96375653207333,3,14.267890687274269,True,7.369341778459932,8.481643094292053,6.384976332513996
10,1000.0,433133.39530245017,4005781.8918472985,-75.74373475692978,36.194535213063354,ok,,IW3,0,14476.916614748729,915.6403285524251,153,37,3.344410453886622,13.89968368256528,0.0,0.007645425461301822,affine_dtft,44.18493721247992,1,ambiguous_multiple_blobs,8,79.09459573235675,108.74004306563214,98.08141160664577,0.06406091841722486,73.30075576600615,2,7.41963476059546,False,,,
10,1050.0,433180.5271860343,4005798.5827295342,-75.74321198663215,36.19468893552359,ok,,IW3,0,14491.621262933062,916.2965427051417,153,37,3.344403835062419,13.899682205687338,0.0,0.007645445217037475,affine_dtft,44.18754059684292,1,ambiguous_multiple_blobs,5,137.2316398385624,59.61482517993477,142.0032502336585,0.04424677109038668,56.309932474020094,1,7.949172566378028,False,,,
10,1100.0,433227.6590696184,4005815.2736117705,-75.74268921425548,36.19484265572032,ok,118.43543701925672,IW3,0,14506.325953797761,916.952736835268,153,37,3.3443972158942814,13.899680729116886,0.0,0.007645445151002785,affine_dtft,44.190143988819536,1,identified,2,135.8059276921821,61.86710644090699,127.12026448932349,0.04942709435368816,65.55604521958325,3,10.129630850505622,True,11.608267163845058,13.18479530018364,10.231851569309322
10,1150.0,433274.7909532025,4005831.9644940062,-75.74216643979979,36.19499637365353,ok,112.59558105110516,IW3,0,14521.030687342773,917.608910942533,153,37,3.3443905982597015,13.89967925343209,0.0,0.007645464111273367,affine_dtft,44.19274738840976,1,identified,3,26.76343237787855,84.39619910166277,134.45778724835563,0.04672979851716567,66.80140948635159,4,6.976470193474241,True,10.35736190549722,11.792559111716423,9.098134610168575
10,1200.0,433321.92283678666,4005848.655376242,-75.74164366326512,36.19515008932318,ok,108.39433371256239,IW3,0,14535.735463566196,918.2650650267285,153,37,3.344383980161744,13.89967777960823,0.0,0.007645486153710793,affine_dtft,44.19535079561323,1,identified,3,118.82956552065652,67.22436896387079,93.72825932009108,0.067036189008076,66.25050550713308,5,10.220649695637816,True,9.516506501286404,10.859121114074282,8.335057409494006
10,1250.0,433369.0547203708,4005865.346258478,-75.7411208846515,36.195303802729214,ok,101.28814968637593,IW3,0,14550.440282468026,918.9211990874841,153,37,3.344377363103253,13.899676304804142,0.0,0.007645484916700137,affine_dtft,44.19795421042997,1,identified,4,96.31558931811959,63.15492371300469,95.07601314665045,0.06608591482993778,68.19859051364803,7,11.19695056500056,True,8.198816462403798,9.39931788812636,7.138358213075632
10,1300.0,433416.18660395493,4005882.037140714,-75.74059810395899,36.19545751387162,ok,92.71446110838308,IW3,0,14565.145144045628,919.5773131246893,153,37,3.3443707416529977,13.899674830794138,0.0,0.00764550419202358,affine_dtft,44.2005576328595,1,identified,3,88.33476981318566,64.25449446824973,91.58934435839129,0.06860170635781966,63.4349488229219,2,13.571590671249643,True,6.771083060902964,7.820058516327317,5.8418361665946925
10,1350.0,433463.3184875391,4005898.72802295,-75.74007532118758,36.19561122275034,ok,93.02054447726725,IW3,0,14579.850048299251,920.2334071379997,153,37,3.344364126190176,13.899673359583126,0.0,0.007645524856369194,affine_dtft,44.203161062901884,1,identified,3,87.85269032690326,62.95360619246759,91.58934435839129,0.06860170635781966,63.4349488229219,2,16.679563854172176,True,6.819167101242399,7.873229062071553,5.885477745704555
10,1400.0,433510.4503711232,4005915.4189051855,-75.73955253633734,36.19576492936534,ok,92.50667730992146,IW3,0,14594.554995226406,920.8894811271584,153,37,3.344357508838341,13.899671885469385,0.0,0.0076455231662651895,affine_dtft,44.205764500556654,1,identified,4,89.76791659338623,61.687658799133786,91.58934435839129,0.06860170635781966,63.4349488229219,2,11.152024371745838,True,6.738559576132927,7.784094609972548,5.812318997026062
10,1450.0,433557.5822547073,4005932.1097874213,-75.73902974940832,36.19591863371658,ok,96.74528694848642,IW3,0,14609.259984826853,921.5455350918836,153,37,3.3443508915791464,13.899670414238065,0.0,0.007645543768446484,affine_dtft,44.208367945823795,1,identified,4,58.34985575739586,87.78250643033215,95.25867616451193,0.06595919196198478,60.255118703057654,3,8.952926872962507,True,7.421162907703091,8.538956930528972,6.432035901387431
10,1500.0,433604.7141382914,4005948.8006696575,-75.73850696040051,36.196072335804025,ok,,IW3,0,14623.965017098959,922.2015690319068,153,37,3.344344273799159,13.89966894267871,0.0,0.007645563462567055,affine_dtft,44.210971398703,1,ambiguous_multiple_blobs,2,57.596608506245424,87.54784605470975,108.54378291265117,0.0578861832394019,57.99461679191643,2,8.2451492528413,False,,,
10,1550.0,433651.84602187556,4005965.4915518933,-75.73798416931396,36.196226035627625,ok,84.0172814359574,IW3,0,14638.670092042235,922.8575829468375,153,37,3.3443376558359623,13.899667471444461,0.0,0.007645562687647709,affine_dtft,44.213574859194196,1,identified,2,58.90955555160589,87.83164029838507,108.54378291265117,0.0578861832394019,57.99461679191643,2,13.88253755601454,True,5.489239630017094,6.402209567974153,4.679780425671776
10,1600.0,433698.9779054597,4005982.182434129,-75.73746137614874,36.19637973318737,ok,79.89492008713708,IW3,0,14653.375209654974,923.5135768367523,153,37,3.3443310419091716,13.899666005032602,0.0,0.007645583501964003,affine_dtft,44.21617832729707,1,identified,3,60.03701049309836,88.96520790908374,63.99999999999993,0.09817477042468115,89.99999999999982,3,8.103080390603202,True,4.93646032337911,5.790085155830643,4.1798879476521185
10,1650.0,433746.10978904384,4005998.873316365,-75.73693858090483,36.19653342848319,ok,79.25677199487333,IW3,0,14668.080369936324,924.1695507010505,153,37,3.344324425729438,13.899664535708856,0.0,0.00764560272745101,affine_dtft,44.21878180301149,1,identified,6,72.26945919236414,88.90502160450684,68.26666666666658,0.09203884727313859,89.9999999999998,4,9.381426567282181,True,4.853921033522781,5.698619943195123,4.10533640572666
10,1700.0,433793.241672628,4006015.564198601,-75.7364157835823,36.19668712151508,ok,71.93501926542889,IW3,0,14682.785572885485,924.8255045397525,153,37,3.3443178090173915,13.899663070196482,0.0,0.007645601539478915,affine_dtft,44.22138528633729,1,identified,3,76.2166641726506,88.51962294910706,78.76923076923069,0.07976700097005342,89.99999999999976,2,10.637070014788641,True,3.963281999273658,4.710079077996322,3.302889283639812
10,1750.0,433840.37355621206,4006032.255080837,-75.73589298418119,36.19684081228296,ok,63.946763827661286,IW3,0,14697.490818499828,925.4814383522241,153,37,3.3443111931532257,13.899661603077345,0.0,0.007645621725697129,affine_dtft,44.223988777274016,1,identified,5,77.49175194586826,88.24308840225002,76.70417962581837,0.0819145102369974,2.8624052261119415,3,9.906201570243764,True,3.105457561036715,3.7537131784496798,2.5349325260762314
10,1800.0,433887.5054397962,4006048.9459630726,-75.73537018270153,36.19699450078681,ok,,IW3,0,14712.196106779505,926.1373521384052,153,37,3.3443045790105193,13.899660135162447,0.0,0.007645640691824607,affine_dtft,44.2265922758217,1,ambiguous_multiple_blobs,7,127.11379049087908,94.73493903603634,78.76923076923102,0.0797670009700531,179.99999999999977,2,5.877236399015791,False,,,
10,1850.0,433934.63732338033,4006065.636845309,-75.73484737914333,36.197148187026606,ok,97.04202066690013,IW3,0,14726.901437723307,926.793245898114,153,37,3.344297962660778,13.8996586703407,0.0,0.007645641067280719,affine_dtft,44.22919578198013,1,identified,3,151.10980585378996,54.25581478242299,32.046978248929534,0.19606170848227986,69.8636965717518,2,15.917276212186728,True,7.470480825038047,8.593503880357737,6.476823673000965
10,1900.0,433981.76920696447,4006082.3277275446,-75.73432457350665,36.19730187100229,ok,109.47332285323237,IW3,0,14741.606811329515,927.4491196310126,153,37,3.3442913481475163,13.899657206726864,0.0,0.007645661305793776,affine_dtft,44.231799295748985,1,identified,1,155.31136272503275,59.45991992637866,152.64890726398542,0.04116102381469181,63.43494882292177,2,6.950709990151873,True,9.727927145639061,11.093660376213833,8.526980066309957
10,1950.0,434028.9010905486,4006099.0186097804,-75.73380176579151,36.197455552713826,ok,113.02014282658347,IW3,0,14756.31222759817,928.1049733366934,153,37,3.3442847334662984,13.899655743264596,0.0,0.007645682084324676,affine_dtft,44.23440281712829,1,identified,2,141.00049980182862,64.61951592732073,126.7680175288672,0.049564436122453356,68.19859051364796,4,15.057383577669732,True,10.445018644947629,11.889970679925657,9.177643414290873
10,2000.0,434076.03297413274,4006115.709492016,-75.73327895599796,36.19760923216118,ok,131.35558811960158,IW3,0,14771.01768652644,928.7608070150526,153,37,3.344278120012224,13.899654281129292,0.0,0.2642464185201191,affine_dtft,44.237006346117546,1,identified,4,125.36823972384205,63.94321475041541,126.42938837114735,0.04969718977627738,69.77514056883173,5,11.768851753800009,True,14.755114596103418,16.71236866526448,13.071901804445845
10,2050.0,434123.1648577168,4006132.4003742523,-75.73275614412604,36.19776290934431,ok,126.03225833350561,IW3,0,14785.723188114218,929.4166206657918,153,37,3.344271504742027,13.899652816450596,0.0,0.43992189929437064,affine_dtft,44.23960988271673,1,identified,5,121.18460286602648,62.760184683800965,127.20742271998783,0.049393228577630184,63.43494882292187,5,8.602356859119139,True,13.39080826641542,15.177976740493875,11.843088412602704
10,2100.0,434170.29674130096,4006149.091256488,-75.73223333017576,36.19791658426318,ok,148.6121454076144,IW3,0,14800.428732360451,930.0724142886213,153,37,3.3442648919944333,13.899651355665663,0.0,0.5279979925329362,affine_dtft,44.242213426925645,1,identified,5,145.49992229764933,73.99247055474429,123.72420471402005,0.05078380032187505,64.9831065218998,4,7.654261391985001,True,19.96191314677068,22.662127256054372,17.71458552028907
10,2150.0,434217.4286248851,4006165.782138724,-75.73171051414718,36.19807025691776,ok,,IW3,0,14815.134319263467,930.728187883314,153,37,3.344258277607048,13.899649895490722,0.0,0.5335828930641371,affine_dtft,44.24481697874401,1,ambiguous_multiple_blobs,5,225.6179344005631,122.34823204409463,200.82292238150043,0.03128719188362128,101.30993247401946,4,6.080245612579515,False,,,
10,2200.0,434264.56050846924,4006182.4730209596,-75.73118769604031,36.198223927308,ok,,IW3,0,14829.839948822297,931.383941449621,153,37,3.344251666470507,13.899648436000222,0.0,0.4826819324328886,affine_dtft,44.24742053817164,1,identified,4,242.2309364841113,129.72880278104438,217.08756582530233,0.02894309161970095,122.00538320808258,4,14.201623729076307,True,,,
10,2250.0,434311.6923920534,4006199.163903196,-75.73066487585521,36.198377595433854,ok,,IW3,0,14844.639045709728,932.0396182062585,154,37,3.319525110673969,13.899646976550162,0.0,0.5287139835934317,affine_dtft,44.25001326482035,1,ambiguous_multiple_blobs,6,42.66932009696539,80.22963132903175,204.79999999999964,0.030679615757712875,143.13010235415507,2,8.564680332342434,False,,,
10,2300.0,434358.8242756375,4006215.8547854316,-75.7301420535919,36.198531261295294,ok,,IW3,0,14859.454271027154,932.6952651574722,154,37,3.3195185443479285,13.899645517306377,0.0,0.5504131375131747,affine_dtft,44.25260413258951,1,ambiguous_multiple_blobs,4,43.202314052255495,80.16219113752823,204.79999999999964,0.030679615757712875,143.13010235415507,2,22.726067845238763,False,,,
10,2350.0,434405.9561592216,4006232.5456676674,-75.72961922925042,36.198684924892284,ok,83.81905536709452,IW3,0,14874.26953931454,933.3508920792626,154,37,3.3195119819273726,13.899644060042762,0.0,0.504301050732262,affine_dtft,44.25519500793048,1,identified,4,43.345700860526925,80.37421853645728,81.75303097533674,0.07685568635461476,64.7988763545248,3,9.189217683185332,True,5.46187290754196,6.371919712823084,4.65500980181407
10,2400.0,434453.0880428057,4006249.236549903,-75.7290964028308,36.19883858622479,ok,85.76162761491872,IW3,0,14889.084850571324,934.0064989714548,154,37,3.3195054188130393,13.899642605496291,0.0,0.3667007964390828,affine_dtft,44.25778589084315,1,identified,1,85.27735497249833,63.16750420154547,81.75303097533674,0.07685568635461476,64.7988763545248,3,12.48363516097715,True,5.73354145629812,6.672552992578133,4.900994572926861
10,2450.0,434500.21992638987,4006265.9274321394,-75.7285735743331,36.19899224529276,ok,88.50123655301174,IW3,0,14903.900204795473,934.6620858336508,154,37,3.319498855890179,13.899641149048973,0.0,0.11744327009347401,affine_dtft,44.26037678132718,1,identified,1,87.42933310541976,63.488935261682755,87.9511041506101,0.07143952731304057,66.37062226934306,3,15.706453597788146,True,6.130024264226449,7.111140397427819,5.260301452152452
10,2500.0,434547.351809974,4006282.618314375,-75.72805074375731,36.19914590209615,ok,93.85938694047462,IW3,0,14918.715601986625,935.3176526655453,154,37,3.3194922928406054,13.899639694123728,0.0,0.007737347070051875,affine_dtft,44.2629676793825,1,identified,1,91.0327375655969,63.6070003918748,91.58934435839129,0.06860170635781966,63.4349488229219,2,13.090215632685426,True,6.95201283823048,8.020128908766146,6.006062728960823
10,2550.0,434594.48369355814,4006299.309196611,-75.72752791110352,36.19929955663495,ok,99.2175373279375,IW3,0,14933.531042142691,935.9731994670369,154,37,3.3194857311630033,13.899638237941689,0.0,0.007737346116737435,affine_dtft,44.26555858500875,1,identified,1,103.15031083609945,61.83131225923627,99.45967230538379,0.06317319534180162,60.94539590092275,4,12.02016392534208,True,7.838317258143486,9.000402273504395,6.8109061779741085
10,2600.0,434641.6155771423,4006316.0000788467,-75.72700507637171,36.19945320890907,ok,105.18848095520669,IW3,0,14948.346525263414,936.6287262375653,154,37,3.319479166242737,13.899636783732376,0.0,0.007737366747780857,affine_dtft,44.26814949820586,1,identified,1,107.95824499178404,59.910862699066286,108.54378291265117,0.0578861832394019,57.99461679191643,2,8.202763330668814,True,8.906261177847627,10.182675907496181,7.780928179026334
10,2650.0,434688.7474607264,4006332.690961083,-75.72648223956195,36.199606858918536,ok,108.45842757694454,IW3,0,14963.16205134743,937.2842329772399,154,37,3.3194726067267415,13.89963533159448,0.0,0.0077373867454354536,affine_dtft,44.270740418973624,1,identified,1,111.64686978661679,57.603641861951104,108.54378291265117,0.0578861832394019,57.99461679191643,2,8.774426297501337,True,9.528979261177343,10.872954976245161,8.346380816674127
10,2700.0,434735.8793443105,4006349.3818433187,-75.72595940067427,36.19976050666326,ok,107.61822834877019,IW3,0,14977.977620392963,937.9397196855778,154,37,3.319466043837768,13.89963387929626,0.0,0.007737388358990535,affine_dtft,44.273331347311725,1,identified,2,113.68967920432232,55.196677103934036,117.80582228695597,0.05333509995689993,57.52880770915146,3,9.311342056084854,True,9.366330773449453,10.692583788287848,8.198711759684475
10,2750.0,434783.01122789463,4006366.0727255545,-75.7254365597087,36.19991415214323,ok,106.28783342174052,IW3,0,14992.793232399674,938.5951863623562,154,37,3.319459483121667,13.899632429272154,0.0,0.00773740748444071,affine_dtft,44.27592228322009,1,identified,3,111.51249902788287,54.20375321938984,107.93907746708058,0.05821047811989909,71.56505117707775,4,11.3457601003859,True,9.1125447634127,10.411254596243678,7.968265487797482
10,2800.0,434830.14311147877,4006382.76360779,-75.72491371666527,36.20006779535839,ok,104.95743849471083,IW3,0,15007.608887366194,939.2506330072908,154,37,3.3194529208802654,13.899630978250213,0.0,0.00773742780693179,affine_dtft,44.27851322669849,1,identified,2,97.17978368582273,83.95300288692418,95.25867616451202,0.06595919196198471,82.87498365109792,3,11.998322804218214,True,8.863298532534634,10.135079739208953,7.741909136234701
10,2850.0,434877.2749950629,4006399.4544900265,-75.72439087154403,36.200221436308716,ok,101.77463569282018,IW3,0,15022.424585291184,939.9060596200511,154,37,3.319446360593121,13.899629526643235,0.0,0.007737428450346627,affine_dtft,44.2811041777467,1,identified,2,99.67351024622374,84.01550544682337,101.89180827750278,0.06166526449375895,84.28940686250012,2,7.244951520644579,True,8.285011922427772,9.494722504848044,7.216653408135813
10,2900.0,434924.40687864705,4006416.145372262,-75.72386802434501,36.20037507499417,ok,89.2065227711499,IW3,0,15037.240326172998,940.5614662006004,154,37,3.319439797630896,13.899628076897605,0.0,0.007737448616411908,affine_dtft,44.283695136364415,1,identified,1,100.30157353581309,86.53061529121115,101.89180827750278,0.06166526449375895,84.28940686250012,2,7.312791962148337,True,6.234663970280985,7.226869053233282,5.355181398813691
10,2950.0,434971.5387622312,4006432.836254498,-75.72334517506825,36.20052871141469,ok,87.69348442280938,IW3,0,15052.05611001151,941.2168527483768,154,37,3.31943323816782,13.899626629794678,0.0,0.00773746876205915,affine_dtft,44.286286102551635,1,identified,3,99.30513661653636,88.61052923694288,101.89180827750278,0.06166526449375895,84.28940686250012,2,7.624839395016677,True,6.011481968139951,6.980025806899114,5.152840116757757
10,3000.0,435018.67064581526,4006449.5271367338,-75.72282232371374,36.20068234557027,ok,82.96070980457824,IW3,0,15066.8719368054,941.8722192633638,154,37,3.3194266791722753,13.899625181509698,0.0,0.007737468694109834,affine_dtft,44.288877076308104,1,identified,2,44.83764871236185,86.11072890184136,45.09851285872917,0.139321341412335,86.63353933657005,3,13.138605511360735,True,5.344295504201118,6.241767953467141,4.5486104541991885
11,250.0,432503.21377319546,4005314.0593897346,-75.750703256282,36.19027400545956,touches_land_or_unmapped,,,,,,,,,,,,,,,,,,,,,,,,,,,
11,300.0,432550.3775917502,4005330.6598180225,-75.75018016539286,36.190426944766834,touches_land_or_unmapped,,,,,,,,,,,,,,,,,,,,,,,,,,,
11,350.0,432597.54141030496,4005347.2602463104,-75.7496570724337,36.190579881808084,touches_land_or_unmapped,,,,,,,,,,,,,,,,,,,,,,,,,,,
11,400.0,432644.7052288597,4005363.860674598,-75.7491339774046,36.190732816583264,ok,53.106702566979216,IW3,0,14312.874240449704,891.4272644151259,153,37,3.344570454437337,13.899704765540308,0.0,0.007644940159299541,affine_dtft,44.15593844565019,1,identified,2,99.17930225045738,71.31019433352279,55.534197201575914,0.11314083256435885,86.26860300083939,5,16.90200842934167,True,2.1211928326586156,2.646795258031084,1.6641261457414436
11,450.0,432691.8690474144,4005380.4611028857,-75.74861088030555,36.19088574909234,ok,48.348230223025425,IW3,0,14327.583211605459,892.0769133306572,153,37,3.344563866356492,13.899703283358654,0.0,0.00764496004254032,affine_dtft,44.158542613022504,1,identified,2,51.120046883859224,88.46809048260712,52.84000636061036,0.11890962435355408,86.05481377096227,3,16.512390414506022,True,1.7517398676096683,2.226784195176359,1.3419758338006254
11,500.0,432739.0328659692,4005397.0615311735,-75.74808778113659,36.191038679335286,ok,45.38271665017874,IW3,0,14342.29222518533,892.726542212552,153,37,3.344557278644075,13.899701799102713,0.0,0.007644957042804353,affine_dtft,44.16114678796307,1,identified,4,50.92256729516155,88.96035374810333,50.94590413875139,0.12333052898751791,84.28940686250023,4,15.167238482011363,True,1.540247297321172,1.9846418951163485,1.1593154177229086
11,550.0,432786.1966845239,4005413.661959461,-75.74756467989776,36.19119160731204,ok,40.82800969652963,IW3,0,14357.001281188202,893.376151060314,153,37,3.3445506914878287,13.899700316441765,0.0,0.00764497760490151,affine_dtft,44.16375097047167,1,identified,4,89.77518723535132,64.95301457794208,34.07281319116404,0.18440465340880569,80.03619581009272,5,19.633411171596162,True,1.2429800907118087,1.6414482161015709,0.9054751668939993
11,600.0,432833.3605030787,4005430.262387749,-75.74704157658911,36.19134453302257,ok,49.27521105373764,IW3,0,14371.710379612332,894.0257398737771,153,37,3.34454410544395,13.899698834842065,0.0,0.007644998427653454,affine_dtft,44.166355160547994,1,identified,4,91.1738657262135,65.06691965363225,33.520662358792016,0.18744215850888732,81.33939632917013,10,13.518053255330896,True,1.8207870998867084,2.3055427172024987,1.4019123600369765
11,650.0,432880.5243216334,4005446.862816036,-75.74651847121066,36.19149745646684,ok,58.77833791829504,IW3,0,14386.41952045674,894.6753086526478,153,37,3.3445375170898264,13.89969735419351,0.0,0.007644997523447962,affine_dtft,44.16895935819189,1,identified,5,92.177464370366,66.69076997072251,32.76066243333034,0.1917905451382797,82.64762064010756,6,15.073162876609135,True,2.6109988060597438,3.1993584995428472,2.095653293992206
11,700.0,432927.6881401881,4005463.463244324,-75.74599536376246,36.19165037764483,ok,64.95471910007778,IW3,0,14401.128703720611,895.3248573966993,153,37,3.3445309301812607,13.899695873043443,0.0,0.007645017846171763,affine_dtft,44.17156356340321,1,identified,4,95.15247217055008,68.40887395615762,95.07601314665045,0.06608591482993778,68.19859051364803,3,16.097674307201522,True,3.207352907317806,3.867622024154059,2.6258114798237293
11,750.0,432974.8519587429,4005480.063672612,-75.74547225424453,36.19180329655646,ok,75.43273801383971,IW3,0,14415.837929402785,895.9743861055581,153,37,3.344524343989648,13.899694394315636,0.0,0.007645017674905186,affine_dtft,44.17416777618173,1,identified,10,21.537093243675056,79.2985871426157,98.46153846153835,0.06381360077604274,67.3801350519594,5,9.212004876008406,True,4.375961689061314,5.168532510958971,3.6742017939904716
11,800.0,433022.0157772976,4005496.6641008994,-75.7449491426569,36.191956213201735,ok,,IW3,0,14430.547197502152,896.6238947792204,153,37,3.3445177577452667,13.899692916456573,0.0,0.007645036148288365,affine_dtft,44.17677199652728,1,ambiguous_multiple_blobs,9,54.43311546708474,142.1617189011173,147.1221174099688,0.04270727894481653,73.30075576600606,3,6.0036277368968625,False,,,
11,850.0,433069.1795958524,4005513.264529187,-75.74442602899964,36.19210912758059,ok,,IW3,0,14445.256508017132,897.2733834172186,153,37,3.344511171781348,13.899691438629125,0.0,0.007645056935751523,affine_dtft,44.17937622443956,1,ambiguous_multiple_blobs,8,146.1978525090842,65.59318997392396,142.61401971997583,0.04405727655329181,68.19859051364797,3,9.775172322343487,False,,,
11,900.0,433116.3434144071,4005529.864957475,-75.74390291327275,36.192262039693,ok,139.01483067364055,IW3,0,14459.965860947093,897.9228520192498,153,37,3.344504585837388,13.899689962056232,0.0,0.007645055981609523,affine_dtft,44.18198045991847,1,identified,1,146.53827410774224,64.04069849280971,152.64890726398542,0.04116102381469181,63.43494882292177,2,10.742659866192552,True,16.905501669524057,19.149637276748336,14.999253587956733
11,950.0,433163.5072329618,4005546.4653857625,-75.74337979547627,36.19241494953891,ok,136.01401506006772,IW3,0,14474.67525629049,898.5723005851228,153,37,3.344498000449659,13.899688484586159,0.0,0.007645076410759905,affine_dtft,44.18458470296373,1,identified,3,137.1674567693249,64.98438508601744,137.38401653758697,0.0457344709052131,63.43494882292177,3,10.021735408528174,True,16.035010593760216,18.160006085034908,14.220565931586588
11,1000.0,433210.6710515166,4005563.0658140504,-75.74285667561026,36.19256785711829,ok,136.01401506006772,IW3,0,14489.38469404651,899.2217291145413,153,37,3.3444914164500297,13.899687008186547,0.0,0.00764509544308424,affine_dtft,44.1871889535752,1,identified,2,127.92298608882527,64.49968032778173,127.01156821934926,0.04946939397148858,60.255118703057654,2,9.628746689723734,True,16.035010593760216,18.160006085034908,14.220565931586588
11,1050.0,433257.8348700713,4005579.6662423383,-75.74233355367474,36.19272076243111,ok,104.6054888711614,IW3,0,14504.094174212913,899.8711376073251,153,37,3.3444848292085507,13.899685533649512,0.0,0.007645095309189969,affine_dtft,44.18979321175249,1,identified,2,122.80312486400233,63.84527899285538,127.01156821934926,0.04946939397148858,60.255118703057654,2,9.746106598819802,True,8.798111916575602,10.062868999412439,7.682704754156076
11,1100.0,433304.99868862604,4005596.2666706257,-75.74181042966974,36.192873665477315,ok,,IW3,0,14518.803696790203,900.5205260630436,153,37,3.344478245582112,13.899684061359848,0.0,0.007645115660622326,affine_dtft,44.19239747749568,1,ambiguous_multiple_blobs,4,120.91105314978896,62.448584850693045,127.01156821934926,0.04946939397148858,60.255118703057654,2,8.599857769162389,False,,,
11,1150.0,433352.1625071808,4005612.8670989135,-75.74128730359529,36.19302656625689,ok,51.36726130811967,IW3,0,14533.51326177688,901.1698944816162,153,37,3.3444716618875594,13.89968258600244,0.0,0.0076451352821611165,affine_dtft,44.195001750804515,1,identified,9,48.773017972694866,78.1315437687993,27.01480250836012,0.2325830553540106,82.72499504211068,5,14.408517809720074,True,1.9818027448744902,2.488716375214131,1.5421844550919757
11,1200.0,433399.32632573554,4005629.4675272014,-75.74076417545143,36.19317946476978,ok,25.91188455227119,IW3,0,14548.222869170897,901.8192428626751,153,37,3.344465076027472,13.899681113978685,0.0,0.00764513405882494,affine_dtft,44.19760603167862,1,identified,5,26.036591327240878,84.48543572439442,26.252613308813974,0.23933561330711745,84.11401216697166,5,16.27888818673475,True,0.49703753691629626,0.7529830529836318,0.29605734481984297
11,1250.0,433446.4901442903,4005646.067955489,-75.74024104523822,36.19333236101595,ok,25.91188455227119,IW3,0,14562.93251897115,902.4685712060746,153,37,3.3444584930546895,13.8996796420966,0.0,0.007645154328778156,affine_dtft,44.200210320117804,1,identified,5,25.768278677848002,84.52421578199215,25.19006119595533,0.24943112516886037,85.06078445787374,4,23.02785863090197,True,0.49703753691629626,0.7529830529836318,0.29605734481984297
11,1300.0,433493.65396284504,4005662.6683837767,-75.73971791295567,36.19348525499535,ok,25.544245233574873,IW3,0,14577.642211177084,903.1178795113409,153,37,3.3444519093733707,13.899678169979778,0.0,0.007645174809150051,affine_dtft,44.202814616121984,1,identified,6,25.447792769459785,84.32444055050149,25.19006119595533,0.24943112516886037,85.06078445787374,4,14.33733687538916,True,0.48296752520140773,0.7355239113465692,0.2852669945799336
11,1350.0,433540.81778139976,4005679.2688120645,-75.73919477860382,36.193638146707954,ok,,IW3,0,14592.351945787817,903.767167778271,153,37,3.344445326030025,13.899676699908825,0.0,0.007645173355230993,affine_dtft,44.205418919690985,1,ambiguous_multiple_blobs,13,24.498854438180523,85.63986873764405,119.94144913044934,0.05238543766755678,128.65980825408965,3,8.02634261380146,False,,,
11,1400.0,433587.98159995454,4005695.869240352,-75.73867164218271,36.193791036153726,ok,,IW3,0,14607.061722801254,904.4164360067614,153,37,3.3444387428099773,13.899675232012106,0.0,0.007645194365425294,affine_dtft,44.208023230824445,1,ambiguous_multiple_blobs,10,98.56840084148236,97.36968405525855,116.36029733046826,0.05399767318688667,114.62356478616313,6,10.52494165023666,False,,,
11,1450.0,433635.14541850926,4005712.46966864,-75.73814850369237,36.193943923332625,ok,,IW3,0,14621.771542217002,905.0656841963977,153,37,3.344432159636757,13.89967376368735,0.0,0.007645213632002669,affine_dtft,44.2106275495223,1,identified,7,104.06531144483759,98.93818877148234,49.67129600744094,0.1264952963224141,75.96375653207343,4,11.567666002096754,True,,,
11,1500.0,433682.309237064,4005729.0700969277,-75.73762536313285,36.1940968082446,ok,,IW3,0,14636.481404033435,905.7149123468756,153,37,3.3444255773263256,13.899672294483988,0.0,0.007645212950455745,affine_dtft,44.21323187578426,1,ambiguous_multiple_blobs,8,106.73422487829274,100.46209914015787,46.88573916115248,0.13401058444623104,74.05460409907705,2,9.018996739553991,False,,,
11,1550.0,433729.47305561876,4005745.670525215,-75.73710222050417,36.194249690889635,ok,,IW3,0,14651.191308249707,906.3641204580584,153,37,3.344418994526281,13.89967082671023,0.0,0.007645232355492679,affine_dtft,44.21583620961017,1,ambiguous_multiple_blobs,9,22.915944636356578,79.72143223311859,94.66883348910568,0.06637015663558,56.309932474020115,2,6.000232368012327,False,,,
11,1600.0,433776.6368741735,4005762.270953503,-75.73657907580636,36.194402571267666,ok,,IW3,0,14665.901254864688,907.0133085295487,153,37,3.344412412838057,13.899669361542891,0.0,0.0076452526815988,affine_dtft,44.21844055099982,1,identified,12,104.01506016997693,66.42750477057815,98.02522058994172,0.06409764007023615,68.96248897457801,8,6.053682452954408,True,,,
11,1650.0,433823.80069272825,4005778.8713817904,-75.73605592903947,36.194555449378676,ok,,IW3,0,14680.611243877107,907.6624765612114,153,37,3.3444058315457195,13.899667895865331,0.0,0.007645251912485436,affine_dtft,44.221044899953014,1,identified,12,97.2770524775962,73.93128960330839,99.4022751635609,0.06320967298626672,70.5599651718236,7,6.682453856903266,True,,,
11,1700.0,433870.964511283,4005795.4718100782,-75.73553278020353,36.194708325222614,ok,,IW3,0,14695.321275285634,908.311624552693,153,37,3.3443992490349643,13.89966643049523,0.0,0.007645271943948546,affine_dtft,44.22364925646951,1,ambiguous_multiple_blobs,14,61.75435030572442,106.0494263601644,118.15384615384599,0.0531780006467023,67.38013505195934,3,8.078370147955907,False,,,
11,1750.0,433918.1283298377,4005812.072238366,-75.73500962929857,36.19486119879946,ok,,IW3,0,14710.031349089364,908.9607525038668,153,37,3.3443926668353434,13.899664967014584,0.0,0.007645270780947997,affine_dtft,44.226253620549116,1,ambiguous_multiple_blobs,3,59.94883535467242,104.94530382707491,100.4114611907501,0.06257438376724263,78.69006752597954,1,8.184271576948618,False,,,
11,1800.0,433965.2921483925,4005828.6726666535,-75.73448647632465,36.19501407010914,ok,34.59687494141494,IW3,0,14724.74146528679,909.6098604142186,153,37,3.344386085644558,13.899663502655415,0.0,0.007645291397091389,affine_dtft,44.22885799219161,1,identified,2,59.27680095808566,104.48739771975241,32.43040538724022,0.19374365605838872,79.04593735660158,2,8.719127320813561,True,0.8894546406938084,1.2270725533037488,0.6099093311943252
11,1850.0,434012.4559669472,4005845.2730949414,-75.73396332128178,36.19516693915164,ok,34.59687494141494,IW3,0,14739.451623877414,910.258948283652,153,37,3.344379505462567,13.89966203907272,0.0,0.007645311479334679,affine_dtft,44.23146237139687,1,identified,8,59.8083603037745,104.42067979718631,34.123855800640996,0.1841288201394158,79.43898930880353,4,12.884641376839534,True,0.8894546406938084,1.2270725533037488,0.6099093311943252
11,1900.0,434059.619785502,4005861.8735232293,-75.73344016416999,36.19531980592694,ok,42.351323234222995,IW3,0,14754.16182485966,910.9080161120525,153,37,3.3443729250090177,13.899660578658303,0.0,0.007645310134539626,affine_dtft,44.234066758164644,1,identified,10,113.87790960781525,91.40960950161521,37.2363636363636,0.1687378866674207,53.13010235415596,4,12.6129801449021,True,1.338714045351636,1.7523958654288463,0.9867934278356523
11,1950.0,434106.7836040567,4005878.4739515167,-75.73291700498935,36.19547267043496,ok,,IW3,0,14768.872068232275,911.5570638987879,153,37,3.3443663447631695,13.899659117907369,0.0,0.21334245932247897,affine_dtft,44.2366711524947,1,ambiguous_multiple_blobs,4,102.12560457254637,91.8058750303864,102.39999999999988,0.061359231515425716,89.99999999999969,3,11.41200889511835,False,,,
11,2000.0,434153.9474226114,4005895.0743798045,-75.73239384373986,36.195625532675685,ok,57.24424195141103,IW3,0,14783.582353994427,912.206091643768,153,37,3.344359764813156,13.899657657565989,0.0,0.4203590220761291,affine_dtft,44.23927555438689,1,identified,4,98.9293982337568,91.14058479333434,65.61466811264717,0.09575885221872375,70.01689347809987,3,12.529640553473502,True,2.4731282366928475,3.044223818140656,1.9737671170966569
11,2050.0,434201.1112411662,4005911.6748080924,-75.73187068042157,36.195778392649075,ok,,IW3,0,14798.292682144469,912.8550993468334,153,37,3.3443531846645804,13.899656196630955,0.0,0.5211152066111938,affine_dtft,44.241879963840915,1,identified,2,68.78489195397997,68.85453368458892,68.88169410522232,0.09121705539909508,70.34617594194658,2,12.41046984389376,True,,,
11,2100.0,434248.2750597209,4005928.27523638,-75.73134751503451,36.19593125035507,ok,,IW3,0,14813.003052681612,913.5040870074412,153,37,3.3443466052027646,13.899654740141571,0.0,0.5365801174870153,affine_dtft,44.24448438085665,1,ambiguous_multiple_blobs,3,69.8524321897213,67.71272470178116,114.4866804479891,0.05488136508625573,63.434948822921854,1,8.44851848569528,False,,,
11,2150.0,434295.4388782756,4005944.8756646677,-75.73082434757872,36.19608410579367,ok,,IW3,0,14827.713465605151,914.1530546256766,153,37,3.3443400268684984,13.899653281137242,0.0,0.49276198050561926,affine_dtft,44.24708880543396,1,ambiguous_multiple_blobs,6,47.526708627537566,68.63617052936954,71.51926228680473,0.08785304974180125,65.22485943116797,2,6.3652079273436,False,,,
11,2200.0,434342.6026968304,4005961.4760929556,-75.73030117805425,36.19623695896482,ok,95.95074170879086,IW3,0,14842.501545719359,914.8019550229274,154,37,3.319612851291348,13.89965182462967,0.0,0.5217325399172744,affine_dtft,44.24968423049756,1,identified,4,103.35666147855994,63.75513117054589,98.13144038399065,0.06402825926729837,63.43494882292192,3,13.952028191069981,True,7.290105158786972,8.394011051167654,6.31302351588136
11,2250.0,434389.7665153851,4005978.076521243,-75.72977800646112,36.19638980986847,ok,94.86039237119095,IW3,0,14857.321589477746,915.4508159763524,154,37,3.319606321002741,13.899650366884435,0.0,0.5507508756291669,affine_dtft,44.25227595918799,1,identified,1,96.01327013838905,63.20905402189685,98.13144038399065,0.06402825926729837,63.43494882292192,3,19.291597575707357,True,7.112602772240804,8.197713234726566,6.1518538923635315
11,2300.0,434436.9303339399,4005994.676949531,-75.72925483279936,36.19654265850459,ok,94.94004912985515,IW3,0,14872.141675934014,916.0996568861353,154,37,3.3195997910091917,13.899648911663615,0.0,0.5153116162258332,affine_dtft,44.25486769540265,1,identified,1,95.09933809666435,64.05692513817264,91.58934435839129,0.06860170635781966,63.4349488229219,2,22.942265225528836,True,7.12547902931479,8.21195247840015,6.163544536356306
11,2350.0,434484.0941524946,4006011.2773778187,-75.728731657069,36.19669550487314,ok,94.24752775087816,IW3,0,14886.961805087418,916.7484777521814,154,37,3.3195932602912213,13.899647457137283,0.0,0.3910730248753872,affine_dtft,44.25745943914142,1,identified,1,94.15816015304033,64.31661133532494,91.58934435839129,0.06860170635781966,63.4349488229219,2,18.167277603623006,True,7.014014220614432,8.08869070200342,6.062347779107315
11,2400.0,434531.25797104934,4006027.877806106,-75.72820847927011,36.19684834897409,ok,93.27654959260005,IW3,0,14901.781976936727,917.3972785741685,154,37,3.3195867347015064,13.89964600365383,0.0,0.15785919486758448,affine_dtft,44.26005119040407,1,identified,3,96.68427022015375,61.51991332973744,95.25867616451193,0.06595919196198478,60.255118703057654,3,13.307788882690065,True,6.859543850015076,7.917877131146774,5.922126060867447
11,2450.0,434578.4217896041,4006044.478234394,-75.7276852994027,36.19700119080739,ok,82.0035746981766,IW3,0,14916.602191480037,918.0460593518528,154,37,3.3195802042976754,13.899644549751828,0.0,0.007736992468248947,affine_dtft,44.26264294919027,1,identified,3,95.87222413673301,57.786961505452936,94.66883348910568,0.06637015663558,56.309932474020115,2,8.561438504417026,True,5.21494662872629,6.098554127021163,4.431606716669765
11,2500.0,434625.58560815884,4006061.078662682,-75.7271621174668,36.19715403037301,ok,,IW3,0,14931.422448717067,918.6948200849125,154,37,3.3195736751048304,13.899643096259638,0.0,0.007736994293145068,affine_dtft,44.26523471549997,1,ambiguous_multiple_blobs,3,46.6066868580715,88.76258038191187,94.66883348910568,0.06637015663558,56.309932474020115,2,6.412902542734004,False,,,
11,2550.0,434672.7494267136,4006077.6790909693,-75.72663893346245,36.197306867670896,ok,89.39261549638417,IW3,0,14946.242748646418,919.3435607730335,154,37,3.319567146644176,13.899641644454402,0.0,0.0077370135651176975,affine_dtft,44.26782648933294,1,identified,2,46.25983594831861,88.75128402203082,46.497444780697535,0.13512969017574752,87.39743779750007,2,16.558358626795435,True,6.262450921402374,7.257599467862325,5.380379876792615
11,2600.0,434719.91324526834,4006094.279519257,-75.72611574738971,36.19745970270103,ok,,IW3,0,14961.063091266275,919.9922814161251,154,37,3.319560617167733,13.899640194263334,0.0,0.007737014764019305,affine_dtft,44.27041827068885,1,ambiguous_multiple_blobs,3,46.24679272950234,88.52233385485196,125.8340229917246,0.049932324802114895,34.99202019855875,3,14.177561909944435,False,,,
11,2650.0,434767.07706382306,4006110.8799475445,-75.72559255924858,36.197612535463364,ok,,IW3,0,14975.883476576637,920.6409820138617,154,37,3.31955408805925,13.899638744839654,0.0,0.007737034268150524,affine_dtft,44.273010059567696,1,identified,3,137.12124019477238,29.999420943906056,127.01156821934926,0.04946939397148858,29.74488129694235,2,13.420543311944346,True,,,
11,2700.0,434814.24088237784,4006127.4803758324,-75.72506936903912,36.197765365957856,ok,,IW3,0,14990.70390457568,921.2896625658766,154,37,3.3195475610354768,13.899637293893626,0.0,0.007737053847166289,affine_dtft,44.27560185596918,1,ambiguous_multiple_blobs,6,64.85629126689071,97.9296297887358,152.64890726398542,0.04116102381469181,26.56505117707823,2,8.488004646039238,False,,,
11,2750.0,434861.40470093256,4006144.0808041203,-75.72454617676135,36.197918194184474,ok,,IW3,0,15005.524375262286,921.9383230719909,154,37,3.3195410347593457,13.899635845021603,0.0,0.00773705443065797,affine_dtft,44.278193659893084,1,ambiguous_multiple_blobs,5,44.81960743986654,71.03111985230696,162.8156743689765,0.03859078882626799,32.00538320808367,3,5.08750354994035,False,,,
11,2800.0,434908.5685194873,4006160.6812324077,-75.7240229824153,36.198071020143175,ok,,IW3,0,15020.344888635402,922.5869635318951,154,37,3.3195345062447394,13.899634395731143,0.0,0.007737074075512954,affine_dtft,44.280785471339236,1,identified,7,31.943124085580838,83.19107903451581,25.372664467120888,0.24763600666857982,76.2392148882087,5,14.17920145576666,True,,,
11,2850.0,434955.73233804206,4006177.2816606956,-75.72349978600106,36.19822384383392,ok,,IW3,0,15035.165444693072,923.2355839454098,154,37,3.3195279776609032,13.899632949415876,0.0,0.007737094544852842,affine_dtft,44.28337729030729,1,ambiguous_multiple_blobs,8,31.700924179246975,83.27325244814914,38.35208981290919,0.16382902047399478,92.86240522611165,3,10.224947022442182,False,,,
11,2900.0,435002.8961565968,4006193.8820889834,-75.72297658751859,36.19837666525668,ok,52.075733076241264,IW3,0,15049.9860434356,923.8841843121805,154,37,3.3195214519632756,13.8996315020381,0.0,0.007737094683064846,affine_dtft,44.28596911679731,1,identified,8,26.68442198681427,78.04096291469945,26.705724386626397,0.23527485029861459,77.95742485711494,4,18.52059633664862,True,2.0379692599853967,2.5524649937391253,1.5912668918363728
11,2950.0,435050.05997515155,4006210.482517271,-75.72245338696797,36.1985294844114,ok,60.976755945948064,IW3,0,15064.806684860687,924.5327646319005,154,37,3.3195149244643956,13.899630058104556,0.0,0.007737114904546068,affine_dtft,44.288560950808886,1,identified,6,76.84589460031448,64.41870730360087,79.90008981922504,0.07863802558164042,69.4439547804164,8,10.632891150660575,True,2.815631727214623,3.4291314533164,2.2770737814958726
11,3000.0,435097.2237937063,4006227.0829455587,-75.72193018434922,36.19868230129806,ok,60.976755945948064,IW3,0,15079.627368967684,925.1813249043996,154,37,3.3195083989351555,13.899628613393187,0.0,0.007737135355541624,affine_dtft,44.2911527923419,1,identified,1,76.70383024305748,63.625724233651674,76.32445363199274,0.0823220476293836,63.4349488229219,1,14.550580976389838,True,2.815631727214623,3.4291314533164,2.2770737814958726
12,250.0,432579.078626323,4005097.719204714,-75.74984095512892,36.18832901208241,touches_land_or_unmapped,,,,,,,,,,,,,,,,,,,,,,,,,,,
12,300.0,432626.2809717788,4005114.2097651497,-75.74931743747261,36.18848095977413,touches_land_or_unmapped,,,,,,,,,,,,,,,,,,,,,,,,,,,
12,350.0,432673.48331723455,4005130.700325585,-75.7487939177579,36.18863290519603,touches_land_or_unmapped,,,,,,,,,,,,,,,,,,,,,,,,,,,
12,400.0,432720.6856626903,4005147.1908860207,-75.74827039598478,36.18878484834808,ok,100.4114611907501,IW3,0,14325.06444186917,875.1766610552504,153,37,3.344650610632145,13.89970805945168,0.0,0.007644609186379263,affine_dtft,44.15814051875357,1,identified,1,101.80139035491466,75.2195858074942,100.4114611907501,0.06257438376724263,78.69006752597954,1,23.422620997939593,True,8.0449294058659,9.229013286005594,6.998576140585677
12,450.0,432767.8880081461,4005163.681446456,-75.74774687215333,36.18893678923023,ok,101.92620843245639,IW3,0,14339.779277059628,875.8180511355238,153,37,3.3446440638549504,13.899706575724224,0.0,0.007644608640292999,affine_dtft,44.16074574657514,1,identified,1,100.7307615861781,76.8628703928011,100.4114611907501,0.06257438376724263,78.69006752597954,1,26.742121509001635,True,8.31198508520729,9.524579560823545,7.241154288107599
12,500.0,432815.09035360184,4005180.1720068916,-75.74722334626357,36.18908872784244,ok,132.74096674596575,IW3,0,14354.494154345803,876.4594211643544,153,37,3.344637518481144,13.899705094880392,0.0,0.007644627851624139,affine_dtft,44.16335098190683,1,identified,1,99.46501215598798,77.95721251275938,100.4114611907501,0.06257438376724263,78.69006752597954,1,23.173361061539094,True,15.127020723345142,17.13215339024553,13.406111033282532
12,550.0,432862.2926990576,4005196.662567327,-75.74669981831555,36.18924066418468,ok,122.41658872643048,IW3,0,14369.209073726359,877.1007711416139,153,37,3.3446309713486206,13.899703615273571,0.0,0.007644648685497821,affine_dtft,44.165956224748385,1,identified,5,50.8292770359243,80.63567132518634,106.47045015757529,0.059013419196411114,81.02737338510333,4,14.993922933169193,True,12.519438842129075,14.202140283940475,11.056183961818636
12,600.0,432909.4950445134,4005213.153127762,-75.74617628830927,36.189392598256894,ok,125.46409880265483,IW3,0,14383.924035200662,877.7421010669188,153,37,3.3446244266086333,13.899702136544818,0.0,0.007644646658031691,affine_dtft,44.1685614750997,1,identified,5,51.746499312287604,79.71693961619738,256.0000000000032,0.024543692606169953,179.99999999999923,3,6.361868263769984,True,13.251016528045964,15.02121912558614,11.716948938736541
12,650.0,432956.69738996914,4005229.6436881977,-75.7456527562448,36.18954453005907,ok,134.69884128137485,IW3,0,14398.639038767067,878.3834109401304,153,37,3.3446178799374704,13.899700659605276,0.0,0.007644666615636987,affine_dtft,44.17116673296049,1,identified,5,294.19203092691646,165.30972077178885,48.78957109307356,0.12878131876161505,77.61924307119271,4,16.76179257075291,True,15.66510516029331,17.74074656407427,13.889029892005604
12,700.0,433003.8997354249,4005246.134248633,-75.74512922212216,36.189696459591154,ok,135.99054444058157,IW3,0,14413.35408442462,879.0247007609748,153,37,3.3446113332711147,13.899699181953489,0.0,0.00764468750041742,affine_dtft,44.173771998330565,1,identified,4,46.29194997843823,72.99767550991812,115.64901157187205,0.054329779578572476,71.5650511770778,5,10.58423387017968,True,16.028348475021406,18.152448543488802,14.214598158095995
12,750.0,433051.10208088066,4005262.6248090686,-75.74460568594138,36.1898483868531,ok,106.37835993399703,IW3,0,14428.06917217274,879.6659705290332,153,37,3.344604789403272,13.899697704168528,0.0,0.007644686399354425,affine_dtft,44.176377271209844,1,identified,4,127.13213321584524,66.63815025278063,146.5851735843502,0.04286371638782433,76.75948008481247,5,9.731024335119164,True,9.129668827892205,10.430233066387345,7.983815855287343
12,800.0,433098.3044263364,4005279.115369504,-75.74408214770253,36.19000031184488,ok,118.20826120879842,IW3,0,14442.78430200887,880.3072202441135,153,37,3.3445982446813862,13.899696230379403,0.0,0.007644706990593068,affine_dtft,44.17898255159787,1,identified,3,123.75563515012192,66.53654945812495,112.92896595360881,0.05563838519304885,72.89727103094742,3,12.18816608067575,True,11.557739711920783,13.128464678728843,10.186099861305975
12,850.0,433145.5067717922,4005295.6059299395,-75.7435586074056,36.190152234566476,ok,117.66425208514579,IW3,0,14457.499473932561,880.9484499063223,153,37,3.344591701202168,13.899694756531186,0.0,0.007644705969265243,affine_dtft,44.18158783949456,1,identified,1,106.18367265618534,77.66265884808415,107.93907746708058,0.05821047811989909,71.56505117707775,2,9.227670638630538,True,11.437372294456319,12.994306768789968,10.077093689264847
12,900.0,433192.70911724796,4005312.0964903748,-75.74303506505066,36.19030415501782,ok,110.93301055899751,IW3,0,14472.214687943218,881.5896595149072,153,37,3.3445851559795705,13.899693282540614,0.0,0.007644726297531332,affine_dtft,44.184193134899814,1,identified,1,104.00171511877014,76.78243945750263,107.93907746708058,0.05821047811989909,71.56505117707775,2,9.688448460458302,True,10.018893611809297,11.416614585852242,8.791052241400031
12,950.0,433239.9114627037,4005328.5870508105,-75.74251152063773,36.19045607319887,ok,110.93301055899751,IW3,0,14486.929944039033,882.2308490695766,153,37,3.3445786114902973,13.8996918076814,0.0,0.007644745741007466,affine_dtft,44.1867984378133,1,identified,3,109.26481099477141,77.02000070197998,112.92896595360881,0.05563838519304885,72.89727103094742,3,9.624772448164927,True,10.018893611809297,11.416614585852242,8.791052241400031
12,1000.0,433287.1138081595,4005345.0776112457,-75.74198797416685,36.1906079891096,ok,113.77988250327815,IW3,0,14501.645242219143,882.8720185703829,153,37,3.344572066713833,13.89969033451904,0.0,0.007644745263995543,affine_dtft,44.18940374823488,1,identified,3,115.67314283608151,72.11274459683167,112.92896595360881,0.05563838519304885,72.89727103094742,3,8.042443830676596,True,10.603136011720961,12.065737326556278,9.321041423474659
12,1050.0,433334.31615361525,4005361.5681716814,-75.74146442563804,36.19075990274998,ok,115.24008376232754,IW3,0,14516.360582482443,883.5131680168951,153,37,3.3445655244026558,13.89968886341257,0.0,0.007644765479096888,affine_dtft,44.19200906616435,1,identified,1,118.82223563829217,72.17652149873159,112.92896595360881,0.05563838519304885,72.89727103094742,3,7.371996511525599,True,10.911621764325975,12.408861211522025,9.600723465858128
12,1100.0,433381.518499071,4005378.0587321166,-75.74094087505138,36.190911814119964,ok,116.01045636523376,IW3,0,14531.075964826774,884.1542974089864,153,37,3.3445589810766516,13.89968739252282,0.0,0.00764478468684707,affine_dtft,44.19461439160134,1,identified,3,120.32211858687519,71.88200279361837,122.17343718848369,0.05142840744904451,72.64597536373844,4,7.316209895810198,True,11.076838048319104,12.592744284229324,9.750463210815745
12,1150.0,433428.7208445268,4005394.5492925523,-75.74041732240686,36.19106372321951,ok,,IW3,0,14545.791389252618,884.7954067461544,153,37,3.344552437697898,13.89968591921017,0.0,0.007644785244945091,affine_dtft,44.19721972454593,1,ambiguous_multiple_blobs,7,39.75503424443443,106.843678803516,109.35778018774529,0.05745531133123425,70.01689347809979,5,5.762656257244985,False,,,
12,1200.0,433475.92318998254,4005411.0398529875,-75.73989376770453,36.19121563004858,ok,,IW3,0,14560.506855757401,885.4364960283601,153,37,3.344545896155629,13.89968445004992,0.0,0.007644804727907788,affine_dtft,44.19982506499766,1,ambiguous_multiple_blobs,6,32.34435239043094,83.19223648645747,76.70417962581837,0.0819145102369974,92.86240522611148,3,5.291475888430458,False,,,
12,1250.0,433523.1255354383,4005427.5304134227,-75.73937021094443,36.19136753460714,ok,70.20129964153932,IW3,0,14575.222364340629,886.0775652552312,153,37,3.3445393526400915,13.899682983073975,0.0,0.0076448238969989675,affine_dtft,44.202430412956446,1,identified,2,31.528309258074067,83.12509613731395,72.9569791876194,0.08612178542948536,94.08561677997461,2,10.498457613738545,True,3.7672161794938157,4.491949006299713,3.1268483882234306
12,1300.0,433570.32788089407,4005444.0209738584,-75.73884665212661,36.191519436895156,ok,88.15178728956911,IW3,0,14589.937915000783,886.7186144265987,153,37,3.3445328125060514,13.899681514291466,0.0,0.0076448238021600045,affine_dtft,44.205035768422015,1,identified,3,31.13717346046078,83.08969387211728,69.53145296065416,0.0903646485100068,95.1944289077346,3,12.764973480805732,True,6.078570787015557,7.054231327376939,5.21365437460106
12,1350.0,433617.53022634983,4005460.5115342936,-75.73832309125109,36.19167133691258,ok,77.97212423277144,IW3,0,14604.653507737172,887.3596435420799,153,37,3.3445262696244504,13.899680046360512,0.0,0.00764484471819208,affine_dtft,44.207641131394254,1,identified,5,69.14497902062608,95.77844273279186,68.11546677634442,0.09224315129205944,93.81407483429012,4,7.999401000060833,True,4.690187991837138,5.517119360683436,3.9575294936116765
12,1400.0,433664.7325718056,4005477.0020947293,-75.7377995283179,36.19182323465937,ok,70.72316412652,IW3,0,14619.369142548698,888.0006526013326,153,37,3.3445197288442023,13.89967858105528,0.0,0.007644863043205384,affine_dtft,44.210246501872966,1,identified,5,58.74803213823331,126.9855733357683,142.0032502336585,0.04424677109038668,56.309932474020094,3,6.6550754510861,True,3.8256482764048485,4.556980816660735,3.1792849409735235
12,1450.0,433711.93491726136,4005493.4926551646,-75.73727596332708,36.19197513013551,ok,64.05362767093769,IW3,0,14634.084819433301,888.641641604495,153,37,3.3445131851439522,13.899677115166389,0.0,0.007644862767049565,affine_dtft,44.21285187985778,1,identified,4,37.12128380069567,76.4002925229535,37.253472005580704,0.16866039509655215,75.96375653207345,3,16.979442896529026,True,3.1161751373923745,3.7656990551296756,2.5444862691672196
12,1500.0,433759.1372627171,4005509.9832156003,-75.73675239627866,36.192127023340944,ok,67.09079347614158,IW3,0,14648.80053839111,889.2826105509092,153,37,3.3445066437175037,13.89967564983509,0.0,0.007644882562684724,affine_dtft,44.21545726534873,1,identified,7,36.68282197105618,76.68756631486123,36.71217865636218,0.17114716524977244,75.4655449194598,4,13.450552368907523,True,3.429285080057931,4.11539817598318,2.8241019033842973
12,1550.0,433806.3396081729,4005526.4737760355,-75.7362288271727,36.19227891427561,ok,55.39807592626498,IW3,0,14663.51629941972,889.9235594402319,153,37,3.3445001027900023,13.899674186025765,0.0,0.007644882277297065,affine_dtft,44.21806265834539,1,identified,9,77.05231689017663,67.48668234155079,36.183770682742654,0.17364650473468382,74.98163936884924,3,15.729908330034169,True,2.312526917983964,2.863136368885932,1.8321802223517285
12,1600.0,433853.54195362865,4005542.964336471,-75.73570525600921,36.19243080293953,ok,64.29428345958982,IW3,0,14678.232102518792,890.5644882726461,153,37,3.3444935621161975,13.89967272373839,0.0,0.007644902615312737,affine_dtft,44.2206680588477,1,identified,2,74.80192949391173,68.74993130743938,83.30129580236388,0.07542722170957256,77.47119229084832,6,6.077660868310496,True,3.1403850422066255,3.7927697963247753,2.5660716727743327
12,1650.0,433900.7442990844,4005559.4548969064,-75.73518168278824,36.192582689332625,ok,63.77472495996172,IW3,0,14692.947947687166,891.205397047613,153,37,3.344487021577379,13.899671259470942,0.0,0.0076449217394676736,affine_dtft,44.22327346685544,1,identified,3,93.87818118622533,92.53090909262174,83.53966248427554,0.07521200254265158,78.23171106797916,8,5.545567547367528,True,3.0882459169916765,3.734462364347439,2.5195924870280884
12,1700.0,433947.9466445402,4005575.945457342,-75.73465810750983,36.19273457345486,ok,62.903528640314164,IW3,0,14707.663834923072,891.8462857648152,153,37,3.344480481188843,13.899669799456618,0.0,0.0076449224373061975,affine_dtft,44.22587888236831,1,identified,3,33.906168486051456,87.6628104994899,81.73450967220482,0.07687310210066982,73.30075576600622,5,7.441681260417336,True,3.0018893973569836,3.6378293335758425,2.4426754838487916
12,1750.0,433995.14898999594,4005592.4360177773,-75.73413453017399,36.19288645530619,ok,52.88242554625306,IW3,0,14722.379764225989,892.4871544240275,153,37,3.344473942464447,13.899668336284124,0.0,0.00764494140877498,affine_dtft,44.228484305386225,1,identified,2,33.96509630501964,87.06264752048247,34.11438615822176,0.1841799315408553,88.09084756700354,2,31.568282752446308,True,2.102937703686509,2.6261164966417687,1.6481313544011746
12,1800.0,434042.3513354517,4005608.9265782125,-75.73361095078079,36.193038334886594,ok,64.30593654608941,IW3,0,14737.095735593914,893.1280030251162,153,37,3.344467401445055,13.89966687591239,0.0,0.007644961072036644,affine_dtft,44.23108973590882,1,identified,2,33.83902419043951,86.04129719460624,31.827789084504854,0.19741193114285507,84.05313694602641,3,24.16784847411519,True,3.141559945735422,3.7940833916131975,2.5671193663862675
12,1850.0,434089.55368090747,4005625.417138648,-75.73308736933025,36.193190212196015,ok,71.92906155741596,IW3,0,14751.811749026088,893.7688315676367,153,37,3.3444608631515336,13.899665415380023,0.0,0.007644959396795663,affine_dtft,44.23369517393596,1,identified,2,140.5183239315514,162.83105009585705,33.195780332058334,0.1892766262557682,83.79655209830807,3,23.590152360745915,True,3.9625986895605156,4.709319259636469,3.302275315354477
12,1900.0,434136.75602636323,4005641.9076990834,-75.7325637858224,36.19334208723444,ok,77.68694831853091,IW3,0,14766.527804522095,894.409640051505,153,37,3.344454323931274,13.899663958016873,0.0,0.1765859257948017,affine_dtft,44.236300619467585,1,identified,3,140.85121367642554,161.05884329519,140.65721748345732,0.04467019481541039,164.05460409907664,2,8.95296354030328,True,4.654278406402179,5.477301360780678,3.9251279320663515
12,1950.0,434183.958371819,4005658.398259519,-75.73204020025729,36.19349396000181,ok,89.15173812703743,IW3,0,14781.243902079712,895.0504284763393,153,37,3.3444477841330364,13.899662500060954,0.0,0.3993596223684878,affine_dtft,44.23890607250328,1,identified,5,118.1348041908953,42.59048806070941,119.85013472883753,0.05242535038776029,159.44395478041605,4,4.92388872289992,True,6.226497784448026,7.217837736610159,5.347776179267805
12,2000.0,434231.16071727476,4005674.8888199544,-75.73151661263495,36.193645830498106,ok,92.93418000550786,IW3,0,14795.960041698094,895.6911968420072,153,37,3.344441246784763,13.899661042229193,0.0,0.5084710442748149,affine_dtft,44.241511533042924,1,identified,6,120.57915517598634,45.59845605625859,62.90381996379652,0.09988559217541625,42.51044707800087,4,5.912080491581999,True,6.805578669874138,7.8582031855264285,5.873144482334206
12,2050.0,434278.36306273047,4005691.37938039,-75.7309930229554,36.19379769872326,ok,,IW3,0,14810.67622337683,896.3319451479474,153,37,3.344434707739394,13.89965958454161,0.0,0.5393170125363113,affine_dtft,44.24411700108642,1,ambiguous_multiple_blobs,5,97.93510217908698,102.88349858100278,144.8154687870049,0.0433875286929528,45.0,2,4.462728324609015,False,,,
12,2100.0,434325.56540818623,4005707.8699408253,-75.73046943121871,36.193949564677254,ok,53.42335787101982,IW3,0,14825.392447113265,896.9726733942086,153,37,3.3444281688136273,13.899658129176654,0.0,0.5016501417453006,affine_dtft,44.246722476633316,1,identified,3,103.04113368186255,103.72897906221802,48.32554784594004,0.13001788054654106,70.70995378081118,2,22.47815627999096,True,2.1471100991659,2.6761416049043736,1.6868466061491907
12,2150.0,434372.767753642,4005724.360501261,-75.72994583742488,36.19410142836005,ok,,IW3,0,14840.169096833983,897.6133448807507,154,37,3.3197003818204176,13.899656674607552,0.0,0.509260774770493,affine_dtft,44.249320953127786,1,ambiguous_multiple_blobs,2,48.97501853480396,72.94163755565832,100.4114611907501,0.06257438376724263,101.30993247401985,1,10.257973965292868,False,,,
12,2200.0,434419.97009909776,4005740.851061696,-75.72942224157397,36.19425328977161,ok,48.861916313977176,IW3,0,14854.99499401861,898.2539664014344,154,37,3.319693892343464,13.899655220062128,0.0,0.5501557435321358,affine_dtft,44.25191372765165,1,identified,1,49.191662422296204,73.01775472799045,49.04070580332289,0.1281218368344497,73.30075576600628,1,15.745437935977082,True,1.7898286663281926,2.2702465755470884,1.3750219124695244
12,2250.0,434467.1724445535,4005757.341622132,-75.728898643666,36.19440514891189,ok,50.08933562218908,IW3,0,14869.820933571496,898.8945678612697,154,37,3.3196874042232847,13.899653765568033,0.0,0.5251215489891097,affine_dtft,44.254506509642106,1,identified,1,49.46443875838988,73.048516910556,49.04070580332289,0.1281218368344497,73.30075576600628,1,14.635178299632006,True,1.8825899474106833,2.3759280479371667,1.4556733262074542
12,2300.0,434514.3747900093,4005773.832182567,-75.72837504370102,36.194557005780844,ok,50.08933562218908,IW3,0,14884.646915490981,899.535149260022,154,37,3.3196809146085027,13.8996523138656,0.0,0.4139749748584756,affine_dtft,44.25709929909886,1,identified,1,49.93167293933699,73.76745439183964,49.04070580332289,0.1281218368344497,73.30075576600628,1,16.46712826059578,True,1.8825899474106833,2.3759280479371667,1.4556733262074542
12,2350.0,434561.57713546505,4005790.3227430023,-75.72785144167906,36.19470886037845,ok,48.62978940230072,IW3,0,14899.472939776659,900.1757105975413,154,37,3.3196744271668273,13.899650862030246,0.0,0.214191925078174,affine_dtft,44.25969209602185,1,identified,1,50.449095343181064,75.18469243409515,53.23522507878765,0.11802683839282221,81.02737338510346,4,9.020973528815908,True,1.7725634963052712,2.2505507399789964,1.3600372984149345
12,2400.0,434608.7794809208,4005806.813303438,-75.72732783760016,36.19486071270467,ok,,IW3,0,14914.299006427009,900.8162518735819,154,37,3.319667937689962,13.89964941289534,0.0,0.0077366190845787105,affine_dtft,44.262284900410805,1,ambiguous_multiple_blobs,6,50.156619641256924,78.20583758185897,41.28495287874575,0.1521906861716266,89.07595464722716,5,15.861943050527133,False,,,
12,2450.0,434655.9818263766,4005823.3038638732,-75.72680423146434,36.19501256275945,ok,46.83891741149487,IW3,0,14929.125115441033,901.4567730876984,154,37,3.3196614507504085,13.899647959940008,0.0,0.007736640393436132,affine_dtft,44.26487771226556,1,identified,5,41.991375772930915,87.5023496019466,43.20252092376948,0.1454356174785777,84.67425937523215,10,17.370066425599703,True,1.642316648130252,2.1016838443592736,1.2472852342549616
12,2500.0,434703.18417183234,4005839.794424309,-75.72628062327165,36.19516441054276,ok,51.455332546910576,IW3,0,14943.951266817447,902.0972742396598,154,37,3.319654964251733,13.899646514208415,0.0,0.007736661617098052,affine_dtft,44.26747053158587,1,identified,4,23.756003396429605,75.70506106289514,44.07900623192749,0.1425437151218832,87.03906386583611,5,11.861690476411285,True,1.9887396142177967,2.4965935896770675,1.5482423580637232
12,2550.0,434750.3865172881,4005856.284984744,-75.72575701302213,36.19531625605455,ok,,IW3,0,14958.77746055478,902.7377553291711,154,37,3.319648476518782,13.899645062707618,0.0,0.0077366608772110705,affine_dtft,44.2700633583715,1,ambiguous_multiple_blobs,7,35.670543326250325,83.19401708810578,44.07900623192749,0.1425437151218832,87.03906386583611,5,8.461130033070924,False,,,
12,2600.0,434797.58886274387,4005872.77554518,-75.72523340071581,36.195468099294814,ok,60.375453195110374,IW3,0,14973.603696652499,903.3782163563227,154,37,3.3196419880769015,13.899643613741501,0.0,0.007736680853032551,affine_dtft,44.27265619262235,1,identified,5,68.51409655466378,59.00086611313971,67.08447048503477,0.09366080199710664,58.39249775375102,2,12.168929672867824,True,2.7588304034332523,3.365405857245675,2.226658268258799
12,2650.0,434844.79120819963,4005889.266105615,-75.72470978635272,36.19561994026348,ok,,IW3,0,14988.429975108957,904.0186573204082,154,37,3.319635502084114,13.899642165359365,0.0,0.0077367013934624565,affine_dtft,44.27524903433814,1,identified,2,68.86238940217088,60.125050805455366,69.96288286836887,0.08980741000911922,59.93141717813744,3,11.679705411358784,True,,,
12,2700.0,434891.9935536554,4005905.7566660508,-75.7241861699329,36.19577177896053,ok,,IW3,0,15003.256295922949,904.6590782214536,154,37,3.319629015658507,13.899640721066396,0.0,0.0077367009216978795,affine_dtft,44.27784188351863,1,ambiguous_multiple_blobs,2,21.61821091865617,79.2575327932489,69.96288286836887,0.08980741000911922,59.93141717813744,3,10.735973300332326,False,,,
12,2750.0,434939.19589911116,4005922.247226486,-75.72366255145641,36.19592361538591,ok,,IW3,0,15018.082659092932,905.2994790590119,154,37,3.319622527883614,13.89963927387264,0.0,0.007736721853497812,affine_dtft,44.28043474016359,1,ambiguous_multiple_blobs,4,21.659149062691725,79.71413831213574,152.8377124162543,0.0411101763291726,84.28940686249999,3,4.3837760189098915,False,,,
12,2800.0,434986.3982445669,4005938.7377869217,-75.72313893092324,36.19607544953959,ok,148.09916645188017,IW3,0,15032.909064618976,905.93985983294,154,37,3.319616041684089,13.89963782947988,0.0,0.007736721958031679,affine_dtft,44.283027604273016,1,identified,2,141.93951109702945,87.48061852580012,152.8377124162543,0.0411101763291726,84.28940686249999,3,7.6523055503752015,True,19.787089823356148,22.459459542981296,17.5601288544992
12,2850.0,435033.6005900227,4005955.228347357,-75.72261530833346,36.19622728142154,ok,147.05680957804492,IW3,0,15047.735512499052,906.5802205429604,154,37,3.319609555868026,13.899636385589188,0.0,0.0077367421833461954,affine_dtft,44.28562047584654,1,identified,2,140.24593292708826,85.36344901170578,146.5851735843502,0.04286371638782433,76.75948008481247,5,7.544236920851979,True,19.436087919141592,22.053241467520827,17.249686861629478
12,2900.0,435080.80293547845,4005971.718907792,-75.7220916836871,36.19637911103171,ok,153.35672228453717,IW3,0,15062.562002731913,907.2205611886797,154,37,3.3196030698216825,13.899634942209795,0.0,0.00773676164542177,affine_dtft,44.288213354883965,1,identified,4,136.46285177916533,83.84470383173657,144.87461335503602,0.043369815881970565,75.96375653207319,7,7.214472082337844,True,21.647471236739037,24.628560320367118,19.197896322907837
12,2950.0,435128.0052809342,4005988.209468228,-75.72156805698418,36.19653093837007,ok,153.48647475160791,IW3,0,15077.388535316626,907.8608817699968,154,37,3.3195965833579884,13.899633498854278,0.0,0.0077367619396814195,affine_dtft,44.29080624138513,1,identified,6,164.39372554259117,55.65011551453308,143.9297389565392,0.04365453138963065,75.52970589993376,9,7.811405030341579,True,21.69538719646734,24.6848066688897,19.23990131873803
12,3000.0,435175.20762639,4006004.700028663,-75.72104442822476,36.19668276343656,ok,155.78690847402717,IW3,0,15092.215110252439,908.5011822865262,154,37,3.3195901003320403,13.899632056285526,0.0,0.007736782123674237,affine_dtft,44.29339913534989,1,identified,5,104.24642083214916,82.72509867019471,178.55637311050626,0.03518880450876432,54.46232220802541,3,7.042346222253126,True,22.562033069185038,25.705656176672314,19.998019161806873
13,250.0,432653.7438960529,4004883.1993854167,-75.7489921937745,36.18640033829359,touches_land_or_unmapped,,,,,,,,,,,,,,,,,,,,,,,,,,,
13,300.0,432700.9848067376,4004899.579139923,-75.74846824880643,36.18655128596845,touches_land_or_unmapped,,,,,,,,,,,,,,,,,,,,,,,,,,,
13,350.0,432748.2257174222,4004915.9588944293,-75.74794430179166,36.18670223136968,touches_land_or_unmapped,,,,,,,,,,,,,,,,,,,,,,,,,,,
13,400.0,432795.4666281069,4004932.3386489353,-75.74742035273023,36.18685317449725,touches_land_or_unmapped,,,,,,,,,,,,,,,,,,,,,,,,,,,
13,450.0,432842.7075387916,4004948.7184034414,-75.74689640162217,36.187004115351115,touches_land_or_unmapped,,,,,,,,,,,,,,,,,,,,,,,,,,,
13,500.0,432889.9484494763,4004965.098157948,-75.74637244846751,36.18715505393126,touches_land_or_unmapped,,,,,,,,,,,,,,,,,,,,,,,,,,,
13,550.0,432937.1893601609,4004981.477912454,-75.7458484932663,36.18730599023761,touches_land_or_unmapped,,,,,,,,,,,,,,,,,,,,,,,,,,,
13,600.0,432984.4302708456,4004997.85766696,-75.74532453601859,36.187456924270144,touches_land_or_unmapped,,,,,,,,,,,,,,,,,,,,,,,,,,,
13,650.0,433031.6711815303,4005014.237421466,-75.74480057672437,36.18760785602883,ok,,IW3,0,14410.589018446877,862.2338042259412,153,37,3.3446975737972644,13.899703951127577,0.0,0.00764433712531811,affine_dtft,44.17332598425969,1,identified,7,87.04672902138269,75.95235185549309,86.68149473020408,0.07248589017455206,73.61045966596502,3,8.741983763564129,True,,,
13,700.0,433078.912092215,4005030.6171759726,-75.74427661538373,36.18775878551364,ok,,IW3,0,14425.309894738622,862.8667684071667,153,37,3.3446910703643074,13.899702477782336,0.0,0.007644336767608915,affine_dtft,44.17593230433621,1,ambiguous_multiple_blobs,7,158.83933992399312,64.93747884577473,86.68149473020408,0.07248589017455206,73.61045966596502,3,9.240387545302669,False,,,
13,750.0,433126.1530028996,4005046.9969304786,-75.74375265199667,36.187909712724505,ok,83.23681020124228,IW3,0,14440.030812788751,863.4997125181718,153,37,3.3446845668634793,13.899701005114418,0.0,0.007644356456532485,affine_dtft,44.17853863186312,1,identified,4,47.53476201331871,83.98763855971646,48.542255425533625,0.12943744068131163,84.55966796899436,4,15.531432287989507,True,5.381952667813265,6.283455209804245,4.582683184295076
13,800.0,433173.3939135843,4005063.3766849847,-75.74322868656324,36.188060637661394,ok,,IW3,0,14454.75177259586,864.1326365586623,153,37,3.3446780638768177,13.89969953304973,0.0,0.0076443766699628045,affine_dtft,44.18114496684018,1,ambiguous_multiple_blobs,2,117.37916266129145,67.78630167248393,114.4866804479891,0.05488136508625573,63.434948822921854,1,25.254969860820907,False,,,
13,850.0,433220.634824269,4005079.7564394907,-75.74270471908348,36.188211560324284,ok,79.43830439197619,IW3,0,14469.472774158847,864.7655405285094,153,37,3.3446715609830555,13.899698060742795,0.0,0.007644375512530474,affine_dtft,44.18375130926718,1,identified,1,114.48789888859608,67.84793259122355,114.4866804479891,0.05488136508625573,63.434948822921854,1,18.959034320450755,True,4.877319065994092,5.724550275623371,4.1264674118550255
13,900.0,433267.8757349537,4005096.136193997,-75.74218074955742,36.18836248071315,ok,,IW3,0,14484.193817476846,865.3984244275828,153,37,3.3446650585154627,13.899696588027927,0.0,0.00764439626278073,affine_dtft,44.18635765914399,1,ambiguous_multiple_blobs,2,113.7223946063558,68.10187318681788,114.4866804479891,0.05488136508625573,63.434948822921854,1,20.309416646710012,False,,,
13,950.0,433315.1166456383,4005112.5159485033,-75.74165677798509,36.18851339882791,ok,102.99157486966591,IW3,0,14498.914902548615,866.0312882551627,153,37,3.3446585571298155,13.899695117286486,0.0,0.007644415145289933,affine_dtft,44.188964016470365,1,identified,1,70.98303783679599,71.66256317790462,75.28597730240584,0.08345757778957331,72.89727103094748,2,7.97175173633405,True,8.503158491510437,9.73622252430803,7.414803274432368
13,1000.0,433362.357556323,4005128.8957030093,-75.74113280436653,36.18866431466856,ok,,IW3,0,14513.636029372165,866.6641320113511,153,37,3.3446520540008953,13.899693646192897,0.0,0.007644415543087653,affine_dtft,44.191570381245974,1,ambiguous_multiple_blobs,5,105.82421148407953,92.65215528810072,101.89180827750278,0.06166526449375895,95.71059313749927,2,14.146096214328473,False,,,
13,1050.0,433409.5984670077,4005145.2754575154,-75.74060882870178,36.18881522823504,ok,112.12779514992683,IW3,0,14528.357197947762,867.2969556957271,153,37,3.3446455521147174,13.899692178838835,0.0,0.007644434503109394,affine_dtft,44.194176753470856,1,identified,2,111.58502736696568,90.11244435394364,119.20206685860279,0.05271037216689108,86.18592516570935,7,8.575845205584232,True,10.261360506009236,11.685897876991687,9.01104726605302
13,1100.0,433456.8393776924,4005161.655212022,-75.74008485099088,36.18896613952734,ok,125.0591928791627,IW3,0,14543.078408273323,867.9297593082019,153,37,3.3446390494626708,13.89969071087435,0.0,0.007644434875528518,affine_dtft,44.19678313314464,1,identified,1,124.56000432732802,97.24580271829659,127.01156821934933,0.04946939397148855,97.12501634890134,2,8.1865770116868,True,13.152053698032155,14.910294525272576,11.627626743281686
13,1150.0,433504.080288377,4005178.034966528,-75.73956087123388,36.1891170485454,ok,127.8599354875918,IW3,0,14557.799660347075,868.5625428484436,153,37,3.34463255037999,13.899689243862989,0.0,0.007644454705181556,affine_dtft,44.199389520267026,1,identified,1,125.94394655627305,97.08262646908452,127.01156821934933,0.04946939397148855,97.12501634890134,2,16.800435145781332,True,13.847960803665416,15.691191453927916,12.255306262848388
13,1200.0,433551.3211990617,4005194.414721034,-75.73903688943078,36.189267955289196,ok,131.8321033001329,IW3,0,14572.520954169056,869.1953063161156,153,37,3.3446260491632693,13.89968777717922,0.0,0.007644475061817707,affine_dtft,44.20199591483801,1,identified,1,127.81983821300035,96.55299888685883,127.01156821934933,0.04946939397148855,97.12501634890134,2,39.56509514412608,True,14.8822233929773,16.85576461466197,13.186165375621966
13,1250.0,433598.5621097464,4005210.7944755405,-75.73851290558164,36.18941885975866,ok,134.24237084052467,IW3,0,14587.242289737696,869.8280497109077,153,37,3.3446195474412566,13.899686309802775,0.0,0.007644472935988619,affine_dtft,44.204602316857304,1,identified,1,131.18782058691596,96.13587517525151,139.06290592130824,0.04518232425500343,95.19442890773429,3,27.322857444313946,True,15.538321764825135,17.59721492637173,13.775312790877745
13,1300.0,433645.8030204311,4005227.1742300466,-75.73798891968649,36.18956976195379,ok,131.95512245804258,IW3,0,14601.963667051565,870.4607730326863,153,37,3.3446130466555593,13.899684845402849,0.0,0.007644493659200702,affine_dtft,44.20720872632468,1,identified,1,133.61636129630173,94.1602433868523,139.06290592130824,0.04518232425500343,95.19442890773429,3,25.736406936802663,True,14.915175983910892,16.89295250344157,13.21578136667991
13,1350.0,433693.0439311157,4005243.5539845526,-75.73746493174536,36.189720661874524,ok,129.66787407556052,IW3,0,14616.685086109848,871.0934762811488,153,37,3.344606546748094,13.89968338187259,0.0,0.00764451244252213,affine_dtft,44.20981514323997,1,identified,1,132.34137952771363,89.57309973206044,139.06290592130824,0.04518232425500343,84.80557109226486,3,20.389397934968745,True,14.311647882615395,16.212684828648925,12.67294450436571
13,1400.0,433740.2848418004,4005259.9337390587,-75.7369409417583,36.18987155952083,ok,121.18551202967485,IW3,0,14631.406546911054,871.7261594560002,153,37,3.344600046611785,13.899681917733233,0.0,0.007644512385250776,affine_dtft,44.21242156760293,1,identified,1,128.7735701879327,84.48526185643614,115.57532630693886,0.05436441763091401,73.610459665965,4,18.04645994860547,True,12.232409867037482,13.881344171744367,10.796663425461979
13,1450.0,433787.5257524851,4005276.313493565,-75.73641694972534,36.190022454892684,ok,110.87017567545244,IW3,0,14646.128049454286,872.3588225570212,153,37,3.344593546713933,13.899680454206356,0.0,0.007644532529772688,affine_dtft,44.215027999413394,1,identified,1,102.31381550117139,68.87163373638093,115.57532630693886,0.05436441763091401,73.610459665965,4,9.972046331344757,True,10.006249946066019,11.402576642179861,8.779578820820161
13,1500.0,433834.7666631698,4005292.6932480712,-75.73589295564652,36.19017334799004,ok,98.68799476953097,IW3,0,14660.849593738243,872.9914655840448,153,37,3.344587047387917,13.899678992533868,0.0,0.007644532609798706,affine_dtft,44.217634438671126,1,identified,1,96.93836371878098,69.87392467419023,96.65109569188007,0.06500894027327053,70.70995378081108,4,8.2927995776847,True,7.747760763259603,8.900218017345882,6.728654912465358
13,1550.0,433882.0075738544,4005309.0730025773,-75.73536895952188,36.19032423881284,ok,89.22626284147651,IW3,0,14675.5711797615,873.6240885365921,153,37,3.3445805488831533,13.899677531667244,0.0,0.007644551614772954,affine_dtft,44.220240885375894,1,identified,1,92.63111858842223,69.02644119891251,87.48622415019622,0.07181913916404283,70.01689347809987,2,6.645024562125621,True,6.23760799537346,7.230124960064124,5.357851112981215
13,1600.0,433929.2484845391,4005325.4527570833,-75.73484496135143,36.190475127361076,ok,79.76453091342208,IW3,0,14690.292807523503,874.2566914145315,153,37,3.3445740491142346,13.899676071744638,0.0,0.007644570996009269,affine_dtft,44.222847339527576,1,identified,3,71.40744198766764,54.59104290399098,78.15200139170085,0.080396985301605,58.736268305622524,5,5.048921064224637,True,4.919530217038169,5.77132579164155,4.164594119952949
13,1650.0,433976.4893952238,4005341.83251159,-75.73432096113524,36.190626013634684,ok,88.83496182177775,IW3,0,14705.014477022098,874.8892742175402,153,37,3.3445675501665484,13.899674609281123,0.0,0.007644570961288973,affine_dtft,44.22545380112581,1,identified,3,69.92102200654959,53.057528035253384,68.2666666666666,0.09203884727313856,53.13010235415595,4,8.244456146934828,True,6.1794050441852875,7.165755125560466,5.3050740471319635
13,1700.0,434023.7303059085,4005358.212266096,-75.73379695887333,36.19077689763365,ok,99.73836703847022,IW3,0,14719.736188257208,875.521836945449,153,37,3.3445610528102794,13.899673151817662,0.0,0.007644591240418929,affine_dtft,44.22806027017057,1,identified,2,68.93066532360925,54.16243353687711,68.2666666666666,0.09203884727313856,53.13010235415595,2,10.295267865666343,True,7.928031050464471,9.099662493153733,6.892394060566046
13,1750.0,434070.9712165931,4005374.592020602,-75.73327295456573,36.19092777935792,ok,89.77720485147867,IW3,0,14734.457941227096,876.1543795980402,153,37,3.344554554527353,13.899671694791678,0.0,0.0076446115258193845,affine_dtft,44.230666746661555,1,identified,10,40.99048749528488,110.17217449456552,142.0032502336585,0.04424677109038668,56.309932474020094,3,6.493429779742105,True,6.320112492484755,7.321367714387506,5.432674151326434
13,1800.0,434118.2121272778,4005390.971775108,-75.7327489482125,36.19107865880745,ok,95.1548393976817,IW3,0,14749.179735930247,876.7869021747994,153,37,3.344548055505567,13.899670235859663,0.0,0.007644610914538963,affine_dtft,44.23327323059849,1,identified,9,120.30124473904831,62.31686545329303,142.0032502336585,0.04424677109038668,56.309932474020094,3,4.923838695427315,True,7.160270779624942,8.25042735359143,6.195133417474616
13,1850.0,434165.4530379625,4005407.3515296145,-75.73222493981365,36.191229535982224,ok,104.1175636413534,IW3,0,14763.901572366256,877.4194046756874,153,37,3.3445415577993094,13.899668780280466,0.0,0.1171055954446599,affine_dtft,44.23587972198132,1,identified,7,119.63279086125448,64.91045845541363,28.34619045674321,0.2216588968725035,85.23635830927374,2,11.676385299994717,True,8.708255340956754,9.963342061754426,7.601092004378972
13,1900.0,434212.6939486472,4005423.7312841206,-75.73170092936924,36.191380410882175,ok,,IW3,0,14778.623450533296,878.0518871003115,153,37,3.344535059223898,13.89966732418388,0.0,0.36420918290580434,affine_dtft,44.238486220809705,1,ambiguous_multiple_blobs,7,69.3974543539596,76.90621373465022,71.51926228680472,0.08785304974180126,77.90524292298771,2,18.407185350479125,False,,,
13,1950.0,434259.9348593318,4005440.1110386266,-75.73117691687929,36.19153128350729,ok,,IW3,0,14793.345370430507,878.6843494485379,153,37,3.3445285642636766,13.899665869325394,0.0,0.49806295066142325,affine_dtft,44.24109272708351,1,ambiguous_multiple_blobs,8,70.01226485140437,77.21051213455753,71.51926228680472,0.08785304974180126,77.90524292298771,2,15.832567573362324,False,,,
13,2000.0,434307.1757700165,4005456.4907931327,-75.73065290234383,36.19168215385753,ok,33.00034103665704,IW3,0,14808.067332056853,879.3167917200635,153,37,3.3445220672269773,13.89966441451909,0.0,0.5396298523651304,affine_dtft,44.24369924080253,1,identified,9,145.1611522875109,54.12533608313644,33.32639996936668,0.1885347746217723,74.90842732140506,6,13.27207214510443,True,0.8086207826509376,1.1309732838870306,0.5436921998560087
13,2050.0,434354.4166807012,4005472.870547639,-75.73012888576292,36.191833021932844,ok,33.00034103665704,IW3,0,14822.789335410687,879.9492139146657,153,37,3.344515569305795,13.899662960197137,0.0,0.5136706880541507,affine_dtft,44.2463057619665,1,identified,5,149.7987415536046,53.97863031502012,32.9808192717225,0.1905102858547465,75.06858282186238,5,17.21290302078333,True,0.8086207826509376,1.1309732838870306,0.5436921998560087
13,2100.0,434401.6575913859,4005489.2503021453,-75.72960486713657,36.19198388773319,ok,56.20876152542393,IW3,0,14837.55242261476,880.5815910875701,154,37,3.3197871793078235,13.89966150667193,0.0,0.49973010374498605,affine_dtft,44.248907528315804,1,identified,5,142.44829230090707,55.05211432029448,32.693803868881936,0.19218275525167453,73.30075576600632,2,16.50012933088298,True,2.3823381421052563,2.9419052940336354,1.8936709806530052
13,2150.0,434448.8985020705,4005505.6300566513,-75.72908084646484,36.19213475125854,ok,,IW3,0,14852.384141789547,881.2139064959676,154,37,3.3197807311156358,13.899660056574099,0.0,0.5466188425699545,affine_dtft,44.25150134334609,1,ambiguous_multiple_blobs,3,131.42384899689904,56.09488699556559,131.1097650512854,0.04792309180572349,50.19442890773478,2,10.711469787035561,False,,,
13,2200.0,434496.1394127552,4005522.009811158,-75.72855682374777,36.19228561250886,ok,96.52729796173213,IW3,0,14867.215902999047,881.8462018263847,154,37,3.319774283655721,13.89965860450507,0.0,0.5363849419912848,affine_dtft,44.25409516578465,1,identified,3,24.740996012704322,81.062771684078,125.8340229917246,0.049932324802114895,55.00797980144126,3,14.022585872870044,True,7.385061939944857,8.499029311590078,6.399251887592803
13,2250.0,434543.3803234399,4005538.389565664,-75.72803279898535,36.192436471484115,ok,117.80512932601552,IW3,0,14882.047706242882,882.4784770786289,154,37,3.3197678345399813,13.899657153933063,0.0,0.4440727718390718,affine_dtft,44.25668899563141,1,identified,2,115.89296838733033,58.530426764402605,119.03758207367079,0.0527832067631465,54.462322208025576,4,13.392780643353868,True,11.468457930125409,13.028949340535553,10.10524729784494
13,2300.0,434590.6212341246,4005554.76932017,-75.72750877217766,36.192587328184246,ok,95.15803814911965,IW3,0,14896.879551519445,883.1107322522804,154,37,3.3197613885136703,13.899655704984365,0.0,0.24950333551594708,affine_dtft,44.25928283288609,1,identified,2,111.20205500033487,59.74940747490434,108.54378291265117,0.0578861832394019,57.99461679191643,2,17.35467428577884,True,7.160789703919497,8.251001215983404,6.195604577724059
13,2350.0,434637.8621448092,4005571.149074676,-75.72698474332473,36.19273818260922,ok,,IW3,0,14911.711438826736,883.7429673471981,154,37,3.3197549412992715,13.899654254598923,0.0,0.007736266819462289,affine_dtft,44.261876677548344,1,ambiguous_multiple_blobs,2,26.95611321159718,83.04911734114525,108.54378291265117,0.0578861832394019,57.99461679191643,2,15.408787956183563,False,,,
13,2400.0,434685.1030554939,4005587.5288291825,-75.7264607124266,36.19288903475901,ok,47.742446838147266,IW3,0,14926.54336816435,884.3751823631477,154,37,3.31974849340278,13.899652808744827,0.0,0.007736287730993828,affine_dtft,44.26447052961811,1,identified,1,27.300769119668384,83.60012333922712,27.216764618432,0.23085717186694657,82.87498365109813,3,18.77022984322847,True,1.7073758423179528,2.1761081466648347,1.3035398227188344
13,2450.0,434732.3439661786,4005603.9085836885,-75.7259366794833,36.193039884633585,ok,27.47533481331263,IW3,0,14941.37533953118,885.0073772998883,154,37,3.319742047710153,13.89965136010964,0.0,0.00773630684098358,affine_dtft,44.267064389095175,1,identified,1,27.683532025889992,83.8391537929701,27.693888018602426,0.22687985532977784,84.4127560357956,5,22.186563276651224,True,0.559164452733967,0.8295795437463767,0.34419964644523804
13,2500.0,434779.5848768633,4005620.2883381946,-75.72541264449484,36.19319073223289,ok,44.559762993573784,IW3,0,14956.207352926236,885.6395521570523,154,37,3.3197355991661475,13.899649913053581,0.0,0.0077363062646730344,affine_dtft,44.26965825597938,1,identified,1,28.072107250533488,83.90539790038291,27.515351802903478,0.228351988816533,83.82982490497031,2,24.86210754459831,True,1.484077732317388,1.920074888839946,1.1110660966911725
13,2550.0,434826.8257875479,4005636.6680927007,-75.7248886074613,36.193341577556886,ok,,IW3,0,14971.039408347815,886.2717069343842,154,37,3.3197291556356365,13.899648468533114,0.0,0.0077363279594421346,affine_dtft,44.272252130270424,1,ambiguous_multiple_blobs,2,28.45887779459671,84.1877043178186,85.33333333333324,0.07363107781851086,89.99999999999974,1,14.514238890367789,False,,,
13,2600.0,434874.0666982326,4005653.047847207,-75.7243645683827,36.193492420605544,ok,92.7548812197785,IW3,0,14985.871505794568,886.9038416317046,154,37,3.319722708118759,13.899647020919211,0.0,0.007736327063428664,affine_dtft,44.27484601196808,1,identified,4,28.724148798398478,84.57851443852496,95.81304753435724,0.06557755408966115,86.42366562500241,3,9.333694523261595,True,6.777420942160016,7.827066836784277,5.847588345759286
13,2650.0,434921.3076089173,4005669.427601713,-75.72384052725906,36.193643261378824,ok,117.62893532388996,IW3,0,15000.703645266072,887.5359562486918,154,37,3.3197162639407582,13.899645577680076,0.0,0.0077363482413882675,affine_dtft,44.27743990107226,1,identified,3,150.33744118643713,77.4120604086294,120.67955732250397,0.052065034431543415,81.86989764584368,5,6.854426681232487,True,11.429588653509274,12.985632986329616,10.070043983714019
13,2700.0,434968.548519602,4005685.8073562193,-75.72331648409043,36.19379409987669,ok,119.50546190298182,IW3,0,15015.535826760448,888.1680507851464,154,37,3.319709817524457,13.899644134024319,0.0,0.007736368891536594,affine_dtft,44.28003379758265,1,identified,1,123.59475040326681,83.29932065506745,127.01156821934933,0.04946939397148855,82.8749836510979,2,10.480387779939335,True,11.848356188420542,13.452576446492342,10.449193321785147
13,2750.0,435015.7894302866,4005702.1871107253,-75.72279243887685,36.193944936099086,ok,129.30594615351134,IW3,0,15030.368050276995,888.800125240634,154,37,3.3197033723192715,13.899642691028212,0.0,0.007736367500186121,affine_dtft,44.282627701499116,1,identified,1,128.92569646672425,83.2352249535602,127.01156821934933,0.04946939397148855,82.8749836510979,2,15.186471273967769,True,14.217892800610013,16.10716277370004,12.588539853598412
13,2800.0,435063.0303409713,4005718.566865232,-75.72226839161836,36.19409577004601,ok,132.6468379965279,IW3,0,15045.200315814216,889.4321796152374,154,37,3.319696927643359,13.899641249297977,0.0,0.007736388045371144,affine_dtft,44.28522161282141,1,identified,1,131.44083911539167,84.50385353225951,127.01156821934933,0.04946939397148855,82.8749836510979,2,17.366119640556995,True,15.101522733457074,17.103350922727262,13.383208616686227
13,2850.0,435110.271251656,4005734.946619738,-75.72174434231498,36.194246601717396,ok,135.37924485367031,IW3,0,15060.032623371219,890.0642139083591,154,37,3.3196904832627516,13.89963981006657,0.0,0.007736408793225131,affine_dtft,44.287815531549356,1,identified,1,131.4875037336672,86.0025812452941,144.8154687870047,0.04338752869295286,81.8698976458437,4,12.849079127399975,True,15.855612811871305,17.956580547340486,14.059823015299168
13,2900.0,435157.5121623407,4005751.326374244,-75.72122029096676,36.1943974311132,ok,145.73656235320283,IW3,0,15074.86497294667,890.6962281198303,154,37,3.3196840400357575,13.899638368229192,0.0,0.007736408731488283,affine_dtft,44.290409457682735,1,identified,2,133.30524307386264,85.78817087290292,137.38401653758683,0.04573447090521314,79.6951535312336,6,13.024522882659605,True,18.999472740964233,21.549192349837142,16.86291947643239
13,2950.0,435204.7530730253,4005767.70612875,-75.72069623757373,36.19454825823341,ok,150.4178108866662,IW3,0,15089.697364538815,891.328222249515,154,37,3.319677594789058,13.89963692752975,0.0,0.007736428578056794,affine_dtft,44.29300339122125,1,identified,2,167.8842149123239,75.55158801106451,140.6736025050615,0.04466499183422501,77.66091272167348,9,8.146023455325691,True,20.58851742529507,23.390463691199695,18.267268762073087
13,3000.0,435251.99398371,4005784.0858832565,-75.72017218213593,36.19469908307796,ok,152.28525825321998,IW3,0,15104.529798147603,891.9601962968859,154,37,3.3196711511907253,13.899635488988112,0.0,0.00773642836374489,affine_dtft,44.295597332164874,1,identified,7,176.11336510335275,75.97004461609777,178.79815571701164,0.03514121989672054,65.22485943116783,5,5.4712477420976295,True,21.255614188079374,24.169319470007103,18.854035726247307
14,250.0,432872.0838166269,4004243.049518801,-75.74650934807518,36.18064461915307,touches_land_or_unmapped,,,,,,,,,,,,,,,,,,,,,,,,,,,
14,300.0,432919.51608723355,4004258.8665888547,-75.74598326029397,36.1807904964244,touches_land_or_unmapped,,,,,,,,,,,,,,,,,,,,,,,,,,,
14,350.0,432966.9483578402,4004274.683658909,-75.7454571705255,36.180936371402936,touches_land_or_unmapped,,,,,,,,,,,,,,,,,,,,,,,,,,,
14,400.0,433014.3806284468,4004290.5007289634,-75.74493107876982,36.18108224408864,touches_land_or_unmapped,,,,,,,,,,,,,,,,,,,,,,,,,,,
14,450.0,433061.81289905345,4004306.3177990173,-75.74440498502699,36.18122811448147,touches_land_or_unmapped,,,,,,,,,,,,,,,,,,,,,,,,,,,
14,500.0,433109.24516966,4004322.1348690717,-75.74387888929701,36.1813739825814,touches_land_or_unmapped,,,,,,,,,,,,,,,,,,,,,,,,,,,
14,550.0,433156.67744026665,4004337.951939126,-75.74335279157994,36.18151984838839,touches_land_or_unmapped,,,,,,,,,,,,,,,,,,,,,,,,,,,
14,600.0,433204.1097108733,4004353.7690091804,-75.74282669187582,36.18166571190239,touches_land_or_unmapped,,,,,,,,,,,,,,,,,,,,,,,,,,,
14,650.0,433251.5419814799,4004369.5860792343,-75.74230059018468,36.18181157312337,touches_land_or_unmapped,,,,,,,,,,,,,,,,,,,,,,,,,,,
14,700.0,433298.97425208654,4004385.4031492886,-75.74177448650656,36.181957432051306,ok,,IW3,0,14459.764947363235,814.5438497710132,153,37,3.344929803963192,13.899712458858037,0.0003532944709415298,0.0076433462242199565,affine_dtft,44.18216260922331,1,identified,2,130.3360248379127,83.96762367611821,139.6363636363634,0.04499676977797888,89.99999999999957,3,4.223071915539123,True,,,
14,750.0,433346.40652269317,4004401.220219343,-75.74124838084153,36.182103288686136,ok,105.95133428907411,IW3,0,14474.514796078583,815.1346053746224,153,37,3.3449235087075326,13.899710996574333,0.0,0.007643366006991173,affine_dtft,44.1847741723262,1,identified,3,133.11763466155452,80.92378715322528,139.6363636363634,0.04499676977797888,89.99999999999957,3,3.785259025620885,True,9.049076420729037,10.340918060531944,7.910628570029727
14,800.0,433393.83879329974,4004417.0372893973,-75.74072227318956,36.182249143027846,ok,,IW3,0,14489.264684870333,815.7253408199115,153,37,3.3449172171250336,13.899709538007157,0.0,0.007643365049127372,affine_dtft,44.187385742581725,1,ambiguous_multiple_blobs,3,125.95031674410201,76.92227970531238,124.17824001860234,0.05059811852896565,75.96375653207325,3,4.776748891044647,False,,,
14,850.0,433441.2710639064,4004432.854359451,-75.74019616355075,36.18239499507637,ok,57.86657990757362,IW3,0,14504.014613735646,816.3160561066361,153,37,3.344910925547829,13.899708076360227,0.0,0.0076433855866774834,affine_dtft,44.18999731998939,1,identified,5,124.93994741356704,74.10737783161414,38.581275594495565,0.16285582087068204,78.40782458970882,3,15.92096037429803,True,2.5285729067037925,3.1066451131379544,2.022747978703396
14,900.0,433488.703334513,4004448.6714295056,-75.73967005192512,36.1825408448317,ok,29.55371367583409,IW3,0,14518.76458267295,816.9067512346068,153,37,3.34490463225836,13.899706618338362,0.0,0.007643385212937141,affine_dtft,44.19260890454891,1,identified,7,129.99579801149818,75.97683111071098,26.863781690030276,0.23389057354912213,85.48601154199866,2,12.24322310134478,True,0.6475167239684199,0.9373161989127496,0.41386170612617496
14,950.0,433536.13560511963,4004464.48849956,-75.7391439383127,36.18268669229381,ok,29.114744379738728,IW3,0,14533.51459168231,817.4974262037358,153,37,3.3448983416799614,13.899705161816307,0.0,0.007643405747438647,affine_dtft,44.195220496260305,1,identified,6,33.80768822742745,85.116915434582,26.384898709405256,0.23813566147744428,94.92710994764894,3,13.293509342352593,True,0.6283066388569255,0.9139972603861849,0.39860909280020357
14,1000.0,433583.56787572626,4004480.305569614,-75.73861782271352,36.18283253746261,ok,26.748111576049517,IW3,0,14548.264640761923,818.0880810132978,153,37,3.3448920487496605,13.899703703420215,0.0,0.007643425165324291,affine_dtft,44.19783209512325,1,identified,7,34.090278053685545,85.4231759659753,26.384898709405256,0.23813566147744428,94.92710994764894,3,12.79652913654075,True,0.5298047086746445,0.7934778314034946,0.32135236470557305
14,1050.0,433631.0001463329,4004496.122639668,-75.73809170512764,36.182978380338106,ok,43.20931714042666,IW3,0,14563.014729910486,818.6787156634651,153,37,3.3448857582698794,13.899702246533145,0.0,0.007643423542565178,affine_dtft,44.20044370113753,1,identified,8,26.812523260881978,85.6529556109717,27.358867195357277,0.2296580944786276,94.08561677997479,3,12.411920421998953,True,1.394262001825621,1.8165762318375287,1.0341750195183692
14,1100.0,433678.43241693947,4004511.9397097225,-75.7375655855551,36.18312422092025,ok,,IW3,0,14577.764859126513,819.2693301538256,153,37,3.3448794670669013,13.899700789868467,0.0,0.007643443631702766,affine_dtft,44.20305531430286,1,ambiguous_multiple_blobs,9,26.648312025126764,85.67029974366675,140.65721748345732,0.04467019481541039,15.94539590092314,2,4.075933645087157,False,,,
14,1150.0,433725.8646875461,4004527.756779777,-75.73703946399593,36.18327005920899,ok,75.1153806444532,IW3,0,14592.515028409034,819.859924484099,153,37,3.344873176248389,13.899699336019202,0.0,0.0076434433837374045,affine_dtft,44.205666934619074,1,identified,8,77.96793419924731,62.75976454390785,92.70860394753886,0.06777348638250513,95.19442890773448,4,3.843436137363396,True,4.337562611106331,5.12590779808198,3.639611686502403
14,1200.0,433773.2969581527,4004543.573849831,-75.73651334045014,36.18341589520432,ok,90.82492027497845,IW3,0,14607.265237757156,820.4504986541264,153,37,3.344866885404553,13.899697882373955,0.0,0.007643463589528383,affine_dtft,44.208278562086036,1,identified,1,91.03429913904934,93.62443361459145,90.19702571745832,0.06966067070616751,93.36646066342949,3,7.168104203695458,True,6.478815322530089,7.496870048430816,5.576631626058928
14,1250.0,433820.72922875936,4004559.390919885,-75.73598721491783,36.183561728906184,ok,91.20165700949053,IW3,0,14622.015487169085,821.0410526636296,153,37,3.3448605939256275,13.899696427782178,0.0,0.007643483303070487,affine_dtft,44.210890196703396,1,identified,2,91.25010814810373,92.94168886929795,90.19702571745832,0.06966067070616751,93.36646066342949,3,14.250767359296882,True,6.536463679927227,7.560618570215178,5.628932993290682
14,1300.0,433868.161499366,4004575.2079899395,-75.73546108739899,36.183707560314545,ok,91.71167145288516,IW3,0,14636.765776644035,821.6315865123712,153,37,3.3448543039082548,13.899694975786257,0.0,0.007643483364257682,affine_dtft,44.21350183847104,1,identified,2,91.76660937513432,92.85057451251116,90.19702571745832,0.06966067070616751,93.36646066342949,3,22.402120443454358,True,6.614999804188105,7.647463864867843,5.700192083898068
14,1350.0,433915.5937699726,4004591.0250599934,-75.73493495789367,36.18385338942935,ok,95.88594519002388,IW3,0,14651.516106180366,822.2221001998862,153,37,3.344848014666697,13.899693522374807,0.0,0.007643503318481929,affine_dtft,44.21611348738867,1,identified,2,92.78375566484705,95.02205013637317,92.70860394753886,0.06777348638250513,95.19442890773448,4,10.966945384933913,True,7.2794809955083215,8.38226148576344,6.303376286747348
14,1400.0,433963.0260405792,4004606.8421300477,-75.73440882640192,36.18399921625059,ok,100.06021892716258,IW3,0,14666.266475776998,822.8125937262218,153,37,3.3448417243528903,13.899692072579436,0.0,0.007643501596695964,affine_dtft,44.2187251434561,1,identified,2,100.53373334497252,97.91926702655812,95.25867616451202,0.06595919196198471,97.12501634890153,3,17.61766555877814,True,7.983793067675921,9.161362538734226,6.943044022470349
14,1450.0,434010.4583111858,4004622.659200102,-75.73388269292376,36.18414504077822,ok,102.52601722958865,IW3,0,14681.016885433297,823.4030670910554,153,37,3.3448354345542897,13.899690622003328,0.0,0.0076435216506734556,affine_dtft,44.22133680667321,1,identified,1,105.39148295561436,99.82662377484118,111.06839440315186,0.05657041628217941,102.52880770915111,2,13.378753151234084,True,8.419274514885627,9.643350229920662,7.338609303895861
14,1500.0,434057.89058179245,4004638.4762701564,-75.73335655745925,36.1842908630122,ok,105.79848832360524,IW3,0,14695.767335146815,823.9935202940846,153,37,3.344829145837597,13.899689171843216,0.0,0.007643521444691378,affine_dtft,44.22394847703957,1,identified,3,112.43288185944634,103.77240618555213,111.06839440315186,0.05657041628217941,102.52880770915111,2,7.33825066901308,True,9.020343179518601,10.30907799662843,7.884534670303712
14,1550.0,434105.3228523991,4004654.2933402103,-75.73283042000843,36.18443668295249,ok,,IW3,0,14710.517824917193,824.5839533349923,153,37,3.3448228570380243,13.899687725306844,0.0,0.007643540835385597,affine_dtft,44.226560154555116,1,identified,4,166.74931172961257,26.49099245391801,179.6214823540794,0.034980143938428465,37.87498365109833,4,2.789502313148092,False,,,
14,1600.0,434152.7551230057,4004670.1104102647,-75.7323042805713,36.18458250059904,ok,,IW3,0,14725.268354743224,825.1743662135746,153,37,3.344816568243655,13.899686275223411,0.0,0.007643560778284376,affine_dtft,44.22917183921963,1,identified,4,241.17856753865837,142.9111722184505,240.52540191322234,0.0261227515148128,3.3664606634304732,8,1.7828554533529357,False,,,
14,1650.0,434200.18739361234,4004685.927480319,-75.73177813914792,36.18472831595185,ok,,IW3,0,14740.018924623959,825.7647589296573,153,37,3.344810280052263,13.899684828406103,0.0,0.007643559392790445,affine_dtft,44.23178353103296,1,identified,5,286.5445224169004,31.951586210728944,44.71999482488366,0.14050058216204034,109.38451567935768,5,9.538875959653184,True,,,
14,1700.0,434247.6196642189,4004701.7445503734,-75.73125199573835,36.18487412901085,ok,66.69349063350184,IW3,0,14754.769534557294,826.3551314829041,153,37,3.3448039921994965,13.899683380063543,0.0,0.00764357965263922,affine_dtft,44.23439522999473,1,identified,5,282.2338237917229,34.222792916383234,44.29208267246999,0.14185797840310044,111.57130719125442,4,11.512490367163393,True,3.387386352153902,4.068652040703529,2.786631595760956
14,1750.0,434295.05193482555,4004717.5616204273,-75.73072585034261,36.18501993977601,ok,,IW3,0,14769.520184542593,826.9454838730683,153,37,3.3447977042944346,13.899681934977906,0.0,0.23089301811465168,affine_dtft,44.23700693610481,1,ambiguous_multiple_blobs,2,57.41307239994255,92.12392715946673,56.801300093463404,0.1106169277259667,93.17983011986405,2,17.021936556152518,False,,,
14,1800.0,434342.4842054322,4004733.3786904817,-75.73019970296073,36.1851657482473,ok,93.22483040908725,IW3,0,14784.270874578577,827.535816099908,153,37,3.3447914156662955,13.899680489939877,0.0,0.4301992856958876,affine_dtft,44.239618649362995,1,identified,2,110.47010044488914,80.09556464643845,111.06839440315186,0.05657041628217941,77.47119229084822,6,12.029435416915485,True,6.851375029157143,7.908844145610954,5.914711417366563
14,1850.0,434389.9164760388,4004749.195760536,-75.72967355359278,36.18531155442469,ok,94.63590187778051,IW3,0,14799.021604663214,828.1261281633343,153,37,3.3447851318036252,13.899679046144566,0.0,0.5246284399788445,affine_dtft,44.24223036976892,1,identified,2,108.00795912528021,79.61409057526517,111.06839440315186,0.05657041628217941,77.47119229084822,6,11.73859136249597,True,7.076391774241856,8.15766952773491,6.118977847710955
14,1900.0,434437.34874664544,4004765.01283059,-75.72914740223875,36.18545735830812,ok,85.36308608802473,IW3,0,14813.77237479654,828.7164200628262,153,37,3.3447788426185774,13.899677603951321,0.0,0.5366472975866985,affine_dtft,44.24484209732259,1,identified,2,102.93090989688632,80.10894957947481,106.47045015757529,0.059013419196411114,81.02737338510333,4,8.947433532869264,True,5.677170933325062,6.6101814511215675,4.849937935835717
14,1950.0,434484.78101725207,4004780.8299006443,-75.7286212488987,36.18560315989756,ok,72.52655503962484,IW3,0,14828.523184976853,829.3066917981644,153,37,3.344772554646024,13.899676161061223,0.0,0.48778881912540256,affine_dtft,44.2474538320237,1,identified,4,50.21087036116642,90.15783126892944,49.936368547243035,0.12582383320956322,88.60281897270349,4,11.328431747433548,True,4.031457057934725,4.78587469752203,3.3641609922767524
14,2000.0,434532.21328785864,4004796.6469706986,-75.7280950935727,36.18574895919298,ok,59.690023991224976,IW3,0,14843.357990636241,829.896892343522,154,37,3.3200424704678064,13.899674718025292,0.0,0.5217977241604069,affine_dtft,44.25005583223249,1,identified,9,51.0357114302732,91.14945330072604,48.2718229290016,0.1301625860788585,81.86989764584389,6,8.34857826309558,True,2.694846569198785,3.2935734848253166,2.169919563802568
14,2050.0,434579.6455584653,4004812.464040753,-75.72756893626075,36.18589475619435,ok,47.9949174496374,IW3,0,14858.218727769052,830.4870569883426,154,37,3.3200362318804064,13.899673278824965,0.0,0.5511243227750177,affine_dtft,44.25265483531635,1,identified,11,101.05218711866817,0.13944692932400926,46.88573916115248,0.13401058444623104,74.05460409907705,4,11.153652197443295,True,1.7257925838166897,2.1971522728700568,1.319488414620966
14,2100.0,434627.0778290719,4004828.281110807,-75.72704277696292,36.18604055090161,ok,47.34776708376885,IW3,0,14873.079505242576,831.0772014680731,154,37,3.3200299935886903,13.89967183863391,0.0,0.510477327479831,affine_dtft,44.25525384551226,1,identified,10,41.23568390786326,108.79092214154667,46.88573916115248,0.13401058444623104,74.05460409907705,2,15.74465097864933,True,1.678793446361079,2.1434276873366653,1.2788088591303342
14,2150.0,434674.51009967853,4004844.098180861,-75.7265166156792,36.18618634331474,ok,,IW3,0,14887.940323056895,831.6673257825217,154,37,3.3200237530437833,13.89967039773687,0.0,0.37967395182670194,affine_dtft,44.25785286282024,1,ambiguous_multiple_blobs,10,41.47180651330538,109.03817926956107,111.06839440315179,0.056570416282179445,40.60129464500449,2,7.671481011758349,False,,,
14,2200.0,434721.94237028516,4004859.9152509156,-75.72599045240968,36.18633213343369,ok,,IW3,0,14902.801181209681,832.2574299314413,154,37,3.3200175141629154,13.899668958091823,0.0,0.13853752729674604,affine_dtft,44.260451887239896,1,ambiguous_multiple_blobs,7,41.494748695649626,108.96255150622984,159.92193217393253,0.03928907825066757,51.340191745909806,2,3.7463439414374213,False,,,
14,2250.0,434769.3746408918,4004875.7323209695,-75.72546428715435,36.18647792125845,ok,,IW3,0,14917.662079700749,832.8475139146661,154,37,3.320011275374557,13.89966752098699,0.0,0.0077352069821555415,affine_dtft,44.26305091877117,1,ambiguous_multiple_blobs,11,41.27798094350247,108.59298189957356,96.32981692248022,0.06522575779663188,41.18592516570969,2,11.223876994498617,False,,,
14,2300.0,434816.80691149837,4004891.549391024,-75.7249381199133,36.18662370678896,ok,,IW3,0,14932.52301852797,833.4375777319169,154,37,3.320005036996877,13.899666083533601,0.0,0.00773522790854482,affine_dtft,44.26564995741371,1,ambiguous_multiple_blobs,12,50.92295046053279,77.55420043995196,96.32981692248022,0.06522575779663188,41.18592516570969,2,11.598970152113772,False,,,
14,2350.0,434864.239182105,4004907.366461078,-75.72441195068653,36.18676949002518,ok,26.68718350087728,IW3,0,14947.383997690675,834.027621382796,154,37,3.3199987998768834,13.899664647425428,0.0,0.007735247527146574,affine_dtft,44.26824900316739,1,identified,7,26.913956342764816,86.48838351324787,26.356760447458512,0.2383898931625131,87.04922089099358,5,17.72388118303794,True,0.5273814025771989,0.7904905948389221,0.3194740720316048
14,2400.0,434911.6714527116,4004923.1835311325,-75.7238857794741,36.18691527096708,ok,26.845360462099976,IW3,0,14962.245017186995,834.6176448671579,154,37,3.319992559629905,13.899663210977923,0.0,0.007735247902174198,affine_dtft,44.270848056031895,1,identified,1,26.972064305206125,85.60204749123278,26.384898709405256,0.23813566147744428,85.0728900523509,3,21.846149236784466,True,0.5336842989597195,0.7982578194662334,0.32436185069560547
14,2450.0,434959.10372331826,4004939.0006011864,-75.72335960627603,36.18706104961463,ok,26.940266638833595,IW3,0,14977.106077016277,835.2076481848609,154,37,3.319986321936146,13.899661776335467,0.0,0.007735267969935706,affine_dtft,44.27344711600709,1,identified,1,26.963246304004464,85.63149068119965,27.319891345768067,0.22998573558210256,84.89783474764172,3,25.772301793859103,True,0.537484290398425,0.802936867493923,0.32731246733881164
14,2500.0,435006.5359939249,4004954.817671241,-75.72283343109238,36.18720682596777,ok,45.47643096407605,IW3,0,14991.967177177075,835.7976313354417,154,37,3.3199800858182735,13.899660342457608,0.0,0.007735267942261034,affine_dtft,44.276046183092745,1,identified,1,27.04721461173836,85.67134977473569,27.319891345768067,0.22998573558210256,84.89783474764172,3,24.989477703631135,True,1.546712835525472,1.9920665974604526,1.1648768687558713
14,2550.0,435053.9682645315,4004970.634741295,-75.72230725392318,36.1873526000265,ok,50.24931402774375,IW3,0,15006.828317668438,836.3875943188798,154,37,3.319973848700588,13.899658910457486,0.0,0.007735287522922903,affine_dtft,44.278645257288694,1,identified,3,27.150574968942163,85.93024738403382,27.319891345768067,0.22998573558210256,84.89783474764172,3,18.802429554516472,True,1.894862523465381,2.389893095430351,1.4663611236299117
14,2600.0,435101.4005351381,4004986.451811349,-75.72178107476846,36.18749837179074,ok,57.89245492173564,IW3,0,15021.6894984886,836.9775371345671,154,37,3.3199676128673294,13.899657476206269,0.0,0.007735286867696499,affine_dtft,44.28124433859461,1,identified,7,124.81145892617295,48.993678141839275,119.03758207367079,0.0527832067631465,54.462322208025576,4,5.453459292982531,True,2.5308924611248846,3.1092555251895,2.0247981827409163
14,2650.0,435148.8328057447,4005002.2688814034,-75.72125489362827,36.18764414126048,ok,,IW3,0,15036.55071963644,837.5674597825267,154,37,3.3199613736771285,13.899656043842034,0.0,0.007735307179592056,affine_dtft,44.28384342701031,1,ambiguous_multiple_blobs,13,100.49931444615501,126.19941037820807,103.17674943690297,0.0608972984850819,130.91438322002466,4,5.03039088306264,False,,,
14,2700.0,435196.26507635135,4005018.0859514577,-75.72072871050264,36.18778990843569,ok,,IW3,0,15051.41198111137,838.1573622626704,154,37,3.3199551399494958,13.899654613924826,0.0,0.0077353280194732196,affine_dtft,44.286442522535694,1,ambiguous_multiple_blobs,8,37.9407470917203,79.95432765192365,63.384008764433624,0.09912887224490669,111.80140948635156,2,9.83456142715017,False,,,
14,2750.0,435243.697346958,4005033.903021512,-75.7202025253916,36.187935673316304,ok,36.62904810757376,IW3,0,15066.273282911356,838.7472445743305,154,37,3.3199489014657475,13.89965318290777,0.0,0.007735328373501184,affine_dtft,44.28904162517039,1,identified,7,38.203822918942485,80.30798224487428,37.141669070570224,0.16916809245274778,75.29169610031717,6,19.958380633545225,True,0.9980703328116823,1.3553029453297718,0.6997890871932262
14,2800.0,435291.1296175646,4005049.720091566,-75.71967633829522,36.18808143590231,ok,33.08158714196394,IW3,0,15081.13462503538,839.3371067175547,154,37,3.3199426667425507,13.899651755275768,0.0,0.00773534784256094,affine_dtft,44.291640734914246,1,identified,3,56.47483031746471,41.593777240993155,36.71217865636218,0.17114716524977244,75.4655449194598,4,21.113373008635612,True,0.8126391027750863,1.1357654888258961,0.5469687753807831
14,2850.0,435338.56188817124,4005065.5371616203,-75.7191501492135,36.18822719619367,ok,31.011892548332913,IW3,0,15095.996007482603,839.9269486920964,154,37,3.319936430088371,13.899650326762876,0.0,0.007735348225338591,affine_dtft,44.294239851767095,1,identified,11,58.71826704278963,42.435029592198056,36.03329659578888,0.1743716479139432,77.22126681159388,7,13.93817519508815,True,0.7134476282878085,1.0169549306684953,0.46660625013554263
14,2900.0,435385.9941587778,4005081.3542316747,-75.71862395814651,36.188372954190314,ok,28.233303212288625,IW3,0,15110.857430251584,840.5167704973027,154,37,3.3199301966537904,13.89964889690011,0.0,0.007735367600729417,affine_dtft,44.2968389757287,1,identified,5,60.08860312589779,43.04207626566925,22.439204245134473,0.2800092747737246,85.6012946450044,4,12.657628111735747,True,0.5906223043158254,0.8680864571147439,0.3688549899941629
14,2950.0,435433.42642938445,4005097.171301729,-75.71809776509427,36.18851870989224,ok,26.113584351270234,IW3,0,15125.718893340929,841.1065721333846,154,37,3.31992396057573,13.899647470763531,0.0,0.00773538877845836,affine_dtft,44.2994381067988,1,identified,6,22.994306972770755,88.01070443809272,22.73311417380881,0.27638911497741675,87.45519562018684,2,16.458525859513067,True,0.5048439150938833,0.7626509476635334,0.30206299976065204
14,3000.0,435480.8586999911,4005112.988371783,-75.71757157005682,36.1886644632994,ok,22.80701360309735,IW3,0,15140.58039674916,841.6963535999381,154,37,3.3199177281391683,13.899646044941036,0.0,0.007735387677552153,affine_dtft,44.30203724497716,1,identified,5,34.38653529445511,86.28379801151259,23.248722390348767,0.27025938035149505,87.39743779750013,3,10.775452210984092,True,0.38463923483639584,0.612112754753576,0.21126027177381204
15,250.0,432943.75736473326,4004025.620512036,-75.74569377238124,36.178689484082994,touches_land_or_unmapped,,,,,,,,,,,,,,,,,,,,,,,,,,,
15,300.0,432991.3028559016,4004041.093917271,-75.74516640772586,36.178832267411295,touches_land_or_unmapped,,,,,,,,,,,,,,,,,,,,,,,,,,,
15,350.0,433038.8483470699,4004056.567322506,-75.74463904111974,36.1789750484353,touches_land_or_unmapped,,,,,,,,,,,,,,,,,,,,,,,,,,,
15,400.0,433086.3938382382,4004072.040727741,-75.74411167256295,36.17911782715499,ok,50.975040564574805,IW3,0,14382.195315345833,794.6656082398096,153,37,3.345048408265507,13.89972467634278,0.0,0.007642938096212387,affine_dtft,44.168472165898294,1,identified,3,30.29586416085244,86.04899977839823,30.62216535662973,0.20518422632772018,85.42607874009906,3,24.300458944598248,True,1.9510655919309463,2.4537989485994744,1.5153560474807954
15,450.0,433133.93932940654,4004087.514132976,-75.7435843020555,36.17926060357033,ok,50.975040564574805,IW3,0,14396.96177017166,795.23077432444,153,37,3.345042241528197,13.899723216753669,0.0,0.007642957611707609,affine_dtft,44.171086737792,1,identified,4,30.062021877080475,86.44905822880271,30.06567523915279,0.20898201211850242,86.63353933657012,3,24.622873985096376,True,1.9510655919309463,2.4537989485994744,1.5153560474807954
15,500.0,433181.4848205749,4004102.9875382106,-75.74305692959743,36.17940337768126,ok,63.704232492806796,IW3,0,14411.728264048183,795.7959202004909,153,37,3.345036075072235,13.899721759412925,0.0,0.0076429580408467375,affine_dtft,44.17370131665677,1,identified,4,95.47253380319695,86.86175446544902,92.23728109794189,0.06811980180235153,82.23483398157443,4,8.14267216812321,True,3.0812086096576343,3.726590454657777,2.5133213413172157
15,550.0,433229.03031174315,4004118.4609434456,-75.7425295551888,36.17954614948776,ok,,IW3,0,14426.494796974846,796.3610458677447,153,37,3.345029909188639,13.89972030220463,0.0,0.007642977188639114,affine_dtft,44.17631590249249,1,ambiguous_multiple_blobs,2,100.53319955438378,90.05619587601205,102.39999999999988,0.061359231515425716,89.99999999999969,1,8.683752291068258,False,,,
15,600.0,433276.5758029115,4004133.9343486805,-75.74200217882964,36.1796889189898,ok,103.25000673457569,IW3,0,14441.26136894946,796.9261513260598,153,37,3.345023743180398,13.899718843942718,0.0,0.007642975861846053,affine_dtft,44.178930495298786,1,identified,3,105.58769180882159,92.64979522615367,101.89180827750278,0.06166526449375895,95.71059313749927,2,9.518327517461085,True,8.549953300932271,9.788036132721109,7.457307676828708
15,650.0,433324.1212940798,4004149.4077539155,-75.74147480051998,36.179831686187306,ok,108.63513090453463,IW3,0,14456.027979971821,797.4912365749894,153,37,3.3450175794046837,13.899717386650538,0.0,0.007642996311006047,affine_dtft,44.181545095075606,1,identified,3,111.69101107981226,94.54834970265118,109.43546878142905,0.057414523619656925,94.08561677997449,3,9.374875238510594,True,9.563422046247466,10.911158148315367,8.37764914700058
15,700.0,433371.6667852481,4004164.8811591505,-75.74094742025987,36.1799744510803,ok,108.63513090453463,IW3,0,14470.794630040376,798.0563016145301,153,37,3.34501141196574,13.899715932507988,0.0,0.007643016247378683,affine_dtft,44.18415970182269,1,identified,3,114.77982083912488,92.26629416249719,109.43546878142905,0.057414523619656925,94.08561677997449,3,10.736061423144779,True,9.563422046247466,10.911158148315367,8.37764914700058
15,750.0,433419.2122764164,4004180.3545643855,-75.74042003804936,36.180117213668694,ok,110.5210460305162,IW3,0,14485.56131915289,798.6213464442991,153,37,3.345005245609476,13.899714476392267,0.0,0.007643015217648154,affine_dtft,44.18677431553965,1,identified,2,115.45078800584996,91.87200557762785,113.77777777777767,0.05522330836388313,89.99999999999966,2,10.14432540376233,True,9.936192947697583,11.324801286401776,8.71600331805002
15,800.0,433466.75776758476,4004195.8279696205,-75.73989265388848,36.18025997395249,ok,,IW3,0,14500.32804730947,799.186371064164,153,37,3.3449990809602146,13.89971302261651,0.0,0.007643034962249817,affine_dtft,44.18938893622649,1,ambiguous_multiple_blobs,2,113.92489383960928,90.44301138871079,113.77777777777767,0.05522330836388313,89.99999999999966,2,12.008886044476421,False,,,
15,850.0,433514.30325875303,4004211.301374855,-75.73936526777725,36.18040273193161,ok,106.94127708085693,IW3,0,14515.094814508393,799.7513754735721,153,37,3.3449929174088786,13.899711569810545,0.0,0.007643034856734453,affine_dtft,44.192003563882906,1,identified,2,113.98923442973035,88.24590272356069,109.43546878142905,0.057414523619656925,85.91438322002486,3,16.815397254414297,True,9.236623789436011,10.548783530465453,8.08093810119705
15,900.0,433561.84874992137,4004226.77478009,-75.73883787971575,36.18054548760607,ok,104.6624435152167,IW3,0,14529.861620748216,800.3163596727609,153,37,3.3449867530771,13.89971011888477,0.0,0.00764305614970082,affine_dtft,44.19461819850865,1,identified,2,101.80126874136865,80.00607430672567,106.47045015757529,0.059013419196411114,81.02737338510333,4,10.356746806293526,True,8.808639660103875,10.074530645987167,7.692266461410781
15,950.0,433609.3942410897,4004242.248185325,-75.73831048970398,36.180688240975776,ok,104.6624435152167,IW3,0,14544.628466027807,800.8813236610558,153,37,3.344980588969194,13.89970866662062,0.0,0.007643054380822884,affine_dtft,44.197232840103524,1,identified,1,95.09127289349722,72.11539832104113,98.08141160664577,0.06406091841722486,73.30075576600615,2,9.593725963390439,True,8.808639660103875,10.074530645987167,7.692266461410781
15,1000.0,433656.939732258,4004257.72159056,-75.737783097742,36.18083099204073,ok,,IW3,0,14559.395350345754,801.446267438436,153,37,3.344974425142654,13.899707216052493,0.0,0.007643073755098544,affine_dtft,44.199847488667274,1,ambiguous_multiple_blobs,2,93.62974863777157,69.12977591310309,95.07601314665045,0.06608591482993778,68.19859051364803,1,12.839170238582238,False,,,
15,1050.0,433704.4852234263,4004273.194995795,-75.73725570382986,36.180973740800894,ok,,IW3,0,14574.162273700937,802.0111910046002,153,37,3.3449682626323414,13.899705764799215,0.0,0.007643093668471766,affine_dtft,44.2024621441997,1,ambiguous_multiple_blobs,3,94.78410111207944,67.28131619453113,95.07601314665045,0.06608591482993778,68.19859051364803,1,13.66278608110575,False,,,
15,1100.0,433752.03071459464,4004288.66840103,-75.73672830796757,36.18111648725622,ok,,IW3,0,14588.92923609217,802.5760943593089,153,37,3.344962099456607,13.899704317890938,0.0,0.007643093135506207,affine_dtft,44.20507680670059,1,ambiguous_multiple_blobs,3,97.01196602140746,66.23455067543075,95.07601314665045,0.06608591482993778,68.19859051364803,1,15.943800536281936,False,,,
15,1150.0,433799.5762057629,4004304.1418062644,-75.7362009101552,36.181259231406656,ok,117.60560597553255,IW3,0,14603.69623751752,803.1409775022387,153,37,3.344955935412405,13.899702867179593,0.0,0.007643113859675915,affine_dtft,44.20769147616961,1,identified,5,120.1326095276157,89.63453768211996,111.87564145600959,0.056162228215247245,79.50852298766814,6,24.27271169188661,True,11.424449016116736,12.979905684941567,10.065388923970332
15,1200.0,433847.12169693125,4004319.6152114994,-75.73567351039279,36.1814019732522,ok,126.02650746548903,IW3,0,14618.463277976707,803.7058404333005,153,37,3.344949772611653,13.899701421658428,0.0,0.007643112692849116,affine_dtft,44.210306152606705,1,identified,3,120.77263257953094,88.6778998818024,120.47058823529402,0.052155346788111845,89.99999999999964,4,22.854485444568926,True,13.389387846307343,15.176383520186738,11.84180691643185
15,1250.0,433894.6671880996,4004335.0886167344,-75.73514610868033,36.18154471279279,ok,140.98579044869132,IW3,0,14633.230357468867,804.2706831520451,153,37,3.3449436092335953,13.899699973963031,0.0,0.007643131845546798,affine_dtft,44.212920836011726,1,identified,4,123.90748461250372,88.61918169711218,120.47058823529402,0.052155346788111845,89.99999999999964,4,11.681960900757826,True,17.498137322316467,19.825923673254806,15.528115137208147
15,1300.0,433942.21267926786,4004350.5620219694,-75.73461870501792,36.18168745002841,ok,160.80782740252664,IW3,0,14647.99747599107,804.8355056584887,153,37,3.3449374480457577,13.899698527982125,0.0,0.007643131287436031,affine_dtft,44.21553552638416,1,identified,5,168.62177866406785,99.55075640794112,151.28921193535845,0.04153095403698852,94.23639479905833,8,7.625816463767808,True,24.57434633583553,28.103955220258307,21.745884559189584
15,1350.0,433989.7581704362,4004366.0354272043,-75.73409129940558,36.181830184959004,ok,177.67370975546777,IW3,0,14662.764633542796,805.4003079521912,153,37,3.3449312861772365,13.899697083762558,0.0,0.007643150756266671,affine_dtft,44.218150223723896,1,identified,2,184.59779584263197,106.16214760353192,200.82292238150043,0.03128719188362128,101.30993247401946,4,7.565817795453496,True,32.923044302087455,38.62874701011586,28.7742835434464
15,1400.0,434037.3036616045,4004381.5088324393,-75.73356389184333,36.181972917584545,ok,194.53959210840887,IW3,0,14677.531830123762,805.9650900329243,153,37,3.344925125421863,13.899695638139475,0.0,0.007643150915965345,affine_dtft,44.2207649280309,1,identified,1,201.906250421756,110.31568090951191,210.9858262251863,0.029780129876940214,105.94539590092216,3,8.891757420374446,True,45.66430934426752,58.66352673685604,38.546326863742976
15,1450.0,434084.8491527728,4004396.9822376743,-75.73303648233123,36.182115647905,ok,207.72639035743856,IW3,0,14692.299065731655,806.5298519005038,153,37,3.3449189639858083,13.899694195132039,0.0,0.007643170896525565,affine_dtft,44.22337963930478,1,identified,1,209.6457752380115,120.8392948554156,204.79999999999964,0.030679615757712875,126.8698976458432,2,16.02293363833989,True,64.99475144501724,,50.09243676198983
15,1500.0,434132.39464394114,4004412.455642909,-75.73250907086933,36.18225837592031,ok,173.83086726711275,IW3,0,14707.066340364938,807.0945935545959,153,37,3.34491280171192,13.899692750134792,0.0,0.0076431918510446745,affine_dtft,44.22599435754523,1,identified,1,228.22860553333726,130.47529224041756,204.79999999999964,0.030679615757712875,126.8698976458432,2,11.233965560979525,True,30.75466194397061,35.78398849241959,26.98775390357215
15,1550.0,434179.9401351095,4004427.929048144,-75.73198165745764,36.18240110163047,ok,138.11978309952354,IW3,0,14721.833654023543,807.659314995005,153,37,3.3449066405933463,13.89969130941736,0.0,0.007643191158598297,affine_dtft,44.22860908275226,1,identified,1,214.8377294119496,131.9160366034461,217.22320318050677,0.02892501912863528,134.9999999999991,3,7.261999418666714,True,16.64192116792234,18.84952483640118,14.76370045241744
15,1600.0,434227.48562627775,4004443.402453379,-75.73145424209622,36.18254382503541,ok,102.60313602321003,IW3,0,14736.601006704954,808.2240162214562,153,37,3.3449004800473836,13.899689867352528,0.0,0.007643209602861438,affine_dtft,44.231223814925414,1,identified,4,42.248629763883685,154.27205205065798,31.345306929871466,0.20045059125555517,81.78721981071405,6,17.233235630858836,True,8.433132906013821,9.658692847759504,7.351197308529627
15,1650.0,434275.0311174461,4004458.8758586138,-75.7309268247851,36.18268654613514,ok,77.05392002901262,IW3,0,14751.368398409079,808.7886972338861,153,37,3.3448943208023465,13.899688427646282,0.0,0.007643209924687584,affine_dtft,44.23383855406468,1,identified,3,32.6452581748902,78.34487733311848,32.43040538724022,0.19374365605838872,79.04593735660158,2,23.741873091623884,True,4.575131318407414,5.389523998881235,3.8537329948988805
15,1700.0,434322.5766086144,4004474.3492638487,-75.73039940552434,36.18282926492958,ok,64.83425998405734,IW3,0,14766.135829133393,809.3533580318691,153,37,3.344888159481539,13.899686988247552,0.0,0.17660638551978064,affine_dtft,44.236453300169615,1,identified,3,32.79176199725207,78.19839032560277,27.216764618432,0.23085717186694657,82.87498365109813,3,19.29180073994188,True,3.19508058366357,3.853907978293811,2.6148603228807628
15,1750.0,434370.1220997827,4004489.8226690837,-75.72987198431393,36.18297198141871,ok,,IW3,0,14780.903298878366,809.9179986151121,153,37,3.3448819995344645,13.899685547428662,0.0,0.3881854359618662,affine_dtft,44.2390680532403,1,ambiguous_multiple_blobs,3,157.44797336766737,98.13548319576455,168.3445630006857,0.03732336343499251,99.46232220802499,2,12.702922348507167,False,,,
15,1800.0,434417.667590951,4004505.2960743182,-75.72934456115398,36.183114695602484,ok,127.54790122637934,IW3,0,14795.670807641181,810.4826189834322,153,37,3.3448758397806313,13.899684109676052,0.0,0.5085345664580894,affine_dtft,44.24168281327624,1,identified,1,161.50775410153085,97.8787478582033,168.3445630006857,0.03732336343499251,99.46232220802499,2,8.263532817095115,True,13.769096827418865,15.602591525625487,12.184226272875032
15,1850.0,434465.21308211936,4004520.769479553,-75.72881713604447,36.18325740748089,ok,150.6154479886128,IW3,0,14810.438355421391,811.0472191366794,153,37,3.3448696819409367,13.899682673813071,0.0,0.5393845402426332,affine_dtft,44.24429758027735,1,identified,1,156.50267811784303,95.99545898693799,168.3445630006857,0.03732336343499251,99.46232220802499,4,5.807540213433665,True,20.65818608965473,23.471634380079912,18.32862789366412
15,1900.0,434512.75857328763,4004536.242884788,-75.72828970898549,36.183400117053864,ok,142.08017388430636,IW3,0,14825.205942216795,811.6117990745357,153,37,3.3448635219066922,13.899681237062566,0.0,0.5017127864316027,affine_dtft,44.24691235424324,1,identified,2,151.27409996087877,94.97451436612833,146.28571428571402,0.04295146206079803,89.99999999999956,4,7.560962788765165,True,17.834654277331122,20.210904169475576,15.827938410883622
15,1950.0,434560.30406445597,4004551.716290023,-75.72776227997703,36.183542824321385,ok,132.78099152913475,IW3,0,14840.03294555741,812.1763227087602,154,37,3.3201328923826114,13.89967979990277,0.0,0.5093243378128228,affine_dtft,44.2495202453937,1,identified,5,111.49590725985078,75.81062728519748,119.48695166736583,0.052584698324810004,76.50426671920393,6,5.302392897773225,True,15.1378730102983,17.14441309776141,13.41585810904191
15,2000.0,434607.8495556243,4004567.189695258,-75.72723484901915,36.18368552928341,ok,132.65431417151495,IW3,0,14854.91058215998,812.7407953772884,154,37,3.3201267794310882,13.89967836426402,0.0,0.550225425644423,affine_dtft,44.25212227288279,1,identified,3,106.61366774125375,72.44660584563185,107.93907746708058,0.05821047811989909,71.56505117707775,4,5.508579244098252,True,15.10354668063228,17.10563704938439,13.385026595921387
15,2050.0,434655.3950467926,4004582.663100493,-75.7267074161119,36.18382823193989,ok,129.24646414296518,IW3,0,14869.788258065499,813.3052478294508,154,37,3.320120666499497,13.899676929670083,0.0,0.5251871763020107,affine_dtft,44.25472430730246,1,identified,6,187.88410815548892,53.085591190082,121.84865122482765,0.05156548918696062,67.24902365721215,8,6.249257870875629,True,14.202529288661252,16.089874882666432,12.574706643492744
15,2100.0,434702.9405379609,4004598.136505728,-75.72617998125533,36.183970932290826,ok,156.61806645011828,IW3,0,14884.665973272073,813.869680065289,154,37,3.320114554212716,13.899675497416418,0.0,0.4140267900679464,affine_dtft,44.25732634865239,1,identified,6,166.69823565840312,59.451936250522984,167.7111762125867,0.0374643207988427,58.39249775375092,5,4.574199277565253,True,22.88336979299083,26.08592725880619,20.27831915263302
15,2150.0,434750.48602912924,4004613.6099109626,-75.72565254444945,36.18411363033615,ok,,IW3,0,14899.543727778479,814.4340920841954,154,37,3.320108439761214,13.899674064100196,0.0,0.19656271752142715,affine_dtft,44.25992839693237,1,identified,1,150.23761909502554,64.38518720752332,267.7638965086669,0.023465393912715987,11.309932474020798,8,2.0056737608759336,False,,,
15,2200.0,434798.0315202975,4004629.0833161976,-75.7251251056943,36.18425632607583,ok,215.01367238192321,IW3,0,14914.42152158456,814.9984838860705,154,37,3.3201023300899726,13.899672632038783,0.0,0.007734832506732633,affine_dtft,44.26253045214236,1,identified,2,240.91419390705192,159.7570387552878,228.9733608959782,0.027440682543127867,153.4349488229211,3,3.9101252930060424,True,103.42884337176476,,59.94061651647272
15,2250.0,434845.57701146585,4004644.5567214326,-75.72459766498994,36.18439901950985,ok,235.43440060972037,IW3,0,14929.299354687773,815.5628554707088,154,37,3.320096218296125,13.899671200368973,0.0,0.007734852910792045,affine_dtft,44.265132514281916,1,identified,2,251.6246151119537,159.96918334658025,248.35648003720473,0.025299059264482816,165.96375653207267,2,8.019423145593194,True,,,
15,2300.0,434893.1225026342,4004660.0301266676,-75.72407022233642,36.18454171063813,ok,,IW3,0,14944.177227086959,816.1272068376942,154,37,3.3200901066832538,13.89966976821516,0.0,0.007734873185847158,affine_dtft,44.267734583350844,1,ambiguous_multiple_blobs,2,274.044986069879,158.0164866415223,228.9733608959782,0.027440682543127867,153.4349488229211,1,12.114440768565265,False,,,
15,2350.0,434940.66799380246,4004675.5035319026,-75.72354277773374,36.184684399460686,ok,230.88160125241697,IW3,0,14959.055138781485,816.6915379870292,154,37,3.320083994565453,13.89966834095055,0.0,0.007734874010165416,affine_dtft,44.27033665934903,1,identified,1,270.6963089750763,150.05308396136053,228.9733608959782,0.027440682543127867,153.4349488229211,1,20.23434260797181,True,,,
15,2400.0,434988.2134849708,4004690.9769371375,-75.72301533118197,36.18482708597743,ok,223.09828203824247,IW3,0,14973.933089769806,817.255848918179,154,37,3.3200778850279096,13.899666911813364,0.0,0.007734892683956095,affine_dtft,44.27293874227621,1,identified,1,249.05810550527335,140.90111012108287,228.9733608959782,0.027440682543127867,153.4349488229211,1,14.876869144571435,True,,,80.66465353987788
15,2450.0,435035.7589761391,4004706.450342372,-75.72248788268115,36.18496977018836,ok,221.92326626669532,IW3,0,14988.81108005022,817.8201396311039,154,37,3.3200717731070477,13.899665482892734,0.0,0.007734892888008676,affine_dtft,44.27554083213208,1,identified,2,237.12658388115432,138.160735814055,217.22320318050677,0.02892501912863528,134.9999999999991,3,26.66766586042427,True,,,76.13444951140423
15,2500.0,435083.3044673074,4004721.923747607,-75.72196043223128,36.185112452093435,ok,220.1607426093746,IW3,0,15003.689109622543,818.384410125468,154,37,3.320065662793081,13.899664056046259,0.0,0.007734913691792667,affine_dtft,44.278142928916616,1,identified,1,229.3765985892694,140.47968574181547,217.22320318050677,0.02892501912863528,134.9999999999991,3,7.061639513809103,True,,,70.7551134418727
15,2550.0,435130.84995847574,4004737.397152842,-75.72143297983246,36.185255131692614,ok,176.3910865959064,IW3,0,15018.56717848442,818.9486604011569,154,37,3.320059552832603,13.899662629976433,0.0,0.0077349124463674205,affine_dtft,44.28074503262939,1,identified,1,235.86369198917674,143.53181135022524,217.22320318050677,0.02892501912863528,134.9999999999991,3,4.003329867518501,True,32.177924713483584,37.64033133959384,28.163794287492696
15,2600.0,435178.3954496441,4004752.870558077,-75.7209055254847,36.185397808985854,ok,,IW3,0,15033.445286635075,819.5128904577763,154,37,3.3200534426734167,13.899661202568712,0.0,0.007734932882194536,affine_dtft,44.283347143270284,1,ambiguous_multiple_blobs,6,235.7489746265104,149.56448149041043,204.79999999999964,0.030679615757712875,143.13010235415507,2,2.906254718913169,False,,,
15,2650.0,435225.9409408124,4004768.343963312,-75.72037806918803,36.185540483973135,ok,96.62431146410019,IW3,0,15048.323434073047,820.0771002951521,154,37,3.3200473332895606,13.899659778420949,0.0,0.007734954698934936,affine_dtft,44.28594926083904,1,identified,1,56.13280273597316,88.91188064216178,53.894736842105196,0.11658253987930887,89.99999999999983,2,13.616228392368084,True,7.401114749999713,8.516783592809492,6.413829673622838
15,2700.0,435273.4864319807,4004783.817368547,-75.71985061094252,36.185683156654406,ok,56.42468089196468,IW3,0,15063.201620797136,820.6412899130444,154,37,3.3200412234883485,13.899658353219927,0.0,0.0077349536471697285,affine_dtft,44.28855138533544,1,identified,1,56.36770574811546,89.48349727986029,56.88888888888882,0.11044661672776629,89.99999999999983,3,16.211274739574826,True,2.401119467091957,2.9630824273472145,1.910228586625428
15,2750.0,435321.031923149,4004799.290773782,-75.71932315074815,36.18582582702964,ok,75.5905263432158,IW3,0,15078.079846806872,821.2054593111942,154,37,3.320035115861707,13.89965693191383,0.0,0.007734973469973263,affine_dtft,44.29115351675941,1,identified,3,57.433634700187994,89.76061786894596,58.49041694490001,0.1074224742336606,91.63657704161653,4,16.662240792042205,True,4.39512510573994,5.189802442476379,3.691467152339622
15,2800.0,435368.57741431735,4004814.7641790165,-75.71879568860504,36.18596849509878,ok,,IW3,0,15092.95811209924,821.7696084892917,154,37,3.3200290049051397,13.89965550899452,0.0,0.007734974436441769,affine_dtft,44.293755655110424,1,ambiguous_multiple_blobs,4,99.13083715318677,91.85645556474826,161.90861620062083,0.03880698541326606,108.4349488229214,1,7.292108523891618,False,,,
15,2850.0,435416.1229054856,4004830.2375842514,-75.71826822451317,36.1861111608618,ok,115.58290681902594,IW3,0,15107.83641667462,822.3337374470549,154,37,3.3200228984947984,13.899654086041734,0.0,0.007734994019045451,affine_dtft,44.29635780038854,1,identified,2,152.7341655305571,34.83873395659788,133.08806269696913,0.047210735357128886,98.97262661489597,5,6.2478360202264795,True,10.984932521180319,12.490444732010925,9.667171351290575
15,2900.0,435463.66839665396,4004845.7109894864,-75.7177407584726,36.18625382431868,ok,137.16416977955214,IW3,0,15122.714760531138,822.8978461845023,154,37,3.320016790153744,13.89965266459406,0.0,0.00773499313487396,affine_dtft,44.29895995259344,1,identified,2,151.09696210201022,36.910636776300606,126.25842225051424,0.04976448457999003,99.46232220802523,3,4.441464569789083,True,16.364230570944006,18.533780087198988,14.515319820295495
15,2950.0,435511.2138878223,4004861.1843947214,-75.71721329048339,36.18639648546938,ok,137.16416977955214,IW3,0,15137.593143666603,823.4619347011935,154,37,3.3200106810738927,13.899651244558068,0.0,0.0077350139796784545,affine_dtft,44.301562111724735,1,identified,1,147.89882488000165,39.732308069741464,144.49472538372035,0.043483838531087914,41.18592516570962,3,7.506046281907468,True,16.364230570944006,18.533780087198988,14.515319820295495
15,3000.0,435558.75937899057,4004876.6577999564,-75.71668582054554,36.18653914431385,ok,138.52287214041317,IW3,0,15152.47156608155,824.0260029968866,154,37,3.3200045722171865,13.899649824848225,0.0,0.007735034864100119,affine_dtft,44.30416427778253,1,identified,2,144.14102540545267,41.41878625618932,144.8154687870049,0.0433875286929528,45.0,4,10.207830123002704,True,16.76020436102312,18.98415180399813,14.869431374354138
16,250.0,433014.45389297407,4003805.1816175343,-75.74488884491248,36.176707140875386,touches_land_or_unmapped,,,,,,,,,,,,,,,,,,,,,,,,,,,
16,300.0,433062.12968410057,4003820.248765256,-75.74436000846545,36.176846267198194,touches_land_or_unmapped,,,,,,,,,,,,,,,,,,,,,,,,,,,
16,350.0,433109.80547522707,4003835.3159129773,-75.74383117011124,36.17698539120341,touches_land_or_unmapped,,,,,,,,,,,,,,,,,,,,,,,,,,,
16,400.0,433157.48126635357,4003850.383060699,-75.74330232984985,36.177124512891005,ok,,IW3,0,14392.69831826178,778.1154921426893,153,37,3.3451304470854684,13.899728209659955,0.0,0.0076426089592992776,affine_dtft,44.170376114497735,1,ambiguous_multiple_blobs,3,73.15183429561138,71.5396899184587,248.35648003720473,0.025299059264482816,104.0362434679255,2,3.043151114132822,False,,,
16,450.0,433205.1570574801,4003865.4502084204,-75.74277348768136,36.177263632260946,ok,,IW3,0,14407.483692408015,778.6503084546088,153,37,3.345124432250927,13.89972675560047,0.0,0.007642607353665797,affine_dtft,44.172994117425446,1,ambiguous_multiple_blobs,5,71.34966416559813,70.35652868479329,258.5990514053662,0.024297016068053543,134.9999999999989,5,3.1210089772447365,False,,,
16,500.0,433252.8328486066,4003880.517356142,-75.74224464360579,36.1774027493132,ok,,IW3,0,14422.269104378267,779.1851044995948,153,37,3.345118415762073,13.899725304987946,0.0,0.007642627432110169,affine_dtft,44.17561212710705,1,identified,2,310.29826783793703,155.37810381304467,72.68080035713797,0.08644903848479038,62.525568373722784,4,9.689350198058332,True,,,
16,550.0,433300.5086397331,4003895.5845038635,-75.74171579762317,36.17754186404772,ok,,IW3,0,14437.054554171344,779.7198802771535,153,37,3.3451124017090788,13.89972385532084,0.0,0.007642625989733156,affine_dtft,44.178230143542336,1,ambiguous_multiple_blobs,2,72.42739535851622,56.09124781755257,228.9733608959782,0.027440682543127867,153.4349488229211,1,9.464290877464155,False,,,
16,600.0,433348.1844308596,4003910.651651585,-75.74118694973357,36.17768097646448,ok,,IW3,0,14451.840041785194,780.254635787243,153,37,3.34510638709418,13.899722405707193,0.0,0.007642645454639414,affine_dtft,44.180848166730925,1,ambiguous_multiple_blobs,2,73.68787990567492,56.114062545608625,228.9733608959782,0.027440682543127867,153.4349488229211,1,8.23641444440325,False,,,
16,650.0,433395.8602219861,4003925.7187993065,-75.74065809993702,36.17782008656344,ok,,IW3,0,14466.625567219347,780.7893710295374,153,37,3.345100371044279,13.899720954317042,0.0,0.0076426466601698315,affine_dtft,44.183466196672754,1,identified,6,74.67685102235056,55.94396919907797,72.81338313830041,0.08629162712087446,58.570434385161384,3,7.2568610575402595,True,,,
16,700.0,433443.5360131126,4003940.785947028,-75.74012924823354,36.17795919434456,ok,,IW3,0,14481.411130472397,781.3240860037998,153,37,3.3450943557853696,13.899719508636078,0.0,0.007642664695314525,affine_dtft,44.18608423336756,1,ambiguous_multiple_blobs,7,123.60702829987305,85.31852514291293,127.01156821934933,0.04946939397148855,82.8749836510979,2,8.782527508046556,False,,,
16,750.0,433491.2118042391,4003955.8530947496,-75.73960039462322,36.178098299807814,ok,,IW3,0,14496.196731541873,781.8587807098644,153,37,3.3450883439819,13.899718060175518,0.0,0.007642664370560179,affine_dtft,44.18870227681492,1,identified,4,129.34302099766606,86.26947812359317,21.21852605633657,0.29611789671428257,84.05313694602644,2,36.953966711534214,True,,,
16,800.0,433538.8875953656,4003970.920242471,-75.73907153910605,36.17823740295316,ok,,IW3,0,14510.982370427902,782.3934551474597,153,37,3.3450823291138585,13.899716616900552,0.0,0.007642685079207886,affine_dtft,44.19132032701484,1,ambiguous_multiple_blobs,3,131.1196265389524,88.59277996112644,127.99999999999986,0.04908738521234057,89.99999999999962,1,6.1078667271926355,False,,,
16,850.0,433586.5633864921,4003985.9873901927,-75.7385426816821,36.17837650378056,ok,,IW3,0,14525.768047128622,782.9281093162797,153,37,3.3450763157923307,13.899715170717737,0.0,0.007642683451003292,affine_dtft,44.19393838396701,1,ambiguous_multiple_blobs,3,128.19608113218933,89.99930929458364,127.99999999999986,0.04908738521234057,89.99999999999962,1,7.837354241683106,False,,,
16,900.0,433634.2391776186,4004001.054537914,-75.7380138223514,36.178515602289984,ok,78.84451376629734,IW3,0,14540.553761642841,783.4627432161953,153,37,3.3450703034387503,13.899713725958643,0.0,0.00764270392857046,affine_dtft,44.196556447671206,1,identified,6,122.48252424708602,91.55148595858752,134.7161117655596,0.046640191917904604,52.12501634890176,3,8.26654474471462,True,4.801024995373173,5.639993079989749,4.057573456422737
16,950.0,433681.9149687451,4004016.1216856353,-75.737484961114,36.1786546984814,ok,78.84451376629734,IW3,0,14555.339513969157,783.9973568469835,153,37,3.3450642895037954,13.899712282623279,0.0,0.007642703126228891,affine_dtft,44.19917451812718,1,identified,11,22.253740300034373,79.72101341823735,36.396469277338674,0.17263172587709352,76.29303899592011,3,16.16406781182614,True,4.801024995373173,5.639993079989749,4.057573456422737
16,1000.0,433729.5907598716,4004031.188833357,-75.73695609796994,36.17879379235475,ok,78.84451376629734,IW3,0,14570.125304106252,784.5319502081818,153,37,3.345058276709255,13.899710839056686,0.0,0.007642723441441638,affine_dtft,44.20179259533471,1,identified,11,22.146304802991633,80.04790990719103,65.42096025599376,0.09604238890094755,63.4349488229219,2,5.287565112870644,True,4.801024995373173,5.639993079989749,4.057573456422737
16,1050.0,433777.2665509981,4004046.2559810784,-75.73642723291925,36.17893288391003,ok,,IW3,0,14584.911132052912,785.0665232997683,153,37,3.3450522642269633,13.899709398393819,0.0,0.007642743889575838,affine_dtft,44.204410679293574,1,ambiguous_multiple_blobs,11,21.97427221001482,64.8959382946961,256.0000000000032,0.024543692606169953,179.99999999999923,1,7.162339797785517,False,,,
16,1100.0,433824.9423421246,4004061.3231288,-75.73589836596197,36.179071973147174,ok,,IW3,0,14599.696997808256,785.6010761213743,153,37,3.3450462519957624,13.899707953987198,0.0,0.00764274219352609,affine_dtft,44.20702877000362,1,ambiguous_multiple_blobs,3,22.1002455677278,64.32204558583291,63.99999999999993,0.09817477042468115,89.99999999999982,1,7.144924967183416,False,,,
16,1150.0,433872.6181332511,4004076.3902765214,-75.73536949709816,36.17921106006616,ok,,IW3,0,14614.482901370544,786.1356086728481,153,37,3.3450402414028315,13.899706514792483,0.0,0.007642762065579536,affine_dtft,44.20964686746453,1,identified,5,22.104848967481136,63.82384223319907,43.444640636101425,0.14462509564317616,45.0,3,11.552961535966835,True,,,
16,1200.0,433920.2939243776,4004091.457424243,-75.73484062632785,36.17935014466696,ok,,IW3,0,14629.268842738602,786.6701209540483,153,37,3.3450342285429437,13.899705075348182,0.0,0.007642762267484884,affine_dtft,44.212264971676106,1,ambiguous_multiple_blobs,9,73.6761251935888,91.27854635387104,91.06470400953621,0.0689969332851685,78.02386755579643,6,11.63646384694583,False,,,
16,1250.0,433967.9697155041,4004106.5245719645,-75.73431175365108,36.17948922694952,ok,,IW3,0,14644.054821910426,787.204612964449,153,37,3.3450282172179686,13.899703635222169,0.0,0.007642782881288407,affine_dtft,44.21488308263799,1,ambiguous_multiple_blobs,6,41.99265664623789,46.341673249021966,85.3817494128787,0.0735893250066372,77.61924307119266,7,7.402162286895723,False,,,
16,1300.0,434015.6455066306,4004121.591719686,-75.7337828790679,36.179628306913834,ok,79.48919117727992,IW3,0,14658.840838886084,787.7390847041524,153,37,3.3450222070333377,13.899702197246116,0.0,0.007642781680753224,affine_dtft,44.2175012003502,1,identified,5,81.23431716821375,86.80218500669227,87.01118231799538,0.07221123928895422,77.73522627210741,4,8.006667615285403,True,4.883889600662116,5.731831631178573,4.13240171493779
16,1350.0,434063.3212977571,4004136.6588674076,-75.73325400257835,36.179767384559824,ok,76.133022415218,IW3,0,14673.62689366295,788.2735361726137,153,37,3.3450161953555915,13.89970075867968,0.0,0.007642800219485548,affine_dtft,44.22011932481226,1,identified,4,81.38250199949158,86.97080240117344,82.5460554087104,0.07611732960551103,83.82982490497015,6,7.30306188217846,True,4.461375096305823,5.2633232781222565,3.751169612191507
16,1400.0,434110.9970888836,4004151.726015129,-75.73272512418245,36.17990645988749,ok,72.9534767557038,IW3,0,14688.412986240928,788.807967369804,153,37,3.3450101845269864,13.899699322806747,0.0,0.007642799628319301,affine_dtft,44.22273745602418,1,identified,3,167.85844655361643,76.09570654366568,68.91033580513398,0.09117914219642323,88.89829388479343,7,10.549629876784829,True,4.081066901155804,4.841014319165301,3.4087656126949377
16,1450.0,434158.6728800101,4004166.7931628507,-75.73219624388027,36.18004553289677,ok,69.43905036513088,IW3,0,14703.19911661781,789.3423782953437,153,37,3.345004174083477,13.899697885883668,0.0,0.007642820270692412,affine_dtft,44.22535559398553,1,identified,6,158.50694556545636,79.43314823486378,66.06451612903217,0.09510680884890987,89.99999999999982,8,12.55546394342685,True,3.6827696293865277,4.397926094816745,3.0511104015132453
16,1500.0,434206.3486711366,4004181.860310572,-75.73166736167184,36.18018460358766,ok,65.07004868393773,IW3,0,14717.985284792889,789.8767689491975,153,37,3.34499816405195,13.899696451763827,0.0,0.0076428193469631625,affine_dtft,44.22797373869622,1,identified,3,59.22460600127218,87.65358943649657,60.235294117647,0.1043106935762237,89.99999999999982,4,13.607973496301181,True,3.2191268497412495,3.880777838572213,2.6363193296626246
16,1550.0,434254.0244622631,4004196.9274582937,-75.73113847755718,36.1803236719601,ok,,IW3,0,14732.771490764946,790.4111393308963,153,37,3.344992154551175,13.899695018248735,0.0,0.007642839965361189,affine_dtft,44.23059189015601,1,ambiguous_multiple_blobs,2,169.16711908131518,84.17455271394724,168.3445630006857,0.03732336343499251,80.537677791974,2,21.269522299229084,False,,,
16,1600.0,434301.7002533896,4004211.9946060153,-75.73060959153636,36.18046273801405,ok,,IW3,0,14747.557734532025,790.9454894402971,153,37,3.3449861449680576,13.899693584852757,0.0,0.007642838541009166,affine_dtft,44.23321004836458,1,ambiguous_multiple_blobs,3,165.93004610921423,87.40042123126516,170.6666666666665,0.03681553890925543,89.99999999999949,1,15.902292755278031,False,,,
16,1650.0,434349.3760445161,4004227.061753737,-75.73008070360943,36.180601801749496,ok,,IW3,0,14762.344016092822,791.4798192772153,153,37,3.3449801367589713,13.899692151141965,0.0,0.09610900849606406,affine_dtft,44.23582821332168,1,identified,7,67.80157022596207,112.35965865447918,170.6666666666665,0.03681553890925543,89.99999999999949,3,6.988641712323052,True,,,
16,1700.0,434397.0518356426,4004242.1289014583,-75.7295518137764,36.18074086316638,ok,,IW3,0,14777.130335447022,792.0141288412635,153,37,3.3449741264590926,13.899690718938947,0.0,0.3515384373916193,affine_dtft,44.23844638502725,1,ambiguous_multiple_blobs,6,65.99035798958562,111.19780828437514,66.5315453681986,0.0944391907989993,107.65012421992986,3,9.938357917710587,False,,,
16,1750.0,434444.7276267691,4004257.19604918,-75.72902292203733,36.18087992226467,ok,,IW3,0,14791.916692592295,792.548418132364,153,37,3.34496811760606,13.899689287331492,0.0,0.4864916842135512,affine_dtft,44.2410645634809,1,ambiguous_multiple_blobs,4,172.5972801730564,109.72611080953253,63.07595998872427,0.09961299532028994,109.17900802581049,3,9.868315452793103,False,,,
16,1800.0,434492.4034178956,4004272.2631969014,-75.72849402839225,36.181018979044346,ok,,IW3,0,14806.703087528378,793.0826871501806,153,37,3.344962109471652,13.899687858802823,0.0,0.5390652812600457,affine_dtft,44.24368274868256,1,ambiguous_multiple_blobs,4,175.08419546135497,111.16987843857419,190.15202629330105,0.03304295741496886,111.80140948635109,2,10.071026436839626,False,,,
16,1850.0,434540.0792090221,4004287.330344623,-75.72796513284122,36.181158033505355,ok,,IW3,0,14821.489520252404,793.6169358944841,153,37,3.3449561011398585,13.899686426833942,0.0,0.5175213058533665,affine_dtft,44.24630094063174,1,identified,2,181.35844314383658,108.95039509653044,190.15202629330105,0.03304295741496886,111.80140948635109,2,10.646999336079864,True,,,
16,1900.0,434587.7550001486,4004302.3974923445,-75.72743623538425,36.181297085647664,ok,,IW3,0,14836.307833193665,794.1511450120677,154,37,3.320224936671762,13.899684996914699,0.0,0.48969228663945813,affine_dtft,44.248915444541424,1,ambiguous_multiple_blobs,2,183.35270024588817,106.81231741628595,161.90861620062083,0.03880698541326606,108.4349488229214,1,11.010404613552152,False,,,
16,1950.0,434635.4307912751,4004317.464640066,-75.72690733602141,36.18143613547126,ok,133.98256288478294,IW3,0,14851.204453594497,794.6852862858085,154,37,3.320218971491581,13.899683570718377,0.0,0.5446797660615402,affine_dtft,44.25152087329715,1,identified,3,185.56674162099134,104.21892079795948,186.26736002790327,0.033732079019310475,104.03624346792584,3,9.44397352445645,True,15.466525085915745,17.515971114895642,13.710896637460143
16,2000.0,434683.1065824016,4004332.5317877876,-75.72637843475273,36.181575182976076,ok,,IW3,0,14866.101112062182,795.21940728509,154,37,3.320213009432271,13.899682142377317,0.0,0.5391088833305988,affine_dtft,44.254126308767304,1,identified,5,40.11322585085657,67.7612310783478,25.528302333144453,0.24612624941462974,85.7108466711809,2,14.137100720305442,True,,,
16,2050.0,434730.7823735281,4004347.598935509,-75.72584953157825,36.18171422816209,ok,,IW3,0,14880.997808594835,795.7535080098064,154,37,3.320207048002715,13.899680717280956,0.0,0.45279605961787195,affine_dtft,44.25673175095156,1,ambiguous_multiple_blobs,4,36.8108419819763,82.29366147361618,127.99999999999986,0.04908738521234057,89.99999999999962,1,10.372504590760437,False,,,
16,2100.0,434778.4581646546,4004362.6660832306,-75.72532062649802,36.18185327102926,ok,,IW3,0,14895.894543191249,796.2875884595161,154,37,3.320201084408735,13.899679291043428,0.0,0.2655568560088708,affine_dtft,44.259337199849696,1,ambiguous_multiple_blobs,3,36.84885495500541,82.34330116105099,37.51645723890231,0.16747810879819167,81.57303097851924,2,17.57153486876648,False,,,
16,2150.0,434826.1339557811,4004377.733230952,-75.72479171951207,36.18199231157757,ok,,IW3,0,14910.791315850343,796.8216486342909,154,37,3.3201951232803126,13.89967786511679,0.0,0.007734459053373483,affine_dtft,44.26194265546154,1,ambiguous_multiple_blobs,4,106.23897755764223,90.76766459811296,102.39999999999988,0.061359231515425716,89.99999999999969,5,12.90973430860265,False,,,
16,2200.0,434873.8097469076,4004392.8003786737,-75.72426281062046,36.182131349806944,ok,96.01090876258932,IW3,0,14925.688126570205,797.3556885336234,154,37,3.3201891614133143,13.899676442077578,0.0,0.007734479195048087,affine_dtft,44.264548117786745,1,identified,2,101.70945119001736,90.61931415073576,97.52380952380943,0.06442719309119699,89.9999999999997,4,12.457098695271103,True,7.299978861758657,8.404930715874729,6.32198936039346
16,2250.0,434921.4855380341,4004407.8675263952,-75.7237338998232,36.1822703857174,ok,82.33076221710327,IW3,0,14940.584975350463,797.8897081575251,154,37,3.320183199873313,13.899675018273015,0.0,0.007734479089834813,affine_dtft,44.26715358682526,1,identified,2,98.76576206163682,89.61051888091957,95.9531593043595,0.06548179708444596,88.21008939175364,6,9.823959383264688,True,5.2589553073468,6.147284070856497,4.471409316742419
16,2300.0,434969.1613291606,4004422.934674117,-75.72320498712035,36.18240941930886,ok,73.73780677514794,IW3,0,14955.481862189232,798.4237075055562,154,37,3.320177239530112,13.899673597078284,0.0,0.007734499528609737,affine_dtft,44.26975906257674,1,identified,4,39.445516979590444,84.33854478205524,94.55575745959901,0.06644952645918165,85.76360520094092,5,6.209522518802662,True,4.173101288682916,4.9432741923246075,3.4915536071090467
16,2350.0,435016.8371202871,4004438.0018218383,-75.72267607251196,36.182548450581294,ok,61.2576269178232,IW3,0,14970.378787085405,798.9576865774649,154,37,3.3201712771106893,13.899672173069282,0.0,0.007734498794297748,affine_dtft,44.272364545041,1,identified,3,39.30852969978847,85.23526790170001,41.290322580645125,0.15217089415825574,89.99999999999987,5,12.704386929946201,True,2.842379237208988,3.4591259858652177,2.3008287406960335
16,2400.0,435064.5129114136,4004453.06896956,-75.72214715599807,36.182687479534685,ok,84.6679701270489,IW3,0,14985.275750037159,799.4916453732014,154,37,3.3201653152789916,13.899670753067927,0.0,0.007734518555534939,affine_dtft,44.27497003421772,1,identified,12,37.1567017092375,83.29176038091644,39.36598500732662,0.15960950312840355,88.23760897633939,10,9.315651311936396,True,5.579638125586294,6.502254862883938,4.761617897963449
16,2450.0,435112.1887025401,4004468.1361172814,-75.7216182375787,36.18282650616898,ok,82.19602329391137,IW3,0,15000.172751044141,800.0255838922965,154,37,3.320159354716932,13.89966933199814,0.0,0.007734538399450896,affine_dtft,44.277575530106844,1,identified,9,26.007797761088234,70.9011151249406,35.12291023718577,0.17889136363556152,84.0938588862294,4,13.423746261246885,True,5.24080600294335,6.1271882132659545,4.45499386399688
16,2500.0,435159.8644936666,4004483.203265003,-75.7210893172539,36.18296553048414,ok,95.8312568650001,IW3,0,15015.069790104444,800.559502134633,154,37,3.3201533943936714,13.899667912730447,0.0,0.0077345395921732335,affine_dtft,44.280181032708036,1,identified,6,56.56575642362815,75.98967962192125,213.0048753504879,0.029497847393591098,123.69006752597883,3,7.263659373590255,True,7.270521657273581,8.372353144570024,6.2952408549141285
16,2550.0,435207.5402847931,4004498.2704127245,-75.72056039502372,36.18310455248017,ok,,IW3,0,15029.966867216659,801.0934001001538,154,37,3.320147435677639,13.899666495713051,0.0,0.007734559856242366,affine_dtft,44.28278654202104,1,ambiguous_multiple_blobs,8,254.6705858553922,129.29336960808766,241.35911464500757,0.026032517215771746,134.99999999999895,2,5.4737733014567125,False,,,
16,2600.0,435255.2160759196,4004513.337560446,-75.7200314708882,36.183243572156975,ok,,IW3,0,15044.863982380259,801.6272777882458,154,37,3.320141474563177,13.899665077436035,0.0,0.007734559404758358,affine_dtft,44.28539205804578,1,ambiguous_multiple_blobs,10,313.3299274852316,156.629469309356,219.428571428574,0.02863430804053163,179.99999999999935,3,5.5132171866489355,False,,,
16,2650.0,435302.8918670461,4004528.4047081675,-75.71950254484737,36.183382589514544,ok,,IW3,0,15059.761135592911,802.1611351988952,154,37,3.320135514894819,13.899663658753266,0.0,0.007734578905841902,affine_dtft,44.28799758078185,1,identified,7,75.82759037708381,43.62125367967629,74.50694401116144,0.08433019754827605,39.09385888622953,3,7.242459160214384,True,,,
16,2700.0,435350.56765817263,4004543.471855889,-75.7189736169013,36.18352160455285,ok,107.7320656054655,IW3,0,15074.658326853702,802.6949723318145,154,37,3.3201295566725686,13.899662241310255,0.0,0.007734578371423011,affine_dtft,44.29060311022907,1,identified,9,78.46665968303364,43.16494641184374,78.02258613856856,0.08053033894596384,40.36453657309738,4,8.27825414741422,True,9.388259570816258,10.716898713143612,8.218622019871386
16,2750.0,435398.24344929913,4004558.53900361,-75.71844468705,36.18366061727185,ok,,IW3,0,15089.555556161517,803.2287891867614,154,37,3.3201235954850676,13.899660827121318,0.0,0.007734600269601756,affine_dtft,44.29320864638726,1,ambiguous_multiple_blobs,6,164.30189771781016,87.8378214058421,146.28571428571402,0.04295146206079803,89.99999999999956,2,10.924131114783737,False,,,
16,2800.0,435445.91924042563,4004573.6061513317,-75.7179157552935,36.18379962767152,ok,146.63187544792137,IW3,0,15104.452823515056,803.7625857636457,154,37,3.3201176377825616,13.89965941133173,0.0,0.007734598477984125,affine_dtft,44.29581418925619,1,identified,1,157.02813932606668,87.12007100838602,170.6666666666665,0.03681553890925543,89.99999999999949,1,14.689353634603853,True,19.29459900880094,21.88975022410653,17.12442428317245
16,2850.0,435493.59503155213,4004588.673299053,-75.71738682163189,36.18393863575179,ok,171.02986670976145,IW3,0,15119.350128912696,804.2963620618672,154,37,3.3201116804338637,13.89965799659749,0.0,0.007734620036785003,affine_dtft,44.29841973883558,1,identified,3,154.14244013422368,84.01374465521155,168.3445630006857,0.03732336343499251,80.537677791974,2,9.536367478641735,True,29.286406243842386,33.90801722629811,25.761517409350375
16,2900.0,435541.27082267863,4004603.7404467748,-75.71685788606518,36.184077641512665,ok,173.02776056456034,IW3,0,15134.247472353483,804.8301180816792,154,37,3.3201057199741735,13.899656583922436,0.0,0.007734619458688671,affine_dtft,44.301025295125264,1,identified,2,164.77341436963877,64.55606272889295,169.49368598576476,0.0370703207652661,65.55604521958324,4,5.066306851594845,True,30.324630591046205,35.230658287401376,26.62994110406941
16,2950.0,435588.94661380514,4004618.8075944963,-75.71632894859341,36.18421664495409,ok,173.61803403903383,IW3,0,15149.14485383623,805.3638538225014,154,37,3.3200997642950476,13.899655171576816,0.0,0.007734639857636251,affine_dtft,44.30363085812503,1,identified,4,169.03431807571985,52.82802371122992,175.61455118592892,0.035778272727112294,59.03624346792624,4,4.870606876012997,True,30.639964179554944,35.63607722137773,26.892428378260927
16,3000.0,435636.62240493164,4004633.874742218,-75.71580000921664,36.18435564607603,ok,175.3758577184832,IW3,0,15164.042273358842,805.8975692841286,154,37,3.320093804355137,13.899653761834529,0.0,0.0077346400454175075,affine_dtft,44.30623642783452,1,identified,1,182.2058813799023,49.178777323936316,181.01933598375595,0.03471002295436228,45.0,3,7.702028604746505,True,31.603679050926726,36.88655034788553,27.690838164244056
17,250.0,433083.7299151382,4003583.394878399,-75.74409963853596,36.17471254225255,touches_land_or_unmapped,,,,,,,,,,,,,,,,,,,,,,,,,,,
17,300.0,433131.4920450395,4003598.1860564216,-75.74356983046304,36.17484918311286,touches_land_or_unmapped,,,,,,,,,,,,,,,,,,,,,,,,,,,
17,350.0,433179.25417494075,4003612.977234444,-75.74304002051285,36.17498582164679,touches_land_or_unmapped,,,,,,,,,,,,,,,,,,,,,,,,,,,
17,400.0,433227.016304842,4003627.7684124666,-75.74251020868539,36.17512245785431,ok,73.9748456895317,IW3,0,14402.696702111352,761.5148133519901,153,37,3.3452128519947664,13.899731800129992,0.0,0.007642257541303053,affine_dtft,44.17219079605222,1,identified,3,73.72763161957982,77.29683450285722,71.51926228680472,0.08785304974180126,77.90524292298771,2,17.990685938122375,True,4.201143971575406,4.974424314205521,3.516788724500011
17,450.0,433274.7784347433,4003642.559590489,-75.74198039498071,36.17525909173536,ok,75.71971129222638,IW3,0,14417.494174568996,762.029033004288,153,37,3.345206939100328,13.899730351262408,0.0,0.007642277228532122,affine_dtft,44.174810996123355,1,identified,4,42.07323035120721,86.09603898084205,71.51926228680472,0.08785304974180126,77.90524292298771,2,11.158132996299724,True,4.4108500987706645,5.207254847750139,3.705636044328545
17,500.0,433322.54056464456,4003657.3507685116,-75.74145057939887,36.17539572328993,ok,70.51002823526929,IW3,0,14432.291684009015,762.5432323519736,153,37,3.3452010265910146,13.899728907867368,0.0,0.007642277476918359,affine_dtft,44.177431202799355,1,identified,4,42.45241697402845,85.70064578999133,78.88601249498569,0.07964891504154771,74.3577535427911,4,13.409959743131708,True,3.8017231759215924,4.530356013697855,3.1578117975324855
17,550.0,433370.3026945458,4003672.1419465346,-75.74092076193989,36.17553235251798,ok,62.05760434933692,IW3,0,14447.089230430523,763.0574113948754,153,37,3.345195114260271,13.899727461382467,0.0,0.00764229711140006,affine_dtft,44.18005141608009,1,identified,5,73.22066707733671,77.86262303121899,80.95430810031041,0.07761397082653212,71.56505117707783,5,12.910737597215762,True,2.9193155693159145,3.5453553373517543,2.369207285892323
17,600.0,433418.0648244471,4003686.933124557,-75.74039094260384,36.17566897941947,ok,61.287316829296195,IW3,0,14461.886813831368,763.57157013266,153,37,3.3451892023721617,13.899726020351734,0.0,0.007642295166566361,affine_dtft,44.18267163596516,1,identified,4,71.94805599118226,79.16386974955886,49.67129600744094,0.1264952963224141,75.96375653207343,2,13.075195987088977,True,2.8452146539287018,3.4623051092952424,2.3033474607609747
17,650.0,433465.82695434836,4003701.7243025796,-75.73986112139072,36.175805603994355,ok,56.887642912873815,IW3,0,14476.684434211873,764.0857085650196,153,37,3.345183289298053,13.899724576627134,0.0,0.00764231580623917,affine_dtft,44.18529186245463,1,identified,3,70.37504307554967,81.47515041909611,29.25714285714282,0.21475731030399003,89.99999999999991,2,29.46656733680906,True,2.441656118710128,3.008770396053459,1.9459862983255407
17,700.0,433513.58908424963,4003716.515480602,-75.73933129830061,36.17594222624262,ok,68.40195794263354,IW3,0,14491.482091569038,764.599826691927,153,37,3.3451773792843174,13.899723134677044,0.0,0.007642314656156246,affine_dtft,44.187912095547965,1,identified,3,29.800646219599425,89.86662002365063,67.66782468660111,0.09285336622360374,82.40535663140838,2,12.527603154404602,True,3.5695830871113436,4.27182868647914,2.949681436257253
17,750.0,433561.3512141509,4003731.3066586247,-75.73880147333354,36.176078846164195,ok,,IW3,0,14506.27978590263,765.1139245128401,153,37,3.3451714678510047,13.899721693234623,0.0,0.0076423345539534055,affine_dtft,44.19053233524514,1,ambiguous_multiple_blobs,2,124.66373653881168,89.3791715068132,127.99999999999986,0.04908738521234057,89.99999999999962,1,19.14241741875635,False,,,
17,800.0,433609.11334405217,4003746.097836647,-75.73827164648954,36.17621546375909,ok,106.39177447338731,IW3,0,14521.077517211248,765.6280020279653,153,37,3.3451655572817103,13.89972025359435,0.0,0.007642334366251202,affine_dtft,44.193152581545895,1,identified,2,119.90341680090727,85.79583361686531,127.01156821934933,0.04946939397148855,82.8749836510979,2,9.849297266737366,True,9.132208121918085,10.433047395316317,7.986121775827919
17,850.0,433656.87547395343,4003760.8890146697,-75.73774181776865,36.17635207902726,ok,122.4364952697117,IW3,0,14535.875285493425,766.142059236813,153,37,3.3451596475925203,13.899718813807198,0.0,0.0076423536599239845,affine_dtft,44.19577283444997,1,identified,1,117.95259428943429,82.83814804555739,113.08188270064278,0.05556314731523188,83.65980825408981,4,7.6271278886330665,True,12.524119666025712,14.20737432819292,11.06041495026411
17,900.0,433704.6376038547,4003775.680192692,-75.73721198717094,36.17648869196863,ok,124.3185377901491,IW3,0,14550.67309074708,766.6560961390418,153,37,3.3451537358702037,13.899717373791006,0.0,0.0076423528625307715,affine_dtft,44.198393093956994,1,identified,1,124.88951583924711,80.56384392512682,117.80582228695603,0.0533350999568999,85.60129464500419,3,9.413973485225126,True,12.97244199581088,14.709074788928783,11.46546192273288
17,950.0,433752.39973375597,4003790.4713707147,-75.73668215469645,36.176625302583204,ok,125.98335402091966,IW3,0,14565.470932971568,767.1701127346465,153,37,3.3451478259587706,13.899715935826356,0.0,0.0076423728379761205,affine_dtft,44.20101336006687,1,identified,1,131.0804978662367,79.7654821351909,131.84670787189867,0.04765523090105735,78.11134196037173,5,15.58595386537635,True,13.378732849676425,15.164432567457071,11.832193895786913
17,1000.0,433800.16186365724,4003805.262548737,-75.73615232034518,36.17676191087094,ok,111.50062454167596,IW3,0,14580.268812166107,767.6841090232668,153,37,3.345141915980599,13.899714498753427,0.0,0.007642372248408121,affine_dtft,44.203633632779436,1,identified,2,140.3301650739148,77.47720604150288,131.84670787189867,0.04765523090105735,78.11134196037173,5,17.125570207451798,True,10.133596485803267,11.543984637348583,8.895131707942221
17,1050.0,433847.9239935585,4003820.0537267597,-75.73562248411723,36.176898516831784,ok,96.15912471235433,IW3,0,14595.066728327998,768.1980850046617,153,37,3.3451360074341325,13.899713061626525,0.0,0.0076423922436970795,affine_dtft,44.20625391209424,1,identified,3,36.208930440634916,77.89975521221125,135.33564937320222,0.04642668311180187,82.40535663140824,4,8.208010563934728,True,7.324337155311983,8.431869614586027,6.344108253695495
17,1100.0,433895.6861234598,4003834.8449047823,-75.73509264601259,36.17703512046574,ok,83.5281847917333,IW3,0,14609.864681457644,768.7120406787651,153,37,3.3451300970307085,13.899711626275657,0.0,0.007642392368288178,affine_dtft,44.20887419801133,1,identified,2,35.92111523913882,78.0427986787619,40.668235304424286,0.1544985972503223,83.15722658736894,4,14.121016247061075,True,5.4218610631004545,6.3276316741329515,4.618797396025115
17,1150.0,433943.44825336104,4003849.6360828048,-75.73456280603133,36.177171721772716,ok,71.0296494684352,IW3,0,14624.662671552645,769.2259760450324,153,37,3.3451241881470946,13.899710188689266,0.0,0.007642412877010054,affine_dtft,44.2114944905303,1,identified,6,36.5952007283504,93.35890913501731,41.09832314034784,0.1528817924206532,84.47245984834372,5,9.619767857009377,True,3.860199327306479,4.595424464377762,3.210302074502051
17,1200.0,433991.2103832623,4003864.4272608273,-75.7340329641735,36.17730832075272,ok,59.303355518958426,IW3,0,14639.460698611663,769.7398911034796,153,37,3.345118280331246,13.89970875573063,0.0,0.007642410627103032,affine_dtft,44.21411478965089,1,identified,2,67.36415795928013,62.88592918060056,68.69200826879346,0.09146894181042622,63.43494882292195,3,9.390095336992994,True,2.659109788527581,3.2534297528141742,2.1382541559536183
17,1250.0,434038.9725131636,4003879.21843885,-75.73350312043912,36.17744491740571,ok,66.73474193532681,IW3,0,14654.25876263382,770.2537858538212,153,37,3.345112370788758,13.899707324013784,0.0,0.007642431655180804,affine_dtft,44.21673509537298,1,identified,3,67.28786579863728,61.21123787761751,69.35403125540819,0.09059581964371577,61.69924423399351,4,10.407883941055964,True,3.391723395717511,4.073491508226911,2.790509515724191
17,1300.0,434086.73464306485,4003894.0096168723,-75.73297327482825,36.17758151173163,ok,74.34654088534722,IW3,0,14669.056863617347,770.7676602956985,153,37,3.345106462271818,13.899705888121707,0.0,0.007642430162115929,affine_dtft,44.21935540769623,1,identified,3,72.60850355965071,63.018627965440835,76.70417962581837,0.0819145102369974,87.13759477388807,3,9.42834728733066,True,4.245331030686891,5.023500257665372,3.5565608845551258
17,1350.0,434134.4967729661,4003908.800794895,-75.73244342734091,36.17771810373048,ok,78.10538406162777,IW3,0,14683.855001561398,771.2815144291804,153,37,3.3451005546919457,13.899704458337363,0.0,0.007642450867076923,affine_dtft,44.2219757266205,1,identified,3,74.47055060172815,84.14835412925977,77.82516738626617,0.08073461989480259,75.69972255081423,8,9.86579036877974,True,4.707022464185053,5.535784605523366,3.972721324391246
17,1400.0,434182.2589028674,4003923.5919729173,-75.73191357797718,36.17785469340219,ok,80.29322226318267,IW3,0,14698.653176464126,771.7953482537222,153,37,3.3450946479613948,13.899703027477429,0.0,0.00764244902603147,affine_dtft,44.22459605214546,1,identified,4,76.89658620947898,82.14037830056493,79.15731789044992,0.07937592473604557,83.65980825408987,7,10.091216397044606,True,4.988385362952184,5.84761563328948,4.226801181648105
17,1450.0,434230.02103276865,4003938.38315094,-75.73138372673706,36.17799128074674,ok,66.78372393489092,IW3,0,14713.451388324622,772.3091617691817,153,37,3.3450887392436646,13.899701595587977,0.0,0.007642470113455153,affine_dtft,44.22721638427095,1,identified,6,100.18254942610655,53.76714520327604,87.48622415019622,0.07181913916404283,70.01689347809987,6,5.284773571702842,True,3.396877202047116,4.079242157684585,2.795117954731252
17,1500.0,434277.7831626699,4003953.1743289623,-75.73085387362062,36.178127865764104,ok,,IW3,0,14728.249637142053,772.8229549754257,153,37,3.345082832379185,13.89970016729547,0.0,0.007642468846727018,affine_dtft,44.22983672299683,1,ambiguous_multiple_blobs,3,100.18334068542084,56.11718938115432,102.39999999999988,0.061359231515425716,53.13010235415592,1,8.765116933956591,False,,,
17,1550.0,434325.54529257125,4003967.9655069853,-75.7303240186279,36.17826444845423,ok,96.59129760564231,IW3,0,14743.047922913822,773.3367278720946,153,37,3.3450769250838177,13.899698737320177,0.0,0.0076424891594614915,affine_dtft,44.23245706832263,1,identified,5,101.7417155732296,56.126811058564435,22.66618631265133,0.2772052263451382,84.92039213998537,2,15.830921489129311,True,7.395649520351408,8.510739073507665,6.408866603595429
17,1600.0,434373.3074224725,4003982.756685008,-75.72979416175892,36.17840102881709,ok,,IW3,0,14757.846245639834,773.8504804590706,153,37,3.3450710186106485,13.899697310150346,0.0,0.007642488205955802,affine_dtft,44.235077420248345,1,ambiguous_multiple_blobs,12,93.86327117668023,78.40871302794129,190.15202629330105,0.03304295741496886,21.80140948635215,2,9.074912146371966,False,,,
17,1650.0,434421.0695523738,4003997.5478630303,-75.72926430301376,36.17853760685265,ok,84.67894117445798,IW3,0,14772.644605317533,774.3642127360121,153,37,3.3450651121127946,13.899695883837216,0.0,0.2801715800240694,affine_dtft,44.237697778773516,1,identified,8,32.69018568934309,72.62155728316031,179.6214823540794,0.034980143938428465,37.87498365109833,4,7.155668974696209,True,5.581169756148713,6.503949826164332,4.763004665328525
17,1700.0,434468.83168227505,4004012.339041053,-75.72873444239242,36.17867418256087,ok,,IW3,0,14787.443001946802,774.8779247027348,153,37,3.345059206130604,13.89969445757086,0.0,0.45683976048483016,affine_dtft,44.24031814389812,1,ambiguous_multiple_blobs,8,22.08117667783505,83.34460147752091,51.7491548566432,0.12141619171531251,57.380756928807145,3,8.198887368146549,False,,,
17,1750.0,434516.5938121763,4004027.1302190754,-75.72820457989496,36.17881075594171,ok,,IW3,0,14802.24143552589,775.3916163589735,153,37,3.3450533015226527,13.89969303116698,0.0,0.532816372451787,affine_dtft,44.24293851562186,1,identified,6,51.7958105710716,58.017254736055285,51.7491548566432,0.12141619171531251,57.380756928807145,3,6.879623154800283,True,,,
17,1800.0,434564.3559420776,4004041.921397098,-75.72767471552145,36.17894732699515,ok,,IW3,0,14817.039906053486,775.90528770449,153,37,3.3450473948394506,13.899691606189254,0.0,0.5290792961530358,affine_dtft,44.24555889394449,1,ambiguous_multiple_blobs,8,22.279487581145652,82.75608617196906,56.11485433356189,0.11197009030497757,80.53767779197422,2,5.7862736537094035,False,,,
17,1850.0,434612.11807197885,4004056.7125751204,-75.7271448492719,36.179083895721135,ok,,IW3,0,14831.838413528158,776.4189387390492,154,37,3.324311016662927,13.89969018061422,0.0,0.473189568809633,affine_dtft,44.24817927886576,1,ambiguous_multiple_blobs,5,22.158400938028247,82.50944252426413,49.67129600744094,0.1264952963224141,104.0362434679263,2,7.561300381038662,False,,,
17,1900.0,434659.8802018801,4004071.503753143,-75.72661498114634,36.17922046211965,ok,,IW3,0,14846.745956380504,776.9325032164584,154,37,3.320309794319036,13.899688759574305,0.0,0.5351144605722348,affine_dtft,44.25078702292037,1,identified,5,21.94844376482108,82.21487533859232,22.298369477358367,0.28177779158065774,80.81116392264119,3,22.16671054298761,True,,,
17,1950.0,434707.6423317814,4004086.2949311654,-75.72608511114484,36.179357026190644,ok,,IW3,0,14861.654739753449,777.4460466508141,154,37,3.3203039332770117,13.899687336107174,0.0,0.5476662912687355,affine_dtft,44.25339463391794,1,ambiguous_multiple_blobs,4,21.736440166551635,82.52316601887652,114.4866804479891,0.05488136508625573,63.434948822921854,3,7.605639127100161,False,,,
17,2000.0,434755.40446168266,4004101.086109188,-75.72555523926745,36.17949358793411,ok,76.31854550554465,IW3,0,14876.563560344313,777.9595697736465,154,37,3.32029807353557,13.899685915261262,0.0,0.48485676523254584,affine_dtft,44.25600225148149,1,identified,3,105.38781160477266,60.445456483222124,105.84297351612446,0.05936327276578625,60.2551187030577,5,12.638185897282376,True,4.48416091185868,5.2886057489374085,3.7717085028829174
17,2050.0,434803.1665915839,4004115.8772872104,-75.72502536551417,36.17963014734997,ok,80.8553452070321,IW3,0,14891.472418153087,778.4730725842377,154,37,3.3202922116298828,13.899684492807399,0.0,0.3409444634239124,affine_dtft,44.25860987561099,1,identified,2,108.86126832162185,60.559278806304754,96.8974290053713,0.06484367409615473,60.52411099675414,5,15.739999881529542,True,5.062202730445079,5.929389419542417,4.293510636066196
17,2100.0,434850.9287214852,4004130.668465233,-75.72449548988509,36.1797667044382,ok,73.10150431565997,IW3,0,14906.381313176955,778.9865550825092,154,37,3.3202863526845174,13.899683073325042,0.0,0.075310860072922,affine_dtft,44.26121750630598,1,identified,5,86.36714034888486,58.100345296124466,80.23541002332445,0.07830938117413574,57.80426606528669,5,13.483478520218155,True,4.098348064825971,4.860218744221533,3.4243067664081646
17,2150.0,434898.69085138646,4004145.4596432555,-75.72396561238023,36.1799032591988,ok,64.91613701554384,IW3,0,14921.290245415177,779.5000172685152,154,37,3.3202804915020714,13.899681654265281,0.0,0.007734105294192114,affine_dtft,44.26382514356631,1,identified,3,41.29103161073528,99.0754007251403,40.44556828330821,0.15534916614764543,99.09027692082219,2,21.952224408977855,True,3.2034193689925745,3.8632265348188977,2.6223012380710613
17,2200.0,434946.45298128773,4004160.250821278,-75.72343573299962,36.18003981163169,ok,54.25570635226802,IW3,0,14936.19921486674,780.0134591415558,154,37,3.320274633003937,13.899680235520856,0.0,0.007734125147805799,affine_dtft,44.26643278739181,1,identified,1,41.71480902211584,99.99556320586977,42.08614075017142,0.14929345373997008,99.46232220802547,1,26.804908480546995,True,2.2160352874736704,2.754120859090106,1.7473379697840223
17,2250.0,434994.215111189,4004175.0419993005,-75.72290585174333,36.18017636173686,ok,,IW3,0,14951.108221529224,780.526880701823,154,37,3.3202687734913843,13.89967881884458,0.0,0.007734123990662608,affine_dtft,44.26904043778205,1,ambiguous_multiple_blobs,3,42.10838817882506,101.10228346371397,41.76983124213777,0.15042400508530315,101.76828893202048,2,20.716126931869546,False,,,
17,2300.0,435041.97724109027,4004189.833177323,-75.72237596861137,36.18031290951427,ok,,IW3,0,14966.017265402996,781.0402819488543,154,37,3.320262912964399,13.899677400184792,0.0,0.007734145543106066,affine_dtft,44.27164809473711,1,ambiguous_multiple_blobs,5,130.333037446759,74.49659323052153,41.76983124213777,0.15042400508530315,101.76828893202048,2,13.765582960104794,False,,,
17,2350.0,435089.73937099153,4004204.6243553455,-75.72184608360381,36.18044945496388,ok,,IW3,0,14980.926346485723,781.5536628823494,154,37,3.3202570539565537,13.899675983961899,0.0,0.0077341450409390685,affine_dtft,44.27425575825657,1,identified,3,40.99259330805015,61.77767026682612,43.50559115899769,0.14442247857790844,102.26477372789223,4,14.21018140394415,True,,,
17,2400.0,435137.5015008928,4004219.415533368,-75.7213161967207,36.180585998085654,ok,,IW3,0,14995.835464775664,782.0670235022685,154,37,3.3202511940799972,13.899674570084867,0.0,0.0077341640799510015,affine_dtft,44.276863428340135,1,ambiguous_multiple_blobs,3,169.45242407652694,67.31162624513706,161.90861620062083,0.03880698541326606,71.56505117707769,1,5.856405626818475,False,,,
17,2450.0,435185.26363079407,4004234.2067113905,-75.72078630796203,36.18072253887956,ok,,IW3,0,15010.744620272446,782.5803638082471,154,37,3.3202453379072434,13.899673155150834,0.0,0.00773416383522745,affine_dtft,44.27947110498772,1,ambiguous_multiple_blobs,2,166.62267808250397,66.72739651013808,161.90861620062083,0.03880698541326606,71.56505117707769,1,5.733996828475265,False,,,
17,2500.0,435233.02576069534,4004248.997889413,-75.7202564173279,36.18085907734557,ok,,IW3,0,15025.65381297389,783.0936838001853,154,37,3.320239477385596,13.899671740623349,0.0,0.007734185132443676,affine_dtft,44.28207878819897,1,identified,3,165.02533594378266,66.26682407900121,91.58934435839126,0.06860170635781969,100.3048464687657,2,22.044309960253077,True,,,
17,2550.0,435280.7878905966,4004263.789067436,-75.71972652481833,36.180995613483645,ok,,IW3,0,15040.563042879434,783.6069834777675,154,37,3.3202336209013565,13.89967032917693,0.0,0.007734184716768208,affine_dtft,44.28468647797378,1,ambiguous_multiple_blobs,2,165.45561248134265,65.19386467874187,161.90861620062083,0.03880698541326606,71.56505117707769,1,5.378096294054156,False,,,
17,2600.0,435328.5500204979,4004278.5802454585,-75.71919663043334,36.18113214729373,ok,,IW3,0,15055.47230998766,784.1202628405965,154,37,3.3202277640731372,13.899668915569555,0.0,0.007734204832543205,affine_dtft,44.287294174311896,1,identified,2,163.59706681400073,64.41569548112113,152.64890726398542,0.04116102381469181,63.43494882292177,2,6.6880740232736855,True,,,
17,2650.0,435376.31215039914,4004293.371423481,-75.71866673417301,36.18126867877583,ok,,IW3,0,15070.381614296606,784.6335218887648,154,37,3.320221906813466,13.899667504852117,0.0,0.0077342050653583915,affine_dtft,44.28990187721297,1,ambiguous_multiple_blobs,4,156.7832797771612,64.27357413462585,152.64890726398542,0.04116102381469181,63.43494882292177,2,6.4610341109820055,False,,,
17,2700.0,435424.0742803004,4004308.1626015035,-75.71813683603736,36.18140520792986,ok,,IW3,0,15085.290955805487,785.1467606217944,154,37,3.3202160497045488,13.899666093362306,0.0,0.007734225602347232,affine_dtft,44.29250958667688,1,ambiguous_multiple_blobs,4,152.11394290243325,66.49964328251384,119.7517490495968,0.052468422023442186,79.21570213243713,5,13.424043766062157,False,,,
17,2750.0,435471.8364102017,4004322.953779526,-75.71760693602644,36.18154173475582,ok,,IW3,0,15100.200334512547,785.6599790394841,154,37,3.3202101914354127,13.899664682738946,0.0,0.007734224725045742,affine_dtft,44.29511730270331,1,identified,2,52.078518234309044,92.24799217142493,51.19999999999994,0.12271846303085143,89.99999999999984,5,7.699740502057588,True,,,
17,2800.0,435519.59854010295,4004337.7449575486,-75.71707703414029,36.181678259253665,ok,,IW3,0,15115.109750416872,786.1731771416786,154,37,3.3202043351802657,13.899663273072992,0.0,0.007734246024491411,affine_dtft,44.297725025292095,1,ambiguous_multiple_blobs,3,134.3995616666316,100.93543349248695,76.70417962581837,0.0819145102369974,92.86240522611148,3,6.601780796242062,False,,,
17,2850.0,435567.3606700042,4004352.536135571,-75.71654713037896,36.18181478142337,ok,97.71306829246856,IW3,0,15130.01920351732,786.6863549282606,154,37,3.3201984796579764,13.899661864639793,0.0,0.0077342451781042465,affine_dtft,44.30033275444306,1,identified,2,59.587633451982555,88.51093850099234,66.358992917579,0.09468475983328438,88.9390883097356,7,10.336338744585001,True,7.582762562218308,8.717697098165463,6.578796275219851
17,2900.0,435615.1227999055,4004367.3273135936,-75.71601722474249,36.181951301264874,ok,112.4826615833897,IW3,0,15144.9286938115,787.199512398699,154,37,3.320192622351252,13.899660458561788,0.0,0.0077342656755242465,affine_dtft,44.30294049015576,1,identified,2,60.115639699107895,90.54658878362638,138.8354930039397,0.04525633302574357,77.4711922908482,5,8.081536530387368,True,10.334132494433002,11.766748097810126,9.077063030570798
17,2950.0,435662.88492980675,4004382.118491616,-75.71548731723091,36.182087818778164,ok,112.4826615833897,IW3,0,15159.838221299078,787.7126495529895,154,37,3.3201867654981188,13.899659051142319,0.0,0.007734265123571534,affine_dtft,44.305548232430155,1,identified,2,120.34414483437999,67.60699099800593,134.45778724835563,0.04672979851716567,66.80140948635159,4,12.546200028440067,True,10.334132494433002,11.766748097810126,9.077063030570798
17,3000.0,435710.647059708,4004396.9096696386,-75.71495740784427,36.18222433396319,ok,127.85721780532658,IW3,0,15174.747785978529,788.2257663906922,154,37,3.320180910195022,13.899657646528626,0.0,0.007734285929203377,affine_dtft,44.30815598126597,1,identified,1,108.13784626837553,69.93869092823812,110.27837316368448,0.056975680062432116,68.96248897457795,3,15.760039601145934,True,13.847272468366993,15.69041802349418,12.254685926488737
18,250.0,433152.1511242169,4003362.4752152916,-75.74332005123837,36.1727256949137,touches_land_or_unmapped,,,,,,,,,,,,,,,,,,,,,,,,,,,
18,300.0,433199.8919468174,4003377.335022068,-75.7427904978154,36.17286294944191,touches_land_or_unmapped,,,,,,,,,,,,,,,,,,,,,,,,,,,
18,350.0,433247.63276941795,4003392.194828844,-75.74226094250801,36.173000201646076,touches_land_or_unmapped,,,,,,,,,,,,,,,,,,,,,,,,,,,
18,400.0,433295.37359201844,4003407.0546356207,-75.74173138531623,36.173137451526166,ok,,IW3,0,14412.43622433123,745.062442879885,153,37,3.3452945548889392,13.899735374753437,0.0,0.007641926350729432,affine_dtft,44.173959229977015,1,ambiguous_multiple_blobs,2,79.79186638993387,72.62403934723069,170.6666666666665,0.03681553890925543,89.99999999999949,1,6.642926743527103,False,,,
18,450.0,433343.11441461893,4003421.9144423967,-75.7412018262401,36.173274699082135,ok,92.39923788273491,IW3,0,14427.230318535985,745.5817635450948,153,37,3.3452886186316033,13.899733928105093,0.0,0.007641926031403308,affine_dtft,44.176578818230425,1,identified,1,82.99265181291966,71.9061008118169,87.48622415019622,0.07181913916404283,70.01689347809987,2,16.460926508219302,True,6.721779979103301,7.765540017403112,5.797090907804495
18,500.0,433390.8552372194,4003436.7742491732,-75.7406722652797,36.17341194431396,ok,95.67265669019945,IW3,0,14442.024449924162,746.1010639167185,153,37,3.3452826803446465,13.899732482725426,0.0,0.00764194634542111,affine_dtft,44.1791984131243,1,identified,2,90.48078817391702,74.16979065671073,91.63007789136277,0.06857120993205934,72.64597536373846,3,9.548917801022109,True,7.244577529035325,8.343661162252749,6.271682878183091
18,550.0,433438.5960598199,4003451.6340559493,-75.74014270243501,36.173549187221624,ok,95.67265669019945,IW3,0,14456.8186184961,746.6203439944816,153,37,3.345276743531575,13.899731039645877,0.0,0.007641944834697093,affine_dtft,44.18181801465871,1,identified,2,102.03256734808576,74.87614495402099,98.08141160664577,0.06406091841722486,73.30075576600615,2,10.546762497819325,True,7.244577529035325,8.343661162252749,6.271682878183091
18,600.0,433486.3368824204,4003466.493862726,-75.73961313770613,36.17368642780504,ok,83.11446865404557,IW3,0,14471.612824249185,747.1396037777891,153,37,3.345270806375976,13.899729594514502,0.0,0.007641965029358283,affine_dtft,44.18443762283317,1,identified,2,102.85705541296704,75.67784659889497,105.49291311259303,0.05956025975388049,74.05460409907697,3,12.856393446618258,True,5.365247489239028,6.264962572460031,4.567567585838256
18,650.0,433534.0777050209,4003481.353669502,-75.73908357109306,36.1738236660642,ok,,IW3,0,14486.407067183554,747.6588432666939,153,37,3.3452648698659675,13.899728152003586,0.0,0.007641964014046879,affine_dtft,44.18705723764775,1,ambiguous_multiple_blobs,2,101.4306655788059,76.22497579902301,98.08141160664577,0.06406091841722486,73.30075576600615,2,10.915682671245726,False,,,
18,700.0,433581.8185276214,4003496.2134762784,-75.73855400259588,36.173960901999095,ok,82.02297542533573,IW3,0,14501.201347296594,748.178062461013,153,37,3.34525893387133,13.89972670953077,0.0,0.0076419845436154635,affine_dtft,44.18967685910195,1,identified,3,36.99924635199439,76.6060452515804,37.253472005580704,0.16866039509655215,75.96375653207345,3,32.890272646137646,True,5.21755013204337,6.101437052956828,4.433961220807981
18,750.0,433629.5593502219,4003511.0732830544,-75.73802443221459,36.174098135609654,ok,,IW3,0,14515.995664587696,748.6972613604324,153,37,3.3452529978826973,13.899725267764877,0.0,0.007641983317113204,affine_dtft,44.19229648719566,1,ambiguous_multiple_blobs,4,37.188973836039196,76.42489689574901,103.32254115783341,0.06081137026606343,70.34617594194648,3,9.662288381810697,False,,,
18,800.0,433677.3001728224,4003525.9330898304,-75.73749485994927,36.174235366895836,ok,,IW3,0,14530.790019054777,749.2164399645617,153,37,3.3452470620303116,13.899723825557478,0.0,0.007642003934328362,affine_dtft,44.19491612192853,1,identified,5,105.95553805205209,69.01790747585605,103.32254115783341,0.06081137026606343,70.34617594194648,3,11.022590607558332,True,,,
18,850.0,433725.04099542287,4003540.792896607,-75.73696528579993,36.17437259585764,ok,,IW3,0,14545.584410698244,749.7355982734434,153,37,3.3452411268083084,13.899722386329788,0.0,0.007642002740465246,affine_dtft,44.197535763300635,1,ambiguous_multiple_blobs,4,273.02763122418685,157.8034447518695,110.27837316368448,0.056975680062432116,68.96248897457795,3,9.142230912316975,False,,,
18,900.0,433772.78181802336,4003555.652703383,-75.73643570976664,36.17450982249502,ok,,IW3,0,14560.378839515046,750.2547362867521,153,37,3.3452351920020362,13.899720950394245,0.0,0.007642022677801558,affine_dtft,44.20015541131143,1,ambiguous_multiple_blobs,3,266.13291491476394,159.89807141069863,248.35648003720473,0.025299059264482816,165.96375653207267,2,3.2107309241061546,False,,,
18,950.0,433820.5226406239,4003570.5125101595,-75.73590613184942,36.17464704680791,ok,31.634239088131825,IW3,0,14575.17330550447,750.7738540040588,153,37,3.3452292570831093,13.899719511258482,0.0,0.0076420223065694435,affine_dtft,44.202775065960765,1,identified,3,319.1395701777134,162.46669862322386,31.26080055668034,0.2009924632540125,77.66091272167372,4,10.569511085777151,True,0.742580467406074,1.0519666069015496,0.49009161758568315
18,1000.0,433868.2634632244,4003585.3723169356,-75.73537655204832,36.174784268796316,ok,47.009099319586824,IW3,0,14589.96780866496,751.2929514254528,153,37,3.345223322403778,13.89971807447688,0.0,0.007642043080525101,affine_dtft,44.205394727248404,1,identified,4,285.1541762942365,170.45457920861463,31.820958353857566,0.1974543078592695,76.82744657667303,3,15.1485592425199,True,1.6544693108370856,2.1155959889460765,1.257782875651567
18,1050.0,433916.0042858249,4003600.232123712,-75.73484697036339,36.17492148846017,ok,56.234015458459815,IW3,0,14604.762348996044,751.8120285503583,153,37,3.345217389228878,13.899716636996725,0.0,0.007642041697559707,affine_dtft,44.208014395174246,1,identified,4,263.15135104246923,177.37301105751615,31.820958353857566,0.1974543078592695,76.82744657667303,3,11.856921673879299,True,2.384530723386648,2.944377870324451,1.8956036427618561
18,1100.0,433963.7451084254,4003615.091930488,-75.73431738679466,36.17505870579945,ok,67.57207617724575,IW3,0,14619.556926495943,752.3310853786589,153,37,3.34521145627829,13.899715200858221,0.0,0.007642061496361078,affine_dtft,44.210634069737964,1,identified,4,87.94066896675069,79.04264721298557,93.1336800139518,0.06746415803862083,75.96375653207333,3,14.262085137552623,True,3.4804217835744864,4.1724322603067625,2.8698546441398216
18,1150.0,434011.4859310259,4003629.9517372646,-75.73378780134217,36.17519592081412,ok,78.79810533659625,IW3,0,14634.351541162736,752.8501219102493,153,37,3.3452055201599817,13.899713764389693,0.0,0.007642061765265084,affine_dtft,44.213253750939245,1,identified,4,91.34001051336871,76.25238707929016,93.1336800139518,0.06746415803862083,75.96375653207333,3,16.28012645173256,True,4.795091312663743,5.633416000733748,4.052216288323036
18,1200.0,434059.22675362637,4003644.8115440407,-75.73325821400599,36.17533313350416,ok,78.5730043562114,IW3,0,14649.146192996071,753.3691381449265,153,37,3.3451995857645036,13.899712332546702,0.0,0.007642081381669812,affine_dtft,44.215873438778004,1,identified,3,92.53016035194295,77.4400425465013,87.95110415061004,0.07143952731304062,76.75948008481264,3,13.049782803314361,True,4.7663702588150905,5.601579131977146,4.0262878011514225
18,1250.0,434106.96757622686,4003659.671350817,-75.73272862478612,36.175470343869506,ok,67.2558938023631,IW3,0,14663.940881993783,753.8881340821985,153,37,3.345193653341275,13.899710897374606,0.0,0.007642080828486681,affine_dtft,44.21849313325387,1,identified,3,92.25035738269959,78.0728839988862,87.95110415061004,0.07143952731304062,76.75948008481264,3,9.631581350208789,True,3.446779962355837,4.134912964503157,2.8397522757751745
18,1300.0,434154.70839882735,4003674.5311575932,-75.73219903368263,36.17560755191015,ok,55.938783248514824,IW3,0,14678.735608155166,754.4071097220324,153,37,3.3451877205442937,13.899709464344829,0.0,0.0076421021019263844,affine_dtft,44.22111283436672,1,identified,4,44.10091996968513,69.971142225059,30.69545345193334,0.2046943309379208,87.70938995736138,3,15.906156054110923,True,2.35896578478572,2.9155432441664986,1.8730745475735415
18,1350.0,434202.44922142784,4003689.3909643698,-75.73166944069555,36.17574475762603,ok,47.935703022991014,IW3,0,14693.53037147895,754.9260650640894,153,37,3.3451817876229466,13.899708032189467,0.0,0.007642099686122306,affine_dtft,44.22373254211632,1,identified,3,36.097399175846576,87.40075212046726,36.548127244710344,0.1719153833823034,87.95459151111268,2,24.243892219400376,True,1.7214637989912416,2.1922068449866745,1.3157388225883972
18,1400.0,434250.19004402834,4003704.250771146,-75.73113984582494,36.175881961017126,ok,33.34589209230246,IW3,0,14708.325171963355,755.4450001082498,153,37,3.345175855040899,13.89970660200137,0.0,0.007642119572016658,affine_dtft,44.226352256502366,1,identified,3,35.956407568118024,87.87453485346728,36.548127244710344,0.1719153833823034,87.95459151111268,4,29.03964785786274,True,0.8257818272376851,1.1514279339817528,0.5576969778440696
18,1450.0,434297.9308666288,4003719.1105779223,-75.73061024907082,36.176019162083406,ok,,IW3,0,14723.12000960762,755.9639148541559,153,37,3.3451699229590823,13.899705171583866,0.0,0.007642119268104632,affine_dtft,44.228971977524715,1,ambiguous_multiple_blobs,7,37.121205318968656,88.06786923746058,36.548127244710344,0.1719153833823034,87.95459151111268,6,19.108115189694107,False,,,
18,1500.0,434345.6716892293,4003733.9703846984,-75.73008065043325,36.17615636082483,ok,51.00020132552184,IW3,0,14737.914884409458,756.482809301771,153,37,3.345163991189727,13.899703743695719,0.0,0.007642139356079963,affine_dtft,44.231591705182964,1,identified,7,29.69939484966124,74.15732872592123,29.59186042785583,0.21232816106637922,76.63306930368309,6,15.353887165695697,True,1.9530297299003558,2.456030882529206,1.5170697190047326
18,1550.0,434393.41251182987,4003748.830191475,-75.72955104991225,36.17629355724135,ok,67.88286961615997,IW3,0,14752.709796369189,757.0016834505273,153,37,3.345158061580315,13.899702313186163,0.0,0.007642159065287639,affine_dtft,44.23421143947717,1,identified,3,29.149445030932014,79.33437661640087,29.317034716870022,0.2143185819391218,76.75948008481272,5,21.555174172940426,True,3.513666597820736,4.209500280907613,2.8996112475194376
18,1600.0,434441.15333443036,4003763.689998251,-75.72902144750788,36.17643075133295,ok,76.36197032566487,IW3,0,14767.504745484159,757.5205373004515,153,37,3.3451521280174568,13.899700886309876,0.0,0.19586114771072144,affine_dtft,44.23683118040687,1,identified,2,29.140467956016824,79.60060777493221,108.54378291265117,0.0578861832394019,57.99461679191643,2,9.532346135406968,True,4.489503876488881,5.294533851424019,3.7765249590577445
18,1650.0,434488.89415703085,4003778.549805027,-75.72849184322018,36.17656794309958,ok,94.4136251858612,IW3,0,14782.299731753352,758.0393708511963,153,37,3.345146198113113,13.899699457722546,0.0,0.41066419767339746,affine_dtft,44.23945092797188,1,identified,2,106.80662145319553,64.87870394076641,104.07880040726285,0.060369501594881296,63.43494882292184,5,10.422465126500757,True,7.040649900140112,8.118145029784195,6.086528819439041
18,1700.0,434536.63497963134,4003793.4096118035,-75.72796223704918,36.176705132541215,ok,112.18098747325641,IW3,0,14797.094755175483,758.5581841026377,153,37,3.345140266206265,13.899698032943636,0.0,0.5177840644728755,affine_dtft,44.24207068217198,1,identified,2,107.90028983730909,67.26194649326618,110.27837316368448,0.056975680062432116,68.96248897457795,3,7.670854741136198,True,10.272246398762332,11.697991294360287,9.02092285720268
18,1750.0,434584.37580223184,4003808.2694185795,-75.72743262899493,36.1768423196578,ok,109.48743352005627,IW3,0,14811.88981574947,759.0769770542985,153,37,3.3451343352366507,13.899696605828016,0.0,0.5388099705828265,affine_dtft,44.24469044300696,1,identified,1,106.00093227602633,67.81337131364899,119.85013472883753,0.05242535038776029,69.44395478041629,4,12.14534469995031,True,9.730712515933147,11.09675100428088,8.529508326396236
18,1800.0,434632.1166248323,4003823.129225356,-75.72690301905749,36.176979504449335,ok,110.83959179825462,IW3,0,14826.684913474257,759.5957497063376,153,37,3.3451284060053075,13.899695179678154,0.0,0.49731260630554286,affine_dtft,44.247310210476655,1,identified,1,102.70146066869704,67.10541210692402,118.15384615384599,0.0531780006467023,67.38013505195934,3,13.29318528116581,True,10.00009972312045,11.395748348176763,8.773997782775083
18,1850.0,434679.8574474328,4003837.989032132,-75.72637340723688,36.17711668691577,ok,109.26286033475412,IW3,0,14841.550644328221,760.1144591520965,154,37,3.3203960426967645,13.899693759257834,0.0,0.5176881573658062,affine_dtft,44.24992179308474,1,identified,1,101.59413950889706,66.99294316615214,95.07601314665045,0.06608591482993778,68.19859051364803,1,25.464336835733363,True,9.686445953434955,11.047635250960779,8.489327152464238
18,1900.0,434727.5982700333,4003852.8488389086,-75.72584379353313,36.17725386705704,ok,,IW3,0,14856.455992969113,760.6331242413967,154,37,3.3203901574984696,13.899692333200385,0.0,0.5505720754282571,affine_dtft,44.25252878964863,1,ambiguous_multiple_blobs,2,102.11494692695506,66.30498158783882,103.97144730968249,0.06043183460229139,66.03751102542165,2,15.823362351244924,False,,,
18,1950.0,434775.3390926338,4003867.7086456846,-75.72531417794633,36.177391044873154,ok,107.00520533807779,IW3,0,14871.36137903204,761.1517690301481,154,37,3.320384269538064,13.89969091140207,0.0,0.5203281403081516,affine_dtft,44.25513579281417,1,identified,2,109.98935315195439,65.65151015359288,103.97144730968249,0.06043183460229139,66.03751102542165,2,18.4240739203973,True,9.24882193093138,10.562305586507293,8.092014418906373
18,2000.0,434823.0799152343,4003882.568452461,-75.72478456047646,36.17752822036404,ok,114.9890941062525,IW3,0,14886.266802518006,761.6703935177818,154,37,3.320378386124451,13.899689490660666,0.0,0.40260954602733273,affine_dtft,44.25774280258156,1,identified,1,115.26607434786402,65.15440178980529,114.4866804479891,0.05488136508625573,63.434948822921854,1,23.398780342145415,True,10.85816365519726,12.3493807193487,9.552265347655325
18,2050.0,434870.8207378348,4003897.428259237,-75.7242549411236,36.177665393529686,ok,114.9890941062525,IW3,0,14901.172263424074,762.1889977043193,154,37,3.320372501217497,13.899688069505737,0.0,0.17723421662670616,affine_dtft,44.26034981895027,1,identified,1,116.78772148728211,64.38840352505665,114.4866804479891,0.05488136508625573,63.434948822921854,1,23.36755520902707,True,10.85816365519726,12.3493807193487,9.552265347655325
18,2100.0,434918.5615604353,4003912.2880660137,-75.7237253198878,36.17780256437006,ok,98.37534658855745,IW3,0,14916.077761748891,762.7075815895919,154,37,3.3203666141462556,13.899686648397083,0.0,0.007733750898865191,affine_dtft,44.26295684192005,1,identified,2,117.99829597939116,64.1363281805954,127.01156821934926,0.04946939397148858,60.255118703057654,2,15.502427212651193,True,7.694605162437852,8.841414689440727,6.68037555605236
18,2150.0,434966.30238303577,4003927.1478727898,-75.72319569676908,36.17793973288509,ok,,IW3,0,14930.983297491739,763.2261451729087,154,37,3.3203607318096227,13.899685230543989,0.0,0.007733771586022643,affine_dtft,44.265563871490805,1,ambiguous_multiple_blobs,2,36.93677847378794,81.70440784691678,114.4866804479891,0.05488136508625573,63.434948822921854,1,8.021326037943648,False,,,
18,2200.0,435014.0432056363,4003942.0076795663,-75.72266607176749,36.17807689907479,ok,64.92010233586753,IW3,0,14945.888870650968,763.7446884545211,154,37,3.320354845388682,13.899683811826845,0.0,0.007733771609606479,affine_dtft,44.268170907662224,1,identified,2,37.907489587053284,82.36597311760327,37.51645723890231,0.16747810879819167,81.57303097851924,2,20.489963445201365,True,3.2038235209367287,3.8636781565521336,2.6226618911787702
18,2250.0,435061.7840282368,4003956.8674863423,-75.72213644488308,36.178214062939084,ok,44.70257723527745,IW3,0,14960.794481225836,764.2632114339413,154,37,3.3203489612569945,13.899682394047922,0.0,0.007733792805910042,affine_dtft,44.27077795043419,1,identified,8,21.905671017050825,84.83508022671498,30.232281549351033,0.20783033847190607,81.51105611949522,4,15.593614410883438,True,1.493747160524548,1.931198340808983,1.119363485221324
18,2300.0,435109.5248508373,4003971.727293119,-75.72160681611585,36.178351224477964,ok,,IW3,0,14975.700129214387,764.7817141110737,154,37,3.3203430795909847,13.89968097679355,0.0,0.007733792253952684,affine_dtft,44.27338499980635,1,ambiguous_multiple_blobs,7,83.20081973417096,91.12854921393323,80.39791450985676,0.07815109814085128,96.00900595749428,3,7.325494798771718,False,,,
18,2350.0,435157.2656734378,4003986.587099895,-75.7210771854659,36.17848838369137,ok,56.77723386643192,IW3,0,14990.605814615696,765.300196485523,154,37,3.3203371948447984,13.89967955987012,0.0,0.007733811393818131,affine_dtft,44.27599205577855,1,identified,3,181.23432277336155,49.70555332016109,66.358992917579,0.09468475983328438,91.060911690264,7,8.808330943178493,True,2.4319556991453393,2.9978396823087285,1.9374269449456571
18,2400.0,435205.0064960383,4004001.446906671,-75.72054755293324,36.1786255405793,ok,89.1996465225773,IW3,0,15005.511537427901,765.818658557248,154,37,3.320331311805558,13.899678145623875,0.0,0.007733811879081184,affine_dtft,44.27859911835047,1,identified,2,166.96918100908078,50.146036264089155,63.9861156305991,0.09819607340213155,91.19348942398184,6,12.07199955477834,True,6.233638645671562,7.225735107367291,5.354251612804293
18,2450.0,435252.7473186388,4004016.3067134474,-75.72001791851794,36.178762695141685,ok,103.34410365284835,IW3,0,15020.417297649823,766.3371003258446,154,37,3.320325429863598,13.899676730898436,0.0,0.007733831649906118,affine_dtft,44.28120618752189,1,identified,2,159.3774727159748,50.202397803447674,66.53154536819855,0.09443919079899937,94.96974072811011,3,12.309138927792416,True,8.567032653950905,9.806948115714235,7.472820990704893
18,2500.0,435300.4881412393,4004031.1665202235,-75.71948828222,36.1788998473785,ok,118.47295511606424,IW3,0,15035.32309528051,766.8555217911688,154,37,3.3203195459759294,13.89967531785814,0.0,0.007733831416361419,affine_dtft,44.283813263292664,1,identified,1,150.45122909978562,48.64828160019201,159.92193217393253,0.03928907825066757,51.340191745909806,2,13.66040902876187,True,11.616626715684761,13.194115780942562,10.23942061589195
18,2550.0,435348.22896383976,4004046.026327,-75.71895864403949,36.179036997289735,ok,134.0763820366761,IW3,0,15050.2289303187,767.3739229530107,154,37,3.3203136635191193,13.899673903575852,0.0,0.007733852488741825,affine_dtft,44.28642034566255,1,identified,1,146.98326326677466,50.44827495626323,159.92193217393253,0.03928907825066757,51.340191745909806,2,15.160271397839166,True,15.492421193566054,17.545271584850962,13.73413225002181
18,2600.0,435395.96978644026,4004060.886133776,-75.71842900397644,36.179174144875304,ok,149.1707230097681,IW3,0,15065.134802762526,767.8923038109363,154,37,3.320307779932813,13.899672490268758,0.0,0.0077338522323354645,affine_dtft,44.289027434631244,1,identified,1,141.99110136045755,54.192507553162535,142.0032502336585,0.04424677109038668,56.309932474020094,1,24.67680676360541,True,20.153866138496063,22.884920611662352,17.884048051280768
18,2650.0,435443.71060904075,4004075.7459405526,-75.71789936203089,36.17931129013522,ok,147.7161180277787,IW3,0,15080.040712611628,768.4106643649952,154,37,3.3203018994373177,13.899671080667881,0.0,0.007733871820914799,affine_dtft,44.291634530198664,1,identified,1,140.83858441765554,56.701604478472824,142.0032502336585,0.04424677109038668,56.309932474020094,1,15.970542297195816,True,19.65744780270814,22.30931733854721,17.445518766753153
18,2700.0,435491.45143164124,4004090.6057473286,-75.71736971820292,36.179448433069425,ok,146.26151304578926,IW3,0,15094.946659863395,768.9290046148628,154,37,3.3202960190771305,13.899669669549656,0.0,0.007733870772994238,affine_dtft,44.294241632364354,1,identified,1,145.9901986561466,58.537003745820904,142.0032502336585,0.04424677109038668,56.309932474020094,1,8.927797181316558,True,19.17202704931671,21.748234265015395,17.015852633079376
18,2750.0,435539.19225424173,4004105.465554105,-75.7168400724925,36.17958557367787,ok,148.39064445185463,IW3,0,15109.85264451761,769.4473245600623,154,37,3.3202901361307102,13.899668257927196,0.0,0.007733892971504402,affine_dtft,44.296848741128294,1,identified,1,157.0347102605559,58.790664109544565,152.64890726398542,0.04116102381469181,63.43494882292177,2,7.281139828927398,True,19.886255187993083,22.574390808877055,17.6477551920448
18,2800.0,435586.9330768423,4004120.325360881,-75.71631042489975,36.179722711960544,ok,148.5127983491181,IW3,0,15124.758666572334,769.9656242006788,154,37,3.320284256233047,13.899666849945088,0.0,0.007733892215632204,affine_dtft,44.299455856490134,1,identified,1,167.23677816734894,60.23233160365761,152.64890726398542,0.04116102381469181,63.43494882292177,2,8.388489170239218,True,19.92794709257064,22.622733291744368,17.684585134906094
18,2850.0,435634.6738994428,4004135.1851676577,-75.71578077542465,36.179859847917406,ok,145.39802597661588,IW3,0,15139.664726026534,770.4839035363591,154,37,3.320278375175087,13.899665440898922,0.0,0.007733911754916908,affine_dtft,44.3020629784497,1,identified,2,147.0083527495283,65.24199896794086,152.64890726398542,0.04116102381469181,63.43494882292177,2,12.219026682240353,True,18.8889201899132,21.421779899409817,16.76488411762001
18,2900.0,435682.41472204326,4004150.0449744337,-75.7152511240673,36.17999698154842,ok,136.4560600172349,IW3,0,15154.57082287806,771.0021625669459,154,37,3.3202724935245427,13.899664035659121,0.0,0.007733933277632718,affine_dtft,44.3046701070066,1,identified,2,132.40715024391935,71.86961375477414,142.61401971997583,0.04405727655329181,68.19859051364797,3,12.577028382939615,True,16.160901948078205,18.302863654244558,14.333313444087574
18,2950.0,435730.15554464376,4004164.9047812102,-75.71472147082767,36.18013411285354,ok,132.4078482055473,IW3,0,15169.47695712717,771.5204012919128,154,37,3.3202666129711993,13.899662626418651,0.0,0.007733932423627347,affine_dtft,44.3072772421609,1,identified,2,119.52069224266131,72.14700362162705,126.42938837114735,0.04969718977627738,69.77514056883173,5,16.004757612935588,True,15.036935157920457,17.03040751636023,13.32518839154667
18,3000.0,435777.89636724425,4004179.7645879863,-75.71419181570587,36.18027124183275,ok,125.66082851940125,IW3,0,15184.383128771095,772.0386197114461,154,37,3.3202607318981867,13.899661221906875,0.0,0.007733952366030337,affine_dtft,44.309884383912106,1,identified,2,112.92620196251356,71.80988442710321,107.93907746708058,0.05821047811989909,71.56505117707775,4,13.915882905539428,True,13.29929744081565,15.075350475705832,11.760519226603522
19,250.0,433221.2370538214,4003143.3756235554,-75.74253326822607,36.170755295032585,touches_land_or_unmapped,,,,,,,,,,,,,,,,,,,,,,,,,,,
19,300.0,433268.8553592138,4003158.6234755865,-75.74200512175044,36.17089603574484,touches_land_or_unmapped,,,,,,,,,,,,,,,,,,,,,,,,,,,
19,350.0,433316.4736646061,4003173.8713276177,-75.7414769733491,36.171036774145826,touches_land_or_unmapped,,,,,,,,,,,,,,,,,,,,,,,,,,,
19,400.0,433364.09196999844,4003189.119179649,-75.74094882302211,36.17117751023554,ok,,IW3,0,14422.412622480615,728.8034360609288,153,37,3.3453752162355594,13.899738876899296,0.0,0.007641575866867571,affine_dtft,44.175769124238016,1,identified,7,22.933168060348095,80.76832042174638,95.81304753435724,0.06557755408966115,93.57633437499702,3,20.0986808252398,True,,,
19,450.0,433411.71027539077,4003204.36703168,-75.74042067076951,36.171318244013904,ok,,IW3,0,14437.188577574381,729.3516929788319,153,37,3.3453691357614472,13.899737427727697,0.0,0.007641596367009196,affine_dtft,44.178385423371914,1,ambiguous_multiple_blobs,7,35.44423155555981,83.5020005771439,30.5297814527971,0.20580511907345897,79.6951535312339,2,27.427453417518,False,,,
19,500.0,433459.32858078316,4003219.6148837106,-75.73989251659131,36.17145897548092,ok,51.68728157651503,IW3,0,14451.964571017845,729.8999296599334,153,37,3.3453630554960543,13.899735975757743,0.0,0.007641595559434022,affine_dtft,44.181001729352744,1,identified,2,35.947321604351025,83.85105374841392,36.36330620049583,0.17278916478430426,83.88449643371449,2,24.975245949820792,True,2.007070390739456,2.5174038842693123,1.5642559869610624
19,550.0,433506.9468861755,4003234.862735742,-75.7393643604876,36.17159970463651,ok,37.0556162643266,IW3,0,14466.740602808311,730.4481461038245,153,37,3.3453569758912174,13.89973452650562,0.0,0.007641615390464478,affine_dtft,44.18361804218004,1,identified,1,36.30061340682672,83.85028134295976,37.28638628560353,0.16851151138788575,84.42780219603613,3,41.2613635610955,True,1.021687267889016,1.3830644155843328,0.7194536505392963
19,600.0,433554.5651915678,4003250.110587773,-75.7388362024584,36.171740431480686,ok,44.014702897412896,IW3,0,14481.516672944826,730.9963423105459,153,37,3.345350895855508,13.899733077094947,0.0,0.007641614423187661,affine_dtft,44.186234361853636,1,identified,1,36.48459799411321,83.54898583742116,37.28638628560353,0.16851151138788575,84.42780219603613,3,44.013321881250526,True,1.4474748613292556,1.8779350514557354,1.0796904640217944
19,650.0,433602.18349696015,4003265.358439804,-75.73830804250372,36.1718811560134,ok,49.56928890633803,IW3,0,14496.292781428168,731.5445182797322,153,37,3.345344816625906,13.899731630586315,0.0,0.007641634550891281,affine_dtft,44.18885068837367,1,identified,2,36.4342987047376,83.02000836506606,37.28638628560353,0.16851151138788575,84.42780219603613,3,33.689487034006774,True,1.842985926358422,2.3308358701171064,1.4212107072644184
19,700.0,433649.80180235254,4003280.606291835,-75.73777988062365,36.17202187823458,ok,54.33902864251765,IW3,0,14511.068928253742,732.0926740110411,153,37,3.345338737225905,13.899730181637176,0.0,0.00764165390043099,affine_dtft,44.191467021739314,1,identified,5,36.385695898158374,82.24536753299769,71.85104942975808,0.08744737003907031,79.21570213243726,3,5.341272841292995,True,2.2229989984153553,2.7619941945300517,1.7534549256152805
19,750.0,433697.42010774487,4003295.8541438663,-75.73725171681821,36.17216259814424,ok,58.74793502035919,IW3,0,14525.845113422858,732.6408095043703,153,37,3.345332657294452,13.899728735213916,0.0,0.007641653645444065,affine_dtft,44.1940833619508,1,identified,3,53.115395070952374,77.96865125245856,64.13623624512147,0.09796623055905496,81.19320730556454,9,10.618021892112226,True,2.6082273008815795,3.1962426665970574,2.0932002416815925
19,800.0,433745.0384131372,4003311.101995897,-75.73672355108742,36.1723033157423,ok,64.06573076781946,IW3,0,14540.62133693326,733.1889247592767,153,37,3.345326579783365,13.899727289752954,0.0,0.007641673953371972,affine_dtft,44.19669970900776,1,identified,1,56.30229224726886,78.93479622794642,61.13508496650165,0.10277544082293161,84.2894068625002,6,17.493189290797982,True,3.11739025465512,3.76705789628209,2.545569512690551
19,850.0,433792.6567185295,4003326.349847928,-75.73619538343135,36.17244403102875,ok,62.119401102334784,IW3,0,14555.39759878349,733.7370197758354,153,37,3.345320501507264,13.899725845704882,0.0,0.007641673260592153,affine_dtft,44.1993160629099,1,identified,2,56.895040036861644,79.6377182982372,59.330918174811245,0.10590069226076958,83.34557495399325,7,11.607888796496592,True,2.925305297955585,3.5520657231070776,2.374533801887575
19,900.0,433840.2750239219,4003341.5976999593,-75.73566721385002,36.17258474400355,ok,61.118179660630815,IW3,0,14570.173898972955,734.2850945535262,153,37,3.3453144244288793,13.899724400053827,0.0,0.007641694085388967,affine_dtft,44.20193242365715,1,identified,2,142.42259375931434,144.79283697677155,63.875365022904795,0.09836633113449177,93.57633437499713,2,8.783222216460247,True,2.8290824251742226,3.444216072449843,2.2890184530197835
19,950.0,433887.89332931425,4003356.8455519904,-75.73513904234349,36.172725454666654,ok,,IW3,0,14584.950237499543,734.8331490921781,153,37,3.345308345711492,13.899722958390209,0.0,0.0076416922637969,affine_dtft,44.2045487912491,1,ambiguous_multiple_blobs,2,136.48484441550565,143.18584562302723,131.1097650512854,0.04792309180572349,140.19442890773428,2,9.058322612384965,False,,,
19,1000.0,433935.5116347066,4003372.0934040216,-75.7346108689118,36.17286616301804,ok,59.574816630641635,IW3,0,14599.72661436211,735.3811833917124,153,37,3.3453022680921203,13.899721515499683,0.0,0.007641712968346597,affine_dtft,44.20716516568557,1,identified,2,135.59356920357155,142.62192709492652,60.13135047830558,0.10449100605925121,93.3664606634296,2,8.141766429869467,True,2.6841718616140473,3.2815841874119944,2.1604590994820847
19,1050.0,433983.1299400989,4003387.3412560527,-75.73408269355497,36.173006869057666,ok,72.11694063297392,IW3,0,14614.50302956022,735.9291974516792,153,37,3.345296190957315,13.899720074565638,0.0,0.0076417113921660555,affine_dtft,44.20978154696648,1,identified,1,54.95563650133488,93.69351974419722,54.71773439071453,0.11482904723931384,94.08561677997471,3,14.327388604604382,True,3.9841790417363474,4.733314668078114,3.3216671708407017
19,1100.0,434030.7482454913,4003402.589108084,-75.73355451627303,36.17314757278548,ok,,IW3,0,14629.279483092309,736.4771912718047,153,37,3.3452901159247608,13.899718630280802,0.0,0.007641732031609984,affine_dtft,44.21239793509156,1,ambiguous_multiple_blobs,2,54.49075877179588,93.79349029977396,87.95110415061004,0.07143952731304062,103.24051991518685,3,10.62027402234482,False,,,
19,1150.0,434078.3665508836,4003417.8369601145,-75.73302633706608,36.173288274201475,ok,95.59580920547545,IW3,0,14644.055974955956,737.0251648521147,153,37,3.3452840391076855,13.899717192025268,0.0,0.007641750858723384,affine_dtft,44.215014330060356,1,identified,2,96.12543801282193,100.33744099626347,101.50173702990166,0.061902244149069155,97.59464336859114,3,12.77988287524913,True,7.232027299372927,8.32978180530648,6.260287097260201
19,1200.0,434125.98485627596,4003433.0848121457,-75.7324981559341,36.1734289733056,ok,110.1868462829575,IW3,0,14658.832505151528,737.5731181921515,153,37,3.3452779608395016,13.899715754438185,0.0,0.007641750963854411,affine_dtft,44.21763073187296,1,identified,1,104.563593596095,99.20252207889605,113.08188270064278,0.05556314731523188,96.34019174590951,4,12.762179092608717,True,9.86944049922745,11.250705714622024,8.655422496922096
19,1250.0,434173.6031616683,4003448.332664177,-75.73196997287715,36.173569670097805,ok,113.55179067023587,IW3,0,14673.60907367704,738.1210512916376,153,37,3.345271883144417,13.899714313775853,0.0,0.007641771024950114,affine_dtft,44.220247140529025,1,identified,1,111.2215481868704,98.26247286228013,113.08188270064278,0.05556314731523188,96.34019174590951,4,13.721920992150261,True,10.555495105624562,12.012771365683207,9.277838509840636
19,1300.0,434221.2214670607,4003463.580516208,-75.73144178789529,36.17371036457807,ok,121.38288676094699,IW3,0,14688.385680530437,738.6689641504292,153,37,3.3452658095021572,13.899712876559168,0.0,0.007641769566091327,affine_dtft,44.222863556028166,1,identified,1,118.53897607870726,97.80928912008093,113.08188270064278,0.05556314731523188,96.34019174590951,4,16.890093551090025,True,12.278105983602517,13.932395761053673,10.837989905485868
19,1350.0,434268.839772453,4003478.828368239,-75.73091360098854,36.17385105674637,ok,123.45813777602305,IW3,0,14703.162325711624,739.2168567684655,153,37,3.345259732588467,13.899711438631625,0.0,0.007641789542041429,affine_dtft,44.22547997837037,1,identified,1,128.5895944655531,100.04241960331711,127.01156821934933,0.04946939397148855,97.12501634890134,4,14.819759071090907,True,12.766058828578814,14.478021997433004,11.279047887353054
19,1400.0,434316.45807784534,4003494.0762202702,-75.73038541215695,36.17399174660265,ok,111.06411312828102,IW3,0,14717.939009218688,739.7647291452124,153,37,3.345253657152059,13.899710001969675,0.0,0.007641789443044551,affine_dtft,44.22809640755531,1,identified,2,142.60994993418802,106.79800560583028,140.65721748345732,0.04467019481541039,105.94539590092232,2,7.331210859583516,True,10.045308693246556,11.445943872276787,8.815021965704313
19,1450.0,434364.07638323767,4003509.324072301,-75.72985722140055,36.17413243414686,ok,,IW3,0,14732.715731050706,740.3125812803988,153,37,3.3452475817212437,13.899708567915816,0.0,0.007641810489794461,affine_dtft,44.23071284358282,1,ambiguous_multiple_blobs,8,146.8517245307572,108.67709892318184,85.03857137022963,0.07388629895750116,94.76364169072589,2,6.456910379841934,False,,,
19,1500.0,434411.69468863006,4003524.571924332,-75.72932902871938,36.17427311937901,ok,81.74687825260705,IW3,0,14747.49249120643,740.8604131740208,153,37,3.3452415070088017,13.89970713270979,0.0,0.007641810182101221,affine_dtft,44.23332928645267,1,identified,6,44.96926302136613,80.77816315218378,63.50578410967466,0.09893878794297711,97.12501634890158,3,14.011918000243385,True,5.180570173545673,6.060486774570807,4.400520090276237
19,1550.0,434459.3129940224,4003539.819776363,-75.7288008341135,36.17441380229902,ok,62.24626059754438,IW3,0,14762.269289683803,741.4082248257629,153,37,3.345235433509278,13.899705698916819,0.0,0.09611489552458834,affine_dtft,44.235945736164524,1,identified,3,61.34433171609953,98.840972351465,63.50578410967466,0.09893878794297711,97.12501634890158,3,17.28932410759417,True,2.9376222711438467,3.5658633615088817,2.3854883287844677
19,1600.0,434506.9312994147,4003555.0676283943,-75.72827263758293,36.174554482906885,ok,76.01896148829258,IW3,0,14777.046126482606,741.9560162353986,153,37,3.3452293580644206,13.899704264900523,0.0,0.35156432290705675,affine_dtft,44.238562192718305,1,identified,3,61.980129988481146,102.40996243020483,59.31872730762154,0.10592245640395413,100.00797980144115,4,16.529947379992322,True,4.447399038930464,5.247814841085388,3.738573000656138
19,1650.0,434554.54960480705,4003570.3154804255,-75.72774443912772,36.17469516120254,ok,92.21674974310172,IW3,0,14791.823001601031,742.5037874025455,153,37,3.345223283805622,13.899702834430357,0.0,0.4865273586078634,affine_dtft,44.24117865611372,1,identified,3,111.95781568868875,38.085335366843964,62.65474686320665,0.10028267005686878,101.76828893202045,3,14.776951875774447,True,6.693337849624789,7.734089169515454,5.771279416229392
19,1700.0,434602.16791019944,4003585.5633324566,-75.72721623874791,36.174835837185974,ok,108.47868667856775,IW3,0,14806.59991503783,743.0515383270803,153,37,3.345217211108482,13.899701400591079,0.0,0.5391049671425227,affine_dtft,44.243795126350534,1,identified,2,124.86583157960114,39.6222457421972,131.1097650512854,0.04792309180572349,39.80557109226522,4,6.281156827147547,True,9.532923962044329,10.877330217800049,8.349961993874878
19,1750.0,434649.78621559177,4003600.8111844873,-75.72668803644353,36.17497651085713,ok,125.57803497444442,IW3,0,14821.376866791976,743.5992690086399,153,37,3.345211136627014,13.899699971567742,0.0,0.5175593500054407,affine_dtft,44.246411603428584,1,identified,2,154.60649466918446,45.02681704015847,144.49472538372035,0.043483838531087914,41.18592516570962,3,8.196172103194593,True,13.278962607275806,15.052550392188879,11.742168985680502
19,1800.0,434697.4045209841,4003616.0590365184,-75.72615983221465,36.175117182215985,ok,138.44939924567296,IW3,0,14836.184789784227,744.1469606470442,154,37,3.320478021460095,13.899698539378093,0.0,0.48972816884027515,affine_dtft,44.249024498093576,1,identified,2,157.2619181590781,45.775803871745865,144.8154687870049,0.0433875286929528,45.0,4,6.256265167865812,True,16.738593049955604,18.959548286288246,14.85011651180659
19,1850.0,434745.02282637643,4003631.3068885496,-75.72563162606129,36.1752578512625,ok,137.6297598792857,IW3,0,14851.071859675663,744.6945839621895,154,37,3.320471992321668,13.899697112464214,0.0,0.5447198432259353,affine_dtft,44.251628220356366,1,identified,2,153.6098392186433,49.357435766087185,144.8154687870049,0.0433875286929528,45.0,4,3.4881791961182462,True,16.499049646673,18.687019608117048,14.635936482854916
19,1900.0,434792.6411317688,4003646.5547405807,-75.72510341798346,36.17539851799665,ok,134.1331284464115,IW3,0,14865.958968166286,745.2421870335548,154,37,3.3204659643377763,13.899695682750558,0.0,0.5391485361565361,affine_dtft,44.25423194942667,1,identified,3,101.01909493450334,101.28185963204875,127.01156821934926,0.04946939397148858,60.255118703057654,2,5.48149845928714,True,15.508101073134252,17.563014472361235,13.748200365696222
19,1950.0,434840.25943716115,4003661.802592612,-75.72457520798126,36.17553918241838,ok,128.9775511037447,IW3,0,14880.846115253942,745.789769860928,154,37,3.3204599371598644,13.89969425685148,0.0,0.45282913295479,affine_dtft,44.2568356853041,1,identified,2,104.67123692546222,100.48252510568574,127.01156821934926,0.04946939397148858,60.255118703057654,2,7.632239383772317,True,14.13322979427223,16.01190859840264,12.51230306791659
19,2000.0,434887.8777425535,4003677.050444643,-75.72404699605471,36.175679844527664,ok,125.18126194468864,IW3,0,14895.733300937416,746.3373324440604,154,37,3.32045390818123,13.899692827767737,0.0,0.26557564864387323,affine_dtft,44.25943942798844,1,identified,2,125.29845719687725,60.1381365105377,127.01156821934926,0.04946939397148858,60.255118703057654,2,9.724287196654595,True,13.181830831510789,14.943666632146456,11.654505177549819
19,2050.0,434935.4960479458,4003692.298296674,-75.72351878220383,36.17582050432444,ok,123.91485976531958,IW3,0,14910.620525215929,746.8848747824869,154,37,3.3204478823657264,13.899691401310594,0.0,0.0077334187259312775,affine_dtft,44.26204317747957,1,identified,2,124.23221803235951,57.22406129412866,119.03758207367079,0.0527832067631465,54.462322208025576,4,6.045952892702849,True,12.875310617042803,14.600312029590386,11.377739019974111
19,2100.0,434983.1143533382,4003707.546148705,-75.72299056642866,36.17596116180871,ok,123.14068265181216,IW3,0,14925.507788088062,747.4323968762154,154,37,3.3204418546195353,13.89968997811499,0.0,0.007733438821614493,affine_dtft,44.264646933777215,1,identified,1,125.66577049944388,56.3793478159255,125.8340229917246,0.049932324802114895,55.00797980144126,3,11.174251924101442,True,12.690520405487373,14.393495987272692,11.210797938163624
19,2150.0,435030.7326587305,4003722.794000736,-75.72246234872927,36.17610181698043,ok,111.0220943114675,IW3,0,14940.395089552178,747.9798987251053,154,37,3.3204358292505236,13.899688552654318,0.0,0.007733438236247414,affine_dtft,44.26725069688112,1,identified,3,127.73825127395554,46.68561378942392,120.67955732250398,0.05206503443154341,45.0,5,6.463104338608312,True,10.036837479201008,11.43653789399489,8.807335040271976
19,2200.0,435078.35096412286,4003738.041852767,-75.72193412910569,36.17624246983955,ok,,IW3,0,14955.282429607165,748.5273803286965,154,37,3.320429802226361,13.899687127070772,0.0,0.007733459253175362,affine_dtft,44.269854466791074,1,ambiguous_multiple_blobs,7,81.39579500645041,6.533821632848312,120.67955732250398,0.05206503443154341,45.0,3,10.40369765506846,False,,,
19,2250.0,435125.9692695152,4003753.2897047983,-75.72140590755795,36.176383120386056,ok,62.02068330839456,IW3,0,14970.169808251896,749.0748416869221,154,37,3.3204237754834636,13.899685707222883,0.0,0.007733478727105817,affine_dtft,44.27245824350689,1,identified,6,25.932148146726064,75.27024130955756,78.53721485797067,0.08000264993534988,4.398705354995734,4,5.227476118821049,True,2.915740140597423,3.5413495374928625,2.366027952279626
19,2300.0,435173.5875749076,4003768.5375568294,-75.72087768408609,36.17652376861988,ok,42.46772530369142,IW3,0,14985.05722548525,749.6222827993353,154,37,3.320417751117741,13.899684283905804,0.0,0.0077334791680612695,affine_dtft,44.275062027028355,1,identified,9,26.129795789626517,75.68077021406431,22.644008042846515,0.2774767300599203,71.96571443287012,2,18.765910556407263,True,1.3461812448757127,1.7610314830911513,0.9931547293651246
19,2350.0,435221.2058802999,4003783.7854088605,-75.72034945869017,36.176664414540994,ok,48.76775014941884,IW3,0,14999.944681305378,750.1697036657536,154,37,3.3204117228854235,13.89968286248943,0.0,0.0077334983430031095,affine_dtft,44.27766581735517,1,identified,3,112.10245474557256,63.30591008229318,26.221953010257064,0.23961545902861756,76.67546873810917,2,16.43225530369826,True,1.7828141358546663,2.2622455209136643,1.3689328924495021
19,2400.0,435268.82418569224,4003799.033260891,-75.7198212313702,36.176805058149384,ok,,IW3,0,15014.832175711164,750.7171042860774,154,37,3.320405700043144,13.899681441666928,0.0,0.007733500587192252,affine_dtft,44.28026961448712,1,ambiguous_multiple_blobs,7,50.6591180643129,83.3402700887056,117.21434790288117,0.05360423377849243,74.0546040990769,5,7.783317838276824,False,,,
19,2450.0,435316.44249108457,4003814.2811129224,-75.71929300212625,36.17694569944499,ok,59.15653020802232,IW3,0,15029.71970870188,751.2644846598428,154,37,3.320399673771453,13.899680021071987,0.0,0.007733519971766524,affine_dtft,44.28287341842409,1,identified,3,70.42883416690704,83.14454242264956,67.66782468660111,0.09285336622360374,82.40535663140838,2,10.623968698238633,True,2.6456073842768766,3.2382578006002114,2.1262947764231668
19,2500.0,435364.06079647696,4003829.5289649535,-75.71876477095834,36.177086338427785,ok,70.04549849308098,IW3,0,15044.607280275226,751.8118447869242,154,37,3.320393650283357,13.8996786021749,0.0,0.0077335190101746176,affine_dtft,44.28547722916567,1,identified,1,73.59760472443317,81.61534099611885,72.40773439350238,0.08677505738590569,81.86989764584384,1,13.769207134584326,True,3.749868757038931,4.47263812763419,3.1112856394572175
19,2550.0,435411.6791018693,4003844.7768169846,-75.71823653786653,36.177226975097746,ok,107.23639879446542,IW3,0,15059.494890430757,752.3591846672466,154,37,3.3203876246460227,13.899677183689846,0.0,0.007733540248863626,affine_dtft,44.28808104671179,1,identified,1,74.02416338335706,80.12899894238421,70.3286087417287,0.08934038963082072,74.054604099077,3,16.358083692323476,True,9.29302424083597,10.611307894337715,8.132150848767834
19,2600.0,435459.2974072616,4003860.024669016,-75.71770830285085,36.177367609454826,ok,117.12854232143151,IW3,0,15074.382539166802,752.9065043004077,154,37,3.3203816014586782,13.899675766258449,0.0,0.007733539254301051,affine_dtft,44.290684871062155,1,identified,6,67.28985328181824,70.30716714448303,69.77782615049175,0.09004558688355335,72.55281157671766,5,10.202555820998612,True,11.319702604131665,12.863201178130156,9.970509803872535
19,2650.0,435506.91571265395,4003875.272521047,-75.71718006591134,36.17750824149898,ok,132.03547829740788,IW3,0,15089.270226482371,753.4538036861134,154,37,3.3203755773447723,13.899674349045466,0.0,0.00773355968420392,affine_dtft,44.29328870221659,1,identified,7,303.38250869341755,179.18030917999386,256.0000000000032,0.024543692606169953,179.99999999999923,3,4.5122389937067675,True,14.936731167784593,16.917281001224897,13.235152530549378
19,2700.0,435554.53401804634,4003890.5203730776,-75.71665182704804,36.177648871230176,ok,,IW3,0,15104.157952376094,754.0010828241104,154,37,3.3203695538031397,13.899672932988933,0.0,0.0077335811029274225,affine_dtft,44.29589254017487,1,ambiguous_multiple_blobs,4,280.15838242462354,7.620629121200039,248.35648003720473,0.025299059264482816,14.036243467926967,2,3.468183540558257,False,,,
19,2750.0,435602.15232343867,4003905.7682251087,-75.71612358626099,36.17778949864838,ok,,IW3,0,15119.04571684637,754.5483417142636,154,37,3.320363530703435,13.899671518630294,0.0,0.0077335813636021985,affine_dtft,44.29849638493669,1,ambiguous_multiple_blobs,6,253.4717528910798,11.334290520250363,248.35648003720473,0.025299059264482816,14.036243467926967,2,6.119703081853994,False,,,
19,2800.0,435649.770628831,4003921.01607714,-75.71559534355023,36.177930123753576,ok,,IW3,0,15133.933519892304,755.0955803564513,154,37,3.3203575063702555,13.899670106420098,0.0,0.007733600312946066,affine_dtft,44.30110023650191,1,identified,5,33.44640213047454,82.3973426543184,144.8154687870047,0.04338752869295286,98.13010235415544,4,5.0485050331369345,True,,,
19,2850.0,435697.3889342234,4003936.263929171,-75.71506709891581,36.178070746545686,ok,,IW3,0,15148.821361512295,755.6427987500435,154,37,3.3203514831914624,13.899668690308832,0.0,0.0077335996339098845,affine_dtft,44.303704094870255,1,identified,4,33.94494951550454,82.42120436506578,144.8154687870047,0.04338752869295286,98.13010235415544,4,7.1669443491958615,True,,,
19,2900.0,435745.0072396157,4003951.511781202,-75.71453885235776,36.1782113670247,ok,,IW3,0,15163.709241705199,756.1899968950837,154,37,3.3203454607461733,13.899667279023092,0.0,0.0077336205554625476,affine_dtft,44.306307960041515,1,ambiguous_multiple_blobs,4,34.58435204270999,82.193496281907,53.27555698300375,0.11793748696393884,77.98852161363443,5,8.033702880896714,False,,,
19,2950.0,435792.62554500805,4003966.7596332333,-75.71401060387613,36.17835198519058,ok,,IW3,0,15178.59716046969,756.7371747913426,154,37,3.320339438232576,13.89966586511279,0.0,0.00773361967657132,affine_dtft,44.30891183201546,1,ambiguous_multiple_blobs,5,34.9953680479109,81.60605723697849,168.3445630006857,0.03732336343499251,99.46232220802499,2,9.82855791271094,False,,,
19,3000.0,435840.2438504004,4003982.007485264,-75.71348235347095,36.17849260104328,ok,,IW3,0,15193.48511780454,757.2843324383367,154,37,3.3203334152719175,13.899664456663071,0.0,0.007733642231858614,affine_dtft,44.31151571079189,1,ambiguous_multiple_blobs,7,35.201520887577004,81.71937547041395,168.3445630006857,0.03732336343499251,99.46232220802499,2,8.851922829116061,False,,,
20,250.0,433292.2213464012,4002925.26139163,-75.74172550274395,36.16879390258705,touches_land_or_unmapped,,,,,,,,,,,,,,,,,,,,,,,,,,,
20,300.0,433339.6983361837,4002940.943720577,-75.74119897591835,36.168938546698904,touches_land_or_unmapped,,,,,,,,,,,,,,,,,,,,,,,,,,,
20,350.0,433387.1753259661,4002956.6260495237,-75.74067244712131,36.16908318851414,touches_land_or_unmapped,,,,,,,,,,,,,,,,,,,,,,,,,,,
20,400.0,433434.6523157485,4002972.3083784706,-75.74014591635286,36.16922782803275,touches_land_or_unmapped,,,,,,,,,,,,,,,,,,,,,,,,,,,
20,450.0,433482.1293055309,4002987.9907074175,-75.73961938361303,36.16937246525468,ok,,IW3,0,14447.739247131856,713.1843388732611,153,37,3.3454492017942448,13.899740859384984,0.0,0.007641266871791868,affine_dtft,44.18029681708751,1,ambiguous_multiple_blobs,4,91.63625074172488,79.29668378412107,91.58934435839126,0.06860170635781969,79.69515353123374,2,11.654726754959356,False,,,
20,500.0,433529.6062953134,4003003.6730363644,-75.73909284890188,36.16951710017989,ok,102.07881542756114,IW3,0,14462.493756773129,713.7650218522183,153,37,3.3454429589883237,13.899739401103004,0.0,0.00764126377989731,affine_dtft,44.182909232231765,1,identified,1,106.74438754344776,61.74081257116953,98.94245781516751,0.06350342861824883,75.06858282186226,3,10.842305782427825,True,8.33919888548455,9.554704008260865,7.265873703023858
20,550.0,433577.0832850958,4003019.3553653113,-75.7385663122194,36.16966173280835,ok,102.55197339809148,IW3,0,14477.248306055784,714.3456846610459,153,37,3.3454367188665195,13.89973794652916,0.0,0.0076412845278277354,affine_dtft,44.185521654451605,1,identified,1,109.14932806343118,65.38583626137772,103.32254115783341,0.06081137026606343,70.34617594194648,3,19.103171804641374,True,8.423937256350493,9.648512317041435,7.342844618803378
20,600.0,433624.5602748782,4003035.037694258,-75.73803977356569,36.169806363140026,ok,102.70608695003986,IW3,0,14492.002894978958,714.9263272993181,153,37,3.345430479098598,13.899736491083946,0.0,0.0076412836152115506,affine_dtft,44.1881340837469,1,identified,1,107.71016072386553,67.38524570427155,103.97144730968249,0.06043183460229139,66.03751102542165,2,21.70323727434877,True,8.4516561536772,9.679200370080242,7.368022504994682
20,650.0,433672.0372646607,4003050.720023205,-75.73751323294076,36.16995099117488,ok,102.78611378998274,IW3,0,14506.757523540731,715.5069497668968,153,37,3.3454242396423517,13.899735037985927,0.0,0.007641304439135447,affine_dtft,44.190746520117315,1,identified,1,106.01416023727037,67.4711197366422,103.97144730968249,0.06043183460229139,66.03751102542165,2,21.94336503078621,True,8.466072835594138,9.695161771391863,7.381117555133356
20,700.0,433719.5142544431,4003066.402352152,-75.73698669034464,36.17009561691285,ok,102.86841941169754,IW3,0,14521.512191740238,716.0875520633681,153,37,3.3454180005247296,13.899733583538346,0.0,0.007641324746579853,affine_dtft,44.19335896356267,1,identified,2,106.33120331905258,67.39731991993791,103.32254115783341,0.06081137026606343,70.34617594194648,3,16.698937926843467,True,8.48091648197262,9.711596212140847,7.394600394178048
20,750.0,433766.99124422553,4003082.0846810993,-75.73646014577739,36.17024024035394,ok,102.59266243720131,IW3,0,14536.266899576312,716.6681341886804,153,37,3.345411761339647,13.899732131613016,0.0,0.007641324109341354,affine_dtft,44.19597141408279,1,identified,2,107.76927181821625,67.69926406191391,99.34259201488187,0.06324764816120705,75.96375653207332,4,8.102672816406423,True,8.43124992593418,9.656608184819317,7.3494869410842885
20,800.0,433814.46823400795,4003097.767010046,-75.73593359923903,36.17038486149809,ok,100.1887330962044,IW3,0,14551.02164704815,717.2486961424569,153,37,3.345405522814848,13.89973068139089,0.0,0.007641342356392811,affine_dtft,44.19858387167752,1,identified,4,102.35613608357086,78.83262272216278,103.73406926640747,0.06057012273415451,78.31063082456056,6,8.208336462616733,True,8.006127679790602,9.186076521954426,6.963331217774529
20,850.0,433861.9452237904,4003113.449338993,-75.7354070507296,36.170529480345266,ok,,IW3,0,14565.776434153891,717.8292379244855,153,37,3.3453992843834275,13.899729230113211,0.0,0.007641342714433836,affine_dtft,44.20119633634653,1,ambiguous_multiple_blobs,3,51.37699699187857,86.01918062521425,101.89180827750278,0.06166526449375895,84.28940686250012,2,10.945893362691427,False,,,
20,900.0,433909.42221357283,4003129.13166794,-75.73488050024918,36.170674096895425,ok,91.31581074493026,IW3,0,14580.531260891938,718.4097595345097,153,37,3.3453930462906363,13.899727779978447,0.0,0.007641362439501323,affine_dtft,44.20380880808954,1,identified,3,100.01714772995335,86.15659541340219,94.35572994569483,0.0665903947836108,79.38034472384464,3,8.28398221431817,True,6.553992595395631,7.580002167201705,5.644836987887866
20,950.0,433956.89920335525,4003144.813996887,-75.73435394779774,36.17081871114854,ok,129.14552204963002,IW3,0,14595.286127262036,718.9902609723073,153,37,3.345386809441058,13.8997263314372,0.0,0.007641362835131935,affine_dtft,44.206421286906505,1,identified,5,75.55450046813567,71.08695720652005,75.85763302268842,0.08282864962712895,69.7751405688318,3,12.042357775140964,True,14.17648604986543,16.060572030171063,12.551256232517863
20,1000.0,434004.37619313766,4003160.4963258337,-75.73382739337538,36.17096332310457,ok,,IW3,0,14610.041033262456,719.5707422375659,153,37,3.3453805707185,13.89972488258497,0.0,0.007641383098990502,affine_dtft,44.20903377279711,1,ambiguous_multiple_blobs,3,75.97955966137533,69.6805830711322,217.22320318050677,0.02892501912863528,45.0,3,5.488603871817766,False,,,
20,1050.0,434051.85318292014,4003176.1786547806,-75.73330083698211,36.17110793276349,ok,,IW3,0,14624.795978891634,720.1512033301323,153,37,3.345374334212818,13.899723434590975,0.0,0.0076414016971354925,affine_dtft,44.211646265761104,1,identified,4,236.29757569148504,44.66199159937344,217.22320318050677,0.02892501912863528,45.0,3,3.5323488666800773,True,,,
20,1100.0,434099.33017270255,4003191.8609837275,-75.73277427861798,36.171252540125245,ok,,IW3,0,14639.55096414841,720.7316442496985,153,37,3.345368099444568,13.899721987931668,0.0,0.007641401258565156,affine_dtft,44.21425876579825,1,identified,5,219.30576238666677,48.37654785724619,180.7058823529412,0.03477023119207453,61.92751306414686,6,2.87605311907182,False,,,
20,1150.0,434146.80716248497,4003207.5433126744,-75.73224771828299,36.17139714518979,ok,,IW3,0,14654.305989032644,721.3120649959299,153,37,3.3453618594419483,13.899720543427998,0.0,0.007641421302224813,affine_dtft,44.21687127290855,1,identified,4,201.00703011855694,49.54785799975005,159.8001796384501,0.03931901279082021,69.44395478041626,8,2.9603841410561813,False,,,
20,1200.0,434194.28415226744,4003223.2256416213,-75.73172115597724,36.17154174795713,ok,136.32046462399595,IW3,0,14669.061053542055,721.8924655688027,153,37,3.3453556229669283,13.899719098144356,0.0,0.007641419942967075,affine_dtft,44.21948378709158,1,identified,7,141.13266697246473,66.24004402245814,132.44332448539438,0.04744055868117751,82.56859202882718,6,4.709945598144933,True,16.122200889010692,18.2589376215346,14.298657696498175
20,1250.0,434241.76114204986,4003238.907970568,-75.73119459170073,36.17168634842718,ok,133.9932405228343,IW3,0,14683.81615767542,722.4728459678508,153,37,3.345349386336256,13.89971765316617,0.0,0.007641440351939913,affine_dtft,44.22209630834715,1,identified,3,122.75881504312274,88.63441311462807,140.2871358339046,0.04478803612199106,80.53767779197399,5,6.059938674985475,True,15.469470615874847,17.519303695526123,13.713539640415322
20,1300.0,434289.2381318323,4003254.590299515,-75.73066802545351,36.171830946599925,ok,132.5969060621373,IW3,0,14698.571301431895,723.0532061928686,153,37,3.345343149871723,13.89971620786971,0.0,0.007641461259591296,affine_dtft,44.22470883667508,1,identified,2,133.5785561794915,89.26126412736396,136.2309335526888,0.04612157564602973,86.18592516570928,4,16.624369068626308,True,15.088010619208829,17.088088992654754,13.371071303501738
20,1350.0,434336.7151216147,4003270.272628462,-75.73014145723563,36.17197554247534,ok,132.63530145632302,IW3,0,14713.326484809777,723.6335462437069,153,37,3.3453369142707667,13.899714766841747,0.0,0.007641460783244129,affine_dtft,44.227321372075096,1,identified,1,135.5339829875717,92.60903776764198,127.01156821934933,0.04946939397148855,97.12501634890134,2,18.59284501664293,True,15.09839998211916,17.09982369452028,13.380403633269859
20,1400.0,434384.19211139716,4003285.954957409,-75.7296148870471,36.172120136053366,ok,111.76384252121272,IW3,0,14728.081707808173,724.2138661201108,153,37,3.3453306800280016,13.899713325668685,0.0,0.007641481197675133,affine_dtft,44.22993391454702,1,identified,2,133.37103531014375,92.38629147491037,127.01156821934933,0.04946939397148855,97.12501634890134,2,17.077183013382445,True,10.187086275801276,11.603393005070092,8.943663029447997
20,1450.0,434431.6691011796,4003301.6372863557,-75.729088314888,36.172264727333975,ok,,IW3,0,14742.836970425566,724.794165821674,153,37,3.3453244445103314,13.899711882998805,0.0,0.007641480264680743,affine_dtft,44.23254646409059,1,ambiguous_multiple_blobs,6,24.540006477409037,70.33158834144803,127.01156821934933,0.04946939397148855,97.12501634890134,2,9.300875749190553,False,,,
20,1500.0,434479.146090962,4003317.3196153026,-75.72856174075832,36.17240931631713,ok,,IW3,0,14757.592272661535,725.3744453482509,153,37,3.3453182093466154,13.899710441178156,0.0,0.007641498955102475,affine_dtft,44.23515902070574,1,identified,2,24.32536235515914,70.93283957834312,56.801300093463404,0.1106169277259667,93.17983011986405,2,11.019057897451535,True,,,
20,1550.0,434526.62308074447,4003333.0019442495,-75.72803516465812,36.1725539030028,ok,,IW3,0,14772.347614514338,725.9547046996156,153,37,3.3453119724403244,13.899709003425292,0.0,0.280191111577321,affine_dtft,44.23777158439215,1,ambiguous_multiple_blobs,6,37.973631555070654,83.21646227168223,135.76450198781683,0.04628003060581642,45.0,3,6.874605248875264,False,,,
20,1600.0,434574.1000705269,4003348.6842731964,-75.72750858658746,36.172698487390946,ok,,IW3,0,14787.102995982226,726.5349438754951,153,37,3.3453057392531838,13.899707564920126,0.0,0.4568718325984474,affine_dtft,44.24038415514953,1,ambiguous_multiple_blobs,2,127.05554169260924,41.34441482718293,119.94144913044934,0.05238543766755678,38.6598082540902,3,6.412087866339142,False,,,
20,1650.0,434621.5770603093,4003364.3666021433,-75.72698200654636,36.172843069481516,ok,,IW3,0,14801.85841706386,727.1151628755993,153,37,3.3452995045994802,13.899706126445025,0.0,0.5305048790650213,affine_dtft,44.24299673297762,1,identified,2,123.46625147389402,41.53107082018239,119.94144913044934,0.05238543766755678,38.6598082540902,3,6.362389587609431,True,,,
20,1700.0,434669.0540500917,4003380.04893109,-75.72645542453486,36.17298764927448,ok,70.4267148916806,IW3,0,14816.613877759433,727.6953616996926,153,37,3.3452932715377197,13.899704687374307,0.0,0.5314295256850671,affine_dtft,44.24560931787647,1,identified,3,121.7327546860004,42.81381636130362,38.10347046580479,0.16489797990496186,82.87498365109809,3,14.325243827367613,True,3.79239381924302,4.51997297839428,3.149439651798976
20,1750.0,434716.5310398742,4003395.731260037,-75.725928840553,36.173132226769816,ok,,IW3,0,14831.369378066274,728.2755403475679,153,37,3.3361531866858245,13.899703251285956,0.0,0.47221402415908315,affine_dtft,44.24822190984561,1,ambiguous_multiple_blobs,12,116.32489101953855,44.03458518028983,53.894736842105196,0.11658253987930887,89.99999999999983,2,8.997612851071912,False,,,
20,1800.0,434764.0080296566,4003411.413588984,-75.72540225460081,36.17327680196748,ok,78.36887108772405,IW3,0,14846.230103358628,728.8556348904197,154,37,3.320553198400823,13.89970181403272,0.0,0.5323713083317794,affine_dtft,44.25082230386199,1,identified,7,118.40991099960675,107.64178705896205,53.23522507878767,0.11802683839282217,152.10272896905218,2,7.830882893695625,True,4.74041025161825,5.572800590723472,4.002854842607305
20,1850.0,434811.485019439,4003427.095917931,-75.72487566667836,36.17342137486743,ok,99.88756347592343,IW3,0,14861.09556466708,729.4357064021124,154,37,3.3205470123602825,13.899700379871398,0.0,0.54932052660217,affine_dtft,44.25342216000777,1,identified,4,114.37629657278457,104.52786876406478,111.06839440315186,0.05657041628217941,102.52880770915111,2,6.625006701124892,True,7.953849175666711,9.128229527056426,6.91584520998636
20,1900.0,434858.96200922143,4003442.7782468777,-75.72434907678564,36.17356594546963,ok,99.88756347592343,IW3,0,14875.961065879299,730.0157577366797,154,37,3.320540825392786,13.899698946199992,0.0,0.4922479564438865,affine_dtft,44.25602202318919,1,identified,1,115.63374709715067,102.51242713970018,111.06839440315186,0.05657041628217941,102.52880770915111,2,6.071368627390947,True,7.953849175666711,9.128229527056426,6.91584520998636
20,1950.0,434906.4389990039,4003458.4605758246,-75.72382248492274,36.17371051377405,ok,97.24542387289317,IW3,0,14890.82660699292,730.5957888937974,154,37,3.3205346379354164,13.89969751304617,0.0,0.34096802266512655,affine_dtft,44.25862189340581,1,identified,1,125.78807166794748,101.83006554045943,124.17824001860234,0.05059811852896565,104.03624346792603,1,5.6867538186336075,True,7.5044045532384365,8.63102543223323,6.5076320507085335
20,2000.0,434953.9159887863,4003474.1429047715,-75.72329589108965,36.17385507978063,ok,,IW3,0,14905.692188007555,731.1757998731836,154,37,3.3205284526209815,13.899696080842077,0.0,0.07531487989711536,affine_dtft,44.26122177065757,1,ambiguous_multiple_blobs,2,131.93076315383294,99.87715194179431,124.17824001860234,0.05059811852896565,104.03624346792603,1,4.669898331850828,False,,,
20,2050.0,435001.39297856874,4003489.8252337184,-75.72276929528645,36.17399964348937,ok,54.24947752546158,IW3,0,14920.557808920885,731.7557906747464,154,37,3.320522267747968,13.89969464821759,0.0,0.00773310789551893,affine_dtft,44.26382165494408,1,identified,12,137.77558617283412,99.56076396881085,42.66666666666662,0.14726215563702172,89.99999999999987,3,11.21399157175034,True,2.2155151776793875,2.75353277361838,1.7468811415510053
20,2100.0,435048.8699683512,4003505.5075626653,-75.72224269751317,36.1741442049002,ok,30.939890027747992,IW3,0,14935.423469732517,732.3357612981494,154,37,3.3205160818598016,13.899693216092293,0.0,0.007733127082577606,affine_dtft,44.26642154626525,1,identified,11,25.01935741934026,73.51384144256048,24.88252987272925,0.2525139260082163,74.20759647114265,5,13.804957638703495,True,0.7101155150798006,1.0129437766320624,0.46392675195301386
20,2150.0,435096.3469581336,4003521.189891612,-75.72171609776983,36.17428876401309,ok,36.96756278341502,IW3,0,14950.28917044106,732.9157117430044,154,37,3.320509896355589,13.899691786608367,0.0,0.007733126419528331,affine_dtft,44.26902144462086,1,identified,2,24.969943251073726,74.0865611716311,25.27047354384811,0.24863741853817284,74.24882633654693,4,19.874354813482583,True,1.0167888913783938,1.3773097180401614,0.715371706459821
20,2200.0,435143.82394791604,4003536.872220559,-75.72118949605647,36.17443332082803,ok,,IW3,0,14965.15491104534,733.4956420093879,154,37,3.320503709690503,13.899690356870044,0.0,0.007733146732320193,affine_dtft,44.27162135001068,1,ambiguous_multiple_blobs,7,34.4851911998573,89.56479938211191,56.46448297680439,0.11127677038609773,53.97262661489636,3,7.431524472681548,False,,,
20,2250.0,435191.30093769846,4003552.5545495064,-75.72066289237317,36.17457787534496,ok,43.57105483445334,IW3,0,14980.020691543255,734.0755520968191,154,37,3.320497527119532,13.89968892717117,0.0,0.007733168184767987,affine_dtft,44.27422126243437,1,identified,11,55.37527519318603,53.793579580396624,55.05058105041609,0.11413476819482354,53.74616226255517,4,7.352101001329451,True,1.4180339878112977,1.8440017706647527,1.0544935794772992
20,2300.0,435238.7779274809,4003568.2368784533,-75.72013628671992,36.174722427563836,ok,49.671248597988416,IW3,0,14994.886511934996,734.6554420050139,154,37,3.320491338934149,13.899687499084738,0.0,0.007733167511667352,affine_dtft,44.27682118189193,1,identified,7,55.52975109216142,52.45142307383808,55.05058105041609,0.11413476819482354,53.74616226255517,4,8.556967267867858,True,1.8507156153641104,2.3396399277227484,1.4279336126206659
20,2350.0,435286.25491726334,4003583.9192074,-75.71960967909679,36.174866977484626,ok,58.58676978182463,IW3,0,15009.752372217717,735.2353117338481,154,37,3.3204851567514697,13.899686071772928,0.0,0.007733188042804637,affine_dtft,44.2794211083829,1,identified,4,87.65930224958679,93.43063078917345,38.91258369313308,0.1614692397896052,75.69972255081433,4,15.593612258483136,True,2.5935621162596165,3.1797536994116364,2.080222027369297
20,2400.0,435333.73190704576,4003599.601536347,-75.7190830695038,36.17501152510731,ok,,IW3,0,15024.61827239172,735.8151612829932,154,37,3.32047897110826,13.899684645244953,0.0,0.00773318764501137,affine_dtft,44.282021041907306,1,ambiguous_multiple_blobs,2,87.62279809191811,93.05590013043052,90.19702571745832,0.06966067070616751,93.36646066342949,3,21.93383274110255,False,,,
20,2450.0,435381.2088968282,4003615.283865294,-75.71855645794098,36.17515607043183,ok,54.39085206515839,IW3,0,15039.48421245476,736.3949906522558,154,37,3.3204727883672938,13.899683219869685,0.0,0.007733208081992103,affine_dtft,44.28462098246477,1,identified,2,86.00563283471773,92.64785152499857,85.33333333333324,0.07363107781851086,89.99999999999974,3,45.00773338808468,True,2.2273360522822956,2.766897304035127,1.7572650984143583
20,2500.0,435428.68588661065,4003630.966194241,-75.7180298444084,36.17530061345816,ok,,IW3,0,15054.350192405996,736.9747998413219,154,37,3.320466601989274,13.899681793329812,0.0,0.007733208126116446,affine_dtft,44.28722093005514,1,ambiguous_multiple_blobs,4,78.47158410129097,92.95057028709172,85.33333333333324,0.07363107781851086,89.99999999999974,3,47.10769316144276,False,,,
20,2550.0,435476.16287639306,4003646.6485231877,-75.71750322890608,36.175445154186264,ok,53.09293138644637,IW3,0,15069.216212244293,737.5545888500063,154,37,3.320460420027715,13.899680370783043,0.0,0.0077332289893994365,affine_dtft,44.28982088467822,1,identified,4,74.5197771495313,93.11078296256457,38.92663916900888,0.1614109371194288,81.2538377374447,3,19.699194262455112,True,2.1200695029523167,2.6455229901384696,1.663141698473914
20,2600.0,435523.6398661755,4003662.3308521346,-75.71697661143408,36.17558969261609,ok,55.52860133977566,IW3,0,15084.08227196745,738.1343576780067,154,37,3.3204542370509995,13.899678947549932,0.0,0.00773324898197095,affine_dtft,44.29242084633363,1,identified,6,42.624133462293265,80.80090942544334,44.24841230712397,0.14199798319470994,78.36636600105948,3,11.73383832942268,True,2.323691903787981,2.8757396263397594,1.842008593511258
20,2650.0,435571.11685595795,4003678.0131810815,-75.7164499919924,36.175734228747636,ok,61.13235823955184,IW3,0,15098.948371575598,738.7141063251688,154,37,3.3204480525951108,13.899677524916243,0.0,0.007733248900094126,affine_dtft,44.295020815021374,1,identified,9,33.83776962562965,83.00781030782635,43.863340736319365,0.143244568281983,80.13419305691554,4,9.48344878774159,True,2.8304328586215086,3.4457304297121687,2.2902178112995992
20,2700.0,435618.59384574037,4003693.6955100284,-75.71592337058111,36.17587876258082,ok,59.13913432642878,IW3,0,15113.814511066432,739.2938347910973,154,37,3.3204418711986152,13.899676103223218,0.0,0.007733268101134848,affine_dtft,44.29762079074108,1,identified,6,33.22674766422261,82.92354382055835,95.07601314665045,0.06608591482993778,68.19859051364803,3,4.477699066320357,True,2.644010077913303,3.2364628258980273,2.1248801806755435
20,2750.0,435666.0708355228,4003709.3778389753,-75.71539674720024,36.17602329411564,ok,65.19084066723626,IW3,0,15128.680690439121,739.8735430756929,154,37,3.3204356877983074,13.899674682407706,0.0,0.007733267052860933,affine_dtft,44.30022077349257,1,identified,8,33.34558485105854,82.25773499418429,83.54738583865658,0.0752050497344516,67.61986494804033,3,5.8430028509103815,True,3.2314838603861324,3.8945837945190394,2.6473490342329526
20,2800.0,435713.5478253052,4003725.060167922,-75.71487012184984,36.17616782335204,ok,70.95433259139999,IW3,0,15143.54690969256,740.4532311785568,154,37,3.320429507663778,13.899673260996767,0.0,0.007733289302961139,affine_dtft,44.30282076327568,1,identified,4,29.03883254229786,91.70640220360544,28.960519603393525,0.21695692595388852,92.16107948822629,3,25.219187526018338,True,3.851692509783588,4.58595991560385,3.2026645786935455
20,2850.0,435761.0248150877,4003740.742496869,-75.71434349452993,36.17631235029,ok,64.92391245258737,IW3,0,15158.413168825622,741.0328990996053,154,37,3.3204233246363946,13.899671842393321,0.0,0.00773330730809212,affine_dtft,44.3054207600902,1,identified,5,28.602637323323275,91.49177447751559,74.50694401116141,0.08433019754827607,67.1663458220823,3,7.136365702770153,True,3.2042118806487023,3.8641121297535506,2.623008453319095
20,2900.0,435808.5018048701,4003756.424825816,-75.71381686524056,36.17645687492945,ok,58.7160879905643,IW3,0,15173.279467835893,741.6125468384288,154,37,3.3204171431429224,13.899670422909942,0.0,0.007733309117715474,affine_dtft,44.30802076393571,1,identified,5,28.749902007554986,91.27116847461524,72.68080035713797,0.08644903848479038,62.525568373722784,4,5.113398977545966,True,2.6053258528070034,3.1929806312259332,2.0906322994561384
20,2950.0,435855.9787946525,4003772.107154763,-75.71329023398175,36.1766013972704,ok,,IW3,0,15188.145806723891,742.1921743949412,154,37,3.32041096154996,13.899669005120804,0.0,0.007733328598291123,affine_dtft,44.3106207748123,1,ambiguous_multiple_blobs,13,28.36468025314273,90.19959054450072,171.7300206719836,0.036587576724170505,26.565051177078146,3,2.7535169181216133,False,,,
20,3000.0,435903.4557844349,4003787.7894837097,-75.71276360075358,36.17674591731277,ok,,IW3,0,15203.012185487389,742.7717817686903,154,37,3.3204047817096107,13.899667588290853,0.0,0.0077333287488212995,affine_dtft,44.31322079271958,1,ambiguous_multiple_blobs,9,94.52226930582003,89.62233460007799,190.51735232902428,0.032979595980992316,29.74488129694242,3,3.56761917858807,False,,,
21,250.0,433365.0928338802,4002707.0474724607,-75.74089678816371,36.166831734747575,touches_land_or_unmapped,,,,,,,,,,,,,,,,,,,,,,,,,,,
21,300.0,433412.4762483004,4002723.0103054764,-75.74037133696011,36.166978897420485,touches_land_or_unmapped,,,,,,,,,,,,,,,,,,,,,,,,,,,
21,350.0,433459.8596627205,4002738.973138492,-75.7398458837559,36.167126057806485,touches_land_or_unmapped,,,,,,,,,,,,,,,,,,,,,,,,,,,
21,400.0,433507.2430771407,4002754.935971508,-75.73932042855112,36.16727321590556,ok,97.72756480450381,IW3,0,14444.128516541927,696.3410953537951,153,37,3.345535853596136,13.899745717281926,0.0,0.007640916277394999,affine_dtft,44.17970112047857,1,identified,1,91.63193655385213,78.4834857274533,89.39907785850589,0.07028243979344102,77.90524292298768,5,61.31802094168484,True,7.585199708031365,8.720392898341338,6.5810097199426405
21,450.0,433554.62649156083,4002770.8988045235,-75.7387949713458,36.16742037171765,ok,101.06277220416582,IW3,0,14458.868312907189,696.9427659596482,153,37,3.3455295089428403,13.899744259055526,0.0,0.00764091451611706,affine_dtft,44.18231087418725,1,identified,1,96.04655504090726,80.18904374305026,101.89180827750278,0.06166526449375895,84.28940686250012,2,48.58447392685807,True,8.159078513538523,9.355337618702354,7.102262451972174
21,500.0,433602.009905981,4002786.861637539,-75.73826951213996,36.167567525242724,ok,104.29308734390888,IW3,0,14473.608149741418,697.5444164410941,153,37,3.3455231658083093,13.899742798685711,0.0,0.0076409345072985845,affine_dtft,44.18492063511803,1,identified,1,101.37449036921852,81.2309408852896,101.89180827750278,0.06166526449375895,84.28940686250012,2,43.8570576217627,True,8.740511166756086,9.999067677361092,7.6303888409237235
21,550.0,433649.39332040114,4002802.824470555,-75.73774405093369,36.16771467648075,ok,112.31865036430705,IW3,0,14488.348027043736,698.146046797687,153,37,3.3455168219656186,13.899741343209106,0.0,0.00764095457594474,affine_dtft,44.18753040327075,1,identified,1,109.8642780064273,81.94840249162341,111.06839440315186,0.05657041628217941,77.47119229084822,4,16.96460416855977,True,10.300455626293672,11.729331102855443,9.046513453768995
21,600.0,433696.7767348213,4002818.7873035707,-75.73721858772697,36.167861825431665,ok,116.77593671252694,IW3,0,14503.08794481273,698.7476570290861,153,37,3.345510480063884,13.899739882921681,0.0,0.007640954115569859,affine_dtft,44.190140178645166,1,identified,1,114.1885134744669,71.87695784820096,117.21434790288117,0.05360423377849243,74.0546040990769,5,16.164953564675706,True,11.242715398198559,12.777447279783994,9.900764796141122
21,650.0,433744.1601492415,4002834.7501365864,-75.7366931225199,36.168008972095464,ok,120.36760200279392,IW3,0,14517.827903046795,699.3492471352989,153,37,3.345504136085815,13.899738425237782,0.0,0.0076409740457418825,affine_dtft,44.19274996124099,1,identified,1,125.84065944204238,66.0113364796189,129.52689296049664,0.04850873176658259,71.56505117707776,4,16.975777710643182,True,12.044346144632359,13.67131941438021,10.62654503460698
21,700.0,433791.54356366163,4002850.712969602,-75.73616765531244,36.16815611647209,ok,123.55623676603341,IW3,0,14532.567901746046,699.9508171157981,153,37,3.345497794921911,13.899736969805764,0.0,0.0076409726718342135,affine_dtft,44.195359751058255,1,identified,1,123.20287014010194,62.422432117736854,124.1782400186023,0.05059811852896566,67.1663458220822,5,15.570130748715599,True,12.789467624157579,14.504220487213665,11.300195836672662
21,750.0,433838.9269780818,4002866.675802618,-75.73564218610468,36.16830325856154,ok,125.71336718545713,IW3,0,14547.307940908544,700.5523669707381,153,37,3.345491453019307,13.899735513490796,0.0,0.007640992931308252,affine_dtft,44.1979695480966,1,identified,1,122.87887018660834,62.790485721938126,119.85013472883753,0.05242535038776029,69.44395478041629,4,22.747402663160372,True,13.312213368856623,15.089833130540326,11.772174173252152
21,800.0,433886.31039250194,4002882.6386356335,-75.73511671489668,36.168450398363724,ok,123.05671098370658,IW3,0,14562.048020532218,701.1538966994239,153,37,3.3454851123749583,13.899734060524004,0.0,0.007641012907657348,affine_dtft,44.200579352355675,1,identified,1,129.73726301281062,89.12916905307132,127.01156821934933,0.04946939397148855,82.8749836510979,4,28.18116988253603,True,12.670593907990847,14.371202312488553,11.192792290466905
21,850.0,433933.6938069221,4002898.601468649,-75.73459124168842,36.16859753587863,ok,121.46978537033488,IW3,0,14576.788140617218,701.7554063017562,153,37,3.345478770570518,13.899732604944846,0.0,0.007641013906830808,affine_dtft,44.2031891638355,1,identified,1,124.45117326452689,90.07624448430266,127.99999999999986,0.04908738521234057,89.99999999999962,3,22.050872921984805,True,12.298263555777815,13.95491818130742,10.856218767818284
21,900.0,433981.0772213423,4002914.564301665,-75.73406576647997,36.16874467110624,ok,121.85311492527744,IW3,0,14591.528301161452,702.3568957776492,153,37,3.34547242847938,13.899731154275809,0.0,0.007641033307034889,affine_dtft,44.20579898253571,1,identified,1,119.65087340284249,89.3165585384878,116.24361195174386,0.054051876070298994,87.39743779749985,5,14.423446152645703,True,12.387467580272096,14.054605433653583,10.936878956120006
21,950.0,434028.4606357624,4002930.5271346807,-75.73354028927136,36.168891804046474,ok,124.26338246566925,IW3,0,14606.26850216428,702.9583651265327,153,37,3.3454660874703515,13.899729700609198,0.0,0.007641033170593848,affine_dtft,44.20840880845618,1,identified,2,119.6609957650479,92.9920999417427,116.24361195174386,0.054051876070298994,87.39743779749985,5,12.060426886826997,True,12.959139165019288,14.69417673797987,11.453448740215737
21,1000.0,434075.8440501826,4002946.4899676964,-75.73301481006263,36.16903893469933,ok,126.47596364993092,IW3,0,14621.008743624174,703.5598143484143,153,37,3.3454597464663465,13.899728247623377,0.0,0.007641053063828713,affine_dtft,44.21101864159665,1,identified,2,119.83458965010466,102.21828924605047,121.76678250355035,0.051600158746055294,92.7263109939059,5,10.669407935316206,True,13.500738500119969,15.301306258908259,11.942254114788968
21,1050.0,434123.22746460274,4002962.452800712,-75.73248932885383,36.16918606306476,ok,126.12457734917996,IW3,0,14635.749025539517,704.1612434429263,153,37,3.345453406252764,13.89972679725796,0.0,0.007641071174633087,affine_dtft,44.21362848195683,1,identified,6,121.21573985773783,102.75259659147687,139.06290592130824,0.04518232425500343,95.19442890773429,3,6.668435624128615,True,13.413625687429038,15.203571160507122,11.863673602602057
21,1100.0,434170.6108790229,4002978.415633728,-75.73196384564496,36.169333189142726,ok,124.80752532699088,IW3,0,14650.48934791071,704.7626524098542,153,37,3.3454470660595135,13.89972534924666,0.0,0.007641070477475917,affine_dtft,44.21623832953679,1,identified,4,159.1432601009119,92.16505971098172,139.06290592130824,0.04518232425500343,95.19442890773429,3,7.020206160231642,True,13.090819360794239,14.841678776159638,11.572347737601444
21,1150.0,434217.9942934431,4002994.3784667435,-75.7314383604361,36.16948031293318,ok,122.66784770691118,IW3,0,14665.229710734462,705.36404124888,153,37,3.3454407259287673,13.899723897400285,0.0,0.007641091165934441,affine_dtft,44.21884818433596,1,identified,1,110.38049331312722,103.16128376594105,114.48668044798914,0.05488136508625571,100.30484646876563,5,15.129922940696433,True,12.5786129119339,14.268314172947155,11.109668332695515
21,1200.0,434265.3777078632,4003010.341299759,-75.73091287322727,36.1696274344361,ok,116.44308201606563,IW3,0,14679.970114010459,705.9654099597789,153,37,3.34543438733216,13.899722450382075,0.0,0.007641090653991498,affine_dtft,44.22145804635427,1,identified,2,113.18610484544467,96.56687103661359,109.6583518407984,0.05729782731279321,99.86580694308397,5,25.483007833796982,True,11.170376099720288,12.696887575506473,9.835222806818393
21,1250.0,434312.7611222834,4003026.304132775,-75.7303873840185,36.16977455365145,ok,111.7603031461784,IW3,0,14694.710557737959,706.5667585424092,153,37,3.345428046904562,13.899721001836971,0.0,0.0076411116087041035,affine_dtft,44.224067915591604,1,identified,2,114.09680136424024,100.62076640383893,111.06839440315186,0.05657041628217941,102.52880770915111,4,16.116437180870935,True,10.186365761424792,11.602592717704857,8.943009325400425
21,1300.0,434360.14453670353,4003042.2669657907,-75.72986189280986,36.16992167057917,ok,100.64354928527618,IW3,0,14709.45104191462,707.1680869962987,153,37,3.3454217041401093,13.899719554534924,0.0,0.0076411319752566886,affine_dtft,44.226677792047525,1,identified,2,113.72613359010552,106.10205535844158,107.93907746708058,0.05821047811989909,108.43494882292164,4,13.219131225600329,True,8.085488281286764,9.273896367838953,7.03541731686161
21,1350.0,434407.5279511237,4003058.2297988064,-75.72933639960135,36.17006878521925,ok,83.15461469324256,IW3,0,14724.19156654081,707.7693953213662,153,37,3.345415368701185,13.899718108462718,0.0,0.007641131417066906,affine_dtft,44.22928767572212,1,identified,5,146.91655758338825,54.63305441322687,115.64901157187205,0.054329779578572476,108.43494882292154,5,7.599275963086411,True,5.370725896660288,6.271027230206509,4.572524605136866
21,1400.0,434454.91136554384,4003074.192631822,-75.72881090439303,36.17021589757164,ok,76.17616976576525,IW3,0,14738.93213161399,708.3706835173139,153,37,3.345409030051485,13.899716663358161,0.0,0.007641149265253034,affine_dtft,44.23189756661493,1,identified,4,154.42241078014655,55.02535543389183,58.90291114347799,0.10667019991379985,85.60129464500429,3,7.392097799709378,True,4.46666851999149,5.269196887430075,3.755940821961883
21,1450.0,434502.294779964,4003090.155464838,-75.72828540718493,36.170363007636304,ok,65.5885338653268,IW3,0,14753.67273713327,708.9719515839446,153,37,3.345402692031441,13.899715222050654,0.0,0.007641149213327166,affine_dtft,44.23450746472581,1,identified,5,22.024131160576445,78.7636598162038,22.21367888063037,0.28285208141089707,77.47119229084844,4,13.636764880341103,True,3.272351817828593,3.940234029735606,2.6838379298673223
21,1500.0,434549.6781943842,4003106.1182978535,-75.72775990797709,36.17051011541319,ok,,IW3,0,14768.413383097466,709.57319952074,153,37,3.3453963533763633,13.899713774921526,0.0,0.2134024110297759,affine_dtft,44.23711737005454,1,ambiguous_multiple_blobs,3,21.905014215405497,78.6171219823441,60.13135047830558,0.10449100605925121,86.63353933657004,2,13.967713115746282,False,,,
21,1550.0,434597.06160880433,4003122.081130869,-75.72723440676954,36.17065722090229,ok,,IW3,0,14783.154069505921,710.1744273278306,153,37,3.345390015715023,13.899712332695485,0.0,0.4204827996544596,affine_dtft,44.239727282600995,1,ambiguous_multiple_blobs,3,57.07627988092801,90.42396267042687,56.88888888888882,0.11044661672776629,89.99999999999983,1,13.483013716196382,False,,,
21,1600.0,434644.4450232245,4003138.043963885,-75.72670890356233,36.17080432410356,ok,,IW3,0,14797.894796356792,710.7756350048359,153,37,3.3453836780586474,13.899710890872853,0.0,0.5178205972006598,affine_dtft,44.24233720236488,1,ambiguous_multiple_blobs,7,57.03283680346918,90.39627454855665,87.80727559296442,0.07155654545422462,59.0362434679264,1,13.585869752910783,False,,,
21,1650.0,434691.82843764464,4003154.0067969006,-75.7261833983555,36.170951425016916,ok,,IW3,0,14812.635563648533,711.3768225511257,153,37,3.3453773417333554,13.899709450384602,0.0,0.5382321303498551,affine_dtft,44.24494712934589,1,identified,12,67.62209611257369,47.48301268614366,75.79988072423471,0.082891757178857,51.009005957494495,4,9.726012668648844,True,,,
21,1700.0,434739.2118520648,4003169.9696299164,-75.72565789114907,36.17109852364238,ok,,IW3,0,14827.376371380871,711.9779899669425,153,37,3.3453710035042996,13.899708006990192,0.0,0.49290882220023746,affine_dtft,44.24755706354398,1,ambiguous_multiple_blobs,6,69.64664851739496,48.4136396467578,119.85013472883753,0.05242535038776029,110.55604521958303,2,7.251880174822565,False,,,
21,1750.0,434786.595266485,4003185.932462932,-75.72513238194308,36.17124561997989,ok,71.61089301634792,IW3,0,14842.19256041659,712.5790914618509,154,37,3.3206364429752706,13.899706567789199,0.0,0.5177246493126295,affine_dtft,44.25015826289774,1,identified,6,122.06426272801134,115.49179437092401,71.00162511682925,0.08849354218077336,56.30993247402016,7,10.60777110067675,True,3.9262028924744543,4.668844527004943,3.269577307998187
21,1800.0,434833.97868090513,4003201.895295948,-75.7246068707376,36.17139271402943,ok,64.36702947100075,IW3,0,14857.043221407299,713.1801518991772,154,37,3.3206301537469596,13.899705129351108,0.0,0.5509147139193261,affine_dtft,44.25275547425991,1,identified,6,70.53198684340845,62.30896839172726,68.10341414123698,0.09225947606898438,61.3895403340347,5,8.253686881172518,True,3.147723482783576,3.800974287617601,2.572615797174341
21,1850.0,434881.3620953253,4003217.8581289635,-75.72408135753263,36.17153980579093,ok,60.8585088853698,IW3,0,14871.893923136033,713.7811922047997,154,37,3.3206238641739096,13.899703690692983,0.0,0.5154652948713564,affine_dtft,44.25535269280357,1,identified,6,71.32490113879547,62.66195556262187,71.53865208309074,0.08782923810029004,62.2414593989399,3,5.975165502548834,True,2.8044120503511887,3.4165471981379913,2.267112114778426
21,1900.0,434928.74550974544,4003233.820961979,-75.72355584232824,36.17168689526436,ok,56.02306917057316,IW3,0,14886.744665600445,714.3822123786126,154,37,3.320617572815223,13.899702253626332,0.0,0.3911876586055121,affine_dtft,44.25794991852831,1,identified,4,48.36818298843318,102.58198182124931,46.82442654284602,0.13418605994950622,100.53918372862806,4,13.351809700974918,True,2.3662492672754967,2.9237593874570478,1.8794919394043845
21,1950.0,434976.1289241656,4003249.783794995,-75.72303032512444,36.17183398244969,ok,53.72439036374902,IW3,0,14901.595448800545,714.9832124202533,154,37,3.3206112851132823,13.899700817616443,0.0,0.1579021491395929,affine_dtft,44.26054715143415,1,identified,6,47.55072187379533,103.2302190346629,46.82442654284602,0.13418605994950622,100.53918372862806,4,11.935550608849681,True,2.17190409573006,2.7042033413770707,1.7085955549679825
21,2000.0,435023.5123385858,4003265.7466280106,-75.72250480592128,36.171981067346884,ok,50.31513463134598,IW3,0,14916.446272734684,715.5841923295201,154,37,3.3206049953343393,13.899699381101978,0.0,0.007732774226860435,affine_dtft,44.26314439152078,1,identified,8,129.52034737228317,104.25546191902104,46.82442654284602,0.13418605994950622,100.53918372862806,4,12.56413842802627,True,1.8999241179170931,2.3956516065475704,1.470770250394722
21,2050.0,435070.8957530059,4003281.7094610264,-75.72197928471878,36.17212814995591,ok,51.187811653470966,IW3,0,14931.297137401576,716.1851521062483,154,37,3.3205987089514335,13.899697945359682,0.0,0.007732795212221028,affine_dtft,44.265741638787986,1,identified,6,49.911707598312226,53.12072597641652,56.6100201071163,0.1109906920239681,54.90418321297383,5,9.511869223790928,True,1.9677082454812935,2.4727077907021937,1.5298794426430684
21,2100.0,435118.2791674261,4003297.672294042,-75.72145376151703,36.17227523027671,ok,56.91824681052104,IW3,0,14946.148042799645,716.7860917500396,154,37,3.3205924208979205,13.899696512413087,0.0,0.007732794086077308,affine_dtft,44.2683388932355,1,identified,10,48.84697043853961,53.615282964359544,54.49237342107554,0.11530393911507428,56.94417718844629,8,11.104687179669458,True,2.4443486142952495,3.0118041115856027,1.9483623537156747
21,2150.0,435165.66258184623,4003313.635127058,-75.720928236316,36.17242230830926,ok,,IW3,0,14960.99898892862,717.3870112606769,154,37,3.3205861329213313,13.899695076754046,0.0,0.00773281467749514,affine_dtft,44.270936154863264,1,ambiguous_multiple_blobs,7,70.37908794374374,91.87135619280667,72.9569791876194,0.08612178542948536,94.08561677997461,2,8.335025582333047,False,,,
21,2200.0,435213.0459962664,4003329.5979600735,-75.72040270911577,36.17256938405353,ok,65.17607106289388,IW3,0,14975.849975786497,717.9879106379743,154,37,3.3205798450370216,13.89969364371553,0.0,0.00773281369780448,affine_dtft,44.27353342367093,1,identified,2,70.06114350238808,92.01293345734746,69.74616717104631,0.090086460117165,92.60256220249956,3,8.543694894515562,True,3.2299715350417126,3.8928942129276987,2.6459990712489385
21,2250.0,435260.42941068654,4003345.560793089,-75.71987717991637,36.17271645750948,ok,67.5218189633512,IW3,0,14990.70100337214,718.5887898817263,154,37,3.3205735580732365,13.899692212737602,0.0,0.007732834982660444,affine_dtft,44.27613069965831,1,identified,2,68.8533961428011,91.66524334276849,69.74616717104631,0.090086460117165,92.60256220249956,3,10.639580947354705,True,3.4750623258075835,4.166455669544282,2.865058403781293
21,2300.0,435307.8128251067,4003361.523626105,-75.71935164871785,36.17286352867705,ok,67.32376424432066,IW3,0,15005.552071684075,719.189648991419,154,37,3.3205672696876154,13.899690780426619,0.0,0.007732854749385195,affine_dtft,44.27872798282513,1,identified,2,67.38011348561137,86.79753928756469,66.71957648840737,0.09417303942676104,87.51044707800068,3,13.83948878488932,True,3.4539861447422178,4.142950452738473,2.8461994752789184
21,2350.0,435355.1962395269,4003377.4864591206,-75.71882611552022,36.17301059755622,ok,66.71816351263925,IW3,0,15020.403180722185,719.7904879670031,154,37,3.320560982731936,13.89968934906305,0.0,0.007732855044060749,affine_dtft,44.28132527317138,1,identified,1,65.35902649618427,85.67074249767144,63.875365022904795,0.09836633113449177,86.42366562500249,2,17.240926149822364,True,3.389980019677354,4.071546189514888,2.7889506748219532
21,2400.0,435402.57965394703,4003393.4492921364,-75.71830058032353,36.17315766414696,ok,83.62762585427438,IW3,0,15035.254330484056,720.391306808208,154,37,3.3205546962328936,13.899687921157923,0.0,0.007732875604402099,affine_dtft,44.28392257069664,1,identified,1,64.90964693927113,84.59015093941886,66.53154536819855,0.09443919079899937,85.03025927188949,3,17.14837537928938,True,5.435520660657719,6.342751441845502,4.631159397377008
21,2450.0,435449.9630683672,4003409.412125152,-75.71777504312782,36.17330472844923,ok,,IW3,0,15050.105520969337,720.9921055147958,154,37,3.320548410799436,13.89968649126634,0.0,0.007732874709013327,affine_dtft,44.28651987540084,1,ambiguous_multiple_blobs,2,64.5756801063965,84.06528434153226,127.99999999999986,0.04908738521234057,89.99999999999962,1,9.02419404000272,False,,,
21,2500.0,435497.34648278734,4003425.374958168,-75.71724950393313,36.17345179046298,ok,125.3921857772611,IW3,0,15064.95675217575,721.592884086389,154,37,3.3205421247149247,13.899685061871654,0.0,0.007732895648332231,affine_dtft,44.289117187283594,1,identified,3,130.0404183016775,94.71227612017124,137.38401653758683,0.04573447090521314,100.30484646876559,3,11.519256449617812,True,13.233400241333968,15.001470587274879,11.701050231276104
21,2550.0,435544.7298972075,4003441.3377911835,-75.71672396273951,36.17359885018818,ok,145.0123992469486,IW3,0,15079.80802410314,722.1936425228885,154,37,3.3205358368603606,13.899683635291218,0.0,0.007732915460487278,affine_dtft,44.29171450634487,1,identified,2,137.5605730426528,94.49566445774752,144.8154687870047,0.04338752869295286,98.13010235415544,4,6.267575731717267,True,18.76367706057522,21.277539354576298,16.653771242975377
21,2600.0,435592.1133116277,4003457.300624199,-75.71619841954697,36.173745907624806,ok,145.0123992469486,IW3,0,15094.659336749659,722.7943808240773,154,37,3.3205295511482817,13.899682207359369,0.0,0.007732915337971054,affine_dtft,44.29431183258434,1,identified,3,158.79828022468632,96.56796325842369,152.8377124162543,0.0411101763291726,95.71059313749909,3,5.344464657929893,True,18.76367706057522,21.277539354576298,16.653771242975377
21,2650.0,435639.49672604783,4003473.263457215,-75.71567287435558,36.17389296277279,ok,,IW3,0,15109.510690114179,723.395098989446,154,37,3.3205232655130774,13.899680783327376,0.0,0.0077329351840004544,affine_dtft,44.29690916600181,1,ambiguous_multiple_blobs,2,173.43178779156446,91.06277569654372,170.6666666666665,0.03681553890925543,89.99999999999949,1,6.073608811144502,False,,,
21,2700.0,435686.880140468,4003489.2262902306,-75.71514732716534,36.17404001563211,ok,,IW3,0,15124.36208419586,723.9957970188805,154,37,3.3205169816722417,13.899679354015316,0.0,0.007732935630287799,affine_dtft,44.29950650659715,1,ambiguous_multiple_blobs,2,173.44679664618215,89.90039550981783,170.6666666666665,0.03681553890925543,89.99999999999949,1,6.9381835345425475,False,,,
21,2750.0,435734.26355488814,4003505.1891232464,-75.7146217779763,36.17418706620275,ok,,IW3,0,15139.213518993456,724.5964749122384,154,37,3.3205106977933037,13.899677932559497,0.0,0.007732955586491294,affine_dtft,44.30210385437011,1,ambiguous_multiple_blobs,2,166.50672526493656,90.83178722697552,170.6666666666665,0.03681553890925543,89.99999999999949,1,6.7929592820870575,False,,,
21,2800.0,435781.6469693083,4003521.151956262,-75.71409622678853,36.17433411448464,ok,,IW3,0,15154.064994505146,725.1971326690868,154,37,3.3205044135395534,13.899676508122495,0.0,0.0077329764229474825,affine_dtft,44.304701209320406,1,identified,5,158.10733737371305,94.00180092006734,150.61719178612526,0.04171625584482839,101.30993247401973,3,9.374907930170437,True,,,
21,2850.0,435829.0303837285,4003537.114789278,-75.71357067360205,36.17448116047775,ok,,IW3,0,15168.91651072945,725.7977702891812,154,37,3.320498126683207,13.899675085812326,0.0,0.007732976046281895,affine_dtft,44.30729857144776,1,identified,6,21.174854143278868,83.01182756039485,36.4784895938097,0.1722435708589707,85.91438322002503,3,18.261338035374127,True,,,
21,2900.0,435876.4137981486,4003553.0776222935,-75.71304511841687,36.17462820418206,ok,,IW3,0,15183.768067666855,726.3983877725377,154,37,3.3204918453930983,13.899673663933122,0.0,0.0077329965249851446,affine_dtft,44.309895940752256,1,ambiguous_multiple_blobs,3,34.82790918175602,86.25733169956037,35.226670907073576,0.1783644365303311,86.05481377096234,2,30.086325649752578,False,,,
21,2950.0,435923.7972125688,4003569.040455309,-75.71251956123307,36.174775245597516,ok,,IW3,0,15198.619665313992,726.9989851185694,154,37,3.320485561385388,13.89967224320443,0.0,0.00773299556709407,affine_dtft,44.31249331723332,1,ambiguous_multiple_blobs,2,34.687474728202034,86.09461923148153,35.226670907073576,0.1783644365303311,86.05481377096234,2,28.648688652042782,False,,,
21,3000.0,435971.18062698893,4003585.003288325,-75.71199400205064,36.17492228472409,ok,,IW3,0,15213.471303671948,727.5995623271571,154,37,3.320479278807623,13.89967082094915,0.0,0.007733016935466894,affine_dtft,44.315090700891126,1,ambiguous_multiple_blobs,3,21.160909979469047,82.71047450828989,42.08614075017142,0.14929345373997008,80.53767779197428,1,12.569781195436551,False,,,
22,250.0,433439.0950934876,4002488.713906357,-75.74005553400868,36.164868559146136,touches_land_or_unmapped,,,,,,,,,,,,,,,,,,,,,,,,,,,
22,300.0,433486.4217743989,4002504.844165931,-75.73953073912882,36.16501722348594,touches_land_or_unmapped,,,,,,,,,,,,,,,,,,,,,,,,,,,
22,350.0,433533.74845531024,4002520.9744255044,-75.73900594223119,36.16516588554476,touches_land_or_unmapped,,,,,,,,,,,,,,,,,,,,,,,,,,,
22,400.0,433581.0751362216,4002537.1046850784,-75.73848114331578,36.16531454532255,ok,120.85978877307168,IW3,0,14455.615753890695,680.0319836114242,153,37,3.345616422195615,13.899749107284267,0.0,0.007640584769108952,affine_dtft,44.18177880818145,1,identified,7,20.221391525352157,71.41964713921108,108.55622988051641,0.05787954605733123,88.26429541107132,7,5.058843124015847,True,12.15726563461419,13.797409738839567,10.72869686019335
22,450.0,433628.4018171329,4002553.234944652,-75.73795634238265,36.165463202819275,ok,122.3977336346411,IW3,0,14470.346403685526,680.6461717478064,153,37,3.345610018372073,13.89974764508922,0.0,0.007640585395346192,affine_dtft,44.18438690878024,1,identified,2,124.71004311548607,79.46409459889729,127.01156821934933,0.04946939397148855,82.8749836510979,2,7.904957667339004,True,12.515006424675914,14.197184081347952,11.052177470490253
22,500.0,433675.72849804425,4002569.3652042258,-75.73743153943182,36.1656118580349,ok,110.13553062656123,IW3,0,14485.077094438147,681.2603397880558,153,37,3.3456036126597883,13.899746183766771,0.0,0.007640603384864994,affine_dtft,44.18699501668766,1,identified,4,128.8771025665838,82.78023576234851,127.01156821934933,0.04946939397148855,82.8749836510979,2,13.729435118760756,True,9.859217460700359,11.239359038447192,8.64614428571046
22,550.0,433723.0551789556,4002585.4954637997,-75.73690673446336,36.16576051096939,ok,100.19405404325548,IW3,0,14499.807826146607,681.8744877318784,153,37,3.3455972096617907,13.89974472487895,0.0,0.007640603341492516,affine_dtft,44.18960313190337,1,identified,2,125.50196337297821,81.17338942397478,127.01156821934933,0.04946939397148855,82.8749836510979,2,13.579453517093341,True,8.007053263897374,9.187100723618105,6.964171954972969
22,600.0,433770.38185986696,4002601.625723373,-75.73638192747727,36.16590916162268,ok,116.98890564442286,IW3,0,14514.538598810488,682.4886155787241,153,37,3.345590805488311,13.89974326382027,0.0,0.007640623054244821,affine_dtft,44.19221125442729,1,identified,3,63.486435554471235,73.20580325261548,61.086718594241844,0.10285681489808902,72.64597536373857,2,17.851385697385105,True,11.289170764240863,12.829190365339116,9.942851114460938
22,650.0,433817.70854077826,4002617.755982947,-75.73585711847362,36.16605780999477,ok,129.6169972592132,IW3,0,14529.269412427893,683.1027233288137,153,37,3.345584402032186,13.899741807945768,0.0,0.007640643937943052,affine_dtft,44.19481938425908,1,identified,5,203.0503366830938,101.69926655535326,58.84884696398749,0.10676819736204138,69.82934658814949,6,17.981800954488246,True,14.298440154508908,16.19781697429826,12.661055251889998
22,700.0,433865.0352216896,4002633.8862425205,-75.73533230745242,36.1662064560856,ok,137.88359621548048,IW3,0,14544.000266997533,683.7168109815304,153,37,3.345577998377933,13.899740349650862,0.0,0.00764064317610325,affine_dtft,44.19742752139851,1,identified,2,219.20741472119636,104.8007987587215,210.9858262251863,0.029780129876940214,105.94539590092216,3,10.836905102211126,True,16.57293261166706,18.771041113574224,14.702014245362935
22,750.0,433912.36190260097,4002650.0165020945,-75.73480749441373,36.16635509989513,ok,154.9233953537749,IW3,0,14558.731162519096,684.3308785366941,153,37,3.3455715962998003,13.89973889211724,0.0,0.007640664421965155,affine_dtft,44.20003566584553,1,identified,4,214.6846858390501,109.94733578378333,190.15202629330105,0.03304295741496886,111.80140948635109,2,10.01037901870763,True,22.23286575741276,25.31711861238321,19.710437595995735
22,800.0,433959.68858351227,4002666.1467616684,-75.73428267935756,36.16650374142334,ok,165.90918151653293,IW3,0,14573.462098990854,684.9449259942635,153,37,3.3455651920724256,13.899737436375933,0.0,0.007640663339570205,affine_dtft,44.202643817599835,1,identified,4,215.40701469288808,116.4282276594951,168.3445630006857,0.03732336343499251,99.46232220802499,4,8.31908324905614,True,26.811029393381897,30.822219831686482,23.66638733923445
22,850.0,434007.0152644236,4002682.277021242,-75.73375786228398,36.16665238067017,ok,130.68663298860034,IW3,0,14588.193076411844,685.5589533536004,153,37,3.345558789145342,13.899735981948771,0.0,0.007640683129330762,affine_dtft,44.20525197666126,1,identified,3,131.68928310183412,84.7340067473758,146.28571428571402,0.04295146206079803,89.99999999999956,2,9.09499091462014,True,14.578092450434287,16.512793925939057,12.912703265313146
22,900.0,434054.341945335,4002698.4072808158,-75.73323304319301,36.166801017635606,ok,115.82028466242514,IW3,0,14602.924094780046,686.1729606148209,153,37,3.3455523857705587,13.899734525367565,0.0,0.007640703255812617,affine_dtft,44.207860143029436,1,identified,5,122.0312585641375,87.47100962629426,113.77777777777767,0.05522330836388313,89.99999999999966,2,11.934780435415032,True,11.03589348981974,12.54716594077455,9.713357502204627
22,950.0,434101.66862624633,4002714.5375403897,-75.73270822208468,36.1669496523196,ok,98.31219188300496,IW3,0,14617.65515409516,686.7869477774557,153,37,3.3455459844550766,13.899733072684214,0.0,0.007640702180361026,affine_dtft,44.21046831670432,1,identified,11,116.06462830533603,89.88833055159823,34.87308358552315,0.18017292023433004,87.39743779750007,3,17.829435956767746,True,7.683895624029575,8.82956758632653,6.6706485779685565
22,1000.0,434148.99530715763,4002730.667799963,-75.73218339895905,36.16709828472212,ok,,IW3,0,14632.386254355986,687.4009148414088,153,37,3.3455395826191343,13.899731619041884,0.0,0.0076407208283699605,affine_dtft,44.2130764976857,1,ambiguous_multiple_blobs,7,23.924176539966624,81.85253329609912,58.634069433740045,0.1071592909695609,76.75948008481267,2,4.579164212107413,False,,,
22,1050.0,434196.321988069,4002746.798059537,-75.73165857381612,36.16724691484311,ok,,IW3,0,14647.117395561028,688.0148618061662,153,37,3.345533182286571,13.899730168093138,0.0,0.007640741613311727,affine_dtft,44.2156846859733,1,ambiguous_multiple_blobs,5,56.18261437669881,75.45225237832051,100.4114611907501,0.06257438376724263,168.69006752597943,1,5.286522285749593,False,,,
22,1100.0,434243.64866898034,4002762.9283191105,-75.73113374665597,36.167395542682534,ok,,IW3,0,14661.848577708924,688.6287886715146,153,37,3.3455267796591888,13.899728717832991,0.0,0.007640741161462107,affine_dtft,44.218292881566896,1,identified,2,55.8511307731851,75.72695221792374,55.534197201575914,0.11314083256435885,77.47119229084836,1,13.420070944071817,True,,,
22,1150.0,434290.97534989164,4002779.0585786845,-75.73060891747862,36.16754416824038,ok,,IW3,0,14676.579800798547,689.2426954374779,153,37,3.3455203807926734,13.899727266154065,0.0,0.007640762361752435,affine_dtft,44.22090108446628,1,ambiguous_multiple_blobs,6,50.549822547890045,125.88214610489723,142.0032502336585,0.04424677109038668,146.3099324740196,1,8.497889653700746,False,,,
22,1200.0,434338.302030803,4002795.1888382584,-75.73008408628408,36.16769279151659,ok,85.59634850366558,IW3,0,14691.311064829535,689.8565821035702,153,37,3.3455139774619425,13.899725815513966,0.0,0.0076407601752350165,affine_dtft,44.22350929467139,1,identified,5,61.44945592898328,89.04434719922025,134.7161117655596,0.046640191917904604,142.12501634890126,3,7.363493966528091,True,5.71012408516512,6.646643212619407,4.879783756586295
22,1250.0,434385.62871171435,4002811.319097832,-75.72955925307244,36.16784141251112,ok,95.61706560436214,IW3,0,14706.042369798992,690.470448669487,153,37,3.3455075766541285,13.899724365653672,0.0,0.007640780607856911,affine_dtft,44.2261175121817,1,identified,6,131.53264927332572,147.70605763453798,131.1097650512854,0.04792309180572349,140.19442890773428,4,4.701993871960515,True,7.235497409184477,8.333619408026651,6.263437993376517
22,1300.0,434432.9553926257,4002827.449357406,-75.72903441784369,36.167990031223965,ok,105.10410355109767,IW3,0,14720.773715707688,691.0842951352091,153,37,3.3455011773650085,13.899722919240777,0.0,0.007640800446532319,affine_dtft,44.228725736997376,1,identified,9,60.07749157006352,90.1641554197115,21.025319996241425,0.2988389859608698,72.30911037996667,5,8.811867238539252,True,8.890555446122534,10.165275927731871,7.766664183706219
22,1350.0,434480.282073537,4002843.579616979,-75.7285095805979,36.168138647655056,ok,,IW3,0,14735.505102552994,691.6981215003198,153,37,3.345494778590382,13.899721470204854,0.0,0.007640799454272468,affine_dtft,44.23133396911794,1,ambiguous_multiple_blobs,14,21.07677202874473,72.08287343158948,90.67985241290415,0.06928976106588215,157.06789956240985,5,5.319102355855434,False,,,
22,1400.0,434527.60875444836,4002859.709876553,-75.72798474133509,36.168287261804366,ok,101.48026692221178,IW3,0,14750.236530333967,692.3119277645754,153,37,3.3454883763557652,13.899720024147351,0.0,0.007640819038539067,affine_dtft,44.23394220854321,1,identified,4,107.55386626394618,103.16392623412831,133.56521739130423,0.047042077495159706,89.99999999999959,6,4.540395470494292,True,8.232787121215472,9.43691679995679,7.169215298269622
22,1450.0,434574.9354353597,4002875.840136127,-75.7274599000553,36.16843587367186,ok,126.28961216230422,IW3,0,14764.967999049999,692.925713927707,153,37,3.3454819767743773,13.899718580323853,0.0,0.13814734779577284,affine_dtft,44.236550455273104,1,identified,3,110.63785717886793,103.34298689426814,134.55061279427483,0.04669755994932888,93.01278750418294,5,6.376523399643067,True,13.454487472350367,15.249411517381205,11.900535150759161
22,1500.0,434622.2621162711,4002891.9703957005,-75.72693505675856,36.16858448325748,ok,126.43400337371324,IW3,0,14779.699508699387,693.53947998944,153,37,3.3454755777075227,13.899717134446647,0.0,0.3770246868422202,affine_dtft,44.2391587093073,1,identified,2,116.48805543158726,96.87256456254244,116.77991750702667,0.05380364570647625,98.74616226255486,3,8.794017552062174,True,13.490313957904325,15.289608885193804,11.932851450794587
22,1550.0,434669.58879718237,4002908.1006552745,-75.72641021144493,36.16873309056121,ok,125.12327353932228,IW3,0,14794.431059281545,694.1532259495086,153,37,3.345469178369528,13.899715688964328,0.0,0.5040154599781584,affine_dtft,44.2417669706457,1,identified,1,122.09717949419348,95.71816918819813,120.26270095661117,0.0522455030296256,93.3664606634294,4,9.675075479286825,True,13.16767912865387,14.927805951241682,11.641731316818175
22,1600.0,434716.9154780937,4002924.230914848,-75.72588536411443,36.168881695583,ok,124.59892361061725,IW3,0,14809.162650793596,694.766951807686,153,37,3.3454627792547815,13.899714244280293,0.0,0.5400933945924318,affine_dtft,44.244375239287805,1,identified,1,120.04257052715755,92.31219534546264,127.01156821934933,0.04946939397148855,82.8749836510979,4,10.778493596305252,True,13.040222951853918,14.784994769224497,11.526666407267768
22,1650.0,434764.2421590051,4002940.361174422,-75.72536051476709,36.16903029832284,ok,134.91185270934906,IW3,0,14823.894283236976,695.3806575637996,153,37,3.3454563804936024,13.899712802565542,0.0,0.5100234101991654,affine_dtft,44.246983515233865,1,identified,4,125.06592864562106,88.41262601415389,127.01156821934933,0.04946939397148855,82.8749836510979,4,5.619764491732057,True,15.724549259773028,17.80807249307664,13.942332941602784
22,1700.0,434811.5688399164,4002956.491433996,-75.72483566340297,36.16917889878065,ok,126.03083912256452,IW3,0,14838.675298751788,695.9943132287123,154,37,3.3207211254234275,13.899711359406643,0.0,0.5046387642239104,affine_dtft,44.249586073143675,1,identified,5,75.13267796155819,28.013094619779032,131.9288631507498,0.04762555484162736,83.65980825408974,7,4.479996476306408,True,13.390457721836091,15.17758354987559,11.842772153364912
22,1750.0,434858.89552082773,4002972.6216935692,-75.7243108100221,36.16932749695643,ok,107.82891003098526,IW3,0,14853.516717112718,696.6079121048133,154,37,3.3207147759921116,13.899709919611169,0.0,0.5491354922436196,affine_dtft,44.25218163435431,1,identified,7,159.3951268826715,103.11330748492247,168.3445630006857,0.03732336343499251,99.46232220802499,2,5.733528495272079,True,9.406941617021639,10.737614402660489,8.235584143225894
22,1800.0,434906.2222017391,4002988.751953143,-75.7237859546245,36.16947609285012,ok,103.03324548389423,IW3,0,14868.358176705524,697.2214908777776,154,37,3.320708425253889,13.899708477101688,0.0,0.5327789931775737,affine_dtft,44.25477720283277,1,identified,7,30.407953678812085,83.11515460225725,75.85763302268842,0.08282864962712895,69.7751405688318,3,4.054349969643632,True,8.51069272137418,9.744564581052826,7.421646752489444
22,1850.0,434953.54888265044,4003004.8822127166,-75.72326109721024,36.16962468646169,ok,77.6929153170195,IW3,0,14883.199677527793,697.8350495474607,154,37,3.3207020751905496,13.899707038415393,0.0,0.4341606788631533,affine_dtft,44.257372778578656,1,identified,3,30.155702223467742,83.72922782034122,36.00192276145302,0.17452360388670532,79.87532834460211,2,17.316719117981183,True,4.65502815550973,5.478132757956436,3.925804380118453
22,1900.0,435000.87556356174,4003021.0124722905,-75.72273623777932,36.1697732777911,ok,,IW3,0,14898.041219579256,698.4485881134877,154,37,3.3206957254646827,13.899705599388998,0.0,0.23191012425910887,affine_dtft,44.259968361591916,1,ambiguous_multiple_blobs,3,30.110994574539667,83.93274989026506,43.74311207509811,0.14363827832808565,109.98310652189981,1,20.129847145259,False,,,
22,1950.0,435048.2022444731,4003037.1427318645,-75.72221137633179,36.16992186683831,ok,32.37900257598489,IW3,0,14912.882802858063,699.0621065755802,154,37,3.3206893745200845,13.899704160398132,0.0,0.007732441210464327,affine_dtft,44.262563951872224,1,identified,5,30.11621749026475,84.14122208578222,30.567542483250833,0.20555088164586316,84.28940686250027,3,28.906049862192305,True,0.7782272213469923,1.0946715964189102,0.5189640238680303
22,2000.0,435095.52892538445,4003053.272991438,-75.72168651286769,36.17007045360329,ok,42.61822048496969,IW3,0,14927.724427362855,699.6756049335808,154,37,3.3206830281365396,13.899702722922328,0.0,0.00773244075146338,affine_dtft,44.26515954941935,1,identified,4,44.12416363770831,110.49545813312496,30.567542483250833,0.20555088164586316,84.28940686250027,3,26.17594191287419,True,1.3558675387693704,1.7722296733493714,1.001410286509373
22,2050.0,435142.85560629575,4003069.403251012,-75.72116164738708,36.170219038086,ok,,IW3,0,14942.566093092706,700.2890831873555,154,37,3.320676676820611,13.899701286770458,0.0,0.007732462596315585,affine_dtft,44.26775515423313,1,ambiguous_multiple_blobs,11,44.96270820145281,111.42656057908009,117.80582228695597,0.05333509995689993,57.52880770915146,3,8.707980432172917,False,,,
22,2100.0,435190.1822872071,4003085.5335105853,-75.72063677988996,36.170367620286385,ok,54.66889848668854,IW3,0,14957.407800046716,700.9025413362145,154,37,3.320670326558799,13.899699850488172,0.0,0.007732460949959307,affine_dtft,44.2703507663134,1,identified,8,66.5251225252839,33.24176915838571,66.7195764884074,0.094173039426761,34.380344723844914,3,5.494925747184614,True,2.2506825523651437,2.793284817437956,1.7777817142335501
22,2150.0,435237.50896811846,4003101.6637701592,-75.72011191037639,36.17051620020444,ok,61.52509090912013,IW3,0,14972.249548222995,701.5159793804013,154,37,3.3206639800263984,13.899698414710459,0.0,0.007732482431449561,affine_dtft,44.27294638565985,1,identified,6,66.55081460474399,34.14301528191052,66.7195764884074,0.094173039426761,34.380344723844914,3,6.633935078059132,True,2.86797775416505,3.4878241046084124,2.3235717450655615
22,2200.0,435284.8356490298,4003117.794029733,-75.7195870388464,36.1706647778401,ok,,IW3,0,14987.09133762097,702.1293973193491,154,37,3.3206576295236547,13.899696981248791,0.0,0.007732501750019961,affine_dtft,44.27554201227235,1,ambiguous_multiple_blobs,5,44.055558184999754,121.18676871771702,66.7195764884074,0.094173039426761,34.380344723844914,3,7.379078726241981,False,,,
22,2250.0,435332.1623299411,4003133.9242893066,-75.71906216530003,36.170813353193324,ok,,IW3,0,15001.933168239018,702.7427951527574,154,37,3.320651283727681,13.899695547390605,0.0,0.007732501347632403,affine_dtft,44.27813764615064,1,identified,5,43.71229242423811,120.77940415290469,51.13611975054559,0.12287176535549607,92.86240522611158,2,8.543489859819612,True,,,
22,2300.0,435379.48901085247,4003150.0545488806,-75.71853728973731,36.170961926264106,ok,,IW3,0,15016.775040075669,703.3561728806511,154,37,3.3206449332327224,13.8996941124548,0.0,0.0077325210999898576,affine_dtft,44.28073328729446,1,ambiguous_multiple_blobs,5,43.346739089654776,120.3836306561283,51.13611975054559,0.12287176535549607,92.86240522611158,2,6.13703367466296,False,,,
22,2350.0,435426.8156917638,4003166.184808454,-75.71801241215829,36.171110497052396,ok,,IW3,0,15031.616953130979,703.9695305027129,154,37,3.3206385858582115,13.899692682079975,0.0,0.007732523131949499,affine_dtft,44.28332893570381,1,ambiguous_multiple_blobs,5,71.73189073311342,58.50237713509155,73.70913287666622,0.08524296870637352,59.74356283647064,2,7.65897115602423,False,,,
22,2400.0,435474.1423726751,4003182.315068028,-75.717487532563,36.17125906555813,ok,,IW3,0,15046.458907402472,704.582868018424,154,37,3.320632240771826,13.899691252006894,0.0,0.007732541792047393,affine_dtft,44.28592459137827,1,ambiguous_multiple_blobs,6,70.82456062268274,60.04292723059725,67.08447048503477,0.09366080199710664,58.39249775375102,4,8.996903343972846,False,,,
22,2450.0,435521.4690535865,4003198.445327602,-75.71696265095147,36.17140763178131,ok,,IW3,0,15061.300902889747,705.1961854278134,154,37,3.320625893477946,13.899689819513776,0.0,0.007732563667432555,affine_dtft,44.28852025431776,1,identified,5,54.257838911664734,69.45879109806395,70.24582047437154,0.08944568181778076,59.0362434679264,4,5.837469838313213,True,,,
22,2500.0,435568.79573449783,4003214.5755871753,-75.71643776732374,36.171556195721855,ok,74.09892360485253,IW3,0,15076.1429395912,705.8094827303577,154,37,3.3206195468284445,13.899688391554037,0.0,0.007732561969053668,affine_dtft,44.291115924522,1,identified,1,54.112681852767174,69.8216388543817,53.96953873354028,0.11642095623979819,71.56505117707789,1,17.32287574714926,True,4.215865250919037,4.990775378765699,3.530037930322609
22,2550.0,435616.1224154092,4003230.7058467492,-75.71591288167987,36.17170475737976,ok,,IW3,0,15090.98501750512,706.4227599259897,154,37,3.3206131999795554,13.899686962075398,0.0,0.007732582441243144,affine_dtft,44.29371160199071,1,ambiguous_multiple_blobs,3,53.186644161582954,69.95185389733572,73.14285714285705,0.085902924121596,89.99999999999979,1,4.8439465056466995,False,,,
22,2600.0,435663.4490963205,4003246.8361063227,-75.71538799401988,36.17185331675498,ok,91.91377201022081,IW3,0,15105.827136631022,707.0360170144415,154,37,3.3206068512989027,13.899685534296301,0.0,0.007732603315288831,affine_dtft,44.29630728672378,1,identified,4,70.25401660171642,126.70052642570936,98.08141160664577,0.06406091841722486,16.699244233993845,4,5.265987122170788,True,6.646278485504184,7.682051552636513,5.7285747864521905
22,2650.0,435710.77577723184,4003262.9663658966,-75.7148631043438,36.17200187384748,ok,111.3491156741974,IW3,0,15120.669296967513,707.6492539954818,154,37,3.320600506393842,13.89968410673739,0.0,0.007732603292138607,affine_dtft,44.29890297872098,1,identified,4,113.25783836646102,58.4536132780708,98.08141160664577,0.06406091841722486,16.699244233993845,4,5.781776691552996,True,10.102893694318068,11.509887930731244,8.867273760415584
22,2700.0,435758.1024581432,4003279.0966254706,-75.71433821265167,36.172150428657204,ok,111.3491156741974,IW3,0,15135.511498513597,708.2624708686966,154,37,3.3205941601816376,13.899682677559586,0.0,0.007732623681497743,affine_dtft,44.301498677982146,1,identified,5,127.86564493383887,25.16700155526054,117.52272609405138,0.05346357692682574,31.865977693603817,10,8.534247601797457,True,10.102893694318068,11.509887930731244,8.867273760415584
22,2750.0,435805.4291390545,4003295.226885044,-75.71381331894354,36.17229898118414,ok,95.61569506295126,IW3,0,15150.353741267598,708.8756676340357,154,37,3.3205878157790707,13.89968125220496,0.0,0.007732622816346082,affine_dtft,44.30409438450695,1,identified,5,129.06645305475124,43.07558843590914,131.71091338944672,0.04770436363614971,30.96375653207368,3,10.113147219669015,True,7.235273637074743,8.33337193773905,6.263234805692629
22,2800.0,435852.75581996585,4003311.357144618,-75.71328842321944,36.172447531428226,ok,,IW3,0,15165.196025228483,709.4888442910066,154,37,3.320581468207101,13.899679826795309,0.0,0.007732643376259659,affine_dtft,44.30669009829526,1,ambiguous_multiple_blobs,6,61.634556935509345,69.89458480010614,204.79999999999995,0.03067961575771283,89.99999999999937,2,9.64576156068776,False,,,
22,2850.0,435900.0825008772,4003327.487404192,-75.71276352547939,36.172596079389464,ok,59.3720588359988,IW3,0,15180.038350395955,710.1020008397059,154,37,3.320575124468251,13.89967840399557,0.0,0.0077326643144759325,affine_dtft,44.30928581934699,1,identified,3,59.43355380455228,69.55774190160709,35.14772916166116,0.1787650427792994,81.31364541876326,5,18.51196958548785,True,2.6654406662065147,3.2605425813549487,2.1438624563767132
22,2900.0,435947.40918178856,4003343.6176637653,-75.71223862572346,36.17274462506776,ok,35.31479639644365,IW3,0,15194.88071676696,710.7151372793737,154,37,3.3205687784028055,13.899676981691373,0.0,0.00773266290911982,affine_dtft,44.31188154766162,1,identified,2,35.175102596739,82.13588199798734,35.14772916166116,0.1787650427792994,81.31364541876326,5,21.619579273211002,True,0.9270918818657528,1.2716151359910952,0.6409448089643481
22,2950.0,435994.73586269986,4003359.7479233393,-75.71171372395166,36.172893168463126,ok,35.31479639644365,IW3,0,15209.723124342241,711.3282536102312,154,37,3.320562436112987,13.899675558337341,0.0,0.007732684231357881,affine_dtft,44.31447728323928,1,identified,1,35.268665534117424,82.7143961551954,35.48186363122613,0.17708160350545998,83.36748538486144,3,26.296765213699416,True,0.9270918818657528,1.2716151359910952,0.6409448089643481
22,3000.0,436042.0625436112,4003375.8781829127,-75.71118882016405,36.17304170957548,ok,35.37048547470447,IW3,0,15224.565573118769,711.9413498317195,154,37,3.3205560906691987,13.899674136316934,0.0,0.0077326827549651905,affine_dtft,44.31707302607944,1,identified,1,35.5308222034352,82.8541848469059,35.48186363122613,0.17708160350545998,83.36748538486144,3,25.190052673157226,True,0.930044880454861,1.2751048670198253,0.6433849352989208
23,250.0,433513.7359172662,4002270.9211609284,-75.73920726919951,36.162910295804,touches_land_or_unmapped,,,,,,,,,,,,,,,,,,,,,,,,,,,
23,300.0,433561.0070685003,4002287.213437043,-75.7386831166895,36.16306041310307,touches_land_or_unmapped,,,,,,,,,,,,,,,,,,,,,,,,,,,
23,350.0,433608.27821973426,4002303.5057131583,-75.73815896214516,36.16321052812693,touches_land_or_unmapped,,,,,,,,,,,,,,,,,,,,,,,,,,,
23,400.0,433655.5493709683,4002319.7979892734,-75.7376348055665,36.163360640875545,ok,84.5517115476349,IW3,0,14467.316162597517,663.752920044674,153,37,3.3456967899473256,13.899752470309844,0.0,0.007640234292818209,affine_dtft,44.183894183179035,1,identified,1,74.59847014942665,87.66641871713561,78.53721485797067,0.08000264993534988,85.60129464500427,4,13.627783111631082,True,5.563422867665669,6.484310186762423,4.746936672561848
23,450.0,433702.82052220235,4002336.0902653886,-75.73711064695358,36.16351075134886,ok,87.22845270185417,IW3,0,14482.037768039476,664.3792274702752,153,37,3.3456903269737928,13.899751007560267,0.0,0.007640254693290307,affine_dtft,44.18650064981697,1,identified,1,82.43142733997591,89.22225870668022,82.40931583739517,0.07624362905253537,86.30861401354852,5,10.978350453141715,True,5.943861584665056,6.905228164853023,5.091553105538706
23,500.0,433750.0916734364,4002352.3825415033,-75.73658648630642,36.16366085954686,ok,88.83449739438575,IW3,0,14496.759414909766,665.0055148277737,153,37,3.3456838621113736,13.899749545579743,0.0,0.0076402747852938385,affine_dtft,44.18910712384684,1,identified,2,93.26561231230744,90.71873543475829,92.70860394753886,0.06777348638250513,95.19442890773448,4,9.185509140353513,True,6.179336158640744,7.165678939931189,5.305011586878554
23,550.0,433797.36282467045,4002368.6748176184,-75.73606232362508,36.16381096546949,ok,91.40881802848952,IW3,0,14511.48110320648,665.6317821167429,153,37,3.3456773986218744,13.899748083917688,0.0,0.007640274501774144,affine_dtft,44.191713605268276,1,identified,1,98.90314190184344,91.28175234465427,95.25867616451202,0.06595919196198471,97.12501634890153,3,9.80767530285487,True,6.5682954005986165,7.595818257413568,5.65781424078471
23,600.0,433844.6339759045,4002384.9670937336,-75.73553815890956,36.163961069116695,ok,76.55241085145411,IW3,0,14526.202832928473,666.2580293366748,153,37,3.345670937685705,13.89974662386221,0.0,0.007640293671203641,affine_dtft,44.194320094081085,1,identified,4,102.76237891763888,93.84412564320878,95.25867616451202,0.06595919196198471,97.12501634890153,3,12.623058205326972,True,4.512978433352628,5.320577930849166,3.7976879043938143
23,650.0,433891.90512713854,4002401.2593698483,-75.73501399215994,36.16411117048849,ok,,IW3,0,14540.924604074671,666.8842564877863,153,37,3.3456644726759657,13.899745163105173,0.0,0.007640294394737954,affine_dtft,44.19692659028509,1,ambiguous_multiple_blobs,10,106.50852007225156,94.33343053009673,101.89180827750278,0.06166526449375895,95.71059313749927,2,12.65364906448899,False,,,
23,700.0,433939.1762783726,4002417.5516459635,-75.73448982337622,36.16426126958479,ok,66.305678547593,IW3,0,14555.646416643982,667.5104635695538,153,37,3.3456580108024827,13.899743704321526,0.0,0.007640312117657864,affine_dtft,44.19953309388008,1,identified,4,60.65212702233968,70.75254905815005,22.98368712925353,0.27337586314348916,80.96051719664482,2,14.448339391626455,True,3.346762565903253,4.023314702237439,2.7503165638321945
23,750.0,433986.44742960663,4002433.8439220786,-75.73396565255845,36.16441136640557,ok,,IW3,0,14570.368270635296,668.136650581525,153,37,3.345651547331259,13.89974224777937,0.0,0.007640332736091553,affine_dtft,44.20213960486587,1,ambiguous_multiple_blobs,3,94.51955443089803,65.76278536101863,63.384008764433624,0.09912887224490669,68.19859051364809,2,10.689961866958697,False,,,
23,800.0,434033.7185808407,4002450.1361981938,-75.73344147970668,36.164561460950814,ok,85.10385753856403,IW3,0,14585.090166047721,668.7628175240013,153,37,3.3456450851601836,13.899740789541498,0.0,0.007640332062826316,affine_dtft,44.204746123242295,1,identified,2,92.87650564973139,65.28216907968373,80.67467234901348,0.07788299752860936,66.8014094863517,6,10.57140930262694,True,5.640681594008072,6.569805203720257,4.816892495450395
23,850.0,434080.9897320747,4002466.4284743085,-75.73291730482093,36.164711553220435,ok,105.81058100833421,IW3,0,14599.812102878981,669.3889643960664,153,37,3.345638623212189,13.899739333094592,0.0,0.007640351803354116,affine_dtft,44.20735264900896,1,identified,8,95.10526956031602,62.82369972454335,93.85363234505033,0.06694663967910827,66.42529379808722,11,6.344476037692142,True,9.02261429039239,10.311594617803333,7.886597178589491
23,900.0,434128.2608833088,4002482.7207504236,-75.73239312790125,36.164861643214444,ok,92.75758817456011,IW3,0,14614.53408112852,670.0150911979083,153,37,3.3456321615600646,13.899737877498769,0.0,0.007640371927470027,affine_dtft,44.20995918216577,1,identified,9,175.6448897004053,72.79331355871015,142.9034383309388,0.04396804849879716,66.50143432404765,7,4.336792726266593,True,6.777845522449341,7.827536330423719,5.84797369097446
23,950.0,434175.5320345428,4002499.013026539,-75.73186894894764,36.165011730932775,ok,,IW3,0,14629.256100795901,670.6411979290219,153,37,3.3456257002038194,13.899736423152197,0.0,0.007640371609328764,affine_dtft,44.21256572271264,1,ambiguous_multiple_blobs,6,82.91517210804057,101.35150620186819,175.61455118592892,0.035778272727112294,59.03624346792624,2,3.31093567796507,False,,,
23,1000.0,434222.80318577687,4002515.3053026535,-75.73134476796018,36.16516181637541,ok,76.78758430835622,IW3,0,14643.978161879291,671.2672845894195,153,37,3.3456192380664156,13.899734970043761,0.0,0.007640391740778308,affine_dtft,44.21517227064925,1,identified,8,84.23471861286157,98.45659897779139,53.59860967323782,0.11722664721127696,83.99099404250533,4,6.190330388443286,True,4.5420634208057695,5.352843644265551,3.823912442380472
23,1050.0,434270.07433701085,4002531.5975787686,-75.7308205849389,36.16531189954228,ok,54.74896630082869,IW3,0,14658.700264376648,671.893351178551,153,37,3.3456127781299947,13.899733514476722,0.0,0.007640390302153333,affine_dtft,44.21777882597523,1,identified,4,56.91166055016139,79.16039550290093,54.63762211965006,0.11499741503062008,80.78897345918318,4,9.272958067183815,True,2.2574296474784186,2.8009088668424185,1.7837129499199047
23,1100.0,434317.3454882449,4002547.889854884,-75.73029639988383,36.165461980433385,ok,50.440839035347096,IW3,0,14673.422408287954,672.519397696313,153,37,3.3456063178645135,13.899732062271642,0.0,0.007640410801978836,affine_dtft,44.22038538869059,1,identified,5,57.09196274666752,78.06221223595387,56.01066710959818,0.11217836943246973,79.91940201245752,5,12.317718016542798,True,1.9096105989075391,2.406669997024293,1.4792099387823832
23,1150.0,434364.61663947895,4002564.182130999,-75.72977221279498,36.16561205904866,ok,,IW3,0,14688.144593612275,673.1454241424416,153,37,3.3455998570366323,13.899730610202845,0.0,0.007640430298449985,affine_dtft,44.22299195879516,1,ambiguous_multiple_blobs,2,36.72102196534591,82.6573901897137,55.534197201575914,0.11314083256435885,77.47119229084836,1,9.418499194219024,False,,,
23,1200.0,434411.887790713,4002580.4744071136,-75.72924802367244,36.16576213538807,ok,41.12426515617787,IW3,0,14702.866820347333,673.7714305165237,153,37,3.345593398060666,13.899729159362984,0.0,0.007640430013311414,affine_dtft,44.225598536288544,1,identified,2,36.71362177117724,82.13144833207568,37.51645723890231,0.16747810879819167,81.57303097851924,2,26.919083536344264,True,1.2613098630060537,1.6627256997793354,0.9210095098604443
23,1250.0,434459.15894194704,4002596.766683229,-75.72872383251621,36.1659122094516,ok,33.454232686469894,IW3,0,14717.589088492445,674.397416818628,153,37,3.3455869368931355,13.899727707287214,0.0,0.007640450836540399,affine_dtft,44.2282051211706,1,identified,2,36.73237311433918,81.30286737110407,36.108082149547805,0.17401049662944432,80.86982351772122,4,27.510063072971178,True,0.8312003368762058,1.1578802578584177,0.5621250794274854
23,1300.0,434506.4300931811,4002613.058959344,-75.72819963932632,36.16606228123919,ok,31.829493595329172,IW3,0,14732.31139804683,675.0233830482313,153,37,3.345580478654596,13.899726259927247,0.0,0.007640470277290939,affine_dtft,44.23081171344121,1,identified,5,116.54825435759517,61.98734645174131,34.861854126663175,0.18023095628680452,80.85835977647503,6,17.805186115191034,True,0.7518433517811877,1.0630775003055941,0.4975801780475734
23,1350.0,434553.70124441513,4002629.351235459,-75.72767544410284,36.16621235075079,ok,30.407752684435884,IW3,0,14747.03374900867,675.6493292049287,153,37,3.345574017101535,13.899724808757028,0.0,0.007640471146146979,affine_dtft,44.23341831310006,1,identified,5,25.66544251874283,75.75273956483774,25.33053723076629,0.2480478503056806,76.65127288671256,3,12.441690042877479,True,0.6857361686956808,0.9835530110051536,0.4443657114916041
23,1400.0,434600.9723956492,4002645.643511574,-75.72715124684578,36.1663624179864,ok,32.2418923060743,IW3,0,14761.756141376904,676.275255288892,153,37,3.3455675593820353,13.899723362402977,0.0,0.07511193079682672,affine_dtft,44.23602492014693,1,identified,8,36.94479004253257,93.19376214497534,25.33053723076629,0.2480478503056806,76.65127288671256,3,14.603300274176634,True,0.7716005075589858,1.0867435590909833,0.5135857930545034
23,1450.0,434648.2435468832,4002661.935787689,-75.72662704755517,36.16651248294595,ok,,IW3,0,14776.478575151128,676.9011612995504,153,37,3.3455611013759254,13.89972191525439,0.0,0.33887899880698386,affine_dtft,44.23863153458179,1,ambiguous_multiple_blobs,3,24.87450932838511,77.85101720423499,37.82230298383958,0.1661238161479542,94.23639479905873,2,14.05527706737943,False,,,
23,1500.0,434695.5146981173,4002678.228063804,-75.72610284623109,36.166662545629414,ok,28.477714968024326,IW3,0,14791.201050328971,677.5270472367729,153,37,3.34555464143888,13.899720466972441,0.0,0.4865737259115954,affine_dtft,44.241238156404194,1,identified,6,39.466464234741075,93.88646271876085,43.44464063610143,0.14462509564317613,98.13010235415584,6,9.576379729122433,True,0.6009528272239156,0.8806948949214152,0.3769887105607349
23,1550.0,434742.7858493513,4002694.520339919,-75.72557864287354,36.16681260603675,ok,29.526774213777003,IW3,0,14805.923566909369,678.1529131002013,153,37,3.3455481822615245,13.89971902301927,0.0,0.5378516113496389,affine_dtft,44.24384478561396,1,identified,4,22.600736535980722,84.27863185546099,22.469495692578242,0.27963179027889556,84.12260739335682,3,15.816070871269252,True,0.6463293158578847,0.9358763987264539,0.41291732566291484
23,1600.0,434790.05700058537,4002710.812616034,-75.72505443748256,36.166962664167926,ok,32.38508066033274,IW3,0,14820.646124892179,678.7787588896106,153,37,3.3455417251431694,13.899717578667985,0.0,0.5206864541988919,affine_dtft,44.24645142221107,1,identified,2,22.533240946055137,84.43162237349922,22.66618631265133,0.2772052263451382,84.92039213998537,2,18.762331441411344,True,0.7785216537847488,1.09502373649985,0.5192030971285049
23,1650.0,434837.3281518194,4002727.104892149,-75.72453023005818,36.16711272002289,ok,,IW3,0,14835.393810476467,679.4045693580251,154,37,3.320805782001274,13.899716132436662,0.0,0.4844453184557066,affine_dtft,44.2490551553566,1,ambiguous_multiple_blobs,2,22.428312328757425,84.53078005161235,40.95999999999995,0.1533980787885643,73.73979529168795,2,18.081117609713424,False,,,
23,1700.0,434884.5993030534,4002743.3971682643,-75.72400602060047,36.167262773601635,ok,32.95095240657495,IW3,0,14850.226087752799,680.0303083648538,154,37,3.320799373158227,13.899714689357618,0.0,0.5427616907409157,affine_dtft,44.251649085225694,1,identified,2,41.01565106400675,72.05098982745811,40.95999999999995,0.1533980787885643,73.73979529168795,2,22.34563673988911,True,0.8061830723697571,1.1280652896891668,0.5417052810745061
23,1750.0,434931.87045428745,4002759.689444379,-75.72348180910943,36.16741282490409,ok,,IW3,0,14865.058406736267,680.6560272965891,154,37,3.3207929636636795,13.899713247241406,0.0,0.541856611126192,affine_dtft,44.254243022445706,1,ambiguous_multiple_blobs,3,40.727940183149045,71.81302294492157,67.22889362417787,0.09345959703433127,66.80140948635172,1,7.8776370667238185,False,,,
23,1800.0,434979.1416055215,4002775.981720494,-75.72295759558511,36.16756287393023,ok,35.15794353302597,IW3,0,14879.890767425219,681.2817261530855,154,37,3.320786552076458,13.899711803144944,0.0,0.46153985095456396,affine_dtft,44.25683696701638,1,identified,2,34.757519136606795,86.080961184857,35.226670907073576,0.1783644365303311,86.05481377096234,2,30.718587179668514,True,0.9188004434257447,1.261812791758615,0.6340973140017909
23,1850.0,435026.41275675554,4002792.2739966093,-75.72243338002755,36.16771292068002,ok,32.64366052865422,IW3,0,14894.723169818215,681.9074049340817,154,37,3.320780143026552,13.899710362854254,0.0,0.2816258996338126,affine_dtft,44.259430918937454,1,identified,4,35.33891068803648,85.0940268067906,33.542235242517386,0.1873216039942133,84.73760460040481,5,27.475440268605496,True,0.7911004634751454,1.1100591893559653,0.5294256509548386
23,1900.0,435073.6839079896,4002808.566272724,-75.72190916243679,36.16786296515342,ok,32.29550201942597,IW3,0,14909.555613914234,682.5330636394162,154,37,3.3207737343293093,13.899708924077188,0.0,0.007732088516854529,affine_dtft,44.26202487820874,1,identified,2,30.10877639254347,83.28657343239053,30.902867982512962,0.20332045914751534,84.8055710922651,2,33.79773378294487,True,0.7741880827931833,1.0898398447137025,0.5156852873062575
23,1950.0,435120.95505922363,4002824.858548839,-75.72138494281286,36.168013007350396,ok,31.562709797514067,IW3,0,14924.388099712147,683.1587022687403,154,37,3.3207673270770646,13.899707483135476,0.0,0.00773210953728919,affine_dtft,44.26461884483005,1,identified,2,30.101630540682915,83.45606229650093,30.902867982512962,0.20332045914751534,84.8055710922651,2,34.85779194305517,True,0.7392017970139749,1.0479113706154393,0.4873626508005239
23,2000.0,435168.2262104577,4002841.1508249543,-75.7208607211558,36.1681630472709,ok,39.63345425813526,IW3,0,14939.220627210112,683.7843208217847,154,37,3.320760919843947,13.899706045089268,0.0,0.007732109112026111,affine_dtft,44.26721281880106,1,identified,1,29.81878349565351,83.23778696620974,30.902867982512962,0.20332045914751534,84.8055710922651,2,25.188660617794557,True,1.1704805850505444,1.5571158073135596,0.844208590760602
23,2050.0,435215.4973616917,4002857.4431010694,-75.72033649746565,36.16831308491489,ok,,IW3,0,14954.053196407931,684.4099192981732,154,37,3.320754508552078,13.899704608916322,0.0,0.0077321283318739185,affine_dtft,44.26980680012174,1,ambiguous_multiple_blobs,10,71.56814695972386,134.1911207747857,67.66782468660111,0.09285336622360374,97.5946433685912,2,9.324242717711227,False,,,
23,2100.0,435262.7685129258,4002873.735377184,-75.71981227174244,36.16846312028235,ok,,IW3,0,14968.885807303675,685.035497697866,154,37,3.3207481016753797,13.899703168473513,0.0,0.007732148509210468,affine_dtft,44.27240078879174,1,identified,11,68.17704167885648,133.1067245301671,65.82521308500215,0.09545256312449628,134.99999999999972,4,6.703853752911019,True,,,
23,2150.0,435310.0396641598,4002890.0276532993,-75.7192880439862,36.16861315337322,ok,,IW3,0,14983.718459896963,685.6610560204664,154,37,3.3207416945115784,13.89970173311322,0.0,0.007732148298655361,affine_dtft,44.274994784811014,1,ambiguous_multiple_blobs,6,65.68613953154396,132.69271323395733,65.79501110447906,0.09549637885465533,133.26429541107132,3,8.420807457679373,False,,,
23,2200.0,435357.31081539387,4002906.3199294144,-75.71876381419698,36.16876318418749,ok,,IW3,0,14998.55115418581,686.2865942659097,154,37,3.3207352869872016,13.89970029798077,0.0,0.007732169486767714,affine_dtft,44.2775887881792,1,ambiguous_multiple_blobs,10,66.20662690323516,132.17681618851208,93.2838438244918,0.06735555750683944,59.93141717813745,4,6.403291353054262,False,,,
23,2250.0,435404.5819666279,4002922.6122055296,-75.7182395823748,36.16891321272507,ok,42.60521004568503,IW3,0,15013.38389016924,686.9121124335383,154,37,3.3207288799766133,13.899698862063044,0.0,0.00773216774133578,affine_dtft,44.280182798896135,1,identified,2,41.67621152898714,89.82868066419891,42.66666666666662,0.14726215563702172,89.99999999999987,3,9.689936442793494,True,1.3550287238753684,1.7712600974928003,1.000695201635051
23,2300.0,435451.85311786196,4002938.9044816443,-75.71771534851973,36.169063238985984,ok,43.40257557906268,IW3,0,15028.216667845943,687.53761052354,154,37,3.3207224744110406,13.899697427292748,0.0,0.007732189812727701,affine_dtft,44.28277681696159,1,identified,2,43.25035262589668,87.31824348420405,42.629677785273635,0.14738993193493252,87.61405596961107,2,14.970310761698666,True,1.4069361436208212,1.8312012376659281,1.0450049449134309
23,2350.0,435499.12426909595,4002955.1967577594,-75.71719111263177,36.16921326297016,ok,43.68376720078585,IW3,0,15043.049487215527,688.1630885354014,154,37,3.3207160671900486,13.899695994864778,0.0,0.007732209849339605,affine_dtft,44.28537084237549,1,identified,1,43.172018586303736,86.04464062400368,42.519285685114816,0.14777259791500233,85.23635830927371,1,24.646477919580587,True,1.4254837980251862,1.8525917011076878,1.0608660706137458
23,2400.0,435546.39542033,4002971.4890338746,-75.71666687471098,36.16936328467755,ok,44.11214060498824,IW3,0,15057.882348275394,688.7885464687961,154,37,3.3207096594626577,13.8996945615607,0.0,0.007732210274423069,affine_dtft,44.28796487513739,1,identified,2,43.00650273865242,85.03243885206498,45.794672179195636,0.13720341271563935,79.69515353123386,3,14.418937612465346,True,1.4539831715454237,1.885431741834768,1.085265395240565
23,2450.0,435593.66657156404,4002987.7813099893,-75.71614263475739,36.16951330410815,ok,44.482756309916894,IW3,0,15072.715251025724,689.4139843236744,154,37,3.3207032562815564,13.899693130580525,0.0,0.0077322295679473005,affine_dtft,44.29055891524732,1,identified,3,42.75658880466392,83.89282729047656,44.808533687678555,0.14022296179058713,79.91940201245758,4,22.22852086213142,True,1.4788774971965863,1.9140911942696424,1.1066052580013945
23,2500.0,435640.9377227981,4003004.0735861044,-75.71561839277103,36.16966332126189,ok,48.11433686063576,IW3,0,15087.548195464295,690.039402099654,154,37,3.32069685007575,13.899691698549008,0.0,0.007732250346453892,affine_dtft,44.29315296270488,1,identified,3,42.73371322599253,83.20324393075971,44.808533687678555,0.14022296179058713,79.91940201245758,4,24.019876686197176,True,1.7345399582180208,2.2071440279308834,1.3270671283688176
23,2550.0,435688.20887403213,4003020.3658622196,-75.71509414875194,36.16981333613876,ok,,IW3,0,15102.381181590865,690.664799796545,154,37,3.3206904446907246,13.899690268134018,0.0,0.007732249690779655,affine_dtft,44.29574701751005,1,ambiguous_multiple_blobs,5,76.09157092403629,99.4744242034386,52.46876050061986,0.11975097652831646,97.85331330197802,3,11.383312215940741,False,,,
23,2600.0,435735.4800252662,4003036.6581383348,-75.71456990270016,36.1699633487387,ok,66.72593283338014,IW3,0,15117.214209403688,691.2901774140033,154,37,3.320684039570149,13.899688838938914,0.0,0.007732269851003782,affine_dtft,44.298341079662514,1,identified,8,76.09649715938097,99.6793285130798,57.045607887990286,0.1101431913832296,74.93151184050768,3,7.127659120288586,True,3.3907969747267503,4.072457779021716,2.7896811523494214
23,2650.0,435782.7511765002,4003052.9504144494,-75.71404565461573,36.17011335906167,ok,93.68602622745686,IW3,0,15132.047278901397,691.9155349517956,154,37,3.3206776344686557,13.899687408492499,0.0,0.007732269784365142,affine_dtft,44.30093514916202,1,identified,12,27.62939772599116,88.3962556117061,27.665573220264893,0.2271120593509765,88.45184230102195,4,13.475506322864334,True,6.924429345974101,7.989627060755653,5.981023528921887
23,2700.0,435830.0223277343,4003069.2426905646,-75.71352140449868,36.17026336710765,ok,93.68602622745686,IW3,0,15146.880390083415,692.5408724096613,154,37,3.32067122877336,13.899685980128703,0.0,0.007732289517987436,affine_dtft,44.30352922600849,1,identified,10,166.59852839866366,58.411563878483165,137.38401653758683,0.04573447090521314,79.6951535312336,6,6.0343606904334175,True,6.924429345974101,7.989627060755653,5.981023528921887
23,2750.0,435877.2934789683,4003085.5349666798,-75.71299715234906,36.170413372876595,ok,111.17751631029661,IW3,0,15161.713542947278,693.1661897874453,154,37,3.3206648233158287,13.899684553438368,0.0,0.007732310006446845,affine_dtft,44.306123310201485,1,identified,2,162.51402755941197,57.75184702552254,152.64890726398542,0.04116102381469181,63.43494882292177,2,6.071629385820578,True,10.068195367557896,11.471356899088018,8.835789385079133
23,2800.0,435924.56463020237,4003101.827242795,-75.71247289816688,36.17056337636847,ok,,IW3,0,15176.546737493256,693.7914870848273,154,37,3.320658421238472,13.899683127635825,0.0,0.0077323104111072325,affine_dtft,44.308717401741056,1,ambiguous_multiple_blobs,2,145.9342230797444,60.2266138318461,142.0032502336585,0.04424677109038668,56.309932474020094,1,8.132689900080601,False,,,
23,2850.0,435971.8357814364,4003118.1195189096,-75.71194864195219,36.170713377583226,ok,138.60712713962715,IW3,0,15191.379973720148,694.4167643013735,154,37,3.320652016283148,13.89968170268722,0.0,0.00773233017772351,affine_dtft,44.311311500626985,1,identified,1,137.88304328439494,62.69735928430248,127.01156821934926,0.04946939397148858,60.255118703057654,2,14.839855667058378,True,16.785015356006618,19.012401377185775,14.891604232565696
23,2900.0,436019.10693267046,4003134.4117950248,-75.71142438370505,36.17086337652084,ok,121.74538785867958,IW3,0,15206.21325162533,695.0420214371505,154,37,3.320645612699988,13.89968027834192,0.0,0.007732351750952392,affine_dtft,44.31390560685882,1,identified,3,134.41036816484277,63.52264513288278,137.38401653758697,0.0457344709052131,63.43494882292177,3,14.11491884620833,True,12.362351654216928,14.02653491436096,10.91417003198525
23,2950.0,436066.3780839045,4003150.70407114,-75.71090012342545,36.17101337318125,ok,121.74538785867958,IW3,0,15221.046571209132,695.6672584915432,154,37,3.3206392103585936,13.899678852101191,0.0,0.007732351369928969,affine_dtft,44.31649972043662,1,identified,4,134.97276334009572,63.255664748622664,137.38401653758697,0.0457344709052131,63.43494882292177,3,11.338410546558642,True,12.362351654216928,14.02653491436096,10.91417003198525
23,3000.0,436113.64923513855,4003166.9963472546,-75.71037586111346,36.171163367564446,ok,119.98999440512303,IW3,0,15235.879932469155,696.2924754644922,154,37,3.3206328074963722,13.899677428928733,0.0,0.007732371877944169,affine_dtft,44.31909384135996,1,identified,7,97.4061203828157,34.79737133759077,85.20195014019512,0.07374461848397777,33.690067525979835,3,13.45816858539956,True,11.95822303282403,13.575181451359473,10.548619888856292
24,250.0,433588.736503791,4002054.3608770478,-75.73835515201837,36.16096316056901,touches_land_or_unmapped,,,,,,,,,,,,,,,,,,,,,,,,,,,
24,300.0,433635.96435561095,4002070.7782462793,-75.73783150264764,36.161114398797025,touches_land_or_unmapped,,,,,,,,,,,,,,,,,,,,,,,,,,,
24,350.0,433683.19220743084,4002087.1956155105,-75.73730785122993,36.16126563475434,touches_land_or_unmapped,,,,,,,,,,,,,,,,,,,,,,,,,,,
24,400.0,433730.4200592508,4002103.6129847416,-75.73678419776523,36.161416868440945,ok,,IW3,0,14479.185462109259,647.5490963230443,153,37,3.345776731350116,13.899755801529142,0.0,0.0076399056376166554,affine_dtft,44.18603928264292,1,ambiguous_multiple_blobs,3,119.23925883794065,167.79528101052136,111.06839440315186,0.05657041628217941,167.47119229084808,2,10.110373751587028,False,,,
24,450.0,433777.64791107073,4002120.030353973,-75.73626054225362,36.161568099856765,ok,,IW3,0,14493.899889472666,648.1847615546402,153,37,3.34577022409852,13.899754337384707,0.0,0.007639925729241391,affine_dtft,44.188644453163626,1,identified,5,117.24006411004409,169.93192682694442,72.0483885803818,0.08720785337439799,50.710593137499636,4,5.2348505408674395,True,,,
24,500.0,433824.8757628906,4002136.4477232043,-75.73573688469513,36.161719329001784,ok,,IW3,0,14508.61435862429,648.8204067401077,153,37,3.3457637146973935,13.89975287513047,0.0,0.007639924882172768,affine_dtft,44.19124963113995,1,ambiguous_multiple_blobs,5,89.34792627161409,127.26943883498541,116.77991750702667,0.05380364570647625,171.25383773744434,3,3.7290811241111936,False,,,
24,550.0,433872.10361471056,4002152.8650924354,-75.73521322508978,36.16187055587595,ok,79.94236196756034,IW3,0,14523.328869562662,649.456031879174,153,37,3.3457572030586804,13.899751411335993,0.0,0.0076399447520713705,affine_dtft,44.19385481657161,1,identified,1,87.28601396343429,126.0477438946944,83.88934866114963,0.07489848720317244,124.99202019855832,2,5.930282769553747,True,4.942628652991428,5.7969197596268796,4.185460383354279
24,600.0,433919.3314665305,4002169.282461667,-75.73468956343758,36.16202178047923,ok,,IW3,0,14538.043422288347,650.0916369715221,153,37,3.3457506945822932,13.899749950250866,0.0,0.0076399624542942135,affine_dtft,44.19646000945875,1,identified,3,86.46931540224138,125.39975034977846,83.88934866114963,0.07489848720317244,124.99202019855832,2,7.438734544100376,True,,,
24,650.0,433966.5593183504,4002185.699830898,-75.73416589973864,36.162173002811606,ok,,IW3,0,14552.758016797083,650.7272220172175,153,37,3.3457441861986013,13.899748491782065,0.0,0.007639961618060875,affine_dtft,44.199065209800565,1,ambiguous_multiple_blobs,4,26.50094127464373,84.89291531935473,83.88934866114963,0.07489848720317244,124.99202019855832,2,7.750943006886118,False,,,
24,700.0,434013.78717017034,4002202.117200129,-75.73364223399294,36.16232422287301,ok,,IW3,0,14567.472653090408,651.3627870155424,153,37,3.345737678969372,13.899747030596398,0.0,0.007639982295287051,affine_dtft,44.20167041759737,1,ambiguous_multiple_blobs,5,26.560966059167082,84.95014064707307,175.61455118592892,0.035778272727112294,120.96375653207285,2,5.032152334155815,False,,,
24,750.0,434061.0150219903,4002218.5345693603,-75.73311856620053,36.16247544066343,ok,,IW3,0,14582.187331165658,651.9983319666211,153,37,3.3457311733312833,13.899745570647694,0.0,0.007639982885565711,affine_dtft,44.204275632848685,1,identified,7,79.36832716833253,74.78660756740975,175.61455118592892,0.035778272727112294,120.96375653207285,4,5.148292410115476,True,,,
24,800.0,434108.2428738102,4002234.951938592,-75.73259489636145,36.1626266561828,ok,,IW3,0,14596.902051022027,652.6338568700091,153,37,3.345724663213402,13.899744113224129,0.0,0.007640001984040719,affine_dtft,44.206880855554346,1,identified,4,73.20191800863827,75.74696814860455,74.50694401116138,0.0843301975482761,75.96375653207333,3,10.488667844936325,True,,,
24,850.0,434155.4707256301,4002251.369307823,-75.73207122447573,36.16277786943109,ok,,IW3,0,14611.616812658564,653.2693617252618,153,37,3.3457181548475576,13.899742656927938,0.0,0.007640022453600036,affine_dtft,44.20948608571422,1,ambiguous_multiple_blobs,2,71.83398615884323,74.95893998729917,70.3286087417287,0.08934038963082072,74.054604099077,1,9.569063364717653,False,,,
24,900.0,434202.69857745,4002267.786677054,-75.73154755054341,36.16292908040828,ok,,IW3,0,14626.331616074542,653.9048465324405,153,37,3.345711648713209,13.89974120122463,0.0,0.007640021347632856,affine_dtft,44.212091323328146,1,ambiguous_multiple_blobs,2,72.74422433371842,74.1401569931616,70.3286087417287,0.08934038963082072,74.054604099077,1,8.734809419018534,False,,,
24,950.0,434249.92642926995,4002284.2040462857,-75.73102387456453,36.163080289114326,ok,,IW3,0,14641.046461267737,654.5403112912309,153,37,3.345705141579181,13.899739744211539,0.0,0.007640040393858726,affine_dtft,44.21469656839575,1,identified,2,58.86844429531895,90.38733884238154,60.235294117647,0.1043106935762237,89.99999999999982,2,10.611159972119172,True,,,
24,1000.0,434297.1542810899,4002300.621415517,-75.73050019653911,36.16323149554918,ok,92.86086065033531,IW3,0,14655.761348237857,655.1757560012428,153,37,3.3456986349286835,13.899738289871124,0.0,0.00764006198924511,affine_dtft,44.21730182091697,1,identified,3,60.82337776918184,90.29083213580908,107.27889343020705,0.058568699827867526,102.09475707701172,3,6.83974362545858,True,6.7940557216460515,7.845461296340432,5.862686072522491
24,1050.0,434344.3821329098,4002317.038784748,-75.72997651646722,36.1633826997128,ok,,IW3,0,14670.476276982528,655.8111806622265,153,37,3.3456921286045644,13.899736834302884,0.0,0.007640060945378,affine_dtft,44.2199070808914,1,ambiguous_multiple_blobs,4,120.64225384747706,92.44286458597908,127.99999999999986,0.04908738521234057,89.99999999999962,1,3.889062414316722,False,,,
24,1100.0,434391.60998472973,4002333.456153979,-75.72945283434885,36.16353390160516,ok,109.41599787873892,IW3,0,14685.191247502335,656.4465852740581,153,37,3.3456856226184093,13.8997353818948,0.0,0.007640080313381627,affine_dtft,44.22251234831913,1,identified,4,119.37763549375629,95.39826105694135,111.06839440315186,0.05657041628217941,102.52880770915111,6,3.4667593746447705,True,9.7166169623876,11.081110858272368,8.516713831598853
24,1150.0,434438.8378365497,4002349.8735232106,-75.72892915018407,36.163685101226214,ok,110.02484594975856,IW3,0,14699.906259794927,657.0819698361939,153,37,3.3456791165065214,13.899733928424808,0.0,0.007640101570668197,affine_dtft,44.22511762319975,1,identified,3,118.03511849239972,60.3345749216357,109.6583518407984,0.05729782731279321,99.86580694308397,5,3.640649287976868,True,9.837191113512244,11.21491257630478,8.626153334705053
24,1200.0,434486.06568836956,4002366.2908924418,-75.7284054639729,36.16383629857593,ok,110.23355564043723,IW3,0,14714.621313858908,657.7173343487333,153,37,3.3456726095405647,13.899732478115032,0.0,0.007640100734320757,affine_dtft,44.227722905533014,1,identified,3,111.83907822222977,63.00549648550085,109.6583518407984,0.05729782731279321,99.86580694308397,5,4.353734236694538,True,9.878752038986807,11.2610409258736,8.663873371605437
24,1250.0,434533.2935401895,4002382.708261673,-75.72788177571539,36.16398749365426,ok,95.40755575329763,IW3,0,14729.33640969427,658.3526788111697,153,37,3.345666105430658,13.89973102693474,0.0,0.007640120950669658,affine_dtft,44.23032819531892,1,identified,2,108.33921309088386,65.75010056265819,109.71428571428555,0.057268616081064025,89.99999999999967,9,5.168264868594752,True,7.201339802548698,8.29584467986741,6.232422909081745
24,1300.0,434580.5213920094,4002399.1256309045,-75.72735808541158,36.164138686461186,ok,80.00573277704639,IW3,0,14744.05154729862,658.988003223362,153,37,3.3456596002060994,13.899729574869905,0.0,0.007640119710499921,affine_dtft,44.232933492557045,1,identified,3,94.59289233798073,121.31009246819848,111.06839440315186,0.05657041628217941,77.47119229084822,6,4.556135598891678,True,4.95087498606163,5.806056658280029,4.192910299517051
24,1350.0,434627.74924382934,4002415.5430001356,-75.72683439306148,36.16428987699665,ok,64.2546360053893,IW3,0,14758.76672667129,659.6233075849423,153,37,3.3456530944609293,13.89972812661648,0.0,0.007640139370700599,affine_dtft,44.235538797247266,1,identified,5,93.29662260734455,122.65496153481436,36.93839496745398,0.17009903415445182,82.74680538727458,4,11.03499386783192,True,3.1363894556959244,3.788302450412807,2.562508807145096
24,1400.0,434674.9770956493,4002431.9603693667,-75.72631069866515,36.16444106526061,ok,52.88972357816525,IW3,0,14773.481947811342,660.2585918956614,153,37,3.3456465896823344,13.899726678589493,0.0,0.29608731455439413,affine_dtft,44.23814410938943,1,identified,4,166.20971091286827,65.90955855290409,32.64923695954219,0.19244508883823205,84.14398641457095,5,18.3780198931624,True,2.1035304097371044,2.6267880023466055,1.648650558615995
24,1450.0,434722.2049474692,4002448.3777385983,-75.7257870022226,36.16459225125305,ok,33.496833303169716,IW3,0,14788.197210717777,660.8938561552657,153,37,3.345640087338226,13.899725230511248,0.0,0.4653265129182434,affine_dtft,44.24074942898336,1,identified,6,158.539250041028,65.21430224965407,30.902867982512962,0.20332045914751534,84.8055710922651,4,15.215831993521203,True,0.8333359221255743,1.1604225031638211,0.5638711177646495
24,1500.0,434769.4327992891,4002464.7951078294,-75.7252633037339,36.164743434973914,ok,,IW3,0,14802.912515389053,661.5291003636469,153,37,3.345633584343213,13.899723781464495,0.0,0.5329057528631425,affine_dtft,44.243354756028765,1,ambiguous_multiple_blobs,6,31.282361068173355,86.03630382330131,152.64890726398542,0.04116102381469181,63.43494882292177,2,12.11357014868022,False,,,
24,1550.0,434816.66065110906,4002481.2124770605,-75.72473960319905,36.16489461642317,ok,,IW3,0,14817.62786182362,662.1643245203502,153,37,3.345627078194519,13.899722334943165,0.0,0.5291672541623756,affine_dtft,44.24596009052539,1,ambiguous_multiple_blobs,3,47.82500516491269,69.41325261200909,72.40773439350238,0.08677505738590569,98.13010235415572,1,6.7907948182163596,False,,,
24,1600.0,434863.88850292895,4002497.6298462916,-75.72421590061813,36.16504579560078,ok,34.204576117402176,IW3,0,14832.3458061331,662.7995270716767,154,37,3.3208904559339176,13.899720890744444,0.0,0.47326850864552783,affine_dtft,44.24856513587844,1,identified,3,47.87138627433897,69.04567617767096,33.96393609250092,0.18499579348127687,84.28940686250027,2,26.493851255760056,True,0.8692263513708972,1.203081776930547,0.5932807752176917
24,1650.0,434911.1163547489,4002514.047215523,-75.72369219599115,36.16519697250671,ok,34.434159647348075,IW3,0,14847.17081888846,663.4346445231919,154,37,3.320884002946977,13.899719444398375,0.0,0.5352033699270133,affine_dtft,44.251157770006046,1,identified,3,34.04991364371075,84.38491359555485,33.96393609250092,0.18499579348127687,84.28940686250027,2,29.626543351612085,True,0.8810355026195387,1.2170919121376895,0.6029839227142586
24,1700.0,434958.34420656884,4002530.4645847543,-75.72316848931814,36.165348147140904,ok,34.434159647348075,IW3,0,14861.995873714122,664.0697419218791,154,37,3.3208775454218995,13.899718000734516,0.0,0.5477573686092305,affine_dtft,44.25375041154808,1,identified,2,34.751000542354014,83.59670726558731,34.68585616720469,0.18114545816286662,83.51692630710266,3,32.58386485145156,True,0.8810355026195387,1.2170919121376895,0.6029839227142586
24,1750.0,435005.57205838873,4002546.8819539854,-75.72264478059914,36.16549931950335,ok,61.107479995087175,IW3,0,14876.820970610923,664.7048192678792,154,37,3.3208710917295075,13.89971655723145,0.0,0.4849370211949328,affine_dtft,44.2563430605047,1,identified,1,35.271604070005566,83.08800147985801,35.12291023718577,0.17889136363556152,84.0938588862294,4,27.902035752942226,True,2.8280635712421716,3.4430735294068557,2.28811359533929
24,1800.0,435052.7999102087,4002563.299323217,-75.7221210698342,36.165650489593986,ok,,IW3,0,14891.646109575451,665.3398765607753,154,37,3.320864637312672,13.89971511393653,0.0,0.3265527719902036,affine_dtft,44.258935716875285,1,ambiguous_multiple_blobs,3,36.03238668661841,83.45765722194258,126.25842225051424,0.04976448457999003,80.53767779197403,3,3.5496695685253976,False,,,
24,1850.0,435100.02776202856,4002579.716692448,-75.72159735702334,36.16580165741281,ok,112.56291464042131,IW3,0,14906.47129060839,665.9749138003967,154,37,3.3208581832637387,13.899713673727065,0.0,0.07532052188292482,affine_dtft,44.26152838065998,1,identified,1,125.11325759375951,75.72474912838935,140.65721748345732,0.04467019481541039,74.05460409907685,2,5.880595858492916,True,10.350638243748914,11.785088066689227,9.092035584141868
24,1900.0,435147.2556138485,4002596.1340616792,-75.72107364216662,36.165952822959724,ok,109.97490029314514,IW3,0,14921.296513707022,666.6099309862138,154,37,3.3208517310963397,13.899712230056764,0.0,0.007731755570672581,affine_dtft,44.26412105185831,1,identified,1,129.88294391208152,75.71614430697254,161.90861620062083,0.03880698541326606,71.56505117707769,3,16.53186319521317,True,9.827262662317969,11.203893629027053,8.617142208182361
24,1950.0,435194.48346566845,4002612.5514309104,-75.72054992526405,36.16610398623474,ok,,IW3,0,14936.121778870951,667.2449281182148,154,37,3.3208452775493003,13.899710790373048,0.0,0.007731775818786136,affine_dtft,44.26671373047019,1,ambiguous_multiple_blobs,4,227.12453107664916,58.08208062919906,228.9733608959782,0.027440682543127867,63.434948822921704,1,18.42258436694725,False,,,
24,2000.0,435241.71131748834,4002628.968800142,-75.72002620631567,36.166255147237806,ok,71.59119920732269,IW3,0,14950.947086099544,667.879905196067,154,37,3.3208388242973323,13.89970935092522,0.0,0.007731774849452498,affine_dtft,44.269306416495525,1,identified,5,252.8313708561709,51.31628894532822,27.358867195357277,0.2296580944786276,85.91438322002506,3,18.018206002252363,True,3.923956277898727,4.666345885403434,3.2675592324629474
24,2050.0,435288.9391693083,4002645.386169373,-75.71950248532153,36.16640630596887,ok,41.48539354288998,IW3,0,14965.772435390654,668.5148622194193,154,37,3.320832367599558,13.899707914178213,0.0,0.007731796317545155,affine_dtft,44.27189910993391,1,identified,6,52.7604786133725,120.31980262733171,47.36747728062078,0.1326476660337196,60.724745722747386,7,19.203145196908274,True,1.2838417297164215,1.6888579215206316,0.9401285432116219
24,2100.0,435336.16702112823,4002661.803538604,-75.71897876228165,36.16655746242791,ok,41.48539354288998,IW3,0,14980.597826743902,669.1497991880926,154,37,3.3208259157961106,13.899706475081011,0.0,0.007731816954251582,affine_dtft,44.27449181078533,1,identified,5,21.149053116852233,82.46365540159945,49.729836152691874,0.1263463906836033,60.9453959009228,3,12.510499319399473,True,1.2838417297164215,1.6888579215206316,0.9401285432116219
24,2150.0,435383.3948729481,4002678.2209078358,-75.71845503719608,36.16670861661488,ok,,IW3,0,14995.423260156978,669.7847161018343,154,37,3.3208194628310843,13.899705036026077,0.0,0.0077318165022189494,affine_dtft,44.27708451904933,1,ambiguous_multiple_blobs,5,21.15140716304055,82.51201485916881,78.76923076923069,0.07976700097005342,67.38013505195947,2,6.242435008845793,False,,,
24,2200.0,435430.62272476807,4002694.638277067,-75.71793131006484,36.16685976852977,ok,,IW3,0,15010.248735630032,670.4196129605461,154,37,3.3208130106865728,13.899703600776046,0.0,0.007731835809327393,affine_dtft,44.279677234725966,1,ambiguous_multiple_blobs,4,21.157381181232292,82.63615716551087,78.76923076923069,0.07976700097005342,67.38013505195947,2,5.764119128764804,False,,,
24,2250.0,435477.850576588,4002711.055646298,-75.717407580888,36.167010918172494,ok,,IW3,0,15025.074253160989,671.0544897635745,154,37,3.320806558530303,13.89970216473962,0.0,0.007731856201254333,affine_dtft,44.28226995781488,1,identified,3,21.169497789864934,82.89456506835855,81.7240969694844,0.07688289672415363,61.3895403340347,4,6.156158327765635,True,,,
24,2300.0,435525.0784284079,4002727.4730155296,-75.71688384966555,36.167162065543046,ok,61.548574216015346,IW3,0,15039.899812749292,671.6893465109995,154,37,3.3208001077768246,13.89970073040937,0.0,0.007731857273586572,affine_dtft,44.28486268831597,1,identified,4,21.179084686388922,83.105846055806,81.75303097533674,0.07685568635461476,64.7988763545248,3,5.888978546169125,True,2.870231259425041,3.4903501089844604,2.325574264774266
24,2350.0,435572.30628022784,4002743.8903847607,-75.71636011639755,36.167313210641375,ok,,IW3,0,15054.725414393111,672.3241832023299,154,37,3.32079365606499,13.899699296490406,0.0,0.007731877221193876,affine_dtft,44.287455426228895,1,ambiguous_multiple_blobs,5,21.182756423781424,83.18849249222963,42.629677785273635,0.14738993193493252,92.38594403038867,2,12.097570063254876,False,,,
24,2400.0,435619.53413204773,4002760.307753992,-75.71583638108405,36.16746435346745,ok,,IW3,0,15069.551058091762,672.9589998375197,154,37,3.320787203483054,13.89969786287064,0.0,0.0077318761722983236,affine_dtft,44.29004817155356,1,identified,1,21.179629467235774,83.11804601727006,21.168594703224883,0.29681636382893134,82.87498365109815,1,30.787686726930026,True,,,
24,2450.0,435666.7619838677,4002776.725123223,-75.71531264372507,36.16761549402122,ok,,IW3,0,15084.376743843535,673.5937964160452,154,37,3.320780752158162,13.899696429586964,0.0,0.0077318965977205036,affine_dtft,44.29264092428966,1,ambiguous_multiple_blobs,4,21.17480885950462,83.01082799335025,79.96096608696622,0.07857815650133518,141.34019174590958,1,8.576640184092037,False,,,
24,2500.0,435713.9898356876,4002793.1424924545,-75.71478890432064,36.167766632302666,ok,,IW3,0,15099.202471647717,674.2285729379058,154,37,3.3207743013891196,13.899694999261134,0.0,0.007731917432586151,affine_dtft,44.29523368443707,1,ambiguous_multiple_blobs,9,127.60542736968421,49.63615455173746,32.664220056585286,0.19235681416225525,81.43911042883532,6,6.523645688233294,False,,,
24,2550.0,435761.2176875075,4002809.5598616856,-75.7142651628708,36.16791776831173,ok,,IW3,0,15114.028241503544,674.8633294026274,154,37,3.320767850550762,13.899693566421995,0.0,0.00773191584874437,affine_dtft,44.29782645199565,1,identified,6,134.24165102154728,50.822876972186506,69.53145296065416,0.0903646485100068,174.80557109226496,3,5.7267481021983455,True,,,
24,2600.0,435808.44553932745,4002825.9772309167,-75.71374141937561,36.168068902048404,ok,,IW3,0,15128.854053408375,675.4980658102023,154,37,3.3207613989459914,13.899692136199409,0.0,0.007731936694862774,affine_dtft,44.300419226964955,1,ambiguous_multiple_blobs,10,132.45034039046533,54.117332149980385,131.1097650512854,0.04792309180572349,50.19442890773478,2,6.456669164973505,False,,,
24,2650.0,435855.6733911474,4002842.3946001483,-75.71321767383508,36.16822003351262,ok,98.37953727758685,IW3,0,15143.679907362624,676.1327821601534,154,37,3.320754950066329,13.89969070673582,0.0,0.007731958034764531,affine_dtft,44.30301200934504,1,identified,5,26.437043244376163,78.92546942381406,69.74616717104627,0.09008646011716506,129.4724598483435,3,8.484902126643648,True,7.695316134647003,8.842201184604974,6.681021300654713
24,2700.0,435902.9012429673,4002858.8119693794,-75.71269392624923,36.16837116270434,ok,112.74956609226062,IW3,0,15158.50580336456,676.7674784521829,154,37,3.3207485013360083,13.899689277683697,0.0,0.007731957913890959,affine_dtft,44.30560479913562,1,identified,4,68.78761084316156,127.78902027211386,127.12026448932349,0.04942709435368816,65.55604521958325,3,5.0773365034116305,True,10.389096271740447,11.827822619628122,9.126920155108659
24,2750.0,435950.12909478723,4002875.2293386105,-75.71217017661814,36.16852228962353,ok,115.60196651767835,IW3,0,15173.331741412483,677.402154686113,154,37,3.320742051735609,13.899687850613066,0.0,0.007731978294563638,affine_dtft,44.308197596336385,1,identified,3,135.77917526207256,61.569794671733455,127.12026448932349,0.04942709435368816,65.55604521958325,3,5.6198805958191125,True,10.989018288477935,12.494992033506026,9.670874427752166
24,2800.0,435997.3569466071,4002891.6467078417,-75.71164642494183,36.16867341427017,ok,127.05504672733896,IW3,0,15188.157721505304,678.036810861723,154,37,3.3207356008585553,13.899686421921094,0.0,0.007731999002937542,affine_dtft,44.310790400947155,1,identified,1,138.2863009819695,60.81756206347722,127.01156821934926,0.04946939397148858,60.255118703057654,2,7.034655207712901,True,13.645220088041816,15.463476779500587,12.072548908808363
24,2850.0,436044.58479842707,4002908.0640770732,-75.71112267122032,36.168824536644216,ok,124.52832991907208,IW3,0,15202.983743642759,678.6714469788607,154,37,3.3207291510477215,13.899684997603325,0.0,0.00773199779955375,affine_dtft,44.31338321296787,1,identified,2,132.33723987511905,60.43480852017534,127.01156821934926,0.04946939397148858,60.255118703057654,2,7.499159715714676,True,13.023133057555192,14.765851008420839,11.511235522991912
24,2900.0,436091.812650247,4002924.4814463044,-75.71059891545366,36.16897565674561,ok,122.0016131108052,IW3,0,15217.809807823212,679.3060630369363,154,37,3.3207227018224117,13.89968357018186,0.0,0.007732019165924709,affine_dtft,44.31597603239826,1,identified,2,125.49682162244706,62.816424929403055,127.01156821934926,0.04946939397148858,60.255118703057654,2,11.387687004726816,True,12.422149354384826,14.093370967911655,10.968235118257649
24,2950.0,436139.0405020669,4002940.8988155355,-75.7100751576419,36.16912677457434,ok,120.74912433366919,IW3,0,15232.635914044844,679.9406590360365,154,37,3.3207162546406988,13.899682146684077,0.0,0.007732017904610683,affine_dtft,44.31856885923799,1,identified,1,116.11946059194963,63.960147889553234,114.4866804479891,0.05488136508625573,63.434948822921854,1,11.093070317255846,True,12.131810848272098,13.768981937857172,10.705671266594495
24,3000.0,436186.26835388684,4002957.316184767,-75.70955139778503,36.169277890130346,ok,118.66164303844249,IW3,0,15247.462062307339,680.5752349756667,154,37,3.320709806078573,13.899680722925906,0.0,0.007732038222587642,affine_dtft,44.321161693487035,1,identified,1,109.57736256701378,66.63490601129647,114.4866804479891,0.05488136508625573,63.434948822921854,1,10.306056950711904,True,11.65873335440973,13.241066124126132,10.277543872748774
