acquisition_id,instrument_id,family,product,variable,role,sensor_time_utc,timestamp_original,timestamp_original_units,offset_seconds,interval_distance_seconds,observation_duration_seconds,interval_start_utc,interval_end_utc,units,value,tensor_pointer,original_sample_index,position_id,sensor_vertical_context,status,within_tolerance,representative_eligible,qc_flag,valid_fraction,interpretation,duplicate_status,spectral_status,spectral_valid_bin_fraction
c49a9c1f-9b00-5676-ab05-683975d898a2,FRF:waverider-17m,waves,https://chldata.erdc.dren.mil/thredds/dodsC/frf/oceanography/waves/waverider-17m/2021/FRF-ocean_waves_waverider-17m_202110.nc,waveHs,nearest_context,2021-10-28T23:00:00.000003+00:00,1635462000.0000033,seconds since 1970-01-01 00:00:00,-396.3229966163635,,1800,,,m,1.7103801,waves__waverider-17m__4e2d54ee6b11/variables/waveHs/17,1326,position_41d4e27f87847229c9e8a045,"{""nominalDepth"": {""value"": 18.0, ""attributes"": {""_FillValue"": -999.0, ""units"": ""m"", ""description"": ""Nominal bottom vertical location from NAVD88"", ""long_name"": ""Bottom Elevation (NAVD88)"", ""short_name"": ""Bottom Elevation""}}, ""gaugeDepth"": {""value"": 0.0, ""attributes"": {""_FillValue"": -999.0, ""units"": ""m"", ""long_name"": ""Sensor Depth Using Pressure, relative to mean water level"", ""short_name"": ""Gauge Depth"", ""_ChunkSizes"": 10.0}}}",retrieved,True,True,1.0,1.0,Significant wave height computed for spectral frquencies between 0.04 and 0.5 Hz,unique,,
c49a9c1f-9b00-5676-ab05-683975d898a2,FRF:waverider-17m,waves,https://chldata.erdc.dren.mil/thredds/dodsC/frf/oceanography/waves/waverider-17m/2021/FRF-ocean_waves_waverider-17m_202110.nc,waveHs,previous_qc,2021-10-28T23:00:00.000003+00:00,1635462000.0000033,seconds since 1970-01-01 00:00:00,-396.3229966163635,,1800,,,m,1.7103801,waves__waverider-17m__4e2d54ee6b11/variables/waveHs/17,1326,position_41d4e27f87847229c9e8a045,"{""nominalDepth"": {""value"": 18.0, ""attributes"": {""_FillValue"": -999.0, ""units"": ""m"", ""description"": ""Nominal bottom vertical location from NAVD88"", ""long_name"": ""Bottom Elevation (NAVD88)"", ""short_name"": ""Bottom Elevation""}}, ""gaugeDepth"": {""value"": 0.0, ""attributes"": {""_FillValue"": -999.0, ""units"": ""m"", ""long_name"": ""Sensor Depth Using Pressure, relative to mean water level"", ""short_name"": ""Gauge Depth"", ""_ChunkSizes"": 10.0}}}",retrieved,True,True,1.0,1.0,Significant wave height computed for spectral frquencies between 0.04 and 0.5 Hz,unique,,
c49a9c1f-9b00-5676-ab05-683975d898a2,FRF:waverider-17m,waves,https://chldata.erdc.dren.mil/thredds/dodsC/frf/oceanography/waves/waverider-17m/2021/FRF-ocean_waves_waverider-17m_202110.nc,waveHs,next_qc,2021-10-28T23:29:59.999997+00:00,1635463799.9999967,seconds since 1970-01-01 00:00:00,1403.6769967079163,,1800,,,m,1.5841705,waves__waverider-17m__4e2d54ee6b11/variables/waveHs/18,1327,position_ce170ab836dca6f9e65e7c6a,"{""nominalDepth"": {""value"": 18.0, ""attributes"": {""_FillValue"": -999.0, ""units"": ""m"", ""description"": ""Nominal bottom vertical location from NAVD88"", ""long_name"": ""Bottom Elevation (NAVD88)"", ""short_name"": ""Bottom Elevation""}}, ""gaugeDepth"": {""value"": -999.0, ""attributes"": {""_FillValue"": -999.0, ""units"": ""m"", ""long_name"": ""Sensor Depth Using Pressure, relative to mean water level"", ""short_name"": ""Gauge Depth"", ""_ChunkSizes"": 10.0}}}",retrieved,True,True,1.0,1.0,Significant wave height computed for spectral frquencies between 0.04 and 0.5 Hz,unique,,
c49a9c1f-9b00-5676-ab05-683975d898a2,FRF:waverider-17m,waves,https://chldata.erdc.dren.mil/thredds/dodsC/frf/oceanography/waves/waverider-17m/2021/FRF-ocean_waves_waverider-17m_202110.nc,waveHs,nearest_qc,2021-10-28T23:00:00.000003+00:00,1635462000.0000033,seconds since 1970-01-01 00:00:00,-396.3229966163635,,1800,,,m,1.7103801,waves__waverider-17m__4e2d54ee6b11/variables/waveHs/17,1326,position_41d4e27f87847229c9e8a045,"{""nominalDepth"": {""value"": 18.0, ""attributes"": {""_FillValue"": -999.0, ""units"": ""m"", ""description"": ""Nominal bottom vertical location from NAVD88"", ""long_name"": ""Bottom Elevation (NAVD88)"", ""short_name"": ""Bottom Elevation""}}, ""gaugeDepth"": {""value"": 0.0, ""attributes"": {""_FillValue"": -999.0, ""units"": ""m"", ""long_name"": ""Sensor Depth Using Pressure, relative to mean water level"", ""short_name"": ""Gauge Depth"", ""_ChunkSizes"": 10.0}}}",retrieved,True,True,1.0,1.0,Significant wave height computed for spectral frquencies between 0.04 and 0.5 Hz,unique,,
c49a9c1f-9b00-5676-ab05-683975d898a2,FRF:waverider-17m,waves,https://chldata.erdc.dren.mil/thredds/dodsC/frf/oceanography/waves/waverider-17m/2021/FRF-ocean_waves_waverider-17m_202110.nc,waveTp,nearest_context,2021-10-28T23:00:00.000003+00:00,1635462000.0000033,seconds since 1970-01-01 00:00:00,-396.3229966163635,,1800,,,s,11.396011,waves__waverider-17m__4e2d54ee6b11/variables/waveTp/17,1326,position_41d4e27f87847229c9e8a045,"{""nominalDepth"": {""value"": 18.0, ""attributes"": {""_FillValue"": -999.0, ""units"": ""m"", ""description"": ""Nominal bottom vertical location from NAVD88"", ""long_name"": ""Bottom Elevation (NAVD88)"", ""short_name"": ""Bottom Elevation""}}, ""gaugeDepth"": {""value"": 0.0, ""attributes"": {""_FillValue"": -999.0, ""units"": ""m"", ""long_name"": ""Sensor Depth Using Pressure, relative to mean water level"", ""short_name"": ""Gauge Depth"", ""_ChunkSizes"": 10.0}}}",retrieved,True,True,1.0,1.0,Period of a parobolic fit to the peak of the energy density spectrum using the peak and two surrounding points.  Computed for wave periods between 2 and 25 seconds,unique,,
c49a9c1f-9b00-5676-ab05-683975d898a2,FRF:waverider-17m,waves,https://chldata.erdc.dren.mil/thredds/dodsC/frf/oceanography/waves/waverider-17m/2021/FRF-ocean_waves_waverider-17m_202110.nc,waveTp,previous_qc,2021-10-28T23:00:00.000003+00:00,1635462000.0000033,seconds since 1970-01-01 00:00:00,-396.3229966163635,,1800,,,s,11.396011,waves__waverider-17m__4e2d54ee6b11/variables/waveTp/17,1326,position_41d4e27f87847229c9e8a045,"{""nominalDepth"": {""value"": 18.0, ""attributes"": {""_FillValue"": -999.0, ""units"": ""m"", ""description"": ""Nominal bottom vertical location from NAVD88"", ""long_name"": ""Bottom Elevation (NAVD88)"", ""short_name"": ""Bottom Elevation""}}, ""gaugeDepth"": {""value"": 0.0, ""attributes"": {""_FillValue"": -999.0, ""units"": ""m"", ""long_name"": ""Sensor Depth Using Pressure, relative to mean water level"", ""short_name"": ""Gauge Depth"", ""_ChunkSizes"": 10.0}}}",retrieved,True,True,1.0,1.0,Period of a parobolic fit to the peak of the energy density spectrum using the peak and two surrounding points.  Computed for wave periods between 2 and 25 seconds,unique,,
c49a9c1f-9b00-5676-ab05-683975d898a2,FRF:waverider-17m,waves,https://chldata.erdc.dren.mil/thredds/dodsC/frf/oceanography/waves/waverider-17m/2021/FRF-ocean_waves_waverider-17m_202110.nc,waveTp,next_qc,2021-10-28T23:29:59.999997+00:00,1635463799.9999967,seconds since 1970-01-01 00:00:00,1403.6769967079163,,1800,,,s,12.42236,waves__waverider-17m__4e2d54ee6b11/variables/waveTp/18,1327,position_ce170ab836dca6f9e65e7c6a,"{""nominalDepth"": {""value"": 18.0, ""attributes"": {""_FillValue"": -999.0, ""units"": ""m"", ""description"": ""Nominal bottom vertical location from NAVD88"", ""long_name"": ""Bottom Elevation (NAVD88)"", ""short_name"": ""Bottom Elevation""}}, ""gaugeDepth"": {""value"": -999.0, ""attributes"": {""_FillValue"": -999.0, ""units"": ""m"", ""long_name"": ""Sensor Depth Using Pressure, relative to mean water level"", ""short_name"": ""Gauge Depth"", ""_ChunkSizes"": 10.0}}}",retrieved,True,True,1.0,1.0,Period of a parobolic fit to the peak of the energy density spectrum using the peak and two surrounding points.  Computed for wave periods between 2 and 25 seconds,unique,,
c49a9c1f-9b00-5676-ab05-683975d898a2,FRF:waverider-17m,waves,https://chldata.erdc.dren.mil/thredds/dodsC/frf/oceanography/waves/waverider-17m/2021/FRF-ocean_waves_waverider-17m_202110.nc,waveTp,nearest_qc,2021-10-28T23:00:00.000003+00:00,1635462000.0000033,seconds since 1970-01-01 00:00:00,-396.3229966163635,,1800,,,s,11.396011,waves__waverider-17m__4e2d54ee6b11/variables/waveTp/17,1326,position_41d4e27f87847229c9e8a045,"{""nominalDepth"": {""value"": 18.0, ""attributes"": {""_FillValue"": -999.0, ""units"": ""m"", ""description"": ""Nominal bottom vertical location from NAVD88"", ""long_name"": ""Bottom Elevation (NAVD88)"", ""short_name"": ""Bottom Elevation""}}, ""gaugeDepth"": {""value"": 0.0, ""attributes"": {""_FillValue"": -999.0, ""units"": ""m"", ""long_name"": ""Sensor Depth Using Pressure, relative to mean water level"", ""short_name"": ""Gauge Depth"", ""_ChunkSizes"": 10.0}}}",retrieved,True,True,1.0,1.0,Period of a parobolic fit to the peak of the energy density spectrum using the peak and two surrounding points.  Computed for wave periods between 2 and 25 seconds,unique,,
c49a9c1f-9b00-5676-ab05-683975d898a2,FRF:waverider-17m,waves,https://chldata.erdc.dren.mil/thredds/dodsC/frf/oceanography/waves/waverider-17m/2021/FRF-ocean_waves_waverider-17m_202110.nc,waveTm,nearest_context,2021-10-28T23:00:00.000003+00:00,1635462000.0000033,seconds since 1970-01-01 00:00:00,-396.3229966163635,,1800,,,s,8.398706,waves__waverider-17m__4e2d54ee6b11/variables/waveTm/17,1326,position_41d4e27f87847229c9e8a045,"{""nominalDepth"": {""value"": 18.0, ""attributes"": {""_FillValue"": -999.0, ""units"": ""m"", ""description"": ""Nominal bottom vertical location from NAVD88"", ""long_name"": ""Bottom Elevation (NAVD88)"", ""short_name"": ""Bottom Elevation""}}, ""gaugeDepth"": {""value"": 0.0, ""attributes"": {""_FillValue"": -999.0, ""units"": ""m"", ""long_name"": ""Sensor Depth Using Pressure, relative to mean water level"", ""short_name"": ""Gauge Depth"", ""_ChunkSizes"": 10.0}}}",retrieved,True,True,1.0,1.0,Period for the mean of the energy density spectrum,unique,,
c49a9c1f-9b00-5676-ab05-683975d898a2,FRF:waverider-17m,waves,https://chldata.erdc.dren.mil/thredds/dodsC/frf/oceanography/waves/waverider-17m/2021/FRF-ocean_waves_waverider-17m_202110.nc,waveTm,previous_qc,2021-10-28T23:00:00.000003+00:00,1635462000.0000033,seconds since 1970-01-01 00:00:00,-396.3229966163635,,1800,,,s,8.398706,waves__waverider-17m__4e2d54ee6b11/variables/waveTm/17,1326,position_41d4e27f87847229c9e8a045,"{""nominalDepth"": {""value"": 18.0, ""attributes"": {""_FillValue"": -999.0, ""units"": ""m"", ""description"": ""Nominal bottom vertical location from NAVD88"", ""long_name"": ""Bottom Elevation (NAVD88)"", ""short_name"": ""Bottom Elevation""}}, ""gaugeDepth"": {""value"": 0.0, ""attributes"": {""_FillValue"": -999.0, ""units"": ""m"", ""long_name"": ""Sensor Depth Using Pressure, relative to mean water level"", ""short_name"": ""Gauge Depth"", ""_ChunkSizes"": 10.0}}}",retrieved,True,True,1.0,1.0,Period for the mean of the energy density spectrum,unique,,
c49a9c1f-9b00-5676-ab05-683975d898a2,FRF:waverider-17m,waves,https://chldata.erdc.dren.mil/thredds/dodsC/frf/oceanography/waves/waverider-17m/2021/FRF-ocean_waves_waverider-17m_202110.nc,waveTm,next_qc,2021-10-28T23:29:59.999997+00:00,1635463799.9999967,seconds since 1970-01-01 00:00:00,1403.6769967079163,,1800,,,s,7.863326,waves__waverider-17m__4e2d54ee6b11/variables/waveTm/18,1327,position_ce170ab836dca6f9e65e7c6a,"{""nominalDepth"": {""value"": 18.0, ""attributes"": {""_FillValue"": -999.0, ""units"": ""m"", ""description"": ""Nominal bottom vertical location from NAVD88"", ""long_name"": ""Bottom Elevation (NAVD88)"", ""short_name"": ""Bottom Elevation""}}, ""gaugeDepth"": {""value"": -999.0, ""attributes"": {""_FillValue"": -999.0, ""units"": ""m"", ""long_name"": ""Sensor Depth Using Pressure, relative to mean water level"", ""short_name"": ""Gauge Depth"", ""_ChunkSizes"": 10.0}}}",retrieved,True,True,1.0,1.0,Period for the mean of the energy density spectrum,unique,,
c49a9c1f-9b00-5676-ab05-683975d898a2,FRF:waverider-17m,waves,https://chldata.erdc.dren.mil/thredds/dodsC/frf/oceanography/waves/waverider-17m/2021/FRF-ocean_waves_waverider-17m_202110.nc,waveTm,nearest_qc,2021-10-28T23:00:00.000003+00:00,1635462000.0000033,seconds since 1970-01-01 00:00:00,-396.3229966163635,,1800,,,s,8.398706,waves__waverider-17m__4e2d54ee6b11/variables/waveTm/17,1326,position_41d4e27f87847229c9e8a045,"{""nominalDepth"": {""value"": 18.0, ""attributes"": {""_FillValue"": -999.0, ""units"": ""m"", ""description"": ""Nominal bottom vertical location from NAVD88"", ""long_name"": ""Bottom Elevation (NAVD88)"", ""short_name"": ""Bottom Elevation""}}, ""gaugeDepth"": {""value"": 0.0, ""attributes"": {""_FillValue"": -999.0, ""units"": ""m"", ""long_name"": ""Sensor Depth Using Pressure, relative to mean water level"", ""short_name"": ""Gauge Depth"", ""_ChunkSizes"": 10.0}}}",retrieved,True,True,1.0,1.0,Period for the mean of the energy density spectrum,unique,,
c49a9c1f-9b00-5676-ab05-683975d898a2,FRF:waverider-17m,waves,https://chldata.erdc.dren.mil/thredds/dodsC/frf/oceanography/waves/waverider-17m/2021/FRF-ocean_waves_waverider-17m_202110.nc,waveMeanDirection,nearest_context,2021-10-28T23:00:00.000003+00:00,1635462000.0000033,seconds since 1970-01-01 00:00:00,-396.3229966163635,,1800,,,degree,61.399113,waves__waverider-17m__4e2d54ee6b11/variables/waveMeanDirection/17,1326,position_41d4e27f87847229c9e8a045,"{""nominalDepth"": {""value"": 18.0, ""attributes"": {""_FillValue"": -999.0, ""units"": ""m"", ""description"": ""Nominal bottom vertical location from NAVD88"", ""long_name"": ""Bottom Elevation (NAVD88)"", ""short_name"": ""Bottom Elevation""}}, ""gaugeDepth"": {""value"": 0.0, ""attributes"": {""_FillValue"": -999.0, ""units"": ""m"", ""long_name"": ""Sensor Depth Using Pressure, relative to mean water level"", ""short_name"": ""Gauge Depth"", ""_ChunkSizes"": 10.0}}}",retrieved,True,True,1.0,1.0,"Wave direction is from true north (MET convention), energy weighted over and computed from a1 & b1",unique,,
c49a9c1f-9b00-5676-ab05-683975d898a2,FRF:waverider-17m,waves,https://chldata.erdc.dren.mil/thredds/dodsC/frf/oceanography/waves/waverider-17m/2021/FRF-ocean_waves_waverider-17m_202110.nc,waveMeanDirection,previous_qc,2021-10-28T23:00:00.000003+00:00,1635462000.0000033,seconds since 1970-01-01 00:00:00,-396.3229966163635,,1800,,,degree,61.399113,waves__waverider-17m__4e2d54ee6b11/variables/waveMeanDirection/17,1326,position_41d4e27f87847229c9e8a045,"{""nominalDepth"": {""value"": 18.0, ""attributes"": {""_FillValue"": -999.0, ""units"": ""m"", ""description"": ""Nominal bottom vertical location from NAVD88"", ""long_name"": ""Bottom Elevation (NAVD88)"", ""short_name"": ""Bottom Elevation""}}, ""gaugeDepth"": {""value"": 0.0, ""attributes"": {""_FillValue"": -999.0, ""units"": ""m"", ""long_name"": ""Sensor Depth Using Pressure, relative to mean water level"", ""short_name"": ""Gauge Depth"", ""_ChunkSizes"": 10.0}}}",retrieved,True,True,1.0,1.0,"Wave direction is from true north (MET convention), energy weighted over and computed from a1 & b1",unique,,
c49a9c1f-9b00-5676-ab05-683975d898a2,FRF:waverider-17m,waves,https://chldata.erdc.dren.mil/thredds/dodsC/frf/oceanography/waves/waverider-17m/2021/FRF-ocean_waves_waverider-17m_202110.nc,waveMeanDirection,next_qc,2021-10-28T23:29:59.999997+00:00,1635463799.9999967,seconds since 1970-01-01 00:00:00,1403.6769967079163,,1800,,,degree,59.76927,waves__waverider-17m__4e2d54ee6b11/variables/waveMeanDirection/18,1327,position_ce170ab836dca6f9e65e7c6a,"{""nominalDepth"": {""value"": 18.0, ""attributes"": {""_FillValue"": -999.0, ""units"": ""m"", ""description"": ""Nominal bottom vertical location from NAVD88"", ""long_name"": ""Bottom Elevation (NAVD88)"", ""short_name"": ""Bottom Elevation""}}, ""gaugeDepth"": {""value"": -999.0, ""attributes"": {""_FillValue"": -999.0, ""units"": ""m"", ""long_name"": ""Sensor Depth Using Pressure, relative to mean water level"", ""short_name"": ""Gauge Depth"", ""_ChunkSizes"": 10.0}}}",retrieved,True,True,1.0,1.0,"Wave direction is from true north (MET convention), energy weighted over and computed from a1 & b1",unique,,
c49a9c1f-9b00-5676-ab05-683975d898a2,FRF:waverider-17m,waves,https://chldata.erdc.dren.mil/thredds/dodsC/frf/oceanography/waves/waverider-17m/2021/FRF-ocean_waves_waverider-17m_202110.nc,waveMeanDirection,nearest_qc,2021-10-28T23:00:00.000003+00:00,1635462000.0000033,seconds since 1970-01-01 00:00:00,-396.3229966163635,,1800,,,degree,61.399113,waves__waverider-17m__4e2d54ee6b11/variables/waveMeanDirection/17,1326,position_41d4e27f87847229c9e8a045,"{""nominalDepth"": {""value"": 18.0, ""attributes"": {""_FillValue"": -999.0, ""units"": ""m"", ""description"": ""Nominal bottom vertical location from NAVD88"", ""long_name"": ""Bottom Elevation (NAVD88)"", ""short_name"": ""Bottom Elevation""}}, ""gaugeDepth"": {""value"": 0.0, ""attributes"": {""_FillValue"": -999.0, ""units"": ""m"", ""long_name"": ""Sensor Depth Using Pressure, relative to mean water level"", ""short_name"": ""Gauge Depth"", ""_ChunkSizes"": 10.0}}}",retrieved,True,True,1.0,1.0,"Wave direction is from true north (MET convention), energy weighted over and computed from a1 & b1",unique,,
c49a9c1f-9b00-5676-ab05-683975d898a2,FRF:waverider-17m,waves,https://chldata.erdc.dren.mil/thredds/dodsC/frf/oceanography/waves/waverider-17m/2021/FRF-ocean_waves_waverider-17m_202110.nc,wavePeakDirectionPeakFrequency,nearest_context,2021-10-28T23:00:00.000003+00:00,1635462000.0000033,seconds since 1970-01-01 00:00:00,-396.3229966163635,,1800,,,degree,70.0,waves__waverider-17m__4e2d54ee6b11/variables/wavePeakDirectionPeakFrequency/17,1326,position_41d4e27f87847229c9e8a045,"{""nominalDepth"": {""value"": 18.0, ""attributes"": {""_FillValue"": -999.0, ""units"": ""m"", ""description"": ""Nominal bottom vertical location from NAVD88"", ""long_name"": ""Bottom Elevation (NAVD88)"", ""short_name"": ""Bottom Elevation""}}, ""gaugeDepth"": {""value"": 0.0, ""attributes"": {""_FillValue"": -999.0, ""units"": ""m"", ""long_name"": ""Sensor Depth Using Pressure, relative to mean water level"", ""short_name"": ""Gauge Depth"", ""_ChunkSizes"": 10.0}}}",retrieved,True,True,1.0,1.0,Wave direction is from true north (MET convention),unique,,
c49a9c1f-9b00-5676-ab05-683975d898a2,FRF:waverider-17m,waves,https://chldata.erdc.dren.mil/thredds/dodsC/frf/oceanography/waves/waverider-17m/2021/FRF-ocean_waves_waverider-17m_202110.nc,wavePeakDirectionPeakFrequency,previous_qc,2021-10-28T23:00:00.000003+00:00,1635462000.0000033,seconds since 1970-01-01 00:00:00,-396.3229966163635,,1800,,,degree,70.0,waves__waverider-17m__4e2d54ee6b11/variables/wavePeakDirectionPeakFrequency/17,1326,position_41d4e27f87847229c9e8a045,"{""nominalDepth"": {""value"": 18.0, ""attributes"": {""_FillValue"": -999.0, ""units"": ""m"", ""description"": ""Nominal bottom vertical location from NAVD88"", ""long_name"": ""Bottom Elevation (NAVD88)"", ""short_name"": ""Bottom Elevation""}}, ""gaugeDepth"": {""value"": 0.0, ""attributes"": {""_FillValue"": -999.0, ""units"": ""m"", ""long_name"": ""Sensor Depth Using Pressure, relative to mean water level"", ""short_name"": ""Gauge Depth"", ""_ChunkSizes"": 10.0}}}",retrieved,True,True,1.0,1.0,Wave direction is from true north (MET convention),unique,,
c49a9c1f-9b00-5676-ab05-683975d898a2,FRF:waverider-17m,waves,https://chldata.erdc.dren.mil/thredds/dodsC/frf/oceanography/waves/waverider-17m/2021/FRF-ocean_waves_waverider-17m_202110.nc,wavePeakDirectionPeakFrequency,next_qc,2021-10-28T23:29:59.999997+00:00,1635463799.9999967,seconds since 1970-01-01 00:00:00,1403.6769967079163,,1800,,,degree,65.0,waves__waverider-17m__4e2d54ee6b11/variables/wavePeakDirectionPeakFrequency/18,1327,position_ce170ab836dca6f9e65e7c6a,"{""nominalDepth"": {""value"": 18.0, ""attributes"": {""_FillValue"": -999.0, ""units"": ""m"", ""description"": ""Nominal bottom vertical location from NAVD88"", ""long_name"": ""Bottom Elevation (NAVD88)"", ""short_name"": ""Bottom Elevation""}}, ""gaugeDepth"": {""value"": -999.0, ""attributes"": {""_FillValue"": -999.0, ""units"": ""m"", ""long_name"": ""Sensor Depth Using Pressure, relative to mean water level"", ""short_name"": ""Gauge Depth"", ""_ChunkSizes"": 10.0}}}",retrieved,True,True,1.0,1.0,Wave direction is from true north (MET convention),unique,,
c49a9c1f-9b00-5676-ab05-683975d898a2,FRF:waverider-17m,waves,https://chldata.erdc.dren.mil/thredds/dodsC/frf/oceanography/waves/waverider-17m/2021/FRF-ocean_waves_waverider-17m_202110.nc,wavePeakDirectionPeakFrequency,nearest_qc,2021-10-28T23:00:00.000003+00:00,1635462000.0000033,seconds since 1970-01-01 00:00:00,-396.3229966163635,,1800,,,degree,70.0,waves__waverider-17m__4e2d54ee6b11/variables/wavePeakDirectionPeakFrequency/17,1326,position_41d4e27f87847229c9e8a045,"{""nominalDepth"": {""value"": 18.0, ""attributes"": {""_FillValue"": -999.0, ""units"": ""m"", ""description"": ""Nominal bottom vertical location from NAVD88"", ""long_name"": ""Bottom Elevation (NAVD88)"", ""short_name"": ""Bottom Elevation""}}, ""gaugeDepth"": {""value"": 0.0, ""attributes"": {""_FillValue"": -999.0, ""units"": ""m"", ""long_name"": ""Sensor Depth Using Pressure, relative to mean water level"", ""short_name"": ""Gauge Depth"", ""_ChunkSizes"": 10.0}}}",retrieved,True,True,1.0,1.0,Wave direction is from true north (MET convention),unique,,
c49a9c1f-9b00-5676-ab05-683975d898a2,FRF:waverider-17m,waves,https://chldata.erdc.dren.mil/thredds/dodsC/frf/oceanography/waves/waverider-17m/2021/FRF-ocean_waves_waverider-17m_202110.nc,directionalPeakSpread,nearest_context,2021-10-28T23:00:00.000003+00:00,1635462000.0000033,seconds since 1970-01-01 00:00:00,-396.3229966163635,,1800,,,deg,23.245344,waves__waverider-17m__4e2d54ee6b11/variables/directionalPeakSpread/17,1326,position_41d4e27f87847229c9e8a045,"{""nominalDepth"": {""value"": 18.0, ""attributes"": {""_FillValue"": -999.0, ""units"": ""m"", ""description"": ""Nominal bottom vertical location from NAVD88"", ""long_name"": ""Bottom Elevation (NAVD88)"", ""short_name"": ""Bottom Elevation""}}, ""gaugeDepth"": {""value"": 0.0, ""attributes"": {""_FillValue"": -999.0, ""units"": ""m"", ""long_name"": ""Sensor Depth Using Pressure, relative to mean water level"", ""short_name"": ""Gauge Depth"", ""_ChunkSizes"": 10.0}}}",retrieved,True,True,1.0,1.0,Directional spread at peak frequency with cos(2*theta) circular moments,unique,,
c49a9c1f-9b00-5676-ab05-683975d898a2,FRF:waverider-17m,waves,https://chldata.erdc.dren.mil/thredds/dodsC/frf/oceanography/waves/waverider-17m/2021/FRF-ocean_waves_waverider-17m_202110.nc,directionalPeakSpread,previous_qc,2021-10-28T23:00:00.000003+00:00,1635462000.0000033,seconds since 1970-01-01 00:00:00,-396.3229966163635,,1800,,,deg,23.245344,waves__waverider-17m__4e2d54ee6b11/variables/directionalPeakSpread/17,1326,position_41d4e27f87847229c9e8a045,"{""nominalDepth"": {""value"": 18.0, ""attributes"": {""_FillValue"": -999.0, ""units"": ""m"", ""description"": ""Nominal bottom vertical location from NAVD88"", ""long_name"": ""Bottom Elevation (NAVD88)"", ""short_name"": ""Bottom Elevation""}}, ""gaugeDepth"": {""value"": 0.0, ""attributes"": {""_FillValue"": -999.0, ""units"": ""m"", ""long_name"": ""Sensor Depth Using Pressure, relative to mean water level"", ""short_name"": ""Gauge Depth"", ""_ChunkSizes"": 10.0}}}",retrieved,True,True,1.0,1.0,Directional spread at peak frequency with cos(2*theta) circular moments,unique,,
c49a9c1f-9b00-5676-ab05-683975d898a2,FRF:waverider-17m,waves,https://chldata.erdc.dren.mil/thredds/dodsC/frf/oceanography/waves/waverider-17m/2021/FRF-ocean_waves_waverider-17m_202110.nc,directionalPeakSpread,next_qc,2021-10-28T23:29:59.999997+00:00,1635463799.9999967,seconds since 1970-01-01 00:00:00,1403.6769967079163,,1800,,,deg,24.031668,waves__waverider-17m__4e2d54ee6b11/variables/directionalPeakSpread/18,1327,position_ce170ab836dca6f9e65e7c6a,"{""nominalDepth"": {""value"": 18.0, ""attributes"": {""_FillValue"": -999.0, ""units"": ""m"", ""description"": ""Nominal bottom vertical location from NAVD88"", ""long_name"": ""Bottom Elevation (NAVD88)"", ""short_name"": ""Bottom Elevation""}}, ""gaugeDepth"": {""value"": -999.0, ""attributes"": {""_FillValue"": -999.0, ""units"": ""m"", ""long_name"": ""Sensor Depth Using Pressure, relative to mean water level"", ""short_name"": ""Gauge Depth"", ""_ChunkSizes"": 10.0}}}",retrieved,True,True,1.0,1.0,Directional spread at peak frequency with cos(2*theta) circular moments,unique,,
c49a9c1f-9b00-5676-ab05-683975d898a2,FRF:waverider-17m,waves,https://chldata.erdc.dren.mil/thredds/dodsC/frf/oceanography/waves/waverider-17m/2021/FRF-ocean_waves_waverider-17m_202110.nc,directionalPeakSpread,nearest_qc,2021-10-28T23:00:00.000003+00:00,1635462000.0000033,seconds since 1970-01-01 00:00:00,-396.3229966163635,,1800,,,deg,23.245344,waves__waverider-17m__4e2d54ee6b11/variables/directionalPeakSpread/17,1326,position_41d4e27f87847229c9e8a045,"{""nominalDepth"": {""value"": 18.0, ""attributes"": {""_FillValue"": -999.0, ""units"": ""m"", ""description"": ""Nominal bottom vertical location from NAVD88"", ""long_name"": ""Bottom Elevation (NAVD88)"", ""short_name"": ""Bottom Elevation""}}, ""gaugeDepth"": {""value"": 0.0, ""attributes"": {""_FillValue"": -999.0, ""units"": ""m"", ""long_name"": ""Sensor Depth Using Pressure, relative to mean water level"", ""short_name"": ""Gauge Depth"", ""_ChunkSizes"": 10.0}}}",retrieved,True,True,1.0,1.0,Directional spread at peak frequency with cos(2*theta) circular moments,unique,,
c49a9c1f-9b00-5676-ab05-683975d898a2,FRF:waverider-17m,waves,https://chldata.erdc.dren.mil/thredds/dodsC/frf/oceanography/waves/waverider-17m/2021/FRF-ocean_waves_waverider-17m_202110.nc,waveTm1,nearest_context,2021-10-28T23:00:00.000003+00:00,1635462000.0000033,seconds since 1970-01-01 00:00:00,-396.3229966163635,,1800,,,s,6.55734,waves__waverider-17m__4e2d54ee6b11/variables/waveTm1/17,1326,position_41d4e27f87847229c9e8a045,"{""nominalDepth"": {""value"": 18.0, ""attributes"": {""_FillValue"": -999.0, ""units"": ""m"", ""description"": ""Nominal bottom vertical location from NAVD88"", ""long_name"": ""Bottom Elevation (NAVD88)"", ""short_name"": ""Bottom Elevation""}}, ""gaugeDepth"": {""value"": 0.0, ""attributes"": {""_FillValue"": -999.0, ""units"": ""m"", ""long_name"": ""Sensor Depth Using Pressure, relative to mean water level"", ""short_name"": ""Gauge Depth"", ""_ChunkSizes"": 10.0}}}",retrieved,True,True,1.0,1.0,Period for the 1st moment mean of the energy density spectrum,unique,,
c49a9c1f-9b00-5676-ab05-683975d898a2,FRF:waverider-17m,waves,https://chldata.erdc.dren.mil/thredds/dodsC/frf/oceanography/waves/waverider-17m/2021/FRF-ocean_waves_waverider-17m_202110.nc,waveTm1,previous_qc,2021-10-28T23:00:00.000003+00:00,1635462000.0000033,seconds since 1970-01-01 00:00:00,-396.3229966163635,,1800,,,s,6.55734,waves__waverider-17m__4e2d54ee6b11/variables/waveTm1/17,1326,position_41d4e27f87847229c9e8a045,"{""nominalDepth"": {""value"": 18.0, ""attributes"": {""_FillValue"": -999.0, ""units"": ""m"", ""description"": ""Nominal bottom vertical location from NAVD88"", ""long_name"": ""Bottom Elevation (NAVD88)"", ""short_name"": ""Bottom Elevation""}}, ""gaugeDepth"": {""value"": 0.0, ""attributes"": {""_FillValue"": -999.0, ""units"": ""m"", ""long_name"": ""Sensor Depth Using Pressure, relative to mean water level"", ""short_name"": ""Gauge Depth"", ""_ChunkSizes"": 10.0}}}",retrieved,True,True,1.0,1.0,Period for the 1st moment mean of the energy density spectrum,unique,,
c49a9c1f-9b00-5676-ab05-683975d898a2,FRF:waverider-17m,waves,https://chldata.erdc.dren.mil/thredds/dodsC/frf/oceanography/waves/waverider-17m/2021/FRF-ocean_waves_waverider-17m_202110.nc,waveTm1,next_qc,2021-10-28T23:29:59.999997+00:00,1635463799.9999967,seconds since 1970-01-01 00:00:00,1403.6769967079163,,1800,,,s,5.9528155,waves__waverider-17m__4e2d54ee6b11/variables/waveTm1/18,1327,position_ce170ab836dca6f9e65e7c6a,"{""nominalDepth"": {""value"": 18.0, ""attributes"": {""_FillValue"": -999.0, ""units"": ""m"", ""description"": ""Nominal bottom vertical location from NAVD88"", ""long_name"": ""Bottom Elevation (NAVD88)"", ""short_name"": ""Bottom Elevation""}}, ""gaugeDepth"": {""value"": -999.0, ""attributes"": {""_FillValue"": -999.0, ""units"": ""m"", ""long_name"": ""Sensor Depth Using Pressure, relative to mean water level"", ""short_name"": ""Gauge Depth"", ""_ChunkSizes"": 10.0}}}",retrieved,True,True,1.0,1.0,Period for the 1st moment mean of the energy density spectrum,unique,,
c49a9c1f-9b00-5676-ab05-683975d898a2,FRF:waverider-17m,waves,https://chldata.erdc.dren.mil/thredds/dodsC/frf/oceanography/waves/waverider-17m/2021/FRF-ocean_waves_waverider-17m_202110.nc,waveTm1,nearest_qc,2021-10-28T23:00:00.000003+00:00,1635462000.0000033,seconds since 1970-01-01 00:00:00,-396.3229966163635,,1800,,,s,6.55734,waves__waverider-17m__4e2d54ee6b11/variables/waveTm1/17,1326,position_41d4e27f87847229c9e8a045,"{""nominalDepth"": {""value"": 18.0, ""attributes"": {""_FillValue"": -999.0, ""units"": ""m"", ""description"": ""Nominal bottom vertical location from NAVD88"", ""long_name"": ""Bottom Elevation (NAVD88)"", ""short_name"": ""Bottom Elevation""}}, ""gaugeDepth"": {""value"": 0.0, ""attributes"": {""_FillValue"": -999.0, ""units"": ""m"", ""long_name"": ""Sensor Depth Using Pressure, relative to mean water level"", ""short_name"": ""Gauge Depth"", ""_ChunkSizes"": 10.0}}}",retrieved,True,True,1.0,1.0,Period for the 1st moment mean of the energy density spectrum,unique,,
c49a9c1f-9b00-5676-ab05-683975d898a2,FRF:waverider-17m,waves,https://chldata.erdc.dren.mil/thredds/dodsC/frf/oceanography/waves/waverider-17m/2021/FRF-ocean_waves_waverider-17m_202110.nc,waveTm2,nearest_context,2021-10-28T23:00:00.000003+00:00,1635462000.0000033,seconds since 1970-01-01 00:00:00,-396.3229966163635,,1800,,,s,5.681095,waves__waverider-17m__4e2d54ee6b11/variables/waveTm2/17,1326,position_41d4e27f87847229c9e8a045,"{""nominalDepth"": {""value"": 18.0, ""attributes"": {""_FillValue"": -999.0, ""units"": ""m"", ""description"": ""Nominal bottom vertical location from NAVD88"", ""long_name"": ""Bottom Elevation (NAVD88)"", ""short_name"": ""Bottom Elevation""}}, ""gaugeDepth"": {""value"": 0.0, ""attributes"": {""_FillValue"": -999.0, ""units"": ""m"", ""long_name"": ""Sensor Depth Using Pressure, relative to mean water level"", ""short_name"": ""Gauge Depth"", ""_ChunkSizes"": 10.0}}}",retrieved,True,True,1.0,1.0,Period for the 2nd moment mean of the energy density spectrum,unique,,
c49a9c1f-9b00-5676-ab05-683975d898a2,FRF:waverider-17m,waves,https://chldata.erdc.dren.mil/thredds/dodsC/frf/oceanography/waves/waverider-17m/2021/FRF-ocean_waves_waverider-17m_202110.nc,waveTm2,previous_qc,2021-10-28T23:00:00.000003+00:00,1635462000.0000033,seconds since 1970-01-01 00:00:00,-396.3229966163635,,1800,,,s,5.681095,waves__waverider-17m__4e2d54ee6b11/variables/waveTm2/17,1326,position_41d4e27f87847229c9e8a045,"{""nominalDepth"": {""value"": 18.0, ""attributes"": {""_FillValue"": -999.0, ""units"": ""m"", ""description"": ""Nominal bottom vertical location from NAVD88"", ""long_name"": ""Bottom Elevation (NAVD88)"", ""short_name"": ""Bottom Elevation""}}, ""gaugeDepth"": {""value"": 0.0, ""attributes"": {""_FillValue"": -999.0, ""units"": ""m"", ""long_name"": ""Sensor Depth Using Pressure, relative to mean water level"", ""short_name"": ""Gauge Depth"", ""_ChunkSizes"": 10.0}}}",retrieved,True,True,1.0,1.0,Period for the 2nd moment mean of the energy density spectrum,unique,,
c49a9c1f-9b00-5676-ab05-683975d898a2,FRF:waverider-17m,waves,https://chldata.erdc.dren.mil/thredds/dodsC/frf/oceanography/waves/waverider-17m/2021/FRF-ocean_waves_waverider-17m_202110.nc,waveTm2,next_qc,2021-10-28T23:29:59.999997+00:00,1635463799.9999967,seconds since 1970-01-01 00:00:00,1403.6769967079163,,1800,,,s,5.182568,waves__waverider-17m__4e2d54ee6b11/variables/waveTm2/18,1327,position_ce170ab836dca6f9e65e7c6a,"{""nominalDepth"": {""value"": 18.0, ""attributes"": {""_FillValue"": -999.0, ""units"": ""m"", ""description"": ""Nominal bottom vertical location from NAVD88"", ""long_name"": ""Bottom Elevation (NAVD88)"", ""short_name"": ""Bottom Elevation""}}, ""gaugeDepth"": {""value"": -999.0, ""attributes"": {""_FillValue"": -999.0, ""units"": ""m"", ""long_name"": ""Sensor Depth Using Pressure, relative to mean water level"", ""short_name"": ""Gauge Depth"", ""_ChunkSizes"": 10.0}}}",retrieved,True,True,1.0,1.0,Period for the 2nd moment mean of the energy density spectrum,unique,,
c49a9c1f-9b00-5676-ab05-683975d898a2,FRF:waverider-17m,waves,https://chldata.erdc.dren.mil/thredds/dodsC/frf/oceanography/waves/waverider-17m/2021/FRF-ocean_waves_waverider-17m_202110.nc,waveTm2,nearest_qc,2021-10-28T23:00:00.000003+00:00,1635462000.0000033,seconds since 1970-01-01 00:00:00,-396.3229966163635,,1800,,,s,5.681095,waves__waverider-17m__4e2d54ee6b11/variables/waveTm2/17,1326,position_41d4e27f87847229c9e8a045,"{""nominalDepth"": {""value"": 18.0, ""attributes"": {""_FillValue"": -999.0, ""units"": ""m"", ""description"": ""Nominal bottom vertical location from NAVD88"", ""long_name"": ""Bottom Elevation (NAVD88)"", ""short_name"": ""Bottom Elevation""}}, ""gaugeDepth"": {""value"": 0.0, ""attributes"": {""_FillValue"": -999.0, ""units"": ""m"", ""long_name"": ""Sensor Depth Using Pressure, relative to mean water level"", ""short_name"": ""Gauge Depth"", ""_ChunkSizes"": 10.0}}}",retrieved,True,True,1.0,1.0,Period for the 2nd moment mean of the energy density spectrum,unique,,
c49a9c1f-9b00-5676-ab05-683975d898a2,FRF:waverider-17m,waves,https://chldata.erdc.dren.mil/thredds/dodsC/frf/oceanography/waves/waverider-17m/2021/FRF-ocean_waves_waverider-17m_202110.nc,waveMeanDirectionPeakFrequency,nearest_context,2021-10-28T23:00:00.000003+00:00,1635462000.0000033,seconds since 1970-01-01 00:00:00,-396.3229966163635,,1800,,,degree,66.34158,waves__waverider-17m__4e2d54ee6b11/variables/waveMeanDirectionPeakFrequency/17,1326,position_41d4e27f87847229c9e8a045,"{""nominalDepth"": {""value"": 18.0, ""attributes"": {""_FillValue"": -999.0, ""units"": ""m"", ""description"": ""Nominal bottom vertical location from NAVD88"", ""long_name"": ""Bottom Elevation (NAVD88)"", ""short_name"": ""Bottom Elevation""}}, ""gaugeDepth"": {""value"": 0.0, ""attributes"": {""_FillValue"": -999.0, ""units"": ""m"", ""long_name"": ""Sensor Depth Using Pressure, relative to mean water level"", ""short_name"": ""Gauge Depth"", ""_ChunkSizes"": 10.0}}}",retrieved,True,True,1.0,1.0,"Wave direction is from true north (MET convention), energy weighted at peak frequency",unique,,
c49a9c1f-9b00-5676-ab05-683975d898a2,FRF:waverider-17m,waves,https://chldata.erdc.dren.mil/thredds/dodsC/frf/oceanography/waves/waverider-17m/2021/FRF-ocean_waves_waverider-17m_202110.nc,waveMeanDirectionPeakFrequency,previous_qc,2021-10-28T23:00:00.000003+00:00,1635462000.0000033,seconds since 1970-01-01 00:00:00,-396.3229966163635,,1800,,,degree,66.34158,waves__waverider-17m__4e2d54ee6b11/variables/waveMeanDirectionPeakFrequency/17,1326,position_41d4e27f87847229c9e8a045,"{""nominalDepth"": {""value"": 18.0, ""attributes"": {""_FillValue"": -999.0, ""units"": ""m"", ""description"": ""Nominal bottom vertical location from NAVD88"", ""long_name"": ""Bottom Elevation (NAVD88)"", ""short_name"": ""Bottom Elevation""}}, ""gaugeDepth"": {""value"": 0.0, ""attributes"": {""_FillValue"": -999.0, ""units"": ""m"", ""long_name"": ""Sensor Depth Using Pressure, relative to mean water level"", ""short_name"": ""Gauge Depth"", ""_ChunkSizes"": 10.0}}}",retrieved,True,True,1.0,1.0,"Wave direction is from true north (MET convention), energy weighted at peak frequency",unique,,
c49a9c1f-9b00-5676-ab05-683975d898a2,FRF:waverider-17m,waves,https://chldata.erdc.dren.mil/thredds/dodsC/frf/oceanography/waves/waverider-17m/2021/FRF-ocean_waves_waverider-17m_202110.nc,waveMeanDirectionPeakFrequency,next_qc,2021-10-28T23:29:59.999997+00:00,1635463799.9999967,seconds since 1970-01-01 00:00:00,1403.6769967079163,,1800,,,degree,66.34227,waves__waverider-17m__4e2d54ee6b11/variables/waveMeanDirectionPeakFrequency/18,1327,position_ce170ab836dca6f9e65e7c6a,"{""nominalDepth"": {""value"": 18.0, ""attributes"": {""_FillValue"": -999.0, ""units"": ""m"", ""description"": ""Nominal bottom vertical location from NAVD88"", ""long_name"": ""Bottom Elevation (NAVD88)"", ""short_name"": ""Bottom Elevation""}}, ""gaugeDepth"": {""value"": -999.0, ""attributes"": {""_FillValue"": -999.0, ""units"": ""m"", ""long_name"": ""Sensor Depth Using Pressure, relative to mean water level"", ""short_name"": ""Gauge Depth"", ""_ChunkSizes"": 10.0}}}",retrieved,True,True,1.0,1.0,"Wave direction is from true north (MET convention), energy weighted at peak frequency",unique,,
c49a9c1f-9b00-5676-ab05-683975d898a2,FRF:waverider-17m,waves,https://chldata.erdc.dren.mil/thredds/dodsC/frf/oceanography/waves/waverider-17m/2021/FRF-ocean_waves_waverider-17m_202110.nc,waveMeanDirectionPeakFrequency,nearest_qc,2021-10-28T23:00:00.000003+00:00,1635462000.0000033,seconds since 1970-01-01 00:00:00,-396.3229966163635,,1800,,,degree,66.34158,waves__waverider-17m__4e2d54ee6b11/variables/waveMeanDirectionPeakFrequency/17,1326,position_41d4e27f87847229c9e8a045,"{""nominalDepth"": {""value"": 18.0, ""attributes"": {""_FillValue"": -999.0, ""units"": ""m"", ""description"": ""Nominal bottom vertical location from NAVD88"", ""long_name"": ""Bottom Elevation (NAVD88)"", ""short_name"": ""Bottom Elevation""}}, ""gaugeDepth"": {""value"": 0.0, ""attributes"": {""_FillValue"": -999.0, ""units"": ""m"", ""long_name"": ""Sensor Depth Using Pressure, relative to mean water level"", ""short_name"": ""Gauge Depth"", ""_ChunkSizes"": 10.0}}}",retrieved,True,True,1.0,1.0,"Wave direction is from true north (MET convention), energy weighted at peak frequency",unique,,
c49a9c1f-9b00-5676-ab05-683975d898a2,FRF:waverider-17m,waves,https://chldata.erdc.dren.mil/thredds/dodsC/frf/oceanography/waves/waverider-17m/2021/FRF-ocean_waves_waverider-17m_202110.nc,waveEnergyDensity,nearest_context,2021-10-28T23:00:00.000003+00:00,1635462000.0000033,seconds since 1970-01-01 00:00:00,-396.3229966163635,,1800,,,m2 s,,waves__waverider-17m__4e2d54ee6b11/variables/waveEnergyDensity/17,1326,position_41d4e27f87847229c9e8a045,"{""nominalDepth"": {""value"": 18.0, ""attributes"": {""_FillValue"": -999.0, ""units"": ""m"", ""description"": ""Nominal bottom vertical location from NAVD88"", ""long_name"": ""Bottom Elevation (NAVD88)"", ""short_name"": ""Bottom Elevation""}}, ""gaugeDepth"": {""value"": 0.0, ""attributes"": {""_FillValue"": -999.0, ""units"": ""m"", ""long_name"": ""Sensor Depth Using Pressure, relative to mean water level"", ""short_name"": ""Gauge Depth"", ""_ChunkSizes"": 10.0}}}",retrieved,True,True,1.0,1.0,Energy Density,unique,complete_spectrum,1.0
c49a9c1f-9b00-5676-ab05-683975d898a2,FRF:waverider-17m,waves,https://chldata.erdc.dren.mil/thredds/dodsC/frf/oceanography/waves/waverider-17m/2021/FRF-ocean_waves_waverider-17m_202110.nc,waveEnergyDensity,previous_qc,2021-10-28T23:00:00.000003+00:00,1635462000.0000033,seconds since 1970-01-01 00:00:00,-396.3229966163635,,1800,,,m2 s,,waves__waverider-17m__4e2d54ee6b11/variables/waveEnergyDensity/17,1326,position_41d4e27f87847229c9e8a045,"{""nominalDepth"": {""value"": 18.0, ""attributes"": {""_FillValue"": -999.0, ""units"": ""m"", ""description"": ""Nominal bottom vertical location from NAVD88"", ""long_name"": ""Bottom Elevation (NAVD88)"", ""short_name"": ""Bottom Elevation""}}, ""gaugeDepth"": {""value"": 0.0, ""attributes"": {""_FillValue"": -999.0, ""units"": ""m"", ""long_name"": ""Sensor Depth Using Pressure, relative to mean water level"", ""short_name"": ""Gauge Depth"", ""_ChunkSizes"": 10.0}}}",retrieved,True,True,1.0,1.0,Energy Density,unique,complete_spectrum,1.0
c49a9c1f-9b00-5676-ab05-683975d898a2,FRF:waverider-17m,waves,https://chldata.erdc.dren.mil/thredds/dodsC/frf/oceanography/waves/waverider-17m/2021/FRF-ocean_waves_waverider-17m_202110.nc,waveEnergyDensity,next_qc,2021-10-28T23:29:59.999997+00:00,1635463799.9999967,seconds since 1970-01-01 00:00:00,1403.6769967079163,,1800,,,m2 s,,waves__waverider-17m__4e2d54ee6b11/variables/waveEnergyDensity/18,1327,position_ce170ab836dca6f9e65e7c6a,"{""nominalDepth"": {""value"": 18.0, ""attributes"": {""_FillValue"": -999.0, ""units"": ""m"", ""description"": ""Nominal bottom vertical location from NAVD88"", ""long_name"": ""Bottom Elevation (NAVD88)"", ""short_name"": ""Bottom Elevation""}}, ""gaugeDepth"": {""value"": -999.0, ""attributes"": {""_FillValue"": -999.0, ""units"": ""m"", ""long_name"": ""Sensor Depth Using Pressure, relative to mean water level"", ""short_name"": ""Gauge Depth"", ""_ChunkSizes"": 10.0}}}",retrieved,True,True,1.0,1.0,Energy Density,unique,complete_spectrum,1.0
c49a9c1f-9b00-5676-ab05-683975d898a2,FRF:waverider-17m,waves,https://chldata.erdc.dren.mil/thredds/dodsC/frf/oceanography/waves/waverider-17m/2021/FRF-ocean_waves_waverider-17m_202110.nc,waveEnergyDensity,nearest_qc,2021-10-28T23:00:00.000003+00:00,1635462000.0000033,seconds since 1970-01-01 00:00:00,-396.3229966163635,,1800,,,m2 s,,waves__waverider-17m__4e2d54ee6b11/variables/waveEnergyDensity/17,1326,position_41d4e27f87847229c9e8a045,"{""nominalDepth"": {""value"": 18.0, ""attributes"": {""_FillValue"": -999.0, ""units"": ""m"", ""description"": ""Nominal bottom vertical location from NAVD88"", ""long_name"": ""Bottom Elevation (NAVD88)"", ""short_name"": ""Bottom Elevation""}}, ""gaugeDepth"": {""value"": 0.0, ""attributes"": {""_FillValue"": -999.0, ""units"": ""m"", ""long_name"": ""Sensor Depth Using Pressure, relative to mean water level"", ""short_name"": ""Gauge Depth"", ""_ChunkSizes"": 10.0}}}",retrieved,True,True,1.0,1.0,Energy Density,unique,complete_spectrum,1.0
c49a9c1f-9b00-5676-ab05-683975d898a2,FRF:waverider-17m,waves,https://chldata.erdc.dren.mil/thredds/dodsC/frf/oceanography/waves/waverider-17m/2021/FRF-ocean_waves_waverider-17m_202110.nc,waveA1Value,nearest_context,2021-10-28T23:00:00.000003+00:00,1635462000.0000033,seconds since 1970-01-01 00:00:00,-396.3229966163635,,1800,,,,,waves__waverider-17m__4e2d54ee6b11/variables/waveA1Value/17,1326,position_41d4e27f87847229c9e8a045,"{""nominalDepth"": {""value"": 18.0, ""attributes"": {""_FillValue"": -999.0, ""units"": ""m"", ""description"": ""Nominal bottom vertical location from NAVD88"", ""long_name"": ""Bottom Elevation (NAVD88)"", ""short_name"": ""Bottom Elevation""}}, ""gaugeDepth"": {""value"": 0.0, ""attributes"": {""_FillValue"": -999.0, ""units"": ""m"", ""long_name"": ""Sensor Depth Using Pressure, relative to mean water level"", ""short_name"": ""Gauge Depth"", ""_ChunkSizes"": 10.0}}}",retrieved,True,True,1.0,1.0,a1 Fourier coefficient,unique,,
c49a9c1f-9b00-5676-ab05-683975d898a2,FRF:waverider-17m,waves,https://chldata.erdc.dren.mil/thredds/dodsC/frf/oceanography/waves/waverider-17m/2021/FRF-ocean_waves_waverider-17m_202110.nc,waveA1Value,previous_qc,2021-10-28T23:00:00.000003+00:00,1635462000.0000033,seconds since 1970-01-01 00:00:00,-396.3229966163635,,1800,,,,,waves__waverider-17m__4e2d54ee6b11/variables/waveA1Value/17,1326,position_41d4e27f87847229c9e8a045,"{""nominalDepth"": {""value"": 18.0, ""attributes"": {""_FillValue"": -999.0, ""units"": ""m"", ""description"": ""Nominal bottom vertical location from NAVD88"", ""long_name"": ""Bottom Elevation (NAVD88)"", ""short_name"": ""Bottom Elevation""}}, ""gaugeDepth"": {""value"": 0.0, ""attributes"": {""_FillValue"": -999.0, ""units"": ""m"", ""long_name"": ""Sensor Depth Using Pressure, relative to mean water level"", ""short_name"": ""Gauge Depth"", ""_ChunkSizes"": 10.0}}}",retrieved,True,True,1.0,1.0,a1 Fourier coefficient,unique,,
c49a9c1f-9b00-5676-ab05-683975d898a2,FRF:waverider-17m,waves,https://chldata.erdc.dren.mil/thredds/dodsC/frf/oceanography/waves/waverider-17m/2021/FRF-ocean_waves_waverider-17m_202110.nc,waveA1Value,next_qc,2021-10-28T23:29:59.999997+00:00,1635463799.9999967,seconds since 1970-01-01 00:00:00,1403.6769967079163,,1800,,,,,waves__waverider-17m__4e2d54ee6b11/variables/waveA1Value/18,1327,position_ce170ab836dca6f9e65e7c6a,"{""nominalDepth"": {""value"": 18.0, ""attributes"": {""_FillValue"": -999.0, ""units"": ""m"", ""description"": ""Nominal bottom vertical location from NAVD88"", ""long_name"": ""Bottom Elevation (NAVD88)"", ""short_name"": ""Bottom Elevation""}}, ""gaugeDepth"": {""value"": -999.0, ""attributes"": {""_FillValue"": -999.0, ""units"": ""m"", ""long_name"": ""Sensor Depth Using Pressure, relative to mean water level"", ""short_name"": ""Gauge Depth"", ""_ChunkSizes"": 10.0}}}",retrieved,True,True,1.0,1.0,a1 Fourier coefficient,unique,,
c49a9c1f-9b00-5676-ab05-683975d898a2,FRF:waverider-17m,waves,https://chldata.erdc.dren.mil/thredds/dodsC/frf/oceanography/waves/waverider-17m/2021/FRF-ocean_waves_waverider-17m_202110.nc,waveA1Value,nearest_qc,2021-10-28T23:00:00.000003+00:00,1635462000.0000033,seconds since 1970-01-01 00:00:00,-396.3229966163635,,1800,,,,,waves__waverider-17m__4e2d54ee6b11/variables/waveA1Value/17,1326,position_41d4e27f87847229c9e8a045,"{""nominalDepth"": {""value"": 18.0, ""attributes"": {""_FillValue"": -999.0, ""units"": ""m"", ""description"": ""Nominal bottom vertical location from NAVD88"", ""long_name"": ""Bottom Elevation (NAVD88)"", ""short_name"": ""Bottom Elevation""}}, ""gaugeDepth"": {""value"": 0.0, ""attributes"": {""_FillValue"": -999.0, ""units"": ""m"", ""long_name"": ""Sensor Depth Using Pressure, relative to mean water level"", ""short_name"": ""Gauge Depth"", ""_ChunkSizes"": 10.0}}}",retrieved,True,True,1.0,1.0,a1 Fourier coefficient,unique,,
c49a9c1f-9b00-5676-ab05-683975d898a2,FRF:waverider-17m,waves,https://chldata.erdc.dren.mil/thredds/dodsC/frf/oceanography/waves/waverider-17m/2021/FRF-ocean_waves_waverider-17m_202110.nc,waveB1Value,nearest_context,2021-10-28T23:00:00.000003+00:00,1635462000.0000033,seconds since 1970-01-01 00:00:00,-396.3229966163635,,1800,,,,,waves__waverider-17m__4e2d54ee6b11/variables/waveB1Value/17,1326,position_41d4e27f87847229c9e8a045,"{""nominalDepth"": {""value"": 18.0, ""attributes"": {""_FillValue"": -999.0, ""units"": ""m"", ""description"": ""Nominal bottom vertical location from NAVD88"", ""long_name"": ""Bottom Elevation (NAVD88)"", ""short_name"": ""Bottom Elevation""}}, ""gaugeDepth"": {""value"": 0.0, ""attributes"": {""_FillValue"": -999.0, ""units"": ""m"", ""long_name"": ""Sensor Depth Using Pressure, relative to mean water level"", ""short_name"": ""Gauge Depth"", ""_ChunkSizes"": 10.0}}}",retrieved,True,True,1.0,1.0,b1 Fourier coefficient,unique,,
c49a9c1f-9b00-5676-ab05-683975d898a2,FRF:waverider-17m,waves,https://chldata.erdc.dren.mil/thredds/dodsC/frf/oceanography/waves/waverider-17m/2021/FRF-ocean_waves_waverider-17m_202110.nc,waveB1Value,previous_qc,2021-10-28T23:00:00.000003+00:00,1635462000.0000033,seconds since 1970-01-01 00:00:00,-396.3229966163635,,1800,,,,,waves__waverider-17m__4e2d54ee6b11/variables/waveB1Value/17,1326,position_41d4e27f87847229c9e8a045,"{""nominalDepth"": {""value"": 18.0, ""attributes"": {""_FillValue"": -999.0, ""units"": ""m"", ""description"": ""Nominal bottom vertical location from NAVD88"", ""long_name"": ""Bottom Elevation (NAVD88)"", ""short_name"": ""Bottom Elevation""}}, ""gaugeDepth"": {""value"": 0.0, ""attributes"": {""_FillValue"": -999.0, ""units"": ""m"", ""long_name"": ""Sensor Depth Using Pressure, relative to mean water level"", ""short_name"": ""Gauge Depth"", ""_ChunkSizes"": 10.0}}}",retrieved,True,True,1.0,1.0,b1 Fourier coefficient,unique,,
c49a9c1f-9b00-5676-ab05-683975d898a2,FRF:waverider-17m,waves,https://chldata.erdc.dren.mil/thredds/dodsC/frf/oceanography/waves/waverider-17m/2021/FRF-ocean_waves_waverider-17m_202110.nc,waveB1Value,next_qc,2021-10-28T23:29:59.999997+00:00,1635463799.9999967,seconds since 1970-01-01 00:00:00,1403.6769967079163,,1800,,,,,waves__waverider-17m__4e2d54ee6b11/variables/waveB1Value/18,1327,position_ce170ab836dca6f9e65e7c6a,"{""nominalDepth"": {""value"": 18.0, ""attributes"": {""_FillValue"": -999.0, ""units"": ""m"", ""description"": ""Nominal bottom vertical location from NAVD88"", ""long_name"": ""Bottom Elevation (NAVD88)"", ""short_name"": ""Bottom Elevation""}}, ""gaugeDepth"": {""value"": -999.0, ""attributes"": {""_FillValue"": -999.0, ""units"": ""m"", ""long_name"": ""Sensor Depth Using Pressure, relative to mean water level"", ""short_name"": ""Gauge Depth"", ""_ChunkSizes"": 10.0}}}",retrieved,True,True,1.0,1.0,b1 Fourier coefficient,unique,,
c49a9c1f-9b00-5676-ab05-683975d898a2,FRF:waverider-17m,waves,https://chldata.erdc.dren.mil/thredds/dodsC/frf/oceanography/waves/waverider-17m/2021/FRF-ocean_waves_waverider-17m_202110.nc,waveB1Value,nearest_qc,2021-10-28T23:00:00.000003+00:00,1635462000.0000033,seconds since 1970-01-01 00:00:00,-396.3229966163635,,1800,,,,,waves__waverider-17m__4e2d54ee6b11/variables/waveB1Value/17,1326,position_41d4e27f87847229c9e8a045,"{""nominalDepth"": {""value"": 18.0, ""attributes"": {""_FillValue"": -999.0, ""units"": ""m"", ""description"": ""Nominal bottom vertical location from NAVD88"", ""long_name"": ""Bottom Elevation (NAVD88)"", ""short_name"": ""Bottom Elevation""}}, ""gaugeDepth"": {""value"": 0.0, ""attributes"": {""_FillValue"": -999.0, ""units"": ""m"", ""long_name"": ""Sensor Depth Using Pressure, relative to mean water level"", ""short_name"": ""Gauge Depth"", ""_ChunkSizes"": 10.0}}}",retrieved,True,True,1.0,1.0,b1 Fourier coefficient,unique,,
c49a9c1f-9b00-5676-ab05-683975d898a2,FRF:waverider-17m,waves,https://chldata.erdc.dren.mil/thredds/dodsC/frf/oceanography/waves/waverider-17m/2021/FRF-ocean_waves_waverider-17m_202110.nc,waveA2Value,nearest_context,2021-10-28T23:00:00.000003+00:00,1635462000.0000033,seconds since 1970-01-01 00:00:00,-396.3229966163635,,1800,,,,,waves__waverider-17m__4e2d54ee6b11/variables/waveA2Value/17,1326,position_41d4e27f87847229c9e8a045,"{""nominalDepth"": {""value"": 18.0, ""attributes"": {""_FillValue"": -999.0, ""units"": ""m"", ""description"": ""Nominal bottom vertical location from NAVD88"", ""long_name"": ""Bottom Elevation (NAVD88)"", ""short_name"": ""Bottom Elevation""}}, ""gaugeDepth"": {""value"": 0.0, ""attributes"": {""_FillValue"": -999.0, ""units"": ""m"", ""long_name"": ""Sensor Depth Using Pressure, relative to mean water level"", ""short_name"": ""Gauge Depth"", ""_ChunkSizes"": 10.0}}}",retrieved,True,True,1.0,1.0,a2 Fourier coefficient,unique,,
c49a9c1f-9b00-5676-ab05-683975d898a2,FRF:waverider-17m,waves,https://chldata.erdc.dren.mil/thredds/dodsC/frf/oceanography/waves/waverider-17m/2021/FRF-ocean_waves_waverider-17m_202110.nc,waveA2Value,previous_qc,2021-10-28T23:00:00.000003+00:00,1635462000.0000033,seconds since 1970-01-01 00:00:00,-396.3229966163635,,1800,,,,,waves__waverider-17m__4e2d54ee6b11/variables/waveA2Value/17,1326,position_41d4e27f87847229c9e8a045,"{""nominalDepth"": {""value"": 18.0, ""attributes"": {""_FillValue"": -999.0, ""units"": ""m"", ""description"": ""Nominal bottom vertical location from NAVD88"", ""long_name"": ""Bottom Elevation (NAVD88)"", ""short_name"": ""Bottom Elevation""}}, ""gaugeDepth"": {""value"": 0.0, ""attributes"": {""_FillValue"": -999.0, ""units"": ""m"", ""long_name"": ""Sensor Depth Using Pressure, relative to mean water level"", ""short_name"": ""Gauge Depth"", ""_ChunkSizes"": 10.0}}}",retrieved,True,True,1.0,1.0,a2 Fourier coefficient,unique,,
c49a9c1f-9b00-5676-ab05-683975d898a2,FRF:waverider-17m,waves,https://chldata.erdc.dren.mil/thredds/dodsC/frf/oceanography/waves/waverider-17m/2021/FRF-ocean_waves_waverider-17m_202110.nc,waveA2Value,next_qc,2021-10-28T23:29:59.999997+00:00,1635463799.9999967,seconds since 1970-01-01 00:00:00,1403.6769967079163,,1800,,,,,waves__waverider-17m__4e2d54ee6b11/variables/waveA2Value/18,1327,position_ce170ab836dca6f9e65e7c6a,"{""nominalDepth"": {""value"": 18.0, ""attributes"": {""_FillValue"": -999.0, ""units"": ""m"", ""description"": ""Nominal bottom vertical location from NAVD88"", ""long_name"": ""Bottom Elevation (NAVD88)"", ""short_name"": ""Bottom Elevation""}}, ""gaugeDepth"": {""value"": -999.0, ""attributes"": {""_FillValue"": -999.0, ""units"": ""m"", ""long_name"": ""Sensor Depth Using Pressure, relative to mean water level"", ""short_name"": ""Gauge Depth"", ""_ChunkSizes"": 10.0}}}",retrieved,True,True,1.0,1.0,a2 Fourier coefficient,unique,,
c49a9c1f-9b00-5676-ab05-683975d898a2,FRF:waverider-17m,waves,https://chldata.erdc.dren.mil/thredds/dodsC/frf/oceanography/waves/waverider-17m/2021/FRF-ocean_waves_waverider-17m_202110.nc,waveA2Value,nearest_qc,2021-10-28T23:00:00.000003+00:00,1635462000.0000033,seconds since 1970-01-01 00:00:00,-396.3229966163635,,1800,,,,,waves__waverider-17m__4e2d54ee6b11/variables/waveA2Value/17,1326,position_41d4e27f87847229c9e8a045,"{""nominalDepth"": {""value"": 18.0, ""attributes"": {""_FillValue"": -999.0, ""units"": ""m"", ""description"": ""Nominal bottom vertical location from NAVD88"", ""long_name"": ""Bottom Elevation (NAVD88)"", ""short_name"": ""Bottom Elevation""}}, ""gaugeDepth"": {""value"": 0.0, ""attributes"": {""_FillValue"": -999.0, ""units"": ""m"", ""long_name"": ""Sensor Depth Using Pressure, relative to mean water level"", ""short_name"": ""Gauge Depth"", ""_ChunkSizes"": 10.0}}}",retrieved,True,True,1.0,1.0,a2 Fourier coefficient,unique,,
c49a9c1f-9b00-5676-ab05-683975d898a2,FRF:waverider-17m,waves,https://chldata.erdc.dren.mil/thredds/dodsC/frf/oceanography/waves/waverider-17m/2021/FRF-ocean_waves_waverider-17m_202110.nc,waveB2Value,nearest_context,2021-10-28T23:00:00.000003+00:00,1635462000.0000033,seconds since 1970-01-01 00:00:00,-396.3229966163635,,1800,,,,,waves__waverider-17m__4e2d54ee6b11/variables/waveB2Value/17,1326,position_41d4e27f87847229c9e8a045,"{""nominalDepth"": {""value"": 18.0, ""attributes"": {""_FillValue"": -999.0, ""units"": ""m"", ""description"": ""Nominal bottom vertical location from NAVD88"", ""long_name"": ""Bottom Elevation (NAVD88)"", ""short_name"": ""Bottom Elevation""}}, ""gaugeDepth"": {""value"": 0.0, ""attributes"": {""_FillValue"": -999.0, ""units"": ""m"", ""long_name"": ""Sensor Depth Using Pressure, relative to mean water level"", ""short_name"": ""Gauge Depth"", ""_ChunkSizes"": 10.0}}}",retrieved,True,True,1.0,1.0,b2 Fourier coefficient,unique,,
c49a9c1f-9b00-5676-ab05-683975d898a2,FRF:waverider-17m,waves,https://chldata.erdc.dren.mil/thredds/dodsC/frf/oceanography/waves/waverider-17m/2021/FRF-ocean_waves_waverider-17m_202110.nc,waveB2Value,previous_qc,2021-10-28T23:00:00.000003+00:00,1635462000.0000033,seconds since 1970-01-01 00:00:00,-396.3229966163635,,1800,,,,,waves__waverider-17m__4e2d54ee6b11/variables/waveB2Value/17,1326,position_41d4e27f87847229c9e8a045,"{""nominalDepth"": {""value"": 18.0, ""attributes"": {""_FillValue"": -999.0, ""units"": ""m"", ""description"": ""Nominal bottom vertical location from NAVD88"", ""long_name"": ""Bottom Elevation (NAVD88)"", ""short_name"": ""Bottom Elevation""}}, ""gaugeDepth"": {""value"": 0.0, ""attributes"": {""_FillValue"": -999.0, ""units"": ""m"", ""long_name"": ""Sensor Depth Using Pressure, relative to mean water level"", ""short_name"": ""Gauge Depth"", ""_ChunkSizes"": 10.0}}}",retrieved,True,True,1.0,1.0,b2 Fourier coefficient,unique,,
c49a9c1f-9b00-5676-ab05-683975d898a2,FRF:waverider-17m,waves,https://chldata.erdc.dren.mil/thredds/dodsC/frf/oceanography/waves/waverider-17m/2021/FRF-ocean_waves_waverider-17m_202110.nc,waveB2Value,next_qc,2021-10-28T23:29:59.999997+00:00,1635463799.9999967,seconds since 1970-01-01 00:00:00,1403.6769967079163,,1800,,,,,waves__waverider-17m__4e2d54ee6b11/variables/waveB2Value/18,1327,position_ce170ab836dca6f9e65e7c6a,"{""nominalDepth"": {""value"": 18.0, ""attributes"": {""_FillValue"": -999.0, ""units"": ""m"", ""description"": ""Nominal bottom vertical location from NAVD88"", ""long_name"": ""Bottom Elevation (NAVD88)"", ""short_name"": ""Bottom Elevation""}}, ""gaugeDepth"": {""value"": -999.0, ""attributes"": {""_FillValue"": -999.0, ""units"": ""m"", ""long_name"": ""Sensor Depth Using Pressure, relative to mean water level"", ""short_name"": ""Gauge Depth"", ""_ChunkSizes"": 10.0}}}",retrieved,True,True,1.0,1.0,b2 Fourier coefficient,unique,,
c49a9c1f-9b00-5676-ab05-683975d898a2,FRF:waverider-17m,waves,https://chldata.erdc.dren.mil/thredds/dodsC/frf/oceanography/waves/waverider-17m/2021/FRF-ocean_waves_waverider-17m_202110.nc,waveB2Value,nearest_qc,2021-10-28T23:00:00.000003+00:00,1635462000.0000033,seconds since 1970-01-01 00:00:00,-396.3229966163635,,1800,,,,,waves__waverider-17m__4e2d54ee6b11/variables/waveB2Value/17,1326,position_41d4e27f87847229c9e8a045,"{""nominalDepth"": {""value"": 18.0, ""attributes"": {""_FillValue"": -999.0, ""units"": ""m"", ""description"": ""Nominal bottom vertical location from NAVD88"", ""long_name"": ""Bottom Elevation (NAVD88)"", ""short_name"": ""Bottom Elevation""}}, ""gaugeDepth"": {""value"": 0.0, ""attributes"": {""_FillValue"": -999.0, ""units"": ""m"", ""long_name"": ""Sensor Depth Using Pressure, relative to mean water level"", ""short_name"": ""Gauge Depth"", ""_ChunkSizes"": 10.0}}}",retrieved,True,True,1.0,1.0,b2 Fourier coefficient,unique,,
c49a9c1f-9b00-5676-ab05-683975d898a2,FRF:waverider-17m,waves,https://chldata.erdc.dren.mil/thredds/dodsC/frf/oceanography/waves/waverider-17m/2021/FRF-ocean_waves_waverider-17m_202110.nc,waveDirectionEstimator,nearest_context,2021-10-28T23:00:00.000003+00:00,1635462000.0000033,seconds since 1970-01-01 00:00:00,-396.3229966163635,,1800,,,,8.0,waves__waverider-17m__4e2d54ee6b11/variables/waveDirectionEstimator/17,1326,position_41d4e27f87847229c9e8a045,"{""nominalDepth"": {""value"": 18.0, ""attributes"": {""_FillValue"": -999.0, ""units"": ""m"", ""description"": ""Nominal bottom vertical location from NAVD88"", ""long_name"": ""Bottom Elevation (NAVD88)"", ""short_name"": ""Bottom Elevation""}}, ""gaugeDepth"": {""value"": 0.0, ""attributes"": {""_FillValue"": -999.0, ""units"": ""m"", ""long_name"": ""Sensor Depth Using Pressure, relative to mean water level"", ""short_name"": ""Gauge Depth"", ""_ChunkSizes"": 10.0}}}",retrieved,True,True,1.0,1.0,"Estimator for directional spectra - 1,4,6 = IMLE, 5,7=Longuet-Higgins cos(2*theta)",unique,,
c49a9c1f-9b00-5676-ab05-683975d898a2,FRF:waverider-17m,waves,https://chldata.erdc.dren.mil/thredds/dodsC/frf/oceanography/waves/waverider-17m/2021/FRF-ocean_waves_waverider-17m_202110.nc,waveDirectionEstimator,previous_qc,2021-10-28T23:00:00.000003+00:00,1635462000.0000033,seconds since 1970-01-01 00:00:00,-396.3229966163635,,1800,,,,8.0,waves__waverider-17m__4e2d54ee6b11/variables/waveDirectionEstimator/17,1326,position_41d4e27f87847229c9e8a045,"{""nominalDepth"": {""value"": 18.0, ""attributes"": {""_FillValue"": -999.0, ""units"": ""m"", ""description"": ""Nominal bottom vertical location from NAVD88"", ""long_name"": ""Bottom Elevation (NAVD88)"", ""short_name"": ""Bottom Elevation""}}, ""gaugeDepth"": {""value"": 0.0, ""attributes"": {""_FillValue"": -999.0, ""units"": ""m"", ""long_name"": ""Sensor Depth Using Pressure, relative to mean water level"", ""short_name"": ""Gauge Depth"", ""_ChunkSizes"": 10.0}}}",retrieved,True,True,1.0,1.0,"Estimator for directional spectra - 1,4,6 = IMLE, 5,7=Longuet-Higgins cos(2*theta)",unique,,
c49a9c1f-9b00-5676-ab05-683975d898a2,FRF:waverider-17m,waves,https://chldata.erdc.dren.mil/thredds/dodsC/frf/oceanography/waves/waverider-17m/2021/FRF-ocean_waves_waverider-17m_202110.nc,waveDirectionEstimator,next_qc,2021-10-28T23:29:59.999997+00:00,1635463799.9999967,seconds since 1970-01-01 00:00:00,1403.6769967079163,,1800,,,,8.0,waves__waverider-17m__4e2d54ee6b11/variables/waveDirectionEstimator/18,1327,position_ce170ab836dca6f9e65e7c6a,"{""nominalDepth"": {""value"": 18.0, ""attributes"": {""_FillValue"": -999.0, ""units"": ""m"", ""description"": ""Nominal bottom vertical location from NAVD88"", ""long_name"": ""Bottom Elevation (NAVD88)"", ""short_name"": ""Bottom Elevation""}}, ""gaugeDepth"": {""value"": -999.0, ""attributes"": {""_FillValue"": -999.0, ""units"": ""m"", ""long_name"": ""Sensor Depth Using Pressure, relative to mean water level"", ""short_name"": ""Gauge Depth"", ""_ChunkSizes"": 10.0}}}",retrieved,True,True,1.0,1.0,"Estimator for directional spectra - 1,4,6 = IMLE, 5,7=Longuet-Higgins cos(2*theta)",unique,,
c49a9c1f-9b00-5676-ab05-683975d898a2,FRF:waverider-17m,waves,https://chldata.erdc.dren.mil/thredds/dodsC/frf/oceanography/waves/waverider-17m/2021/FRF-ocean_waves_waverider-17m_202110.nc,waveDirectionEstimator,nearest_qc,2021-10-28T23:00:00.000003+00:00,1635462000.0000033,seconds since 1970-01-01 00:00:00,-396.3229966163635,,1800,,,,8.0,waves__waverider-17m__4e2d54ee6b11/variables/waveDirectionEstimator/17,1326,position_41d4e27f87847229c9e8a045,"{""nominalDepth"": {""value"": 18.0, ""attributes"": {""_FillValue"": -999.0, ""units"": ""m"", ""description"": ""Nominal bottom vertical location from NAVD88"", ""long_name"": ""Bottom Elevation (NAVD88)"", ""short_name"": ""Bottom Elevation""}}, ""gaugeDepth"": {""value"": 0.0, ""attributes"": {""_FillValue"": -999.0, ""units"": ""m"", ""long_name"": ""Sensor Depth Using Pressure, relative to mean water level"", ""short_name"": ""Gauge Depth"", ""_ChunkSizes"": 10.0}}}",retrieved,True,True,1.0,1.0,"Estimator for directional spectra - 1,4,6 = IMLE, 5,7=Longuet-Higgins cos(2*theta)",unique,,
c49a9c1f-9b00-5676-ab05-683975d898a2,FRF:waverider-17m,waves,https://chldata.erdc.dren.mil/thredds/dodsC/frf/oceanography/waves/waverider-17m/2021/FRF-ocean_waves_waverider-17m_202110.nc,gaugeDepth,nearest_context,2021-10-28T23:00:00.000003+00:00,1635462000.0000033,seconds since 1970-01-01 00:00:00,-396.3229966163635,,1800,,,m,0.0,waves__waverider-17m__4e2d54ee6b11/variables/gaugeDepth/17,1326,position_41d4e27f87847229c9e8a045,"{""nominalDepth"": {""value"": 18.0, ""attributes"": {""_FillValue"": -999.0, ""units"": ""m"", ""description"": ""Nominal bottom vertical location from NAVD88"", ""long_name"": ""Bottom Elevation (NAVD88)"", ""short_name"": ""Bottom Elevation""}}, ""gaugeDepth"": {""value"": 0.0, ""attributes"": {""_FillValue"": -999.0, ""units"": ""m"", ""long_name"": ""Sensor Depth Using Pressure, relative to mean water level"", ""short_name"": ""Gauge Depth"", ""_ChunkSizes"": 10.0}}}",retrieved,True,True,1.0,1.0,"Sensor Depth Using Pressure, relative to mean water level",unique,,
c49a9c1f-9b00-5676-ab05-683975d898a2,FRF:waverider-17m,waves,https://chldata.erdc.dren.mil/thredds/dodsC/frf/oceanography/waves/waverider-17m/2021/FRF-ocean_waves_waverider-17m_202110.nc,gaugeDepth,previous_qc,2021-10-28T23:00:00.000003+00:00,1635462000.0000033,seconds since 1970-01-01 00:00:00,-396.3229966163635,,1800,,,m,0.0,waves__waverider-17m__4e2d54ee6b11/variables/gaugeDepth/17,1326,position_41d4e27f87847229c9e8a045,"{""nominalDepth"": {""value"": 18.0, ""attributes"": {""_FillValue"": -999.0, ""units"": ""m"", ""description"": ""Nominal bottom vertical location from NAVD88"", ""long_name"": ""Bottom Elevation (NAVD88)"", ""short_name"": ""Bottom Elevation""}}, ""gaugeDepth"": {""value"": 0.0, ""attributes"": {""_FillValue"": -999.0, ""units"": ""m"", ""long_name"": ""Sensor Depth Using Pressure, relative to mean water level"", ""short_name"": ""Gauge Depth"", ""_ChunkSizes"": 10.0}}}",retrieved,True,True,1.0,1.0,"Sensor Depth Using Pressure, relative to mean water level",unique,,
c49a9c1f-9b00-5676-ab05-683975d898a2,FRF:waverider-17m,waves,https://chldata.erdc.dren.mil/thredds/dodsC/frf/oceanography/waves/waverider-17m/2021/FRF-ocean_waves_waverider-17m_202110.nc,gaugeDepth,next_qc,2021-10-29T00:00:00+00:00,1635465600.0,seconds since 1970-01-01 00:00:00,3203.6770000457764,,1800,,,m,0.0,waves__waverider-17m__4e2d54ee6b11/variables/gaugeDepth/19,1328,position_f243dcb653ff77a9286d02d2,"{""nominalDepth"": {""value"": 18.0, ""attributes"": {""_FillValue"": -999.0, ""units"": ""m"", ""description"": ""Nominal bottom vertical location from NAVD88"", ""long_name"": ""Bottom Elevation (NAVD88)"", ""short_name"": ""Bottom Elevation""}}, ""gaugeDepth"": {""value"": 0.0, ""attributes"": {""_FillValue"": -999.0, ""units"": ""m"", ""long_name"": ""Sensor Depth Using Pressure, relative to mean water level"", ""short_name"": ""Gauge Depth"", ""_ChunkSizes"": 10.0}}}",retrieved,True,True,1.0,1.0,"Sensor Depth Using Pressure, relative to mean water level",unique,,
c49a9c1f-9b00-5676-ab05-683975d898a2,FRF:waverider-17m,waves,https://chldata.erdc.dren.mil/thredds/dodsC/frf/oceanography/waves/waverider-17m/2021/FRF-ocean_waves_waverider-17m_202110.nc,gaugeDepth,nearest_qc,2021-10-28T23:00:00.000003+00:00,1635462000.0000033,seconds since 1970-01-01 00:00:00,-396.3229966163635,,1800,,,m,0.0,waves__waverider-17m__4e2d54ee6b11/variables/gaugeDepth/17,1326,position_41d4e27f87847229c9e8a045,"{""nominalDepth"": {""value"": 18.0, ""attributes"": {""_FillValue"": -999.0, ""units"": ""m"", ""description"": ""Nominal bottom vertical location from NAVD88"", ""long_name"": ""Bottom Elevation (NAVD88)"", ""short_name"": ""Bottom Elevation""}}, ""gaugeDepth"": {""value"": 0.0, ""attributes"": {""_FillValue"": -999.0, ""units"": ""m"", ""long_name"": ""Sensor Depth Using Pressure, relative to mean water level"", ""short_name"": ""Gauge Depth"", ""_ChunkSizes"": 10.0}}}",retrieved,True,True,1.0,1.0,"Sensor Depth Using Pressure, relative to mean water level",unique,,
c49a9c1f-9b00-5676-ab05-683975d898a2,FRF:awac-11m,waves,https://chldata.erdc.dren.mil/thredds/dodsC/frf/oceanography/waves/awac-11m/2021/FRF-ocean_waves_awac-11m_202110.nc,waveHs,nearest_context,2021-10-28T23:00:00.500001+00:00,1635462000.5000007,seconds since 1970-01-01 00:00:00,-395.8229992389679,,,,,m,1.717457,waves__awac-11m__ac63f1b339a0/variables/waveHs/8,667,position_509595b3d1b0b81fa35a7e06,"{""nominalDepth"": {""value"": 11.3, ""attributes"": {""_FillValue"": -999.0, ""units"": ""m"", ""description"": ""Nominal bottom vertical location from NAVD88"", ""long_name"": ""Bottom Elevation (NAVD88)"", ""short_name"": ""Bottom Elevation""}}}",retrieved,True,True,1.0,1.0,Significant wave height computed for spectral frquencies between 0.04 and 0.5 Hz,unique,,
c49a9c1f-9b00-5676-ab05-683975d898a2,FRF:awac-11m,waves,https://chldata.erdc.dren.mil/thredds/dodsC/frf/oceanography/waves/awac-11m/2021/FRF-ocean_waves_awac-11m_202110.nc,waveHs,previous_qc,2021-10-28T23:00:00.500001+00:00,1635462000.5000007,seconds since 1970-01-01 00:00:00,-395.8229992389679,,,,,m,1.717457,waves__awac-11m__ac63f1b339a0/variables/waveHs/8,667,position_509595b3d1b0b81fa35a7e06,"{""nominalDepth"": {""value"": 11.3, ""attributes"": {""_FillValue"": -999.0, ""units"": ""m"", ""description"": ""Nominal bottom vertical location from NAVD88"", ""long_name"": ""Bottom Elevation (NAVD88)"", ""short_name"": ""Bottom Elevation""}}}",retrieved,True,True,1.0,1.0,Significant wave height computed for spectral frquencies between 0.04 and 0.5 Hz,unique,,
c49a9c1f-9b00-5676-ab05-683975d898a2,FRF:awac-11m,waves,https://chldata.erdc.dren.mil/thredds/dodsC/frf/oceanography/waves/awac-11m/2021/FRF-ocean_waves_awac-11m_202110.nc,waveHs,next_qc,2021-10-29T00:00:01.999999+00:00,1635465601.9999993,seconds since 1970-01-01 00:00:00,3205.6769993305206,,,,,m,1.6947892,waves__awac-11m__ac63f1b339a0/variables/waveHs/9,668,position_252d59cbf85252c0baa70726,"{""nominalDepth"": {""value"": 11.3, ""attributes"": {""_FillValue"": -999.0, ""units"": ""m"", ""description"": ""Nominal bottom vertical location from NAVD88"", ""long_name"": ""Bottom Elevation (NAVD88)"", ""short_name"": ""Bottom Elevation""}}}",retrieved,True,True,1.0,1.0,Significant wave height computed for spectral frquencies between 0.04 and 0.5 Hz,unique,,
c49a9c1f-9b00-5676-ab05-683975d898a2,FRF:awac-11m,waves,https://chldata.erdc.dren.mil/thredds/dodsC/frf/oceanography/waves/awac-11m/2021/FRF-ocean_waves_awac-11m_202110.nc,waveHs,nearest_qc,2021-10-28T23:00:00.500001+00:00,1635462000.5000007,seconds since 1970-01-01 00:00:00,-395.8229992389679,,,,,m,1.717457,waves__awac-11m__ac63f1b339a0/variables/waveHs/8,667,position_509595b3d1b0b81fa35a7e06,"{""nominalDepth"": {""value"": 11.3, ""attributes"": {""_FillValue"": -999.0, ""units"": ""m"", ""description"": ""Nominal bottom vertical location from NAVD88"", ""long_name"": ""Bottom Elevation (NAVD88)"", ""short_name"": ""Bottom Elevation""}}}",retrieved,True,True,1.0,1.0,Significant wave height computed for spectral frquencies between 0.04 and 0.5 Hz,unique,,
c49a9c1f-9b00-5676-ab05-683975d898a2,FRF:awac-11m,waves,https://chldata.erdc.dren.mil/thredds/dodsC/frf/oceanography/waves/awac-11m/2021/FRF-ocean_waves_awac-11m_202110.nc,waveTp,nearest_context,2021-10-28T23:00:00.500001+00:00,1635462000.5000007,seconds since 1970-01-01 00:00:00,-395.8229992389679,,,,,s,10.869565,waves__awac-11m__ac63f1b339a0/variables/waveTp/8,667,position_509595b3d1b0b81fa35a7e06,"{""nominalDepth"": {""value"": 11.3, ""attributes"": {""_FillValue"": -999.0, ""units"": ""m"", ""description"": ""Nominal bottom vertical location from NAVD88"", ""long_name"": ""Bottom Elevation (NAVD88)"", ""short_name"": ""Bottom Elevation""}}}",retrieved,True,True,1.0,1.0,Period of a parobolic fit to the peak of the energy density spectrum using the peak and two surrounding points.  Computed for wave periods between 2 and 25 seconds,unique,,
c49a9c1f-9b00-5676-ab05-683975d898a2,FRF:awac-11m,waves,https://chldata.erdc.dren.mil/thredds/dodsC/frf/oceanography/waves/awac-11m/2021/FRF-ocean_waves_awac-11m_202110.nc,waveTp,previous_qc,2021-10-28T23:00:00.500001+00:00,1635462000.5000007,seconds since 1970-01-01 00:00:00,-395.8229992389679,,,,,s,10.869565,waves__awac-11m__ac63f1b339a0/variables/waveTp/8,667,position_509595b3d1b0b81fa35a7e06,"{""nominalDepth"": {""value"": 11.3, ""attributes"": {""_FillValue"": -999.0, ""units"": ""m"", ""description"": ""Nominal bottom vertical location from NAVD88"", ""long_name"": ""Bottom Elevation (NAVD88)"", ""short_name"": ""Bottom Elevation""}}}",retrieved,True,True,1.0,1.0,Period of a parobolic fit to the peak of the energy density spectrum using the peak and two surrounding points.  Computed for wave periods between 2 and 25 seconds,unique,,
c49a9c1f-9b00-5676-ab05-683975d898a2,FRF:awac-11m,waves,https://chldata.erdc.dren.mil/thredds/dodsC/frf/oceanography/waves/awac-11m/2021/FRF-ocean_waves_awac-11m_202110.nc,waveTp,next_qc,2021-10-29T00:00:01.999999+00:00,1635465601.9999993,seconds since 1970-01-01 00:00:00,3205.6769993305206,,,,,s,12.307692,waves__awac-11m__ac63f1b339a0/variables/waveTp/9,668,position_252d59cbf85252c0baa70726,"{""nominalDepth"": {""value"": 11.3, ""attributes"": {""_FillValue"": -999.0, ""units"": ""m"", ""description"": ""Nominal bottom vertical location from NAVD88"", ""long_name"": ""Bottom Elevation (NAVD88)"", ""short_name"": ""Bottom Elevation""}}}",retrieved,True,True,1.0,1.0,Period of a parobolic fit to the peak of the energy density spectrum using the peak and two surrounding points.  Computed for wave periods between 2 and 25 seconds,unique,,
c49a9c1f-9b00-5676-ab05-683975d898a2,FRF:awac-11m,waves,https://chldata.erdc.dren.mil/thredds/dodsC/frf/oceanography/waves/awac-11m/2021/FRF-ocean_waves_awac-11m_202110.nc,waveTp,nearest_qc,2021-10-28T23:00:00.500001+00:00,1635462000.5000007,seconds since 1970-01-01 00:00:00,-395.8229992389679,,,,,s,10.869565,waves__awac-11m__ac63f1b339a0/variables/waveTp/8,667,position_509595b3d1b0b81fa35a7e06,"{""nominalDepth"": {""value"": 11.3, ""attributes"": {""_FillValue"": -999.0, ""units"": ""m"", ""description"": ""Nominal bottom vertical location from NAVD88"", ""long_name"": ""Bottom Elevation (NAVD88)"", ""short_name"": ""Bottom Elevation""}}}",retrieved,True,True,1.0,1.0,Period of a parobolic fit to the peak of the energy density spectrum using the peak and two surrounding points.  Computed for wave periods between 2 and 25 seconds,unique,,
c49a9c1f-9b00-5676-ab05-683975d898a2,FRF:awac-11m,waves,https://chldata.erdc.dren.mil/thredds/dodsC/frf/oceanography/waves/awac-11m/2021/FRF-ocean_waves_awac-11m_202110.nc,waveTm,nearest_context,2021-10-28T23:00:00.500001+00:00,1635462000.5000007,seconds since 1970-01-01 00:00:00,-395.8229992389679,,,,,s,8.675288,waves__awac-11m__ac63f1b339a0/variables/waveTm/8,667,position_509595b3d1b0b81fa35a7e06,"{""nominalDepth"": {""value"": 11.3, ""attributes"": {""_FillValue"": -999.0, ""units"": ""m"", ""description"": ""Nominal bottom vertical location from NAVD88"", ""long_name"": ""Bottom Elevation (NAVD88)"", ""short_name"": ""Bottom Elevation""}}}",retrieved,True,True,1.0,1.0,Period for the mean of the energy density spectrum,unique,,
c49a9c1f-9b00-5676-ab05-683975d898a2,FRF:awac-11m,waves,https://chldata.erdc.dren.mil/thredds/dodsC/frf/oceanography/waves/awac-11m/2021/FRF-ocean_waves_awac-11m_202110.nc,waveTm,previous_qc,2021-10-28T23:00:00.500001+00:00,1635462000.5000007,seconds since 1970-01-01 00:00:00,-395.8229992389679,,,,,s,8.675288,waves__awac-11m__ac63f1b339a0/variables/waveTm/8,667,position_509595b3d1b0b81fa35a7e06,"{""nominalDepth"": {""value"": 11.3, ""attributes"": {""_FillValue"": -999.0, ""units"": ""m"", ""description"": ""Nominal bottom vertical location from NAVD88"", ""long_name"": ""Bottom Elevation (NAVD88)"", ""short_name"": ""Bottom Elevation""}}}",retrieved,True,True,1.0,1.0,Period for the mean of the energy density spectrum,unique,,
c49a9c1f-9b00-5676-ab05-683975d898a2,FRF:awac-11m,waves,https://chldata.erdc.dren.mil/thredds/dodsC/frf/oceanography/waves/awac-11m/2021/FRF-ocean_waves_awac-11m_202110.nc,waveTm,next_qc,2021-10-29T00:00:01.999999+00:00,1635465601.9999993,seconds since 1970-01-01 00:00:00,3205.6769993305206,,,,,s,7.754899,waves__awac-11m__ac63f1b339a0/variables/waveTm/9,668,position_252d59cbf85252c0baa70726,"{""nominalDepth"": {""value"": 11.3, ""attributes"": {""_FillValue"": -999.0, ""units"": ""m"", ""description"": ""Nominal bottom vertical location from NAVD88"", ""long_name"": ""Bottom Elevation (NAVD88)"", ""short_name"": ""Bottom Elevation""}}}",retrieved,True,True,1.0,1.0,Period for the mean of the energy density spectrum,unique,,
c49a9c1f-9b00-5676-ab05-683975d898a2,FRF:awac-11m,waves,https://chldata.erdc.dren.mil/thredds/dodsC/frf/oceanography/waves/awac-11m/2021/FRF-ocean_waves_awac-11m_202110.nc,waveTm,nearest_qc,2021-10-28T23:00:00.500001+00:00,1635462000.5000007,seconds since 1970-01-01 00:00:00,-395.8229992389679,,,,,s,8.675288,waves__awac-11m__ac63f1b339a0/variables/waveTm/8,667,position_509595b3d1b0b81fa35a7e06,"{""nominalDepth"": {""value"": 11.3, ""attributes"": {""_FillValue"": -999.0, ""units"": ""m"", ""description"": ""Nominal bottom vertical location from NAVD88"", ""long_name"": ""Bottom Elevation (NAVD88)"", ""short_name"": ""Bottom Elevation""}}}",retrieved,True,True,1.0,1.0,Period for the mean of the energy density spectrum,unique,,
c49a9c1f-9b00-5676-ab05-683975d898a2,FRF:awac-11m,waves,https://chldata.erdc.dren.mil/thredds/dodsC/frf/oceanography/waves/awac-11m/2021/FRF-ocean_waves_awac-11m_202110.nc,waveMeanDirection,nearest_context,2021-10-28T23:00:00.500001+00:00,1635462000.5000007,seconds since 1970-01-01 00:00:00,-395.8229992389679,,,,,degree,69.948616,waves__awac-11m__ac63f1b339a0/variables/waveMeanDirection/8,667,position_509595b3d1b0b81fa35a7e06,"{""nominalDepth"": {""value"": 11.3, ""attributes"": {""_FillValue"": -999.0, ""units"": ""m"", ""description"": ""Nominal bottom vertical location from NAVD88"", ""long_name"": ""Bottom Elevation (NAVD88)"", ""short_name"": ""Bottom Elevation""}}}",retrieved,True,True,1.0,1.0,"Wave direction is from true north (MET convention), energy weighted over and computed from a1 & b1",unique,,
c49a9c1f-9b00-5676-ab05-683975d898a2,FRF:awac-11m,waves,https://chldata.erdc.dren.mil/thredds/dodsC/frf/oceanography/waves/awac-11m/2021/FRF-ocean_waves_awac-11m_202110.nc,waveMeanDirection,previous_qc,2021-10-28T23:00:00.500001+00:00,1635462000.5000007,seconds since 1970-01-01 00:00:00,-395.8229992389679,,,,,degree,69.948616,waves__awac-11m__ac63f1b339a0/variables/waveMeanDirection/8,667,position_509595b3d1b0b81fa35a7e06,"{""nominalDepth"": {""value"": 11.3, ""attributes"": {""_FillValue"": -999.0, ""units"": ""m"", ""description"": ""Nominal bottom vertical location from NAVD88"", ""long_name"": ""Bottom Elevation (NAVD88)"", ""short_name"": ""Bottom Elevation""}}}",retrieved,True,True,1.0,1.0,"Wave direction is from true north (MET convention), energy weighted over and computed from a1 & b1",unique,,
c49a9c1f-9b00-5676-ab05-683975d898a2,FRF:awac-11m,waves,https://chldata.erdc.dren.mil/thredds/dodsC/frf/oceanography/waves/awac-11m/2021/FRF-ocean_waves_awac-11m_202110.nc,waveMeanDirection,next_qc,2021-10-29T00:00:01.999999+00:00,1635465601.9999993,seconds since 1970-01-01 00:00:00,3205.6769993305206,,,,,degree,62.255024,waves__awac-11m__ac63f1b339a0/variables/waveMeanDirection/9,668,position_252d59cbf85252c0baa70726,"{""nominalDepth"": {""value"": 11.3, ""attributes"": {""_FillValue"": -999.0, ""units"": ""m"", ""description"": ""Nominal bottom vertical location from NAVD88"", ""long_name"": ""Bottom Elevation (NAVD88)"", ""short_name"": ""Bottom Elevation""}}}",retrieved,True,True,1.0,1.0,"Wave direction is from true north (MET convention), energy weighted over and computed from a1 & b1",unique,,
c49a9c1f-9b00-5676-ab05-683975d898a2,FRF:awac-11m,waves,https://chldata.erdc.dren.mil/thredds/dodsC/frf/oceanography/waves/awac-11m/2021/FRF-ocean_waves_awac-11m_202110.nc,waveMeanDirection,nearest_qc,2021-10-28T23:00:00.500001+00:00,1635462000.5000007,seconds since 1970-01-01 00:00:00,-395.8229992389679,,,,,degree,69.948616,waves__awac-11m__ac63f1b339a0/variables/waveMeanDirection/8,667,position_509595b3d1b0b81fa35a7e06,"{""nominalDepth"": {""value"": 11.3, ""attributes"": {""_FillValue"": -999.0, ""units"": ""m"", ""description"": ""Nominal bottom vertical location from NAVD88"", ""long_name"": ""Bottom Elevation (NAVD88)"", ""short_name"": ""Bottom Elevation""}}}",retrieved,True,True,1.0,1.0,"Wave direction is from true north (MET convention), energy weighted over and computed from a1 & b1",unique,,
c49a9c1f-9b00-5676-ab05-683975d898a2,FRF:awac-11m,waves,https://chldata.erdc.dren.mil/thredds/dodsC/frf/oceanography/waves/awac-11m/2021/FRF-ocean_waves_awac-11m_202110.nc,wavePeakDirectionPeakFrequency,nearest_context,2021-10-28T23:00:00.500001+00:00,1635462000.5000007,seconds since 1970-01-01 00:00:00,-395.8229992389679,,,,,degree,70.0,waves__awac-11m__ac63f1b339a0/variables/wavePeakDirectionPeakFrequency/8,667,position_509595b3d1b0b81fa35a7e06,"{""nominalDepth"": {""value"": 11.3, ""attributes"": {""_FillValue"": -999.0, ""units"": ""m"", ""description"": ""Nominal bottom vertical location from NAVD88"", ""long_name"": ""Bottom Elevation (NAVD88)"", ""short_name"": ""Bottom Elevation""}}}",retrieved,True,True,1.0,1.0,Wave direction is from true north (MET convention),unique,,
c49a9c1f-9b00-5676-ab05-683975d898a2,FRF:awac-11m,waves,https://chldata.erdc.dren.mil/thredds/dodsC/frf/oceanography/waves/awac-11m/2021/FRF-ocean_waves_awac-11m_202110.nc,wavePeakDirectionPeakFrequency,previous_qc,2021-10-28T23:00:00.500001+00:00,1635462000.5000007,seconds since 1970-01-01 00:00:00,-395.8229992389679,,,,,degree,70.0,waves__awac-11m__ac63f1b339a0/variables/wavePeakDirectionPeakFrequency/8,667,position_509595b3d1b0b81fa35a7e06,"{""nominalDepth"": {""value"": 11.3, ""attributes"": {""_FillValue"": -999.0, ""units"": ""m"", ""description"": ""Nominal bottom vertical location from NAVD88"", ""long_name"": ""Bottom Elevation (NAVD88)"", ""short_name"": ""Bottom Elevation""}}}",retrieved,True,True,1.0,1.0,Wave direction is from true north (MET convention),unique,,
c49a9c1f-9b00-5676-ab05-683975d898a2,FRF:awac-11m,waves,https://chldata.erdc.dren.mil/thredds/dodsC/frf/oceanography/waves/awac-11m/2021/FRF-ocean_waves_awac-11m_202110.nc,wavePeakDirectionPeakFrequency,next_qc,2021-10-29T00:00:01.999999+00:00,1635465601.9999993,seconds since 1970-01-01 00:00:00,3205.6769993305206,,,,,degree,70.0,waves__awac-11m__ac63f1b339a0/variables/wavePeakDirectionPeakFrequency/9,668,position_252d59cbf85252c0baa70726,"{""nominalDepth"": {""value"": 11.3, ""attributes"": {""_FillValue"": -999.0, ""units"": ""m"", ""description"": ""Nominal bottom vertical location from NAVD88"", ""long_name"": ""Bottom Elevation (NAVD88)"", ""short_name"": ""Bottom Elevation""}}}",retrieved,True,True,1.0,1.0,Wave direction is from true north (MET convention),unique,,
c49a9c1f-9b00-5676-ab05-683975d898a2,FRF:awac-11m,waves,https://chldata.erdc.dren.mil/thredds/dodsC/frf/oceanography/waves/awac-11m/2021/FRF-ocean_waves_awac-11m_202110.nc,wavePeakDirectionPeakFrequency,nearest_qc,2021-10-28T23:00:00.500001+00:00,1635462000.5000007,seconds since 1970-01-01 00:00:00,-395.8229992389679,,,,,degree,70.0,waves__awac-11m__ac63f1b339a0/variables/wavePeakDirectionPeakFrequency/8,667,position_509595b3d1b0b81fa35a7e06,"{""nominalDepth"": {""value"": 11.3, ""attributes"": {""_FillValue"": -999.0, ""units"": ""m"", ""description"": ""Nominal bottom vertical location from NAVD88"", ""long_name"": ""Bottom Elevation (NAVD88)"", ""short_name"": ""Bottom Elevation""}}}",retrieved,True,True,1.0,1.0,Wave direction is from true north (MET convention),unique,,
c49a9c1f-9b00-5676-ab05-683975d898a2,FRF:awac-11m,waves,https://chldata.erdc.dren.mil/thredds/dodsC/frf/oceanography/waves/awac-11m/2021/FRF-ocean_waves_awac-11m_202110.nc,directionalPeakSpread,nearest_context,2021-10-28T23:00:00.500001+00:00,1635462000.5000007,seconds since 1970-01-01 00:00:00,-395.8229992389679,,,,,deg,24.212297,waves__awac-11m__ac63f1b339a0/variables/directionalPeakSpread/8,667,position_509595b3d1b0b81fa35a7e06,"{""nominalDepth"": {""value"": 11.3, ""attributes"": {""_FillValue"": -999.0, ""units"": ""m"", ""description"": ""Nominal bottom vertical location from NAVD88"", ""long_name"": ""Bottom Elevation (NAVD88)"", ""short_name"": ""Bottom Elevation""}}}",retrieved,True,True,1.0,1.0,Directional spread at peak frequency with cos(2*theta) circular moments,unique,,
c49a9c1f-9b00-5676-ab05-683975d898a2,FRF:awac-11m,waves,https://chldata.erdc.dren.mil/thredds/dodsC/frf/oceanography/waves/awac-11m/2021/FRF-ocean_waves_awac-11m_202110.nc,directionalPeakSpread,previous_qc,2021-10-28T23:00:00.500001+00:00,1635462000.5000007,seconds since 1970-01-01 00:00:00,-395.8229992389679,,,,,deg,24.212297,waves__awac-11m__ac63f1b339a0/variables/directionalPeakSpread/8,667,position_509595b3d1b0b81fa35a7e06,"{""nominalDepth"": {""value"": 11.3, ""attributes"": {""_FillValue"": -999.0, ""units"": ""m"", ""description"": ""Nominal bottom vertical location from NAVD88"", ""long_name"": ""Bottom Elevation (NAVD88)"", ""short_name"": ""Bottom Elevation""}}}",retrieved,True,True,1.0,1.0,Directional spread at peak frequency with cos(2*theta) circular moments,unique,,
c49a9c1f-9b00-5676-ab05-683975d898a2,FRF:awac-11m,waves,https://chldata.erdc.dren.mil/thredds/dodsC/frf/oceanography/waves/awac-11m/2021/FRF-ocean_waves_awac-11m_202110.nc,directionalPeakSpread,next_qc,2021-10-29T00:00:01.999999+00:00,1635465601.9999993,seconds since 1970-01-01 00:00:00,3205.6769993305206,,,,,deg,20.431347,waves__awac-11m__ac63f1b339a0/variables/directionalPeakSpread/9,668,position_252d59cbf85252c0baa70726,"{""nominalDepth"": {""value"": 11.3, ""attributes"": {""_FillValue"": -999.0, ""units"": ""m"", ""description"": ""Nominal bottom vertical location from NAVD88"", ""long_name"": ""Bottom Elevation (NAVD88)"", ""short_name"": ""Bottom Elevation""}}}",retrieved,True,True,1.0,1.0,Directional spread at peak frequency with cos(2*theta) circular moments,unique,,
c49a9c1f-9b00-5676-ab05-683975d898a2,FRF:awac-11m,waves,https://chldata.erdc.dren.mil/thredds/dodsC/frf/oceanography/waves/awac-11m/2021/FRF-ocean_waves_awac-11m_202110.nc,directionalPeakSpread,nearest_qc,2021-10-28T23:00:00.500001+00:00,1635462000.5000007,seconds since 1970-01-01 00:00:00,-395.8229992389679,,,,,deg,24.212297,waves__awac-11m__ac63f1b339a0/variables/directionalPeakSpread/8,667,position_509595b3d1b0b81fa35a7e06,"{""nominalDepth"": {""value"": 11.3, ""attributes"": {""_FillValue"": -999.0, ""units"": ""m"", ""description"": ""Nominal bottom vertical location from NAVD88"", ""long_name"": ""Bottom Elevation (NAVD88)"", ""short_name"": ""Bottom Elevation""}}}",retrieved,True,True,1.0,1.0,Directional spread at peak frequency with cos(2*theta) circular moments,unique,,
c49a9c1f-9b00-5676-ab05-683975d898a2,FRF:awac-11m,waves,https://chldata.erdc.dren.mil/thredds/dodsC/frf/oceanography/waves/awac-11m/2021/FRF-ocean_waves_awac-11m_202110.nc,waveTm1,nearest_context,2021-10-28T23:00:00.500001+00:00,1635462000.5000007,seconds since 1970-01-01 00:00:00,-395.8229992389679,,,,,s,6.816343,waves__awac-11m__ac63f1b339a0/variables/waveTm1/8,667,position_509595b3d1b0b81fa35a7e06,"{""nominalDepth"": {""value"": 11.3, ""attributes"": {""_FillValue"": -999.0, ""units"": ""m"", ""description"": ""Nominal bottom vertical location from NAVD88"", ""long_name"": ""Bottom Elevation (NAVD88)"", ""short_name"": ""Bottom Elevation""}}}",retrieved,True,True,1.0,1.0,Period for the 1st moment mean of the energy density spectrum,unique,,
c49a9c1f-9b00-5676-ab05-683975d898a2,FRF:awac-11m,waves,https://chldata.erdc.dren.mil/thredds/dodsC/frf/oceanography/waves/awac-11m/2021/FRF-ocean_waves_awac-11m_202110.nc,waveTm1,previous_qc,2021-10-28T23:00:00.500001+00:00,1635462000.5000007,seconds since 1970-01-01 00:00:00,-395.8229992389679,,,,,s,6.816343,waves__awac-11m__ac63f1b339a0/variables/waveTm1/8,667,position_509595b3d1b0b81fa35a7e06,"{""nominalDepth"": {""value"": 11.3, ""attributes"": {""_FillValue"": -999.0, ""units"": ""m"", ""description"": ""Nominal bottom vertical location from NAVD88"", ""long_name"": ""Bottom Elevation (NAVD88)"", ""short_name"": ""Bottom Elevation""}}}",retrieved,True,True,1.0,1.0,Period for the 1st moment mean of the energy density spectrum,unique,,
c49a9c1f-9b00-5676-ab05-683975d898a2,FRF:awac-11m,waves,https://chldata.erdc.dren.mil/thredds/dodsC/frf/oceanography/waves/awac-11m/2021/FRF-ocean_waves_awac-11m_202110.nc,waveTm1,next_qc,2021-10-29T00:00:01.999999+00:00,1635465601.9999993,seconds since 1970-01-01 00:00:00,3205.6769993305206,,,,,s,5.9442816,waves__awac-11m__ac63f1b339a0/variables/waveTm1/9,668,position_252d59cbf85252c0baa70726,"{""nominalDepth"": {""value"": 11.3, ""attributes"": {""_FillValue"": -999.0, ""units"": ""m"", ""description"": ""Nominal bottom vertical location from NAVD88"", ""long_name"": ""Bottom Elevation (NAVD88)"", ""short_name"": ""Bottom Elevation""}}}",retrieved,True,True,1.0,1.0,Period for the 1st moment mean of the energy density spectrum,unique,,
c49a9c1f-9b00-5676-ab05-683975d898a2,FRF:awac-11m,waves,https://chldata.erdc.dren.mil/thredds/dodsC/frf/oceanography/waves/awac-11m/2021/FRF-ocean_waves_awac-11m_202110.nc,waveTm1,nearest_qc,2021-10-28T23:00:00.500001+00:00,1635462000.5000007,seconds since 1970-01-01 00:00:00,-395.8229992389679,,,,,s,6.816343,waves__awac-11m__ac63f1b339a0/variables/waveTm1/8,667,position_509595b3d1b0b81fa35a7e06,"{""nominalDepth"": {""value"": 11.3, ""attributes"": {""_FillValue"": -999.0, ""units"": ""m"", ""description"": ""Nominal bottom vertical location from NAVD88"", ""long_name"": ""Bottom Elevation (NAVD88)"", ""short_name"": ""Bottom Elevation""}}}",retrieved,True,True,1.0,1.0,Period for the 1st moment mean of the energy density spectrum,unique,,
c49a9c1f-9b00-5676-ab05-683975d898a2,FRF:awac-11m,waves,https://chldata.erdc.dren.mil/thredds/dodsC/frf/oceanography/waves/awac-11m/2021/FRF-ocean_waves_awac-11m_202110.nc,waveTm2,nearest_context,2021-10-28T23:00:00.500001+00:00,1635462000.5000007,seconds since 1970-01-01 00:00:00,-395.8229992389679,,,,,s,5.8528523,waves__awac-11m__ac63f1b339a0/variables/waveTm2/8,667,position_509595b3d1b0b81fa35a7e06,"{""nominalDepth"": {""value"": 11.3, ""attributes"": {""_FillValue"": -999.0, ""units"": ""m"", ""description"": ""Nominal bottom vertical location from NAVD88"", ""long_name"": ""Bottom Elevation (NAVD88)"", ""short_name"": ""Bottom Elevation""}}}",retrieved,True,True,1.0,1.0,Period for the 2nd moment mean of the energy density spectrum,unique,,
c49a9c1f-9b00-5676-ab05-683975d898a2,FRF:awac-11m,waves,https://chldata.erdc.dren.mil/thredds/dodsC/frf/oceanography/waves/awac-11m/2021/FRF-ocean_waves_awac-11m_202110.nc,waveTm2,previous_qc,2021-10-28T23:00:00.500001+00:00,1635462000.5000007,seconds since 1970-01-01 00:00:00,-395.8229992389679,,,,,s,5.8528523,waves__awac-11m__ac63f1b339a0/variables/waveTm2/8,667,position_509595b3d1b0b81fa35a7e06,"{""nominalDepth"": {""value"": 11.3, ""attributes"": {""_FillValue"": -999.0, ""units"": ""m"", ""description"": ""Nominal bottom vertical location from NAVD88"", ""long_name"": ""Bottom Elevation (NAVD88)"", ""short_name"": ""Bottom Elevation""}}}",retrieved,True,True,1.0,1.0,Period for the 2nd moment mean of the energy density spectrum,unique,,
c49a9c1f-9b00-5676-ab05-683975d898a2,FRF:awac-11m,waves,https://chldata.erdc.dren.mil/thredds/dodsC/frf/oceanography/waves/awac-11m/2021/FRF-ocean_waves_awac-11m_202110.nc,waveTm2,next_qc,2021-10-29T00:00:01.999999+00:00,1635465601.9999993,seconds since 1970-01-01 00:00:00,3205.6769993305206,,,,,s,5.1888676,waves__awac-11m__ac63f1b339a0/variables/waveTm2/9,668,position_252d59cbf85252c0baa70726,"{""nominalDepth"": {""value"": 11.3, ""attributes"": {""_FillValue"": -999.0, ""units"": ""m"", ""description"": ""Nominal bottom vertical location from NAVD88"", ""long_name"": ""Bottom Elevation (NAVD88)"", ""short_name"": ""Bottom Elevation""}}}",retrieved,True,True,1.0,1.0,Period for the 2nd moment mean of the energy density spectrum,unique,,
c49a9c1f-9b00-5676-ab05-683975d898a2,FRF:awac-11m,waves,https://chldata.erdc.dren.mil/thredds/dodsC/frf/oceanography/waves/awac-11m/2021/FRF-ocean_waves_awac-11m_202110.nc,waveTm2,nearest_qc,2021-10-28T23:00:00.500001+00:00,1635462000.5000007,seconds since 1970-01-01 00:00:00,-395.8229992389679,,,,,s,5.8528523,waves__awac-11m__ac63f1b339a0/variables/waveTm2/8,667,position_509595b3d1b0b81fa35a7e06,"{""nominalDepth"": {""value"": 11.3, ""attributes"": {""_FillValue"": -999.0, ""units"": ""m"", ""description"": ""Nominal bottom vertical location from NAVD88"", ""long_name"": ""Bottom Elevation (NAVD88)"", ""short_name"": ""Bottom Elevation""}}}",retrieved,True,True,1.0,1.0,Period for the 2nd moment mean of the energy density spectrum,unique,,
c49a9c1f-9b00-5676-ab05-683975d898a2,FRF:awac-11m,waves,https://chldata.erdc.dren.mil/thredds/dodsC/frf/oceanography/waves/awac-11m/2021/FRF-ocean_waves_awac-11m_202110.nc,waveMeanDirectionPeakFrequency,nearest_context,2021-10-28T23:00:00.500001+00:00,1635462000.5000007,seconds since 1970-01-01 00:00:00,-395.8229992389679,,,,,degree,66.40836,waves__awac-11m__ac63f1b339a0/variables/waveMeanDirectionPeakFrequency/8,667,position_509595b3d1b0b81fa35a7e06,"{""nominalDepth"": {""value"": 11.3, ""attributes"": {""_FillValue"": -999.0, ""units"": ""m"", ""description"": ""Nominal bottom vertical location from NAVD88"", ""long_name"": ""Bottom Elevation (NAVD88)"", ""short_name"": ""Bottom Elevation""}}}",retrieved,True,True,1.0,1.0,"Wave direction is from true north (MET convention), energy weighted at peak frequency",unique,,
c49a9c1f-9b00-5676-ab05-683975d898a2,FRF:awac-11m,waves,https://chldata.erdc.dren.mil/thredds/dodsC/frf/oceanography/waves/awac-11m/2021/FRF-ocean_waves_awac-11m_202110.nc,waveMeanDirectionPeakFrequency,previous_qc,2021-10-28T23:00:00.500001+00:00,1635462000.5000007,seconds since 1970-01-01 00:00:00,-395.8229992389679,,,,,degree,66.40836,waves__awac-11m__ac63f1b339a0/variables/waveMeanDirectionPeakFrequency/8,667,position_509595b3d1b0b81fa35a7e06,"{""nominalDepth"": {""value"": 11.3, ""attributes"": {""_FillValue"": -999.0, ""units"": ""m"", ""description"": ""Nominal bottom vertical location from NAVD88"", ""long_name"": ""Bottom Elevation (NAVD88)"", ""short_name"": ""Bottom Elevation""}}}",retrieved,True,True,1.0,1.0,"Wave direction is from true north (MET convention), energy weighted at peak frequency",unique,,
c49a9c1f-9b00-5676-ab05-683975d898a2,FRF:awac-11m,waves,https://chldata.erdc.dren.mil/thredds/dodsC/frf/oceanography/waves/awac-11m/2021/FRF-ocean_waves_awac-11m_202110.nc,waveMeanDirectionPeakFrequency,next_qc,2021-10-29T00:00:01.999999+00:00,1635465601.9999993,seconds since 1970-01-01 00:00:00,3205.6769993305206,,,,,degree,69.77798,waves__awac-11m__ac63f1b339a0/variables/waveMeanDirectionPeakFrequency/9,668,position_252d59cbf85252c0baa70726,"{""nominalDepth"": {""value"": 11.3, ""attributes"": {""_FillValue"": -999.0, ""units"": ""m"", ""description"": ""Nominal bottom vertical location from NAVD88"", ""long_name"": ""Bottom Elevation (NAVD88)"", ""short_name"": ""Bottom Elevation""}}}",retrieved,True,True,1.0,1.0,"Wave direction is from true north (MET convention), energy weighted at peak frequency",unique,,
c49a9c1f-9b00-5676-ab05-683975d898a2,FRF:awac-11m,waves,https://chldata.erdc.dren.mil/thredds/dodsC/frf/oceanography/waves/awac-11m/2021/FRF-ocean_waves_awac-11m_202110.nc,waveMeanDirectionPeakFrequency,nearest_qc,2021-10-28T23:00:00.500001+00:00,1635462000.5000007,seconds since 1970-01-01 00:00:00,-395.8229992389679,,,,,degree,66.40836,waves__awac-11m__ac63f1b339a0/variables/waveMeanDirectionPeakFrequency/8,667,position_509595b3d1b0b81fa35a7e06,"{""nominalDepth"": {""value"": 11.3, ""attributes"": {""_FillValue"": -999.0, ""units"": ""m"", ""description"": ""Nominal bottom vertical location from NAVD88"", ""long_name"": ""Bottom Elevation (NAVD88)"", ""short_name"": ""Bottom Elevation""}}}",retrieved,True,True,1.0,1.0,"Wave direction is from true north (MET convention), energy weighted at peak frequency",unique,,
c49a9c1f-9b00-5676-ab05-683975d898a2,FRF:awac-11m,waves,https://chldata.erdc.dren.mil/thredds/dodsC/frf/oceanography/waves/awac-11m/2021/FRF-ocean_waves_awac-11m_202110.nc,waveEnergyDensity,nearest_context,2021-10-28T23:00:00.500001+00:00,1635462000.5000007,seconds since 1970-01-01 00:00:00,-395.8229992389679,,,,,m2 s,,waves__awac-11m__ac63f1b339a0/variables/waveEnergyDensity/8,667,position_509595b3d1b0b81fa35a7e06,"{""nominalDepth"": {""value"": 11.3, ""attributes"": {""_FillValue"": -999.0, ""units"": ""m"", ""description"": ""Nominal bottom vertical location from NAVD88"", ""long_name"": ""Bottom Elevation (NAVD88)"", ""short_name"": ""Bottom Elevation""}}}",retrieved,True,True,1.0,1.0,Energy Density,unique,complete_spectrum,1.0
c49a9c1f-9b00-5676-ab05-683975d898a2,FRF:awac-11m,waves,https://chldata.erdc.dren.mil/thredds/dodsC/frf/oceanography/waves/awac-11m/2021/FRF-ocean_waves_awac-11m_202110.nc,waveEnergyDensity,previous_qc,2021-10-28T23:00:00.500001+00:00,1635462000.5000007,seconds since 1970-01-01 00:00:00,-395.8229992389679,,,,,m2 s,,waves__awac-11m__ac63f1b339a0/variables/waveEnergyDensity/8,667,position_509595b3d1b0b81fa35a7e06,"{""nominalDepth"": {""value"": 11.3, ""attributes"": {""_FillValue"": -999.0, ""units"": ""m"", ""description"": ""Nominal bottom vertical location from NAVD88"", ""long_name"": ""Bottom Elevation (NAVD88)"", ""short_name"": ""Bottom Elevation""}}}",retrieved,True,True,1.0,1.0,Energy Density,unique,complete_spectrum,1.0
c49a9c1f-9b00-5676-ab05-683975d898a2,FRF:awac-11m,waves,https://chldata.erdc.dren.mil/thredds/dodsC/frf/oceanography/waves/awac-11m/2021/FRF-ocean_waves_awac-11m_202110.nc,waveEnergyDensity,next_qc,2021-10-29T00:00:01.999999+00:00,1635465601.9999993,seconds since 1970-01-01 00:00:00,3205.6769993305206,,,,,m2 s,,waves__awac-11m__ac63f1b339a0/variables/waveEnergyDensity/9,668,position_252d59cbf85252c0baa70726,"{""nominalDepth"": {""value"": 11.3, ""attributes"": {""_FillValue"": -999.0, ""units"": ""m"", ""description"": ""Nominal bottom vertical location from NAVD88"", ""long_name"": ""Bottom Elevation (NAVD88)"", ""short_name"": ""Bottom Elevation""}}}",retrieved,True,True,1.0,1.0,Energy Density,unique,complete_spectrum,1.0
c49a9c1f-9b00-5676-ab05-683975d898a2,FRF:awac-11m,waves,https://chldata.erdc.dren.mil/thredds/dodsC/frf/oceanography/waves/awac-11m/2021/FRF-ocean_waves_awac-11m_202110.nc,waveEnergyDensity,nearest_qc,2021-10-28T23:00:00.500001+00:00,1635462000.5000007,seconds since 1970-01-01 00:00:00,-395.8229992389679,,,,,m2 s,,waves__awac-11m__ac63f1b339a0/variables/waveEnergyDensity/8,667,position_509595b3d1b0b81fa35a7e06,"{""nominalDepth"": {""value"": 11.3, ""attributes"": {""_FillValue"": -999.0, ""units"": ""m"", ""description"": ""Nominal bottom vertical location from NAVD88"", ""long_name"": ""Bottom Elevation (NAVD88)"", ""short_name"": ""Bottom Elevation""}}}",retrieved,True,True,1.0,1.0,Energy Density,unique,complete_spectrum,1.0
c49a9c1f-9b00-5676-ab05-683975d898a2,FRF:awac-11m,waves,https://chldata.erdc.dren.mil/thredds/dodsC/frf/oceanography/waves/awac-11m/2021/FRF-ocean_waves_awac-11m_202110.nc,waveA1Value,nearest_context,2021-10-28T23:00:00.500001+00:00,1635462000.5000007,seconds since 1970-01-01 00:00:00,-395.8229992389679,,,,,,,waves__awac-11m__ac63f1b339a0/variables/waveA1Value/8,667,position_509595b3d1b0b81fa35a7e06,"{""nominalDepth"": {""value"": 11.3, ""attributes"": {""_FillValue"": -999.0, ""units"": ""m"", ""description"": ""Nominal bottom vertical location from NAVD88"", ""long_name"": ""Bottom Elevation (NAVD88)"", ""short_name"": ""Bottom Elevation""}}}",retrieved,True,True,1.0,1.0,a1 Fourier coefficient,unique,,
c49a9c1f-9b00-5676-ab05-683975d898a2,FRF:awac-11m,waves,https://chldata.erdc.dren.mil/thredds/dodsC/frf/oceanography/waves/awac-11m/2021/FRF-ocean_waves_awac-11m_202110.nc,waveA1Value,previous_qc,2021-10-28T23:00:00.500001+00:00,1635462000.5000007,seconds since 1970-01-01 00:00:00,-395.8229992389679,,,,,,,waves__awac-11m__ac63f1b339a0/variables/waveA1Value/8,667,position_509595b3d1b0b81fa35a7e06,"{""nominalDepth"": {""value"": 11.3, ""attributes"": {""_FillValue"": -999.0, ""units"": ""m"", ""description"": ""Nominal bottom vertical location from NAVD88"", ""long_name"": ""Bottom Elevation (NAVD88)"", ""short_name"": ""Bottom Elevation""}}}",retrieved,True,True,1.0,1.0,a1 Fourier coefficient,unique,,
c49a9c1f-9b00-5676-ab05-683975d898a2,FRF:awac-11m,waves,https://chldata.erdc.dren.mil/thredds/dodsC/frf/oceanography/waves/awac-11m/2021/FRF-ocean_waves_awac-11m_202110.nc,waveA1Value,next_qc,2021-10-29T00:00:01.999999+00:00,1635465601.9999993,seconds since 1970-01-01 00:00:00,3205.6769993305206,,,,,,,waves__awac-11m__ac63f1b339a0/variables/waveA1Value/9,668,position_252d59cbf85252c0baa70726,"{""nominalDepth"": {""value"": 11.3, ""attributes"": {""_FillValue"": -999.0, ""units"": ""m"", ""description"": ""Nominal bottom vertical location from NAVD88"", ""long_name"": ""Bottom Elevation (NAVD88)"", ""short_name"": ""Bottom Elevation""}}}",retrieved,True,True,1.0,1.0,a1 Fourier coefficient,unique,,
c49a9c1f-9b00-5676-ab05-683975d898a2,FRF:awac-11m,waves,https://chldata.erdc.dren.mil/thredds/dodsC/frf/oceanography/waves/awac-11m/2021/FRF-ocean_waves_awac-11m_202110.nc,waveA1Value,nearest_qc,2021-10-28T23:00:00.500001+00:00,1635462000.5000007,seconds since 1970-01-01 00:00:00,-395.8229992389679,,,,,,,waves__awac-11m__ac63f1b339a0/variables/waveA1Value/8,667,position_509595b3d1b0b81fa35a7e06,"{""nominalDepth"": {""value"": 11.3, ""attributes"": {""_FillValue"": -999.0, ""units"": ""m"", ""description"": ""Nominal bottom vertical location from NAVD88"", ""long_name"": ""Bottom Elevation (NAVD88)"", ""short_name"": ""Bottom Elevation""}}}",retrieved,True,True,1.0,1.0,a1 Fourier coefficient,unique,,
c49a9c1f-9b00-5676-ab05-683975d898a2,FRF:awac-11m,waves,https://chldata.erdc.dren.mil/thredds/dodsC/frf/oceanography/waves/awac-11m/2021/FRF-ocean_waves_awac-11m_202110.nc,waveB1Value,nearest_context,2021-10-28T23:00:00.500001+00:00,1635462000.5000007,seconds since 1970-01-01 00:00:00,-395.8229992389679,,,,,,,waves__awac-11m__ac63f1b339a0/variables/waveB1Value/8,667,position_509595b3d1b0b81fa35a7e06,"{""nominalDepth"": {""value"": 11.3, ""attributes"": {""_FillValue"": -999.0, ""units"": ""m"", ""description"": ""Nominal bottom vertical location from NAVD88"", ""long_name"": ""Bottom Elevation (NAVD88)"", ""short_name"": ""Bottom Elevation""}}}",retrieved,True,True,1.0,1.0,b1 Fourier coefficient,unique,,
c49a9c1f-9b00-5676-ab05-683975d898a2,FRF:awac-11m,waves,https://chldata.erdc.dren.mil/thredds/dodsC/frf/oceanography/waves/awac-11m/2021/FRF-ocean_waves_awac-11m_202110.nc,waveB1Value,previous_qc,2021-10-28T23:00:00.500001+00:00,1635462000.5000007,seconds since 1970-01-01 00:00:00,-395.8229992389679,,,,,,,waves__awac-11m__ac63f1b339a0/variables/waveB1Value/8,667,position_509595b3d1b0b81fa35a7e06,"{""nominalDepth"": {""value"": 11.3, ""attributes"": {""_FillValue"": -999.0, ""units"": ""m"", ""description"": ""Nominal bottom vertical location from NAVD88"", ""long_name"": ""Bottom Elevation (NAVD88)"", ""short_name"": ""Bottom Elevation""}}}",retrieved,True,True,1.0,1.0,b1 Fourier coefficient,unique,,
c49a9c1f-9b00-5676-ab05-683975d898a2,FRF:awac-11m,waves,https://chldata.erdc.dren.mil/thredds/dodsC/frf/oceanography/waves/awac-11m/2021/FRF-ocean_waves_awac-11m_202110.nc,waveB1Value,next_qc,2021-10-29T00:00:01.999999+00:00,1635465601.9999993,seconds since 1970-01-01 00:00:00,3205.6769993305206,,,,,,,waves__awac-11m__ac63f1b339a0/variables/waveB1Value/9,668,position_252d59cbf85252c0baa70726,"{""nominalDepth"": {""value"": 11.3, ""attributes"": {""_FillValue"": -999.0, ""units"": ""m"", ""description"": ""Nominal bottom vertical location from NAVD88"", ""long_name"": ""Bottom Elevation (NAVD88)"", ""short_name"": ""Bottom Elevation""}}}",retrieved,True,True,1.0,1.0,b1 Fourier coefficient,unique,,
c49a9c1f-9b00-5676-ab05-683975d898a2,FRF:awac-11m,waves,https://chldata.erdc.dren.mil/thredds/dodsC/frf/oceanography/waves/awac-11m/2021/FRF-ocean_waves_awac-11m_202110.nc,waveB1Value,nearest_qc,2021-10-28T23:00:00.500001+00:00,1635462000.5000007,seconds since 1970-01-01 00:00:00,-395.8229992389679,,,,,,,waves__awac-11m__ac63f1b339a0/variables/waveB1Value/8,667,position_509595b3d1b0b81fa35a7e06,"{""nominalDepth"": {""value"": 11.3, ""attributes"": {""_FillValue"": -999.0, ""units"": ""m"", ""description"": ""Nominal bottom vertical location from NAVD88"", ""long_name"": ""Bottom Elevation (NAVD88)"", ""short_name"": ""Bottom Elevation""}}}",retrieved,True,True,1.0,1.0,b1 Fourier coefficient,unique,,
c49a9c1f-9b00-5676-ab05-683975d898a2,FRF:awac-11m,waves,https://chldata.erdc.dren.mil/thredds/dodsC/frf/oceanography/waves/awac-11m/2021/FRF-ocean_waves_awac-11m_202110.nc,waveA2Value,nearest_context,2021-10-28T23:00:00.500001+00:00,1635462000.5000007,seconds since 1970-01-01 00:00:00,-395.8229992389679,,,,,,,waves__awac-11m__ac63f1b339a0/variables/waveA2Value/8,667,position_509595b3d1b0b81fa35a7e06,"{""nominalDepth"": {""value"": 11.3, ""attributes"": {""_FillValue"": -999.0, ""units"": ""m"", ""description"": ""Nominal bottom vertical location from NAVD88"", ""long_name"": ""Bottom Elevation (NAVD88)"", ""short_name"": ""Bottom Elevation""}}}",retrieved,True,True,1.0,1.0,a2 Fourier coefficient,unique,,
c49a9c1f-9b00-5676-ab05-683975d898a2,FRF:awac-11m,waves,https://chldata.erdc.dren.mil/thredds/dodsC/frf/oceanography/waves/awac-11m/2021/FRF-ocean_waves_awac-11m_202110.nc,waveA2Value,previous_qc,2021-10-28T23:00:00.500001+00:00,1635462000.5000007,seconds since 1970-01-01 00:00:00,-395.8229992389679,,,,,,,waves__awac-11m__ac63f1b339a0/variables/waveA2Value/8,667,position_509595b3d1b0b81fa35a7e06,"{""nominalDepth"": {""value"": 11.3, ""attributes"": {""_FillValue"": -999.0, ""units"": ""m"", ""description"": ""Nominal bottom vertical location from NAVD88"", ""long_name"": ""Bottom Elevation (NAVD88)"", ""short_name"": ""Bottom Elevation""}}}",retrieved,True,True,1.0,1.0,a2 Fourier coefficient,unique,,
c49a9c1f-9b00-5676-ab05-683975d898a2,FRF:awac-11m,waves,https://chldata.erdc.dren.mil/thredds/dodsC/frf/oceanography/waves/awac-11m/2021/FRF-ocean_waves_awac-11m_202110.nc,waveA2Value,next_qc,2021-10-29T00:00:01.999999+00:00,1635465601.9999993,seconds since 1970-01-01 00:00:00,3205.6769993305206,,,,,,,waves__awac-11m__ac63f1b339a0/variables/waveA2Value/9,668,position_252d59cbf85252c0baa70726,"{""nominalDepth"": {""value"": 11.3, ""attributes"": {""_FillValue"": -999.0, ""units"": ""m"", ""description"": ""Nominal bottom vertical location from NAVD88"", ""long_name"": ""Bottom Elevation (NAVD88)"", ""short_name"": ""Bottom Elevation""}}}",retrieved,True,True,1.0,1.0,a2 Fourier coefficient,unique,,
c49a9c1f-9b00-5676-ab05-683975d898a2,FRF:awac-11m,waves,https://chldata.erdc.dren.mil/thredds/dodsC/frf/oceanography/waves/awac-11m/2021/FRF-ocean_waves_awac-11m_202110.nc,waveA2Value,nearest_qc,2021-10-28T23:00:00.500001+00:00,1635462000.5000007,seconds since 1970-01-01 00:00:00,-395.8229992389679,,,,,,,waves__awac-11m__ac63f1b339a0/variables/waveA2Value/8,667,position_509595b3d1b0b81fa35a7e06,"{""nominalDepth"": {""value"": 11.3, ""attributes"": {""_FillValue"": -999.0, ""units"": ""m"", ""description"": ""Nominal bottom vertical location from NAVD88"", ""long_name"": ""Bottom Elevation (NAVD88)"", ""short_name"": ""Bottom Elevation""}}}",retrieved,True,True,1.0,1.0,a2 Fourier coefficient,unique,,
c49a9c1f-9b00-5676-ab05-683975d898a2,FRF:awac-11m,waves,https://chldata.erdc.dren.mil/thredds/dodsC/frf/oceanography/waves/awac-11m/2021/FRF-ocean_waves_awac-11m_202110.nc,waveB2Value,nearest_context,2021-10-28T23:00:00.500001+00:00,1635462000.5000007,seconds since 1970-01-01 00:00:00,-395.8229992389679,,,,,,,waves__awac-11m__ac63f1b339a0/variables/waveB2Value/8,667,position_509595b3d1b0b81fa35a7e06,"{""nominalDepth"": {""value"": 11.3, ""attributes"": {""_FillValue"": -999.0, ""units"": ""m"", ""description"": ""Nominal bottom vertical location from NAVD88"", ""long_name"": ""Bottom Elevation (NAVD88)"", ""short_name"": ""Bottom Elevation""}}}",retrieved,True,True,1.0,1.0,b2 Fourier coefficient,unique,,
c49a9c1f-9b00-5676-ab05-683975d898a2,FRF:awac-11m,waves,https://chldata.erdc.dren.mil/thredds/dodsC/frf/oceanography/waves/awac-11m/2021/FRF-ocean_waves_awac-11m_202110.nc,waveB2Value,previous_qc,2021-10-28T23:00:00.500001+00:00,1635462000.5000007,seconds since 1970-01-01 00:00:00,-395.8229992389679,,,,,,,waves__awac-11m__ac63f1b339a0/variables/waveB2Value/8,667,position_509595b3d1b0b81fa35a7e06,"{""nominalDepth"": {""value"": 11.3, ""attributes"": {""_FillValue"": -999.0, ""units"": ""m"", ""description"": ""Nominal bottom vertical location from NAVD88"", ""long_name"": ""Bottom Elevation (NAVD88)"", ""short_name"": ""Bottom Elevation""}}}",retrieved,True,True,1.0,1.0,b2 Fourier coefficient,unique,,
c49a9c1f-9b00-5676-ab05-683975d898a2,FRF:awac-11m,waves,https://chldata.erdc.dren.mil/thredds/dodsC/frf/oceanography/waves/awac-11m/2021/FRF-ocean_waves_awac-11m_202110.nc,waveB2Value,next_qc,2021-10-29T00:00:01.999999+00:00,1635465601.9999993,seconds since 1970-01-01 00:00:00,3205.6769993305206,,,,,,,waves__awac-11m__ac63f1b339a0/variables/waveB2Value/9,668,position_252d59cbf85252c0baa70726,"{""nominalDepth"": {""value"": 11.3, ""attributes"": {""_FillValue"": -999.0, ""units"": ""m"", ""description"": ""Nominal bottom vertical location from NAVD88"", ""long_name"": ""Bottom Elevation (NAVD88)"", ""short_name"": ""Bottom Elevation""}}}",retrieved,True,True,1.0,1.0,b2 Fourier coefficient,unique,,
c49a9c1f-9b00-5676-ab05-683975d898a2,FRF:awac-11m,waves,https://chldata.erdc.dren.mil/thredds/dodsC/frf/oceanography/waves/awac-11m/2021/FRF-ocean_waves_awac-11m_202110.nc,waveB2Value,nearest_qc,2021-10-28T23:00:00.500001+00:00,1635462000.5000007,seconds since 1970-01-01 00:00:00,-395.8229992389679,,,,,,,waves__awac-11m__ac63f1b339a0/variables/waveB2Value/8,667,position_509595b3d1b0b81fa35a7e06,"{""nominalDepth"": {""value"": 11.3, ""attributes"": {""_FillValue"": -999.0, ""units"": ""m"", ""description"": ""Nominal bottom vertical location from NAVD88"", ""long_name"": ""Bottom Elevation (NAVD88)"", ""short_name"": ""Bottom Elevation""}}}",retrieved,True,True,1.0,1.0,b2 Fourier coefficient,unique,,
c49a9c1f-9b00-5676-ab05-683975d898a2,FRF:awac-11m,waves,https://chldata.erdc.dren.mil/thredds/dodsC/frf/oceanography/waves/awac-11m/2021/FRF-ocean_waves_awac-11m_202110.nc,waveDirectionEstimator,nearest_context,2021-10-28T23:00:00.500001+00:00,1635462000.5000007,seconds since 1970-01-01 00:00:00,-395.8229992389679,,,,,,2.0,waves__awac-11m__ac63f1b339a0/variables/waveDirectionEstimator/8,667,position_509595b3d1b0b81fa35a7e06,"{""nominalDepth"": {""value"": 11.3, ""attributes"": {""_FillValue"": -999.0, ""units"": ""m"", ""description"": ""Nominal bottom vertical location from NAVD88"", ""long_name"": ""Bottom Elevation (NAVD88)"", ""short_name"": ""Bottom Elevation""}}}",retrieved,True,True,1.0,1.0,"Estimator for directional spectra - 1,4,6 = IMLE, 5,7=Longuet-Higgins cos(2*theta)",unique,,
c49a9c1f-9b00-5676-ab05-683975d898a2,FRF:awac-11m,waves,https://chldata.erdc.dren.mil/thredds/dodsC/frf/oceanography/waves/awac-11m/2021/FRF-ocean_waves_awac-11m_202110.nc,waveDirectionEstimator,previous_qc,2021-10-28T23:00:00.500001+00:00,1635462000.5000007,seconds since 1970-01-01 00:00:00,-395.8229992389679,,,,,,2.0,waves__awac-11m__ac63f1b339a0/variables/waveDirectionEstimator/8,667,position_509595b3d1b0b81fa35a7e06,"{""nominalDepth"": {""value"": 11.3, ""attributes"": {""_FillValue"": -999.0, ""units"": ""m"", ""description"": ""Nominal bottom vertical location from NAVD88"", ""long_name"": ""Bottom Elevation (NAVD88)"", ""short_name"": ""Bottom Elevation""}}}",retrieved,True,True,1.0,1.0,"Estimator for directional spectra - 1,4,6 = IMLE, 5,7=Longuet-Higgins cos(2*theta)",unique,,
c49a9c1f-9b00-5676-ab05-683975d898a2,FRF:awac-11m,waves,https://chldata.erdc.dren.mil/thredds/dodsC/frf/oceanography/waves/awac-11m/2021/FRF-ocean_waves_awac-11m_202110.nc,waveDirectionEstimator,next_qc,2021-10-29T00:00:01.999999+00:00,1635465601.9999993,seconds since 1970-01-01 00:00:00,3205.6769993305206,,,,,,2.0,waves__awac-11m__ac63f1b339a0/variables/waveDirectionEstimator/9,668,position_252d59cbf85252c0baa70726,"{""nominalDepth"": {""value"": 11.3, ""attributes"": {""_FillValue"": -999.0, ""units"": ""m"", ""description"": ""Nominal bottom vertical location from NAVD88"", ""long_name"": ""Bottom Elevation (NAVD88)"", ""short_name"": ""Bottom Elevation""}}}",retrieved,True,True,1.0,1.0,"Estimator for directional spectra - 1,4,6 = IMLE, 5,7=Longuet-Higgins cos(2*theta)",unique,,
c49a9c1f-9b00-5676-ab05-683975d898a2,FRF:awac-11m,waves,https://chldata.erdc.dren.mil/thredds/dodsC/frf/oceanography/waves/awac-11m/2021/FRF-ocean_waves_awac-11m_202110.nc,waveDirectionEstimator,nearest_qc,2021-10-28T23:00:00.500001+00:00,1635462000.5000007,seconds since 1970-01-01 00:00:00,-395.8229992389679,,,,,,2.0,waves__awac-11m__ac63f1b339a0/variables/waveDirectionEstimator/8,667,position_509595b3d1b0b81fa35a7e06,"{""nominalDepth"": {""value"": 11.3, ""attributes"": {""_FillValue"": -999.0, ""units"": ""m"", ""description"": ""Nominal bottom vertical location from NAVD88"", ""long_name"": ""Bottom Elevation (NAVD88)"", ""short_name"": ""Bottom Elevation""}}}",retrieved,True,True,1.0,1.0,"Estimator for directional spectra - 1,4,6 = IMLE, 5,7=Longuet-Higgins cos(2*theta)",unique,,
