row,col,kx_rad_m,ky_rad_m,k_rad_m,wavelength_m,angle_from_parallel_deg,vector_bearing_grid_north_deg,power,relative_power,endpoint_MSC,min_adjacent_MSC,fixed_diagnostic,pre_coherence_candidate,common_candidate,common_exclusions,evaluated,s_phi_A,s_phi_B,s_phi_C,A_valid,B_valid,C_valid,intersection,A_rmse,A_R2,A_max_step,A_unwrap_valid,reference_slope_span,telescoping_error,B_rms,C_rms,B_ambiguous,C_ambiguous,B_boundary,C_boundary,delta_B_A,delta_C_A,A_exclusions,B_exclusions,C_exclusions,lag1_s_phi,lag1_valid,lag1_ambiguous,lag2_s_phi,lag2_valid,lag2_ambiguous,lag4_s_phi,lag4_valid,lag4_ambiguous,lag8_s_phi,lag8_valid,lag8_ambiguous
108,65,-0.15707963267948966,0.0,0.15707963267948966,40.0,180.0,259.8357237,32691.26726933374,0.01898190927073449,0.3139991792360913,0.003251119389755146,False,False,False,below_power_or_outside_canonical_band_or_zero,False,,,,False,False,False,False,,,,,,,,,,,,,,,,,,,,,,,,,,,,,
109,62,-0.15271630954950383,-0.02899931680236732,0.1554452687521365,40.42056318354963,-169.2481098987401,270.5876138012599,135322.92229045305,0.07857411620067747,0.27574970836682205,0.019723023104683223,False,True,True,,True,0.9331806755592673,0.8059337430573009,0.9338363910760998,False,False,False,False,1.1248526769405915,0.9667871516568419,3.1137590835110265,False,1.1102230246251565e-16,0.0,1.0088611164694092,1.1151335655784118,False,False,False,False,-0.1272469325019664,0.0006557155168325224,large_wrapped_step;high_unwrapped_RMSE,high_circular_RMS,high_circular_RMS,0.8059337430573009,False,False,0.8499995350427915,False,False,3.1767311945710843,False,True,3.16696971878812,False,True
109,63,-0.15271630954950383,-0.01933287786824488,0.15393515312977846,40.81709199900823,-172.78511042288892,267.0506132771111,60687.12482184332,0.035237468397273486,0.03167159525104783,0.03270024249972363,False,False,False,below_power_or_outside_canonical_band_or_zero;low_endpoint_MSC,False,,,,False,False,False,False,,,,,,,,,,,,,,,,,,,,,,,,,,,,,
109,64,-0.15271630954950383,-0.00966643893412244,0.15302193059848315,41.06068510967975,-176.37819777098858,263.4575259290114,38023.58911683023,0.0220780770845311,0.03282117308171103,0.003312722204548115,False,False,False,below_power_or_outside_canonical_band_or_zero;low_endpoint_MSC,False,,,,False,False,False,False,,,,,,,,,,,,,,,,,,,,,,,,,,,,,
109,65,-0.15271630954950383,0.0,0.15271630954950383,41.142857142857146,180.0,259.8357237,32680.594809054546,0.018975712396473048,0.07908722978650608,0.007275201492956244,False,False,False,below_power_or_outside_canonical_band_or_zero;low_endpoint_MSC,False,,,,False,False,False,False,,,,,,,,,,,,,,,,,,,,,,,,,,,,,
109,66,-0.15271630954950383,0.00966643893412244,0.15302193059848315,41.06068510967975,176.37819777098858,256.21392147098857,32196.279274540495,0.018694498656460688,0.16893008454865907,0.040324940652044027,False,False,False,below_power_or_outside_canonical_band_or_zero,False,,,,False,False,False,False,,,,,,,,,,,,,,,,,,,,,,,,,,,,,
109,67,-0.15271630954950383,0.01933287786824488,0.15393515312977846,40.81709199900823,172.78511042288892,252.62083412288894,26284.416373250588,0.015261825206123892,0.1519674710700256,0.0003493147060753322,False,False,False,below_power_or_outside_canonical_band_or_zero,False,,,,False,False,False,False,,,,,,,,,,,,,,,,,,,,,,,,,,,,,
109,68,-0.15271630954950383,0.02899931680236732,0.1554452687521365,40.42056318354963,169.2481098987401,249.0838335987401,19984.080145792133,0.011603587987619903,0.14262136449071203,3.284794659397009e-05,False,False,False,below_power_or_outside_canonical_band_or_zero,False,,,,False,False,False,False,,,,,,,,,,,,,,,,,,,,,,,,,,,,,
110,60,-0.148352986419518,-0.04833219467061221,0.15602759249974874,40.2697061879597,-161.95481237239605,277.88091132760394,74876.94154615674,0.04347666608300938,0.19035439636234477,0.008388609659603512,False,False,False,below_power_or_outside_canonical_band_or_zero,False,,,,False,False,False,False,,,,,,,,,,,,,,,,,,,,,,,,,,,,,
110,61,-0.148352986419518,-0.03866575573648976,0.15330899923443367,40.98379963704286,-165.39179132734222,274.4439323726578,63164.41611707058,0.03667588674354833,0.3614711142638485,0.013873535232279233,False,False,False,below_power_or_outside_canonical_band_or_zero,False,,,,False,False,False,False,,,,,,,,,,,,,,,,,,,,,,,,,,,,,
110,62,-0.148352986419518,-0.02899931680236732,0.1511607388001056,41.56625164083411,-168.93956855956432,270.89615514043567,91948.65776703489,0.05338921446269291,0.39970992003493006,0.029002734281730037,False,True,True,,True,0.9136566997834814,0.9645925510026274,0.8926256158952466,False,False,False,False,1.0342829187125493,0.9705920480214307,3.0654585120565843,False,0.0,-3.552713678800501e-15,1.2110398824984359,1.3834276198773805,False,False,False,False,0.05093585121914601,-0.021031083888234825,large_wrapped_step;high_unwrapped_RMSE,high_circular_RMS,high_circular_RMS,0.9645925510026274,False,False,0.7394874443677941,False,False,-1.4138000523595102,False,True,-1.3008097585129004,False,True
110,63,-0.148352986419518,-0.01933287786824488,0.14960738199119109,41.99782940890939,-172.57524221406246,267.26048148593753,94448.77984934063,0.054840889313383226,0.33656781327923824,0.040148593804254666,False,True,True,,True,-0.03217883034818658,0.24883421451000642,0.6508086588577764,False,False,False,False,1.8345761060347043,0.012845141605915988,3.0003312225772185,False,1.3877787807814457e-17,-2.220446049250313e-16,1.1997389071667799,1.5803867101669538,False,False,False,False,0.281013044858193,0.682987489205963,large_wrapped_step;high_unwrapped_RMSE,high_circular_RMS,high_circular_RMS,0.24883421451000642,False,False,0.7538040569866574,False,False,1.7435218645362045,False,True,-2.6945678773107984,False,True
110,64,-0.148352986419518,-0.00966643893412244,0.1486675775724378,42.26331934491988,-176.27197030363197,263.56375339636804,36670.087870046045,0.02129217797414745,0.37762035064355265,0.04591274193809821,False,False,False,below_power_or_outside_canonical_band_or_zero,False,,,,False,False,False,False,,,,,,,,,,,,,,,,,,,,,,,,,,,,,
110,65,-0.148352986419518,0.0,0.148352986419518,42.352941176470594,180.0,259.8357237,38873.4741268391,0.02257155566453337,0.15974813174387903,0.029276308845270833,False,False,False,below_power_or_outside_canonical_band_or_zero,False,,,,False,False,False,False,,,,,,,,,,,,,,,,,,,,,,,,,,,,,
110,66,-0.148352986419518,0.00966643893412244,0.1486675775724378,42.26331934491988,176.27197030363197,256.107694003632,40072.61083562639,0.02326782430477539,0.1508682995883981,0.023547466654612235,False,False,False,below_power_or_outside_canonical_band_or_zero,False,,,,False,False,False,False,,,,,,,,,,,,,,,,,,,,,,,,,,,,,
110,67,-0.148352986419518,0.01933287786824488,0.14960738199119109,41.99782940890939,172.57524221406246,252.41096591406244,24002.81893016159,0.013937034848495832,0.09955304027373997,0.04555644283734405,False,False,False,below_power_or_outside_canonical_band_or_zero,False,,,,False,False,False,False,,,,,,,,,,,,,,,,,,,,,,,,,,,,,
110,68,-0.148352986419518,0.02899931680236732,0.1511607388001056,41.56625164083411,168.93956855956432,248.7752922595643,25059.991092657074,0.014550872969444406,0.15097517551475179,0.000791574281706683,False,False,False,below_power_or_outside_canonical_band_or_zero,False,,,,False,False,False,False,,,,,,,,,,,,,,,,,,,,,,,,,,,,,
110,69,-0.148352986419518,0.03866575573648976,0.15330899923443367,40.98379963704286,165.39179132734222,245.22751502734224,25708.555737843635,0.014927456573552218,0.07580128974023126,6.533691976665753e-06,False,False,False,below_power_or_outside_canonical_band_or_zero;low_endpoint_MSC,False,,,,False,False,False,False,,,,,,,,,,,,,,,,,,,,,,,,,,,,,
110,70,-0.148352986419518,0.04833219467061221,0.15602759249974874,40.2697061879597,161.95481237239605,241.79053607239604,19690.402480818,0.011433066522500398,0.12737464478945004,0.02066194264241554,False,False,False,below_power_or_outside_canonical_band_or_zero,False,,,,False,False,False,False,,,,,,,,,,,,,,,,,,,,,,,,,,,,,
111,59,-0.1439896632895322,-0.05799863360473464,0.15523164830101208,40.476187529721805,-158.06056192132436,281.7751617786756,54761.51406507346,0.03179681237032877,0.5982759813589166,0.03414497650993096,False,False,False,below_power_or_outside_canonical_band_or_zero,False,,,,False,False,False,False,,,,,,,,,,,,,,,,,,,,,,,,,,,,,
111,60,-0.1439896632895322,-0.04833219467061221,0.1518849043714049,41.368069678704096,-161.44493441486804,278.390789285132,42374.38764542002,0.024604331641888293,0.24682837669806582,0.0034017741940084857,False,False,False,below_power_or_outside_canonical_band_or_zero,False,,,,False,False,False,False,,,,,,,,,,,,,,,,,,,,,,,,,,,,,
111,61,-0.1439896632895322,-0.03866575573648976,0.1490907904630824,42.14334961712754,-164.96887739825212,274.8668463017479,112951.46708829905,0.06558431897431125,0.30286721380521286,0.01423464491861673,False,True,True,,True,0.03464971921872722,0.5056833339321729,0.670810112693635,False,False,False,False,1.6113046535454545,0.019183006110068734,2.935620623964965,False,6.938893903907228e-18,8.881784197001252e-16,1.4546943338589235,1.5537949849884327,False,False,False,False,0.4710336147134457,0.6361603934749078,large_wrapped_step;high_unwrapped_RMSE,high_circular_RMS,high_circular_RMS,0.5056833339321729,False,False,0.082902618164329,False,False,3.061006239174737,False,True,2.9078647189327578,False,True
111,62,-0.1439896632895322,-0.02899931680236732,0.1468808480001287,42.7774307728267,-168.6130364087552,271.2226872912448,36043.85635670539,0.02092856191513166,0.3962343567040731,0.006606661964306412,False,False,False,below_power_or_outside_canonical_band_or_zero,False,,,,False,False,False,False,,,,,,,,,,,,,,,,,,,,,,,,,,,,,
111,63,-0.1439896632895322,-0.01933287786824488,0.14528173767167477,43.24828025790198,-172.3528735651008,267.4828501348992,81244.60100265732,0.04717399396798898,0.5350031049376744,0.003048348631211248,False,False,False,below_power_or_outside_canonical_band_or_zero,False,,,,False,False,False,False,,,,,,,,,,,,,,,,,,,,,,,,,,,,,
111,64,-0.1439896632895322,-0.00966643893412244,0.1443137664115935,43.53836410352896,-176.1593328630089,263.6763908369911,33166.9989898158,0.019258138891354665,0.566176835626384,0.018508024583646483,False,False,False,below_power_or_outside_canonical_band_or_zero,False,,,,False,False,False,False,,,,,,,,,,,,,,,,,,,,,,,,,,,,,
111,65,-0.1439896632895322,0.0,0.1439896632895322,43.63636363636363,180.0,259.8357237,48605.74112446686,0.028222514607958223,0.21515960191516864,0.03164944691621243,False,False,False,below_power_or_outside_canonical_band_or_zero,False,,,,False,False,False,False,,,,,,,,,,,,,,,,,,,,,,,,,,,,,
111,66,-0.1439896632895322,0.00966643893412244,0.1443137664115935,43.53836410352896,176.1593328630089,255.99505656300892,33042.1290675748,0.019185634221679602,0.28367975667054274,0.012294645320888756,False,False,False,below_power_or_outside_canonical_band_or_zero,False,,,,False,False,False,False,,,,,,,,,,,,,,,,,,,,,,,,,,,,,
111,67,-0.1439896632895322,0.01933287786824488,0.14528173767167477,43.24828025790198,172.3528735651008,252.18859726510078,26913.335179593167,0.015627001619209966,0.05469102351848647,0.0255048831510383,False,False,False,below_power_or_outside_canonical_band_or_zero;low_endpoint_MSC,False,,,,False,False,False,False,,,,,,,,,,,,,,,,,,,,,,,,,,,,,
111,68,-0.1439896632895322,0.02899931680236732,0.1468808480001287,42.7774307728267,168.6130364087552,248.4487601087552,27865.38200930842,0.01617979960021995,0.014909310924197753,0.008348256170701018,False,False,False,below_power_or_outside_canonical_band_or_zero;low_endpoint_MSC,False,,,,False,False,False,False,,,,,,,,,,,,,,,,,,,,,,,,,,,,,
111,69,-0.1439896632895322,0.03866575573648976,0.1490907904630824,42.14334961712754,164.96887739825212,244.80460109825214,25035.408693235393,0.014536599406060186,0.0919206863663065,0.0067545896622016,False,False,False,below_power_or_outside_canonical_band_or_zero,False,,,,False,False,False,False,,,,,,,,,,,,,,,,,,,,,,,,,,,,,
111,70,-0.1439896632895322,0.04833219467061221,0.1518849043714049,41.368069678704096,161.44493441486804,241.28065811486806,23948.688054545695,0.013905604211034733,0.12423012132546599,0.005232116916294156,False,False,False,below_power_or_outside_canonical_band_or_zero,False,,,,False,False,False,False,,,,,,,,,,,,,,,,,,,,,,,,,,,,,
111,71,-0.1439896632895322,0.05799863360473464,0.15523164830101208,40.476187529721805,158.06056192132436,237.89628562132435,18720.79481237877,0.010870071988244858,0.17341017237183678,0.0005915866103187386,False,False,False,below_power_or_outside_canonical_band_or_zero,False,,,,False,False,False,False,,,,,,,,,,,,,,,,,,,,,,,,,,,,,
112,58,-0.13962634015954636,-0.06766507253885708,0.15515823184104072,40.49533970983052,-154.14445781119667,285.69126588880334,53643.463436414255,0.03114762568024273,0.19992502459036826,0.12483460060637212,False,False,False,below_power_or_outside_canonical_band_or_zero,False,,,,False,False,False,False,,,,,,,,,,,,,,,,,,,,,,,,,,,,,
112,59,-0.13962634015954636,-0.05799863360473464,0.1511931095201286,41.55735223067884,-157.44275336529435,282.39297033470564,101559.73780467788,0.05896980721748778,0.4834067736338526,0.09936773546348175,False,True,True,,True,0.7108929928420998,0.9726216302298906,0.974896370588939,False,False,False,False,2.2546475898506984,0.8078662101166998,2.7412778698235094,False,1.1102230246251565e-16,0.0,1.224148881978708,1.2005532472035465,False,False,False,False,0.26172863738779073,0.26400337774683913,large_wrapped_step;high_unwrapped_RMSE,high_circular_RMS,high_circular_RMS,0.9726216302298906,False,False,1.0295765891617796,False,False,-1.2870524556318448,False,True,-2.3671225361722708,False,True
112,60,-0.13962634015954636,-0.04833219467061221,0.14775491838861846,42.52437330481162,-160.9065079995144,278.9292157004856,143381.37646910793,0.0832531898144767,0.2684978989454185,0.0036133682418757126,False,True,True,,True,0.8071603931729664,0.8053026304796462,0.9519367708899927,False,False,False,False,1.1235744632546734,0.9561928539534202,2.8755432150554676,False,2.220446049250313e-16,3.552713678800501e-15,0.8445526585344957,1.2009180736138323,False,False,False,False,-0.001857762693320164,0.14477637771702634,large_wrapped_step;high_unwrapped_RMSE,high_circular_RMS,high_circular_RMS,0.8053026304796462,False,False,0.8158985948459272,False,False,3.160037906907606,False,True,-0.13009236779751843,False,True
112,61,-0.13962634015954636,-0.03866575573648976,0.14488117729029965,43.367850984465115,-164.52136183458165,275.31436186541833,109487.63818911005,0.06357307586917071,0.29465910467130796,0.021663087191532752,False,True,True,,True,0.8694311157027506,0.7934008034608766,0.8288235854593364,False,False,False,False,0.7881777657975041,0.9809394410904096,2.5107696211188077,True,0.0,0.0,0.8573993237234266,1.0984253089887557,False,False,False,False,-0.07603031224187395,-0.040607530243414125,high_unwrapped_RMSE,high_circular_RMS,high_circular_RMS,0.7934008034608766,False,False,0.7687083326783697,False,False,3.0493858593182868,False,True,3.066370604352016,False,True
112,62,-0.13962634015954636,-0.02899931680236732,0.1426060140434246,44.05974985926126,-168.26691584358775,271.56880785641226,102410.44911446526,0.05946376558150383,0.22341141771234313,0.03835183977194693,False,True,True,,True,0.961575965750503,1.055031345359404,0.9272021021309974,False,False,False,False,0.8244611953156986,0.9829154000934655,3.024727939555145,False,0.0,3.552713678800501e-15,1.1302301512190054,0.9867310514133868,False,False,False,False,0.09345537960890105,-0.03437386361950556,large_wrapped_step;high_unwrapped_RMSE,high_circular_RMS,high_circular_RMS,1.055031345359404,False,False,0.8788947642679127,False,False,3.144924302265892,False,True,0.9330869101414129,False,True
112,63,-0.13962634015954636,-0.01933287786824488,0.14095841597087355,44.574744004486334,-172.11686068327026,267.71886301672976,70366.33679425313,0.04085762138671844,0.21585638807286972,0.006751558953288237,False,False,False,below_power_or_outside_canonical_band_or_zero,False,,,,False,False,False,False,,,,,,,,,,,,,,,,,,,,,,,,,,,,,
112,64,-0.13962634015954636,-0.00966643893412244,0.13996054768404012,44.89254587202552,-176.03968816954162,263.79603553045837,38055.76368753102,0.022096758978286866,0.2366518718539044,0.008159849559799174,False,False,False,below_power_or_outside_canonical_band_or_zero,False,,,,False,False,False,False,,,,,,,,,,,,,,,,,,,,,,,,,,,,,
112,65,-0.13962634015954636,0.0,0.13962634015954636,45.0,180.0,259.8357237,48991.1800806609,0.028446316494731363,0.014223424658433374,0.00602923764352149,False,False,False,below_power_or_outside_canonical_band_or_zero;low_endpoint_MSC,False,,,,False,False,False,False,,,,,,,,,,,,,,,,,,,,,,,,,,,,,
112,66,-0.13962634015954636,0.00966643893412244,0.13996054768404012,44.89254587202552,176.03968816954162,255.8754118695416,44256.605509959896,0.025697225607671213,0.040836891206578595,0.008987923658448846,False,False,False,below_power_or_outside_canonical_band_or_zero;low_endpoint_MSC,False,,,,False,False,False,False,,,,,,,,,,,,,,,,,,,,,,,,,,,,,
112,67,-0.13962634015954636,0.01933287786824488,0.14095841597087355,44.574744004486334,172.11686068327026,251.95258438327028,30782.213044335364,0.017873432998056483,0.005233978856974581,0.00814595179416396,False,False,False,below_power_or_outside_canonical_band_or_zero;low_endpoint_MSC,False,,,,False,False,False,False,,,,,,,,,,,,,,,,,,,,,,,,,,,,,
112,68,-0.13962634015954636,0.02899931680236732,0.1426060140434246,44.05974985926126,168.26691584358775,248.10263954358777,27459.579330205102,0.015944173689082942,0.2495062193743183,0.004264148281830106,False,False,False,below_power_or_outside_canonical_band_or_zero,False,,,,False,False,False,False,,,,,,,,,,,,,,,,,,,,,,,,,,,,,
112,69,-0.13962634015954636,0.03866575573648976,0.14488117729029965,43.367850984465115,164.52136183458165,244.35708553458164,13929.17779321189,0.008087859883446676,0.05953996453609476,0.004964617825905017,False,False,False,below_power_or_outside_canonical_band_or_zero;low_endpoint_MSC,False,,,,False,False,False,False,,,,,,,,,,,,,,,,,,,,,,,,,,,,,
112,70,-0.13962634015954636,0.04833219467061221,0.14775491838861846,42.52437330481162,160.9065079995144,240.74223169951438,34407.35541696659,0.019978341414235587,0.04639053692676977,0.0037839208923388813,False,False,False,below_power_or_outside_canonical_band_or_zero;low_endpoint_MSC,False,,,,False,False,False,False,,,,,,,,,,,,,,,,,,,,,,,,,,,,,
112,71,-0.13962634015954636,0.05799863360473464,0.1511931095201286,41.55735223067884,157.44275336529435,237.27847706529434,24249.349579043777,0.014080180795423584,0.07627442379188883,0.0007845293634676609,False,False,False,below_power_or_outside_canonical_band_or_zero;low_endpoint_MSC,False,,,,False,False,False,False,,,,,,,,,,,,,,,,,,,,,,,,,,,,,
112,72,-0.13962634015954636,0.06766507253885708,0.15515823184104072,40.49533970983052,154.14445781119667,233.9801815111967,21595.668023118,0.012539342928448131,0.28157605406889374,0.013998443502075587,False,False,False,below_power_or_outside_canonical_band_or_zero,False,,,,False,False,False,False,,,,,,,,,,,,,,,,,,,,,,,,,,,,,
113,57,-0.13526301702956053,-0.07733151147297952,0.15580836448225346,40.3263671245021,-150.24287143567352,289.5928522643265,122902.72321665584,0.07136243211388667,0.1374536143869094,0.08568944515850871,False,True,True,,True,0.35549113580713265,0.7118712823295152,0.8936889748623459,False,False,False,False,1.6982281879374195,0.6495308711702681,2.8173770937181812,False,1.1102230246251565e-16,1.7763568394002505e-15,0.8855236727547086,1.2311241456525281,False,False,False,False,0.3563801465223826,0.5381978390552132,large_wrapped_step;high_unwrapped_RMSE,high_circular_RMS,high_circular_RMS,0.7118712823295152,False,False,0.8730848670855531,False,False,3.164138627107226,False,True,-2.4555221709615336,False,True
113,58,-0.13526301702956053,-0.06766507253885708,0.15124366372720535,41.54346140749685,-153.42357609986513,286.41214760013486,95457.89215611496,0.055426821883490116,0.0189913798645618,0.10843047119759773,False,True,False,low_endpoint_MSC,True,0.9183805808696562,0.8634275039386626,1.009271744028518,False,False,False,False,1.1991611560411408,0.9612508748475385,2.6463435399041693,False,2.220446049250313e-16,0.0,1.1165698566847462,1.319623273644945,False,False,False,False,-0.054953076930993605,0.0908911631588617,large_wrapped_step;high_unwrapped_RMSE,high_circular_RMS,high_circular_RMS,0.8634275039386626,False,False,0.8478746892947905,False,False,-1.4420917973735365,False,True,-2.2990270671446886,False,True
113,59,-0.13526301702956053,-0.05799863360473464,0.1471731132916452,42.6924807571919,-156.7911149821481,283.04460871785193,70634.90346576755,0.041013562364773215,0.21188192478242515,0.14415260008866534,False,False,False,below_power_or_outside_canonical_band_or_zero,False,,,,False,False,False,False,,,,,,,,,,,,,,,,,,,,,,,,,,,,,
113,60,-0.13526301702956053,-0.04833219467061221,0.1436387302144416,43.74297445959925,-160.33717000371325,279.49855369628676,146556.14788476558,0.08509659412397759,0.3251882792426386,0.007382947874785374,False,True,True,,True,0.6456580573643874,0.7454890403476042,0.8273950440835821,False,False,False,False,1.403672272785407,0.8994840061178945,2.974607343855452,False,2.220446049250313e-16,-1.7763568394002505e-15,0.9407606524269603,0.896522814507956,False,False,False,False,0.0998309829832168,0.1817369867191947,large_wrapped_step;high_unwrapped_RMSE,high_circular_RMS,high_circular_RMS,0.7454890403476042,False,False,0.8593542707092585,False,False,3.0591565405712107,False,True,3.056451432799439,False,True
113,61,-0.13526301702956053,-0.03866575573648976,0.1406809313397273,44.66266499193454,-164.04709334608705,275.78863035391294,44228.08048010049,0.02568066278909721,0.3212388528399815,0.03852682212758866,False,False,False,below_power_or_outside_canonical_band_or_zero,False,,,,False,False,False,False,,,,,,,,,,,,,,,,,,,,,,,,,,,,,
113,62,-0.13526301702956053,-0.02899931680236732,0.1383367057253542,45.4195094081094,-167.89941741841434,271.93630628158564,159898.32965266512,0.09284361970439885,0.0907135041495572,0.03969511422037972,False,True,True,,True,0.4891017327919739,0.9163997459716665,0.9914433837952628,False,False,False,False,3.1215463053148573,0.5094069106670265,2.993354017691022,False,0.0,1.7763568394002505e-15,1.0876281229867988,1.0272456832863754,False,False,False,False,0.4272980131796926,0.5023416510032889,large_wrapped_step;high_unwrapped_RMSE,high_circular_RMS,high_circular_RMS,0.9163997459716665,False,False,1.029486461477695,False,False,0.9963913269298798,False,True,3.2144510915519384,False,True
113,63,-0.13526301702956053,-0.01933287786824488,0.1366376373573828,45.984294142510606,-171.86591683715778,267.96980686284223,109045.13864772466,0.0633161422337225,0.017866071946196313,0.01674284629562432,False,True,False,low_endpoint_MSC,True,0.9645711457230925,0.9204224157394747,0.9647453829758285,False,False,False,False,0.5159211143423069,0.9932812920927778,2.3786448400389633,True,0.0,0.0,0.7689766306587128,0.7345962828423451,False,False,False,False,-0.04414872998361785,0.0001742372527359093,high_unwrapped_RMSE,high_circular_RMS,high_circular_RMS,0.9204224157394747,False,False,0.9711658219163156,False,False,-1.254768627769024,False,True,-2.3827854578809844,False,True
113,64,-0.13526301702956053,-0.00966643893412244,0.13560797844377115,46.33344866050682,-175.91236248998743,263.92336121001256,54726.441056175085,0.03177644752282146,0.033640451810839876,0.0026705543722429885,False,False,False,below_power_or_outside_canonical_band_or_zero;low_endpoint_MSC,False,,,,False,False,False,False,,,,,,,,,,,,,,,,,,,,,,,,,,,,,
113,65,-0.13526301702956053,0.0,0.13526301702956053,46.45161290322581,180.0,259.8357237,55177.07345090857,0.032038103431135195,0.024446426488721775,0.01435012823454391,False,False,False,below_power_or_outside_canonical_band_or_zero;low_endpoint_MSC,False,,,,False,False,False,False,,,,,,,,,,,,,,,,,,,,,,,,,,,,,
113,66,-0.13526301702956053,0.00966643893412244,0.13560797844377115,46.33344866050682,175.91236248998743,255.74808618998742,51798.930771583146,0.030076613308581808,0.053664264555190036,0.02036049525526796,False,False,False,below_power_or_outside_canonical_band_or_zero;low_endpoint_MSC,False,,,,False,False,False,False,,,,,,,,,,,,,,,,,,,,,,,,,,,,,
113,67,-0.13526301702956053,0.01933287786824488,0.1366376373573828,45.984294142510606,171.86591683715778,251.7016405371578,28504.146841872847,0.016550693025585803,0.05893113699375517,0.025173042073150843,False,False,False,below_power_or_outside_canonical_band_or_zero;low_endpoint_MSC,False,,,,False,False,False,False,,,,,,,,,,,,,,,,,,,,,,,,,,,,,
113,68,-0.13526301702956053,0.02899931680236732,0.1383367057253542,45.4195094081094,167.89941741841434,247.73514111841433,18121.191467734327,0.010521917351329135,0.3805941799139835,0.007939736923626269,False,False,False,below_power_or_outside_canonical_band_or_zero,False,,,,False,False,False,False,,,,,,,,,,,,,,,,,,,,,,,,,,,,,
113,69,-0.13526301702956053,0.03866575573648976,0.1406809313397273,44.66266499193454,164.04709334608705,243.88281704608704,20399.479572175016,0.011844786169316324,0.11332652125310681,0.007891081466792923,False,False,False,below_power_or_outside_canonical_band_or_zero,False,,,,False,False,False,False,,,,,,,,,,,,,,,,,,,,,,,,,,,,,
113,70,-0.13526301702956053,0.04833219467061221,0.1436387302144416,43.74297445959925,160.33717000371325,240.17289370371327,31607.843043501827,0.018352828110098397,0.13348152167286337,0.0005982117741626107,False,False,False,below_power_or_outside_canonical_band_or_zero,False,,,,False,False,False,False,,,,,,,,,,,,,,,,,,,,,,,,,,,,,
113,71,-0.13526301702956053,0.05799863360473464,0.1471731132916452,42.6924807571919,156.7911149821481,236.6268386821481,16322.802565289774,0.009477697967037459,0.08125668958096155,0.00047378744820986325,False,False,False,below_power_or_outside_canonical_band_or_zero;low_endpoint_MSC,False,,,,False,False,False,False,,,,,,,,,,,,,,,,,,,,,,,,,,,,,
113,72,-0.13526301702956053,0.06766507253885708,0.15124366372720535,41.54346140749685,153.42357609986513,233.25929979986512,18966.826676248103,0.011012928319851747,0.20322198700300603,0.01114482228914653,False,False,False,below_power_or_outside_canonical_band_or_zero,False,,,,False,False,False,False,,,,,,,,,,,,,,,,,,,,,,,,,,,,,
113,73,-0.13526301702956053,0.07733151147297952,0.15580836448225346,40.3263671245021,150.24287143567352,230.07859513567354,20108.980215635056,0.011676110162246359,0.17358167597365376,0.0009906509723012474,False,False,False,below_power_or_outside_canonical_band_or_zero,False,,,,False,False,False,False,,,,,,,,,,,,,,,,,,,,,,,,,,,,,
114,57,-0.13089969389957473,-0.07733151147297952,0.15203582646763864,41.327004648585145,-149.42671297608115,290.40901072391887,60238.458515026534,0.03497695408136562,0.06424700600423076,0.019544951526960314,False,False,False,below_power_or_outside_canonical_band_or_zero;low_endpoint_MSC,False,,,,False,False,False,False,,,,,,,,,,,,,,,,,,,,,,,,,,,,,
114,58,-0.13089969389957473,-0.06766507253885708,0.147354307384247,42.639983986320125,-152.66451411820765,287.17120958179237,91262.55668808898,0.05299083564415989,0.16570622201690363,0.28196712457862966,False,True,True,,True,0.9640121782922472,0.969586684983161,0.806989745545693,False,False,False,False,1.2269686038712975,0.963111265587894,2.816545275050915,False,3.3306690738754696e-16,-3.552713678800501e-15,0.8627890726178411,1.2080705941957897,False,False,False,False,0.005574506690913861,-0.15702243274655414,large_wrapped_step;high_unwrapped_RMSE,high_circular_RMS,high_circular_RMS,0.969586684983161,False,False,0.9193956144433918,False,False,3.0712085390067005,False,True,1.8915681158806537,False,True
114,59,-0.13089969389957473,-0.05799863360473464,0.14317322152909256,43.885198922501395,-156.10297318432757,283.7327505156724,34463.09901562463,0.020010708465761418,0.08286453578423286,0.16208088631768064,False,False,False,below_power_or_outside_canonical_band_or_zero;low_endpoint_MSC,False,,,,False,False,False,False,,,,,,,,,,,,,,,,,,,,,,,,,,,,,
114,60,-0.13089969389957473,-0.04833219467061221,0.13953756090988662,45.02863075869062,-159.7343025290525,280.1014211709475,153931.97262545125,0.08937930469836602,0.22963560327466595,0.03404700774543905,False,True,True,,True,0.6378561368233299,0.6666433803895832,0.8040708320987302,False,False,False,False,1.3679817452914311,0.9019163088253372,2.278227063612703,True,0.0,0.0,0.8408279613238706,0.8866243895449709,False,False,False,False,0.028787243566253284,0.16621469527540034,high_unwrapped_RMSE,high_circular_RMS,high_circular_RMS,0.6666433803895832,False,False,0.8227074296693417,False,False,3.0358617298838535,False,True,3.034734061411046,False,True
114,61,-0.13089969389957473,-0.03866575573648976,0.13649091738894661,46.03372464172781,-163.54367027796732,276.29205342203267,56947.94438775996,0.03306634474024548,0.21903699828642192,0.14421729057491733,False,False,False,below_power_or_outside_canonical_band_or_zero,False,,,,False,False,False,False,,,,,,,,,,,,,,,,,,,,,,,,,,,,,
114,62,-0.13089969389957473,-0.02899931680236732,0.13407345090660724,46.86375464115056,-167.50853068863424,272.32719301136575,79394.89128832078,0.046099975586093196,0.02179428071939334,0.024960625678583963,False,False,False,below_power_or_outside_canonical_band_or_zero;low_endpoint_MSC,False,,,,False,False,False,False,,,,,,,,,,,,,,,,,,,,,,,,,,,,,
114,63,-0.13089969389957473,-0.01933287786824488,0.13231965095809026,47.48489934552251,-171.5985894822386,268.2371342177614,108976.48637021682,0.06327627986643809,0.03736248617367821,0.0034641862276767236,False,True,False,low_endpoint_MSC,True,0.9278872725693528,0.9439217764037772,0.9191241437013122,False,False,False,False,0.7525288529485779,0.9846866794718748,3.011935747909524,False,3.3306690738754696e-16,0.0,0.8194185379359014,0.8796500713621914,False,False,False,False,0.016034503834424396,-0.008763128868040537,large_wrapped_step;high_unwrapped_RMSE,high_circular_RMS,high_circular_RMS,0.9439217764037772,False,False,0.8451758252691367,False,False,3.127461945497952,False,True,3.161305449735578,False,True
114,64,-0.13089969389957473,-0.00966643893412244,0.1312561233035224,47.86965475622096,-175.7765930233444,264.0591306766556,25204.56105228391,0.014634816300068501,0.0276831757995596,0.012786351722522132,False,False,False,below_power_or_outside_canonical_band_or_zero;low_endpoint_MSC,False,,,,False,False,False,False,,,,,,,,,,,,,,,,,,,,,,,,,,,,,
114,65,-0.13089969389957473,0.0,0.13089969389957473,47.99999999999999,180.0,259.8357237,53438.23078342585,0.031028459067143202,0.05341718134512209,0.003335191600618377,False,False,False,below_power_or_outside_canonical_band_or_zero;low_endpoint_MSC,False,,,,False,False,False,False,,,,,,,,,,,,,,,,,,,,,,,,,,,,,
114,66,-0.13089969389957473,0.00966643893412244,0.1312561233035224,47.86965475622096,175.7765930233444,255.6123167233444,39762.34450018612,0.02308767076772927,0.08435021733145749,0.01622972426289342,False,False,False,below_power_or_outside_canonical_band_or_zero;low_endpoint_MSC,False,,,,False,False,False,False,,,,,,,,,,,,,,,,,,,,,,,,,,,,,
114,67,-0.13089969389957473,0.01933287786824488,0.13231965095809026,47.48489934552251,171.5985894822386,251.4343131822386,30140.720669054685,0.017500955847962386,0.19831788265527495,0.012969352554794974,False,False,False,below_power_or_outside_canonical_band_or_zero,False,,,,False,False,False,False,,,,,,,,,,,,,,,,,,,,,,,,,,,,,
114,68,-0.13089969389957473,0.02899931680236732,0.13407345090660724,46.86375464115056,167.50853068863424,247.34425438863423,25197.253654950586,0.01463057332129244,0.13253794205746708,0.0181514245677263,False,False,False,below_power_or_outside_canonical_band_or_zero,False,,,,False,False,False,False,,,,,,,,,,,,,,,,,,,,,,,,,,,,,
114,69,-0.13089969389957473,0.03866575573648976,0.13649091738894661,46.03372464172781,163.54367027796732,243.3793939779673,24303.46879103714,0.014111604660500399,0.11414440125801499,0.006716166324764699,False,False,False,below_power_or_outside_canonical_band_or_zero,False,,,,False,False,False,False,,,,,,,,,,,,,,,,,,,,,,,,,,,,,
114,70,-0.13089969389957473,0.04833219467061221,0.13953756090988662,45.02863075869062,159.7343025290525,239.57002622905253,30292.87758064454,0.017589304478406065,0.14122276957209112,0.0009609537522817439,False,False,False,below_power_or_outside_canonical_band_or_zero,False,,,,False,False,False,False,,,,,,,,,,,,,,,,,,,,,,,,,,,,,
114,71,-0.13089969389957473,0.05799863360473464,0.14317322152909256,43.885198922501395,156.10297318432757,235.93869688432756,15429.822277252119,0.008959196476457876,0.07068433250842102,0.009329350447899808,False,False,False,below_power_or_outside_canonical_band_or_zero;low_endpoint_MSC,False,,,,False,False,False,False,,,,,,,,,,,,,,,,,,,,,,,,,,,,,
114,72,-0.13089969389957473,0.06766507253885708,0.147354307384247,42.639983986320125,152.66451411820765,232.50023781820767,12365.043456027002,0.007179658441420135,0.0939639743669244,0.004680811452818342,False,False,False,below_power_or_outside_canonical_band_or_zero,False,,,,False,False,False,False,,,,,,,,,,,,,,,,,,,,,,,,,,,,,
114,73,-0.13089969389957473,0.07733151147297952,0.15203582646763864,41.327004648585145,149.42671297608115,229.26243667608117,23728.16479526532,0.013777559236049213,0.15192087962652437,0.016354032529969968,False,False,False,below_power_or_outside_canonical_band_or_zero,False,,,,False,False,False,False,,,,,,,,,,,,,,,,,,,,,,,,,,,,,
115,56,-0.1265363707695889,-0.08699795040710197,0.15355812092681861,40.91731045715239,-145.49018703170518,294.3455366682948,107217.03953520504,0.06225467186593689,0.06372972854084896,0.00790067055421525,False,True,False,low_endpoint_MSC,True,0.6802300644633841,0.9753885108350198,1.0365157208129945,False,False,False,False,1.6188522285371643,0.8819029622523101,2.9183661114719235,False,2.220446049250313e-16,-1.7763568394002505e-15,1.1137086966703422,1.1130621590390901,False,False,False,False,0.2951584463716357,0.3562856563496104,large_wrapped_step;high_unwrapped_RMSE,high_circular_RMS,high_circular_RMS,0.9753885108350198,False,False,1.0452168091834713,False,False,1.023884621246494,False,True,2.1571802794913775,False,True
115,57,-0.1265363707695889,-0.07733151147297952,0.14829570389675636,42.36930094450981,-148.56920491476313,291.2665187852369,93920.21508274134,0.05453398262908022,0.08818360098322736,0.025435319432675803,False,True,False,low_endpoint_MSC,True,1.1183171105813947,1.0852669955494831,1.1374119149322914,False,False,False,False,0.9014611443439347,0.9848693309655382,2.447756475794263,True,0.0,0.0,0.8233192535247951,1.0132056513424819,False,False,False,False,-0.033050115031911576,0.01909480435089672,high_unwrapped_RMSE,high_circular_RMS,high_circular_RMS,1.0852669955494831,False,False,1.0502096411098762,False,False,-1.1158495488975193,False,True,2.2702367600232076,False,True
115,58,-0.1265363707695889,-0.06766507253885708,0.14349221292191316,43.78763961636597,-151.86444500352627,287.97127869647375,81076.264738693,0.04707625093272456,0.3696607151024459,0.0957838883077271,False,False,False,below_power_or_outside_canonical_band_or_zero,False,,,,False,False,False,False,,,,,,,,,,,,,,,,,,,,,,,,,,,,,
115,59,-0.1265363707695889,-0.05799863360473464,0.13919516740014765,45.139392584781085,-155.37538860088324,284.4603350991168,97129.86579591908,0.056397639309206514,0.3756452915644914,0.26247181308428247,False,True,True,,True,0.7929597350236545,1.0052903156479809,0.9461844214424238,False,False,False,False,1.120640865069899,0.9549071962063446,3.1415262148495273,False,2.220446049250313e-16,0.0,0.8121747624002659,1.0549749897688547,False,False,False,False,0.21233058062432641,0.1532246864187693,large_wrapped_step;high_unwrapped_RMSE,high_circular_RMS,high_circular_RMS,1.0052903156479809,False,False,0.992489291867821,False,False,3.1905157249152816,False,True,3.1658527801372265,False,True
115,60,-0.1265363707695889,-0.04833219467061221,0.135452774682606,46.38653820050859,-159.09499988111713,280.7407238188829,262726.2279759318,0.15254977365651323,0.016951596756938588,0.10417178138229989,False,True,False,low_endpoint_MSC,True,0.629235545910275,0.7437771140948609,0.8479253715542107,False,False,False,False,1.7463277088258389,0.8459429725110825,3.067848008497958,False,0.0,0.0,0.9982250414567254,0.903399631827684,False,False,False,False,0.11454156818458594,0.2186898256439357,large_wrapped_step;high_unwrapped_RMSE,high_circular_RMS,high_circular_RMS,0.7437771140948609,False,False,0.8884723764721818,False,False,0.8396225714768552,False,True,3.0796342431127335,False,True
115,61,-0.1265363707695889,-0.03866575573648976,0.13231210751179487,47.48760657915963,-163.0084044860678,276.8273192139322,55692.301183782336,0.032337266079025276,0.09615290508147581,0.16593275631263335,False,False,False,below_power_or_outside_canonical_band_or_zero,False,,,,False,False,False,False,,,,,,,,,,,,,,,,,,,,,,,,,,,,,
115,62,-0.1265363707695889,-0.02899931680236732,0.1298168459890431,48.40038485998885,-167.09198968454407,272.7437340154559,45330.742221028326,0.026320914051006422,0.0246803901232938,0.06478048889771211,False,False,False,below_power_or_outside_canonical_band_or_zero;low_endpoint_MSC,False,,,,False,False,False,False,,,,,,,,,,,,,,,,,,,,,,,,,,,,,
115,63,-0.1265363707695889,-0.01933287786824488,0.12800473934275772,49.085567764449166,-171.31323288651066,268.52249081348936,91998.82690812832,0.053418344752338164,0.24295588451775504,0.026420131628508536,False,True,True,,True,0.6333905651850625,0.7277420405789268,0.8047441298575017,False,False,False,False,1.930321051508377,0.8199413002003705,2.4569769308667375,True,1.1102230246251565e-16,0.0,0.9484710044639925,1.0611053515067979,False,False,False,False,0.09435147539386424,0.17135356467243912,high_unwrapped_RMSE,high_circular_RMS,high_circular_RMS,0.7277420405789268,False,False,0.8334608209344386,False,False,3.060167326200087,False,True,3.0282588150467977,False,True
115,64,-0.1265363707695889,-0.00966643893412244,0.12690505572752409,49.51091405428416,-175.63151270921028,264.2042109907897,66142.79149572126,0.038405255346666695,0.2162550501655775,0.0023219001250442926,False,False,False,below_power_or_outside_canonical_band_or_zero,False,,,,False,False,False,False,,,,,,,,,,,,,,,,,,,,,,,,,,,,,
115,65,-0.1265363707695889,0.0,0.1265363707695889,49.655172413793096,180.0,259.8357237,55037.15375562342,0.03195686023737308,0.10551632350146073,0.010727882807182355,False,False,False,below_power_or_outside_canonical_band_or_zero,False,,,,False,False,False,False,,,,,,,,,,,,,,,,,,,,,,,,,,,,,
115,66,-0.1265363707695889,0.00966643893412244,0.12690505572752409,49.51091405428416,175.63151270921028,255.46723640921027,26098.339979703876,0.015153781513885554,0.0627695518513778,0.022933653018834023,False,False,False,below_power_or_outside_canonical_band_or_zero;low_endpoint_MSC,False,,,,False,False,False,False,,,,,,,,,,,,,,,,,,,,,,,,,,,,,
115,67,-0.1265363707695889,0.01933287786824488,0.12800473934275772,49.085567764449166,171.31323288651066,251.14895658651068,31481.216089266574,0.018279303234579797,0.14278894817585777,0.0029312364847557644,False,False,False,below_power_or_outside_canonical_band_or_zero,False,,,,False,False,False,False,,,,,,,,,,,,,,,,,,,,,,,,,,,,,
115,68,-0.1265363707695889,0.02899931680236732,0.1298168459890431,48.40038485998885,167.09198968454407,246.92771338454406,20881.315809593878,0.01212456032633154,0.20059451520553778,0.012147106030634862,False,False,False,below_power_or_outside_canonical_band_or_zero,False,,,,False,False,False,False,,,,,,,,,,,,,,,,,,,,,,,,,,,,,
115,69,-0.1265363707695889,0.03866575573648976,0.13231210751179487,47.48760657915963,163.0084044860678,242.8441281860678,19409.900936588878,0.011270195661025634,0.19783645415643253,0.0014097622204215143,False,False,False,below_power_or_outside_canonical_band_or_zero,False,,,,False,False,False,False,,,,,,,,,,,,,,,,,,,,,,,,,,,,,
115,70,-0.1265363707695889,0.04833219467061221,0.135452774682606,46.38653820050859,159.09499988111713,238.93072358111715,21367.901922342706,0.012407092458490938,0.31967036413704725,0.00044034086123904466,False,False,False,below_power_or_outside_canonical_band_or_zero,False,,,,False,False,False,False,,,,,,,,,,,,,,,,,,,,,,,,,,,,,
115,71,-0.1265363707695889,0.05799863360473464,0.13919516740014765,45.139392584781085,155.37538860088324,235.21111230088326,22104.24364243222,0.012834643082571732,0.2440373489335848,0.01947767127898187,False,False,False,below_power_or_outside_canonical_band_or_zero,False,,,,False,False,False,False,,,,,,,,,,,,,,,,,,,,,,,,,,,,,
115,72,-0.1265363707695889,0.06766507253885708,0.14349221292191316,43.78763961636597,151.86444500352627,231.7001687035263,17024.814818856157,0.009885315475234857,0.09976524309161988,0.004382121670601117,False,False,False,below_power_or_outside_canonical_band_or_zero,False,,,,False,False,False,False,,,,,,,,,,,,,,,,,,,,,,,,,,,,,
115,73,-0.1265363707695889,0.07733151147297952,0.14829570389675636,42.36930094450981,148.56920491476313,228.40492861476315,16276.268512284694,0.009450678360704531,0.12433341391828943,0.005223920700492617,False,False,False,below_power_or_outside_canonical_band_or_zero,False,,,,False,False,False,False,,,,,,,,,,,,,,,,,,,,,,,,,,,,,
115,74,-0.1265363707695889,0.08699795040710197,0.15355812092681861,40.91731045715239,145.49018703170518,225.32591073170516,23520.260594061405,0.013656841410957153,0.27871036753820205,0.009301672148313669,False,False,False,below_power_or_outside_canonical_band_or_zero,False,,,,False,False,False,False,,,,,,,,,,,,,,,,,,,,,,,,,,,,,
116,55,-0.12217304763960307,-0.09666438934122441,0.1557891451169193,40.33134210001649,-141.6486451832689,298.1870785167311,63414.968438570046,0.036821367840842355,0.2317371770333249,0.03482417270220064,False,False,False,below_power_or_outside_canonical_band_or_zero,False,,,,False,False,False,False,,,,,,,,,,,,,,,,,,,,,,,,,,,,,
116,56,-0.12217304763960307,-0.08699795040710197,0.14998298885068698,41.89265299569877,-144.54579154681016,295.28993215318985,77186.75195348369,0.04481783806093412,0.10925020827932068,0.011841184767521652,False,False,False,below_power_or_outside_canonical_band_or_zero,False,,,,False,False,False,False,,,,,,,,,,,,,,,,,,,,,,,,,,,,,
116,57,-0.12217304763960307,-0.07733151147297952,0.1445905122621961,43.455031792029665,-147.66753813903912,292.16818556096086,96552.92009592819,0.056062640643014076,0.17080629891997356,0.021090990093086813,False,True,True,,True,0.7370078272698497,0.9803397455071956,1.1504837730057451,False,False,False,False,1.9521207471274717,0.8577238587195651,2.933803668176734,False,1.1102230246251565e-16,0.0,1.112445651563172,1.1727934510781792,False,False,False,False,0.2433319182373459,0.4134759457358954,large_wrapped_step;high_unwrapped_RMSE,high_circular_RMS,high_circular_RMS,0.9803397455071956,False,False,0.9699712446048299,False,False,-1.0683610314678333,False,True,2.278500993902188,False,True
116,58,-0.12217304763960307,-0.06766507253885708,0.1396596420274573,44.98926974153566,-151.02029230207123,288.81543139792876,110369.13011311642,0.06408490673784036,0.2795146354801026,0.10935786678341691,False,True,True,,True,0.7705601741369728,0.7322129658934177,0.7688261600633519,False,False,False,False,0.7206836191419858,0.9797371196650795,1.8839629828937825,True,1.1102230246251565e-16,0.0,0.5883961526749142,0.8974411082255505,False,False,False,False,-0.038347208243555087,-0.0017340140736208376,high_unwrapped_RMSE,high_circular_RMS,high_circular_RMS,0.7322129658934177,False,False,0.7624553891061931,False,False,-1.4454307614978639,False,True,2.9959313183904994,False,True
116,59,-0.12217304763960307,-0.05799863360473464,0.1352408779532467,46.459217081921835,-154.6051261742638,285.2305975257362,130672.51707277569,0.07587389754023699,0.5484741623266377,0.24833775159992155,False,True,True,,True,0.6357937256614774,0.9243029523137135,1.0216246404154607,False,False,False,False,2.5299858293588726,0.7275978448273409,2.9726125088701654,False,0.0,-3.552713678800501e-15,0.8687698676933007,1.0966713691551533,False,False,False,False,0.2885092266522361,0.38583091475398335,large_wrapped_step;high_unwrapped_RMSE,high_circular_RMS,high_circular_RMS,0.9243029523137135,False,False,1.0948873157880408,False,False,1.0647060215491404,False,True,3.2144510915519384,False,True
116,60,-0.12217304763960307,-0.04833219467061221,0.1313858995905827,47.822371554016776,-158.41603075823042,281.4196929417696,80746.52212275109,0.0468847886572815,0.03184742062818738,0.20238117514702308,False,False,False,below_power_or_outside_canonical_band_or_zero;low_endpoint_MSC,False,,,,False,False,False,False,,,,,,,,,,,,,,,,,,,,,,,,,,,,,
116,61,-0.12217304763960307,-0.03866575573648976,0.12814559780274393,49.031612594693804,-162.4382790727536,277.3974446272464,49766.560390461076,0.02889653454745113,0.03451933543924035,0.06002042285672366,False,False,False,below_power_or_outside_canonical_band_or_zero;low_endpoint_MSC,False,,,,False,False,False,False,,,,,,,,,,,,,,,,,,,,,,,,,,,,,
116,62,-0.12217304763960307,-0.02899931680236732,0.12556756724788765,50.03828173859349,-166.64723185420436,273.1884918457956,45658.3004347325,0.026511107971670028,0.03232603739661826,0.08723589832375776,False,False,False,below_power_or_outside_canonical_band_or_zero;low_endpoint_MSC,False,,,,False,False,False,False,,,,,,,,,,,,,,,,,,,,,,,,,,,,,
116,63,-0.12217304763960307,-0.01933287786824488,0.12369322429388441,50.796519720848096,-171.00797519844616,268.82774850155386,264843.09669981623,0.15377891566938723,0.11007557866618016,0.023450774709509674,False,True,True,,True,0.832047931299791,0.8783711649733785,0.8669324237890258,False,False,False,False,0.9486097184890148,0.9701840925274355,2.747530232422214,False,2.220446049250313e-16,0.0,0.9384302300862344,1.0046872469361428,False,False,False,False,0.04632323367358748,0.03488449248923475,large_wrapped_step;high_unwrapped_RMSE,high_circular_RMS,high_circular_RMS,0.8783711649733785,False,False,0.7416599775427255,False,False,3.129835557414805,False,True,3.094736434275553,False,True
116,64,-0.12217304763960307,-0.00966643893412244,0.12255485959853178,51.26834894807271,-175.47613182382221,264.3595918761778,66181.7854202434,0.03842789684083977,0.07782643630147819,0.0040899738264385185,False,False,False,below_power_or_outside_canonical_band_or_zero;low_endpoint_MSC,False,,,,False,False,False,False,,,,,,,,,,,,,,,,,,,,,,,,,,,,,
116,65,-0.12217304763960307,0.0,0.12217304763960307,51.42857142857142,180.0,259.8357237,54111.605203260464,0.031419448258147256,0.02743741411798597,0.007551609240990614,False,False,False,below_power_or_outside_canonical_band_or_zero;low_endpoint_MSC,False,,,,False,False,False,False,,,,,,,,,,,,,,,,,,,,,,,,,,,,,
116,66,-0.12217304763960307,0.00966643893412244,0.12255485959853178,51.26834894807271,175.47613182382221,255.3118555238222,25877.722428482433,0.015025681789077842,0.2000644640685335,0.002162518704925801,False,False,False,below_power_or_outside_canonical_band_or_zero,False,,,,False,False,False,False,,,,,,,,,,,,,,,,,,,,,,,,,,,,,
116,67,-0.12217304763960307,0.01933287786824488,0.12369322429388441,50.796519720848096,171.00797519844616,250.84369889844618,40904.471275673975,0.02375083706989107,0.17350165733655531,0.032744410639692016,False,False,False,below_power_or_outside_canonical_band_or_zero,False,,,,False,False,False,False,,,,,,,,,,,,,,,,,,,,,,,,,,,,,
116,68,-0.12217304763960307,0.02899931680236732,0.12556756724788765,50.03828173859349,166.64723185420436,246.48295555420435,24511.688881281007,0.01423250590390557,0.20418289635369213,0.0014054126524949222,False,False,False,below_power_or_outside_canonical_band_or_zero,False,,,,False,False,False,False,,,,,,,,,,,,,,,,,,,,,,,,,,,,,
116,69,-0.12217304763960307,0.03866575573648976,0.12814559780274393,49.031612594693804,162.4382790727536,242.2740027727536,22050.75157055947,0.012803583361129101,0.08862884513784433,0.0035456579104128417,False,False,False,below_power_or_outside_canonical_band_or_zero;low_endpoint_MSC,False,,,,False,False,False,False,,,,,,,,,,,,,,,,,,,,,,,,,,,,,
116,70,-0.12217304763960307,0.04833219467061221,0.1313858995905827,47.822371554016776,158.41603075823042,238.25175445823044,18173.028491171488,0.010552016082823468,0.18913790307221728,0.008139475315079168,False,False,False,below_power_or_outside_canonical_band_or_zero,False,,,,False,False,False,False,,,,,,,,,,,,,,,,,,,,,,,,,,,,,
116,71,-0.12217304763960307,0.05799863360473464,0.1352408779532467,46.459217081921835,154.6051261742638,234.4408498742638,26704.111458213727,0.015505517625830627,0.0856604335066435,0.006129411961361286,False,False,False,below_power_or_outside_canonical_band_or_zero;low_endpoint_MSC,False,,,,False,False,False,False,,,,,,,,,,,,,,,,,,,,,,,,,,,,,
116,72,-0.12217304763960307,0.06766507253885708,0.1396596420274573,44.98926974153566,151.02029230207123,230.85601600207121,25946.04297751382,0.015065351541013614,0.024372939533429862,0.0030498809609253567,False,False,False,below_power_or_outside_canonical_band_or_zero;low_endpoint_MSC,False,,,,False,False,False,False,,,,,,,,,,,,,,,,,,,,,,,,,,,,,
116,73,-0.12217304763960307,0.07733151147297952,0.1445905122621961,43.455031792029665,147.66753813903912,227.5032618390391,15175.258073170959,0.008811385913299373,0.022562099579600405,0.0009115451874210114,False,False,False,below_power_or_outside_canonical_band_or_zero;low_endpoint_MSC,False,,,,False,False,False,False,,,,,,,,,,,,,,,,,,,,,,,,,,,,,
116,74,-0.12217304763960307,0.08699795040710197,0.14998298885068698,41.89265299569877,144.54579154681016,224.38151524681018,24138.80916054731,0.014015996431527197,0.11369388663008588,0.009557849438752269,False,False,False,below_power_or_outside_canonical_band_or_zero,False,,,,False,False,False,False,,,,,,,,,,,,,,,,,,,,,,,,,,,,,
116,75,-0.12217304763960307,0.09666438934122441,0.1557891451169193,40.33134210001649,141.6486451832689,221.48436888326893,23928.692656433235,0.013893994051364999,0.012104034564139414,0.0049248505235861195,False,False,False,below_power_or_outside_canonical_band_or_zero;low_endpoint_MSC,False,,,,False,False,False,False,,,,,,,,,,,,,,,,,,,,,,,,,,,,,
117,55,-0.11780972450961724,-0.09666438934122441,0.1523913887191259,41.23057975907148,-140.63068275763524,299.20504094236475,37489.357806112836,0.021767880169065057,0.11501886762837649,0.033468011279194486,False,False,False,below_power_or_outside_canonical_band_or_zero,False,,,,False,False,False,False,,,,,,,,,,,,,,,,,,,,,,,,,,,,,
117,56,-0.11780972450961724,-0.08699795040710197,0.14645058744869713,42.90310757121844,-143.5555582434129,296.2801654565871,49246.507500561594,0.028594570212733664,0.043050046523086846,0.04141401585720986,False,False,False,below_power_or_outside_canonical_band_or_zero;low_endpoint_MSC,False,,,,False,False,False,False,,,,,,,,,,,,,,,,,,,,,,,,,,,,,
117,57,-0.11780972450961724,-0.07733151147297952,0.14092300683609996,44.585944114059565,-146.71869447716404,293.117029222836,103324.72018088202,0.05999462938340546,0.21071320679973796,0.08374653997295364,False,True,True,,True,0.4622079975329726,0.9766491363099234,0.9526878613937048,False,False,False,False,2.343437381517027,0.621975197442977,2.669067219917333,False,0.0,0.0,1.4355166106625863,1.4264705104382256,False,False,False,False,0.5144411387769509,0.49047986386073217,large_wrapped_step;high_unwrapped_RMSE,high_circular_RMS,high_circular_RMS,0.9766491363099234,False,False,0.9093912980718291,False,False,-1.2157308693619422,False,True,-2.4364611037136177,False,True
117,58,-0.11780972450961724,-0.06766507253885708,0.1358590932941947,46.24780833457887,-150.12870792192814,289.7070157780719,105217.05328250832,0.061093396676491496,0.20176944459002003,0.029690838101686462,False,True,True,,True,0.7635013448273247,0.7286738974318168,0.7269708905968028,False,False,False,False,0.7199717859185922,0.9794083764377804,2.4012000415234263,True,1.1102230246251565e-16,0.0,0.8621830451473713,1.0538644866845943,False,False,False,False,-0.034827447395507916,-0.036530454230521925,high_unwrapped_RMSE,high_circular_RMS,high_circular_RMS,0.7286738974318168,False,False,0.7224157357584081,False,False,2.939319463043254,False,True,2.963736222672347,False,True
117,59,-0.11780972450961724,-0.05799863360473464,0.1313125001248859,47.84910272216208,-153.78862198216848,286.04710171783154,135258.6037779808,0.07853677019759603,0.4465850900117525,0.10010503528427812,False,True,True,,True,0.844116847626172,0.807397251011487,0.9256131446121727,False,False,False,False,1.2544159415498493,0.9503763129564107,2.5294214250843314,False,0.0,3.552713678800501e-15,0.8442616042795025,0.9681866990426203,False,False,False,False,-0.036719596614685046,0.0814962969860007,large_wrapped_step;high_unwrapped_RMSE,high_circular_RMS,high_circular_RMS,0.807397251011487,False,False,0.8760430756229384,False,False,-1.292866959514134,False,True,3.1603772762188926,False,True
117,60,-0.11780972450961724,-0.04833219467061221,0.12733865175472003,49.34232631331978,-157.69379494509235,282.14192875490767,47540.52836251194,0.027604007780588333,0.09192855694641225,0.09844893789755012,False,False,False,below_power_or_outside_canonical_band_or_zero,False,,,,False,False,False,False,,,,,,,,,,,,,,,,,,,,,,,,,,,,,
117,61,-0.11780972450961724,-0.03866575573648976,0.12399262823130172,50.67386179974051,-161.82989881080536,278.0058248891946,80273.00958263742,0.046609847585069704,0.028992445958034015,0.019016371585410467,False,False,False,below_power_or_outside_canonical_band_or_zero;low_endpoint_MSC,False,,,,False,False,False,False,,,,,,,,,,,,,,,,,,,,,,,,,,,,,
117,62,-0.11780972450961724,-0.02899931680236732,0.12132638445134666,51.78746020985418,-166.17134902771986,273.66437467228013,56063.36687963338,0.03255272225311901,0.010640580882425813,0.010566982567772512,False,False,False,below_power_or_outside_canonical_band_or_zero;low_endpoint_MSC,False,,,,False,False,False,False,,,,,,,,,,,,,,,,,,,,,,,,,,,,,
117,63,-0.11780972450961724,-0.01933287786824488,0.1193854738052347,52.629395410617256,-170.68067860864048,269.1550450913595,52460.19030851473,0.03046056809476465,0.08896679474757929,0.01823910297640094,False,False,False,below_power_or_outside_canonical_band_or_zero;low_endpoint_MSC,False,,,,False,False,False,False,,,,,,,,,,,,,,,,,,,,,,,,,,,,,
117,64,-0.11780972450961724,-0.00966643893412244,0.11820563112939682,53.15470377465805,-175.30931554426516,264.5264081557348,45137.96108144645,0.026208977304397498,0.10946114885422449,0.001825866703209398,False,False,False,below_power_or_outside_canonical_band_or_zero,False,,,,False,False,False,False,,,,,,,,,,,,,,,,,,,,,,,,,,,,,
117,65,-0.11780972450961724,0.0,0.11780972450961724,53.333333333333336,180.0,259.8357237,62183.387317862376,0.03610626062581089,0.12357892856193696,0.014393553339530345,False,False,False,below_power_or_outside_canonical_band_or_zero,False,,,,False,False,False,False,,,,,,,,,,,,,,,,,,,,,,,,,,,,,
117,66,-0.11780972450961724,0.00966643893412244,0.11820563112939682,53.15470377465805,175.30931554426516,255.14503924426515,25338.641512474227,0.014712668991104997,0.38989473901031746,0.019107430206231554,False,False,False,below_power_or_outside_canonical_band_or_zero,False,,,,False,False,False,False,,,,,,,,,,,,,,,,,,,,,,,,,,,,,
117,67,-0.11780972450961724,0.01933287786824488,0.1193854738052347,52.629395410617256,170.68067860864048,250.51640230864047,41369.58983894473,0.02402090425007719,0.34021107544105805,0.0448307973199604,False,False,False,below_power_or_outside_canonical_band_or_zero,False,,,,False,False,False,False,,,,,,,,,,,,,,,,,,,,,,,,,,,,,
117,68,-0.11780972450961724,0.02899931680236732,0.12132638445134666,51.78746020985418,166.17134902771986,246.00707272771984,21998.631955658293,0.012773320545278955,0.21501701449892544,0.005556917452829354,False,False,False,below_power_or_outside_canonical_band_or_zero,False,,,,False,False,False,False,,,,,,,,,,,,,,,,,,,,,,,,,,,,,
117,69,-0.11780972450961724,0.03866575573648976,0.12399262823130172,50.67386179974051,161.82989881080536,241.66562251080535,23030.01772433822,0.013372186013629094,0.045019324331612855,0.0077644678476584805,False,False,False,below_power_or_outside_canonical_band_or_zero;low_endpoint_MSC,False,,,,False,False,False,False,,,,,,,,,,,,,,,,,,,,,,,,,,,,,
117,70,-0.11780972450961724,0.04833219467061221,0.12733865175472003,49.34232631331978,157.69379494509235,237.52951864509237,16005.370956570605,0.009293383974351628,0.10327291625066942,0.00032607355417810013,False,False,False,below_power_or_outside_canonical_band_or_zero,False,,,,False,False,False,False,,,,,,,,,,,,,,,,,,,,,,,,,,,,,
117,71,-0.11780972450961724,0.05799863360473464,0.1313125001248859,47.84910272216208,153.78862198216848,233.6243456821685,23476.40953114365,0.01363137966024335,0.29809336232594263,0.010133194611485012,False,False,False,below_power_or_outside_canonical_band_or_zero,False,,,,False,False,False,False,,,,,,,,,,,,,,,,,,,,,,,,,,,,,
117,72,-0.11780972450961724,0.06766507253885708,0.1358590932941947,46.24780833457887,150.12870792192814,229.96443162192816,22998.364971673618,0.01335380710912538,0.07253132558839218,0.0033609204453810522,False,False,False,below_power_or_outside_canonical_band_or_zero;low_endpoint_MSC,False,,,,False,False,False,False,,,,,,,,,,,,,,,,,,,,,,,,,,,,,
117,73,-0.11780972450961724,0.07733151147297952,0.14092300683609996,44.585944114059565,146.71869447716404,226.55441817716405,15634.732219724488,0.009078175710411604,0.015735568763763665,0.0009321696735923743,False,False,False,below_power_or_outside_canonical_band_or_zero;low_endpoint_MSC,False,,,,False,False,False,False,,,,,,,,,,,,,,,,,,,,,,,,,,,,,
117,74,-0.11780972450961724,0.08699795040710197,0.14645058744869713,42.90310757121844,143.5555582434129,223.39128194341288,20377.490904785616,0.0118320186346126,0.1702871343979344,0.003763811634079136,False,False,False,below_power_or_outside_canonical_band_or_zero,False,,,,False,False,False,False,,,,,,,,,,,,,,,,,,,,,,,,,,,,,
117,75,-0.11780972450961724,0.09666438934122441,0.1523913887191259,41.23057975907148,140.63068275763524,220.46640645763523,19758.603211172896,0.011472666702729839,0.09344093617544744,0.0016017201158583867,False,False,False,below_power_or_outside_canonical_band_or_zero,False,,,,False,False,False,False,,,,,,,,,,,,,,,,,,,,,,,,,,,,,
118,54,-0.11344640137963143,-0.10633082827534684,0.1554873982923045,40.40961117226796,-136.85437748401586,302.98134621598416,83309.82721542256,0.04837315019130939,0.24936917283192533,0.01613553751249442,False,False,False,below_power_or_outside_canonical_band_or_zero,False,,,,False,False,False,False,,,,,,,,,,,,,,,,,,,,,,,,,,,,,
118,55,-0.11344640137963143,-0.09666438934122441,0.149043920213809,42.156602551557455,-139.56664560539863,300.26907809460135,105189.26751313,0.061077263103295594,0.1170869277689254,0.011522037790330978,False,True,True,,True,0.9925018909008273,0.8771977743750625,1.0004523409773516,False,False,False,False,0.5718082703692197,0.9922132072409432,2.9548462316505595,False,1.1102230246251565e-16,3.552713678800501e-15,0.8254370385589954,0.8349516963537094,False,False,False,False,-0.11530411652576478,0.007950450076524285,large_wrapped_step;high_unwrapped_RMSE,high_circular_RMS,high_circular_RMS,0.8771977743750625,False,False,0.9922739874889376,False,False,3.2144510915519384,False,True,3.2144510915519384,False,True
118,56,-0.11344640137963143,-0.08699795040710197,0.14296408416460762,43.94939710833373,-142.5167036577947,297.3190200422053,45628.07786583826,0.0264935594913388,0.06515157161741011,0.043421942440741323,False,False,False,below_power_or_outside_canonical_band_or_zero;low_endpoint_MSC,False,,,,False,False,False,False,,,,,,,,,,,,,,,,,,,,,,,,,,,,,
118,57,-0.11344640137963143,-0.07733151147297952,0.137296207714139,45.76372073044908,-145.7194354479781,294.1162882520219,51591.070157911054,0.029955920792223346,0.0686029734209915,0.014905532717626544,False,False,False,below_power_or_outside_canonical_band_or_zero;low_endpoint_MSC,False,,,,False,False,False,False,,,,,,,,,,,,,,,,,,,,,,,,,,,,,
118,58,-0.11344640137963143,-0.06766507253885708,0.13209333074639776,47.56625691604746,-149.18604906916164,290.6496746308384,138303.34170579427,0.08030467165650136,0.025379517420336502,0.019544085505590936,False,True,False,low_endpoint_MSC,True,0.7905261850798433,0.8213078404949203,0.8014435864372665,False,False,False,False,0.7531669623158007,0.9789891645480504,2.0173939443839113,True,0.0,-3.552713678800501e-15,0.7055108932573418,0.9276169766762417,False,False,False,False,0.030781655415077047,0.010917401357423251,high_unwrapped_RMSE,high_circular_RMS,high_circular_RMS,0.8213078404949203,False,False,0.7702545796090161,False,False,3.035125248811095,False,True,-2.5414980953286173,False,True
118,59,-0.11344640137963143,-0.05799863360473464,0.1274124306573134,49.313754354775234,-152.92194659846754,286.91377710153245,113949.65510359903,0.06616390844649217,0.09316006920699366,0.051137637293334745,False,True,True,,True,0.7804296390081092,0.8199847944546155,0.7950539910065519,False,False,False,False,0.6195496041886941,0.9853182901653366,2.3513185474531357,True,1.1102230246251565e-16,7.105427357601002e-15,0.8551465411447936,0.827582238675003,False,False,False,False,0.03955515544650623,0.014624351998442697,high_unwrapped_RMSE,high_circular_RMS,high_circular_RMS,0.8199847944546155,False,False,0.8078570858603501,False,False,-1.4236116011485322,False,True,-2.554186544427225,False,True
118,60,-0.11344640137963143,-0.04833219467061221,0.1233129637453678,50.95316109791912,-156.9242737287184,282.9114499712816,46732.19222469979,0.02713465420362867,0.013145133403673593,0.07052190060700933,False,False,False,below_power_or_outside_canonical_band_or_zero;low_endpoint_MSC,False,,,,False,False,False,False,,,,,,,,,,,,,,,,,,,,,,,,,,,,,
118,61,-0.11344640137963143,-0.03866575573648976,0.11985460630556645,52.42339448482068,-161.17943184533198,278.65629185466804,62136.21633770623,0.0360788711930869,0.03083007188221301,0.09944267699982987,False,False,False,below_power_or_outside_canonical_band_or_zero;low_endpoint_MSC,False,,,,False,False,False,False,,,,,,,,,,,,,,,,,,,,,,,,,,,,,
118,62,-0.11344640137963143,-0.02899931680236732,0.11709417731464064,53.659246354293145,-165.66102858974693,274.1746951102531,85635.21459553458,0.0497233668074148,0.003910678953170536,0.04797180990102288,False,False,False,below_power_or_outside_canonical_band_or_zero;low_endpoint_MSC,False,,,,False,False,False,False,,,,,,,,,,,,,,,,,,,,,,,,,,,,,
118,63,-0.11344640137963143,-0.01933287786824488,0.11508191062307278,54.597506012555456,-170.32889087364006,269.5068328263599,52837.811465545376,0.030679830642233695,0.1430101618048684,0.002848434464475135,False,False,False,below_power_or_outside_canonical_band_or_zero,False,,,,False,False,False,False,,,,,,,,,,,,,,,,,,,,,,,,,,,,,
118,64,-0.11344640137963143,-0.00966643893412244,0.11385748121074678,55.18465049784123,-175.1297564139934,264.7059672860066,96399.5698636203,0.05597359912093625,0.13798025323876748,0.018507425146178064,False,True,True,,True,0.8457361932159941,0.9825153364343798,0.9465546224443045,False,False,False,False,1.3399150795445154,0.9439775843414687,2.9136801635548455,False,0.0,0.0,0.9692787151678233,1.1504217831276027,False,False,False,False,0.1367791432183857,0.10081842922831041,large_wrapped_step;high_unwrapped_RMSE,high_circular_RMS,high_circular_RMS,0.9825153364343798,False,False,0.8818343309699213,False,False,-1.3549907817516456,False,True,-2.379402484505135,False,True
118,65,-0.11344640137963143,0.0,0.11344640137963143,55.38461538461538,180.0,259.8357237,35981.5444884848,0.020892381053150732,0.10322675386892195,0.008627545827174012,False,False,False,below_power_or_outside_canonical_band_or_zero,False,,,,False,False,False,False,,,,,,,,,,,,,,,,,,,,,,,,,,,,,
118,66,-0.11344640137963143,0.00966643893412244,0.11385748121074678,55.18465049784123,175.1297564139934,254.9654801139934,32021.14685683364,0.018592809491709515,0.22118362642977019,0.026390731378653626,False,False,False,below_power_or_outside_canonical_band_or_zero,False,,,,False,False,False,False,,,,,,,,,,,,,,,,,,,,,,,,,,,,,
118,67,-0.11344640137963143,0.01933287786824488,0.11508191062307278,54.597506012555456,170.32889087364006,250.16461457364005,26856.013643136914,0.01559371835137861,0.10128199846323031,0.007899260283051334,False,False,False,below_power_or_outside_canonical_band_or_zero,False,,,,False,False,False,False,,,,,,,,,,,,,,,,,,,,,,,,,,,,,
118,68,-0.11344640137963143,0.02899931680236732,0.11709417731464064,53.659246354293145,165.66102858974693,245.49675228974695,18101.359643437405,0.010510402169419057,0.08394166498772448,0.0026132079840568514,False,False,False,below_power_or_outside_canonical_band_or_zero;low_endpoint_MSC,False,,,,False,False,False,False,,,,,,,,,,,,,,,,,,,,,,,,,,,,,
118,69,-0.11344640137963143,0.03866575573648976,0.11985460630556645,52.42339448482068,161.17943184533198,241.015155545332,19609.33111747081,0.011385993117519408,0.0003466361080871095,0.023911429890781412,False,False,False,below_power_or_outside_canonical_band_or_zero;low_endpoint_MSC,False,,,,False,False,False,False,,,,,,,,,,,,,,,,,,,,,,,,,,,,,
118,70,-0.11344640137963143,0.04833219467061221,0.1233129637453678,50.95316109791912,156.9242737287184,236.7599974287184,19722.198549883095,0.011451528642466171,0.030717181180751358,0.003594239683811215,False,False,False,below_power_or_outside_canonical_band_or_zero;low_endpoint_MSC,False,,,,False,False,False,False,,,,,,,,,,,,,,,,,,,,,,,,,,,,,
118,71,-0.11344640137963143,0.05799863360473464,0.1274124306573134,49.313754354775234,152.92194659846754,232.75767029846753,21931.58056865387,0.012734387721595219,0.2006059223757979,0.004046685041672393,False,False,False,below_power_or_outside_canonical_band_or_zero,False,,,,False,False,False,False,,,,,,,,,,,,,,,,,,,,,,,,,,,,,
118,72,-0.11344640137963143,0.06766507253885708,0.13209333074639776,47.56625691604746,149.18604906916164,229.02177276916166,22727.668370525877,0.013196629405350565,0.0858026706850177,0.002242220514654581,False,False,False,below_power_or_outside_canonical_band_or_zero;low_endpoint_MSC,False,,,,False,False,False,False,,,,,,,,,,,,,,,,,,,,,,,,,,,,,
118,73,-0.11344640137963143,0.07733151147297952,0.137296207714139,45.76372073044908,145.7194354479781,225.5551591479781,26229.123900971776,0.015229720097334318,0.1025247727056488,0.007130092928688612,False,False,False,below_power_or_outside_canonical_band_or_zero,False,,,,False,False,False,False,,,,,,,,,,,,,,,,,,,,,,,,,,,,,
118,74,-0.11344640137963143,0.08699795040710197,0.14296408416460762,43.94939710833373,142.5167036577947,222.35242735779468,25121.878344148223,0.014586807281294167,0.23975247549108644,0.001853831983482457,False,False,False,below_power_or_outside_canonical_band_or_zero,False,,,,False,False,False,False,,,,,,,,,,,,,,,,,,,,,,,,,,,,,
118,75,-0.11344640137963143,0.09666438934122441,0.149043920213809,42.156602551557455,139.56664560539863,219.40236930539862,20764.97571684157,0.012057008430377823,0.05198060284017993,0.00544019477004753,False,False,False,below_power_or_outside_canonical_band_or_zero;low_endpoint_MSC,False,,,,False,False,False,False,,,,,,,,,,,,,,,,,,,,,,,,,,,,,
118,76,-0.11344640137963143,0.10633082827534684,0.1554873982923045,40.40961117226796,136.85437748401586,216.69010118401587,18847.912018427844,0.0109438815243541,0.033108791313098025,0.003286037295600649,False,False,False,below_power_or_outside_canonical_band_or_zero;low_endpoint_MSC,False,,,,False,False,False,False,,,,,,,,,,,,,,,,,,,,,,,,,,,,,
119,54,-0.1090830782496456,-0.10633082827534684,0.15233306601699975,41.24636542455207,-135.73200347405046,304.10372022594953,75729.6920441512,0.043971808484499844,0.13846218035220825,0.026390566729138882,False,False,False,below_power_or_outside_canonical_band_or_zero,False,,,,False,False,False,False,,,,,,,,,,,,,,,,,,,,,,,,,,,,,
119,55,-0.1090830782496456,-0.09666438934122441,0.14575020455261845,43.1092726522469,-138.45411908348623,301.38160461651375,116299.27487471403,0.06752819539653851,0.13740498646867116,0.053982065338395516,False,True,True,,True,0.5147449726974054,0.5969150219659519,0.8784331592985667,False,False,False,False,1.8347772464393466,0.7689949863769114,3.110249654034517,False,1.1102230246251565e-16,0.0,1.4494259498770956,1.4548027706761346,False,False,False,False,0.08217004926854654,0.3636881866011613,large_wrapped_step;high_unwrapped_RMSE,high_circular_RMS,high_circular_RMS,0.5969150219659519,False,False,0.7490702828176191,False,False,3.10685266432851,False,True,-2.4516221334308566,False,True
119,56,-0.1090830782496456,-0.08699795040710197,0.13952691975190623,45.03206491157234,-141.42629248433357,298.4094312156664,88947.9136752,0.05164685765447783,0.07044738860745269,0.007775174941722988,False,True,False,low_endpoint_MSC,True,0.16201771926292852,0.5637722081026701,0.7999926739773879,False,False,False,False,2.704115000607444,0.13181677196913377,3.0652671695779317,False,2.7755575615628914e-17,8.881784197001252e-16,1.2718707432543555,1.3037560283553473,False,False,False,False,0.40175448883974163,0.6379749547144594,large_wrapped_step;high_unwrapped_RMSE,high_circular_RMS,high_circular_RMS,0.5637722081026701,False,False,0.8498438778073777,False,False,3.0477112633581727,False,True,-1.4329913824923661,False,True
119,57,-0.1090830782496456,-0.07733151147297952,0.13371342725064625,46.989935389224115,-144.6662923151617,295.1694313848383,50784.7686701391,0.029487748617689675,0.09783242226442128,0.0017800135919812578,False,False,False,below_power_or_outside_canonical_band_or_zero,False,,,,False,False,False,False,,,,,,,,,,,,,,,,,,,,,,,,,,,,,
119,58,-0.1090830782496456,-0.06766507253885708,0.12836541591140152,48.94764888633457,-148.1883545541101,291.6473691458899,148672.70434743658,0.08632555482500538,0.1520033681193923,0.1504615715347529,False,True,True,,True,0.7608594962830185,0.7062009820419641,0.7478863600608127,False,False,False,False,0.6250139680583069,0.9842959507857214,1.5652837768052414,True,0.0,0.0,0.6003992928454241,0.8101889870275484,False,False,False,False,-0.05465851424105439,-0.012973136222205861,high_unwrapped_RMSE,high_circular_RMS,high_circular_RMS,0.7062009820419641,False,False,0.7020981096344036,False,False,2.955642444754674,False,True,-2.5843668617769886,False,True
119,59,-0.1090830782496456,-0.05799863360473464,0.1235433505310365,50.85814234576006,-152.0007648918019,287.8349588081981,185047.11780226865,0.10744605193780753,0.3663899210417511,0.14876138597601246,False,True,True,,True,0.8282193419256751,0.8920894566318145,0.8287715142519518,True,False,True,False,0.3655952826038239,0.9954140467023013,1.7889996838023703,True,0.0,-3.552713678800501e-15,0.504492381844063,0.4762774618672632,False,False,False,False,0.06387011470613935,0.0005521723262766898,,high_circular_RMS,,0.8920894566318145,False,False,0.846298557153445,True,False,3.058276334155167,False,True,-2.5182961512141877,False,True
119,60,-0.1090830782496456,-0.04833219467061221,0.11931101794091047,52.66223870700167,-156.10297318432757,283.7327505156724,63485.858270012424,0.03686252942499175,0.11178484707417938,0.16327098021190578,False,False,False,below_power_or_outside_canonical_band_or_zero,False,,,,False,False,False,False,,,,,,,,,,,,,,,,,,,,,,,,,,,,,
119,61,-0.1090830782496456,-0.03866575573648976,0.11573313538953395,54.290288481614844,-160.4825409810058,279.3531827189942,134127.67190833934,0.07788010412331833,0.03499904419030315,0.012430801687542965,False,True,False,low_endpoint_MSC,True,0.07065334260221738,0.40261453410839204,0.3645775784720268,False,False,False,False,2.0366573295908483,0.048434280411115305,3.0057751087385265,False,1.3877787807814457e-17,0.0,1.368687103799072,1.2164735939855638,False,False,False,False,0.33196119150617465,0.2939242358698094,large_wrapped_step;high_unwrapped_RMSE,high_circular_RMS,high_circular_RMS,0.40261453410839204,False,False,0.45631939761229057,False,False,-1.8930976769668713,False,True,-2.9854140223444086,False,True
119,62,-0.1090830782496456,-0.02899931680236732,0.11287195548683636,55.66648757062032,-165.11248257920923,274.72324112079076,72645.5992109536,0.042181055930921266,0.08288916268679737,0.14013648628929873,False,False,False,below_power_or_outside_canonical_band_or_zero;low_endpoint_MSC,False,,,,False,False,False,False,,,,,,,,,,,,,,,,,,,,,,,,,,,,,
119,63,-0.1090830782496456,-0.01933287786824488,0.11078302273853506,56.71613891605818,-169.94978596247276,269.88593773752723,52443.777103962486,0.030451037905644546,0.01686951144066395,0.015365289674216784,False,False,False,below_power_or_outside_canonical_band_or_zero;low_endpoint_MSC,False,,,,False,False,False,False,,,,,,,,,,,,,,,,,,,,,,,,,,,,,
119,64,-0.1090830782496456,-0.00966643893412244,0.10951053831520244,57.37516593238537,-174.9359403084246,264.8997833915754,70539.9317865867,0.040958417858362746,0.02961514582609587,0.0016286383131108653,False,False,False,below_power_or_outside_canonical_band_or_zero;low_endpoint_MSC,False,,,,False,False,False,False,,,,,,,,,,,,,,,,,,,,,,,,,,,,,
119,65,-0.1090830782496456,0.0,0.1090830782496456,57.6,180.0,259.8357237,91003.51110868873,0.05284042300812932,0.12634625595297683,0.010893979509199245,False,True,True,,True,0.3030480024957283,0.41606274871624777,0.8299171025391788,False,False,False,False,1.2737617153591472,0.7053657009299252,2.930208542436899,False,0.0,3.552713678800501e-15,1.0820029471742825,1.2777607369808754,False,False,False,False,0.11301474622051949,0.5268691000434506,large_wrapped_step;high_unwrapped_RMSE,high_circular_RMS,high_circular_RMS,0.41606274871624777,False,False,0.7582822913962312,False,False,-1.5411702038099033,False,True,3.171045780931044,False,True
119,66,-0.1090830782496456,0.00966643893412244,0.10951053831520244,57.37516593238537,174.9359403084246,254.77166400842458,57494.82184671319,0.03338388453527807,0.1524195404766151,0.01064442639919822,False,False,False,below_power_or_outside_canonical_band_or_zero,False,,,,False,False,False,False,,,,,,,,,,,,,,,,,,,,,,,,,,,,,
119,67,-0.1090830782496456,0.01933287786824488,0.11078302273853506,56.71613891605818,169.94978596247276,249.78550966247275,27627.39779128647,0.016041616066460245,0.1157492924123961,0.0032246202040602328,False,False,False,below_power_or_outside_canonical_band_or_zero,False,,,,False,False,False,False,,,,,,,,,,,,,,,,,,,,,,,,,,,,,
119,68,-0.1090830782496456,0.02899931680236732,0.11287195548683636,55.66648757062032,165.11248257920923,244.94820627920922,23238.99308978131,0.013493525801223696,0.06775771282998021,0.005408045006361232,False,False,False,below_power_or_outside_canonical_band_or_zero;low_endpoint_MSC,False,,,,False,False,False,False,,,,,,,,,,,,,,,,,,,,,,,,,,,,,
119,69,-0.1090830782496456,0.03866575573648976,0.11573313538953395,54.290288481614844,160.4825409810058,240.31826468100581,16888.913491243868,0.009806405512850844,0.05074843512767059,0.001114940001071781,False,False,False,below_power_or_outside_canonical_band_or_zero;low_endpoint_MSC,False,,,,False,False,False,False,,,,,,,,,,,,,,,,,,,,,,,,,,,,,
119,70,-0.1090830782496456,0.04833219467061221,0.11931101794091047,52.66223870700167,156.10297318432757,235.93869688432756,21031.45940251518,0.012211739940230682,0.07066385683190787,0.0010111252682566201,False,False,False,below_power_or_outside_canonical_band_or_zero;low_endpoint_MSC,False,,,,False,False,False,False,,,,,,,,,,,,,,,,,,,,,,,,,,,,,
119,71,-0.1090830782496456,0.05799863360473464,0.1235433505310365,50.85814234576006,152.0007648918019,231.83648859180192,31470.041335712885,0.01827281470795489,0.1932095530650847,0.00020072773711571023,False,False,False,below_power_or_outside_canonical_band_or_zero,False,,,,False,False,False,False,,,,,,,,,,,,,,,,,,,,,,,,,,,,,
119,72,-0.1090830782496456,0.06766507253885708,0.12836541591140152,48.94764888633457,148.1883545541101,228.02407825411012,14792.40640240191,0.00858908631203845,0.1116277898355705,0.007321920515863731,False,False,False,below_power_or_outside_canonical_band_or_zero,False,,,,False,False,False,False,,,,,,,,,,,,,,,,,,,,,,,,,,,,,
119,73,-0.1090830782496456,0.07733151147297952,0.13371342725064625,46.989935389224115,144.6662923151617,224.5020160151617,19223.104458321952,0.011161733857653403,0.30330506438470106,0.011510083962530468,False,False,False,below_power_or_outside_canonical_band_or_zero,False,,,,False,False,False,False,,,,,,,,,,,,,,,,,,,,,,,,,,,,,
119,74,-0.1090830782496456,0.08699795040710197,0.13952691975190623,45.03206491157234,141.42629248433357,221.26201618433356,28146.672258545983,0.01634312841662158,0.26364854256173975,0.004968251438428005,False,False,False,below_power_or_outside_canonical_band_or_zero,False,,,,False,False,False,False,,,,,,,,,,,,,,,,,,,,,,,,,,,,,
119,75,-0.1090830782496456,0.09666438934122441,0.14575020455261845,43.1092726522469,138.45411908348623,218.28984278348622,29943.01849761226,0.017386161745609932,0.02506136617075643,0.008494151587157623,False,False,False,below_power_or_outside_canonical_band_or_zero;low_endpoint_MSC,False,,,,False,False,False,False,,,,,,,,,,,,,,,,,,,,,,,,,,,,,
119,76,-0.1090830782496456,0.10633082827534684,0.15233306601699975,41.24636542455207,135.73200347405046,215.56772717405045,14934.656372708663,0.008671682560384576,0.08793992289084537,0.015287143734394135,False,False,False,below_power_or_outside_canonical_band_or_zero;low_endpoint_MSC,False,,,,False,False,False,False,,,,,,,,,,,,,,,,,,,,,,,,,,,,,
120,53,-0.10471975511965977,-0.11599726720946928,0.1562740961016461,40.20618556701031,-132.07502205084364,307.7607016491564,79652.27736508739,0.046249424645882845,0.15981662594374935,0.0017326112470341952,False,False,False,below_power_or_outside_canonical_band_or_zero,False,,,,False,False,False,False,,,,,,,,,,,,,,,,,,,,,,,,,,,,,
120,54,-0.10471975511965977,-0.10633082827534684,0.14923964672312384,42.10131453095997,-134.56263613247927,305.27308756752075,66155.07501724806,0.03841238767008585,0.138129352417483,0.03307769698523371,False,False,False,below_power_or_outside_canonical_band_or_zero,False,,,,False,False,False,False,,,,,,,,,,,,,,,,,,,,,,,,,,,,,
120,55,-0.10471975511965977,-0.09666438934122441,0.1425139687154678,44.08820667764927,-137.29061004263852,302.54511365736147,76385.06952511417,0.04435234790437701,0.15709511849391758,0.008076183887038402,False,False,False,below_power_or_outside_canonical_band_or_zero,False,,,,False,False,False,False,,,,,,,,,,,,,,,,,,,,,,,,,,,,,
120,56,-0.10471975511965977,-0.08699795040710197,0.13614283120075799,46.15142238311704,-140.28124062844512,299.5544830715549,103570.81002575971,0.06013751938119699,0.0013392870805219743,0.013182987293457842,False,True,False,low_endpoint_MSC,True,0.7235616512028771,1.243267058902331,0.8147738803700033,False,False,False,False,1.9820327128525261,0.849319491130289,3.1107441998594707,False,0.0,-3.552713678800501e-15,1.2903387573690965,1.354996725365198,False,False,False,False,0.5197054076994538,0.09121222916712624,large_wrapped_step;high_unwrapped_RMSE,high_circular_RMS,high_circular_RMS,1.243267058902331,False,False,0.9092020492102714,False,False,3.0086838456919747,False,True,3.0366067869047653,False,True
120,57,-0.10471975511965977,-0.07733151147297952,0.13017829995439745,48.26599601762074,-143.5555582434129,296.2801654565871,50367.49529836939,0.029245462345372047,0.03904807586257665,0.07381250075351058,False,False,False,below_power_or_outside_canonical_band_or_zero;low_endpoint_MSC,False,,,,False,False,False,False,,,,,,,,,,,,,,,,,,,,,,,,,,,,,
120,58,-0.10471975511965977,-0.06766507253885708,0.12467874379384121,50.39500010979384,-147.1313210666325,292.7044026333675,95953.08343585864,0.05571435053345992,0.016301647417550413,0.3100659136007488,False,True,False,low_endpoint_MSC,True,0.805835533931677,0.7511034989630182,0.7983735931713418,False,False,False,False,0.5938462821674463,0.9873226122809448,2.1169675132062906,True,0.0,0.0,0.7881699429019757,0.8515175746491263,False,False,False,False,-0.05473203496865875,-0.007461940760335128,high_unwrapped_RMSE,high_circular_RMS,high_circular_RMS,0.7511034989630182,False,False,0.793289692745959,False,False,3.017436762006377,False,True,-2.541076014044838,False,True
120,59,-0.10471975511965977,-0.05799863360473464,0.11970826459496338,52.48748136512494,-151.02029230207123,288.81543139792876,235102.32255559514,0.13651018540585969,0.3929202023176518,0.24205899477973347,False,True,True,,True,0.8520491567553071,0.9562183255677045,0.8622562795476462,True,False,False,False,0.4529564541034648,0.9933624656433615,1.7400025193096142,True,0.0,0.0,0.5202222387287172,0.5888665943862439,False,False,False,False,0.10416916881239735,0.01020712279233904,,high_circular_RMS,high_circular_RMS,0.9562183255677045,False,False,0.8966961449413103,False,False,3.0927645093351086,False,True,1.9733504225353955,False,True
120,60,-0.10471975511965977,-0.04833219467061221,0.11533528581487741,54.4775630700271,-155.22485943116808,284.6108642688319,87287.75526684131,0.050682900643485095,0.286697836916115,0.314714768793796,False,True,True,,True,0.7765798565203895,0.8124280140131598,0.9031570980337816,False,False,False,False,1.4298991209694372,0.9257893604185762,2.4289591922654203,True,0.0,3.552713678800501e-15,0.882419971829461,0.8779923751110593,False,False,False,False,0.03584815749277026,0.1265772415133921,high_unwrapped_RMSE,high_circular_RMS,high_circular_RMS,0.8124280140131598,False,False,0.9669835890895305,False,False,-1.309174687941665,False,True,2.0108312296374278,False,True
120,61,-0.10471975511965977,-0.03866575573648976,0.11163004872790927,56.285788448363284,-159.7343025290525,280.1014211709475,82138.40626233869,0.04769297447141205,0.1068769282058331,0.14998264351039284,False,False,False,below_power_or_outside_canonical_band_or_zero,False,,,,False,False,False,False,,,,,,,,,,,,,,,,,,,,,,,,,,,,,
120,62,-0.10471975511965977,-0.02899931680236732,0.10866088296772473,57.823801312620155,-164.52136183458165,275.31436186541833,38234.13377793849,0.02220032807044939,0.00840504447208381,0.1818580710369481,False,False,False,below_power_or_outside_canonical_band_or_zero;low_endpoint_MSC,False,,,,False,False,False,False,,,,,,,,,,,,,,,,,,,,,,,,,,,,,
120,63,-0.10471975511965977,-0.01933287786824488,0.10648937636679999,59.0029308232336,-169.54009090707086,270.29563279292915,171162.6774832018,0.09938416849229538,0.08061037603887324,0.12387462209657642,False,True,False,low_endpoint_MSC,True,0.5743447715753522,0.6904637522587045,0.722258814610249,False,False,False,False,1.8349842211302554,0.8055791003451291,3.0923720793433436,False,0.0,-3.552713678800501e-15,0.8937444518670611,0.9430572872569778,False,False,False,False,0.11611898068335225,0.14791404303489675,large_wrapped_step;high_unwrapped_RMSE,high_circular_RMS,high_circular_RMS,0.6904637522587045,False,False,0.6874323514216832,False,False,-1.5090073550871945,False,True,2.9561350266017046,False,True
120,64,-0.10471975511965977,-0.00966643893412244,0.10516495211803516,59.74600074107824,-174.72610404264825,265.10961965735174,98013.6254800745,0.056910786933725414,0.03126031678737744,0.010035388357088544,False,True,False,low_endpoint_MSC,True,0.7592669393795485,0.651296226548281,0.7596618050302635,False,False,False,False,0.6985150728113342,0.980381175545098,2.5729059161791126,False,2.220446049250313e-16,-1.7763568394002505e-15,0.5843957803088734,0.8930720185353759,False,False,False,False,-0.10797071283126747,0.0003948656507150039,large_wrapped_step;high_unwrapped_RMSE,high_circular_RMS,high_circular_RMS,0.651296226548281,False,False,0.6834592772353437,False,False,-1.4780429182374637,False,True,-2.575225493707953,False,True
120,65,-0.10471975511965977,0.0,0.10471975511965977,60.0,180.0,259.8357237,57010.28017017991,0.03310253948780504,0.262542612458887,0.017940969165327975,False,False,False,below_power_or_outside_canonical_band_or_zero,False,,,,False,False,False,False,,,,,,,,,,,,,,,,,,,,,,,,,,,,,
120,66,-0.10471975511965977,0.00966643893412244,0.10516495211803516,59.74600074107824,174.72610404264825,254.56182774264823,34067.942470525646,0.019781264142755866,0.09499130330364415,0.021047982331998703,False,False,False,below_power_or_outside_canonical_band_or_zero,False,,,,False,False,False,False,,,,,,,,,,,,,,,,,,,,,,,,,,,,,
120,67,-0.10471975511965977,0.01933287786824488,0.10648937636679999,59.0029308232336,169.54009090707086,249.37581460707088,30065.30301109218,0.017457165219441892,0.13967079952653091,0.03415821154617012,False,False,False,below_power_or_outside_canonical_band_or_zero,False,,,,False,False,False,False,,,,,,,,,,,,,,,,,,,,,,,,,,,,,
120,68,-0.10471975511965977,0.02899931680236732,0.10866088296772473,57.823801312620155,164.52136183458165,244.35708553458164,28611.091131016154,0.016612789327231647,0.06564399333056625,0.0061555461808476975,False,False,False,below_power_or_outside_canonical_band_or_zero;low_endpoint_MSC,False,,,,False,False,False,False,,,,,,,,,,,,,,,,,,,,,,,,,,,,,
120,69,-0.10471975511965977,0.03866575573648976,0.11163004872790927,56.285788448363284,159.7343025290525,239.57002622905253,19452.24703115816,0.011294783564530925,0.027175172861908795,0.0007341982692223091,False,False,False,below_power_or_outside_canonical_band_or_zero;low_endpoint_MSC,False,,,,False,False,False,False,,,,,,,,,,,,,,,,,,,,,,,,,,,,,
120,70,-0.10471975511965977,0.04833219467061221,0.11533528581487741,54.4775630700271,155.22485943116808,235.06058313116807,25575.22541459226,0.014850039443217555,0.06634787696537113,0.0012374779675388638,False,False,False,below_power_or_outside_canonical_band_or_zero;low_endpoint_MSC,False,,,,False,False,False,False,,,,,,,,,,,,,,,,,,,,,,,,,,,,,
120,71,-0.10471975511965977,0.05799863360473464,0.11970826459496338,52.48748136512494,151.02029230207123,230.85601600207121,22420.499770688522,0.01301827454241747,0.06469420922871742,0.001514833418194224,False,False,False,below_power_or_outside_canonical_band_or_zero;low_endpoint_MSC,False,,,,False,False,False,False,,,,,,,,,,,,,,,,,,,,,,,,,,,,,
120,72,-0.10471975511965977,0.06766507253885708,0.12467874379384121,50.39500010979384,147.1313210666325,226.9670447666325,24815.779269716735,0.014409073429288842,0.07812183324696746,0.00023945154078397723,False,False,False,below_power_or_outside_canonical_band_or_zero;low_endpoint_MSC,False,,,,False,False,False,False,,,,,,,,,,,,,,,,,,,,,,,,,,,,,
120,73,-0.10471975511965977,0.07733151147297952,0.13017829995439745,48.26599601762074,143.5555582434129,223.39128194341288,26659.96894398382,0.015479886646364736,0.12033534197752527,0.002425884632530831,False,False,False,below_power_or_outside_canonical_band_or_zero,False,,,,False,False,False,False,,,,,,,,,,,,,,,,,,,,,,,,,,,,,
120,74,-0.10471975511965977,0.08699795040710197,0.13614283120075799,46.15142238311704,140.28124062844512,220.11696432844514,27447.21507091863,0.015936994485962974,0.12839797735909933,0.021744346763333287,False,False,False,below_power_or_outside_canonical_band_or_zero,False,,,,False,False,False,False,,,,,,,,,,,,,,,,,,,,,,,,,,,,,
120,75,-0.10471975511965977,0.09666438934122441,0.1425139687154678,44.08820667764927,137.29061004263852,217.1263337426385,20857.85135985144,0.012110935891021976,0.007035594024541015,0.0034959794229373485,False,False,False,below_power_or_outside_canonical_band_or_zero;low_endpoint_MSC,False,,,,False,False,False,False,,,,,,,,,,,,,,,,,,,,,,,,,,,,,
120,76,-0.10471975511965977,0.10633082827534684,0.14923964672312384,42.10131453095997,134.56263613247927,214.3983598324793,18372.01659260985,0.010667556849608054,0.17379184189001903,0.010176421269081332,False,False,False,below_power_or_outside_canonical_band_or_zero,False,,,,False,False,False,False,,,,,,,,,,,,,,,,,,,,,,,,,,,,,
120,77,-0.10471975511965977,0.11599726720946928,0.1562740961016461,40.20618556701031,132.07502205084364,211.91074575084366,26551.53364023204,0.015416924599632103,0.3655556740774764,0.00829088839281653,False,False,False,below_power_or_outside_canonical_band_or_zero,False,,,,False,False,False,False,,,,,,,,,,,,,,,,,,,,,,,,,,,,,
121,53,-0.10035643198967396,-0.11599726720946928,0.15338441720645246,40.96364820894772,-130.86511555713741,308.9706081428626,64808.79698847212,0.037630682660461455,0.1446926914993912,0.0008133723579773467,False,False,False,below_power_or_outside_canonical_band_or_zero,False,,,,False,False,False,False,,,,,,,,,,,,,,,,,,,,,,,,,,,,,
121,54,-0.10035643198967396,-0.10633082827534684,0.14621100671091541,42.973408421997505,-133.34429851250397,306.491425187496,48192.658726268855,0.02798266178918153,0.09371581469630055,0.03664261999895105,False,False,False,below_power_or_outside_canonical_band_or_zero,False,,,,False,False,False,False,,,,,,,,,,,,,,,,,,,,,,,,,,,,,
121,55,-0.10035643198967396,-0.09666438934122441,0.13933921776875982,45.09272699956473,-136.0735601638861,303.7621635361139,64377.59836703446,0.037380310809093265,0.09585075184590637,0.018057129057263113,False,False,False,below_power_or_outside_canonical_band_or_zero,False,,,,False,False,False,False,,,,,,,,,,,,,,,,,,,,,,,,,,,,,
121,56,-0.10035643198967396,-0.08699795040710197,0.13281587562010286,47.307486984097935,-139.0783222291125,300.7574014708875,49349.69617938973,0.02865448585085027,0.1315305898869392,0.034583704458307586,False,False,False,below_power_or_outside_canonical_band_or_zero,False,,,,False,False,False,False,,,,,,,,,,,,,,,,,,,,,,,,,,,,,
121,57,-0.10035643198967396,-0.07733151147297952,0.12669481484415065,49.59307383580484,-142.38328359976163,297.4524401002384,105724.6579427003,0.061388133051370565,0.20174977328081273,0.00966448394364904,False,True,True,,True,0.44735900245849686,0.7208616163155818,0.827350869478886,False,False,False,False,1.5198928435720243,0.7855977874843361,2.9783682011551393,False,0.0,-1.7763568394002505e-15,1.0669238609837945,1.1644007791116615,False,False,False,False,0.2735026138570849,0.3799918670203892,large_wrapped_step;high_unwrapped_RMSE,high_circular_RMS,high_circular_RMS,0.7208616163155818,False,False,0.6050798598798421,False,False,-1.389893789148281,False,True,3.070919646567038,False,True
121,58,-0.10035643198967396,-0.06766507253885708,0.12103708309186423,51.91124196549581,-146.0102803063058,293.82544339369423,84204.8488942131,0.048892836998253066,0.11001797775119498,0.2349787499088737,False,False,False,below_power_or_outside_canonical_band_or_zero,False,,,,False,False,False,False,,,,,,,,,,,,,,,,,,,,,,,,,,,,,
121,59,-0.10035643198967396,-0.05799863360473464,0.1159105471547534,54.207192196158296,-149.97524785902485,289.86047584097514,90492.56203871084,0.05254374472984842,0.4341458228409092,0.26487734469386043,False,True,True,,True,0.5268813581439005,0.9428033937330602,0.968076345709457,False,False,False,False,1.682610355086815,0.8057153389280806,3.004164486836771,False,0.0,1.7763568394002505e-15,1.0404675623948334,1.077666671688879,False,False,False,False,0.41592203558915974,0.44119498756555653,large_wrapped_step;high_unwrapped_RMSE,high_circular_RMS,high_circular_RMS,0.9428033937330602,False,False,0.8872042330021691,False,False,-1.2277132407939477,False,True,3.1941983093586703,False,True
121,60,-0.10035643198967396,-0.04833219467061221,0.11138857429456583,56.40780795491442,-154.28428495429986,285.5514387457001,91184.06905845465,0.05294526246241935,0.5071746171471818,0.20772326453423245,False,True,True,,True,0.20599979211910277,0.5271126297500909,0.9415129101554073,False,False,False,False,1.5448817096566618,0.42922928796996807,3.127949297832134,False,8.326672684688674e-17,0.0,1.2672785706796028,1.3300949374240403,False,False,False,False,0.3211128376309881,0.7355131180363045,large_wrapped_step;high_unwrapped_RMSE,high_circular_RMS,high_circular_RMS,0.5271126297500909,False,False,0.636798218884947,False,False,0.8809639092435695,False,True,3.2144510915519384,False,True
121,61,-0.10035643198967396,-0.03866575573648976,0.10754745049684789,58.42244774890076,-158.92911030330745,280.90661339669253,332915.4244114358,0.19330453998440944,0.14001141707476378,0.19920470067803003,False,True,True,,True,0.8354082435808989,0.8362082204985928,0.8415879399729083,False,False,False,False,0.5429461327359179,0.9901118359959455,2.16574332998883,True,0.0,0.0,0.6078504022445662,0.7401552877112645,False,False,False,False,0.0007999769176938454,0.006179696392009326,high_unwrapped_RMSE,high_circular_RMS,high_circular_RMS,0.8362082204985928,False,False,0.7848187222785602,False,False,3.056008025968679,False,True,3.0793414860751103,False,True
121,62,-0.10035643198967396,-0.02899931680236732,0.10446230811494699,60.14786979688186,-163.88265153002118,275.95307216997884,93570.785119887,0.05433108906130473,0.07069202878644783,0.12935862684498614,False,True,False,low_endpoint_MSC,True,0.7078311518816286,0.7447380870664417,0.6907153525439232,False,False,False,False,0.7162552881072995,0.9763624298123995,1.8310014039091447,True,1.1102230246251565e-16,3.552713678800501e-15,0.7566050922430945,0.955363693772931,False,False,False,False,0.03690693518481314,-0.01711579933770535,high_unwrapped_RMSE,high_circular_RMS,high_circular_RMS,0.7447380870664417,False,False,0.7096703050730295,False,False,-1.6025096666886096,False,True,-2.6369889889031684,False,True
121,63,-0.10035643198967396,-0.01933287786824488,0.10220163212183321,61.478326487873346,-169.09599502155444,270.73972867844554,79664.24162774453,0.04625637159432562,0.02533913800403229,0.2161583570394817,False,False,False,below_power_or_outside_canonical_band_or_zero;low_endpoint_MSC,False,,,,False,False,False,False,,,,,,,,,,,,,,,,,,,,,,,,,,,,,
121,64,-0.10035643198967396,-0.00966643893412244,0.10082089804879331,62.32026721423146,-174.49818213256344,265.3375415674366,85773.30943469593,0.049803550413823235,0.06460081520977747,0.1508146309763481,False,False,False,below_power_or_outside_canonical_band_or_zero;low_endpoint_MSC,False,,,,False,False,False,False,,,,,,,,,,,,,,,,,,,,,,,,,,,,,
121,65,-0.10035643198967396,0.0,0.10035643198967396,62.6086956521739,180.0,259.8357237,85958.29840998993,0.04991096270580284,0.03809685855025285,6.53914582951108e-05,False,False,False,below_power_or_outside_canonical_band_or_zero;low_endpoint_MSC,False,,,,False,False,False,False,,,,,,,,,,,,,,,,,,,,,,,,,,,,,
121,66,-0.10035643198967396,0.00966643893412244,0.10082089804879331,62.32026721423146,174.49818213256344,254.33390583256346,46445.132140470814,0.026967975181087525,0.05233312131461536,0.00783434616724627,False,False,False,below_power_or_outside_canonical_band_or_zero;low_endpoint_MSC,False,,,,False,False,False,False,,,,,,,,,,,,,,,,,,,,,,,,,,,,,
121,67,-0.10035643198967396,0.01933287786824488,0.10220163212183321,61.478326487873346,169.09599502155444,248.93171872155443,26192.392001187418,0.01520839202879222,0.16758798482931278,0.003904734878140071,False,False,False,below_power_or_outside_canonical_band_or_zero,False,,,,False,False,False,False,,,,,,,,,,,,,,,,,,,,,,,,,,,,,
121,68,-0.10035643198967396,0.02899931680236732,0.10446230811494699,60.14786979688186,163.88265153002118,243.7183752300212,40458.20218000235,0.023491714674464145,0.07606525300200628,0.0002736683728462355,False,False,False,below_power_or_outside_canonical_band_or_zero;low_endpoint_MSC,False,,,,False,False,False,False,,,,,,,,,,,,,,,,,,,,,,,,,,,,,
121,69,-0.10035643198967396,0.03866575573648976,0.10754745049684789,58.42244774890076,158.92911030330745,238.76483400330744,19979.42550816692,0.01160088531144764,0.09707267394985115,0.00021869317083670446,False,False,False,below_power_or_outside_canonical_band_or_zero,False,,,,False,False,False,False,,,,,,,,,,,,,,,,,,,,,,,,,,,,,
121,70,-0.10035643198967396,0.04833219467061221,0.11138857429456583,56.40780795491442,154.28428495429986,234.12000865429985,23241.15460366774,0.01349478086607455,0.14554583852187253,0.00023415946895049227,False,False,False,below_power_or_outside_canonical_band_or_zero,False,,,,False,False,False,False,,,,,,,,,,,,,,,,,,,,,,,,,,,,,
121,71,-0.10035643198967396,0.05799863360473464,0.1159105471547534,54.207192196158296,149.97524785902485,229.81097155902484,24214.799796854964,0.014060119755102676,0.04834605317808977,0.01959766221036405,False,False,False,below_power_or_outside_canonical_band_or_zero;low_endpoint_MSC,False,,,,False,False,False,False,,,,,,,,,,,,,,,,,,,,,,,,,,,,,
121,72,-0.10035643198967396,0.06766507253885708,0.12103708309186423,51.91124196549581,146.0102803063058,225.8460040063058,17732.164177416358,0.010296031928539714,0.09297225411813075,0.0032866498051030177,False,False,False,below_power_or_outside_canonical_band_or_zero,False,,,,False,False,False,False,,,,,,,,,,,,,,,,,,,,,,,,,,,,,
121,73,-0.10035643198967396,0.07733151147297952,0.12669481484415065,49.59307383580484,142.38328359976163,222.21900729976164,24118.776969125665,0.014004364908132068,0.050843651477911575,0.00033113125510343504,False,False,False,below_power_or_outside_canonical_band_or_zero;low_endpoint_MSC,False,,,,False,False,False,False,,,,,,,,,,,,,,,,,,,,,,,,,,,,,
121,74,-0.10035643198967396,0.08699795040710197,0.13281587562010286,47.307486984097935,139.0783222291125,218.9140459291125,17106.256741921385,0.00993260404259818,0.15034011463565225,3.087676682278886e-05,False,False,False,below_power_or_outside_canonical_band_or_zero,False,,,,False,False,False,False,,,,,,,,,,,,,,,,,,,,,,,,,,,,,
121,75,-0.10035643198967396,0.09666438934122441,0.13933921776875982,45.09272699956473,136.0735601638861,215.90928386388612,23014.077342273507,0.013362930364907974,0.17312865295551405,0.01115005921975426,False,False,False,below_power_or_outside_canonical_band_or_zero,False,,,,False,False,False,False,,,,,,,,,,,,,,,,,,,,,,,,,,,,,
121,76,-0.10035643198967396,0.10633082827534684,0.14621100671091541,42.973408421997505,133.34429851250397,213.18002221250396,17896.239489878648,0.010391300878166766,0.39794292239207524,0.0010873431369474227,False,False,False,below_power_or_outside_canonical_band_or_zero,False,,,,False,False,False,False,,,,,,,,,,,,,,,,,,,,,,,,,,,,,
121,77,-0.10035643198967396,0.11599726720946928,0.15338441720645246,40.96364820894772,130.86511555713741,210.70083925713743,23849.387761392707,0.013847946331342944,0.3390019840013468,0.000599522923075919,False,False,False,below_power_or_outside_canonical_band_or_zero,False,,,,False,False,False,False,,,,,,,,,,,,,,,,,,,,,,,,,,,,,
122,53,-0.09599310885968813,-0.11599726720946928,0.15056574294511005,41.73051043536624,-129.6093310347134,310.2263926652866,39303.763476533975,0.022821399554914863,0.13685719944621924,0.014671002156333069,False,False,False,below_power_or_outside_canonical_band_or_zero,False,,,,False,False,False,False,,,,,,,,,,,,,,,,,,,,,,,,,,,,,
122,54,-0.09599310885968813,-0.10633082827534684,0.14325125475984227,43.86129334582943,-132.07502205084364,307.7607016491564,46371.47198170427,0.026925205029687305,0.20959422920055723,0.035615607891989254,False,False,False,below_power_or_outside_canonical_band_or_zero,False,,,,False,False,False,False,,,,,,,,,,,,,,,,,,,,,,,,,,,,,
122,55,-0.09599310885968813,-0.09666438934122441,0.13623025036774966,46.1218069424251,-134.80036394547562,305.0353597545244,54905.07102768504,0.03188016751275946,0.11892251578728337,0.005193473172687162,False,False,False,below_power_or_outside_canonical_band_or_zero,False,,,,False,False,False,False,,,,,,,,,,,,,,,,,,,,,,,,,,,,,
122,56,-0.09599310885968813,-0.08699795040710197,0.12955045474094065,48.49990931906755,-137.81418176149327,302.02154193850674,35961.80460322445,0.02088091925486866,0.26298878874710163,0.05524582623549583,False,False,False,below_power_or_outside_canonical_band_or_zero,False,,,,False,False,False,False,,,,,,,,,,,,,,,,,,,,,,,,,,,,,
122,57,-0.09599310885968813,-0.07733151147297952,0.12326735015908917,50.97201569653676,-141.14527574494724,298.6904479550528,56874.379000868386,0.033023629617337034,0.2224531634662906,0.055662705197178246,False,False,False,below_power_or_outside_canonical_band_or_zero,False,,,,False,False,False,False,,,,,,,,,,,,,,,,,,,,,,,,,,,,,
122,58,-0.09599310885968813,-0.06766507253885708,0.11744462095062816,53.49913224055563,-144.82017823735347,295.0155454626465,95557.22248984741,0.0554844972059916,0.13664784786957215,0.08302351405746292,False,True,True,,True,0.5162749869328015,0.6903130811717174,0.8349546625079522,False,False,False,False,1.6879979295347194,0.7982416682946709,2.93709714733076,False,1.1102230246251565e-16,1.7763568394002505e-15,0.9309648930456944,1.045372389838954,False,False,False,False,0.17403809423891592,0.31867967557515076,large_wrapped_step;high_unwrapped_RMSE,high_circular_RMS,high_circular_RMS,0.6903130811717174,False,False,0.7078527077903422,False,False,3.0655897642842422,False,True,1.9601968955232507,False,True
122,59,-0.09599310885968813,-0.05799863360473464,0.11215399434957361,56.022840235145615,-148.85980454860209,290.97591915139793,70513.3117693052,0.04094296116931304,0.0976180391887517,0.11850859307903906,False,False,False,below_power_or_outside_canonical_band_or_zero,False,,,,False,False,False,False,,,,,,,,,,,,,,,,,,,,,,,,,,,,,
122,60,-0.09599310885968813,-0.04833219467061221,0.10747408055073508,58.462331335912154,-153.274905162316,286.560818537684,91713.53353692111,0.05325269155684772,0.33731179908955156,0.09534818399311554,False,True,True,,True,-0.09376801884744987,0.19178224582064854,0.18383992991122755,False,False,False,False,1.3676881852266691,0.16583360646492729,2.6532589701334515,False,4.163336342344337e-17,0.0,1.1101403101327045,1.5161949450131524,False,False,False,False,0.2855502646680984,0.27760794875867745,large_wrapped_step;high_unwrapped_RMSE,high_circular_RMS,high_circular_RMS,0.19178224582064854,False,False,0.21015540834290153,False,False,2.9739203918633104,False,True,2.302279713273492,False,True
122,61,-0.09599310885968813,-0.03866575573648976,0.10348776553400807,60.7142812945827,-158.06056192132436,281.7751617786756,156706.70100842603,0.09099042738696139,0.12178841830790604,0.2670537510030918,False,True,True,,True,0.561939143792732,0.43833240228897036,0.9125852736454192,False,False,False,False,1.4771169482193853,0.8595733411607568,3.06771466169401,False,0.0,0.0,1.0591531754394559,1.4243373582437682,False,True,False,False,-0.12360674150376166,0.35064612985268717,large_wrapped_step;high_unwrapped_RMSE,high_circular_RMS,alternative_minimum;high_circular_RMS,0.43833240228897036,False,False,0.573838916752902,False,False,2.7775306178167085,False,True,-2.2387213171835594,False,True
122,62,-0.09599310885968813,-0.02899931680236732,0.10027780075147241,62.657789262369,-163.19054345096512,276.64518024903487,117982.40029047054,0.06850548800712895,0.11228243343454083,0.28823623866353437,False,True,True,,True,0.7879168282221131,0.795413060941736,0.7753269149715059,True,True,False,False,0.4392642197133099,0.9927049791123319,1.9349284440336179,True,1.1102230246251565e-16,0.0,0.46877329207941626,0.6066439812080282,False,False,False,False,0.007496232719622964,-0.01258991325060721,,,high_circular_RMS,0.795413060941736,True,False,0.7880224925381206,False,False,-1.4627760519663293,False,True,-2.568538253317203,False,True
122,63,-0.09599310885968813,-0.01933287786824488,0.09792056533341915,64.16614615924003,-168.6130364087552,271.2226872912448,188870.02782505055,0.10966579247600007,0.0723717502760044,0.2604379782030487,False,True,False,low_endpoint_MSC,True,0.35054391115790523,0.4714179993695278,0.6902657937362336,False,False,False,False,1.6669140771635915,0.6516209425820032,3.0302654820440815,False,0.0,-4.440892098500626e-16,1.0313192556624382,0.9931228761292991,False,False,False,False,0.12087408821162254,0.3397218825783284,large_wrapped_step;high_unwrapped_RMSE,high_circular_RMS,high_circular_RMS,0.4714179993695278,False,False,0.6242940099196642,False,False,0.698041680273453,False,True,2.92693942807035,False,True
122,64,-0.09599310885968813,-0.00966643893412244,0.096478583064922,65.12518226922475,-174.24973933940512,265.58598436059486,123268.3819871559,0.07157474880227004,0.15091622054807308,0.21776168832074672,False,True,True,,True,0.8640732817762975,0.8376307903341531,0.8708691312661097,False,False,False,False,0.6347414005142344,0.9874019905282039,2.5456274301308706,False,0.0,-3.552713678800501e-15,0.808650021897878,0.8801676576193656,False,False,False,False,-0.02644249144214439,0.006795849489812156,large_wrapped_step;high_unwrapped_RMSE,high_circular_RMS,high_circular_RMS,0.8376307903341531,False,False,0.8302098997476239,False,False,-1.3516486427429844,False,True,3.10454493117175,False,True
122,65,-0.09599310885968813,0.0,0.09599310885968813,65.45454545454545,180.0,259.8357237,60915.719385098,0.03537019990699852,0.21624896682063585,0.04348860358094108,False,False,False,below_power_or_outside_canonical_band_or_zero,False,,,,False,False,False,False,,,,,,,,,,,,,,,,,,,,,,,,,,,,,
122,66,-0.09599310885968813,0.00966643893412244,0.096478583064922,65.12518226922475,174.24973933940512,254.0854630394051,113284.7981763124,0.06577786486586865,0.4287348251082165,0.05201465960693022,False,True,True,,True,0.6043272888158069,0.6969361040378576,0.7835694111157788,False,False,False,False,1.4583223789036284,0.8789800127594518,3.059760529239845,False,1.1102230246251565e-16,0.0,1.1974710512793119,1.16082096135791,False,False,False,False,0.09260881522205067,0.17924212229997194,large_wrapped_step;high_unwrapped_RMSE,high_circular_RMS,high_circular_RMS,0.6969361040378576,False,False,0.7967415993152043,False,False,-1.4680453848071398,False,True,-2.5553503336120396,False,True
122,67,-0.09599310885968813,0.01933287786824488,0.09792056533341915,64.16614615924003,168.6130364087552,248.4487601087552,46851.34337274193,0.027203838315183786,0.4032948535639468,0.004360925944827161,False,False,False,below_power_or_outside_canonical_band_or_zero,False,,,,False,False,False,False,,,,,,,,,,,,,,,,,,,,,,,,,,,,,
122,68,-0.09599310885968813,0.02899931680236732,0.10027780075147241,62.657789262369,163.19054345096512,243.0262671509651,37263.101390139156,0.02163650628488521,0.16419982278035095,0.008814613650903472,False,False,False,below_power_or_outside_canonical_band_or_zero,False,,,,False,False,False,False,,,,,,,,,,,,,,,,,,,,,,,,,,,,,
122,69,-0.09599310885968813,0.03866575573648976,0.10348776553400807,60.7142812945827,158.06056192132436,237.89628562132435,26908.897607659103,0.015624424980404845,0.16377545588419584,0.003249938111480297,False,False,False,below_power_or_outside_canonical_band_or_zero,False,,,,False,False,False,False,,,,,,,,,,,,,,,,,,,,,,,,,,,,,
122,70,-0.09599310885968813,0.04833219467061221,0.10747408055073508,58.462331335912154,153.274905162316,233.110628862316,28091.42780689164,0.01631105119060355,0.34726316714789335,0.003876905155790891,False,False,False,below_power_or_outside_canonical_band_or_zero,False,,,,False,False,False,False,,,,,,,,,,,,,,,,,,,,,,,,,,,,,
122,71,-0.09599310885968813,0.05799863360473464,0.11215399434957361,56.022840235145615,148.85980454860209,228.6955282486021,23501.203416317603,0.013645776021050155,0.16397037881223886,0.0010729439029136248,False,False,False,below_power_or_outside_canonical_band_or_zero,False,,,,False,False,False,False,,,,,,,,,,,,,,,,,,,,,,,,,,,,,
122,72,-0.09599310885968813,0.06766507253885708,0.11744462095062816,53.49913224055563,144.82017823735347,224.65590193735346,22368.592135282295,0.012988134810677439,0.0745759783156279,2.830528183847682e-05,False,False,False,below_power_or_outside_canonical_band_or_zero;low_endpoint_MSC,False,,,,False,False,False,False,,,,,,,,,,,,,,,,,,,,,,,,,,,,,
122,73,-0.09599310885968813,0.07733151147297952,0.12326735015908917,50.97201569653676,141.14527574494724,220.98099944494726,29119.15925790544,0.016907794810148827,0.050488624637650976,0.014952239773115564,False,False,False,below_power_or_outside_canonical_band_or_zero;low_endpoint_MSC,False,,,,False,False,False,False,,,,,,,,,,,,,,,,,,,,,,,,,,,,,
122,74,-0.09599310885968813,0.08699795040710197,0.12955045474094065,48.49990931906755,137.81418176149327,217.6499054614933,23689.9404137714,0.013755364570560424,0.47101213149986515,0.007673221641352206,False,False,False,below_power_or_outside_canonical_band_or_zero,False,,,,False,False,False,False,,,,,,,,,,,,,,,,,,,,,,,,,,,,,
122,75,-0.09599310885968813,0.09666438934122441,0.13623025036774966,46.1218069424251,134.80036394547562,214.63608764547564,24728.235304064026,0.014358241762240596,0.4958768189627832,0.005598019441754968,False,False,False,below_power_or_outside_canonical_band_or_zero,False,,,,False,False,False,False,,,,,,,,,,,,,,,,,,,,,,,,,,,,,
122,76,-0.09599310885968813,0.10633082827534684,0.14325125475984227,43.86129334582943,132.07502205084364,211.91074575084366,16640.86886785761,0.009662380489366112,0.3904862677142414,0.0060196570909625815,False,False,False,below_power_or_outside_canonical_band_or_zero,False,,,,False,False,False,False,,,,,,,,,,,,,,,,,,,,,,,,,,,,,
122,77,-0.09599310885968813,0.11599726720946928,0.15056574294511005,41.73051043536624,129.6093310347134,209.44505473471338,25191.71726732727,0.014627358664402953,0.05285341764183285,0.011010656411056181,False,False,False,below_power_or_outside_canonical_band_or_zero;low_endpoint_MSC,False,,,,False,False,False,False,,,,,,,,,,,,,,,,,,,,,,,,,,,,,
123,52,-0.0916297857297023,-0.12566370614359174,0.15552293938391895,40.40037651081887,-126.098283967108,313.73743973289197,42844.06935478617,0.024877048374459712,0.0965850927725279,0.006521385669810439,False,False,False,below_power_or_outside_canonical_band_or_zero,False,,,,False,False,False,False,,,,,,,,,,,,,,,,,,,,,,,,,,,,,
123,53,-0.0916297857297023,-0.11599726720946928,0.1478221351250758,42.50503689358319,-128.30628559023984,311.5294381097602,54191.467254200004,0.03146581948605408,0.25356989660804513,0.006547294617242989,False,False,False,below_power_or_outside_canonical_band_or_zero,False,,,,False,False,False,False,,,,,,,,,,,,,,,,,,,,,,,,,,,,,
123,54,-0.0916297857297023,-0.10633082827534684,0.14036474868923626,44.76327116212339,-130.75287042767278,309.0828532723272,49392.22775968395,0.02867918145508104,0.32984426291478813,0.014423075888025532,False,False,False,below_power_or_outside_canonical_band_or_zero,False,,,,False,False,False,False,,,,,,,,,,,,,,,,,,,,,,,,,,,,,
123,55,-0.0916297857297023,-0.09666438934122441,0.13319167316158684,47.174009891420816,-133.46839220798898,306.36733149201103,27654.812028523247,0.016057533912644296,0.20702819458629945,0.02179817363286338,False,False,False,below_power_or_outside_canonical_band_or_zero,False,,,,False,False,False,False,,,,,,,,,,,,,,,,,,,,,,,,,,,,,
123,56,-0.0916297857297023,-0.08699795040710197,0.12635133955723513,49.72788835636685,-136.48535253375238,303.3503711662476,33720.413052354525,0.019579474110259218,0.1026803554747709,0.005275627141396029,False,False,False,below_power_or_outside_canonical_band_or_zero,False,,,,False,False,False,False,,,,,,,,,,,,,,,,,,,,,,,,,,,,,
123,57,-0.0916297857297023,-0.07733151147297952,0.11990071017123592,52.403236796565004,-139.83710502295818,299.9986186770418,54452.25201039893,0.031617241960459105,0.07459932611088745,0.013014398691276238,False,False,False,below_power_or_outside_canonical_band_or_zero;low_endpoint_MSC,False,,,,False,False,False,False,,,,,,,,,,,,,,,,,,,,,,,,,,,,,
123,58,-0.0916297857297023,-0.06766507253885708,0.11390601246009777,55.16113830585228,-143.55555824341292,296.2801654565871,91914.07938562712,0.05336913681647615,0.03474760294574871,0.008878912040697287,False,True,False,low_endpoint_MSC,True,0.5567475565944917,0.4378703596885014,0.5297632853364957,False,False,False,False,0.9422170263718879,0.936577355982709,2.860415503960417,False,1.1102230246251565e-16,1.7763568394002505e-15,0.9638876603597549,1.337906220915547,False,False,False,False,-0.1188771969059903,-0.026984271257995962,large_wrapped_step;high_unwrapped_RMSE,high_circular_RMS,high_circular_RMS,0.4378703596885014,False,False,0.3957434090711212,False,False,2.748514055402742,False,True,2.828183965545658,False,True
123,59,-0.0916297857297023,-0.05799863360473464,0.10844288419664708,57.940042389372884,-147.66753813903912,292.16818556096086,166999.0675783304,0.09696660343426723,0.040540488890782045,0.08898496534891613,False,True,False,low_endpoint_MSC,True,0.42815183051450423,0.6347676655466513,0.7610817997368662,False,False,False,False,2.4023168011902802,0.5732776494517142,2.720403774092669,False,0.0,0.0,1.11624015785861,1.022721373100377,False,False,False,False,0.2066158350321471,0.33292996922236195,large_wrapped_step;high_unwrapped_RMSE,high_circular_RMS,high_circular_RMS,0.6347676655466513,False,False,0.7090150719797838,False,False,-1.4864587864561711,False,True,-2.5776061198844156,False,True
123,60,-0.0916297857297023,-0.04833219467061221,0.1035954568238835,60.65116656477761,-152.18958455615365,287.64613914384637,94445.30261260249,0.05483887028512922,0.4607367784231377,0.0019333317460226904,False,True,True,,True,0.6427970934690924,0.901293718694766,0.3411113112816003,False,False,False,False,1.586269630016832,0.8741362228049148,2.8031186553374807,False,1.1102230246251565e-16,0.0,1.0464553272320092,1.4658611462442497,False,True,False,False,0.2584966252256736,-0.3016857821874921,large_wrapped_step;high_unwrapped_RMSE,high_circular_RMS,alternative_minimum;high_circular_RMS,0.901293718694766,False,False,0.6035488865642751,False,False,2.839232310594122,False,True,2.2971235864486146,False,True
123,61,-0.0916297857297023,-0.03866575573648976,0.09945379982456702,63.17692554998303,-157.12132410105644,282.71439959894354,70868.4928099333,0.04114919405200744,0.31329930719374804,0.19146339581016278,False,False,False,below_power_or_outside_canonical_band_or_zero,False,,,,False,False,False,False,,,,,,,,,,,,,,,,,,,,,,,,,,,,,
123,62,-0.0916297857297023,-0.02899931680236732,0.09610919835205796,65.37548345959173,-162.4382790727536,277.3974446272464,62944.99236749081,0.03654848018961904,0.29462967621493696,0.5090406812914261,False,False,False,below_power_or_outside_canonical_band_or_zero,False,,,,False,False,False,False,,,,,,,,,,,,,,,,,,,,,,,,,,,,,
123,63,-0.0916297857297023,-0.01933287786824488,0.09364709178367275,67.0942918515175,-168.0859589608085,271.7497647391915,155439.6570697878,0.09025472898508799,0.1290546110899521,0.5160970689730681,False,True,True,,True,0.6038942538821782,0.6033253810122325,0.7101864927044105,False,False,False,False,1.1165905581017521,0.9252134532449923,1.5561271587821865,True,1.1102230246251565e-16,-1.7763568394002505e-15,0.6086661525779812,0.9916243552494076,False,False,False,False,-0.0005688728699456691,0.10629223882223227,high_unwrapped_RMSE,high_circular_RMS,high_circular_RMS,0.6033253810122325,False,False,0.6244313293807024,False,False,-1.4888712040985472,False,True,-2.6375613214651272,False,True
123,64,-0.0916297857297023,-0.00966643893412244,0.09213825304692005,68.1930153807015,-173.97788438033567,265.8578393196643,98333.32811055347,0.05709641957608736,0.14195073262163005,0.4067577210115621,False,True,True,,True,0.4065201642823985,0.3636082804915531,0.6111504446903503,False,False,False,False,1.0715702363035458,0.858897733496051,2.6471666846817006,False,0.0,0.0,0.8810066787715051,1.2364406774789964,False,False,False,False,-0.04291188379084543,0.20463028040795178,large_wrapped_step;high_unwrapped_RMSE,high_circular_RMS,high_circular_RMS,0.3636082804915531,False,False,0.5505666537694791,False,False,2.887055255844096,False,True,-2.734636453285221,False,True
123,65,-0.0916297857297023,0.0,0.0916297857297023,68.57142857142857,180.0,259.8357237,73379.05028336574,0.04260692812475053,0.11160276804311618,0.015357739636847681,False,False,False,below_power_or_outside_canonical_band_or_zero,False,,,,False,False,False,False,,,,,,,,,,,,,,,,,,,,,,,,,,,,,
123,66,-0.0916297857297023,0.00966643893412244,0.09213825304692005,68.1930153807015,173.97788438033567,253.81360808033565,280729.6727986615,0.16300332240915832,0.16155621602453343,0.038595277858835125,False,True,True,,True,0.7407560941494852,0.7384038150103613,0.7453310327033901,True,False,False,False,0.4727559408812057,0.9904615767396867,2.289062735333446,True,1.1102230246251565e-16,3.552713678800501e-15,0.6671952792380348,0.5748704111499813,False,False,False,False,-0.0023522791391238362,0.004574938553904895,,high_circular_RMS,high_circular_RMS,0.7384038150103613,False,False,0.7424156439661017,True,False,2.9664973399181216,False,True,2.9777910013874718,False,True
123,67,-0.0916297857297023,0.01933287786824488,0.09364709178367275,67.0942918515175,168.0859589608085,247.92168266080853,56899.71687681993,0.033038341841811626,0.2683080388630161,0.03588061941523876,False,False,False,below_power_or_outside_canonical_band_or_zero,False,,,,False,False,False,False,,,,,,,,,,,,,,,,,,,,,,,,,,,,,
123,68,-0.0916297857297023,0.02899931680236732,0.09610919835205796,65.37548345959173,162.4382790727536,242.2740027727536,31413.076334244364,0.018239738459164222,0.24229743347669946,0.0024111762135687414,False,False,False,below_power_or_outside_canonical_band_or_zero,False,,,,False,False,False,False,,,,,,,,,,,,,,,,,,,,,,,,,,,,,
123,69,-0.0916297857297023,0.03866575573648976,0.09945379982456702,63.17692554998303,157.12132410105644,236.95704780105643,23898.174273183595,0.013876273808917329,0.36764723972234603,0.007062340248010019,False,False,False,below_power_or_outside_canonical_band_or_zero,False,,,,False,False,False,False,,,,,,,,,,,,,,,,,,,,,,,,,,,,,
123,70,-0.0916297857297023,0.04833219467061221,0.1035954568238835,60.65116656477761,152.18958455615365,232.02530825615366,26375.98449742772,0.015314993466959474,0.3788465094871964,0.004200728018094657,False,False,False,below_power_or_outside_canonical_band_or_zero,False,,,,False,False,False,False,,,,,,,,,,,,,,,,,,,,,,,,,,,,,
123,71,-0.0916297857297023,0.05799863360473464,0.10844288419664708,57.940042389372884,147.66753813903912,227.5032618390391,25258.522878234806,0.014666148780264029,0.36447866943567087,0.004123150863527026,False,False,False,below_power_or_outside_canonical_band_or_zero,False,,,,False,False,False,False,,,,,,,,,,,,,,,,,,,,,,,,,,,,,
123,72,-0.0916297857297023,0.06766507253885708,0.11390601246009777,55.16113830585228,143.55555824341292,223.39128194341293,20779.237121872648,0.012065289195211527,0.2994728846967979,0.005128031902558974,False,False,False,below_power_or_outside_canonical_band_or_zero,False,,,,False,False,False,False,,,,,,,,,,,,,,,,,,,,,,,,,,,,,
123,73,-0.0916297857297023,0.07733151147297952,0.11990071017123592,52.403236796565004,139.83710502295818,219.67282872295817,14860.34845749827,0.008628536294655554,0.18141018548776122,0.009692038157525557,False,False,False,below_power_or_outside_canonical_band_or_zero,False,,,,False,False,False,False,,,,,,,,,,,,,,,,,,,,,,,,,,,,,
123,74,-0.0916297857297023,0.08699795040710197,0.12635133955723513,49.72788835636685,136.48535253375238,216.32107623375236,16375.659629435748,0.009508388976586589,0.5754065528595953,0.008393538320862544,False,False,False,below_power_or_outside_canonical_band_or_zero,False,,,,False,False,False,False,,,,,,,,,,,,,,,,,,,,,,,,,,,,,
123,75,-0.0916297857297023,0.09666438934122441,0.13319167316158684,47.174009891420816,133.46839220798898,213.304115907989,24642.039413589402,0.014308192843701597,0.5781577721320532,0.007013729338492335,False,False,False,below_power_or_outside_canonical_band_or_zero,False,,,,False,False,False,False,,,,,,,,,,,,,,,,,,,,,,,,,,,,,
123,76,-0.0916297857297023,0.10633082827534684,0.14036474868923626,44.76327116212339,130.75287042767278,210.58859412767276,17088.7103112058,0.009922415855241463,0.43858438823090695,0.0002089923769302473,False,False,False,below_power_or_outside_canonical_band_or_zero,False,,,,False,False,False,False,,,,,,,,,,,,,,,,,,,,,,,,,,,,,
123,77,-0.0916297857297023,0.11599726720946928,0.1478221351250758,42.50503689358319,128.30628559023984,208.14200929023986,21011.539749024407,0.012200173761038205,0.12148943858494525,0.009642459549054782,False,False,False,below_power_or_outside_canonical_band_or_zero,False,,,,False,False,False,False,,,,,,,,,,,,,,,,,,,,,,,,,,,,,
123,78,-0.0916297857297023,0.12566370614359174,0.15552293938391895,40.40037651081887,126.098283967108,205.934007667108,26189.461129187282,0.015206690242626136,0.02811808813300898,0.013031675725002393,False,False,False,below_power_or_outside_canonical_band_or_zero;low_endpoint_MSC,False,,,,False,False,False,False,,,,,,,,,,,,,,,,,,,,,,,,,,,,,
124,52,-0.08726646259971649,-0.12566370614359174,0.15299281857790153,41.06849828366478,-124.7778313663639,315.0578923336361,30074.818934813935,0.017462690560482528,0.15417027629411648,0.011953774425180483,False,False,False,below_power_or_outside_canonical_band_or_zero,False,,,,False,False,False,False,,,,,,,,,,,,,,,,,,,,,,,,,,,,,
124,53,-0.08726646259971649,-0.11599726720946928,0.14515785026905273,43.28519122826349,-126.95468601090327,312.88103768909673,43923.98563912314,0.025504092678383106,0.4542445773379964,0.006857613466726415,False,False,False,below_power_or_outside_canonical_band_or_zero,False,,,,False,False,False,False,,,,,,,,,,,,,,,,,,,,,,,,,,,,,
124,54,-0.08726646259971649,-0.10633082827534684,0.13755609959717896,45.67725695610261,-129.3759681995605,310.4597555004395,40888.029119065424,0.023741290070003074,0.16121607267221316,0.01820677982598221,False,False,False,below_power_or_outside_canonical_band_or_zero,False,,,,False,False,False,False,,,,,,,,,,,,,,,,,,,,,,,,,,,,,
124,55,-0.08726646259971649,-0.09666438934122441,0.13022841341803845,48.24742268041236,-132.07502205084364,307.7607016491564,56704.57144273243,0.03292503228749154,0.15373212260025862,0.010538855795692092,False,False,False,below_power_or_outside_canonical_band_or_zero,False,,,,False,False,False,False,,,,,,,,,,,,,,,,,,,,,,,,,,,,,
124,56,-0.08726646259971649,-0.08699795040710197,0.12322369443294699,50.99007407701628,-135.08828310349764,304.7474405965024,142155.40276406796,0.08254133849817105,0.20313103846763042,0.007304234596852134,False,True,True,,True,0.5917397020316532,0.980071260997497,0.9174961858866691,False,False,False,False,1.7693252141044704,0.8255029866622038,2.7532857900872396,False,1.1102230246251565e-16,0.0,1.0274980248406569,1.022804213533908,False,False,False,False,0.3883315589658438,0.325756483855016,large_wrapped_step;high_unwrapped_RMSE,high_circular_RMS,high_circular_RMS,0.980071260997497,False,False,0.9820767487783902,False,False,-1.256387485686465,False,True,3.1256094844058793,False,True
124,57,-0.08726646259971649,-0.07733151147297952,0.11660016364209477,53.88659081530862,-138.45411908348623,301.38160461651375,319503.7688721264,0.18551717504318174,0.061711796581860226,0.007351360309447604,False,True,False,low_endpoint_MSC,True,0.9029663792636571,0.8943954809528871,0.929698454602475,False,False,False,False,1.017962411809073,0.970827227522371,2.7360232111694733,False,2.220446049250313e-16,-1.7763568394002505e-15,0.8922259702804152,0.925117279483533,False,False,False,False,-0.008570898310769959,0.02673207533881794,large_wrapped_step;high_unwrapped_RMSE,high_circular_RMS,high_circular_RMS,0.8943954809528871,False,False,0.9526183431974261,False,False,3.177587156791027,False,True,3.1544213939144754,False,True
124,58,-0.08726646259971649,-0.06766507253885708,0.11042643495267113,56.899286025783276,-142.21055061178254,297.6251730882175,75957.17286821805,0.04410389331093664,0.03446698695947178,0.040056787782653494,False,False,False,below_power_or_outside_canonical_band_or_zero;low_endpoint_MSC,False,,,,False,False,False,False,,,,,,,,,,,,,,,,,,,,,,,,,,,,,
124,59,-0.08726646259971649,-0.05799863360473464,0.10478204519231323,59.96433163379902,-146.3913763132857,293.4443473867143,106382.51205679556,0.061770110507437234,0.00653169922999574,0.061423933235656904,False,True,False,low_endpoint_MSC,True,0.5282682277794193,0.4632978874706466,0.7272456089857129,False,False,False,False,1.2768204180521776,0.8786396337062219,2.9751155639168902,False,0.0,2.6645352591003757e-15,1.1543271983808068,1.2286557336885557,False,False,False,False,-0.06497034030877269,0.1989773812062936,large_wrapped_step;high_unwrapped_RMSE,high_circular_RMS,high_circular_RMS,0.4632978874706466,False,False,0.6826199511322646,False,False,-1.532169788447632,False,True,1.8648063480765182,False,True
124,60,-0.08726646259971649,-0.04833219467061221,0.0997568871624695,62.98497763814992,-151.02029230207123,288.81543139792876,92839.29195896919,0.05390635371231048,0.39711691298112767,0.12871271408705476,False,True,True,,True,0.26214364937851165,0.3913786382759392,0.273294409692418,False,False,False,False,1.0526796940217982,0.7239729783954092,2.874272728755868,False,1.1102230246251565e-16,0.0,0.9808808006240701,1.2563501494545046,False,False,False,False,0.12923498889742757,0.011150760313906383,large_wrapped_step;high_unwrapped_RMSE,high_circular_RMS,high_circular_RMS,0.3913786382759392,False,False,0.4235535095605545,False,False,2.5352791301712925,False,True,2.4075570925890237,False,True
124,61,-0.08726646259971649,-0.03866575573648976,0.09544881435272838,65.82779838375208,-156.10297318432757,283.7327505156724,99244.08142992423,0.05762524082776558,0.25757315256207636,0.38111502942414416,False,True,True,,True,0.2097330763006451,0.4004495658084513,0.6130542386724402,False,False,False,False,1.4139465250502392,0.48202022054113614,2.7208283011170242,False,2.7755575615628914e-17,0.0,0.8526014242849734,1.0045264653452752,False,False,False,False,0.1907164895078062,0.40332116237179516,large_wrapped_step;high_unwrapped_RMSE,high_circular_RMS,high_circular_RMS,0.4004495658084513,False,False,0.5687124199261938,False,False,2.8609367958103364,False,True,2.84534167748043,False,True
124,62,-0.08726646259971649,-0.02899931680236732,0.09195866391847905,68.32619178492635,-161.61795585226704,278.21776784773294,201506.1267049234,0.1170028369685755,0.16295583217117549,0.485982077504536,False,True,True,,True,0.20362716716081466,0.6068444125571071,0.579443532220994,False,False,False,False,1.2566678945149048,0.5261765656746922,2.753174216957974,False,2.7755575615628914e-17,1.7763568394002505e-15,0.8459649314659614,0.9071631043095489,False,False,False,False,0.40321724539629245,0.37581636506017935,large_wrapped_step;high_unwrapped_RMSE,high_circular_RMS,high_circular_RMS,0.6068444125571071,False,False,0.5437248978791751,False,False,-1.6747182242635483,False,True,-2.755044492032113,False,True
124,63,-0.08726646259971649,-0.01933287786824488,0.08938230060440484,70.29563196172582,-167.50853068863424,272.32719301136575,376275.9956705569,0.21848149084369708,0.03735061202680757,0.48497753391681636,False,True,False,low_endpoint_MSC,True,0.6235154156195954,0.6271774818880661,0.6275593322951192,True,True,True,False,0.34621404808337874,0.9927630426008157,1.1802584543367782,True,1.1102230246251565e-16,1.7763568394002505e-15,0.33764706811546746,0.4433340751134888,False,False,False,False,0.003662066268470654,0.004043916675523729,,,,0.6271774818880661,True,False,0.6170486543941286,True,False,-1.6128982384194837,False,True,-2.7144178090893294,False,True
124,64,-0.08726646259971649,-0.00966643893412244,0.08780020237069408,71.56231008046953,-173.67915839841118,266.15656530158884,61696.77145189463,0.03582371121769528,0.13015004733857802,0.36485757497184124,False,False,False,below_power_or_outside_canonical_band_or_zero,False,,,,False,False,False,False,,,,,,,,,,,,,,,,,,,,,,,,,,,,,
124,65,-0.08726646259971649,0.0,0.08726646259971649,71.99999999999999,180.0,259.8357237,110893.71644923088,0.06438950337995744,0.0543084654215636,0.07807009356884438,False,True,False,low_endpoint_MSC,True,0.7787983004358152,0.7178488662406989,0.7688673016238732,False,False,False,False,0.563106387413328,0.9877901301953133,2.3171288683877758,True,0.0,3.552713678800501e-15,0.6820080129851329,0.7326742914399831,False,False,False,False,-0.06094943419511634,-0.009930998811942038,high_unwrapped_RMSE,high_circular_RMS,high_circular_RMS,0.7178488662406989,False,False,0.7272661245333782,False,False,-1.4436081184422853,False,True,-2.576130723757025,False,True
124,66,-0.08726646259971649,0.00966643893412244,0.08780020237069408,71.56231008046953,173.67915839841118,253.5148820984112,263058.9089151621,0.15274294204465022,0.056512225671558725,0.009683496120645979,False,True,False,low_endpoint_MSC,True,0.769779683132591,0.848193064020566,0.7669723108617231,True,True,False,False,0.4984556585740779,0.9901836204167714,1.8086074587799545,True,1.1102230246251565e-16,-3.552713678800501e-15,0.47703991331795315,0.6149083637459667,False,False,False,False,0.078413380887975,-0.002807372270867914,,,high_circular_RMS,0.848193064020566,True,False,0.7819362033325747,False,False,2.9909021302135432,False,True,2.9961024507384537,False,True
124,67,-0.08726646259971649,0.01933287786824488,0.08938230060440484,70.29563196172582,167.50853068863424,247.34425438863423,16750.954413326792,0.009726300735066574,0.07742381855758985,0.03807187749625824,False,False,False,below_power_or_outside_canonical_band_or_zero;low_endpoint_MSC,False,,,,False,False,False,False,,,,,,,,,,,,,,,,,,,,,,,,,,,,,
124,68,-0.08726646259971649,0.02899931680236732,0.09195866391847905,68.32619178492635,161.61795585226704,241.45367955226703,26185.933105564487,0.015204641725394877,0.559664502020024,0.02337822410054082,False,False,False,below_power_or_outside_canonical_band_or_zero,False,,,,False,False,False,False,,,,,,,,,,,,,,,,,,,,,,,,,,,,,
124,69,-0.08726646259971649,0.03866575573648976,0.09544881435272838,65.82779838375208,156.10297318432757,235.93869688432756,34020.5133550961,0.01975372482595736,0.48304781043493084,0.0014295335502025486,False,False,False,below_power_or_outside_canonical_band_or_zero,False,,,,False,False,False,False,,,,,,,,,,,,,,,,,,,,,,,,,,,,,
124,70,-0.08726646259971649,0.04833219467061221,0.0997568871624695,62.98497763814992,151.02029230207123,230.85601600207121,22577.45254044901,0.013109407847554856,0.4843330114053568,0.009207764474843946,False,False,False,below_power_or_outside_canonical_band_or_zero,False,,,,False,False,False,False,,,,,,,,,,,,,,,,,,,,,,,,,,,,,
124,71,-0.08726646259971649,0.05799863360473464,0.10478204519231323,59.96433163379902,146.3913763132857,226.22710001328568,29300.105886337504,0.017012859947435954,0.48447609048920215,0.006889509249642214,False,False,False,below_power_or_outside_canonical_band_or_zero,False,,,,False,False,False,False,,,,,,,,,,,,,,,,,,,,,,,,,,,,,
124,72,-0.08726646259971649,0.06766507253885708,0.11042643495267113,56.899286025783276,142.21055061178254,222.04627431178255,23329.330119850798,0.013545979237624284,0.5891482147087146,0.003215855320473981,False,False,False,below_power_or_outside_canonical_band_or_zero,False,,,,False,False,False,False,,,,,,,,,,,,,,,,,,,,,,,,,,,,,
124,73,-0.08726646259971649,0.07733151147297952,0.11660016364209477,53.88659081530862,138.45411908348623,218.28984278348622,21636.84303342852,0.012563250851732249,0.19246891264746674,0.0012833648003036764,False,False,False,below_power_or_outside_canonical_band_or_zero,False,,,,False,False,False,False,,,,,,,,,,,,,,,,,,,,,,,,,,,,,
124,74,-0.08726646259971649,0.08699795040710197,0.12322369443294699,50.99007407701628,135.08828310349764,214.92400680349766,19618.8288197886,0.011391507878455146,0.40174921412854286,0.010390168150322229,False,False,False,below_power_or_outside_canonical_band_or_zero,False,,,,False,False,False,False,,,,,,,,,,,,,,,,,,,,,,,,,,,,,
124,75,-0.08726646259971649,0.09666438934122441,0.13022841341803845,48.24742268041236,132.07502205084364,211.91074575084366,18783.937862923907,0.010906735469248837,0.3491675707592436,0.0013318506455342481,False,False,False,below_power_or_outside_canonical_band_or_zero,False,,,,False,False,False,False,,,,,,,,,,,,,,,,,,,,,,,,,,,,,
124,76,-0.08726646259971649,0.10633082827534684,0.13755609959717896,45.67725695610261,129.3759681995605,209.2116918995605,21320.90362444946,0.01237980329226992,0.35968836971046336,0.007747335458168901,False,False,False,below_power_or_outside_canonical_band_or_zero,False,,,,False,False,False,False,,,,,,,,,,,,,,,,,,,,,,,,,,,,,
124,77,-0.08726646259971649,0.11599726720946928,0.14515785026905273,43.28519122826349,126.95468601090327,206.79040971090328,13627.720174776472,0.007912821053811565,0.19602968535198143,0.00812042547047822,False,False,False,below_power_or_outside_canonical_band_or_zero,False,,,,False,False,False,False,,,,,,,,,,,,,,,,,,,,,,,,,,,,,
124,78,-0.08726646259971649,0.12566370614359174,0.15299281857790153,41.06849828366478,124.7778313663639,204.61355506636392,27409.812779895965,0.015915277160389124,0.04873973178172823,0.01373070892110852,False,False,False,below_power_or_outside_canonical_band_or_zero;low_endpoint_MSC,False,,,,False,False,False,False,,,,,,,,,,,,,,,,,,,,,,,,,,,,,
125,52,-0.08290313946973066,-0.12566370614359174,0.1505466624528109,41.73579941799813,-123.4137234653715,316.4220002346285,49997.04755333264,0.0290303649792191,0.12081824990507321,0.03160852226138677,False,False,False,below_power_or_outside_canonical_band_or_zero,False,,,,False,False,False,False,,,,,,,,,,,,,,,,,,,,,,,,,,,,,
125,53,-0.08290313946973066,-0.11599726720946928,0.14257733527458924,44.06861227332394,-125.55335722333633,314.2823664766637,44440.65858897189,0.025804094479349438,0.30931795850836213,0.0029033414003532486,False,False,False,below_power_or_outside_canonical_band_or_zero,False,,,,False,False,False,False,,,,,,,,,,,,,,,,,,,,,,,,,,,,,
125,54,-0.08290313946973066,-0.10633082827534684,0.13483017309066583,46.6007360455919,-127.94253464581796,311.893189054182,33917.90438247027,0.019694145789369386,0.012518131762453269,0.018709733218064187,False,False,False,below_power_or_outside_canonical_band_or_zero;low_endpoint_MSC,False,,,,False,False,False,False,,,,,,,,,,,,,,,,,,,,,,,,,,,,,
125,55,-0.08290313946973066,-0.09666438934122441,0.12734572902398192,49.339584101766995,-130.6176742270377,309.2180494729623,54920.42693106451,0.03188908378884989,0.09129068711312333,0.010014384244914347,False,False,False,below_power_or_outside_canonical_band_or_zero,False,,,,False,False,False,False,,,,,,,,,,,,,,,,,,,,,,,,,,,,,
125,56,-0.08290313946973066,-0.08699795040710197,0.12017309977267869,52.28445732917731,-133.6193733426239,306.2163503573761,51387.98706790457,0.029838002304782528,0.4313425340257347,0.002472034819324659,False,False,False,below_power_or_outside_canonical_band_or_zero,False,,,,False,False,False,False,,,,,,,,,,,,,,,,,,,,,,,,,,,,,
125,57,-0.08290313946973066,-0.07733151147297952,0.11337148318970329,55.421214668824604,-136.9914681573982,302.8442555426018,87958.39653908643,0.05107230285533842,0.2773417347525195,0.023705472139389075,False,True,True,,True,0.7659206493717121,0.7326075636232722,0.8501027986195486,False,False,False,False,2.0917731006745033,0.8500866760269385,3.0555916317880585,False,0.0,1.7763568394002505e-15,1.2796911656136887,1.115172766462451,False,False,False,False,-0.03331308574843994,0.08418214924783651,large_wrapped_step;high_unwrapped_RMSE,high_circular_RMS,high_circular_RMS,0.7326075636232722,False,False,0.8705644809708554,False,False,-1.4035405920747603,False,True,3.0894302271943204,False,True
125,58,-0.08290313946973066,-0.06766507253885708,0.10701164691577456,58.71496690565729,-140.77887160837204,299.05685209162795,100978.76906116,0.058632472604921874,0.27636906999298305,0.020475985220125628,False,True,True,,True,0.3236950732159205,0.4683381401673113,0.6306827677850353,False,False,False,False,2.089169172959523,0.5038046763194273,2.6998654970780818,False,0.0,0.0,1.2175144996111666,1.4173599169391509,False,False,False,False,0.1446430669513908,0.3069876945691148,large_wrapped_step;high_unwrapped_RMSE,high_circular_RMS,high_circular_RMS,0.4683381401673113,False,False,0.4758768352373201,False,False,-1.4568444324270857,False,True,2.850844566932215,False,True
125,59,-0.08290313946973066,-0.05799863360473464,0.10117693429805959,62.100965509290866,-145.02355099888194,294.8121727011181,52689.35609139501,0.03059363127835897,0.2451074697477623,0.09077138716010466,False,False,False,below_power_or_outside_canonical_band_or_zero,False,,,,False,False,False,False,,,,,,,,,,,,,,,,,,,,,,,,,,,,,
125,60,-0.08290313946973066,-0.04833219467061221,0.09596317822798267,65.4749605338459,-149.75798775547943,290.07773594452055,284373.54205936,0.16511910443532285,0.48781458891436125,0.10576562099353252,False,True,True,,True,0.6324018331545103,0.6503910168803659,0.6814132336413371,False,False,False,False,0.99594203914832,0.9446077716499107,2.9478607562633554,False,1.1102230246251565e-16,0.0,0.8186407164279031,0.6627524327553099,False,False,False,False,0.017989183725855673,0.04901140048682684,large_wrapped_step;high_unwrapped_RMSE,high_circular_RMS,high_circular_RMS,0.6503910168803659,False,False,0.651026662299914,False,False,2.9043817061684716,False,True,2.9150733927704766,False,True
125,61,-0.08290313946973066,-0.03866575573648976,0.09147661559443213,68.68624583835197,-154.9958067432447,284.8399169567553,122269.80490983395,0.07099493342449968,0.19377687274107525,0.4414199537751386,False,True,True,,True,0.6770456540013442,0.724278406445039,0.6766150032948,True,False,False,False,0.47972352337164864,0.9882689548473258,2.024316361776739,True,0.0,-1.7763568394002505e-15,0.6680021434883026,0.7106829453041242,False,False,False,False,0.04723275244369485,-0.0004306507065442444,,high_circular_RMS,high_circular_RMS,0.724278406445039,False,False,0.6652576585739061,False,False,2.9010064366173456,False,True,2.9082933550355334,False,True
125,62,-0.08290313946973066,-0.02899931680236732,0.08782875900832071,71.53904231510695,-160.72028702617484,279.1154366738252,125649.85185010197,0.07295752924014665,0.1589344852019426,0.5365097137249764,False,True,True,,True,0.6360250597733142,0.7018615740535739,0.6358150221227457,False,False,False,False,0.7091336051854121,0.9714476081482313,2.773552804208509,False,1.1102230246251565e-16,0.0,0.8982160313767713,0.957483226128421,False,False,False,False,0.0658365142802596,-0.00021003765056859525,large_wrapped_step;high_unwrapped_RMSE,high_circular_RMS,high_circular_RMS,0.7018615740535739,False,False,0.6552907774988082,False,False,2.8700235980668745,False,True,2.8624477679575637,False,True
125,63,-0.08290313946973066,-0.01933287786824488,0.08512749673640171,73.80911630275635,-166.87331089628634,272.9624128037137,213538.68025284848,0.12398943794247598,0.05695541211602264,0.4076671549212181,False,True,False,low_endpoint_MSC,True,0.4341252146958948,0.5966035058314462,0.7163935482891898,False,False,False,False,1.4469800665343926,0.7919725532103867,2.9191016939935888,False,5.551115123125783e-17,1.7763568394002505e-15,0.6183659907682707,0.6682803294754148,False,False,False,False,0.16247829113555134,0.28226833359329495,large_wrapped_step;high_unwrapped_RMSE,high_circular_RMS,high_circular_RMS,0.5966035058314462,False,False,0.6605226184068984,False,False,2.9274824299446407,False,True,2.9565011437405855,False,True
125,64,-0.08290313946973066,-0.00966643893412244,0.08346478644077832,75.27947503511272,-173.3493891801363,266.4863345198637,54637.19813424619,0.03172462937110671,0.028726011164536994,0.407995884448607,False,False,False,below_power_or_outside_canonical_band_or_zero;low_endpoint_MSC,False,,,,False,False,False,False,,,,,,,,,,,,,,,,,,,,,,,,,,,,,
125,65,-0.08290313946973066,0.0,0.08290313946973066,75.78947368421052,180.0,259.8357237,192330.0714144728,0.1116748376728747,0.1436830048530744,0.05122434602594438,False,True,True,,True,0.3174414606865114,0.30818313325654295,0.482195280966728,False,False,False,False,1.4093139283827678,0.6821193993530296,2.4214060235486494,True,5.551115123125783e-17,8.881784197001252e-16,0.8751350363419323,0.913541664336814,False,False,False,False,-0.00925832742996846,0.16475382028021657,high_unwrapped_RMSE,high_circular_RMS,high_circular_RMS,0.30818313325654295,False,False,0.48885586349803667,False,False,2.689962386893794,False,True,0.4898104532542683,False,True
125,66,-0.08290313946973066,0.00966643893412244,0.08346478644077832,75.27947503511272,173.3493891801363,253.18511288013633,281486.0186011854,0.1634424882353873,0.12833987291159205,0.03438423069920807,False,True,True,,True,0.6168765468346362,0.6110771981570078,0.663481221354747,False,False,False,False,0.770585566184157,0.9644183470674986,1.7559579537683383,True,1.1102230246251565e-16,3.552713678800501e-15,0.5707566537971318,0.7647941796976854,False,False,False,False,-0.005799348677628435,0.046604674520110745,high_unwrapped_RMSE,high_circular_RMS,high_circular_RMS,0.6110771981570078,False,False,0.6143920320703082,False,False,2.86475979866997,False,True,2.9066784950933044,False,True
125,67,-0.08290313946973066,0.01933287786824488,0.08512749673640171,73.80911630275635,166.87331089628634,246.70903459628636,42534.49749772482,0.02469729808044087,0.13116178985408564,0.005901117066613911,False,False,False,below_power_or_outside_canonical_band_or_zero,False,,,,False,False,False,False,,,,,,,,,,,,,,,,,,,,,,,,,,,,,
125,68,-0.08290313946973066,0.02899931680236732,0.08782875900832071,71.53904231510695,160.72028702617484,240.55601072617486,57475.263808348434,0.033372528324865834,0.12995403352655438,0.00991733837527715,False,False,False,below_power_or_outside_canonical_band_or_zero,False,,,,False,False,False,False,,,,,,,,,,,,,,,,,,,,,,,,,,,,,
125,69,-0.08290313946973066,0.03866575573648976,0.09147661559443213,68.68624583835197,154.9958067432447,234.83153044324473,23982.913909828643,0.01392547716592332,0.2526079513036106,0.008815512109540615,False,False,False,below_power_or_outside_canonical_band_or_zero,False,,,,False,False,False,False,,,,,,,,,,,,,,,,,,,,,,,,,,,,,
125,70,-0.08290313946973066,0.04833219467061221,0.09596317822798267,65.4749605338459,149.75798775547943,229.59371145547942,32534.415500935946,0.018890834611188508,0.18517781080883777,0.014050092696975835,False,False,False,below_power_or_outside_canonical_band_or_zero,False,,,,False,False,False,False,,,,,,,,,,,,,,,,,,,,,,,,,,,,,
125,71,-0.08290313946973066,0.05799863360473464,0.10117693429805959,62.100965509290866,145.02355099888194,224.85927469888196,15266.104013468,0.008864134844141544,0.16137428480141724,0.011222187501429289,False,False,False,below_power_or_outside_canonical_band_or_zero,False,,,,False,False,False,False,,,,,,,,,,,,,,,,,,,,,,,,,,,,,
125,72,-0.08290313946973066,0.06766507253885708,0.10701164691577456,58.71496690565729,140.77887160837204,220.61459530837203,18707.320249288274,0.010862248096563347,0.32289860556426564,0.00023070591019782636,False,False,False,below_power_or_outside_canonical_band_or_zero,False,,,,False,False,False,False,,,,,,,,,,,,,,,,,,,,,,,,,,,,,
125,73,-0.08290313946973066,0.07733151147297952,0.11337148318970329,55.421214668824604,136.9914681573982,216.8271918573982,20137.004930089024,0.011692382476889923,0.04092403868348129,0.0001472461997323773,False,False,False,below_power_or_outside_canonical_band_or_zero;low_endpoint_MSC,False,,,,False,False,False,False,,,,,,,,,,,,,,,,,,,,,,,,,,,,,
125,74,-0.08290313946973066,0.08699795040710197,0.12017309977267869,52.28445732917731,133.6193733426239,213.4550970426239,24440.74628235894,0.014191313680763094,0.21768321170151872,0.004351788519222597,False,False,False,below_power_or_outside_canonical_band_or_zero,False,,,,False,False,False,False,,,,,,,,,,,,,,,,,,,,,,,,,,,,,
125,75,-0.08290313946973066,0.09666438934122441,0.12734572902398192,49.339584101766995,130.6176742270377,210.4533979270377,22971.3214949603,0.013338104541919643,0.10696188267081305,0.009074338192565742,False,False,False,below_power_or_outside_canonical_band_or_zero,False,,,,False,False,False,False,,,,,,,,,,,,,,,,,,,,,,,,,,,,,
125,76,-0.08290313946973066,0.10633082827534684,0.13483017309066583,46.6007360455919,127.94253464581796,207.77825834581796,15859.731533027376,0.009208819668503107,0.32765750104347247,0.004995506340237691,False,False,False,below_power_or_outside_canonical_band_or_zero,False,,,,False,False,False,False,,,,,,,,,,,,,,,,,,,,,,,,,,,,,
125,77,-0.08290313946973066,0.11599726720946928,0.14257733527458924,44.06861227332394,125.55335722333633,205.38908092333634,22121.526410046066,0.012844678176166927,0.2651465067045094,0.002355707756837827,False,False,False,below_power_or_outside_canonical_band_or_zero,False,,,,False,False,False,False,,,,,,,,,,,,,,,,,,,,,,,,,,,,,
125,78,-0.08290313946973066,0.12566370614359174,0.1505466624528109,41.73579941799813,123.4137234653715,203.24944716537152,16983.600599943024,0.009861384785805538,0.4009922143732129,0.0006386274590683957,False,False,False,below_power_or_outside_canonical_band_or_zero,False,,,,False,False,False,False,,,,,,,,,,,,,,,,,,,,,,,,,,,,,
126,51,-0.07853981633974483,-0.13533014507771415,0.15646964855024123,40.155936728918405,-120.12904264414198,319.70668105585804,24855.251093354833,0.014431992411562485,0.06952544779671219,0.024956547344245354,False,False,False,below_power_or_outside_canonical_band_or_zero;low_endpoint_MSC,False,,,,False,False,False,False,,,,,,,,,,,,,,,,,,,,,,,,,,,,,
126,52,-0.07853981633974483,-0.12566370614359174,0.14818862909286873,42.3999152002544,-122.0053832080835,317.8303404919165,44112.95690168033,0.02561381725195452,0.0968314779923084,0.023214430552572416,False,False,False,below_power_or_outside_canonical_band_or_zero,False,,,,False,False,False,False,,,,,,,,,,,,,,,,,,,,,,,,,,,,,
126,53,-0.07853981633974483,-0.11599726720946928,0.14008521960130507,44.852592765047504,-124.10127419424715,315.7344495057529,48695.02908158383,0.028274358908975988,0.25672822269051593,0.0025806572258141648,False,False,False,below_power_or_outside_canonical_band_or_zero,False,,,,False,False,False,False,,,,,,,,,,,,,,,,,,,,,,,,,,,,,
126,54,-0.07853981633974483,-0.10633082827534684,0.1321920867238359,47.53072186768536,-126.4509231795813,313.3848005204187,46449.21874957846,0.02697034803628054,0.0024481849106812864,0.02864342916602679,False,False,False,below_power_or_outside_canonical_band_or_zero;low_endpoint_MSC,False,,,,False,False,False,False,,,,,,,,,,,,,,,,,,,,,,,,,,,,,
126,55,-0.07853981633974483,-0.09666438934122441,0.12454921484053068,50.44741000755726,-129.0938588862295,310.7418648137705,42516.46323507618,0.024686826637576917,0.0897208555524743,0.0014550136206710519,False,False,False,below_power_or_outside_canonical_band_or_zero;low_endpoint_MSC,False,,,,False,False,False,False,,,,,,,,,,,,,,,,,,,,,,,,,,,,,
126,56,-0.07853981633974483,-0.08699795040710197,0.1172055720762346,53.60824742268041,-132.07502205084364,307.7607016491564,145241.56976132866,0.08433329539766056,0.29070476361270614,0.022742465863533512,False,True,True,,True,-0.09758910216953456,0.6006218794781076,0.888780188511648,False,False,False,False,3.29451220451906,0.035783238794660166,2.650811401675801,False,4.163336342344337e-17,8.881784197001252e-16,1.3029934013227513,1.311348627013499,False,False,False,False,0.6982109816476422,0.9863692906811825,large_wrapped_step;high_unwrapped_RMSE,high_circular_RMS,high_circular_RMS,0.6006218794781076,False,False,0.9650635159521761,False,False,-1.2753034730470008,False,True,3.103879307136375,False,True
126,57,-0.07853981633974483,-0.07733151147297952,0.11022098446927614,57.0053455558729,-135.44414443311192,304.3915792668881,134169.57098663438,0.07790443247058525,0.17381817990413362,0.0016751253337933957,False,True,True,,True,0.4579823172034166,0.8113001310750648,0.874599513132946,False,False,False,False,2.002793836915648,0.688630159046161,2.582867588179297,False,1.1102230246251565e-16,0.0,1.1478206854666122,1.2202225939882985,False,False,False,False,0.35331781387164823,0.41661719592952945,large_wrapped_step;high_unwrapped_RMSE,high_circular_RMS,high_circular_RMS,0.8113001310750648,False,False,1.011773049658934,False,False,3.0827157028313783,False,True,-2.4716507518711444,False,True
126,58,-0.07853981633974483,-0.06766507253885708,0.1036680509721758,60.60869523693442,-139.2538364361192,300.5818872638808,88712.50213425304,0.05151016792401483,0.12024404904277286,0.0017583700327704628,False,True,True,,True,-0.056134658620532525,0.3307529781452481,0.590420687822462,False,False,False,False,2.527820768190171,0.02043098119553055,2.6837454074393503,False,1.3877787807814457e-17,4.440892098500626e-16,1.1334239959287986,1.4040342378457027,False,False,False,False,0.38688763676578064,0.6465553464429946,large_wrapped_step;high_unwrapped_RMSE,high_circular_RMS,high_circular_RMS,0.3307529781452481,False,False,0.4091812475093166,False,False,3.0419674727740995,False,True,-2.77338886931544,False,True
126,59,-0.07853981633974483,-0.05799863360473464,0.09763372496579807,64.35466135682768,-143.55555824341292,296.2801654565871,21730.449434111484,0.012617602620670581,0.11020700399911838,0.13196401887828293,False,False,False,below_power_or_outside_canonical_band_or_zero,False,,,,False,False,False,False,,,,,,,,,,,,,,,,,,,,,,,,,,,,,
126,60,-0.07853981633974483,-0.04833219467061221,0.09221986658176645,68.1326653363635,-148.39249775375112,291.4432259462489,251279.83739475807,0.14590352327719422,0.2551054456356035,0.06665071508726313,False,True,True,,True,0.6318196893280715,0.6617733111704317,0.6854855639059475,False,False,False,False,0.9351567855213402,0.9507545194670235,3.082231338529855,False,0.0,0.0,0.7662786179773354,0.687893804295025,False,False,False,False,0.029953621842360167,0.05366587457787597,large_wrapped_step;high_unwrapped_RMSE,high_circular_RMS,high_circular_RMS,0.6617733111704317,False,False,0.6721024896665756,False,False,-1.5368839722429937,False,True,2.914390570381113,False,True
126,61,-0.07853981633974483,-0.03866575573648976,0.08754166674992395,71.7736540832431,-153.78862198216848,286.04710171783154,210749.98853560956,0.12237020756132971,0.08589073281862077,0.44313905938967324,False,True,False,low_endpoint_MSC,True,0.6211392329613927,0.6249707803100517,0.6234939224437227,True,True,True,False,0.33384559148116255,0.993216206812313,1.4134148251428467,True,0.0,-1.7763568394002505e-15,0.404304909985075,0.43912329238507375,False,False,False,False,0.0038315473486589813,0.0023546894823299747,,,,0.6249707803100517,True,False,0.6379214817525812,True,False,-1.5923755829503414,False,True,-0.49604964237938803,False,True
126,62,-0.07853981633974483,-0.02899931680236732,0.08372253654593195,75.04771793115104,-159.7343025290525,280.1014211709475,129123.35413336229,0.07497438911435489,0.1267177419385397,0.4837749638566557,False,True,True,,True,0.42471330773750815,0.3325735943579876,0.2930300909582863,False,False,False,False,1.5981967936624535,0.7491764447940883,2.82783402916945,False,0.0,-1.7763568394002505e-15,1.0042560682008959,1.3365718722797977,False,False,False,False,-0.09213971337952054,-0.13168321677922185,large_wrapped_step;high_unwrapped_RMSE,high_circular_RMS,high_circular_RMS,0.3325735943579876,False,False,0.23996694258776377,False,False,-1.9316133188346554,False,True,2.5335602289818286,False,True
126,63,-0.07853981633974483,-0.01933287786824488,0.08088425630089777,77.68119031478128,-166.17134902771986,273.66437467228013,193109.2194531759,0.11212724342567972,0.04599663877368294,0.22592416158769632,False,True,False,low_endpoint_MSC,True,0.4895159429181844,0.5541212627972011,0.5279289886055715,False,False,False,False,0.7660145950578489,0.9452716358373503,2.9813940420733513,False,0.0,0.0,0.6034296464365896,0.6413999837176952,False,False,False,False,0.06460531987901669,0.03841304568738707,large_wrapped_step;high_unwrapped_RMSE,high_circular_RMS,high_circular_RMS,0.5541212627972011,False,False,0.5533384851830625,False,False,-1.7005225591457955,False,True,-0.5893888656392858,False,True
126,64,-0.07853981633974483,-0.00966643893412244,0.0791324383066007,79.4008808730905,-172.98349825527708,266.85222544472293,69360.24188608922,0.04027344084372585,0.06730050821940747,0.28341762322728475,False,False,False,below_power_or_outside_canonical_band_or_zero;low_endpoint_MSC,False,,,,False,False,False,False,,,,,,,,,,,,,,,,,,,,,,,,,,,,,
126,65,-0.07853981633974483,0.0,0.07853981633974483,80.0,180.0,259.8357237,94357.09459517765,0.05478765304200691,0.15552273984801293,0.10940074069985616,False,True,True,,True,0.32883624543455126,0.35113254046287506,0.33992070838710486,False,False,False,False,0.6069707081970889,0.9254505004802226,1.7534731307838634,True,5.551115123125783e-17,0.0,0.7112228691600202,0.7552644034769428,False,False,False,False,0.02229629502832381,0.011084462952553609,high_unwrapped_RMSE,high_circular_RMS,high_circular_RMS,0.35113254046287506,False,False,0.345144183803231,False,False,2.5685258049057,False,True,2.5702758251327555,False,True
126,66,-0.07853981633974483,0.00966643893412244,0.0791324383066007,79.4008808730905,172.98349825527708,252.8192219552771,141931.63285437535,0.08241140838294148,0.122927245163784,0.015635139713767607,False,True,True,,True,0.7128302588456986,0.7577821814238955,0.7221495456826563,False,False,False,False,0.7200016496682968,0.9764463324165221,2.8094332804015845,False,1.1102230246251565e-16,3.552713678800501e-15,0.9404996413260552,0.9613099031065183,False,False,False,False,0.04495192257819691,0.009319286836957708,large_wrapped_step;high_unwrapped_RMSE,high_circular_RMS,high_circular_RMS,0.7577821814238955,False,False,0.6105327586113614,False,False,2.9215649315077523,False,True,2.964348359043882,False,True
126,67,-0.07853981633974483,0.01933287786824488,0.08088425630089777,77.68119031478128,166.17134902771986,246.00707272771984,55098.55533762918,0.03199251254932265,0.05186903937380832,0.011280110911791326,False,False,False,below_power_or_outside_canonical_band_or_zero;low_endpoint_MSC,False,,,,False,False,False,False,,,,,,,,,,,,,,,,,,,,,,,,,,,,,
126,68,-0.07853981633974483,0.02899931680236732,0.08372253654593195,75.04771793115104,159.7343025290525,239.57002622905253,31303.06173526777,0.018175859407947727,0.0685982623532659,0.013574950681906927,False,False,False,below_power_or_outside_canonical_band_or_zero;low_endpoint_MSC,False,,,,False,False,False,False,,,,,,,,,,,,,,,,,,,,,,,,,,,,,
126,69,-0.07853981633974483,0.03866575573648976,0.08754166674992395,71.7736540832431,153.78862198216848,233.6243456821685,24781.662929003265,0.014389264063113551,0.09282873855160514,0.008403999783008584,False,False,False,below_power_or_outside_canonical_band_or_zero,False,,,,False,False,False,False,,,,,,,,,,,,,,,,,,,,,,,,,,,,,
126,70,-0.07853981633974483,0.04833219467061221,0.09221986658176645,68.1326653363635,148.39249775375112,228.22822145375113,24672.56017110193,0.014325914464745036,0.01394986975944292,0.01168489538954692,False,False,False,below_power_or_outside_canonical_band_or_zero;low_endpoint_MSC,False,,,,False,False,False,False,,,,,,,,,,,,,,,,,,,,,,,,,,,,,
126,71,-0.07853981633974483,0.05799863360473464,0.09763372496579807,64.35466135682768,143.55555824341292,223.39128194341293,28478.617133620588,0.016535869415299904,0.05121741938842595,0.014090179115402035,False,False,False,below_power_or_outside_canonical_band_or_zero;low_endpoint_MSC,False,,,,False,False,False,False,,,,,,,,,,,,,,,,,,,,,,,,,,,,,
126,72,-0.07853981633974483,0.06766507253885708,0.1036680509721758,60.60869523693442,139.2538364361192,219.0895601361192,27313.790361490068,0.015859522551088707,0.09555665843892475,0.001919701860768538,False,False,False,below_power_or_outside_canonical_band_or_zero,False,,,,False,False,False,False,,,,,,,,,,,,,,,,,,,,,,,,,,,,,
126,73,-0.07853981633974483,0.07733151147297952,0.11022098446927614,57.0053455558729,135.44414443311192,215.2798681331119,23100.186577053704,0.013412928967547135,0.0588706039930804,0.0036902098877897023,False,False,False,below_power_or_outside_canonical_band_or_zero;low_endpoint_MSC,False,,,,False,False,False,False,,,,,,,,,,,,,,,,,,,,,,,,,,,,,
126,74,-0.07853981633974483,0.08699795040710197,0.1172055720762346,53.60824742268041,132.07502205084364,211.91074575084366,28522.56844491477,0.016561389374389977,0.011252667023549377,0.009074874786166242,False,False,False,below_power_or_outside_canonical_band_or_zero;low_endpoint_MSC,False,,,,False,False,False,False,,,,,,,,,,,,,,,,,,,,,,,,,,,,,
126,75,-0.07853981633974483,0.09666438934122441,0.12454921484053068,50.44741000755726,129.0938588862295,208.92958258622951,20550.875397613807,0.011932692881490277,0.03167397456757309,0.010259167299493981,False,False,False,below_power_or_outside_canonical_band_or_zero;low_endpoint_MSC,False,,,,False,False,False,False,,,,,,,,,,,,,,,,,,,,,,,,,,,,,
126,76,-0.07853981633974483,0.10633082827534684,0.1321920867238359,47.53072186768536,126.4509231795813,206.2866468795813,15108.798681638455,0.00877279682680527,0.29923208797394835,0.02294375580156292,False,False,False,below_power_or_outside_canonical_band_or_zero,False,,,,False,False,False,False,,,,,,,,,,,,,,,,,,,,,,,,,,,,,
126,77,-0.07853981633974483,0.11599726720946928,0.14008521960130507,44.852592765047504,124.10127419424715,203.93699789424716,25787.07728918044,0.014973049451643876,0.16025604587368794,0.0026072948968512617,False,False,False,below_power_or_outside_canonical_band_or_zero,False,,,,False,False,False,False,,,,,,,,,,,,,,,,,,,,,,,,,,,,,
126,78,-0.07853981633974483,0.12566370614359174,0.14818862909286873,42.3999152002544,122.0053832080835,201.8411069080835,13627.145904573224,0.007912487608650045,0.2525028286901661,0.010312090065566132,False,False,False,below_power_or_outside_canonical_band_or_zero,False,,,,False,False,False,False,,,,,,,,,,,,,,,,,,,,,,,,,,,,,
126,79,-0.07853981633974483,0.13533014507771415,0.15646964855024123,40.155936728918405,120.12904264414198,199.964766344142,27401.25209376911,0.01591030647002046,0.104761391768281,0.003773719245873906,False,False,False,below_power_or_outside_canonical_band_or_zero,False,,,,False,False,False,False,,,,,,,,,,,,,,,,,,,,,,,,,,,,,
127,51,-0.074176493209759,-0.13533014507771415,0.15432563076706535,40.71381581885931,-118.72781182399548,321.10791187600455,25697.98551139413,0.014921319060503776,0.10640420695212673,0.0035636451656533338,False,False,False,below_power_or_outside_canonical_band_or_zero,False,,,,False,False,False,False,,,,,,,,,,,,,,,,,,,,,,,,,,,,,
127,52,-0.074176493209759,-0.12566370614359174,0.1459229906034015,43.05822736498332,-120.55240928515973,319.2833144148403,38769.39129656019,0.0225111208449004,0.07075567949520736,0.0024225067930155626,False,False,False,below_power_or_outside_canonical_band_or_zero;low_endpoint_MSC,False,,,,False,False,False,False,,,,,,,,,,,,,,,,,,,,,,,,,,,,,
127,53,-0.074176493209759,-0.11599726720946928,0.13768630340365173,45.634062008036615,-122.5975971634053,317.2381265365947,39257.084056425134,0.022794295542396273,0.12202628011273216,0.007332581436124545,False,False,False,below_power_or_outside_canonical_band_or_zero,False,,,,False,False,False,False,,,,,,,,,,,,,,,,,,,,,,,,,,,,,
127,54,-0.074176493209759,-0.10633082827534684,0.12964720277205646,48.46371670838573,-124.89966653001557,314.93605716998445,37325.703680026454,0.021672855777763254,0.007140099443143787,0.0011870549442223584,False,False,False,below_power_or_outside_canonical_band_or_zero;low_endpoint_MSC,False,,,,False,False,False,False,,,,,,,,,,,,,,,,,,,,,,,,,,,,,
127,55,-0.074176493209759,-0.09666438934122441,0.12184480420440275,51.5671172702541,-127.50123054548821,312.3344931545118,57097.81811884848,0.033153367661142075,0.08142514848768125,0.006817795245965946,False,False,False,below_power_or_outside_canonical_band_or_zero;low_endpoint_MSC,False,,,,False,False,False,False,,,,,,,,,,,,,,,,,,,,,,,,,,,,,
127,56,-0.074176493209759,-0.08699795040710197,0.11432757987438551,54.957739104449466,-130.45168812218787,309.38403557781214,161240.3429578014,0.09362284843812589,0.25984026877949973,0.003287015729061148,False,True,True,,True,0.5703600544043417,0.7286661137106093,0.8601371906785227,False,False,False,False,1.6987209407819626,0.8266304869239622,3.0021930621939292,False,1.1102230246251565e-16,-1.7763568394002505e-15,1.0283394420134053,1.235392384834083,False,False,False,False,0.15830605930626762,0.289777136274181,large_wrapped_step;high_unwrapped_RMSE,high_circular_RMS,high_circular_RMS,0.7286661137106093,False,False,0.9322159479537698,False,False,-1.5217609408563209,False,True,3.1039750705860953,False,True
127,57,-0.074176493209759,-0.07733151147297952,0.10715556360540962,58.63610899679303,-133.80703921777464,306.02868448222534,113738.81547314192,0.06604148618910338,0.21459912343121493,0.007018505133718968,False,True,True,,True,0.9892191209387562,0.9352466950803309,0.8636975226211159,False,False,False,False,1.1343940153431988,0.9698449137801098,2.9733667582628387,False,0.0,0.0,0.9445011834341355,1.109219573277714,False,False,False,False,-0.05397242585842532,-0.12552159831764031,large_wrapped_step;high_unwrapped_RMSE,high_circular_RMS,high_circular_RMS,0.9352466950803309,False,False,0.7631913326125601,False,False,3.0629353582689567,False,True,3.112895353004423,False,True
127,58,-0.074176493209759,-0.06766507253885708,0.10040275985542535,62.57980673267388,-137.62839160997174,302.2073320900283,92469.39646232083,0.053691577004537555,0.34466619308851487,0.043041579077172445,False,True,True,,True,-0.061038109022941996,0.06540935158441134,0.44093102748593527,False,False,False,False,2.95039736816878,0.017780108579060983,2.8491526571026773,False,0.0,6.661338147750939e-16,1.2581285446161943,1.3376715511854613,False,False,False,False,0.12644746060735335,0.5019691365088773,large_wrapped_step;high_unwrapped_RMSE,high_circular_RMS,high_circular_RMS,0.06540935158441134,False,False,0.43019080860352943,False,False,-1.6845851138384444,False,True,-2.923172862644009,False,True
127,59,-0.074176493209759,-0.05799863360473464,0.09415940550424942,66.72923722841502,-141.97813197362632,297.8575917263737,174814.294392693,0.10150444912554152,0.25712304141046166,0.06874578278033773,False,True,True,,True,0.7142145916079322,0.6459341185962983,0.7086322241679376,False,False,False,False,0.5955260487884727,0.9838274516655838,2.8238601140466666,False,0.0,0.0,0.9176115091018323,0.8830628589274839,False,False,False,False,-0.06828047301163387,-0.005582367439994629,large_wrapped_step;high_unwrapped_RMSE,high_circular_RMS,high_circular_RMS,0.6459341185962983,False,False,0.631952542212859,False,False,2.927366267163197,False,True,2.947550823462871,False,True
127,60,-0.074176493209759,-0.04833219467061221,0.08853334505470455,70.96970416397596,-146.91238954987372,292.92333415012627,40473.84262529409,0.023500796167421754,0.3916973653836118,0.08120431481523745,False,False,False,below_power_or_outside_canonical_band_or_zero,False,,,,False,False,False,False,,,,,,,,,,,,,,,,,,,,,,,,,,,,,
127,61,-0.074176493209759,-0.03866575573648976,0.08364922481153854,75.11349114514312,-152.46845700133082,287.3672666986692,322367.4672445364,0.18717995740753587,0.06984809046806649,0.054344754125104415,False,True,False,low_endpoint_MSC,True,0.6192246476491949,0.6250459796459676,0.6140991092752296,True,True,True,False,0.32193399181493276,0.9936498206430359,1.0500110839479706,True,1.1102230246251565e-16,-1.7763568394002505e-15,0.33306539375254757,0.45570958713457566,False,False,False,False,0.005821331996772705,-0.005125538373965344,,,,0.6250459796459676,True,False,0.6158566316667323,True,False,2.848085050531881,False,True,-1.6172642469283376,False,True
127,62,-0.074176493209759,-0.02899931680236732,0.07964365963403168,78.89121790800765,-158.6469753145016,281.1887483854984,238033.60234661555,0.13821220835228984,0.05331314212440818,0.5001903260945827,False,True,False,low_endpoint_MSC,True,0.519331245122073,0.501893554648771,0.5815575786642752,False,False,False,False,1.0890845978503607,0.9058135213246262,2.9991598243829527,False,0.0,0.0,0.7979957880520131,0.9561624826009248,False,False,False,False,-0.017437690473302014,0.062226333542202195,large_wrapped_step;high_unwrapped_RMSE,high_circular_RMS,high_circular_RMS,0.501893554648771,False,False,0.5068195083145244,False,False,0.6152621111619031,False,True,2.812013333542584,False,True
127,63,-0.074176493209759,-0.01933287786824488,0.07665449961721683,81.96759927408571,-165.39179132734222,274.4439323726578,109736.11055566938,0.0637173492581298,0.008523180517731141,0.36056315935041716,False,True,False,low_endpoint_MSC,True,0.4952590841343447,0.5646007632360796,0.5474972608470912,False,False,False,False,0.883650336810063,0.9300005491849991,2.9843964425692375,False,1.1102230246251565e-16,0.0,0.747234956032396,0.8143667619172951,False,False,False,False,0.06934167910173483,0.05223817671274644,large_wrapped_step;high_unwrapped_RMSE,high_circular_RMS,high_circular_RMS,0.5646007632360796,False,False,0.5171681170561687,False,False,2.7770879709285996,False,True,-0.5658377884182467,False,True
127,64,-0.074176493209759,-0.00966643893412244,0.07480369099559554,83.99565881781878,-172.57524221406246,267.26048148593753,70766.47717303332,0.04108995953081626,0.025236662436993886,0.3104648772199847,False,False,False,below_power_or_outside_canonical_band_or_zero;low_endpoint_MSC,False,,,,False,False,False,False,,,,,,,,,,,,,,,,,,,,,,,,,,,,,
127,65,-0.074176493209759,0.0,0.074176493209759,84.70588235294119,180.0,259.8357237,172748.26647338475,0.10030482739806258,0.03965616512126895,0.3420364522415067,False,True,False,low_endpoint_MSC,True,0.48201947617138524,0.5371794225414135,0.4809595608814948,True,False,False,False,0.45615801884059215,0.9792643883964952,1.8502843550421866,True,0.0,1.7763568394002505e-15,0.6865236913095254,0.6503605875732311,False,False,False,False,0.055159946370028246,-0.0010599152898904673,,high_circular_RMS,high_circular_RMS,0.5371794225414135,False,False,0.49262486215372314,False,False,2.7260114538733466,False,True,2.705301623357968,False,True
127,66,-0.074176493209759,0.00966643893412244,0.07480369099559554,83.99565881781878,172.57524221406246,252.41096591406244,119432.05996568903,0.0693472206998916,0.06967795490398457,0.011677920308825918,False,True,False,low_endpoint_MSC,True,0.46638266232350845,0.6131708551844959,0.57304420221886,False,False,False,False,0.97883018284328,0.9056767880069754,2.8371423728945357,False,0.0,-3.552713678800501e-15,1.0214956545689866,1.1174786302074837,False,False,False,False,0.14678819286098743,0.10666153989535154,large_wrapped_step;high_unwrapped_RMSE,high_circular_RMS,high_circular_RMS,0.6131708551844959,False,False,0.5432000372641561,False,False,-1.6021607610881436,False,True,-2.7886314906336565,False,True
127,67,-0.074176493209759,0.01933287786824488,0.07665449961721683,81.96759927408571,165.39179132734222,245.22751502734224,52104.41613926216,0.03025399081692513,0.04174155551004461,0.03549523401106815,False,False,False,below_power_or_outside_canonical_band_or_zero;low_endpoint_MSC,False,,,,False,False,False,False,,,,,,,,,,,,,,,,,,,,,,,,,,,,,
127,68,-0.074176493209759,0.02899931680236732,0.07964365963403168,78.89121790800765,158.6469753145016,238.48269901450158,58938.98732482722,0.034222427068721015,0.13252395488914848,0.022986958216445297,False,False,False,below_power_or_outside_canonical_band_or_zero,False,,,,False,False,False,False,,,,,,,,,,,,,,,,,,,,,,,,,,,,,
127,69,-0.074176493209759,0.03866575573648976,0.08364922481153854,75.11349114514312,152.46845700133082,232.30418070133084,39113.574134730006,0.022710967713877907,0.1566638304689293,0.005984671923782467,False,False,False,below_power_or_outside_canonical_band_or_zero,False,,,,False,False,False,False,,,,,,,,,,,,,,,,,,,,,,,,,,,,,
127,70,-0.074176493209759,0.04833219467061221,0.08853334505470455,70.96970416397596,146.91238954987372,226.7481132498737,30432.354408882926,0.017670290525143822,0.13471648451063847,0.006054835006398263,False,False,False,below_power_or_outside_canonical_band_or_zero,False,,,,False,False,False,False,,,,,,,,,,,,,,,,,,,,,,,,,,,,,
127,71,-0.074176493209759,0.05799863360473464,0.09415940550424942,66.72923722841502,141.97813197362632,221.81385567362634,30514.54784701552,0.017718015453407652,0.12962524015771634,0.01215475541066527,False,False,False,below_power_or_outside_canonical_band_or_zero,False,,,,False,False,False,False,,,,,,,,,,,,,,,,,,,,,,,,,,,,,
127,72,-0.074176493209759,0.06766507253885708,0.10040275985542535,62.57980673267388,137.62839160997174,217.46411530997176,22466.77600570661,0.013045144448905572,0.07903030240014998,0.00134491585170312,False,False,False,below_power_or_outside_canonical_band_or_zero;low_endpoint_MSC,False,,,,False,False,False,False,,,,,,,,,,,,,,,,,,,,,,,,,,,,,
127,73,-0.074176493209759,0.07733151147297952,0.10715556360540962,58.63610899679303,133.80703921777464,213.64276291777463,20382.22669075536,0.011834768428888321,0.3539912729531458,0.00996514052921568,False,False,False,below_power_or_outside_canonical_band_or_zero,False,,,,False,False,False,False,,,,,,,,,,,,,,,,,,,,,,,,,,,,,
127,74,-0.074176493209759,0.08699795040710197,0.11432757987438551,54.957739104449466,130.45168812218787,210.2874118221879,19905.735572338242,0.011558097870246841,0.12116670363984763,0.005436292695556232,False,False,False,below_power_or_outside_canonical_band_or_zero,False,,,,False,False,False,False,,,,,,,,,,,,,,,,,,,,,,,,,,,,,
127,75,-0.074176493209759,0.09666438934122441,0.12184480420440275,51.5671172702541,127.50123054548821,207.33695424548822,26791.32738008812,0.015556158817019205,0.06783186687934604,0.0006655759873811315,False,False,False,below_power_or_outside_canonical_band_or_zero;low_endpoint_MSC,False,,,,False,False,False,False,,,,,,,,,,,,,,,,,,,,,,,,,,,,,
127,76,-0.074176493209759,0.10633082827534684,0.12964720277205646,48.46371670838573,124.89966653001557,204.73539023001558,16364.936026351606,0.00950216240668578,0.23529566455052972,0.0025251987016168477,False,False,False,below_power_or_outside_canonical_band_or_zero,False,,,,False,False,False,False,,,,,,,,,,,,,,,,,,,,,,,,,,,,,
127,77,-0.074176493209759,0.11599726720946928,0.13768630340365173,45.634062008036615,122.5975971634053,202.4333208634053,23096.179241408932,0.01341060214182332,0.03434477314434863,0.0037959856497829176,False,False,False,below_power_or_outside_canonical_band_or_zero;low_endpoint_MSC,False,,,,False,False,False,False,,,,,,,,,,,,,,,,,,,,,,,,,,,,,
127,78,-0.074176493209759,0.12566370614359174,0.1459229906034015,43.05822736498332,120.55240928515973,200.38813298515973,20866.14950249632,0.012115754137726914,0.04311243064330621,0.0009726936605716223,False,False,False,below_power_or_outside_canonical_band_or_zero;low_endpoint_MSC,False,,,,False,False,False,False,,,,,,,,,,,,,,,,,,,,,,,,,,,,,
127,79,-0.074176493209759,0.13533014507771415,0.15432563076706535,40.71381581885931,118.72781182399548,198.56353552399548,26005.821908764778,0.01510006167445563,0.01107244820758213,0.013928980819626983,False,False,False,below_power_or_outside_canonical_band_or_zero;low_endpoint_MSC,False,,,,False,False,False,False,,,,,,,,,,,,,,,,,,,,,,,,,,,,,
128,51,-0.06981317007977318,-0.13533014507771415,0.15227648171448702,41.26169213024198,-117.28798794551551,322.5477357544845,34321.563331868405,0.01992852696189074,0.25113409333763315,0.006701170241869669,False,False,False,below_power_or_outside_canonical_band_or_zero,False,,,,False,False,False,False,,,,,,,,,,,,,,,,,,,,,,,,,,,,,
128,52,-0.06981317007977318,-0.12566370614359174,0.14375411562223292,43.70786380607689,-119.05460409907714,320.78111960092286,24280.768389685614,0.014098423863460201,0.24570534455226892,0.00039927049248432656,False,False,False,below_power_or_outside_canonical_band_or_zero,False,,,,False,False,False,False,,,,,,,,,,,,,,,,,,,,,,,,,,,,,
128,53,-0.06981317007977318,-0.11599726720946928,0.13538554101768902,46.409574168327524,-121.0417099254886,318.7940137745114,29986.52176957216,0.01741142155443042,0.010316563299574415,0.0011490894592624842,False,False,False,below_power_or_outside_canonical_band_or_zero;low_endpoint_MSC,False,,,,False,False,False,False,,,,,,,,,,,,,,,,,,,,,,,,,,,,,
128,54,-0.06981317007977318,-0.10633082827534684,0.12720111539726622,49.39567776238716,-123.2875276889125,316.5481960110875,28196.52745344097,0.0163720764160483,0.02116197392771391,0.0029667434236088763,False,False,False,below_power_or_outside_canonical_band_or_zero;low_endpoint_MSC,False,,,,False,False,False,False,,,,,,,,,,,,,,,,,,,,,,,,,,,,,
128,55,-0.06981317007977318,-0.09666438934122441,0.11923876418052629,52.69414984599226,-125.8376529542783,313.9980707457217,41097.43173123119,0.02386287793481228,0.03851633802285531,0.004221877246256801,False,False,False,below_power_or_outside_canonical_band_or_zero;low_endpoint_MSC,False,,,,False,False,False,False,,,,,,,,,,,,,,,,,,,,,,,,,,,,,
128,56,-0.06981317007977318,-0.08699795040710197,0.11154605368019037,56.3281720857098,-128.74596725608353,311.0897564439165,93081.7499518081,0.05404713490577464,0.12625521682007454,0.0011649986654451172,False,True,True,,True,0.8007416953883831,1.47054959082192,0.7572463481856502,False,False,False,False,2.355082918923588,0.8302038965708215,2.8932679854640213,False,0.0,3.552713678800501e-15,1.4821434278565022,1.574185410307072,False,False,False,False,0.6698078954335368,-0.04349534720273296,large_wrapped_step;high_unwrapped_RMSE,high_circular_RMS,high_circular_RMS,1.47054959082192,False,False,0.39859910516704034,False,False,3.0171097213132594,False,True,-2.5951168437610357,False,True
128,57,-0.06981317007977318,-0.07733151147297952,0.10418273073443074,60.30927835051547,-132.07502205084364,307.7607016491564,113018.99977642478,0.06562353126144133,0.12862618948135277,0.03494110881544529,False,True,True,,True,0.7591539463422751,1.105900530682304,0.8366503611977828,False,False,False,False,1.107504498229464,0.952090151666635,2.1793149823016496,True,0.0,0.0,1.1767324322465367,1.162175952793801,False,False,False,False,0.3467465843400289,0.07749641485550773,high_unwrapped_RMSE,high_circular_RMS,high_circular_RMS,1.105900530682304,False,False,0.8250461150020826,False,False,-1.372943128579341,False,True,3.0593792967094577,False,True
128,58,-0.06981317007977318,-0.06766507253885708,0.09722366357156126,64.62609077217978,-135.89517371021108,303.9405499897889,88804.33191804292,0.05156348811530292,0.3198673849560781,0.11870080424380372,False,True,True,,True,0.6521236439947589,0.6526662036725343,0.661703501434432,False,False,False,False,0.650880597230546,0.9769883595223419,1.707924186417515,True,1.1102230246251565e-16,1.7763568394002505e-15,0.6393526411181067,0.9262536199821216,False,False,False,False,0.0005425596777753894,0.009579857439673156,high_unwrapped_RMSE,high_circular_RMS,high_circular_RMS,0.6526662036725343,False,False,0.6196763565223522,False,False,-1.5795538135971898,False,True,-2.6798690200938893,False,True
128,59,-0.06981317007977318,-0.05799863360473464,0.09076188746717198,69.22713357467556,-140.28124062844512,299.5544830715549,164536.7140394477,0.09553685857052532,0.18732879338435068,0.0035165127527986995,False,True,True,,True,0.737107911266455,0.6299767221552787,0.7251872674903778,False,False,False,False,0.5422654998726305,0.9873655825486296,2.6918004883181625,False,0.0,1.7763568394002505e-15,0.7388769494991828,0.7306292697454448,False,False,False,False,-0.10713118911117636,-0.011920643776077267,large_wrapped_step;high_unwrapped_RMSE,high_circular_RMS,high_circular_RMS,0.6299767221552787,False,False,0.7130641593180072,False,False,-1.4999266480365556,False,True,1.840688415752435,False,True
128,60,-0.06981317007977318,-0.04833219467061221,0.08491101081877009,73.99729724794008,-145.30484646876602,294.530877231234,39350.5101432003,0.02284854261358123,0.35835552356639316,0.015507182316642287,False,False,False,below_power_or_outside_canonical_band_or_zero,False,,,,False,False,False,False,,,,,,,,,,,,,,,,,,,,,,,,,,,,,
128,61,-0.06981317007977318,-0.03866575573648976,0.07980550972997559,78.73122204768741,-151.02029230207123,288.81543139792876,297603.8610512284,0.17280117783607174,0.02052044933079935,0.12816491910957756,False,True,False,low_endpoint_MSC,True,0.6526421557064997,0.6616158208914487,0.633101328520548,False,False,False,False,0.5234658693634462,0.9850174459944715,2.1173171242236504,True,1.1102230246251565e-16,1.7763568394002505e-15,0.5693538744686681,0.7534084224633376,False,False,False,False,0.008973665184948909,-0.019540827185951737,high_unwrapped_RMSE,high_circular_RMS,high_circular_RMS,0.6616158208914487,False,False,0.6243991453796647,False,False,2.858779936478892,False,True,2.8642563773637892,False,True
128,62,-0.06981317007977318,-0.02899931680236732,0.0755965547600643,83.11470446135768,-157.44275336529435,282.39297033470564,146951.49254528465,0.08532614767461898,0.003960169012644179,0.3453482663029209,False,True,False,low_endpoint_MSC,True,0.5067022134408049,0.4066041217051457,0.49926450784117227,False,False,False,False,0.5989201671318777,0.9680233090451347,1.899969297835848,True,0.0,0.0,0.6765018667730495,0.7601697424925971,False,False,False,False,-0.1000980917356592,-0.007437705599632638,high_unwrapped_RMSE,high_circular_RMS,high_circular_RMS,0.4066041217051457,False,False,0.4477926987208519,False,False,-1.7256361519874603,False,True,-2.84279463235202,False,True
128,63,-0.06981317007977318,-0.01933287786824488,0.07244058864514982,86.73570196893023,-164.52136183458165,275.31436186541833,113993.77472073301,0.06618952613095197,0.011214062389724914,0.5711115080104653,False,True,False,low_endpoint_MSC,True,0.46110541307067193,0.5168554224194379,0.4648659984756831,False,False,False,False,0.5118503327617651,0.9716907071181813,1.5500356913897795,True,0.0,3.552713678800501e-15,0.5709431871974663,0.7194025601836234,False,False,False,False,0.055750009348766005,0.0037605854050111742,high_unwrapped_RMSE,high_circular_RMS,high_circular_RMS,0.5168554224194379,False,False,0.5294957359059492,False,False,-1.7290560694600068,False,True,2.6813407323050913,False,True
128,64,-0.06981317007977318,-0.00966643893412244,0.07047920798543678,89.14948800897267,-172.11686068327026,267.71886301672976,147914.244397482,0.08588516143685952,0.035595847585971896,0.6074506628713242,False,True,False,low_endpoint_MSC,True,0.18248033259903346,0.5222187483770818,0.5903444786687718,False,False,False,False,1.4343025805480591,0.40638629523333303,3.0322439156142935,False,0.0,1.7763568394002505e-15,0.8323462288276975,0.8517577896739637,False,False,False,False,0.33973841577804836,0.40786414606973836,large_wrapped_step;high_unwrapped_RMSE,high_circular_RMS,high_circular_RMS,0.5222187483770818,False,False,0.5214424178956037,False,False,2.8499319595509593,False,True,2.8180687866169856,False,True
128,65,-0.06981317007977318,0.0,0.06981317007977318,90.0,180.0,259.8357237,282276.7299665754,0.1639016081365375,0.0711222898014495,0.6233052607310182,False,True,False,low_endpoint_MSC,True,0.35701378123639604,0.42522044888282895,0.5625669784326022,False,False,False,False,1.198161096365087,0.7897004720651212,1.6609505036601149,True,5.551115123125783e-17,-8.881784197001252e-16,0.7576246403869304,1.001930607255347,False,False,False,False,0.0682066676464329,0.20555319719620613,high_unwrapped_RMSE,high_circular_RMS,high_circular_RMS,0.42522044888282895,False,False,0.5350446504624424,False,False,2.799527270797032,False,True,2.795276986993591,False,True
128,66,-0.06981317007977318,0.00966643893412244,0.07047920798543678,89.14948800897267,172.11686068327026,251.95258438327028,54958.98496558149,0.03191147218715911,0.20504498120546447,0.14677674540212762,False,False,False,below_power_or_outside_canonical_band_or_zero,False,,,,False,False,False,False,,,,,,,,,,,,,,,,,,,,,,,,,,,,,
128,67,-0.06981317007977318,0.01933287786824488,0.07244058864514982,86.73570196893023,164.52136183458165,244.35708553458164,34190.48828042529,0.01985241933615535,0.34092758811404333,0.1501408104669268,False,False,False,below_power_or_outside_canonical_band_or_zero,False,,,,False,False,False,False,,,,,,,,,,,,,,,,,,,,,,,,,,,,,
128,68,-0.06981317007977318,0.02899931680236732,0.0755965547600643,83.11470446135768,157.44275336529435,237.27847706529434,63639.68746155767,0.03695184905072071,0.22626300079848324,0.00442026399570851,False,False,False,below_power_or_outside_canonical_band_or_zero,False,,,,False,False,False,False,,,,,,,,,,,,,,,,,,,,,,,,,,,,,
128,69,-0.06981317007977318,0.03866575573648976,0.07980550972997559,78.73122204768741,151.02029230207123,230.85601600207121,30717.503275858522,0.017835859815468057,0.09541114846512617,0.0012687217671297705,False,False,False,below_power_or_outside_canonical_band_or_zero,False,,,,False,False,False,False,,,,,,,,,,,,,,,,,,,,,,,,,,,,,
128,70,-0.06981317007977318,0.04833219467061221,0.08491101081877009,73.99729724794008,145.30484646876602,225.14057016876603,28961.97732671475,0.016816528444355192,0.05941362447961778,0.007072109672418132,False,False,False,below_power_or_outside_canonical_band_or_zero;low_endpoint_MSC,False,,,,False,False,False,False,,,,,,,,,,,,,,,,,,,,,,,,,,,,,
128,71,-0.06981317007977318,0.05799863360473464,0.09076188746717198,69.22713357467556,140.28124062844512,220.11696432844514,25304.970498442046,0.014693118200120151,0.38063824271658747,0.004630749956332967,False,False,False,below_power_or_outside_canonical_band_or_zero,False,,,,False,False,False,False,,,,,,,,,,,,,,,,,,,,,,,,,,,,,
128,72,-0.06981317007977318,0.06766507253885708,0.09722366357156126,64.62609077217978,135.89517371021108,215.73089741021107,29394.070228657944,0.017067419552174314,0.275884668094678,0.007389613907454244,False,False,False,below_power_or_outside_canonical_band_or_zero,False,,,,False,False,False,False,,,,,,,,,,,,,,,,,,,,,,,,,,,,,
128,73,-0.06981317007977318,0.07733151147297952,0.10418273073443074,60.30927835051547,132.07502205084364,211.91074575084366,26915.068215448722,0.015628007891897472,0.32680963067441954,0.03905745144943057,False,False,False,below_power_or_outside_canonical_band_or_zero,False,,,,False,False,False,False,,,,,,,,,,,,,,,,,,,,,,,,,,,,,
128,74,-0.06981317007977318,0.08699795040710197,0.11154605368019037,56.3281720857098,128.74596725608353,208.58169095608355,18028.645169641968,0.010468181122040178,0.2265748164202828,0.0023622856970409033,False,False,False,below_power_or_outside_canonical_band_or_zero,False,,,,False,False,False,False,,,,,,,,,,,,,,,,,,,,,,,,,,,,,
128,75,-0.06981317007977318,0.09666438934122441,0.11923876418052629,52.69414984599226,125.8376529542783,205.6733766542783,20275.375753064465,0.011772726330977848,0.1546292651707197,0.014962159799772582,False,False,False,below_power_or_outside_canonical_band_or_zero,False,,,,False,False,False,False,,,,,,,,,,,,,,,,,,,,,,,,,,,,,
128,76,-0.06981317007977318,0.10633082827534684,0.12720111539726622,49.39567776238716,123.2875276889125,203.1232513889125,20714.915193847795,0.012027941208918203,0.09666362432935918,0.028383730465287898,False,False,False,below_power_or_outside_canonical_band_or_zero,False,,,,False,False,False,False,,,,,,,,,,,,,,,,,,,,,,,,,,,,,
128,77,-0.06981317007977318,0.11599726720946928,0.13538554101768902,46.409574168327524,121.0417099254886,200.8774336254886,27331.3839793245,0.015869738137248943,0.05616211993638272,0.0022729119973249,False,False,False,below_power_or_outside_canonical_band_or_zero;low_endpoint_MSC,False,,,,False,False,False,False,,,,,,,,,,,,,,,,,,,,,,,,,,,,,
128,78,-0.06981317007977318,0.12566370614359174,0.14375411562223292,43.70786380607689,119.05460409907714,198.89032779907714,15949.145891284734,0.009260737363279481,0.32407425725118577,0.004240386222065895,False,False,False,below_power_or_outside_canonical_band_or_zero,False,,,,False,False,False,False,,,,,,,,,,,,,,,,,,,,,,,,,,,,,
128,79,-0.06981317007977318,0.13533014507771415,0.15227648171448702,41.26169213024198,117.28798794551551,197.12371164551553,21158.876609855128,0.012285723669565216,0.1533358994136788,0.0004914862139102386,False,False,False,below_power_or_outside_canonical_band_or_zero,False,,,,False,False,False,False,,,,,,,,,,,,,,,,,,,,,,,,,,,,,
129,51,-0.06544984694978737,-0.13533014507771415,0.15032608101226397,41.79704057253371,-115.80984797084572,324.0258757291543,25044.8348998435,0.014542072653613675,0.07707633854951457,0.0017980448041060285,False,False,False,below_power_or_outside_canonical_band_or_zero;low_endpoint_MSC,False,,,,False,False,False,False,,,,,,,,,,,,,,,,,,,,,,,,,,,,,
129,52,-0.06544984694978737,-0.12566370614359174,0.14168644786109066,44.34570420834898,-117.51200262385147,322.32372107614856,22070.549133203163,0.012815078649298513,0.13410896995158667,0.0006894832560899835,False,False,False,below_power_or_outside_canonical_band_or_zero,False,,,,False,False,False,False,,,,,,,,,,,,,,,,,,,,,,,,,,,,,
129,53,-0.06544984694978737,-0.11599726720946928,0.1331880192277654,47.17530408222893,-119.43326066259243,320.4024630374076,28230.67172886447,0.016391902002277924,0.012175655718160205,0.009626394900201174,False,False,False,below_power_or_outside_canonical_band_or_zero;low_endpoint_MSC,False,,,,False,False,False,False,,,,,,,,,,,,,,,,,,,,,,,,,,,,,
129,54,-0.06544984694978737,-0.10633082827534684,0.12485963121630582,50.32199155141382,-121.61355632267535,318.22216737732464,39871.1765941139,0.023150863207338952,0.04827854045474675,0.017166838656521795,False,False,False,below_power_or_outside_canonical_band_or_zero;low_endpoint_MSC,False,,,,False,False,False,False,,,,,,,,,,,,,,,,,,,,,,,,,,,,,
129,55,-0.06544984694978737,-0.09666438934122441,0.11673768300108757,53.823111318056995,-124.10127419424715,315.7344495057529,44003.10421313733,0.025550032212668956,0.011524968095135825,0.04658539699182503,False,False,False,below_power_or_outside_canonical_band_or_zero;low_endpoint_MSC,False,,,,False,False,False,False,,,,,,,,,,,,,,,,,,,,,,,,,,,,,
129,56,-0.06544984694978737,-0.08699795040710197,0.10886838770178955,57.71358830435132,-126.95468601090327,312.88103768909673,62965.286762013886,0.036560263959038795,0.019910123504844095,0.04361883583018828,False,False,False,below_power_or_outside_canonical_band_or_zero;low_endpoint_MSC,False,,,,False,False,False,False,,,,,,,,,,,,,,,,,,,,,,,,,,,,,
129,57,-0.06544984694978737,-0.07733151147297952,0.10131063681788874,62.01900910438404,-130.2430462723009,309.59267742769913,60436.784281077445,0.03509211026868047,0.23602449170092102,0.07066424591381004,False,False,False,below_power_or_outside_canonical_band_or_zero,False,,,,False,False,False,False,,,,,,,,,,,,,,,,,,,,,,,,,,,,,
129,58,-0.06544984694978737,-0.06766507253885708,0.09413949493936846,66.74335050582476,-134.04660301976602,305.78912068023396,91644.00206521586,0.05321231869285025,0.37596446704431846,0.09735269600544415,False,True,True,,True,0.7449258173904015,0.7615349340445132,0.7306780393690611,False,False,False,False,0.6917424260631969,0.9800192036932048,2.387731273455182,True,2.220446049250313e-16,0.0,0.7794013799398812,0.9432822660011463,False,False,False,False,0.01660911665411169,-0.014247778021340474,high_unwrapped_RMSE,high_circular_RMS,high_circular_RMS,0.7615349340445132,False,False,0.6336902484713338,False,False,-1.527161568990688,False,True,-2.6004286953885902,False,True
129,59,-0.06544984694978737,-0.05799863360473464,0.08745012273157107,71.84878775374483,-138.45411908348623,301.38160461651375,113485.07200029778,0.0658941521766319,0.08958397496167,0.05191836308723,False,True,False,low_endpoint_MSC,True,0.7205258078164958,0.623109359465309,0.7271919894207057,False,False,False,False,0.5478432562434585,0.9865155595126985,2.876598695165171,False,0.0,-1.7763568394002505e-15,0.7826757155165273,0.7597398436213737,False,False,False,False,-0.09741644835118679,0.006666181604209953,large_wrapped_step;high_unwrapped_RMSE,high_circular_RMS,high_circular_RMS,0.623109359465309,False,False,0.7027577279737454,False,False,2.9663034052889246,False,True,2.9593859422370956,False,True
129,60,-0.06544984694978737,-0.04833219467061221,0.0813614374714984,77.2255936281932,-143.5555582434129,296.2801654565871,352011.17927347426,0.20439232937051935,0.08997613612134076,0.06394777763009597,False,True,False,low_endpoint_MSC,True,0.6081769970083545,0.6163686685629267,0.6028979372682102,True,True,True,False,0.3586929830895252,0.9918427450427771,1.3404645089524398,True,0.0,0.0,0.4190722363320548,0.4661504567339864,False,False,False,False,0.008191671554572233,-0.0052790597401443096,,,,0.6163686685629267,True,False,0.611249745347941,True,False,2.839419257341051,False,True,2.830543097898125,False,True
129,61,-0.06544984694978737,-0.03866575573648976,0.07601791323381932,82.65400929717029,-149.42671297608115,290.40901072391887,180061.92173651166,0.10455143978840979,0.06004100841843758,0.33512324821349615,False,True,False,low_endpoint_MSC,True,0.5631546490519852,0.5657107869420772,0.590724411102743,False,False,False,False,0.7035404149157375,0.9644122204237743,2.770029941583262,False,0.0,0.0,0.7692889208762944,0.8009913470789112,False,False,False,False,0.002556137890092014,0.027569762050757785,large_wrapped_step;high_unwrapped_RMSE,high_circular_RMS,high_circular_RMS,0.5657107869420772,False,False,0.6447200200737057,False,False,2.826368637334464,False,True,2.817447012568747,False,True
129,62,-0.06544984694978737,-0.02899931680236732,0.07158661076454628,87.77039784500279,-156.10297318432757,283.7327505156724,393577.58881175285,0.2285275153229444,0.13285181937720209,0.3243827384774562,False,True,True,,True,0.5540466577464761,0.538359380101927,0.5576925666119439,True,True,True,True,0.24867848777587556,0.9952593764673866,1.153399453204849,True,1.1102230246251565e-16,1.7763568394002505e-15,0.3595638599213199,0.3326723781621012,False,False,False,False,-0.015687277644549136,0.003645908865467784,,,,0.538359380101927,True,False,0.5542140030385547,True,False,2.7843405866721436,False,True,1.6739489418549172,False,True
129,63,-0.06544984694978737,-0.01933287786824488,0.06824545869447331,92.06744928345562,-163.54367027796732,276.29205342203267,507143.00295890856,0.29446831749113855,0.1712627449038,0.6567529899548735,False,True,True,,True,0.5365979172092461,0.5742634503151574,0.5392974122608704,True,True,True,True,0.24647091383412553,0.9950365022237585,0.9269891820368169,True,1.1102230246251565e-16,-1.7763568394002505e-15,0.2981965157689542,0.32944184481292055,False,False,False,False,0.03766553310591125,0.0026994950516242566,,,,0.5742634503151574,True,False,0.5523613549004054,True,False,-1.68542468184303,False,True,2.766698597970904,False,True
129,64,-0.06544984694978737,-0.00966643893412244,0.06615982547904513,94.96979869104501,-171.5985894822386,268.2371342177614,725438.37416133,0.4212196880099762,0.005661114724713155,0.7178431921917884,False,True,False,low_endpoint_MSC,True,0.47611770906740647,0.4180500296539515,0.47255744727364335,True,True,False,False,0.45257076403401253,0.979083949371015,0.830446114163733,True,0.0,0.0,0.2534673936084848,0.5414890314612362,False,False,False,False,-0.058067679413454976,-0.00356026179376312,,,high_circular_RMS,0.4180500296539515,True,False,0.4345672316294051,True,False,2.6813396968745287,False,True,-2.8624313871455174,False,True
129,65,-0.06544984694978737,0.0,0.06544984694978737,95.99999999999999,180.0,259.8357237,157795.1720191906,0.09162243892080423,0.0272153932703604,0.755992392377359,False,True,False,low_endpoint_MSC,True,0.024574204857066972,0.30052854734611845,0.45466159294404607,False,False,False,False,2.244412852602665,0.005044772191916125,2.4254820527859393,True,1.0408340855860843e-17,0.0,0.9722863506451614,1.179682977391063,False,False,False,False,0.2759543424890515,0.4300873880869791,high_unwrapped_RMSE,high_circular_RMS,high_circular_RMS,0.30052854734611845,False,False,0.3796562143196381,False,False,-1.7420004641044498,False,True,-1.7738007004729748,False,True
129,66,-0.06544984694978737,0.00966643893412244,0.06615982547904513,94.96979869104501,171.5985894822386,251.4343131822386,60461.16464379061,0.035106266521149856,0.2518720121034659,0.15710382122065158,False,False,False,below_power_or_outside_canonical_band_or_zero,False,,,,False,False,False,False,,,,,,,,,,,,,,,,,,,,,,,,,,,,,
129,67,-0.06544984694978737,0.01933287786824488,0.06824545869447331,92.06744928345562,163.54367027796732,243.3793939779673,34686.76830735863,0.020140580158019946,0.2021901600381755,0.07588115292243598,False,False,False,below_power_or_outside_canonical_band_or_zero,False,,,,False,False,False,False,,,,,,,,,,,,,,,,,,,,,,,,,,,,,
129,68,-0.06544984694978737,0.02899931680236732,0.07158661076454628,87.77039784500279,156.10297318432757,235.93869688432756,24306.99722264365,0.01411365341462397,0.01770165590109253,0.04341383061009518,False,False,False,below_power_or_outside_canonical_band_or_zero;low_endpoint_MSC,False,,,,False,False,False,False,,,,,,,,,,,,,,,,,,,,,,,,,,,,,
129,69,-0.06544984694978737,0.03866575573648976,0.07601791323381932,82.65400929717029,149.42671297608115,229.26243667608117,32025.272385799035,0.018595204945390454,0.14603955718516373,0.018213259264145455,False,False,False,below_power_or_outside_canonical_band_or_zero,False,,,,False,False,False,False,,,,,,,,,,,,,,,,,,,,,,,,,,,,,
129,70,-0.06544984694978737,0.04833219467061221,0.0813614374714984,77.2255936281932,143.5555582434129,223.39128194341288,26414.593589411244,0.015337411511357044,0.05265218862136278,0.0007876100759341749,False,False,False,below_power_or_outside_canonical_band_or_zero;low_endpoint_MSC,False,,,,False,False,False,False,,,,,,,,,,,,,,,,,,,,,,,,,,,,,
129,71,-0.06544984694978737,0.05799863360473464,0.08745012273157107,71.84878775374483,138.45411908348623,218.28984278348622,28385.256065179776,0.016481660096463718,0.4084995597637803,0.004559410816928483,False,False,False,below_power_or_outside_canonical_band_or_zero,False,,,,False,False,False,False,,,,,,,,,,,,,,,,,,,,,,,,,,,,,
129,72,-0.06544984694978737,0.06766507253885708,0.09413949493936846,66.74335050582476,134.04660301976602,213.882326719766,12783.395652690715,0.00742257112433507,0.2788491696589206,0.004725656820284167,False,False,False,below_power_or_outside_canonical_band_or_zero,False,,,,False,False,False,False,,,,,,,,,,,,,,,,,,,,,,,,,,,,,
129,73,-0.06544984694978737,0.07733151147297952,0.10131063681788874,62.01900910438404,130.2430462723009,210.0787699723009,31064.230569382,0.018037184101037246,0.15875978846910196,0.012283283281247606,False,False,False,below_power_or_outside_canonical_band_or_zero,False,,,,False,False,False,False,,,,,,,,,,,,,,,,,,,,,,,,,,,,,
129,74,-0.06544984694978737,0.08699795040710197,0.10886838770178955,57.71358830435132,126.95468601090327,206.79040971090328,20757.73346596008,0.012052803278340865,0.18951264511031554,0.016108521250905897,False,False,False,below_power_or_outside_canonical_band_or_zero,False,,,,False,False,False,False,,,,,,,,,,,,,,,,,,,,,,,,,,,,,
129,75,-0.06544984694978737,0.09666438934122441,0.11673768300108757,53.823111318056995,124.10127419424715,203.93699789424716,13347.270655263086,0.00774998040005025,0.31428186298163663,0.0006734189582922482,False,False,False,below_power_or_outside_canonical_band_or_zero,False,,,,False,False,False,False,,,,,,,,,,,,,,,,,,,,,,,,,,,,,
129,76,-0.06544984694978737,0.10633082827534684,0.12485963121630582,50.32199155141382,121.61355632267535,201.44928002267534,24029.515256599185,0.013952535845814944,0.2670342616818785,0.007868448561411561,False,False,False,below_power_or_outside_canonical_band_or_zero,False,,,,False,False,False,False,,,,,,,,,,,,,,,,,,,,,,,,,,,,,
129,77,-0.06544984694978737,0.11599726720946928,0.1331880192277654,47.17530408222893,119.43326066259243,199.26898436259245,18070.47856313545,0.010492471329979748,0.2561370001761401,0.003654396889229073,False,False,False,below_power_or_outside_canonical_band_or_zero,False,,,,False,False,False,False,,,,,,,,,,,,,,,,,,,,,,,,,,,,,
129,78,-0.06544984694978737,0.12566370614359174,0.14168644786109066,44.34570420834898,117.51200262385147,197.34772632385148,17585.161119384906,0.010210675839799432,0.3922805654477576,0.0027036146744050353,False,False,False,below_power_or_outside_canonical_band_or_zero,False,,,,False,False,False,False,,,,,,,,,,,,,,,,,,,,,,,,,,,,,
129,79,-0.06544984694978737,0.13533014507771415,0.15032608101226397,41.79704057253371,115.80984797084572,195.64557167084573,21480.04968326393,0.01247221011224184,0.40218032249209523,0.002533107783264221,False,False,False,below_power_or_outside_canonical_band_or_zero,False,,,,False,False,False,False,,,,,,,,,,,,,,,,,,,,,,,,,,,,,
130,51,-0.061086523819801536,-0.13533014507771415,0.14847832016541115,42.31719014722049,-114.29388760258507,325.54183609741494,38513.11343247128,0.022362315259477385,0.1531202777621654,0.013210933988553091,False,False,False,below_power_or_outside_canonical_band_or_zero,False,,,,False,False,False,False,,,,,,,,,,,,,,,,,,,,,,,,,,,,,
130,52,-0.061086523819801536,-0.12566370614359174,0.13972448043965008,44.96839270691313,-115.92490150755445,323.91082219244555,25007.95698626621,0.014520659803391293,0.008231861537463001,0.023569763307714077,False,False,False,below_power_or_outside_canonical_band_or_zero;low_endpoint_MSC,False,,,,False,False,False,False,,,,,,,,,,,,,,,,,,,,,,,,,,,,,
130,53,-0.061086523819801536,-0.11599726720946928,0.13109892979140675,47.92705262489058,-117.77220457569202,322.06351912430796,37337.20740904952,0.021679535321226406,0.04251412195872745,0.02048881762537891,False,False,False,below_power_or_outside_canonical_band_or_zero;low_endpoint_MSC,False,,,,False,False,False,False,,,,,,,,,,,,,,,,,,,,,,,,,,,,,
130,54,-0.061086523819801536,-0.10633082827534684,0.1226287422838075,51.23746024107473,-119.87714997176994,319.9585737282301,51711.83616287893,0.030026042556864745,0.043901040209585504,0.0028190854439795903,False,False,False,below_power_or_outside_canonical_band_or_zero;low_endpoint_MSC,False,,,,False,False,False,False,,,,,,,,,,,,,,,,,,,,,,,,,,,,,
130,55,-0.061086523819801536,-0.09666438934122441,0.11434844799602223,54.94770954301151,-122.29061186374423,317.5451118362558,52135.490358159295,0.030272033800664632,0.06888565376291056,0.015265784206461536,False,False,False,below_power_or_outside_canonical_band_or_zero;low_endpoint_MSC,False,,,,False,False,False,False,,,,,,,,,,,,,,,,,,,,,,,,,,,,,
130,56,-0.061086523819801536,-0.08699795040710197,0.10630243067504973,59.10669461911292,-125.07501454435892,314.76070915564105,47973.92701589547,0.027855657061994495,0.24740730079483197,0.008408975419221124,False,False,False,below_power_or_outside_canonical_band_or_zero,False,,,,False,False,False,False,,,,,,,,,,,,,,,,,,,,,,,,,,,,,
130,57,-0.061086523819801536,-0.07733151147297952,0.09854809008338387,63.75755534037478,-128.30628559023984,311.5294381097602,70998.30175171878,0.04122456652182336,0.5299576951974209,0.0038203980073322793,False,False,False,below_power_or_outside_canonical_band_or_zero,False,,,,False,False,False,False,,,,,,,,,,,,,,,,,,,,,,,,,,,,,
130,58,-0.061086523819801536,-0.06766507253885708,0.09115988939262691,68.92488954344624,-132.07502205084364,307.7607016491564,72271.2543755259,0.04196369575202351,0.24144196672303872,0.014581411462497416,False,False,False,below_power_or_outside_canonical_band_or_zero,False,,,,False,False,False,False,,,,,,,,,,,,,,,,,,,,,,,,,,,,,
130,59,-0.061086523819801536,-0.05799863360473464,0.08423422637149007,74.59183253455028,-136.48535253375238,303.3503711662476,57500.45401833329,0.03338715480833935,0.06708703013134008,0.05934042294481427,False,False,False,below_power_or_outside_canonical_band_or_zero;low_endpoint_MSC,False,,,,False,False,False,False,,,,,,,,,,,,,,,,,,,,,,,,,,,,,
130,60,-0.061086523819801536,-0.04833219467061221,0.07789457255845965,80.66268420003298,-141.6486451832689,298.1870785167311,892029.1492832458,0.51794921986486,0.05332610601054447,0.28677348974053635,False,True,False,low_endpoint_MSC,True,0.6028550475208171,0.5941237414308947,0.6015865685306272,True,True,True,False,0.15540696297746906,0.9984312680179827,0.941616898579435,True,0.0,0.0,0.2003883275442913,0.2204950061267805,False,False,False,False,-0.008731306089922342,-0.0012684789901898919,,,,0.5941237414308947,True,False,0.5923294388812613,True,False,2.8280917823647505,False,True,2.8332809875292817,False,True
130,61,-0.061086523819801536,-0.03866575573648976,0.07229525613109805,86.91006358405933,-147.66753813903912,292.16818556096086,406604.73131865537,0.23609161600725515,0.07407551632422293,0.45846487600553204,False,True,False,low_endpoint_MSC,True,0.21193097647557135,0.4415055155600544,0.5102389760504121,False,False,False,False,1.7276946991620556,0.38890754290721086,3.079976319310843,False,0.0,-8.881784197001252e-16,0.803968283796001,0.8248960011058507,False,False,False,False,0.22957453908448305,0.2983079995748408,large_wrapped_step;high_unwrapped_RMSE,high_circular_RMS,high_circular_RMS,0.4415055155600544,False,False,0.49242090267574923,False,False,-1.7386848725596298,False,True,-2.828624339484059,False,True
130,62,-0.061086523819801536,-0.02899931680236732,0.06762043897662336,92.91843416384367,-154.6051261742638,285.2305975257362,126218.1188404849,0.07328748868662918,0.24363999128774746,0.32987910547666827,False,True,True,,True,0.5524983139188817,0.6065887620824485,0.5350591444323365,False,False,False,False,0.9605333063560078,0.9333037541541997,3.1022355038354084,False,0.0,1.7763568394002505e-15,0.9659860535555003,1.0717975602253855,False,False,False,False,0.054090448163566784,-0.017439169486545225,large_wrapped_step;high_unwrapped_RMSE,high_circular_RMS,high_circular_RMS,0.6065887620824485,False,False,0.5101487827702593,False,False,2.770912081910121,False,True,2.762921131645791,False,True
130,63,-0.061086523819801536,-0.01933287786824488,0.06407279890137196,98.06322518938761,-162.4382790727536,277.3974446272464,263779.4690746917,0.15316132923838033,0.28885907505595804,0.6710253770316612,False,True,True,,True,0.4977617592818526,0.5125296619125412,0.5020513984657395,True,True,True,True,0.34451484528463255,0.988800543337814,2.1412129851060873,True,0.0,1.7763568394002505e-15,0.43435630941958686,0.4368462931862394,False,False,False,False,0.014767902630688612,0.0042896391838869175,,,,0.5125296619125412,True,False,0.5058711850649282,True,False,-1.7204372458395043,False,True,2.7298235145972605,False,True
130,64,-0.061086523819801536,-0.00966643893412244,0.061846612146942204,101.59303944169619,-171.00797519844616,268.82774850155386,964824.522654422,0.5602172409016923,0.07285825124459265,0.6845431308843692,False,True,False,low_endpoint_MSC,True,0.47813250526138756,0.4634818445602597,0.47504343404997984,True,True,True,False,0.140109867803952,0.9979738318028207,0.716990712082093,True,0.0,1.7763568394002505e-15,0.15781101254878535,0.1875856155721975,False,False,False,False,-0.01465066070112786,-0.0030890712114077234,,,,0.4634818445602597,True,False,0.4731958571774487,True,False,0.47393006053520237,False,True,-0.6393498864349455,False,True
130,65,-0.061086523819801536,0.0,0.061086523819801536,102.85714285714285,180.0,259.8357237,107163.32754992506,0.06222348445362473,0.07829875567153917,0.8142479397816272,False,True,False,low_endpoint_MSC,True,0.23904423355147125,0.40900567410342453,0.5497148271428628,False,False,False,False,1.4727133407843704,0.5270316792054965,2.952738953252687,False,5.551115123125783e-17,8.881784197001252e-16,0.9915180244753736,1.065629680619526,False,False,False,False,0.16996144055195328,0.31067059359139154,large_wrapped_step;high_unwrapped_RMSE,high_circular_RMS,high_circular_RMS,0.40900567410342453,False,False,0.4319666268983866,False,False,-1.7455806569628718,False,True,-2.762029331072114,False,True
130,66,-0.061086523819801536,0.00966643893412244,0.061846612146942204,101.59303944169619,171.00797519844616,250.84369889844618,73024.85245544744,0.04240126613624318,0.2547837816915831,0.36058122108881696,False,False,False,below_power_or_outside_canonical_band_or_zero,False,,,,False,False,False,False,,,,,,,,,,,,,,,,,,,,,,,,,,,,,
130,67,-0.061086523819801536,0.01933287786824488,0.06407279890137196,98.06322518938761,162.4382790727536,242.2740027727536,105636.03515463482,0.06133667497516572,0.19693005017998536,0.0053518023419972865,False,True,True,,True,0.5065425443155146,0.5914176337178807,0.5485740383056905,False,False,False,False,0.7972699494845403,0.9446683364447187,2.6985090478442313,False,0.0,1.7763568394002505e-15,0.8058693500155225,1.0164511440006625,False,False,False,False,0.0848750894023661,0.04203149399017592,large_wrapped_step;high_unwrapped_RMSE,high_circular_RMS,high_circular_RMS,0.5914176337178807,False,False,0.4728899225046009,False,False,2.679750128959126,False,True,-2.763741526361546,False,True
130,68,-0.061086523819801536,0.02899931680236732,0.06762043897662336,92.91843416384367,154.6051261742638,234.4408498742638,41450.53180324846,0.024067902520592377,0.17845075360855914,0.02089143288801152,False,False,False,below_power_or_outside_canonical_band_or_zero,False,,,,False,False,False,False,,,,,,,,,,,,,,,,,,,,,,,,,,,,,
130,69,-0.061086523819801536,0.03866575573648976,0.07229525613109805,86.91006358405933,147.66753813903912,227.5032618390391,37482.48535792633,0.02176388973985137,0.1786847486778535,0.010179818172248922,False,False,False,below_power_or_outside_canonical_band_or_zero,False,,,,False,False,False,False,,,,,,,,,,,,,,,,,,,,,,,,,,,,,
130,70,-0.061086523819801536,0.04833219467061221,0.07789457255845965,80.66268420003298,141.6486451832689,221.48436888326893,26179.374452880544,0.015200833498899429,0.021932714585147797,0.011504566000041128,False,False,False,below_power_or_outside_canonical_band_or_zero;low_endpoint_MSC,False,,,,False,False,False,False,,,,,,,,,,,,,,,,,,,,,,,,,,,,,
130,71,-0.061086523819801536,0.05799863360473464,0.08423422637149007,74.59183253455028,136.48535253375238,216.32107623375236,33104.52724580122,0.01922186519883918,0.22300473881685193,0.01943789430719821,False,False,False,below_power_or_outside_canonical_band_or_zero,False,,,,False,False,False,False,,,,,,,,,,,,,,,,,,,,,,,,,,,,,
130,72,-0.061086523819801536,0.06766507253885708,0.09115988939262691,68.92488954344624,132.07502205084364,211.91074575084366,20434.005211646385,0.011864833191371488,0.07919376228860919,0.011666113180797839,False,False,False,below_power_or_outside_canonical_band_or_zero;low_endpoint_MSC,False,,,,False,False,False,False,,,,,,,,,,,,,,,,,,,,,,,,,,,,,
130,73,-0.061086523819801536,0.07733151147297952,0.09854809008338387,63.75755534037478,128.30628559023984,208.14200929023986,29082.025958797647,0.01688623367246701,0.007719199727174676,0.010963353162193034,False,False,False,below_power_or_outside_canonical_band_or_zero;low_endpoint_MSC,False,,,,False,False,False,False,,,,,,,,,,,,,,,,,,,,,,,,,,,,,
130,74,-0.061086523819801536,0.08699795040710197,0.10630243067504973,59.10669461911292,125.07501454435892,204.91073824435892,29604.114175952134,0.017189379802829547,0.1017431008263688,0.0004651459830310621,False,False,False,below_power_or_outside_canonical_band_or_zero,False,,,,False,False,False,False,,,,,,,,,,,,,,,,,,,,,,,,,,,,,
130,75,-0.061086523819801536,0.09666438934122441,0.11434844799602223,54.94770954301151,122.29061186374423,202.12633556374425,27011.259021181777,0.01568386027388257,0.24764133453595927,0.004479469527460639,False,False,False,below_power_or_outside_canonical_band_or_zero,False,,,,False,False,False,False,,,,,,,,,,,,,,,,,,,,,,,,,,,,,
130,76,-0.061086523819801536,0.10633082827534684,0.1226287422838075,51.23746024107473,119.87714997176994,199.71287367176996,16619.53561163039,0.009649993513638978,0.2582559957814989,0.004352110628864998,False,False,False,below_power_or_outside_canonical_band_or_zero,False,,,,False,False,False,False,,,,,,,,,,,,,,,,,,,,,,,,,,,,,
130,77,-0.061086523819801536,0.11599726720946928,0.13109892979140675,47.92705262489058,117.77220457569202,197.60792827569202,23550.787551280144,0.013674566631807838,0.31428053694637087,0.010396738924089042,False,False,False,below_power_or_outside_canonical_band_or_zero,False,,,,False,False,False,False,,,,,,,,,,,,,,,,,,,,,,,,,,,,,
130,78,-0.061086523819801536,0.12566370614359174,0.13972448043965008,44.96839270691313,115.92490150755445,195.76062520755445,27224.68630721887,0.015807785031710955,0.26477304799181833,0.0031979152086882155,False,False,False,below_power_or_outside_canonical_band_or_zero,False,,,,False,False,False,False,,,,,,,,,,,,,,,,,,,,,,,,,,,,,
130,79,-0.061086523819801536,0.13533014507771415,0.14847832016541115,42.31719014722049,114.29388760258507,194.1296113025851,20466.553314452933,0.011883731973401514,0.3412081551835267,0.0022315565469142864,False,False,False,below_power_or_outside_canonical_band_or_zero,False,,,,False,False,False,False,,,,,,,,,,,,,,,,,,,,,,,,,,,,,
131,50,-0.05672320068981571,-0.14499658401183663,0.1556969199168651,40.35523188599051,-111.3656213284889,328.4701023715111,30377.150915174992,0.01763823708101275,0.09322974427001783,0.021782767568312603,False,False,False,below_power_or_outside_canonical_band_or_zero,False,,,,False,False,False,False,,,,,,,,,,,,,,,,,,,,,,,,,,,,,
131,51,-0.05672320068981571,-0.13533014507771415,0.1467370766481746,42.81934362263819,-112.74083977515929,327.0948839248407,20612.83225875447,0.011968667611597324,0.10937235322081107,0.0030006385122223677,False,False,False,below_power_or_outside_canonical_band_or_zero,False,,,,False,False,False,False,,,,,,,,,,,,,,,,,,,,,,,,,,,,,
131,52,-0.05672320068981571,-0.12566370614359174,0.1378727258678818,45.5723586200836,-114.29388760258507,325.54183609741494,32164.93179036584,0.01867629700353709,0.01750440838164324,0.0037825439556392073,False,False,False,below_power_or_outside_canonical_band_or_zero;low_endpoint_MSC,False,,,,False,False,False,False,,,,,,,,,,,,,,,,,,,,,,,,,,,,,
131,53,-0.05672320068981571,-0.11599726720946928,0.129123535796392,48.660263742213544,-116.05884727742523,323.7768764225748,30876.8874250571,0.01792840488061818,0.05145423567633085,0.00304234326593252,False,False,False,below_power_or_outside_canonical_band_or_zero;low_endpoint_MSC,False,,,,False,False,False,False,,,,,,,,,,,,,,,,,,,,,,,,,,,,,
131,54,-0.05672320068981571,-0.10633082827534684,0.12051459056155155,52.13630381103536,-118.07811889319194,321.75760480680805,53018.33921462706,0.030784652560750542,0.07095075361176856,0.008064162864782818,False,False,False,below_power_or_outside_canonical_band_or_zero;low_endpoint_MSC,False,,,,False,False,False,False,,,,,,,,,,,,,,,,,,,,,,,,,,,,,
131,55,-0.05672320068981571,-0.09666438934122441,0.11207821225915825,56.06072028210968,-120.40464751503147,319.43107618496856,45162.4499629151,0.02622319656736917,0.16911524644446221,0.004983752250305776,False,False,False,below_power_or_outside_canonical_band_or_zero,False,,,,False,False,False,False,,,,,,,,,,,,,,,,,,,,,,,,,,,,,
131,56,-0.05672320068981571,-0.08699795040710197,0.10385646282987729,60.498741589840165,-123.10459858310952,316.7311251168905,107649.68111518826,0.06250588155904328,0.4148099846101965,0.03384999035509091,False,True,True,,True,0.30699678971892086,0.794649854075852,0.6980903851735578,False,False,False,False,2.258975194416294,0.43856206560313704,3.089407431852524,False,1.1102230246251565e-16,1.7763568394002505e-15,1.3806073570864836,1.412234710666996,False,False,False,False,0.4876530643569311,0.39109359545463696,large_wrapped_step;high_unwrapped_RMSE,high_circular_RMS,high_circular_RMS,0.794649854075852,False,False,0.3122446510451564,False,False,3.017901231865659,False,True,-2.6480476994504847,False,True
131,57,-0.05672320068981571,-0.07733151147297952,0.09590455757258189,65.51498141706546,-126.2603057463934,313.5754179536066,97122.83001011085,0.05639355403937712,0.3659610102115368,0.07208453856538524,False,True,True,,True,0.78292893062102,0.8013574079189343,0.7225542369875645,False,False,False,False,0.7485124588224951,0.978846443967894,2.2503686806678416,True,0.0,0.0,0.8387456909871215,1.0358954512465564,False,False,False,False,0.018428477297914303,-0.06037469363345549,high_unwrapped_RMSE,high_circular_RMS,high_circular_RMS,0.8013574079189343,False,False,0.721500531557742,False,False,-1.5014552650205433,False,True,-2.6214051447612943,False,True
131,58,-0.05672320068981571,-0.06766507253885708,0.08829543328046983,71.16093181423201,-129.97289013239225,309.86283356760777,91822.11159802983,0.053315736494438486,0.17146480134461636,0.14605669405521532,False,True,True,,True,0.794281460084864,0.8033329709433203,0.7910289796651455,False,False,False,False,0.6666744267606638,0.9836160066747766,2.604302566637175,False,0.0,-3.552713678800501e-15,0.9323821626065367,0.9566742070227197,False,False,False,False,0.009051510858456346,-0.0032524804197184842,large_wrapped_step;high_unwrapped_RMSE,high_circular_RMS,high_circular_RMS,0.8033329709433203,False,False,0.7799924247910034,False,False,-1.4365466824243776,False,True,3.0211431195790976,False,True
131,59,-0.05672320068981571,-0.05799863360473464,0.08112560013037416,77.45009339939668,-134.36303395993994,305.47268974006005,150993.42121344307,0.08767305954639382,0.18308792314001365,0.2947746195412146,False,True,True,,True,0.4135195394064036,0.29996065960027035,0.6935190838331191,False,False,False,False,1.7302592045219398,0.7072396299886858,1.8972894000006029,True,5.551115123125783e-17,8.881784197001252e-16,0.8456627273637068,1.0728113880668726,False,False,False,False,-0.11355887980613327,0.2799995444267155,high_unwrapped_RMSE,high_circular_RMS,high_circular_RMS,0.29996065960027035,False,False,0.616361864622499,False,False,-1.5469617402835867,False,True,-1.5234099878285936,False,True
131,60,-0.05672320068981571,-0.04833219467061221,0.0745219601069045,84.31320510311491,-139.56664560539863,300.26907809460135,592854.4111792304,0.34423592548568155,0.18922399334892578,0.6029913172998892,False,True,True,,True,0.6052730066227132,0.5941497465696058,0.6086598206970902,True,True,True,True,0.17507861962713955,0.998025665389903,0.9426596834037633,True,0.0,0.0,0.19304106361784226,0.2546575356193013,False,False,False,False,-0.011123260053107376,0.0033868140743770203,,,,0.5941497465696058,True,False,0.6047764783039801,True,False,2.8371885113990696,False,True,2.839447417048439,False,True
131,61,-0.05672320068981571,-0.03866575573648976,0.0686481038570695,91.52744146089816,-145.7194354479781,294.1162882520219,120010.8535195966,0.06968329230691266,0.10537653482503379,0.6061584319088335,False,True,True,,True,0.5602988411886477,0.5029943091934878,0.5476673335679848,True,False,False,False,0.41418021739794664,0.9872450241138022,1.4723185430999128,True,0.0,1.7763568394002505e-15,0.5167462522143049,0.5936213565483149,False,False,False,False,-0.057304531995159946,-0.012631507620662896,,high_circular_RMS,high_circular_RMS,0.5029943091934878,False,False,0.5283314134698546,False,False,-1.6918846899126134,False,True,-2.7917454222742593,False,True
131,62,-0.05672320068981571,-0.02899931680236732,0.0637062153286567,98.62750870955047,-152.92194659846754,286.91377710153245,156651.5763269686,0.09095841970450044,0.17351998176414357,0.38866593561224316,False,True,True,,True,0.4535201238954655,0.4837424124846763,0.4422872402571167,True,False,False,False,0.48818183460462383,0.9733346240466832,2.362191027434459,True,5.551115123125783e-17,1.7763568394002505e-15,0.6589804692328918,0.6589514577589756,False,False,False,False,0.030222288589210833,-0.01123288363834879,,high_circular_RMS,high_circular_RMS,0.4837424124846763,False,False,0.43516320648627355,False,False,-1.789678118137456,False,True,-2.90255455963062,False,True
131,63,-0.05672320068981571,-0.01933287786824488,0.059927303152783225,104.84678896964137,-161.17943184533198,278.65629185466804,169297.61977019123,0.09830123842410987,0.19559921078159562,0.39040869614382623,False,True,True,,True,0.5352056812677406,0.4955412127380275,0.5502526936914849,True,True,False,False,0.4562649339032241,0.9831069160596303,1.6038571074207848,True,1.1102230246251565e-16,1.7763568394002505e-15,0.47674564809709286,0.6108568522303347,False,False,False,False,-0.039664468529713115,0.015047012423744288,,,high_circular_RMS,0.4955412127380275,True,False,0.5083078298142837,False,False,0.5335367248722906,False,True,2.7881720568715234,False,True
131,64,-0.05672320068981571,-0.00966643893412244,0.05754095531153639,109.19501202511091,-170.32889087364006,269.5068328263599,961829.0945003649,0.5584779707480187,0.1285519216523667,0.633205968245614,False,True,True,,True,0.45451002929624285,0.4607872067603169,0.4591598169348378,True,True,True,True,0.1960584415780031,0.995619808352974,0.8312001377528474,True,5.551115123125783e-17,0.0,0.19149289806521277,0.24315803001791994,False,False,False,False,0.00627717746407408,0.004649787638594971,,,,0.4607872067603169,True,False,0.46732072087153037,True,False,0.4679346760166362,False,True,2.6863609808437974,False,True
131,65,-0.05672320068981571,0.0,0.05672320068981571,110.76923076923076,180.0,259.8357237,208539.89635993505,0.12108693613556987,0.1589889233409849,0.7996770332979456,False,True,True,,True,0.034644009389683164,0.21962090614537014,0.4065921360416574,False,False,False,False,1.589425542609903,0.01969792180692942,2.855821245077767,False,5.551115123125783e-17,2.220446049250313e-15,0.7747826289500226,1.1074756723823407,False,False,False,False,0.18497689675568696,0.37194812665197424,large_wrapped_step;high_unwrapped_RMSE,high_circular_RMS,high_circular_RMS,0.21962090614537014,False,False,0.2808239987830667,False,False,2.61061570393604,False,True,2.659394526727416,False,True
131,66,-0.05672320068981571,0.00966643893412244,0.05754095531153639,109.19501202511091,170.32889087364006,250.16461457364005,164626.68310013498,0.0955890983486003,0.3464255031689448,0.6737079581329631,False,True,True,,True,0.3303850677433232,0.35574164342782644,0.34323654313628854,True,False,False,False,0.39567251997938646,0.9672008156022981,1.5789808660020912,True,5.551115123125783e-17,1.7763568394002505e-15,0.5109731173625589,0.5811904238474707,False,False,False,False,0.025356575684503224,0.012851475392965328,,high_circular_RMS,high_circular_RMS,0.35574164342782644,False,False,0.3716102854787324,True,False,2.59265172647469,False,True,2.565300854171599,False,True
131,67,-0.05672320068981571,0.01933287786824488,0.059927303152783225,104.84678896964137,161.17943184533198,241.015155545332,107395.83097820837,0.06235848561293887,0.3362625583879453,0.349160513232221,False,True,True,,True,0.19704693032915443,0.34770712985164387,0.2798490954559108,False,False,False,False,1.040660960403583,0.6026022739966177,2.680375046810667,False,0.0,8.881784197001252e-16,0.9647618135178471,1.1222603928548758,False,False,False,False,0.15066019952248944,0.08280216512675637,large_wrapped_step;high_unwrapped_RMSE,high_circular_RMS,high_circular_RMS,0.34770712985164387,False,False,0.31396556673665293,False,False,-1.9546263995902047,False,True,-3.0774065366205803,False,True
131,68,-0.05672320068981571,0.02899931680236732,0.0637062153286567,98.62750870955047,152.92194659846754,232.75767029846753,46410.874502396095,0.026948083771788322,0.04837858211751876,0.009123550903588499,False,False,False,below_power_or_outside_canonical_band_or_zero;low_endpoint_MSC,False,,,,False,False,False,False,,,,,,,,,,,,,,,,,,,,,,,,,,,,,
131,69,-0.05672320068981571,0.03866575573648976,0.0686481038570695,91.52744146089816,145.7194354479781,225.5551591479781,32013.452320992692,0.01858834172421644,0.05034393855391861,0.011231584499874646,False,False,False,below_power_or_outside_canonical_band_or_zero;low_endpoint_MSC,False,,,,False,False,False,False,,,,,,,,,,,,,,,,,,,,,,,,,,,,,
131,70,-0.05672320068981571,0.04833219467061221,0.0745219601069045,84.31320510311491,139.56664560539863,219.40236930539862,28211.581376706086,0.016380817349926233,0.006908737186140236,0.010806292128866355,False,False,False,below_power_or_outside_canonical_band_or_zero;low_endpoint_MSC,False,,,,False,False,False,False,,,,,,,,,,,,,,,,,,,,,,,,,,,,,
131,71,-0.05672320068981571,0.05799863360473464,0.08112560013037416,77.45009339939668,134.36303395993994,214.19875765993993,34304.370309809085,0.01991854397829665,0.2807793366299169,0.0009427700492343344,False,False,False,below_power_or_outside_canonical_band_or_zero,False,,,,False,False,False,False,,,,,,,,,,,,,,,,,,,,,,,,,,,,,
131,72,-0.05672320068981571,0.06766507253885708,0.08829543328046983,71.16093181423201,129.97289013239225,209.80861383239227,27690.59936119984,0.016078313526242997,0.1510100712134552,0.011682347484497467,False,False,False,below_power_or_outside_canonical_band_or_zero,False,,,,False,False,False,False,,,,,,,,,,,,,,,,,,,,,,,,,,,,,
131,73,-0.05672320068981571,0.07733151147297952,0.09590455757258189,65.51498141706546,126.2603057463934,206.0960294463934,33876.57085820267,0.01967014582628985,0.10212384171143993,0.009537909569280046,False,False,False,below_power_or_outside_canonical_band_or_zero,False,,,,False,False,False,False,,,,,,,,,,,,,,,,,,,,,,,,,,,,,
131,74,-0.05672320068981571,0.08699795040710197,0.10385646282987729,60.498741589840165,123.10459858310952,202.94032228310954,24512.47455643492,0.014232962099572904,0.14504476352285275,0.007986049747321948,False,False,False,below_power_or_outside_canonical_band_or_zero,False,,,,False,False,False,False,,,,,,,,,,,,,,,,,,,,,,,,,,,,,
131,75,-0.05672320068981571,0.09666438934122441,0.11207821225915825,56.06072028210968,120.40464751503147,200.24037121503147,25618.84262875244,0.014875365411617911,0.052096402320071615,0.006733388676260884,False,False,False,below_power_or_outside_canonical_band_or_zero;low_endpoint_MSC,False,,,,False,False,False,False,,,,,,,,,,,,,,,,,,,,,,,,,,,,,
131,76,-0.05672320068981571,0.10633082827534684,0.12051459056155155,52.13630381103536,118.07811889319194,197.91384259319193,20951.38408692401,0.01216524488199833,0.13165620758878205,0.011990850057017268,False,False,False,below_power_or_outside_canonical_band_or_zero,False,,,,False,False,False,False,,,,,,,,,,,,,,,,,,,,,,,,,,,,,
131,77,-0.05672320068981571,0.11599726720946928,0.129123535796392,48.660263742213544,116.05884727742523,195.89457097742525,29615.4990577812,0.0171959903386695,0.13583968984908767,0.004402022041584191,False,False,False,below_power_or_outside_canonical_band_or_zero,False,,,,False,False,False,False,,,,,,,,,,,,,,,,,,,,,,,,,,,,,
131,78,-0.05672320068981571,0.12566370614359174,0.1378727258678818,45.5723586200836,114.29388760258507,194.1296113025851,30002.45672861463,0.01742067405431931,0.07152573856379538,0.00143077081814291,False,False,False,below_power_or_outside_canonical_band_or_zero;low_endpoint_MSC,False,,,,False,False,False,False,,,,,,,,,,,,,,,,,,,,,,,,,,,,,
131,79,-0.05672320068981571,0.13533014507771415,0.1467370766481746,42.81934362263819,112.74083977515929,192.57656347515928,23113.802402370577,0.01342083488195179,0.19147264400047564,0.003598061130462462,False,False,False,below_power_or_outside_canonical_band_or_zero,False,,,,False,False,False,False,,,,,,,,,,,,,,,,,,,,,,,,,,,,,
131,80,-0.05672320068981571,0.14499658401183663,0.1556969199168651,40.35523188599051,111.3656213284889,191.2013450284889,39269.14813907471,0.022801300450477756,0.0637769145313396,0.012439196473229353,False,False,False,below_power_or_outside_canonical_band_or_zero;low_endpoint_MSC,False,,,,False,False,False,False,,,,,,,,,,,,,,,,,,,,,,,,,,,,,
132,50,-0.05235987755982988,-0.14499658401183663,0.15416084507157443,40.7573356533068,-109.85521436932105,329.98050933067896,25243.263605214386,0.014657288611778525,0.15220233883627307,0.004392683294958537,False,False,False,below_power_or_outside_canonical_band_or_zero,False,,,,False,False,False,False,,,,,,,,,,,,,,,,,,,,,,,,,,,,,
132,51,-0.05235987755982988,-0.13533014507771415,0.14510618506747236,43.300602963671,-111.15169138346481,328.6840323165352,20135.32352218825,0.011691406181539956,0.1329695556417825,0.0005488598918039383,False,False,False,below_power_or_outside_canonical_band_or_zero,False,,,,False,False,False,False,,,,,,,,,,,,,,,,,,,,,,,,,,,,,
132,52,-0.05235987755982988,-0.12566370614359174,0.1361356816555577,46.15384615384615,-112.61986494804043,327.21585875195956,18223.437998037036,0.01058128593883183,0.06929373671487114,0.0034193028670813294,False,False,False,below_power_or_outside_canonical_band_or_zero;low_endpoint_MSC,False,,,,False,False,False,False,,,,,,,,,,,,,,,,,,,,,,,,,,,,,
132,53,-0.05235987755982988,-0.11599726720946928,0.1272671315703524,49.370055171757244,-114.29388760258507,325.54183609741494,31352.21797500231,0.018204401564941648,0.024855916566350337,0.002766667304208172,False,False,False,below_power_or_outside_canonical_band_or_zero;low_endpoint_MSC,False,,,,False,False,False,False,,,,,,,,,,,,,,,,,,,,,,,,,,,,,
132,54,-0.05235987755982988,-0.10633082827534684,0.11852342308506651,53.0121822643447,-116.21675285641923,323.61897084358077,30192.90268043091,0.01753125489380076,0.038620023389689014,0.001140099152374451,False,False,False,below_power_or_outside_canonical_band_or_zero;low_endpoint_MSC,False,,,,False,False,False,False,,,,,,,,,,,,,,,,,,,,,,,,,,,,,
132,55,-0.05235987755982988,-0.09666438934122441,0.10993434833932567,57.15397782489031,-118.44292862436335,321.3927950756366,44763.73569781918,0.025991686484182583,0.1064843277993464,0.011371555937369939,False,False,False,below_power_or_outside_canonical_band_or_zero,False,,,,False,False,False,False,,,,,,,,,,,,,,,,,,,,,,,,,,,,,
132,56,-0.05235987755982988,-0.08699795040710197,0.10153915576326678,61.879432224436684,-121.0417099254886,318.7940137745114,71972.86836452443,0.041790440425399956,0.25585917654302787,0.028072428586138468,False,False,False,below_power_or_outside_canonical_band_or_zero,False,,,,False,False,False,False,,,,,,,,,,,,,,,,,,,,,,,,,,,,,
132,57,-0.05235987755982988,-0.07733151147297952,0.09339014640087005,67.27888914757125,-124.10127419424715,315.7344495057529,82977.22325413376,0.04818002649976644,0.1641524784044622,0.027048871854243952,False,False,False,below_power_or_outside_canonical_band_or_zero,False,,,,False,False,False,False,,,,,,,,,,,,,,,,,,,,,,,,,,,,,
132,58,-0.05235987755982988,-0.06766507253885708,0.08555769293154863,73.43799361451363,-127.73304559418833,312.10267810581166,102278.82992730709,0.05938734200794394,0.20173062511028592,0.1311549825997204,False,True,True,,True,0.7329814498859124,0.7519682018383619,0.7148638195237232,False,False,False,False,0.983650906347421,0.9591584860648686,2.8195259107591184,False,0.0,0.0,1.0279837852374973,1.262327248180407,False,False,False,False,0.018986751952449477,-0.018117630362189163,large_wrapped_step;high_unwrapped_RMSE,high_circular_RMS,high_circular_RMS,0.7519682018383619,False,False,0.7815564757799913,False,False,-1.5993489745301186,False,True,-2.5949921507377383,False,True
132,59,-0.05235987755982988,-0.05799863360473464,0.07813704805082305,80.41237113402062,-132.07502205084364,307.7607016491564,240391.0482817169,0.13958103949860434,0.03391423301530323,0.5456375477556669,False,True,False,low_endpoint_MSC,True,0.40752983213629945,0.3640393788416243,0.6001062029729701,False,False,False,False,1.436307901880072,0.7729816729721073,2.6834964551404115,False,0.0,0.0,0.835178649533804,0.98935362804388,False,False,False,False,-0.04349045329467516,0.19257637083667067,large_wrapped_step;high_unwrapped_RMSE,high_circular_RMS,high_circular_RMS,0.3640393788416243,False,False,0.47784760889886235,False,False,-1.6616302636079254,False,True,2.8519861257660226,False,True
132,60,-0.05235987755982988,-0.04833219467061221,0.0712569843577339,88.17641335529854,-137.29061004263852,302.54511365736147,193086.82864894075,0.11211424239360014,0.0551638333002516,0.6066665290677579,False,True,False,low_endpoint_MSC,True,0.3165861096741673,0.5075454931387209,0.6208211251250578,False,False,False,False,1.347933552240094,0.6999780109166849,2.4665613577145242,True,0.0,-8.881784197001252e-16,0.6776713856393826,0.8591054568916806,False,False,False,False,0.1909593834645536,0.30423501545089054,high_unwrapped_RMSE,high_circular_RMS,high_circular_RMS,0.5075454931387209,False,False,0.5385519107775525,False,False,2.8266870392586276,False,True,-1.5928544216562528,False,True
132,61,-0.05235987755982988,-0.03866575573648976,0.06508914997719872,96.53199203524149,-143.5555582434129,296.2801654565871,114644.77447935227,0.06656752366318508,0.0423598639361896,0.5483561253153513,False,True,False,low_endpoint_MSC,True,0.15725729739843675,0.41811779718814124,0.5280724994546928,False,False,False,False,1.194464595664712,0.4229972262102788,2.774947619276569,False,2.7755575615628914e-17,0.0,0.8506538976387439,1.0055766807742093,False,False,False,False,0.2608604997897045,0.37081520205625607,large_wrapped_step;high_unwrapped_RMSE,high_circular_RMS,high_circular_RMS,0.41811779718814124,False,False,0.5136941058245176,False,False,2.730022480361213,False,True,-2.8050258473303327,False,True
132,62,-0.05235987755982988,-0.02899931680236732,0.05985413229748169,104.97496273024989,-151.02029230207123,288.81543139792876,160557.49899415276,0.09322636083618438,0.008998164207534161,0.23193297587845232,False,True,False,low_endpoint_MSC,True,0.4135559538361225,0.35575615194436766,0.4127004004900121,False,True,False,False,0.519990580852088,0.96396703383083,1.2044140392977654,True,0.0,0.0,0.4946504825868445,0.6624489369113226,False,False,False,False,-0.05779980189175482,-0.0008555533461103715,high_unwrapped_RMSE,,high_circular_RMS,0.35575615194436766,True,False,0.3733169987421442,False,False,2.621863430239348,False,True,2.6507721384927603,False,True
132,63,-0.05235987755982988,-0.01933287786824488,0.055815024363954635,112.57157689672657,-159.7343025290525,280.1014211709475,135372.39622010925,0.07860284282165131,0.06637037353830984,0.40671777878445425,False,True,False,low_endpoint_MSC,True,0.35364562013840833,0.29276490315713005,0.3832505716483984,False,False,False,False,0.8459880994138984,0.880822136825807,1.7721326599020852,True,5.551115123125783e-17,0.0,0.7931787705167612,0.989390761361181,False,False,False,False,-0.06088071698127828,0.02960495150999004,high_unwrapped_RMSE,high_circular_RMS,high_circular_RMS,0.29276490315713005,False,False,0.3259898034923224,False,False,-1.8329673734100034,False,True,-2.963963946839251,False,True
132,64,-0.05235987755982988,-0.00966643893412244,0.053244688183399995,118.0058616464672,-169.54009090707086,270.29563279292915,236986.82852136198,0.13760440793836762,0.3208925107650919,0.7029576263115406,False,True,True,,True,0.5611495777437356,0.6111678776942493,0.5658188852556237,True,True,False,False,0.35655045485261494,0.9905447235503132,1.4996474653739593,True,1.1102230246251565e-16,1.7763568394002505e-15,0.44665220168794256,0.5002325018277297,False,False,False,False,0.050018299950513656,0.004669307511888099,,,high_circular_RMS,0.6111678776942493,True,False,0.5865725138593119,False,False,2.7973151840682253,False,True,2.7930745630020635,False,True
132,65,-0.05235987755982988,0.0,0.05235987755982988,120.0,180.0,259.8357237,1391760.3451202656,0.8081139339147256,0.47622860873450074,0.8046099568825487,False,True,True,,True,0.40427595424960533,0.40959126914114935,0.40333626132378125,True,True,True,True,0.14378940557153316,0.9970179401100566,0.502890839418331,True,1.1102230246251565e-16,0.0,0.1431363987396123,0.1906454656086509,False,False,False,False,0.005315314891544021,-0.000939692925824076,,,,0.40959126914114935,True,False,0.40966254723746526,True,False,0.40622986534100586,False,True,2.632066421946135,False,True
132,66,-0.05235987755982988,0.00966643893412244,0.053244688183399995,118.0058616464672,169.54009090707086,249.37581460707088,180126.7565843762,0.10458908559729226,0.5937637169060443,0.8244708000976991,False,True,True,,True,0.4174795022291986,0.38684410362493554,0.4033122661160985,True,True,False,False,0.44968308737261947,0.9733003775989657,1.1013444309738218,True,0.0,0.0,0.4720282294068977,0.6424485291437486,False,False,False,False,-0.030635398604263064,-0.014167236113100112,,,high_circular_RMS,0.38684410362493554,True,False,0.37722947965158765,False,False,-1.8427409514017459,False,True,0.41005431276485993,False,True
132,67,-0.05235987755982988,0.01933287786824488,0.055815024363954635,112.57157689672657,159.7343025290525,239.57002622905253,98337.49805985294,0.05709884082206152,0.4486416858343322,0.5727383193159555,False,True,True,,True,0.34155604301577747,0.3627652486595616,0.340895447691307,False,False,False,False,0.6863003141162938,0.9128588087832097,2.1809986269868844,True,5.551115123125783e-17,-8.881784197001252e-16,0.7007737731691215,0.8432608022883499,False,False,False,False,0.021209205643784146,-0.0006605953244704921,high_unwrapped_RMSE,high_circular_RMS,high_circular_RMS,0.3627652486595616,False,False,0.28220391326667443,False,False,-1.9179846174044437,False,True,-2.992019982145703,False,True
132,68,-0.05235987755982988,0.02899931680236732,0.05985413229748169,104.97496273024989,151.02029230207123,230.85601600207121,32113.63938733064,0.018646514501296636,0.05369840823628325,0.02174490004149594,False,False,False,below_power_or_outside_canonical_band_or_zero;low_endpoint_MSC,False,,,,False,False,False,False,,,,,,,,,,,,,,,,,,,,,,,,,,,,,
132,69,-0.05235987755982988,0.03866575573648976,0.06508914997719872,96.53199203524149,143.5555582434129,223.39128194341288,35254.92243442359,0.020470474071366554,0.10874808409374329,0.022416553013435873,False,False,False,below_power_or_outside_canonical_band_or_zero,False,,,,False,False,False,False,,,,,,,,,,,,,,,,,,,,,,,,,,,,,
132,70,-0.05235987755982988,0.04833219467061221,0.0712569843577339,88.17641335529854,137.29061004263852,217.1263337426385,26962.317092684527,0.015655442554905336,0.11351982515549972,0.010613506296563317,False,False,False,below_power_or_outside_canonical_band_or_zero,False,,,,False,False,False,False,,,,,,,,,,,,,,,,,,,,,,,,,,,,,
132,71,-0.05235987755982988,0.05799863360473464,0.07813704805082305,80.41237113402062,132.07502205084364,211.91074575084366,26211.412088157307,0.015219435882253435,0.31855107467323396,0.006451405318135055,False,False,False,below_power_or_outside_canonical_band_or_zero,False,,,,False,False,False,False,,,,,,,,,,,,,,,,,,,,,,,,,,,,,
132,72,-0.05235987755982988,0.06766507253885708,0.08555769293154863,73.43799361451363,127.73304559418833,207.56876929418831,23494.495284767545,0.013641881000908834,0.3066480438210447,0.001006412777721371,False,False,False,below_power_or_outside_canonical_band_or_zero,False,,,,False,False,False,False,,,,,,,,,,,,,,,,,,,,,,,,,,,,,
132,73,-0.05235987755982988,0.07733151147297952,0.09339014640087005,67.27888914757125,124.10127419424715,203.93699789424716,28242.331008864414,0.01639867186510697,0.22605375807821362,0.005207833492667799,False,False,False,below_power_or_outside_canonical_band_or_zero,False,,,,False,False,False,False,,,,,,,,,,,,,,,,,,,,,,,,,,,,,
132,74,-0.05235987755982988,0.08699795040710197,0.10153915576326678,61.879432224436684,121.0417099254886,200.8774336254886,34547.12603306631,0.02005949804642306,0.15485005876475202,0.0005650648991647049,False,False,False,below_power_or_outside_canonical_band_or_zero,False,,,,False,False,False,False,,,,,,,,,,,,,,,,,,,,,,,,,,,,,
132,75,-0.05235987755982988,0.09666438934122441,0.10993434833932567,57.15397782489031,118.44292862436335,198.27865232436335,18710.503230073242,0.010864096267574064,0.09570926384307095,0.001883267523339848,False,False,False,below_power_or_outside_canonical_band_or_zero,False,,,,False,False,False,False,,,,,,,,,,,,,,,,,,,,,,,,,,,,,
132,76,-0.05235987755982988,0.10633082827534684,0.11852342308506651,53.0121822643447,116.21675285641923,196.05247655641924,22161.837165988774,0.01286808427742434,0.040808278952108056,0.001434117907248685,False,False,False,below_power_or_outside_canonical_band_or_zero;low_endpoint_MSC,False,,,,False,False,False,False,,,,,,,,,,,,,,,,,,,,,,,,,,,,,
132,77,-0.05235987755982988,0.11599726720946928,0.1272671315703524,49.370055171757244,114.29388760258507,194.1296113025851,25313.63532917516,0.014698149361178154,0.01451770372133211,0.003992064879163801,False,False,False,below_power_or_outside_canonical_band_or_zero;low_endpoint_MSC,False,,,,False,False,False,False,,,,,,,,,,,,,,,,,,,,,,,,,,,,,
132,78,-0.05235987755982988,0.12566370614359174,0.1361356816555577,46.15384615384615,112.61986494804043,192.45558864804042,41166.22313676468,0.023902821085614145,0.08503182395950765,0.001958565854984774,False,False,False,below_power_or_outside_canonical_band_or_zero;low_endpoint_MSC,False,,,,False,False,False,False,,,,,,,,,,,,,,,,,,,,,,,,,,,,,
132,79,-0.05235987755982988,0.13533014507771415,0.14510618506747236,43.300602963671,111.15169138346481,190.9874150834648,36417.64043709966,0.021145596496337526,0.10155397719664853,0.005395001953440609,False,False,False,below_power_or_outside_canonical_band_or_zero,False,,,,False,False,False,False,,,,,,,,,,,,,,,,,,,,,,,,,,,,,
132,80,-0.05235987755982988,0.14499658401183663,0.15416084507157443,40.7573356533068,109.85521436932105,189.69093806932105,56615.904353222584,0.032873548488025775,0.044251947502808454,0.02324226302502325,False,False,False,below_power_or_outside_canonical_band_or_zero;low_endpoint_MSC,False,,,,False,False,False,False,,,,,,,,,,,,,,,,,,,,,,,,,,,,,
133,50,-0.04799655442984407,-0.14499658401183663,0.15273401262403402,41.13808836179868,-108.31549983785284,331.5202238621472,22096.28369838221,0.012830021208035253,0.13886515302906932,0.0047059132755165895,False,False,False,below_power_or_outside_canonical_band_or_zero,False,,,,False,False,False,False,,,,,,,,,,,,,,,,,,,,,,,,,,,,,
133,51,-0.04799655442984407,-0.13533014507771415,0.14358940561159847,43.75800067154857,-109.52769751044104,330.308026189559,28781.88713394875,0.016711960589231387,0.07299139782055789,0.002691097941672607,False,False,False,below_power_or_outside_canonical_band_or_zero;low_endpoint_MSC,False,,,,False,False,False,False,,,,,,,,,,,,,,,,,,,,,,,,,,,,,
133,52,-0.04799655442984407,-0.12566370614359174,0.13451779168154657,46.70895372750552,-110.90407908333265,328.93164461666737,20015.699474276928,0.011621947484654848,0.042919576662853565,0.0018139819307006868,False,False,False,below_power_or_outside_canonical_band_or_zero;low_endpoint_MSC,False,,,,False,False,False,False,,,,,,,,,,,,,,,,,,,,,,,,,,,,,
133,53,-0.04799655442984407,-0.11599726720946928,0.12553499606564697,50.05126462021692,-112.47845818604357,327.35726551395646,31455.8093049793,0.018264550999059867,0.0519436599271469,0.002456667419193116,False,False,False,below_power_or_outside_canonical_band_or_zero;low_endpoint_MSC,False,,,,False,False,False,False,,,,,,,,,,,,,,,,,,,,,,,,,,,,,
133,54,-0.04799655442984407,-0.10633082827534684,0.11666153727282307,53.85824200555334,-114.29388760258507,325.54183609741494,25894.333868088226,0.015035327081713812,0.14489770394519766,0.0034980375203328847,False,False,False,below_power_or_outside_canonical_band_or_zero,False,,,,False,False,False,False,,,,,,,,,,,,,,,,,,,,,,,,,,,,,
133,55,-0.04799655442984407,-0.09666438934122441,0.10792438743791323,58.218401385823746,-116.40567528907276,323.43004841092727,37291.12786233881,0.02165277962014902,0.12191974448652526,0.016750386790652296,False,False,False,below_power_or_outside_canonical_band_or_zero,False,,,,False,False,False,False,,,,,,,,,,,,,,,,,,,,,,,,,,,,,
133,56,-0.04799655442984407,-0.08699795040710197,0.0993595119360676,63.23687772563206,-118.88541303772693,320.95031066227307,45009.33510137059,0.026134291711344654,0.07141180675975803,0.015610298624645762,False,False,False,below_power_or_outside_canonical_band_or_zero;low_endpoint_MSC,False,,,,False,False,False,False,,,,,,,,,,,,,,,,,,,,,,,,,,,,,
133,57,-0.04799655442984407,-0.07733151147297952,0.09101555858111594,69.03418937521339,-121.82620849854735,318.00951520145264,36373.62988676575,0.021120042140597484,0.022644494240467366,0.0599699229128918,False,False,False,below_power_or_outside_canonical_band_or_zero;low_endpoint_MSC,False,,,,False,False,False,False,,,,,,,,,,,,,,,,,,,,,,,,,,,,,
133,58,-0.04799655442984407,-0.06766507253885708,0.08295921455043903,75.7382448860991,-125.34904595699275,314.48667774300725,39912.22408456742,0.02317469708729107,0.13912217686251216,0.005233302394788461,False,False,False,below_power_or_outside_canonical_band_or_zero,False,,,,False,False,False,False,,,,,,,,,,,,,,,,,,,,,,,,,,,,,
133,59,-0.04799655442984407,-0.05799863360473464,0.07528287147255502,83.46102087073248,-129.6093310347134,310.2263926652866,72461.23177124893,0.042074004528351916,0.04113641831847202,0.47044307124299956,False,False,False,below_power_or_outside_canonical_band_or_zero;low_endpoint_MSC,False,,,,False,False,False,False,,,,,,,,,,,,,,,,,,,,,,,,,,,,,
133,60,-0.04799655442984407,-0.04833219467061221,0.06811512518387483,92.2436138848502,-134.80036394547562,305.0353597545244,185526.87511504645,0.10772461898472228,0.030659178137780758,0.5578289428482102,False,True,False,low_endpoint_MSC,True,0.46055555630393,0.47289080789458077,0.45809900281673505,False,True,False,False,0.557273885265453,0.9665412912231823,1.2715197422615425,True,1.1102230246251565e-16,3.552713678800501e-15,0.4431414823823647,0.6829320177583036,False,False,False,False,0.012335251590650742,-0.002456553487194979,high_unwrapped_RMSE,,high_circular_RMS,0.47289080789458077,True,False,0.4892575528291126,False,False,2.704779920973782,False,True,0.45151980185697177,False,True
133,61,-0.04799655442984407,-0.03866575573648976,0.061633675079544585,101.94403139307352,-141.14527574494724,298.6904479550528,64487.51052873451,0.037444130380967056,0.016845973056512996,0.5139847732832821,False,False,False,below_power_or_outside_canonical_band_or_zero;low_endpoint_MSC,False,,,,False,False,False,False,,,,,,,,,,,,,,,,,,,,,,,,,,,,,
133,62,-0.04799655442984407,-0.02899931680236732,0.056076997174786807,112.04568047029123,-148.85980454860209,290.97591915139793,226707.2478005445,0.13163565588675202,0.21200699231895212,0.47673283399373645,False,True,True,,True,0.39204127014742884,0.3620933025235166,0.37161616447635853,True,True,False,False,0.47782187813282456,0.966069346630643,1.3762619854007536,True,0.0,0.0,0.39365299913878926,0.6122535790400202,False,False,False,False,-0.02994796762391222,-0.02042510567107031,,,high_circular_RMS,0.3620933025235166,True,False,0.35592698324457545,True,False,-1.8708696552066435,False,True,-2.9686732762988806,False,True
133,63,-0.04799655442984407,-0.01933287786824488,0.051743882767004035,121.4285625891654,-158.06056192132436,281.7751617786756,105999.17340569978,0.06154752814514712,0.23079951816332356,0.6155319582327402,False,True,True,,True,0.399388995379436,0.5085724683568459,0.4201833726999125,False,False,False,False,0.6625382038105062,0.9389101404898319,2.46430980562184,True,5.551115123125783e-17,0.0,0.7457243602548995,0.8643337590326309,False,False,False,False,0.10918347297740988,0.02079437732047651,high_unwrapped_RMSE,high_circular_RMS,high_circular_RMS,0.5085724683568459,False,False,0.3799490003197849,False,False,-1.7780786664094224,False,True,0.4129781347273252,False,True
133,64,-0.04799655442984407,-0.00966643893412244,0.04896028266670958,128.33229231848006,-168.6130364087552,271.2226872912448,414557.4798578016,0.2407093125308967,0.3094901700364652,0.6827139445519111,False,True,True,,True,0.339595312742826,0.3809793757621119,0.3449480786583716,True,True,True,True,0.27775118673968907,0.9844299953090423,1.030434874338382,True,0.0,1.7763568394002505e-15,0.3480269635145858,0.3595326425523193,False,False,False,False,0.04138406301928588,0.005352765915545621,,,,0.3809793757621119,True,False,0.3676413979250359,True,False,0.35268173370001554,False,True,2.570983257070598,False,True
133,65,-0.04799655442984407,0.0,0.04799655442984407,130.9090909090909,180.0,259.8357237,1722232.827218059,1.0,0.4168818419203573,0.8059056790439103,True,True,True,,True,0.412065649203119,0.43227151356374877,0.41833429021371443,True,True,True,True,0.20009464962460943,0.994455797996389,0.7123142979044251,True,0.0,1.7763568394002505e-15,0.11881902005364686,0.23616706427635303,False,False,False,False,0.020205864360629766,0.006268641010595433,,,,0.43227151356374877,True,False,0.43390011211657614,True,False,2.659949101966642,False,True,2.6440946388051385,False,True
133,66,-0.04799655442984407,0.00966643893412244,0.04896028266670958,128.33229231848006,168.6130364087552,248.4487601087552,636959.8696814368,0.3698453888550742,0.5048733461544547,0.759831627033277,False,True,True,,True,0.40049393807264905,0.40024798245147,0.4027137292506678,True,True,True,True,0.25120690091436904,0.9907835124237433,1.0945808639741077,True,5.551115123125783e-17,1.7763568394002505e-15,0.25499947941033035,0.29573641578111237,False,False,False,False,-0.00024595562117907255,0.0022197911780187374,,,,0.40024798245147,True,False,0.40436490735030467,True,False,0.41149575269664945,False,True,2.6302662271858157,False,True
133,67,-0.04799655442984407,0.01933287786824488,0.051743882767004035,121.4285625891654,158.06056192132436,237.89628562132435,94372.20465460888,0.05479642657087736,0.6543921914374962,0.5479825645144677,False,True,True,,True,0.5193278255323103,0.41272159287164223,0.5012601059134597,False,False,False,False,0.6409703206692816,0.9652350836996609,1.89657843751106,True,1.1102230246251565e-16,0.0,0.5013266967874411,0.7863791602024476,False,False,False,False,-0.10660623266066804,-0.018067719618850564,high_unwrapped_RMSE,high_circular_RMS,high_circular_RMS,0.41272159287164223,False,False,0.43068485718459404,False,False,2.706051537065579,False,True,-2.8284671833104795,False,True
133,68,-0.04799655442984407,0.02899931680236732,0.056076997174786807,112.04568047029123,148.85980454860209,228.6955282486021,41621.80032892559,0.024167348148947852,0.07197703671425308,0.03009590252898782,False,False,False,below_power_or_outside_canonical_band_or_zero;low_endpoint_MSC,False,,,,False,False,False,False,,,,,,,,,,,,,,,,,,,,,,,,,,,,,
133,69,-0.04799655442984407,0.03866575573648976,0.061633675079544585,101.94403139307352,141.14527574494724,220.98099944494726,72351.47346860306,0.04201027429344333,0.060286226161098286,0.01599318816918325,False,False,False,below_power_or_outside_canonical_band_or_zero;low_endpoint_MSC,False,,,,False,False,False,False,,,,,,,,,,,,,,,,,,,,,,,,,,,,,
133,70,-0.04799655442984407,0.04833219467061221,0.06811512518387483,92.2436138848502,134.80036394547562,214.63608764547564,39133.958198558576,0.022722803549025408,0.08498243638186462,0.03870006636066819,False,False,False,below_power_or_outside_canonical_band_or_zero;low_endpoint_MSC,False,,,,False,False,False,False,,,,,,,,,,,,,,,,,,,,,,,,,,,,,
133,71,-0.04799655442984407,0.05799863360473464,0.07528287147255502,83.46102087073248,129.6093310347134,209.44505473471338,25936.40046465626,0.015059752697056417,0.4275420453972665,0.011373047724372412,False,False,False,below_power_or_outside_canonical_band_or_zero,False,,,,False,False,False,False,,,,,,,,,,,,,,,,,,,,,,,,,,,,,
133,72,-0.04799655442984407,0.06766507253885708,0.08295921455043903,75.7382448860991,125.34904595699275,205.18476965699276,25679.788556301384,0.01491075315164107,0.5393308455862705,0.005735830210554602,False,False,False,below_power_or_outside_canonical_band_or_zero,False,,,,False,False,False,False,,,,,,,,,,,,,,,,,,,,,,,,,,,,,
133,73,-0.04799655442984407,0.07733151147297952,0.09101555858111594,69.03418937521339,121.82620849854735,201.66193219854733,23853.402440803526,0.013850277421162724,0.3173548576301125,0.008927492263115774,False,False,False,below_power_or_outside_canonical_band_or_zero,False,,,,False,False,False,False,,,,,,,,,,,,,,,,,,,,,,,,,,,,,
133,74,-0.04799655442984407,0.08699795040710197,0.0993595119360676,63.23687772563206,118.88541303772693,198.72113673772694,23085.677384821855,0.013404504327160222,0.30721877886453264,0.0023866988704249734,False,False,False,below_power_or_outside_canonical_band_or_zero,False,,,,False,False,False,False,,,,,,,,,,,,,,,,,,,,,,,,,,,,,
133,75,-0.04799655442984407,0.09666438934122441,0.10792438743791323,58.218401385823746,116.40567528907276,196.24139898907276,19006.37031689237,0.011035889002065745,0.09640706886700634,0.006005261798685008,False,False,False,below_power_or_outside_canonical_band_or_zero,False,,,,False,False,False,False,,,,,,,,,,,,,,,,,,,,,,,,,,,,,
133,76,-0.04799655442984407,0.10633082827534684,0.11666153727282307,53.85824200555334,114.29388760258507,194.1296113025851,31390.987913164106,0.018226913003319245,0.023148508602135295,0.0012148260821707578,False,False,False,below_power_or_outside_canonical_band_or_zero;low_endpoint_MSC,False,,,,False,False,False,False,,,,,,,,,,,,,,,,,,,,,,,,,,,,,
133,77,-0.04799655442984407,0.11599726720946928,0.12553499606564697,50.05126462021692,112.47845818604357,192.31418188604357,34924.65121372339,0.020278704866018345,0.18689739811848566,0.006963246749259195,False,False,False,below_power_or_outside_canonical_band_or_zero,False,,,,False,False,False,False,,,,,,,,,,,,,,,,,,,,,,,,,,,,,
133,78,-0.04799655442984407,0.12566370614359174,0.13451779168154657,46.70895372750552,110.90407908333265,190.73980278333266,60974.387862556,0.03540426526478919,0.05079606307637936,0.0006802487041427932,False,False,False,below_power_or_outside_canonical_band_or_zero;low_endpoint_MSC,False,,,,False,False,False,False,,,,,,,,,,,,,,,,,,,,,,,,,,,,,
133,79,-0.04799655442984407,0.13533014507771415,0.14358940561159847,43.75800067154857,109.52769751044104,189.36342121044106,49664.87816737059,0.028837493620183046,0.10811132145670616,0.0011302401604596894,False,False,False,below_power_or_outside_canonical_band_or_zero,False,,,,False,False,False,False,,,,,,,,,,,,,,,,,,,,,,,,,,,,,
133,80,-0.04799655442984407,0.14499658401183663,0.15273401262403402,41.13808836179868,108.31549983785284,188.15122353785284,63997.44014980851,0.037159575138969024,0.08490531362680125,0.027314715304224142,False,False,False,below_power_or_outside_canonical_band_or_zero;low_endpoint_MSC,False,,,,False,False,False,False,,,,,,,,,,,,,,,,,,,,,,,,,,,,,
134,50,-0.043633231299858244,-0.14499658401183663,0.15141951079292432,41.495216001405765,-106.74790305839997,333.08782064160005,23862.79648379834,0.013855731993184784,0.12126135646203724,0.0008236375045281169,False,False,False,below_power_or_outside_canonical_band_or_zero,False,,,,False,False,False,False,,,,,,,,,,,,,,,,,,,,,,,,,,,,,
134,51,-0.043633231299858244,-0.13533014507771415,0.1421903901127713,44.18853694821702,-107.87039237833426,331.96533132166576,25792.008360907224,0.01497591263695126,0.12494478669799632,0.010103255490501586,False,False,False,below_power_or_outside_canonical_band_or_zero,False,,,,False,False,False,False,,,,,,,,,,,,,,,,,,,,,,,,,,,,,
134,52,-0.043633231299858244,-0.12566370614359174,0.13302340363789336,47.23368321173932,-109.1481374579396,330.68758624206043,23355.486174792,0.013561166530844942,0.12205102966159903,0.006889806717154877,False,False,False,below_power_or_outside_canonical_band_or_zero,False,,,,False,False,False,False,,,,,,,,,,,,,,,,,,,,,,,,,,,,,
134,53,-0.043633231299858244,-0.11599726720946928,0.1239323399025934,50.69851268940743,-110.61416187723613,329.2215618227639,35689.56287468703,0.020722844385875957,0.2839296255517645,0.0011040055707994317,False,False,False,below_power_or_outside_canonical_band_or_zero,False,,,,False,False,False,False,,,,,,,,,,,,,,,,,,,,,,,,,,,,,
134,54,-0.043633231299858244,-0.10633082827534684,0.11493521616714447,54.66719006333331,-112.31096806028737,327.5247556397126,21254.84223133747,0.012341445300209869,0.33589609231767675,0.026374247249800725,False,False,False,below_power_or_outside_canonical_band_or_zero,False,,,,False,False,False,False,,,,,,,,,,,,,,,,,,,,,,,,,,,,,
134,55,-0.043633231299858244,-0.09666438934122441,0.10605594297529371,59.24406620610867,-114.29388760258507,325.54183609741494,20504.710998845734,0.01190588791177974,0.05788450600609858,0.01471636217047311,False,False,False,below_power_or_outside_canonical_band_or_zero;low_endpoint_MSC,False,,,,False,False,False,False,,,,,,,,,,,,,,,,,,,,,,,,,,,,,
134,56,-0.043633231299858244,-0.08699795040710197,0.0973267807373875,64.55761979976738,-116.63574303449903,323.19998066550096,50101.155924084764,0.029090814628712946,0.028093480749792767,0.0056835648114145695,False,False,False,below_power_or_outside_canonical_band_or_zero;low_endpoint_MSC,False,,,,False,False,False,False,,,,,,,,,,,,,,,,,,,,,,,,,,,,,
134,57,-0.043633231299858244,-0.07733151147297952,0.08879201281851028,70.76295612334339,-119.43326066259243,320.4024630374076,51504.348926088445,0.029905566838650945,0.20839112986847877,0.0208652719418643,False,False,False,below_power_or_outside_canonical_band_or_zero,False,,,,False,False,False,False,,,,,,,,,,,,,,,,,,,,,,,,,,,,,
134,58,-0.043633231299858244,-0.06766507253885708,0.08051348281720098,78.03892077858592,-122.8155930076172,317.0201306923828,49530.158550780245,0.028759269808360834,0.2759105602979365,0.018422512418780457,False,False,False,below_power_or_outside_canonical_band_or_zero,False,,,,False,False,False,False,,,,,,,,,,,,,,,,,,,,,,,,,,,,,
134,59,-0.043633231299858244,-0.05799863360473464,0.07257892513452636,86.57038245652699,-126.95468601090327,312.88103768909673,57769.72631636899,0.033543505502496455,0.2956465199429224,0.3070062246877429,False,False,False,below_power_or_outside_canonical_band_or_zero,False,,,,False,False,False,False,,,,,,,,,,,,,,,,,,,,,,,,,,,,,
134,60,-0.043633231299858244,-0.04833219467061221,0.06511420670901923,96.49484536082473,-132.07502205084364,307.7607016491564,262806.544840586,0.15259640896817664,0.23676831577988525,0.31083921579282664,False,True,True,,True,0.5083208838044989,0.5020476390608702,0.509638561551577,True,True,False,False,0.47640478515598583,0.9796546684871508,1.1865643116506794,True,0.0,0.0,0.36439148933112075,0.5215045507452256,False,False,False,False,-0.00627324474362867,0.0013176777470781387,,,high_circular_RMS,0.5020476390608702,True,False,0.5342269696862945,True,False,-1.7118280879643852,False,True,-2.8397137899302916,False,True
134,61,-0.043633231299858244,-0.03866575573648976,0.058300081821047386,107.77318163061724,-138.45411908348623,301.38160461651375,62985.857957817025,0.03657220845079277,0.11698648842815847,0.5269067756346144,False,False,False,below_power_or_outside_canonical_band_or_zero,False,,,,False,False,False,False,,,,,,,,,,,,,,,,,,,,,,,,,,,,,
134,62,-0.043633231299858244,-0.02899931680236732,0.05239102259615661,119.92866326759804,-146.3913763132857,293.4443473867143,376847.79765325726,0.21881350285372478,0.19904260548427485,0.5161989684203621,False,True,True,,True,0.43389656218957107,0.41744274281206967,0.4229475011680316,True,True,True,True,0.29282538337669367,0.9893460979066504,0.8439783278250783,True,0.0,0.0,0.23100791457814274,0.35679462391596267,False,False,False,False,-0.0164538193775014,-0.010949061021539475,,,,0.41744274281206967,True,False,0.4004704634485561,True,False,2.6404432264962994,False,True,-0.6869724941856283,False,True
134,63,-0.043633231299858244,-0.01933287786824488,0.04772440717636419,131.65559676750416,-156.10297318432757,283.7327505156724,150628.91853773204,0.08746141413472215,0.37114096891823534,0.5004724181457775,False,True,True,,True,0.4463676835236589,0.4511374733568594,0.44843147183252086,True,False,False,False,0.4734419176947226,0.9740902888303652,1.5594612304150812,True,5.551115123125783e-17,0.0,0.5739913554385307,0.6617642604773276,False,False,False,False,0.004769789833200477,0.002063788308861947,,high_circular_RMS,high_circular_RMS,0.4511374733568594,False,False,0.41922107081100063,False,False,2.6769463430079687,False,True,1.5655453426681545,False,True
134,64,-0.043633231299858244,-0.00966643893412244,0.04469115030220242,140.59126392345163,-167.50853068863424,272.32719301136575,408575.70091636246,0.23723604292013126,0.20830047220746792,0.5191075996144523,False,True,True,,True,0.47260733600047444,0.42770876417263426,0.4739787128516625,True,True,False,False,0.4456789053253893,0.9794068951440362,1.166454174400755,True,0.0,0.0,0.4029283393838097,0.5463103318206186,False,False,False,False,-0.044898571827840184,0.0013713768511880442,,,high_circular_RMS,0.42770876417263426,True,False,0.44839300197353477,False,False,-1.7540392214569203,False,True,2.7066297065489566,False,True
134,65,-0.043633231299858244,0.0,0.043633231299858244,143.99999999999997,180.0,259.8357237,610194.5656940027,0.3543043403020348,0.2908996707849578,0.6816697038523,False,True,True,,True,0.23082601156492044,0.22430404996234618,0.3665951856420559,False,True,False,False,1.088388185463007,0.6554495373363179,1.1818754936035585,True,2.7755575615628914e-17,0.0,0.3898326112705101,0.9535310494967919,False,False,False,False,-0.006521961602574261,0.13576917407713546,high_unwrapped_RMSE,,high_circular_RMS,0.22430404996234618,True,False,0.2638008300419905,False,False,2.5511468641111024,False,True,2.624636531389584,False,True
134,66,-0.043633231299858244,0.00966643893412244,0.04469115030220242,140.59126392345163,167.50853068863424,247.34425438863423,961836.4468985589,0.558482239856166,0.35395177181659754,0.7184919894449662,False,True,True,,True,0.3698932696979306,0.37710185800771173,0.37396412921018446,True,True,True,True,0.15915270777097562,0.9956419338452301,0.6838183728945767,True,5.551115123125783e-17,1.7763568394002505e-15,0.1988286818798806,0.22850468712258626,False,False,False,False,0.007208588309781105,0.004070859512253833,,,,0.37710185800771173,True,False,0.3766549808825761,True,False,0.37752001903582116,False,True,2.602799855600766,False,True
134,67,-0.043633231299858244,0.01933287786824488,0.04772440717636419,131.65559676750416,156.10297318432757,235.93869688432756,144755.69134500908,0.08405117418347814,0.578628000189024,0.5096538660767835,False,True,True,,True,0.3413441696602474,0.3114411227040964,0.42047191612242374,False,False,False,False,1.0562933937278973,0.8153866237468909,2.7117117430121613,False,5.551115123125783e-17,-4.440892098500626e-16,0.7627977360646488,0.8966259626545177,False,False,False,False,-0.02990304695615098,0.07912774646217635,large_wrapped_step;high_unwrapped_RMSE,high_circular_RMS,high_circular_RMS,0.3114411227040964,False,False,0.2937318344248361,False,False,2.6276665790441402,False,True,2.667551548338569,False,True
134,68,-0.043633231299858244,0.02899931680236732,0.05239102259615661,119.92866326759804,146.3913763132857,226.22710001328568,81570.26154497001,0.04736308602172641,0.3445826324949184,0.08437824334758097,False,False,False,below_power_or_outside_canonical_band_or_zero,False,,,,False,False,False,False,,,,,,,,,,,,,,,,,,,,,,,,,,,,,
134,69,-0.043633231299858244,0.03866575573648976,0.058300081821047386,107.77318163061724,138.45411908348623,218.28984278348622,61093.45986052188,0.035473403418518505,0.15470733264858752,0.03850996717460945,False,False,False,below_power_or_outside_canonical_band_or_zero,False,,,,False,False,False,False,,,,,,,,,,,,,,,,,,,,,,,,,,,,,
134,70,-0.043633231299858244,0.04833219467061221,0.06511420670901923,96.49484536082473,132.07502205084364,211.91074575084366,42222.46565089422,0.024516119414061233,0.09048659384447424,0.023677203116083227,False,False,False,below_power_or_outside_canonical_band_or_zero,False,,,,False,False,False,False,,,,,,,,,,,,,,,,,,,,,,,,,,,,,
134,71,-0.043633231299858244,0.05799863360473464,0.07257892513452636,86.57038245652699,126.95468601090327,206.79040971090328,51440.19072215247,0.029868313917372227,0.4164379673045561,0.015421166068529085,False,False,False,below_power_or_outside_canonical_band_or_zero,False,,,,False,False,False,False,,,,,,,,,,,,,,,,,,,,,,,,,,,,,
134,72,-0.043633231299858244,0.06766507253885708,0.08051348281720098,78.03892077858592,122.8155930076172,202.65131670761718,18702.535868468836,0.010859470086097035,0.5356147463759117,0.005205696630831569,False,False,False,below_power_or_outside_canonical_band_or_zero,False,,,,False,False,False,False,,,,,,,,,,,,,,,,,,,,,,,,,,,,,
134,73,-0.043633231299858244,0.07733151147297952,0.08879201281851028,70.76295612334339,119.43326066259243,199.26898436259245,22616.924595830715,0.013132326964388475,0.20225398116811608,0.007103325271822798,False,False,False,below_power_or_outside_canonical_band_or_zero,False,,,,False,False,False,False,,,,,,,,,,,,,,,,,,,,,,,,,,,,,
134,74,-0.043633231299858244,0.08699795040710197,0.0973267807373875,64.55761979976738,116.63574303449903,196.47146673449902,20944.613506560367,0.012161313601478856,0.3959225157703475,0.0026085249940519225,False,False,False,below_power_or_outside_canonical_band_or_zero,False,,,,False,False,False,False,,,,,,,,,,,,,,,,,,,,,,,,,,,,,
134,75,-0.043633231299858244,0.09666438934122441,0.10605594297529371,59.24406620610867,114.29388760258507,194.1296113025851,25127.916181073833,0.014590313100501762,0.26206535750446663,0.0033475884897862115,False,False,False,below_power_or_outside_canonical_band_or_zero,False,,,,False,False,False,False,,,,,,,,,,,,,,,,,,,,,,,,,,,,,
134,76,-0.043633231299858244,0.10633082827534684,0.11493521616714447,54.66719006333331,112.31096806028737,192.14669176028735,44457.67952619387,0.02581397754333067,0.13451831528068547,0.005943935648872635,False,False,False,below_power_or_outside_canonical_band_or_zero,False,,,,False,False,False,False,,,,,,,,,,,,,,,,,,,,,,,,,,,,,
134,77,-0.043633231299858244,0.11599726720946928,0.1239323399025934,50.69851268940743,110.61416187723613,190.44988557723613,54523.95679722026,0.031658876741592124,0.11885244371195533,0.002921391446412144,False,False,False,below_power_or_outside_canonical_band_or_zero,False,,,,False,False,False,False,,,,,,,,,,,,,,,,,,,,,,,,,,,,,
134,78,-0.043633231299858244,0.12566370614359174,0.13302340363789336,47.23368321173932,109.1481374579396,188.9838611579396,69759.58961116271,0.04050531874011838,0.04640391192996305,8.118572615889742e-05,False,False,False,below_power_or_outside_canonical_band_or_zero;low_endpoint_MSC,False,,,,False,False,False,False,,,,,,,,,,,,,,,,,,,,,,,,,,,,,
134,79,-0.043633231299858244,0.13533014507771415,0.1421903901127713,44.18853694821702,107.87039237833426,187.70611607833428,77341.2009765719,0.04490751758663314,0.027060410479958295,0.009922993574224982,False,False,False,below_power_or_outside_canonical_band_or_zero;low_endpoint_MSC,False,,,,False,False,False,False,,,,,,,,,,,,,,,,,,,,,,,,,,,,,
134,80,-0.043633231299858244,0.14499658401183663,0.15141951079292432,41.495216001405765,106.74790305839997,186.5836267584,33583.30391664092,0.019499862844263856,0.004428434179293743,0.0004988496860311142,False,False,False,below_power_or_outside_canonical_band_or_zero;low_endpoint_MSC,False,,,,False,False,False,False,,,,,,,,,,,,,,,,,,,,,,,,,,,,,
135,50,-0.039269908169872414,-0.14499658401183663,0.1502202884525649,41.826476116530884,-105.1540680503126,334.6816556496874,25543.66628753414,0.014831714901634464,0.18886504965506026,0.0023646185269904267,False,False,False,below_power_or_outside_canonical_band_or_zero,False,,,,False,False,False,False,,,,,,,,,,,,,,,,,,,,,,,,,,,,,
135,51,-0.039269908169872414,-0.13533014507771415,0.14091264618346136,44.589222311524736,-106.18159624518259,333.6541274548174,34376.19345719828,0.019960247484497498,0.05971167516960207,0.014695032893901063,False,False,False,below_power_or_outside_canonical_band_or_zero;low_endpoint_MSC,False,,,,False,False,False,False,,,,,,,,,,,,,,,,,,,,,,,,,,,,,
135,52,-0.039269908169872414,-0.12566370614359174,0.1316567230695538,47.72399890175149,-107.35402463626133,332.4816990637387,28456.96050583737,0.01652329467659968,0.13057872573282894,0.0028527360462275173,False,False,False,below_power_or_outside_canonical_band_or_zero,False,,,,False,False,False,False,,,,,,,,,,,,,,,,,,,,,,,,,,,,,
135,53,-0.039269908169872414,-0.11599726720946928,0.12246424656909145,51.306283125130406,-108.70310183936549,331.1326218606345,32771.659616107434,0.019028588410455422,0.15559918821177066,0.005290308702351288,False,False,False,below_power_or_outside_canonical_band_or_zero,False,,,,False,False,False,False,,,,,,,,,,,,,,,,,,,,,,,,,,,,,
135,54,-0.039269908169872414,-0.10633082827534684,0.11335065385515652,55.43139888022581,-110.27010483859367,329.56561886140634,26941.73543197622,0.015643491986792223,0.34691042730905064,0.006942294251998794,False,False,False,below_power_or_outside_canonical_band_or_zero,False,,,,False,False,False,False,,,,,,,,,,,,,,,,,,,,,,,,,,,,,
135,55,-0.039269908169872414,-0.09666438934122441,0.10433661799378985,60.22032751295009,-112.10944834375167,327.7262753562483,34243.637261268734,0.019883279844678636,0.06329752610485989,0.007403023864297048,False,False,False,below_power_or_outside_canonical_band_or_zero;low_endpoint_MSC,False,,,,False,False,False,False,,,,,,,,,,,,,,,,,,,,,,,,,,,,,
135,56,-0.039269908169872414,-0.08699795040710197,0.09545034867776432,65.82674022900964,-114.29388760258507,325.54183609741494,36804.809376725156,0.021370402883433802,0.02786480499455805,0.0091420315733551,False,False,False,below_power_or_outside_canonical_band_or_zero;low_endpoint_MSC,False,,,,False,False,False,False,,,,,,,,,,,,,,,,,,,,,,,,,,,,,
135,57,-0.039269908169872414,-0.07733151147297952,0.08673112679059217,72.44440997924555,-116.92202960781027,322.91369409218976,42476.39640523796,0.02466356216995964,0.024808801662254354,0.0027785310143027997,False,False,False,below_power_or_outside_canonical_band_or_zero;low_endpoint_MSC,False,,,,False,False,False,False,,,,,,,,,,,,,,,,,,,,,,,,,,,,,
135,58,-0.039269908169872414,-0.06766507253885708,0.07823482427512062,80.31187345783681,-120.12904264414198,319.70668105585804,62486.575720145804,0.036282304420524276,0.10898276343233208,0.008353411480032512,False,False,False,below_power_or_outside_canonical_band_or_zero,False,,,,False,False,False,False,,,,,,,,,,,,,,,,,,,,,,,,,,,,,
135,59,-0.039269908169872414,-0.05799863360473464,0.07004260980065254,89.70518553009501,-124.10127419424715,315.7344495057529,64666.67407723408,0.03754816018789448,0.3623889709579281,0.05873143657568578,False,False,False,below_power_or_outside_canonical_band_or_zero,False,,,,False,False,False,False,,,,,,,,,,,,,,,,,,,,,,,,,,,,,
135,60,-0.039269908169872414,-0.04833219467061221,0.06227460742026534,100.89482001511452,-129.0938588862295,310.7418648137705,87069.91084312451,0.050556411111829444,0.24323243474904438,0.14906444705070784,False,True,True,,True,0.267747134632699,0.304385237704678,0.3962107635430889,False,False,False,False,0.8300295687285734,0.8148476200199516,1.9189885485467124,True,5.551115123125783e-17,8.881784197001252e-16,0.7512962318426489,1.0992532799082861,False,False,False,False,0.03663810307197901,0.12846362891038987,high_unwrapped_RMSE,high_circular_RMS,high_circular_RMS,0.304385237704678,False,False,0.39655956042468254,False,False,-1.7761251100788027,False,True,2.6106352617114625,False,True
135,61,-0.039269908169872414,-0.03866575573648976,0.05511049223463807,114.0106911117458,-135.44414443311192,304.3915792668881,86876.94171076092,0.05044436520879361,0.06849579016838835,0.5788122071251517,False,True,False,low_endpoint_MSC,True,0.516495974156451,0.5646966624546175,0.6013869098049018,False,False,False,False,1.0426799354729028,0.9121115989828508,2.1163482305265737,True,1.1102230246251565e-16,1.7763568394002505e-15,0.8415632337738866,1.2102539309913556,False,False,False,False,0.04820068829816648,0.08489093564845085,high_unwrapped_RMSE,high_circular_RMS,high_circular_RMS,0.5646966624546175,False,False,0.516190655706325,False,False,2.9180372094751146,False,True,2.821548734319613,False,True
135,62,-0.039269908169872414,-0.02899931680236732,0.048816862482899036,128.70932271365535,-143.55555824341292,296.2801654565871,77353.18963905654,0.04491447870263045,0.07762196752869369,0.4536243267504572,False,False,False,below_power_or_outside_canonical_band_or_zero;low_endpoint_MSC,False,,,,False,False,False,False,,,,,,,,,,,,,,,,,,,,,,,,,,,,,
135,63,-0.039269908169872414,-0.01933287786824488,0.04377083337496197,143.5473081664862,-153.78862198216848,286.04710171783154,93313.13326307818,0.05418148567856988,0.13332117897445714,0.4728564060734258,False,True,True,,True,0.27345182916746,0.1532679947469822,0.26345568468440406,False,False,False,False,0.6041082982014686,0.8965441503300785,2.0554740221618086,True,0.0,-8.881784197001252e-16,0.6678696027752106,0.7598741540866787,False,False,False,False,-0.12018383442047784,-0.009996144483055969,high_unwrapped_RMSE,high_circular_RMS,high_circular_RMS,0.1532679947469822,False,False,0.22682275403130997,False,False,-1.998321451155649,False,True,-3.0677261385472874,False,True
135,64,-0.039269908169872414,-0.00966643893412244,0.04044212815044888,155.36238062956255,-166.17134902771986,273.66437467228013,181183.73356712668,0.10520281038876415,0.06567729645164368,0.5538991760365454,False,True,False,low_endpoint_MSC,True,-0.27710384469038424,-0.09454628377151165,-0.4547403246426564,False,False,False,False,1.3702084996195714,0.6336730436490906,2.263877346006886,True,5.551115123125783e-17,-1.7763568394002505e-15,0.8408110841056664,1.3028842520131596,False,False,False,False,0.1825575609188726,-0.17763647995227216,high_unwrapped_RMSE,high_circular_RMS,high_circular_RMS,-0.09454628377151165,False,False,-0.016149166728780542,False,False,-0.02179916815734419,False,True,2.782641731672828,False,True
135,65,-0.039269908169872414,0.0,0.039269908169872414,160.0,180.0,259.8357237,1000476.7070119698,0.5809183817660998,0.082321223293857,0.7785772529630955,False,True,False,low_endpoint_MSC,True,0.300172274379769,0.30292316304540956,0.3025345985042384,True,True,True,False,0.18439092058670845,0.9911570772067928,0.6177461688176871,True,0.0,2.6645352591003757e-15,0.19995276428251302,0.23276926517418037,False,False,False,False,0.0027508886656405496,0.002362324124469406,,,,0.30292316304540956,True,False,0.31392922640278487,True,False,0.30315749408748777,False,True,-0.8133298910834991,False,True
135,66,-0.039269908169872414,0.00966643893412244,0.04044212815044888,155.36238062956255,166.17134902771986,246.00707272771984,985478.2275870679,0.572209640887476,0.13225939753093013,0.5007309800749767,False,True,True,,True,0.361971843166562,0.37320952611514147,0.3643517725089883,True,True,True,True,0.13473295126118937,0.9967349248866398,0.6319797833518453,True,5.551115123125783e-17,0.0,0.17279007127205304,0.19505766404746505,False,False,False,False,0.011237682948579464,0.0023799293424263124,,,,0.37320952611514147,True,False,0.366933346103849,True,False,-1.8630661464176699,False,True,-0.7515633513316397,False,True
135,67,-0.039269908169872414,0.01933287786824488,0.04377083337496197,143.5473081664862,153.78862198216848,233.6243456821685,104021.30246247585,0.06039909402406559,0.49593928298219103,0.3744202307602738,False,True,True,,True,0.16801161408281304,0.13782966951879783,0.3189318628792344,False,False,False,False,1.1611820644705775,0.4696217728865173,2.131988738067541,True,0.0,-4.440892098500626e-16,1.0039376107814189,1.3846066729586473,False,False,False,False,-0.030181944564015212,0.15092024879642138,high_unwrapped_RMSE,high_circular_RMS,high_circular_RMS,0.13782966951879783,False,False,0.11701358353525458,False,False,2.510472445439251,False,True,2.6590581076287205,False,True
135,68,-0.039269908169872414,0.02899931680236732,0.048816862482899036,128.70932271365535,143.55555824341292,223.39128194341293,87774.27389770416,0.0509653935928552,0.211267356503233,0.1269647299121361,False,True,True,,True,0.2638611635065821,0.14396601759772257,0.3913668125794869,False,False,False,False,1.3523135831222195,0.6168880682565845,2.372921018169951,True,5.551115123125783e-17,8.881784197001252e-16,1.1433233838307804,1.383861946754249,False,False,False,False,-0.11989514590885955,0.1275056490729048,high_unwrapped_RMSE,high_circular_RMS,high_circular_RMS,0.14396601759772257,False,False,0.4475939990925155,False,False,2.6815963816537662,False,True,2.5675951205680074,False,True
135,69,-0.039269908169872414,0.03866575573648976,0.05511049223463807,114.0106911117458,135.44414443311192,215.2798681331119,52601.834177343684,0.030542812415387522,0.05233441629462325,0.08703338524324565,False,False,False,below_power_or_outside_canonical_band_or_zero;low_endpoint_MSC,False,,,,False,False,False,False,,,,,,,,,,,,,,,,,,,,,,,,,,,,,
135,70,-0.039269908169872414,0.04833219467061221,0.06227460742026534,100.89482001511452,129.0938588862295,208.92958258622951,54487.41136989804,0.031637656946716164,0.06315467431115235,0.05384433692697491,False,False,False,below_power_or_outside_canonical_band_or_zero;low_endpoint_MSC,False,,,,False,False,False,False,,,,,,,,,,,,,,,,,,,,,,,,,,,,,
135,71,-0.039269908169872414,0.05799863360473464,0.07004260980065254,89.70518553009501,124.10127419424715,203.93699789424716,31788.024015763112,0.018457448675572308,0.22712439548115687,0.030822243200042104,False,False,False,below_power_or_outside_canonical_band_or_zero,False,,,,False,False,False,False,,,,,,,,,,,,,,,,,,,,,,,,,,,,,
135,72,-0.039269908169872414,0.06766507253885708,0.07823482427512062,80.31187345783681,120.12904264414198,199.964766344142,29687.74738929156,0.01723794072445274,0.21885341895111307,0.0028847014508708176,False,False,False,below_power_or_outside_canonical_band_or_zero,False,,,,False,False,False,False,,,,,,,,,,,,,,,,,,,,,,,,,,,,,
135,73,-0.039269908169872414,0.07733151147297952,0.08673112679059217,72.44440997924555,116.92202960781027,196.75775330781028,29760.752433477344,0.017280330489083874,0.2276049806839661,0.00209429609220439,False,False,False,below_power_or_outside_canonical_band_or_zero,False,,,,False,False,False,False,,,,,,,,,,,,,,,,,,,,,,,,,,,,,
135,74,-0.039269908169872414,0.08699795040710197,0.09545034867776432,65.82674022900964,114.29388760258507,194.1296113025851,42861.13348906609,0.02488695652044917,0.15538766420574252,7.292379563445401e-05,False,False,False,below_power_or_outside_canonical_band_or_zero,False,,,,False,False,False,False,,,,,,,,,,,,,,,,,,,,,,,,,,,,,
135,75,-0.039269908169872414,0.09666438934122441,0.10433661799378985,60.22032751295009,112.10944834375167,191.94517204375165,46112.44171656117,0.02677480128575129,0.1300699480599206,7.5283107257428e-05,False,False,False,below_power_or_outside_canonical_band_or_zero,False,,,,False,False,False,False,,,,,,,,,,,,,,,,,,,,,,,,,,,,,
135,76,-0.039269908169872414,0.10633082827534684,0.11335065385515652,55.43139888022581,110.27010483859367,190.10582853859367,90104.99933169693,0.05231870970503129,0.040030093093867555,0.0072008636705411105,False,True,False,low_endpoint_MSC,True,-0.4864360215698852,-1.0976814637837355,-2.14680343720645,False,False,False,False,2.1725976400830045,0.67950801727015,3.0202609553554285,False,0.0,-1.7763568394002505e-15,1.5897374493388448,1.672152198519172,False,True,False,False,-0.6112454422138504,-1.6603674156365646,large_wrapped_step;high_unwrapped_RMSE,high_circular_RMS,alternative_minimum;high_circular_RMS,-1.0976814637837355,False,False,-3.2144510915519384,False,True,2.2731860163233475,False,True,2.3252779172330214,False,True
135,77,-0.039269908169872414,0.11599726720946928,0.12246424656909145,51.306283125130406,108.70310183936549,188.5388255393655,65435.9228586416,0.03799481802024465,0.012512035514132274,0.00448782099987313,False,False,False,below_power_or_outside_canonical_band_or_zero;low_endpoint_MSC,False,,,,False,False,False,False,,,,,,,,,,,,,,,,,,,,,,,,,,,,,
135,78,-0.039269908169872414,0.12566370614359174,0.1316567230695538,47.72399890175149,107.35402463626133,187.18974833626135,74784.97259022779,0.043423265082589764,0.014306022778000376,0.023199941959268843,False,False,False,below_power_or_outside_canonical_band_or_zero;low_endpoint_MSC,False,,,,False,False,False,False,,,,,,,,,,,,,,,,,,,,,,,,,,,,,
135,79,-0.039269908169872414,0.13533014507771415,0.14091264618346136,44.589222311524736,106.18159624518259,186.01731994518258,28899.35579796387,0.016780167780592888,0.02264592150651041,0.01102923802585182,False,False,False,below_power_or_outside_canonical_band_or_zero;low_endpoint_MSC,False,,,,False,False,False,False,,,,,,,,,,,,,,,,,,,,,,,,,,,,,
135,80,-0.039269908169872414,0.14499658401183663,0.1502202884525649,41.826476116530884,105.1540680503126,184.9897917503126,21979.139689436135,0.012762002524907896,0.047763383724389874,0.005846787719229235,False,False,False,below_power_or_outside_canonical_band_or_zero;low_endpoint_MSC,False,,,,False,False,False,False,,,,,,,,,,,,,,,,,,,,,,,,,,,,,
136,50,-0.03490658503988659,-0.14499658401183663,0.14913912650357192,42.1296909435037,-103.53585636913425,336.29986733086577,24577.371341929487,0.01427064387201908,0.40140052766433026,0.006446481386170827,False,False,False,below_power_or_outside_canonical_band_or_zero,False,,,,False,False,False,False,,,,,,,,,,,,,,,,,,,,,,,,,,,,,
136,51,-0.03490658503988659,-0.13533014507771415,0.13975950002022045,44.957124963029585,-104.46341750630233,335.3723061936977,23946.400848722933,0.013904276164218637,0.06765399616858238,0.002301536189149684,False,False,False,below_power_or_outside_canonical_band_or_zero;low_endpoint_MSC,False,,,,False,False,False,False,,,,,,,,,,,,,,,,,,,,,,,,,,,,,
136,52,-0.03490658503988659,-0.12566370614359174,0.13042176475147776,48.17589548149703,-105.52411099675426,334.3116127032457,35303.03410516169,0.02049840970816185,0.21313857570569844,0.0010052068595912437,False,False,False,below_power_or_outside_canonical_band_or_zero,False,,,,False,False,False,False,,,,,,,,,,,,,,,,,,,,,,,,,,,,,
136,53,-0.03490658503988659,-0.11599726720946928,0.12113560863433943,51.869020001757214,-106.74790305839997,333.08782064160005,34275.35048701869,0.019901693862370527,0.17026536119075728,0.00720888113267753,False,False,False,below_power_or_outside_canonical_band_or_zero,False,,,,False,False,False,False,,,,,,,,,,,,,,,,,,,,,,,,,,,,,
136,54,-0.03490658503988659,-0.10633082827534684,0.11191387188757314,56.14304287042783,-108.17412006546908,331.66160363453093,22845.05779748941,0.013264790588384775,0.3770641296289382,0.0036591244362978847,False,False,False,below_power_or_outside_canonical_band_or_zero,False,,,,False,False,False,False,,,,,,,,,,,,,,,,,,,,,,,,,,,,,
136,55,-0.03490658503988659,-0.09666438934122441,0.10277389671438295,61.1360034799602,-109.85521436932105,329.98050933067896,39090.01308307393,0.022697287187480014,0.09163016181449696,0.0019840749941161724,False,False,False,below_power_or_outside_canonical_band_or_zero,False,,,,False,False,False,False,,,,,,,,,,,,,,,,,,,,,,,,,,,,,
136,56,-0.03490658503988659,-0.08699795040710197,0.0937396023790554,67.0280772236715,-111.86236242028646,327.9733612797136,25847.76501163703,0.015008287267052738,0.06445939585070361,0.00777949546370068,False,False,False,below_power_or_outside_canonical_band_or_zero;low_endpoint_MSC,False,,,,False,False,False,False,,,,,,,,,,,,,,,,,,,,,,,,,,,,,
136,57,-0.03490658503988659,-0.07733151147297952,0.08484475438023495,74.05508275763586,-114.29388760258507,325.54183609741494,46957.00452703522,0.027265189575375454,0.09229952314770339,0.00016104999750265385,False,False,False,below_power_or_outside_canonical_band_or_zero,False,,,,False,False,False,False,,,,,,,,,,,,,,,,,,,,,,,,,,,,,
136,58,-0.03490658503988659,-0.06766507253885708,0.07613824085724351,82.52338426048397,-117.28798794551551,322.5477357544845,36661.75168170326,0.021287337636528143,0.2387788653203792,0.03241628890685257,False,False,False,below_power_or_outside_canonical_band_or_zero,False,,,,False,False,False,False,,,,,,,,,,,,,,,,,,,,,,,,,,,,,
136,59,-0.03490658503988659,-0.05799863360473464,0.06769277050884451,92.81914833665505,-121.0417099254886,318.7940137745114,68383.47808702027,0.03970629116243291,0.17694050188607202,0.009066404178946627,False,False,False,below_power_or_outside_canonical_band_or_zero,False,,,,False,False,False,False,,,,,,,,,,,,,,,,,,,,,,,,,,,,,
136,60,-0.03490658503988659,-0.04833219467061221,0.05961938209026314,105.38829969198451,-125.8376529542783,313.9980707457217,125768.70068792881,0.07302653781781894,0.1565006055807917,0.002249610324484091,False,True,True,,True,0.5557442925935004,0.4799224623183543,0.5947283145895045,False,False,False,False,2.444154841595434,0.6861897777133374,2.6731242591078375,False,1.1102230246251565e-16,3.552713678800501e-15,1.131773455032543,1.399963301683019,False,False,False,False,-0.07582183027514616,0.03898402199600404,large_wrapped_step;high_unwrapped_RMSE,high_circular_RMS,high_circular_RMS,0.4799224623183543,False,False,0.537912671254044,False,False,2.7569258662915224,False,True,-2.735057908198312,False,True
136,61,-0.03490658503988659,-0.03866575573648976,0.05209136536721537,120.61855670103094,-132.07502205084364,307.7607016491564,88554.58586875112,0.05141847517318218,0.07787357181125384,0.30760485386197944,False,True,False,low_endpoint_MSC,True,0.10535276352818349,0.0656977945540498,0.3958078518225612,False,False,False,False,1.499742902856457,0.17267154062346945,2.9404664883946388,False,8.326672684688674e-17,6.661338147750939e-16,1.157379245337658,1.36453370484726,False,False,False,False,-0.03965496897413369,0.2904550882943777,large_wrapped_step;high_unwrapped_RMSE,high_circular_RMS,high_circular_RMS,0.0656977945540498,False,False,0.34801733198340146,False,False,2.6424177212030417,False,True,-2.9467106954877837,False,True
136,62,-0.03490658503988659,-0.02899931680236732,0.04538094373358599,138.45426714935112,-140.28124062844512,299.5544830715549,85291.79190274458,0.0495239613104561,0.06953880384281239,0.22481270451267255,False,False,False,below_power_or_outside_canonical_band_or_zero;low_endpoint_MSC,False,,,,False,False,False,False,,,,,,,,,,,,,,,,,,,,,,,,,,,,,
136,63,-0.03490658503988659,-0.01933287786824488,0.039902754864987795,157.46244409537482,-151.02029230207123,288.81543139792876,132624.90642090613,0.07700753598753343,0.06726217244471407,0.19777583914263666,False,True,False,low_endpoint_MSC,True,0.26415895201029094,0.21359950188003643,0.28221954344971434,True,False,False,False,0.44753535579463655,0.9364488341164392,1.5442283787913522,True,5.551115123125783e-17,8.881784197001252e-16,0.6121209468281759,0.6736056743141661,False,False,False,False,-0.05055945013025451,0.0180605914394234,,high_circular_RMS,high_circular_RMS,0.21359950188003643,False,False,0.2767676185967137,False,False,2.5002158023413332,False,True,2.515908242745049,False,True
136,64,-0.03490658503988659,-0.00966643893412244,0.03622029432257491,173.47140393786046,-164.52136183458165,275.31436186541833,274890.5786290893,0.15961290151060642,0.008435501453478282,0.6056783688391565,False,True,False,low_endpoint_MSC,True,0.2708096144271343,0.15836394647023155,0.22222924374874878,False,False,False,False,0.8262642652654639,0.8196031888380401,3.135056945693601,False,0.0,1.7763568394002505e-15,1.0289939553622813,1.1083528728259517,False,False,False,False,-0.11244566795690275,-0.048580370678385526,large_wrapped_step;high_unwrapped_RMSE,high_circular_RMS,high_circular_RMS,0.15836394647023155,False,False,0.08875673883710761,False,False,2.3383796762503994,False,True,2.5176602794307086,False,True
136,65,-0.03490658503988659,0.0,0.03490658503988659,180.0,180.0,259.8357237,1214312.4675056057,0.7050803168507115,0.20126512182645062,0.7117393772573705,False,True,True,,True,0.30343418799616184,0.33914499342213233,0.3112128846969921,True,True,True,True,0.1980282524188315,0.990030138247715,0.6464477134948949,True,0.0,8.881784197001252e-16,0.1546479937210544,0.24543966099107586,False,False,False,False,0.03571080542597049,0.0077786967008302565,,,,0.33914499342213233,True,False,0.3267510809836481,True,False,2.5447803172632315,False,True,2.538687439325383,False,True
136,66,-0.03490658503988659,0.00966643893412244,0.03622029432257491,173.47140393786046,164.52136183458165,244.35708553458164,837238.6417995252,0.4861355727099487,0.27108832229149854,0.6629178626362432,False,True,True,,True,0.3639199662024609,0.3666236608372922,0.36581391083035986,True,True,True,True,0.18731952022480014,0.993774737165584,0.6498817944115859,True,0.0,0.0,0.19934103359318406,0.24242833673415543,False,False,False,False,0.0027036946348312774,0.0018939446278989358,,,,0.3666236608372922,True,False,0.35610701488747454,True,False,-1.8678290007443223,False,True,-1.8626304914241052,False,True
136,67,-0.03490658503988659,0.01933287786824488,0.039902754864987795,157.46244409537482,151.02029230207123,230.85601600207121,66517.96870412328,0.03862309883592828,0.33390059175761155,0.5439255633641027,False,False,False,below_power_or_outside_canonical_band_or_zero,False,,,,False,False,False,False,,,,,,,,,,,,,,,,,,,,,,,,,,,,,
136,68,-0.03490658503988659,0.02899931680236732,0.04538094373358599,138.45426714935112,140.28124062844512,220.11696432844514,95101.8600198767,0.055220094819290924,0.19690819347645117,0.19796029053982617,False,True,True,,True,0.2548241330339825,0.21529305461077367,0.24925405826999758,False,False,False,False,0.8627353392397926,0.7867742555607421,2.9026813204177184,False,0.0,-8.881784197001252e-16,1.0339682617034114,1.0608616164986702,False,False,False,False,-0.039531078423208826,-0.005570074763984911,large_wrapped_step;high_unwrapped_RMSE,high_circular_RMS,high_circular_RMS,0.21529305461077367,False,False,0.28587031602489515,False,False,0.2705085314889903,False,True,2.472535048870748,False,True
136,69,-0.03490658503988659,0.03866575573648976,0.05209136536721537,120.61855670103094,132.07502205084364,211.91074575084366,65124.0368323407,0.03781372402332863,0.07392981085010006,0.06238858816142703,False,False,False,below_power_or_outside_canonical_band_or_zero;low_endpoint_MSC,False,,,,False,False,False,False,,,,,,,,,,,,,,,,,,,,,,,,,,,,,
136,70,-0.03490658503988659,0.04833219467061221,0.05961938209026314,105.38829969198451,125.8376529542783,205.6733766542783,36047.79356982697,0.020930848024802405,0.08334989092398298,0.02420221684185671,False,False,False,below_power_or_outside_canonical_band_or_zero;low_endpoint_MSC,False,,,,False,False,False,False,,,,,,,,,,,,,,,,,,,,,,,,,,,,,
136,71,-0.03490658503988659,0.05799863360473464,0.06769277050884451,92.81914833665505,121.0417099254886,200.8774336254886,31476.22567712058,0.0182764055937573,0.1129278867832395,0.00697574942114763,False,False,False,below_power_or_outside_canonical_band_or_zero,False,,,,False,False,False,False,,,,,,,,,,,,,,,,,,,,,,,,,,,,,
136,72,-0.03490658503988659,0.06766507253885708,0.07613824085724351,82.52338426048397,117.28798794551551,197.12371164551553,31947.33754963535,0.01854995273852736,0.05094329825392329,0.002790312295202303,False,False,False,below_power_or_outside_canonical_band_or_zero;low_endpoint_MSC,False,,,,False,False,False,False,,,,,,,,,,,,,,,,,,,,,,,,,,,,,
136,73,-0.03490658503988659,0.07733151147297952,0.08484475438023495,74.05508275763586,114.29388760258507,194.1296113025851,34569.21163164154,0.02007232186340424,0.37759612630030087,0.01217039266131354,False,False,False,below_power_or_outside_canonical_band_or_zero,False,,,,False,False,False,False,,,,,,,,,,,,,,,,,,,,,,,,,,,,,
136,74,-0.03490658503988659,0.08699795040710197,0.0937396023790554,67.0280772236715,111.86236242028646,191.69808612028646,44997.74906396132,0.026127564376209608,0.018563611359147247,0.0007967476645120607,False,False,False,below_power_or_outside_canonical_band_or_zero;low_endpoint_MSC,False,,,,False,False,False,False,,,,,,,,,,,,,,,,,,,,,,,,,,,,,
136,75,-0.03490658503988659,0.09666438934122441,0.10277389671438295,61.1360034799602,109.85521436932105,189.69093806932105,86205.33598481101,0.05005440299501166,0.0051481557046455136,0.0018114101388553782,False,True,False,low_endpoint_MSC,True,-0.03978529631253402,-2.446708293025436,-1.880752440110829,False,False,False,False,2.6013566649245714,0.00979613083822728,3.1121704445172873,False,2.0816681711721685e-17,0.0,1.6680375377493757,1.7318661756374212,False,False,False,False,-2.406922996712902,-1.840967143798295,large_wrapped_step;high_unwrapped_RMSE,high_circular_RMS,high_circular_RMS,-2.446708293025436,False,False,-2.8266134155842613,False,True,-1.7990544395980994,False,True,2.6039032856982605,False,True
136,76,-0.03490658503988659,0.10633082827534684,0.11191387188757314,56.14304287042783,108.17412006546908,188.0098437654691,87884.52038461383,0.051029407287848896,0.04611924118814489,0.0007100660607102185,False,True,False,low_endpoint_MSC,True,0.3489166179717844,-0.27840723437420023,-1.9419167052418207,False,False,False,False,1.5513232494848361,0.6814834310961786,2.954227463416372,False,1.1102230246251565e-16,-3.552713678800501e-15,1.6793148334443302,1.5667890021212054,False,False,False,False,-0.6273238523459846,-2.2908333232136053,large_wrapped_step;high_unwrapped_RMSE,high_circular_RMS,high_circular_RMS,-0.27840723437420023,False,False,-1.8587162992202784,False,True,-1.8642364976952475,False,True,-3.0845348814362126,False,True
136,77,-0.03490658503988659,0.11599726720946928,0.12113560863433943,51.869020001757214,106.74790305839997,186.5836267584,44680.50481214657,0.025943359170733885,0.02406545230159634,0.0069272897099384705,False,False,False,below_power_or_outside_canonical_band_or_zero;low_endpoint_MSC,False,,,,False,False,False,False,,,,,,,,,,,,,,,,,,,,,,,,,,,,,
136,78,-0.03490658503988659,0.12566370614359174,0.13042176475147776,48.17589548149703,105.52411099675426,185.35983469675426,30180.440171639824,0.017524018642932623,0.08728204014033919,0.0003507372889305396,False,False,False,below_power_or_outside_canonical_band_or_zero;low_endpoint_MSC,False,,,,False,False,False,False,,,,,,,,,,,,,,,,,,,,,,,,,,,,,
136,79,-0.03490658503988659,0.13533014507771415,0.13975950002022045,44.957124963029585,104.46341750630233,184.29914120630235,29895.80958474387,0.017358750287575747,0.1466515419614203,0.0001703788001924424,False,False,False,below_power_or_outside_canonical_band_or_zero,False,,,,False,False,False,False,,,,,,,,,,,,,,,,,,,,,,,,,,,,,
136,80,-0.03490658503988659,0.14499658401183663,0.14913912650357192,42.1296909435037,103.53585636913425,183.37158006913427,17904.548484448274,0.010396125425950498,0.21861985867878908,0.0029646065164867248,False,False,False,below_power_or_outside_canonical_band_or_zero,False,,,,False,False,False,False,,,,,,,,,,,,,,,,,,,,,,,,,,,,,
137,50,-0.030543261909900768,-0.14499658401183663,0.1481786091957891,42.402782299552996,-101.89534210160338,337.94038159839664,23330.71818254832,0.013546785204550233,0.3607480988613877,0.0023431600267829916,False,False,False,below_power_or_outside_canonical_band_or_zero,False,,,,False,False,False,False,,,,,,,,,,,,,,,,,,,,,,,,,,,,,
137,51,-0.030543261909900768,-0.13533014507771415,0.13873405859720228,45.28942186735892,-102.71824934637344,337.11747435362656,22980.499848160314,0.013343433875477196,0.018547504130649744,0.0005823673330227106,False,False,False,below_power_or_outside_canonical_band_or_zero;low_endpoint_MSC,False,,,,False,False,False,False,,,,,,,,,,,,,,,,,,,,,,,,,,,,,
137,52,-0.030543261909900768,-0.12566370614359174,0.1293223023683068,48.58547359669816,-103.66115370690551,336.1745699930945,22490.402238172945,0.013058862821992501,0.27736437786503737,0.0003277277562348621,False,False,False,below_power_or_outside_canonical_band_or_zero,False,,,,False,False,False,False,,,,,,,,,,,,,,,,,,,,,,,,,,,,,
137,53,-0.030543261909900768,-0.11599726720946928,0.1199510602210827,52.38124027915218,-104.75172300098575,335.08400069901427,27451.584103385256,0.015939531327903027,0.17424131600767445,0.0012828922070200817,False,False,False,below_power_or_outside_canonical_band_or_zero,False,,,,False,False,False,False,,,,,,,,,,,,,,,,,,,,,,,,,,,,,
137,54,-0.030543261909900768,-0.10633082827534684,0.11063062817239218,56.79426584642274,-106.0265783979973,333.8091453020027,17447.220589775246,0.010130581831933798,0.295318482622667,0.0034088045536790085,False,False,False,below_power_or_outside_canonical_band_or_zero,False,,,,False,False,False,False,,,,,,,,,,,,,,,,,,,,,,,,,,,,,
137,55,-0.030543261909900768,-0.09666438934122441,0.10137502165133487,61.97961987904396,-107.53508910801762,332.3006345919824,37516.7972291268,0.021783812639158715,0.04640672279111813,0.008634382089229708,False,False,False,below_power_or_outside_canonical_band_or_zero;low_endpoint_MSC,False,,,,False,False,False,False,,,,,,,,,,,,,,,,,,,,,,,,,,,,,
137,56,-0.030543261909900768,-0.08699795040710197,0.09220376469067502,68.1445636006122,-109.34516669097849,330.49055700902153,44506.17843107619,0.025842138024373563,0.0745087618773288,0.03396018766861076,False,False,False,below_power_or_outside_canonical_band_or_zero;low_endpoint_MSC,False,,,,False,False,False,False,,,,,,,,,,,,,,,,,,,,,,,,,,,,,
137,57,-0.030543261909900768,-0.07733151147297952,0.08314477442865763,75.56921466629119,-111.55229897119891,328.2834247288011,49556.11295878872,0.02877434001698669,0.024663174213133868,0.0163494082875685,False,False,False,below_power_or_outside_canonical_band_or_zero;low_endpoint_MSC,False,,,,False,False,False,False,,,,,,,,,,,,,,,,,,,,,,,,,,,,,
137,58,-0.030543261909900768,-0.06766507253885708,0.07423916008270558,84.63438029444097,-114.29388760258507,325.54183609741494,98527.65500909105,0.05720925385462767,0.14729023648357498,0.01565932597733506,False,True,True,,True,-0.18366052271375946,0.10983506236781924,0.20321116404990475,False,False,False,False,1.728608496476287,0.3231556331027935,3.057496516221061,False,2.7755575615628914e-17,-2.6645352591003757e-15,1.2971287468740151,1.293420000875958,False,False,False,False,0.2934955850815787,0.38687168676366424,large_wrapped_step;high_unwrapped_RMSE,high_circular_RMS,high_circular_RMS,0.10983506236781924,False,False,0.1641603768307218,False,False,-1.963051724099094,False,True,2.419394867175066,False,True
137,59,-0.030543261909900768,-0.05799863360473464,0.06554946489570337,95.85410524978116,-117.77220457569202,322.06351912430796,47618.724222735356,0.027649411548875416,0.10407554820164909,0.0025860058666119855,False,False,False,below_power_or_outside_canonical_band_or_zero,False,,,,False,False,False,False,,,,,,,,,,,,,,,,,,,,,,,,,,,,,
137,60,-0.030543261909900768,-0.04833219467061221,0.057174223998011114,109.89541908602303,-122.29061186374423,317.5451118362558,94556.1299485617,0.05490322124523618,0.08848260743873382,0.0031142140342121866,False,True,False,low_endpoint_MSC,True,0.20324737079163094,0.30663082346312087,0.4967946632084194,False,False,False,False,1.6888379729229868,0.3798733701891984,3.1360199445581927,False,8.326672684688674e-17,8.881784197001252e-16,0.9453325719167882,1.1178493156724112,False,False,False,False,0.10338345267148993,0.29354729241678845,large_wrapped_step;high_unwrapped_RMSE,high_circular_RMS,high_circular_RMS,0.30663082346312087,False,False,0.41385660710616545,False,False,-1.7530327361594076,False,True,-2.825959763815559,False,True
137,61,-0.030543261909900768,-0.03866575573648976,0.04927404504169194,127.51511068074956,-128.30628559023984,311.5294381097602,46549.677988554016,0.02702867884811266,0.04534090848842233,0.031940849993053126,False,False,False,below_power_or_outside_canonical_band_or_zero;low_endpoint_MSC,False,,,,False,False,False,False,,,,,,,,,,,,,,,,,,,,,,,,,,,,,
137,62,-0.030543261909900768,-0.02899931680236732,0.042117113185745035,149.18366506910056,-136.48535253375238,303.3503711662476,140295.26242220594,0.08146126366016747,0.04360394442369466,0.2985569943176066,False,True,False,low_endpoint_MSC,True,0.26914096236768587,0.28356932730898815,0.373373204286411,False,False,False,False,1.1387196658392635,0.7026208543468493,2.357002188503308,True,0.0,4.440892098500626e-16,0.9548043637317878,1.1543211070868442,False,False,False,False,0.014428364941302285,0.10423224191872515,high_unwrapped_RMSE,high_circular_RMS,high_circular_RMS,0.28356932730898815,False,False,0.21666893408262863,False,False,0.3157676330546637,False,True,-2.953235667497743,False,True
137,63,-0.030543261909900768,-0.01933287786824488,0.036147628065549026,173.82012716811866,-147.66753813903912,292.16818556096086,116986.4771141242,0.06792721359462976,0.06365894250273031,0.3295481754910131,False,True,False,low_endpoint_MSC,True,0.4251361867968467,0.2909465464429685,0.445385291832066,False,False,False,False,0.5980726931281224,0.9553000501530381,2.3375620059896445,True,0.0,1.7763568394002505e-15,0.8016732031451184,0.8973509157827521,False,False,False,False,-0.1341896403538782,0.02024910503521926,high_unwrapped_RMSE,high_circular_RMS,high_circular_RMS,0.2909465464429685,False,False,0.4012447414781785,False,False,-1.8168757532535673,False,True,-2.887265185230897,False,True
137,64,-0.030543261909900768,-0.00966643893412244,0.03203639945068598,196.12645037877522,-162.4382790727536,277.3974446272464,114894.60755308252,0.06671258713531375,0.01761336628447827,0.5508191615647144,False,True,False,low_endpoint_MSC,True,0.4387651193267973,0.3044567176634096,0.42073640744250695,False,False,False,False,0.7387649564166886,0.9371815052612248,2.715699587046717,False,0.0,0.0,0.9004270237988092,1.020956874916217,False,False,False,False,-0.1343084016633877,-0.018028711884290338,large_wrapped_step;high_unwrapped_RMSE,high_circular_RMS,high_circular_RMS,0.3044567176634096,False,False,0.3925834844259783,False,False,2.6534918293955054,False,True,2.65444269542632,False,True
137,65,-0.030543261909900768,0.0,0.030543261909900768,205.7142857142857,180.0,259.8357237,222995.38623559423,0.1294803947012211,0.1980023885321668,0.6906533873418311,False,True,True,,True,0.36531382857171124,0.3601689854369581,0.35269322865963604,False,False,False,False,0.580516663776454,0.9436586173659297,1.5980108830246915,True,1.1102230246251565e-16,8.881784197001252e-16,0.57889167233798,0.7001737095321396,False,False,False,False,-0.005144843134753163,-0.012620599912075203,high_unwrapped_RMSE,high_circular_RMS,high_circular_RMS,0.3601689854369581,False,False,0.35752140700288704,False,False,-1.8739366812248037,False,True,2.581119966907277,False,True
137,66,-0.030543261909900768,0.00966643893412244,0.03203639945068598,196.12645037877522,162.4382790727536,242.2740027727536,319613.29709185107,0.18558077168237805,0.29298693698458006,0.5879171776532961,False,True,True,,True,0.3254275211184758,0.3472683468631171,0.32787280654346734,True,True,True,True,0.24827761167081816,0.9864248079815295,0.6436866311709301,True,0.0,8.881784197001252e-16,0.26990765357067115,0.3049928059825269,False,False,False,False,0.0218408257446413,0.002445285424991561,,,,0.3472683468631171,True,False,0.33251054338618435,True,False,2.5619813505325317,False,True,2.556168954789613,False,True
137,67,-0.030543261909900768,0.01933287786824488,0.036147628065549026,173.82012716811866,147.66753813903912,227.5032618390391,114364.27580708243,0.06640465446928931,0.35120025377982983,0.5581087953667562,False,True,True,,True,0.4311888676128146,0.4219423697646233,0.3978234921127048,False,False,False,False,0.5303772610247902,0.9654629101335269,1.8579226802964144,True,1.6653345369377348e-16,1.7763568394002505e-15,0.704690075067336,0.7940556178195006,False,False,False,False,-0.009246497848191315,-0.03336537550010982,high_unwrapped_RMSE,high_circular_RMS,high_circular_RMS,0.4219423697646233,False,False,0.3630767765147942,False,False,-1.8385389655632338,False,True,-2.940259256237497,False,True
137,68,-0.030543261909900768,0.02899931680236732,0.042117113185745035,149.18366506910056,136.48535253375238,216.32107623375236,66718.36737259026,0.03873945863658931,0.0920887432487735,0.164631280000359,False,False,False,below_power_or_outside_canonical_band_or_zero,False,,,,False,False,False,False,,,,,,,,,,,,,,,,,,,,,,,,,,,,,
137,69,-0.030543261909900768,0.03866575573648976,0.04927404504169194,127.51511068074956,128.30628559023984,208.14200929023986,34790.834263968165,0.020201005180098774,0.08140374468261818,0.027578342425742332,False,False,False,below_power_or_outside_canonical_band_or_zero;low_endpoint_MSC,False,,,,False,False,False,False,,,,,,,,,,,,,,,,,,,,,,,,,,,,,
137,70,-0.030543261909900768,0.04833219467061221,0.057174223998011114,109.89541908602303,122.29061186374423,202.12633556374425,38650.50703290483,0.02244209169751886,0.007542144727263229,0.016246315788220896,False,False,False,below_power_or_outside_canonical_band_or_zero;low_endpoint_MSC,False,,,,False,False,False,False,,,,,,,,,,,,,,,,,,,,,,,,,,,,,
137,71,-0.030543261909900768,0.05799863360473464,0.06554946489570337,95.85410524978116,117.77220457569202,197.60792827569202,45686.52326877885,0.026527495322787906,0.05099773909950763,0.013740684425827064,False,False,False,below_power_or_outside_canonical_band_or_zero;low_endpoint_MSC,False,,,,False,False,False,False,,,,,,,,,,,,,,,,,,,,,,,,,,,,,
137,72,-0.030543261909900768,0.06766507253885708,0.07423916008270558,84.63438029444097,114.29388760258507,194.1296113025851,49264.41316543759,0.028604966986382974,0.05116782825106282,0.0010501769193095166,False,False,False,below_power_or_outside_canonical_band_or_zero;low_endpoint_MSC,False,,,,False,False,False,False,,,,,,,,,,,,,,,,,,,,,,,,,,,,,
137,73,-0.030543261909900768,0.07733151147297952,0.08314477442865763,75.56921466629119,111.55229897119891,191.3880226711989,50951.27825233089,0.02958443100555285,0.023039973374892147,0.011910088791280037,False,False,False,below_power_or_outside_canonical_band_or_zero;low_endpoint_MSC,False,,,,False,False,False,False,,,,,,,,,,,,,,,,,,,,,,,,,,,,,
137,74,-0.030543261909900768,0.08699795040710197,0.09220376469067502,68.1445636006122,109.34516669097849,189.1808903909785,97063.49570157428,0.056359102072373095,0.017976045073575826,0.0029966477303877475,False,True,False,low_endpoint_MSC,True,-0.14268980465402362,3.2051856923488855,-0.6810828715091403,False,False,False,False,2.4804057805433684,0.1227814581064346,3.023327809037261,False,8.326672684688674e-17,-2.220446049250313e-16,1.8393255005688673,1.768531102030354,False,True,False,False,3.347875497002909,-0.5383930668551167,large_wrapped_step;high_unwrapped_RMSE,high_circular_RMS,alternative_minimum;high_circular_RMS,3.2051856923488855,False,False,0.14968461843377287,False,False,-3.2144510915519384,False,True,-2.891057955442159,False,True
137,75,-0.030543261909900768,0.09666438934122441,0.10137502165133487,61.97961987904396,107.53508910801762,187.3708128080176,87242.62840213155,0.05065669810919555,0.004492465694669139,0.0011605339585218785,False,True,False,low_endpoint_MSC,True,-0.083355343041379,1.947289433490084,0.7937402481667223,False,False,False,False,1.7987807959231628,0.08326083357570102,2.931052955426625,False,8.326672684688674e-17,-2.220446049250313e-16,1.7671577158463172,1.654266921452329,False,False,False,False,2.0306447765314632,0.8770955912081013,large_wrapped_step;high_unwrapped_RMSE,high_circular_RMS,high_circular_RMS,1.947289433490084,False,False,1.0231195955781833,False,True,-1.668588932498655,False,True,-2.4372389879705554,False,True
137,76,-0.030543261909900768,0.10633082827534684,0.11063062817239218,56.79426584642274,106.0265783979973,185.86230209799731,54911.48183022371,0.03188388989131209,0.14675584409158582,0.003009728944581985,False,False,False,below_power_or_outside_canonical_band_or_zero,False,,,,False,False,False,False,,,,,,,,,,,,,,,,,,,,,,,,,,,,,
137,77,-0.030543261909900768,0.11599726720946928,0.1199510602210827,52.38124027915218,104.75172300098575,184.58744670098577,24001.55411402796,0.013936300443650192,0.19248325856428672,0.012116024944399909,False,False,False,below_power_or_outside_canonical_band_or_zero,False,,,,False,False,False,False,,,,,,,,,,,,,,,,,,,,,,,,,,,,,
137,78,-0.030543261909900768,0.12566370614359174,0.1293223023683068,48.58547359669816,103.66115370690551,183.49687740690553,21345.053532718484,0.012393825733305396,0.2877253182210622,0.00014012822558943396,False,False,False,below_power_or_outside_canonical_band_or_zero,False,,,,False,False,False,False,,,,,,,,,,,,,,,,,,,,,,,,,,,,,
137,79,-0.030543261909900768,0.13533014507771415,0.13873405859720228,45.28942186735892,102.71824934637344,182.55397304637344,24602.56198973203,0.014285270609707752,0.0060549557620469185,0.0019128955371817964,False,False,False,below_power_or_outside_canonical_band_or_zero;low_endpoint_MSC,False,,,,False,False,False,False,,,,,,,,,,,,,,,,,,,,,,,,,,,,,
137,80,-0.030543261909900768,0.14499658401183663,0.1481786091957891,42.402782299552996,101.89534210160338,181.7310658016034,19578.995766435943,0.011368379151187184,0.04869266426381946,0.005803942330200413,False,False,False,below_power_or_outside_canonical_band_or_zero;low_endpoint_MSC,False,,,,False,False,False,False,,,,,,,,,,,,,,,,,,,,,,,,,,,,,
138,49,-0.02617993877991494,-0.15466302294595904,0.15686312460646173,40.0552094250503,-99.60743573357124,340.22828796642875,16756.106810215228,0.009729292430966808,0.1279362172629376,0.0012366412520892337,False,False,False,below_power_or_outside_canonical_band_or_zero,False,,,,False,False,False,False,,,,,,,,,,,,,,,,,,,,,,,,,,,,,
138,50,-0.02617993877991494,-0.14499658401183663,0.1473410959970832,42.64380731431487,-100.23480276342322,339.6009209365768,16875.578264381424,0.009798662525577755,0.0456281869260042,0.00013829473465908236,False,False,False,below_power_or_outside_canonical_band_or_zero;low_endpoint_MSC,False,,,,False,False,False,False,,,,,,,,,,,,,,,,,,,,,,,,,,,,,
138,51,-0.02617993877991494,-0.13533014507771415,0.13783917208571464,45.583452164617015,-100.94876042432102,338.88696327567897,32856.80625033504,0.019078028087183188,0.006522666836714924,0.0006376898564694843,False,False,False,below_power_or_outside_canonical_band_or_zero;low_endpoint_MSC,False,,,,False,False,False,False,,,,,,,,,,,,,,,,,,,,,,,,,,,,,
138,52,-0.02617993877991494,-0.12566370614359174,0.1283618176727919,48.94902098688025,-101.76828893202065,338.06743476797936,20367.649245351644,0.011826304157871457,0.08788579834166836,0.0076814730073670005,False,False,False,below_power_or_outside_canonical_band_or_zero;low_endpoint_MSC,False,,,,False,False,False,False,,,,,,,,,,,,,,,,,,,,,,,,,,,,,
138,53,-0.02617993877991494,-0.11599726720946928,0.11891490736903053,52.837658845252065,-102.71824934637344,337.11747435362656,26587.28489497468,0.015437683264882021,0.2371930823889395,0.006781862862093065,False,False,False,below_power_or_outside_canonical_band_or_zero,False,,,,False,False,False,False,,,,,,,,,,,,,,,,,,,,,,,,,,,,,
138,54,-0.02617993877991494,-0.10633082827534684,0.10950632053101499,57.37737581457709,-103.83179909203045,336.00392460796957,25823.99094463965,0.014994483055089257,0.2793577478624384,0.010430548335493837,False,False,False,below_power_or_outside_canonical_band_or_zero,False,,,,False,False,False,False,,,,,,,,,,,,,,,,,,,,,,,,,,,,,
138,55,-0.02617993877991494,-0.09666438934122441,0.1001468589683766,62.739714174796326,-105.1540680503126,334.6816556496874,37701.13459948602,0.021890846582215635,0.07476065572436391,0.004630851341968532,False,False,False,below_power_or_outside_canonical_band_or_zero;low_endpoint_MSC,False,,,,False,False,False,False,,,,,,,,,,,,,,,,,,,,,,,,,,,,,
138,56,-0.02617993877991494,-0.08699795040710197,0.09085170647575458,69.15869333567629,-106.74790305839996,333.08782064160005,56126.32931494342,0.03258928086140645,0.14695491756647427,0.012422222036219847,False,False,False,below_power_or_outside_canonical_band_or_zero,False,,,,False,False,False,False,,,,,,,,,,,,,,,,,,,,,,,,,,,,,
138,57,-0.02617993877991494,-0.07733151147297952,0.08164283104606097,76.9594246876956,-108.70310183936549,331.1326218606345,43669.66964595301,0.02535642623680161,0.010576328702529468,0.022254763967006323,False,False,False,below_power_or_outside_canonical_band_or_zero;low_endpoint_MSC,False,,,,False,False,False,False,,,,,,,,,,,,,,,,,,,,,,,,,,,,,
138,58,-0.02617993877991494,-0.06766507253885708,0.07255309253373618,86.601205927342,-111.15169138346481,328.6840323165352,58158.79625846332,0.03376941569068094,0.12782009412300108,0.010877000858609435,False,False,False,below_power_or_outside_canonical_band_or_zero,False,,,,False,False,False,False,,,,,,,,,,,,,,,,,,,,,,,,,,,,,
138,59,-0.02617993877991494,-0.05799863360473464,0.0636335657851762,98.74011034351449,-114.29388760258507,325.54183609741494,25995.08012869342,0.015093824550240137,0.16743991756013848,0.004531890938596017,False,False,False,below_power_or_outside_canonical_band_or_zero,False,,,,False,False,False,False,,,,,,,,,,,,,,,,,,,,,,,,,,,,,
138,60,-0.02617993877991494,-0.04833219467061221,0.05496717416966283,114.30795564978062,-118.44292862436335,321.3927950756366,53973.65786204623,0.031339350295180736,0.24575671331762156,0.023256230590993375,False,False,False,below_power_or_outside_canonical_band_or_zero,False,,,,False,False,False,False,,,,,,,,,,,,,,,,,,,,,,,,,,,,,
138,61,-0.02617993877991494,-0.03866575573648976,0.046695073200435026,134.5577782951425,-124.10127419424715,315.7344495057529,34520.79674586612,0.020044210167348822,0.10486082459907707,0.04167557797223345,False,False,False,below_power_or_outside_canonical_band_or_zero,False,,,,False,False,False,False,,,,,,,,,,,,,,,,,,,,,,,,,,,,,
138,62,-0.02617993877991494,-0.02899931680236732,0.03906852402541153,160.82474226804123,-132.07502205084364,307.7607016491564,123881.13859378343,0.07193054077008272,0.015875112263129168,0.06957046069650505,False,True,False,low_endpoint_MSC,True,0.23353246181184137,0.1339662432324869,0.24025272278983176,False,False,False,False,0.902027714669497,0.7392377065084732,2.2879964475174503,True,0.0,4.440892098500626e-16,0.9890752656195773,1.133413388435438,False,False,False,False,-0.09956621857935447,0.006720260977990389,high_unwrapped_RMSE,high_circular_RMS,high_circular_RMS,0.1339662432324869,False,False,0.1918274298427147,False,False,0.261200555824414,False,True,2.4716654217701386,False,True
138,63,-0.02617993877991494,-0.01933287786824488,0.03254457498859936,193.06398407048297,-143.5555582434129,296.2801654565871,94752.83201119039,0.055017434642820995,0.15141636040095294,0.1770142148675974,False,True,True,,True,-0.04856944834342719,-0.04328653341798769,-0.0353359978704346,False,False,False,False,1.0426736427319938,0.08405853867761992,1.7758679116950529,True,6.938893903907228e-18,0.0,0.7464744542700049,1.1583620447240608,False,False,False,False,0.0052829149254395025,0.01323345047299259,high_unwrapped_RMSE,high_circular_RMS,high_circular_RMS,-0.04328653341798769,False,False,-0.07873997963387064,False,False,-2.2334240052031196,False,True,-2.2725726481508572,False,True
138,64,-0.02617993877991494,-0.00966643893412244,0.027907512181977318,225.14315379345314,-159.7343025290525,280.1014211709475,105326.53043079548,0.06115696366148737,0.2520644636359443,0.11974285188674777,False,True,True,,True,0.33762014085055636,0.27714740858962345,0.2961459825862122,False,False,False,False,0.913799707783244,0.8523658548816782,2.397823541855038,True,0.0,0.0,0.9699649886627715,1.113623679750502,False,False,False,False,-0.060472732260932915,-0.04147415826434414,high_unwrapped_RMSE,high_circular_RMS,high_circular_RMS,0.27714740858962345,False,False,0.4608098978322867,False,False,2.5425654968314024,False,True,2.5120998354613113,False,True
138,65,-0.02617993877991494,0.0,0.02617993877991494,240.0,180.0,259.8357237,190117.64342491975,0.11039020997644018,0.16892890036132127,0.3268994648114194,False,True,True,,True,0.1802297523566514,0.2494468851233463,0.22618169122827803,False,False,False,False,0.944418474883415,0.6063475069219806,3.0675274921234252,False,8.326672684688674e-17,-4.440892098500626e-16,1.0816346992509889,0.9489033826500565,False,False,False,False,0.06921713276669492,0.04595193887162663,large_wrapped_step;high_unwrapped_RMSE,high_circular_RMS,high_circular_RMS,0.2494468851233463,False,False,0.20123982140490615,False,False,2.4104204737435557,False,True,2.4698339665794538,False,True
138,66,-0.02617993877991494,0.00966643893412244,0.027907512181977318,225.14315379345314,159.7343025290525,239.57002622905253,90773.0474980952,0.052706606251793416,0.27279971571469364,0.4759103675997546,False,True,True,,True,0.21507732095915896,0.4448772186516943,0.2274975313194837,False,False,False,False,1.2805233952656412,0.544036961899474,2.1937529053997715,True,0.0,0.0,1.187274408041997,1.3284441221485923,False,False,False,False,0.2297998976925353,0.01242021036032473,high_unwrapped_RMSE,high_circular_RMS,high_circular_RMS,0.4448772186516943,False,False,0.08754150199085088,False,False,2.451176109544194,False,True,2.4673865389242335,False,True
138,67,-0.02617993877991494,0.01933287786824488,0.03254457498859936,193.06398407048297,143.5555582434129,223.39128194341288,38276.412506178436,0.022224876858262382,0.3523127201410124,0.2532522922644567,False,False,False,below_power_or_outside_canonical_band_or_zero,False,,,,False,False,False,False,,,,,,,,,,,,,,,,,,,,,,,,,,,,,
138,68,-0.02617993877991494,0.02899931680236732,0.03906852402541153,160.82474226804123,132.07502205084364,211.91074575084366,74807.97217475595,0.043436619597824105,0.34850450282347906,0.05007348973528232,False,False,False,below_power_or_outside_canonical_band_or_zero,False,,,,False,False,False,False,,,,,,,,,,,,,,,,,,,,,,,,,,,,,
138,69,-0.02617993877991494,0.03866575573648976,0.046695073200435026,134.5577782951425,124.10127419424715,203.93699789424716,37031.61611606488,0.02150209630824564,0.0305655627099416,0.016613475783662176,False,False,False,below_power_or_outside_canonical_band_or_zero;low_endpoint_MSC,False,,,,False,False,False,False,,,,,,,,,,,,,,,,,,,,,,,,,,,,,
138,70,-0.02617993877991494,0.04833219467061221,0.05496717416966283,114.30795564978062,118.44292862436335,198.27865232436335,48416.80655688429,0.028112811341015065,0.038216598247012436,0.01361126354762827,False,False,False,below_power_or_outside_canonical_band_or_zero;low_endpoint_MSC,False,,,,False,False,False,False,,,,,,,,,,,,,,,,,,,,,,,,,,,,,
138,71,-0.02617993877991494,0.05799863360473464,0.0636335657851762,98.74011034351449,114.29388760258507,194.1296113025851,58741.123828828255,0.034107539294622215,0.08470663257470362,0.01709899096772203,False,False,False,below_power_or_outside_canonical_band_or_zero;low_endpoint_MSC,False,,,,False,False,False,False,,,,,,,,,,,,,,,,,,,,,,,,,,,,,
138,72,-0.02617993877991494,0.06766507253885708,0.07255309253373618,86.601205927342,111.15169138346481,190.9874150834648,78354.41100893858,0.04549582946662635,0.11844549135190872,0.011537786273478786,False,False,False,below_power_or_outside_canonical_band_or_zero,False,,,,False,False,False,False,,,,,,,,,,,,,,,,,,,,,,,,,,,,,
138,73,-0.02617993877991494,0.07733151147297952,0.08164283104606097,76.9594246876956,108.70310183936549,188.5388255393655,73471.26559854817,0.042660472171597776,0.10550326768692475,0.01900817562727126,False,False,False,below_power_or_outside_canonical_band_or_zero,False,,,,False,False,False,False,,,,,,,,,,,,,,,,,,,,,,,,,,,,,
138,74,-0.02617993877991494,0.08699795040710197,0.09085170647575458,69.15869333567629,106.74790305839996,186.58362675839996,63239.06772457004,0.036719232571313126,0.11127515701784356,0.0075469245502798946,False,False,False,below_power_or_outside_canonical_band_or_zero,False,,,,False,False,False,False,,,,,,,,,,,,,,,,,,,,,,,,,,,,,
138,75,-0.02617993877991494,0.09666438934122441,0.1001468589683766,62.739714174796326,105.1540680503126,184.9897917503126,49371.4405405962,0.028667111531224507,0.1881893114731101,0.0028803049575991746,False,False,False,below_power_or_outside_canonical_band_or_zero,False,,,,False,False,False,False,,,,,,,,,,,,,,,,,,,,,,,,,,,,,
138,76,-0.02617993877991494,0.10633082827534684,0.10950632053101499,57.37737581457709,103.83179909203045,183.66752279203047,21425.32818491794,0.0124404365346621,0.014930715036241746,0.0008187347751267207,False,False,False,below_power_or_outside_canonical_band_or_zero;low_endpoint_MSC,False,,,,False,False,False,False,,,,,,,,,,,,,,,,,,,,,,,,,,,,,
138,77,-0.02617993877991494,0.11599726720946928,0.11891490736903053,52.837658845252065,102.71824934637344,182.55397304637344,29281.071585539343,0.01700180784083495,0.15869154789210288,0.013055063891264972,False,False,False,below_power_or_outside_canonical_band_or_zero,False,,,,False,False,False,False,,,,,,,,,,,,,,,,,,,,,,,,,,,,,
138,78,-0.02617993877991494,0.12566370614359174,0.1283618176727919,48.94902098688025,101.76828893202065,181.60401263202067,22105.966152413323,0.012835643243498805,0.2762970002278957,0.005363645556746647,False,False,False,below_power_or_outside_canonical_band_or_zero,False,,,,False,False,False,False,,,,,,,,,,,,,,,,,,,,,,,,,,,,,
138,79,-0.02617993877991494,0.13533014507771415,0.13783917208571464,45.583452164617015,100.94876042432102,180.784484124321,20088.282567857088,0.01166409224721718,0.21054995694897508,0.000758568759680155,False,False,False,below_power_or_outside_canonical_band_or_zero,False,,,,False,False,False,False,,,,,,,,,,,,,,,,,,,,,,,,,,,,,
138,80,-0.02617993877991494,0.14499658401183663,0.1473410959970832,42.64380731431487,100.23480276342322,180.07052646342322,29763.530599798403,0.01728194360798229,0.3008183359527578,0.008672397074240404,False,False,False,below_power_or_outside_canonical_band_or_zero,False,,,,False,False,False,False,,,,,,,,,,,,,,,,,,,,,,,,,,,,,
138,81,-0.02617993877991494,0.15466302294595904,0.15686312460646173,40.0552094250503,99.60743573357124,179.44315943357122,17130.76326884137,0.009946833551252691,0.1093514307286537,0.0027786791930446975,False,False,False,below_power_or_outside_canonical_band_or_zero,False,,,,False,False,False,False,,,,,,,,,,,,,,,,,,,,,,,,,,,,,
139,49,-0.021816615649929122,-0.15466302294595904,0.1561941592544324,40.226762237277995,-98.02911311905099,341.80661058094904,23610.762942004578,0.013709390837790087,0.15378753401838977,0.003306880949547433,False,False,False,below_power_or_outside_canonical_band_or_zero,False,,,,False,False,False,False,,,,,,,,,,,,,,,,,,,,,,,,,,,,,
139,50,-0.021816615649929122,-0.14499658401183663,0.1466286946457559,42.850993950122096,-98.55670597241482,341.2790177275852,22956.516820454224,0.013329508332236431,0.06918552428619286,0.00010009582664364015,False,False,False,below_power_or_outside_canonical_band_or_zero;low_endpoint_MSC,False,,,,False,False,False,False,,,,,,,,,,,,,,,,,,,,,,,,,,,,,
139,51,-0.021816615649929122,-0.13533014507771415,0.13707739742631492,45.83677123398168,-99.15787925986396,340.677844440136,30231.882539741033,0.017553888221126822,0.07471164169772411,0.0009782942362031794,False,False,False,below_power_or_outside_canonical_band_or_zero;low_endpoint_MSC,False,,,,False,False,False,False,,,,,,,,,,,,,,,,,,,,,,,,,,,,,
139,52,-0.021816615649929122,-0.12566370614359174,0.1275434504792767,49.26309648648309,-99.84901451111703,339.98670918888297,18424.26396031837,0.010697893844050854,0.03249080967307667,0.010557503178078588,False,False,False,below_power_or_outside_canonical_band_or_zero;low_endpoint_MSC,False,,,,False,False,False,False,,,,,,,,,,,,,,,,,,,,,,,,,,,,,
139,53,-0.021816615649929122,-0.11599726720946928,0.11803105827908919,53.233321795037554,-100.65168309912008,339.18404060087994,28142.55331304461,0.01634073678557363,0.12100188047105556,0.0045592339238673864,False,False,False,below_power_or_outside_canonical_band_or_zero,False,,,,False,False,False,False,,,,,,,,,,,,,,,,,,,,,,,,,,,,,
139,54,-0.021816615649929122,-0.10633082827534684,0.1085458878085118,57.88506072439973,-101.59484546339185,338.2408782366082,32435.561120507744,0.01883343564696839,0.15739495805279274,0.012386095233948576,False,False,False,below_power_or_outside_canonical_band_or_zero,False,,,,False,False,False,False,,,,,,,,,,,,,,,,,,,,,,,,,,,,,
139,55,-0.021816615649929122,-0.09666438934122441,0.09909575614085879,63.40519061430247,-102.71824934637344,337.11747435362656,27819.550255030976,0.016153187777733974,0.09572566354635474,0.0073645636521242905,False,False,False,below_power_or_outside_canonical_band_or_zero,False,,,,False,False,False,False,,,,,,,,,,,,,,,,,,,,,,,,,,,,,
139,56,-0.021816615649929122,-0.08699795040710197,0.08969173927097916,70.05311033379175,-104.07784504312659,335.7578786568734,46665.986649012855,0.02709621249316965,0.12471537386890987,0.016431419342437713,False,False,False,below_power_or_outside_canonical_band_or_zero,False,,,,False,False,False,False,,,,,,,,,,,,,,,,,,,,,,,,,,,,,
139,57,-0.021816615649929122,-0.07733151147297952,0.08035003039895067,78.19767181148,-105.75471751307718,334.0810061869228,31126.964994245085,0.018073610316977178,0.005525311111991701,0.009022971723345484,False,False,False,below_power_or_outside_canonical_band_or_zero;low_endpoint_MSC,False,,,,False,False,False,False,,,,,,,,,,,,,,,,,,,,,,,,,,,,,
139,58,-0.021816615649929122,-0.06766507253885708,0.07109519505638565,88.37707389643404,-107.87039237833426,331.96533132166576,50134.39734715232,0.029110115981318824,0.03438195653523263,0.005791196289758787,False,False,False,below_power_or_outside_canonical_band_or_zero;low_endpoint_MSC,False,,,,False,False,False,False,,,,,,,,,,,,,,,,,,,,,,,,,,,,,
139,59,-0.021816615649929122,-0.05799863360473464,0.0619661699512967,101.39702537881486,-110.61416187723613,329.2215618227639,59900.246587106674,0.03478057417118461,0.021156260406461444,0.0303142642313546,False,False,False,below_power_or_outside_canonical_band_or_zero;low_endpoint_MSC,False,,,,False,False,False,False,,,,,,,,,,,,,,,,,,,,,,,,,,,,,
139,60,-0.021816615649929122,-0.04833219467061221,0.053027971487646854,118.48813241221734,-114.29388760258507,325.54183609741494,74361.01509051282,0.043177097727621974,0.2538340954492612,0.1025416012050512,False,False,False,below_power_or_outside_canonical_band_or_zero,False,,,,False,False,False,False,,,,,,,,,,,,,,,,,,,,,,,,,,,,,
139,61,-0.021816615649929122,-0.03866575573648976,0.04439600640925514,141.52591224668677,-119.43326066259243,320.4024630374076,50502.5385574019,0.029323874077455132,0.12328929212243123,0.01352214595975139,False,False,False,below_power_or_outside_canonical_band_or_zero,False,,,,False,False,False,False,,,,,,,,,,,,,,,,,,,,,,,,,,,,,
139,62,-0.021816615649929122,-0.02899931680236732,0.03628946256726318,173.14076491305397,-126.95468601090327,312.88103768909673,119060.88865781133,0.06913170320306324,0.07046960126172958,0.09609863835137811,False,True,False,low_endpoint_MSC,True,-0.04435505643234185,0.06813589616970703,0.015169652487573865,False,False,False,False,0.9580192743620063,0.08312514359139722,3.0546186468647583,False,6.938893903907228e-18,5.551115123125783e-16,1.1139227042597333,1.110171190294731,False,False,False,False,0.11249095260204887,0.05952470891991571,large_wrapped_step;high_unwrapped_RMSE,high_circular_RMS,high_circular_RMS,0.06813589616970703,False,False,0.05235504777339909,False,False,2.2694201507067335,False,True,-2.2285110700782127,False,True
139,63,-0.021816615649929122,-0.01933287786824488,0.029150040910523693,215.5463632612345,-138.45411908348623,301.38160461651375,57188.35715971991,0.03320593839341506,0.09897753631744827,0.1397060432025658,False,False,False,below_power_or_outside_canonical_band_or_zero,False,,,,False,False,False,False,,,,,,,,,,,,,,,,,,,,,,,,,,,,,
139,64,-0.021816615649929122,-0.00966643893412244,0.023862203588182095,263.31119353500833,-156.10297318432757,283.7327505156724,68052.61377478694,0.039514177583476355,0.03478208761549998,0.1219543169262522,False,False,False,below_power_or_outside_canonical_band_or_zero;low_endpoint_MSC,False,,,,False,False,False,False,,,,,,,,,,,,,,,,,,,,,,,,,,,,,
139,65,-0.021816615649929122,0.0,0.021816615649929122,287.99999999999994,180.0,259.8357237,125816.77654938544,0.07305445266225626,0.22995476302791462,0.17448595886253032,False,True,True,,True,0.27001497293471194,0.18402993055282935,0.03287097915611772,False,False,False,False,1.20853571008775,0.6785865928496595,1.8241732701326272,True,0.0,0.0,0.6778676267660851,1.1839675425867788,False,False,False,False,-0.08598504238188259,-0.23714399377859421,high_unwrapped_RMSE,high_circular_RMS,high_circular_RMS,0.18402993055282935,False,False,0.1436964452165776,False,False,-2.1633741729337923,False,True,-1.1301647483875839,False,True
139,66,-0.021816615649929122,0.00966643893412244,0.023862203588182095,263.31119353500833,156.10297318432757,235.93869688432756,73739.90985328639,0.04281645819769865,0.3734229252411876,0.30954497282932547,False,False,False,below_power_or_outside_canonical_band_or_zero,False,,,,False,False,False,False,,,,,,,,,,,,,,,,,,,,,,,,,,,,,
139,67,-0.021816615649929122,0.01933287786824488,0.029150040910523693,215.5463632612345,138.45411908348623,218.28984278348622,74030.35596621671,0.04298510328931468,0.15895565751974755,0.15842182481412626,False,False,False,below_power_or_outside_canonical_band_or_zero,False,,,,False,False,False,False,,,,,,,,,,,,,,,,,,,,,,,,,,,,,
139,68,-0.021816615649929122,0.02899931680236732,0.03628946256726318,173.14076491305397,126.95468601090327,206.79040971090328,72290.61955533452,0.04197493998073787,0.17126637441499173,0.02547701351735389,False,False,False,below_power_or_outside_canonical_band_or_zero,False,,,,False,False,False,False,,,,,,,,,,,,,,,,,,,,,,,,,,,,,
139,69,-0.021816615649929122,0.03866575573648976,0.04439600640925514,141.52591224668677,119.43326066259243,199.26898436259245,70593.9517777992,0.04098978411172801,0.1321281549305456,0.0004960966308150659,False,False,False,below_power_or_outside_canonical_band_or_zero,False,,,,False,False,False,False,,,,,,,,,,,,,,,,,,,,,,,,,,,,,
139,70,-0.021816615649929122,0.04833219467061221,0.053027971487646854,118.48813241221734,114.29388760258507,194.1296113025851,56598.3443174608,0.03286335240101346,0.14708410246551643,0.017270493229162333,False,False,False,below_power_or_outside_canonical_band_or_zero,False,,,,False,False,False,False,,,,,,,,,,,,,,,,,,,,,,,,,,,,,
139,71,-0.021816615649929122,0.05799863360473464,0.0619661699512967,101.39702537881486,110.61416187723613,190.44988557723613,71321.03646417073,0.04141195971707052,0.10481614940272582,0.007664738705789831,False,False,False,below_power_or_outside_canonical_band_or_zero,False,,,,False,False,False,False,,,,,,,,,,,,,,,,,,,,,,,,,,,,,
139,72,-0.021816615649929122,0.06766507253885708,0.07109519505638565,88.37707389643404,107.87039237833426,187.70611607833428,95105.9708291201,0.05522248172608914,0.01945676175053573,0.01125892037678746,False,True,False,low_endpoint_MSC,True,0.2735302528130843,2.5981549384685514,1.036625778676082,False,False,False,False,3.7200058782058703,0.18611141304112344,2.996706550352627,False,5.551115123125783e-17,-6.661338147750939e-16,1.7580451172631821,1.7193035066279385,False,True,False,False,2.324624685655467,0.7630955258629977,large_wrapped_step;high_unwrapped_RMSE,high_circular_RMS,alternative_minimum;high_circular_RMS,2.5981549384685514,False,False,-2.507275852383852,False,True,-3.2144510915519384,False,True,-2.3630005262610907,False,True
139,73,-0.021816615649929122,0.07733151147297952,0.08035003039895067,78.19767181148,105.75471751307718,185.59044121307718,69179.11945233744,0.04016827362655908,0.01167207127489513,0.0069192681229085316,False,False,False,below_power_or_outside_canonical_band_or_zero;low_endpoint_MSC,False,,,,False,False,False,False,,,,,,,,,,,,,,,,,,,,,,,,,,,,,
139,74,-0.021816615649929122,0.08699795040710197,0.08969173927097916,70.05311033379175,104.07784504312659,183.91356874312658,20590.092130744473,0.011955463747607151,0.061680753389032984,0.0013610603548134452,False,False,False,below_power_or_outside_canonical_band_or_zero;low_endpoint_MSC,False,,,,False,False,False,False,,,,,,,,,,,,,,,,,,,,,,,,,,,,,
139,75,-0.021816615649929122,0.09666438934122441,0.09909575614085879,63.40519061430247,102.71824934637344,182.55397304637344,27418.516184369844,0.015920330718965137,0.1106139346232224,0.007571856563782385,False,False,False,below_power_or_outside_canonical_band_or_zero,False,,,,False,False,False,False,,,,,,,,,,,,,,,,,,,,,,,,,,,,,
139,76,-0.021816615649929122,0.10633082827534684,0.1085458878085118,57.88506072439973,101.59484546339185,181.43056916339185,22877.97596726307,0.013283904246685456,0.06833943320450146,0.0013789560147767523,False,False,False,below_power_or_outside_canonical_band_or_zero;low_endpoint_MSC,False,,,,False,False,False,False,,,,,,,,,,,,,,,,,,,,,,,,,,,,,
139,77,-0.021816615649929122,0.11599726720946928,0.11803105827908919,53.233321795037554,100.65168309912008,180.4874067991201,26902.47968127864,0.015620698465453421,0.2406085201863125,0.005755165956348741,False,False,False,below_power_or_outside_canonical_band_or_zero,False,,,,False,False,False,False,,,,,,,,,,,,,,,,,,,,,,,,,,,,,
139,78,-0.021816615649929122,0.12566370614359174,0.1275434504792767,49.26309648648309,99.84901451111703,179.68473821111704,15995.16508902091,0.00928745802323259,0.31104980691028294,0.005353168920430559,False,False,False,below_power_or_outside_canonical_band_or_zero,False,,,,False,False,False,False,,,,,,,,,,,,,,,,,,,,,,,,,,,,,
139,79,-0.021816615649929122,0.13533014507771415,0.13707739742631492,45.83677123398168,99.15787925986396,178.99360295986395,23511.929345904377,0.01365200394181514,0.2616839257374194,0.0009222654388120441,False,False,False,below_power_or_outside_canonical_band_or_zero,False,,,,False,False,False,False,,,,,,,,,,,,,,,,,,,,,,,,,,,,,
139,80,-0.021816615649929122,0.14499658401183663,0.1466286946457559,42.850993950122096,98.55670597241482,178.39242967241483,24964.455447312524,0.01449540100082628,0.5495905842608573,0.005728027927926833,False,False,False,below_power_or_outside_canonical_band_or_zero,False,,,,False,False,False,False,,,,,,,,,,,,,,,,,,,,,,,,,,,,,
139,81,-0.021816615649929122,0.15466302294595904,0.1561941592544324,40.226762237277995,98.02911311905099,177.864836819051,21141.062368074836,0.01227537997996718,0.3394078538178651,0.0016650344219397246,False,False,False,below_power_or_outside_canonical_band_or_zero,False,,,,False,False,False,False,,,,,,,,,,,,,,,,,,,,,,,,,,,,,
140,49,-0.017453292519943295,-0.15466302294595904,0.15564468537848944,40.36877514899035,-96.43843169833663,343.39729200166335,20142.915400310085,0.011695814341692203,0.08735217842964874,0.004240093777706172,False,False,False,below_power_or_outside_canonical_band_or_zero;low_endpoint_MSC,False,,,,False,False,False,False,,,,,,,,,,,,,,,,,,,,,,,,,,,,,
140,50,-0.017453292519943295,-0.14499658401183663,0.14604323604634453,43.02277515396684,-96.86369191462704,342.97203178537296,21605.630959386275,0.012545127823562673,0.12110204992257895,0.0009984699164501257,False,False,False,below_power_or_outside_canonical_band_or_zero,False,,,,False,False,False,False,,,,,,,,,,,,,,,,,,,,,,,,,,,,,
140,51,-0.017453292519943295,-0.13533014507771415,0.13645096403668927,46.0472034883546,-97.34877222192728,342.48695147807274,25141.000342767395,0.014597910308897039,0.18735782292995148,0.0031056835920233966,False,False,False,below_power_or_outside_canonical_band_or_zero,False,,,,False,False,False,False,,,,,,,,,,,,,,,,,,,,,,,,,,,,,
140,52,-0.017453292519943295,-0.12566370614359174,0.12686995097945644,49.52461365888758,-97.90716270295846,341.92856099704153,16835.507762910926,0.009775395926058092,0.16880122823374272,0.004028103972863113,False,False,False,below_power_or_outside_canonical_band_or_zero,False,,,,False,False,False,False,,,,,,,,,,,,,,,,,,,,,,,,,,,,,
140,53,-0.017453292519943295,-0.11599726720946928,0.1173029557166047,53.56374243765263,-98.55670597241482,341.2790177275852,15958.445139143949,0.009266136893303674,0.050443466209810765,0.022200305837298956,False,False,False,below_power_or_outside_canonical_band_or_zero;low_endpoint_MSC,False,,,,False,False,False,False,,,,,,,,,,,,,,,,,,,,,,,,,,,,,
140,54,-0.017453292519943295,-0.10633082827534684,0.10775371205442534,58.31061582366657,-99.32148894922153,340.5142347507785,19193.15565064252,0.011144344334468079,0.07289743695763577,0.0063843826291468675,False,False,False,below_power_or_outside_canonical_band_or_zero;low_endpoint_MSC,False,,,,False,False,False,False,,,,,,,,,,,,,,,,,,,,,,,,,,,,,
140,55,-0.017453292519943295,-0.09666438934122441,0.0982273973313888,63.965710971472305,-100.23480276342322,339.6009209365768,28255.288475034962,0.01640619550881284,0.2492164263054085,0.0021669291182099845,False,False,False,below_power_or_outside_canonical_band_or_zero,False,,,,False,False,False,False,,,,,,,,,,,,,,,,,,,,,,,,,,,,,
140,56,-0.017453292519943295,-0.08699795040710197,0.08873139689435347,70.81129709544136,-101.3439359000062,338.4917877999938,35393.32559244989,0.020550836700529686,0.19918893833421217,0.009654810209058886,False,False,False,below_power_or_outside_canonical_band_or_zero,False,,,,False,False,False,False,,,,,,,,,,,,,,,,,,,,,,,,,,,,,
140,57,-0.017453292519943295,-0.07733151147297952,0.07927660491268702,79.2564882678781,-102.71824934637344,337.11747435362656,36564.239958356,0.02123071827484476,0.038110666626210016,0.00660623528964064,False,False,False,below_power_or_outside_canonical_band_or_zero;low_endpoint_MSC,False,,,,False,False,False,False,,,,,,,,,,,,,,,,,,,,,,,,,,,,,
140,58,-0.017453292519943295,-0.06766507253885708,0.06987975001011022,89.91424992605917,-104.46341750630233,335.3723061936977,38939.22657207846,0.022609734268610713,0.08526472797017129,3.874490841440793e-05,False,False,False,below_power_or_outside_canonical_band_or_zero;low_endpoint_MSC,False,,,,False,False,False,False,,,,,,,,,,,,,,,,,,,,,,,,,,,,,
140,59,-0.017453292519943295,-0.05799863360473464,0.06056780431716972,103.73804000351443,-106.74790305839997,333.08782064160005,34828.80123514432,0.02022305038245244,0.06665267801866809,0.07470090108524167,False,False,False,below_power_or_outside_canonical_band_or_zero;low_endpoint_MSC,False,,,,False,False,False,False,,,,,,,,,,,,,,,,,,,,,,,,,,,,,
140,60,-0.017453292519943295,-0.04833219467061221,0.05138694835719147,122.2720069599204,-109.85521436932105,329.98050933067896,53373.95250731108,0.03099113642696417,0.24587843408090912,0.020397433327039305,False,False,False,below_power_or_outside_canonical_band_or_zero,False,,,,False,False,False,False,,,,,,,,,,,,,,,,,,,,,,,,,,,,,
140,61,-0.017453292519943295,-0.03866575573648976,0.042422377190117475,148.11016551527172,-114.29388760258507,325.54183609741494,147146.9300571828,0.08543962682146222,0.23910612040672244,0.1122332723652304,False,True,True,,True,0.20054847445933272,0.17130002587965587,0.16978239558504768,False,False,False,False,0.761250434449703,0.7458966146535051,2.7176845236434217,False,2.7755575615628914e-17,0.0,1.0259385353016892,0.9728865462168573,False,False,False,False,-0.029248448579676845,-0.030766078874285036,large_wrapped_step;high_unwrapped_RMSE,high_circular_RMS,high_circular_RMS,0.17130002587965587,False,False,0.1171222955243188,False,False,-2.0935818299003435,False,True,2.413615105379072,False,True
140,62,-0.017453292519943295,-0.02899931680236732,0.033846385254422254,185.6382966733101,-121.0417099254886,318.7940137745114,97113.57472616459,0.056388180036629064,0.14839535607687454,0.07023207036614733,False,True,True,,True,0.37297154239806124,0.12942329418982065,0.14569412872686707,False,False,False,False,1.0876758607169401,0.8325858871844407,2.6109899039478273,False,5.551115123125783e-17,0.0,1.0872926677412356,1.293198014344966,False,False,False,False,-0.2435482482082406,-0.22727741367119417,large_wrapped_step;high_unwrapped_RMSE,high_circular_RMS,high_circular_RMS,0.12942329418982065,False,False,0.10396791519200493,False,False,0.06955837424169588,False,True,2.46771940865472,False,True
140,63,-0.017453292519943295,-0.01933287786824488,0.026045682683607685,241.23711340206188,-132.07502205084364,307.7607016491564,46699.153439397734,0.027115470510936303,0.22385131444027645,0.061732740641893935,False,False,False,below_power_or_outside_canonical_band_or_zero,False,,,,False,False,False,False,,,,,,,,,,,,,,,,,,,,,,,,,,,,,
140,64,-0.017453292519943295,-0.00966643893412244,0.019951377432493898,314.92488819074964,-151.02029230207123,288.81543139792876,73001.8572452853,0.042387914160947664,0.055251819017281024,0.0679628915388096,False,False,False,below_power_or_outside_canonical_band_or_zero;low_endpoint_MSC,False,,,,False,False,False,False,,,,,,,,,,,,,,,,,,,,,,,,,,,,,
140,65,-0.017453292519943295,0.0,0.017453292519943295,360.0,180.0,259.8357237,119834.04884007538,0.06958063215740963,0.3135298487163939,0.08341687780529615,False,True,True,,True,0.20610162246333927,0.0462868105491848,0.04039664685305356,False,False,False,False,1.6478407152833567,0.39818226406454393,2.8603835054452995,False,5.551115123125783e-17,0.0,0.8795349004704083,0.9249584241588962,False,False,False,False,-0.15981481191415448,-0.16570497561028572,large_wrapped_step;high_unwrapped_RMSE,high_circular_RMS,high_circular_RMS,0.0462868105491848,False,False,0.0285578453993739,False,False,-2.1994090480332207,False,True,-1.070538177840815,False,True
140,66,-0.017453292519943295,0.00966643893412244,0.019951377432493898,314.92488819074964,151.02029230207123,230.85601600207121,113042.21207381749,0.06563700928661068,0.2509263514318128,0.22090532966767779,False,True,True,,True,0.07658859469070359,0.24912063530034828,0.08251864552717163,False,False,False,False,0.6846853452940934,0.3460689640207395,2.041869615751006,True,1.3877787807814457e-17,8.881784197001252e-16,0.923377237007206,0.9485074532140688,False,False,False,False,0.1725320406096447,0.00593005083646804,high_unwrapped_RMSE,high_circular_RMS,high_circular_RMS,0.24912063530034828,False,False,0.1448280554445818,False,False,-2.0980844257201494,False,True,2.292099808569635,False,True
140,67,-0.017453292519943295,0.01933287786824488,0.026045682683607685,241.23711340206188,132.07502205084364,211.91074575084366,48229.57617507313,0.028004097595200807,0.20028095276075494,0.041714579983020236,False,False,False,below_power_or_outside_canonical_band_or_zero,False,,,,False,False,False,False,,,,,,,,,,,,,,,,,,,,,,,,,,,,,
140,68,-0.017453292519943295,0.02899931680236732,0.033846385254422254,185.6382966733101,121.0417099254886,200.8774336254886,56781.30235938254,0.03296958544861904,0.16500294747976718,0.02704699829297329,False,False,False,below_power_or_outside_canonical_band_or_zero,False,,,,False,False,False,False,,,,,,,,,,,,,,,,,,,,,,,,,,,,,
140,69,-0.017453292519943295,0.03866575573648976,0.042422377190117475,148.11016551527172,114.29388760258507,194.1296113025851,82536.7760296203,0.04792428452484142,0.20709335983972232,0.04853543429356584,False,False,False,below_power_or_outside_canonical_band_or_zero,False,,,,False,False,False,False,,,,,,,,,,,,,,,,,,,,,,,,,,,,,
140,70,-0.017453292519943295,0.04833219467061221,0.05138694835719147,122.2720069599204,109.85521436932105,189.69093806932105,85594.85346017206,0.04969993145377117,0.07036939109178972,0.018646141784900046,False,False,False,below_power_or_outside_canonical_band_or_zero;low_endpoint_MSC,False,,,,False,False,False,False,,,,,,,,,,,,,,,,,,,,,,,,,,,,,
140,71,-0.017453292519943295,0.05799863360473464,0.06056780431716972,103.73804000351443,106.74790305839997,186.5836267584,105716.75246049858,0.06138354279964805,0.09431263248706204,0.0057063901750043795,False,True,True,,True,-0.265625067585512,-1.413758871571619,0.25751629745560467,False,False,False,False,1.7626582575791025,0.4899197519559757,2.9669224707843624,False,0.0,-3.552713678800501e-15,1.696460138721294,1.6289628160488179,False,False,False,False,-1.1481338039861069,0.5231413650411167,large_wrapped_step;high_unwrapped_RMSE,high_circular_RMS,high_circular_RMS,-1.413758871571619,False,False,0.1513867045029582,False,False,-2.096959365979159,False,False,2.63211063552454,False,True
140,72,-0.017453292519943295,0.06766507253885708,0.06987975001011022,89.91424992605917,104.46341750630233,184.29914120630235,51198.8518800618,0.02972818254937333,0.051074045068150525,0.01855738071045734,False,False,False,below_power_or_outside_canonical_band_or_zero;low_endpoint_MSC,False,,,,False,False,False,False,,,,,,,,,,,,,,,,,,,,,,,,,,,,,
140,73,-0.017453292519943295,0.07733151147297952,0.07927660491268702,79.2564882678781,102.71824934637344,182.55397304637344,37310.97114024524,0.021664301452501082,0.017185674056489634,0.00684419295066041,False,False,False,below_power_or_outside_canonical_band_or_zero;low_endpoint_MSC,False,,,,False,False,False,False,,,,,,,,,,,,,,,,,,,,,,,,,,,,,
140,74,-0.017453292519943295,0.08699795040710197,0.08873139689435347,70.81129709544136,101.3439359000062,181.1796596000062,23957.117468737626,0.013910498679458929,0.2609095547574915,0.00788220270459654,False,False,False,below_power_or_outside_canonical_band_or_zero,False,,,,False,False,False,False,,,,,,,,,,,,,,,,,,,,,,,,,,,,,
140,75,-0.017453292519943295,0.09666438934122441,0.0982273973313888,63.965710971472305,100.23480276342322,180.07052646342322,26130.71369006998,0.0151725790364124,0.08053261396345043,0.011082111026395213,False,False,False,below_power_or_outside_canonical_band_or_zero;low_endpoint_MSC,False,,,,False,False,False,False,,,,,,,,,,,,,,,,,,,,,,,,,,,,,
140,76,-0.017453292519943295,0.10633082827534684,0.10775371205442534,58.31061582366657,99.32148894922153,179.15721264922155,28291.236286979274,0.016427068303348048,0.08918716862408868,0.00017643316097690014,False,False,False,below_power_or_outside_canonical_band_or_zero;low_endpoint_MSC,False,,,,False,False,False,False,,,,,,,,,,,,,,,,,,,,,,,,,,,,,
140,77,-0.017453292519943295,0.11599726720946928,0.1173029557166047,53.56374243765263,98.55670597241482,178.39242967241483,24046.26848493107,0.01396226346688169,0.2393922412782145,0.003147234408308364,False,False,False,below_power_or_outside_canonical_band_or_zero,False,,,,False,False,False,False,,,,,,,,,,,,,,,,,,,,,,,,,,,,,
140,78,-0.017453292519943295,0.12566370614359174,0.12686995097945644,49.52461365888758,97.90716270295846,177.74288640295845,29019.521575113897,0.016849941028002257,0.29231787539619797,0.010132809150106056,False,False,False,below_power_or_outside_canonical_band_or_zero,False,,,,False,False,False,False,,,,,,,,,,,,,,,,,,,,,,,,,,,,,
140,79,-0.017453292519943295,0.13533014507771415,0.13645096403668927,46.0472034883546,97.34877222192728,177.1844959219273,28106.81856697451,0.016319987705945515,0.3375805767896235,0.0007508286864915524,False,False,False,below_power_or_outside_canonical_band_or_zero,False,,,,False,False,False,False,,,,,,,,,,,,,,,,,,,,,,,,,,,,,
140,80,-0.017453292519943295,0.14499658401183663,0.14604323604634453,43.02277515396684,96.86369191462704,176.69941561462704,29541.212029393053,0.01715285620069807,0.5035719844853797,0.004298905288188929,False,False,False,below_power_or_outside_canonical_band_or_zero,False,,,,False,False,False,False,,,,,,,,,,,,,,,,,,,,,,,,,,,,,
140,81,-0.017453292519943295,0.15466302294595904,0.15564468537848944,40.36877514899035,96.43843169833663,176.27415539833663,26442.41508506351,0.015353565828713313,0.31975386881763534,0.007981724976848511,False,False,False,below_power_or_outside_canonical_band_or_zero,False,,,,False,False,False,False,,,,,,,,,,,,,,,,,,,,,,,,,,,,,
141,49,-0.01308996938995747,-0.15466302294595904,0.1552159720048561,40.480275489838185,-94.83772303659613,344.9980006634039,16474.706913239384,0.009565899948528536,0.009422319715572999,0.0032434675706742343,False,False,False,below_power_or_outside_canonical_band_or_zero;low_endpoint_MSC,False,,,,False,False,False,False,,,,,,,,,,,,,,,,,,,,,,,,,,,,,
141,50,-0.01308996938995747,-0.14499658401183663,0.1455862516645429,43.157820435250876,-95.15855178060605,344.67717191939397,20773.878138324566,0.01206217754650562,0.08867813849636354,0.01830768227995316,False,False,False,below_power_or_outside_canonical_band_or_zero;low_endpoint_MSC,False,,,,False,False,False,False,,,,,,,,,,,,,,,,,,,,,,,,,,,,,
141,51,-0.01308996938995747,-0.13533014507771415,0.1359617426535317,46.21289183671975,-95.52481528460572,344.3109084153943,25769.497996701146,0.014962842183380565,0.23920981423660748,9.522432125685739e-05,False,False,False,below_power_or_outside_canonical_band_or_zero,False,,,,False,False,False,False,,,,,,,,,,,,,,,,,,,,,,,,,,,,,
141,52,-0.01308996938995747,-0.12566370614359174,0.1263436359314271,49.73092044453888,-95.9468630539735,343.8888606460265,31902.459080810226,0.01852389443321819,0.5213368408116019,0.012444535969374153,False,False,False,below_power_or_outside_canonical_band_or_zero,False,,,,False,False,False,False,,,,,,,,,,,,,,,,,,,,,,,,,,,,,
141,53,-0.01308996938995747,-0.11599726720946928,0.11673351403386707,53.82503353198714,-96.43843169833663,343.39729200166335,18445.829373190954,0.010710415619580716,0.29682739128599284,0.004358238797855714,False,False,False,below_power_or_outside_canonical_band_or_zero,False,,,,False,False,False,False,,,,,,,,,,,,,,,,,,,,,,,,,,,,,
141,54,-0.01308996938995747,-0.10633082827534684,0.10713352575338554,58.64817071028796,-97.01814628489218,342.81757741510785,26131.132326295115,0.015172822114014058,0.20065520879684529,0.017546508955608834,False,False,False,below_power_or_outside_canonical_band_or_zero,False,,,,False,False,False,False,,,,,,,,,,,,,,,,,,,,,,,,,,,,,
141,55,-0.01308996938995747,-0.09666438934122441,0.09754666301489684,64.41209891741812,-97.71189241265888,342.1238312873411,28744.536630541,0.01669027333370039,0.3434842729860729,0.0010751225085393877,False,False,False,below_power_or_outside_canonical_band_or_zero,False,,,,False,False,False,False,,,,,,,,,,,,,,,,,,,,,,,,,,,,,
141,56,-0.01308996938995747,-0.08699795040710197,0.08797721678745354,71.41832325020349,-98.55670597241482,341.2790177275852,38498.45609746715,0.022353804601236243,0.38255037281004173,0.0041851983018573536,False,False,False,below_power_or_outside_canonical_band_or_zero,False,,,,False,False,False,False,,,,,,,,,,,,,,,,,,,,,,,,,,,,,
141,57,-0.01308996938995747,-0.07733151147297952,0.07843156230323087,80.1104188501006,-99.60743573357124,340.22828796642875,43909.86050069267,0.025495891035604477,0.02576133909584257,3.713820155024367e-05,False,False,False,below_power_or_outside_canonical_band_or_zero;low_endpoint_MSC,False,,,,False,False,False,False,,,,,,,,,,,,,,,,,,,,,,,,,,,,,
141,58,-0.01308996938995747,-0.06766507253885708,0.06891958604285732,91.16690432923403,-100.94876042432102,338.88696327567897,54688.498811996506,0.03175441667799087,0.038353084550564624,0.0011949260395960237,False,False,False,below_power_or_outside_canonical_band_or_zero;low_endpoint_MSC,False,,,,False,False,False,False,,,,,,,,,,,,,,,,,,,,,,,,,,,,,
141,59,-0.01308996938995747,-0.05799863360473464,0.059457453684515264,105.67531769050413,-102.71824934637344,337.11747435362656,36858.788658042184,0.0214017454989408,0.0986788048421792,0.126970395724314,False,False,False,below_power_or_outside_canonical_band_or_zero,False,,,,False,False,False,False,,,,,,,,,,,,,,,,,,,,,,,,,,,,,
141,60,-0.01308996938995747,-0.04833219467061221,0.0500734294841883,125.47942834959265,-105.1540680503126,334.6816556496874,122495.26728749379,0.07112584625701375,0.0453226475309273,0.1923190872336441,False,True,False,low_endpoint_MSC,True,-0.17633153018756026,-0.01887058823338817,0.11102933476364342,False,False,False,False,1.7207177495992354,0.3075489850486014,3.1114116240324052,False,2.7755575615628914e-17,0.0,0.9397681439171913,1.0645854432820383,False,False,False,False,0.1574609419541721,0.28736086495120367,large_wrapped_step;high_unwrapped_RMSE,high_circular_RMS,high_circular_RMS,-0.01887058823338817,False,False,-0.03684011106529451,False,False,2.293723699065257,False,True,2.3659969168778363,False,True
141,61,-0.01308996938995747,-0.03866575573648976,0.04082141552303049,153.9188493753912,-108.70310183936549,331.1326218606345,83165.60553312501,0.048289409084986086,0.021730329090756745,0.0020897816609482056,False,False,False,below_power_or_outside_canonical_band_or_zero;low_endpoint_MSC,False,,,,False,False,False,False,,,,,,,,,,,,,,,,,,,,,,,,,,,,,
141,62,-0.01308996938995747,-0.02899931680236732,0.0318167828925881,197.48022068702898,-114.29388760258507,325.54183609741494,38294.159905499815,0.022235181736349075,0.14361572915614157,0.12900709490494994,False,False,False,below_power_or_outside_canonical_band_or_zero,False,,,,False,False,False,False,,,,,,,,,,,,,,,,,,,,,,,,,,,,,
141,63,-0.01308996938995747,-0.01933287786824488,0.023347536600217513,269.115556590285,-124.10127419424715,315.7344495057529,48606.054442273344,0.028222696533306255,0.11196824645081192,0.06269481839866578,False,False,False,below_power_or_outside_canonical_band_or_zero,False,,,,False,False,False,False,,,,,,,,,,,,,,,,,,,,,,,,,,,,,
141,64,-0.01308996938995747,-0.00966643893412244,0.01627228749429968,386.12796814096595,-143.5555582434129,296.2801654565871,105533.13833465887,0.06127692880243589,0.19086658704083165,0.05949016140500534,False,True,True,,True,0.06261975767059798,-0.10060349512982938,0.057838574705684924,False,False,False,False,0.8725394859733725,0.17887391118212592,3.028580497431434,False,1.3877787807814457e-17,-4.440892098500626e-16,1.2112704803469476,1.1186842103598782,False,False,False,False,-0.16322325280042738,-0.004781182964913054,large_wrapped_step;high_unwrapped_RMSE,high_circular_RMS,high_circular_RMS,-0.10060349512982938,False,False,-0.06122625432835318,False,False,-2.1544338749856586,False,True,-2.1662864654152805,False,True
141,65,-0.01308996938995747,0.0,0.01308996938995747,480.0,180.0,259.8357237,77193.69699130817,0.044821870638710314,0.1865196101064488,0.0282146902421571,False,False,False,below_power_or_outside_canonical_band_or_zero,False,,,,False,False,False,False,,,,,,,,,,,,,,,,,,,,,,,,,,,,,
141,66,-0.01308996938995747,0.00966643893412244,0.01627228749429968,386.12796814096595,143.5555582434129,223.39128194341288,79973.8489260874,0.046436142467026376,0.086063900268456,0.004390803481266731,False,False,False,below_power_or_outside_canonical_band_or_zero;low_endpoint_MSC,False,,,,False,False,False,False,,,,,,,,,,,,,,,,,,,,,,,,,,,,,
141,67,-0.01308996938995747,0.01933287786824488,0.023347536600217513,269.115556590285,124.10127419424715,203.93699789424716,80143.23926914533,0.046534497544447315,0.05688331023284068,0.015115331565648838,False,False,False,below_power_or_outside_canonical_band_or_zero;low_endpoint_MSC,False,,,,False,False,False,False,,,,,,,,,,,,,,,,,,,,,,,,,,,,,
141,68,-0.01308996938995747,0.02899931680236732,0.0318167828925881,197.48022068702898,114.29388760258507,194.1296113025851,104357.9739616621,0.060594579497263816,0.05496514180997181,0.008081320472330495,False,True,False,low_endpoint_MSC,True,0.44095494484835834,1.6188703622032046,2.6775220755081586,False,False,False,False,2.7607036458160863,0.5190064044362228,2.7831491430442723,False,1.6653345369377348e-16,3.552713678800501e-15,1.616085853630116,1.6468972000424833,False,False,False,False,1.1779154173548463,2.2365671306598003,large_wrapped_step;high_unwrapped_RMSE,high_circular_RMS,high_circular_RMS,1.6188703622032046,False,False,-0.9409297884904247,False,False,2.711536725784134,False,True,-2.941683251113705,False,True
141,69,-0.01308996938995747,0.03866575573648976,0.04082141552303049,153.9188493753912,108.70310183936549,188.5388255393655,109436.20754956151,0.06354321310106194,0.050591505362011784,0.0018944894146756706,False,True,False,low_endpoint_MSC,True,0.3632268721237793,0.2369240269910237,0.3375306823439276,False,False,False,False,1.031183199270416,0.8399410524204302,2.6174009493299453,False,0.0,8.881784197001252e-16,1.1874566950010141,1.381665397357683,False,False,False,False,-0.1263028451327556,-0.02569618977985172,large_wrapped_step;high_unwrapped_RMSE,high_circular_RMS,high_circular_RMS,0.2369240269910237,False,False,0.0872218852175729,False,False,2.525118137722759,False,True,-2.9433487016841617,False,True
141,70,-0.01308996938995747,0.04833219467061221,0.0500734294841883,125.47942834959265,105.1540680503126,184.9897917503126,74237.57137610496,0.043105421173524894,0.027288486234701172,0.01185337904828029,False,False,False,below_power_or_outside_canonical_band_or_zero;low_endpoint_MSC,False,,,,False,False,False,False,,,,,,,,,,,,,,,,,,,,,,,,,,,,,
141,71,-0.01308996938995747,0.05799863360473464,0.059457453684515264,105.67531769050413,102.71824934637344,182.55397304637344,54655.01986647628,0.0317349774099714,0.12531207977595504,0.0013571036067964578,False,False,False,below_power_or_outside_canonical_band_or_zero,False,,,,False,False,False,False,,,,,,,,,,,,,,,,,,,,,,,,,,,,,
141,72,-0.01308996938995747,0.06766507253885708,0.06891958604285732,91.16690432923403,100.94876042432102,180.784484124321,26645.773275319734,0.015471644050799413,0.10905264396547625,0.008746661695777626,False,False,False,below_power_or_outside_canonical_band_or_zero,False,,,,False,False,False,False,,,,,,,,,,,,,,,,,,,,,,,,,,,,,
141,73,-0.01308996938995747,0.07733151147297952,0.07843156230323087,80.1104188501006,99.60743573357124,179.44315943357122,21951.45965831875,0.012745930347743501,0.3269447049624335,1.5500573803564068e-05,False,False,False,below_power_or_outside_canonical_band_or_zero,False,,,,False,False,False,False,,,,,,,,,,,,,,,,,,,,,,,,,,,,,
141,74,-0.01308996938995747,0.08699795040710197,0.08797721678745354,71.41832325020349,98.55670597241482,178.39242967241483,20734.118215353727,0.012039091281778531,0.03255837938659174,0.010998275703497429,False,False,False,below_power_or_outside_canonical_band_or_zero;low_endpoint_MSC,False,,,,False,False,False,False,,,,,,,,,,,,,,,,,,,,,,,,,,,,,
141,75,-0.01308996938995747,0.09666438934122441,0.09754666301489684,64.41209891741812,97.71189241265888,177.5476161126589,27284.773842058432,0.015842674353230054,0.03556688298754053,0.007495986333390311,False,False,False,below_power_or_outside_canonical_band_or_zero;low_endpoint_MSC,False,,,,False,False,False,False,,,,,,,,,,,,,,,,,,,,,,,,,,,,,
141,76,-0.01308996938995747,0.10633082827534684,0.10713352575338554,58.64817071028796,97.01814628489218,176.85386998489219,41549.55955171977,0.024125402149507983,0.04858555053477467,0.011173144554933888,False,False,False,below_power_or_outside_canonical_band_or_zero;low_endpoint_MSC,False,,,,False,False,False,False,,,,,,,,,,,,,,,,,,,,,,,,,,,,,
141,77,-0.01308996938995747,0.11599726720946928,0.11673351403386707,53.82503353198714,96.43843169833663,176.27415539833663,23531.907313115935,0.013663603980378934,0.23693914626255078,0.005195419058715621,False,False,False,below_power_or_outside_canonical_band_or_zero,False,,,,False,False,False,False,,,,,,,,,,,,,,,,,,,,,,,,,,,,,
141,78,-0.01308996938995747,0.12566370614359174,0.1263436359314271,49.73092044453888,95.9468630539735,175.7825867539735,29311.64686747688,0.017019561121026996,0.12171793956617974,0.0007972119929396399,False,False,False,below_power_or_outside_canonical_band_or_zero,False,,,,False,False,False,False,,,,,,,,,,,,,,,,,,,,,,,,,,,,,
141,79,-0.01308996938995747,0.13533014507771415,0.1359617426535317,46.21289183671975,95.52481528460572,175.36053898460574,25638.589550398578,0.014886831295518193,0.3597559198039416,0.0009077981185778157,False,False,False,below_power_or_outside_canonical_band_or_zero,False,,,,False,False,False,False,,,,,,,,,,,,,,,,,,,,,,,,,,,,,
141,80,-0.01308996938995747,0.14499658401183663,0.1455862516645429,43.157820435250876,95.15855178060605,174.99427548060606,24192.589524473122,0.014047223547324707,0.515191380474156,0.004429599088310603,False,False,False,below_power_or_outside_canonical_band_or_zero,False,,,,False,False,False,False,,,,,,,,,,,,,,,,,,,,,,,,,,,,,
141,81,-0.01308996938995747,0.15466302294595904,0.1552159720048561,40.480275489838185,94.83772303659613,174.67344673659613,33249.89393870583,0.019306271145937182,0.3653826057811045,0.0041814584740587375,False,False,False,below_power_or_outside_canonical_band_or_zero,False,,,,False,False,False,False,,,,,,,,,,,,,,,,,,,,,,,,,,,,,
142,49,-0.008726646259971648,-0.15466302294595904,0.15490902175705884,40.56048663862456,-93.22941060992773,346.60631309007226,21691.05765365146,0.01259473011479479,0.005890856548595565,0.0002938936389434017,False,False,False,below_power_or_outside_canonical_band_or_zero;low_endpoint_MSC,False,,,,False,False,False,False,,,,,,,,,,,,,,,,,,,,,,,,,,,,,
142,50,-0.008726646259971648,-0.14499658401183663,0.1452589540443145,43.25506367932926,-93.44420251465327,346.39152118534673,21556.697033254208,0.012516714751091448,0.012192691132838872,0.006408995583338225,False,False,False,below_power_or_outside_canonical_band_or_zero;low_endpoint_MSC,False,,,,False,False,False,False,,,,,,,,,,,,,,,,,,,,,,,,,,,,,
142,51,-0.008726646259971648,-0.13533014507771415,0.1356112182737912,46.33234172776326,-93.68956000074493,346.14616369925506,28986.243853525695,0.01683061859896579,0.17875409583150004,0.00013798814752086916,False,False,False,below_power_or_outside_canonical_band_or_zero,False,,,,False,False,False,False,,,,,,,,,,,,,,,,,,,,,,,,,,,,,
142,52,-0.008726646259971648,-0.12566370614359174,0.12596635025549344,49.879871048384004,-93.97249594075066,345.86322775924936,22547.660911710755,0.013092109588999201,0.48543052629317246,0.03987882679881275,False,False,False,below_power_or_outside_canonical_band_or_zero,False,,,,False,False,False,False,,,,,,,,,,,,,,,,,,,,,,,,,,,,,
142,53,-0.008726646259971648,-0.11599726720946928,0.116325063314024,54.01402868974062,-94.30234182624412,345.5333818737559,21295.541268958706,0.012365076853956861,0.2508656057231706,0.008925449190571649,False,False,False,below_power_or_outside_canonical_band_or_zero,False,,,,False,False,False,False,,,,,,,,,,,,,,,,,,,,,,,,,,,,,
142,54,-0.008726646259971648,-0.10633082827534684,0.10668832830571476,58.89290240986021,-94.69178998273844,345.1439337172616,30941.954943906756,0.017966185787950416,0.2241941379629578,0.02090906674755824,False,False,False,below_power_or_outside_canonical_band_or_zero,False,,,,False,False,False,False,,,,,,,,,,,,,,,,,,,,,,,,,,,,,
142,55,-0.008726646259971648,-0.09666438934122441,0.09705750110969526,64.73673065287632,-95.15855178060605,344.67717191939397,23918.685150148256,0.013888183277045277,0.23847082549121984,0.004412163248436192,False,False,False,below_power_or_outside_canonical_band_or_zero,False,,,,False,False,False,False,,,,,,,,,,,,,,,,,,,,,,,,,,,,,
142,56,-0.008726646259971648,-0.08699795040710197,0.08743453396675281,71.86159772486215,-95.72810139654617,344.1076223034538,18408.296036668216,0.010688622203539885,0.34573435479482206,0.0005440907454470287,False,False,False,below_power_or_outside_canonical_band_or_zero,False,,,,False,False,False,False,,,,,,,,,,,,,,,,,,,,,,,,,,,,,
142,57,-0.008726646259971648,-0.07733151147297952,0.07782234268924472,80.7375502979807,-96.43843169833663,343.39729200166335,30376.972276910758,0.01763813335620771,0.0030407698785970727,0.0011712266486497824,False,False,False,below_power_or_outside_canonical_band_or_zero;low_endpoint_MSC,False,,,,False,False,False,False,,,,,,,,,,,,,,,,,,,,,,,,,,,,,
142,58,-0.008726646259971648,-0.06766507253885708,0.06822548201834464,92.0944069767092,-97.34877222192728,342.48695147807274,39314.505308266525,0.02282763670912699,0.00024102947152950273,0.004344563468877064,False,False,False,below_power_or_outside_canonical_band_or_zero;low_endpoint_MSC,False,,,,False,False,False,False,,,,,,,,,,,,,,,,,,,,,,,,,,,,,
142,59,-0.008726646259971648,-0.05799863360473464,0.05865147785830235,107.12748487530526,-98.55670597241482,341.2790177275852,71879.29824717606,0.041736109724074565,0.10900254113354411,0.21243167692030548,False,False,False,below_power_or_outside_canonical_band_or_zero,False,,,,False,False,False,False,,,,,,,,,,,,,,,,,,,,,,,,,,,,,
142,60,-0.008726646259971648,-0.04833219467061221,0.0491136986656944,127.93142194294461,-100.23480276342322,339.6009209365768,153442.54069198042,0.08909512016434955,0.11327404972512213,0.27003507386171555,False,True,True,,True,0.11704941386178412,0.08135639422383882,0.12647432942001574,False,False,False,False,0.5505492210646529,0.6565637398788249,1.4885753284638732,True,1.3877787807814457e-17,2.220446049250313e-16,0.6610584283157134,0.7528371474266229,False,False,False,False,-0.0356930196379453,0.00942491555823162,high_unwrapped_RMSE,high_circular_RMS,high_circular_RMS,0.08135639422383882,False,False,0.09074393945969825,False,False,2.356299159651724,False,True,2.359464193283595,False,True
142,61,-0.008726646259971648,-0.03866575573648976,0.03963830245634351,158.5129765357562,-102.71824934637344,337.11747435362656,54284.61049115467,0.0315199023228707,0.016856495822576683,0.10641267662442044,False,False,False,below_power_or_outside_canonical_band_or_zero;low_endpoint_MSC,False,,,,False,False,False,False,,,,,,,,,,,,,,,,,,,,,,,,,,,,,
142,62,-0.008726646259971648,-0.02899931680236732,0.03028390215858486,207.47608000702886,-106.74790305839997,333.08782064160005,64163.53671659414,0.03725601771291178,0.04240509057888108,0.22577825609457408,False,False,False,below_power_or_outside_canonical_band_or_zero;low_endpoint_MSC,False,,,,False,False,False,False,,,,,,,,,,,,,,,,,,,,,,,,,,,,,
142,63,-0.008726646259971648,-0.01933287786824488,0.021211188595058737,296.22033103054343,-114.29388760258507,325.54183609741494,137303.94746721713,0.0797243818009239,0.006491303044637558,0.06392394166168779,False,True,False,low_endpoint_MSC,True,0.03278047688428162,-0.006147971343151662,0.024332621496040305,True,False,False,False,0.4024145515197696,0.21914759153335062,0.9684784675697835,True,0.0,2.7755575615628914e-16,0.5222465617565224,0.5624070812257498,False,False,False,False,-0.038928448227433285,-0.008447855388241318,,high_circular_RMS,high_circular_RMS,-0.006147971343151662,False,False,0.03782984385983739,False,False,2.2677224345044618,False,True,-2.209031140007117,False,True
142,64,-0.008726646259971648,-0.00966643893412244,0.013022841341803842,482.47422680412376,-132.07502205084364,307.7607016491564,92295.24326661724,0.05359045641680325,0.21516792398225726,0.3996872560129315,False,True,True,,True,0.001008372766324284,0.08998780505125205,0.008597310382378372,False,False,False,False,0.923712019146613,5.04001355109418e-05,2.7972756160312935,False,1.5829351718288365e-17,-4.440892098500626e-16,1.390074288846539,1.3188157009515182,False,False,False,False,0.08897943228492776,0.007588937616054088,large_wrapped_step;high_unwrapped_RMSE,high_circular_RMS,high_circular_RMS,0.08998780505125205,False,False,0.00733541339763443,False,False,2.3244293265619045,False,True,2.2157773858168732,False,True
142,66,-0.008726646259971648,0.00966643893412244,0.013022841341803842,482.47422680412376,132.07502205084364,211.91074575084366,130897.06411116445,0.07600427888870512,0.09102004000005715,0.007842604929274136,False,True,True,,True,0.005056355780172488,-0.0051399641074882565,-0.003936726954932472,False,False,False,False,0.8363630571685484,0.0015434739100079753,2.7575284365212283,False,5.204170427930421e-18,9.992007221626409e-16,1.2603015726648785,1.1985086974715293,False,False,False,False,-0.010196319887660744,-0.008993082735104959,large_wrapped_step;high_unwrapped_RMSE,high_circular_RMS,high_circular_RMS,-0.0051399641074882565,False,False,0.18574181150593883,False,False,-2.2793663882051707,False,True,2.2270779297588414,False,True
142,67,-0.008726646259971648,0.01933287786824488,0.021211188595058737,296.22033103054343,114.29388760258507,194.1296113025851,136042.57037144093,0.07899197380367667,0.13464824062349856,0.017616237583110473,False,True,True,,True,0.46088789785336975,0.2701935910805203,0.10435533480920257,False,False,False,False,1.3122646335366923,0.8391542867204513,2.996846395932902,False,0.0,0.0,1.2286009077941946,1.3165313534844894,False,False,False,False,-0.19069430677284943,-0.3565325630441672,large_wrapped_step;high_unwrapped_RMSE,high_circular_RMS,high_circular_RMS,0.2701935910805203,False,False,0.18253565746735398,False,False,2.3444218701091066,False,True,2.31568080198498,False,True
142,68,-0.008726646259971648,0.02899931680236732,0.03028390215858486,207.47608000702886,106.74790305839997,186.5836267584,162878.2198109347,0.09457386785155734,0.21181473667475326,0.010904702448566561,False,True,True,,True,0.28772657083066994,0.4752949700796349,-0.33681980622164204,False,False,False,False,2.7891304300213973,0.3103913247056691,3.0609930289996568,False,1.1102230246251565e-16,8.881784197001252e-16,1.6749174760820529,1.667584808518964,False,True,False,False,0.18756839924896496,-0.624546377052312,large_wrapped_step;high_unwrapped_RMSE,high_circular_RMS,alternative_minimum;high_circular_RMS,0.4752949700796349,False,False,-0.7878399514963654,False,False,2.6208527505561743,False,True,2.9734178149011754,False,True
142,69,-0.008726646259971648,0.03866575573648976,0.03963830245634351,158.5129765357562,102.71824934637344,182.55397304637344,85616.61594765981,0.04971256765901812,0.04072299839774848,0.020772712601321228,False,False,False,below_power_or_outside_canonical_band_or_zero;low_endpoint_MSC,False,,,,False,False,False,False,,,,,,,,,,,,,,,,,,,,,,,,,,,,,
142,70,-0.008726646259971648,0.04833219467061221,0.0491136986656944,127.93142194294461,100.23480276342322,180.07052646342322,64688.816376250616,0.03756101692750982,0.024903748123900823,0.04100355037003088,False,False,False,below_power_or_outside_canonical_band_or_zero;low_endpoint_MSC,False,,,,False,False,False,False,,,,,,,,,,,,,,,,,,,,,,,,,,,,,
142,71,-0.008726646259971648,0.05799863360473464,0.05865147785830235,107.12748487530526,98.55670597241482,178.39242967241483,43742.95691150049,0.025398979870891764,0.0686513506551546,0.0013939860955688255,False,False,False,below_power_or_outside_canonical_band_or_zero;low_endpoint_MSC,False,,,,False,False,False,False,,,,,,,,,,,,,,,,,,,,,,,,,,,,,
142,72,-0.008726646259971648,0.06766507253885708,0.06822548201834464,92.0944069767092,97.34877222192728,177.1844959219273,30735.19801313252,0.017846134115780045,0.11593192197441694,0.014123620954935448,False,False,False,below_power_or_outside_canonical_band_or_zero,False,,,,False,False,False,False,,,,,,,,,,,,,,,,,,,,,,,,,,,,,
142,73,-0.008726646259971648,0.07733151147297952,0.07782234268924472,80.7375502979807,96.43843169833663,176.27415539833663,25602.837591958134,0.014866072221672067,0.2684934706945628,0.004348452360058669,False,False,False,below_power_or_outside_canonical_band_or_zero,False,,,,False,False,False,False,,,,,,,,,,,,,,,,,,,,,,,,,,,,,
142,74,-0.008726646259971648,0.08699795040710197,0.08743453396675281,71.86159772486215,95.72810139654617,175.56382509654617,19568.161743820638,0.011362088467114692,0.037695941565841495,6.273101294116173e-05,False,False,False,below_power_or_outside_canonical_band_or_zero;low_endpoint_MSC,False,,,,False,False,False,False,,,,,,,,,,,,,,,,,,,,,,,,,,,,,
142,75,-0.008726646259971648,0.09666438934122441,0.09705750110969526,64.73673065287632,95.15855178060605,174.99427548060606,25337.811473633403,0.014712187036036143,0.0343951294411646,0.00436353509702854,False,False,False,below_power_or_outside_canonical_band_or_zero;low_endpoint_MSC,False,,,,False,False,False,False,,,,,,,,,,,,,,,,,,,,,,,,,,,,,
142,76,-0.008726646259971648,0.10633082827534684,0.10668832830571476,58.89290240986021,94.69178998273844,174.52751368273846,29141.728731754254,0.016920899585236217,0.036658162185443925,3.4129364232763346e-05,False,False,False,below_power_or_outside_canonical_band_or_zero;low_endpoint_MSC,False,,,,False,False,False,False,,,,,,,,,,,,,,,,,,,,,,,,,,,,,
142,77,-0.008726646259971648,0.11599726720946928,0.116325063314024,54.01402868974062,94.30234182624412,174.13806552624413,24448.8541606454,0.014196021452069225,0.46256658557688574,0.006252041963688232,False,False,False,below_power_or_outside_canonical_band_or_zero,False,,,,False,False,False,False,,,,,,,,,,,,,,,,,,,,,,,,,,,,,
142,78,-0.008726646259971648,0.12566370614359174,0.12596635025549344,49.879871048384004,93.97249594075066,173.80821964075068,28226.465233259914,0.01638945953599922,0.12612228641072012,0.001953293873294942,False,False,False,below_power_or_outside_canonical_band_or_zero,False,,,,False,False,False,False,,,,,,,,,,,,,,,,,,,,,,,,,,,,,
142,79,-0.008726646259971648,0.13533014507771415,0.1356112182737912,46.33234172776326,93.68956000074493,173.52528370074492,19963.574979214416,0.011591681835180084,0.001680971834355854,0.008962148589886476,False,False,False,below_power_or_outside_canonical_band_or_zero;low_endpoint_MSC,False,,,,False,False,False,False,,,,,,,,,,,,,,,,,,,,,,,,,,,,,
142,80,-0.008726646259971648,0.14499658401183663,0.1452589540443145,43.25506367932926,93.44420251465327,173.27992621465327,33987.3431336682,0.01973446481598444,0.27891013025813133,0.007136854821888132,False,False,False,below_power_or_outside_canonical_band_or_zero,False,,,,False,False,False,False,,,,,,,,,,,,,,,,,,,,,,,,,,,,,
142,81,-0.008726646259971648,0.15466302294595904,0.15490902175705884,40.56048663862456,93.22941060992773,173.0651343099277,31696.662122970163,0.018404400161254688,0.3669161274949845,0.008609646534016788,False,False,False,below_power_or_outside_canonical_band_or_zero,False,,,,False,False,False,False,,,,,,,,,,,,,,,,,,,,,,,,,,,,,
143,49,-0.004363323129985824,-0.15466302294595904,0.1547245593159629,40.60884280399661,-91.615988756698,348.219734943302,27488.633924289774,0.015961043994668512,0.08845731508010729,0.022333081861535774,False,False,False,below_power_or_outside_canonical_band_or_zero;low_endpoint_MSC,False,,,,False,False,False,False,,,,,,,,,,,,,,,,,,,,,,,,,,,,,
143,50,-0.004363323129985824,-0.14499658401183663,0.14506222100822208,43.313726092911935,-91.72365838134506,348.1120653186549,13825.35048320792,0.00802757342951136,0.12227237757401764,0.004600429813761577,False,False,False,below_power_or_outside_canonical_band_or_zero,False,,,,False,False,False,False,,,,,,,,,,,,,,,,,,,,,,,,,,,,,
143,51,-0.004363323129985824,-0.13533014507771415,0.13540046807707803,46.40445780145178,-91.84669442738095,347.98902927261906,32209.90794934859,0.018702412031814303,0.06700557277689413,0.006292966245079608,False,False,False,below_power_or_outside_canonical_band_or_zero;low_endpoint_MSC,False,,,,False,False,False,False,,,,,,,,,,,,,,,,,,,,,,,,,,,,,
143,52,-0.004363323129985824,-0.12566370614359174,0.12573943546270455,49.969886408812734,-91.98863785647407,347.8470858435259,26077.716900438652,0.01514180689643587,0.3158459640377429,0.013834742314765868,False,False,False,below_power_or_outside_canonical_band_or_zero,False,,,,False,False,False,False,,,,,,,,,,,,,,,,,,,,,,,,,,,,,
143,53,-0.004363323129985824,-0.11599726720946928,0.11607930301652265,54.128385887062414,-92.15420754314033,347.6815161568597,12391.069898580394,0.007194770476298388,0.1318363519810589,0.030472981190196084,False,False,False,below_power_or_outside_canonical_band_or_zero,False,,,,False,False,False,False,,,,,,,,,,,,,,,,,,,,,,,,,,,,,
143,54,-0.004363323129985824,-0.10633082827534684,0.10642031587275978,59.04122023742162,-92.34983419802485,347.4858895019752,33303.5966857772,0.01933745319416124,0.0871382172725731,0.00863490776875079,False,False,False,below_power_or_outside_canonical_band_or_zero;low_endpoint_MSC,False,,,,False,False,False,False,,,,,,,,,,,,,,,,,,,,,,,,,,,,,
143,55,-0.004363323129985824,-0.09666438934122441,0.09676281700864485,64.93388164400218,-92.58451344596558,347.2512102540344,34418.612004272916,0.0199848774569404,0.13694303411063177,0.001454969745442494,False,False,False,below_power_or_outside_canonical_band_or_zero,False,,,,False,False,False,False,,,,,,,,,,,,,,,,,,,,,,,,,,,,,
143,56,-0.004363323129985824,-0.08699795040710197,0.08710730143778558,72.13155732607798,-92.8712250497116,346.9644986502884,24787.71480412309,0.014392778033480496,0.0658021185348864,0.01296600129368675,False,False,False,below_power_or_outside_canonical_band_or_zero;low_endpoint_MSC,False,,,,False,False,False,False,,,,,,,,,,,,,,,,,,,,,,,,,,,,,
143,57,-0.004363323129985824,-0.07733151147297952,0.07745451087852942,81.12097327724912,-93.22941060992773,346.60631309007226,38523.11328053784,0.022368121587117016,0.0666946906943079,0.0029439141867397254,False,False,False,below_power_or_outside_canonical_band_or_zero;low_endpoint_MSC,False,,,,False,False,False,False,,,,,,,,,,,,,,,,,,,,,,,,,,,,,
143,58,-0.004363323129985824,-0.06766507253885708,0.0678056091368956,92.66468345552651,-93.68956000074493,346.14616369925506,30972.492583529125,0.017983917211448885,0.00973564578017655,0.01880085121228336,False,False,False,below_power_or_outside_canonical_band_or_zero;low_endpoint_MSC,False,,,,False,False,False,False,,,,,,,,,,,,,,,,,,,,,,,,,,,,,
143,59,-0.004363323129985824,-0.05799863360473464,0.058162531657012,108.02805737948124,-94.30234182624412,345.5333818737559,47147.24000379062,0.027375648204283773,0.052425301232536,0.074267883129284,False,False,False,below_power_or_outside_canonical_band_or_zero;low_endpoint_MSC,False,,,,False,False,False,False,,,,,,,,,,,,,,,,,,,,,,,,,,,,,
143,60,-0.004363323129985824,-0.04833219467061221,0.04852875055484763,129.47346130575264,-95.15855178060605,344.67717191939397,79631.13261306574,0.046237147123536576,0.20963599037379507,0.20934974996333588,False,False,False,below_power_or_outside_canonical_band_or_zero,False,,,,False,False,False,False,,,,,,,,,,,,,,,,,,,,,,,,,,,,,
143,61,-0.004363323129985824,-0.03866575573648976,0.03891117134462236,161.4751005959614,-96.43843169833663,343.39729200166335,102916.0169115274,0.059757319268945036,0.03960270274962395,0.18097842317949103,False,True,False,low_endpoint_MSC,True,0.34646058347555025,0.2623823571939692,0.06597300110638794,False,False,False,False,1.4630155844489752,0.7034303158906978,2.452573701037323,True,5.551115123125783e-17,0.0,0.8616562485221578,1.2180743828118492,False,False,False,False,-0.08407822628158107,-0.2804875823691623,high_unwrapped_RMSE,high_circular_RMS,high_circular_RMS,0.2623823571939692,False,False,0.21177340727867103,False,False,2.3821811917782068,False,True,-2.2361766048598124,False,True
143,62,-0.004363323129985824,-0.02899931680236732,0.029325738929151177,214.2549697506105,-98.55670597241482,341.2790177275852,69269.3829516201,0.040220684367926994,0.0653004849829281,0.02777333911184753,False,False,False,below_power_or_outside_canonical_band_or_zero;low_endpoint_MSC,False,,,,False,False,False,False,,,,,,,,,,,,,,,,,,,,,,,,,,,,,
143,63,-0.004363323129985824,-0.01933287786824488,0.019819151228171756,317.0259530715124,-102.71824934637344,337.11747435362656,90232.69589882322,0.05239285564227518,0.012309370262920226,0.005017430318701314,False,True,False,low_endpoint_MSC,True,0.14463524370743921,0.1897479804469277,-0.018923773655633115,False,False,False,False,1.3962132384661365,0.3121795305012167,3.1174928898532435,False,2.7755575615628914e-17,-6.661338147750939e-16,1.3644256606623595,1.2317612321116889,False,False,False,False,0.045112736739488485,-0.16355901736307232,large_wrapped_step;high_unwrapped_RMSE,high_circular_RMS,high_circular_RMS,0.1897479804469277,False,False,0.2665564835294011,False,False,-2.2700874300534477,False,True,-2.2614639909568353,False,True
143,67,-0.004363323129985824,0.01933287786824488,0.019819151228171756,317.0259530715124,102.71824934637344,182.55397304637344,236947.6203179836,0.13758164202497963,0.11259753370248889,0.009778874670687845,False,True,True,,True,0.33185209201766974,0.192112798988788,-0.08803571684634956,False,False,False,False,2.018900603132244,0.5333057468560904,2.6811730259146787,False,0.0,4.440892098500626e-16,1.0671694087571666,1.3045008028603904,False,False,False,False,-0.13973929302888174,-0.41988780886401933,large_wrapped_step;high_unwrapped_RMSE,high_circular_RMS,high_circular_RMS,0.192112798988788,False,False,-0.031095302690134576,False,False,2.037095688206704,False,False,2.1664644718613135,False,True
143,68,-0.004363323129985824,0.02899931680236732,0.029325738929151177,214.2549697506105,98.55670597241482,178.39242967241483,118126.24259014841,0.06858900882812632,0.09800347001694494,0.030306765782738335,False,True,True,,True,-0.19741168328537184,0.13971274548524143,0.006230167562601078,False,False,False,False,1.2910718518996211,0.49719631224843897,2.9566244453373924,False,8.326672684688674e-17,-4.440892098500626e-16,1.321118941915421,1.4273904492087484,False,False,False,False,0.33712442877061327,0.20364185084797293,large_wrapped_step;high_unwrapped_RMSE,high_circular_RMS,high_circular_RMS,0.13971274548524143,False,False,0.04152956856468822,False,False,2.321190498800938,False,True,-2.267697077818426,False,True
143,69,-0.004363323129985824,0.03866575573648976,0.03891117134462236,161.4751005959614,96.43843169833663,176.27415539833663,131600.22816171806,0.07641256517813176,0.016193924871156028,0.02061350521930807,False,True,False,low_endpoint_MSC,True,-0.15250654661896781,-0.04910162383918409,-0.16610106606916475,False,False,False,False,0.6243591255449152,0.7161862810382599,2.4794122694679284,True,8.326672684688674e-17,-8.881784197001252e-16,0.6589369283826831,0.8668831316418237,False,False,False,False,0.10340492277978372,-0.013594519450196935,high_unwrapped_RMSE,high_circular_RMS,high_circular_RMS,-0.04910162383918409,False,False,-0.10700303744044377,False,False,2.0794310043761635,False,True,3.1648768217945493,False,True
143,70,-0.004363323129985824,0.04833219467061221,0.04852875055484763,129.47346130575264,95.15855178060605,174.99427548060606,66912.40091848503,0.03885212258238588,0.013500890311616064,0.045510339337431614,False,False,False,below_power_or_outside_canonical_band_or_zero;low_endpoint_MSC,False,,,,False,False,False,False,,,,,,,,,,,,,,,,,,,,,,,,,,,,,
143,71,-0.004363323129985824,0.05799863360473464,0.058162531657012,108.02805737948124,94.30234182624412,174.13806552624413,29673.712127097988,0.017229791267554834,0.004540625119965428,0.0019275861533898909,False,False,False,below_power_or_outside_canonical_band_or_zero;low_endpoint_MSC,False,,,,False,False,False,False,,,,,,,,,,,,,,,,,,,,,,,,,,,,,
143,72,-0.004363323129985824,0.06766507253885708,0.0678056091368956,92.66468345552651,93.68956000074493,173.52528370074492,29665.478007768048,0.017225010195449014,0.0458559517079195,7.703927523347309e-06,False,False,False,below_power_or_outside_canonical_band_or_zero;low_endpoint_MSC,False,,,,False,False,False,False,,,,,,,,,,,,,,,,,,,,,,,,,,,,,
143,73,-0.004363323129985824,0.07733151147297952,0.07745451087852942,81.12097327724912,93.22941060992773,173.0651343099277,32409.905544638314,0.01881853895270965,0.1117639779204716,0.008550068493940475,False,False,False,below_power_or_outside_canonical_band_or_zero,False,,,,False,False,False,False,,,,,,,,,,,,,,,,,,,,,,,,,,,,,
143,74,-0.004363323129985824,0.08699795040710197,0.08710730143778558,72.13155732607798,92.8712250497116,172.70694874971161,20493.736350681622,0.011899515574665577,0.17570633598693747,0.004247001032984797,False,False,False,below_power_or_outside_canonical_band_or_zero,False,,,,False,False,False,False,,,,,,,,,,,,,,,,,,,,,,,,,,,,,
143,75,-0.004363323129985824,0.09666438934122441,0.09676281700864485,64.93388164400218,92.58451344596558,172.4202371459656,35442.94223230852,0.020579646184981783,0.060733789964427846,0.011240341456109398,False,False,False,below_power_or_outside_canonical_band_or_zero;low_endpoint_MSC,False,,,,False,False,False,False,,,,,,,,,,,,,,,,,,,,,,,,,,,,,
143,76,-0.004363323129985824,0.10633082827534684,0.10642031587275978,59.04122023742162,92.34983419802485,172.18555789802485,18287.94727566613,0.010618742708096469,0.11943583174629091,0.01789737651773964,False,False,False,below_power_or_outside_canonical_band_or_zero,False,,,,False,False,False,False,,,,,,,,,,,,,,,,,,,,,,,,,,,,,
143,77,-0.004363323129985824,0.11599726720946928,0.11607930301652265,54.128385887062414,92.15420754314033,171.98993124314035,21329.107561014975,0.01238456683900754,0.17046475305085287,0.007970591981950544,False,False,False,below_power_or_outside_canonical_band_or_zero,False,,,,False,False,False,False,,,,,,,,,,,,,,,,,,,,,,,,,,,,,
143,78,-0.004363323129985824,0.12566370614359174,0.12573943546270455,49.969886408812734,91.98863785647407,171.82436155647406,19215.55194084175,0.011157348551926533,0.04508269523096169,0.0039533443633567875,False,False,False,below_power_or_outside_canonical_band_or_zero;low_endpoint_MSC,False,,,,False,False,False,False,,,,,,,,,,,,,,,,,,,,,,,,,,,,,
143,79,-0.004363323129985824,0.13533014507771415,0.13540046807707803,46.40445780145178,91.84669442738095,171.68241812738097,21627.148456934054,0.012557621777462353,0.007101801174021551,0.01579486043208165,False,False,False,below_power_or_outside_canonical_band_or_zero;low_endpoint_MSC,False,,,,False,False,False,False,,,,,,,,,,,,,,,,,,,,,,,,,,,,,
143,80,-0.004363323129985824,0.14499658401183663,0.14506222100822208,43.313726092911935,91.72365838134506,171.55938208134506,22772.991431813323,0.013222945859532115,0.19034607253267544,0.01558798361468108,False,False,False,below_power_or_outside_canonical_band_or_zero,False,,,,False,False,False,False,,,,,,,,,,,,,,,,,,,,,,,,,,,,,
143,81,-0.004363323129985824,0.15466302294595904,0.1547245593159629,40.60884280399661,91.615988756698,171.451712456698,21704.875765734854,0.012602753485308354,0.29047661573615363,0.009504583801548753,False,False,False,below_power_or_outside_canonical_band_or_zero,False,,,,False,False,False,False,,,,,,,,,,,,,,,,,,,,,,,,,,,,,
144,49,0.0,-0.15466302294595904,0.15466302294595904,40.625,-90.0,349.8357237,22920.291974668555,0.013308474680332244,0.13271495267073494,0.012017838683687793,False,False,False,below_power_or_outside_canonical_band_or_zero,False,,,,False,False,False,False,,,,,,,,,,,,,,,,,,,,,,,,,,,,,
144,50,0.0,-0.14499658401183663,0.14499658401183663,43.33333333333333,-90.0,349.8357237,19069.18495303278,0.011072361792008946,0.09387743159938262,0.01667396202967012,False,False,False,below_power_or_outside_canonical_band_or_zero,False,,,,False,False,False,False,,,,,,,,,,,,,,,,,,,,,,,,,,,,,
144,51,0.0,-0.13533014507771415,0.13533014507771415,46.42857142857143,-90.0,349.8357237,25690.676473051328,0.014917075128889368,0.044918435634999705,0.01996916807471352,False,False,False,below_power_or_outside_canonical_band_or_zero;low_endpoint_MSC,False,,,,False,False,False,False,,,,,,,,,,,,,,,,,,,,,,,,,,,,,
144,52,0.0,-0.12566370614359174,0.12566370614359174,49.99999999999999,-90.0,349.8357237,18858.84968849112,0.010950232390445153,0.10220010983929906,0.0017767207399197057,False,False,False,below_power_or_outside_canonical_band_or_zero,False,,,,False,False,False,False,,,,,,,,,,,,,,,,,,,,,,,,,,,,,
144,53,0.0,-0.11599726720946928,0.11599726720946928,54.16666666666667,-90.0,349.8357237,17003.39723980743,0.00987287953817092,0.038034646533757675,0.0021964521904383515,False,False,False,below_power_or_outside_canonical_band_or_zero;low_endpoint_MSC,False,,,,False,False,False,False,,,,,,,,,,,,,,,,,,,,,,,,,,,,,
144,54,0.0,-0.10633082827534684,0.10633082827534684,59.09090909090909,-90.0,349.8357237,24554.988465266626,0.014257647443017656,0.12008064373648478,0.006445231391065507,False,False,False,below_power_or_outside_canonical_band_or_zero,False,,,,False,False,False,False,,,,,,,,,,,,,,,,,,,,,,,,,,,,,
144,55,0.0,-0.09666438934122441,0.09666438934122441,65.0,-90.0,349.8357237,23847.878632431595,0.013847070068309712,0.0698627595793605,0.0127776564204192,False,False,False,below_power_or_outside_canonical_band_or_zero;low_endpoint_MSC,False,,,,False,False,False,False,,,,,,,,,,,,,,,,,,,,,,,,,,,,,
144,56,0.0,-0.08699795040710197,0.08699795040710197,72.22222222222221,-90.0,349.8357237,34423.16083598252,0.01998751869779803,0.056218487268097236,0.0027847443224135967,False,False,False,below_power_or_outside_canonical_band_or_zero;low_endpoint_MSC,False,,,,False,False,False,False,,,,,,,,,,,,,,,,,,,,,,,,,,,,,
144,57,0.0,-0.07733151147297952,0.07733151147297952,81.25,-90.0,349.8357237,45542.43846449642,0.02644383369353237,0.02536019954502612,0.005037408745413981,False,False,False,below_power_or_outside_canonical_band_or_zero;low_endpoint_MSC,False,,,,False,False,False,False,,,,,,,,,,,,,,,,,,,,,,,,,,,,,
144,58,0.0,-0.06766507253885708,0.06766507253885708,92.85714285714286,-90.0,349.8357237,32120.29552495574,0.018650379331602913,0.010067219665650648,0.005716284439183912,False,False,False,below_power_or_outside_canonical_band_or_zero;low_endpoint_MSC,False,,,,False,False,False,False,,,,,,,,,,,,,,,,,,,,,,,,,,,,,
144,59,0.0,-0.05799863360473464,0.05799863360473464,108.33333333333334,-90.0,349.8357237,47760.19225425488,0.027731553771044085,0.11992707475061529,0.017398081813155202,False,False,False,below_power_or_outside_canonical_band_or_zero,False,,,,False,False,False,False,,,,,,,,,,,,,,,,,,,,,,,,,,,,,
144,60,0.0,-0.04833219467061221,0.04833219467061221,130.0,-90.0,349.8357237,65622.12884509661,0.03810293695951478,0.12674472529246447,0.17781970942363667,False,False,False,below_power_or_outside_canonical_band_or_zero,False,,,,False,False,False,False,,,,,,,,,,,,,,,,,,,,,,,,,,,,,
144,61,0.0,-0.03866575573648976,0.03866575573648976,162.5,-90.0,349.8357237,195167.09676426084,0.11332213257107422,0.07384224676838957,0.003532048215571739,False,True,False,low_endpoint_MSC,True,0.09989119315843557,-0.05448906882385123,0.08728004230957467,False,False,False,False,0.7034280733627785,0.46030630219210955,3.04829288959745,False,2.7755575615628914e-17,-1.1102230246251565e-16,1.112160214964573,1.005800397246601,False,False,False,False,-0.1543802619822868,-0.0126111508488609,large_wrapped_step;high_unwrapped_RMSE,high_circular_RMS,high_circular_RMS,-0.05448906882385123,False,False,0.001400759771698428,False,False,2.2982860735319535,False,True,-2.1298207373784064,False,True
144,62,0.0,-0.02899931680236732,0.02899931680236732,216.66666666666669,-90.0,349.8357237,53379.55535441188,0.03099438967299006,0.16994880758006245,0.03492636406726152,False,False,False,below_power_or_outside_canonical_band_or_zero,False,,,,False,False,False,False,,,,,,,,,,,,,,,,,,,,,,,,,,,,,
144,63,0.0,-0.01933287786824488,0.01933287786824488,325.0,-90.0,349.8357237,70327.08361668636,0.04083482935944639,0.20562388764417988,0.046075382721465455,False,False,False,below_power_or_outside_canonical_band_or_zero,False,,,,False,False,False,False,,,,,,,,,,,,,,,,,,,,,,,,,,,,,
