case_id,s_true,ratio,cont_fraction,relative_phase,phase_index,sigma,n,joint_event_fraction,joint_high_R2_fraction,joint_high_MSC_proportional_fraction,joint_high_MSC_different_fraction,A_acceptance_fraction,A_mean_signed_error,A_median_relative_abs_error,A_accepted_median_relative_abs_error,B_acceptance_fraction,B_mean_signed_error,B_median_relative_abs_error,B_accepted_median_relative_abs_error,C_acceptance_fraction,C_mean_signed_error,C_median_relative_abs_error,C_accepted_median_relative_abs_error
0.0,0.3,0.0,0.0,0.0,0.0,0.0,1,0.0,0.0,0.0,0.0,1.0,0.0,0.0,0.0,1.0,8.882428459422442e-09,2.9608094864741474e-08,2.9608094864741474e-08,1.0,-9.05304275988783e-10,3.0176809199626104e-09,3.0176809199626104e-09
1.0,0.3,0.25,0.0,0.0,0.0,0.0,1,0.0,0.0,0.0,0.0,1.0,0.016440702295436482,0.05480234098478828,0.05480234098478828,1.0,-0.002427367026459515,0.008091223421531717,0.008091223421531717,1.0,0.01015164079536851,0.03383880265122837,0.03383880265122837
2.0,0.3,0.25,0.0,0.7853981633974483,1.0,0.0,1,0.0,0.0,0.0,0.0,1.0,0.014741171567236588,0.0491372385574553,0.0491372385574553,1.0,-0.0023095845472887455,0.007698615157629152,0.007698615157629152,1.0,0.00938842817516694,0.0312947605838898,0.0312947605838898
3.0,0.3,0.25,0.0,1.5707963267948966,2.0,0.0,1,0.0,0.0,0.0,0.0,1.0,0.005069687232302056,0.016898957441006855,0.016898957441006855,1.0,-0.0013075823325606195,0.004358607775202065,0.004358607775202065,1.0,0.004185154036225658,0.013950513454085527,0.013950513454085527
4.0,0.3,0.25,0.0,2.356194490192345,3.0,0.0,1,0.0,0.0,0.0,0.0,1.0,-0.008651833593083968,0.028839445310279897,0.028839445310279897,1.0,0.0009839456189369433,0.0032798187297898114,0.0032798187297898114,1.0,-0.00561313138767966,0.0187104379589322,0.0187104379589322
5.0,0.3,0.25,0.0,3.141592653589793,4.0,0.0,1,0.0,0.0,0.0,0.0,1.0,-0.018259817696905878,0.060866058989686264,0.060866058989686264,1.0,0.0037751732045891995,0.012583910681964,0.012583910681964,1.0,-0.013430293768592505,0.04476764589530835,0.04476764589530835
6.0,0.3,0.25,0.0,3.9269908169872414,5.0,0.0,1,0.0,0.0,0.0,0.0,1.0,-0.015668270133561646,0.05222756711187215,0.05222756711187215,1.0,0.0029125349634829267,0.009708449878276423,0.009708449878276423,1.0,-0.011279799324788231,0.03759933108262744,0.03759933108262744
7.0,0.3,0.25,0.0,4.71238898038469,6.0,0.0,1,0.0,0.0,0.0,0.0,1.0,-0.0032734176477496324,0.010911392159165442,0.010911392159165442,1.0,3.209821461858109e-05,0.00010699404872860363,0.00010699404872860363,1.0,-0.0014667694076090365,0.004889231358696788,0.004889231358696788
8.0,0.3,0.25,0.0,5.497787143782138,7.0,0.0,1,0.0,0.0,0.0,0.0,1.0,0.00960175006954661,0.03200583356515537,0.03200583356515537,1.0,-0.0017184097814173516,0.005728032604724506,0.005728032604724506,1.0,0.0068423018168246585,0.022807672722748862,0.022807672722748862
9.0,0.3,0.25,-0.2,0.0,0.0,0.0,1,0.0,0.0,0.0,0.0,1.0,0.00413508657820344,0.0137836219273448,0.0137836219273448,1.0,-0.01030174040792703,0.0343391346930901,0.0343391346930901,1.0,-0.000771798208929031,0.0025726606964301033,0.0025726606964301033
10.0,0.3,0.25,-0.2,0.7853981633974483,1.0,0.0,1,0.0,0.0,0.0,0.0,1.0,0.0070459668322361835,0.023486556107453947,0.023486556107453947,1.0,-0.013690744486450968,0.04563581495483656,0.04563581495483656,1.0,-0.0009125989578695481,0.003041996526231827,0.003041996526231827
11.0,0.3,0.25,-0.2,1.5707963267948966,2.0,0.0,1,0.0,0.0,0.0,0.0,1.0,0.00554750330695869,0.0184916776898623,0.0184916776898623,1.0,-0.012095106919086773,0.04031702306362258,0.04031702306362258,1.0,-0.000853985058182849,0.0028466168606094966,0.0028466168606094966
12.0,0.3,0.25,-0.2,2.356194490192345,3.0,0.0,1,0.0,0.0,0.0,0.0,1.0,0.0005746202126630795,0.0019154007088769318,0.0019154007088769318,1.0,-0.00481789971052593,0.0160596657017531,0.0160596657017531,1.0,-0.0005786683187180564,0.0019288943957268545,0.0019288943957268545
13.0,0.3,0.25,-0.2,3.141592653589793,4.0,0.0,1,0.0,0.0,0.0,0.0,1.0,-0.004367176662948669,0.014557255543162229,0.014557255543162229,1.0,0.008777404818265888,0.029258016060886294,0.029258016060886294,1.0,0.0001610031233924003,0.0005366770779746677,0.0005366770779746677
14.0,0.3,0.25,-0.2,3.9269908169872414,5.0,0.0,1,0.0,0.0,0.0,0.0,1.0,-0.006272878180590136,0.020909593935300452,0.020909593935300452,1.0,0.0191364458506445,0.06378815283548167,0.06378815283548167,1.0,0.001110654816699752,0.0037021827223325072,0.0037021827223325072
15.0,0.3,0.25,-0.2,4.71238898038469,6.0,0.0,1,0.0,0.0,0.0,0.0,1.0,-0.005364486473498742,0.017881621578329142,0.017881621578329142,1.0,0.013561125012998054,0.04520375004332685,0.04520375004332685,1.0,0.0005711541124969743,0.0019038470416565811,0.0019038470416565811
16.0,0.3,0.25,-0.2,5.497787143782138,7.0,0.0,1,0.0,0.0,0.0,0.0,1.0,-0.0012986628929459454,0.004328876309819818,0.004328876309819818,1.0,-0.0006636355122835447,0.0022121183742784822,0.0022121183742784822,1.0,-0.00036965480833195397,0.0012321826944398466,0.0012321826944398466
17.0,0.3,0.25,0.2,0.0,0.0,0.0,1,0.0,0.0,0.0,0.0,1.0,0.02297330635600303,0.07657768785334344,0.07657768785334344,1.0,0.008853923669069674,0.029513078896898914,0.029513078896898914,1.0,0.018959069343640056,0.06319689781213353,0.06319689781213353
18.0,0.3,0.25,0.2,0.7853981633974483,1.0,0.0,1,0.0,0.0,0.0,0.0,1.0,0.009833009727099495,0.03277669909033165,0.03277669909033165,1.0,0.0053440682002334206,0.017813560667444737,0.017813560667444737,1.0,0.009424942512071044,0.03141647504023681,0.03141647504023681
19.0,0.3,0.25,0.2,1.5707963267948966,2.0,0.0,1,0.0,0.0,0.0,0.0,1.0,-0.010216428487197726,0.03405476162399242,0.03405476162399242,1.0,-0.002793501692761602,0.00931167230920534,0.00931167230920534,1.0,-0.00819449857600918,0.027314995253363932,0.027314995253363932
20.0,0.3,0.25,0.2,2.356194490192345,3.0,0.0,1,0.0,0.0,0.0,0.0,1.0,-0.025563307134252367,0.08521102378084122,0.08521102378084122,1.0,-0.012877374511685413,0.042924581705618046,0.042924581705618046,1.0,-0.023037013533290407,0.07679004511096803,0.07679004511096803
21.0,0.3,0.25,0.2,3.141592653589793,4.0,0.0,1,0.0,0.0,0.0,0.0,1.0,-0.02453242052049448,0.08177473506831494,0.08177473506831494,1.0,-0.012037225518641892,0.040124085062139644,0.040124085062139644,1.0,-0.022010490588519616,0.07336830196173205,0.07336830196173205
22.0,0.3,0.25,0.2,3.9269908169872414,5.0,0.0,1,0.0,0.0,0.0,0.0,1.0,-0.007975639580379057,0.02658546526793019,0.02658546526793019,1.0,-0.0015957630887014074,0.0053192102956713585,0.0053192102956713585,1.0,-0.006084378396007617,0.02028126132002539,0.02028126132002539
23.0,0.3,0.25,0.2,4.71238898038469,6.0,0.0,1,0.0,0.0,0.0,0.0,1.0,0.011774086440686782,0.03924695480228928,0.03924695480228928,1.0,0.0060221809500659584,0.020073936500219863,0.020073936500219863,1.0,0.01098004257959978,0.03660014193199927,0.03660014193199927
24.0,0.3,0.25,0.2,5.497787143782138,7.0,0.0,1,0.0,0.0,0.0,0.0,1.0,0.023707215165562345,0.07902405055187449,0.07902405055187449,1.0,0.009055675460312329,0.030185584867707765,0.030185584867707765,1.0,0.019438772675699323,0.06479590891899775,0.06479590891899775
25.0,0.3,0.5,0.0,0.0,0.0,0.0,1,0.0,0.0,0.0,0.0,1.0,0.031438235419490035,0.10479411806496679,0.10479411806496679,1.0,-0.004302850128441116,0.014342833761470386,0.014342833761470386,1.0,0.015635720836240374,0.05211906945413458,0.05211906945413458
26.0,0.3,0.5,0.0,0.7853981633974483,1.0,0.0,1,0.0,0.0,0.0,0.0,1.0,0.028565315897769505,0.09521771965923169,0.09521771965923169,1.0,-0.004189738501142959,0.013965795003809863,0.013965795003809863,1.0,0.01494175942205328,0.049805864740177605,0.049805864740177605
27.0,0.3,0.5,0.0,1.5707963267948966,2.0,0.0,1,0.0,0.0,0.0,0.0,1.0,0.011511815625924682,0.03837271875308228,0.03837271875308228,1.0,-0.0032778430912434042,0.010926143637478014,0.010926143637478014,1.0,0.008451254139725306,0.028170847132417687,0.028170847132417687
28.0,0.3,0.5,0.0,2.356194490192345,3.0,0.0,1,0.0,0.0,0.0,0.0,1.0,-0.015722533432770802,0.052408444775902674,0.052408444775902674,1.0,-4.403990104706601e-05,0.00014679967015688672,0.00014679967015688672,1.0,-0.012744986351351628,0.042483287837838765,0.042483287837838765
29.0,0.3,0.5,0.0,3.141592653589793,4.0,0.0,1,1.0,1.0,1.0,1.0,1.0,-0.03885586627968807,0.1295195542656269,0.1295195542656269,1.0,0.01001481517698366,0.0333827172566122,0.0333827172566122,1.0,-0.03218086431114259,0.10726954770380863,0.10726954770380863
30.0,0.3,0.5,0.0,3.9269908169872414,5.0,0.0,1,0.0,0.0,0.0,0.0,1.0,-0.032129220083934984,0.10709740027978329,0.10709740027978329,1.0,0.005367836810265703,0.017892789367552342,0.017892789367552342,1.0,-0.026988456741499633,0.08996152247166544,0.08996152247166544
31.0,0.3,0.5,0.0,4.71238898038469,6.0,0.0,1,0.0,0.0,0.0,0.0,1.0,-0.004463738808854922,0.014879129362849741,0.014879129362849741,1.0,-0.0016043060235217954,0.005347686745072652,0.005347686745072652,1.0,-0.002728823005260894,0.00909607668420298,0.00909607668420298
32.0,0.3,0.5,0.0,5.497787143782138,7.0,0.0,1,0.0,0.0,0.0,0.0,1.0,0.019648813118268327,0.0654960437275611,0.0654960437275611,1.0,-0.003545246624981735,0.011817488749939117,0.011817488749939117,1.0,0.012203317344595066,0.040677724481983556,0.040677724481983556
33.0,0.3,0.5,-0.2,0.0,0.0,0.0,1,0.0,0.0,0.0,0.0,1.0,0.008502150972021283,0.028340503240070945,0.028340503240070945,1.0,-0.02079306383047619,0.06931021276825397,0.06931021276825397,1.0,-0.005000487095316086,0.01666829031772029,0.01666829031772029
34.0,0.3,0.5,-0.2,0.7853981633974483,1.0,0.0,1,0.0,0.0,0.0,0.0,1.0,0.014382800970251908,0.047942669900839695,0.047942669900839695,1.0,-0.02385221556234446,0.07950738520781486,0.07950738520781486,1.0,-0.005174773281394207,0.017249244271314024,0.017249244271314024
35.0,0.3,0.5,-0.2,1.5707963267948966,2.0,0.0,1,0.0,0.0,0.0,0.0,1.0,0.011404440306440666,0.03801480102146889,0.03801480102146889,1.0,-0.022436769162646808,0.07478923054215603,0.07478923054215603,1.0,-0.005100741603869641,0.017002472012898805,0.017002472012898805
36.0,0.3,0.5,-0.2,2.356194490192345,3.0,0.0,1,0.0,0.0,0.0,0.0,1.0,0.0008263583858665324,0.0027545279528884414,0.0027545279528884414,1.0,-0.014327697578180365,0.04775899192726789,0.04775899192726789,1.0,-0.004877163978162291,0.01625721326054097,0.01625721326054097
37.0,0.3,0.5,-0.2,3.141592653589793,4.0,0.0,1,0.0,0.0,0.0,0.0,1.0,-0.009757181676259497,0.03252393892086499,0.03252393892086499,1.0,0.013798175734399953,0.045993919114666514,0.045993919114666514,1.0,-0.003906195522153766,0.013020651740512553,0.013020651740512553
38.0,0.3,0.5,-0.2,3.9269908169872414,5.0,0.0,1,0.0,0.0,0.0,0.0,1.0,-0.011029383693675898,0.036764612312252996,0.036764612312252996,1.0,0.04488210085343597,0.14960700284478656,0.14960700284478656,1.0,0.0008233434921586236,0.002744478307195412,0.002744478307195412
39.0,0.3,0.5,-0.2,4.71238898038469,6.0,0.0,1,0.0,0.0,0.0,0.0,1.0,-0.010937920765513143,0.03645973588504381,0.03645973588504381,1.0,0.02808737489777785,0.09362458299259284,0.09362458299259284,1.0,-0.002236719353958083,0.007455731179860278,0.007455731179860278
40.0,0.3,0.5,-0.2,5.497787143782138,7.0,0.0,1,0.0,0.0,0.0,0.0,1.0,-0.003398269014768307,0.011327563382561023,0.011327563382561023,1.0,-0.007690550579797506,0.02563516859932502,0.02563516859932502,1.0,-0.004739834538089627,0.015799448460298758,0.015799448460298758
41.0,0.3,0.5,0.2,0.0,0.0,0.0,1,1.0,1.0,1.0,1.0,1.0,0.04450253180108532,0.14834177267028442,0.14834177267028442,1.0,0.015242257269876214,0.05080752423292072,0.05080752423292072,1.0,0.03396982087277889,0.1132327362425963,0.1132327362425963
42.0,0.3,0.5,0.2,0.7853981633974483,1.0,0.0,1,0.0,0.0,0.0,0.0,1.0,0.021152033215206534,0.07050677738402178,0.07050677738402178,1.0,0.012001926088274384,0.040006420294247946,0.040006420294247946,1.0,0.020774208942826777,0.06924736314275592,0.06924736314275592
43.0,0.3,0.5,0.2,1.5707963267948966,2.0,0.0,1,0.0,0.0,0.0,0.0,1.0,-0.01843242091399283,0.06144140304664277,0.06144140304664277,1.0,0.00017794821143629624,0.0005931607047876541,0.0005931607047876541,1.0,-0.015549755326180137,0.05183251775393379,0.05183251775393379
44.0,0.3,0.5,0.2,2.356194490192345,3.0,0.0,1,1.0,1.0,1.0,0.0,1.0,-0.053219244166004154,0.1773974805533472,0.1773974805533472,1.0,-0.031243365555890135,0.10414455185296712,0.10414455185296712,1.0,-0.05000923890633996,0.1666974630211332,0.1666974630211332
45.0,0.3,0.5,0.2,3.141592653589793,4.0,0.0,1,1.0,1.0,1.0,0.0,1.0,-0.05082025168454049,0.1694008389484683,0.1694008389484683,1.0,-0.02782746949113929,0.09275823163713097,0.09275823163713097,1.0,-0.04753780679982361,0.15845935599941205,0.15845935599941205
46.0,0.3,0.5,0.2,3.9269908169872414,5.0,0.0,1,0.0,0.0,0.0,0.0,1.0,-0.013690549288469522,0.04563516429489841,0.04563516429489841,1.0,0.002421353244008384,0.008071177480027947,0.008071177480027947,1.0,-0.010892753431202995,0.036309178104009986,0.036309178104009986
47.0,0.3,0.5,0.2,4.71238898038469,6.0,0.0,1,0.0,0.0,0.0,0.0,1.0,0.024705315325302457,0.08235105108434153,0.08235105108434153,1.0,0.012882706993562643,0.04294235664520881,0.04294235664520881,1.0,0.023399086728806417,0.07799695576268806,0.07799695576268806
48.0,0.3,0.5,0.2,5.497787143782138,7.0,0.0,1,1.0,1.0,1.0,1.0,1.0,0.04575697656780564,0.1525232552260188,0.1525232552260188,1.0,0.015405587740346893,0.051351959134489644,0.051351959134489644,1.0,0.034464961752362466,0.11488320584120823,0.11488320584120823
49.0,0.3,1.0,0.0,0.0,0.0,0.0,1,0.0,0.0,0.0,0.0,0.0,-0.35843908190468293,1.1947969396822764,,0.0,-0.15000001407191846,0.5000000469063949,,0.0,-0.15000000154271195,0.5000000051423732,
50.0,0.3,1.0,0.0,0.7853981633974483,1.0,0.0,1,0.0,0.0,0.0,0.0,0.0,-0.3519047517940979,1.1730158393136598,,0.0,-0.15000001407192132,0.5000000469064044,,0.0,-0.15000000154431123,0.5000000051477042,
51.0,0.3,1.0,0.0,1.5707963267948966,2.0,0.0,1,0.0,0.0,0.0,0.0,0.0,-0.32983713092273503,1.0994571030757836,,0.0,-0.1500000140719495,0.5000000469064984,,0.0,-0.1500000015443129,0.5000000051477097,
52.0,0.3,1.0,0.0,2.356194490192345,3.0,0.0,1,0.0,0.0,0.0,0.0,0.0,-0.27752289026854604,0.9250763008951535,,0.0,-0.15000001407197824,0.5000000469065942,,0.0,-0.15000000146517634,0.5000000048839212,
53.0,0.3,1.0,0.0,3.141592653589793,4.0,0.0,1,0.0,0.0,0.0,0.0,0.0,-0.19904778599771344,0.6634926199923782,,0.0,-0.15000001407199137,0.5000000469066379,,0.0,-0.15000000139882838,0.5000000046627613,
54.0,0.3,1.0,0.0,3.9269908169872414,5.0,0.0,1,0.0,0.0,0.0,0.0,0.0,-0.24157045368035718,0.8052348456011906,,0.0,-0.15000001407190658,0.5000000469063552,,0.0,-0.15000000141596342,0.5000000047198782,
55.0,0.3,1.0,0.0,4.71238898038469,6.0,0.0,1,0.0,0.0,0.0,0.0,0.0,-0.29308001102862713,0.9769333700954238,,0.0,-0.15000001407191213,0.5000000469063738,,0.0,-0.15000000372653347,0.5000000124217783,
56.0,0.3,1.0,0.0,5.497787143782138,7.0,0.0,1,0.0,0.0,0.0,0.0,0.0,-0.33881109899534156,1.129370329984472,,0.0,-0.1500000140717503,0.5000000469058343,,0.0,-0.15000000154318005,0.5000000051439335,
57.0,0.3,1.0,-0.2,0.0,0.0,0.0,1,0.0,0.0,0.0,0.0,0.0,-0.37617012246279263,1.2539004082093088,,0.0,-0.17999998838219927,0.5999999612739976,,0.0,-0.1799999948326508,0.5999999827755027,
58.0,0.3,1.0,-0.2,0.7853981633974483,1.0,0.0,1,0.0,0.0,0.0,0.0,0.0,-0.3884390819046829,1.2947969396822765,,0.0,-0.17999998838214998,0.5999999612738333,,0.0,-0.17999999483306153,0.5999999827768718,
59.0,0.3,1.0,-0.2,1.5707963267948966,2.0,0.0,1,0.0,0.0,0.0,0.0,0.0,-0.3819047517940979,1.2730158393136597,,0.0,-0.1799999883821347,0.5999999612737824,,0.0,-0.17999999715777634,0.5999999905259211,
60.0,0.3,1.0,-0.2,2.356194490192345,3.0,0.0,1,0.0,0.0,0.0,0.0,0.0,-0.359837130922735,1.1994571030757835,,0.0,-0.17999998838215187,0.5999999612738396,,0.0,-0.17999999715776233,0.5999999905258745,
61.0,0.3,1.0,-0.2,3.141592653589793,4.0,0.0,1,0.0,0.0,0.0,0.0,0.0,-0.32305404586654207,1.0768468195551404,,0.0,-0.17999998838219808,0.5999999612739936,,0.0,-0.17999999720476867,0.5999999906825623,
62.0,0.3,1.0,-0.2,3.9269908169872414,5.0,0.0,1,0.0,0.0,0.0,0.0,0.0,-0.34268590033776447,1.142286334459215,,0.0,-0.1799999883821164,0.5999999612737213,,0.0,-0.17999999493132315,0.5999999831044105,
63.0,0.3,1.0,-0.2,4.71238898038469,6.0,0.0,1,0.0,0.0,0.0,0.0,0.0,-0.332886777870051,1.10962259290017,,0.0,-0.1799999883821318,0.5999999612737726,,0.0,-0.17999999722228371,0.5999999907409458,
64.0,0.3,1.0,-0.2,5.497787143782138,7.0,0.0,1,0.0,0.0,0.0,0.0,0.0,-0.3492658407010998,1.164219469003666,,0.0,-0.1799999883822,0.599999961274,,0.0,-0.179999994828358,0.5999999827611934,
65.0,0.3,1.0,0.2,0.0,0.0,0.0,1,0.0,0.0,0.0,0.0,0.0,-0.3219047517940979,1.0730158393136597,,0.0,-0.11999999008210802,0.39999996694036005,,0.0,-0.11999999736592382,0.39999999121974605,
66.0,0.3,1.0,0.2,0.7853981633974483,1.0,0.0,1,0.0,0.0,0.0,0.0,0.0,-0.28921121639429487,0.9640373879809829,,0.0,-0.11999999008211626,0.39999996694038753,,0.0,-0.11999999469575715,0.3999999823191905,
67.0,0.3,1.0,0.2,1.5707963267948966,2.0,0.0,1,0.0,0.0,0.0,0.0,0.0,-0.21155545994187325,0.7051848664729109,,0.0,-0.11999999008208903,0.39999996694029677,,0.0,-0.12000000004295311,0.40000000014317705,
68.0,0.3,1.0,0.2,2.356194490192345,3.0,0.0,1,1.0,1.0,1.0,0.0,1.0,-0.11999999999999997,0.3999999999999999,0.3999999999999999,1.0,-0.11999999008208506,0.39999996694028356,0.39999996694028356,1.0,-0.12000000004410596,0.4000000001470199,0.4000000001470199
69.0,0.3,1.0,0.2,3.141592653589793,4.0,0.0,1,1.0,1.0,1.0,0.0,1.0,-0.11999999999999997,0.3999999999999999,0.3999999999999999,1.0,-0.11999999008208506,0.39999996694028356,0.39999996694028356,1.0,-0.12000000004410591,0.4000000001470197,0.4000000001470197
70.0,0.3,1.0,0.2,3.9269908169872414,5.0,0.0,1,0.0,0.0,0.0,0.0,0.0,-0.23037539524930803,0.7679179841643601,,0.0,-0.11999999008212059,0.39999996694040196,,0.0,-0.11999999737152678,0.3999999912384226,
71.0,0.3,1.0,0.2,4.71238898038469,6.0,0.0,1,0.0,0.0,0.0,0.0,0.0,-0.28926584070109973,0.9642194690036658,,0.0,-0.1199999900820877,0.39999996694029233,,0.0,-0.11999999469560532,0.39999998231868444,
72.0,0.3,1.0,0.2,5.497787143782138,7.0,0.0,1,0.0,0.0,0.0,0.0,0.0,-0.32598476113919117,1.0866158704639706,,0.0,-0.11999999008208914,0.39999996694029716,,0.0,-0.11999999469584274,0.3999999823194758,
73.0,0.3,2.0,0.0,0.0,0.0,0.0,1,1.0,0.0,1.0,1.0,1.0,-0.33143823541949,1.1047941180649667,1.1047941180649667,1.0,-0.29569714999075214,0.9856571666358405,0.9856571666358405,1.0,-0.3156357188008111,1.0521190626693704,1.0521190626693704
74.0,0.3,2.0,0.0,0.7853981633974483,1.0,0.0,1,1.0,0.0,1.0,1.0,1.0,-0.32856531589776944,1.0952177196592314,1.0952177196592314,1.0,-0.2958102673645618,0.9860342245485393,0.9860342245485393,1.0,-0.3149417582510178,1.049805860836726,1.049805860836726
75.0,0.3,2.0,0.0,1.5707963267948966,2.0,0.0,1,1.0,0.0,1.0,1.0,1.0,-0.3115118156259246,1.038372718753082,1.038372718753082,1.0,-0.2967221508087498,0.9890738360291661,0.9890738360291661,1.0,-0.3084512533793584,1.0281708445978615,1.0281708445978615
76.0,0.3,2.0,0.0,2.356194490192345,3.0,0.0,1,1.0,0.0,1.0,1.0,1.0,-0.2842774665672292,0.9475915552240973,0.9475915552240973,1.0,-0.29995595650004514,0.9998531883334838,0.9998531883334838,1.0,-0.2872550128430199,0.9575167094767331,0.9575167094767331
77.0,0.3,2.0,0.0,3.141592653589793,4.0,0.0,1,1.0,0.0,1.0,1.0,1.0,-0.26114413372031187,0.8704804457343729,0.8704804457343729,1.0,-0.31001481463305214,1.0333827154435071,1.0333827154435071,1.0,-0.26781913538517105,0.8927304512839035,0.8927304512839035
78.0,0.3,2.0,0.0,3.9269908169872414,5.0,0.0,1,1.0,0.0,1.0,1.0,1.0,-0.26787077991606495,0.8929025997202166,0.8929025997202166,1.0,-0.30536783295808895,1.0178927765269632,1.0178927765269632,1.0,-0.2730115424770669,0.9100384749235563,0.9100384749235563
79.0,0.3,2.0,0.0,4.71238898038469,6.0,0.0,1,1.0,0.0,1.0,1.0,1.0,-0.29553626119114507,0.9851208706371503,0.9851208706371503,1.0,-0.29839569766725293,0.9946523255575098,0.9946523255575098,1.0,-0.29727117561408567,0.9909039187136189,0.9909039187136189
80.0,0.3,2.0,0.0,5.497787143782138,7.0,0.0,1,1.0,0.0,1.0,1.0,1.0,-0.3196488131182683,1.0654960437275611,1.0654960437275611,1.0,-0.2964547482856625,0.9881824942855416,0.9881824942855416,1.0,-0.31220331710099203,1.0406777236699736,1.0406777236699736
81.0,0.3,2.0,-0.2,0.0,0.0,0.0,1,1.0,0.0,1.0,1.0,1.0,-0.3685021509720213,1.2283405032400712,1.2283405032400712,1.0,-0.33920693505488586,1.1306897835162864,1.1306897835162864,1.0,-0.3549995117101664,1.1833317057005548,1.1833317057005548
82.0,0.3,2.0,-0.2,0.7853981633974483,1.0,0.0,1,1.0,0.0,1.0,1.0,1.0,-0.3743828009702519,1.2479426699008398,1.2479426699008398,1.0,-0.33614777925900796,1.1204925975300266,1.1204925975300266,1.0,-0.35482522856878695,1.1827507618959565,1.1827507618959565
83.0,0.3,2.0,-0.2,1.5707963267948966,2.0,0.0,1,1.0,0.0,1.0,1.0,1.0,-0.37140444030644065,1.2380148010214689,1.2380148010214689,1.0,-0.3375632308781678,1.1252107695938927,1.1252107695938927,1.0,-0.35489925933800687,1.1829975311266896,1.1829975311266896
84.0,0.3,2.0,-0.2,2.356194490192345,3.0,0.0,1,1.0,0.0,1.0,1.0,1.0,-0.36082635838586646,1.2027545279528882,1.2027545279528882,1.0,-0.345672306651002,1.1522410221700068,1.1522410221700068,1.0,-0.3551228359302946,1.1837427864343153,1.1837427864343153
85.0,0.3,2.0,-0.2,3.141592653589793,4.0,0.0,1,1.0,0.0,1.0,0.0,1.0,-0.3502428183237405,1.167476061079135,1.167476061079135,1.0,-0.37379816837090213,1.2459938945696738,1.2459938945696738,1.0,-0.35609380537014645,1.1869793512338216,1.1869793512338216
86.0,0.3,2.0,-0.2,3.9269908169872414,5.0,0.0,1,1.0,0.0,1.0,0.0,1.0,-0.3489706163063241,1.163235387687747,1.163235387687747,1.0,-0.4048821044121731,1.3496070147072436,1.3496070147072436,1.0,-0.36082334435926844,1.2027444811975616,1.2027444811975616
87.0,0.3,2.0,-0.2,4.71238898038469,6.0,0.0,1,1.0,0.0,1.0,0.0,1.0,-0.34906207923448684,1.1635402641149561,1.1635402641149561,1.0,-0.38808737047577724,1.2936245682525909,1.2936245682525909,1.0,-0.35776328218077047,1.1925442739359016,1.1925442739359016
88.0,0.3,2.0,-0.2,5.497787143782138,7.0,0.0,1,1.0,0.0,1.0,1.0,1.0,-0.3566017309852317,1.188672436617439,1.188672436617439,1.0,-0.35230944939672304,1.1743648313224102,1.1743648313224102,1.0,-0.35526016646980096,1.1842005548993366,1.1842005548993366
89.0,0.3,2.0,0.2,0.0,0.0,0.0,1,1.0,0.0,1.0,1.0,1.0,-0.2845025318010853,0.9483417726702844,0.9483417726702844,1.0,-0.25524225660613303,0.8508075220204435,0.8508075220204435,1.0,-0.2739698208232331,0.9132327360774438,0.9132327360774438
90.0,0.3,2.0,0.2,0.7853981633974483,1.0,0.0,1,1.0,0.0,1.0,1.0,1.0,-0.2611520332152065,0.8705067773840218,0.8705067773840218,1.0,-0.2520019337680993,0.8400064458936645,0.8400064458936645,1.0,-0.260774207830458,0.8692473594348601,0.8692473594348601
91.0,0.3,2.0,0.2,1.5707963267948966,2.0,0.0,1,1.0,0.0,1.0,1.0,1.0,-0.22156757908600713,0.7385585969533571,0.7385585969533571,1.0,-0.24017794643763027,0.8005931547921009,0.8005931547921009,1.0,-0.22445024339592917,0.7481674779864306,0.7481674779864306
92.0,0.3,2.0,0.2,2.356194490192345,3.0,0.0,1,1.0,1.0,1.0,0.0,1.0,-0.18678075583399578,0.6226025194466527,0.6226025194466527,1.0,-0.20875663444811687,0.6958554481603896,0.6958554481603896,1.0,-0.18999076257248484,0.6333025419082828,0.6333025419082828
93.0,0.3,2.0,0.2,3.141592653589793,4.0,0.0,1,1.0,0.0,1.0,0.0,1.0,-0.1891797483154595,0.6305991610515317,0.6305991610515317,1.0,-0.21217253324444268,0.7072417774814757,0.7072417774814757,1.0,-0.19246219154713246,0.6415406384904415,0.6415406384904415
94.0,0.3,2.0,0.2,3.9269908169872414,5.0,0.0,1,1.0,0.0,1.0,1.0,1.0,-0.22630945071153047,0.7543648357051016,0.7543648357051016,1.0,-0.24242135238907475,0.8080711746302492,0.8080711746302492,1.0,-0.22910724675138322,0.7636908225046107,0.7636908225046107
95.0,0.3,2.0,0.2,4.71238898038469,6.0,0.0,1,1.0,0.0,1.0,1.0,1.0,-0.2647053153253024,0.8823510510843413,0.8823510510843413,1.0,-0.25288270609592434,0.8429423536530811,0.8429423536530811,1.0,-0.26339908635423215,0.8779969545141072,0.8779969545141072
96.0,0.3,2.0,0.2,5.497787143782138,7.0,0.0,1,1.0,0.0,1.0,1.0,1.0,-0.2857569765678056,0.9525232552260187,0.9525232552260187,1.0,-0.2554055943375676,0.8513519811252254,0.8513519811252254,1.0,-0.2744649610734026,0.9148832035780088,0.9148832035780088
97.0,0.5,0.0,0.0,0.0,0.0,0.0,1,0.0,0.0,0.0,0.0,1.0,0.0,0.0,0.0,1.0,7.36263938705406e-09,1.472527877410812e-08,1.472527877410812e-08,1.0,-2.7603320740254844e-09,5.520664148050969e-09,5.520664148050969e-09
98.0,0.5,0.25,0.0,0.0,0.0,0.0,1,0.0,0.0,0.0,0.0,1.0,0.008503166738317858,0.017006333476635715,0.017006333476635715,1.0,0.012687970057385645,0.02537594011477129,0.02537594011477129,1.0,0.015694651672175874,0.03138930334435175,0.03138930334435175
99.0,0.5,0.25,0.0,0.7853981633974483,1.0,0.0,1,0.0,0.0,0.0,0.0,1.0,0.0017476593003805663,0.0034953186007611325,0.0034953186007611325,1.0,0.005017795151293858,0.010035590302587716,0.010035590302587716,1.0,0.0026914531826226495,0.005382906365245299,0.005382906365245299
100.0,0.5,0.25,0.0,1.5707963267948966,2.0,0.0,1,0.0,0.0,0.0,0.0,1.0,-0.006440216498397822,0.012880432996795643,0.012880432996795643,1.0,-0.009172611806505027,0.018345223613010053,0.018345223613010053,1.0,-0.012069053185853329,0.024138106371706658,0.024138106371706658
101.0,0.5,0.25,0.0,2.356194490192345,3.0,0.0,1,0.0,0.0,0.0,0.0,1.0,-0.010857553575168821,0.021715107150337642,0.021715107150337642,1.0,-0.019742309982103745,0.03948461996420749,0.03948461996420749,1.0,-0.019875423178463747,0.039750846356927494,0.039750846356927494
102.0,0.5,0.25,0.0,3.141592653589793,4.0,0.0,1,0.0,0.0,0.0,0.0,1.0,-0.008662398695441997,0.017324797390883995,0.017324797390883995,1.0,-0.014234786274178512,0.028469572548357025,0.028469572548357025,1.0,-0.016011163493382774,0.03202232698676555,0.03202232698676555
103.0,0.5,0.25,0.0,3.9269908169872414,5.0,0.0,1,0.0,0.0,0.0,0.0,1.0,-0.00122637061883496,0.00245274123766992,0.00245274123766992,1.0,0.00044912938712882156,0.0008982587742576431,0.0008982587742576431,1.0,-0.0027982272116173768,0.0055964544232347535,0.0055964544232347535
104.0,0.5,0.25,0.0,4.71238898038469,6.0,0.0,1,0.0,0.0,0.0,0.0,1.0,0.006565390820920114,0.013130781641840228,0.013130781641840228,1.0,0.010555580947304355,0.02111116189460871,0.02111116189460871,1.0,0.011800775323064783,0.023601550646129565,0.023601550646129565
105.0,0.5,0.25,0.0,5.497787143782138,7.0,0.0,1,0.0,0.0,0.0,0.0,1.0,0.010370297936826534,0.020740595873653067,0.020740595873653067,1.0,0.0141847343396736,0.0283694686793472,0.0283694686793472,1.0,0.01949207256985319,0.03898414513970638,0.03898414513970638
106.0,0.5,0.25,-0.2,0.0,0.0,0.0,1,0.0,0.0,0.0,0.0,1.0,0.007048076817069759,0.014096153634139519,0.014096153634139519,1.0,-0.0045817909676239554,0.009163581935247911,0.009163581935247911,1.0,0.012412272474501385,0.02482454494900277,0.02482454494900277
107.0,0.5,0.25,-0.2,0.7853981633974483,1.0,0.0,1,0.0,0.0,0.0,0.0,1.0,0.007507131498731168,0.015014262997462335,0.015014262997462335,1.0,-0.004547320462742255,0.00909464092548451,0.00909464092548451,1.0,0.013380133626143431,0.026760267252286862,0.026760267252286862
108.0,0.5,0.25,-0.2,1.5707963267948966,2.0,0.0,1,0.0,0.0,0.0,0.0,1.0,0.003926279685497525,0.00785255937099505,0.00785255937099505,1.0,-0.003289526908804241,0.006579053817608482,0.006579053817608482,1.0,0.00647302603989941,0.01294605207979882,0.01294605207979882
109.0,0.5,0.25,-0.2,2.356194490192345,3.0,0.0,1,0.0,0.0,0.0,0.0,1.0,-0.0021804653178957856,0.004360930635791571,0.004360930635791571,1.0,0.00023537688437180737,0.00047075376874361474,0.00047075376874361474,1.0,-0.0041663813881178124,0.008332762776235625,0.008332762776235625
110.0,0.5,0.25,-0.2,3.141592653589793,4.0,0.0,1,0.0,0.0,0.0,0.0,1.0,-0.007417630860198088,0.014835261720396176,0.014835261720396176,1.0,0.006036600633909983,0.012073201267819966,0.012073201267819966,1.0,-0.012582803932162212,0.025165607864324424,0.025165607864324424
111.0,0.5,0.25,-0.2,3.9269908169872414,5.0,0.0,1,0.0,0.0,0.0,0.0,1.0,-0.008038887144816098,0.016077774289632196,0.016077774289632196,1.0,0.00705455908303354,0.01410911816606708,0.01410911816606708,1.0,-0.01354238462949836,0.02708476925899672,0.02708476925899672
112.0,0.5,0.25,-0.2,4.71238898038469,6.0,0.0,1,0.0,0.0,0.0,0.0,1.0,-0.0035639041861655896,0.007127808372331179,0.007127808372331179,1.0,0.0014772719847521154,0.002954543969504231,0.002954543969504231,1.0,-0.006449121390235346,0.012898242780470692,0.012898242780470692
113.0,0.5,0.25,-0.2,5.497787143782138,7.0,0.0,1,0.0,0.0,0.0,0.0,1.0,0.002719330805377229,0.005438661610754458,0.005438661610754458,1.0,-0.0028376732114169245,0.005675346422833849,0.005675346422833849,1.0,0.004234762452403729,0.008469524904807457,0.008469524904807457
114.0,0.5,0.25,0.2,0.0,0.0,0.0,1,0.0,0.0,0.0,0.0,1.0,-0.0008468753838477006,0.0016937507676954011,0.0016937507676954011,1.0,-0.006145483143359998,0.012290966286719995,0.012290966286719995,1.0,-0.0030215804635307375,0.006043160927061475,0.006043160927061475
115.0,0.5,0.25,0.2,0.7853981633974483,1.0,0.0,1,0.0,0.0,0.0,0.0,1.0,0.00019985007306977387,0.00039970014613954774,0.00039970014613954774,1.0,-0.01730613122358171,0.03461226244716342,0.03461226244716342,1.0,-0.007289361319479604,0.014578722638959207,0.014578722638959207
116.0,0.5,0.25,0.2,1.5707963267948966,2.0,0.0,1,0.0,0.0,0.0,0.0,1.0,0.0005808303965502137,0.0011616607931004275,0.0011616607931004275,1.0,-0.01936041079064249,0.03872082158128498,0.03872082158128498,1.0,-0.008051190422563137,0.016102380845126274,0.016102380845126274
117.0,0.5,0.25,0.2,2.356194490192345,3.0,0.0,1,0.0,0.0,0.0,0.0,1.0,-0.0004003022313881499,0.0008006044627762998,0.0008006044627762998,1.0,-0.012821198517074806,0.02564239703414961,0.02564239703414961,1.0,-0.005587533279183043,0.011175066558366087,0.011175066558366087
118.0,0.5,0.25,0.2,3.141592653589793,4.0,0.0,1,0.0,0.0,0.0,0.0,1.0,-0.0008256680705467367,0.0016513361410934735,0.0016513361410934735,1.0,0.0026756100225748813,0.005351220045149763,0.005351220045149763,1.0,0.0005920963044530048,0.0011841926089060095,0.0011841926089060095
119.0,0.5,0.25,0.2,3.9269908169872414,5.0,0.0,1,0.0,0.0,0.0,0.0,1.0,0.0005218907593946831,0.0010437815187893662,0.0010437815187893662,1.0,0.01876936899427406,0.03753873798854812,0.03753873798854812,1.0,0.007759586374879279,0.015519172749758559,0.015519172749758559
120.0,0.5,0.25,0.2,4.71238898038469,6.0,0.0,1,0.0,0.0,0.0,0.0,1.0,0.0010603611463659846,0.002120722292731969,0.002120722292731969,1.0,0.0225251725626604,0.0450503451253208,0.0450503451253208,1.0,0.009592405913207092,0.019184811826414183,0.019184811826414183
121.0,0.5,0.25,0.2,5.497787143782138,7.0,0.0,1,0.0,0.0,0.0,0.0,1.0,-0.00029009084847825273,0.0005801816969565055,0.0005801816969565055,1.0,0.011536686375631433,0.023073372751262866,0.023073372751262866,1.0,0.004381191196986656,0.008762382393973311,0.008762382393973311
122.0,0.5,0.5,0.0,0.0,0.0,0.0,1,0.0,0.0,0.0,0.0,1.0,0.01686530461977509,0.03373060923955018,0.03373060923955018,1.0,0.022805959512603557,0.045611919025207115,0.045611919025207115,1.0,0.031942386256996635,0.06388477251399327,0.06388477251399327
123.0,0.5,0.5,0.0,0.7853981633974483,1.0,0.0,1,0.0,0.0,0.0,0.0,1.0,0.0041229285390945725,0.008245857078189145,0.008245857078189145,1.0,0.013749865389283689,0.027499730778567377,0.027499730778567377,1.0,0.00379985134122629,0.00759970268245258,0.00759970268245258
124.0,0.5,0.5,0.0,1.5707963267948966,2.0,0.0,1,0.0,0.0,0.0,0.0,1.0,-0.012995208327055585,0.02599041665411117,0.02599041665411117,1.0,-0.0160110189326772,0.0320220378653544,0.0320220378653544,1.0,-0.02851631486077466,0.05703262972154932,0.05703262972154932
125.0,0.5,0.5,0.0,2.356194490192345,3.0,0.0,1,0.0,0.0,0.0,0.0,1.0,-0.02188884876903724,0.04377769753807448,0.04377769753807448,1.0,-0.04651891305787892,0.09303782611575784,0.09303782611575784,1.0,-0.04560599546525096,0.09121199093050192,0.09121199093050192
126.0,0.5,0.5,0.0,3.141592653589793,4.0,0.0,1,0.0,0.0,0.0,0.0,1.0,-0.017732997746722212,0.035465995493444424,0.035465995493444424,1.0,-0.030844199688909446,0.06168839937781889,0.06168839937781889,1.0,-0.03743603338135093,0.07487206676270186,0.07487206676270186
127.0,0.5,0.5,0.0,3.9269908169872414,5.0,0.0,1,0.0,0.0,0.0,0.0,1.0,-0.0018595163979632234,0.003719032795926447,0.003719032795926447,1.0,0.006578754602723724,0.013157509205447449,0.013157509205447449,1.0,-0.007977356672628,0.015954713345256,0.015954713345256
128.0,0.5,0.5,0.0,4.71238898038469,6.0,0.0,1,0.0,0.0,0.0,0.0,1.0,0.013314906642428181,0.026629813284856363,0.026629813284856363,1.0,0.020291365337415268,0.040582730674830536,0.040582730674830536,1.0,0.023327775974157583,0.046655551948315166,0.046655551948315166
129.0,0.5,0.5,0.0,5.497787143782138,7.0,0.0,1,0.0,0.0,0.0,0.0,1.0,0.020167077853719073,0.040334155707438146,0.040334155707438146,1.0,0.023616878901888017,0.04723375780377603,0.04723375780377603,1.0,0.04055188584712632,0.08110377169425265,0.08110377169425265
130.0,0.5,0.5,-0.2,0.0,0.0,0.0,1,0.0,0.0,0.0,0.0,1.0,0.013727586723165541,0.027455173446331083,0.027455173446331083,1.0,-0.00940787509394414,0.01881575018788828,0.01881575018788828,1.0,0.02598595696968764,0.05197191393937528,0.05197191393937528
131.0,0.5,0.5,-0.2,0.7853981633974483,1.0,0.0,1,0.0,0.0,0.0,0.0,1.0,0.014537028644231675,0.02907405728846335,0.02907405728846335,1.0,-0.00851787133076759,0.01703574266153518,0.01703574266153518,1.0,0.028315946572660344,0.05663189314532069,0.05663189314532069
132.0,0.5,0.5,-0.2,1.5707963267948966,2.0,0.0,1,0.0,0.0,0.0,0.0,1.0,0.0081296842970503,0.0162593685941006,0.0162593685941006,1.0,-0.008222241522715612,0.016444483045431224,0.016444483045431224,1.0,0.013029592170814674,0.02605918434162935,0.02605918434162935
133.0,0.5,0.5,-0.2,2.356194490192345,3.0,0.0,1,0.0,0.0,0.0,0.0,1.0,-0.0037254656506530703,0.007450931301306141,0.007450931301306141,1.0,-0.004042912561129985,0.00808582512225997,0.00808582512225997,1.0,-0.009345878246283357,0.018691756492566713,0.018691756492566713
134.0,0.5,0.5,-0.2,3.141592653589793,4.0,0.0,1,0.0,0.0,0.0,0.0,1.0,-0.015293402505834719,0.030586805011669438,0.030586805011669438,1.0,0.011793933879200469,0.023587867758400938,0.023587867758400938,1.0,-0.028422538236694328,0.056845076473388656,0.056845076473388656
135.0,0.5,0.5,-0.2,3.9269908169872414,5.0,0.0,1,0.0,0.0,0.0,0.0,1.0,-0.016631741147969337,0.03326348229593867,0.03326348229593867,1.0,0.016825421994195122,0.033650843988390244,0.033650843988390244,1.0,-0.030321378402927868,0.060642756805855735,0.060642756805855735
136.0,0.5,0.5,-0.2,4.71238898038469,6.0,0.0,1,0.0,0.0,0.0,0.0,1.0,-0.006687742006773689,0.013375484013547378,0.013375484013547378,1.0,-0.0017609413404419683,0.0035218826808839365,0.0035218826808839365,1.0,-0.01445185172845359,0.02890370345690718,0.02890370345690718
137.0,0.5,0.5,-0.2,5.497787143782138,7.0,0.0,1,0.0,0.0,0.0,0.0,1.0,0.00592647604003449,0.01185295208006898,0.01185295208006898,1.0,-0.007769114469670324,0.015538228939340648,0.015538228939340648,1.0,0.008380234153379185,0.01676046830675837,0.01676046830675837
138.0,0.5,0.5,0.2,0.0,0.0,0.0,1,0.0,0.0,0.0,0.0,1.0,-0.003219181211102151,0.006438362422204302,0.006438362422204302,1.0,-0.017582064184395896,0.03516412836879179,0.03516412836879179,1.0,-0.012090091551944238,0.024180183103888475,0.024180183103888475
139.0,0.5,0.5,0.2,0.7853981633974483,1.0,0.0,1,0.0,0.0,0.0,0.0,1.0,0.001211673798389712,0.002423347596779424,0.002423347596779424,1.0,-0.03326803899155617,0.06653607798311234,0.06653607798311234,1.0,-0.01810160775124492,0.03620321550248984,0.03620321550248984
140.0,0.5,0.5,0.2,1.5707963267948966,2.0,0.0,1,0.0,0.0,0.0,0.0,1.0,0.0024771569266993643,0.0049543138533987285,0.0049543138533987285,1.0,-0.035301162881763826,0.07060232576352765,0.07060232576352765,1.0,-0.01889085354505371,0.03778170709010742,0.03778170709010742
141.0,0.5,0.5,0.2,2.356194490192345,3.0,0.0,1,0.0,0.0,0.0,0.0,1.0,-0.0010663303666434976,0.002132660733286995,0.002132660733286995,1.0,-0.027886551953060223,0.05577310390612045,0.05577310390612045,1.0,-0.016050567913542646,0.03210113582708529,0.03210113582708529
142.0,0.5,0.5,0.2,3.141592653589793,4.0,0.0,1,0.0,0.0,0.0,0.0,1.0,-0.003668866120523695,0.00733773224104739,0.00733773224104739,1.0,0.0014264702448342215,0.002852940489668443,0.002852940489668443,1.0,-0.004292466501971071,0.008584933003942141,0.008584933003942141
143.0,0.5,0.5,0.2,3.9269908169872414,5.0,0.0,1,0.0,0.0,0.0,0.0,1.0,0.0018427024800040659,0.0036854049600081318,0.0036854049600081318,1.0,0.039575557110791526,0.07915111422158305,0.07915111422158305,1.0,0.014808151146174509,0.029616302292349017,0.029616302292349017
144.0,0.5,0.5,0.2,4.71238898038469,6.0,0.0,1,0.0,0.0,0.0,0.0,1.0,0.003908359059972222,0.007816718119944444,0.007816718119944444,1.0,0.046015623574224396,0.09203124714844879,0.09203124714844879,1.0,0.019351631839811922,0.038703263679623845,0.038703263679623845
145.0,0.5,0.5,0.2,5.497787143782138,7.0,0.0,1,0.0,0.0,0.0,0.0,1.0,-0.0014866497465606532,0.0029732994931213064,0.0029732994931213064,1.0,0.023832384857778277,0.047664769715556554,0.047664769715556554,1.0,0.005892888867255586,0.011785777734511171,0.011785777734511171
146.0,0.5,1.0,0.0,0.0,0.0,0.0,1,0.0,0.0,0.0,0.0,0.0,-0.5296226135047937,1.0592452270095873,,0.0,-0.2500000128765414,0.5000000257530828,,0.0,-0.24999998779894028,0.49999997559788056,
147.0,0.5,1.0,0.0,0.7853981633974483,1.0,0.0,1,0.0,0.0,0.0,0.0,0.0,-0.5099301736963108,1.0198603473926215,,0.0,-0.25000001287640994,0.5000000257528199,,0.0,-0.2499999995590665,0.499999999118133,
148.0,0.5,1.0,0.0,1.5707963267948966,2.0,0.0,1,0.0,0.0,0.0,0.0,0.0,-0.47723650361783604,0.9544730072356721,,0.0,-0.25000001287660223,0.5000000257532045,,0.0,-0.25000000309076076,0.5000000061815215,
149.0,0.5,1.0,0.0,2.356194490192345,3.0,0.0,1,0.0,0.0,0.0,0.0,0.0,-0.45925839897191423,0.9185167979438285,,0.0,-0.25000001287660767,0.5000000257532153,,0.0,-0.2500000030529268,0.5000000061058536,
150.0,0.5,1.0,0.0,3.141592653589793,4.0,0.0,1,0.0,0.0,0.0,0.0,0.0,-0.45599062376960675,0.9119812475392135,,0.0,-0.2500000128765931,0.5000000257531863,,0.0,-0.25000000305075876,0.5000000061015175,
151.0,0.5,1.0,0.0,3.9269908169872414,5.0,0.0,1,0.0,0.0,0.0,0.0,0.0,-0.49523936566273086,0.9904787313254617,,0.0,-0.2500000128765627,0.5000000257531254,,0.0,-0.2500000031506585,0.500000006301317,
152.0,0.5,1.0,0.0,4.71238898038469,6.0,0.0,1,0.0,0.0,0.0,0.0,0.0,-0.5214075846030922,1.0428151692061844,,0.0,-0.25000001287659324,0.5000000257531865,,0.0,-0.2499999998294719,0.4999999996589438,
153.0,0.5,1.0,0.0,5.497787143782138,7.0,0.0,1,0.0,0.0,0.0,0.0,0.0,-0.5361340568951692,1.0722681137903385,,0.0,-0.2500000128765897,0.5000000257531794,,0.0,-0.21224089143189423,0.42448178286378846,
154.0,0.5,1.0,-0.2,0.0,0.0,0.0,1,0.0,0.0,0.0,0.0,0.0,-0.6229171419513622,1.2458342839027243,,0.0,-0.29999999045867454,0.5999999809173491,,0.0,-0.011299910263672275,0.02259982052734455,
155.0,0.5,1.0,-0.2,0.7853981633974483,1.0,0.0,1,0.0,0.0,0.0,0.0,0.0,-0.6262160448859593,1.2524320897719186,,0.0,-0.29999999045871995,0.5999999809174399,,0.0,-0.6612551852278112,1.3225103704556225,
156.0,0.5,1.0,-0.2,1.5707963267948966,2.0,0.0,1,0.0,0.0,0.0,0.0,0.0,-0.6163339892638877,1.2326679785277754,,0.0,-0.29999999045883174,0.5999999809176635,,0.0,-0.2999999460664059,0.5999998921328118,
157.0,0.5,1.0,-0.2,2.356194490192345,3.0,0.0,1,0.0,0.0,0.0,0.0,0.0,-0.5934504669583869,1.1869009339167738,,0.0,-0.29999999045876347,0.5999999809175269,,0.0,-0.299999994238839,0.599999988477678,
158.0,0.5,1.0,-0.2,3.141592653589793,4.0,0.0,1,0.0,0.0,0.0,0.0,0.0,-0.5574868679023963,1.1149737358047926,,0.0,-0.29999999045869663,0.5999999809173933,,0.0,-0.2999999975466607,0.5999999950933214,
159.0,0.5,1.0,-0.2,3.9269908169872414,5.0,0.0,1,0.0,0.0,0.0,0.0,0.0,-0.5574984022787106,1.1149968045574212,,0.0,-0.2999999904587831,0.5999999809175662,,0.0,-0.29999999458402404,0.5999999891680481,
160.0,0.5,1.0,-0.2,4.71238898038469,6.0,0.0,1,0.0,0.0,0.0,0.0,0.0,-0.5934752054744551,1.1869504109489102,,0.0,-0.2999999904587445,0.599999980917489,,0.0,-0.29999999719042475,0.5999999943808495,
161.0,0.5,1.0,-0.2,5.497787143782138,7.0,0.0,1,0.0,0.0,0.0,0.0,0.0,-0.6237291874325678,1.2474583748651356,,0.0,-0.299999990458744,0.599999980917488,,0.0,-0.3228116444179481,0.6456232888358961,
162.0,0.5,1.0,0.2,0.0,0.0,0.0,1,0.0,0.0,0.0,0.0,0.0,-0.38881109899534155,0.7776221979906831,,0.0,-0.1999999911176516,0.3999999822353032,,0.0,-0.1999999962920253,0.3999999925840506,
163.0,0.5,1.0,0.2,0.7853981633974483,1.0,0.0,1,0.0,0.0,0.0,0.0,0.0,-0.4059847611391912,0.8119695222783824,,0.0,-0.1999999911175091,0.3999999822350182,,0.0,-0.19999999629230808,0.39999999258461616,
164.0,0.5,1.0,0.2,1.5707963267948966,2.0,0.0,1,0.0,0.0,0.0,0.0,0.0,-0.408442942779819,0.816885885559638,,0.0,-0.19999999111753947,0.39999998223507893,,0.0,-0.19999999629324,0.39999999258648,
165.0,0.5,1.0,0.2,2.356194490192345,3.0,0.0,1,0.0,0.0,0.0,0.0,0.0,-0.3961839061638392,0.7923678123276784,,0.0,-0.1999999911175651,0.3999999822351302,,0.0,-0.20000000074084018,0.40000000148168036,
166.0,0.5,1.0,0.2,3.141592653589793,4.0,0.0,1,0.0,0.0,0.0,0.0,0.0,-0.379837130922735,0.75967426184547,,0.0,-0.19999999111757505,0.3999999822351501,,0.0,-0.20000000074086766,0.4000000014817353,
167.0,0.5,1.0,0.2,3.9269908169872414,5.0,0.0,1,0.0,0.0,0.0,0.0,0.0,-0.41418448626243326,0.8283689725248665,,0.0,-0.19999999111760303,0.39999998223520605,,0.0,-0.19999999619187736,0.3999999923837547,
168.0,0.5,1.0,0.2,4.71238898038469,6.0,0.0,1,0.0,0.0,0.0,0.0,0.0,-0.41910074121060176,0.8382014824212035,,0.0,-0.1999999911175404,0.3999999822350808,,0.0,-0.20000000066107182,0.40000000132214364,
169.0,0.5,1.0,0.2,5.497787143782138,7.0,0.0,1,0.0,0.0,0.0,0.0,0.0,-0.3823216049670736,0.7646432099341472,,0.0,-0.19999999111754274,0.3999999822350855,,0.0,-0.200000000694863,0.400000001389726,
170.0,0.5,2.0,0.0,0.0,0.0,0.0,1,1.0,0.0,1.0,1.0,1.0,-0.5168653046197752,1.0337306092395504,1.0337306092395504,1.0,-0.5228059590115697,1.0456119180231394,1.0456119180231394,1.0,-0.5319423865573263,1.0638847731146526,1.0638847731146526
171.0,0.5,2.0,0.0,0.7853981633974483,1.0,0.0,1,1.0,0.0,1.0,1.0,1.0,-0.5041229285390945,1.008245857078189,1.008245857078189,1.0,-0.5137498655882232,1.0274997311764464,1.0274997311764464,1.0,-0.5037998541706377,1.0075997083412753,1.0075997083412753
172.0,0.5,2.0,0.0,1.5707963267948966,2.0,0.0,1,1.0,0.0,1.0,0.0,1.0,-0.48700479167294436,0.9740095833458887,0.9740095833458887,1.0,-0.4839889811473316,0.9679779622946632,0.9679779622946632,1.0,-0.47148368631183907,0.9429673726236781,0.9429673726236781
173.0,0.5,2.0,0.0,2.356194490192345,3.0,0.0,1,1.0,0.0,1.0,0.0,1.0,-0.4781111512309627,0.9562223024619254,0.9562223024619254,1.0,-0.45348108521581837,0.9069621704316367,0.9069621704316367,1.0,-0.4543940018364646,0.9087880036729292,0.9087880036729292
174.0,0.5,2.0,0.0,3.141592653589793,4.0,0.0,1,1.0,0.0,1.0,0.0,1.0,-0.4822670022532778,0.9645340045065556,0.9645340045065556,1.0,-0.46915579538226354,0.9383115907645271,0.9383115907645271,1.0,-0.462563968020111,0.925127936040222,0.925127936040222
175.0,0.5,2.0,0.0,3.9269908169872414,5.0,0.0,1,1.0,0.0,1.0,1.0,1.0,-0.4981404836020368,0.9962809672040736,0.9962809672040736,1.0,-0.5065787611016906,1.0131575222033813,1.0131575222033813,1.0,-0.49202263993419426,0.9840452798683885,0.9840452798683885
176.0,0.5,2.0,0.0,4.71238898038469,6.0,0.0,1,1.0,0.0,1.0,1.0,1.0,-0.5133149066424282,1.0266298132848564,1.0266298132848564,1.0,-0.5202913649940953,1.0405827299881907,1.0405827299881907,1.0,-0.523327773981104,1.046655547962208,1.046655547962208
177.0,0.5,2.0,0.0,5.497787143782138,7.0,0.0,1,1.0,0.0,1.0,1.0,1.0,-0.5201670778537191,1.0403341557074381,1.0403341557074381,1.0,-0.5236168795781004,1.0472337591562009,1.0472337591562009,1.0,-0.5405518840798289,1.0811037681596578,1.0811037681596578
178.0,0.5,2.0,-0.2,0.0,0.0,0.0,1,1.0,0.0,1.0,1.0,1.0,-0.6137275867231655,1.227455173446331,1.227455173446331,1.0,-0.5905921235769475,1.181184247153895,1.181184247153895,1.0,-0.625985959887172,1.251971919774344,1.251971919774344
179.0,0.5,2.0,-0.2,0.7853981633974483,1.0,0.0,1,1.0,0.0,1.0,1.0,1.0,-0.6145370286442317,1.2290740572884633,1.2290740572884633,1.0,-0.5914821292546942,1.1829642585093885,1.1829642585093885,1.0,-0.6283159453594737,1.2566318907189473,1.2566318907189473
180.0,0.5,2.0,-0.2,1.5707963267948966,2.0,0.0,1,1.0,0.0,1.0,1.0,1.0,-0.6081296842970503,1.2162593685941006,1.2162593685941006,1.0,-0.5917777585124503,1.1835555170249006,1.1835555170249006,1.0,-0.6130295942094999,1.2260591884189997,1.2260591884189997
181.0,0.5,2.0,-0.2,2.356194490192345,3.0,0.0,1,1.0,0.0,1.0,1.0,1.0,-0.596274534349347,1.192549068698694,1.192549068698694,1.0,-0.5959570844278574,1.1919141688557149,1.1919141688557149,1.0,-0.5906541192297323,1.1813082384594646,1.1813082384594646
182.0,0.5,2.0,-0.2,3.141592653589793,4.0,0.0,1,1.0,0.0,1.0,1.0,1.0,-0.5847065974941652,1.1694131949883304,1.1694131949883304,1.0,-0.6117939322487094,1.2235878644974187,1.2235878644974187,1.0,-0.5715774598972259,1.1431549197944517,1.1431549197944517
183.0,0.5,2.0,-0.2,3.9269908169872414,5.0,0.0,1,1.0,0.0,1.0,1.0,1.0,-0.5833682588520306,1.1667365177040612,1.1667365177040612,1.0,-0.6168254201846914,1.2336508403693829,1.2336508403693829,1.0,-0.5696786217170092,1.1393572434340185,1.1393572434340185
184.0,0.5,2.0,-0.2,4.71238898038469,6.0,0.0,1,1.0,0.0,1.0,1.0,1.0,-0.5933122579932263,1.1866245159864526,1.1866245159864526,1.0,-0.598239065946283,1.196478131892566,1.196478131892566,1.0,-0.5855481478478471,1.1710962956956943,1.1710962956956943
185.0,0.5,2.0,-0.2,5.497787143782138,7.0,0.0,1,1.0,0.0,1.0,1.0,1.0,-0.6059264760400346,1.2118529520800692,1.2118529520800692,1.0,-0.5922308801792668,1.1844617603585337,1.1844617603585337,1.0,-0.6083802312587835,1.216760462517567,1.216760462517567
186.0,0.5,2.0,0.2,0.0,0.0,0.0,1,1.0,0.0,1.0,0.0,1.0,-0.3967808187888978,0.7935616375777956,0.7935616375777956,1.0,-0.3824179359566096,0.7648358719132192,0.7648358719132192,1.0,-0.38790990787048696,0.7758198157409739,0.7758198157409739
187.0,0.5,2.0,0.2,0.7853981633974483,1.0,0.0,1,1.0,0.0,1.0,1.0,1.0,-0.40121167379838973,0.8024233475967795,0.8024233475967795,1.0,-0.36673196983146494,0.7334639396629299,0.7334639396629299,1.0,-0.38189839102559164,0.7637967820511833,0.7637967820511833
188.0,0.5,2.0,0.2,1.5707963267948966,2.0,0.0,1,1.0,0.0,1.0,1.0,1.0,-0.4024771569266993,0.8049543138533986,0.8049543138533986,1.0,-0.36469883517952295,0.7293976703590459,0.7293976703590459,1.0,-0.38110914821520336,0.7622182964304067,0.7622182964304067
189.0,0.5,2.0,0.2,2.356194490192345,3.0,0.0,1,1.0,0.0,1.0,0.0,1.0,-0.3989336696333565,0.797867339266713,0.797867339266713,1.0,-0.3721134433850817,0.7442268867701634,0.7442268867701634,1.0,-0.3839494342568832,0.7678988685137664,0.7678988685137664
190.0,0.5,2.0,0.2,3.141592653589793,4.0,0.0,1,1.0,0.0,1.0,0.0,1.0,-0.3963311338794763,0.7926622677589527,0.7926622677589527,1.0,-0.4014264717912443,0.8028529435824886,0.8028529435824886,1.0,-0.3957075361423045,0.791415072284609,0.791415072284609
191.0,0.5,2.0,0.2,3.9269908169872414,5.0,0.0,1,1.0,0.0,1.0,0.0,1.0,-0.40184270248000403,0.8036854049600081,0.8036854049600081,1.0,-0.43957555421009137,0.8791511084201827,0.8791511084201827,1.0,-0.4148081504187227,0.8296163008374454,0.8296163008374454
192.0,0.5,2.0,0.2,4.71238898038469,6.0,0.0,1,1.0,0.0,1.0,0.0,1.0,-0.40390835905997213,0.8078167181199443,0.8078167181199443,1.0,-0.44601562356435726,0.8920312471287145,0.8920312471287145,1.0,-0.41935163272807985,0.8387032654561597,0.8387032654561597
193.0,0.5,2.0,0.2,5.497787143782138,7.0,0.0,1,1.0,0.0,1.0,0.0,1.0,-0.3985133502534393,0.7970267005068786,0.7970267005068786,1.0,-0.42383238596962847,0.8476647719392569,0.8476647719392569,1.0,-0.40589288501181786,0.8117857700236357,0.8117857700236357
194.0,0.7,0.0,0.0,0.0,0.0,0.0,1,0.0,0.0,0.0,0.0,1.0,1.1102230246251565e-16,1.5860328923216522e-16,1.5860328923216522e-16,1.0,-1.0366285829732647e-08,1.4808979756760924e-08,1.4808979756760924e-08,1.0,8.569509546418885e-10,1.2242156494884124e-09,1.2242156494884124e-09
195.0,0.7,0.25,0.0,0.0,0.0,0.0,1,0.0,0.0,0.0,0.0,1.0,-0.000485024391765565,0.0006928919882365214,0.0006928919882365214,1.0,-0.0004996488305674118,0.0007137840436677312,0.0007137840436677312,1.0,-0.0007025416680270791,0.0010036309543243987,0.0010036309543243987
196.0,0.7,0.25,0.0,0.7853981633974483,1.0,0.0,1,0.0,0.0,0.0,0.0,1.0,-0.0009405231796482116,0.001343604542354588,0.001343604542354588,1.0,-0.015518016113424404,0.02216859444774915,0.02216859444774915,1.0,0.00021513016969121335,0.0003073288138445905,0.0003073288138445905
197.0,0.7,0.25,0.0,1.5707963267948966,2.0,0.0,1,0.0,0.0,0.0,0.0,1.0,-0.0008121362831327028,0.0011601946901895754,0.0011601946901895754,1.0,-0.020630324394518285,0.02947189199216898,0.02947189199216898,1.0,0.0009255981395753787,0.0013222830565362553,0.0013222830565362553
198.0,0.7,0.25,0.0,2.356194490192345,3.0,0.0,1,0.0,0.0,0.0,0.0,1.0,-0.0009765670031768314,0.001395095718824045,0.001395095718824045,1.0,-0.016501363653027235,0.023573376647181767,0.023573376647181767,1.0,0.00027900593582042,0.00039857990831488574,0.00039857990831488574
199.0,0.7,0.25,0.0,3.141592653589793,4.0,0.0,1,0.0,0.0,0.0,0.0,1.0,-0.0006261129332063575,0.0008944470474376537,0.0008944470474376537,1.0,-0.0023630160755007124,0.0033757372507153037,0.0033757372507153037,1.0,-0.0007489419126882613,0.0010699170181260875,0.0010699170181260875
200.0,0.7,0.25,0.0,3.9269908169872414,5.0,0.0,1,0.0,0.0,0.0,0.0,1.0,0.0008923688568254207,0.0012748126526077438,0.0012748126526077438,1.0,0.015274571768828182,0.02182081681261169,0.02182081681261169,1.0,-0.00015052454835329243,0.00021503506907613205,0.00021503506907613205
201.0,0.7,0.25,0.0,4.71238898038469,6.0,0.0,1,0.0,0.0,0.0,0.0,1.0,0.0018865406339788615,0.002695058048541231,0.002695058048541231,1.0,0.022928852346528195,0.032755503352183135,0.032755503352183135,1.0,0.0006491381359317039,0.0009273401941881484,0.0009273401941881484
202.0,0.7,0.25,0.0,5.497787143782138,7.0,0.0,1,0.0,0.0,0.0,0.0,1.0,0.0010613412301280212,0.0015162017573257447,0.0015162017573257447,1.0,0.01662226970145153,0.02374609957350219,0.02374609957350219,1.0,3.0087030467029763e-06,4.298147209575681e-06,4.298147209575681e-06
203.0,0.7,0.25,-0.2,0.0,0.0,0.0,1,0.0,0.0,0.0,0.0,1.0,0.0066917036679231545,0.009559576668461649,0.009559576668461649,1.0,0.004329863995092387,0.0061855199929891245,0.0061855199929891245,1.0,0.008233642579166811,0.011762346541666874,0.011762346541666874
204.0,0.7,0.25,-0.2,0.7853981633974483,1.0,0.0,1,0.0,0.0,0.0,0.0,1.0,0.005195121769118738,0.007421602527312483,0.007421602527312483,1.0,0.003731872935436753,0.005331247050623933,0.005331247050623933,1.0,0.006629583520846749,0.009470833601209643,0.009470833601209643
205.0,0.7,0.25,-0.2,1.5707963267948966,2.0,0.0,1,0.0,0.0,0.0,0.0,1.0,0.0007932655443405601,0.0011332364919150858,0.0011332364919150858,1.0,0.0014704537951107932,0.0021006482787297048,0.0021006482787297048,1.0,0.0013517323583719376,0.0019310462262456254,0.0019310462262456254
206.0,0.7,0.25,-0.2,2.356194490192345,3.0,0.0,1,0.0,0.0,0.0,0.0,1.0,-0.004684838802999858,0.006692626861428369,0.006692626861428369,1.0,-0.00308255364348764,0.0044036480621252,0.0044036480621252,1.0,-0.005873835430723506,0.008391193472462153,0.008391193472462153
207.0,0.7,0.25,-0.2,3.141592653589793,4.0,0.0,1,0.0,0.0,0.0,0.0,1.0,-0.0076502615629202575,0.010928945089886084,0.010928945089886084,1.0,-0.007391052414190469,0.010558646305986385,0.010558646305986385,1.0,-0.00995000646806743,0.014214294954382043,0.014214294954382043
208.0,0.7,0.25,-0.2,3.9269908169872414,5.0,0.0,1,0.0,0.0,0.0,0.0,1.0,-0.005270298284992592,0.007528997549989417,0.007528997549989417,1.0,-0.004434935048301392,0.006335621497573417,0.006335621497573417,1.0,-0.006734582681293788,0.00962083240184827,0.00962083240184827
209.0,0.7,0.25,-0.2,4.71238898038469,6.0,0.0,1,0.0,0.0,0.0,0.0,1.0,0.00012839477465242943,0.00018342110664632777,0.00018342110664632777,1.0,0.0007131597760057229,0.0010187996800081756,0.0010187996800081756,1.0,0.00044725673426815327,0.0006389381918116475,0.0006389381918116475
210.0,0.7,0.25,-0.2,5.497787143782138,7.0,0.0,1,0.0,0.0,0.0,0.0,1.0,0.004796736597798001,0.006852480853997146,0.006852480853997146,1.0,0.0034802789234372744,0.004971827033481821,0.004971827033481821,1.0,0.006155514341594781,0.008793591916563974,0.008793591916563974
211.0,0.7,0.25,0.2,0.0,0.0,0.0,1,0.0,0.0,0.0,0.0,1.0,0.009977693894702044,0.014253848421002921,0.014253848421002921,1.0,0.0031793762300283968,0.00454196604289771,0.00454196604289771,1.0,0.01770219075432966,0.02528884393475666,0.02528884393475666
212.0,0.7,0.25,0.2,0.7853981633974483,1.0,0.0,1,0.0,0.0,0.0,0.0,1.0,0.007611491477020893,0.01087355925288699,0.01087355925288699,1.0,0.0028377997288659973,0.004053999612665711,0.004053999612665711,1.0,0.012965667006538895,0.018522381437912707,0.018522381437912707
213.0,0.7,0.25,0.2,1.5707963267948966,2.0,0.0,1,0.0,0.0,0.0,0.0,1.0,0.0009520886427157871,0.0013601266324511246,0.0013601266324511246,1.0,0.0009446639255986655,0.0013495198937123795,0.0013495198937123795,1.0,0.0009335859145054304,0.0013336941635791863,0.0013336941635791863
214.0,0.7,0.25,0.2,2.356194490192345,3.0,0.0,1,0.0,0.0,0.0,0.0,1.0,-0.007149446614214128,0.01021349516316304,0.01021349516316304,1.0,-0.0024954735722811927,0.0035649622461159896,0.0035649622461159896,1.0,-0.012322209636578485,0.01760315662368355,0.01760315662368355
215.0,0.7,0.25,0.2,3.141592653589793,4.0,0.0,1,0.0,0.0,0.0,0.0,1.0,-0.01133446561456053,0.016192093735086472,0.016192093735086472,1.0,-0.005243287960270293,0.007490411371814705,0.007490411371814705,1.0,-0.018824632243791384,0.026892331776844837,0.026892331776844837
216.0,0.7,0.25,0.2,3.9269908169872414,5.0,0.0,1,0.0,0.0,0.0,0.0,1.0,-0.00767160277484813,0.010959432535497329,0.010959432535497329,1.0,-0.00278606555615879,0.003980093651655414,0.003980093651655414,1.0,-0.013152431643303375,0.018789188061861965,0.018789188061861965
217.0,0.7,0.25,0.2,4.71238898038469,6.0,0.0,1,0.0,0.0,0.0,0.0,1.0,0.00035992162118425597,0.0005141737445489371,0.0005141737445489371,1.0,0.0006841981161571642,0.0009774258802245203,0.0009774258802245203,1.0,-0.00010717982408314786,0.00015311403440449695,0.00015311403440449695
218.0,0.7,0.25,0.2,5.497787143782138,7.0,0.0,1,0.0,0.0,0.0,0.0,1.0,0.007254203072496801,0.010363147246424002,0.010363147246424002,1.0,0.002507280384261734,0.003581829120373906,0.003581829120373906,1.0,0.012221138748969018,0.017458769641384313,0.017458769641384313
219.0,0.7,0.5,0.0,0.0,0.0,0.0,1,0.0,0.0,0.0,0.0,1.0,-0.0022200643032003198,0.0031715204331433143,0.0031715204331433143,1.0,-0.006094305431064928,0.00870615061580704,0.00870615061580704,1.0,-0.002814121920234669,0.004020174171763813,0.004020174171763813
220.0,0.7,0.5,0.0,0.7853981633974483,1.0,0.0,1,0.0,0.0,0.0,0.0,1.0,-0.001852267974269628,0.0026460971060994687,0.0026460971060994687,1.0,-0.03418622113955161,0.04883745877078802,0.04883745877078802,1.0,0.001552880046237104,0.0022184000660530057,0.0022184000660530057
221.0,0.7,0.5,0.0,1.5707963267948966,2.0,0.0,1,0.0,0.0,0.0,0.0,1.0,-0.0005849738358862933,0.0008356769084089904,0.0008356769084089904,1.0,-0.03907760069189381,0.05582514384556259,0.05582514384556259,1.0,0.003350554935093175,0.0047865070501331075,0.0047865070501331075
222.0,0.7,0.5,0.0,2.356194490192345,3.0,0.0,1,0.0,0.0,0.0,0.0,1.0,-0.0018033763683416026,0.0025762519547737183,0.0025762519547737183,1.0,-0.03547574040452617,0.0506796291493231,0.0506796291493231,1.0,0.0018282738024372192,0.002611819717767456,0.002611819717767456
223.0,0.7,0.5,0.0,3.141592653589793,4.0,0.0,1,0.0,0.0,0.0,0.0,1.0,-0.0024983792116120007,0.0035691131594457154,0.0035691131594457154,1.0,-0.010439322774652204,0.01491331824950315,0.01491331824950315,1.0,-0.0028908570846112314,0.0041297958351589024,0.0041297958351589024
224.0,0.7,0.5,0.0,3.9269908169872414,5.0,0.0,1,0.0,0.0,0.0,0.0,1.0,0.001881164184231121,0.002687377406044459,0.002687377406044459,1.0,0.031160449322035322,0.04451492760290761,0.04451492760290761,0.0,0.00051822241081112,0.0007403177297301715,
225.0,0.7,0.5,0.0,4.71238898038469,6.0,0.0,1,0.0,0.0,0.0,0.0,1.0,0.004698849801115346,0.006712642573021923,0.006712642573021923,1.0,0.04377805992019013,0.06254008560027162,0.06254008560027162,0.0,0.0036651913564502703,0.005235987652071815,
226.0,0.7,0.5,0.0,5.497787143782138,7.0,0.0,1,0.0,0.0,0.0,0.0,1.0,0.0023501658271982695,0.0033573797531403853,0.0033573797531403853,1.0,0.033681627046530105,0.04811661006647158,0.04811661006647158,0.0,0.001105066250437714,0.0015786660720538772,
227.0,0.7,0.5,-0.2,0.0,0.0,0.0,1,0.0,0.0,0.0,0.0,1.0,0.01269256876499536,0.018132241092850516,0.018132241092850516,1.0,0.004125398069501296,0.005893425813573281,0.005893425813573281,1.0,0.01650132471924537,0.023573321027493387,0.023573321027493387
228.0,0.7,0.5,-0.2,0.7853981633974483,1.0,0.0,1,0.0,0.0,0.0,0.0,1.0,0.010178823255977854,0.014541176079968363,0.014541176079968363,1.0,0.00352542049945892,0.005036314999227029,0.005036314999227029,1.0,0.014411867232488995,0.020588381760698566,0.020588381760698566
229.0,0.7,0.5,-0.2,1.5707963267948966,2.0,0.0,1,0.0,0.0,0.0,0.0,1.0,0.0023796705236579507,0.0033995293195113584,0.0033995293195113584,1.0,0.0010863857697980261,0.0015519796711400374,0.0015519796711400374,1.0,0.005190456177188496,0.007414937395983566,0.007414937395983566
230.0,0.7,0.5,-0.2,2.356194490192345,3.0,0.0,1,0.0,0.0,0.0,0.0,1.0,-0.008861318880545421,0.012659026972207745,0.012659026972207745,1.0,-0.0060946197345811415,0.008706599620830202,0.008706599620830202,1.0,-0.010962448185112716,0.01566064026444674,0.01566064026444674
231.0,0.7,0.5,-0.2,3.141592653589793,4.0,0.0,1,0.0,0.0,0.0,0.0,1.0,-0.016809584602787697,0.02401369228969671,0.02401369228969671,1.0,-0.023956976147256004,0.03422425163893715,0.03422425163893715,1.0,-0.022587577743747533,0.032267968205353624,0.032267968205353624
232.0,0.7,0.5,-0.2,3.9269908169872414,5.0,0.0,1,0.0,0.0,0.0,0.0,1.0,-0.010264687585387344,0.014663839407696206,0.014663839407696206,1.0,-0.010294214470112917,0.014706020671589883,0.014706020671589883,1.0,-0.013194406641840462,0.018849152345486373,0.018849152345486373
233.0,0.7,0.5,-0.2,4.71238898038469,6.0,0.0,1,0.0,0.0,0.0,0.0,1.0,0.0011269229629841115,0.0016098899471201594,0.0016098899471201594,1.0,0.000455277113490582,0.0006503958764151171,0.0006503958764151171,1.0,0.0033715198363351018,0.004816456909050145,0.004816456909050145
234.0,0.7,0.5,-0.2,5.497787143782138,7.0,0.0,1,0.0,0.0,0.0,0.0,1.0,0.00951249728143333,0.013589281830619044,0.013589281830619044,1.0,0.0033848213247898995,0.004835459035414142,0.004835459035414142,1.0,0.013732192712129443,0.01961741816018492,0.01961741816018492
235.0,0.7,0.5,0.2,0.0,0.0,0.0,1,0.0,0.0,0.0,0.0,1.0,0.018972366275053276,0.027103380392933252,0.027103380392933252,1.0,0.004139526261632165,0.005913608945188807,0.005913608945188807,1.0,0.037304028904612485,0.05329146986373212,0.05329146986373212
236.0,0.7,0.5,0.2,0.7853981633974483,1.0,0.0,1,0.0,0.0,0.0,0.0,1.0,0.014957568357770956,0.021367954796815653,0.021367954796815653,1.0,0.004612796779350559,0.006589709684786513,0.006589709684786513,1.0,0.02607337012632127,0.03724767160903039,0.03724767160903039
237.0,0.7,0.5,0.2,1.5707963267948966,2.0,0.0,1,0.0,0.0,0.0,0.0,1.0,0.0030656274389144755,0.004379467769877823,0.004379467769877823,1.0,0.0017282185746597678,0.002468883678085383,0.002468883678085383,1.0,0.001530436993301243,0.0021863385618589187,0.0021863385618589187
238.0,0.7,0.5,0.2,2.356194490192345,3.0,0.0,1,0.0,0.0,0.0,0.0,1.0,-0.013678603238038156,0.01954086176862594,0.01954086176862594,1.0,-0.004040858681064852,0.005772655258664074,0.005772655258664074,1.0,-0.027296102982511283,0.038994432832158976,0.038994432832158976
239.0,0.7,0.5,0.2,3.141592653589793,4.0,0.0,1,0.0,0.0,0.0,0.0,1.0,-0.024723154798148017,0.035318792568782884,0.035318792568782884,1.0,-0.016101665820387412,0.02300237974341059,0.02300237974341059,1.0,-0.044446584047894366,0.06349512006842052,0.06349512006842052
240.0,0.7,0.5,0.2,3.9269908169872414,5.0,0.0,1,0.0,0.0,0.0,0.0,1.0,-0.014929455225473509,0.02132779317924787,0.02132779317924787,1.0,-0.004816835956353849,0.006881194223362642,0.006881194223362642,1.0,-0.029295242119520615,0.04185034588502945,0.04185034588502945
241.0,0.7,0.5,0.2,4.71238898038469,6.0,0.0,1,0.0,0.0,0.0,0.0,1.0,0.00195395588064895,0.0027913655437842144,0.0027913655437842144,1.0,0.0017067664572061325,0.002438237796008761,0.002438237796008761,1.0,-0.0005682880607059682,0.0008118400867228117,0.0008118400867228117
242.0,0.7,0.5,0.2,5.497787143782138,7.0,0.0,1,0.0,0.0,0.0,0.0,1.0,0.014351660712295433,0.020502372446136334,0.020502372446136334,1.0,0.0035081249852121354,0.0050116071217316226,0.0050116071217316226,1.0,0.024399769465356713,0.03485681352193817,0.03485681352193817
243.0,0.7,1.0,0.0,0.0,0.0,0.0,1,0.0,0.0,0.0,0.0,0.0,-0.6794500330628264,0.9706429043754663,,0.0,-0.3499999896215751,0.4999999851736787,,0.0,-0.37246111315670505,0.5320873045095786,
244.0,0.7,1.0,0.0,0.7853981633974483,1.0,0.0,1,0.0,0.0,0.0,0.0,0.0,-0.6958081448914315,0.9940116355591879,,0.0,-0.3499999896215866,0.4999999851736952,,0.0,-0.7104803996793903,1.0149719995419861,
245.0,0.7,1.0,0.0,1.5707963267948966,2.0,0.0,1,0.0,0.0,0.0,0.0,0.0,-0.7097830417122718,1.013975773874674,,0.0,-0.349999989621475,0.4999999851735357,,0.0,-0.7124450379145583,1.017778625592226,
246.0,0.7,1.0,0.0,2.356194490192345,3.0,0.0,1,0.0,0.0,0.0,0.0,0.0,-0.6957613031802011,0.9939447188288588,,0.0,-0.3499999896216258,0.4999999851737512,,0.0,-0.709692258910075,1.01384608415725,
247.0,0.7,1.0,0.0,3.141592653589793,4.0,0.0,1,0.0,0.0,0.0,0.0,0.0,-0.6949490528830555,0.9927843612615079,,0.0,-0.34999998962157003,0.4999999851736715,,0.0,-0.6367649958312708,0.9096642797589584,
248.0,0.7,1.0,0.0,3.9269908169872414,5.0,0.0,1,0.0,0.0,0.0,0.0,0.0,-0.7153969934417767,1.0219957049168238,,0.0,-0.3499999896216096,0.49999998517372807,,0.0,-0.7135034088572565,1.019290584081795,
249.0,0.7,1.0,0.0,4.71238898038469,6.0,0.0,1,0.0,0.0,0.0,0.0,0.0,-0.7015079140687747,1.0021541629553925,,0.0,-0.349999989621622,0.4999999851737457,,0.0,-0.6058593421366114,0.865513345909445,
250.0,0.7,1.0,0.0,5.497787143782138,7.0,0.0,1,0.0,0.0,0.0,0.0,0.0,-0.7154138050166282,1.0220197214523261,,0.0,-0.34999998962160933,0.4999999851737276,,0.0,0.014173613805091412,0.020248019721559162,
251.0,0.7,1.0,-0.2,0.0,0.0,0.0,1,0.0,0.0,0.0,0.0,0.0,-0.8499905670249162,1.214272238607023,,0.0,-0.42000001245389523,0.600000017791279,,0.0,-0.9050047425467546,1.2928639179239352,
252.0,0.7,1.0,-0.2,0.7853981633974483,1.0,0.0,1,0.0,0.0,0.0,0.0,0.0,-0.8630784137503194,1.2329691625004562,,0.0,-0.42000001245385477,0.6000000177912211,,0.0,-0.9151855497628743,1.3074079282326776,
253.0,0.7,1.0,-0.2,1.5707963267948966,2.0,0.0,1,0.0,0.0,0.0,0.0,0.0,-0.8500039348608182,1.2142913355154545,,0.0,-0.42000001245387814,0.6000000177912546,,0.0,-0.9042300210260426,1.2917571728943467,
254.0,0.7,1.0,-0.2,2.356194490192345,3.0,0.0,1,0.0,0.0,0.0,0.0,0.0,-0.8107912434662614,1.158273204951802,,0.0,-0.4200000124539193,0.6000000177913134,,0.0,-0.8420267965656866,1.2028954236652667,
255.0,0.7,1.0,-0.2,3.141592653589793,4.0,0.0,1,0.0,0.0,0.0,0.0,0.0,-0.797639135521022,1.1394844793157457,,0.0,-0.4200000124538874,0.6000000177912678,,0.0,-0.779680897178598,1.113829853112283,
256.0,0.7,1.0,-0.2,3.9269908169872414,5.0,0.0,1,0.0,0.0,0.0,0.0,0.0,-0.8107262515764033,1.1581803593948619,,0.0,-0.4200000124538609,0.6000000177912299,,0.0,0.001476854578417064,0.00210979225488152,
257.0,0.7,1.0,-0.2,4.71238898038469,6.0,0.0,1,0.0,0.0,0.0,0.0,0.0,-0.8499756515972643,1.2142509308532348,,0.0,-0.4200000124538643,0.6000000177912348,,0.0,-0.9043157018765889,1.291879574109413,
258.0,0.7,1.0,-0.2,5.497787143782138,7.0,0.0,1,0.0,0.0,0.0,0.0,0.0,-0.8630635814515821,1.2329479735022602,,0.0,-0.4200000124538984,0.6000000177912834,,0.0,-0.9150199505294276,1.3071713578991824,
259.0,0.7,1.0,0.2,0.0,0.0,0.0,1,0.0,0.0,0.0,0.0,0.0,-0.5939303125506107,0.848471875072301,,0.0,-0.2800000124447241,0.40000001777817734,,0.0,-0.6404916496614391,0.9149880709449131,
260.0,0.7,1.0,0.2,0.7853981633974483,1.0,0.0,1,0.0,0.0,0.0,0.0,0.0,-0.5874688010580829,0.8392411443686898,,0.0,-0.2800000124449863,0.4000000177785519,,0.0,-0.3576063272570347,0.5108661817957638,
261.0,0.7,1.0,0.2,1.5707963267948966,2.0,0.0,1,0.0,0.0,0.0,0.0,0.0,-0.5677255824046659,0.8110365462923799,,0.0,-0.28000001244460804,0.40000001777801153,,0.0,-0.2800000060473152,0.4000000086390217,
262.0,0.7,1.0,0.2,2.356194490192345,3.0,0.0,1,0.0,0.0,0.0,0.0,0.0,-0.5350325471369046,0.7643322101955781,,0.0,-0.28000001244461864,0.40000001777802663,,0.0,-0.27999999945568815,0.3999999992224117,
263.0,0.7,1.0,0.2,3.141592653589793,4.0,0.0,1,0.0,0.0,0.0,0.0,0.0,-0.4892583989719142,0.6989405699598775,,0.0,-0.280000012444577,0.4000000177779672,,0.0,-0.2799999993591,0.3999999990844286,
264.0,0.7,1.0,0.2,3.9269908169872414,5.0,0.0,1,0.0,0.0,0.0,0.0,0.0,-0.5350460832684985,0.7643515475264264,,0.0,-0.28000001244478745,0.4000000177782678,,0.0,-0.28000000567849825,0.40000000811214037,
265.0,0.7,1.0,0.2,4.71238898038469,6.0,0.0,1,0.0,0.0,0.0,0.0,0.0,-0.5677543598441963,0.8110776569202804,,0.0,-0.28000001244479295,0.40000001777827565,,0.0,-0.27999999983335105,0.3999999997619301,
266.0,0.7,1.0,0.2,5.497787143782138,7.0,0.0,1,0.0,0.0,0.0,0.0,0.0,-0.5873824121914635,0.8391177317020907,,0.0,-0.28000001244473494,0.4000000177781928,,0.0,-0.25712585642518887,0.36732265203598413,
267.0,0.7,2.0,0.0,0.0,0.0,0.0,1,1.0,0.0,1.0,0.0,1.0,-0.6977799356967995,0.9968284795668565,0.9968284795668565,1.0,-0.6939056934914679,0.9912938478449542,0.9912938478449542,1.0,-0.6971858829840529,0.9959798328343614,0.9959798328343614
268.0,0.7,2.0,0.0,0.7853981633974483,1.0,0.0,1,1.0,0.0,1.0,0.0,1.0,-0.6981477320257303,0.9973539028939006,0.9973539028939006,1.0,-0.6658137772089998,0.9511625388699998,0.9511625388699998,1.0,-0.7015528816112174,1.0022184023017393,1.0022184023017393
269.0,0.7,2.0,0.0,1.5707963267948966,2.0,0.0,1,1.0,0.0,1.0,0.0,1.0,-0.6994150261641137,0.999164323091591,0.999164323091591,1.0,-0.6609224008107849,0.9441748583011214,0.9441748583011214,1.0,-0.7033505601317316,1.0047865144739023,1.0047865144739023
270.0,0.7,2.0,0.0,2.356194490192345,3.0,0.0,1,1.0,0.0,1.0,0.0,1.0,-0.6981966236316584,0.9974237480452263,0.9974237480452263,1.0,-0.664524258257591,0.9493203689394157,0.9493203689394157,1.0,-0.7018282686468922,1.0026118123527032,1.0026118123527032
271.0,0.7,2.0,0.0,3.141592653589793,4.0,0.0,1,1.0,0.0,1.0,0.0,1.0,-0.697501620788388,0.9964308868405543,0.9964308868405543,1.0,-0.6895606734005296,0.985086676286471,0.985086676286471,1.0,-0.6971091376129481,0.9958701965899259,0.9958701965899259
272.0,0.7,2.0,0.0,3.9269908169872414,5.0,0.0,1,0.0,0.0,0.0,0.0,1.0,-0.701881164184231,1.0026873774060443,1.0026873774060443,1.0,-0.7311604489657269,1.0445149270938956,1.0445149270938956,0.0,-0.7005182238564351,1.0007403197949074,
273.0,0.7,2.0,0.0,4.71238898038469,6.0,0.0,1,0.0,0.0,0.0,0.0,1.0,-0.7046988498011152,1.0067126425730217,1.0067126425730217,1.0,-0.7437780592739437,1.0625400846770625,1.0625400846770625,0.0,-0.7036651913366115,1.005235987623731,
274.0,0.7,2.0,0.0,5.497787143782138,7.0,0.0,1,0.0,0.0,0.0,0.0,1.0,-0.7023501658271982,1.0033573797531403,1.0033573797531403,1.0,-0.7336816301738284,1.0481166145340406,1.0481166145340406,0.0,-0.7011050687597126,1.0015786696567324,
275.0,0.7,2.0,-0.2,0.0,0.0,0.0,1,1.0,0.0,1.0,1.0,1.0,-0.8526925687649953,1.2181322410928506,1.2181322410928506,1.0,-0.8441253936743316,1.2058934195347595,1.2058934195347595,1.0,-0.8565013274730948,1.2235733249615641,1.2235733249615641
276.0,0.7,2.0,-0.2,0.7853981633974483,1.0,0.0,1,1.0,0.0,1.0,1.0,1.0,-0.8501788232559778,1.2145411760799685,1.2145411760799685,1.0,-0.843525416181771,1.2050363088311016,1.2050363088311016,1.0,-0.8544118623860965,1.2205883748372808,1.2205883748372808
277.0,0.7,2.0,-0.2,1.5707963267948966,2.0,0.0,1,1.0,0.0,1.0,1.0,1.0,-0.8423796705236577,1.203399529319511,1.203399529319511,1.0,-0.8410863812790903,1.2015519732558433,1.2015519732558433,1.0,-0.8451904571581762,1.2074149387973947,1.2074149387973947
278.0,0.7,2.0,-0.2,2.356194490192345,3.0,0.0,1,1.0,0.0,1.0,1.0,1.0,-0.8311386811194545,1.1873409730277922,1.1873409730277922,1.0,-0.833905382506716,1.191293403581023,1.191293403581023,1.0,-0.8290375504152896,1.184339357736128,1.184339357736128
279.0,0.7,2.0,-0.2,3.141592653589793,4.0,0.0,1,1.0,0.0,1.0,1.0,1.0,-0.8231904153972123,1.1759863077103032,1.1759863077103032,1.0,-0.8160430255115052,1.1657757507307218,1.1657757507307218,1.0,-0.8174124241737957,1.1677320345339939,1.1677320345339939
280.0,0.7,2.0,-0.2,3.9269908169872414,5.0,0.0,1,1.0,0.0,1.0,1.0,1.0,-0.8297353124146126,1.1853361605923038,1.1853361605923038,1.0,-0.8297057856971504,1.1852939795673578,1.1852939795673578,1.0,-0.8268055963654909,1.1811508519507012,1.1811508519507012
281.0,0.7,2.0,-0.2,4.71238898038469,6.0,0.0,1,1.0,0.0,1.0,1.0,1.0,-0.841126922962984,1.20160988994712,1.20160988994712,1.0,-0.8404552750313966,1.2006503929019952,1.2006503929019952,1.0,-0.843371519732405,1.2048164567605786,1.2048164567605786
282.0,0.7,2.0,-0.2,5.497787143782138,7.0,0.0,1,1.0,0.0,1.0,1.0,1.0,-0.8495124972814333,1.213589281830619,1.213589281830619,1.0,-0.8433848190614397,1.2048354558020569,1.2048354558020569,1.0,-0.8537321891283995,1.2196174130405708,1.2196174130405708
283.0,0.7,2.0,0.2,0.0,0.0,0.0,1,1.0,0.0,1.0,1.0,1.0,-0.5789723662750532,0.8271033803929332,0.8271033803929332,1.0,-0.5641395282837138,0.805913611833877,0.805913611833877,1.0,-0.5973040288104261,0.8532914697291802,0.8532914697291802
284.0,0.7,2.0,0.2,0.7853981633974483,1.0,0.0,1,1.0,0.0,1.0,1.0,1.0,-0.5749575683577708,0.8213679547968155,0.8213679547968155,1.0,-0.5646127988141623,0.8065897125916605,0.8065897125916605,1.0,-0.5860733671523131,0.8372476673604473,0.8372476673604473
285.0,0.7,2.0,0.2,1.5707963267948966,2.0,0.0,1,1.0,0.0,1.0,1.0,1.0,-0.5630656274389144,0.8043794677698778,0.8043794677698778,1.0,-0.5617282185836441,0.8024688836909202,0.8024688836909202,1.0,-0.5615304372480793,0.8021863389258276,0.8021863389258276
286.0,0.7,2.0,0.2,2.356194490192345,3.0,0.0,1,1.0,0.0,1.0,1.0,1.0,-0.5463213967619618,0.780459138231374,0.780459138231374,1.0,-0.5559591394158238,0.7942273420226054,0.7942273420226054,1.0,-0.5327039014828558,0.761005573546937,0.761005573546937
287.0,0.7,2.0,0.2,3.141592653589793,4.0,0.0,1,1.0,0.0,1.0,1.0,1.0,-0.5352768452018519,0.764681207431217,0.764681207431217,1.0,-0.5438983341101357,0.7769976201573368,0.7769976201573368,1.0,-0.5155534106696964,0.7365048723852806,0.7365048723852806
288.0,0.7,2.0,0.2,3.9269908169872414,5.0,0.0,1,1.0,0.0,1.0,1.0,1.0,-0.5450705447745264,0.7786722068207521,0.7786722068207521,1.0,-0.5551831618961344,0.7931188027087634,0.7931188027087634,1.0,-0.5307047546131504,0.7581496494473577,0.7581496494473577
289.0,0.7,2.0,0.2,4.71238898038469,6.0,0.0,1,1.0,0.0,1.0,1.0,1.0,-0.5619539558806489,0.8027913655437842,0.8027913655437842,1.0,-0.5617067664593541,0.8024382377990774,0.8024382377990774,1.0,-0.5594317117446198,0.7991881596351712,0.7991881596351712
290.0,0.7,2.0,0.2,5.497787143782138,7.0,0.0,1,1.0,0.0,1.0,1.0,1.0,-0.5743516607122954,0.8205023724461363,0.8205023724461363,1.0,-0.5635081248230971,0.8050116068901387,0.8050116068901387,1.0,-0.5843997649164286,0.8348568070234695,0.8348568070234695
0.0,0.3,0.0,0.0,0.0,0.0,0.1,50,0.0,0.0,0.0,0.0,1.0,-0.000232292666695606,0.004496202463263044,0.004496202463263044,1.0,0.00027146577813232266,0.010206753411421781,0.010206753411421781,1.0,-0.00030984098959927484,0.005117991447033214,0.005117991447033214
1.0,0.3,0.25,0.0,0.0,0.0,0.1,50,0.0,0.0,0.0,0.0,1.0,0.01609320584571027,0.05319065945821896,0.05319065945821896,1.0,-0.0034429546781145647,0.011847284869846339,0.011847284869846339,1.0,0.009699506253827614,0.03172518999453635,0.03172518999453635
2.0,0.3,0.25,0.0,0.7853981633974483,1.0,0.1,50,0.0,0.0,0.0,0.0,1.0,0.014531791119124423,0.047523530949645974,0.047523530949645974,1.0,-0.0028894345661381895,0.011001580060961136,0.011001580060961136,1.0,0.009086234312103422,0.02941813655034357,0.02941813655034357
3.0,0.3,0.25,0.0,1.5707963267948966,2.0,0.1,50,0.0,0.0,0.0,0.0,1.0,0.004846640908069211,0.01596838632789699,0.01596838632789699,1.0,-0.002069193570937854,0.013072391807609312,0.013072391807609312,1.0,0.003779173894541077,0.012758222427445842,0.012758222427445842
4.0,0.3,0.25,0.0,2.356194490192345,3.0,0.1,50,0.0,0.0,0.0,0.0,1.0,-0.009168107835991703,0.03067456982718662,0.03067456982718662,1.0,0.0006162143534157216,0.01521632437856894,0.01521632437856894,1.0,-0.00613193742889153,0.02085710686564185,0.02085710686564185
5.0,0.3,0.25,0.0,3.141592653589793,4.0,0.1,50,0.0,0.0,0.0,0.0,1.0,-0.018547653975743754,0.06099513792949522,0.06099513792949522,1.0,0.003940113979738053,0.013925760720597813,0.013925760720597813,1.0,-0.013663516137851805,0.04557956094774089,0.04557956094774089
6.0,0.3,0.25,0.0,3.9269908169872414,5.0,0.1,50,0.0,0.0,0.0,0.0,1.0,-0.015879498359484247,0.05308110828787368,0.05308110828787368,1.0,0.003214450063322263,0.013590663665763263,0.013590663665763263,1.0,-0.011570819568126653,0.03803000603016712,0.03803000603016712
7.0,0.3,0.25,0.0,4.71238898038469,6.0,0.1,50,0.0,0.0,0.0,0.0,1.0,-0.0029444629907260187,0.010253085485317597,0.010253085485317597,1.0,4.0493781177582954e-05,0.012892025136936788,0.012892025136936788,1.0,-0.0011313003278844447,0.00458501877487814,0.00458501877487814
8.0,0.3,0.25,0.0,5.497787143782138,7.0,0.1,50,0.0,0.0,0.0,0.0,1.0,0.009324319390216749,0.031618601793453424,0.031618601793453424,1.0,-0.0018848774974434713,0.011569233409513362,0.011569233409513362,1.0,0.006541315657691663,0.021510472680221403,0.021510472680221403
9.0,0.3,0.25,-0.2,0.0,0.0,0.1,50,0.0,0.0,0.0,0.0,1.0,0.004723306743972786,0.01659020481207511,0.01659020481207511,1.0,-0.00915961879689686,0.030990505456557904,0.030990505456557904,1.0,-0.00023843929470657055,0.004545168592596979,0.004545168592596979
10.0,0.3,0.25,-0.2,0.7853981633974483,1.0,0.1,50,0.0,0.0,0.0,0.0,1.0,0.007178130587803787,0.023449628962829427,0.023449628962829427,1.0,-0.013166799337006468,0.04417142379620311,0.04417142379620311,1.0,-0.0008591745369784264,0.0040114731167229896,0.0040114731167229896
11.0,0.3,0.25,-0.2,1.5707963267948966,2.0,0.1,50,0.0,0.0,0.0,0.0,1.0,0.0057116527215908776,0.01850638447504771,0.01850638447504771,1.0,-0.012413907733901799,0.04225910537388494,0.04225910537388494,1.0,-0.0008423456598927203,0.0034667780941421977,0.0034667780941421977
12.0,0.3,0.25,-0.2,2.356194490192345,3.0,0.1,50,0.0,0.0,0.0,0.0,1.0,0.00029638938767520106,0.0037205478381352464,0.0037205478381352464,1.0,-0.006395658360130272,0.02131086794613287,0.02131086794613287,1.0,-0.0010202667017787125,0.005086035813001896,0.005086035813001896
13.0,0.3,0.25,-0.2,3.141592653589793,4.0,0.1,50,0.0,0.0,0.0,0.0,1.0,-0.004264544480082312,0.015055113863198152,0.015055113863198152,1.0,0.00897685449376617,0.027626177890238784,0.027626177890238784,1.0,-7.57468031075903e-06,0.005583471879800813,0.005583471879800813
14.0,0.3,0.25,-0.2,3.9269908169872414,5.0,0.1,50,0.0,0.0,0.0,0.0,1.0,-0.006445906329096429,0.021165968942835345,0.021165968942835345,1.0,0.020126911375309038,0.06686662354529074,0.06686662354529074,1.0,0.001087460173165289,0.006364145232871469,0.006364145232871469
15.0,0.3,0.25,-0.2,4.71238898038469,6.0,0.1,50,0.0,0.0,0.0,0.0,1.0,-0.005136664783752874,0.016754829330454617,0.016754829330454617,1.0,0.013349826743121556,0.04446760564164348,0.04446760564164348,1.0,0.0006621460491596931,0.005342969345239849,0.005342969345239849
16.0,0.3,0.25,-0.2,5.497787143782138,7.0,0.1,50,0.0,0.0,0.0,0.0,1.0,-0.0013165672349417833,0.0055204098074030745,0.0055204098074030745,1.0,-0.0005631415096583692,0.010202686597839869,0.010202686597839869,1.0,-0.00030332487646100083,0.005473683496594421,0.005473683496594421
17.0,0.3,0.25,0.2,0.0,0.0,0.1,50,0.0,0.0,0.0,0.0,1.0,0.023017468981617092,0.07656743845951489,0.07656743845951489,1.0,0.008873415172031784,0.027381589012041484,0.027381589012041484,1.0,0.018905929797168815,0.06270182577099817,0.06270182577099817
18.0,0.3,0.25,0.2,0.7853981633974483,1.0,0.1,50,0.0,0.0,0.0,0.0,1.0,0.009626446936699477,0.03203155094559531,0.03203155094559531,1.0,0.004983663129153861,0.0183016273394269,0.0183016273394269,1.0,0.009162173036481466,0.03116745879816483,0.03116745879816483
19.0,0.3,0.25,0.2,1.5707963267948966,2.0,0.1,50,0.0,0.0,0.0,0.0,1.0,-0.010341068755012664,0.033467423726485555,0.033467423726485555,1.0,-0.0027521060822265388,0.012826829005699592,0.012826829005699592,1.0,-0.008381962808849272,0.02742936617573642,0.02742936617573642
20.0,0.3,0.25,0.2,2.356194490192345,3.0,0.1,50,0.0,0.0,0.0,0.0,1.0,-0.025233957093248306,0.08406910410728413,0.08406910410728413,1.0,-0.012661460279625749,0.0412923477473474,0.0412923477473474,1.0,-0.022760261649768326,0.07597703507873552,0.07597703507873552
21.0,0.3,0.25,0.2,3.141592653589793,4.0,0.1,50,0.0,0.0,0.0,0.0,1.0,-0.024373383584771563,0.08128320707302794,0.08128320707302794,1.0,-0.01171487841975804,0.03999569207286465,0.03999569207286465,1.0,-0.021798873081321096,0.07237176109376436,0.07237176109376436
22.0,0.3,0.25,0.2,3.9269908169872414,5.0,0.1,50,0.0,0.0,0.0,0.0,1.0,-0.007545899671383028,0.02434675875497015,0.02434675875497015,1.0,-0.001486198159942157,0.013098114647581798,0.013098114647581798,1.0,-0.0056229291051541844,0.0171922229510448,0.0171922229510448
23.0,0.3,0.25,0.2,4.71238898038469,6.0,0.1,50,0.0,0.0,0.0,0.0,1.0,0.011838272341048017,0.03887489534457028,0.03887489534457028,1.0,0.006088658320978262,0.022233330530844107,0.022233330530844107,1.0,0.010955693536214816,0.03646664395517104,0.03646664395517104
24.0,0.3,0.25,0.2,5.497787143782138,7.0,0.1,50,0.0,0.0,0.0,0.0,1.0,0.023765388963854224,0.07896077993671795,0.07896077993671795,1.0,0.00856029472393575,0.029144460084724044,0.029144460084724044,1.0,0.019423561910793447,0.06468881708514387,0.06468881708514387
25.0,0.3,0.5,0.0,0.0,0.0,0.1,50,0.0,0.0,0.0,0.0,1.0,0.03131021105389974,0.10418977683048947,0.10418977683048947,1.0,-0.004865801709920146,0.014093351644587637,0.014093351644587637,1.0,0.015090299413652267,0.05037911524924564,0.05037911524924564
26.0,0.3,0.5,0.0,0.7853981633974483,1.0,0.1,50,0.0,0.0,0.0,0.0,1.0,0.028296329611507725,0.09456307853912438,0.09456307853912438,1.0,-0.005226454640136613,0.01761220100173544,0.01761220100173544,1.0,0.014393656054821392,0.04779778322409306,0.04779778322409306
27.0,0.3,0.5,0.0,1.5707963267948966,2.0,0.1,50,0.0,0.0,0.0,0.0,1.0,0.011454145834850445,0.03780688959546141,0.03780688959546141,1.0,-0.004067615376154415,0.01447355736141141,0.01447355736141141,1.0,0.008216887404481043,0.02778142421513317,0.02778142421513317
28.0,0.3,0.5,0.0,2.356194490192345,3.0,0.1,50,0.0,0.0,0.0,0.0,1.0,-0.01589883487767489,0.052637912385176774,0.052637912385176774,1.0,-0.00117035588598017,0.01889842896843269,0.01889842896843269,1.0,-0.013367322609423105,0.04540767578528273,0.04540767578528273
29.0,0.3,0.5,0.0,3.141592653589793,4.0,0.1,50,0.76,0.74,0.76,0.76,1.0,-0.03889654069353952,0.130012313743046,0.130012313743046,1.0,0.00923660936955522,0.02890457945151248,0.02890457945151248,1.0,-0.032608736300062245,0.10905980872891584,0.10905980872891584
30.0,0.3,0.5,0.0,3.9269908169872414,5.0,0.1,50,0.24,0.08,0.24,0.24,1.0,-0.03255220404963435,0.10927713744952365,0.10927713744952365,1.0,0.00476621092271842,0.022969301664844215,0.022969301664844215,1.0,-0.027891697084813614,0.09415526893933907,0.09415526893933907
31.0,0.3,0.5,0.0,4.71238898038469,6.0,0.1,50,0.0,0.0,0.0,0.0,1.0,-0.004365611763093525,0.014200087980774195,0.014200087980774195,1.0,-0.0017246222324990323,0.0075301507470924385,0.0075301507470924385,1.0,-0.0031478868312245644,0.009557535954094847,0.009557535954094847
32.0,0.3,0.5,0.0,5.497787143782138,7.0,0.1,50,0.0,0.0,0.0,0.0,1.0,0.019537117092035573,0.06551810026622705,0.06551810026622705,1.0,-0.004418838460200433,0.015731580320841786,0.015731580320841786,1.0,0.011587655512767992,0.037905096180969974,0.037905096180969974
33.0,0.3,0.5,-0.2,0.0,0.0,0.1,50,0.0,0.0,0.0,0.0,1.0,0.00818211366854003,0.02853305025750874,0.02853305025750874,1.0,-0.02172840094154563,0.07237674048090004,0.07237674048090004,1.0,-0.005592034659689314,0.01773355955585717,0.01773355955585717
34.0,0.3,0.5,-0.2,0.7853981633974483,1.0,0.1,50,0.0,0.0,0.0,0.0,1.0,0.014562756902282911,0.047785909668906966,0.047785909668906966,1.0,-0.02405623469073626,0.07922933366130341,0.07922933366130341,1.0,-0.00542853582218134,0.017614792048201065,0.017614792048201065
35.0,0.3,0.5,-0.2,1.5707963267948966,2.0,0.1,50,0.0,0.0,0.0,0.0,1.0,0.011661759086811538,0.03883750191755797,0.03883750191755797,1.0,-0.022712378783328574,0.07675598978090985,0.07675598978090985,1.0,-0.00539653045996366,0.018261314265309768,0.018261314265309768
36.0,0.3,0.5,-0.2,2.356194490192345,3.0,0.1,50,0.0,0.0,0.0,0.0,1.0,0.001190054288597403,0.005105873130784681,0.005105873130784681,1.0,-0.015487942442506064,0.05283830328717941,0.05283830328717941,1.0,-0.005179172347391123,0.016309571114974296,0.016309571114974296
37.0,0.3,0.5,-0.2,3.141592653589793,4.0,0.1,50,0.0,0.0,0.0,0.0,1.0,-0.009694602242079636,0.03077516606290761,0.03077516606290761,1.0,0.01344055662844084,0.04786402422299339,0.04786402422299339,1.0,-0.004205624352000281,0.014989503629675993,0.014989503629675993
38.0,0.3,0.5,-0.2,3.9269908169872414,5.0,0.1,50,0.0,0.0,0.0,0.0,1.0,-0.011686032510759654,0.03761431766186587,0.03761431766186587,1.0,0.042992163455398975,0.14093740140055278,0.14093740140055278,1.0,-0.0003360673567646555,0.005913856676742954,0.005913856676742954
39.0,0.3,0.5,-0.2,4.71238898038469,6.0,0.1,50,0.0,0.0,0.0,0.0,1.0,-0.01072564974227468,0.03640493336371546,0.03640493336371546,1.0,0.02699162188575608,0.09222502248634487,0.09222502248634487,1.0,-0.002277678261418691,0.008834522140313644,0.008834522140313644
40.0,0.3,0.5,-0.2,5.497787143782138,7.0,0.1,50,0.0,0.0,0.0,0.0,1.0,-0.0033370188051460217,0.012204593277166758,0.012204593277166758,1.0,-0.008202875569464666,0.026136319116432476,0.026136319116432476,1.0,-0.005218700464339219,0.017468489360387512,0.017468489360387512
41.0,0.3,0.5,0.2,0.0,0.0,0.1,50,1.0,1.0,1.0,1.0,1.0,0.04475609987736954,0.14879829682809165,0.14879829682809165,1.0,0.015399573023976518,0.04940605929744084,0.04940605929744084,1.0,0.034111282815927096,0.1124841788526812,0.1124841788526812
42.0,0.3,0.5,0.2,0.7853981633974483,1.0,0.1,50,0.0,0.0,0.0,0.0,1.0,0.021287200761550443,0.07119560864771261,0.07119560864771261,1.0,0.011781438476714185,0.03850121881875011,0.03850121881875011,1.0,0.020480354125761054,0.06842506550877361,0.06842506550877361
43.0,0.3,0.5,0.2,1.5707963267948966,2.0,0.1,50,0.0,0.0,0.0,0.0,1.0,-0.018172872940276235,0.060206834619719506,0.060206834619719506,1.0,-0.0005772966797862811,0.013783670866271414,0.013783670866271414,1.0,-0.01572737638762481,0.05201843283092774,0.05201843283092774
44.0,0.3,0.5,0.2,2.356194490192345,3.0,0.1,50,1.0,1.0,1.0,0.0,1.0,-0.05361749827334901,0.1779901475384018,0.1779901475384018,1.0,-0.03130019998600198,0.10437911637738477,0.10437911637738477,1.0,-0.05056373434911709,0.16780932042823962,0.16780932042823962
45.0,0.3,0.5,0.2,3.141592653589793,4.0,0.1,50,1.0,1.0,1.0,0.0,1.0,-0.05088071317452342,0.16870294221565285,0.16870294221565285,1.0,-0.027898048864810718,0.09210387296046138,0.09210387296046138,1.0,-0.0477613442937069,0.15820279497291073,0.15820279497291073
46.0,0.3,0.5,0.2,3.9269908169872414,5.0,0.1,50,0.0,0.0,0.0,0.0,1.0,-0.013498574069888863,0.04423588869896624,0.04423588869896624,1.0,0.0010917166939635238,0.014196688630478776,0.014196688630478776,1.0,-0.01106837841284826,0.0373655877144391,0.0373655877144391
47.0,0.3,0.5,0.2,4.71238898038469,6.0,0.1,50,0.0,0.0,0.0,0.0,1.0,0.024535113783749746,0.08096591953177783,0.08096591953177783,1.0,0.012667749362508389,0.04367021538259991,0.04367021538259991,1.0,0.023078351697208288,0.07522961959265782,0.07522961959265782
48.0,0.3,0.5,0.2,5.497787143782138,7.0,0.1,50,1.0,1.0,1.0,1.0,1.0,0.04592574688285614,0.15206769686598576,0.15206769686598576,1.0,0.014780276413639978,0.04808875595959004,0.04808875595959004,1.0,0.03446804819171207,0.11482609791992476,0.11482609791992476
49.0,0.3,1.0,0.0,0.0,0.0,0.1,50,0.0,0.0,0.0,0.0,0.0,-0.19129695721259538,1.1860792274156489,,0.56,-0.16097940686571321,0.5930180187403927,0.6894701969960422,0.0,-0.157772501250527,0.5366122475536808,
50.0,0.3,1.0,0.0,0.7853981633974483,1.0,0.1,50,0.0,0.0,0.0,0.0,0.0,-0.19103792455587965,1.1721161761499523,,0.62,-0.1619720790884458,0.5082002560977388,0.7450843821054504,0.0,-0.15337610608509716,0.5112941789282671,
51.0,0.3,1.0,0.0,1.5707963267948966,2.0,0.1,50,0.0,0.0,0.0,0.0,0.0,-0.11539801479288886,0.09779875125418651,,0.42,-0.13969365598114009,0.41995580811843497,0.3243217300942748,0.0,-0.14569725279967488,0.4904006865018594,
52.0,0.3,1.0,0.0,2.356194490192345,3.0,0.1,50,0.0,0.0,0.0,0.0,0.0,-0.14540172260069464,0.11411180942658825,,0.48,-0.13519729611616857,0.45822231515462053,0.30155371106525053,0.0,-0.14652623073373192,0.4800430847559032,
53.0,0.3,1.0,0.0,3.141592653589793,4.0,0.1,50,0.0,0.0,0.0,0.0,0.0,-0.14810469043470056,0.4872195039452524,,0.4,-0.13646758948049928,0.49525415179612353,0.2409341952353904,0.0,-0.14736273249333828,0.49534626908571877,
54.0,0.3,1.0,0.0,3.9269908169872414,5.0,0.1,50,0.0,0.0,0.0,0.0,0.0,-0.1689973832968653,0.7576014744734698,,0.64,-0.16331353798399387,0.6160090361231678,0.6676419602484476,0.0,-0.15029469580184598,0.5066695857620732,
55.0,0.3,1.0,0.0,4.71238898038469,6.0,0.1,50,0.0,0.0,0.0,0.0,0.0,-0.1558546581833068,0.9680011091897003,,0.56,-0.14676007167518962,0.4948742984733518,0.3178088124207445,0.0,-0.1509777225084372,0.4973599936164606,
56.0,0.3,1.0,0.0,5.497787143782138,7.0,0.1,50,0.0,0.0,0.0,0.0,0.0,-0.1727955111462379,1.11611288454544,,0.58,-0.15569862130304268,0.5035032878840082,0.7114008111942484,0.0,-0.1544599775001979,0.5100076426127582,
57.0,0.3,1.0,-0.2,0.0,0.0,0.1,50,0.0,0.0,0.0,0.0,0.0,-0.15639479778599927,0.06941394174790366,,0.7,-0.1731932607548068,0.567210973945113,0.4549703899279225,0.0,-0.17389196969117157,0.5849046035876851,
58.0,0.3,1.0,-0.2,0.7853981633974483,1.0,0.1,50,0.0,0.0,0.0,0.0,0.0,-0.1881189443628999,1.288301430281041,,0.7,-0.17795048804164235,0.5938874923801594,0.461900209791469,0.0,-0.1804411793255842,0.6019372928387046,
59.0,0.3,1.0,-0.2,1.5707963267948966,2.0,0.1,50,0.0,0.0,0.0,0.0,0.0,-0.2048508013914642,1.273682195094624,,0.66,-0.19101379086441292,0.6407435080370438,0.786350665847601,0.0,-0.18743659088601522,0.6258138253974994,
60.0,0.3,1.0,-0.2,2.356194490192345,3.0,0.1,50,0.0,0.0,0.0,0.0,0.0,-0.22381734217424987,1.1946092151917833,,0.6,-0.17386278505249006,0.610438385893826,0.3882725834012585,0.0,-0.17804395764504405,0.6126440504398956,
61.0,0.3,1.0,-0.2,3.141592653589793,4.0,0.1,50,0.0,0.0,0.0,0.0,0.0,-0.19323015564348828,1.0563554663802581,,0.52,-0.18250104846567752,0.6329329137422011,0.740428488097501,0.0,-0.1816307836509771,0.602352179849859,
62.0,0.3,1.0,-0.2,3.9269908169872414,5.0,0.1,50,0.0,0.0,0.0,0.0,0.0,-0.1769539928716722,0.5948366677672503,,0.02,-0.17801017431760335,0.5473309335388361,0.6458921808546209,0.0,-0.17643000166792763,0.5850275599273578,
63.0,0.3,1.0,-0.2,4.71238898038469,6.0,0.1,50,0.0,0.0,0.0,0.0,0.0,-0.1938201617316247,0.9266079598157522,,0.06,-0.17159293831536046,0.5652954044493019,0.19582220647518506,0.0,-0.17683890046381376,0.602087223066482,
64.0,0.3,1.0,-0.2,5.497787143782138,7.0,0.1,50,0.0,0.0,0.0,0.0,0.0,-0.15206285054388569,0.03285627498783852,,0.66,-0.16342488916911335,0.5090993654246757,0.40249014417500795,0.0,-0.1724272927453901,0.5499482435066294,
65.0,0.3,1.0,0.2,0.0,0.0,0.1,50,0.0,0.0,0.0,0.0,0.0,-0.07826003534504676,0.28868464274406347,,0.64,-0.10667232916078685,0.3053996127131231,0.15120563247463933,0.0,-0.1149119159118986,0.364915949279802,
66.0,0.3,1.0,0.2,0.7853981633974483,1.0,0.1,50,0.0,0.0,0.0,0.0,0.0,-0.1933237319826713,0.9449412315805852,,0.7,-0.15819873144842955,0.5967486063291839,0.648978089616754,0.0,-0.14196490616667928,0.48253579410152314,
67.0,0.3,1.0,0.2,1.5707963267948966,2.0,0.1,50,0.0,0.0,0.0,0.0,0.0,-0.12807877159914707,0.6781692808539983,,0.68,-0.12093320389644742,0.3911815707004636,0.5357560954785805,0.0,-0.12078672351697799,0.41241415971008577,
68.0,0.3,1.0,0.2,2.356194490192345,3.0,0.1,50,1.0,1.0,0.04,0.0,1.0,-0.12065752673116233,0.4010849466231182,0.4010849466231182,1.0,-0.12329503362504735,0.413711246469359,0.413711246469359,1.0,-0.12076771155955351,0.4027425711212723,0.4027425711212723
69.0,0.3,1.0,0.2,3.141592653589793,4.0,0.1,50,1.0,0.88,0.0,0.0,1.0,-0.12076444433951013,0.40157121721994943,0.40157121721994943,1.0,-0.12113625925538657,0.4186091517691285,0.4186091517691285,1.0,-0.12076643491066077,0.4020876522316077,0.4020876522316077
70.0,0.3,1.0,0.2,3.9269908169872414,5.0,0.1,50,0.0,0.0,0.0,0.0,0.0,-0.1531832103958167,0.7164963315228924,,0.62,-0.1428694919286196,0.4688100461207039,0.6811859089623745,0.0,-0.12681621987220038,0.42124506862654376,
71.0,0.3,1.0,0.2,4.71238898038469,6.0,0.1,50,0.0,0.0,0.0,0.0,0.0,-0.1409252904931267,0.9498929337432973,,0.52,-0.11971402220691081,0.4150947088330986,0.21021591671746065,0.0,-0.12311995644423408,0.41399099765605885,
72.0,0.3,1.0,0.2,5.497787143782138,7.0,0.1,50,0.0,0.0,0.0,0.0,0.0,-0.1282616514318263,1.0692240726645952,,0.58,-0.12435415790992393,0.36738661152047924,0.6248158951142557,0.0,-0.12391954446204963,0.3977658028671851,
73.0,0.3,2.0,0.0,0.0,0.0,0.1,50,1.0,0.0,1.0,1.0,1.0,-0.3315738207796063,1.1055553677281993,1.1055553677281993,1.0,-0.2952979477205022,0.9845079410406811,0.9845079410406811,1.0,-0.3155945150607547,1.0518952597198408,1.0518952597198408
74.0,0.3,2.0,0.0,0.7853981633974483,1.0,0.1,50,1.0,0.0,1.0,1.0,1.0,-0.32850668007418377,1.0948952266787977,1.0948952266787977,1.0,-0.29574283514193644,0.9855895905706893,0.9855895905706893,1.0,-0.31486535454536896,1.0498893235573294,1.0498893235573294
75.0,0.3,2.0,0.0,1.5707963267948966,2.0,0.1,50,1.0,0.0,1.0,1.0,1.0,-0.311505347910502,1.0379618633140972,1.0379618633140972,1.0,-0.2962891175976932,0.9877095649365389,0.9877095649365389,1.0,-0.3083150330061944,1.0277768102305784,1.0277768102305784
76.0,0.3,2.0,0.0,2.356194490192345,3.0,0.1,50,1.0,0.0,1.0,1.0,1.0,-0.2845864037119547,0.9484724067155855,0.9484724067155855,1.0,-0.29971618465331007,0.9988195803940241,0.9988195803940241,1.0,-0.28740224947105625,0.9576944541176485,0.9576944541176485
77.0,0.3,2.0,0.0,3.141592653589793,4.0,0.1,50,1.0,0.0,1.0,1.0,1.0,-0.2611939366062245,0.8693141947786598,0.8693141947786598,1.0,-0.309942492449471,1.035162220984887,1.035162220984887,1.0,-0.2679047562218823,0.8917962773168152,0.8917962773168152
78.0,0.3,2.0,0.0,3.9269908169872414,5.0,0.1,50,1.0,0.0,1.0,1.0,1.0,-0.26823298140489077,0.8947522836913704,0.8947522836913704,1.0,-0.3057996051181977,1.0181841122415736,1.0181841122415736,1.0,-0.27333216245923897,0.9119318979915347,0.9119318979915347
79.0,0.3,2.0,0.0,4.71238898038469,6.0,0.1,50,1.0,0.0,1.0,1.0,1.0,-0.2957935812140823,0.9862667317803175,0.9862667317803175,1.0,-0.29810301223957764,0.994435151265722,0.994435151265722,1.0,-0.297301647799282,0.991326535948944,0.991326535948944
80.0,0.3,2.0,0.0,5.497787143782138,7.0,0.1,50,1.0,0.0,1.0,1.0,1.0,-0.31975545756674323,1.0660105181103705,1.0660105181103705,1.0,-0.2962302209138579,0.9878862692104647,0.9878862692104647,1.0,-0.3119645280936984,1.040019351225252,1.040019351225252
81.0,0.3,2.0,-0.2,0.0,0.0,0.1,50,1.0,0.0,1.0,1.0,1.0,-0.36858298774694626,1.2287475190171735,1.2287475190171735,1.0,-0.33914669571427986,1.1292177115070596,1.1292177115070596,1.0,-0.35501871873626784,1.1836364241634079,1.1836364241634079
82.0,0.3,2.0,-0.2,0.7853981633974483,1.0,0.1,50,0.98,0.0,0.98,0.98,1.0,-0.3742950471625291,1.2474163068259578,1.2474163068259578,1.0,-0.33613156672552447,1.119329400765594,1.119329400765594,1.0,-0.3545820637541333,1.181553126731954,1.181553126731954
83.0,0.3,2.0,-0.2,1.5707963267948966,2.0,0.1,50,1.0,0.0,1.0,1.0,1.0,-0.3715639171438736,1.2385687581182063,1.2385687581182063,1.0,-0.3376870349400077,1.1258317077316882,1.1258317077316882,1.0,-0.3549825409279641,1.1830124408732172,1.1830124408732172
84.0,0.3,2.0,-0.2,2.356194490192345,3.0,0.1,50,1.0,0.0,1.0,0.98,1.0,-0.3609949199364751,1.2032352896191956,1.2032352896191956,1.0,-0.345339076748712,1.1519469289245252,1.1519469289245252,1.0,-0.35494195888805286,1.1830292434948215,1.1830292434948215
85.0,0.3,2.0,-0.2,3.141592653589793,4.0,0.1,50,1.0,0.0,1.0,0.0,1.0,-0.3506122603192182,1.1693722176623798,1.1693722176623798,1.0,-0.37359324343149003,1.2459370744123182,1.2459370744123182,1.0,-0.35631345898099925,1.1879238749764336,1.1879238749764336
86.0,0.3,2.0,-0.2,3.9269908169872414,5.0,0.1,50,1.0,0.0,1.0,0.0,1.0,-0.3489731077426418,1.163877821586662,1.163877821586662,1.0,-0.40395979283391575,1.34741859486342,1.34741859486342,1.0,-0.3607705893742281,1.2028343827266572,1.2028343827266572
87.0,0.3,2.0,-0.2,4.71238898038469,6.0,0.1,50,1.0,0.0,1.0,0.0,1.0,-0.34912273231703267,1.1641851978950326,1.1641851978950326,1.0,-0.3879238118063305,1.293916709467482,1.293916709467482,1.0,-0.3577662863299985,1.1928076737307869,1.1928076737307869
88.0,0.3,2.0,-0.2,5.497787143782138,7.0,0.1,50,1.0,0.0,1.0,0.78,1.0,-0.35668025938912634,1.1884967468396535,1.1884967468396535,1.0,-0.3526695959661681,1.1744924118313103,1.1744924118313103,1.0,-0.35527090515715026,1.1837341361946445,1.1837341361946445
89.0,0.3,2.0,0.2,0.0,0.0,0.1,50,1.0,0.0,1.0,1.0,1.0,-0.2846270111493751,0.9482572674512006,0.9482572674512006,1.0,-0.2554553991963924,0.850852935578232,0.850852935578232,1.0,-0.2740158950863627,0.9136331808269336,0.9136331808269336
90.0,0.3,2.0,0.2,0.7853981633974483,1.0,0.1,50,1.0,0.0,1.0,1.0,1.0,-0.26124488165973114,0.871086936811061,0.871086936811061,1.0,-0.25133135320194644,0.8376221232065406,0.8376221232065406,1.0,-0.26074576347062317,0.8693939369656754,0.8693939369656754
91.0,0.3,2.0,0.2,1.5707963267948966,2.0,0.1,50,1.0,0.0,1.0,1.0,1.0,-0.2219081811447183,0.7396689041187541,0.7396689041187541,1.0,-0.24010784153153278,0.8008347373920119,0.8008347373920119,1.0,-0.22471721641502135,0.7487903328466907,0.7487903328466907
92.0,0.3,2.0,0.2,2.356194490192345,3.0,0.1,50,1.0,0.24,1.0,0.0,1.0,-0.18711723704711658,0.6238075747005853,0.6238075747005853,1.0,-0.20923021674626976,0.6957671385355393,0.6957671385355393,1.0,-0.19032561986442043,0.6339358840212481,0.6339358840212481
93.0,0.3,2.0,0.2,3.141592653589793,4.0,0.1,50,1.0,0.0,1.0,0.06,1.0,-0.18910375400096785,0.6303824036097165,0.6303824036097165,1.0,-0.21244591604147012,0.70896320935835,0.70896320935835,1.0,-0.19238717835631977,0.641550372180425,0.641550372180425
94.0,0.3,2.0,0.2,3.9269908169872414,5.0,0.1,50,1.0,0.0,1.0,1.0,1.0,-0.22635433615965703,0.7541565552847186,0.7541565552847186,1.0,-0.2417728091875822,0.8060829083634627,0.8060829083634627,1.0,-0.22907098814524193,0.7640050420771212,0.7640050420771212
95.0,0.3,2.0,0.2,4.71238898038469,6.0,0.1,50,1.0,0.0,1.0,1.0,1.0,-0.2646642151429437,0.8822587970266951,0.8822587970266951,1.0,-0.2532186007405169,0.8437337120055027,0.8437337120055027,1.0,-0.26329942253871436,0.8781012943689683,0.8781012943689683
96.0,0.3,2.0,0.2,5.497787143782138,7.0,0.1,50,1.0,0.0,1.0,1.0,1.0,-0.28573309400887914,0.952206346486284,0.952206346486284,1.0,-0.2552308685637984,0.8505019017516335,0.8505019017516335,1.0,-0.2744190654479837,0.9147542747184831,0.9147542747184831
97.0,0.5,0.0,0.0,0.0,0.0,0.1,50,0.0,0.0,0.0,0.0,1.0,-4.356622517167174e-05,0.0035993519127900386,0.0035993519127900386,1.0,-0.0006644872522559874,0.00868998160004486,0.00868998160004486,1.0,-8.596622343401528e-05,0.003235507356184275,0.003235507356184275
98.0,0.5,0.25,0.0,0.0,0.0,0.1,50,0.0,0.0,0.0,0.0,1.0,0.007936382156772122,0.0154023311149174,0.0154023311149174,1.0,0.011433214038219447,0.024411738628407398,0.024411738628407398,1.0,0.014900718633673406,0.030059015315532234,0.030059015315532234
99.0,0.5,0.25,0.0,0.7853981633974483,1.0,0.1,50,0.0,0.0,0.0,0.0,1.0,0.00170264604646019,0.004204291734383858,0.004204291734383858,1.0,0.0037760078464483173,0.007657833036599504,0.007657833036599504,1.0,0.002599647773501119,0.005735648061149123,0.005735648061149123
100.0,0.5,0.25,0.0,1.5707963267948966,2.0,0.1,50,0.0,0.0,0.0,0.0,1.0,-0.006396871634216106,0.013056352424909434,0.013056352424909434,1.0,-0.009142712079053966,0.017606426159247845,0.017606426159247845,1.0,-0.012158681609888578,0.02477818549964772,0.02477818549964772
101.0,0.5,0.25,0.0,2.356194490192345,3.0,0.1,50,0.0,0.0,0.0,0.0,1.0,-0.010628923010214803,0.02140779925145675,0.02140779925145675,1.0,-0.019831199550311988,0.040618472672655614,0.040618472672655614,1.0,-0.019835609127034175,0.03960738166417316,0.03960738166417316
102.0,0.5,0.25,0.0,3.141592653589793,4.0,0.1,50,0.0,0.0,0.0,0.0,1.0,-0.008627270531017915,0.017324509841694424,0.017324509841694424,1.0,-0.014343820336382934,0.029181613618565916,0.029181613618565916,1.0,-0.015984671509108733,0.03128760490679744,0.03128760490679744
103.0,0.5,0.25,0.0,3.9269908169872414,5.0,0.1,50,0.0,0.0,0.0,0.0,1.0,-0.0012282421855095182,0.0027864102426733983,0.0027864102426733983,1.0,-0.0013332580296798813,0.007840059268162503,0.007840059268162503,1.0,-0.002764482594328238,0.00564476965248728,0.00564476965248728
104.0,0.5,0.25,0.0,4.71238898038469,6.0,0.1,50,0.0,0.0,0.0,0.0,1.0,0.006749221655818023,0.01390301391037696,0.01390301391037696,1.0,0.010696914071367969,0.0213262728781356,0.0213262728781356,1.0,0.011942207494929708,0.024143057241159283,0.024143057241159283
105.0,0.5,0.25,0.0,5.497787143782138,7.0,0.1,50,0.0,0.0,0.0,0.0,1.0,0.01041211765112116,0.021136378190544036,0.021136378190544036,1.0,0.014103679931728735,0.028904564901096608,0.028904564901096608,1.0,0.019589086899293364,0.0387798683524746,0.0387798683524746
106.0,0.5,0.25,-0.2,0.0,0.0,0.1,50,0.0,0.0,0.0,0.0,1.0,0.007055535772883299,0.013488945553320808,0.013488945553320808,1.0,-0.005089943668721084,0.010700013974426048,0.010700013974426048,1.0,0.01257422544047304,0.024427119639048755,0.024427119639048755
107.0,0.5,0.25,-0.2,0.7853981633974483,1.0,0.1,50,0.0,0.0,0.0,0.0,1.0,0.007078335961264217,0.013989336719851142,0.013989336719851142,1.0,-0.004315305152378049,0.008282353743505555,0.008282353743505555,1.0,0.013003968986945865,0.026105734258422886,0.026105734258422886
108.0,0.5,0.25,-0.2,1.5707963267948966,2.0,0.1,50,0.0,0.0,0.0,0.0,1.0,0.004065424784189371,0.007806297493971881,0.007806297493971881,1.0,-0.0034970357086719596,0.008313253276475752,0.008313253276475752,1.0,0.0067275187663879965,0.013311834142967549,0.013311834142967549
109.0,0.5,0.25,-0.2,2.356194490192345,3.0,0.1,50,0.0,0.0,0.0,0.0,1.0,-0.002229117026174837,0.005033054458723707,0.005033054458723707,1.0,-0.0003948759743277541,0.008514055176646274,0.008514055176646274,1.0,-0.004352633480218281,0.00898820087878488,0.00898820087878488
110.0,0.5,0.25,-0.2,3.141592653589793,4.0,0.1,50,0.0,0.0,0.0,0.0,1.0,-0.007693524636650675,0.01547294518332104,0.01547294518332104,1.0,0.004275561031519939,0.008857514657361176,0.008857514657361176,1.0,-0.013131077885479105,0.026686522836116888,0.026686522836116888
111.0,0.5,0.25,-0.2,3.9269908169872414,5.0,0.1,50,0.0,0.0,0.0,0.0,1.0,-0.007818165548730292,0.01564816489034193,0.01564816489034193,1.0,0.006901010624752488,0.015036109570625733,0.015036109570625733,1.0,-0.01337198441894539,0.026865096226664664,0.026865096226664664
112.0,0.5,0.25,-0.2,4.71238898038469,6.0,0.1,50,0.0,0.0,0.0,0.0,1.0,-0.0036739259535839984,0.007171282316249583,0.007171282316249583,1.0,0.001462889966485006,0.004811109212263243,0.004811109212263243,1.0,-0.006390663895007099,0.012371068596982893,0.012371068596982893
113.0,0.5,0.25,-0.2,5.497787143782138,7.0,0.1,50,0.0,0.0,0.0,0.0,1.0,0.003073780197532727,0.005696529604413025,0.005696529604413025,1.0,-0.00254537094389879,0.006752678229544284,0.006752678229544284,1.0,0.004400870755221298,0.008997838085036292,0.008997838085036292
114.0,0.5,0.25,0.2,0.0,0.0,0.1,50,0.0,0.0,0.0,0.0,1.0,-0.0009128871873359513,0.004040056096402456,0.004040056096402456,1.0,-0.005953561176521583,0.011244203348734993,0.011244203348734993,1.0,-0.003094179933850627,0.007313641373538349,0.007313641373538349
115.0,0.5,0.25,0.2,0.7853981633974483,1.0,0.1,50,0.0,0.0,0.0,0.0,1.0,0.00014416791283575425,0.0018729775478150135,0.0018729775478150135,1.0,-0.017131916282228942,0.03376458707311364,0.03376458707311364,1.0,-0.007485151485916991,0.015233922964534075,0.015233922964534075
116.0,0.5,0.25,0.2,1.5707963267948966,2.0,0.1,50,0.0,0.0,0.0,0.0,1.0,0.0010940892625785226,0.002140041374994628,0.002140041374994628,1.0,-0.019822237003648,0.03890668928558649,0.03890668928558649,1.0,-0.007665674853409534,0.015420998028292499,0.015420998028292499
117.0,0.5,0.25,0.2,2.356194490192345,3.0,0.1,50,0.0,0.0,0.0,0.0,1.0,0.0001950782559978781,0.002332240830035359,0.002332240830035359,1.0,-0.0117980106599531,0.024268260947565623,0.024268260947565623,1.0,-0.005301998013113448,0.01044013767684182,0.01044013767684182
118.0,0.5,0.25,0.2,3.141592653589793,4.0,0.1,50,0.0,0.0,0.0,0.0,1.0,-0.001170687635739156,0.0036526254494054777,0.0036526254494054777,1.0,0.0011605219150558088,0.009954209385591606,0.009954209385591606,1.0,5.4179496625649246e-05,0.0036182328681894083,0.0036182328681894083
119.0,0.5,0.25,0.2,3.9269908169872414,5.0,0.1,50,0.0,0.0,0.0,0.0,1.0,0.0004361806373013477,0.0030296450823322774,0.0030296450823322774,1.0,0.018139440759820966,0.03659923890351102,0.03659923890351102,1.0,0.007667901722893198,0.015341989631967756,0.015341989631967756
120.0,0.5,0.25,0.2,4.71238898038469,6.0,0.1,50,0.0,0.0,0.0,0.0,1.0,0.0015086951938543369,0.004966311917941835,0.004966311917941835,1.0,0.02219169441544081,0.04544173885146796,0.04544173885146796,1.0,0.009940918505860033,0.020696261410650618,0.020696261410650618
121.0,0.5,0.25,0.2,5.497787143782138,7.0,0.1,50,0.0,0.0,0.0,0.0,1.0,-0.0005061979740228651,0.0029375740009487394,0.0029375740009487394,1.0,0.010895474192043677,0.021664938432400138,0.021664938432400138,1.0,0.003892046061815246,0.008422903485609368,0.008422903485609368
122.0,0.5,0.5,0.0,0.0,0.0,0.1,50,0.0,0.0,0.0,0.0,1.0,0.016455000256265652,0.03346076424852251,0.03346076424852251,1.0,0.02233103819532252,0.04433419865760102,0.04433419865760102,0.94,0.031141348239103174,0.06286700917275811,0.06192441860501963
123.0,0.5,0.5,0.0,0.7853981633974483,1.0,0.1,50,0.0,0.0,0.0,0.0,1.0,0.0037199057427158523,0.00770139576172868,0.00770139576172868,1.0,0.01372112475288935,0.02800332293221286,0.02800332293221286,0.96,0.003389737865792055,0.007836978446146614,0.007991414798701135
124.0,0.5,0.5,0.0,1.5707963267948966,2.0,0.1,50,0.0,0.0,0.0,0.0,1.0,-0.012792530237822206,0.026085021011550746,0.026085021011550746,1.0,-0.015646494378724646,0.030147485313330946,0.030147485313330946,1.0,-0.02869155451936039,0.058184877657514567,0.058184877657514567
125.0,0.5,0.5,0.0,2.356194490192345,3.0,0.1,50,0.0,0.0,0.0,0.0,1.0,-0.02182246268019908,0.043934532284478245,0.043934532284478245,1.0,-0.04602128552375919,0.09260175468439824,0.09260175468439824,1.0,-0.045315009892511755,0.09077916635881178,0.09077916635881178
126.0,0.5,0.5,0.0,3.141592653589793,4.0,0.1,50,0.0,0.0,0.0,0.0,1.0,-0.017726878714421943,0.036370327546355774,0.036370327546355774,1.0,-0.031013582809754706,0.061859985247025295,0.061859985247025295,1.0,-0.03780647392516072,0.07526945500791837,0.07526945500791837
127.0,0.5,0.5,0.0,3.9269908169872414,5.0,0.1,50,0.0,0.0,0.0,0.0,1.0,-0.0018227540956448874,0.0031999246481638766,0.0031999246481638766,1.0,0.0064576905721978155,0.014297001069707882,0.014297001069707882,0.96,-0.008446213121630436,0.01563947506722274,0.015797636267086412
128.0,0.5,0.5,0.0,4.71238898038469,6.0,0.1,50,0.0,0.0,0.0,0.0,1.0,0.013469739961174697,0.026687606368456795,0.026687606368456795,1.0,0.01855569799349017,0.03787491441081914,0.03787491441081914,0.96,0.023362351119771193,0.04636082280464371,0.04636082280464371
129.0,0.5,0.5,0.0,5.497787143782138,7.0,0.1,50,0.0,0.0,0.0,0.0,1.0,0.020552255281396196,0.04100963778936839,0.04100963778936839,1.0,0.02184903865265481,0.04316917960275557,0.04316917960275557,0.86,0.04078768965843182,0.08190548006376885,0.08151486915558093
130.0,0.5,0.5,-0.2,0.0,0.0,0.1,50,0.0,0.0,0.0,0.0,1.0,0.013376629406219658,0.02649417451733105,0.02649417451733105,1.0,-0.011077019534870825,0.02229417213842,0.02229417213842,0.7,0.025947416489378313,0.052051295353255034,0.05061074643638719
131.0,0.5,0.5,-0.2,0.7853981633974483,1.0,0.1,50,0.0,0.0,0.0,0.0,1.0,0.014127251466740022,0.0287885978247282,0.0287885978247282,1.0,-0.009953103458676782,0.020844886619399428,0.020844886619399428,0.8,0.0278784421384372,0.055446915380591544,0.05491375308264235
132.0,0.5,0.5,-0.2,1.5707963267948966,2.0,0.1,50,0.0,0.0,0.0,0.0,1.0,0.008184197220803118,0.01615646633567791,0.01615646633567791,1.0,-0.009237774708189065,0.018606274870129003,0.018606274870129003,0.54,0.012924751757483343,0.026132782239343455,0.02618995054258355
133.0,0.5,0.5,-0.2,2.356194490192345,3.0,0.1,50,0.0,0.0,0.0,0.0,1.0,-0.003688694353059915,0.006878717578924387,0.006878717578924387,1.0,-0.005715159596922124,0.012324455046342442,0.012324455046342442,0.34,-0.009588296506281431,0.019286867174661826,0.01661011725496009
134.0,0.5,0.5,-0.2,3.141592653589793,4.0,0.1,50,0.0,0.0,0.0,0.0,1.0,-0.015130449200502216,0.030416261221881735,0.030416261221881735,1.0,0.011359415179808768,0.02097255842510448,0.02097255842510448,0.74,-0.028226657208193954,0.05716339240651053,0.05561552842816897
135.0,0.5,0.5,-0.2,3.9269908169872414,5.0,0.1,50,0.0,0.0,0.0,0.0,1.0,-0.016584873062544192,0.032699739331503164,0.032699739331503164,1.0,0.01551690358668558,0.035573861934842466,0.035573861934842466,0.82,-0.030680742815430904,0.06149237912724148,0.06202828569115493
136.0,0.5,0.5,-0.2,4.71238898038469,6.0,0.1,50,0.0,0.0,0.0,0.0,1.0,-0.006897712680792391,0.013620761313882734,0.013620761313882734,1.0,-0.0032684370988807733,0.008110470039366602,0.008110470039366602,0.36,-0.014755396333788506,0.02881604951880745,0.028072811683677923
137.0,0.5,0.5,-0.2,5.497787143782138,7.0,0.1,50,0.0,0.0,0.0,0.0,1.0,0.005475818203891294,0.011113009830277076,0.011113009830277076,1.0,-0.008144554234233303,0.0171209490186906,0.0171209490186906,0.42,0.007788892768162843,0.015070926367459991,0.015545980332525966
138.0,0.5,0.5,0.2,0.0,0.0,0.1,50,0.0,0.0,0.0,0.0,1.0,-0.0034415717172366442,0.0067717219806104345,0.0067717219806104345,1.0,-0.0174999082720185,0.03376514380296425,0.03376514380296425,1.0,-0.012409508845687124,0.02473237760303648,0.02473237760303648
139.0,0.5,0.5,0.2,0.7853981633974483,1.0,0.1,50,0.0,0.0,0.0,0.0,1.0,0.0010487265324783913,0.0026179756555382294,0.0026179756555382294,1.0,-0.03371514041169265,0.06787985700122506,0.06787985700122506,1.0,-0.01864907347006258,0.037770346933177545,0.037770346933177545
140.0,0.5,0.5,0.2,1.5707963267948966,2.0,0.1,50,0.0,0.0,0.0,0.0,1.0,0.0022734009554254,0.004681850927904407,0.004681850927904407,1.0,-0.036592176279400805,0.074485737839592,0.074485737839592,1.0,-0.01938781398742574,0.038752231100477375,0.038752231100477375
141.0,0.5,0.5,0.2,2.356194490192345,3.0,0.1,50,0.0,0.0,0.0,0.0,1.0,-0.0008391203737232589,0.002772901140943529,0.002772901140943529,1.0,-0.028254881196855913,0.057061019490231346,0.057061019490231346,1.0,-0.016558436725195545,0.03343914035127871,0.03343914035127871
142.0,0.5,0.5,0.2,3.141592653589793,4.0,0.1,50,0.0,0.0,0.0,0.0,1.0,-0.003426791775681305,0.006694487228976864,0.006694487228976864,1.0,0.0022597927958152497,0.00752479365528913,0.00752479365528913,1.0,-0.003946750906855711,0.008343750927924665,0.008343750927924665
143.0,0.5,0.5,0.2,3.9269908169872414,5.0,0.1,50,0.0,0.0,0.0,0.0,1.0,0.0016393012477041635,0.003620775424663658,0.003620775424663658,1.0,0.0381004675003071,0.07224292946819166,0.07224292946819166,1.0,0.01441695978878952,0.02813032148021799,0.02813032148021799
144.0,0.5,0.5,0.2,4.71238898038469,6.0,0.1,50,0.0,0.0,0.0,0.0,1.0,0.00441843091463599,0.008893226726450765,0.008893226726450765,1.0,0.04493253227350749,0.09062771736224062,0.09062771736224062,0.98,0.019636645958633292,0.039872766798484394,0.039846275921074925
145.0,0.5,0.5,0.2,5.497787143782138,7.0,0.1,50,0.0,0.0,0.0,0.0,1.0,-0.0014890720688626956,0.00328993974826286,0.00328993974826286,1.0,0.02364010756521211,0.04868109589448577,0.04868109589448577,1.0,0.005242704136899038,0.011109521500163755,0.011109521500163755
146.0,0.5,1.0,0.0,0.0,0.0,0.1,50,0.0,0.0,0.0,0.0,0.0,-0.3185673498812777,0.6055036390085534,,0.0,-0.24946645330106024,0.4895151564591318,,0.0,-0.23322961532681202,0.4434469820490684,
147.0,0.5,1.0,0.0,0.7853981633974483,1.0,0.1,50,0.0,0.0,0.0,0.0,0.0,-0.2873881840494641,0.7341679599082558,,0.0,-0.25441116349919424,0.505560287773634,,0.0,-0.25703092974934905,0.527814898261231,
148.0,0.5,1.0,0.0,1.5707963267948966,2.0,0.1,50,0.0,0.0,0.0,0.0,0.0,-0.3156725737251679,0.8602011065219352,,0.08,-0.2610473651781187,0.5288995729639211,0.5875982965194639,0.0,-0.2540743016028244,0.5188218304779628,
149.0,0.5,1.0,0.0,2.356194490192345,3.0,0.1,50,0.0,0.0,0.0,0.0,0.0,-0.23342003875334197,0.08616914512210266,,0.8,-0.24343738815487315,0.46257460512381904,0.39862722945744705,0.0,-0.24721783915906306,0.48358211282313524,
150.0,0.5,1.0,0.0,3.141592653589793,4.0,0.1,50,0.0,0.0,0.0,0.0,0.0,-0.2662091495012864,0.9005945918315323,,0.52,-0.2371714291504357,0.46233306242657485,0.366694158723844,0.0,-0.24665224343477224,0.48315949591106216,
151.0,0.5,1.0,0.0,3.9269908169872414,5.0,0.1,50,0.0,0.0,0.0,0.0,0.0,-0.2925589092363889,0.7821857136727326,,0.02,-0.25887717610006833,0.5126675506771856,0.47931585771750873,0.0,-0.257361514769168,0.5063908505816019,
152.0,0.5,1.0,0.0,4.71238898038469,6.0,0.1,50,0.0,0.0,0.0,0.0,0.0,-0.31411208239936333,0.6448275625535613,,0.04,-0.2738027422864529,0.5727973945464276,0.02451074486467608,0.0,-0.28452346288884056,0.5775937672474644,
153.0,0.5,1.0,0.0,5.497787143782138,7.0,0.1,50,0.0,0.0,0.0,0.0,0.0,-0.2806728651369713,0.5230054179714528,,0.0,-0.2436029794886857,0.46346143819659164,,0.0,-0.22357286724697523,0.16290838528033819,
154.0,0.5,1.0,-0.2,0.0,0.0,0.1,50,0.0,0.0,0.0,0.0,0.0,-0.3985452180758435,0.6522156311164841,,0.0,-0.327404604425592,0.6426857286171507,,0.0,-0.3847825292097329,1.2553115710417675,
155.0,0.5,1.0,-0.2,0.7853981633974483,1.0,0.1,50,0.0,0.0,0.0,0.0,0.0,-0.35338286527216595,0.6349604030871894,,0.02,-0.3025482293965967,0.592331904722661,1.102472329062906,0.0,-0.31446562130360894,1.298433021364204,
156.0,0.5,1.0,-0.2,1.5707963267948966,2.0,0.1,50,0.0,0.0,0.0,0.0,0.0,-0.37587535763888175,0.7212478833209811,,0.0,-0.3116678796836356,0.6115301090481461,,0.0,-0.32517296784880295,0.8559602016532262,
157.0,0.5,1.0,-0.2,2.356194490192345,3.0,0.1,50,0.0,0.0,0.0,0.0,0.0,-0.3431408006284737,0.8147354637624585,,0.0,-0.29921599248567693,0.5871861980869939,,0.0,-0.29939550118101843,0.6010246026172981,
158.0,0.5,1.0,-0.2,3.141592653589793,4.0,0.1,50,0.0,0.0,0.0,0.0,0.0,-0.3604729611158217,0.9113743305326166,,0.0,-0.3137458398991779,0.6567545089682285,,0.0,-0.30228991612334577,0.6283270002455855,
159.0,0.5,1.0,-0.2,3.9269908169872414,5.0,0.1,50,0.0,0.0,0.0,0.0,0.0,-0.3530818174934948,0.9287254654445735,,0.0,-0.3081896769995471,0.6333716055301257,,0.0,-0.3052754210295207,0.6138320502481642,
160.0,0.5,1.0,-0.2,4.71238898038469,6.0,0.1,50,0.0,0.0,0.0,0.0,0.0,-0.24792836629627643,0.3715630963753269,,0.0,-0.2628740946239191,0.49207958285053777,,0.0,-0.2607032545977535,0.457214367004254,
161.0,0.5,1.0,-0.2,5.497787143782138,7.0,0.1,50,0.0,0.0,0.0,0.0,0.0,-0.3658197558697099,0.7414764019418069,,0.0,-0.30706488584226377,0.616902704458065,,0.0,-0.2954929028763843,0.5796397582369752,
162.0,0.5,1.0,0.2,0.0,0.0,0.1,50,0.0,0.0,0.0,0.0,0.0,-0.260814657235789,0.7756938031547691,,0.56,-0.2066394213222482,0.41398804497100716,0.4925418243317854,0.0,-0.20456722198538194,0.4060758717429184,
163.0,0.5,1.0,0.2,0.7853981633974483,1.0,0.1,50,0.0,0.0,0.0,0.0,0.0,-0.2824336585794225,0.8091108948463821,,0.5,-0.20820547782453974,0.43906831363075094,0.5003687757030661,0.0,-0.2047540698364058,0.4138209460346069,
164.0,0.5,1.0,0.2,1.5707963267948966,2.0,0.1,50,0.0,0.0,0.0,0.0,0.0,-0.1999322377471455,0.41493096589548095,,0.7,-0.19769183785468633,0.37456371196909866,0.48890904901029275,0.0,-0.20204539750429693,0.4020951444451628,
165.0,0.5,1.0,0.2,2.356194490192345,3.0,0.1,50,0.0,0.0,0.0,0.0,0.0,-0.23938325684607478,0.7911637863354386,,0.76,-0.203465855553134,0.3950744010519616,0.490771738530486,0.0,-0.20193435680841357,0.415199359440888,
166.0,0.5,1.0,0.2,3.141592653589793,4.0,0.1,50,0.0,0.0,0.0,0.0,0.0,-0.19856194140121297,0.3979017278876696,,0.6,-0.19000823149875573,0.3492631822827464,0.3837472572479008,0.0,-0.20011625877711636,0.3975408369834271,
167.0,0.5,1.0,0.2,3.9269908169872414,5.0,0.1,50,0.0,0.0,0.0,0.0,0.0,-0.21815518651292293,0.5372048259583984,,0.0,-0.1830633985134775,0.34326515313191,,0.0,-0.19716488728699175,0.40205026447694664,
168.0,0.5,1.0,0.2,4.71238898038469,6.0,0.1,50,0.0,0.0,0.0,0.0,0.0,-0.2592189296277998,0.45800280566440377,,0.02,-0.20140558701784605,0.4114950690884444,0.3756561412592714,0.0,-0.2006144762085417,0.41494834978055944,
169.0,0.5,1.0,0.2,5.497787143782138,7.0,0.1,50,0.0,0.0,0.0,0.0,0.0,-0.23936830941686904,0.6574678750369051,,0.0,-0.20041581446785628,0.428612020519946,,0.0,-0.19845336936182928,0.4125732339337626,
170.0,0.5,2.0,0.0,0.0,0.0,0.1,50,1.0,0.0,1.0,1.0,1.0,-0.5172467832494806,1.0344632031352452,1.0344632031352452,1.0,-0.5224713809664374,1.0455092231668837,1.0455092231668837,1.0,-0.5322940778898697,1.0643000908306877,1.0643000908306877
171.0,0.5,2.0,0.0,0.7853981633974483,1.0,0.1,50,1.0,0.0,1.0,0.86,1.0,-0.5038056806176797,1.0070274258411254,1.0070274258411254,1.0,-0.5130196432131078,1.0268008647464295,1.0268008647464295,1.0,-0.5033139265922147,1.006762164220103,1.006762164220103
172.0,0.5,2.0,0.0,1.5707963267948966,2.0,0.1,50,1.0,0.0,1.0,0.0,1.0,-0.4871421098799217,0.9745460296927098,0.9745460296927098,1.0,-0.4839170652137501,0.9661512038161684,0.9661512038161684,1.0,-0.47136052817872737,0.942551531967754,0.942551531967754
173.0,0.5,2.0,0.0,2.356194490192345,3.0,0.1,50,1.0,0.0,1.0,0.0,1.0,-0.4780053944822783,0.9562414798737986,0.9562414798737986,1.0,-0.453304370725194,0.9069705583772054,0.9069705583772054,1.0,-0.4543218833839135,0.9086152697678352,0.9086152697678352
174.0,0.5,2.0,0.0,3.141592653589793,4.0,0.1,50,1.0,0.0,1.0,0.0,1.0,-0.4822374251754819,0.9642361595693001,0.9642361595693001,1.0,-0.46879675318533187,0.9364025938219467,0.9364025938219467,1.0,-0.4626946594555683,0.9252932762922312,0.9252932762922312
175.0,0.5,2.0,0.0,3.9269908169872414,5.0,0.1,50,1.0,0.0,1.0,0.48,1.0,-0.4980217118979249,0.9960033616661113,0.9960033616661113,1.0,-0.5065488632537475,1.0131827048865876,1.0131827048865876,1.0,-0.4918330626531203,0.9836220649848839,0.9836220649848839
176.0,0.5,2.0,0.0,4.71238898038469,6.0,0.1,50,1.0,0.0,1.0,1.0,1.0,-0.5132099623343273,1.0263980821254561,1.0263980821254561,1.0,-0.5196992861328514,1.0398895129963592,1.0398895129963592,1.0,-0.5232746931698465,1.0467393332838295,1.0467393332838295
177.0,0.5,2.0,0.0,5.497787143782138,7.0,0.1,50,1.0,0.0,1.0,1.0,1.0,-0.5200357137967918,1.0400976148715473,1.0400976148715473,1.0,-0.5235913164314558,1.04660356010517,1.04660356010517,1.0,-0.540209361987216,1.0809491941511327,1.0809491941511327
178.0,0.5,2.0,-0.2,0.0,0.0,0.1,50,1.0,0.0,1.0,1.0,1.0,-0.6136995793836112,1.2275656987291703,1.2275656987291703,1.0,-0.5904088940389055,1.1808553847766556,1.1808553847766556,1.0,-0.6257890502856166,1.25151418183014,1.25151418183014
179.0,0.5,2.0,-0.2,0.7853981633974483,1.0,0.1,50,1.0,0.0,1.0,1.0,1.0,-0.6145302668102233,1.2291782893418444,1.2291782893418444,1.0,-0.5910130659526545,1.1818118002617668,1.1818118002617668,1.0,-0.6281831758029928,1.2564084978071406,1.2564084978071406
180.0,0.5,2.0,-0.2,1.5707963267948966,2.0,0.1,50,0.96,0.0,0.96,0.96,1.0,-0.6080008031498403,1.2155930164361926,1.2155930164361926,1.0,-0.5913585612111913,1.1825243441447606,1.1825243441447606,0.76,-0.6129117023954701,1.225783544322616,1.225783544322616
181.0,0.5,2.0,-0.2,2.356194490192345,3.0,0.1,50,1.0,0.0,1.0,1.0,1.0,-0.5963707350307923,1.1927604031518584,1.1927604031518584,1.0,-0.5957004412100957,1.1914936799899012,1.1914936799899012,0.54,-0.5906371189990246,1.1811567767784865,1.181229373750885
182.0,0.5,2.0,-0.2,3.141592653589793,4.0,0.1,50,1.0,0.0,1.0,1.0,1.0,-0.5848791822526669,1.1700102761549362,1.1700102761549362,1.0,-0.6117046690299509,1.2227998611587134,1.2227998611587134,1.0,-0.5718529095661031,1.1438840875078786,1.1438840875078786
183.0,0.5,2.0,-0.2,3.9269908169872414,5.0,0.1,50,0.98,0.0,0.98,0.98,1.0,-0.5834957088442835,1.1672436205801535,1.1672436205801535,1.0,-0.6162098013397991,1.2332375431884919,1.2332375431884919,0.98,-0.5698042705468298,1.1393669857587463,1.1393802167638216
184.0,0.5,2.0,-0.2,4.71238898038469,6.0,0.1,50,1.0,0.0,1.0,1.0,1.0,-0.5936012785732058,1.187435158277795,1.187435158277795,1.0,-0.5979755142114227,1.1961493036110489,1.1961493036110489,0.64,-0.5858333922070003,1.1718602681658434,1.1713828580869436
185.0,0.5,2.0,-0.2,5.497787143782138,7.0,0.1,50,1.0,0.0,1.0,1.0,1.0,-0.6061698172703296,1.2122631416151657,1.2122631416151657,1.0,-0.5917236086761959,1.1833936796207702,1.1833936796207702,0.76,-0.6085818035804094,1.2169937996864015,1.216991081412628
186.0,0.5,2.0,0.2,0.0,0.0,0.1,50,1.0,0.0,1.0,0.0,1.0,-0.3967397298063658,0.7933866959680651,0.7933866959680651,1.0,-0.38194908750996065,0.7629047935117084,0.7629047935117084,1.0,-0.38778212782054405,0.7753622818843355,0.7753622818843355
187.0,0.5,2.0,0.2,0.7853981633974483,1.0,0.1,50,1.0,0.0,1.0,0.48,1.0,-0.4012480204007602,0.8024297825753578,0.8024297825753578,1.0,-0.3663466528908501,0.7329869436717014,0.7329869436717014,1.0,-0.3818653296067394,0.7635607109273854,0.7635607109273854
188.0,0.5,2.0,0.2,1.5707963267948966,2.0,0.1,50,0.96,0.0,0.96,0.7,1.0,-0.4025742334164724,0.8052973335323321,0.8052973335323321,1.0,-0.364566750684254,0.7287798728049721,0.7287798728049721,1.0,-0.381068162102118,0.7625912985549868,0.7625912985549868
189.0,0.5,2.0,0.2,2.356194490192345,3.0,0.1,50,1.0,0.0,1.0,0.0,1.0,-0.398720237492744,0.7975302053698611,0.7975302053698611,1.0,-0.37204241508955094,0.7433923977131933,0.7433923977131933,1.0,-0.3838175569311834,0.7675453349029044,0.7675453349029044
190.0,0.5,2.0,0.2,3.141592653589793,4.0,0.1,50,1.0,0.0,1.0,0.0,1.0,-0.3962350226026173,0.7919381755897026,0.7919381755897026,1.0,-0.40186688968236367,0.803118351234264,0.803118351234264,1.0,-0.3956881812080711,0.7907965744187201,0.7907965744187201
191.0,0.5,2.0,0.2,3.9269908169872414,5.0,0.1,50,1.0,0.0,1.0,0.0,1.0,-0.4018723999170079,0.8035304361484845,0.8035304361484845,1.0,-0.4391251051434225,0.8776752295165786,0.8776752295165786,1.0,-0.41489316149906036,0.8295065525896288,0.8295065525896288
192.0,0.5,2.0,0.2,4.71238898038469,6.0,0.1,50,1.0,0.0,1.0,0.0,1.0,-0.4037897901732429,0.8073848076434855,0.8073848076434855,1.0,-0.44562250338322296,0.8915686177331206,0.8915686177331206,1.0,-0.41916665583061125,0.8384667545129597,0.8384667545129597
193.0,0.5,2.0,0.2,5.497787143782138,7.0,0.1,50,1.0,0.0,1.0,0.0,1.0,-0.39852233483641214,0.7972917814970991,0.7972917814970991,1.0,-0.42362150380199104,0.8469316412541679,0.8469316412541679,1.0,-0.4058192830264954,0.8119350887427272,0.8119350887427272
194.0,0.7,0.0,0.0,0.0,0.0,0.1,50,0.0,0.0,0.0,0.0,1.0,-2.2481674017225117e-05,0.0016567423414186125,0.0016567423414186125,1.0,0.00036900631747800673,0.0046425761892545025,0.0046425761892545025,1.0,-0.00016782899457999046,0.0019576050905041015,0.0019576050905041015
195.0,0.7,0.25,0.0,0.0,0.0,0.1,50,0.0,0.0,0.0,0.0,1.0,6.78539094760433e-05,0.001976145687443579,0.001976145687443579,1.0,-2.6767065872916886e-05,0.005895306392649712,0.005895306392649712,1.0,-0.00020161091506035067,0.0019755534768718863,0.0019755534768718863
196.0,0.7,0.25,0.0,0.7853981633974483,1.0,0.1,50,0.0,0.0,0.0,0.0,1.0,-0.001255806200808256,0.0023075265885376594,0.0023075265885376594,1.0,-0.016369446746481987,0.02291784169627617,0.02291784169627617,1.0,-8.418329891537457e-05,0.0016081209929161688,0.0016081209929161688
197.0,0.7,0.25,0.0,1.5707963267948966,2.0,0.1,50,0.0,0.0,0.0,0.0,1.0,-0.0010996125477739137,0.002164313524451693,0.002164313524451693,1.0,-0.02125661745540329,0.030196178730980447,0.030196178730980447,1.0,0.0007963469283630475,0.0021423841221815797,0.0021423841221815797
198.0,0.7,0.25,0.0,2.356194490192345,3.0,0.1,50,0.0,0.0,0.0,0.0,1.0,-0.0006487305784045217,0.0017115402756591657,0.0017115402756591657,1.0,-0.016334527016040993,0.02361667735705429,0.02361667735705429,1.0,0.0003219186677796504,0.002140109737479103,0.002140109737479103
199.0,0.7,0.25,0.0,3.141592653589793,4.0,0.1,50,0.0,0.0,0.0,0.0,1.0,-0.0003005499858742855,0.0015571529159286168,0.0015571529159286168,1.0,-0.002904637923076763,0.005642529835337815,0.005642529835337815,1.0,-0.00044927673193051243,0.0016197615855405897,0.0016197615855405897
200.0,0.7,0.25,0.0,3.9269908169872414,5.0,0.1,50,0.0,0.0,0.0,0.0,1.0,0.0012647013161733377,0.0023495537061950828,0.0023495537061950828,1.0,0.014516462976766918,0.022571658735196034,0.022571658735196034,1.0,0.00015732480536987837,0.001730571960665046,0.001730571960665046
201.0,0.7,0.25,0.0,4.71238898038469,6.0,0.1,50,0.0,0.0,0.0,0.0,1.0,0.002097878690589312,0.0024657314610073066,0.0024657314610073066,1.0,0.02247496051617797,0.0313293115749875,0.0313293115749875,1.0,0.0009042554634996946,0.002821199882318628,0.002821199882318628
202.0,0.7,0.25,0.0,5.497787143782138,7.0,0.1,50,0.0,0.0,0.0,0.0,1.0,0.0009709055089887641,0.002352737460692264,0.002352737460692264,1.0,0.01642970719818556,0.024132194343291426,0.024132194343291426,1.0,-0.00013070048029498738,0.002401237670891113,0.002401237670891113
203.0,0.7,0.25,-0.2,0.0,0.0,0.1,50,0.0,0.0,0.0,0.0,1.0,0.006488636113765623,0.00905990596262951,0.00905990596262951,1.0,0.003558629352472553,0.005187746214733011,0.005187746214733011,1.0,0.008308667800886516,0.011918900883093015,0.011918900883093015
204.0,0.7,0.25,-0.2,0.7853981633974483,1.0,0.1,50,0.0,0.0,0.0,0.0,1.0,0.005158872082026839,0.00673990375941672,0.00673990375941672,1.0,0.0032668220970230146,0.005131113861753087,0.005131113861753087,1.0,0.006686841581853584,0.009368424602559853,0.009368424602559853
205.0,0.7,0.25,-0.2,1.5707963267948966,2.0,0.1,50,0.0,0.0,0.0,0.0,1.0,0.0006780050740736399,0.0017071354854626885,0.0017071354854626885,1.0,0.0013062092674995785,0.005731905368330317,0.005731905368330317,1.0,0.001290824252039089,0.002540304055208395,0.002540304055208395
206.0,0.7,0.25,-0.2,2.356194490192345,3.0,0.1,50,0.0,0.0,0.0,0.0,1.0,-0.0047540959863639,0.007454376003534967,0.007454376003534967,1.0,-0.003579577727755434,0.005320090545104676,0.005320090545104676,1.0,-0.006015280517014127,0.008738926536383768,0.008738926536383768
207.0,0.7,0.25,-0.2,3.141592653589793,4.0,0.1,50,0.0,0.0,0.0,0.0,1.0,-0.00756759357833076,0.011057699620075079,0.011057699620075079,1.0,-0.006859882973015465,0.010437571543149362,0.010437571543149362,1.0,-0.009961504358959657,0.014499621336102372,0.014499621336102372
208.0,0.7,0.25,-0.2,3.9269908169872414,5.0,0.1,50,0.0,0.0,0.0,0.0,1.0,-0.005727189728448669,0.00860583160560337,0.00860583160560337,1.0,-0.0056696506232068785,0.007173337636457683,0.007173337636457683,1.0,-0.007341179108864102,0.0109256394522776,0.0109256394522776
209.0,0.7,0.25,-0.2,4.71238898038469,6.0,0.1,50,0.0,0.0,0.0,0.0,1.0,0.0003561269480535256,0.0021601385463040517,0.0021601385463040517,1.0,0.0014298362895007787,0.004875320494971176,0.004875320494971176,1.0,0.0004922645114045543,0.0019837009084241624,0.0019837009084241624
210.0,0.7,0.25,-0.2,5.497787143782138,7.0,0.1,50,0.0,0.0,0.0,0.0,1.0,0.004885236634201007,0.006879747039753581,0.006879747039753581,1.0,0.004117582367129082,0.0064276113194183014,0.0064276113194183014,1.0,0.0063134711192726865,0.00868630850689651,0.00868630850689651
211.0,0.7,0.25,0.2,0.0,0.0,0.1,50,0.0,0.0,0.0,0.0,1.0,0.009837063902087875,0.013768841106349922,0.013768841106349922,1.0,0.00296187864711819,0.004878991193139218,0.004878991193139218,1.0,0.017644708897670672,0.024930320870545523,0.024930320870545523
212.0,0.7,0.25,0.2,0.7853981633974483,1.0,0.1,50,0.0,0.0,0.0,0.0,1.0,0.007587331009013863,0.010841140520211187,0.010841140520211187,1.0,0.0027480863177747183,0.005299467801509869,0.005299467801509869,1.0,0.012746495398650026,0.018229797951990836,0.018229797951990836
213.0,0.7,0.25,0.2,1.5707963267948966,2.0,0.1,50,0.0,0.0,0.0,0.0,1.0,0.0002612850435233072,0.0016743490239504563,0.0016743490239504563,1.0,-0.0009537616419084704,0.004878913515320358,0.004878913515320358,1.0,0.00010428793701902305,0.001852921762589475,0.001852921762589475
214.0,0.7,0.25,0.2,2.356194490192345,3.0,0.1,50,0.0,0.0,0.0,0.0,1.0,-0.007106592015806306,0.010363271948705916,0.010363271948705916,1.0,-0.001965128149037827,0.00514986240172956,0.00514986240172956,1.0,-0.012396625316386821,0.017878598770883256,0.017878598770883256
215.0,0.7,0.25,0.2,3.141592653589793,4.0,0.1,50,0.0,0.0,0.0,0.0,1.0,-0.011411498163436068,0.016366053111985725,0.016366053111985725,1.0,-0.005570122743922905,0.007872962872036269,0.007872962872036269,1.0,-0.01887076322060498,0.026642109528256363,0.026642109528256363
216.0,0.7,0.25,0.2,3.9269908169872414,5.0,0.1,50,0.0,0.0,0.0,0.0,1.0,-0.008045786894729219,0.0120676323302632,0.0120676323302632,1.0,-0.0033447934763145603,0.006899109720749602,0.006899109720749602,1.0,-0.013503915994748468,0.019878456488919206,0.019878456488919206
217.0,0.7,0.25,0.2,4.71238898038469,6.0,0.1,50,0.0,0.0,0.0,0.0,1.0,0.0005669198343909909,0.00198438000959557,0.00198438000959557,1.0,0.0009760476596899958,0.004157725350038397,0.004157725350038397,1.0,1.2438318941412342e-05,0.0023406752796780094,0.0023406752796780094
218.0,0.7,0.25,0.2,5.497787143782138,7.0,0.1,50,0.0,0.0,0.0,0.0,1.0,0.0075289752818824595,0.011107396002517329,0.011107396002517329,1.0,0.002248504728658223,0.004037253695986589,0.004037253695986589,1.0,0.01245622564308187,0.017980896750247055,0.017980896750247055
219.0,0.7,0.5,0.0,0.0,0.0,0.1,50,0.0,0.0,0.0,0.0,1.0,-0.0018150264984186238,0.0030724159279389117,0.0030724159279389117,1.0,-0.005854257858883895,0.00890772191892827,0.00890772191892827,0.4,-0.0022086761707066026,0.00345877305712886,0.002729980437007023
220.0,0.7,0.5,0.0,0.7853981633974483,1.0,0.1,50,0.0,0.0,0.0,0.0,1.0,-0.0020465971632750877,0.002523636712428168,0.002523636712428168,1.0,-0.035174270203408846,0.05146452301015181,0.05146452301015181,0.44,0.0011557695309461825,0.002169724347590282,0.0018795273071716056
221.0,0.7,0.5,0.0,1.5707963267948966,2.0,0.1,50,0.0,0.0,0.0,0.0,1.0,-0.0008582416082542621,0.001336663978895552,0.001336663978895552,1.0,-0.04130039245672229,0.0598889782660891,0.0598889782660891,0.48,0.0030125885377756977,0.004301180509913889,0.0035959227256749625
222.0,0.7,0.5,0.0,2.356194490192345,3.0,0.1,50,0.0,0.0,0.0,0.0,1.0,-0.0016573720926520274,0.003020412245924071,0.003020412245924071,1.0,-0.036385109518748904,0.052012310514759394,0.052012310514759394,0.3,0.0019819919033936453,0.0028648485642351895,0.002285706569494942
223.0,0.7,0.5,0.0,3.141592653589793,4.0,0.1,50,0.0,0.0,0.0,0.0,1.0,-0.0023508671799692803,0.003518215207618049,0.003518215207618049,1.0,-0.011362785810831208,0.015456442091423352,0.015456442091423352,0.36,-0.0026813183813547735,0.004069126352790173,0.0033697919262729425
224.0,0.7,0.5,0.0,3.9269908169872414,5.0,0.1,50,0.0,0.0,0.0,0.0,1.0,0.002226936020763299,0.0030427337514952035,0.0030427337514952035,1.0,0.03015121053060483,0.04613156052556974,0.04613156052556974,0.22,0.0008958228813747371,0.0026458299497365634,0.002885356963859514
225.0,0.7,0.5,0.0,4.71238898038469,6.0,0.1,50,0.0,0.0,0.0,0.0,1.0,0.004689708477644694,0.006253849665165956,0.006253849665165956,1.0,0.04216682915146726,0.06041679358105203,0.06041679358105203,0.02,0.00374116255631499,0.005503741701137528,0.00940021410566134
226.0,0.7,0.5,0.0,5.497787143782138,7.0,0.1,50,0.0,0.0,0.0,0.0,1.0,0.0022248989758027627,0.003896954822616586,0.003896954822616586,1.0,0.03182380604141611,0.04607659253170043,0.04607659253170043,0.22,0.0009530552270136595,0.0033305164344381104,0.0037226939938626662
227.0,0.7,0.5,-0.2,0.0,0.0,0.1,50,0.0,0.0,0.0,0.0,1.0,0.012999542929515934,0.01838917722563227,0.01838917722563227,1.0,0.0030578037824227767,0.00501033259353721,0.00501033259353721,0.58,0.016777336517576395,0.024194948789508786,0.023564313041105307
228.0,0.7,0.5,-0.2,0.7853981633974483,1.0,0.1,50,0.0,0.0,0.0,0.0,1.0,0.009805484814613354,0.014330824008378928,0.014330824008378928,1.0,0.002568303071549962,0.0028963463338903066,0.0028963463338903066,0.36,0.013888413772213165,0.019960519827335044,0.020945712737314555
229.0,0.7,0.5,-0.2,1.5707963267948966,2.0,0.1,50,0.0,0.0,0.0,0.0,1.0,0.0021452327517986402,0.003776226454935615,0.003776226454935615,1.0,-7.62557299078348e-05,0.0041694798730389036,0.0041694798730389036,0.44,0.0049836841672684295,0.007505646911005986,0.006097255509055568
230.0,0.7,0.5,-0.2,2.356194490192345,3.0,0.1,50,0.0,0.0,0.0,0.0,1.0,-0.008654213582614607,0.01225176669775206,0.01225176669775206,1.0,-0.00762472072761301,0.009095818449594603,0.009095818449594603,0.46,-0.010856827802579088,0.015001536348309936,0.015432844854403407
231.0,0.7,0.5,-0.2,3.141592653589793,4.0,0.1,50,0.0,0.0,0.0,0.0,1.0,-0.01625887128305832,0.02306500796400411,0.02306500796400411,1.0,-0.024382148904416912,0.03456330129729045,0.03456330129729045,0.68,-0.02190094959079433,0.031569565573992424,0.03162837369126101
232.0,0.7,0.5,-0.2,3.9269908169872414,5.0,0.1,50,0.0,0.0,0.0,0.0,1.0,-0.010214444201432322,0.014384678970988784,0.014384678970988784,1.0,-0.011220812161143732,0.015304623023415113,0.015304623023415113,0.56,-0.01311395589836164,0.018766744646467406,0.017866591998786534
233.0,0.7,0.5,-0.2,4.71238898038469,6.0,0.1,50,0.0,0.0,0.0,0.0,1.0,0.0007840224736498081,0.0025025282348744337,0.0025025282348744337,1.0,-0.002514137171885837,0.004652272489943774,0.004652272489943774,0.38,0.0033344231685307224,0.005031277170087858,0.0022623174689268793
234.0,0.7,0.5,-0.2,5.497787143782138,7.0,0.1,50,0.0,0.0,0.0,0.0,1.0,0.009647444956801277,0.014198665215173926,0.014198665215173926,1.0,0.002639687248040241,0.004274436188859223,0.004274436188859223,0.42,0.013945600293637754,0.020166834669848272,0.020160725531900927
235.0,0.7,0.5,0.2,0.0,0.0,0.1,50,0.0,0.0,0.0,0.0,1.0,0.018877774071614055,0.027008955772450344,0.027008955772450344,1.0,0.0025004879155752424,0.004068774053899002,0.004068774053899002,0.88,0.03730631566436443,0.05354566938068541,0.05254614935852894
236.0,0.7,0.5,0.2,0.7853981633974483,1.0,0.1,50,0.0,0.0,0.0,0.0,1.0,0.015115512451966177,0.020964074390389782,0.020964074390389782,1.0,0.0036062715327392536,0.0047627478979480765,0.0047627478979480765,0.68,0.026159649526738278,0.03703816852703062,0.03671139819892985
237.0,0.7,0.5,0.2,1.5707963267948966,2.0,0.1,50,0.0,0.0,0.0,0.0,1.0,0.002958972789081875,0.0038579556614617588,0.0038579556614617588,1.0,0.0002680862033222242,0.005350699604463803,0.005350699604463803,0.56,0.0013933014539017075,0.0021356952270032026,0.0021356952270032026
238.0,0.7,0.5,0.2,2.356194490192345,3.0,0.1,50,0.0,0.0,0.0,0.0,1.0,-0.013791716113415613,0.019791407480020395,0.019791407480020395,1.0,-0.0055614462368644224,0.006301508292372542,0.006301508292372542,0.82,-0.027524228994029065,0.039342487789741684,0.03927121957729596
239.0,0.7,0.5,0.2,3.141592653589793,4.0,0.1,50,0.0,0.0,0.0,0.0,1.0,-0.02439939498480967,0.034480156781000075,0.034480156781000075,1.0,-0.01724128670088826,0.022842307484488886,0.022842307484488886,1.0,-0.044809359037956575,0.06330006578374373,0.06330006578374373
240.0,0.7,0.5,0.2,3.9269908169872414,5.0,0.1,50,0.0,0.0,0.0,0.0,1.0,-0.014679537964835322,0.02059328871006635,0.02059328871006635,1.0,-0.006319742830007295,0.011108492463400368,0.011108492463400368,0.78,-0.029289037266835447,0.04134724217531384,0.04028900894818539
241.0,0.7,0.5,0.2,4.71238898038469,6.0,0.1,50,0.0,0.0,0.0,0.0,1.0,0.0019040377128721863,0.0029124687177833107,0.0029124687177833107,1.0,0.00100865882246014,0.005742271669534655,0.005742271669534655,0.58,-0.0009628179674882653,0.0028394193333147744,0.0028054814289833556
242.0,0.7,0.5,0.2,5.497787143782138,7.0,0.1,50,0.0,0.0,0.0,0.0,1.0,0.014577270815684627,0.021161939207140018,0.021161939207140018,1.0,0.0030906192018282886,0.0054363909909773845,0.0054363909909773845,0.82,0.024550489493996564,0.035321494151815486,0.03592305113347516
243.0,0.7,1.0,0.0,0.0,0.0,0.1,50,0.0,0.0,0.0,0.0,0.0,-0.4398264397391051,0.5976616115395816,,0.0,-0.3424579757086837,0.47974888465411847,,0.0,-0.34539305447921165,0.48712489445836094,
244.0,0.7,1.0,0.0,0.7853981633974483,1.0,0.1,50,0.0,0.0,0.0,0.0,0.0,-0.4377659206769164,0.5474970174128456,,0.0,-0.3375622129968203,0.48616916954058575,,0.0,-0.3485950960490127,0.5097783271696092,
245.0,0.7,1.0,0.0,1.5707963267948966,2.0,0.1,50,0.0,0.0,0.0,0.0,0.0,-0.4512302200665722,0.5100735542548969,,0.0,-0.3406538633531533,0.4722466379604141,,0.0,-0.335289687058649,0.02378288380899009,
246.0,0.7,1.0,0.0,2.356194490192345,3.0,0.1,50,0.0,0.0,0.0,0.0,0.0,-0.48233681342980594,0.5452343777669678,,0.0,-0.34044291929854914,0.46991005086831983,,0.0,-0.24903984140149135,0.01890614516638364,
247.0,0.7,1.0,0.0,3.141592653589793,4.0,0.1,50,0.0,0.0,0.0,0.0,0.0,-0.47780392056269955,0.5979485690116839,,0.0,-0.3576264111684469,0.5152854912777433,,0.0,-0.3350514360075122,0.2764450161475105,
248.0,0.7,1.0,0.0,3.9269908169872414,5.0,0.1,50,0.0,0.0,0.0,0.0,0.0,-0.4640573930509008,0.7035768409705742,,0.0,-0.3598877067506805,0.489749806445546,,0.0,-0.2914315378976571,0.10690213966418799,
249.0,0.7,1.0,0.0,4.71238898038469,6.0,0.1,50,0.0,0.0,0.0,0.0,0.0,-0.4815949704123792,0.7920214175218103,,0.0,-0.35152353631607697,0.48295138928943804,,0.0,-0.2914344918942858,0.08590023531765072,
250.0,0.7,1.0,0.0,5.497787143782138,7.0,0.1,50,0.0,0.0,0.0,0.0,0.0,-0.4740660737553799,0.7946741429862865,,0.0,-0.3724782623387622,0.5431985923737669,,0.0,-0.45230766015284934,0.9932328426407039,
251.0,0.7,1.0,-0.2,0.0,0.0,0.1,50,0.0,0.0,0.0,0.0,0.0,-0.5712871402591151,0.8967195089167833,,0.0,-0.4263010168036623,0.6399788982339514,,0.0,-0.47757305885419965,1.279739970023603,
252.0,0.7,1.0,-0.2,0.7853981633974483,1.0,0.1,50,0.0,0.0,0.0,0.0,0.0,-0.5689143619524119,0.8250815278783683,,0.0,-0.4314639455778876,0.5994280175152504,,0.0,-0.4977351179730297,1.2800128990968265,
253.0,0.7,1.0,-0.2,1.5707963267948966,2.0,0.1,50,0.0,0.0,0.0,0.0,0.0,-0.57287729725161,0.8903732502502932,,0.0,-0.4232850682380975,0.6329763608552899,,0.0,-0.4965387107390996,1.2680148940849074,
254.0,0.7,1.0,-0.2,2.356194490192345,3.0,0.1,50,0.0,0.0,0.0,0.0,0.0,-0.5179297526894485,0.6845886853878094,,0.0,-0.4134507572522797,0.5914795280949978,,0.0,-0.3874986309244416,0.042266203433167386,
255.0,0.7,1.0,-0.2,3.141592653589793,4.0,0.1,50,0.0,0.0,0.0,0.0,0.0,-0.5168778564753329,0.6044227480046247,,0.0,-0.4258249466337572,0.6160163033489294,,0.0,-0.47785504227117154,1.115868704161742,
256.0,0.7,1.0,-0.2,3.9269908169872414,5.0,0.1,50,0.0,0.0,0.0,0.0,0.0,-0.5358312452111247,0.670842510443094,,0.0,-0.3986334921315203,0.5612034023781081,,0.0,-0.28519254220019064,0.01110455205424735,
257.0,0.7,1.0,-0.2,4.71238898038469,6.0,0.1,50,0.0,0.0,0.0,0.0,0.0,-0.49709390690007027,0.6362827235702632,,0.0,-0.3817248044999445,0.5310852127195602,,0.0,-0.2883202818420024,0.07959572638935503,
258.0,0.7,1.0,-0.2,5.497787143782138,7.0,0.1,50,0.0,0.0,0.0,0.0,0.0,-0.5571131458065582,0.8224367878907126,,0.0,-0.42002101380940166,0.5856684747808122,,0.0,-0.3800757362066448,0.11138317172562244,
259.0,0.7,1.0,0.2,0.0,0.0,0.1,50,0.0,0.0,0.0,0.0,0.0,-0.3735814188983341,0.40387180834400155,,0.0,-0.2702396076985572,0.3599402371399011,,0.0,-0.19416112560676424,0.12224202719466759,
260.0,0.7,1.0,0.2,0.7853981633974483,1.0,0.1,50,0.0,0.0,0.0,0.0,0.0,-0.4020639916385168,0.47839156116688175,,0.0,-0.2675384974113071,0.37408176402267623,,0.0,-0.22164228460665925,0.14699161799320523,
261.0,0.7,1.0,0.2,1.5707963267948966,2.0,0.1,50,0.0,0.0,0.0,0.0,0.0,-0.41270278021437384,0.8063561470837504,,0.0,-0.30255398787370197,0.45914403699153233,,0.0,-0.29402065864743204,0.43876382895401217,
262.0,0.7,1.0,0.2,2.356194490192345,3.0,0.1,50,0.0,0.0,0.0,0.0,0.0,-0.3829320290817624,0.6309786474782634,,0.0,-0.2792161342075217,0.3962406715722805,,0.0,-0.27800965236221353,0.4015735236540571,
263.0,0.7,1.0,0.2,3.141592653589793,4.0,0.1,50,0.0,0.0,0.0,0.0,0.0,-0.3559051973704426,0.6921653584741996,,0.46,-0.27892364821842675,0.4031521381009101,0.3636308077332112,0.0,-0.27880142815495446,0.40135535920946885,
264.0,0.7,1.0,0.2,3.9269908169872414,5.0,0.1,50,0.0,0.0,0.0,0.0,0.0,-0.39402954641133847,0.7541579157877649,,0.0,-0.29752273525105,0.43704398780369014,,0.0,-0.2846485891996852,0.40793399295187377,
265.0,0.7,1.0,0.2,4.71238898038469,6.0,0.1,50,0.0,0.0,0.0,0.0,0.0,-0.4186804215364372,0.6769782823139638,,0.0,-0.28179238548313656,0.40650128136520136,,0.0,-0.2878599102361372,0.40212566295515845,
266.0,0.7,1.0,0.2,5.497787143782138,7.0,0.1,50,0.0,0.0,0.0,0.0,0.0,-0.4337894774682616,0.835639108948818,,0.0,-0.2906344874908415,0.40476784056258397,,0.0,-0.27418022898285316,0.24356583118670483,
267.0,0.7,2.0,0.0,0.0,0.0,0.1,50,1.0,0.0,1.0,0.0,1.0,-0.6977517691292034,0.9968083764189535,0.9968083764189535,1.0,-0.6931978044668248,0.9900535403980487,0.9900535403980487,0.56,-0.6971639051214608,0.9960402848064049,0.9961504390226783
268.0,0.7,2.0,0.0,0.7853981633974483,1.0,0.1,50,0.62,0.0,0.62,0.0,1.0,-0.6981335133252685,0.9972186419602049,0.9972186419602049,1.0,-0.6655213127327174,0.9503907367690692,0.9503907367690692,0.62,-0.7015523761000911,1.0021752252863474,1.0021876583029632
269.0,0.7,2.0,0.0,1.5707963267948966,2.0,0.1,50,0.86,0.0,0.86,0.08,1.0,-0.6993481147231457,0.9991538135003373,0.9991538135003373,1.0,-0.6600232872288252,0.9435503276788535,0.9435503276788535,0.86,-0.7030702149220803,1.0043889561807788,1.0043582321667914
270.0,0.7,2.0,0.0,2.356194490192345,3.0,0.1,50,0.7,0.0,0.7,0.0,1.0,-0.6982064873461006,0.9975716592829493,0.9975716592829493,1.0,-0.6642714054238674,0.9491920846697242,0.9491920846697242,0.7,-0.7019785038830357,1.002841106175548,1.0028915662169362
271.0,0.7,2.0,0.0,3.141592653589793,4.0,0.1,50,1.0,0.0,1.0,0.0,1.0,-0.6973485753660528,0.9961490285232307,0.9961490285232307,1.0,-0.6884426386732407,0.9839821332224976,0.9839821332224976,0.68,-0.6969305157743242,0.9957686766091997,0.9955690855178339
272.0,0.7,2.0,0.0,3.9269908169872414,5.0,0.1,50,0.22,0.0,0.22,0.0,1.0,-0.7016777831378447,1.002398910055954,1.002398910055954,1.0,-0.7307055542756402,1.0437207953718561,1.0437207953718561,0.22,-0.700267029599752,1.0002696102718702,1.000449608524393
273.0,0.7,2.0,0.0,4.71238898038469,6.0,0.1,50,0.0,0.0,0.0,0.0,1.0,-0.7045737991997855,1.0063091034581517,1.0063091034581517,1.0,-0.7438860797613603,1.062910264586989,1.062910264586989,0.0,-0.7035079869773603,1.0047028034931822,
274.0,0.7,2.0,0.0,5.497787143782138,7.0,0.1,50,0.18,0.0,0.18,0.0,1.0,-0.7023487254213167,1.0032118429627779,1.0032118429627779,1.0,-0.7341079143492754,1.0483891393060851,1.0483891393060851,0.18,-0.7010864675263134,1.001159907787114,1.0012758646760438
275.0,0.7,2.0,-0.2,0.0,0.0,0.1,50,1.0,0.0,1.0,1.0,1.0,-0.8528967780733293,1.218538092786202,1.218538092786202,1.0,-0.8441268295580889,1.2061274267984559,1.2061274267984559,0.76,-0.8567839141909853,1.2243625493252708,1.2244431042648358
276.0,0.7,2.0,-0.2,0.7853981633974483,1.0,0.1,50,1.0,0.0,1.0,1.0,1.0,-0.8503044289384023,1.2147211319132607,1.2147211319132607,1.0,-0.8432161591306325,1.2049459690166402,1.2049459690166402,0.74,-0.8545532786203778,1.2207485501015194,1.2205826709589258
277.0,0.7,2.0,-0.2,1.5707963267948966,2.0,0.1,50,1.0,0.0,1.0,1.0,1.0,-0.8425110981914898,1.203578999330828,1.203578999330828,1.0,-0.8405194067224149,1.2006363121521249,1.2006363121521249,0.68,-0.8453589637400111,1.2074605095813196,1.2072122325104164
278.0,0.7,2.0,-0.2,2.356194490192345,3.0,0.1,50,1.0,0.0,1.0,1.0,1.0,-0.8313106874079966,1.1876970451931785,1.1876970451931785,1.0,-0.8342070276756653,1.191658472380575,1.191658472380575,0.76,-0.8291344624062931,1.184131677641453,1.184415948679998
279.0,0.7,2.0,-0.2,3.141592653589793,4.0,0.1,50,1.0,0.0,1.0,1.0,1.0,-0.8234793256340452,1.17643351099004,1.17643351099004,1.0,-0.8165190894704375,1.1656616729598486,1.1656616729598486,0.96,-0.8177841986402993,1.1684125034635544,1.1684125034635544
280.0,0.7,2.0,-0.2,3.9269908169872414,5.0,0.1,50,1.0,0.0,1.0,1.0,1.0,-0.8299543305037616,1.185709786411675,1.185709786411675,1.0,-0.8294905789434711,1.1848303078997877,1.1848303078997877,0.76,-0.827061639492434,1.181689263326364,1.1815635665547393
281.0,0.7,2.0,-0.2,4.71238898038469,6.0,0.1,50,1.0,0.0,1.0,1.0,1.0,-0.8411187373843899,1.2014292521940397,1.2014292521940397,1.0,-0.840014896838451,1.2003830767539365,1.2003830767539365,0.7,-0.8433989428941941,1.2047660416439134,1.2042634919769784
282.0,0.7,2.0,-0.2,5.497787143782138,7.0,0.1,50,1.0,0.0,1.0,1.0,1.0,-0.8494576209579902,1.2132866564505123,1.2132866564505123,1.0,-0.8428776792137708,1.2042764418653826,1.2042764418653826,0.62,-0.8536521697680665,1.2195227126196828,1.2189836448542335
283.0,0.7,2.0,0.2,0.0,0.0,0.1,50,1.0,0.0,1.0,1.0,1.0,-0.5791718972241063,0.8274869818328556,0.8274869818328556,1.0,-0.5640108617643561,0.8057073889316471,0.8057073889316471,1.0,-0.5973941159757538,0.8533447471058655,0.8533447471058655
284.0,0.7,2.0,0.2,0.7853981633974483,1.0,0.1,50,1.0,0.0,1.0,1.0,1.0,-0.574938128694155,0.8213599502569946,0.8213599502569946,1.0,-0.5644118451651158,0.8062064468201084,0.8062064468201084,0.98,-0.5860202868321396,0.8369022001341866,0.8369498944858391
285.0,0.7,2.0,0.2,1.5707963267948966,2.0,0.1,50,1.0,0.0,1.0,1.0,1.0,-0.5630558947912756,0.8044709975780807,0.8044709975780807,1.0,-0.5616550788107602,0.8027738267904392,0.8027738267904392,0.9,-0.5615401446085566,0.8025337160716985,0.8022630893634536
286.0,0.7,2.0,0.2,2.356194490192345,3.0,0.1,50,1.0,0.0,1.0,1.0,1.0,-0.5467015132639581,0.7808128604895652,0.7808128604895652,1.0,-0.5557243812182422,0.7940199018784848,0.7940199018784848,1.0,-0.5329811339292785,0.7611839702026056,0.7611839702026056
287.0,0.7,2.0,0.2,3.141592653589793,4.0,0.1,50,1.0,0.0,1.0,1.0,1.0,-0.5354339213551274,0.7650758180864341,0.7650758180864341,1.0,-0.5439502836030988,0.7774838700430252,0.7774838700430252,1.0,-0.5157272018651845,0.7372051310575266,0.7372051310575266
288.0,0.7,2.0,0.2,3.9269908169872414,5.0,0.1,50,1.0,0.0,1.0,1.0,1.0,-0.544918991141785,0.7785066217024416,0.7785066217024416,1.0,-0.5550723847332542,0.7927165239206759,0.7927165239206759,1.0,-0.5304411598678216,0.7579476741063913,0.7579476741063913
289.0,0.7,2.0,0.2,4.71238898038469,6.0,0.1,50,1.0,0.0,1.0,1.0,1.0,-0.5619770391073865,0.8028343133868037,0.8028343133868037,1.0,-0.5615962947489116,0.8018773269606376,0.8018773269606376,0.88,-0.5592488542045001,0.7989565467107157,0.7989565467107157
290.0,0.7,2.0,0.2,5.497787143782138,7.0,0.1,50,1.0,0.0,1.0,1.0,1.0,-0.574485315224453,0.8206471279739509,0.8206471279739509,1.0,-0.5631518548477694,0.8042087494072603,0.8042087494072603,1.0,-0.5844774237539887,0.8348815557100244,0.8348815557100244
0.0,0.3,0.0,0.0,0.0,0.0,0.3,50,0.0,0.0,0.0,0.0,1.0,-0.0015037187067636593,0.013804182010488202,0.013804182010488202,1.0,-0.0010909028594131764,0.031109898676220105,0.031109898676220105,1.0,-0.0009487881502063955,0.014968524445919212,0.014968524445919212
1.0,0.3,0.25,0.0,0.0,0.0,0.3,50,0.0,0.0,0.0,0.0,0.98,0.015924717350028667,0.054290064988641584,0.05418806253246422,0.98,-0.005135910637071809,0.03238762112979114,0.03139153649896864,0.98,0.008728803729589313,0.02967274441044702,0.029317193048754575
2.0,0.3,0.25,0.0,0.7853981633974483,1.0,0.3,50,0.02,0.02,0.0,0.0,1.0,0.015464770306166048,0.04872649347791673,0.04872649347791673,1.0,-0.0010646361712427278,0.026448032114264886,0.026448032114264886,1.0,0.009300479845159308,0.02928213487177154,0.02928213487177154
3.0,0.3,0.25,0.0,1.5707963267948966,2.0,0.3,50,0.0,0.0,0.0,0.0,1.0,0.003685661347349648,0.015394119122285242,0.015394119122285242,1.0,-0.004144212857508135,0.02582178269854,0.02582178269854,0.96,0.0015008297769252543,0.01029834269789735,0.01033207246515668
4.0,0.3,0.25,0.0,2.356194490192345,3.0,0.3,50,0.0,0.0,0.0,0.0,1.0,-0.008033679082389455,0.025064841792829806,0.025064841792829806,1.0,0.004204983402739082,0.03178111786580867,0.03178111786580867,1.0,-0.005406025540961999,0.02136143765164633,0.02136143765164633
5.0,0.3,0.25,0.0,3.141592653589793,4.0,0.3,50,0.0,0.0,0.0,0.0,1.0,-0.017317002309342636,0.05715067395285721,0.05715067395285721,0.98,0.0022768527328146746,0.04365079450550656,0.04284148894097913,1.0,-0.012755933322169044,0.04741547143788975,0.04741547143788975
6.0,0.3,0.25,0.0,3.9269908169872414,5.0,0.3,50,0.0,0.0,0.0,0.0,1.0,-0.014863262644913238,0.05107636610046614,0.05107636610046614,1.0,0.0011233713820789004,0.04877789154104177,0.04877789154104177,1.0,-0.010846831943628722,0.0386780351898781,0.0386780351898781
7.0,0.3,0.25,0.0,4.71238898038469,6.0,0.3,50,0.0,0.0,0.0,0.0,1.0,-0.0040636210511046985,0.016662181112200674,0.016662181112200674,1.0,-0.002600587565819854,0.03216010349242081,0.03216010349242081,1.0,-0.0033419126638835695,0.01626527517940411,0.01626527517940411
8.0,0.3,0.25,0.0,5.497787143782138,7.0,0.3,50,0.0,0.0,0.0,0.0,1.0,0.010812019964844986,0.03457312879823723,0.03457312879823723,1.0,0.002025462544956389,0.03221247282468753,0.03221247282468753,1.0,0.007467501881385551,0.02345037287368392,0.02345037287368392
9.0,0.3,0.25,-0.2,0.0,0.0,0.3,50,0.0,0.0,0.0,0.0,1.0,0.00500632418554717,0.01679512447047375,0.01679512447047375,1.0,-0.013337256925458087,0.04794254648739773,0.04794254648739773,1.0,-0.00023716649286138923,0.011159686833254839,0.011159686833254839
10.0,0.3,0.25,-0.2,0.7853981633974483,1.0,0.3,50,0.0,0.0,0.0,0.0,1.0,0.006420519348065554,0.016561341640482785,0.016561341640482785,1.0,-0.013962508069642561,0.04139266639859927,0.04139266639859927,1.0,-0.002708453008371087,0.016262294335128068,0.016262294335128068
11.0,0.3,0.25,-0.2,1.5707963267948966,2.0,0.3,50,0.0,0.0,0.0,0.0,1.0,0.0053357685020924365,0.021173593635922992,0.021173593635922992,1.0,-0.0114231211251498,0.04496220216338961,0.04496220216338961,1.0,-0.0018035198321570212,0.01189382683799034,0.01189382683799034
12.0,0.3,0.25,-0.2,2.356194490192345,3.0,0.3,50,0.0,0.0,0.0,0.0,1.0,0.001208857348604433,0.01166149994849458,0.01166149994849458,1.0,-0.00581698137759656,0.030422062156208834,0.030422062156208834,1.0,-0.0007969982279774634,0.01271499973456806,0.01271499973456806
13.0,0.3,0.25,-0.2,3.141592653589793,4.0,0.3,50,0.0,0.0,0.0,0.0,1.0,-0.004361588945046238,0.016454453556078164,0.016454453556078164,1.0,0.01170578698090449,0.04528210503492641,0.04528210503492641,1.0,-2.2431258884448857e-05,0.014093417109926436,0.014093417109926436
14.0,0.3,0.25,-0.2,3.9269908169872414,5.0,0.3,50,0.0,0.0,0.0,0.0,1.0,-0.004669814790371934,0.01829198821353628,0.01829198821353628,0.98,0.020133208155072177,0.07646557013933408,0.07778310084290196,1.0,0.0015845027102353326,0.01931805090855619,0.01931805090855619
15.0,0.3,0.25,-0.2,4.71238898038469,6.0,0.3,50,0.0,0.0,0.0,0.0,1.0,-0.004050286513957356,0.016265261389485274,0.016265261389485274,1.0,0.016005076492688664,0.057775712572215775,0.057775712572215775,1.0,0.0011430752698943047,0.013121096525112268,0.013121096525112268
16.0,0.3,0.25,-0.2,5.497787143782138,7.0,0.3,50,0.0,0.0,0.0,0.0,1.0,-0.0010673045947703918,0.012189229751637573,0.012189229751637573,1.0,-0.003143946570938958,0.03941781550309877,0.03941781550309877,1.0,-0.0009182112477450277,0.013829194838668828,0.013829194838668828
17.0,0.3,0.25,0.2,0.0,0.0,0.3,50,0.04,0.04,0.02,0.02,1.0,0.022809125984876055,0.07267868919758216,0.07267868919758216,0.98,0.004530146671502732,0.03543257509126495,0.03568264485913335,0.98,0.01853980296269663,0.060231427904305454,0.0608496652217914
18.0,0.3,0.25,0.2,0.7853981633974483,1.0,0.3,50,0.0,0.0,0.0,0.0,1.0,0.009991159702753676,0.0325692138893959,0.0325692138893959,1.0,0.00416867581681594,0.03247351674171044,0.03247351674171044,1.0,0.008931869319038072,0.030960798634422176,0.030960798634422176
19.0,0.3,0.25,0.2,1.5707963267948966,2.0,0.3,50,0.0,0.0,0.0,0.0,1.0,-0.00969049530686376,0.03256049436339161,0.03256049436339161,1.0,-0.003585500610443705,0.037440342663864666,0.037440342663864666,1.0,-0.007937584789108559,0.026880863824688038,0.026880863824688038
20.0,0.3,0.25,0.2,2.356194490192345,3.0,0.3,50,0.26,0.26,0.0,0.0,1.0,-0.027715183409710954,0.0960333700942199,0.0960333700942199,1.0,-0.01946323997436864,0.06748752126619009,0.06748752126619009,1.0,-0.02566809998953123,0.09035245793516176,0.09035245793516176
21.0,0.3,0.25,0.2,3.141592653589793,4.0,0.3,50,0.1,0.1,0.0,0.0,1.0,-0.02358923662285331,0.07633258035445281,0.07633258035445281,1.0,-0.011350377419441691,0.05305193420812797,0.05305193420812797,1.0,-0.021545457283322134,0.06539764446843363,0.06539764446843363
22.0,0.3,0.25,0.2,3.9269908169872414,5.0,0.3,50,0.0,0.0,0.0,0.0,1.0,-0.00841018146532299,0.03138567704183683,0.03138567704183683,1.0,-0.004201488880398062,0.038665280449354154,0.038665280449354154,1.0,-0.007031776290515188,0.029131052902562998,0.029131052902562998
23.0,0.3,0.25,0.2,4.71238898038469,6.0,0.3,50,0.0,0.0,0.0,0.0,1.0,0.010255784362039421,0.03550103193636782,0.03550103193636782,1.0,0.0031345373767096307,0.03796013157647836,0.03796013157647836,1.0,0.009151473499073259,0.03243467653967658,0.03243467653967658
24.0,0.3,0.25,0.2,5.497787143782138,7.0,0.3,50,0.02,0.02,0.02,0.02,1.0,0.024082076405358758,0.08078945925235698,0.08078945925235698,0.96,0.008745651724584821,0.03659312140585107,0.03726739003277783,0.96,0.019479672641678616,0.06645104375518639,0.06618254449728865
25.0,0.3,0.5,0.0,0.0,0.0,0.3,50,0.0,0.0,0.0,0.0,0.98,0.031350185083568946,0.10550451812132008,0.1054378157429479,0.92,-0.011504080986418112,0.03436210387033105,0.03436210387033105,0.48,0.010958697768880138,0.0411180601496039,0.052169605939138185
26.0,0.3,0.5,0.0,0.7853981633974483,1.0,0.3,50,0.0,0.0,0.0,0.0,0.96,0.028170994780382166,0.0945917010841707,0.09512704395483906,0.92,-0.00937966750198105,0.03974786054006474,0.037680235600921486,0.42,0.010072079267060606,0.036752461018457104,0.04338143511330199
27.0,0.3,0.5,0.0,1.5707963267948966,2.0,0.3,50,0.0,0.0,0.0,0.0,0.92,0.012404961887474166,0.039312320301507685,0.04170134141891565,0.96,-0.008364779141441377,0.030133101903400038,0.02933946148720825,0.38,0.0046447143810431826,0.022848733962236488,0.02302368432877992
28.0,0.3,0.5,0.0,2.356194490192345,3.0,0.3,50,0.02,0.0,0.0,0.0,0.86,-0.01422575540527542,0.04512841569138708,0.04456127428698849,0.92,-0.004277198809616222,0.040222098033443995,0.0382849664412512,0.6,-0.014530370315324613,0.04094264360477745,0.040336983277976156
29.0,0.3,0.5,0.0,3.141592653589793,4.0,0.3,50,0.7,0.14,0.0,0.06,0.96,-0.04175025948624696,0.14120008570541603,0.14196849567697273,0.92,0.0002977525446782131,0.06153378192318658,0.06139841287211975,0.84,-0.03868365401336676,0.13028968819282988,0.12842663147358446
30.0,0.3,0.5,0.0,3.9269908169872414,5.0,0.3,50,0.42,0.04,0.0,0.04,0.96,-0.033719693202525124,0.10936887941203603,0.10936887941203603,0.96,0.0009180407892352371,0.05624742556139456,0.05360349183547812,0.78,-0.03119259858498456,0.09579754107736918,0.0997030033433205
31.0,0.3,0.5,0.0,4.71238898038469,6.0,0.3,50,0.0,0.0,0.0,0.0,0.9,-0.004175983136714843,0.012156663355897268,0.011931516710408745,0.96,-0.009501417923682882,0.027339947251582935,0.026391401613539332,0.58,-0.0065884078889157874,0.023683735079578588,0.02292684068911736
32.0,0.3,0.5,0.0,5.497787143782138,7.0,0.3,50,0.0,0.0,0.0,0.0,0.94,0.019965180513990516,0.06830607363474193,0.066242737304818,0.92,-0.008554383768674791,0.0364105548697775,0.035046165824062135,0.58,0.00848065530604253,0.031334429323800206,0.03932839486985233
33.0,0.3,0.5,-0.2,0.0,0.0,0.3,50,0.0,0.0,0.0,0.0,0.92,0.008006293097114054,0.024602961123202927,0.024602961123202927,0.98,-0.0303414851230477,0.09986612131950744,0.09935353840321275,0.38,-0.0099031045462821,0.03135120615036606,0.02442265610684391
34.0,0.3,0.5,-0.2,0.7853981633974483,1.0,0.3,50,0.0,0.0,0.0,0.0,0.98,0.01629677203206196,0.05316452684259047,0.05308259525157215,1.0,-0.030209906417916634,0.10560885235260563,0.10560885235260563,0.4,-0.0076432081866413095,0.021473406529984862,0.017158975656990188
35.0,0.3,0.5,-0.2,1.5707963267948966,2.0,0.3,50,0.0,0.0,0.0,0.0,0.96,0.011319041227335975,0.03989065827506355,0.03927855172035662,0.96,-0.03192183117426584,0.10419496845656148,0.10072149653336185,0.34,-0.00995432959805783,0.03373821892885533,0.010044389517955648
36.0,0.3,0.5,-0.2,2.356194490192345,3.0,0.3,50,0.0,0.0,0.0,0.0,0.88,0.0003715168018038384,0.01433398914792596,0.011831115488104376,0.92,-0.019640466965041417,0.0697577341295234,0.06448584055473985,0.36,-0.009212839248373416,0.028247195144120812,0.016484670408088247
37.0,0.3,0.5,-0.2,3.141592653589793,4.0,0.3,50,0.0,0.0,0.0,0.0,0.84,-0.01016221879794949,0.03208453119300764,0.028677213842437654,0.9,0.007271255729311,0.05147186605152121,0.04982251781636656,0.32,-0.008673624211214634,0.03183950404860858,0.02305371795684667
38.0,0.3,0.5,-0.2,3.9269908169872414,5.0,0.3,50,0.0,0.0,0.0,0.0,0.86,-0.012809514622455226,0.046248187101004166,0.05554231429459896,0.92,0.03773565065510255,0.14824000209457605,0.15081299773122744,0.24,-0.005089475594070553,0.027295728959667587,0.03310773949745337
39.0,0.3,0.5,-0.2,4.71238898038469,6.0,0.3,50,0.0,0.0,0.0,0.0,0.8,-0.009795901465790261,0.03663245542416584,0.03663245542416584,0.84,0.017406816096059274,0.08469437860923616,0.08537060638527771,0.14,-0.006507306282593255,0.022030845040157954,0.018530427108157853
40.0,0.3,0.5,-0.2,5.497787143782138,7.0,0.3,50,0.0,0.0,0.0,0.0,0.88,-0.0038173722548014155,0.019491352508475834,0.019491352508475834,0.92,-0.016449961421895812,0.05347109962831775,0.05179749039389475,0.48,-0.008533600630999484,0.031011660586984513,0.02822447170461771
41.0,0.3,0.5,0.2,0.0,0.0,0.3,50,0.46,0.44,0.42,0.34,1.0,0.04465074075166037,0.14708900645832154,0.14708900645832154,0.86,0.009756344389287472,0.04526328719643221,0.04086083212021474,0.6,0.029177033452061126,0.09742255141387815,0.10965049253301237
42.0,0.3,0.5,0.2,0.7853981633974483,1.0,0.3,50,0.0,0.0,0.0,0.0,0.96,0.019144476112925565,0.06622263746040062,0.06622263746040062,0.88,0.005055224214641125,0.031711338100787655,0.031711338100787655,0.54,0.013944144842439414,0.04467023524222079,0.059360760901498076
43.0,0.3,0.5,0.2,1.5707963267948966,2.0,0.3,50,0.08,0.02,0.02,0.0,0.94,-0.022556496491698975,0.06395160369737798,0.06263334779675611,0.9,-0.012599144379596892,0.05126402750185481,0.04996371979590316,0.86,-0.0196743053062214,0.06397573826988533,0.06322357045095559
44.0,0.3,0.5,0.2,2.356194490192345,3.0,0.3,50,0.98,0.7,0.02,0.0,1.0,-0.05417730429205378,0.18042195055197768,0.18042195055197768,1.0,-0.0341988567555311,0.09481343053998503,0.09481343053998503,1.0,-0.052257758811208636,0.17793988875451766,0.17793988875451766
45.0,0.3,0.5,0.2,3.141592653589793,4.0,0.3,50,0.94,0.74,0.02,0.0,0.98,-0.05005571971831564,0.16497141722831798,0.165959228907178,0.94,-0.02998248232686927,0.10320286711714505,0.10783346523928816,0.94,-0.048569002280552144,0.15667155098264257,0.15585581054772257
46.0,0.3,0.5,0.2,3.9269908169872414,5.0,0.3,50,0.02,0.0,0.0,0.0,0.96,-0.014364760191399992,0.048913377555852754,0.048913377555852754,0.9,-0.005514773364641101,0.04571400772178279,0.03869155130925672,0.7,-0.015337064923674894,0.05211640462424237,0.05277517546105226
47.0,0.3,0.5,0.2,4.71238898038469,6.0,0.3,50,0.06,0.02,0.02,0.02,0.98,0.02507079276828688,0.08334559195606282,0.08338702487508529,0.96,0.00797125345259977,0.039772630332826076,0.03655160191929676,0.64,0.019236455323811262,0.06622390686600857,0.07085277419018154
48.0,0.3,0.5,0.2,5.497787143782138,7.0,0.3,50,0.48,0.46,0.46,0.38,1.0,0.04594319018146846,0.1551283065430059,0.1551283065430059,0.9,0.010861035260579617,0.04626117562678084,0.05044239522065971,0.56,0.03095847728371014,0.10662658431462496,0.10939897076703065
49.0,0.3,1.0,0.0,0.0,0.0,0.3,50,0.0,0.0,0.0,0.0,0.0,-0.15790807596696632,0.6883890126797872,,0.14,-0.13488710112545724,0.4335216070100833,0.2790182639993194,0.0,-0.14608585696054888,0.4934078843467755,
50.0,0.3,1.0,0.0,0.7853981633974483,1.0,0.3,50,0.0,0.0,0.0,0.0,0.0,-0.14302743732347742,0.19869866337203013,,0.22,-0.1362627780273278,0.44675824187441593,0.2087071719464929,0.0,-0.14646582363758054,0.47365683207207365,
51.0,0.3,1.0,0.0,1.5707963267948966,2.0,0.3,50,0.0,0.0,0.0,0.0,0.0,-0.152564985176228,0.5644065023410673,,0.22,-0.14568170164413508,0.47929698493499406,0.7209447803266233,0.0,-0.14350658323239232,0.48771189130749015,
52.0,0.3,1.0,0.0,2.356194490192345,3.0,0.3,50,0.0,0.0,0.0,0.0,0.0,-0.16755114841936422,0.8629901931605592,,0.3,-0.1506309259576548,0.5198044880323908,0.22431380495217285,0.0,-0.14707418319091004,0.47850607518891825,
53.0,0.3,1.0,0.0,3.141592653589793,4.0,0.3,50,0.04,0.0,0.0,0.0,0.06,-0.15310033880133292,0.5874283122234052,0.6378744134366067,0.14,-0.14731456063431342,0.46812958345787375,0.6812644427711808,0.0,-0.1503383535374577,0.5042636464635466,
54.0,0.3,1.0,0.0,3.9269908169872414,5.0,0.3,50,0.0,0.0,0.0,0.0,0.0,-0.16826476353125003,0.7373931001781693,,0.28,-0.1519936364637225,0.5023195424281444,0.21093811750967303,0.0,-0.14873199443169605,0.48828814976396484,
55.0,0.3,1.0,0.0,4.71238898038469,6.0,0.3,50,0.0,0.0,0.0,0.0,0.0,-0.15359792995624222,0.9024592587283367,,0.22,-0.15487106061560024,0.5146670068501635,0.7835750275110834,0.0,-0.14995705407419505,0.4582709511590751,
56.0,0.3,1.0,0.0,5.497787143782138,7.0,0.3,50,0.0,0.0,0.0,0.0,0.0,-0.17439520190368574,1.1089928979243455,,0.18,-0.1530869717785324,0.580821055014604,0.7952024849864892,0.0,-0.1490845904242238,0.4974638136996421,
57.0,0.3,1.0,-0.2,0.0,0.0,0.3,50,0.0,0.0,0.0,0.0,0.0,-0.157215065999596,0.09083128560657443,,0.3,-0.1583354374712248,0.5156375105999627,0.27044070539124854,0.0,-0.1606138377562753,0.5499676039098129,
58.0,0.3,1.0,-0.2,0.7853981633974483,1.0,0.3,50,0.0,0.0,0.0,0.0,0.0,-0.2051384432509396,1.2834735400903825,,0.34,-0.17860347492074818,0.5941479833610257,0.32970563137971903,0.0,-0.17639067638263245,0.5753353782301396,
59.0,0.3,1.0,-0.2,1.5707963267948966,2.0,0.3,50,0.0,0.0,0.0,0.0,0.0,-0.1707191200415373,0.10307588131331406,,0.26,-0.1791367423149531,0.5409384384330309,0.35180814753730805,0.0,-0.1842406245994609,0.6230345552333838,
60.0,0.3,1.0,-0.2,2.356194490192345,3.0,0.3,50,0.0,0.0,0.0,0.0,0.0,-0.21730400420015036,1.1833365940597997,,0.32,-0.18710152599712754,0.6345707363294598,0.9353111990991051,0.0,-0.18893071426284563,0.6245055199774121,
61.0,0.3,1.0,-0.2,3.141592653589793,4.0,0.3,50,0.0,0.0,0.0,0.0,0.0,-0.17880435290664656,0.6054576879340197,,0.08,-0.1764541382301524,0.5975097661698932,0.5068943550441378,0.0,-0.17772304357795943,0.5918744671442298,
62.0,0.3,1.0,-0.2,3.9269908169872414,5.0,0.3,50,0.0,0.0,0.0,0.0,0.0,-0.19226004251247908,0.6610774803092464,,0.0,-0.15922008971456275,0.5603410896262788,,0.0,-0.18126865457867364,0.607026593389821,
63.0,0.3,1.0,-0.2,4.71238898038469,6.0,0.3,50,0.0,0.0,0.0,0.0,0.0,-0.20591408381365814,0.893895347515871,,0.0,-0.20647288483925993,0.7008878378108938,,0.0,-0.19125129727113915,0.6640464666835518,
64.0,0.3,1.0,-0.2,5.497787143782138,7.0,0.3,50,0.0,0.0,0.0,0.0,0.0,-0.15904808260178638,0.09184935473696662,,0.32,-0.16306570423053682,0.5075613816662823,0.31909761625406063,0.0,-0.16879019706270687,0.5683314277140443,
65.0,0.3,1.0,0.2,0.0,0.0,0.3,50,0.0,0.0,0.0,0.0,0.0,-0.20178006660103,1.0666011736215975,,0.1,-0.14606652858807015,0.5373285213971031,0.04037602911388549,0.0,-0.13662289875832068,0.4941531793628005,
66.0,0.3,1.0,0.2,0.7853981633974483,1.0,0.3,50,0.0,0.0,0.0,0.0,0.0,-0.18091144311369386,0.9135428719923764,,0.1,-0.1303366862395139,0.45965319765715273,0.7356985202682585,0.0,-0.11785197023100387,0.4055689406580705,
67.0,0.3,1.0,0.2,1.5707963267948966,2.0,0.3,50,0.0,0.0,0.0,0.0,0.0,-0.15876275967589115,0.6405769606240584,,0.2,-0.13661820628216503,0.49859534867899624,0.6484399276897206,0.0,-0.12223017819551174,0.40955496286313076,
68.0,0.3,1.0,0.2,2.356194490192345,3.0,0.3,50,0.9,0.38,0.0,0.0,0.94,-0.11669267434945757,0.394526572933651,0.3967453952674354,0.86,-0.11274420555886748,0.3770053847242766,0.3774226946120769,0.88,-0.11748812294560217,0.39458358198866605,0.3985978235105271
69.0,0.3,1.0,0.2,3.141592653589793,4.0,0.3,50,0.72,0.1,0.0,0.0,0.8,-0.12092607449257647,0.3954713296953509,0.39146075802950664,0.82,-0.11185910944713835,0.3842222660725403,0.38611763433352153,0.72,-0.11747663681281187,0.3941631972053481,0.39065628498119725
70.0,0.3,1.0,0.2,3.9269908169872414,5.0,0.3,50,0.0,0.0,0.0,0.0,0.0,-0.15322531523408348,0.6967211760998127,,0.14,-0.131418406097989,0.4900864875730075,0.07525489739059403,0.0,-0.11802435503710615,0.38491625157155174,
71.0,0.3,1.0,0.2,4.71238898038469,6.0,0.3,50,0.0,0.0,0.0,0.0,0.0,-0.1559813316933233,0.9388294360063576,,0.22,-0.13081068226301806,0.44285847160517156,0.07801350118484096,0.0,-0.11159432041210636,0.35870266380181215,
72.0,0.3,1.0,0.2,5.497787143782138,7.0,0.3,50,0.0,0.0,0.0,0.0,0.0,-0.1779915139753706,1.073063518147304,,0.14,-0.12695437399214593,0.4274944094294548,0.7711509410081954,0.0,-0.12837288973406666,0.4114123438677734,
73.0,0.3,2.0,0.0,0.0,0.0,0.3,50,0.98,0.0,0.98,0.98,1.0,-0.33126721618130595,1.1044740758510811,1.1044740758510811,1.0,-0.29418714115289174,0.9815619652175378,0.9815619652175378,1.0,-0.31452346161383654,1.0494456895664481,1.0494456895664481
74.0,0.3,2.0,0.0,0.7853981633974483,1.0,0.3,50,1.0,0.0,1.0,1.0,1.0,-0.3284806897338504,1.0937517324241601,1.0937517324241601,1.0,-0.29460103476065497,0.980984041983767,0.980984041983767,1.0,-0.3145078233745379,1.0483078137219066,1.0483078137219066
75.0,0.3,2.0,0.0,1.5707963267948966,2.0,0.3,50,1.0,0.0,1.0,1.0,1.0,-0.31117072543521684,1.0370773416181587,1.0370773416181587,1.0,-0.29513070012386133,0.9833022081842693,0.9833022081842693,1.0,-0.3071788612965578,1.0251370092409426,1.0251370092409426
76.0,0.3,2.0,0.0,2.356194490192345,3.0,0.3,50,1.0,0.0,1.0,1.0,1.0,-0.2851825832209981,0.9510320293312713,0.9510320293312713,1.0,-0.3013198005975731,1.0036907596728026,1.0036907596728026,1.0,-0.2875257095747605,0.961573776766611,0.961573776766611
77.0,0.3,2.0,0.0,3.141592653589793,4.0,0.3,50,1.0,0.0,0.38,0.96,1.0,-0.26146610702820167,0.8707934288205956,0.8707934288205956,1.0,-0.3097198253015734,1.0332573912111902,1.0332573912111902,1.0,-0.2675837617201113,0.8921861201991821,0.8921861201991821
78.0,0.3,2.0,0.0,3.9269908169872414,5.0,0.3,50,1.0,0.0,0.76,0.98,1.0,-0.26690871331544974,0.8865568694481968,0.8865568694481968,1.0,-0.30336092897481515,1.00727943719881,1.00727943719881,1.0,-0.2712428219509058,0.9014166615045838,0.9014166615045838
79.0,0.3,2.0,0.0,4.71238898038469,6.0,0.3,50,1.0,0.0,1.0,1.0,1.0,-0.2965083120459652,0.9868753316217642,0.9868753316217642,1.0,-0.29849225383299793,1.000014553562619,1.000014553562619,1.0,-0.297154214606645,0.9889485053213892,0.9889485053213892
80.0,0.3,2.0,0.0,5.497787143782138,7.0,0.3,50,1.0,0.0,1.0,1.0,1.0,-0.3197890728955457,1.0671972147998856,1.0671972147998856,1.0,-0.29577568544126853,0.9846200456876286,0.9846200456876286,1.0,-0.3115750817699455,1.0388352151289446,1.0388352151289446
81.0,0.3,2.0,-0.2,0.0,0.0,0.3,50,1.0,0.0,1.0,0.94,1.0,-0.3689676395266426,1.230390876368415,1.230390876368415,1.0,-0.34037113086945664,1.1365870608327833,1.1365870608327833,1.0,-0.354707530992439,1.1805544390604563,1.1805544390604563
82.0,0.3,2.0,-0.2,0.7853981633974483,1.0,0.3,50,0.72,0.0,0.72,0.72,1.0,-0.3745814977844967,1.248505771501387,1.248505771501387,1.0,-0.33486683745031565,1.1162861957528327,1.1162861957528327,1.0,-0.353833697431243,1.1793360791498912,1.1793360791498912
83.0,0.3,2.0,-0.2,1.5707963267948966,2.0,0.3,50,0.96,0.0,0.96,0.92,1.0,-0.37158824663835616,1.2390951643556387,1.2390951643556387,1.0,-0.33628907927081136,1.1234283690185842,1.1234283690185842,1.0,-0.35452528795304905,1.180860806451737,1.180860806451737
84.0,0.3,2.0,-0.2,2.356194490192345,3.0,0.3,50,1.0,0.0,1.0,0.34,1.0,-0.36080905121331885,1.202919468088871,1.202919468088871,1.0,-0.34395703239998104,1.149106001430465,1.149106001430465,1.0,-0.3543646571252275,1.1830751716594325,1.1830751716594325
85.0,0.3,2.0,-0.2,3.141592653589793,4.0,0.3,50,1.0,0.0,0.88,0.0,1.0,-0.35108287841292246,1.1727791091486526,1.1727791091486526,1.0,-0.3744666991326651,1.2461853324855672,1.2461853324855672,1.0,-0.3561988020460969,1.1869441151250826,1.1869441151250826
86.0,0.3,2.0,-0.2,3.9269908169872414,5.0,0.3,50,0.96,0.0,0.92,0.0,1.0,-0.34932095179898026,1.1679888130022171,1.1679888130022171,1.0,-0.4024679274522613,1.339916296309055,1.339916296309055,0.96,-0.3604079787873134,1.2021564878464313,1.2021564878464313
87.0,0.3,2.0,-0.2,4.71238898038469,6.0,0.3,50,0.98,0.0,0.82,0.0,1.0,-0.34927433581513256,1.1640117202270734,1.1640117202270734,1.0,-0.3861320860713895,1.2863414493373626,1.2863414493373626,0.98,-0.35722404806685726,1.190889670177158,1.1913950204136246
88.0,0.3,2.0,-0.2,5.497787143782138,7.0,0.3,50,1.0,0.0,1.0,0.24,1.0,-0.3567461837711155,1.1892916083391194,1.1892916083391194,1.0,-0.35129212069505117,1.1716490483738562,1.1716490483738562,1.0,-0.3544864589857918,1.1811969564282276,1.1811969564282276
89.0,0.3,2.0,0.2,0.0,0.0,0.3,50,1.0,0.0,1.0,1.0,1.0,-0.284559389651559,0.9498320240235193,0.9498320240235193,1.0,-0.2534215374163227,0.8449272249957064,0.8449272249957064,1.0,-0.2730192449658535,0.9109225841853297,0.9109225841853297
90.0,0.3,2.0,0.2,0.7853981633974483,1.0,0.3,50,1.0,0.0,1.0,1.0,1.0,-0.26090520316542926,0.86887533738753,0.86887533738753,1.0,-0.25040884891217385,0.8370322288708738,0.8370322288708738,1.0,-0.2597449192942227,0.8672732214380199,0.8672732214380199
91.0,0.3,2.0,0.2,1.5707963267948966,2.0,0.3,50,1.0,0.0,1.0,0.52,1.0,-0.2226315442911046,0.7392852988819267,0.7392852988819267,1.0,-0.24028507880905325,0.7987998262060997,0.7987998262060997,1.0,-0.22472683438998634,0.7486246801763626,0.7486246801763626
92.0,0.3,2.0,0.2,2.356194490192345,3.0,0.3,50,1.0,0.06,0.54,0.04,1.0,-0.18815404884941261,0.6288102095369652,0.6288102095369652,1.0,-0.21202957367866218,0.7149606209207704,0.7149606209207704,1.0,-0.19133844956072438,0.6385815194045279,0.6385815194045279
93.0,0.3,2.0,0.2,3.141592653589793,4.0,0.3,50,1.0,0.02,0.64,0.04,1.0,-0.18967339720907916,0.6307624618600249,0.6307624618600249,1.0,-0.21102333629716688,0.7087493719306684,0.7087493719306684,1.0,-0.19275717805063272,0.6423755850486117,0.6423755850486117
94.0,0.3,2.0,0.2,3.9269908169872414,5.0,0.3,50,1.0,0.0,1.0,0.72,1.0,-0.2266407463556197,0.7544070310771596,0.7544070310771596,1.0,-0.24121279424550846,0.806415580685793,0.806415580685793,1.0,-0.22853182951317128,0.7633164773815877,0.7633164773815877
95.0,0.3,2.0,0.2,4.71238898038469,6.0,0.3,50,1.0,0.0,1.0,1.0,1.0,-0.26492866741885396,0.8832501336534928,0.8832501336534928,1.0,-0.25050619468346036,0.839737698100314,0.839737698100314,1.0,-0.2626124425496918,0.8770009328173567,0.8770009328173567
96.0,0.3,2.0,0.2,5.497787143782138,7.0,0.3,50,1.0,0.0,1.0,1.0,1.0,-0.28547763744284965,0.9511161957363183,0.9511161957363183,1.0,-0.2545686549187073,0.8518632798514675,0.8518632798514675,1.0,-0.2736058659659276,0.9106651968575152,0.9106651968575152
97.0,0.5,0.0,0.0,0.0,0.0,0.3,50,0.0,0.0,0.0,0.0,1.0,-0.0005894523510129323,0.009807181257750708,0.009807181257750708,1.0,-0.0011388711286356768,0.02223867793617984,0.02223867793617984,1.0,-0.00047053468981131494,0.012650166744048785,0.012650166744048785
98.0,0.5,0.25,0.0,0.0,0.0,0.3,50,0.0,0.0,0.0,0.0,1.0,0.008633691851189052,0.019727607154435,0.019727607154435,0.98,0.010996263007625691,0.020439318566784825,0.020565549919874027,0.98,0.015244432875849123,0.03384238276211704,0.03447415253951447
99.0,0.5,0.25,0.0,0.7853981633974483,1.0,0.3,50,0.0,0.0,0.0,0.0,1.0,0.00049159877982485,0.011171171715989026,0.011171171715989026,1.0,0.0043983129240757505,0.01581328719613062,0.01581328719613062,1.0,0.0012496562491709285,0.010977318069752051,0.010977318069752051
100.0,0.5,0.25,0.0,1.5707963267948966,2.0,0.3,50,0.0,0.0,0.0,0.0,1.0,-0.005847479851737486,0.011443163562958825,0.011443163562958825,0.98,-0.007890664713175413,0.03356522908474019,0.03190266073791859,0.96,-0.012077658010617585,0.020429376990796166,0.02018074410573295
101.0,0.5,0.25,0.0,2.356194490192345,3.0,0.3,50,0.0,0.0,0.0,0.0,1.0,-0.010487612183075314,0.021008092222319086,0.021008092222319086,0.98,-0.01691169161806461,0.03593574885104617,0.03598779506099081,1.0,-0.020277439770882304,0.041585020221032665,0.041585020221032665
102.0,0.5,0.25,0.0,3.141592653589793,4.0,0.3,50,0.0,0.0,0.0,0.0,1.0,-0.009836980760103869,0.020323749739634522,0.020323749739634522,1.0,-0.01660964371469969,0.039076772439506746,0.039076772439506746,1.0,-0.01813776210880382,0.03617524189733157,0.03617524189733157
103.0,0.5,0.25,0.0,3.9269908169872414,5.0,0.3,50,0.0,0.0,0.0,0.0,1.0,-0.001432074194859969,0.010853467917537052,0.010853467917537052,1.0,-0.0005617040610855617,0.028873771477434695,0.028873771477434695,0.98,-0.0033859865301529212,0.013652991353697408,0.013631605391451251
104.0,0.5,0.25,0.0,4.71238898038469,6.0,0.3,50,0.0,0.0,0.0,0.0,1.0,0.007485796028558796,0.01697835922024482,0.01697835922024482,1.0,0.013146717110491854,0.025129832537499786,0.025129832537499786,1.0,0.012640534411478893,0.025114391720188367,0.025114391720188367
105.0,0.5,0.25,0.0,5.497787143782138,7.0,0.3,50,0.0,0.0,0.0,0.0,1.0,0.009871179931856872,0.018624003644935216,0.018624003644935216,1.0,0.012030698309740635,0.029382997556966273,0.029382997556966273,0.98,0.01820872546770335,0.03623578125413951,0.03506423300992623
106.0,0.5,0.25,-0.2,0.0,0.0,0.3,50,0.0,0.0,0.0,0.0,1.0,0.007983818739550152,0.015505991100029037,0.015505991100029037,1.0,-0.00676445880481746,0.016047797165600397,0.016047797165600397,0.98,0.01379474821088509,0.028172046376958804,0.027663189793473153
107.0,0.5,0.25,-0.2,0.7853981633974483,1.0,0.3,50,0.0,0.0,0.0,0.0,1.0,0.007085568946076283,0.014689976982020236,0.014689976982020236,1.0,-0.006418336066356447,0.018373319828728696,0.018373319828728696,0.98,0.012373222502238268,0.024536107805812057,0.024193417274228635
108.0,0.5,0.25,-0.2,1.5707963267948966,2.0,0.3,50,0.0,0.0,0.0,0.0,1.0,0.0041446375959100475,0.010079617959930731,0.010079617959930731,1.0,-0.0060043722420341375,0.015449035607730477,0.015449035607730477,0.96,0.006444497133380642,0.01527758281436531,0.014857142761835362
109.0,0.5,0.25,-0.2,2.356194490192345,3.0,0.3,50,0.0,0.0,0.0,0.0,1.0,-0.0026197152866626805,0.010034161384425366,0.010034161384425366,1.0,-0.00033184659966637776,0.02464866268375826,0.02464866268375826,1.0,-0.005188780488847435,0.012437710354172404,0.012437710354172404
110.0,0.5,0.25,-0.2,3.141592653589793,4.0,0.3,50,0.0,0.0,0.0,0.0,1.0,-0.007912164284874084,0.016664294319150064,0.016664294319150064,1.0,0.0032798008295655077,0.02374249491867103,0.02374249491867103,0.92,-0.014031773160006939,0.026561045371689906,0.027055016805128562
111.0,0.5,0.25,-0.2,3.9269908169872414,5.0,0.3,50,0.0,0.0,0.0,0.0,1.0,-0.007154307755464081,0.01655068004507554,0.01655068004507554,1.0,0.0054245784866423655,0.0302785898597695,0.0302785898597695,1.0,-0.012827452958218076,0.02520800560153358,0.02520800560153358
112.0,0.5,0.25,-0.2,4.71238898038469,6.0,0.3,50,0.0,0.0,0.0,0.0,1.0,-0.004544131786006025,0.011895295757362478,0.011895295757362478,1.0,0.0005752125139693265,0.021189543357333418,0.021189543357333418,0.92,-0.007575105519371655,0.014868061970462532,0.014868061970462532
113.0,0.5,0.25,-0.2,5.497787143782138,7.0,0.3,50,0.0,0.0,0.0,0.0,1.0,0.0012425605245878256,0.008737842320268974,0.008737842320268974,0.98,-0.007883506858165973,0.025668370138394903,0.02562809229710028,0.96,0.002522737064749013,0.009642190734320932,0.009642190734320932
114.0,0.5,0.25,0.2,0.0,0.0,0.3,50,0.0,0.0,0.0,0.0,1.0,-0.0019312284284570525,0.008246446764133497,0.008246446764133497,1.0,-0.0056829293231495555,0.01946581943093595,0.01946581943093595,1.0,-0.005095049549483404,0.011782811079307232,0.011782811079307232
115.0,0.5,0.25,0.2,0.7853981633974483,1.0,0.3,50,0.0,0.0,0.0,0.0,1.0,-0.00020637318128598038,0.010388977230253893,0.010388977230253893,1.0,-0.0174446102413717,0.03570817349407335,0.03570817349407335,1.0,-0.007996920879744282,0.014423600982590323,0.014423600982590323
116.0,0.5,0.25,0.2,1.5707963267948966,2.0,0.3,50,0.0,0.0,0.0,0.0,1.0,0.00013014923225938336,0.008276153885672932,0.008276153885672932,0.98,-0.026220900929089002,0.04984313955689612,0.04946371117349113,0.98,-0.009175869507786961,0.01745361374328369,0.01754440690474468
117.0,0.5,0.25,0.2,2.356194490192345,3.0,0.3,50,0.0,0.0,0.0,0.0,0.98,-0.0015289911503656784,0.007588759974664239,0.007420940359193273,0.98,-0.018312865695901258,0.03771314525712116,0.03756746724312532,0.98,-0.007717411292730538,0.014040207209849276,0.013282335356850639
118.0,0.5,0.25,0.2,3.141592653589793,4.0,0.3,50,0.0,0.0,0.0,0.0,1.0,0.0006996772264156304,0.008668525784139625,0.008668525784139625,1.0,0.001370483198994844,0.026369494823346495,0.026369494823346495,1.0,0.00040325338486903785,0.008733042928905144,0.008733042928905144
119.0,0.5,0.25,0.2,3.9269908169872414,5.0,0.3,50,0.0,0.0,0.0,0.0,1.0,0.0010041591247210492,0.011476973039822869,0.011476973039822869,1.0,0.016220985477892403,0.033060968480558284,0.033060968480558284,1.0,0.007550739128082979,0.015538259405179833,0.015538259405179833
120.0,0.5,0.25,0.2,4.71238898038469,6.0,0.3,50,0.0,0.0,0.0,0.0,0.98,-0.001468496286754809,0.009923775702234794,0.009610825404879009,0.96,0.020295796701512946,0.037908835189700785,0.037908835189700785,0.98,0.006107146979764149,0.013274796601588035,0.013354894545301699
121.0,0.5,0.25,0.2,5.497787143782138,7.0,0.3,50,0.0,0.0,0.0,0.0,1.0,-0.0009342834524154498,0.009865533338561716,0.009865533338561716,1.0,0.007698257102493806,0.021162223068752595,0.021162223068752595,0.98,0.0030418482201484067,0.009938145520622943,0.009836255175567521
122.0,0.5,0.5,0.0,0.0,0.0,0.3,50,0.0,0.0,0.0,0.0,0.82,0.010966683791052215,0.03678313957090529,0.0369640219905123,0.86,0.0044950904387013576,0.023313042873371603,0.023296030998661843,0.04,0.02940293753647884,0.06279276988808491,0.06826863243532733
123.0,0.5,0.5,0.0,0.7853981633974483,1.0,0.3,50,0.0,0.0,0.0,0.0,0.9,0.0035734280139240217,0.013303449091504327,0.013235426937375672,0.9,0.005717572828663024,0.017280894513325484,0.018316525358184954,0.02,-0.0007860576054754286,0.01344855064308903,0.007152443705357836
124.0,0.5,0.5,0.0,1.5707963267948966,2.0,0.3,50,0.0,0.0,0.0,0.0,0.88,-0.023033761060416748,0.02522965017294948,0.024727096355910694,0.9,-0.029635128831948673,0.05317356638610665,0.05037188556390926,0.24,-0.03230882822903235,0.06338919338179222,0.05466403567000927
125.0,0.5,0.5,0.0,2.356194490192345,3.0,0.3,50,0.0,0.0,0.0,0.0,0.92,-0.013912382318615392,0.04582176620153705,0.04559616333586197,0.96,-0.05149753571821018,0.09861410287100802,0.09861410287100802,0.12,-0.05069592859455096,0.10182068001327471,0.08159571921388248
126.0,0.5,0.5,0.0,3.141592653589793,4.0,0.3,50,0.0,0.0,0.0,0.0,0.98,-0.01719515280705069,0.03515684909722594,0.034823380327830056,0.9,-0.04103776828983758,0.07106264369282389,0.06752149411485897,0.32,-0.03929097345641699,0.07599773698640983,0.06987365856696043
127.0,0.5,0.5,0.0,3.9269908169872414,5.0,0.3,50,0.0,0.0,0.0,0.0,0.9,-0.002080593042902276,0.010424820947981805,0.009968455798557319,0.88,-0.006523726320029895,0.02748419576647909,0.02705896444260486,0.02,-0.011654931734299441,0.026124813298046168,0.03064029367151966
128.0,0.5,0.5,0.0,4.71238898038469,6.0,0.3,50,0.0,0.0,0.0,0.0,0.88,0.0121584721692507,0.027039783556374153,0.025582393522231905,0.94,0.002596610911677394,0.02204836045495262,0.02203367693084024,0.06,0.019058678751600562,0.03656776272681428,0.020439150143600093
129.0,0.5,0.5,0.0,5.497787143782138,7.0,0.3,50,0.0,0.0,0.0,0.0,0.88,0.019097241367544194,0.03907155249781569,0.04079609706970455,0.94,0.012762416690126444,0.03487516426524473,0.03439157858108777,0.04,0.03788863168428009,0.0781161086703428,0.0495173594579883
130.0,0.5,0.5,-0.2,0.0,0.0,0.3,50,0.0,0.0,0.0,0.0,0.98,0.01241721155378102,0.026688839207386406,0.026558707136997484,0.96,-0.023013738943958913,0.04317021143324723,0.041139953772340254,0.12,0.02396956063654505,0.0482093774885507,0.05119313350998855
131.0,0.5,0.5,-0.2,0.7853981633974483,1.0,0.3,50,0.0,0.0,0.0,0.0,0.94,0.01515608576740824,0.03028439857672205,0.030539446490776445,0.88,-0.022166336191780725,0.04073084148848516,0.03976789112116336,0.08,0.026932613918683148,0.053093424922858956,0.045299462489148734
132.0,0.5,0.5,-0.2,1.5707963267948966,2.0,0.3,50,0.0,0.0,0.0,0.0,0.9,0.008894214775045756,0.018868998730632636,0.018221179174632063,0.84,-0.02048757596839554,0.03766663384916591,0.03301420115113973,0.0,0.0128670746229816,0.027486183836262668,
133.0,0.5,0.5,-0.2,2.356194490192345,3.0,0.3,50,0.0,0.0,0.0,0.0,0.78,-0.001728004186962202,0.01054491625821613,0.009203482848932132,0.86,-0.013523248981534501,0.02763791142844252,0.02586993566265161,0.02,-0.009750421380794481,0.017807036755662198,0.009531626608416999
134.0,0.5,0.5,-0.2,3.141592653589793,4.0,0.3,50,0.0,0.0,0.0,0.0,0.82,-0.015497877800544386,0.03364732715653701,0.03381103167817889,0.88,-0.004433237521209721,0.037856133428615324,0.037856133428615324,0.02,-0.03207059511028833,0.06468885774353672,0.069801813545316
135.0,0.5,0.5,-0.2,3.9269908169872414,5.0,0.3,50,0.0,0.0,0.0,0.0,0.88,-0.017765082047631605,0.037469742196373224,0.0367502596607609,0.84,-0.005223884100826654,0.0408926619131359,0.0408926619131359,0.08,-0.033565322251392624,0.07040289436407293,0.060934940745910326
136.0,0.5,0.5,-0.2,4.71238898038469,6.0,0.3,50,0.0,0.0,0.0,0.0,0.9,-0.006372262522903294,0.012982984731476632,0.013888164376067103,0.9,-0.010239637759465318,0.033679892397151745,0.0286425817459246,0.08,-0.01597700990581037,0.03339208660117843,0.03455792376758571
137.0,0.5,0.5,-0.2,5.497787143782138,7.0,0.3,50,0.0,0.0,0.0,0.0,0.82,-0.002550738279946547,0.014033227640430579,0.013894543609943799,0.92,-0.023897930150384782,0.03749549708210437,0.035617955713139415,0.04,0.005169214855099823,0.013301768586102991,0.01131869237669536
138.0,0.5,0.5,0.2,0.0,0.0,0.3,50,0.0,0.0,0.0,0.0,0.9,-0.002784268711436806,0.009077713744327143,0.008004164433812355,0.98,-0.02492395001824799,0.05107242903578818,0.04945857300231338,0.3,-0.015842984599735578,0.031396146024177285,0.021076635697186874
139.0,0.5,0.5,0.2,0.7853981633974483,1.0,0.3,50,0.0,0.0,0.0,0.0,0.92,0.001389082357774427,0.007861170928267547,0.0073655272539501215,0.96,-0.038900859036187174,0.07673571422655273,0.07673571422655273,0.3,-0.021737378802768572,0.041269838991652985,0.03272968341105065
140.0,0.5,0.5,0.2,1.5707963267948966,2.0,0.3,50,0.0,0.0,0.0,0.0,0.9,-0.0059646224510140665,0.0061291964324842185,0.006043392432715011,0.96,-0.04145459530705227,0.07835910720933709,0.07638128285663659,0.46,-0.023994369496503874,0.047582785593022425,0.037851237404740834
141.0,0.5,0.5,0.2,2.356194490192345,3.0,0.3,50,0.0,0.0,0.0,0.0,0.94,-0.00824218549945825,0.007015217999901346,0.007096474495747795,0.94,-0.03407686146922408,0.06624733017322654,0.06621886672326027,0.32,-0.019840043310113492,0.040419481174489846,0.03175453539588341
142.0,0.5,0.5,0.2,3.141592653589793,4.0,0.3,50,0.0,0.0,0.0,0.0,0.9,-0.0036029312753506084,0.010771664266815195,0.01058025404298002,0.98,-0.007989496462721792,0.028977776915657005,0.02847515687322011,0.38,-0.008768512204116993,0.016848248461813986,0.016658792413507872
143.0,0.5,0.5,0.2,3.9269908169872414,5.0,0.3,50,0.0,0.0,0.0,0.0,0.8,-0.002711064156264552,0.014105493918729506,0.012154545496049551,0.86,0.028031324026243767,0.06660075251147812,0.06737383769090854,0.2,0.011786874269827656,0.024883140812735183,0.02142484641750142
144.0,0.5,0.5,0.2,4.71238898038469,6.0,0.3,50,0.0,0.0,0.0,0.0,0.84,-0.00200162614539697,0.016752243520691934,0.015310069178120611,0.86,0.03538455211502473,0.08181206638940752,0.08155633297832221,0.0,0.013982510140471648,0.02907604325842561,
145.0,0.5,0.5,0.2,5.497787143782138,7.0,0.3,50,0.0,0.0,0.0,0.0,0.9,-0.0018249768696768853,0.01319920770708699,0.013610270024415505,0.84,0.007119900286216876,0.0334761528584403,0.03263967408359636,0.22,-4.530337932822981e-05,0.017569009752007647,0.024504636205629593
146.0,0.5,1.0,0.0,0.0,0.0,0.3,50,0.0,0.0,0.0,0.0,0.0,-0.315846940105671,0.6141403280055777,,0.0,-0.26098990158734037,0.5038780625968211,,0.0,-0.3019552363400293,0.7536755655434464,
147.0,0.5,1.0,0.0,0.7853981633974483,1.0,0.3,50,0.0,0.0,0.0,0.0,0.0,-0.2652195552719853,0.6708307079522781,,0.0,-0.23741948185515016,0.47076680525485004,,0.0,-0.26121983027113826,0.5557700741466137,
148.0,0.5,1.0,0.0,1.5707963267948966,2.0,0.3,50,0.0,0.0,0.0,0.0,0.0,-0.3107468540160219,0.8817503314130253,,0.06,-0.2719151665014639,0.5501155938191995,0.6826437401038756,0.0,-0.2648568408903868,0.5406911562809786,
149.0,0.5,1.0,0.0,2.356194490192345,3.0,0.3,50,0.0,0.0,0.0,0.0,0.0,-0.2507383868285833,0.4995133278658038,,0.3,-0.24859435671297206,0.4934756857766006,0.3633363347728905,0.0,-0.24725018078268834,0.4868759001140115,
150.0,0.5,1.0,0.0,3.141592653589793,4.0,0.3,50,0.0,0.0,0.0,0.0,0.0,-0.2830700490231973,0.8862465441617475,,0.2,-0.24364827723189605,0.4965892068818364,0.31930779024511624,0.0,-0.25191753451411164,0.4939961663524156,
151.0,0.5,1.0,0.0,3.9269908169872414,5.0,0.3,50,0.0,0.0,0.0,0.0,0.0,-0.27378141818461155,0.5159495914406078,,0.0,-0.2688132244829659,0.5466712998621064,,0.0,-0.2569159034818741,0.4965525319658862,
152.0,0.5,1.0,0.0,4.71238898038469,6.0,0.3,50,0.0,0.0,0.0,0.0,0.0,-0.320080248316456,0.6680251628627407,,0.0,-0.26446543933782846,0.5344434283448845,,0.0,-0.2548364725781304,0.5119097775985149,
153.0,0.5,1.0,0.0,5.497787143782138,7.0,0.3,50,0.0,0.0,0.0,0.0,0.0,-0.2869051372720199,0.5111219771951635,,0.0,-0.24800583747746413,0.4951434080175354,,0.0,-0.22715523721092906,0.2434344424188653,
154.0,0.5,1.0,-0.2,0.0,0.0,0.3,50,0.0,0.0,0.0,0.0,0.0,-0.34257298575285666,0.6575870664294613,,0.0,-0.30298555121191945,0.6026657803438336,,0.0,-0.32419681465088507,1.1454534517340251,
155.0,0.5,1.0,-0.2,0.7853981633974483,1.0,0.3,50,0.0,0.0,0.0,0.0,0.0,-0.3158536124746248,0.632243785739351,,0.0,-0.2980789940110091,0.579229644530807,,0.0,-0.28144940619547276,0.16522346923192577,
156.0,0.5,1.0,-0.2,1.5707963267948966,2.0,0.3,50,0.0,0.0,0.0,0.0,0.0,-0.3467508489687057,0.6948530676425486,,0.02,-0.3052560987027625,0.6045155489008809,1.0977133135072052,0.0,-0.32608358820439604,0.8905069472682908,
157.0,0.5,1.0,-0.2,2.356194490192345,3.0,0.3,50,0.0,0.0,0.0,0.0,0.0,-0.2906215800298855,0.4051084796883272,,0.02,-0.2953033743310219,0.5846219903564559,0.11107367853323313,0.0,-0.29513671015689047,0.5716197451593423,
158.0,0.5,1.0,-0.2,3.141592653589793,4.0,0.3,50,0.0,0.0,0.0,0.0,0.0,-0.30629533754554183,0.5978112348609879,,0.0,-0.2999585338949144,0.5862487449037561,,0.0,-0.29545779395982713,0.5848087636013676,
159.0,0.5,1.0,-0.2,3.9269908169872414,5.0,0.3,50,0.0,0.0,0.0,0.0,0.0,-0.2972287833820412,0.3276164735725621,,0.0,-0.2864988497970282,0.5548050747531137,,0.0,-0.29224523375245626,0.5742629697529928,
160.0,0.5,1.0,-0.2,4.71238898038469,6.0,0.3,50,0.0,0.0,0.0,0.0,0.0,-0.34101466800860597,0.8180252383039164,,0.0,-0.3017330154131671,0.5687938911616235,,0.0,-0.3037402777035297,0.5713309947011315,
161.0,0.5,1.0,-0.2,5.497787143782138,7.0,0.3,50,0.0,0.0,0.0,0.0,0.0,-0.3709057889210801,0.7371230229899484,,0.0,-0.31630664781248696,0.6302965474675152,,0.0,-0.34634685018594225,0.8124295561889214,
162.0,0.5,1.0,0.2,0.0,0.0,0.3,50,0.0,0.0,0.0,0.0,0.0,-0.2241318464833252,0.7596477256051521,,0.32,-0.19678611965339476,0.40138104191314017,0.38377118828738477,0.0,-0.19307612364570936,0.38272822045218124,
163.0,0.5,1.0,0.2,0.7853981633974483,1.0,0.3,50,0.0,0.0,0.0,0.0,0.0,-0.23291584453303354,0.7998072708839306,,0.44,-0.20242761887922656,0.4449058418206277,0.24140141103812301,0.0,-0.19382718341287603,0.38782085339549616,
164.0,0.5,1.0,0.2,1.5707963267948966,2.0,0.3,50,0.0,0.0,0.0,0.0,0.0,-0.24981770956838548,0.8110482172802789,,0.24,-0.20492308409669346,0.39616038421501626,0.5542932929883913,0.0,-0.20088502881622397,0.402896801822863,
165.0,0.5,1.0,0.2,2.356194490192345,3.0,0.3,50,0.0,0.0,0.0,0.0,0.0,-0.2080127250882561,0.7809632064583829,,0.44,-0.20037025613497064,0.37921515479499507,0.2724439854691864,0.0,-0.19813277182044753,0.40293102808237613,
166.0,0.5,1.0,0.2,3.141592653589793,4.0,0.3,50,0.0,0.0,0.0,0.0,0.0,-0.2714758646899236,0.7406650286128347,,0.18,-0.21443377821379353,0.4321957941898784,0.5070814243626272,0.0,-0.2125106696204622,0.442833891615542,
167.0,0.5,1.0,0.2,3.9269908169872414,5.0,0.3,50,0.0,0.0,0.0,0.0,0.0,-0.23594604155614937,0.529456187327376,,0.0,-0.19084355946706016,0.36826102357480106,,0.0,-0.19565009139628547,0.3869206750451666,
168.0,0.5,1.0,0.2,4.71238898038469,6.0,0.3,50,0.0,0.0,0.0,0.0,0.0,-0.21685655175046772,0.3703716069810108,,0.0,-0.19676510717204101,0.41491534714130296,,0.0,-0.19576018131410433,0.3654041682682315,
169.0,0.5,1.0,0.2,5.497787143782138,7.0,0.3,50,0.0,0.0,0.0,0.0,0.0,-0.22536174503269127,0.6439736224512462,,0.02,-0.2066076595824864,0.42814523238859953,0.6691966426175845,0.0,-0.201965601245947,0.4052414875126021,
170.0,0.5,2.0,0.0,0.0,0.0,0.3,50,1.0,0.0,1.0,0.96,1.0,-0.5174737344216929,1.0347628506950275,1.0347628506950275,1.0,-0.5208839730789534,1.0433749628400228,1.0433749628400228,0.7,-0.5319343368505575,1.0634809117114339,1.063732043642992
171.0,0.5,2.0,0.0,0.7853981633974483,1.0,0.3,50,1.0,0.0,1.0,0.4,1.0,-0.504295005114132,1.008294606665639,1.008294606665639,1.0,-0.5109884985059048,1.0226750374289795,1.0226750374289795,0.62,-0.503378265970463,1.0076154559564907,1.0086176945481449
172.0,0.5,2.0,0.0,1.5707963267948966,2.0,0.3,50,1.0,0.0,0.86,0.0,1.0,-0.48801103110484634,0.974609696794374,0.974609696794374,1.0,-0.48341677942008404,0.9667098134289503,0.9667098134289503,0.86,-0.4721152180565301,0.9456233021672337,0.9454887057653067
173.0,0.5,2.0,0.0,2.356194490192345,3.0,0.3,50,0.94,0.0,0.9,0.0,1.0,-0.4780543442752924,0.9546716349339099,0.9546716349339099,1.0,-0.4533632544694532,0.9080654435011131,0.9080654435011131,0.96,-0.45386261119426297,0.9070582765673021,0.9078470072941884
174.0,0.5,2.0,0.0,3.141592653589793,4.0,0.3,50,0.98,0.0,0.88,0.0,1.0,-0.4823321089029159,0.9648524307438424,0.9648524307438424,1.0,-0.46834240455472004,0.9354677468057202,0.9354677468057202,0.88,-0.46170859014208737,0.9226521549616808,0.9235306980532934
175.0,0.5,2.0,0.0,3.9269908169872414,5.0,0.3,50,1.0,0.0,1.0,0.16,1.0,-0.49885580152397496,0.9981629412125528,0.9981629412125528,1.0,-0.5033163097412543,1.006675167452525,1.006675167452525,0.66,-0.49212000060880934,0.9860392628462236,0.9864003199346395
176.0,0.5,2.0,0.0,4.71238898038469,6.0,0.3,50,1.0,0.0,1.0,0.94,1.0,-0.513520664602337,1.0272436971687284,1.0272436971687284,1.0,-0.5189111867985217,1.037338857313992,1.037338857313992,0.76,-0.5231513887505324,1.0465808533348153,1.0468151224908278
177.0,0.5,2.0,0.0,5.497787143782138,7.0,0.3,50,0.98,0.0,0.98,0.98,1.0,-0.5207282762264015,1.041157637713665,1.041157637713665,1.0,-0.5204200699812025,1.0405723229008919,1.0405723229008919,0.62,-0.540552627384408,1.0814672809737378,1.0801464190437118
178.0,0.5,2.0,-0.2,0.0,0.0,0.3,50,0.64,0.0,0.64,0.64,1.0,-0.6132993485570829,1.2258660650212434,1.2258660650212434,1.0,-0.5872361396456237,1.1746139147257963,1.1746139147257963,0.58,-0.6250858447693519,1.2494859938195773,1.2495860078858358
179.0,0.5,2.0,-0.2,0.7853981633974483,1.0,0.3,50,0.44,0.0,0.44,0.44,1.0,-0.6140825985296149,1.2291690751030548,1.2291690751030548,1.0,-0.5880993010191647,1.1746909912797987,1.1746909912797987,0.4,-0.6276923958014131,1.255362547933257,1.2534360266061242
180.0,0.5,2.0,-0.2,1.5707963267948966,2.0,0.3,50,0.54,0.0,0.54,0.54,1.0,-0.6085082970849869,1.2176633233466883,1.2176633233466883,1.0,-0.5888703212892845,1.177335051733297,1.177335051733297,0.2,-0.6130328225863341,1.2272857013330527,1.2217128602566978
181.0,0.5,2.0,-0.2,2.356194490192345,3.0,0.3,50,1.0,0.0,1.0,1.0,1.0,-0.5964595185951687,1.1920322487901727,1.1920322487901727,1.0,-0.5946990276686798,1.1902005770236932,1.1902005770236932,0.24,-0.5904564652098596,1.1809546926191161,1.1832589621170526
182.0,0.5,2.0,-0.2,3.141592653589793,4.0,0.3,50,0.74,0.0,0.5,0.56,1.0,-0.585299674115143,1.1709174368384976,1.1709174368384976,1.0,-0.6113789627623081,1.2278396758062087,1.2278396758062087,0.66,-0.5723896589489891,1.1454146225463044,1.1440290117669214
183.0,0.5,2.0,-0.2,3.9269908169872414,5.0,0.3,50,0.58,0.0,0.22,0.48,1.0,-0.582694319782518,1.1643223050849467,1.1643223050849467,1.0,-0.6135979706640087,1.2346268286360202,1.2346268286360202,0.5,-0.5683297325461957,1.1382435080143352,1.1374912597706894
184.0,0.5,2.0,-0.2,4.71238898038469,6.0,0.3,50,0.96,0.0,0.92,0.92,1.0,-0.5940126356765189,1.1881748823762204,1.1881748823762204,1.0,-0.5965476000761547,1.195172338464376,1.195172338464376,0.14,-0.5858528549138322,1.1715025659342984,1.1785068465776707
185.0,0.5,2.0,-0.2,5.497787143782138,7.0,0.3,50,0.68,0.0,0.68,0.68,1.0,-0.6048271425154387,1.2104328786111411,1.2104328786111411,1.0,-0.5875939008277726,1.1751832559334359,1.1751832559334359,0.2,-0.6074365997502525,1.2154007764348624,1.2143646234330514
186.0,0.5,2.0,0.2,0.0,0.0,0.3,50,0.98,0.0,0.98,0.02,1.0,-0.39721600529127066,0.7947760459645785,0.7947760459645785,1.0,-0.3807447285287203,0.7615592092752894,0.7615592092752894,0.98,-0.38717930617201274,0.77472257502922,0.7750613142110878
187.0,0.5,2.0,0.2,0.7853981633974483,1.0,0.3,50,0.9,0.0,0.9,0.12,1.0,-0.4013604609859758,0.802756644853672,0.802756644853672,1.0,-0.3648342342446682,0.7278576665184051,0.7278576665184051,0.98,-0.38116841806018614,0.763450800761112,0.7636819636803162
188.0,0.5,2.0,0.2,1.5707963267948966,2.0,0.3,50,0.76,0.0,0.76,0.28,1.0,-0.40254451947708736,0.8053213555468757,0.8053213555468757,1.0,-0.36304703029580165,0.7253099875050606,0.7253099875050606,0.98,-0.3796355920176313,0.7599679095825926,0.7599710761217011
189.0,0.5,2.0,0.2,2.356194490192345,3.0,0.3,50,0.96,0.0,0.96,0.02,1.0,-0.3988574033050402,0.7991512609363318,0.7991512609363318,1.0,-0.3702490891701858,0.7386101065503781,0.7386101065503781,0.98,-0.3832376644632129,0.7674141860572401,0.7676662337222335
190.0,0.5,2.0,0.2,3.141592653589793,4.0,0.3,50,1.0,0.0,0.88,0.0,1.0,-0.39696088004041313,0.7934425203116818,0.7934425203116818,1.0,-0.40248627695007216,0.8027497845165609,0.8027497845165609,1.0,-0.395816229123119,0.790507855876296,0.790507855876296
191.0,0.5,2.0,0.2,3.9269908169872414,5.0,0.3,50,1.0,0.0,0.98,0.0,1.0,-0.40115408970211675,0.8034483175519888,0.8034483175519888,1.0,-0.4375251236984398,0.8783878458977441,0.8783878458977441,1.0,-0.4130290785339865,0.8274485010923336,0.8274485010923336
192.0,0.5,2.0,0.2,4.71238898038469,6.0,0.3,50,0.8,0.0,0.8,0.0,1.0,-0.4036389121342869,0.807939571211368,0.807939571211368,1.0,-0.4455042415381517,0.8906205261060423,0.8906205261060423,0.8,-0.41824054258283105,0.8382661277202395,0.8391636650272511
193.0,0.5,2.0,0.2,5.497787143782138,7.0,0.3,50,0.94,0.0,0.92,0.0,1.0,-0.3994522356129223,0.798905631163231,0.798905631163231,1.0,-0.42420594498622644,0.8436128164490986,0.8436128164490986,0.92,-0.4062863325917384,0.8123171222852139,0.8123171222852139
194.0,0.7,0.0,0.0,0.0,0.0,0.3,50,0.0,0.0,0.0,0.0,1.0,0.000942531290240709,0.005732882517629173,0.005732882517629173,1.0,0.0014186830729878764,0.010954960999074448,0.010954960999074448,1.0,0.0015679429909523535,0.007146535225670231,0.007146535225670231
195.0,0.7,0.25,0.0,0.0,0.0,0.3,50,0.0,0.0,0.0,0.0,1.0,-0.0020500218321372254,0.006543228897936126,0.006543228897936126,1.0,-0.0019823122341764664,0.014090275406509123,0.014090275406509123,1.0,-0.0018635742008719291,0.005409743914874334,0.005409743914874334
196.0,0.7,0.25,0.0,0.7853981633974483,1.0,0.3,50,0.0,0.0,0.0,0.0,1.0,-0.0008147547158305791,0.004431099741522322,0.004431099741522322,1.0,-0.018074929511031873,0.02405804800142773,0.02405804800142773,0.96,-0.0003108076728091236,0.0055556990686760665,0.005499935409945454
197.0,0.7,0.25,0.0,1.5707963267948966,2.0,0.3,50,0.0,0.0,0.0,0.0,1.0,-0.0007296547961958311,0.006863758474456702,0.006863758474456702,1.0,-0.022953050070716463,0.03201419764905242,0.03201419764905242,0.96,0.0005462521297417644,0.006805948808959382,0.006664746737641202
198.0,0.7,0.25,0.0,2.356194490192345,3.0,0.3,50,0.0,0.0,0.0,0.0,1.0,-0.001861366842086456,0.006741526895961731,0.006741526895961731,0.98,-0.021438109219072157,0.027279169766688934,0.026854652595009267,0.98,-0.0009027470268305992,0.0053213195004867386,0.0052618649210913115
199.0,0.7,0.25,0.0,3.141592653589793,4.0,0.3,50,0.0,0.0,0.0,0.0,1.0,-0.00035671839315061683,0.006237697106452691,0.006237697106452691,0.98,-0.0040343801083635245,0.014111991571378801,0.014358880472526347,1.0,-6.442322298558123e-05,0.006360977847959129,0.006360977847959129
200.0,0.7,0.25,0.0,3.9269908169872414,5.0,0.3,50,0.0,0.0,0.0,0.0,1.0,0.0004099649987494192,0.0060303630690150545,0.0060303630690150545,1.0,0.014744152960118613,0.021858750819673256,0.021858750819673256,0.98,-0.0007060017215146108,0.007783086540315407,0.00809896360954029
201.0,0.7,0.25,0.0,4.71238898038469,6.0,0.3,50,0.0,0.0,0.0,0.0,1.0,0.0031336364315656252,0.007136095189551527,0.007136095189551527,1.0,0.019286842796724196,0.028833405127188558,0.028833405127188558,1.0,0.001313288539319204,0.007020776827621478,0.007020776827621478
202.0,0.7,0.25,0.0,5.497787143782138,7.0,0.3,50,0.0,0.0,0.0,0.0,1.0,0.00109140944972137,0.006923468403327741,0.006923468403327741,1.0,0.012104311284126342,0.02484985911347215,0.02484985911347215,0.96,-0.0002663011551733141,0.006190589379763848,0.005985182736103807
203.0,0.7,0.25,-0.2,0.0,0.0,0.3,50,0.0,0.0,0.0,0.0,1.0,0.005670988816081479,0.009564934647691863,0.009564934647691863,1.0,0.0002875424973875074,0.011086928801427984,0.011086928801427984,0.96,0.007129263421694061,0.012279644266500984,0.012279644266500984
204.0,0.7,0.25,-0.2,0.7853981633974483,1.0,0.3,50,0.0,0.0,0.0,0.0,1.0,0.00623124564699413,0.009174215479685412,0.009174215479685412,1.0,0.0009595530479961024,0.015129077476833199,0.015129077476833199,0.98,0.007946362730380973,0.012143468310861376,0.01215585075795524
205.0,0.7,0.25,-0.2,1.5707963267948966,2.0,0.3,50,0.0,0.0,0.0,0.0,1.0,0.0010531014718146191,0.005407948218944129,0.005407948218944129,1.0,-0.0030830880492097655,0.012273823115741387,0.012273823115741387,0.98,0.0013795846514303345,0.006366729339702631,0.00629189334982889
206.0,0.7,0.25,-0.2,2.356194490192345,3.0,0.3,50,0.0,0.0,0.0,0.0,1.0,-0.003546446850504523,0.00683473344846221,0.00683473344846221,0.98,-0.006467630157883601,0.017037463579398504,0.016950000822173936,0.98,-0.004566275788776155,0.00815053465943429,0.008098070543698219
207.0,0.7,0.25,-0.2,3.141592653589793,4.0,0.3,50,0.0,0.0,0.0,0.0,1.0,-0.008351942768507979,0.012844748713492584,0.012844748713492584,0.98,-0.011196417468000494,0.016280445404653107,0.016349618744389324,1.0,-0.0107136630366598,0.016776817310785015,0.016776817310785015
208.0,0.7,0.25,-0.2,3.9269908169872414,5.0,0.3,50,0.0,0.0,0.0,0.0,1.0,-0.004886113800540679,0.009120824812053976,0.009120824812053976,1.0,-0.004227387338034838,0.012879699874740311,0.012879699874740311,1.0,-0.0072795718475974994,0.010998535745029452,0.010998535745029452
209.0,0.7,0.25,-0.2,4.71238898038469,6.0,0.3,50,0.0,0.0,0.0,0.0,1.0,0.0005921294909586261,0.005369372622036866,0.005369372622036866,1.0,-0.0025747922684213865,0.010987628571357821,0.010987628571357821,0.94,0.0009962412684681454,0.005859757993619661,0.0062987935480194965
210.0,0.7,0.25,-0.2,5.497787143782138,7.0,0.3,50,0.0,0.0,0.0,0.0,1.0,0.005962832511823241,0.007853670254798535,0.007853670254798535,1.0,0.0007699257298242834,0.011263227938147016,0.011263227938147016,0.96,0.007886191578711703,0.01239905137639108,0.01201766195615168
211.0,0.7,0.25,0.2,0.0,0.0,0.3,50,0.0,0.0,0.0,0.0,1.0,0.010010912259718192,0.014009700708274961,0.014009700708274961,1.0,-0.0024967105303241553,0.011019194814166355,0.011019194814166355,0.98,0.017622763120256683,0.023942796371811882,0.02388432376055191
212.0,0.7,0.25,0.2,0.7853981633974483,1.0,0.3,50,0.0,0.0,0.0,0.0,1.0,0.006999469529423003,0.01134641269163366,0.01134641269163366,1.0,0.00022878672300748803,0.009567673050567035,0.009567673050567035,1.0,0.01193503620289746,0.01850028738119601,0.01850028738119601
213.0,0.7,0.25,0.2,1.5707963267948966,2.0,0.3,50,0.0,0.0,0.0,0.0,1.0,0.002149063537522018,0.005012350662708109,0.005012350662708109,1.0,-0.0014387938724646897,0.012705118384322187,0.012705118384322187,1.0,0.0017161715826047063,0.0056036961433723696,0.0056036961433723696
214.0,0.7,0.25,0.2,2.356194490192345,3.0,0.3,50,0.0,0.0,0.0,0.0,1.0,-0.00669488722663957,0.009672481352931892,0.009672481352931892,0.98,0.0006260508429906774,0.018559043453813935,0.018885518689232748,0.96,-0.01180269974706658,0.017217087016803533,0.01742611600485238
215.0,0.7,0.25,0.2,3.141592653589793,4.0,0.3,50,0.0,0.0,0.0,0.0,1.0,-0.01059388822695591,0.014080563304569702,0.014080563304569702,1.0,-0.00639987543889103,0.030552276694184987,0.030552276694184987,1.0,-0.017605247263464935,0.024710347252946803,0.024710347252946803
216.0,0.7,0.25,0.2,3.9269908169872414,5.0,0.3,50,0.0,0.0,0.0,0.0,1.0,-0.0070652719690881,0.009918168159735929,0.009918168159735929,1.0,-0.006583329287940378,0.017071150586132067,0.017071150586132067,0.94,-0.01282364619480884,0.018814147083765817,0.0171759957045013
217.0,0.7,0.25,0.2,4.71238898038469,6.0,0.3,50,0.0,0.0,0.0,0.0,1.0,0.0006183090304262273,0.005447531030720203,0.005447531030720203,1.0,-0.0015163777858779692,0.014171972341711478,0.014171972341711478,0.96,0.00013012098144560058,0.007424984104706378,0.0075952432936979685
218.0,0.7,0.25,0.2,5.497787143782138,7.0,0.3,50,0.0,0.0,0.0,0.0,1.0,0.008024968245006285,0.012684985528228658,0.012684985528228658,1.0,0.002314013390154357,0.01369786030717492,0.01369786030717492,1.0,0.01242843974370827,0.018239991276267,0.018239991276267
219.0,0.7,0.5,0.0,0.0,0.0,0.3,50,0.0,0.0,0.0,0.0,1.0,-0.0041592134779454785,0.009713361994848546,0.009713361994848546,0.96,-0.021588882531210957,0.02812324614011446,0.02812324614011446,0.04,-0.005079692708158423,0.008072212569543,0.01270874608134988
220.0,0.7,0.5,0.0,0.7853981633974483,1.0,0.3,50,0.0,0.0,0.0,0.0,0.94,-0.007915962285740596,0.006388271968178483,0.006649181970319765,0.92,-0.051383019707247526,0.06928072410250063,0.06487122511819035,0.04,0.0007337140264079922,0.00615116272674497,0.0034543720076091983
221.0,0.7,0.5,0.0,1.5707963267948966,2.0,0.3,50,0.0,0.0,0.0,0.0,0.96,-0.006790294822015501,0.00652962255880883,0.006313667036666947,0.96,-0.05173825302235996,0.06548121533569343,0.06397989785931923,0.1,0.0028795588957189946,0.004894653788527413,0.002876843733686796
222.0,0.7,0.5,0.0,2.356194490192345,3.0,0.3,50,0.0,0.0,0.0,0.0,0.86,-0.02319812429884806,0.004792843210324789,0.004694325245539398,0.82,-0.05286158195999896,0.06495622663225493,0.058957218672178104,0.1,0.001241061526750169,0.0055831399480065535,0.0058498856484604355
223.0,0.7,0.5,0.0,3.141592653589793,4.0,0.3,50,0.0,0.0,0.0,0.0,0.98,-0.004245883522588137,0.008399533108682085,0.008233409567327543,0.92,-0.023344623757747377,0.03159714600324834,0.029336046535850063,0.06,-0.004559879641818838,0.009391956964395131,0.00496659743850111
224.0,0.7,0.5,0.0,3.9269908169872414,5.0,0.3,50,0.0,0.0,0.0,0.0,0.82,0.00435185258162925,0.006968398827851909,0.007149716908904409,0.86,0.015368797745731123,0.03220591466687723,0.03429890714827117,0.02,0.0027697154248681865,0.0064687406107877266,0.005771086546065999
225.0,0.7,0.5,0.0,4.71238898038469,6.0,0.3,50,0.0,0.0,0.0,0.0,0.74,0.0037239931753776045,0.009620634037857718,0.008602637277040122,0.82,0.028360732344204508,0.03992350047846007,0.039869546767736644,0.02,0.0017771201538466764,0.00903333428172353,0.016740186652683002
226.0,0.7,0.5,0.0,5.497787143782138,7.0,0.3,50,0.0,0.0,0.0,0.0,0.92,0.0006460304394998984,0.00882529063406301,0.00820720784390518,0.84,0.016841726089251396,0.02883153755866056,0.032906513607241984,0.0,-0.0014826954505560352,0.009060337612083864,
227.0,0.7,0.5,-0.2,0.0,0.0,0.3,50,0.0,0.0,0.0,0.0,0.9,0.011151446611567459,0.017760275153161684,0.018313278742617043,0.8,-0.01716394687838821,0.020676885734660644,0.01724978792143125,0.08,0.015901083319612513,0.025141647199596093,0.03105350257283194
228.0,0.7,0.5,-0.2,0.7853981633974483,1.0,0.3,50,0.0,0.0,0.0,0.0,0.88,0.01061510121107142,0.015067730017529956,0.015067730017529956,0.76,-0.013939508197594722,0.017070781509408123,0.014035696729498243,0.04,0.01531889908510597,0.02276112240214956,0.014126305641909104
229.0,0.7,0.5,-0.2,1.5707963267948966,2.0,0.3,50,0.0,0.0,0.0,0.0,0.88,-0.010669193727392135,0.006922087353199435,0.006648004803053086,0.82,-0.01868253320482087,0.020202412943342733,0.017593086555371795,0.04,0.0057289697284636665,0.009838173423502097,0.009838616105465405
230.0,0.7,0.5,-0.2,2.356194490192345,3.0,0.3,50,0.0,0.0,0.0,0.0,0.88,-0.008456034358593253,0.012169932446387612,0.011887363083842703,0.84,-0.01961775646318598,0.02227241242778788,0.02029588617330713,0.0,-0.009740507993616967,0.014772292763527033,
231.0,0.7,0.5,-0.2,3.141592653589793,4.0,0.3,50,0.0,0.0,0.0,0.0,0.92,-0.024010642190744953,0.022217941318057006,0.022217941318057006,0.94,-0.04407901549599563,0.05669534799216051,0.05323663053878769,0.04,-0.02138395645621642,0.029953772542714904,0.02955166627956902
232.0,0.7,0.5,-0.2,3.9269908169872414,5.0,0.3,50,0.0,0.0,0.0,0.0,0.84,-0.01745411277295195,0.013167491990614955,0.013916583148922412,0.78,-0.034463786945494596,0.04222997648268445,0.035166382687047415,0.06,-0.01215102345443352,0.01673693626529376,0.016219290551135867
233.0,0.7,0.5,-0.2,4.71238898038469,6.0,0.3,50,0.0,0.0,0.0,0.0,0.88,0.00234643541824517,0.0076074404572282605,0.007062112284854649,0.88,-0.017503833708472118,0.02478845829223737,0.02217567669804886,0.04,0.005804555262491671,0.009065734448049208,0.023486933152927332
234.0,0.7,0.5,-0.2,5.497787143782138,7.0,0.3,50,0.0,0.0,0.0,0.0,0.84,0.005648794262218777,0.011966506240067645,0.011966506240067645,0.76,-0.019569949686305363,0.020169257652102153,0.0156631989075044,0.06,0.013462395244808061,0.019375207769256213,0.01532406130329424
235.0,0.7,0.5,0.2,0.0,0.0,0.3,50,0.0,0.0,0.0,0.0,0.92,0.013789135286700591,0.028161694027543968,0.028161694027543968,0.88,-0.008747062312622506,0.013271086706778599,0.011072881490167354,0.06,0.036127125254299564,0.052553882434537846,0.05525441457762634
236.0,0.7,0.5,0.2,0.7853981633974483,1.0,0.3,50,0.0,0.0,0.0,0.0,0.86,0.01472235726521314,0.020178976034123587,0.019384576563933966,0.86,-0.008291226333065909,0.012095627878131851,0.010233889058924386,0.08,0.023836099865435362,0.03406649708259642,0.030071974198016632
237.0,0.7,0.5,0.2,1.5707963267948966,2.0,0.3,50,0.0,0.0,0.0,0.0,0.9,-0.005882904848350465,0.006933330053845602,0.007015410767910061,0.96,-0.007882396938909018,0.012020176393863453,0.011218552937896087,0.08,-0.0016348918550882364,0.006288914560720338,0.00580041407519462
238.0,0.7,0.5,0.2,2.356194490192345,3.0,0.3,50,0.0,0.0,0.0,0.0,0.86,-0.019607649772713166,0.01689242619113986,0.017120862265888683,0.84,-0.01890848413765093,0.030344586090605898,0.0228201509275211,0.08,-0.02878452402764986,0.039531620745653404,0.03681090220002149
239.0,0.7,0.5,0.2,3.141592653589793,4.0,0.3,50,0.0,0.0,0.0,0.0,0.96,-0.02329536042140888,0.03223032826793426,0.03301375413310516,0.94,-0.023159938869581075,0.027033795216890866,0.026859187582348575,0.16,-0.04537609299445176,0.06355988421199285,0.06407081241499635
240.0,0.7,0.5,0.2,3.9269908169872414,5.0,0.3,50,0.0,0.0,0.0,0.0,1.0,-0.014710810124772085,0.022858738403139872,0.022858738403139872,1.0,-0.018310577703435714,0.02614102893693769,0.02614102893693769,0.1,-0.03093047616783333,0.04461849159004851,0.037459732707740674
241.0,0.7,0.5,0.2,4.71238898038469,6.0,0.3,50,0.0,0.0,0.0,0.0,0.86,-0.014869006588516455,0.006297523244017904,0.004788873770034595,0.9,-0.013981549662599424,0.02583653966472786,0.023634686638578057,0.08,-0.004805469757148247,0.008846530391257077,0.0049477536101010565
242.0,0.7,0.5,0.2,5.497787143782138,7.0,0.3,50,0.0,0.0,0.0,0.0,0.88,0.009830184495933647,0.021246215222277466,0.021032253425439004,0.96,-0.00951184221096536,0.01584475320062514,0.015440889913772016,0.1,0.022557430337082806,0.03251636364420703,0.03211379778193318
243.0,0.7,1.0,0.0,0.0,0.0,0.3,50,0.0,0.0,0.0,0.0,0.0,-0.4101413588144818,0.5867577618832003,,0.0,-0.346778766598081,0.49739452170713144,,0.0,-0.34938875450577095,0.4553483700286006,
244.0,0.7,1.0,0.0,0.7853981633974483,1.0,0.3,50,0.0,0.0,0.0,0.0,0.0,-0.32010369916603204,0.45979816281115676,,0.02,-0.31644023880803235,0.4848210907049263,0.1652273943161242,0.0,-0.27995005565403075,0.03305599135062216,
245.0,0.7,1.0,0.0,1.5707963267948966,2.0,0.3,50,0.0,0.0,0.0,0.0,0.0,-0.3761025767119838,0.5025953641621931,,0.0,-0.3359199987928894,0.47183498489737463,,0.0,-0.3636459612646055,0.9968420578828125,
246.0,0.7,1.0,0.0,2.356194490192345,3.0,0.3,50,0.0,0.0,0.0,0.0,0.0,-0.38765945302474336,0.49959034403850144,,0.0,-0.34146236738270214,0.47897877256817645,,0.0,-0.35109585167334684,0.5079044080440972,
247.0,0.7,1.0,0.0,3.141592653589793,4.0,0.3,50,0.0,0.0,0.0,0.0,0.0,-0.3539280858197166,0.4149696224033389,,0.0,-0.337379959189728,0.47495197208357787,,0.0,-0.3544400300959779,0.6848295529023727,
248.0,0.7,1.0,0.0,3.9269908169872414,5.0,0.3,50,0.0,0.0,0.0,0.0,0.0,-0.44410993401914434,0.6866191726085829,,0.0,-0.35579873830790654,0.5042580946703626,,0.0,-0.4026284760254851,0.8923613082987241,
249.0,0.7,1.0,0.0,4.71238898038469,6.0,0.3,50,0.0,0.0,0.0,0.0,0.0,-0.3641714869161967,0.4508076330003098,,0.0,-0.34557900678023484,0.4414886838989168,,0.0,-0.3482535260449705,0.4532578105288641,
250.0,0.7,1.0,0.0,5.497787143782138,7.0,0.3,50,0.0,0.0,0.0,0.0,0.0,-0.4218363929026371,0.5709384671046127,,0.0,-0.3529135780988418,0.48044749811547893,,0.0,-0.29801816727519304,0.0631473767258482,
251.0,0.7,1.0,-0.2,0.0,0.0,0.3,50,0.0,0.0,0.0,0.0,0.0,-0.5033167728511952,0.878673163531929,,0.0,-0.4320816116180499,0.6061700986131793,,0.0,-0.39803213809927507,0.13025078120707317,
252.0,0.7,1.0,-0.2,0.7853981633974483,1.0,0.3,50,0.0,0.0,0.0,0.0,0.0,-0.5649140124182513,0.9342058662234667,,0.0,-0.4492772815633865,0.6190196870257432,,0.0,-0.5543797467547957,1.2753741271866619,
253.0,0.7,1.0,-0.2,1.5707963267948966,2.0,0.3,50,0.0,0.0,0.0,0.0,0.0,-0.50892219326142,0.6275650691691302,,0.0,-0.42741670994617664,0.609437042608594,,0.0,-0.4594164794801039,1.2492677213033798,
254.0,0.7,1.0,-0.2,2.356194490192345,3.0,0.3,50,0.0,0.0,0.0,0.0,0.0,-0.5147763416611004,0.6734383118566191,,0.0,-0.4399437545666723,0.6442041150231749,,0.0,-0.48878797845694416,1.1900073075477837,
255.0,0.7,1.0,-0.2,3.141592653589793,4.0,0.3,50,0.0,0.0,0.0,0.0,0.0,-0.5030341426512079,0.6182299127374669,,0.0,-0.4317533870357693,0.6329470341507248,,0.0,-0.4828095866302155,1.1210879013718291,
256.0,0.7,1.0,-0.2,3.9269908169872414,5.0,0.3,50,0.0,0.0,0.0,0.0,0.0,-0.41608790026420955,0.6076867741421164,,0.0,-0.37791568074399856,0.5378942223117563,,0.0,-0.2869212531348702,0.02394260536361334,
257.0,0.7,1.0,-0.2,4.71238898038469,6.0,0.3,50,0.0,0.0,0.0,0.0,0.0,-0.4977363318081792,0.6530768612257003,,0.0,-0.4229236938962342,0.6265135780131484,,0.0,-0.437839875319831,1.2121329717393108,
258.0,0.7,1.0,-0.2,5.497787143782138,7.0,0.3,50,0.0,0.0,0.0,0.0,0.0,-0.47215273035495026,0.6503823791880969,,0.0,-0.4247020515586706,0.6335454462887171,,0.0,-0.46213653209685285,1.2630801322966514,
259.0,0.7,1.0,0.2,0.0,0.0,0.3,50,0.0,0.0,0.0,0.0,0.0,-0.35061484633490864,0.4081955436381799,,0.02,-0.2887795847052665,0.43507237284626615,0.03808845567261338,0.0,-0.32312471143108484,0.8440733183957327,
260.0,0.7,1.0,0.2,0.7853981633974483,1.0,0.3,50,0.0,0.0,0.0,0.0,0.0,-0.34853710106753644,0.47083812197218106,,0.04,-0.28452857463002984,0.39016194059984294,0.4028251264408609,0.0,-0.3137957444970137,0.6496497012495963,
261.0,0.7,1.0,0.2,1.5707963267948966,2.0,0.3,50,0.0,0.0,0.0,0.0,0.0,-0.3392077100302393,0.5363542794324927,,0.0,-0.2780164739939908,0.39870222489444374,,0.0,-0.27253838776291256,0.3844019178043102,
262.0,0.7,1.0,0.2,2.356194490192345,3.0,0.3,50,0.0,0.0,0.0,0.0,0.0,-0.3876288629096144,0.6400073346798322,,0.02,-0.30108831487059606,0.4520527796559063,0.46287178521008915,0.0,-0.29271547102401263,0.4239118878999972,
263.0,0.7,1.0,0.2,3.141592653589793,4.0,0.3,50,0.0,0.0,0.0,0.0,0.0,-0.2632824843060785,0.16557960199376603,,0.06,-0.25538107712486313,0.3372459870350918,0.23202756867612848,0.0,-0.2581378404373827,0.3515170669570315,
264.0,0.7,1.0,0.2,3.9269908169872414,5.0,0.3,50,0.0,0.0,0.0,0.0,0.0,-0.28551429828248315,0.2106602145392129,,0.02,-0.266991245989643,0.3753681682613752,0.35957845788367293,0.0,-0.2553584590535772,0.36383819018685876,
265.0,0.7,1.0,0.2,4.71238898038469,6.0,0.3,50,0.0,0.0,0.0,0.0,0.0,-0.2796117447602122,0.26536300153901204,,0.0,-0.2503391779560005,0.37951546102938294,,0.0,-0.24637789352472744,0.3440856676148517,
266.0,0.7,1.0,0.2,5.497787143782138,7.0,0.3,50,0.0,0.0,0.0,0.0,0.0,-0.34341547126512123,0.4755917025411623,,0.0,-0.2818489976313375,0.40893041925972173,,0.0,-0.294780739603187,0.62980164766967,
267.0,0.7,2.0,0.0,0.0,0.0,0.3,50,0.88,0.0,0.8,0.0,1.0,-0.6975752695839381,0.9961097859829902,0.9961097859829902,1.0,-0.6891827483474112,0.9881962118088083,0.9881962118088083,0.3,-0.6966560394599878,0.9955540753262782,0.9959517352196158
268.0,0.7,2.0,0.0,0.7853981633974483,1.0,0.3,50,0.28,0.0,0.28,0.0,1.0,-0.6980552206219208,0.9977038118800304,0.9977038118800304,1.0,-0.6638614525331578,0.9472223641776847,0.9472223641776847,0.28,-0.7013994116821216,1.0015460972859014,1.0006341145230948
269.0,0.7,2.0,0.0,1.5707963267948966,2.0,0.3,50,0.34,0.0,0.34,0.0,1.0,-0.6991509828681614,0.9988309963476465,0.9988309963476465,1.0,-0.6595749691528713,0.9433808760836278,0.9433808760836278,0.34,-0.7032962245319129,1.0049158654981825,1.0043147330887998
270.0,0.7,2.0,0.0,2.356194490192345,3.0,0.3,50,0.18,0.0,0.18,0.0,1.0,-0.6980545300994142,0.9979594671931927,0.9979594671931927,1.0,-0.6602373192659227,0.9433848094910264,0.9433848094910264,0.18,-0.7016407955986756,1.0025924847834538,1.003242313757576
271.0,0.7,2.0,0.0,3.141592653589793,4.0,0.3,50,0.8,0.0,0.74,0.0,1.0,-0.6965805729591773,0.9947064301354855,0.9947064301354855,1.0,-0.6845871876649536,0.9790695696840566,0.9790695696840566,0.24,-0.6958593660405338,0.9941564550060197,0.992994090222477
272.0,0.7,2.0,0.0,3.9269908169872414,5.0,0.3,50,0.32,0.0,0.32,0.0,1.0,-0.7031282849806035,1.003928911173868,1.003928911173868,1.0,-0.7288167207195241,1.0407438850274926,1.0407438850274926,0.12,-0.7018965737749293,1.002619096475896,1.00151865565056
273.0,0.7,2.0,0.0,4.71238898038469,6.0,0.3,50,0.0,0.0,0.0,0.0,1.0,-0.7048144120186086,1.0070051210881936,1.0070051210881936,1.0,-0.7405988027901615,1.0580754110262802,1.0580754110262802,0.0,-0.703821727568525,1.0055510430220187,
274.0,0.7,2.0,0.0,5.497787143782138,7.0,0.3,50,0.3,0.0,0.3,0.0,1.0,-0.7020885337161338,1.0024987506762368,1.0024987506762368,1.0,-0.7299077883170443,1.0421084866032597,1.0421084866032597,0.2,-0.7006013396396146,1.000708186305118,1.000736323502844
275.0,0.7,2.0,-0.2,0.0,0.0,0.3,50,0.88,0.0,0.88,0.88,1.0,-0.8526910925942365,1.2189564728100477,1.2189564728100477,1.0,-0.8401828475698692,1.201613218625078,1.201613218625078,0.3,-0.8564328476679074,1.224243423602049,1.2237643442202888
276.0,0.7,2.0,-0.2,0.7853981633974483,1.0,0.3,50,0.92,0.0,0.92,0.92,1.0,-0.8501573304825735,1.214225664055391,1.214225664055391,1.0,-0.8395440221103054,1.19956756113119,1.19956756113119,0.34,-0.8547798118300086,1.2211700572615263,1.2197483022299636
277.0,0.7,2.0,-0.2,1.5707963267948966,2.0,0.3,50,0.98,0.0,0.98,0.98,1.0,-0.842014430406048,1.2033670461354264,1.2033670461354264,1.0,-0.836287153240256,1.1945794837797523,1.1945794837797523,0.24,-0.8447277456077036,1.2068361655339466,1.2072804287604741
278.0,0.7,2.0,-0.2,2.356194490192345,3.0,0.3,50,0.96,0.0,0.94,0.96,1.0,-0.8309927202162167,1.1869445539950392,1.1869445539950392,1.0,-0.8284781510529499,1.1837509687071939,1.1837509687071939,0.28,-0.8289053775081703,1.1849776854894336,1.1830148481730833
279.0,0.7,2.0,-0.2,3.141592653589793,4.0,0.3,50,0.76,0.0,0.32,0.46,1.0,-0.8232292055879218,1.1759387040874798,1.1759387040874798,1.0,-0.8131570188035713,1.163226844241694,1.163226844241694,0.28,-0.8180373567026744,1.1681386512466234,1.1678050170511987
280.0,0.7,2.0,-0.2,3.9269908169872414,5.0,0.3,50,0.96,0.0,0.88,0.96,1.0,-0.8301759116619907,1.1853081164615804,1.1853081164615804,1.0,-0.828017099439561,1.1804317369436554,1.1804317369436554,0.3,-0.8276550030138083,1.1822354643558353,1.1819557433990395
281.0,0.7,2.0,-0.2,4.71238898038469,6.0,0.3,50,0.98,0.0,0.98,0.98,1.0,-0.8406341022752137,1.2006166486874692,1.2006166486874692,1.0,-0.8367835162280679,1.1958115419496005,1.1958115419496005,0.26,-0.8431132897642284,1.2051593022887699,1.2012524649375211
282.0,0.7,2.0,-0.2,5.497787143782138,7.0,0.3,50,0.96,0.0,0.96,0.96,1.0,-0.8498877735110346,1.2144075460568442,1.2144075460568442,1.0,-0.8398487644891272,1.2002590196827725,1.2002590196827725,0.3,-0.854354887815127,1.2212028198567624,1.2222326822551006
283.0,0.7,2.0,0.2,0.0,0.0,0.3,50,0.84,0.0,0.84,0.84,1.0,-0.5786047746754914,0.8261632777173502,0.8261632777173502,1.0,-0.5616263538943012,0.801394216216132,0.801394216216132,0.52,-0.5965906644999516,0.8527602859514363,0.8521170889954928
284.0,0.7,2.0,0.2,0.7853981633974483,1.0,0.3,50,0.86,0.0,0.86,0.86,1.0,-0.5750605261812499,0.8215831508746355,0.8215831508746355,1.0,-0.5610177116185069,0.8021863430591494,0.8021863430591494,0.48,-0.5862110731043558,0.8369791871172114,0.8369197579079182
285.0,0.7,2.0,0.2,1.5707963267948966,2.0,0.3,50,1.0,0.0,1.0,1.0,1.0,-0.5632748951585909,0.8051856530874284,0.8051856530874284,1.0,-0.5596383947663913,0.7995127279981507,0.7995127279981507,0.26,-0.5605790492364274,0.8008721731331576,0.8010179725672583
286.0,0.7,2.0,0.2,2.356194490192345,3.0,0.3,50,0.96,0.0,0.88,0.96,1.0,-0.5457427330117185,0.7797779189035564,0.7797779189035564,1.0,-0.5530530867515723,0.7883270738007219,0.7883270738007219,0.42,-0.5308498553550877,0.7590489515524785,0.7604838111203421
287.0,0.7,2.0,0.2,3.141592653589793,4.0,0.3,50,0.98,0.0,0.36,0.88,1.0,-0.5355628334992242,0.7651948717859423,0.7651948717859423,1.0,-0.5383128220371625,0.7678024348169175,0.7678024348169175,0.8,-0.5147378788584475,0.7352968419127118,0.7376118185047091
288.0,0.7,2.0,0.2,3.9269908169872414,5.0,0.3,50,0.96,0.0,0.92,0.96,1.0,-0.5454799132227661,0.7805153827008195,0.7805153827008195,1.0,-0.554677804742927,0.7934856926556973,0.7934856926556973,0.62,-0.530684985244399,0.7579286815849349,0.7598219107244985
289.0,0.7,2.0,0.2,4.71238898038469,6.0,0.3,50,0.98,0.0,0.98,0.98,1.0,-0.5627073158118765,0.8036305489822433,0.8036305489822433,1.0,-0.5592493464670941,0.7997673552618995,0.7997673552618995,0.24,-0.5593394864031934,0.7982626172174527,0.7986702901698967
290.0,0.7,2.0,0.2,5.497787143782138,7.0,0.3,50,0.9,0.0,0.9,0.9,1.0,-0.5738913657436531,0.8202819508164985,0.8202819508164985,1.0,-0.5593322857954238,0.7988546619285233,0.7988546619285233,0.4,-0.5837120468363797,0.833640002912432,0.8334387624288954
