transect,distance_m,xFRF,yFRF,wavelength_m,wavelength_smoothed_m,axial_bearing_deg,near_pier,h_wr17,h_wr17_lo,h_wr17_hi,h_awac,h_awac_lo,h_awac_hi,survey_points,z_p5,implied_eta_wr17,implied_eta_awac,z_p95,z_p50
0,400.0,393.2405418491452,3914.8438111299574,68.88169410522232,67.7926854410306,70.34617594194658,False,3.5041895728265047,5.019817692425451,2.8814055833916905,4.211455524295913,5.019817692425451,3.5041895728265047,,,,,,
0,450.0,443.2042374728731,3917.47948920283,68.88169410522232,67.7926854410306,70.34617594194658,False,3.5041895728265047,5.019817692425451,2.8814055833916905,4.211455524295913,5.019817692425451,3.5041895728265047,,,,,,
0,500.0,493.1680428014765,3920.1148712596505,65.61466811264717,82.40911964340151,70.01689347809987,False,5.269819635539377,7.703824170441291,4.30793517084432,6.386389209445736,7.703824170441291,5.269819635539377,,,,,,
0,600.0,593.0959825528142,3925.3847473036476,126.25842225051424,106.29488619417025,80.53767779197403,False,9.114427257746996,14.059135732281883,7.350053079543606,11.27645702684523,14.059135732281883,9.114427257746996,,,,,,
0,650.0,643.0601169684792,3928.0192412856736,127.01156821934933,nan,97.12501634890134,False,nan,nan,nan,nan,nan,nan,,,,,,
0,900.0,892.8824342748536,3941.187270653293,87.95110415061004,nan,76.75948008481264,False,nan,nan,nan,nan,nan,nan,,,,,,
0,950.0,942.847226752968,3943.8199883953866,89.81074117703967,nan,74.74488129694203,False,nan,nan,nan,nan,nan,nan,,,,,,
0,1100.0,1092.7422621519672,3951.7163652968,44.63909327762654,79.57185866716627,54.462322208025576,False,4.8948444049164355,7.123509257773348,4.006463733961899,5.921155604366751,7.123509257773348,4.8948444049164355,,,,,,
0,1150.0,1142.7074932586381,3954.3478988107668,96.66305672103198,84.88972910944139,65.85445803957819,False,5.610959166086201,8.237006829641448,4.581492275782355,6.811288227617448,8.237006829641448,5.610959166086201,,,,,,
0,1200.0,1192.6728340126358,3956.9791362603382,97.41342600284027,88.57629151911979,64.65382405805317,False,6.141456755671565,9.076558232778934,5.005531632754195,7.475253576975469,9.076558232778934,6.141456755671565,,,,,,
0,1250.0,1242.6382844098118,3959.6100776410676,100.84334043626677,100.02683451909505,66.80140948635166,False,7.978466746743222,12.09365938788117,6.460744611398188,9.80691288503955,12.09365938788117,7.978466746743222,,,,,,
0,1300.0,1292.6038444450485,3962.2407229496534,103.32254115783341,103.44977873044418,70.34617594194648,False,8.586751198507265,13.135545091774333,6.937978427253039,10.591012976010893,13.135545091774333,8.586751198507265,,,,,,
0,1350.0,1342.5695141159028,3964.8710721827474,101.89180827750278,107.52825798726732,84.28940686250012,False,9.349589605635678,14.477064390958374,7.533115747719809,11.583562353899424,14.477064390958374,9.349589605635678,,,,,,
0,1400.0,1392.535293416043,3967.5011253374487,113.77777777777767,110.11514545556952,89.99999999999966,False,9.855761747578972,15.390729861076466,7.925916675147956,12.248127109659388,15.390729861076466,9.855761747578972,,,,,,
0,1450.0,1442.5011823442408,3970.1308824100092,117.80582228695603,111.81329653000353,85.60129464500419,False,10.197786328037628,16.019631261475123,8.19037503445767,12.700001876772928,16.019631261475123,10.197786328037628,,,,,,
0,1500.0,1492.467180893918,3972.7603433967774,113.77777777777767,115.12045928083712,89.99999999999966,False,10.886802235900214,17.317226159039446,8.720747123550751,13.617542310416303,17.317226159039446,10.886802235900214,,,,,,
0,1650.0,1642.3658342381616,3980.6469498093934,53.23522507878767,43.97227709069926,62.10272896905231,False,1.4447201091714734,2.026484770666358,1.1957439809589754,1.7208876954140402,2.026484770666358,1.4447201091714734,,,,,,
0,1700.0,1692.3322712386307,3983.275226419704,52.84000636061037,39.439607776199374,63.43494882292195,False,1.158987579665644,1.6212667386374469,0.9600997185950326,1.378911461561809,1.6212667386374469,1.158987579665644,,,,,,
0,1750.0,1742.2988178405867,3985.903206928374,25.841599832699725,40.515538704183214,77.36663806472495,False,1.2238604084217122,1.7130683954072055,1.0136375626874063,1.4564816277189008,1.7130683954072055,1.2238604084217122,,,,,,
0,1800.0,1792.2654740398807,3988.5308913309545,25.841599832699725,37.3356171105321,77.36663806472495,False,1.0373971316638704,1.4495148884199036,0.8596958820260759,1.2336357949475454,1.4495148884199036,1.0373971316638704,,,,,,
0,1850.0,1842.232239835285,3991.1582796237,44.81926241611859,32.167487360506016,66.80140948635174,False,0.7680555310956336,1.0704810537024512,0.6370157772286773,0.9123483196654419,1.0704810537024512,0.7680555310956336,,,,,,
1,400.0,405.1824208585453,3686.462762399239,89.81074117703967,93.67527759921241,74.74488129694203,False,6.923119428719663,10.338330116511154,5.627262630743139,8.461019359030532,10.338330116511154,6.923119428719663,,,,,,
1,450.0,455.14837708976995,3689.0350679372827,93.1336800139518,94.77681110107075,75.96375653207333,False,7.099517307620406,10.627413368498122,5.767055530226163,8.684752500020279,10.627413368498122,7.099517307620406,,,,,,
1,500.0,505.1144424247546,3691.607077406568,98.08141160664577,95.43773120218574,73.30075576600615,False,7.206670199382725,10.80383358773416,5.8518795271517545,8.820894994789354,10.80383358773416,7.206670199382725,,,,,,
1,550.0,555.0806168537546,3694.17879080199,98.08141160664577,97.09186528810697,73.30075576600615,False,7.479220229256641,11.255419871249183,6.0673155026005565,9.167997041914125,11.255419871249183,7.479220229256641,,,,,,
1,600.0,605.0469003772475,3696.7502081209027,98.08141160664577,97.48033191464671,73.30075576600615,False,7.544141517695138,11.363603032824415,6.118564404847311,9.250851228784036,11.363603032824415,7.544141517695138,,,,,,
1,650.0,655.0132929889016,3699.3213293604053,98.08141160664577,95.3612944233568,73.30075576600615,False,7.19422705667787,10.783314716050466,5.842032954383772,8.80507621870674,10.783314716050466,7.19422705667787,,,,,,
1,700.0,704.9797946845679,3701.8921545160474,95.07601314665045,90.91653870656532,68.19859051364803,False,6.493176376863096,9.640526890707092,5.285744391715954,7.91768913995753,9.640526890707092,6.493176376863096,,,,,,
1,750.0,754.9464054608346,3704.46268358563,87.48622415019622,86.35745184571735,70.01689347809987,False,5.818758413336681,8.564320616376818,4.747789793406041,7.070894746933522,8.564320616376818,5.818758413336681,,,,,,
1,800.0,804.9131253140447,3707.0329165662033,75.85763302268842,83.42646190548524,69.7751405688318,False,5.408210179059559,7.91950785797246,4.418991550843214,6.558567109910097,7.91950785797246,5.408210179059559,,,,,,
1,850.0,854.8799542385889,3709.6028534529673,75.28597730240584,79.54327815843016,72.89727103094748,False,4.891148561029805,7.117818669052196,4.003488314702543,5.9165794089778645,7.117818669052196,4.891148561029805,,,,,,
1,1050.0,1054.7483605827886,3719.8796400001984,48.542255425533625,41.117024406682226,84.55966796899436,False,1.260924823534876,1.7655705280137721,1.0442160934977356,1.500819507204839,1.7655705280137721,1.260924823534876,,,,,,
1,1100.0,1104.7157348084068,3722.4480963714236,49.14099364999551,37.254724341141056,82.64762064010753,False,1.0328609749054303,1.443115166889584,0.855948659405713,1.228218862922384,1.443115166889584,1.0328609749054303,,,,,,
1,1150.0,1154.6832180824324,3725.016256628145,25.66782414451754,37.254724341141056,80.38027220030109,False,1.0328609749054303,1.443115166889584,0.855948659405713,1.228218862922384,1.443115166889584,1.0328609749054303,,,,,,
1,1200.0,1204.6508104002392,3727.58412076856,25.66782414451754,33.49221397967686,80.38027220030109,False,0.8331465554297484,1.161903320763418,0.6908642440775693,0.9899277225691215,1.161903320763418,0.8331465554297484,,,,,,
1,1350.0,1354.5542415761015,3735.2859364553715,98.13144038399065,nan,63.43494882292192,False,nan,nan,nan,nan,nan,nan,,,,,,
1,1400.0,1404.5222700295249,3737.852616096215,98.13144038399065,111.21563243518942,63.43494882292192,False,10.07651563493739,15.795538294556781,8.096695993133222,12.539515905963144,15.795538294556781,10.07651563493739,,,,,,
1,1500.0,1504.458654000654,3742.9850869721413,137.38401653758697,130.65553785847968,63.43494882292177,False,14.570895443517173,25.19179508054669,11.500154732934996,18.713394660354343,25.19179508054669,14.570895443517173,,,,,,
1,1550.0,1554.4270095110453,3745.5508782013244,152.64890726398542,137.90274388481288,63.43494882292177,False,16.579699065924096,30.54566038423491,12.973317831808252,21.657915917436597,30.54566038423491,16.579699065924096,,,,,,
1,1600.0,1604.3954740337613,3748.1163732880045,134.45778724835563,134.2922220536178,66.80140948635159,False,15.553210752813545,27.677454633683332,12.224422092518628,20.136248743480348,27.677454633683332,15.553210752813545,,,,,,
1,1650.0,1654.3640475627024,3750.681572225883,127.12026448932349,130.78544569186792,65.55604521958325,False,14.605131650741184,25.27487624886129,11.525520261312733,18.762473520982116,25.27487624886129,14.605131650741184,,,,,,
1,1700.0,1704.332730095193,3753.246475015008,119.85013472883753,123.15300032866867,69.44395478041629,False,12.694272960282131,20.951030512498665,10.096510659291113,16.07451445582258,20.951030512498665,12.694272960282131,,,,,,
1,1750.0,1754.3015216263486,3755.811081648683,119.85013472883753,121.68549577686224,69.44395478041629,False,12.349202987162162,20.228086774543428,9.835631056035046,15.599476415812813,20.228086774543428,12.349202987162162,,,,,,
1,1800.0,1804.2704221517877,3758.3753921258553,114.4866804479891,121.68549577686224,63.434948822921854,False,12.349202987162162,20.228086774543428,9.835631056035046,15.599476415812813,20.228086774543428,12.349202987162162,,,,,,
1,1850.0,1854.2394316707737,3760.9394064442768,127.12026448932349,123.11778247496457,65.55604521958325,False,12.685910878039355,20.93332923043317,10.090198806067358,16.06296765500895,20.93332923043317,12.685910878039355,,,,,,
1,1900.0,1904.2085501745312,3763.5031245976975,127.12026448932349,122.70891998658826,65.55604521958325,False,12.589123954895896,20.729114672981915,10.017105880524904,15.929447407961678,20.729114672981915,12.589123954895896,,,,,,
1,1950.0,1954.1777776611093,3766.066546584268,127.01156821934926,123.52122056432793,60.255118703057654,False,12.781943333465875,21.137176177680892,10.162655720826919,16.195681003306987,21.137176177680892,12.781943333465875,,,,,,
1,2000.0,2004.14711412685,3768.6296724010376,117.80582228695597,108.17607272770792,57.52880770915146,False,9.474688946129499,14.701050483215989,7.630352412681111,11.747353748747258,14.701050483215989,9.474688946129499,,,,,,
1,2050.0,2054.11655956736,3771.19250204281,118.54818333668743,87.56186448700569,55.78429786756249,False,5.99263476133553,8.839719432991734,4.8867432047115,7.288587119635649,8.839719432991734,5.99263476133553,,,,,,
1,2100.0,2104.0861139780122,3773.7550355077824,50.39452530622354,66.96939550029829,48.990913098429765,False,3.4166352813446412,4.889754288497319,2.8102104663148797,4.1046043993829135,4.889754288497319,3.4166352813446412,,,,,,
1,2150.0,2154.0557773546575,3776.3172727915066,24.049223285812246,48.15372922751682,80.53767779197432,False,1.7375203989067167,2.444122001214059,1.4367764387398718,2.072187441585514,2.444122001214059,1.7375203989067167,,,,,,
1,2200.0,2204.0255496938853,3778.8792138917815,24.049223285812246,30.555115700224164,80.53767779197432,False,0.6924790476949217,0.9644722149356452,0.5744658163217726,0.8223234681098547,0.9644722149356452,0.6924790476949217,,,,,,
1,2250.0,2253.9954309922828,3781.4408588064075,23.727490923048613,23.941979164891034,79.9920201985586,False,0.42405774137321767,0.5891706605671694,0.3520758588369966,0.5030319171284167,0.5891706605671694,0.42405774137321767,,,,,,
1,2450.0,2453.8760456858417,3791.6844765173496,119.85013472883753,nan,69.44395478041629,False,nan,nan,nan,nan,nan,nan,,,,,,
2,400.0,417.0257669125503,3456.1790483485092,87.48622415019622,92.5460834811657,70.01689347809987,False,6.745106720325028,10.048262322224097,5.485997321346107,8.235721722321008,10.048262322224097,6.745106720325028,,,,,,
2,450.0,466.99162182544666,3458.7326112880824,95.07601314665045,92.5460834811657,68.19859051364803,False,6.745106720325028,10.048262322224097,5.485997321346107,8.235721722321008,10.048262322224097,6.745106720325028,,,,,,
2,500.0,516.95758564535,3461.285878157841,95.07601314665045,93.95244225399011,68.19859051364803,False,6.967247649243813,10.410492810567748,5.6622515039086325,8.516944099637813,10.410492810567748,6.967247649243813,,,,,,
2,600.0,616.8898399954237,3466.3915236715234,98.17151857246334,131.35681803353808,57.52880770915142,False,14.756450013398844,25.644947139683953,11.637526045458392,18.9798241281909,25.644947139683953,14.756450013398844,,,,,,
2,700.0,716.8225299283959,3471.49598486266,200.82292238150043,167.9314803179879,101.30993247401946,False,27.76134925913254,nan,20.54828090115648,42.57631455673292,nan,27.76134925913254,,,,,,
2,750.0,766.7890382291697,3474.0477713289115,204.79999999999995,200.59524853159738,89.99999999999937,False,52.61216541244256,nan,32.7273615907897,nan,nan,52.61216541244256,,,,,,
2,850.0,866.7223814780863,3479.150455987333,196.16282321329172,214.1073126194331,73.30075576600593,False,92.23152962320644,nan,39.83361909132678,nan,nan,92.23152962320644,,,,,,
2,900.0,916.6892164179318,3481.7013541706056,241.35911464500757,156.23564760533802,45.0,False,22.736851406690068,nan,17.28352939814103,31.828630139753532,nan,22.736851406690068,,,,,,
2,1000.0,1016.6232129084177,3486.802262233572,31.18500495771475,104.35907410987627,84.17365797044413,False,8.753180733511783,13.424788628071848,7.068140861084501,10.806664626097772,13.424788628071848,8.753180733511783,,,,,,
2,1050.0,1066.5903744512518,3489.3522721058666,31.810294136139987,71.17219584618776,83.75808565258487,False,3.8765375927412173,5.575981025375421,3.1837069477724627,4.666887566231223,5.575981025375421,3.8765375927412173,,,,,,
2,1100.0,1116.5576448525646,3491.9019858670026,113.08188270064278,78.66007699500092,83.65980825408981,False,4.777731005009688,6.943457861063068,3.912140834416522,5.77623251189436,6.943457861063068,4.777731005009688,,,,,,
2,1150.0,1166.525024110159,3494.4514035143816,108.61160159025353,93.53283829914471,81.86989764584371,False,6.900508058410266,10.301393625901353,5.609329666725126,8.432375008932658,10.301393625901353,6.900508058410266,,,,,,
2,1200.0,1216.4925122184259,3497.0005250432046,108.61160159025353,109.78715601204526,81.86989764584371,False,9.790600351583102,15.271992528077707,7.875444749220479,12.162298887681114,15.271992528077707,9.790600351583102,,,,,,
2,1250.0,1266.460109172739,3499.5493504516685,105.54881147843373,111.14080641768423,76.37300514010825,False,10.061401643751866,15.767695571794393,8.085013872843826,12.519535110941362,15.767695571794393,10.061401643751866,,,,,,
2,1300.0,1316.4278149721158,3502.097879736776,113.08188270064278,112.31582218923134,83.65980825408981,False,10.300512375100343,16.21042883369848,8.269651735666596,12.836178033819824,16.21042883369848,10.300512375100343,,,,,,
2,1350.0,1366.3956296094873,3504.6461128933784,119.85013472883753,116.01755476904532,69.44395478041629,False,11.079065166651354,17.687129451315663,8.868166918465189,13.875360003161791,17.687129451315663,11.079065166651354,,,,,,
2,1400.0,1416.3635530814415,3507.1940499192738,114.4866804479891,122.38459578087597,63.434948822921854,False,12.512731164310681,20.56878971001576,9.959367270663972,15.824227136815148,20.56878971001576,12.512731164310681,,,,,,
2,1450.0,1466.331585384799,3509.741690808867,127.12026448932349,127.2450225482648,65.55604521958325,False,13.69378346711032,23.138325552071784,10.847323674451571,17.467840024962015,23.138325552071784,13.69378346711032,,,,,,
2,1500.0,1516.2997265147012,3512.289035563752,137.38401653758697,128.67730924636714,63.43494882292177,False,14.05710601057052,23.972149148360756,11.118436095347981,17.981071778539,23.972149148360756,14.05710601057052,,,,,,
2,1550.0,1566.2679764684458,3514.8360841756844,137.38401653758697,131.18228680063916,63.43494882292177,False,14.710100456118099,25.531090286425506,11.603236451896477,18.913173675806586,25.531090286425506,14.710100456118099,,,,,,
2,1600.0,1616.2363352392235,3517.38283664441,127.01156821934926,131.16054754664432,60.255118703057654,False,14.704335146192768,25.51695918293463,11.598970119039766,18.904887827230368,25.51695918293463,14.704335146192768,,,,,,
2,1650.0,1666.2048028240997,3519.9292929650815,127.01156821934926,112.81205889283149,60.255118703057654,False,10.402638630058114,16.401012565183414,8.348395349399357,12.971771683932344,16.401012565183414,10.402638630058114,,,,,,
2,1700.0,1716.1733792208781,3522.475453135101,127.01156821934926,93.06097258094235,60.255118703057654,False,6.825925375587259,10.179750078177086,5.5501564022480085,8.33794818637595,10.179750078177086,6.825925375587259,,,,,,
2,1750.0,1766.1420644227344,3525.0213171500654,45.64157326852278,75.23864700949596,78.69006752597967,False,4.352691865324932,6.294606751490218,3.5691555978480487,5.251748937538966,6.294606751490218,4.352691865324932,,,,,,
2,1800.0,1816.1108584274716,3527.5668850073785,38.62858497814119,57.41632143804958,84.8055710922651,False,2.488523504022517,3.5269165349276603,2.0529340318224496,2.9773630658999775,3.5269165349276603,2.488523504022517,,,,,,
2,1850.0,1866.079761231187,3530.11215670334,37.89994036211734,39.77069325786862,87.87890360333844,False,1.1787554933953197,1.6492280607760732,0.9764159604253877,1.4025440126664153,1.6492280607760732,1.1787554933953197,,,,,,
2,1900.0,1916.048772827548,3532.657132235048,37.89994036211734,38.30297325520509,87.87890360333844,False,1.092437335053511,1.5272115636448806,0.9051549946218279,1.299379314302243,1.5272115636448806,1.092437335053511,,,,,,
2,1950.0,1966.0178932150811,3535.2018115980054,38.78342731844446,35.32509805432481,89.13194855025434,False,0.9276850083156014,1.2948864370118085,0.7690354186205696,1.1026782056530642,1.2948864370118085,0.9276850083156014,,,,,,
2,2050.0,2065.9564603419913,3540.2902818090133,26.717084174620098,29.35331874125938,74.87599269168938,False,0.6387428594195607,0.8891893951351276,0.5299740395572237,0.7583479166933351,0.8891893951351276,0.6387428594195607,,,,,,
2,2100.0,2115.9259070742864,3542.834072647768,26.169570957925814,26.209949215531022,76.20051460398057,False,0.5086209938192016,0.7072042039162841,0.42217677975792844,0.6035467542358586,0.7072042039162841,0.5086209938192016,,,,,,
2,2150.0,2165.8954625809397,3545.37756730752,25.74319251404715,26.209949215531022,75.43972438064307,False,0.5086209938192016,0.7072042039162841,0.42217677975792844,0.6035467542358586,0.7072042039162841,0.5086209938192016,,,,,,
2,2350.0,2365.774772262562,3555.5485840627384,91.58934435839126,95.39658552781096,10.304846468766252,False,7.199970444374968,10.792784570888028,5.846577960427271,8.812377397618814,10.792784570888028,7.199970444374968,,,,,,
2,2400.0,2415.7448715756277,3558.090597763447,92.70860394753886,95.50070102944753,5.194428907735036,False,7.216931041379218,10.820760191734857,5.859998473067071,8.833941272284664,10.820760191734857,7.216931041379218,,,,,,
2,2450.0,2465.7150796386654,3560.6323152641066,101.89180827750278,104.1421733257213,174.28940686250007,False,8.71329365219027,13.355298123175338,7.036961879948466,10.754936134766433,13.355298123175338,8.71329365219027,,,,,,
2,2500.0,2515.6853964458205,3563.1737365591684,95.81304753435724,96.05152840415217,176.42366562500237,False,7.307073004239337,10.969709844307593,5.9312958871642865,8.948624596169978,10.969709844307593,7.307073004239337,,,,,,
2,2550.0,2565.6558219953868,3565.7148616475324,138.7080625108164,86.79437667433353,61.699244233993426,False,5.881483868637678,8.663508752703109,4.797937563247484,7.1493774032324415,8.663508752703109,5.881483868637678,,,,,,
2,2600.0,2615.62635628151,3568.2556905236497,51.13611975054559,74.33645700778324,87.13759477388813,False,4.244359698265658,6.130357497267383,3.4815726430243568,5.118437199790846,6.130357497267383,4.244359698265658,,,,,,
2,2650.0,2665.596999300779,3570.796223185321,46.42284529844562,63.478825436185915,85.84035770628724,False,3.058927464529187,4.361112401495435,2.5189007882642325,3.668987515587363,4.361112401495435,3.058927464529187,,,,,,
2,2700.0,2715.56775104929,3573.336459628846,39.602209944751344,43.6258141835212,83.97442499163321,False,1.4217238950296305,1.993787612927939,1.1767946168667571,1.6933342874882165,1.993787612927939,1.4217238950296305,,,,,,
2,2750.0,2765.538611521434,3575.8763998494264,41.52488967637059,41.22464530085845,76.71513351509772,False,1.2676170725018794,1.7750542300408507,1.0497365118344946,1.5088265070951932,1.7750542300408507,1.2676170725018794,,,,,,
2,2800.0,2815.5095807145367,3578.4160438471085,39.443006247492846,39.92509530146165,74.35775354279119,False,1.1880334369579735,1.6623552376241886,0.9840731886797814,1.4136371485692494,1.6623552376241886,1.1880334369579735,,,,,,
2,2850.0,2865.480658624927,3580.955391614799,39.13027533723183,42.06576993058385,79.3034892642218,False,1.3205549693270582,1.8501173611422668,1.093396671573964,1.572180444561734,1.8501173611422668,1.3205549693270582,,,,,,
2,2950.0,2965.4231405780956,3586.033198454142,48.16490846124011,44.90611623012492,85.68397248013426,False,1.5076623654468042,2.11605577521894,1.2475956498601888,1.7963309381405865,2.11605577521894,1.5076623654468042,,,,,,
2,3000.0,3015.3945446128223,3588.5716575176475,47.423164891902836,nan,84.68545433005512,False,nan,nan,nan,nan,nan,nan,,,,,,
3,400.0,428.89710726152333,3225.6002095205713,81.75303097533674,83.61690751287705,64.7988763545248,False,5.434350313045431,7.960340975776608,4.439956062962077,6.591118443103064,7.960340975776608,5.434350313045431,,,,,,
3,450.0,478.8609175848331,3228.1727346228204,81.75303097533674,85.98540790738502,64.7988763545248,False,5.765661509494285,8.480499122315099,4.705321663290602,7.00450267097296,8.480499122315099,5.765661509494285,,,,,,
3,500.0,528.8248369716492,3230.7449636935653,87.34466058795765,87.40650814408981,75.17352002964414,False,5.97003534262899,8.803845344512474,4.868693009980722,7.260268513673411,8.803845344512474,5.97003534262899,,,,,,
3,550.0,578.7888654154075,3233.3168967332995,93.09090909090897,88.81987743627808,89.99999999999972,False,6.1775176220712735,9.13410456529811,5.034295214672919,7.520532410031117,9.13410456529811,6.1775176220712735,,,,,,
3,600.0,628.7530029148664,3235.888533734132,93.09090909090897,92.46407392306395,89.99999999999972,False,6.732288412180315,10.02743858662156,5.475817668926768,8.219517100446232,10.02743858662156,6.732288412180315,,,,,,
3,700.0,728.6816050619151,3241.030919618672,96.32981692248022,89.27472952145581,48.81407483429031,False,6.245193877916304,9.242271461886137,5.0882554942478135,7.605559031715768,9.242271461886137,6.245193877916304,,,,,,
3,750.0,778.6460697012079,3243.601668493484,86.27035488794566,87.95382114696967,51.8427734126309,False,6.049878480207761,8.93069466847404,4.932450265766639,7.360349985507291,8.93069466847404,6.049878480207761,,,,,,
3,800.0,828.6106433796338,3246.17212131989,81.4078371844884,89.41479215047812,57.99461679191644,False,6.266122626429251,9.275766566745933,5.104937051982848,7.631866807383149,9.275766566745933,6.266122626429251,,,,,,
3,850.0,878.5753260913378,3248.742278092341,87.80727559296442,90.95503814260455,59.0362434679264,False,6.499061451501162,9.65001507309261,5.2904266647861835,7.925107555138197,9.65001507309261,6.499061451501162,,,,,,
3,900.0,928.5401178329084,3251.3121388086374,95.25867616451193,95.40972374754566,60.255118703057654,False,7.202109323808196,10.796311674311847,5.8482705019040475,8.815096541977898,10.796311674311847,7.202109323808196,,,,,,
3,950.0,978.5050186019032,3253.8817034654317,104.03104688311235,100.83691289317821,61.69924423399351,False,8.119857543255863,12.333761377124672,6.571882947982453,9.988608065951897,12.333761377124672,8.119857543255863,,,,,,
3,1000.0,1028.4700283917439,3256.450972059071,108.54378291265117,104.09432221823165,57.99461679191643,False,8.70450989964264,13.34000966804732,7.030094412136917,10.743548516143903,13.34000966804732,8.70450989964264,,,,,,
3,1050.0,1078.4351472002334,3259.019944586957,108.54378291265117,107.03953756947156,57.99461679191643,False,9.255936597447045,14.31014209607955,7.4602545480876135,11.461135278404031,14.31014209607955,9.255936597447045,,,,,,
3,1250.0,1278.2967125336265,3269.292873968277,30.804830084924735,nan,83.08877288097524,False,nan,nan,nan,nan,nan,nan,,,,,,
3,1350.0,1378.2281492026113,3274.427562174228,54.305800795126785,43.028727651785516,98.13010235415578,False,1.382543694276279,1.9381136070527787,1.1445029769601207,1.646402094160318,1.9381136070527787,1.382543694276279,,,,,,
3,1450.0,1478.1600218284184,3279.5610660205257,43.97555207530502,54.38588740480262,76.75948008481268,False,2.2270366958394336,3.147960855784317,1.8387382282577902,2.6615095351478018,3.147960855784317,2.2270366958394336,,,,,,
3,1500.0,1528.1261216165021,3282.1273738009504,29.45145557173899,54.41258294136122,85.6012946450044,False,2.2292724799578822,3.1511920763290626,1.8405712086090387,2.6642070253026566,3.1511920763290626,2.2292724799578822,,,,,,
3,1550.0,1578.092330382267,3284.693385480927,89.81074117703967,54.41258294136122,74.74488129694203,False,2.2292724799578822,3.1511920763290626,1.8405712086090387,2.6642070253026566,3.1511920763290626,2.2292724799578822,,,,,,
3,1750.0,1777.958255134397,3294.954471137991,28.71655159567405,nan,69.19320898728874,False,nan,nan,nan,nan,nan,nan,,,,,,
3,1850.0,1877.8918712678148,3300.08323728041,91.58934435839129,48.611399429069934,26.565051177078093,False,1.7712911395865023,2.4924502803021507,1.4645475650938191,2.1127624333098507,2.4924502803021507,1.7712911395865023,,,,,,
3,1950.0,1977.8259231980862,3305.2108189280966,25.528302333144453,47.51709418631619,85.7108466711809,False,1.6911123355843687,2.3777629944683545,1.398603338976077,2.0164482871272718,2.3777629944683545,1.6911123355843687,,,,,,
3,2050.0,2077.760410888405,3310.337216054947,25.433635867412843,26.185441131178337,75.61860540890935,False,0.5076655315041791,0.7058695403035922,0.42138492607957395,0.6024106769607038,0.7058695403035922,0.5076655315041791,,,,,,
3,2100.0,2127.7278181353518,3312.8999704159037,25.433635867412843,36.83223224197833,75.61860540890935,False,1.009335614730527,1.409933965167018,0.8365131642227899,1.2001289091166936,1.409933965167018,1.009335614730527,,,,,,
3,2150.0,2177.6953343104815,3315.4624286362164,28.34619045674321,43.08887914885155,85.23635830927374,False,1.3864649498005934,1.9436836595659077,1.1477351666264748,1.6510984859559483,1.9436836595659077,1.3864649498005934,,,,,,
3,2200.0,2227.6629594089227,3318.024590713333,68.11546677634442,73.12506221255475,86.18592516570946,False,4.101324539095875,5.914176394230912,3.365831887829047,4.9426447353099885,5.914176394230912,4.101324539095875,,,,,,
3,2250.0,2277.6306934292015,3320.5864566427585,68.11546677634442,103.16124527625797,86.18592516570946,False,8.534370279944179,13.044891860149026,6.89697524699017,10.523241142726343,13.044891860149026,8.534370279944179,,,,,,
3,2300.0,2327.5985363654772,3323.1480264230886,175.61455118592892,133.20328180701057,149.0362434679257,False,15.253799292180837,26.896178275155307,12.004442860216646,19.69926682253047,26.896178275155307,15.253799292180837,,,,,,
3,2350.0,2377.566488213355,3325.7093000491254,175.61455118592892,154.5746781118202,149.0362434679257,False,22.1030659743185,65.57739529207018,16.85498177936958,30.673069570702957,65.57739529207018,22.1030659743185,,,,,,
3,2400.0,2427.534548969178,3328.2702775179205,178.55637311050626,173.33330799667547,144.46232220802477,False,30.490460902477086,nan,22.217656268681367,50.59577013916406,nan,30.490460902477086,,,,,,
3,2450.0,2477.502718629043,3330.8309588257735,174.9724483003924,169.71809006718195,70.0168934780997,False,28.630680929113,nan,21.088248515966765,44.87622346444225,nan,28.630680929113,,,,,,
3,2500.0,2527.470997189784,3333.391343971234,161.90861620062083,168.24397478749523,71.56505117707769,False,27.911179025525392,nan,20.64188424293582,42.95953538215918,nan,27.911179025525392,,,,,,
3,2550.0,2577.439384645546,3335.9514329487524,157.53846153846138,155.35777356470595,67.38013505195934,False,22.39970116641462,75.04109297042368,17.056008428059336,31.2099080471861,75.04109297042368,22.39970116641462,,,,,,
3,2650.0,2677.3764862282424,3341.070722390416,127.01156821934926,107.88513806433251,60.255118703057654,False,9.418370884587054,14.600069990634982,7.586590445140195,11.673580580390169,14.600069990634982,9.418370884587054,,,,,,
3,2700.0,2727.34520034737,3343.629922847161,32.50384205153029,91.33403023962289,90.90938044919903,False,6.557167090472387,9.74378854708865,5.3366453497539075,7.998380067314444,9.74378854708865,6.557167090472387,,,,,,
3,2750.0,2777.314023345429,3346.1888271238163,114.4866804479891,90.95320797397709,63.434948822921854,False,6.498781616470223,9.649563871340012,5.290204027647509,7.924754798207495,9.649563871340012,6.498781616470223,,,,,,
3,2850.0,2877.251995963946,3351.3057471216575,89.81074117703967,76.1055057515292,74.74488129694203,False,4.4582447380383305,6.45507718011889,3.654427576185467,5.38178254475551,6.45507718011889,4.4582447380383305,,,,,,
3,2950.0,2977.1904040535496,3356.4214823573448,24.01909562955878,nan,82.68447469560367,False,nan,nan,nan,nan,nan,nan,,,,,,
4,400.0,440.80562831158426,2994.455364691179,78.53721485797061,nan,57.52880770915143,False,nan,nan,nan,nan,nan,nan,,,,,,
4,450.0,490.77022966787183,2996.991604992267,81.7240969694844,nan,61.3895403340347,False,nan,nan,nan,nan,nan,nan,,,,,,
4,600.0,640.6646859726146,3004.5985495890686,103.97144730968249,109.45419883736879,66.03751102542165,False,9.72474672628404,15.152335971538722,7.8244080910969265,12.075642754450383,15.152335971538722,9.72474672628404,,,,,,
4,650.0,690.6297221392437,3007.1336056731507,108.81582289548504,110.98448070476131,67.06789956241005,False,10.029874876912984,15.709678348310721,8.060640855427357,12.47787114573018,15.709678348310721,10.029874876912984,,,,,,
4,700.0,740.594866997428,3009.6683656949817,115.57532630693886,95.06023881616554,73.610459665965,False,7.1453472810875684,10.702793145979026,5.803343932428225,8.742959570775279,10.702793145979026,7.1453472810875684,,,,,,
4,750.0,790.5601205452025,3012.202829648566,115.57532630693886,92.83243669278629,73.610459665965,False,6.789981130388506,10.121228913208816,5.521626440419904,8.292470545982148,10.121228913208816,6.789981130388506,,,,,,
4,800.0,840.525482776972,3014.7369975332504,31.36327126178244,73.97630705587156,49.96974072811029,False,4.201545548880078,6.065567748591161,3.446940525299441,5.065791280210131,6.065567748591161,4.201545548880078,,,,,,
4,900.0,940.4565332756688,3019.804445081519,33.39130434782604,32.595611224708186,89.9999999999999,False,0.7887953158362018,1.0995984941128085,0.6541757210584266,0.9370627564915982,1.0995984941128085,0.7887953158362018,,,,,,
4,950.0,990.4222215350356,3022.3377247384547,33.032258064516085,nan,89.9999999999999,False,nan,nan,nan,nan,nan,nan,,,,,,
4,1150.0,1190.2860612087995,3032.46788249503,108.54378291265117,112.04171596632438,57.99461679191643,False,10.244393374196255,16.10608498609727,8.226351823081208,12.761758859791879,16.10608498609727,10.244393374196255,,,,,,
4,1200.0,1240.25229276596,3034.999681701481,108.54378291265117,112.04171596632438,57.99461679191643,False,10.244393374196255,16.10608498609727,8.226351823081208,12.761758859791879,16.10608498609727,10.244393374196255,,,,,,
4,1250.0,1290.2186329698045,3037.531184807287,119.03758207367079,112.04171596632438,54.462322208025576,False,10.244393374196255,16.10608498609727,8.226351823081208,12.761758859791879,16.10608498609727,10.244393374196255,,,,,,
4,1400.0,1440.1183054290184,3045.1239174957796,63.99999999999993,nan,89.99999999999982,False,nan,nan,nan,nan,nan,nan,,,,,,
4,1450.0,1490.0850801830259,3047.654236169504,68.26666666666658,70.34529914529907,89.9999999999998,False,3.783493224973949,5.436537226997149,3.1082385524093534,4.552925663329334,5.436537226997149,3.783493224973949,,,,,,
4,1550.0,1590.0189555674576,3052.7139851645197,78.76923076923069,95.0727826307667,89.99999999999976,False,7.147379805986924,10.706138815744485,5.8049529969381455,8.745541768897178,10.706138815744485,7.147379805986924,,,,,,
4,1600.0,1639.9860561900764,3055.2434154784128,131.2293362252943,107.06701895203601,70.01689347809985,False,9.261186387770774,14.319482015725969,7.464340352665484,11.467993699249348,14.319482015725969,9.261186387770774,,,,,,
4,1650.0,1689.9532654267084,3057.772549665862,102.02589686187518,108.26999170175736,85.10090754621194,False,9.492916834689947,14.733785013777103,7.644511942764576,11.771243993631094,14.733785013777103,9.492916834689947,,,,,,
4,1700.0,1739.9205832746648,3060.3013877227686,116.24361195174386,115.64518193488902,87.39743779749985,False,10.998976649298012,17.53260980568774,8.806788852440466,13.767867139638751,17.53260980568774,10.998976649298012,,,,,,
4,1750.0,1789.8880097302892,3062.8299296461846,113.08188270064278,110.45046383808727,83.65980825408981,False,9.922678294787497,15.513019596134992,7.977718781961539,12.336353557367541,15.513019596134992,9.922678294787497,,,,,,
4,1900.0,1939.7909406922379,3070.413778583227,33.243949861002896,32.56998911249429,90.74405920288861,False,0.7875461403181931,1.097844402561038,0.6531422245850028,0.9355740655139535,1.097844402561038,0.7875461403181931,,,,,,
4,1950.0,1989.7588015314918,3072.9411359399746,33.032258064516085,32.56998911249429,89.9999999999999,False,0.7875461403181931,1.097844402561038,0.6531422245850028,0.9355740655139535,1.097844402561038,0.7875461403181931,,,,,,
4,2000.0,2039.7267709581745,3075.4681971466325,31.433759411963894,33.151638319403034,88.99491399474574,False,0.8161533847910307,1.1380250602267556,0.6768082284526038,0.9696702482853624,1.1380250602267556,0.8161533847910307,,,,,,
4,2100.0,2139.663035552867,3080.521431094979,34.896585940129256,60.49168412565759,83.29016319224297,False,2.769907336805418,3.937112416555576,2.2830184187885245,3.3180898799848393,3.937112416555576,2.769907336805418,,,,,,
4,2150.0,2189.6313307135606,3083.0476038307675,34.979173667079905,87.79754864353094,82.1466866980217,False,6.02701657341466,8.894342652953343,4.914198190816032,7.331683829782571,8.894342652953343,6.02701657341466,,,,,,
4,2200.0,2239.5997344446255,3085.5734804054646,140.65721748345732,98.36948241151622,74.05460409907685,False,7.694060027330195,11.614348239087336,6.2368099629811615,9.442441143387232,11.614348239087336,7.694060027330195,,,,,,
4,2250.0,2289.5682467392235,3088.0990608105235,140.65721748345732,119.52160872018185,74.05460409907685,False,11.852764198803982,19.21363643271733,9.458834379316375,14.921146511975984,19.21363643271733,11.852764198803982,,,,,,
4,2300.0,2339.536867597355,3090.624345045946,140.65721748345732,132.90413564226643,74.05460409907685,False,15.17234733625899,26.687416496850503,11.944480917888253,19.580900317095058,26.687416496850503,15.17234733625899,,,,,,
4,2350.0,2389.5055970121966,3093.1493331073293,140.65721748345732,130.9658651819687,74.05460409907685,False,14.652782641260474,25.390906010111046,11.560810103071491,18.830842536950573,25.390906010111046,14.652782641260474,,,,,,
4,2400.0,2439.474434980582,3095.6740249932236,101.89180827750278,127.7354144148058,84.28940686250012,False,13.817372637831564,23.419450699335865,10.939655564519045,17.642003568502158,23.419450699335865,13.817372637831564,,,,,,
4,2600.0,2639.350872309277,3105.7698306970356,137.38401653758697,nan,63.43494882292177,False,nan,nan,nan,nan,nan,nan,,,,,,
4,2650.0,2689.3202529843934,3108.293041646649,127.01156821934926,128.08190649525793,60.255118703057654,False,13.905200685045406,23.620786820030418,11.00520238916881,17.76603351281213,23.620786820030418,13.905200685045406,,,,,,
4,2750.0,2789.2593399164875,3113.3385749514673,119.85013472883753,nan,69.44395478041629,False,nan,nan,nan,nan,nan,nan,,,,,,
4,2950.0,2989.1388159983876,3123.4260870908374,32.048722159808804,nan,66.64443514071395,False,nan,nan,nan,nan,nan,nan,,,,,,
4,3000.0,3039.1089562905477,3125.9472245920074,32.048722159808804,nan,66.64443514071395,False,nan,nan,nan,nan,nan,nan,,,,,,
5,400.0,452.26062385962797,2761.987896845984,38.388005622071866,36.26197861345551,91.43209618416452,False,0.9780249062001074,1.365795211382804,0.8106413901889066,1.1627515251727047,1.365795211382804,0.9780249062001074,,,,,,
5,450.0,502.2336564399821,2764.329965835715,29.4379302182947,33.86491959190463,71.56505117707793,False,0.8519484963441858,1.1883321663003332,0.7064146777254193,1.012344714802726,1.1883321663003332,0.8519484963441858,,,,,,
5,500.0,552.2067959138266,2766.671738584253,40.95999999999996,32.548151993462675,89.99999999999987,False,0.7864822971068711,1.0963505871370653,0.6522620552019106,0.9343062542414317,1.0963505871370653,0.7864822971068711,,,,,,
5,550.0,602.1800422797013,2769.013215091247,26.673742527251985,50.27286451291817,69.676863170337,False,1.8967711603331847,2.6723138065167404,1.5676826279657894,2.263629166906445,2.6723138065167404,1.8967711603331847,,,,,,
5,600.0,652.1533955329664,2771.3543953507497,27.281081599694865,64.86527846925921,70.27772223555291,False,3.19840860928557,4.566728200551558,2.632574764730523,3.83867150726319,4.566728200551558,3.19840860928557,,,,,,
5,650.0,702.1268556689954,2773.6952793609594,127.01156821934933,75.291460287441,97.12501634890134,False,4.359081546810483,6.304308624302546,3.5743193665228556,5.259616571842168,6.304308624302546,4.359081546810483,,,,,,
5,700.0,752.100422684609,2776.03586711628,102.39999999999988,88.57489360017239,89.99999999999969,False,6.1412501702846995,9.076228740427407,5.005366829645986,7.474994237791413,9.076228740427407,6.1412501702846995,,,,,,
5,750.0,802.0740965739657,2778.3761586153078,93.09090909090897,103.59867728023339,89.99999999999972,False,8.613863278216376,13.182537939685949,6.959194554142022,10.626110214210359,13.182537939685949,8.613863278216376,,,,,,
5,800.0,852.0478773334083,2780.716153855093,93.09090909090897,100.8127401764921,89.99999999999972,False,8.115615634663818,12.32654011219797,6.568550488221307,9.983152079618478,12.32654011219797,8.115615634663818,,,,,,
5,850.0,902.0217649602487,2783.0558528315382,102.39999999999988,105.73505382036198,89.99999999999969,False,9.00897729267881,13.87302362117226,7.267848501767843,11.139077623161013,13.87302362117226,9.00897729267881,,,,,,
5,900.0,951.9957594505834,2785.395255540944,113.08188270064278,112.51918564605005,83.65980825408981,False,10.342282209316346,16.288268614977405,8.301866496628254,12.891610369914906,16.288268614977405,10.342282209316346,,,,,,
5,950.0,1001.9698607968656,2787.734361980807,127.01156821934933,121.7135850121299,82.8749836510979,False,12.355743503389341,20.241649377109464,9.840583688591844,15.608452973096805,20.241649377109464,12.355743503389341,,,,,,
5,1000.0,1051.944068999328,2790.073172147732,127.01156821934933,130.19667876953088,82.8749836510979,False,14.450460590484475,24.90138950889043,11.410854913602835,18.541029311663777,24.90138950889043,14.450460590484475,,,,,,
5,1050.0,1101.918384051392,2792.4116860380664,139.06290592130824,140.28151461953706,84.80557109226486,False,17.285669091880365,32.728465493015825,13.48355687731273,22.727226752631886,32.728465493015825,17.285669091880365,,,,,,
5,1100.0,1151.8928059481857,2794.749903649259,144.8154687870047,143.59900121958398,81.8698976458437,False,18.312155247580076,36.323585079671396,14.218289172666088,24.31875967134791,36.323585079671396,18.312155247580076,,,,,,
5,1150.0,1201.8673346865298,2797.0878249757143,163.50606195067368,149.12814555299553,64.79887635452474,False,20.14074067484354,44.885599972819946,15.505530589638097,27.2784168352549,44.885599972819946,20.14074067484354,,,,,,
5,1300.0,1351.7915619128696,2804.0998112292405,81.7240969694844,75.77253819196316,61.3895403340347,False,4.417530801044157,6.39312919614372,3.6215438990334654,5.33160920135793,6.39312919614372,4.417530801044157,,,,,,
5,1350.0,1401.7665179779337,2806.436547390691,74.07425531960035,88.5822956988097,71.9395280638007,False,6.142344104634994,9.077973528810274,5.006239510840655,7.476367527024565,9.077973528810274,6.142344104634994,,,,,,
5,1400.0,1451.741580862617,2808.7729872538503,71.51926228680472,88.5822956988097,77.90524292298771,False,6.142344104634994,9.077973528810274,5.006239510840655,7.476367527024565,9.077973528810274,6.142344104634994,,,,,,
5,1450.0,1501.716750565446,2811.109130814222,127.01156821934933,90.86836194191812,82.8749836510979,False,6.485816556317267,9.628663485928639,5.27988848974144,7.90841246007077,9.628663485928639,6.485816556317267,,,,,,
5,1650.0,1701.618497460001,2820.4507419621305,131.2293362252943,nan,70.01689347809985,False,nan,nan,nan,nan,nan,nan,,,,,,
5,1750.0,1801.5700117007193,2825.1197696319136,30.1176470588235,69.7511690170988,89.99999999999991,False,3.7174190439121397,5.337703397229288,3.054616383861122,4.472060640225987,5.337703397229288,3.7174190439121397,,,,,,
5,1850.0,1901.5219530943223,2829.7876120003484,47.906523767178605,33.972321518767416,86.4236656250025,False,0.8574065366543645,1.1960059957982208,0.7109284954435297,1.018852821416247,1.1960059957982208,0.8574065366543645,,,,,,
5,1900.0,1951.498083962267,2832.121088686538,28.79718791192023,33.383550405288254,83.54118362128128,False,0.8277052556338181,1.1542565440556138,0.6863635967400342,0.983440868839978,1.1542565440556138,0.8277052556338181,,,,,,
5,1950.0,2001.4743216052054,2834.454269036791,29.06792733714733,32.08309234195073,83.48019824834294,False,0.7640004872867208,1.0647893407757647,0.6336604078374776,0.9075166414273772,1.0647893407757647,0.7640004872867208,,,,,,
5,2000.0,2051.4506660209404,2836.787153048509,27.762562604906872,32.027655204966216,83.77417093557416,False,0.76134279459863,1.061059204178874,0.6314612392328713,0.9043500261302294,1.061059204178874,0.76134279459863,,,,,,
5,2050.0,2101.4271172031404,2839.11974071879,26.881260088600637,43.21758622115864,85.9858243045889,False,1.394874744694247,1.9556310361020985,1.1546668741309287,1.6611712185871041,1.9556310361020985,1.394874744694247,,,,,,
5,2100.0,2151.4036751483795,2841.4520320412885,47.629338082256,46.75500094216147,97.12501634890162,False,1.6364259669575252,2.299646923254068,1.3536064086247377,1.9507950342921436,2.299646923254068,1.6364259669575252,,,,,,
5,2150.0,2201.3803398525224,2843.7840270157008,84.74684299288238,46.945061276933544,65.55604521958337,False,1.6499760524656433,2.3189943236777375,1.3647571224262478,1.9670595866187566,2.3189943236777375,1.6499760524656433,,,,,,
5,2250.0,2301.333989521417,2848.447127903972,28.522803943995132,nan,74.93151184050772,False,nan,nan,nan,nan,nan,nan,,,,,,
5,2400.0,2451.2652646136285,2855.439556537497,108.7639778974942,nan,12.264773727892647,False,nan,nan,nan,nan,nan,nan,,,,,,
5,2450.0,2501.2425697851113,2857.7697733495543,81.7240969694844,77.05210339046762,61.3895403340347,False,4.575155874801061,6.633322925962169,3.7488014659244024,5.5259736880757195,6.633322925962169,4.575155874801061,,,,,,
5,2550.0,2601.197500313586,2862.4293178522707,40.668235304424286,50.63589619944225,83.15722658736894,False,1.924792742916449,2.712543492709115,1.5907029153263874,2.2973425880495006,2.712543492709115,1.924792742916449,,,,,,
5,2600.0,2651.175125661803,2864.7586455366804,40.07562626193015,40.3162640278982,82.50414236027002,False,1.2117071689405265,1.6958614846139441,1.003609466985863,1.4419464623891887,1.6958614846139441,1.2117071689405265,,,,,,
5,2650.0,2701.152857728447,2867.0876768398066,40.07562626193015,40.3162640278982,82.50414236027002,False,1.2117071689405265,1.6958614846139441,1.003609466985863,1.4419464623891887,1.6958614846139441,1.2117071689405265,,,,,,
5,2700.0,2751.13069650791,2869.4164117568516,40.44556828330821,61.902097256629446,80.90972307917757,False,2.9044261927181703,4.134113225831056,2.392861802399236,3.4812907745893544,4.134113225831056,2.9044261927181703,,,,,,
5,2800.0,2851.086694191644,2874.0729924238926,127.01156821934926,66.25076305931863,29.74488129694235,False,3.3412104104947713,4.777922916273162,2.748844524468709,4.01262820659597,4.777922916273162,3.3412104104947713,,,,,,
5,2850.0,2901.0648530864023,2876.4008381653916,32.324308792052555,64.59784907431671,81.5288553669851,False,3.1712389958481175,4.526624733657923,2.6104404935625047,3.805601097777522,4.526624733657923,3.1712389958481175,,,,,,
5,2900.0,2951.04311867935,2878.7283875090097,65.22160694256448,64.59784907431671,80.83765295427814,False,3.1712389958481175,4.526624733657923,2.6104404935625047,3.805601097777522,4.526624733657923,3.1712389958481175,,,,,,
5,2950.0,3001.021490964154,2881.055640451844,33.833912343300554,43.793276025972524,82.40535663140847,False,1.4328150300141065,2.009555673924675,1.1859342886523243,1.7066226958997626,2.009555673924675,1.4328150300141065,,,,,,
6,400.0,462.5305568799964,2528.4960821882873,87.72668147263873,86.4967552599353,80.13419305691542,False,5.838713636306635,8.595856308597696,4.76374612969547,7.095856888545472,8.595856308597696,5.838713636306635,,,,,,
6,450.0,512.5160922140666,2530.52860652742,88.97809096143227,84.64957262573628,79.99202019855845,False,5.577382095953494,8.184300433664925,4.554597351229133,6.7693962525962315,8.184300433664925,5.577382095953494,,,,,,
6,500.0,562.5017315468461,2532.5608343304775,82.78549334573489,83.29031376819259,75.96375653207332,False,5.3895680505848755,7.890405468108509,4.404038033725436,6.535358451643395,7.890405468108509,5.3895680505848755,,,,,,
6,550.0,612.487474872971,2534.5927655934083,79.10802472313922,81.31563314126839,78.11134196037187,False,5.123399731304294,7.476520505806001,4.190313911337719,6.2045026820791005,7.476520505806001,5.123399731304294,,,,,,
6,600.0,662.4733221914722,2536.62440031736,77.85327833801777,68.17335876533659,81.2538377374446,False,3.5450880544844927,5.080665040837302,2.914647823241444,4.261398981155442,5.080665040837302,3.5450880544844927,,,,,,
6,650.0,712.459273495513,2538.6557384937882,77.85327833801777,70.73942783806712,81.2538377374446,False,3.827683837638351,5.502725615899247,3.144087637706635,4.60703781140241,5.502725615899247,3.827683837638351,,,,,,
6,700.0,762.4453287804669,2540.68678012089,23.266719081773186,68.64727861679908,88.69804732742107,False,3.5963728048701205,5.157048010834797,2.956318919594023,4.32405372958276,5.157048010834797,3.5963728048701205,,,,,,
6,750.0,812.4314880441366,2542.717525196066,95.61583870938762,70.85433271484567,99.21102654081635,False,3.840621267640891,5.52211661992717,3.154580904132459,4.622884381068981,5.52211661992717,3.840621267640891,,,,,,
6,850.0,912.4041184883814,2546.7781256811863,86.68149473020408,85.11636117097122,106.38954033403448,False,5.642754343823914,8.28696259185792,4.606953807777263,6.850971430087837,8.28696259185792,5.642754343823914,,,,,,
6,900.0,962.3905896594445,2548.807981082632,115.57532630693886,71.84222291490302,73.610459665965,False,3.9528601412683977,5.690600139340136,3.2455761198082227,4.760446850224566,5.690600139340136,3.9528601412683977,,,,,,
6,950.0,1012.3771647919189,2550.8375399204006,42.59278493735434,65.94121621321237,106.9275130641469,False,3.309007519191296,4.730235943315258,2.7226345953150077,3.973378937277703,4.730235943315258,3.309007519191296,,,,,,
6,1000.0,1062.363843881165,2552.8668021885455,42.519285685114816,57.07235514846151,94.76364169072603,False,2.4580600957092744,3.482658324748213,2.0279988910105495,2.940527507641547,3.482658324748213,2.4580600957092744,,,,,,
6,1050.0,1112.3506269215873,2554.8957678864117,42.33718940644977,42.446612358842174,97.12501634890167,False,1.3448942776670294,1.8846554518845833,1.1134654734646827,1.6013182544974855,1.8846554518845833,1.3448942776670294,,,,,,
6,1100.0,1162.3375139117118,2556.9244370095043,42.33718940644977,38.982175614017066,97.12501634890167,False,1.1319603031860563,1.5830545694069962,0.9377884090301443,1.3466066641014398,1.5830545694069962,1.1319603031860563,,,,,,
6,1200.0,1262.3115997186594,2560.9808855204587,28.735037958053894,41.9170391527921,87.42664053682309,False,1.3111124261117626,1.8367226117199154,1.0856100637131094,1.5608779154626948,1.8367226117199154,1.3111124261117626,,,,,,
6,1300.0,1362.2861012683677,2565.0361476967582,54.67889009387264,71.7790683796055,70.01689347809993,False,3.9456305940328753,5.6797338293256265,3.239717047165421,4.751581532692366,5.6797338293256265,3.9456305940328753,,,,,,
6,1400.0,1462.2610185269382,2569.090223508858,131.92327708688998,110.67592107156372,75.06858282186217,False,9.96784148989134,15.595759901489265,8.012664156463602,12.395948931889738,15.595759901489265,9.96784148989134,,,,,,
6,1450.0,1512.2486330353186,2571.1168165207687,131.92327708688998,129.34159806412742,75.06858282186217,False,14.228067909080071,24.372495252698403,11.24567036283478,18.223884136276705,24.372495252698403,14.228067909080071,,,,,,
6,1500.0,1562.2363514590377,2573.1431129351504,124.17824001860234,129.34159806412742,75.96375653207325,False,14.228067909080071,24.372495252698403,11.24567036283478,18.223884136276705,24.372495252698403,14.228067909080071,,,,,,
6,1650.0,1712.2001301743978,2579.2202225415976,29.114886862652565,50.32086030540353,75.17352002964428,False,1.9004633854815416,2.677613284770752,1.5707161012497333,2.2680708958469777,2.677613284770752,1.9004633854815416,,,,,,
6,1700.0,1762.1882642136063,2581.2453325203314,28.756784962648563,50.32086030540353,75.02712423321302,False,1.9004633854815416,2.677613284770752,1.5707161012497333,2.2680708958469777,2.677613284770752,1.9004633854815416,,,,,,
6,1750.0,1812.1765021467006,2583.2701458853367,93.09090909090945,92.04644602417952,179.99999999999972,False,6.667242260091668,9.921898977013965,5.4241459260146225,8.137325385622914,9.921898977013965,6.667242260091668,,,,,,
6,1850.0,1912.1532896750182,2587.318882751522,217.22320318050748,143.13341059349693,81.86989764584354,False,18.16503773845411,35.7708612312757,14.113513654262285,24.087817601602723,35.7708612312757,18.16503773845411,,,,,,
6,1900.0,1962.1418392629269,2589.342806246803,131.1097650512854,152.63812458359092,50.19442890773478,False,21.385631402398296,54.62401289559893,16.365537884706065,29.401931661979766,54.62401289559893,21.385631402398296,,,,,,
6,1950.0,2012.1304927266801,2591.366433114356,131.1097650512854,151.07359342427372,50.19442890773478,False,20.822171230994588,49.49582099879785,15.977953221627692,28.42864228677918,49.49582099879785,20.822171230994588,,,,,,
6,2000.0,2062.1192500623747,2593.3897633504816,131.1097650512854,135.74416192158222,50.19442890773478,False,15.959668755558154,28.77562512086971,12.521943580734401,20.73431319204851,28.77562512086971,15.959668755558154,,,,,,
6,2050.0,2112.1081112665856,2595.4127969488363,144.8154687870049,121.56926773485455,45.0,False,12.322166047870654,20.17207830148545,9.815154831980628,15.562380563954735,20.17207830148545,12.322166047870654,,,,,,
6,2100.0,2162.0970763354235,2597.4355339098643,140.57604566705007,108.14731472459746,48.17983011986422,False,9.469112195483758,14.691040498852797,7.62601992468267,11.740045878868592,14.691040498852797,9.469112195483758,,,,,,
6,2150.0,2212.086145263033,2599.457974228017,60.235294117647,102.73157109096285,89.99999999999982,False,8.456747725246101,12.910885089260018,6.836180957932476,10.422899135318008,12.910885089260018,8.456747725246101,,,,,,
6,2200.0,2262.075318046495,2601.4801179025935,63.99999999999993,92.21059666695234,89.99999999999982,False,6.692763111868221,9.963281627025498,5.444422390536005,8.169565701170722,9.963281627025498,6.692763111868221,,,,,,
6,2250.0,2312.0645946797076,2603.5019649272945,104.03104688311235,65.05186901200797,61.69924423399351,False,3.2174407464208663,4.594835326891674,2.6480772678049265,3.8618421948071116,4.594835326891674,3.2174407464208663,,,,,,
6,2350.0,2412.043459485153,2607.5447690204714,31.941135047272596,49.63247601753675,81.02737338510354,False,1.847870004461516,2.602163616067537,1.5274994410577845,2.204814844639962,2.602163616067537,1.847870004461516,,,,,,
6,2400.0,2462.033047648119,2609.5657260811986,31.75289205483733,31.499619062344888,82.87498365109812,False,0.7362655964404338,1.0258719305888826,0.6107087663573268,0.8744741688166785,1.0258719305888826,0.7362655964404338,,,,,,
6,2450.0,2512.022739644747,2611.5863864799007,30.804830084924735,33.212736749985964,83.08877288097524,False,0.8191887178509328,1.142289649920744,0.6793190327953429,0.9732884466742093,1.142289649920744,0.8191887178509328,,,,,,
6,2550.0,2612.002435124126,2615.6268172828272,38.35208981290919,63.08111962443696,87.13759477388813,False,3.019544616760653,4.303174387468388,2.48678541428317,3.6211172211553024,4.303174387468388,3.019544616760653,,,,,,
6,2600.0,2661.992438597856,2617.6465876800517,38.35208981290919,73.83988280427435,87.13759477388813,False,4.18539170126262,6.0411405355917225,3.4338710818351914,5.045933819534947,6.0411405355917225,4.18539170126262,,,,,,
6,2650.0,2711.9825458891582,2619.666061403101,144.8154687870047,91.58377929995694,98.13010235415544,False,6.595629137532292,9.80595356584471,5.36722780477883,8.046909217945412,9.80595356584471,6.595629137532292,,,,,,
6,2750.0,2811.9630719088664,2623.7041188118806,144.8154687870047,115.50660882096606,98.13010235415544,False,10.969275478540709,17.475463712609834,8.78401537492887,13.728038256918746,17.475463712609834,10.969275478540709,,,,,,
6,2850.0,2911.944013146702,2627.7409894879565,56.88888888888882,92.00717883655285,89.99999999999983,False,6.6611460952213575,9.9120188209386,5.419301903244146,8.129625591438451,9.9120188209386,6.6611460952213575,,,,,,
6,2900.0,2961.9346394615045,2629.758979791532,56.88888888888882,81.27626370917737,89.99999999999983,False,5.118172821203898,7.468422996768743,4.186112755993417,6.198014984535317,7.468422996768743,5.118172821203898,,,,,,
6,2950.0,3011.9253695687676,2631.7766734017837,109.43546878142905,81.27626370917737,4.085616779975145,False,5.118172821203898,7.468422996768743,4.186112755993417,6.198014984535317,7.468422996768743,5.118172821203898,,,,,,
6,3000.0,3061.916203463374,2633.7940703154095,101.89180827750278,89.40538864927355,5.7105931374998935,False,6.264716198062123,9.273515005003777,5.103816120454072,7.630098704401651,9.273515005003777,6.264716198062123,,,,,,
7,400.0,471.37677799369357,2295.22979467559,81.91999999999992,nan,89.99999999999976,False,nan,nan,nan,nan,nan,nan,,,,,,
7,450.0,521.3714008846221,2296.9951505069234,87.77142857142849,80.88280258634926,89.99999999999973,False,5.066104777483915,7.387822092994696,4.144254157670177,6.133407419753179,7.387822092994696,5.066104777483915,,,,,,
7,550.0,621.3609510949093,2300.524971865775,72.9569791876194,75.53448289214288,94.08561677997461,False,4.38855260594995,6.349076867668745,3.5981331634244307,5.295911032702404,6.349076867668745,4.38855260594995,,,,,,
7,600.0,671.3558784084001,2302.2894373835998,73.14285714285705,69.99529277744755,89.99999999999979,False,3.744489841253304,5.378176909137244,3.076588493991947,4.505184939158267,5.378176909137244,3.744489841253304,,,,,,
7,650.0,721.350907188118,2304.053606125121,68.26666666666658,61.549653942115626,89.9999999999998,False,2.8704867713510134,4.084353692768582,2.3651573188019053,3.4400955704516067,4.084353692768582,2.8704867713510134,,,,,,
7,700.0,771.3460374267473,2305.817478084438,65.61466811264717,52.51167782474935,160.01689347809975,False,2.073052334646411,2.925784503136378,1.7124320757707254,2.4758554792746477,2.925784503136378,2.073052334646411,,,,,,
7,750.0,821.3412691252576,2307.581053260403,27.767098600787957,43.43652611633553,77.47119229084842,False,1.4092412615737897,1.9760454352358126,1.1665075132129574,1.6783802088045439,1.9760454352358126,1.4092412615737897,,,,,,
7,800.0,871.3366022753652,2309.3443316482662,27.767098600787957,35.21887120200063,77.47119229084842,False,0.9220635495708848,1.286972283219805,0.7643884719240328,1.0959713655465368,1.286972283219805,0.9220635495708848,,,,,,
7,850.0,921.3320368741491,2311.1073132473234,27.767098600787957,27.5316159984696,77.47119229084842,False,0.561498586615779,0.7811044900370432,0.4659926741496049,0.6664336477086488,0.7811044900370432,0.561498586615779,,,,,,
7,900.0,971.3275729172152,2312.869998052378,27.178392094992077,27.35650776824624,76.70142966950567,False,0.5543401484404085,0.7710958167032609,0.4600618147005004,0.6579186060498765,0.7710958167032609,0.5543401484404085,,,,,,
7,950.0,1021.3232104011519,2314.632386061229,27.178392094992077,51.21065422507119,76.70142966950567,False,1.9696017634778582,2.776922826197201,1.6275058045330282,2.3512705968177934,2.776922826197201,1.9696017634778582,,,,,,
7,1000.0,1071.3189493193813,2316.3944772702257,26.89155744967115,74.89611637441001,76.32869286780412,False,4.311379485660722,6.231917381597177,3.5357637514717553,5.20089326566577,6.231917381597177,4.311379485660722,,,,,,
7,1050.0,1121.3147896697058,2318.156271676768,147.03783088491267,92.00120700769726,68.96248897457795,False,6.660219275887918,9.910516875170273,5.418565431324325,8.128455016123013,9.910516875170273,6.660219275887918,,,,,,
7,1100.0,1171.310731448223,2319.917769277158,146.19440934748212,114.37810977296049,78.23171106797898,False,10.729454268798513,17.0171128928083,8.59991113658615,13.407133751652012,17.0171128928083,10.729454268798513,,,,,,
7,1150.0,1221.3067746483543,2321.678970067743,112.70384526142826,131.7553538385818,73.55962047831963,False,14.862711729201056,25.907687755575907,11.716077678021069,19.13287983742347,25.907687755575907,14.862711729201056,,,,,,
7,1200.0,1271.3029192681486,2323.439874046674,139.06290592130824,127.94778766159922,84.80557109226486,False,13.87115477031464,23.542584837008288,10.9798003851432,17.717928256784905,23.542584837008288,13.87115477031464,,,,,,
7,1250.0,1321.2991653012737,2325.2004812110486,113.77777777777767,124.30890579210279,89.99999999999966,False,12.97096913369927,21.542074153470463,10.30508312479681,16.45759673640124,21.542074153470463,12.97096913369927,,,,,,
7,1300.0,1371.2955127455189,2326.9607915541237,127.99999999999986,127.17045038368698,89.99999999999962,False,13.675062649450078,23.095961221918667,10.833327798112382,17.44149562433642,23.095961221918667,13.675062649450078,,,,,,
7,1350.0,1421.2919615948106,2328.7208050778895,127.99999999999986,124.19733649928168,89.99999999999962,False,12.944071512745845,21.484157758273156,10.284831958335678,16.420270947550204,21.484157758273156,12.944071512745845,,,,,,
7,1400.0,1471.2885118457239,2330.4805217760018,127.01156821934933,127.5057841096746,97.12501634890134,False,13.759397042589335,23.287259799823257,10.896356730714675,17.560250262562544,23.287259799823257,13.759397042589335,,,,,,
7,1500.0,1571.2819165351107,2333.999064683514,127.01156821934933,134.17090103895362,97.12501634890134,False,15.519624691268879,27.588694514765667,12.199780503536756,20.087082290143954,27.588694514765667,15.519624691268879,,,,,,
7,1550.0,1621.27877096384,2335.757890887811,140.65721748345732,134.1709010389536,105.94539590092232,False,15.519624691268875,27.588694514765645,12.19978050353675,20.08708229014394,27.588694514765645,15.519624691268875,,,,,,
7,1600.0,1671.2757267771321,2337.5164202554515,142.0032502336585,132.73903447503272,56.309932474020094,False,15.12753966665725,26.573237152008033,11.911473576371113,19.515877179952543,26.573237152008033,15.12753966665725,,,,,,
7,1650.0,1721.272783972053,2339.27465278159,127.01156821934926,133.58258807622173,60.255118703057654,False,15.35757116264097,27.16444492531965,12.080762450523945,19.850382684403296,27.16444492531965,15.35757116264097,,,,,,
7,1700.0,1771.2699425413007,2341.0325884644694,127.01156821934926,130.82926937775187,60.255118703057654,False,14.616695016327855,25.30299055891253,11.534085542324453,18.7790581055618,25.30299055891253,14.616695016327855,,,,,,
7,1750.0,1821.2672024821875,2342.7902272999945,131.2293362252943,129.90542263853757,109.98310652189942,False,14.37441316691848,24.719475593252373,11.354411438652233,18.432415666633275,24.719475593252373,14.37441316691848,,,,,,
7,1800.0,1871.2645637900873,2344.5475692863624,126.89062399110799,130.62888624333462,75.65066795705259,False,14.563879263806047,25.174797961011105,11.49495537400079,18.70334111436962,25.174797961011105,14.563879263806047,,,,,,
7,1850.0,1921.2620264618195,2346.3046144179775,137.38401653758697,115.90486088258342,116.5650511770775,False,11.054784913413345,17.640218027478703,8.849563710313817,13.842756927361185,17.640218027478703,11.054784913413345,,,,,,
7,1950.0,2021.2572558748782,2349.817814111683,68.11546677634442,84.37257877829515,86.18592516570946,False,5.538801955973206,8.123802570839791,4.52368683439867,6.7212814756432655,8.123802570839791,5.538801955973206,,,,,,
7,2000.0,2071.255022609368,2351.5739686652287,68.11546677634442,66.70209952519788,86.18592516570946,False,3.388472373241585,4.84797452134367,2.787300692260006,4.070253593401196,4.84797452134367,3.388472373241585,,,,,,
7,2050.0,2121.2528906877114,2353.329826352316,63.875365022904795,78.47101908834283,86.42366562500249,False,4.7536517192514145,6.90650715726473,3.892737656496033,5.746457502366089,6.90650715726473,4.7536517192514145,,,,,,
7,2150.0,2221.2489308669374,2356.840651120119,113.77777777777767,103.31619684364863,89.99999999999966,False,8.56247485164971,13.093508649396883,6.918977364666656,10.559597613194542,13.093508649396883,8.56247485164971,,,,,,
7,2200.0,2271.247102956848,2358.595618191985,117.80582228695603,119.34735558792241,94.39870535499512,False,11.813416708649537,19.13445381343381,9.428895589413035,14.867632272786588,19.13445381343381,11.813416708649537,,,,,,
7,2250.0,2321.2453763769513,2360.3502883844467,117.80582228695603,99.9833683304731,94.39870535499512,False,7.970924586274829,12.080886023576241,6.454812658287813,9.797230192801303,12.080886023576241,7.970924586274829,,,,,,
7,2300.0,2371.2437511187313,2362.1046616961476,127.99999999999986,96.53476596864694,89.99999999999962,False,7.386725820343624,11.101701917286128,5.994255198682771,9.0500699658776,11.101701917286128,7.386725820343624,,,,,,
7,2350.0,2421.242227182421,2363.8587381236925,22.527419300675813,101.79218364789286,85.79464299829135,False,8.28862241628154,12.621971357819557,6.704372896512199,10.20592286594559,12.621971357819557,8.28862241628154,,,,,,
7,2450.0,2521.2394832518894,2367.3660003116593,138.8354930039397,95.18038410773927,77.4711922908482,False,7.164829562216239,10.734871491686988,5.818766190227962,8.767713267481595,10.734871491686988,7.164829562216239,,,,,,
7,2550.0,2621.237144549766,2370.872074921846,124.17824001860234,106.63687251819441,75.96375653207325,False,9.17923900398648,14.173917892508651,7.400541894907085,11.360994402727405,14.173917892508651,9.17923900398648,,,,,,
7,2600.0,2671.2361271474497,2372.6246668787007,124.17824001860234,81.7668785251178,75.96375653207325,False,5.183531289702757,7.569759081191144,4.238633551777848,6.279164861250566,7.569759081191144,5.183531289702757,,,,,,
7,2650.0,2721.2352110409633,2374.376961933396,39.355517031633255,94.37659657749523,87.7974018382341,False,7.035112033716406,10.5216727228905,5.716037323516265,8.603008753112102,10.5216727228905,7.035112033716406,,,,,,
7,2700.0,2771.234396222991,2376.128960080034,39.355517031633255,97.06623909898279,87.7974018382341,False,7.474949824000415,11.248312179103872,6.063943524930863,9.16254941526672,11.248312179103872,7.474949824000415,,,,,,
7,2750.0,2821.233682691582,2377.8806613167644,144.8154687870049,101.1295361720064,134.99999999999937,False,8.171319810858362,12.421457752971193,6.612302843246212,10.054823602686412,12.421457752971193,8.171319810858362,,,,,,
7,2800.0,2871.2330704413725,2379.632065639537,137.62645262604025,118.85843276567974,53.74616226255511,False,11.703508873109612,18.91418944835024,9.345211406066817,14.718343570039716,18.91418944835024,11.703508873109612,,,,,,
7,2850.0,2921.2325594665217,2381.383173046948,144.49472538372035,136.58732935935308,48.81407483429038,False,16.199584611163893,29.446049191895362,12.696956410360082,21.090038760934345,29.446049191895362,16.199584611163893,,,,,,
7,2900.0,2971.2321497660478,2383.1339835360004,127.99999999999989,134.53029450244009,53.13010235415594,False,15.619285428390342,27.85292988613418,12.272874733845006,20.2330861390286,27.85292988613418,15.619285428390342,,,,,,
7,2950.0,3021.2318413340954,2384.884497101146,127.99999999999989,133.49824179457337,53.13010235415594,False,15.334447512690671,27.10444036175761,12.063763171958103,19.816678668168066,27.10444036175761,15.334447512690671,,,,,,
8,400.0,479.25482793004124,2063.032110965057,57.787663153469424,58.32294695362358,73.61045966596511,False,2.5697870018258397,3.645121806023795,2.119426073107203,3.0756746922963893,3.645121806023795,2.5697870018258397,,,,,,
8,450.0,529.252671275295,2064.671119045363,57.787663153469424,105.83133022451887,73.61045966596511,False,9.02705489511485,13.904873438619616,7.281946199528743,11.162614571209465,13.904873438619616,9.02705489511485,,,,,,
8,500.0,579.2506148916643,2066.3098302656736,59.39351455393188,105.83133022451887,73.14160123226162,False,9.02705489511485,13.904873438619616,7.281946199528743,11.162614571209465,13.904873438619616,9.02705489511485,,,,,,
8,550.0,629.2486587764614,2067.9482446218935,248.35648003720473,121.84588591486867,165.96375653207267,False,12.386583050647726,20.30567068561338,9.863932029253698,15.650792957431912,20.30567068561338,12.386583050647726,,,,,,
8,700.0,779.2433919841676,2072.8617064749883,103.32254115783341,109.10663383819802,70.34617594194648,False,9.656319308301757,15.028363436015436,7.771346386122417,11.98568860060409,15.028363436015436,9.656319308301757,,,,,,
8,750.0,829.2418368919894,2074.4989333433336,112.92896595360881,110.4516454906458,72.89727103094742,False,9.92291464307449,15.51345216216103,7.977901693576054,12.336665327674565,15.51345216216103,9.92291464307449,,,,,,
8,800.0,879.2403820448469,2076.1358633336827,111.06839440315186,96.87987337998752,77.47119229084822,False,7.443939096540814,11.19672867706203,6.039453584142779,9.122998730068366,11.19672867706203,7.443939096540814,,,,,,
8,850.0,929.2390274383469,2077.7724964408376,114.48668044798914,84.7339221358917,79.6951535312337,False,5.589161752707874,8.202785402468146,4.56403350279958,6.784091207059902,8.202785402468146,5.589161752707874,,,,,,
8,900.0,979.2377730698008,2079.408832660702,42.59278493735434,70.6666859326408,73.07248693585287,False,3.8195062614008553,5.490471959574543,3.137454502424652,4.597022451967805,5.490471959574543,3.8195062614008553,,,,,,
8,950.0,1029.2366189311829,2081.044871993416,42.59278493735434,57.474420743802185,73.07248693585287,False,2.4936889906851314,3.5344240109630634,2.0571616315538623,2.9836100477367395,3.5344240109630634,2.4936889906851314,,,,,,
8,1000.0,1079.2355650217442,2082.680614432589,42.59278493735434,43.22135581775543,73.07248693585287,False,1.3951214514987307,1.9559815502033082,1.1548702147345853,1.661466719609355,1.9559815502033082,1.3951214514987307,,,,,,
8,1050.0,1129.2346113361336,2084.316059978314,45.107068458958715,43.43087944455579,75.71890426402909,False,1.408869771798032,1.975517485946155,1.1662013511579188,1.6779351918237018,1.975517485946155,1.408869771798032,,,,,,
8,1200.0,1279.23235157593,2089.2206152119174,114.4866804479891,114.4866804479891,63.434948822921854,False,10.752368581877914,17.06067410485897,8.617518749350692,13.437742501033037,17.06067410485897,10.752368581877914,,,,,,
8,1250.0,1329.231798741487,2090.8548731435635,114.4866804479891,114.4866804479891,63.434948822921854,False,10.752368581877914,17.06067410485897,8.617518749350692,13.437742501033037,17.06067410485897,10.752368581877914,,,,,,
8,1300.0,1379.2313461082042,2092.48883416596,114.4866804479891,116.99165800226112,63.434948822921854,False,11.290485416891874,18.098081203928373,9.02998321918501,14.15979691131437,18.098081203928373,11.290485416891874,,,,,,
8,1350.0,1429.2309936716886,2094.12249827391,114.4866804479891,107.5633431418385,63.434948822921854,False,9.356336822595745,14.489115269282035,7.5383628088721135,11.592388919338486,14.489115269282035,9.356336822595745,,,,,,
8,1400.0,1479.2307414309569,2095.7558654644163,127.01156821934926,107.42156260779623,60.255118703057654,False,9.329090734896415,14.440473024955013,7.517172708047904,11.556751393727776,14.440473024955013,9.329090734896415,,,,,,
8,1450.0,1529.2305893774933,2097.3889357361227,67.34510614587596,113.7813693753412,63.43494882292193,False,10.604107012866582,16.77967537272152,8.503529870268604,13.239891473919268,16.77967537272152,10.604107012866582,,,,,,
8,1500.0,1579.2305375098238,2099.021709084532,113.77777777777767,120.14117614288618,89.99999999999966,False,11.993420793260812,19.498128002099282,9.565768744377776,15.112742151289206,19.498128002099282,11.993420793260812,,,,,,
8,1550.0,1629.2305858201564,2100.654185506393,146.28571428571402,123.99600535615915,89.99999999999956,False,12.89563721392699,21.380122043330683,10.248352730428364,16.35310595131567,21.380122043330683,12.89563721392699,,,,,,
8,1600.0,1679.230734308969,2102.2863649990586,146.28571428571402,132.23574070951418,89.99999999999956,False,14.991586537308853,26.22961444871002,11.811230866521765,19.318981847284938,26.22961444871002,14.991586537308853,,,,,,
8,1650.0,1729.2309829684675,2103.9182475592747,146.28571428571402,130.7765776226358,89.99999999999956,False,14.602792570399968,25.269192471954085,11.52378752235627,18.75911922628417,25.269192471954085,14.602792570399968,,,,,,
8,1700.0,1779.2313317945052,2105.549833182594,108.54378291265117,123.97212005975295,57.99461679191643,False,12.889899943303735,21.36782002357126,10.244030475840406,16.345153952336872,21.36782002357126,12.889899943303735,,,,,,
8,1750.0,1829.231780785621,2107.181121868665,106.48196234338585,117.30077039333189,73.0724869358528,False,11.358158760964875,18.23057557785343,9.081713849672278,14.251050828401485,18.23057557785343,11.358158760964875,,,,,,
8,1800.0,1879.2323299344994,2108.8121136115874,112.26342647129964,110.62942072691085,74.74488129694195,False,9.958515364658584,15.57866057324334,8.005449105262247,12.383639291492674,15.57866057324334,9.958515364658584,,,,,,
8,1850.0,1929.2329792370062,2110.442808411059,112.92896595360881,114.08219212989923,72.89727103094742,False,10.667169687850226,16.89895151874781,8.552032961070555,13.323990466199787,16.89895151874781,10.667169687850226,,,,,,
8,1900.0,1979.2337286899615,2112.0732062614834,112.92896595360881,142.45709566866302,72.89727103094742,False,17.953140711975013,34.99883810798427,13.962291103612564,23.75690067561009,34.99883810798427,17.953140711975013,,,,,,
8,1950.0,2029.2345782899536,2113.70330716066,125.80763992759304,150.00551296800384,79.38034472384454,False,20.445476401806758,46.794956406878526,15.717293927272905,27.789320152130145,46.794956406878526,20.445476401806758,,,,,,
8,2000.0,2079.235528030404,2115.333111104937,248.35648003720473,145.0459987523289,165.96375653207267,False,18.77597156888396,38.16780653870302,14.547445529199962,25.053451036106683,38.16780653870302,18.77597156888396,,,,,,
8,2100.0,2179.2377279173284,2118.59182811889,93.09090909090897,124.74646266664377,89.99999999999972,False,13.076853653806861,21.771056662316035,10.384752666109053,16.604715498956057,21.771056662316035,13.076853653806861,,,,,,
8,2150.0,2229.2389780564877,2120.2207411826666,78.76923076923069,82.34965034965026,89.99999999999976,False,5.261794730858524,7.691342563329095,4.301491876542351,6.3764130114097295,7.691342563329095,5.261794730858524,,,,,,
8,2200.0,2279.240328320015,2121.8493572793927,78.76923076923069,71.61102366519415,89.99999999999976,False,3.926430017692831,5.650883902354236,3.2241548210086903,4.7280396964161575,5.650883902354236,3.926430017692831,,,,,,
8,2250.0,2329.2417787015793,2123.4776764061676,78.76923076923069,60.30596165936761,89.99999999999976,False,2.7524517049920063,3.9115920698758173,2.2687575749306848,3.2969272754437404,3.9115920698758173,2.7524517049920063,,,,,,
8,2300.0,2379.2433291997063,2125.105698558494,28.656516927369772,64.93047716102203,81.41637851988598,False,3.2050517939526872,4.576537621245082,2.6379861530487676,3.846758780710418,4.576537621245082,3.2050517939526872,,,,,,
8,2350.0,2429.2449798092916,2126.7334237372174,36.56559906177622,67.7948128253577,91.02303018866773,False,3.5044174024533326,5.020156486776129,2.8815907886908048,4.211733685167957,5.020156486776129,3.5044174024533326,,,,,,
8,2400.0,2479.246730525696,2128.3608519363893,101.89180827750278,70.65914848969334,95.71059313749927,False,3.818659468324392,5.489203224632304,3.1367676158323774,4.5959854015291,5.489203224632304,3.818659468324392,,,,,,
8,2450.0,2529.2485813430644,2129.9879831504627,93.09090909090897,72.88461888865008,89.99999999999972,False,4.073263067491273,5.8718550490662045,3.343111663252426,4.908186475862002,5.8718550490662045,4.073263067491273,,,,,,
8,2500.0,2579.250532260919,2131.6148173820825,93.09090909090897,73.5859423934899,89.99999999999972,False,4.155416501171331,5.995839350460225,3.409615424302018,5.009094756014064,5.995839350460225,4.155416501171331,,,,,,
8,2550.0,2629.252583271208,2133.2413546231014,39.7838689221535,66.5094759224867,60.94539590092281,False,3.3682568789042877,4.8180017054016995,2.7708532316182986,4.045602123280818,4.8180017054016995,3.3682568789042877,,,,,,
8,2600.0,2679.2547343715028,2134.8675948743166,40.07221658597537,57.64899819967928,59.420773127510955,False,2.509244970820071,3.557038020230779,2.069892278758668,3.0024247465554565,3.557038020230779,2.509244970820071,,,,,,
8,2800.0,2879.264339580781,2141.369585897605,86.69253906926023,nan,61.699244233993525,False,nan,nan,nan,nan,nan,nan,,,,,,
9,400.0,486.77597322687234,1831.6446162979248,89.81074117703967,86.17302553141133,74.74488129694203,False,5.7924016346854925,8.522696359342975,4.726711116817689,7.037933430980298,8.522696359342975,5.7924016346854925,,,,,,
9,450.0,536.7737626779611,1833.2517015383894,91.1348038635488,83.25650515134885,69.14554196042148,False,5.38494463708698,7.883190157763516,4.400329114229321,6.5296032302101,7.883190157763516,5.38494463708698,,,,,,
9,500.0,586.7716520805799,1834.858489912433,77.5735315536455,80.38278983888321,65.37643521383626,False,5.0003814871583305,7.286244929195572,4.0913954094416995,6.051907389939078,7.286244929195572,5.0003814871583305,,,,,,
9,550.0,636.7696414295975,1836.4649814126105,74.50694401116141,78.0258020043441,67.1663458220823,False,4.697222746249112,6.820006023409992,3.847253951652251,5.676710225373072,6.820006023409992,4.697222746249112,,,,,,
9,600.0,686.7677307213698,1838.0711760401166,68.88792858902069,73.65613471794252,66.19405648154218,False,4.163689853527267,6.008339386877661,3.4163106516269273,5.019261465633819,6.008339386877661,4.163689853527267,,,,,,
9,850.0,936.7596761652267,1846.097695951297,111.06839440315186,59.974783563419955,102.52880770915111,False,2.7214733299751392,3.866325561110849,2.2434449080944643,3.2593785593971245,3.866325561110849,2.7214733299751392,,,,,,
9,900.0,986.7583650216014,1847.7021092675316,34.03891176010408,53.68534880431595,68.55226367289458,False,2.168793104653411,3.063839337604381,1.7909785565481953,2.591257174520226,3.063839337604381,2.168793104653411,,,,,,
9,950.0,1036.75715378806,1849.3062256852954,34.817044527003915,49.91168794885355,72.18111108547716,False,1.8691081798051041,2.6326217503955607,1.544952878274527,2.2303553012093533,2.6326217503955607,1.8691081798051041,,,,,,
9,1000.0,1086.7560424633875,1850.910045204988,34.817044527003915,34.56292066532003,72.18111108547716,False,0.8877395624797649,1.238667753208453,0.7360112351505534,1.0550269062055682,1.238667753208453,0.8877395624797649,,,,,,
9,1050.0,1136.755031042221,1852.5135678225581,34.817044527003915,34.62004991039608,72.18111108547716,False,0.8907024048405443,1.2428361494028068,0.738460992488156,1.05856077035217,1.2428361494028068,0.8907024048405443,,,,,,
9,1100.0,1186.754119520657,1854.1167935343074,34.324557985484304,34.52155260209215,76.42956561483844,False,0.8855972898611593,1.23565395553726,0.7342399188594669,1.0524718120115235,1.23565395553726,0.8855972898611593,,,,,,
9,1150.0,1236.7533078933327,1855.719722336186,34.324557985484304,34.44767962086421,76.42956561483844,False,0.8817783333688336,1.2302816655569024,0.7310821953674467,1.0479170442917887,1.2302816655569024,0.8817783333688336,,,,,,
9,1200.0,1286.7525961561123,1857.3223542278893,34.324557985484304,34.743899179476486,76.42956561483844,False,0.8971428841487328,1.2518980124024464,0.7437859981895698,1.0662428058173687,1.2518980124024464,0.8971428841487328,,,,,,
9,1300.0,1386.751472335636,1860.5267272637284,36.00192276145302,49.51930269818673,100.12467165539768,False,1.8392979827146394,2.5898740556447994,1.5204543192673925,2.1945077041984193,2.5898740556447994,1.8392979827146394,,,,,,
9,1350.0,1436.7510602445739,1862.128468400466,63.875365022904795,58.13671334243362,86.42366562500249,False,2.5529795669841797,3.620656710156719,2.105676676306362,3.055335284195333,3.620656710156719,2.5529795669841797,,,,,,
9,1400.0,1486.7507480260654,1863.7299126145276,63.875365022904795,60.57509242229264,86.42366562500249,False,2.777766161271255,3.9486053360009032,2.2894383567177803,3.3276187616638127,3.9486053360009032,2.777766161271255,,,,,,
9,1450.0,1536.7505356771776,1865.331059901067,68.7942005624719,81.5061513666935,97.72182580013074,False,5.148737835072499,7.515790531415532,4.210677293730347,6.235957776988529,7.515790531415532,5.148737835072499,,,,,,
9,1500.0,1586.7504231913317,1866.9319102564323,70.3286087417287,94.13339200598242,105.94539590092259,False,6.996150065670292,10.45781269569776,5.685161518890702,8.553589049963232,10.45781269569776,6.996150065670292,,,,,,
9,1550.0,1636.7504105665764,1868.532463678774,140.65721748345732,106.76063264527131,74.05460409907685,False,9.202767653183903,14.21566222424189,7.418864120206646,11.391703213006698,14.21566222424189,9.202767653183903,,,,,,
9,1600.0,1686.7504977975484,1870.132720164042,127.01156821934933,118.40410617664679,82.8749836510979,False,11.602027637670323,18.71198900924951,9.267868486425325,14.580748088566354,18.71198900924951,11.602027637670323,,,,,,
9,1650.0,1736.7506848796213,1871.732679710434,127.01156821934933,129.74069807217091,82.8749836510979,False,14.33153921702597,24.617404981229324,11.322570726776213,18.371257646460737,24.617404981229324,14.33153921702597,,,,,,
9,1700.0,1786.7509718098613,1873.3323423131037,127.01156821934933,127.01156821934933,82.8749836510979,False,13.635240367674363,23.006034721471302,10.803547693718098,17.38548910293171,23.006034721471302,13.635240367674363,,,,,,
9,1750.0,1836.7513585824274,1874.9317079706473,127.01156821934933,127.01156821934933,82.8749836510979,False,13.635240367674363,23.006034721471302,10.803547693718098,17.38548910293171,23.006034721471302,13.635240367674363,,,,,,
9,1800.0,1886.75184519171,1876.5307766782646,127.01156821934933,129.4218357597411,82.8749836510979,False,14.24882453375078,24.421464739997717,11.261103183011656,18.253422339537163,24.421464739997717,14.24882453375078,,,,,,
9,1850.0,1936.7524316372185,1878.1295484344582,127.01156821934933,130.02440264483906,82.8749836510979,False,14.405441885288358,24.793565078437453,11.377446617800718,18.476711092656185,24.793565078437453,14.405441885288358,,,,,,
9,1900.0,1986.7531179111597,1879.7280232359735,139.06290592130824,149.47151059000163,84.80557109226486,False,20.259503553724784,45.60502822750961,15.588154910495934,27.47687593968104,45.60502822750961,20.259503553724784,,,,,,
9,2000.0,2086.7547899326196,1882.9240819597298,204.79999999999964,182.8876353071025,36.86989764584419,False,36.211084155251484,nan,25.462728648501766,nan,nan,36.211084155251484,,,,,,
9,2050.0,2136.7557756713627,1884.5216658757201,204.79999999999964,nan,36.86989764584419,False,nan,nan,nan,nan,nan,nan,,,,,,
9,2250.0,2336.760716704663,1890.9090318364038,61.39090690386666,99.48512984519512,92.29061004263832,False,7.88479281457102,11.935257492469226,6.387044153215521,9.686720629275575,11.935257492469226,7.88479281457102,,,,,,
9,2300.0,2386.7622014614785,1892.5051308836066,117.21434790288117,99.13420028555778,74.0546040990769,False,7.824480555162893,11.83354866962097,6.339562721301275,9.609411468487423,11.83354866962097,7.824480555162893,,,,,,
9,2350.0,2436.7637860103987,1894.1009329473836,119.85013472883753,98.92364254977538,69.44395478041629,False,7.78843304372946,11.772862550037212,6.311173070231403,9.56323387881006,11.772862550037212,7.78843304372946,,,,,,
9,2400.0,2486.765470344122,1895.6964380259792,98.08141160664577,104.60760940440998,73.30075576600615,False,8.799030287951851,13.504800128869986,7.103967953181041,10.866160682936144,13.504800128869986,8.799030287951851,,,,,,
9,2450.0,2536.767254460207,1897.291646116046,98.08141160664577,99.12688805924168,73.30075576600615,False,7.823226945398463,11.831436918854058,6.338575562472799,9.607805209884797,11.831436918854058,7.823226945398463,,,,,,
9,2500.0,2586.7691383540114,1898.8865572116365,89.81074117703967,95.82136934504086,74.74488129694203,False,7.269323615988078,10.907278651595545,5.901444263398584,8.900582266647907,10.907278651595545,7.269323615988078,,,,,,
9,2550.0,2636.7711220228616,1900.4811713127983,89.81074117703967,99.10242311330953,74.74488129694203,False,7.819033588424191,11.824373736710685,6.335273419186452,9.60243242170933,11.824373736710685,7.819033588424191,,,,,,
9,2600.0,2686.7732054596886,1902.075488414381,103.32254115783341,102.38347688157819,70.34617594194648,False,8.394196144861072,12.80318165007218,6.787162346701242,10.342115414179471,12.80318165007218,8.394196144861072,,,,,,
9,2650.0,2736.775388661326,1903.6695085149336,114.4866804479891,108.39135559193778,63.434948822921854,False,9.516505594315248,14.776184220799198,7.66283259072451,11.80216977168795,14.776184220799198,9.516505594315248,,,,,,
9,2700.0,2786.777671624116,1905.2632316115062,114.4866804479891,115.2648553602503,63.434948822921854,False,10.917591847089827,17.376224753729982,8.744372396087888,13.658776505452035,17.376224753729982,10.917591847089827,,,,,,
9,2750.0,2836.7800543419594,1906.8566576978008,119.85013472883753,124.72378548590868,69.44395478041629,False,13.0713504321693,21.759116319620972,10.380613931313972,16.597061958206584,21.759116319620972,13.0713504321693,,,,,,
9,2800.0,2886.7825368124254,1908.449786774614,124.17824001860234,131.9408403172732,75.96375653207325,False,14.912370145084294,26.031302921657094,11.752757287146032,19.204527188659284,26.031302921657094,14.912370145084294,,,,,,
9,2850.0,2936.785119030152,1910.042618837896,150.61719178612526,141.42522746779952,78.69006752597937,False,17.633900843490753,33.88451350419179,13.733771022663207,23.262068633023077,33.88451350419179,17.633900843490753,,,,,,
9,2900.0,2986.78780099099,1911.6351538831984,150.5719546048117,122.62352048857197,72.89727103094732,False,12.568975874269068,20.686757020578174,10.001881753822078,15.901682133309475,20.686757020578174,12.568975874269068,,,,,,
9,2950.0,3036.790582689822,1913.22739190722,161.90861620062083,122.23484060606438,71.56505117707769,False,12.47757069270517,20.49524995609693,9.932778581524065,15.775847362173526,20.49524995609693,12.47757069270517,,,,,,
9,3000.0,3086.793464124451,1914.8193329073629,25.841599832699725,112.77405687937743,77.36663806472495,False,10.394793561232756,16.386340259072337,8.34234895992737,12.961348178836245,16.386340259072337,10.394793561232756,,,,,,
10,400.0,494.14864788282193,1600.4511411248175,82.9210962103209,90.67066843374327,68.62937773065669,False,6.4556683469715495,9.58009526636686,5.2558974081502505,7.870420543538505,9.58009526636686,6.4556683469715495,,,,,,
10,450.0,544.1466778253198,1602.0162952603196,95.99999999999993,90.55225775467203,89.9999999999997,False,6.437651390257533,9.551091811736484,5.241557414534742,7.847722500442511,9.551091811736484,6.437651390257533,,,,,,
10,500.0,594.1448073051256,1603.5811525133374,93.09090909090897,89.44952047778355,89.99999999999972,False,6.271318389899971,9.28408533444253,5.1090780026486815,7.6383989538746535,9.28408533444253,6.271318389899971,,,,,,
10,550.0,644.1430363146791,1605.1457128772224,90.19702571745832,89.8730155097653,86.63353933656998,False,6.334886706707739,9.385968689598323,5.159727949432239,7.71834932331709,9.385968689598323,6.334886706707739,,,,,,
10,600.0,694.1413648527655,1606.709976352373,85.03857137022963,88.00931445580612,85.2363583092736,False,6.058009318067062,8.943629200788092,4.938940866286444,7.370546907774488,8.943629200788092,6.058009318067062,,,,,,
10,650.0,744.1397929152363,1608.2739429343405,85.03857137022963,89.00741495895349,85.2363583092736,False,6.205367245188196,9.17858992020358,5.056503861503661,7.5555138865337454,9.17858992020358,6.205367245188196,,,,,,
10,700.0,794.1383204964828,1609.8376126183261,86.68149473020408,90.58429213679098,73.61045966596502,False,6.442522628592208,9.55893187938597,5.245434706551486,7.853858889736605,9.55893187938597,6.442522628592208,,,,,,
10,750.0,844.1369475921235,1611.4009854032763,98.08141160664577,93.19286018407419,73.30075576600615,False,6.846721511166705,10.213639135180506,5.566659288671135,8.364268998026114,10.213639135180506,6.846721511166705,,,,,,
10,800.0,894.1356741989928,1612.9640612877404,98.08141160664577,95.80142823135743,73.30075576600615,False,7.266058686129584,10.901882699570757,5.898861994952967,8.896428160682131,10.901882699570757,7.266058686129584,,,,,,
10,850.0,944.1345003107447,1614.5268402646707,98.08141160664577,97.09186528810697,73.30075576600615,False,7.479220229256641,11.255419871249183,6.0673155026005565,9.167997041914125,11.255419871249183,7.479220229256641,,,,,,
10,900.0,994.1334259254279,1616.0893223322182,98.08141160664577,96.84447870847228,73.30075576600615,False,7.4380585893175075,11.186953121497035,6.034808929108755,9.115500541511175,11.186953121497035,7.4380585893175075,,,,,,
10,950.0,1044.1324510374466,1617.651507489728,93.1336800139518,96.43216774241445,75.96375653207333,False,7.369769560218247,11.07357418404727,5.980855890222519,9.028466133947381,11.07357418404727,7.369769560218247,,,,,,
10,1100.0,1194.1301233123866,1622.3362814587426,127.12026448932349,118.43543701925672,65.55604521958325,False,11.609005893796832,18.725857406565037,9.273189189870239,14.590202149867855,18.725857406565037,11.609005893796832,,,,,,
10,1150.0,1244.1295463700912,1623.8972789373088,134.45778724835563,112.59558105110516,66.80140948635159,False,10.358003078844574,16.317604192813096,8.31398809714186,12.912482592246505,16.317604192813096,10.358003078844574,,,,,,
10,1200.0,1294.1290689034327,1625.457979488888,93.72825932009108,108.39433371256239,66.25050550713308,False,9.517084920527386,14.77722605214551,7.663282489200232,11.80292942365026,14.77722605214551,9.517084920527386,,,,,,
10,1250.0,1344.1286909094772,1627.0183831086335,95.07601314665045,101.28814968637593,68.19859051364803,False,8.19930085743672,12.469209246503652,6.634272903365177,10.090845131712168,12.469209246503652,8.19930085743672,,,,,,
10,1300.0,1394.1284123801997,1628.578489796687,91.58934435839129,92.71446110838308,63.4349488229219,False,6.7714711908172625,10.091118821308669,5.506931511791367,8.269058914722628,10.091118821308669,6.7714711908172625,,,,,,
10,1350.0,1444.1282333163103,1630.1382995470078,91.58934435839129,93.02054447726725,63.4349488229219,False,6.819558382356153,10.16937902699838,5.545103313352676,8.329891061673123,10.16937902699838,6.819558382356153,,,,,,
10,1400.0,1494.128153709293,1631.6978123582383,91.58934435839129,92.50667730992146,63.4349488229219,False,6.738945578119509,10.038252302417265,5.48110457823435,8.22793263262324,10.038252302417265,6.738945578119509,,,,,,
10,1450.0,1544.1281735552445,1633.25702822668,95.25867616451193,96.74528694848642,60.255118703057654,False,7.42159417007318,11.15959359908152,6.021803545579832,9.094509828226888,11.15959359908152,7.42159417007318,,,,,,
10,1550.0,1644.128511594578,1636.3745691207043,108.54378291265117,84.0172814359574,57.99461679191643,False,5.489545989194438,8.046659613782639,4.484210118197103,6.659882226920893,8.046659613782639,5.489545989194438,,,,,,
10,1600.0,1694.1288297762771,1637.9328941434787,63.99999999999993,79.89492008713708,89.99999999999982,False,4.936732710048607,7.188045019434543,4.040181319874765,5.973034243610413,7.188045019434543,4.936732710048607,,,,,,
10,1650.0,1744.129247396794,1639.4909222090193,68.26666666666658,79.25677199487333,89.9999999999998,False,4.8541884122032055,7.060940921320332,3.9737284187695807,5.870825172419198,7.060940921320332,4.8541884122032055,,,,,,
10,1700.0,1794.1297644498086,1641.0486533185674,78.76923076923069,71.93501926542889,89.99999999999976,False,3.9634963827106193,5.70659035359395,3.2541955615767093,4.773490827365541,5.70659035359395,3.9634963827106193,,,,,,
10,1750.0,1844.1303809287306,1642.6060874643276,76.70417962581837,63.946763827661286,2.8624052261119415,False,3.105622655641672,4.429875132555721,2.556968158944443,3.725769047680692,4.429875132555721,3.105622655641672,,,,,,
10,1850.0,1944.1319121540728,1645.7200648620258,32.046978248929534,97.04202066690013,69.8636965717518,False,7.470915406773611,11.24159821657148,6.0607577830928925,9.157403099877088,11.24159821657148,7.470915406773611,,,,,,
10,1900.0,1994.1328268912268,1647.2766081062148,152.64890726398542,109.47332285323237,63.43494882292177,False,9.7285211364219,15.15918487386137,7.82733403914952,12.080607194018272,15.15918487386137,9.7285211364219,,,,,,
10,1950.0,2044.1338410401495,1648.832854376315,126.7680175288672,113.02014282658347,68.19859051364796,False,10.445666488366278,16.481581738105227,8.381550619914918,13.028963962182642,16.481581738105227,10.445666488366278,,,,,,
10,2000.0,2094.134954594508,1650.3888036694236,126.42938837114735,131.35558811960158,69.77514056883173,False,14.756122995188438,25.64414225189928,11.637284172806048,18.979353644616612,25.64414225189928,14.756122995188438,,,,,,
10,2050.0,2144.136167549677,1651.9444559837384,127.20742271998783,126.03225833350561,63.43494882292187,False,13.391695271180458,22.461548479507066,10.621165924842344,17.043913690184315,22.461548479507066,13.391695271180458,,,,,,
10,2100.0,2194.137479903936,1653.4998113140152,123.72420471402005,148.6121454076144,64.9831065218998,False,19.963457569899045,43.86326106159238,15.381968248667672,26.983684431746816,43.86326106159238,19.963457569899045,,,,,,
10,2200.0,2294.1404027870835,1656.60963101494,217.08756582530233,nan,122.00538320808258,False,nan,nan,nan,nan,nan,nan,,,,,,
10,2350.0,2444.145532484008,1661.2721331145124,81.75303097533674,83.81905536709452,64.7988763545248,False,5.462177566916532,8.003842360791554,4.4622692588285355,6.625780935593467,8.003842360791554,5.462177566916532,,,,,,
10,2400.0,2494.1474411319423,1662.8257064831828,81.75303097533674,85.76162761491872,64.7988763545248,False,5.733863073282334,8.430361983946668,4.679880562581192,6.964760994627282,8.430361983946668,5.733863073282334,,,,,,
10,2450.0,2544.1494491465555,1664.3789828469098,87.9511041506101,88.50123655301174,66.37062226934306,False,6.130370967394866,9.058879883340794,4.996687605624996,7.461337782803606,9.058879883340794,6.130370967394866,,,,,,
10,2500.0,2594.1515565251584,1665.9319622015964,91.58934435839129,93.85938694047462,63.4349488229219,False,6.952412857685417,10.38622205451493,5.650490457886243,8.498140278370395,10.38622205451493,6.952412857685417,,,,,,
10,2550.0,2644.153763259972,1667.4846445481328,99.45967230538379,99.2175373279375,60.94539590092275,False,7.8387768106770706,11.857637837179395,6.350819654656789,9.627731189784207,11.857637837179395,7.8387768106770706,,,,,,
10,2600.0,2694.1560693504794,1669.0370298767327,108.54378291265117,105.18848095520669,57.99461679191643,False,8.906795413117777,13.693426385094595,7.188122875536448,11.006148809933583,13.693426385094595,8.906795413117777,,,,,,
10,2650.0,2744.158474791342,1670.5891181916343,108.54378291265117,108.45842757694454,57.99461679191643,False,9.529558595252873,14.799664278502025,7.672968875326377,11.819287301469345,14.799664278502025,9.529558595252873,,,,,,
10,2700.0,2794.16097957597,1672.140909485041,117.80582228695597,107.61822834877019,57.52880770915146,False,9.366898215078193,14.507985242874245,7.546575415488909,11.606206820129202,14.507985242874245,9.366898215078193,,,,,,
10,2750.0,2844.1635837026565,1673.6924037558535,107.93907746708058,106.28783342174052,71.56505117707775,False,9.113093809032296,14.05677734689571,7.34901402675489,11.274718550124048,14.05677734689571,9.113093809032296,,,,,,
10,2800.0,2894.1662871660396,1675.243601000021,95.25867616451202,104.95743849471083,82.87498365109792,False,8.863829699189703,13.618125702771943,7.154579475761095,10.950310861605416,13.618125702771943,8.863829699189703,,,,,,
10,2850.0,2944.169089961246,1676.7945012149926,101.89180827750278,101.77463569282018,84.28940686250012,False,8.285502312258584,12.616626711954131,6.701925076749422,10.201900772010147,12.616626711954131,8.285502312258584,,,,,,
10,2900.0,2994.171992084864,1678.3451043985672,101.89180827750278,89.2065227711499,84.28940686250012,False,6.235017361861177,9.225992257389148,5.080143208591271,7.592769287482211,9.225992257389148,6.235017361861177,,,,,,
10,2950.0,3044.174993531039,1679.8954105451962,101.89180827750278,87.69348442280938,84.28940686250012,False,6.011821128557718,8.870194441305987,4.902065005315701,7.312634653076302,8.870194441305987,6.011821128557718,,,,,,
10,3000.0,3094.178094299527,1681.445419654131,45.09851285872917,82.96070980457824,86.63353933657005,False,5.344592881968774,7.820256505778075,4.3679534852521735,6.479385728199682,7.820256505778075,5.344592881968774,,,,,,
11,400.0,501.18799870022525,1369.556728521583,55.534197201575914,53.106702566979216,86.26860300083939,False,2.121303403754242,2.9953261554890007,1.7520237140663883,2.534002925891638,2.9953261554890007,2.121303403754242,118,-6.7485,-3.7591965962457574,-3.3464970741083615,-4.8414,-5.8805
11,450.0,551.1878549241845,1371.0258684858907,52.84000636061036,48.348230223025425,86.05481377096227,False,1.7518305136160786,2.4645967090395886,1.4485449899592682,2.089379357984623,2.4645967090395886,1.7518305136160786,114,-7.1753,-4.664169486383922,-4.326620642015378,-5.515350000000001,-6.416
11,500.0,601.187809760123,1372.4947115067762,50.94590413875139,45.38271665017874,84.28940686250023,False,1.5403266668749998,2.1625836319348126,1.274496282256902,1.8354987032553114,2.1625836319348126,1.5403266668749998,109,-7.521,-5.376673333125,-5.081501296744689,-6.1011999999999995,-6.917
11,550.0,651.187863202186,1373.9632575786914,34.07281319116404,40.82800969652963,80.03619581009272,False,1.243043767817374,1.74023707173082,1.0294649219155518,1.479427774489814,1.74023707173082,1.243043767817374,105,-7.861,-6.079956232182626,-5.8435722255101865,-6.636,-7.323
11,600.0,701.1880152455014,1375.4315066990844,33.520662358792016,49.27521105373764,81.33939632917013,False,1.8208814477228734,2.563477895879312,1.5053169400327464,2.1723659651190625,2.563477895879312,1.8208814477228734,96,-8.19625,-5.838618552277126,-5.4871340348809365,-7.07025,-7.6594999999999995
11,650.0,751.1882658864121,1376.8994588650057,32.76066243333034,58.77833791829504,82.64762064010756,False,2.611136244595248,3.705348422873015,2.153245535016436,3.1257265017293085,3.705348422873015,2.611136244595248,70,-8.3204,-5.274863755404752,-4.760273498270692,-7.42375,-7.886
11,700.0,801.188615120537,1378.367114075402,95.07601314665045,64.95471910007778,68.19859051364803,False,3.207523768883347,4.5801881568589415,2.6399997062833114,3.8497682413386785,4.5801881568589415,3.207523768883347,46,-8.33075,-4.841976231116652,-4.19973175866132,-7.78,-8.049499999999998
11,750.0,851.1890629429906,1379.8344723235775,98.46153846153835,75.43273801383971,67.3801350519594,False,4.376200392643152,6.3303090559910755,3.5881526799642582,5.280697592631632,6.3303090559910755,4.376200392643152,24,-8.333,-3.845799607356848,-2.941302407368368,-8.057799999999999,-8.222
11,900.0,1001.1909979020979,1384.234765280759,152.64890726398542,139.01483067364055,63.43494882292177,False,16.906716630097222,31.53224049012311,13.210162740925883,22.150814104669063,31.53224049012311,16.906716630097222,,,,,,
11,950.0,1051.1918400369389,1385.7009356577892,137.38401653758697,136.01401506006772,63.43494882292177,False,16.03613959120452,28.987440040362817,12.577775937375556,20.847474841639276,28.987440040362817,16.03613959120452,,,,,,
11,1000.0,1101.192780738423,1387.1668090597939,127.01156821934926,136.01401506006772,60.255118703057654,False,16.03613959120452,28.987440040362817,12.577775937375556,20.847474841639276,28.987440040362817,16.03613959120452,,,,,,
11,1050.0,1151.1938200014326,1388.6323854834718,127.01156821934926,104.6054888711614,60.255118703057654,False,8.798638437700573,13.504115709257672,7.10366181658695,10.865652044790796,13.504115709257672,8.798638437700573,,,,,,
11,1150.0,1251.1961942007981,1391.5626473821053,27.01480250836012,51.36726130811967,82.72499504211068,False,1.981905764410559,2.794611057638755,1.637609565104384,2.366082275956439,2.794611057638755,1.981905764410559,,,,,,
11,1200.0,1301.197529127164,1393.0273328512085,26.252613308813974,25.91188455227119,84.11401216697166,False,0.49706263048754373,0.6910601687194095,0.41259730351247,0.58980405213044,0.6910601687194095,0.49706263048754373,,,,,,
11,1250.0,1351.1989625977508,1394.4917213302333,25.19006119595533,25.91188455227119,85.06078445787374,False,0.49706263048754373,0.6910601687194095,0.41259730351247,0.58980405213044,0.6910601687194095,0.49706263048754373,,,,,,
11,1300.0,1401.200494609625,1395.9558128143333,25.19006119595533,25.544245233574873,85.06078445787374,False,0.4829919017406386,0.6714116566461266,0.4009346880502904,0.5730759127963188,0.6714116566461266,0.4829919017406386,,,,,,
11,1450.0,1551.2056818459553,1400.3463052726688,49.67129600744094,nan,75.96375653207343,False,nan,nan,nan,nan,nan,nan,,,,,,
11,1600.0,1701.2117557910867,1404.734124674053,98.02522058994172,nan,68.96248897457801,False,nan,nan,nan,nan,nan,nan,,,,,,
11,1650.0,1751.2139774664715,1406.1961371145073,99.4022751635609,nan,70.5599651718236,False,nan,nan,nan,nan,nan,nan,,,,,,
11,1800.0,1901.2212335083336,1410.5803923125418,32.43040538724022,34.59687494141494,79.04593735660158,False,0.8894998917335384,1.2411443162274158,0.7374667278910984,1.0571264892694647,1.2411443162274158,0.8894998917335384,,,,,,
11,1850.0,1951.22384917997,1412.0412166602268,34.123855800640996,34.59687494141494,79.43898930880353,False,0.8894998917335384,1.2411443162274158,0.7374667278910984,1.0571264892694647,1.2411443162274158,0.8894998917335384,,,,,,
11,1900.0,2001.2265633414709,1413.50174397923,37.2363636363636,42.351323234222995,53.13010235415596,False,1.3387827562132277,1.8759814913055963,1.1084265511186384,1.5940012807511008,1.8759814913055963,1.3387827562132277,,,,,,
11,2000.0,2101.2322871091883,1416.421907508645,65.61466811264717,57.24424195141103,70.01689347809987,False,2.473258059930626,3.5047347677378355,2.040439466614747,2.9589032164953672,3.5047347677378355,2.473258059930626,,,,,,
11,2050.0,2151.235296708827,1417.8815437154055,68.88169410522232,nan,70.34617594194658,False,nan,nan,nan,nan,nan,nan,,,,,,
11,2200.0,2301.2449163145543,1422.2586700634452,98.13144038399065,95.95074170879086,63.43494882292192,False,7.290527632838358,10.942336861745188,5.918213149812287,8.927565109790029,10.942336861745188,7.290527632838358,,,,,,
11,2250.0,2351.24831977078,1423.7171180796752,98.13144038399065,94.86039237119095,63.43494882292192,False,7.113013418600552,10.649599576211035,5.7777431586210355,8.701890047496677,10.649599576211035,7.113013418600552,,,,,,
11,2300.0,2401.2518216810327,1425.175269039973,91.58934435839129,94.94004912985515,63.4349488229219,False,7.1258905307798015,10.670777385023777,5.787939556373507,8.718244225051903,10.670777385023777,7.1258905307798015,,,,,,
11,2350.0,2451.2554220404413,1426.6331229417879,91.58934435839129,94.24752775087816,63.4349488229219,False,7.014418334682713,10.487744948368984,5.699639550562776,8.576757763607336,10.487744948368984,7.014418334682713,,,,,,
11,2400.0,2501.2591208443787,1428.0906797833168,95.25867616451193,93.27654959260005,60.255118703057654,False,6.85993778201621,10.235187883347068,5.577145762451926,8.380999711973208,10.235187883347068,6.85993778201621,,,,,,
11,2450.0,2551.2629180884505,1429.547939559363,94.66883348910568,82.0035746981766,56.309932474020115,False,5.215236035741111,7.618981436565654,4.26410193328855,6.318550454539625,7.618981436565654,5.215236035741111,,,,,,
11,2550.0,2651.2708078804308,1432.4615679055012,46.497444780697535,89.39261549638417,87.39743779750007,False,6.262806093871529,9.270457258242962,5.10229373739966,7.62769744732874,9.270457258242962,6.262806093871529,,,,,,
11,2650.0,2751.279091380804,1435.3740079578467,127.01156821934926,nan,29.74488129694235,False,nan,nan,nan,nan,nan,nan,,,,,,
11,2800.0,2901.2922547603034,1439.740439928648,25.372664467120888,nan,76.2392148882087,False,nan,nan,nan,nan,nan,nan,,,,,,
11,2900.0,3001.301522379309,1442.6499091367284,26.705724386626397,52.075733076241264,77.95742485711494,False,2.038075317395326,2.875417906815361,1.6837245309140727,2.4337201438790093,2.875417906815361,2.038075317395326,,,,,,
11,2950.0,3051.3063037856427,1444.1041980990128,79.90008981922504,60.976755945948064,69.4439547804164,False,2.815780545563642,4.004226723453422,2.3204878966846816,3.3737212632448523,4.004226723453422,2.815780545563642,,,,,,
11,3000.0,3101.3111835850705,1445.5581899631102,76.32445363199274,60.976755945948064,63.4349488229219,False,2.815780545563642,4.004226723453422,2.3204878966846816,3.3737212632448523,4.004226723453422,2.815780545563642,,,,,,
12,400.0,507.67984694658884,1139.960708451772,100.4114611907501,100.4114611907501,78.69006752597954,False,8.045403151129843,12.20717430151258,6.513374786480691,9.892888115677877,12.20717430151258,8.045403151129843,259,-6.775,2.159403151129843,4.006888115677877,-4.9413,-5.886
12,450.0,557.6819069323305,1141.3133318240616,100.4114611907501,101.92620843245639,78.69006752597954,False,8.312477355381466,12.662854585983442,6.7230858036509655,10.23667953554314,12.662854585983442,8.312477355381466,257,-7.1776,1.844477355381466,3.7686795355431393,-5.5548,-6.468
12,500.0,607.6840644067021,1142.6656581747568,100.4114611907501,132.74096674596575,78.69006752597954,False,15.128063475602435,26.574569238916123,11.911859525945106,19.51663693683889,26.574569238916123,15.128063475602435,251,-7.552,8.157063475602435,12.54563693683889,-6.1635,-6.971
12,550.0,657.6863193643537,1144.0176875039522,106.47045015757529,122.41658872643048,81.02737338510333,False,12.520251956429243,20.58454026483494,9.965053423674103,15.834579511075866,20.58454026483494,12.520251956429243,257,-7.882000000000001,5.171251956429243,8.485579511075866,-6.716,-7.349
12,600.0,707.6886718030751,1145.3694198049047,256.0000000000032,125.46409880265483,179.99999999999923,False,13.251891492298196,22.15312589339934,10.516276667822545,16.848564001279254,22.15312589339934,13.251891492298196,253,-8.2094,5.5758914922981955,9.172564001279254,-7.1216,-7.676
12,650.0,757.6911217175161,1146.7208550777088,48.78957109307356,134.69884128137485,77.61924307119271,False,15.666198609532886,27.9782156899222,12.307255792671553,20.301930770408497,27.9782156899222,15.666198609532886,206,-8.29125,7.7246986095328865,12.360430770408497,-7.49,-7.9415
12,700.0,807.6936691025589,1148.0719933190635,115.64901157187205,135.99054444058157,71.5650511770778,False,16.029476827134452,28.96891635458268,12.572913176966665,20.837607048716066,28.96891635458268,16.029476827134452,132,-8.31115,7.924476827134452,12.732607048716066,-7.79965,-8.105
12,750.0,857.6963139550242,1149.422834523373,146.5851735843502,106.37835993399703,76.75948008481247,False,9.130219108669571,14.087075445051095,7.362357561153821,11.297048051424524,14.087075445051095,9.130219108669571,51,-8.34,0.8902191086695712,3.0570480514245233,-8.0745,-8.24
12,800.0,907.699056267856,1150.7733786896317,112.92896595360881,118.20826120879842,72.89727103094742,False,11.558474400617976,18.625550632656285,9.234652848901428,14.521767764539057,18.625550632656285,11.558474400617976,,,,,,
12,850.0,957.7018960408086,1152.1236258170902,107.93907746708058,117.66425208514579,71.56505117707775,False,11.438097390761065,18.38769172673102,9.142779513858464,14.358975656626413,18.38769172673102,11.438097390761065,,,,,,
12,900.0,1007.704833266322,1153.4735758990998,107.93907746708058,110.93301055899751,71.56505117707775,False,10.0195092590058,15.690620896484456,8.05262585655477,12.464176852408242,15.690620896484456,10.0195092590058,,,,,,
12,950.0,1057.7078679404926,1154.8232289319615,112.92896595360881,110.93301055899751,72.89727103094742,False,10.0195092590058,15.690620896484456,8.05262585655477,12.464176852408242,15.690620896484456,10.0195092590058,,,,,,
12,1000.0,1107.7110000604005,1156.172584914973,112.92896595360881,113.77988250327815,72.89727103094742,False,10.603795949059814,16.779087924475682,8.503290556519492,13.239476852225705,16.779087924475682,10.603795949059814,,,,,,
12,1050.0,1157.7142296209277,1157.521643844834,112.92896595360881,115.24008376232754,72.89727103094742,False,10.912305529623323,17.366088773626267,8.740316595302781,13.651695495304596,17.366088773626267,10.912305529623323,,,,,,
12,1100.0,1207.7175566157414,1158.8704057186415,122.17343718848369,116.01045636523376,72.64597536373844,False,11.077534703113628,17.68417076631281,8.866994416906099,13.873304546129699,17.68417076631281,11.077534703113628,,,,,,
12,1250.0,1357.7281221753904,1162.9149089681114,72.9569791876194,70.20129964153932,94.08561677997461,False,3.7674191482835893,5.412479119590983,3.095195955683997,4.533248533262354,5.412479119590983,3.7674191482835893,,,,,,
12,1300.0,1407.731838870041,1164.2624825859602,69.53145296065416,88.15178728956911,95.1944289077346,False,6.078914211777448,8.976899024952065,4.9556267983547,7.3967681829676915,8.976899024952065,6.078914211777448,,,,,,
12,1350.0,1457.7356529787398,1165.6097591311575,68.11546677634442,77.97212423277144,93.81407483429012,False,4.690445485282582,6.80962562505645,3.841790017345096,5.668336171448969,6.80962562505645,4.690445485282582,,,,,,
12,1400.0,1507.7395644978296,1166.9567386007536,142.0032502336585,70.72316412652,56.309932474020094,False,3.825854637672452,5.499984447646977,3.142603938212194,4.6047974569111565,5.499984447646977,3.825854637672452,,,,,,
12,1450.0,1557.7435734219605,1168.3034209948423,37.253472005580704,64.05362767093769,75.96375653207345,False,3.1163408374806885,4.445668907647676,2.565704272593612,3.7388059278372507,4.445668907647676,3.1163408374806885,,,,,,
12,1500.0,1607.747679747707,1169.6498063070792,36.71217865636218,67.09079347614158,75.4655449194598,False,3.4294685834656176,4.908801665963684,2.8206485640931307,4.120260497262679,4.908801665963684,3.4294685834656176,,,,,,
12,1550.0,1657.751883468246,1170.9958945330632,36.183770682742654,55.39807592626498,74.98163936884924,False,2.312647922559911,3.2717983058270272,1.9089065274224366,2.764838676964654,3.2717983058270272,2.312647922559911,,,,,,
12,1600.0,1707.756184581885,1172.3416856758383,83.30129580236388,64.29428345958982,77.47119229084832,False,3.1405521109689953,4.481359649658754,2.58543594500322,3.7682597634894663,4.481359649658754,3.1405521109689953,,,,,,
12,1650.0,1757.7605830832467,1173.6871797272102,83.53966248427554,63.77472495996172,78.23171106797916,False,3.088410039773853,4.4045195563170605,2.542937285727097,3.7048355316037047,4.4045195563170605,3.088410039773853,,,,,,
12,1700.0,1807.7650789664904,1175.0323766857746,81.73450967220482,62.903528640314164,73.30075576600622,False,3.002048654196759,4.2774517999750294,2.472515337967385,3.599856362647362,4.2774517999750294,3.002048654196759,,,,,,
12,1750.0,1857.7696722301423,1176.3772765470362,34.11438615822176,52.88242554625306,88.09084756700354,False,2.1030472834351057,2.9690063248815437,1.7370454007263707,2.511999518330153,2.9690063248815437,2.1030472834351057,,,,,,
12,1800.0,1907.7743628673925,1177.7218793107386,31.827789084504854,64.30593654608941,84.05313694602641,False,3.1417270809528675,4.483092219110216,2.5863934389370353,3.7696893259222923,4.483092219110216,3.1417270809528675,,,,,,
12,1850.0,1957.7791508736007,1179.0661849709345,33.195780332058334,71.92906155741596,83.79655209830807,False,3.9628130330607263,5.705562900324402,3.253641804895849,4.772652745670699,5.705562900324402,3.9628130330607263,,,,,,
12,1900.0,2007.7840362460915,1180.4101935276717,140.65721748345732,77.68694831853091,164.05460409907664,False,4.654533740529771,6.754652042412071,3.8128330157209747,5.623973131361169,6.754652042412071,4.654533740529771,,,,,,
12,1950.0,2057.7890189802265,1181.753904975003,119.85013472883753,89.15173812703743,159.44395478041605,False,6.226850653033235,9.212931722490513,5.073632607149874,7.582506536915376,9.212931722490513,6.226850653033235,,,,,,
12,2000.0,2107.7940990706547,1183.097319313023,62.90381996379652,92.93418000550786,42.51044707800087,False,6.805969059838988,10.147250733052658,5.53431748246341,8.312696487162144,10.147250733052658,6.805969059838988,,,,,,
12,2100.0,2207.8045513040297,1185.7832566399413,48.32554784594004,53.42335787101982,70.70995378081118,False,2.147222078927949,3.032710426284224,1.7732857648048157,2.565247846958576,3.032710426284224,2.147222078927949,,,,,,
12,2200.0,2307.815392912343,1188.4680054871699,49.04070580332289,48.861916313977176,73.30075576600628,False,1.7899213531466343,2.5191256689649513,1.479865423907694,2.1351514243563856,2.5191256689649513,1.7899213531466343,,,,,,
12,2250.0,2357.820959721558,1189.8099342228447,49.04070580332289,50.08933562218908,73.30075576600628,False,1.8826876172204687,2.6521032957460644,1.556111153672762,2.246688051048004,2.6521032957460644,1.8826876172204687,,,,,,
12,2300.0,2407.8266238600045,1191.1515658282087,49.04070580332289,50.08933562218908,73.30075576600628,False,1.8826876172204687,2.6521032957460644,1.556111153672762,2.246688051048004,2.6521032957460644,1.8826876172204687,,,,,,
12,2350.0,2457.832385324516,1192.492900301811,53.23522507878765,48.62978940230072,81.02737338510346,False,1.7726552576707677,2.4944031277094494,1.4656692119748975,2.1144016488601487,2.4944031277094494,1.7726552576707677,,,,,,
12,2450.0,2557.844200215399,1195.1746778408303,43.20252092376948,46.83891741149487,84.67425937523215,False,1.6424014481673117,2.3081783219526533,1.3585239041920756,1.9579673398616606,2.3081783219526533,1.6424014481673117,,,,,,
12,2500.0,2607.850253632504,1196.5151208984983,44.07900623192749,51.455332546910576,87.03906386583611,False,1.988843008584114,2.8045860319435323,1.6433059165518937,2.374434106886276,2.8045860319435323,1.988843008584114,,,,,,
12,2600.0,2707.8626523859266,1199.1951155781426,67.08447048503477,60.375453195110374,58.39249775375102,False,2.7589760537581154,3.9211295929992604,2.274088008555466,3.30483677093638,3.9211295929992604,2.7589760537581154,,,,,,
12,2650.0,2757.8689977144386,1200.5346671927207,69.96288286836887,nan,59.93141717813744,False,nan,nan,nan,nan,nan,nan,,,,,,
12,2800.0,2907.888617452844,1204.5515391051654,152.8377124162543,148.09916645188017,84.28940686249999,False,19.788614164921537,42.90879868799231,15.259843290290645,26.69475120957059,42.90879868799231,19.788614164921537,,,,,,
12,2850.0,2957.895351935716,1205.8899020883334,146.5851735843502,147.05680957804492,76.75948008481247,False,19.437572414878556,41.12970232488728,15.013862399553052,26.11971539861507,41.12970232488728,19.437572414878556,,,,,,
12,2900.0,3007.90218369566,1207.2279679051858,144.87461335503602,153.35672228453717,75.96375653207319,False,21.649217627746264,57.769594029537004,16.54589099365677,29.864632655082453,57.769594029537004,21.649217627746264,,,,,,
12,2950.0,3057.909112729264,1208.5657365535224,143.9297389565392,153.48647475160791,75.52970589993376,False,21.6971395575588,58.42038099828051,16.5786144660276,29.949283119811103,58.42038099828051,21.6971395575588,,,,,,
12,3000.0,3107.9161390311656,1209.9032080292927,178.55637311050626,155.78690847402717,54.46232220802541,False,22.563895692803957,86.50441820625078,17.166941031520707,31.510065276921434,86.50441820625078,22.563895692803957,,,,,,
13,650.0,763.5986967949364,918.6351963416884,86.68149473020408,nan,73.61045966596502,False,nan,nan,nan,nan,nan,nan,214,-8.2482,nan,nan,-7.439,-7.923
13,750.0,863.6077963831582,921.1023395829748,48.542255425533625,83.23681020124228,84.55966796899436,False,5.382252373934918,7.8789890335285655,4.398169313168853,6.526252037134412,7.8789890335285655,5.382252373934918,36,-8.29775,-2.778247626065081,-1.6342479628655866,-8.05725,-8.160499999999999
13,850.0,963.6172812869237,923.568294379157,114.4866804479891,79.43830439197619,63.434948822921854,False,4.877587862636623,7.09694369916352,3.9925703064610323,5.899790079228493,7.09694369916352,4.877587862636623,,,,,,
13,950.0,1063.627151471637,926.0330607108757,75.28597730240584,102.99157486966591,72.89727103094748,False,8.50366414897157,12.991834050552574,6.872930684822287,10.483535039413647,12.991834050552574,8.50366414897157,,,,,,
13,1050.0,1163.637406901461,928.4966385508812,119.20206685860279,112.12779514992683,86.18592516570935,False,10.261994402413531,16.138782117352935,8.23993457660647,12.78509263994902,16.138782117352935,10.261994402413531,,,,,,
13,1100.0,1213.6426790719895,929.7279817797204,127.01156821934933,125.0591928791627,97.12501634890134,False,13.15292018196937,21.936544678736734,10.44193657106309,16.710585680940323,21.936544678736734,13.15292018196937,,,,,,
13,1150.0,1263.6480475396027,930.9590278772152,127.01156821934933,127.8599354875918,97.12501634890134,False,13.848887692469024,23.491545051778026,10.963182064916307,17.686483715046766,23.491545051778026,13.848887692469024,,,,,,
13,1200.0,1313.653512302103,932.1897768407674,127.01156821934933,131.8321033001329,97.12501634890134,False,14.883243470848898,25.95873276170698,11.731245473238069,19.162493719577604,25.95873276170698,14.883243470848898,,,,,,
13,1250.0,1363.6590733521764,933.4202286644773,139.06290592130824,134.24237084052467,95.19442890773429,False,15.539403161599868,27.64092918495419,12.214292721053264,20.116031293736388,27.64092918495419,15.539403161599868,,,,,,
13,1300.0,1413.6647306886073,934.6503833487433,139.06290592130824,131.95512245804258,95.19442890773429,False,14.916199100000869,26.040856647666587,11.755584724452824,19.210054839703414,26.040856647666587,14.916199100000869,,,,,,
13,1350.0,1463.6704843043271,935.8802408884147,139.06290592130824,129.66787407556052,84.80557109226486,False,14.312616035755399,24.572465149514866,11.308512895411685,18.344281834849234,24.572465149514866,14.312616035755399,,,,,,
13,1400.0,1513.676334195924,937.1098012812915,115.57532630693886,121.18551202967485,73.610459665965,False,12.233199237773281,19.988411552379663,9.74773993468505,15.440439976044544,19.988411552379663,12.233199237773281,,,,,,
13,1450.0,1563.6822803599857,938.3390645251727,115.57532630693886,110.87017567545244,73.610459665965,False,10.006864646715464,15.667385418673206,8.042847703620854,12.447474603818538,15.667385418673206,10.006864646715464,,,,,,
13,1500.0,1613.6883227901806,939.5680306171561,96.65109569188007,98.68799476953097,70.70995378081108,False,7.74821413320577,11.705244555596517,6.279488583224858,9.511737850942103,11.705244555596517,7.74821413320577,,,,,,
13,1550.0,1663.6944614821139,940.7966995520438,87.48622415019622,89.22626284147651,70.01689347809987,False,6.237961575543333,9.230701553373889,5.082490274254264,7.596469391291398,9.230701553373889,6.237961575543333,,,,,,
13,1600.0,1713.7006964340794,942.0250713287359,78.15200139170085,79.76453091342208,58.736268305622524,False,4.91980157513273,7.161951155503878,4.026553984651236,5.952062270507018,7.161951155503878,4.91980157513273,,,,,,
13,1650.0,1763.7070276380396,943.2531459432294,68.2666666666666,88.83496182177775,53.13010235415595,False,6.1797549001518695,9.137676887938179,5.0360795006158146,7.5233422054917165,9.137676887938179,6.1797549001518695,,,,,,
13,1700.0,1813.7134550920428,944.4809233936747,68.2666666666666,99.73836703847022,53.13010235415595,False,7.9284967508307345,12.009094650762616,6.421436250743988,9.742778633131794,12.009094650762616,7.9284967508307345,,,,,,
13,1750.0,1863.7199787909706,945.7084036767714,142.0032502336585,89.77720485147867,56.309932474020094,False,6.320471366964403,9.362847424464222,5.14824422512591,7.700213862454913,9.362847424464222,6.320471366964403,,,,,,
13,1800.0,1913.7265987292149,946.9355867877199,142.0032502336585,95.1548393976817,56.309932474020094,False,7.1606845938484165,10.728044910717369,5.815485210838867,8.762446278307502,10.728044910717369,7.1606845938484165,,,,,,
13,1850.0,1963.7333149053152,948.1624727261692,28.34619045674321,104.1175636413534,85.23635830927374,False,8.708775479001849,13.34743342194408,7.033429464270052,10.749078418033186,13.34743342194408,8.708775479001849,,,,,,
13,2000.0,2113.7540408008,951.8413474672639,33.32639996936668,33.00034103665704,74.90842732140506,False,0.8086618561933081,1.1275006418001454,0.6706110919156725,0.9607405305672579,1.1275006418001454,0.8086618561933081,,,,,,
13,2050.0,2163.761141875196,953.0670446808595,32.9808192717225,33.00034103665704,75.06858282186238,False,0.8086618561933081,1.1275006418001454,0.6706110919156725,0.9607405305672579,1.1275006418001454,0.8086618561933081,,,,,,
13,2100.0,2213.7683391640426,954.2924447039061,32.693803868881936,56.20876152542393,73.30075576600632,False,2.382462973160852,3.3729539418318537,1.9660990732519656,2.84916133329785,3.3729539418318537,2.382462973160852,,,,,,
13,2200.0,2313.783022363677,956.7423531745864,125.8340229917246,96.52729796173213,55.00797980144126,False,7.385490776779492,11.099652633528068,5.993279292976758,9.048496252599541,11.099652633528068,7.385490776779492,,,,,,
13,2250.0,2363.790508268118,957.9668616151729,119.03758207367079,117.80512932601552,54.462322208025576,False,11.469185499046517,18.44897393692132,9.166515991345676,14.40098635793125,18.44897393692132,11.469185499046517,,,,,,
13,2300.0,2413.798090368492,959.1910728538569,108.54378291265117,95.15803814911965,57.99461679191643,False,7.161203552663076,10.728899561958885,5.815896002190628,8.763105701798324,10.728899561958885,7.161203552663076,,,,,,
13,2400.0,2513.8135431368232,961.6386037172086,27.216764618432,47.742446838147266,82.87498365109813,False,1.7074641151324679,2.4011373070118918,1.4120548356810596,2.036085301131899,2.4011373070118918,1.7074641151324679,,,,,,
13,2450.0,2563.821413797712,962.861923336726,27.693888018602426,27.47533481331263,84.4127560357956,False,0.559192717100627,0.7778803603777821,0.46408225949820264,0.6636907366224388,0.7778803603777821,0.559192717100627,,,,,,
13,2500.0,2613.829380638688,964.0849457429399,27.515351802903478,44.559762993573784,83.82982490497031,False,1.4841541227014603,2.0825888347223445,1.228232033444544,1.7681489724965473,2.0825888347223445,1.4841541227014603,,,,,,
13,2600.0,2713.845602834359,966.5300989042461,95.81304753435724,92.7548812197785,86.42366562500241,False,6.777809487074781,10.101427323932281,5.5119636813572805,8.27707509599704,10.101427323932281,6.777809487074781,,,,,,
13,2650.0,2763.853858183199,967.7522296537896,120.67955732250397,117.62893532388996,81.86989764584368,False,11.430313131195916,18.372362890156335,9.1368350072503,14.34845985721803,18.372362890156335,11.430313131195916,,,,,,
13,2700.0,2813.862209692393,968.9740631790748,127.01156821934933,119.50546190298182,82.8749836510979,False,11.849114239725772,19.206283960098958,9.456057647591892,14.916180893918815,19.206283960098958,11.849114239725772,,,,,,
13,2750.0,2863.870657357547,970.1955994749037,127.01156821934933,129.30594615351134,82.8749836510979,False,14.218852543589465,24.350779682302452,11.238817590408168,18.210774051828366,24.350779682302452,14.218852543589465,,,,,,
13,2800.0,2913.8792011750156,971.4168385424709,127.01156821934933,132.6468379965279,82.8749836510979,False,15.102563112694275,26.509793193108976,11.893068085438522,19.479660271647276,26.509793193108976,15.102563112694275,,,,,,
13,2850.0,2963.887841139914,972.6377803750809,144.8154687870047,135.37924485367031,81.8698976458437,False,15.856724497282782,28.49316191827926,12.446710829976011,20.582300739554046,28.49316191827926,15.856724497282782,,,,,,
13,2900.0,3013.8965772473707,973.8584249701818,137.38401653758683,145.73656235320283,79.6951535312336,False,19.000908538768144,39.125779537821145,14.706433360032875,25.413488749091833,39.125779537821145,19.000908538768144,,,,,,
13,2950.0,3063.9054094930048,975.0787723267205,140.6736025050615,150.4178108866662,77.66091272167348,False,20.590135137901655,47.7813458806711,15.817538074290246,28.03379571808241,47.7813458806711,20.590135137901655,,,,,,
13,3000.0,3113.9143378733907,976.2988224383524,178.79815571701164,152.28525825321998,65.22485943116783,False,21.25731224082728,53.30035368291209,16.277516460518747,29.178420888823116,53.30035368291209,21.25731224082728,,,,,,
14,700.0,826.9746165167652,238.05047671939323,139.6363636363634,nan,89.99999999999957,False,nan,nan,nan,nan,nan,nan,,,,,,
14,750.0,876.9870835152321,238.6892192570212,139.6363636363634,105.95133428907411,89.99999999999957,False,9.049620896042994,13.944663466664153,7.299541172806028,11.192003745886069,13.944663466664153,9.049620896042994,,,,,,
14,850.0,977.0122892611475,239.96581193357318,38.581275594495565,57.86657990757362,78.40782458970882,False,2.5287057874437586,3.5853393049073916,2.085816722246797,3.0259660286276584,3.5853393049073916,2.5287057874437586,,,,,,
14,900.0,1027.0250279961765,240.60366206744118,26.863781690030276,29.55371367583409,85.48601154199866,False,0.6475495108403426,0.9015220762344743,0.5372666590833336,0.7688307521192485,0.9015220762344743,0.6475495108403426,,,,,,
14,950.0,1077.03785730178,241.24121473001856,26.384898709405256,29.114744379738728,94.92710994764894,False,0.6283384410933601,0.8746218397160395,0.5213578324566596,0.7459641734650705,0.8746218397160395,0.6283384410933601,,,,,,
14,1000.0,1127.050777171367,241.87846991350915,26.384898709405256,26.748111576049517,94.92710994764894,False,0.5298314736406827,0.7368387096948246,0.4397540930207793,0.6287689880170112,0.7368387096948246,0.5298314736406827,,,,,,
14,1050.0,1177.0637876012925,242.51542761910744,27.358867195357277,43.20931714042666,94.08561677997479,False,1.3943336421043826,1.954862258731881,1.1542208856199594,1.6605230976971315,1.954862258731881,1.3943336421043826,,,,,,
14,1150.0,1277.0900801221685,243.78845058077835,92.70860394753886,75.1153806444532,95.19442890773448,False,4.337799034737988,6.272000095521737,3.5571191803770077,5.2334133434254,6.272000095521737,4.337799034737988,,,,,,
14,1200.0,1327.1033622060493,244.42451583170063,90.19702571745832,90.82492027497845,93.36646066342949,False,6.479184431113337,9.617975374857913,5.274611304681436,7.900053690453247,9.617975374857913,6.479184431113337,,,,,,
14,1250.0,1377.1167348302897,245.06028359302593,90.19702571745832,91.20165700949053,93.36646066342949,False,6.536836522438463,9.710958935519313,5.3204762245821104,7.972737057700302,9.710958935519313,6.536836522438463,,,,,,
14,1300.0,1427.1301979922014,245.6957538606571,90.19702571745832,91.71167145288516,93.36646066342949,False,6.615377747690447,9.837901639576287,5.382927105034716,8.071835437094629,9.837901639576287,6.615377747690447,,,,,,
14,1350.0,1477.1437516864207,246.33092663054416,92.70860394753886,95.88594519002388,95.19442890773448,False,7.279902759205266,10.924766848634311,5.909810970780931,8.914043704811402,10.924766848634311,7.279902759205266,,,,,,
14,1400.0,1527.1573959088125,246.9658019023831,95.25867616451202,100.06021892716258,97.12501634890153,False,7.984262600725354,12.103477563118751,6.465302841031761,9.81435429886983,12.103477563118751,7.984262600725354,,,,,,
14,1450.0,1577.171130655474,247.600379672475,111.06839440315186,102.52601722958865,102.52880770915111,False,8.419774285173094,12.847192394955202,6.807209696429467,10.375140720472618,12.847192394955202,8.419774285173094,,,,,,
14,1500.0,1627.184955920318,248.23465993866654,111.06839440315186,105.79848832360524,102.52880770915111,False,9.020885589735776,13.89400152863549,7.277135345859148,11.154581497788032,13.89400152863549,9.020885589735776,,,,,,
14,1650.0,1777.2269747827334,250.13571567839426,44.71999482488366,nan,109.38451567935768,False,nan,nan,nan,nan,nan,nan,,,,,,
14,1700.0,1827.241162077402,250.76880589658396,44.29208267246999,66.69349063350184,111.57130719125442,False,3.3875674603419537,4.846632535911701,2.786564497255942,4.069150009092615,4.846632535911701,3.3875674603419537,,,,,,
14,1800.0,1927.269808150363,252.0340937731542,111.06839440315186,93.22483040908725,77.47119229084822,False,6.85176842449098,10.221866905514403,5.570663896757892,8.370657661656459,10.221866905514403,6.85176842449098,,,,,,
14,1850.0,1977.2842669194024,252.6662914279302,111.06839440315186,94.63590187778051,77.47119229084822,False,7.076800018264717,10.590090667089196,5.749063086014641,8.655912168007601,10.590090667089196,7.076800018264717,,,,,,
14,1900.0,2027.2988161712783,253.29819155305424,106.47045015757529,85.36308608802473,81.02737338510333,False,5.67748901629283,8.341588639683993,4.634762479754947,6.894339412849567,8.341588639683993,5.67748901629283,,,,,,
14,1950.0,2077.3134559016103,253.9297941474734,49.936368547243035,72.52655503962484,88.60281897270349,False,4.0316754314257714,5.809188067387199,3.309431712597131,4.857136520944556,5.809188067387199,4.0316754314257714,,,,,,
14,2000.0,2127.3281861030964,254.56109920943234,48.2718229290016,59.690023991224976,81.86989764584389,False,2.6949886594315733,3.827649920889609,2.221799969127613,3.2272851373632756,3.827649920889609,2.6949886594315733,,,,,,
14,2050.0,2177.343006775,255.1921067366835,46.88573916115248,47.9949174496374,74.05460409907705,False,1.7258818413068688,2.4274741172527254,1.4272041674006415,2.058206659191806,2.4274741172527254,1.7258818413068688,,,,,,
14,2100.0,2227.357917908791,255.8228167237254,46.88573916115248,47.34776708376885,74.05460409907705,False,1.6788801923901693,2.3602826301903264,1.3885398707062846,2.001760400461234,2.3602826301903264,1.6788801923901693,,,,,,
14,2350.0,2477.43383038544,258.97190347917723,26.356760447458512,26.68718350087728,87.04922089099358,False,0.5274080438616936,0.7334521943349998,0.43774589037522965,0.6258869723111941,0.7334521943349998,0.5274080438616936,,,,,,
14,2400.0,2527.4492842079526,259.6008281740481,26.384898709405256,26.845360462099976,85.0728900523509,False,0.5337112619579442,0.7422606653342648,0.44296906185624185,0.633383066326401,0.7422606653342648,0.5337112619579442,,,,,,
14,2450.0,2577.464828463598,260.22945531075453,27.319891345768067,26.940266638833595,84.89783474764172,False,0.5375114473947504,0.7475717542982723,0.44611799427913434,0.6379026159335741,0.7475717542982723,0.5375114473947504,,,,,,
14,2500.0,2627.4804631455536,260.8577848848954,27.319891345768067,45.47643096407605,84.89783474764172,False,1.5467925484257146,2.1717974056960196,1.2798205887456207,1.8432532409343338,2.1717974056960196,1.5467925484257146,,,,,,
14,2550.0,2677.496188251143,261.48581689651786,27.319891345768067,50.24931402774375,84.89783474764172,False,1.8949608539020057,2.6697156076391924,1.5661952828178491,2.2614514295180004,2.6697156076391924,1.8949608539020057,,,,,,
14,2600.0,2727.5120037740217,262.1135513385751,119.03758207367079,57.89245492173564,54.462322208025576,False,2.5310254699230663,3.5887135475054195,2.0877147418510607,3.0287723709326704,3.5887135475054195,2.5310254699230663,,,,,,
14,2750.0,2877.559992807932,263.9949692367295,37.141669070570224,36.62904810757376,75.29169610031717,False,0.9981212179204604,1.394121965082175,0.8272473811160856,1.186740527451621,1.394121965082175,0.9981212179204604,,,,,,
14,2800.0,2927.5761699580817,264.6215133835554,36.71217865636218,33.08158714196394,75.4655449194598,False,0.8126803836732293,1.1331458549531646,0.6739353307471042,0.9655304482611171,1.1331458549531646,0.8126803836732293,,,,,,
14,2850.0,2977.5924375043264,265.2477599495092,36.03329659578888,31.011892548332913,77.22126681159388,False,0.7134838001391564,0.9939198462436595,0.5918530624995036,0.8473382487330307,0.9939198462436595,0.7134838001391564,,,,,,
14,2900.0,3027.6087954405657,265.8737089282935,22.439204245134473,28.233303212288625,85.6012946450044,False,0.5906521771373446,0.8218797361954733,0.4901441227896551,0.7011172519463847,0.8218797361954733,0.5906521771373446,,,,,,
14,2950.0,3077.6252437634002,266.4993603218522,22.73311417380881,26.113584351270234,87.45519562018684,False,0.5048694066610403,0.7019638322828083,0.41906756928988564,0.5990860393427703,0.7019638322828083,0.5048694066610403,,,,,,
14,3000.0,3127.641782468437,267.1247141249876,23.248722390348767,22.80701360309735,87.39743779750013,False,0.38465861134173013,0.5342398587392445,0.319402595938996,0.45622398602393444,0.5342398587392445,0.38465861134173013,,,,,,
15,400.0,529.0489778180548,4.119088692664935,30.62216535662973,50.975040564574805,85.42607874009906,False,1.9511669518318473,2.750429388223743,1.6123660671166038,2.3290815859244423,2.750429388223743,1.9511669518318473,,,,,,
15,450.0,579.0631028082538,4.397604446104734,30.06567523915279,50.975040564574805,86.63353933657012,False,1.9511669518318473,2.750429388223743,1.6123660671166038,2.3290815859244423,2.750429388223743,1.9511669518318473,,,,,,
15,500.0,629.0773148897592,4.675822562726918,92.23728109794189,63.704232492806796,82.23483398157443,False,3.081372335282938,4.39415530959755,2.5372000308261256,3.696277445310234,4.39415530959755,3.081372335282938,,,,,,
15,600.0,729.1060003079372,5.231365877559785,101.89180827750278,103.25000673457569,95.71059313749927,False,8.550462251454636,13.072722250409475,6.909573724785599,10.54405625264832,13.072722250409475,8.550462251454636,,,,,,
15,650.0,779.1204736353435,5.508691068021507,109.43546878142905,108.63513090453463,94.08561677997449,False,9.564003909057611,14.861687725989828,7.699711945390342,11.86447398314575,14.861687725989828,9.564003909057611,,,,,,
15,700.0,829.1350340367648,5.785718614058043,109.43546878142905,108.63513090453463,94.08561677997449,False,9.564003909057611,14.861687725989828,7.699711945390342,11.86447398314575,14.861687725989828,9.564003909057611,,,,,,
15,750.0,879.1496815046405,6.062448509020592,113.77777777777767,110.5210460305162,89.99999999999966,False,9.936802412713526,15.538877588770793,7.988648885324018,12.354986806907975,15.538877588770793,9.936802412713526,,,,,,
15,850.0,979.1792376292748,6.615015338373175,109.43546878142905,106.94127708085693,85.91438322002486,False,9.237181804808987,14.276791813749071,7.445656608109286,11.436637857623557,14.276791813749071,9.237181804808987,,,,,,
15,900.0,1029.1941462743507,6.890852269954788,106.47045015757529,104.6624435152167,81.02737338510333,False,8.809166930638957,13.522508793934408,7.111886954351336,10.879319426270147,13.522508793934408,8.809166930638957,,,,,,
15,950.0,1079.2091419695457,7.1663915375632445,98.08141160664577,104.6624435152167,73.30075576600615,False,8.809166930638957,13.522508793934408,7.111886954351336,10.879319426270147,13.522508793934408,8.809166930638957,,,,,,
15,1150.0,1279.2699951515049,8.265571950434875,111.87564145600959,117.60560597553255,79.50852298766814,False,11.42517308543361,18.36224453013664,9.132909543936151,14.34151688770352,18.36224453013664,11.42517308543361,,,,,,
15,1200.0,1329.285426023775,8.539622874982403,120.47058823529402,126.02650746548903,89.99999999999964,False,13.390274728365508,22.45839971332377,10.620100863068437,17.041926101079383,22.45839971332377,13.390274728365508,,,,,,
15,1250.0,1379.3009439198524,8.813376120949368,120.47058823529402,140.98579044869132,89.99999999999964,False,17.499412719564862,33.431116025187436,13.637253536340125,23.054912286009156,33.431116025187436,17.499412719564862,,,,,,
15,1300.0,1429.3165488304967,9.086831688875275,151.28921193535845,160.80782740252664,94.23639479905833,False,24.57648255616177,nan,18.50663828277062,35.38810545875077,nan,24.57648255616177,,,,,,
15,1350.0,1479.3322407537437,9.359989572766525,200.82292238150043,177.67370975546777,101.30993247401946,False,32.9266379896909,nan,23.642621025628333,61.22565483655833,nan,32.9266379896909,,,,,,
15,1400.0,1529.348019685212,9.632849771569846,210.9858262251863,194.53959210840887,105.94539590092216,False,45.671683049342114,nan,30.028255623588294,nan,nan,45.671683049342114,,,,,,
15,1450.0,1579.3638856200296,9.90541228273368,204.79999999999964,207.72639035743856,126.8698976458432,False,65.01583313605938,nan,36.26417933921902,nan,nan,65.01583313605938,,,,,,
15,1500.0,1629.3798385513733,10.177677101857102,204.79999999999964,173.83086726711275,126.8698976458432,False,30.757819423759525,nan,22.377087649407105,51.53988201573258,nan,30.757819423759525,,,,,,
15,1550.0,1679.3958784775368,10.449644227839608,217.22320318050677,138.11978309952354,134.9999999999991,False,16.643109751586923,30.73389007923751,13.019309692888632,21.75317255490178,30.73389007923751,16.643109751586923,,,,,,
15,1600.0,1729.4120053916963,10.721313656280369,31.345306929871466,102.60313602321003,81.78721981071405,False,8.433633647507138,12.871057000887545,6.818070491742613,10.393040015162583,12.871057000887545,8.433633647507138,,,,,,
15,1650.0,1779.428219291423,10.992685387975612,32.43040538724022,77.05392002901262,79.04593735660158,False,4.5753819042470765,6.633668057364387,3.748983847644653,5.5262526280256425,6.633668057364387,4.5753819042470765,,,,,,
15,1700.0,1829.4445201694014,11.2637594170258,27.216764618432,64.83425998405734,82.87498365109813,False,3.1952507494160143,4.56206578487588,2.630002358518014,3.834827373901396,4.56206578487588,3.1952507494160143,,,,,,
15,1800.0,1929.4773828471907,11.805014356492618,168.3445630006857,127.54790122637934,99.46232220802499,False,13.770016779681772,23.311432079876504,10.904289888585138,17.57521844018993,23.311432079876504,13.770016779681772,,,,,,
15,1850.0,1979.4939446377487,12.075195263304371,168.3445630006857,150.6154479886128,99.46232220802499,False,20.65981207965746,48.27786004555936,15.865757438490562,28.152009080437537,48.27786004555936,20.65981207965746,,,,,,
15,1900.0,2029.5105933870702,12.345078457264902,146.28571428571402,142.08017388430636,89.99999999999956,False,17.835964703491918,34.583321905393205,13.878509778469073,23.574761238243006,34.583321905393205,17.835964703491918,,,,,,
15,1950.0,2079.5273290941727,12.61466393537725,119.48695166736583,132.78099152913475,76.50426671920393,False,15.138916773343007,26.602184287617224,11.919855913373457,19.532381054723853,26.602184287617224,15.138916773343007,,,,,,
15,2000.0,2129.5441517527242,12.883951694738746,107.93907746708058,132.65431417151495,71.56505117707775,False,15.10458724813599,26.51492944143281,11.894559869471449,19.482594594417943,26.51492944143281,15.10458724813599,,,,,,
15,2050.0,2179.5610613576064,13.15294173204879,121.84865122482765,129.24646414296518,67.24902365721215,False,14.203487656724349,24.31460783357736,11.227390476936115,18.188920995199716,24.31460783357736,14.203487656724349,,,,,,
15,2100.0,2229.57805790493,13.421634047752415,167.7111762125867,156.61806645011828,58.39249775375092,False,22.88527442352972,nan,17.38336420925915,32.104014844815005,nan,22.88527442352972,,,,,,
15,2200.0,2329.612311808356,13.958125494698688,228.9733608959782,215.01367238192321,153.4349488229211,False,103.61028359424202,nan,40.377296474936834,nan,nan,103.61028359424202,,,,,,
15,2250.0,2379.6295691552045,14.22592462233646,248.35648003720473,235.43440060972037,165.96375653207267,False,nan,nan,56.38508052491887,nan,nan,nan,,,,,,
15,2350.0,2479.664344613586,14.760629669437733,228.9733608959782,230.88160125241697,153.4349488229211,False,nan,nan,51.98461250072365,nan,nan,nan,,,,,,
15,2400.0,2529.681862716343,15.0275355826505,228.9733608959782,223.09828203824247,153.4349488229211,False,nan,nan,45.72445705864163,nan,nan,nan,,,,,,
15,2450.0,2579.6994677279145,15.294143753750221,217.22320318050677,221.92326626669532,134.9999999999991,False,nan,nan,44.8849617162378,nan,nan,nan,,,,,,
15,2500.0,2629.7171596470725,15.560454178990629,217.22320318050677,220.1607426093746,134.9999999999991,False,nan,nan,43.66862603585353,nan,nan,nan,,,,,,
15,2550.0,2679.734938465055,15.826466856265553,217.22320318050677,176.3910865959064,134.9999999999991,False,32.18136329427378,nan,23.21336320547805,57.37194115691331,nan,32.18136329427378,,,,,,
15,2650.0,2779.7707567826196,16.357598954370566,53.894736842105196,96.62431146410019,89.99999999999983,False,7.401544664939485,11.126297204238096,6.005964004789072,9.06895428031603,11.126297204238096,7.401544664939485,,,,,,
15,2700.0,2829.7887962724567,16.62271837009762,56.88888888888882,56.42468089196468,89.99999999999983,False,2.4012453293883813,3.4001937043565493,1.9814811456980188,2.871855733084521,3.4001937043565493,2.4012453293883813,,,,,,
15,2750.0,2879.8069226464886,16.887540026060023,58.49041694490001,75.5905263432158,91.63657704161653,False,4.3953649484663435,6.35942998876311,3.6036371077908673,5.304302187653061,6.35942998876311,4.3953649484663435,,,,,,
15,2850.0,2979.8434360162128,17.416290046426006,133.08806269696913,115.58290681902594,98.97262661489597,False,10.985621994800765,17.506904449771046,8.79654987032177,13.749956364997539,17.506904449771046,10.985621994800765,,,,,,
15,2900.0,3029.861823005572,17.68021840792692,126.25842225051424,137.16416977955214,99.46232220802523,False,16.365391694190826,29.91982410742396,12.817645710713967,21.337093970197145,29.91982410742396,16.365391694190826,,,,,,
15,2950.0,3079.8802968569626,17.943848999504027,144.49472538372035,137.16416977955214,41.18592516570962,False,16.365391694190826,29.91982410742396,12.817645710713967,21.337093970197145,29.91982410742396,16.365391694190826,,,,,,
15,3000.0,3129.8988575676976,18.20718181706041,144.8154687870049,138.52287214041317,45.0,False,16.761404743653713,31.088928891402652,13.105024192695796,21.93128573267036,31.088928891402652,16.761404743653713,,,,,,
16,500.0,629.3643835598227,-229.0356055191344,72.68080035713797,nan,62.525568373722784,False,nan,nan,nan,nan,nan,nan,,,,,,
16,650.0,779.4057052563387,-229.48327010295188,72.81338313830041,nan,58.570434385161384,False,nan,nan,nan,nan,nan,nan,,,,,,
16,750.0,879.4336675199438,-229.78320229838644,21.21852605633657,nan,84.05313694602644,False,nan,nan,nan,nan,nan,nan,,,,,,
16,900.0,1029.4762325206902,-230.23533435234953,134.7161117655596,78.84451376629734,52.12501634890176,False,4.801289173378772,6.979631597336399,3.931120872270909,5.8053704271651165,6.979631597336399,4.801289173378772,,,,,,
16,950.0,1079.49058659621,-230.386640715931,36.396469277338674,78.84451376629734,76.29303899592011,False,4.801289173378772,6.979631597336399,3.931120872270909,5.8053704271651165,6.979631597336399,4.801289173378772,,,,,,
16,1000.0,1129.5050235348133,-230.538244925933,65.42096025599376,78.84451376629734,63.4349488229219,False,4.801289173378772,6.979631597336399,3.931120872270909,5.8053704271651165,6.979631597336399,4.801289173378772,,,,,,
16,1150.0,1279.5488314819015,-230.994844647194,43.444640636101425,nan,45.0,False,nan,nan,nan,nan,nan,nan,,,,,,
16,1300.0,1429.5933850255315,-231.4541250612153,87.01118231799538,79.48919117727992,77.73522627210741,False,4.8841587957309605,7.1070578736251315,3.9978608374639713,5.907925167971139,7.1070578736251315,4.8841587957309605,,,,,,
16,1350.0,1479.6084018717675,-231.6078142559686,82.5460554087104,76.133022415218,83.82982490497015,False,4.461618883932478,6.460213983782073,3.65715237052031,5.385941576323016,6.460213983782073,4.461618883932478,,,,,,
16,1400.0,1529.623501544307,-231.7618013149564,68.91033580513398,72.9534767557038,88.89829388479343,False,4.081288184990404,5.883955248415593,3.3496097246449814,4.918039977349075,5.883955248415593,4.081288184990404,,,,,,
16,1450.0,1579.6386840360806,-231.91608624332875,66.06451612903217,69.43905036513088,89.99999999999982,False,3.6829677093015856,5.286233284591778,3.0266479361082106,4.429918107819206,5.286233284591778,3.6829677093015856,,,,,,
16,1500.0,1629.6539493434443,-232.07066903989133,60.235294117647,65.07004868393773,89.99999999999982,False,3.2192983791819474,4.597579383556791,2.6495902840548022,3.8641039955041525,4.597579383556791,3.2192983791819474,,,,,,
16,1650.0,1779.700242111994,-232.53620468385705,170.6666666666665,nan,89.99999999999949,False,nan,nan,nan,nan,nan,nan,,,,,,
16,1850.0,1979.7631249287856,-233.16108922625995,190.15202629330105,nan,111.80140948635109,False,nan,nan,nan,nan,nan,nan,,,,,,
16,1950.0,2079.795063021277,-233.4753188366669,186.26736002790327,133.98256288478294,104.03624346792584,False,15.46759968694303,27.451775019522522,12.16159341078732,20.01099786809186,27.451775019522522,15.46759968694303,,,,,,
16,2000.0,2129.811156221341,-233.63288048607063,25.528302333144453,nan,85.7108466711809,False,nan,nan,nan,nan,nan,nan,,,,,,
16,2200.0,2329.876356603191,-234.26610610586818,97.52380952380943,96.01090876258932,89.9999999999997,False,7.300401996264651,10.958671376311809,5.9260211986319815,8.940133000020829,10.958671376311809,7.300401996264651,,,,,,
16,2250.0,2379.8928635715206,-234.42515727764635,95.9531593043595,82.33076221710327,88.21008939175364,False,5.259247421597566,7.687381160146732,4.29944653230939,6.373246493365061,7.687381160146732,5.259247421597566,,,,,,
16,2300.0,2429.9094532784416,-234.58450636373155,94.55575745959901,73.73780677514794,85.76360520094092,False,4.173327987011029,6.022904699424213,3.4241098440975746,5.031106357597604,6.022904699424213,4.173327987011029,,,,,,
16,2350.0,2479.9261257193284,-234.74415336592608,41.290322580645125,61.2576269178232,89.99999999999987,False,2.8425295498392167,4.0433931734343105,2.3423313612661247,3.4061712474455677,4.0433931734343105,2.8425295498392167,,,,,,
16,2400.0,2529.9428808888306,-234.9040982841359,39.36598500732662,84.6679701270489,88.23760897633939,False,5.579950112994364,8.188329711667345,4.556654543337661,6.772599654055499,8.188329711667345,5.579950112994364,,,,,,
16,2450.0,2579.9597187849836,-235.0643411243545,35.12291023718577,82.19602329391137,84.0938588862294,False,5.241097000139381,7.65916289142864,4.284871684253495,6.350686533805266,7.65916289142864,5.241097000139381,,,,,,
16,2500.0,2629.9766394004855,-235.22488188833736,213.0048753504879,95.8312568650001,123.69006752597883,False,7.270942822170381,10.909954932883227,5.902724886742699,8.902642512302812,10.909954932883227,7.270942822170381,,,,,,
16,2650.0,2780.027897520711,-235.70829174133968,74.50694401116144,nan,39.09385888622953,False,nan,nan,nan,nan,nan,nan,,,,,,
16,2700.0,2830.0451489685456,-235.8700242229451,78.02258613856856,107.7320656054655,40.36453657309738,False,9.388828611125104,14.547194626826759,7.563626301205241,11.634905933832039,14.547194626826759,9.388828611125104,,,,,,
16,2800.0,2930.0798999499048,-236.19438299761856,170.6666666666665,146.63187544792137,89.99999999999949,False,19.296067619200958,40.45738224805907,14.914412865801934,25.889778546447346,40.45738224805907,19.296067619200958,,,,,,
16,2850.0,2980.097399471733,-236.35700929763937,168.3445630006857,171.02986670976145,80.537677791974,False,29.289293277502967,nan,21.492257221515544,46.75803908309021,nan,29.289293277502967,,,,,,
16,2900.0,3030.1149816761304,-236.5199335392382,169.49368598576476,173.02776056456034,65.55604521958324,False,30.327706874501303,nan,22.12023902330506,50.0390534381677,nan,30.327706874501303,,,,,,
16,2950.0,3080.132646558457,-236.68315572836173,175.61455118592892,173.61803403903383,59.03624346792624,False,30.643099837807576,nan,22.308769109344745,51.130093544074306,nan,30.643099837807576,,,,,,
16,3000.0,3130.1503941126266,-236.84667586716327,181.01933598375595,175.3758577184832,45.0,False,31.607001876136273,nan,22.87851730706814,54.828108745019605,nan,31.607001876136273,,,,,,
17,400.0,527.8513287043197,-462.03551890869284,71.51926228680472,73.9748456895317,77.90524292298771,False,4.201372323658554,6.065305751814371,3.4468003833912415,5.065578322209116,6.065305751814371,4.201372323658554,,,,,,
17,450.0,577.861995583601,-462.4731455245295,71.51926228680472,75.71971129222638,77.90524292298771,False,4.411090876903377,6.383336481303684,3.616341662771276,5.323674957589849,6.383336481303684,4.411090876903377,,,,,,
17,500.0,627.8727425131556,-462.9110700480081,78.88601249498569,70.51002823526929,74.3577535427911,False,3.801928147177427,5.464140319831156,3.123194978646662,4.5754966671340895,5.464140319831156,3.801928147177427,,,,,,
17,550.0,677.8835694895715,-463.34929248132903,80.95430810031041,62.05760434933692,71.56505117707783,False,2.9194701889302888,4.15618175149348,2.4051400969473526,3.4995551386055963,4.15618175149348,2.9194701889302888,,,,,,
17,600.0,727.8944765050561,-463.78781282774617,49.67129600744094,61.287316829296195,75.96375653207343,False,2.845365125055731,4.047546450330792,2.344646688689872,3.409611637352704,4.047546450330792,2.845365125055731,,,,,,
17,650.0,777.9054635583815,-464.22663109100523,29.25714285714282,56.887642912873815,89.99999999999991,False,2.441784209394035,3.4590241327430373,2.014674588946799,2.920851301085827,3.4590241327430373,2.441784209394035,,,,,,
17,700.0,827.9165306415224,-464.66574727096526,67.66782468660111,68.40195794263354,82.40535663140838,False,3.5697746400846837,5.117421386969128,2.9347085700819275,4.291554764834474,5.117421386969128,3.5697746400846837,,,,,,
17,800.0,927.9389048835776,-465.54487339807815,127.01156821934933,106.39177447338731,82.8749836510979,False,9.132758585929476,14.091570079420787,7.364336085563838,11.300359708203024,14.091570079420787,9.132758585929476,,,,,,
17,850.0,977.95021203373,-465.98488334733736,113.08188270064278,122.4364952697117,83.65980825408981,False,12.524933169944283,20.594347634711426,9.96859248788769,15.841023914181969,20.594347634711426,12.524933169944283,,,,,,
17,900.0,1027.9615991941962,-466.42519122764804,117.80582228695603,124.3185377901491,85.60129464500419,False,12.973293180015935,21.547083077039257,10.306832650029987,16.46082269292134,21.547083077039257,12.973293180015935,,,,,,
17,950.0,1077.973066360363,-466.865797036668,131.84670787189867,125.98335402091966,78.11134196037173,False,13.379618811512069,22.434789713056855,10.612111047051561,17.0270183393626,22.434789713056855,13.379618811512069,,,,,,
17,1000.0,1127.9846135317262,-467.30670078004016,131.84670787189867,111.50062454167596,78.11134196037173,False,10.134220742974927,15.902016381473684,8.141284221596601,12.615844359960253,15.902016381473684,10.134220742974927,,,,,,
17,1050.0,1177.9962406983088,-467.7479024594726,135.33564937320222,96.15912471235433,82.40535663140824,False,7.324761920295059,10.998991509507194,5.945280977052324,8.97114441071418,10.998991509507194,7.324761920295059,,,,,,
17,1100.0,1228.0079478598655,-468.18940207571455,40.668235304424286,83.5281847917333,83.15722658736894,False,5.422163240641949,7.9413000168924635,4.430182470171657,6.575941177060729,7.9413000168924635,5.422163240641949,,,,,,
17,1150.0,1278.0197350073752,-468.6311996357657,41.09832314034784,71.0296494684352,84.47245984834372,False,3.8604076982832254,5.551784892863943,3.1706274365668614,4.647123955726401,5.551784892863943,3.8604076982832254,,,,,,
17,1200.0,1328.0316021386545,-469.0732951380805,68.69200826879346,59.303355518958426,63.43494882292195,False,2.6592498942709404,3.7754962345898755,2.192585998381159,3.1839902409969305,3.7754962345898755,2.6592498942709404,,,,,,
17,1250.0,1378.0435492471254,-469.51568858631083,69.35403125540819,66.73474193532681,61.69924423399351,False,3.3919047516554683,4.853064994783645,2.7900930745020767,4.07443962932794,4.853064994783645,3.3919047516554683,,,,,,
17,1300.0,1428.0555763288849,-469.95837998415556,76.70417962581837,74.34654088534722,87.13759477388807,False,4.24556199237691,6.132177909399166,3.482545022263184,5.119915916648711,6.132177909399166,4.24556199237691,,,,,,
17,1350.0,1478.0676833810119,-470.40136933231696,77.82516738626617,78.10538406162777,75.69972255081423,False,4.70728097099613,6.835415108427535,3.855362565524087,5.689139365377798,6.835415108427535,4.70728097099613,,,,,,
17,1400.0,1528.0798703942537,-470.8446566343996,79.15731789044992,80.29322226318267,83.65980825408987,False,4.988660908664772,7.268149342719931,4.0819663688284535,6.037379313975653,7.268149342719931,4.988660908664772,,,,,,
17,1450.0,1578.0921373676276,-471.2882418934005,87.48622415019622,66.78372393489092,70.01689347809987,False,3.397058852447478,4.860709677569407,2.794286027346557,4.080725690740996,4.860709677569407,3.397058852447478,,,,,,
17,1550.0,1678.1169111711627,-472.1763062885225,22.66618631265133,96.59129760564231,84.92039213998537,False,7.396079068167141,11.117224353902047,6.001645633842042,9.061988819647974,11.117224353902047,7.396079068167141,,,,,,
17,1650.0,1778.1420047509334,-473.06556253919615,179.6214823540794,84.67894117445798,37.87498365109833,False,5.581481839093969,8.19073316501368,4.557881563021534,6.7745104065385,8.19073316501368,5.581481839093969,,,,,,
17,1750.0,1878.1674180713621,-473.9560106677775,51.7491548566432,nan,57.380756928807145,False,nan,nan,nan,nan,nan,nan,,,,,,
17,1900.0,2028.206137474228,-475.2939176718422,22.298369477358367,nan,80.81116392264119,False,nan,nan,nan,nan,nan,nan,,,,,,
17,2000.0,2128.2323499699614,-476.18734557761405,105.84297351612446,76.31854550554465,60.2551187030577,False,4.484406058708082,6.4949168461185005,3.6755524765538707,5.414033231551465,6.4949168461185005,4.484406058708082,,,,,,
17,2050.0,2178.2455760725193,-476.634506511279,96.8974290053713,80.8553452070321,60.52411099675414,False,5.062482778492905,7.38221949822779,4.14134177207654,6.128914477041871,7.38221949822779,5.062482778492905,,,,,,
17,2100.0,2228.2588820694423,-477.0819654342363,80.23541002332445,73.10150431565997,57.80426606528669,False,4.098570363811491,5.910021337806597,3.363602140985566,4.939262298489512,5.910021337806597,4.098570363811491,,,,,,
17,2150.0,2278.2722679580556,-477.5297223464387,40.44556828330821,64.91613701554384,99.09027692082219,False,3.2035900074983896,4.57437899812194,2.63679543554969,3.8449791888027485,4.57437899812194,3.2035900074983896,,,,,,
17,2200.0,2328.285733732983,-477.97777725608057,42.08614075017142,54.25570635226802,99.46232220802547,False,2.2161510205005976,3.132230745658786,1.8298133597775572,2.6483766568265232,3.132230745658786,2.2161510205005976,,,,,,
17,2350.0,2478.326610327483,-479.3237299729392,43.50559115899769,nan,102.26477372789223,False,nan,nan,nan,nan,nan,nan,,,,,,
17,2500.0,2628.3682057230126,-480.67236473109824,91.58934435839126,nan,100.3048464687657,False,nan,nan,nan,nan,nan,nan,,,,,,
17,2600.0,2728.3963352578544,-481.5729446278385,152.64890726398542,nan,63.43494882292177,False,nan,nan,nan,nan,nan,nan,,,,,,
17,2750.0,2878.4391283689315,-482.9260496082861,51.19999999999994,nan,89.99999999999984,False,nan,nan,nan,nan,nan,nan,,,,,,
17,2850.0,2978.4680562593353,-483.82960971462757,66.358992917579,97.71306829246856,88.9390883097356,False,7.583204726257819,11.428813012128092,6.149388300641423,9.30073738946982,11.428813012128092,7.583204726257819,,,,,,
17,2900.0,3028.482639933411,-484.28183681229626,138.8354930039397,112.4826615833897,77.4711922908482,False,10.334771904292907,16.274261739818062,8.296075078196791,12.881640897538007,16.274261739818062,10.334771904292907,,,,,,
17,2950.0,3078.497303421948,-484.73436194193175,134.45778724835563,112.4826615833897,66.80140948635159,False,10.334771904292907,16.274261739818062,8.296075078196791,12.881640897538007,16.274261739818062,10.334771904292907,,,,,,
17,3000.0,3128.512046719581,-485.1871851075845,110.27837316368448,127.85721780532658,68.96248897457795,False,13.848199296525596,23.48996847485441,10.962668244380543,17.685511817634726,23.48996847485441,13.848199296525596,,,,,,
18,450.0,575.8280753285468,-693.5279168791938,87.48622415019622,92.39923788273491,70.01689347809987,False,6.722164884349029,10.010998573595325,5.46777736933433,8.206720914222,10.010998573595325,6.722164884349029,,,,,,
18,500.0,625.8382675687204,-693.8939992776957,91.63007789136277,95.67265669019945,72.64597536373846,False,7.2449969611886536,10.867088079321807,5.882202468318647,8.869634487764527,10.867088079321807,7.2449969611886536,,,,,,
18,550.0,675.8485405480562,-694.2603795383288,98.08141160664577,95.67265669019945,73.30075576600615,False,7.2449969611886536,10.867088079321807,5.882202468318647,8.869634487764527,10.867088079321807,7.2449969611886536,,,,,,
18,600.0,725.858894255104,-694.6270576672964,105.49291311259303,83.11446865404557,74.05460409907697,False,5.365546162037009,7.852926974276129,4.3847662240272784,6.5054591917181686,7.852926974276129,5.365546162037009,,,,,,
18,700.0,825.8798438455251,-695.3613075304917,37.253472005580704,82.02297542533573,75.96375653207345,False,5.217839699081349,7.623025585179864,4.266193193028953,6.321785485141081,7.623025585179864,5.217839699081349,,,,,,
18,800.0,925.9011163017301,-696.0967488895908,103.32254115783341,nan,70.34617594194648,False,nan,nan,nan,nan,nan,nan,,,,,,
18,950.0,1075.933630276662,-697.2021450220107,31.26080055668034,31.634239088131825,77.66091272167372,False,0.7426181377501568,1.034783980332758,0.6159660736949837,0.8820417253433306,1.034783980332758,0.7426181377501568,,,,,,
18,1000.0,1125.9446296597462,-697.5712061685584,31.820958353857566,47.009099319586824,76.82744657667303,False,1.6545547588939344,2.3255331972318043,1.36852484048445,1.9725559675092557,2.3255331972318043,1.6545547588939344,,,,,,
18,1050.0,1175.9557097298593,-697.9405652049534,31.820958353857566,56.234015458459815,76.82744657667303,False,2.384655674792566,3.3761334169781354,1.9678949141405988,2.8518105387964616,3.3761334169781354,2.384655674792566,,,,,,
18,1100.0,1225.96687048359,-698.3102221333965,93.1336800139518,67.57207617724575,75.96375653207333,False,3.4806082157287337,4.984760839159808,2.8622344772561172,4.182667980595485,4.984760839159808,3.4806082157287337,,,,,,
18,1150.0,1275.9781119148508,-698.6801769560406,93.1336800139518,78.79810533659625,75.96375653207333,False,4.795355132054315,6.970517714656565,3.926340311600983,5.798030229563011,6.970517714656565,4.795355132054315,,,,,,
18,1200.0,1325.989434019507,-699.0504296731899,87.95110415061004,78.5730043562114,76.75948008481264,False,4.766632343596063,6.926423574448481,3.9031979052640793,5.762507633891792,6.926423574448481,4.766632343596063,,,,,,
18,1250.0,1376.0008367926725,-699.4209802915403,87.95110415061004,67.2558938023631,76.75948008481264,False,3.4469644670746837,4.934778545470186,2.8348775560259734,4.141607870962402,4.934778545470186,3.4469644670746837,,,,,,
18,1300.0,1426.0123202292436,-699.7918288102483,30.69545345193334,55.938783248514824,87.70938995736138,False,2.359089333585122,3.3390708383924794,1.9469542697546136,2.820924734735342,3.3390708383924794,2.359089333585122,,,,,,
18,1350.0,1476.0238843248258,-700.1629752345111,36.548127244710344,47.935703022991014,87.95459151111268,False,1.721552824973087,2.4212828639997572,1.4236435346593561,2.0530068010838893,2.4212828639997572,1.721552824973087,,,,,,
18,1400.0,1526.035529073823,-700.5344195649841,36.548127244710344,33.34589209230246,87.95459151111268,False,0.8258237865617615,1.151612658042343,0.6848073472253441,0.9811979400250359,1.151612658042343,0.8258237865617615,,,,,,
18,1500.0,1626.0590605147597,-701.2782019563114,29.59186042785583,51.00020132552184,76.63306930368309,False,1.9531311957937096,2.753251803506381,1.6139793037254506,2.3314456717002803,2.753251803506381,1.9531311957937096,,,,,,
18,1550.0,1676.070947197924,-701.6505400234163,29.317034716870022,67.88286961615997,76.75948008481272,False,3.513854937204084,5.034192185262296,2.8892624159228193,4.223256663008666,5.034192185262296,3.513854937204084,,,,,,
18,1600.0,1726.0829145150149,-702.0231760069375,108.54378291265117,76.36197032566487,57.99461679191643,False,4.489749342237569,6.503057135406312,3.679866624193482,5.42062129837113,6.503057135406312,4.489749342237569,,,,,,
18,1650.0,1776.0949624606694,-702.396109910925,104.07880040726285,94.4136251858612,63.43494882292184,False,7.041055776439634,10.531421849082959,5.720746684882807,8.610549911444593,10.531421849082959,7.041055776439634,,,,,,
18,1700.0,1826.1070910331816,-702.7693417364791,110.27837316368448,112.18098747325641,68.96248897457795,False,10.27288111884904,16.159019442000552,8.248334840777995,12.79952836029148,16.159019442000552,10.27288111884904,,,,,,
18,1750.0,1876.1193002254824,-703.1428714887497,119.85013472883753,109.48743352005627,69.44395478041629,False,9.731306712782692,15.164240193345105,7.829493376254328,12.084271208223381,15.164240193345105,9.731306712782692,,,,,,
18,1800.0,1926.1315900327131,-703.5166991661446,118.15384615384599,110.83959179825462,67.38013505195934,False,10.000713963524749,15.656087796423131,8.038090959301506,12.43935132124496,15.656087796423131,10.000713963524749,,,,,,
18,1850.0,1976.1439604507245,-703.8908247731118,95.07601314665045,109.26286033475412,68.19859051364803,False,9.687036878200052,15.083970399081242,7.795169997655499,12.026058517809604,15.083970399081242,9.687036878200052,,,,,,
18,1950.0,2076.16894309862,-704.6399697889661,103.97144730968249,107.00520533807779,66.03751102542165,False,9.249380830618577,14.29848153588231,7.4551520762866925,11.452571424920334,14.29848153588231,9.249380830618577,,,,,,
18,2000.0,2126.181555319974,-705.0149892033546,114.4866804479891,114.9890941062525,63.434948822921854,False,10.858843269098578,17.26372954966206,8.699288240541497,13.58011656517917,17.26372954966206,10.858843269098578,,,,,,
18,2050.0,2176.1942481328665,-705.3903065567725,114.4866804479891,114.9890941062525,63.434948822921854,False,10.858843269098578,17.26372954966206,8.699288240541497,13.58011656517917,17.26372954966206,10.858843269098578,,,,,,
18,2100.0,2226.2070215312106,-705.765921851373,127.01156821934926,98.37534658855745,60.255118703057654,False,7.6950549139966515,11.61601658374317,6.237594194109257,9.443713788813275,11.61601658374317,7.6950549139966515,,,,,,
18,2200.0,2326.2328100686263,-706.5180462830629,37.51645723890231,64.92010233586753,81.57303097851924,False,3.203994182359238,4.57497583673232,2.6371246627024143,3.84547123242274,4.57497583673232,3.203994182359238,,,,,,
18,2250.0,2376.245825197231,-706.8945554233585,30.232281549351033,44.70257723527745,81.51105611949522,False,1.4938240632963378,2.0963533098551608,1.2361974614243592,1.7797407289877574,2.0963533098551608,1.4938240632963378,,,,,,
18,2350.0,2476.272097154009,-707.6484675653053,66.358992917579,56.77723386643192,91.060911690264,False,2.43208325625125,3.44494133771883,2.006732199896728,2.9091250270661906,3.44494133771883,2.43208325625125,,,,,,
18,2400.0,2526.2853539712223,-708.0258705716614,63.9861156305991,89.1996465225773,91.19348942398184,False,6.233991971576354,9.2243522347067,5.079325776680385,7.591480670596192,9.2243522347067,6.233991971576354,,,,,,
18,2450.0,2576.298691339291,-708.4035715385597,66.53154536819855,103.34410365284835,94.96974072811011,False,8.567542807977839,13.102281008073641,6.922944358442734,10.566155064742702,13.102281008073641,8.567542807977839,,,,,,
18,2500.0,2626.3121092569877,-708.7815704697464,159.92193217393253,118.47295511606424,51.340191745909806,False,11.617366115079177,18.742479192540102,9.279563152964233,14.601529946906405,18.742479192540102,11.617366115079177,,,,,,
18,2550.0,2676.325607717746,-709.159867364729,159.92193217393253,134.0763820366761,51.340191745909806,False,15.493498243277577,27.519848698469907,12.180605920148889,20.048862113624587,27.519848698469907,15.493498243277577,,,,,,
18,2600.0,2726.3391867164364,-709.5384622309526,142.0032502336585,149.1707230097681,56.309932474020094,False,20.15543279350515,44.97302213355254,15.51575858321568,27.30292357484404,44.97302213355254,20.15543279350515,,,,,,
18,2650.0,2776.3528462496597,-709.9173550664735,142.0032502336585,147.7161180277787,56.309932474020094,False,19.658957354122904,42.2317831167404,15.1691122829228,26.48158456328859,42.2317831167404,19.658957354122904,,,,,,
18,2700.0,2826.3665863096235,-710.2965458745452,142.0032502336585,146.26151304578926,56.309932474020094,False,19.173481979361455,39.89330510503159,14.828123446042135,25.691425707226326,39.89330510503159,19.173481979361455,,,,,,
18,2750.0,2876.380406895578,-710.6760346615598,152.64890726398542,148.39064445185463,63.43494882292177,False,19.887790901084983,43.444036476970695,15.329148448740408,26.85843318676826,43.444036476970695,19.887790901084983,,,,,,
18,2800.0,2926.394307998773,-711.0558214254794,152.64890726398542,148.5127983491181,63.43494882292177,False,19.929487601729452,43.67385091084463,15.358261252727013,26.92741394421673,43.67385091084463,19.929487601729452,,,,,,
18,2850.0,2976.4082896177365,-711.4359061707988,152.64890726398542,145.39802597661588,63.43494882292177,False,18.890343807339015,38.6491959727957,14.628337763554196,25.236204973205034,38.6491959727957,18.890343807339015,,,,,,
18,2900.0,3026.422351743952,-711.8162888988757,142.61401971997583,136.4560600172349,68.19859051364797,False,16.162043175525067,29.33998796822987,12.669600487801388,21.03423990476812,29.33998796822987,16.162043175525067,,,,,,
18,2950.0,3076.436494376915,-712.1969696153524,126.42938837114735,132.4078482055473,69.77514056883173,False,15.037969537941873,26.34637763366563,11.845446371020085,19.386090054988728,26.34637763366563,15.037969537941873,,,,,,
18,3000.0,3126.450717507876,-712.5779483181909,107.93907746708058,125.66082851940125,71.56505117707775,False,13.300176555429374,22.25931545980843,10.552519114694025,16.91597406644808,22.25931545980843,13.300176555429374,,,,,,
19,400.0,524.970512031605,-921.7505736420852,95.81304753435724,nan,93.57633437499702,False,nan,nan,nan,nan,nan,nan,,,,,,
19,500.0,624.9912957767208,-921.6684102524213,36.36330620049583,51.68728157651503,83.88449643371449,False,2.007174776093054,2.8309519676646464,1.658357382450249,2.3965063964587072,2.8309519676646464,2.007174776093054,,,,,,
19,550.0,675.0018147095633,-921.6277750651024,37.28638628560353,37.0556162643266,84.42780219603613,False,1.0217393812139095,1.4274269121177763,0.8467609000975288,1.2149386780120741,1.4274269121177763,1.0217393812139095,,,,,,
19,600.0,725.0124183434208,-921.587437550863,37.28638628560353,44.014702897412896,84.42780219603613,False,1.4475493138687088,2.0305085066053423,1.1980751151377913,1.7242779404406938,2.0305085066053423,1.4475493138687088,,,,,,
19,650.0,775.0231066770654,-921.5473977134494,37.28638628560353,49.56928890633803,84.42780219603613,False,1.8430814664774207,2.5952981046979082,1.52356391388411,2.199056932464853,2.5952981046979082,1.8430814664774207,,,,,,
19,700.0,825.0338796995384,-921.5076555575661,71.85104942975808,54.33902864251765,79.21570213243726,False,2.2231151112133642,3.142293636714841,1.835523100623666,2.656778244322007,3.142293636714841,2.2231151112133642,,,,,,
19,750.0,875.0447374098703,-921.4682110820663,64.13623624512147,58.74793502035919,81.19320730556454,False,2.6083645859232356,3.7013097041414893,2.1509788888414363,3.1223709142408382,3.7013097041414893,2.6083645859232356,,,,,,
19,800.0,925.0556798029304,-921.4290642943947,61.13508496650165,64.06573076781946,84.2894068625002,False,3.117556023407062,4.447459788371893,2.5666946996675257,3.740284082092382,4.447459788371893,3.117556023407062,,,,,,
19,850.0,975.0667068738597,-921.3902151929587,59.330918174811245,62.119401102334784,83.34557495399325,False,2.925460253433554,4.164970844638972,2.410028600235177,3.506828169753993,4.164970844638972,2.925460253433554,,,,,,
19,900.0,1025.0778186182645,-921.3516637829556,63.875365022904795,61.118179660630815,93.57633437499713,False,2.829231994764323,4.02391969959815,2.3314729494679214,3.390038595385797,4.02391969959815,2.829231994764323,,,,,,
19,1000.0,1125.100296104857,-921.275454044762,60.13135047830558,59.574816630641635,93.3664606634296,False,2.6843133587784256,3.8120671289942663,2.2130743706278926,3.2143513028288395,3.8120671289942663,2.6843133587784256,,,,,,
19,1050.0,1175.1116618397305,-921.2377957224709,54.71773439071453,72.11694063297392,94.08561677997471,False,3.9843946470499443,5.738020352891836,3.2711293368308043,4.799123880026782,5.738020352891836,3.9843946470499443,,,,,,
19,1150.0,1275.134647266565,-921.1633721853581,101.50173702990166,95.59580920547545,97.59464336859114,False,7.232445893989026,10.846364926386562,5.872273451207741,8.85367096716171,10.846364926386562,7.232445893989026,,,,,,
19,1200.0,1325.1462669502423,-921.1266069752884,113.08188270064278,110.1868462829575,96.34019174590951,False,9.87004498982922,15.416802181330231,7.936976255804781,12.266951553629173,15.416802181330231,9.87004498982922,,,,,,
19,1250.0,1375.157971273044,-921.090139475262,113.08188270064278,113.55179067023587,96.34019174590951,False,10.556151390591369,16.689213607005748,8.466627975999506,13.175994507115446,16.689213607005748,10.556151390591369,,,,,,
19,1300.0,1425.169760230344,-921.0539696870815,113.08188270064278,121.38288676094699,96.34019174590951,False,12.278899115003917,20.082635575110626,9.782376167073826,15.50305356788029,20.082635575110626,12.278899115003917,,,,,,
19,1350.0,1475.181633818976,-921.0180976121976,127.01156821934933,123.45813777602305,97.12501634890134,False,12.766892577164791,21.105146571670762,10.151304225215432,16.174865923889758,21.105146571670762,12.766892577164791,,,,,,
19,1400.0,1525.193592033331,-920.9825232554101,140.65721748345732,111.06411312828102,105.94539590092232,False,10.045926319581906,15.739206804395375,8.073050887619605,12.499081342250156,15.739206804395375,10.045926319581906,,,,,,
19,1500.0,1625.2177623209361,-920.9122677067277,63.50578410967466,81.74687825260705,97.12501634890158,False,5.180857469203537,7.56560986579052,4.2364854081256,6.2758438923704505,7.56560986579052,5.180857469203537,,,,,,
19,1550.0,1675.229974383473,-920.8775865187886,63.50578410967466,62.24626059754438,97.12501634890158,False,2.937777917525454,4.183048004263274,2.420080456776695,3.5217853393509806,4.183048004263274,2.937777917525454,,,,,,
19,1600.0,1725.2422710539504,-920.8432030580519,59.31872730762154,76.01896148829258,100.00797980144115,False,4.447641993470243,6.438938439053964,3.6458648995046574,5.368714354849412,6.438938439053964,4.447641993470243,,,,,,
19,1650.0,1775.2546523267595,-920.8091173293167,62.65474686320665,92.21674974310172,101.76828893202045,False,6.693720897563852,9.964835346365255,5.445183279888391,8.170775856002603,9.964835346365255,6.693720897563852,,,,,,
19,1700.0,1825.2671181963042,-920.7753293332377,131.1097650512854,108.47868667856775,39.80557109226522,False,9.533503585549342,14.806763176082443,7.676032130188721,11.824461345871837,14.806763176082443,9.533503585549342,,,,,,
19,1750.0,1875.279668659651,-920.7418390746615,144.49472538372035,125.57803497444442,41.18592516570962,False,13.279839972803117,22.214548359335016,10.537256676121887,16.887574863588554,22.214548359335016,13.279839972803117,,,,,,
19,1800.0,1925.2923037099895,-920.7086465538449,144.8154687870049,138.44939924567296,45.0,False,16.739791272234214,31.023675577037586,13.089371722747137,21.898703047833195,31.023675577037586,16.739791272234214,,,,,,
19,1850.0,1975.3050233434167,-920.6757517744867,144.8154687870049,137.6297598792857,45.0,False,16.500224060173483,30.311742124037913,12.915629670945087,21.538740847676802,30.311742124037913,16.500224060173483,,,,,,
19,1900.0,2025.3178275577354,-920.6431547391855,127.01156821934926,134.1331284464115,60.255118703057654,False,15.509179606847724,27.561149724735564,12.19211533267986,20.07179951247965,27.561149724735564,15.509179606847724,,,,,,
19,1950.0,2075.330716344184,-920.6108554500482,127.01156821934926,128.9775511037447,60.255118703057654,False,14.13418197188418,24.151985546719104,11.175824900545972,18.090435243738302,24.151985546719104,14.13418197188418,,,,,,
19,2000.0,2125.343689698859,-920.5788539107733,127.01156821934926,125.18126194468864,60.255118703057654,False,13.182699863325508,22.001561000833917,10.46431238589868,16.752074928366515,22.001561000833917,13.182699863325508,,,,,,
19,2050.0,2175.3567476188277,-920.547150126207,119.03758207367079,123.91485976531958,54.462322208025576,False,12.876153576246615,21.338363112545025,10.233673491125474,16.326104596524402,21.338363112545025,12.876153576246615,,,,,,
19,2100.0,2225.3698900989843,-920.5157440955062,125.8340229917246,123.14068265181216,55.00797980144126,False,12.691347810801833,20.944837354452346,10.09430275965148,16.07047505533232,20.944837354452346,12.691347810801833,,,,,,
19,2150.0,2275.383117134457,-920.4846358212224,120.67955732250398,111.0220943114675,45.0,False,10.037454470595769,15.723619225504653,8.066501165799467,12.48788609819112,15.723619225504653,10.037454470595769,,,,,,
19,2250.0,2375.4098248496657,-920.4233125547103,78.53721485797067,62.02068330839456,4.398705354995734,False,2.9158945597638946,4.1509358705998824,2.4022219260663125,3.4952138662058165,4.1509358705998824,2.9158945597638946,,,,,,
19,2300.0,2425.423305521596,-920.39309756988,22.644008042846515,42.46772530369142,71.96571443287012,False,1.346250349161999,1.8865802388671995,1.114583522143231,1.602941852348509,1.8865802388671995,1.346250349161999,,,,,,
19,2350.0,2475.4368707286167,-920.3631803539207,26.221953010257064,48.76775014941884,76.67546873810917,False,1.7829064466023157,2.50908028967801,1.474097945207868,2.126720785084776,2.50908028967801,1.7829064466023157,,,,,,
19,2450.0,2575.4642547335616,-920.3042392355201,67.66782468660111,59.15653020802232,82.40535663140838,False,2.6457467409524154,3.7558016992568284,2.1815463099840664,3.1676358584275066,3.7558016992568284,2.6457467409524154,,,,,,
19,2500.0,2625.478073521004,-920.2752153404298,72.40773439350238,70.04549849308098,81.86989764584384,False,3.750070720186843,5.386524151294729,3.081117727061521,4.512014895215448,5.386524151294729,3.750070720186843,,,,,,
19,2550.0,2675.4919768260006,-920.2464892225669,70.3286087417287,107.23639879446542,74.054604099077,False,9.29358634877008,14.377169546946792,7.489552600936062,11.510332934212839,14.377169546946792,9.29358634877008,,,,,,
19,2600.0,2725.505964643188,-920.2180608859819,69.77782615049175,117.12854232143151,72.55281157671766,False,11.32041837013578,18.156627668916958,9.05286836443455,14.200147336556757,18.156627668916958,11.32041837013578,,,,,,
19,2650.0,2775.520036968417,-920.189930335123,256.0000000000032,132.03547829740788,179.99999999999923,False,14.937756273607715,26.09470441291941,11.771501239096503,19.241184369753096,26.09470441291941,14.937756273607715,,,,,,
19,2800.0,2925.5627609429403,-920.1073254122317,144.8154687870047,nan,98.13010235415544,False,nan,nan,nan,nan,nan,nan,,,,,,
19,2850.0,2975.5771712516303,-920.0803860256477,144.8154687870047,nan,98.13010235415544,False,nan,nan,nan,nan,nan,nan,,,,,,
20,500.0,626.2304124667183,-1148.8311914216938,98.94245781516751,102.07881542756114,75.06858282186226,False,8.339693054902963,12.709541801892481,6.744430630051719,10.2717812303485,12.709541801892481,8.339693054902963,,,,,,
20,550.0,676.2374178866683,-1148.3335883174923,103.32254115783341,102.55197339809148,70.34617594194648,False,8.42443735334403,12.855220402682285,6.810864014831427,10.381162677456764,12.855220402682285,8.42443735334403,,,,,,
20,600.0,726.2445124249875,-1147.83628262509,103.97144730968249,102.70608695003986,66.03751102542165,False,8.452158194162621,12.902974066964477,6.832585214999874,10.416969570993437,12.902974066964477,8.452158194162621,,,,,,
20,650.0,776.2516960780185,-1147.3392743474371,103.97144730968249,102.78611378998274,66.03751102542165,False,8.466575887776964,12.927830597805999,6.843880540109548,10.43559811669189,12.927830597805999,8.466575887776964,,,,,,
20,700.0,826.2589688413674,-1146.8425634897312,103.32254115783341,102.86841941169754,70.34617594194648,False,8.481420576446093,12.9534374080555,6.855509002268087,10.454782141271583,12.9534374080555,8.481420576446093,,,,,,
20,750.0,876.2663307099295,-1146.3461500511285,99.34259201488187,102.59266243720131,75.96375653207332,False,8.431750535434233,12.867813717674604,6.816594875606641,10.390607790301527,12.867813717674604,8.431750535434233,,,,,,
20,800.0,926.273781679556,-1145.8500340360774,103.73406926640747,100.1887330962044,78.31063082456056,False,8.006598750434868,12.141334101104857,6.48286743735624,9.843037382200373,12.141334101104857,8.006598750434868,,,,,,
20,900.0,1026.2889509029928,-1144.8586942894817,94.35572994569483,91.31581074493026,79.38034472384464,False,6.554366575009342,9.739265068479739,5.334418217236902,7.994847402916318,9.739265068479739,6.554366575009342,,,,,,
20,950.0,1076.2966691485187,-1144.3634705626894,75.85763302268842,129.14552204963002,69.7751405688318,False,14.177442089341008,24.253390565374126,11.208015956896828,18.15189289657722,24.253390565374126,14.177442089341008,,,,,,
20,1050.0,1176.312372880151,-1143.3739154148261,217.22320318050677,nan,45.0,False,nan,nan,nan,nan,nan,nan,,,,,,
20,1200.0,1326.336596516641,-1141.891813504086,132.44332448539438,136.32046462399595,82.56859202882718,False,16.123338349577253,29.231095958129632,12.641385286700181,20.976764934191877,29.231095958129632,16.123338349577253,,,,,,
20,1250.0,1376.3448491872646,-1141.3983744284408,140.2871358339046,133.9932405228343,80.53767779197399,False,15.470545495286308,27.459509426266578,12.163756231607964,20.015303573492847,27.459509426266578,15.470545495286308,,,,,,
20,1300.0,1426.35319091217,-1140.9052328041573,136.2309335526888,132.5969060621373,86.18592516570928,False,15.089049741980437,26.475527037747785,11.883107957376776,19.460073752582456,26.475527037747785,15.089049741980437,,,,,,
20,1350.0,1476.3616216867306,-1140.4123886330383,127.01156821934933,132.63530145632302,97.12501634890134,False,15.099440070912147,26.501870310654642,11.890766348302138,19.4751331585924,26.501870310654642,15.099440070912147,,,,,,
20,1400.0,1526.3701415080127,-1139.9198419199301,127.01156821934933,111.76384252121272,97.12501634890134,False,10.187714562260444,16.0009728471083,8.182598552402979,12.686661970261362,16.0009728471083,10.187714562260444,,,,,,
20,1500.0,1626.387448267608,-1138.9356408767578,56.801300093463404,nan,93.17983011986405,False,nan,nan,nan,nan,nan,nan,,,,,,
20,1650.0,1776.4140761352467,-1137.461570309921,119.94144913044934,nan,38.6598082540902,False,nan,nan,nan,nan,nan,nan,,,,,,
20,1700.0,1826.4231301328361,-1136.9708083995608,38.10347046580479,70.4267148916806,82.87498365109809,False,3.7925982488373253,5.45016888080533,3.1156257810649812,4.564072988694597,5.45016888080533,3.7925982488373253,,,,,,
20,1800.0,1926.4415051646376,-1135.9901770102017,53.23522507878767,78.36887108772405,152.10272896905218,False,4.740670770266901,6.886597042653077,3.88227617932614,5.7304091541806885,6.886597042653077,4.740670770266901,,,,,,
20,1850.0,1976.450826187399,-1135.5003075374063,111.06839440315186,99.88756347592343,102.52880770915111,False,7.954316649491531,12.052771065250212,6.441749157579561,9.775912122053276,12.052771065250212,7.954316649491531,,,,,,
20,1900.0,2026.460236211559,-1135.010735550081,111.06839440315186,99.88756347592343,102.52880770915111,False,7.954316649491531,12.052771065250212,6.441749157579561,9.775912122053276,12.052771065250212,7.954316649491531,,,,,,
20,1950.0,2076.4697352295707,-1134.5214610507307,124.17824001860234,97.24542387289317,104.03624346792603,False,7.504841422132272,11.298085699175138,6.087544013802252,9.200687364093007,11.298085699175138,7.504841422132272,,,,,,
20,2050.0,2176.4890002325196,-1133.5438045277529,42.66666666666662,54.24947752546158,89.99999999999987,False,2.2156308823459323,3.1314792219992245,1.8293868968907552,2.6477491750294213,3.1314792219992245,2.2156308823459323,,,,,,
20,2100.0,2226.4987662077124,-1133.0554225092287,24.88252987272925,30.939890027747992,74.20759647114265,False,0.7101515156472168,0.9892473728752141,0.5890948245876422,0.8433695105665753,0.9892473728752141,0.7101515156472168,,,,,,
20,2150.0,2276.508621159207,-1132.5673379911802,25.27047354384811,36.96756278341502,74.24882633654693,False,1.0168407498664063,1.4205179076661805,0.8427138463720153,1.2090896597347431,1.4205179076661805,1.0168407498664063,,,,,,
20,2250.0,2376.528597973822,-1131.592061459974,55.05058105041609,43.57105483445334,53.74616226255517,False,1.4181068836970023,1.988646125626406,1.1738138732244514,1.6890009782791766,1.988646125626406,1.4181068836970023,,,,,,
20,2300.0,2426.53871982743,-1131.1048694553147,55.05058105041609,49.671248597988416,53.74616226255517,False,1.8508115708835309,2.606381387977188,1.5299169488634197,2.208352010397578,2.606381387977188,1.8508115708835309,,,,,,
20,2350.0,2476.5489306378518,-1130.617974961337,38.91258369313308,58.58676978182463,75.69972255081433,False,2.593698589381731,3.6799432388052207,2.1389844344344175,3.1046165241918278,3.6799432388052207,2.593698589381731,,,,,,
20,2450.0,2576.569619117916,-1129.6450785150269,85.33333333333324,54.39085206515839,89.99999999999974,False,2.2274524016574504,3.148561634396853,1.8390790416190401,2.662011083227489,3.148561634396853,2.2274524016574504,,,,,,
20,2550.0,2676.59066337284,-1128.6733721440548,38.92663916900888,53.09293138644637,81.2538377374447,False,2.120180013024783,2.993706272927736,1.7511020743282872,2.5326488428278853,2.993706272927736,2.120180013024783,,,,,,
20,2600.0,2726.6013189042083,-1128.1879652441976,44.24841230712397,55.52860133977566,78.36636600105948,False,2.3238135196285996,3.2879660942672997,1.918055142990379,2.778320932533219,3.2879660942672997,2.3238135196285996,,,,,,
20,2650.0,2776.6120633672917,-1127.7028558700279,43.863340736319365,61.13235823955184,80.13419305691554,False,2.830582503657412,4.025897175875469,2.332575781024739,3.3916769478560167,4.025897175875469,2.830582503657412,,,,,,
20,2700.0,2826.622896755991,-1127.2180440278437,95.07601314665045,59.13913432642878,68.19859051364803,False,2.6441493460021563,3.753472262591607,2.1802402727716697,3.165701303002248,3.753472262591607,2.6441493460021563,,,,,,
20,2750.0,2876.6338190649553,-1126.7335297175503,83.54738583865658,65.19084066723626,67.61986494804033,False,3.2316560911127765,4.615836927086186,2.6596549881173965,3.879151410406935,4.615836927086186,3.2316560911127765,,,,,,
20,2800.0,2926.6448302902827,-1126.2493129428472,28.960519603393525,70.95433259139999,92.16107948822629,False,3.8519003856922045,5.5390270660607746,3.1637283871406545,4.6367014014295265,5.5390270660607746,3.8519003856922045,,,,,,
20,2850.0,2976.6559304285606,-1125.7653937059342,74.50694401116141,64.92391245258737,67.1663458220823,False,3.2043825640927848,4.57554935910572,2.6374410244648128,3.8459440512246457,4.57554935910572,3.2043825640927848,,,,,,
20,2900.0,3026.66711947272,-1125.2817720119624,72.68080035713797,58.7160879905643,62.525568373722784,False,2.6054629771762388,3.697081891043333,2.1486059259284453,3.118858090181128,3.697081891043333,2.6054629771762388,,,,,,
21,400.0,529.2226609967644,-1379.056526700224,89.39907785850589,97.72756480450381,77.90524292298768,False,7.585642037037798,11.43288462901173,6.151311212882173,9.30385080460797,11.43288462901173,7.585642037037798,,,,,,
21,450.0,579.2246007971788,-1378.2626260303082,101.89180827750278,101.06277220416582,84.28940686250012,False,8.15956015202073,12.401403708860705,6.603067956682122,10.03968871696118,12.401403708860705,8.15956015202073,,,,,,
21,500.0,629.226632555028,-1377.4690225611014,101.89180827750278,104.29308734390888,84.28940686250012,False,8.741033593400081,13.40361472121912,7.058646753252068,10.790908329507783,13.40361472121912,8.741033593400081,,,,,,
21,550.0,679.2287562639796,-1376.675716295506,111.06839440315186,112.31865036430705,77.47119229084822,False,10.301092482585997,16.21150885704125,8.270099220679711,12.836947645644564,16.21150885704125,10.301092482585997,,,,,,
21,600.0,729.2309719208542,-1375.8827072391177,117.21434790288117,116.77593671252694,74.0546040990769,False,11.243425084780192,18.00621915578283,8.99399090194012,14.0963985140359,18.00621915578283,11.243425084780192,,,,,,
21,650.0,779.2332795193328,-1375.0899953906949,129.52689296049664,120.36760200279392,71.56505117707776,False,12.04512011496837,19.603266770912985,9.605038319811017,15.183281875890568,19.603266770912985,12.04512011496837,,,,,,
21,700.0,829.235679058665,-1374.2975807566295,124.1782400186023,123.55623676603341,67.1663458220822,False,12.790303342634555,21.15498035003406,10.168960257417238,16.207245325765896,21.15498035003406,12.790303342634555,,,,,,
21,750.0,879.2381705325319,-1373.5054633356797,119.85013472883753,125.71336718545713,69.44395478041629,False,13.313093595217325,22.28778206933728,10.562211685825014,16.93401793684329,22.28778206933728,13.313093595217325,,,,,,
21,800.0,929.2407539333727,-1372.7136431344943,127.01156821934933,123.05671098370658,82.8749836510979,False,12.67141964340389,20.90267533317119,10.079259371414151,16.042961582492207,20.90267533317119,12.67141964340389,,,,,,
21,850.0,979.2434292604511,-1371.9221201553212,127.99999999999986,121.46978537033488,89.99999999999962,False,12.299058348419095,20.124280805638417,9.797650282574809,15.530689944595292,20.124280805638417,12.299058348419095,,,,,,
21,900.0,1029.2461965081714,-1371.1308943988147,116.24361195174386,121.85311492527744,87.39743779749985,False,12.388269741601146,20.309175582051058,9.86520881296001,15.65310930876585,20.309175582051058,12.388269741601146,,,,,,
21,950.0,1079.2490556716482,-1370.3399658716714,116.24361195174386,124.26338246566925,87.39743779749985,False,12.959989220731243,21.518419815036673,10.296816999404044,16.442357661389813,21.518419815036673,12.959989220731243,,,,,,
21,1000.0,1129.2520067469916,-1369.549334573446,121.76678250355035,126.47596364993092,92.7263109939059,False,13.501635024245312,22.70618438444871,10.703549359956565,17.197904842044046,22.70618438444871,13.501635024245312,,,,,,
21,1050.0,1179.2550497276238,-1368.7590005077893,139.06290592130824,126.12457734917996,95.19442890773429,False,13.414514664365123,22.512172192006382,10.63827290635525,17.075849516246077,22.512172192006382,13.414514664365123,,,,,,
21,1100.0,1229.258184613777,-1367.9689636780975,139.06290592130824,124.80752532699088,95.19442890773429,False,13.091680615425606,21.803248324481633,10.395902292666843,16.62533987555502,21.803248324481633,13.091680615425606,,,,,,
21,1150.0,1279.2614113949833,-1367.1792240875768,114.48668044798914,122.66784770691118,100.30484646876563,False,12.579430957443632,20.70873036004459,10.009782099158649,15.916088603468854,20.70873036004459,12.579430957443632,,,,,,
21,1200.0,1329.2647300705064,-1366.3897817384745,109.6583518407984,116.44308201606563,99.86580694308397,False,11.17108009190043,17.865436628487554,8.938630833399543,13.999032708814237,17.865436628487554,11.17108009190043,,,,,,
21,1250.0,1379.2681406354736,-1365.6006366333427,111.06839440315186,111.7603031461784,102.52880770915111,False,10.186993993548898,15.999638288776314,8.182042170150764,12.685707665807932,15.999638288776314,10.186993993548898,,,,,,
21,1300.0,1429.271643081847,-1364.811788776184,107.93907746708058,100.64354928527618,108.43494882292164,False,8.085964826871196,12.276094757718665,6.5452535253486195,9.945023384488756,12.276094757718665,8.085964826871196,,,,,,
21,1350.0,1479.2752374103502,-1364.0232381688947,115.64901157187205,83.15461469324256,108.43494882292154,False,5.371024908256423,7.861472604031616,4.389161901879448,6.5122777177743485,7.861472604031616,5.371024908256423,,,,,,
21,1400.0,1529.2789236131898,-1363.234984814729,58.90291114347799,76.17616976576525,85.60129464500429,False,4.466912623271363,6.468274074154804,3.6614272036255247,5.39246702357155,6.468274074154804,4.466912623271363,,,,,,
21,1450.0,1579.2827016869549,-1362.4470287158874,22.21367888063037,65.5885338653268,77.47119229084844,False,3.2725263703524314,4.67625660400424,2.6929357037546304,3.9289298738081224,4.67625660400424,3.2725263703524314,,,,,,
21,1650.0,1779.2987325949848,-1359.2981769417665,75.79988072423471,nan,51.009005957494495,False,nan,nan,nan,nan,nan,nan,,,,,,
21,1750.0,1879.307299156468,-1357.725534665764,71.00162511682925,71.61089301634792,56.30993247402016,False,3.926415110360277,5.650861508528763,3.224142737689943,4.728021420275159,5.650861508528763,3.926415110360277,,,,,,
21,1800.0,1929.3117201968143,-1356.9396594385591,68.10341414123698,64.36702947100075,61.3895403340347,False,3.147890966674793,4.49218203109053,2.5914163227923264,3.7771890625670648,4.49218203109053,3.147890966674793,,,,,,
21,1850.0,1979.3162330727396,-1356.1540814924294,71.53865208309074,60.8585088853698,62.2414593989399,False,2.804560242371201,3.987804661437806,2.31132414704146,3.360111987832981,3.987804661437806,2.804560242371201,,,,,,
21,1900.0,2029.3208377759734,-1355.368800827983,46.82442654284602,56.02306917057316,100.53918372862806,False,2.3663732155349555,3.349627943417862,1.9529206410856526,2.8297234129371427,3.349627943417862,2.3663732155349555,,,,,,
21,1950.0,2079.325534305533,-1354.5838174482167,46.82442654284602,53.72439036374902,100.53918372862806,False,2.1720174244540997,3.0684935340566994,1.79362296653687,2.595145336622663,3.0684935340566994,2.1720174244540997,,,,,,
21,2000.0,2129.3303226563016,-1353.7991313564312,46.82442654284602,50.31513463134598,100.53918372862806,False,1.900022720909848,2.6769807744194245,1.5703540620448089,2.2675407709574937,2.6769807744194245,1.900022720909848,,,,,,
21,2050.0,2179.3352028236513,-1353.0147425544287,56.6100201071163,51.187811653470966,54.90418321297383,False,1.9678105037434839,2.7743480878152735,1.626034796814137,2.3491143941620583,2.7743480878152735,1.9678105037434839,,,,,,
21,2100.0,2229.3401748007595,-1352.230651046611,54.49237342107554,56.91824681052104,56.94417718844629,False,2.44447685311793,3.4629335440639415,2.0168790276533293,2.924106285363331,3.4629335440639415,2.44447685311793,,,,,,
21,2200.0,2329.3503941744934,-1350.6633599227746,69.74616717104631,65.17607106289388,92.60256220249956,False,3.2301436799222563,4.6136021799301545,2.6584232540258257,3.8773097221728197,4.6136021799301545,3.2301436799222563,,,,,,
21,2250.0,2379.3556415613743,-1349.88016031186,69.74616717104631,67.5218189633512,92.60256220249956,False,3.4752484507302928,4.976795543306762,2.8578766816611214,4.176125826171645,4.976795543306762,3.4752484507302928,,,,,,
21,2300.0,2429.360980739249,-1349.0972580072323,66.71957648840737,67.32376424432066,87.51044707800068,False,3.4541710621063593,4.945481582933257,2.8407380193754332,4.150401951102522,4.945481582933257,3.4541710621063593,,,,,,
21,2350.0,2479.3664117076255,-1348.3146530103902,63.875365022904795,66.71816351263925,86.42366562500249,False,3.390161276021304,4.850479239267028,2.7886746928560657,4.072313316318047,4.850479239267028,3.390161276021304,,,,,,
21,2400.0,2529.3719344604174,-1347.532345323487,66.53154536819855,83.62762585427438,85.03025927188949,False,5.435823685017922,7.962643397208569,4.441137595288922,6.5929534557794875,7.962643397208569,5.435823685017922,,,,,,
21,2500.0,2629.38325530096,-1345.9686218942468,137.38401653758683,125.3921857772611,100.30484646876559,False,13.234273693379565,22.11446686873955,10.503048648745374,16.82398355301022,22.11446686873955,13.234273693379565,,,,,,
21,2550.0,2679.3890533789668,-1345.1872061570127,144.8154687870047,145.0123992469486,98.13010235415544,False,18.765086951496727,38.12258396200443,14.539741474269912,25.036091967526858,38.12258396200443,18.765086951496727,,,,,,
21,2600.0,2729.3949432243294,-1344.40608774072,152.8377124162543,145.0123992469486,95.71059313749909,False,18.765086951496727,38.12258396200443,14.539741474269912,25.036091967526858,38.12258396200443,18.765086951496727,,,,,,
21,2800.0,2929.4194201747655,-1341.2845873618694,150.61719178612526,nan,101.30993247401973,False,nan,nan,nan,nan,nan,nan,,,,,,
21,2850.0,2979.425768780867,-1340.5049556016936,36.4784895938097,nan,85.91438322002503,False,nan,nan,nan,nan,nan,nan,,,,,,
22,400.0,533.2677812788427,-1609.1002858129823,108.55622988051641,120.85978877307168,88.26429541107132,False,12.158048837063705,19.834014977231217,9.690750864507814,15.337585934099229,19.834014977231217,12.158048837063705,,,,,,
22,450.0,583.2655252422638,-1608.1296551345704,127.01156821934933,122.3977336346411,82.8749836510979,False,12.515819170106012,20.575255946861123,9.961702030063574,15.828477608235247,20.575255946861123,12.515819170106012,,,,,,
22,500.0,633.2633628360618,-1607.1593215149062,127.01156821934933,110.13553062656123,82.8749836510979,False,9.859821190703547,15.39813821589831,7.9290600583922135,12.253476802693852,15.39813821589831,9.859821190703547,,,,,,
22,550.0,683.2612940553645,-1606.1892849565413,127.01156821934933,100.19405404325548,82.8749836510979,False,8.007524398292732,12.142903595714676,6.4835952761660645,9.844226237785431,12.142903595714676,8.007524398292732,,,,,,
22,600.0,733.2593188965013,-1605.2195454665698,61.086718594241844,116.98890564442286,72.64597536373857,False,11.289884116880604,18.096906045088907,9.02952343384505,14.158986546705151,18.096906045088907,11.289884116880604,,,,,,
22,650.0,783.2574373536445,-1604.2501030422513,58.84884696398749,129.6169972592132,69.82934658814949,False,14.299407120806896,24.5411358719551,11.298698548422301,18.325458244877264,24.5411358719551,14.299407120806896,,,,,,
22,700.0,833.2556494233685,-1603.280957689931,210.9858262251863,137.88359621548048,105.94539590092216,False,16.57411434186358,30.52915087043559,12.969265701549778,21.64953371751807,30.52915087043559,16.57411434186358,,,,,,
22,750.0,883.2539551008015,-1602.3121094121605,190.15202629330105,154.9233953537749,111.80140948635109,False,22.2346859865873,68.99366040387905,16.944276795238302,30.910422089555382,68.99366040387905,22.2346859865873,,,,,,
22,800.0,933.2523543827775,-1601.3435582103907,168.3445630006857,165.90918151653293,99.46232220802499,False,26.813501278184717,nan,19.95097453789347,40.26140825215797,nan,26.813501278184717,,,,,,
22,850.0,983.2508472622269,-1600.375304089772,146.28571428571402,130.68663298860034,89.99999999999956,False,14.579084691520507,25.21164651207742,11.506222929628008,18.725130999875425,25.21164651207742,14.579084691520507,,,,,,
22,900.0,1033.2494337362293,-1599.4073470510066,113.77777777777767,115.82028466242514,89.99999999999966,False,11.036586941911825,17.60509583107773,8.835618017772633,13.81832942800355,17.60509583107773,11.036586941911825,,,,,,
22,950.0,1083.2481138008818,-1598.4396870977937,34.87308358552315,98.31219188300496,87.39743779750007,False,7.684344647530162,11.598059367582032,6.229151375673807,9.430014210834157,11.598059367582032,7.684344647530162,,,,,,
22,1100.0,1233.2447154878073,-1595.5384897837268,55.534197201575914,nan,77.47119229084836,False,nan,nan,nan,nan,nan,nan,,,,,,
22,1200.0,1333.24291781404,-1593.605843722791,134.7161117655596,85.59634850366558,142.12501634890126,False,5.7104442330724146,8.393466429236783,4.661139941297856,6.935501169412895,8.393466429236783,5.7104442330724146,,,,,,
22,1250.0,1383.2421593221895,-1592.639966347058,131.1097650512854,95.61706560436214,140.19442890773428,False,7.235916235334604,10.852093965553372,5.87501889881735,8.858084596319292,10.852093965553372,7.235916235334604,,,,,,
22,1300.0,1433.2414943905287,-1591.6743860759325,21.025319996241425,105.10410355109767,72.30911037996667,False,8.89108855897314,13.665884126886697,7.1758618920578945,10.98573243578234,13.665884126886697,8.89108855897314,,,,,,
22,1400.0,1533.2404451831558,-1589.7441168651565,133.56521739130423,101.48026692221178,89.99999999999959,False,8.233273876321547,12.527252353331267,6.660941054400015,10.134598348150638,12.527252353331267,8.233273876321547,,,,,,
22,1450.0,1583.240060900374,-1588.7794279306563,134.55061279427483,126.28961216230422,93.01278750418294,False,13.455379985911735,22.60303029605526,10.66889886274114,17.133075971745978,22.60303029605526,13.455379985911735,,,,,,
22,1500.0,1633.2397701568198,-1587.8150361154653,116.77991750702667,126.43400337371324,98.74616226255486,False,13.491209577391032,22.68290528212447,10.695740830918274,17.183287934257276,22.68290528212447,13.491209577391032,,,,,,
22,1550.0,1683.2395729493269,-1586.8509414210353,120.26270095661117,125.12327353932228,93.3664606634294,False,13.168546949174118,21.97064559116344,10.45367899050987,16.732354069564323,21.97064559116344,13.168546949174118,,,,,,
22,1600.0,1733.2394692727773,-1585.8871438506665,127.01156821934933,124.59892361061725,82.8749836510979,False,13.04107989597574,21.69351563476542,10.357844858951166,16.55497774819612,21.69351563476542,13.04107989597574,,,,,,
22,1650.0,1783.2394591252196,-1584.9236434062088,127.01156821934933,134.91185270934906,82.8749836510979,False,15.725648382971597,28.13782774496084,12.350800077144669,20.389280562998312,28.13782774496084,15.725648382971597,,,,,,
22,1700.0,1833.2395424983702,-1583.9604400924143,131.9288631507498,126.03083912256452,83.65980825408974,False,13.391344696317683,22.460771368793548,10.620903080287635,17.04342316925514,22.460771368793548,13.391344696317683,,,,,,
22,1750.0,1883.239719389308,-1582.9975339099851,168.3445630006857,107.82891003098526,99.46232220802499,False,9.407512020464761,14.580626994315864,7.578150170799995,11.659363018641168,14.580626994315864,9.407512020464761,,,,,,
22,1800.0,1933.2399897950995,-1582.0349248637672,75.85763302268842,103.03324548389423,69.7751405688318,False,8.511198908606088,13.004847811351388,6.878831367105244,10.493276714866814,13.004847811351388,8.511198908606088,,,,,,
22,1850.0,1983.240353708443,-1581.072612955516,36.00192276145302,77.6929153170195,79.87532834460211,False,4.655283534689436,6.755799298186922,3.813437678626785,5.624899208628933,6.755799298186922,4.655283534689436,,,,,,
22,1950.0,2083.241362047524,-1579.1488805678043,30.567542483250833,32.37900257598489,84.28940686250027,False,0.7782667275551359,1.0848155507667012,0.6454647193849109,0.9245159052166578,1.0848155507667012,0.7782667275551359,,,,,,
22,2000.0,2133.242006462303,-1578.187460093049,30.567542483250833,42.61822048496969,84.28940686250027,False,1.3559371535694424,1.9003310378645488,1.1225697844562752,1.614540215812738,1.9003310378645488,1.3559371535694424,,,,,,
22,2100.0,2233.2435757596686,-1576.2655105975398,66.7195764884074,54.66889848668854,34.380344723844914,False,2.250800175938442,3.1823123702237304,1.8582190652749073,2.6901831100934777,3.1823123702237304,2.250800175938442,,,,,,
22,2150.0,2283.2445006339713,-1575.3049815815386,66.7195764884074,61.52509090912013,34.380344723844914,False,2.868129498371238,4.080899031745834,2.3632328630602975,3.437234828158822,4.080899031745834,2.868129498371238,,,,,,
22,2250.0,2383.2466308099224,-1573.3848150325907,51.13611975054559,nan,92.86240522611158,False,nan,nan,nan,nan,nan,nan,,,,,,
22,2450.0,2583.2520127515845,-1569.5480479322475,70.24582047437154,nan,59.0362434679264,False,nan,nan,nan,nan,nan,nan,,,,,,
22,2500.0,2633.2535918755393,-1568.5895990929394,53.96953873354028,74.09892360485253,71.56505117707789,False,4.216094471900864,6.0875765194801925,3.4587102264222063,5.083678631916599,6.0875765194801925,4.216094471900864,,,,,,
22,2600.0,2733.2570304543083,-1566.673592953701,98.08141160664577,91.91377201022081,16.699244233993845,False,6.646658465140192,9.888546068142057,5.407789104318528,8.111329150252937,9.888546068142057,6.646658465140192,,,,,,
22,2650.0,2783.258889901807,-1565.7160356596703,98.08141160664577,111.3491156741974,16.699244233993845,False,10.103515642781318,15.845324440082479,8.11756142869525,12.575221427316235,15.845324440082479,10.103515642781318,,,,,,
22,2700.0,2833.260842783245,-1564.7587755558109,117.52272609405138,111.3491156741974,31.865977693603817,False,10.103515642781318,15.845324440082479,8.11756142869525,12.575221427316235,15.845324440082479,10.103515642781318,,,,,,
22,2750.0,2883.262889092058,-1563.8018126416307,131.71091338944672,95.61569506295126,30.96375653207368,False,7.235692448293265,10.851724505091079,5.874841859221666,8.857799975087861,10.851724505091079,7.235692448293265,,,,,,
22,2850.0,2983.267261976919,-1561.888778399001,35.14772916166116,59.3720588359988,81.31364541876326,False,2.6655811233035016,3.7847324299344933,2.1977618429471257,3.191659025090525,3.7847324299344933,2.6655811233035016,,,,,,
22,2900.0,3033.2695885424864,-1560.9327070779016,35.14772916166116,35.31479639644365,81.31364541876326,False,0.927139082503127,1.2941178197814436,0.7685841392671732,1.102026859806456,1.2941178197814436,0.927139082503127,,,,,,
22,2950.0,3083.27200851983,-1559.9769329571336,35.48186363122613,35.31479639644365,83.36748538486144,False,0.927139082503127,1.2941178197814436,0.7685841392671732,1.102026859806456,1.2941178197814436,0.927139082503127,,,,,,
22,3000.0,3133.2745219008975,-1559.0214560448433,35.48186363122613,35.37048547470447,83.36748538486144,False,0.9300922341779506,1.2982757023168419,0.7710252886135632,1.105550309587408,1.2982757023168419,0.9300922341779506,,,,,,
23,400.0,538.0804772538356,-1838.8390918878915,78.53721485797067,84.5517115476349,85.60129464500427,False,5.56373384399196,8.162890933120067,4.543663332638346,6.7523726471763235,8.162890933120067,5.56373384399196,,,,,,
23,450.0,588.0735345155318,-1837.6972580388115,82.40931583739517,87.22845270185417,86.30861401354852,False,5.944196458693649,8.7628581721917,4.848051729420336,7.227899540594528,8.7628581721917,5.944196458693649,,,,,,
23,500.0,638.0666870226781,-1836.5557211024845,92.70860394753886,88.83449739438575,95.19442890773448,False,6.179686010204804,9.137566885911246,5.03602455958455,7.523255685591214,9.137566885911246,6.179686010204804,,,,,,
23,550.0,688.0599347684507,-1835.4144810833116,95.25867616451202,91.40881802848952,97.12501634890153,False,6.568670308639178,9.762373034414962,5.345792879476641,8.012891839321902,9.762373034414962,6.568670308639178,,,,,,
23,600.0,738.0532777499159,-1834.273537986139,95.25867616451202,76.55241085145411,97.12501634890153,False,4.513225301010598,6.538835118953101,3.6988191013818312,5.449570571087121,6.538835118953101,4.513225301010598,,,,,,
23,700.0,838.0402494009526,-1831.9925425582148,22.98368712925353,66.305678547593,80.96051719664482,False,3.34694135556769,4.786413206408516,2.7535083417846677,4.0196144198135215,4.786413206408516,3.34694135556769,,,,,,
23,800.0,938.0276019399515,-1829.7127348459614,80.67467234901348,85.10385753856403,66.8014094863517,False,5.640997393662739,8.284200935259083,4.605546999962132,6.84877823467243,8.284200935259083,5.640997393662739,,,,,,
23,850.0,988.021421030946,-1828.5732763926164,93.85363234505033,105.81058100833421,66.42529379808722,False,9.023156863747632,13.898003787939171,7.278906524819964,11.157538850757394,13.898003787939171,9.023156863747632,,,,,,
23,900.0,1038.0153353303517,-1827.4341148747321,142.9034383309388,92.75758817456011,66.50143432404765,False,6.778234095169197,10.102117973886486,5.512300782131497,8.277612128857696,10.102117973886486,6.778234095169197,,,,,,
23,1000.0,1138.0034495397415,-1825.1566826654316,53.59860967323782,76.78758430835622,83.99099404250533,False,4.542312027264021,6.583194076080233,3.7222968758394144,5.4854484721438235,6.583194076080233,4.542312027264021,,,,,,
23,1050.0,1187.9976494382747,-1824.0184119802193,54.63762211965006,54.74896630082869,80.78897345918318,False,2.257547639511313,3.1920693849921418,1.863749955740025,2.698325869892121,3.1920693849921418,2.257547639511313,,,,,,
23,1100.0,1237.9919445276696,-1822.8804382429687,56.01066710959818,50.440839035347096,79.91940201245752,False,1.9097097236481602,2.6908863942678103,1.5783124297406164,2.279194826128742,2.6908863942678103,1.9097097236481602,,,,,,
23,1200.0,1337.980820261957,-1820.6053816316426,37.51645723890231,41.12426515617787,81.57303097851924,False,1.261374502442984,1.7662077368099558,1.044587039691807,1.5013575153287997,1.7662077368099558,1.261374502442984,,,,,,
23,1250.0,1387.9754008975967,-1819.4682987611718,36.108082149547805,33.454232686469894,80.86982351772122,False,0.8312425760044599,1.15922752752557,0.6892894280068698,0.9876578577003599,1.15922752752557,0.8312425760044599,,,,,,
23,1300.0,1437.9700767075162,-1818.3315128523116,34.861854126663175,31.829493595329172,80.85835977647503,False,0.751881498932955,1.047781559875565,0.6236319816045215,0.8930775412335623,1.047781559875565,0.751881498932955,,,,,,
23,1350.0,1487.9648476834323,-1817.1950239098128,25.33053723076629,30.407752684435884,76.65127288671256,False,0.6857709167441431,0.955070186762819,0.5689125086027766,0.8143355852050923,0.955070186762819,0.6857709167441431,,,,,,
23,1400.0,1537.9597138255901,-1816.0588319329268,25.33053723076629,32.2418923060743,76.65127288671256,False,0.7716396722876968,1.075512163644206,0.639981425759395,0.9166190398898965,1.075512163644206,0.7716396722876968,,,,,,
23,1500.0,1637.9497315835197,-1813.787338895144,43.44464063610143,28.477714968024326,98.13010235415584,False,0.6009832286800634,0.8363344115384437,0.4987015497871653,0.7134099156590025,0.8363344115384437,0.6009832286800634,,,,,,
23,1550.0,1687.9448831895481,-1812.6520378393498,22.469495692578242,29.526774213777003,84.12260739335682,False,0.646362041846431,0.8998590471227209,0.5362833617020788,0.767417226576953,0.8998590471227209,0.646362041846431,,,,,,
23,1600.0,1737.9401299437766,-1811.517033763168,22.66618631265133,32.38508066033274,84.92039213998537,False,0.7785611751672606,1.0852289378278557,0.6457083431699258,0.9248667818647762,1.0852289378278557,0.7785611751672606,,,,,,
23,1700.0,1837.930908871751,-1809.247916560502,40.95999999999995,32.95095240657495,73.73979529168795,False,0.8062240201357807,1.124076187365687,0.6685944052781535,0.9578348081908526,1.124076187365687,0.8062240201357807,,,,,,
23,1800.0,1937.9220683323422,-1806.9799873121497,35.226670907073576,35.15794353302597,86.05481377096234,False,0.9188472143229639,1.2824445570007361,0.7617296340228423,1.0921341658398052,1.2824445570007361,0.9188472143229639,,,,,,
23,1850.0,1987.9177907513117,-1805.846468177899,33.542235242517386,32.64366052865422,84.73760460040481,False,0.7911406333033257,1.1028918992972265,0.6561160812742994,0.9398578035076908,1.1028918992972265,0.7911406333033257,,,,,,
23,1900.0,2037.9136082899724,-1804.7132460404664,30.902867982512962,32.29550201942597,84.8055710922651,False,0.774227380851042,1.0791447782459902,0.6421225490576256,0.9197025283715278,1.0791447782459902,0.774227380851042,,,,,,
23,1950.0,2087.909520943452,-1803.5803209024039,30.902867982512962,31.562709797514067,84.8055710922651,False,0.7392392934836143,1.0300436301987395,0.6131697974690747,0.8780165795133629,1.0300436301987395,0.7392392934836143,,,,,,
23,2000.0,2137.9055287076026,-1802.4476927681596,30.902867982512962,39.63345425813526,84.8055710922651,False,1.1705404626201779,1.6376067568953023,0.9696355995160629,1.3927224640214972,1.6376067568953023,1.1705404626201779,,,,,,
23,2100.0,2237.8978295493957,-1800.1833275224792,65.82521308500215,nan,134.99999999999972,False,nan,nan,nan,nan,nan,nan,,,,,,
23,2250.0,2387.886994033913,-1796.7890072520872,42.66666666666662,42.60521004568503,89.99999999999987,False,1.3550982944582388,1.8991401404552675,1.1218782083545535,1.6135357816391978,1.8991401404552675,1.3550982944582388,,,,,,
23,2300.0,2437.8835723689995,-1795.6581611990184,42.629677785273635,43.40257557906268,87.61405596961107,False,1.4070084531864615,1.9728722985073412,1.164667340858177,1.6757054924214694,1.9728722985073412,1.4070084531864615,,,,,,
23,2350.0,2487.880245785019,-1794.5276121707204,42.519285685114816,43.68376720078585,85.23635830927371,False,1.4255570876415735,1.999236799144536,1.1799534391617683,1.6979267351052905,1.999236799144536,1.4255570876415735,,,,,,
23,2400.0,2537.877014274179,-1793.3973601704467,45.794672179195636,44.11214060498824,79.69515353123386,False,1.4540579684472463,2.039766069193593,1.2034377882205434,1.732077592221478,2.039766069193593,1.4540579684472463,,,,,,
23,2450.0,2587.87387783502,-1792.2674051985477,44.808533687678555,44.482756309916894,79.91940201245758,False,1.4789536120980262,2.0751873743583915,1.2239480112619379,1.7619153017455327,2.0751873743583915,1.4789536120980262,,,,,,
23,2500.0,2637.870836461687,-1791.137747260572,44.808533687678555,48.11433686063576,79.91940201245758,False,1.734629683647962,2.4399867314156136,1.4343990016318646,2.0687148468992222,2.4399867314156136,1.734629683647962,,,,,,
23,2600.0,2737.8650388976366,-1788.8793224947956,57.045607887990286,66.72593283338014,74.93151184050768,False,3.390978277740107,4.851690924596201,2.789339355933281,4.07330971317891,4.851690924596201,3.390978277740107,,,,,,
23,2650.0,2787.8622826966844,-1787.750555673596,27.665573220264893,93.68602622745686,88.45184230102195,False,6.924827547132102,10.341121482918885,5.62861720401708,8.463183541836363,10.341121482918885,6.924827547132102,,,,,,
23,2700.0,2837.8596215444986,-1786.6220858973224,137.38401653758683,93.68602622745686,79.6951535312336,False,6.924827547132102,10.341121482918885,5.62861720401708,8.463183541836363,10.341121482918885,6.924827547132102,,,,,,
23,2750.0,2887.857055434993,-1785.4939131681285,152.64890726398542,111.17751631029661,63.43494882292177,False,10.068814710438563,15.781349423796348,8.090743875796905,12.5293346650084,15.781349423796348,10.068814710438563,,,,,,
23,2850.0,2987.852208333761,-1783.2384588658697,127.01156821934926,138.60712713962715,60.255118703057654,False,16.786218221375545,31.16405887832918,13.122989538114803,21.96871461781367,31.16405887832918,16.786218221375545,,,,,,
23,2900.0,3037.8499273298607,-1782.1111772971117,137.38401653758697,121.74538785867958,63.43494882292177,False,12.363151738015299,20.25701770831176,9.84619301143594,15.618621699254136,20.25701770831176,12.363151738015299,,,,,,
23,2950.0,3087.847741354243,-1780.9841927906266,137.38401653758697,121.74538785867958,63.43494882292177,False,12.363151738015299,20.25701770831176,9.84619301143594,15.618621699254136,20.25701770831176,12.363151738015299,,,,,,
23,3000.0,3137.845650399129,-1779.8575053455252,85.20195014019512,119.98999440512303,33.690067525979835,False,11.958989991598745,19.428279174563347,9.539605508059745,15.065799109576902,19.428279174563347,11.958989991598745,,,,,,
24,450.0,593.5971585505189,-2066.3550642818996,72.0483885803818,nan,50.710593137499636,False,nan,nan,nan,nan,nan,nan,,,,,,
24,550.0,693.5750379774752,-2063.8077034173407,83.88934866114963,79.94236196756034,124.99202019855832,False,4.9429014145871975,7.19755501698993,4.045145904202053,5.98067612703415,7.19755501698993,4.9429014145871975,,,,,,
24,600.0,743.5641224060545,-2062.534468182138,83.88934866114963,nan,124.99202019855832,False,nan,nan,nan,nan,nan,nan,,,,,,
24,750.0,893.5319544842715,-2058.7165432873812,175.61455118592892,nan,120.96375653207285,False,nan,nan,nan,nan,nan,nan,,,,,,
24,800.0,943.5214247617351,-2057.444495272374,74.50694401116138,nan,75.96375653207333,False,nan,nan,nan,nan,nan,nan,,,,,,
24,950.0,1093.4904142854264,-2053.630132117048,60.235294117647,nan,89.99999999999982,False,nan,nan,nan,nan,nan,nan,,,,,,
24,1000.0,1143.4802703430337,-2052.3592713718895,107.27889343020705,92.86086065033531,102.09475707701172,False,6.794445356306983,10.128493516782683,5.525170250263045,8.298117739288239,10.128493516782683,6.794445356306983,,,,,,
24,1100.0,1243.4602717549126,-2049.8184403589007,111.06839440315186,109.41599787873892,102.52880770915111,False,9.717210116669039,15.138663669337921,7.818565379173474,12.065730759746275,15.138663669337921,9.717210116669039,,,,,,
24,1150.0,1293.4504171001631,-2048.548470098071,109.6583518407984,110.02484594975856,99.86580694308397,False,9.837793205849971,15.357953690334519,7.91200162874344,12.224451329867442,15.357953690334519,9.837793205849971,,,,,,
24,1200.0,1343.4406588669901,-2047.2787966708681,109.6583518407984,110.23355564043723,99.86580694308397,False,9.879357222654274,15.433809350300638,7.944186032089541,12.279226660056233,15.433809350300638,9.879357222654274,,,,,,
24,1250.0,1393.4309970500306,-2046.0094200813417,109.71428571428555,95.40755575329763,89.99999999999967,False,7.201756351054479,10.79572958996116,5.847991188883421,8.814647804930846,10.79572958996116,7.201756351054479,,,,,,
24,1300.0,1443.4214316436885,-2044.7403403301473,111.06839440315186,80.00573277704639,77.47119229084822,False,4.951148249035405,7.210271221014446,4.051782628215658,5.990893210671566,7.210271221014446,4.951148249035405,,,,,,
24,1350.0,1493.4119626459994,-2043.4715574232782,36.93839496745398,64.2546360053893,82.74680538727458,False,3.136556298482524,4.4754679131880915,2.5821796638348418,3.7633982574243947,4.4754679131880915,3.136556298482524,,,,,,
24,1400.0,1543.4025900508766,-2042.2030713628878,32.64923695954219,52.88972357816525,84.14398641457095,False,2.1036400216614726,2.969860716648887,1.7375317431609552,2.512713867198883,2.969860716648887,2.1036400216614726,,,,,,
24,1450.0,1593.3933138549075,-2040.9348821511771,30.902867982512962,33.496833303169716,84.8055710922651,False,0.8333782715486908,1.1622289739490101,0.6910558994375315,0.9902039697171963,1.1622289739490101,0.8333782715486908,,,,,,
24,1600.0,1743.3660636136701,-2037.1320956404275,33.96393609250092,34.204576117402176,84.28940686250027,False,0.8692705557746946,1.2126891684055379,0.7207395540501127,1.0330003529574556,1.2126891684055379,0.8692705557746946,,,,,,
24,1650.0,1793.3571729677678,-2035.86509385464,33.96393609250092,34.434159647348075,84.28940686250027,False,0.8810803179425383,1.2292997794740548,0.7305050297189687,1.0470845553529835,1.2292997794740548,0.8810803179425383,,,,,,
24,1700.0,1843.3483786978609,-2034.5983889348324,34.68585616720469,34.434159647348075,83.51692630710266,False,0.8810803179425383,1.2292997794740548,0.7305050297189687,1.0470845553529835,1.2292997794740548,0.8810803179425383,,,,,,
24,1750.0,1893.339680801274,-2033.3319808809572,35.12291023718577,61.107479995087175,84.0938588862294,False,2.828213083913774,4.022427803553225,2.3306408958002915,3.388802530397069,4.022427803553225,2.828213083913774,,,,,,
24,1850.0,1993.3225741058839,-2030.8000553853083,140.65721748345732,112.56291464042131,74.05460409907685,False,10.351278906484952,16.30505407667201,8.308803617052105,12.903554452039826,16.30505407667201,10.351278906484952,,,,,,
24,1900.0,2043.3141652975687,-2029.5345379520325,161.90861620062083,109.97490029314514,71.56505117707769,False,9.827864016965357,15.339853064935122,7.904311432109668,12.21137109772876,15.339853064935122,9.827864016965357,,,,,,
24,2000.0,2143.2976367419164,-2027.0043937236849,27.358867195357277,71.59119920732269,85.91438322002506,False,3.924168364677417,5.647486535895544,3.222321596568434,4.725266978524829,5.647486535895544,3.924168364677417,,,,,,
24,2050.0,2193.289516983852,-2025.739766936713,47.36747728062078,41.48539354288998,60.724745722747386,False,1.2839075530457746,1.7981449552153022,1.0631735171402177,1.5283192826588456,1.7981449552153022,1.2839075530457746,,,,,,
24,2100.0,2243.2814935676656,-2024.475437037726,49.729836152691874,41.48539354288998,60.9453959009228,False,1.2839075530457746,1.7981449552153022,1.0631735171402177,1.5283192826588456,1.7981449552153022,1.2839075530457746,,,,,,
24,2250.0,2393.2580013228485,-2020.6842286987332,81.7240969694844,nan,61.3895403340347,False,nan,nan,nan,nan,nan,nan,,,,,,
24,2300.0,2443.2503632278654,-2019.4210863821434,81.75303097533674,61.548574216015346,64.7988763545248,False,2.8703831297262505,4.084201798736806,2.3650727073770588,3.4399697916006144,4.084201798736806,2.8703831297262505,,,,,,
24,2400.0,2543.2353759909006,-2016.895692462125,21.168594703224883,nan,82.87498365109815,False,nan,nan,nan,nan,nan,nan,,,,,,
24,2550.0,2693.213617450445,-2013.1098284109132,69.53145296065416,nan,174.80557109226496,False,nan,nan,nan,nan,nan,nan,,,,,,
24,2650.0,2793.1995932493674,-2010.5874036277407,69.74616717104627,98.37953727758685,129.4724598483435,False,7.6957659345506295,11.61720894324857,6.238154660645628,9.444623326481821,11.61720894324857,7.6957659345506295,,,,,,
24,2700.0,2843.1927255844967,-2009.3266366229122,127.12026448932349,112.74956609226062,65.55604521958325,False,10.389739857019249,16.376891375029135,8.338453725183298,12.954634143248834,16.376891375029135,10.389739857019249,,,,,,
24,2750.0,2893.185954201552,-2008.0661665453272,127.12026448932349,115.60196651767835,65.55604521958325,False,10.989708080754939,17.514767615563244,8.799682792294753,13.755436065006807,17.514767615563244,10.989708080754939,,,,,,
24,2800.0,2943.179279098335,-2006.8059933975842,127.01156821934926,127.05504672733896,60.255118703057654,False,13.646129192055547,23.030598304046897,10.811691786350702,17.40079890290577,23.030598304046897,13.646129192055547,,,,,,
24,2850.0,2993.172700271434,-2005.546117181884,127.01156821934926,124.52832991907208,60.255118703057654,False,13.02398854782932,21.65653376208176,10.344986063649594,16.53122674768799,21.65653376208176,13.02398854782932,,,,,,
24,2900.0,3043.166217714749,-2004.2865379045243,127.01156821934926,122.0016131108052,60.255118703057654,False,12.422954388166294,20.381328128433328,9.891459761183546,15.700757627543807,20.381328128433328,12.422954388166294,,,,,,
24,2950.0,3093.159831423176,-2003.0272555646618,114.4866804479891,120.74912433366919,63.434948822921854,False,12.1325919657081,19.781867066969223,9.671437025443675,15.302775407799949,19.781867066969223,12.1325919657081,,,,,,
24,3000.0,3143.1535413947504,-2001.7682701682895,114.4866804479891,118.66164303844249,63.434948822921854,False,11.65947612936011,18.826317191543588,9.311661091635496,14.658611817665488,18.826317191543588,11.65947612936011,,,,,,
