transect,distance_m,E,N,lon,lat,status,wavelength_smoothed_m,swath,burst,sample,line,n_samples,n_lines,ground_spacing_sample_m,ground_spacing_line_m,bright_fraction,affine_residual_max_m,spectrum_method,incidence_deg,n_spectra_averaged,peak_status,n_blobs,argmax_wavelength_m,argmax_axial_bearing_deg,wavelength_m,k_rad_m,axial_bearing_deg,blob_area_px,lobe_to_annulus,identifiable,depth_T11.765_m,depth_T11.765_U-0.5_m,depth_T11.765_U+0.5_m
0,250.0,431628.1099621567,4007701.8793188287,-75.76064367560389,36.211738399388835,touches_land_or_unmapped,,,,,,,,,,,,,,,,,,,,,,,,,,,
0,300.0,431674.87392542063,4007719.574847638,-75.76012500632315,36.21190122695541,touches_land_or_unmapped,,,,,,,,,,,,,,,,,,,,,,,,,,,
0,350.0,431721.6378886846,4007737.2703764476,-75.75960633485843,36.21206405229503,touches_land_or_unmapped,,,,,,,,,,,,,,,,,,,,,,,,,,,
0,400.0,431768.4018519485,4007754.9659052575,-75.75908766120978,36.21222687540767,ok,92.5460834811657,IW3,0,14167.102754163083,1071.1881073439922,153,37,3.343686004377347,13.899669466821745,0.0,0.007648654396556597,affine_dtft,44.12964390150615,5,identified,1,86.90571665134435,68.61286427293501,87.48622415019622,0.07181913916404283,70.01689347809987,2,8.410872900220756,True,6.744720315474157,7.790907049112348,5.8179101730703495
0,450.0,431815.1658152124,4007772.661434067,-75.75856898537722,36.21238969629327,ok,94.5124279085618,IW3,0,14181.748850312257,1071.9202881569427,153,37,3.3436790024922245,13.899667949409702,0.0,0.007648653947546626,affine_dtft,44.13223671431446,5,identified,1,90.40075551687407,68.12395784112587,95.07601314665045,0.06608591482993778,68.19859051364803,1,7.613811074106548,True,7.0565235342596235,8.135698547873549,6.100939901956349
0,500.0,431861.92977847636,4007790.3569628764,-75.75805030736079,36.212552514951824,ok,95.2262246481786,IW3,0,14196.394992122623,1072.6524491231505,153,37,3.3436719990501675,13.899666437344578,0.0,0.007648673484929513,affine_dtft,44.13482953526401,5,identified,1,95.5306650278403,68.19398069750454,95.07601314665045,0.06608591482993778,68.19859051364803,1,6.715153376469595,True,7.17185692595684,8.263240142938857,6.205653174403407
0,550.0,431908.6937417403,4007808.052491686,-75.7575316271605,36.21271533138326,ok,96.74418244746944,IW3,0,14211.041179592294,1073.3845902420449,153,37,3.3436649991072755,13.899664923048528,0.0,0.007648692007241523,affine_dtft,44.13742236435446,5,identified,1,100.68199994007686,68.402192946284,100.4114611907501,0.06257438376724263,78.69006752597954,3,5.975755169113824,True,7.4209797163306375,8.538754318988946,6.431869539736253
0,600.0,431955.45770500426,4007825.7480204953,-75.75701294477642,36.212878145587545,ok,96.74418244746944,IW3,0,14225.68741271982,1074.1167115134645,153,37,3.3436579984394537,13.899663411616432,0.0,0.007648713006020348,affine_dtft,44.140015201585555,5,identified,1,101.99851454178544,68.90818241978647,98.08141160664577,0.06406091841722486,73.30075576600615,2,6.850955212566683,True,7.4209797163306375,8.538754318988946,6.431869539736253
0,650.0,432002.2216682682,4007843.443549305,-75.75649426020854,36.21304095756465,ok,94.43845698587066,IW3,0,14240.333691505206,1074.84881293717,153,37,3.3436509975573605,13.899661900050031,0.0,0.0076487114604614995,affine_dtft,44.14260804695731,5,identified,1,98.38828366250105,67.9680202927915,95.07601314665045,0.06608591482993778,68.19859051364803,1,10.585007374504857,True,7.044637305859045,8.122554409683787,6.090148816061414
0,700.0,432048.9856315321,4007861.1390781146,-75.75597557345692,36.21320376731452,ok,90.11001090156678,IW3,0,14254.980015946516,1075.5808945127376,153,37,3.3436439983532455,13.89966038814729,0.0,0.007648731312771249,affine_dtft,44.14520090046936,5,identified,1,93.56956608624466,67.641784291441,95.07601314665045,0.06608591482993778,68.19859051364803,1,7.734794403800083,True,6.370267129468957,7.376832621762747,5.478164642633511
0,750.0,432095.74959479604,4007878.834606924,-75.75545688452158,36.213366574837124,ok,86.24757473408378,IW3,0,14269.626386042873,1076.312956239956,153,37,3.343636995906321,13.899658879972892,0.0,0.007648750272580933,affine_dtft,44.14779376212157,5,identified,1,84.5790276553566,67.83854077737809,83.54738583865658,0.0752050497344516,67.61986494804033,3,5.699905691018324,True,5.802721122039927,6.749091575676285,4.96366317724029
0,800.0,432142.51355806,4007896.5301357335,-75.75493819340254,36.21352938013242,ok,85.32645407248518,IW3,0,14284.272801793764,1077.0449981186246,153,37,3.3436299976096406,13.899657369972296,0.0,0.007648771548582512,affine_dtft,44.15038663191383,5,identified,1,79.11080399050499,67.8571500293903,78.76923076923069,0.07976700097005342,67.38013505195947,2,6.1180813155823355,True,5.672006135790167,6.604466606332845,4.845260396018243
0,850.0,432189.27752132394,4007914.225664543,-75.75441950009984,36.213692183200365,ok,82.88906430394387,IW3,0,14298.919263197731,1077.7770201482776,153,37,3.3436229980519703,13.899655863240255,0.0,0.007648770061823897,affine_dtft,44.152979509845906,5,identified,1,77.56491488742958,68.0381118875479,78.76923076923069,0.07976700097005342,67.38013505195947,2,5.383105746756757,True,5.334549086386598,6.230978015394177,4.539792447008744
0,900.0,432236.0414845879,4007931.921193353,-75.75390080461352,36.21385498404092,ok,90.62388795627699,IW3,0,14313.565770253452,1078.5090223288478,153,37,3.3436159983679197,13.899654351040322,0.0,0.007648790504103991,affine_dtft,44.15557239591755,5,identified,1,77.00610348524341,70.98406694209446,90.47040983865749,0.06945016960114198,76.3730051401083,6,4.94230643770598,True,6.448179628924385,7.46299217442297,5.548839384353044
0,950.0,432282.8054478518,4007949.6167221623,-75.75338210694362,36.21401778265405,ok,,IW3,0,14328.212322959895,1079.241004659876,153,37,3.3436089995452405,13.899652847608337,0.0,0.007648810647209663,affine_dtft,44.15816529012858,5,ambiguous_multiple_blobs,5,115.76587606349582,62.24508677214279,113.77777777777767,0.05522330836388313,89.99999999999966,2,4.5388000029978635,False,,,
0,1000.0,432329.5694111157,4007967.312250972,-75.75286340709015,36.214180579039706,ok,106.99688841182171,IW3,0,14342.85892131652,1079.9729671411537,153,37,3.3436020003627327,13.899651339710882,0.0,0.0076488082872961495,affine_dtft,44.1607581924789,5,identified,1,117.14671597083799,61.51949150708638,114.4866804479891,0.05488136508625573,63.434948822921854,1,6.443307583883193,True,9.247234381319975,10.560545716521329,8.09057287602814
0,1050.0,432376.33337437967,4007985.0077797812,-75.75234470505313,36.214343373197856,ok,110.38704767293544,IW3,0,14357.505565322346,1080.7049097723548,153,37,3.343595001896162,13.899649834410717,0.0,0.007648827887788915,affine_dtft,44.16335110296836,5,identified,1,114.36727668527777,61.3328688613579,114.4866804479891,0.05488136508625573,63.434948822921854,1,6.1265615402210525,True,9.909392172838025,11.295050985282955,8.691680898570384
0,1100.0,432423.0973376436,4008002.7033085907,-75.75182600083262,36.21450616512844,ok,109.11584751497082,IW3,0,14372.15225497558,1081.436832553216,153,37,3.3435880034486627,13.899648331082489,0.0,0.007648849109141503,affine_dtft,44.1659440215966,5,identified,1,108.27018565065502,61.03726866561399,108.54378291265117,0.0578861832394019,57.99461679191643,2,5.006809515770083,True,9.657540328982723,11.015565586732656,8.463088403370984
0,1150.0,432469.86130090756,4008020.3988374,-75.75130729442864,36.21466895483144,ok,107.01280088730951,IW3,0,14386.79899027564,1082.1687354834223,153,37,3.3435810042915692,13.899646825964957,0.0,0.0076488684782597665,affine_dtft,44.16853694836356,5,identified,1,101.30974468442338,60.87379924242605,104.03104688311235,0.06039721309581047,61.69924423399351,3,5.065731077724479,True,9.250271939163717,10.563912990173451,8.09333106877998
0,1200.0,432516.6252641715,4008038.09436621,-75.75078858584122,36.214831742306814,ok,104.90975425964817,IW3,0,14401.44577122172,1082.9006185627718,153,37,3.3435740074380114,13.899645321798616,0.0,0.007648867468300987,affine_dtft,44.17112988326907,5,identified,1,100.71575588456959,65.31423089776865,104.03104688311235,0.06039721309581047,61.69924423399351,3,5.407384377471599,True,8.854448375785031,10.125275502464632,7.733871258583306
0,1250.0,432563.3892274354,4008055.7898950195,-75.75026987507039,36.214994527554516,ok,103.68099767711792,IW3,0,14416.09259781266,1083.6324817909647,153,37,3.3435670108792377,13.899643820891727,0.0,0.00764888831388682,affine_dtft,44.17372282631293,5,identified,1,101.71071493413761,66.71534913961237,103.97144730968249,0.06043183460229139,66.03751102542165,2,5.405765222073432,True,8.62836168779386,9.874861623624042,7.5285261043442855
0,1300.0,432610.15319069935,4008073.485423829,-75.74975116211618,36.215157310574504,ok,105.90040178644828,IW3,0,14430.739470046783,1084.3643251676663,153,37,3.3435600123002813,13.899642317717378,0.0,0.0076489086508920705,affine_dtft,44.176315777494864,5,identified,2,103.48083132142034,68.18982043212272,103.97144730968249,0.06043183460229139,66.03751102542165,2,5.159039253669803,True,9.039495085772579,10.330300556293905,7.901927388837276
0,1350.0,432656.9171539633,4008091.1809526384,-75.74923244697862,36.21532009136674,ok,109.06421935559334,IW3,0,14445.386387924247,1085.096148692587,153,37,3.343553016403853,13.89964081807835,0.0,0.00764892798463188,affine_dtft,44.178908736814876,5,identified,1,104.7195956574307,88.15346572330103,102.39999999999988,0.061359231515425716,89.99999999999969,1,5.194349770397633,True,9.647402834943222,11.004318884154502,8.453886054243764
0,1400.0,432703.68111722724,4008108.876481448,-75.74871372965777,36.215482869931186,ok,115.16148734332796,IW3,0,14460.033351442506,1085.827952365478,153,37,3.343546018414506,13.89963931608002,0.0,0.007648927147318551,affine_dtft,44.18150170427252,5,identified,1,104.7892381277624,88.34927741392084,115.12806742976424,0.054575616940784194,77.00538320808323,3,4.236574110373602,True,10.894862097107257,12.390212552938774,9.585531743701111
0,1450.0,432750.4450804912,4008126.5720102577,-75.74819501015361,36.2156456462678,ok,121.25875533106259,IW3,0,14474.68036060153,1086.5597361860998,153,37,3.3435390220000807,13.899637817442253,0.0,0.007648946523986636,affine_dtft,44.184094679867805,5,identified,1,118.58149755240811,67.35603885152462,119.85013472883753,0.05242535038776029,69.44395478041629,2,5.618129640300618,True,12.249352845748007,13.900271936100868,10.811986678793383
0,1500.0,432797.2090437551,4008144.267539067,-75.74767628846621,36.21580842037654,ok,127.67031278073375,IW3,0,14489.32741539976,1087.2915001540753,153,37,3.343532025489718,13.899636319479917,0.0,0.007648966648014965,affine_dtft,44.186687663600445,5,identified,1,132.39300409174305,66.11118036761002,134.45778724835563,0.04672979851716567,66.80140948635159,4,4.619789001710603,True,13.799994899195429,15.637300783706857,12.212076290396373
0,1550.0,432843.973007019,4008161.9630678766,-75.7471575645956,36.215971192257356,ok,130.0687521926456,IW3,0,14503.974515836271,1088.0232442690958,153,37,3.343525029098103,13.899634819894002,0.0,0.007648986770795834,affine_dtft,44.18928065547027,5,identified,1,137.21733930781846,65.0446125804845,134.45778724835563,0.04672979851716567,66.80140948635159,4,4.488009833258698,True,14.416043333639761,16.33023065410696,12.766904203918262
0,1600.0,432890.736970283,4008179.658596686,-75.74663883854177,36.21613396191024,ok,128.9960613364759,IW3,0,14518.621661910985,1088.7549685310335,153,37,3.3435180333804033,13.899633322565037,0.0,0.007648986012585342,affine_dtft,44.19187365547729,5,identified,1,134.84145414954162,63.77660138818876,134.45778724835563,0.04672979851716567,66.80140948635159,4,3.9877421009297467,True,14.137991664816857,16.017265300919323,12.51659144198609
0,1650.0,432937.5009335469,4008197.3541254955,-75.7461201103048,36.216296729335106,ok,125.00183997640258,IW3,0,14533.26885362161,1089.4866729394666,153,37,3.3435110387435527,13.899631825819752,0.0,0.0076490073802454525,affine_dtft,44.19446666362107,5,identified,1,129.97626659807023,66.8287881568504,127.12026448932349,0.04942709435368816,65.55604521958325,3,3.06010928488163,True,13.138080370504124,14.894635456655081,11.615013052642315
0,1700.0,432984.26489681087,4008215.0496543054,-75.74560137988469,36.21645949453195,ok,122.08030947249897,IW3,0,14547.916090967608,1090.2183574941323,153,37,3.343504042289586,13.89963033186503,0.0,0.007649026338255704,affine_dtft,44.197059679901535,5,identified,1,121.12268246087177,66.96469190106531,114.4866804479891,0.05488136508625573,63.434948822921854,1,3.1473643593757066,True,12.440557287310451,14.113948248862679,10.984877046287359
0,1750.0,433031.0288600748,4008232.745183115,-75.74508264728149,36.21662225750072,ok,120.61280492069254,IW3,0,14562.563373947602,1090.9500221948035,153,37,3.3434970469317196,13.899628836838406,0.0,0.007649023703325813,affine_dtft,44.199652704318446,5,identified,1,120.13324353216868,67.07153896107393,114.4866804479891,0.05488136508625573,63.434948822921854,1,3.2138683421587038,True,12.100507419140936,13.734025588653315,10.677353654002417
0,1800.0,433077.7928233387,4008250.4407119243,-75.74456391249524,36.21678501824137,ok,118.9859400285348,IW3,0,14577.210702560726,1091.6816670411156,153,37,3.3434900512282755,13.899627344160958,0.0,0.007649046178332899,affine_dtft,44.20224573687163,5,identified,1,127.15551476590808,66.8539956859694,119.85013472883753,0.05242535038776029,69.44395478041629,2,3.3142423751853243,True,11.731353326807003,13.322053899168214,10.343287319442211
0,1850.0,433124.55678660265,4008268.136240734,-75.74404517552593,36.21694777675386,ok,120.48569322205003,IW3,0,14591.858076806604,1092.413292032838,153,37,3.3434830566784335,13.899625849225423,0.0,0.007649064779966003,affine_dtft,44.204838777561044,5,identified,2,36.11920517313164,85.68602314083505,127.12026448932349,0.04942709435368816,65.55604521958325,3,3.0364139432926063,True,12.071370457729317,13.701491672362142,10.650994364273235
0,1900.0,433171.3207498666,4008285.8317695432,-75.74352643637363,36.21711053303816,touches_land_or_unmapped,,,,,,,,,,,,,,,,,,,,,,,,,,,
0,1950.0,433218.08471313055,4008303.527298353,-75.74300769503834,36.21727328709423,touches_land_or_unmapped,,,,,,,,,,,,,,,,,,,,,,,,,,,
0,2000.0,433264.8486763945,4008321.2228271626,-75.74248895152013,36.21743603892201,touches_land_or_unmapped,,,,,,,,,,,,,,,,,,,,,,,,,,,
0,2050.0,433311.6126396584,4008338.918355972,-75.74197020581902,36.217598788521485,touches_land_or_unmapped,,,,,,,,,,,,,,,,,,,,,,,,,,,
0,2100.0,433358.37660292233,4008356.6138847815,-75.741451457935,36.217761535892606,touches_land_or_unmapped,,,,,,,,,,,,,,,,,,,,,,,,,,,
0,2150.0,433405.1405661863,4008374.309413591,-75.74093270786815,36.217924281035316,touches_land_or_unmapped,,,,,,,,,,,,,,,,,,,,,,,,,,,
0,2200.0,433451.9045294502,4008392.004942401,-75.74041395561848,36.21808702394961,touches_land_or_unmapped,,,,,,,,,,,,,,,,,,,,,,,,,,,
0,2250.0,433498.6684927142,4008409.7004712103,-75.73989520118603,36.2182497646354,touches_land_or_unmapped,,,,,,,,,,,,,,,,,,,,,,,,,,,
0,2300.0,433545.43245597807,4008427.3960000197,-75.73937644457082,36.218412503092694,touches_land_or_unmapped,,,,,,,,,,,,,,,,,,,,,,,,,,,
0,2350.0,433592.196419242,4008445.091528829,-75.73885768577289,36.21857523932142,touches_land_or_unmapped,,,,,,,,,,,,,,,,,,,,,,,,,,,
0,2400.0,433638.96038250596,4008462.7870576386,-75.73833892479226,36.21873797332154,touches_land_or_unmapped,,,,,,,,,,,,,,,,,,,,,,,,,,,
0,2450.0,433685.7243457699,4008480.4825864485,-75.73782016162899,36.21890070509302,touches_land_or_unmapped,,,,,,,,,,,,,,,,,,,,,,,,,,,
0,2500.0,433732.48830903386,4008498.178115258,-75.73730139628307,36.219063434635835,touches_land_or_unmapped,,,,,,,,,,,,,,,,,,,,,,,,,,,
0,2550.0,433779.2522722978,4008515.8736440674,-75.73678262875457,36.219226161949926,touches_land_or_unmapped,,,,,,,,,,,,,,,,,,,,,,,,,,,
0,2600.0,433826.0162355617,4008533.569172877,-75.73626385904349,36.219388887035244,touches_land_or_unmapped,,,,,,,,,,,,,,,,,,,,,,,,,,,
0,2650.0,433872.78019882564,4008551.2647016863,-75.73574508714988,36.21955160989178,touches_land_or_unmapped,,,,,,,,,,,,,,,,,,,,,,,,,,,
0,2700.0,433919.5441620896,4008568.9602304962,-75.73522631307375,36.21971433051948,touches_land_or_unmapped,,,,,,,,,,,,,,,,,,,,,,,,,,,
0,2750.0,433966.30812535353,4008586.6557593057,-75.73470753681516,36.219877048918285,touches_land_or_unmapped,,,,,,,,,,,,,,,,,,,,,,,,,,,
0,2800.0,434013.0720886175,4008604.351288115,-75.73418875837413,36.22003976508816,touches_land_or_unmapped,,,,,,,,,,,,,,,,,,,,,,,,,,,
0,2850.0,434059.8360518814,4008622.0468169246,-75.7336699777507,36.22020247902908,touches_land_or_unmapped,,,,,,,,,,,,,,,,,,,,,,,,,,,
0,2900.0,434106.6000151453,4008639.742345734,-75.73315119494487,36.22036519074101,touches_land_or_unmapped,,,,,,,,,,,,,,,,,,,,,,,,,,,
0,2950.0,434153.36397840927,4008657.4378745435,-75.7326324099567,36.220527900223885,touches_land_or_unmapped,,,,,,,,,,,,,,,,,,,,,,,,,,,
0,3000.0,434200.1279416732,4008675.1334033534,-75.7321136227862,36.220690607477685,touches_land_or_unmapped,,,,,,,,,,,,,,,,,,,,,,,,,,,
1,250.0,431708.7984077874,4007488.1916904543,-75.75972745858417,36.209817743277235,touches_land_or_unmapped,,,,,,,,,,,,,,,,,,,,,,,,,,,
1,300.0,431755.5847381088,4007505.8279966167,-75.75920854596953,36.20998003449252,touches_land_or_unmapped,,,,,,,,,,,,,,,,,,,,,,,,,,,
1,350.0,431802.3710684302,4007523.464302779,-75.75868963117712,36.21014232347873,touches_land_or_unmapped,,,,,,,,,,,,,,,,,,,,,,,,,,,
1,400.0,431849.15739875165,4007541.1006089416,-75.75817071420695,36.210304610235816,ok,92.5460834811657,IW3,0,14180.849054904365,1055.0833017426924,153,37,3.343765105306357,13.899672555377645,0.0,0.007648323807841966,affine_dtft,44.13212127480624,6,identified,1,87.13284371243613,68.66530966042943,87.48622415019622,0.07181913916404283,70.01689347809987,2,8.481087629861483,True,6.744720315474157,7.790907049112348,5.8179101730703495
1,450.0,431895.94372907304,4007558.736915104,-75.75765179505909,36.21046689476374,ok,94.5124279085618,IW3,0,14195.498654274916,1055.8110022149733,153,37,3.343758125425996,13.899671044955145,0.0,0.007648322171400839,affine_dtft,44.13471471995099,6,identified,1,90.0570128515646,68.24927105817129,95.07601314665045,0.06608591482993778,68.19859051364803,1,7.217465101820692,True,7.0565235342596235,8.135698547873549,6.100939901956349
1,500.0,431942.73005939444,4007576.373221267,-75.75713287373351,36.21062917706248,ok,95.2262246481786,IW3,0,14210.148299130462,1056.5386828301987,153,37,3.3437511466267362,13.899669532385083,0.0,0.007648342082157283,affine_dtft,44.137308173205795,6,identified,1,94.78046802373295,68.46786741644502,95.07601314665045,0.06608591482993778,68.19859051364803,1,5.855129834214685,True,7.17185692595684,8.263240142938857,6.205653174403407
1,550.0,431989.51638971583,4007594.0095274295,-75.7566139502303,36.21079145713196,ok,96.74418244746944,IW3,0,14224.797989469273,1057.2663435878867,153,37,3.3437441694479895,13.899668021980482,0.0,0.007648362096577079,affine_dtft,44.13990163457034,6,identified,1,100.24487213690622,69.06635635442197,100.4114611907501,0.06257438376724263,78.69006752597954,3,5.365903416609473,True,7.4209797163306375,8.538754318988946,6.431869539736253
1,600.0,432036.30272003723,4007611.645833592,-75.75609502454945,36.210953734972165,ok,96.74418244746944,IW3,0,14239.447725291127,1057.9939844877958,153,37,3.3437371901611312,13.899666511037545,0.0,0.007648361635276587,affine_dtft,44.1424951040446,6,identified,1,101.4901589864117,69.43075722329426,98.08141160664577,0.06406091841722486,73.30075576600615,2,5.991098788010028,True,7.4209797163306375,8.538754318988946,6.431869539736253
1,650.0,432083.0890503586,4007629.2821397544,-75.75557609669102,36.21111601058305,ok,97.16122477267419,IW3,0,14254.097506594024,1058.7216055296904,153,37,3.3437302120280554,13.899665001147362,0.0,0.007648381114431967,affine_dtft,44.14508858162821,6,identified,1,97.53013215455046,68.17601124533087,95.07601314665045,0.06608591482993778,68.19859051364803,1,7.613980275567364,True,7.490350150708392,8.615480371439427,6.494868248368626
1,700.0,432129.87538068,4007646.918445917,-75.75505716665502,36.21127828396456,ok,96.07781263331556,IW3,0,14268.747333377294,1059.4492067132585,153,37,3.343723234829033,13.899663495151517,0.0,0.007648401847473386,affine_dtft,44.147682067321036,6,identified,1,92.53962632137845,68.02068748528734,95.07601314665045,0.06608591482993778,68.19859051364803,1,7.119529141537082,True,7.31096783458971,8.417083858713134,6.3319680048074884
1,750.0,432176.6617110014,4007664.5547520793,-75.7545382344415,36.211440555116674,ok,,IW3,0,14283.397205639712,1060.1767880383204,153,37,3.343716257430992,13.899661987081654,0.0,0.007648420703767679,affine_dtft,44.15027556112289,6,ambiguous_multiple_blobs,2,84.62811200880503,69.92344938769354,102.39999999999988,0.061359231515425716,89.99999999999969,1,4.712371533521229,False,,,
1,800.0,432223.4480413228,4007682.1910582418,-75.75401930005047,36.21160282403935,ok,,IW3,0,14298.047123380458,1060.9043495044614,153,37,3.343709281347402,13.899660478234493,0.0,0.007648420209935158,affine_dtft,44.15286906303362,6,ambiguous_multiple_blobs,2,79.91136376524292,70.09522654814629,93.09090909090897,0.0674951546669683,89.99999999999972,2,5.661998097783265,False,,,
1,850.0,432270.2343716442,4007699.827364404,-75.75350036348199,36.21176509073254,ok,114.72592592592581,IW3,0,14312.697086598419,1061.6318911114809,153,37,3.3437023031134245,13.89965897346565,0.0,0.007648440597187368,affine_dtft,44.155462573053015,6,identified,1,102.07180610006674,86.96509839757834,102.39999999999988,0.061359231515425716,89.99999999999969,1,6.618814026817725,True,10.802305713015569,12.28723904605634,9.50162795432099
1,900.0,432317.0207019656,4007717.4636705667,-75.75298142473606,36.21192735519621,ok,117.08900444909494,IW3,0,14327.347095293111,1062.359412859043,153,37,3.3436953276042107,13.89965746634695,0.0,0.007648460315720006,affine_dtft,44.15805609118101,6,identified,1,110.40089893619889,85.40284456397235,113.77777777777767,0.05522330836388313,89.99999999999966,2,6.8971083534110535,True,11.311051725064422,12.85356426704034,9.9626731383907
1,950.0,432363.807032287,4007735.099976729,-75.75246248381274,36.212089617430316,ok,116.56853964887378,IW3,0,14341.997149462202,1063.0869147469346,153,37,3.343688350074843,13.899655961826031,0.0,0.007648480079051102,affine_dtft,44.16064961741718,6,identified,1,119.09499805966962,86.23481090088288,127.99999999999986,0.04908738521234057,89.99999999999962,1,7.07549967742277,True,11.197603638497524,12.727207241976032,9.85989279199286
1,1000.0,432410.5933626084,4007752.7362828916,-75.75194354071202,36.21225187743481,ok,118.98587573847162,IW3,0,14356.647249106176,1063.8143967747064,153,37,3.3436813737871924,13.899654455608218,0.0,0.0076484793071134585,affine_dtft,44.163243151761606,6,identified,1,126.32771035181507,84.47078699486147,124.17824001860234,0.05059811852896565,75.96375653207325,3,6.322660125198243,True,11.73133889871181,13.322037806789833,10.343274258397033
1,1050.0,432457.3796929298,4007770.372589054,-75.75142459543397,36.21241413520966,ok,117.93907676544632,IW3,0,14371.297394222389,1064.54185894229,153,37,3.34367439888673,13.899652953569936,0.0,0.007648498942001641,affine_dtft,44.16583669421384,6,identified,1,119.76731848116744,65.14256618658871,114.4866804479891,0.05488136508625573,63.434948822921854,1,5.05772321375359,True,11.498069381491465,13.061951980256355,10.13206442424343
1,1100.0,432504.1660232512,4007788.0088952165,-75.75090564797863,36.21257639075484,ok,113.14528614206881,IW3,0,14385.947584811081,1065.2693012493396,153,37,3.3436674232614685,13.899651451379738,0.0,0.007648519990863418,affine_dtft,44.1684302447739,6,identified,1,115.1046934218819,64.02509976191469,114.4866804479891,0.05488136508625573,63.434948822921854,1,4.692743783026705,True,10.470952182821348,11.91879421988372,9.201164723138517
1,1150.0,432550.9523535726,4007805.645201379,-75.75038669834599,36.212738644070285,ok,109.10392760028485,IW3,0,14400.597820870315,1065.9967236954535,153,37,3.343660446547697,13.899649950049314,0.0,0.00764851834166346,affine_dtft,44.171023803441464,6,identified,1,108.81716920942564,63.29387878497794,108.54378291265117,0.0578861832394019,57.99461679191643,2,3.733565317397142,True,9.655199155054728,11.012968229087724,8.46096320086346
1,1200.0,432597.73868389404,4007823.2815075414,-75.74986774653611,36.21290089515597,ok,107.00088097262353,IW3,0,14415.248102399428,1066.7241262805085,153,37,3.3436534705652483,13.899648448116391,0.0,0.007648537176897279,affine_dtft,44.17361737021642,6,identified,1,103.52066553042728,62.956761023667966,104.03104688311235,0.06039721309581047,61.69924423399351,3,4.365207412097531,True,9.247996466063265,10.561390521019591,8.091264872119707
1,1250.0,432644.52501421544,4007840.917813704,-75.74934879254901,36.21306314401185,ok,107.0008809726235,IW3,0,14429.898429397805,1067.4515090040763,153,37,3.3436464967713935,13.899646948974413,0.0,0.007648558455831794,affine_dtft,44.17621094509864,6,identified,1,102.08975872366419,64.60235081947926,103.97144730968249,0.06043183460229139,66.03751102542165,2,4.794938649500952,True,9.247996466063261,10.561390521019588,8.091264872119703
1,1300.0,432691.31134453684,4007858.5541198663,-75.74882983638473,36.21322539063789,ok,107.98612539760362,IW3,0,14444.548801863799,1068.1788718660275,153,37,3.343639523111623,13.899645449524167,0.0,0.007648577458369681,affine_dtft,44.17880452808784,6,identified,1,101.91049342464608,65.5237132683384,103.97144730968249,0.06043183460229139,66.03751102542165,2,5.08226951328448,True,9.437321893079652,10.771303326978957,8.263167028325421
1,1350.0,432738.09767485823,4007876.190426029,-75.7483108780433,36.213387635034024,ok,111.14994296674863,IW3,0,14459.199219796184,1068.9062148657958,153,37,3.3436325463393595,13.899643950179756,0.0,0.007648576781719182,affine_dtft,44.181398119183804,6,identified,2,108.72597434177064,88.02474122209071,114.4866804479891,0.05488136508625573,63.434948822921854,1,3.7452886554762705,True,10.062627377888255,11.46517416395856,8.830737025060186
1,1400.0,432784.8840051796,4007893.8267321917,-75.74779191752474,36.21354987720026,ok,117.24721095448326,IW3,0,14473.849683194425,1069.6335380035546,153,37,3.343625573487566,13.899642451345692,0.0,0.007648596619463767,affine_dtft,44.18399171838644,6,identified,1,109.75051685700826,87.41913406629556,113.4700050375516,0.055373094458753554,77.19573393471298,5,3.907261214716955,True,11.345695034397243,12.892157677532756,9.99405519673822
1,1450.0,432831.670335501,4007911.463038354,-75.74727295482909,36.21371211713651,ok,123.34447894221792,IW3,0,14488.500192057225,1070.3608412785609,153,37,3.3436185992139715,13.899640953748408,0.0,0.007648618045757821,affine_dtft,44.18658532569552,6,identified,1,124.10889309103457,71.46172628106203,119.85013472883753,0.05242535038776029,69.44395478041629,2,4.928285436327139,True,12.738976173233294,14.447714489918303,11.254579600040215
1,1500.0,432878.4566658224,4007929.0993445166,-75.74675398995639,36.213874354842766,ok,127.3387003022912,IW3,0,14503.15074638342,1071.0881246909225,153,37,3.343611626994145,13.899639458932928,0.0,0.007648636568111219,affine_dtft,44.18917894111084,6,identified,1,132.2942079920191,71.00586218774704,134.45778724835563,0.04672979851716567,66.80140948635159,4,4.7369896526477735,True,13.716412508694939,15.543418381788927,12.136734378271205
1,1550.0,432925.2429961438,4007946.735650679,-75.74623502290666,36.21403659031897,ok,128.6147262405484,IW3,0,14517.80134617206,1071.815388239998,153,37,3.3436046532950017,13.899637961399968,0.0,0.007648636450783471,affine_dtft,44.191772564632224,6,identified,1,133.9215587853456,70.3303782199938,134.45778724835563,0.04672979851716567,66.80140948635159,4,4.267712067505839,True,14.040136496873519,15.907207156111127,12.428456125196783
1,1600.0,432972.0293264652,4007964.3719568416,-75.74571605367993,36.2141988235651,ok,128.61472624054835,IW3,0,14532.45199142232,1072.5426319258509,153,37,3.3435976791469333,13.899636467586852,0.0,0.00764865548336097,affine_dtft,44.19436619625953,6,identified,1,132.30666699870778,69.91311746621477,134.45778724835563,0.04672979851716567,66.80140948635159,4,4.077440403389233,True,14.040136496873501,15.907207156111113,12.428456125196774
1,1650.0,433018.8156567866,4007982.008263004,-75.74519708227623,36.21436105458108,ok,127.15396098859658,IW3,0,14547.102682132727,1073.2698557478216,153,37,3.3435907059072694,13.89963497243571,0.0,0.007648677338163519,affine_dtft,44.1969598359925,6,identified,1,126.35341812233352,68.70094110318466,119.85013472883753,0.05242535038776029,69.44395478041629,2,3.1422570471882096,True,13.670014423666336,15.491315718240214,12.094904163365195
1,1700.0,433065.601987108,4007999.6445691665,-75.74467810869561,36.214523283366916,ok,123.50204785871706,IW3,0,14561.753418303007,1073.9970597059464,153,37,3.3435837332957887,13.899633478346551,0.0,0.007648675339488988,affine_dtft,44.19955348383108,6,identified,1,119.61479473967162,67.95577885793281,119.85013472883753,0.05242535038776029,69.44395478041629,2,3.0388293200500502,True,12.77653296976802,14.489744107871124,11.288510554290594
1,1750.0,433112.3883174294,4008017.280875329,-75.74415913293808,36.214685509922525,ok,,IW3,0,14576.404199930903,1074.7242437997063,153,37,3.3435767611094755,13.899631986662511,0.0,0.007648695284914269,affine_dtft,44.202147139774894,6,identified,1,119.59265799486133,67.72435884772973,119.85013472883753,0.05242535038776029,69.44395478041629,2,2.9749748014551898,False,,,
1,1800.0,433159.1746477508,4008034.9171814914,-75.74364015500369,36.21484773424789,ok,98.60587194300894,IW3,0,14591.055027016175,1075.4514080289712,153,37,3.3435697885208473,13.89963049299666,0.0,0.007648715805533399,affine_dtft,44.204740803823874,6,identified,1,118.83836623436265,70.08971583169715,119.85013472883753,0.05242535038776029,69.44395478041629,2,3.193894207182255,True,7.733776220254261,8.884747377070255,6.715953154601102
1,1850.0,433205.9609780722,4008052.553487654,-75.74312117489244,36.21500995634299,ok,98.60587194300894,IW3,0,14605.705899558083,1076.1785523935437,153,37,3.3435628169396328,13.8996290021311,0.0,0.007648735365720576,affine_dtft,44.20733447597789,6,identified,2,120.77379210444427,73.52246291130159,119.85013472883753,0.05242535038776029,69.44395478041629,2,3.423267307649069,True,7.733776220254261,8.884747377070255,6.715953154601102
1,1900.0,433252.7473083936,4008070.1897938163,-75.7426021926044,36.215172176207744,ok,101.78203364400497,IW3,0,14620.356817554459,1076.9056768929545,153,37,3.3435558451591465,13.899627513330277,0.0,0.007648734107283164,affine_dtft,44.20992815623657,5,identified,3,121.89293782155475,70.87664544916974,34.87308358552315,0.18017292023433004,87.39743779750007,3,8.133706968582198,True,8.286327127834813,9.496178304993657,7.217848066460663
1,1950.0,433299.533638715,4008087.8260999788,-75.74208320813958,36.215334393842134,ok,104.70356414790858,IW3,0,14635.007781005335,1077.632781526933,153,37,3.3435488737157666,13.899626022354418,0.0,0.00764875482611556,affine_dtft,44.21252184459992,5,identified,1,126.20932474974838,65.02179445939778,119.85013472883753,0.05242535038776029,69.44395478041629,2,3.9915223619924034,True,8.81624564893658,10.082955966964972,7.699174492736619
1,2000.0,433346.31996903644,4008105.462406141,-75.74156422149801,36.215496609246124,ok,85.79964464829435,IW3,0,14649.658789909425,1078.3598662952363,153,37,3.3435419025825968,13.899624534087188,0.0,0.007648775216011778,affine_dtft,44.21511554106772,5,identified,1,123.30028672859679,63.520757372178075,114.4866804479891,0.05488136508625573,63.434948822921854,1,4.206619705158329,True,5.738935874167386,6.678521457342681,4.905880875119038
1,2050.0,433393.10629935784,4008123.0987123037,-75.74104523267972,36.215658822419655,ok,83.82014988240921,IW3,0,14664.309844265032,1079.0869311976533,153,37,3.343534931671559,13.899623045769092,0.0,0.007648795869261212,affine_dtft,44.21770924563964,5,identified,3,126.76267259993435,64.55232577573454,134.45778724835563,0.04672979851716567,66.80140948635159,4,3.464260623153465,True,5.462023793883664,6.372086719445605,4.655146368858815
1,2100.0,433439.89262967923,4008140.735018466,-75.74052624168476,36.2158210333627,ok,64.79148256015108,IW3,0,14678.960944071576,1079.8139762337994,153,37,3.3435279610554502,13.899621557860641,0.0,0.007648794008444485,affine_dtft,44.220302958315614,5,identified,3,143.8412260937305,69.54530098206354,25.33053723076629,0.2480478503056806,76.65127288671256,3,8.688740668075829,True,3.1907286519283904,3.849044457633488,2.6109772600253347
1,2150.0,433486.67896000063,4008158.3713246286,-75.74000724851315,36.21598324207521,ok,52.36768308819156,IW3,0,14693.612089327966,1080.5410014033741,153,37,3.3435209913170376,13.89962007173209,0.0,0.007648813712623797,affine_dtft,44.222896679095435,5,identified,2,147.45532714611505,70.97065799186144,24.975609756097537,0.2515728492132454,77.31961650818013,2,6.786907373092411,True,2.061356973884368,2.578989017044468,1.611726383775359
1,2200.0,433533.465290322,4008176.007630791,-75.73948825316492,36.21614544855716,ok,25.004315034803543,IW3,0,14708.263280032956,1081.2680067061979,153,37,3.343514019980042,13.899618586187357,0.0,0.007648833220319477,affine_dtft,44.225490407978874,5,identified,3,145.75277610091328,71.58667887871594,24.70679811754681,0.2543099788684175,78.87081071038875,3,5.596069342259205,True,0.4626749964941948,0.7102628954325878,0.2697853067035648
1,2250.0,433580.2516206434,4008193.6439369535,-75.7389692556401,36.21630765280851,ok,,IW3,0,14722.91451618601,1081.994992142061,153,37,3.3435070501606265,13.899617100684193,0.0,0.007648833687462091,affine_dtft,44.22808414496585,5,identified,3,143.22206324824094,72.81539592501318,155.95717096452378,0.040287889734860916,66.03751102542162,3,2.0607090296317105,False,,,
1,2300.0,433627.0379509648,4008211.2802431164,-75.73845025593873,36.2164698548292,ok,,IW3,0,14737.56579778558,1082.7219577104474,153,37,3.343500080229954,13.899615615222615,0.0,0.007648853672975145,affine_dtft,44.23067789005608,5,identified,4,99.91614920227977,10.036749217406586,155.95717096452378,0.040287889734860916,66.03751102542162,3,1.7917312745906018,False,,,
1,2350.0,433673.8242812862,4008228.916549279,-75.73793125406083,36.216632054619204,ok,,IW3,0,14752.217124830817,1083.448903411172,153,37,3.343493109908094,13.89961413256145,0.0,0.007648872702035967,affine_dtft,44.23327164324941,5,identified,3,97.73361973304382,10.7992241482568,140.65721748345732,0.04467019481541039,74.05460409907685,2,1.7710997067114473,False,,,
1,2400.0,433720.6106116076,4008246.5528554413,-75.73741225000643,36.21679425217847,ok,,IW3,0,14766.86849732034,1084.1758292439342,153,37,3.3434861427788545,13.89961264910468,0.0,0.1765401714947964,affine_dtft,44.23586540454562,5,ambiguous_multiple_blobs,2,126.84117886848328,71.7017346593885,124.17824001860234,0.05059811852896565,75.96375653207325,1,2.3373370396278594,False,,,
1,2450.0,433767.396941929,4008264.189161604,-75.73689324377555,36.21695644750696,ok,,IW3,0,14781.51991525424,1084.9027352083913,153,37,3.343479172713497,13.899611167336355,0.0,0.3992498130386772,affine_dtft,44.238459173944705,5,identified,1,121.30954052945873,70.88103726481933,119.85013472883753,0.05242535038776029,69.44395478041629,2,3.1711865968511486,True,,,
1,2500.0,433814.1832722504,4008281.8254677663,-75.73637423536829,36.21711864060465,touches_land_or_unmapped,,,,,,,,,,,,,,,,,,,,,,,,,,,
1,2550.0,433860.9696025718,4008299.4617739287,-75.73585522478459,36.21728083147149,touches_land_or_unmapped,,,,,,,,,,,,,,,,,,,,,,,,,,,
1,2600.0,433907.7559328932,4008317.098080091,-75.73533621202454,36.21744302010744,touches_land_or_unmapped,,,,,,,,,,,,,,,,,,,,,,,,,,,
1,2650.0,433954.5422632146,4008334.7343862536,-75.73481719708815,36.21760520651246,touches_land_or_unmapped,,,,,,,,,,,,,,,,,,,,,,,,,,,
1,2700.0,434001.328593536,4008352.370692416,-75.73429817997544,36.21776739068652,touches_land_or_unmapped,,,,,,,,,,,,,,,,,,,,,,,,,,,
1,2750.0,434048.1149238574,4008370.0069985786,-75.73377916068647,36.217929572629544,touches_land_or_unmapped,,,,,,,,,,,,,,,,,,,,,,,,,,,
1,2800.0,434094.90125417884,4008387.643304741,-75.73326013922126,36.218091752341536,touches_land_or_unmapped,,,,,,,,,,,,,,,,,,,,,,,,,,,
1,2850.0,434141.68758450024,4008405.2796109035,-75.73274111557984,36.218253929822424,touches_land_or_unmapped,,,,,,,,,,,,,,,,,,,,,,,,,,,
1,2900.0,434188.47391482163,4008422.915917066,-75.73222208976223,36.218416105072194,touches_land_or_unmapped,,,,,,,,,,,,,,,,,,,,,,,,,,,
1,2950.0,434235.260245143,4008440.5522232284,-75.73170306176848,36.21857827809078,touches_land_or_unmapped,,,,,,,,,,,,,,,,,,,,,,,,,,,
1,3000.0,434282.0465754644,4008458.188529391,-75.73118403159862,36.218740448878165,touches_land_or_unmapped,,,,,,,,,,,,,,,,,,,,,,,,,,,
2,250.0,431790.0226646765,4007272.53766389,-75.75880515574804,36.20787939003602,touches_land_or_unmapped,,,,,,,,,,,,,,,,,,,,,,,,,,,
2,300.0,431836.8155635468,4007290.15653489,-75.75828617929916,36.20804152046258,touches_land_or_unmapped,,,,,,,,,,,,,,,,,,,,,,,,,,,
2,350.0,431883.60846241703,4007307.77540589,-75.75776720067455,36.20820364865951,touches_land_or_unmapped,,,,,,,,,,,,,,,,,,,,,,,,,,,
2,400.0,431930.40136128734,4007325.39427689,-75.75724821987421,36.20836577462679,ok,92.45748276679744,IW3,0,14194.651362989545,1038.8421661149555,153,37,3.3438448853663254,13.899675681410757,0.0,0.007647973136586836,affine_dtft,44.13460892647794,7,identified,1,84.38994697377693,70.4281420335845,87.48622415019622,0.07181913916404283,70.01689347809987,2,8.167337552847995,True,6.730873342785949,7.775595304975137,5.805343421965061
2,450.0,431977.19426015764,4007343.01314789,-75.75672923689818,36.20852789836435,ok,94.4459773727856,IW3,0,14209.301770946126,1039.56853311916,153,37,3.3438379147682906,13.899674171392991,0.0,0.007647991991589964,affine_dtft,44.13720251835538,7,identified,1,88.92614371168199,69.92947251303283,87.48622415019622,0.07181913916404283,70.01689347809987,2,6.481308269505671,True,7.045845177846993,8.12389010778603,6.091245394606904
2,500.0,432023.9871590279,4007360.63201889,-75.75621025174651,36.208690019872165,ok,96.03678189822845,IW3,0,14223.952224329727,1040.2948802640751,153,37,3.3438309423529975,13.899672662244026,0.0,0.007648012303095142,affine_dtft,44.13979611833261,7,identified,2,93.14651752810882,70.3326990440574,102.39999999999988,0.061359231515425716,89.99999999999969,1,4.717588075417915,True,7.3042273141280205,8.409629240647947,6.325847199757291
2,550.0,432070.7800578982,4007378.25088989,-75.75569126441921,36.20885213915019,ok,97.5547396975193,IW3,0,14238.602723140142,1041.021207549352,153,37,3.343823972329319,13.899671151389024,0.0,0.007648031972862383,affine_dtft,44.14238972640958,7,identified,1,98.2111629533648,69.8362422019413,100.4114611907501,0.06257438376724263,78.69006752597954,3,4.597673025980214,True,7.556176289259251,8.688289531436899,6.55465047832747
2,600.0,432117.57295676845,4007395.86976089,-75.7551722749163,36.20901425619838,ok,100.07186858435007,IW3,0,14253.253267376465,1041.7475149747452,153,37,3.343816999994587,13.899669642763927,0.0,0.0076480318259215105,affine_dtft,44.144983342586144,7,identified,2,100.32234206318469,69.50271127281106,102.39999999999988,0.061359231515425716,89.99999999999969,1,3.8739803611918444,True,7.985816047337764,9.16360100875731,6.944881552346453
2,650.0,432164.36585563875,4007413.48863189,-75.75465328323786,36.20917637101671,ok,100.07186858435007,IW3,0,14267.903857037143,1042.4738025399724,153,37,3.343810030560495,13.899668134465168,0.0,0.007648051236287387,affine_dtft,44.147576966862005,7,identified,1,97.45199992045868,68.26274909813422,95.07601314665045,0.06608591482993778,68.19859051364803,1,6.300599336938714,True,7.985816047337764,9.16360100875731,6.944881552346453
2,700.0,432211.15875450906,4007431.1075028903,-75.75413428938387,36.20933848360511,ok,,IW3,0,14282.55449212142,1043.2000702446549,153,37,3.3438030590335197,13.899666626943363,0.0,0.007648071727890586,affine_dtft,44.15017059923706,7,ambiguous_multiple_blobs,2,93.1495780467944,68.06006012477204,127.99999999999986,0.04908738521234057,89.99999999999962,1,4.0970287940500985,False,,,
2,750.0,432257.9516533793,4007448.72637389,-75.75361529335439,36.20950059396357,ok,98.2417305593898,IW3,0,14297.205172628112,1043.9263180886853,153,37,3.3437960892421374,13.899665121743483,0.0,0.007648070505440132,affine_dtft,44.15276423971109,7,identified,2,101.70015898449724,92.65844766935083,102.39999999999988,0.061359231515425716,89.99999999999969,3,4.522462985795226,True,7.671958088568313,8.816362169250283,6.659806316035186
2,800.0,432304.7445522496,4007466.34524489,-75.75309629514945,36.209662702092054,ok,102.9171717171716,IW3,0,14311.855898555788,1044.652546071758,153,37,3.3437891179411525,13.899663614837623,0.0,0.007648091615169604,affine_dtft,44.155357888283824,7,identified,2,99.10776622860189,90.07714095545757,93.09090909090897,0.0674951546669683,89.99999999999972,2,4.760471312607249,True,8.48971672926561,9.721339739798495,7.402593852154665
2,850.0,432351.5374511199,4007483.96411589,-75.75257729476905,36.209824807990486,ok,107.93373737373724,IW3,0,14326.506669904644,1045.3787541933486,153,37,3.3437821494681406,13.89966211155956,0.0,0.007648110210529115,affine_dtft,44.157951544955324,7,identified,1,103.20010669725383,87.16741371437736,102.39999999999988,0.061359231515425716,89.99999999999969,1,5.969960264201502,True,9.427191254966878,10.7600691641814,8.253969279913141
2,900.0,432398.33034999017,4007501.5829868903,-75.75205829221326,36.209986911658845,ok,112.28938537745773,IW3,0,14341.157486672364,1046.1049424533878,153,37,3.3437751795582056,13.899660605747874,0.0,0.007648130425186243,affine_dtft,44.16054520972516,7,identified,1,113.79177172006126,87.66990799590262,113.77777777777767,0.05522330836388313,89.99999999999966,2,6.236510622182162,True,10.29445439786618,11.722663698763581,9.041069382976946
2,950.0,432445.1232488605,4007519.2018578905,-75.7515392874821,36.21014901309711,ok,118.50685156299642,IW3,0,14355.808348858329,1046.8311108516177,153,37,3.3437682096203303,13.899659103361753,0.0,0.007648129322181023,affine_dtft,44.16313888259323,7,identified,1,119.58625744261812,85.81759952413661,127.99999999999986,0.04908738521234057,89.99999999999962,1,5.337867450718962,True,11.624182960864392,13.202540815898285,10.246262226014705
2,1000.0,432491.9161477307,4007536.82072889,-75.7510202805756,36.210311112305206,ok,121.99687850876394,IW3,0,14370.459256461223,1047.557259387601,153,37,3.3437612416986027,13.899657601771036,0.0,0.0076481497741433735,affine_dtft,44.1657325635593,7,identified,1,126.16412866427072,84.64537783178932,124.17824001860234,0.05059811852896565,75.96375653207325,3,5.489126212465724,True,12.421042507180475,14.09213372075015,10.967234439335957
2,1050.0,432538.709046601,4007554.4395998903,-75.75050127149379,36.21047320928312,ok,120.04753232983087,IW3,0,14385.110209480808,1048.2833880611524,153,37,3.3437542727306115,13.899656097904225,0.0,0.007648169535303275,affine_dtft,44.16832625262335,7,identified,1,121.23417933991601,66.69614697994892,124.17824001860234,0.05059811852896565,75.96375653207325,3,4.515470499082969,True,11.971317600623204,13.58979703921762,10.560468796975742
2,1100.0,432585.50194547133,4007572.0584708904,-75.7499822602367,36.2106353040308,ok,115.25374170645338,IW3,0,14399.761207914973,1049.0094968720382,153,37,3.3437473046089057,13.89965459784913,0.0,0.007648188396245669,affine_dtft,44.170919949784974,7,identified,1,116.2144931956573,65.49128545169692,119.85013472883753,0.05242535038776029,69.44395478041629,2,4.083687070748984,True,10.91453595673348,12.412103949494393,9.603364984812254
2,1150.0,432632.2948443416,4007589.6773418905,-75.74946324680437,36.210797396548216,ok,111.2123831646694,IW3,0,14414.412251763451,1049.735585819895,153,37,3.3437403363185854,13.899653099031113,0.0,0.007648187920937362,affine_dtft,44.17351365504414,7,identified,1,108.44251247377638,64.25373918752106,104.03104688311235,0.06039721309581047,61.69924423399351,3,3.455378356766722,True,10.075239131207251,11.479178456017582,8.8421808106599
2,1200.0,432679.0877432119,4007607.29621289,-75.74894423119682,36.21095948683531,ok,107.17102462288544,IW3,0,14429.063341024957,1050.461654904418,153,37,3.3437333694729707,13.899651598782945,0.0,0.00764820837244542,affine_dtft,44.17610736840062,7,identified,1,102.35739201068905,63.5154561558225,104.03104688311235,0.06039721309581047,61.69924423399351,3,4.199720431502922,True,9.280511185329436,10.59743562088459,8.120788905522321
2,1250.0,432725.8806420822,4007624.9150838903,-75.7484252134141,36.21112157489205,ok,106.92848860016656,IW3,0,14443.714475697741,1051.1877041253767,153,37,3.343726400882991,13.899650100121196,0.0,0.007648227760588998,affine_dtft,44.17870108985411,7,identified,1,101.74053507550366,65.15701873784226,103.97144730968249,0.06043183460229139,66.03751102542165,2,4.791823932879539,True,9.234184889669008,10.546079962997498,8.078723488823071
2,1300.0,432772.67354095244,4007642.5339548904,-75.7479061934562,36.21128366071841,ok,109.8497701465927,IW3,0,14458.365655782338,1051.9137334825364,153,37,3.3437194333892237,13.899648602880298,0.0,0.007648228356526996,affine_dtft,44.181294819404705,7,identified,1,102.42562843882479,65.77915747132468,103.97144730968249,0.06043183460229139,66.03751102542165,2,4.828786078247251,True,9.802418051625494,11.17632122614553,8.59459270911035
2,1350.0,432819.46643982275,4007660.1528258906,-75.7473871713232,36.211445744314325,ok,113.01358771573773,IW3,0,14473.016881276208,1052.639742975484,153,37,3.3437124651707157,13.89964710523023,0.0,0.00764824808104093,affine_dtft,44.18388855705194,7,identified,1,111.5105089585343,88.25169773538781,118.6374546152431,0.05296122820197706,79.99202019855836,4,4.620897981104539,True,10.443661430953611,11.888462270276788,9.176412421881134
2,1400.0,432866.259338693,4007677.7716968902,-75.7468681470151,36.21160782567977,ok,117.05494625752172,IW3,0,14487.668152178856,1053.3657326040402,153,37,3.343705500420868,13.899645607419211,0.0,0.007648267461313648,affine_dtft,44.186482302795746,7,identified,1,118.39688529127564,71.55784538247046,118.6374546152431,0.05296122820197706,79.99202019855836,4,4.96595057581216,True,11.303603501410382,12.84526728168526,9.955925848945686
2,1450.0,432913.0522375633,4007695.3905678904,-75.74634912053195,36.21176990481469,ok,124.78346073958036,IW3,0,14502.319468489257,1054.0917023677039,153,37,3.343698534540245,13.8996441121419,0.0,0.007648285702100442,affine_dtft,44.18907605663593,7,identified,1,126.06564727875967,71.8782389365457,119.85013472883753,0.05242535038776029,69.44395478041629,2,5.763666002416482,True,13.084975126601877,14.835130853210936,11.567071489845654
2,1500.0,432959.8451364336,4007713.0094388905,-75.74583009187377,36.211931981719076,ok,127.94752726620288,IW3,0,14516.970830206097,1054.8176522666743,153,37,3.343691565983746,13.899642618359337,0.0,0.007648286630095519,affine_dtft,44.19166981857227,7,identified,1,132.2748040106516,72.82312683812548,124.17824001860234,0.05059811852896565,75.96375653207325,1,5.603443759260642,True,13.870159884858264,15.71613600877204,12.275311789903355
2,1550.0,433006.63803530385,4007730.6283098906,-75.74531106104058,36.21209405639286,ok,130.27504542894283,IW3,0,14531.622237329022,1055.5435823001865,153,37,3.3436845998188147,13.899641123707392,0.0,0.007648306221184,affine_dtft,44.1942635886047,7,identified,1,133.78585204340135,72.6515451788804,142.61401971997583,0.04405727655329181,68.19859051364797,3,4.948926430837045,True,14.46999237838408,16.39099546828129,12.815450247456583
2,1600.0,433053.43093417416,4007748.2471808903,-75.74479202803245,36.21225612883601,ok,133.75001566231128,IW3,0,14546.27368985606,1056.2694924682285,153,37,3.343677635010574,13.899639630099626,0.0,0.007648326253838567,affine_dtft,44.19685736673287,7,identified,1,132.91555654922234,71.74893434175908,134.45778724835563,0.04672979851716567,66.80140948635159,2,3.7828472946592537,True,15.402484567973131,17.4435266051092,13.653427927982852
2,1650.0,433100.22383304447,4007765.8660518904,-75.74427299284939,36.212418199048486,ok,,IW3,0,14560.925187786173,1056.9953827703573,153,37,3.343670666741293,13.899638136340165,0.0,0.007648325591422805,affine_dtft,44.199451152956605,7,identified,1,128.21162590331767,69.63930587029994,119.85013472883753,0.05242535038776029,69.44395478041629,2,2.891100281253939,False,,,
2,1700.0,433147.0167319147,4007783.4849228906,-75.74375395549141,36.212580267030255,ok,,IW3,0,14575.576731119463,1057.7212532064586,153,37,3.3436637027564435,13.899636644921273,0.0,0.0076483462206100245,affine_dtft,44.20204494727591,7,identified,1,121.48952441874961,67.55104146802611,119.85013472883753,0.05242535038776029,69.44395478041629,2,2.5809009299419574,False,,,
2,1750.0,433193.809630785,4007801.1037938907,-75.74323491595858,36.21274233278126,ok,,IW3,0,14590.22831985344,1058.4471037761255,153,37,3.3436567353105717,13.899635154463546,0.0,0.007648365035277566,affine_dtft,44.20463874969034,7,identified,1,121.59857954714396,67.02769480101598,114.4866804479891,0.05488136508625573,63.434948822921854,1,2.6175296289239034,False,,,
2,1800.0,433240.60252965527,4007818.722664891,-75.7427158742509,36.212904396301475,ok,,IW3,0,14604.879953988331,1059.1729344790597,153,37,3.3436497724256626,13.899633664047386,0.0,0.007648384308374722,affine_dtft,44.20723256019997,7,identified,1,129.97607940157258,67.08540929809197,127.12026448932349,0.04942709435368816,65.55604521958325,3,2.5483700242189142,False,,,
2,1850.0,433287.3954285256,4007836.3415358905,-75.74219683036841,36.213066457590855,ok,,IW3,0,14619.531633522483,1059.898745314981,153,37,3.3436428090191472,13.899632175043024,0.0,0.007648385170749782,affine_dtft,44.20982637880448,7,identified,3,122.31937909309643,72.38451907694859,127.12026448932349,0.04942709435368816,65.55604521958325,3,2.694822070457237,False,,,
2,1900.0,433334.1883273959,4007853.9604068906,-75.74167778431116,36.21322851664936,ok,,IW3,0,14634.183358454464,1060.6245362837078,153,37,3.3436358430983533,13.899630684691644,0.0,0.007648403816963463,affine_dtft,44.21242020550362,6,ambiguous_multiple_blobs,3,35.94475984183914,86.01043438619946,127.12026448932349,0.04942709435368816,65.55604521958325,3,3.356096296228957,False,,,
2,1950.0,433380.9812262661,4007871.5792778907,-75.74115873607916,36.21339057347694,ok,,IW3,0,14648.835128784183,1061.3503073848415,153,37,3.343628880078604,13.899629197434843,0.0,0.007648424564658232,affine_dtft,44.21501404029736,6,ambiguous_multiple_blobs,2,126.3715720324756,58.05300642469422,127.01156821934926,0.04946939397148858,60.255118703057654,2,3.6097368521802515,False,,,
2,2000.0,433427.77412513644,4007889.198148891,-75.74063968567245,36.21355262807357,ok,130.46905099209516,IW3,0,14663.486944509308,1062.0760586181425,153,37,3.3436219150081987,13.899627709732243,0.0,0.007648443922819135,affine_dtft,44.21760788318532,6,identified,1,125.83712295335698,59.23043756487056,127.01156821934926,0.04946939397148858,60.255118703057654,2,4.118981784929054,True,14.520869269377656,16.448312559891892,12.861225487068575
2,2050.0,433474.56702400674,4007906.8170198905,-75.74012063309107,36.21371468043922,ok,130.46905099209516,IW3,0,14678.138805629182,1062.80178998345,153,37,3.343614951282879,13.899626221988838,0.0,0.007648443800836368,affine_dtft,44.220201734167375,6,identified,2,131.62526484751828,62.48935275401681,127.01156821934926,0.04946939397148858,60.255118703057654,2,4.153552903316438,True,14.520869269377656,16.448312559891892,12.861225487068575
2,2100.0,433521.359922877,4007924.4358908907,-75.73960157833503,36.21387673057381,ok,113.85178824407136,IW3,0,14692.79071214404,1063.5275014802553,153,37,3.343607988783942,13.899624734562817,0.0,0.0076484632396936845,affine_dtft,44.222795593243546,6,identified,3,124.77699102302007,61.31339251275431,137.38401653758697,0.0457344709052131,63.43494882292177,3,3.7992280271098497,True,10.618185176445907,12.082469934469872,9.334688127043682
2,2150.0,433568.1528217473,4007942.054761891,-75.73908252140437,36.214038778477345,ok,,IW3,0,14707.442664050877,1064.2531931085398,153,37,3.3436010245561505,13.899623251758085,0.0,0.007648483870929145,affine_dtft,44.225389460413325,6,ambiguous_multiple_blobs,2,62.29456939636336,88.55799629141272,114.4866804479891,0.05488136508625573,63.434948822921854,1,2.821734965806472,False,,,
2,2200.0,433614.94572061754,4007959.673632891,-75.73856346229913,36.214200824149756,ok,74.04721165562789,IW3,0,14722.094661350402,1064.9788648677177,153,37,3.343594061612234,13.899621766245428,0.0,0.007648482216336548,affine_dtft,44.22798333567683,6,identified,1,63.10669478496227,88.88523081793345,63.99999999999993,0.09817477042468115,89.99999999999982,1,5.452618380736611,True,4.209726324171372,4.98395693870958,3.5245127251523902
2,2250.0,433661.73861948785,4007977.2925038906,-75.73804440101934,36.214362867591,ok,47.49745876065983,IW3,0,14736.746704040143,1065.7045167576496,153,37,3.343587098905772,13.899620283239173,0.0,0.007648502477001987,affine_dtft,44.23057721903362,6,identified,1,63.97447481080056,89.54456335969273,63.99999999999993,0.09817477042468115,89.99999999999982,1,5.183305089689307,True,1.6896041639076962,2.15579137086553,1.2881598226938482
2,2300.0,433708.53151835816,4007994.9113748907,-75.737525337565,36.214524908801074,ok,44.178540605030456,IW3,0,14751.398792120192,1066.4301487782802,153,37,3.343580136348647,13.899618801010137,0.0,0.007648521249673348,affine_dtft,44.23317111048372,6,identified,4,65.09861041943853,90.06756639347817,30.804830084924735,0.20396753657974082,83.08877288097524,2,5.663038377188689,True,1.4584270580074103,1.890549527774777,1.0890729548013987
2,2350.0,433755.3244172284,4008012.530245891,-75.7370062719362,36.214686947779896,ok,39.22317575628809,IW3,0,14766.05092558844,1067.1557609289484,153,37,3.3435731742895882,13.899617317912433,0.0,0.1765442673816083,affine_dtft,44.23576501002675,6,identified,2,30.574463777306168,83.76954595814358,31.18500495771475,0.20148097830028439,84.17365797044413,3,6.89223004430518,True,1.1461000477827592,1.5286903425556486,0.8236720571230389
2,2400.0,433802.1173160987,4008030.149116891,-75.73648720413293,36.21484898452743,ok,30.964234341717482,IW3,0,14780.703104444368,1067.8813532094382,153,37,3.343566212031125,13.899615836502349,0.0,0.38803998029628717,affine_dtft,44.23835891766263,6,identified,3,30.24448383502966,83.20039752722555,30.902867982512962,0.20332045914751534,84.8055710922651,2,6.0001062151781674,True,0.7112412236860833,1.0142990457834675,0.4648318267598534
2,2450.0,433848.910214969,4008047.7679878906,-75.73596813415523,36.21501101904366,ok,,IW3,0,14795.355328687154,1068.6069256196702,153,37,3.3435592503588767,13.899614355952858,0.0,0.5083417068900373,affine_dtft,44.24095283339119,6,identified,1,120.93124334557564,70.03764790119114,119.85013472883753,0.05242535038776029,69.44395478041629,2,2.625301205713069,False,,,
2,2500.0,433895.70311383926,4008065.3868588908,-75.73544906200314,36.21517305132852,ok,,IW3,0,14810.007598315324,1069.332478159186,153,37,3.3435522911931197,13.899612877182546,0.0,0.5391795194863814,affine_dtft,44.243546757212194,5,identified,2,125.81686820519765,67.07335325479876,127.12026448932349,0.04942709435368816,65.55604521958325,3,2.71708470588253,False,,,
2,2550.0,433942.49601270957,4008083.005729891,-75.73492998767668,36.215335081382,ok,130.50528308208655,IW3,0,14824.65991332798,1070.0580108278486,153,37,3.3435453283209298,13.899611395355635,0.0,0.5059582494733312,affine_dtft,44.24614068912548,5,identified,2,136.15056180629094,64.57015260235211,137.38401653758697,0.0457344709052131,63.43494882292177,3,3.401411355001555,True,14.530386149422021,16.459035483352505,12.86978738274144
2,2600.0,433989.2889115798,4008100.624600891,-75.73441091117589,36.21549710920404,ok,127.8414959937743,IW3,0,14839.366726730601,1070.7834905303055,154,37,3.318823652236319,13.8996099199709,0.0,0.5043610472725752,affine_dtft,44.2487283107601,5,identified,1,135.22569624724215,64.05472692951035,127.01156821934926,0.04946939397148858,60.255118703057654,2,3.9232327661239825,True,13.843290949569191,15.685944332298211,12.251097711528155
2,2650.0,434036.0818104501,4008118.243471891,-75.73389183250079,36.2156591347946,ok,127.8414959937743,IW3,0,14854.128245977328,1071.5089171402365,154,37,3.3188167451611688,13.899608442420494,0.0,0.5488323022872574,affine_dtft,44.25130959804411,5,identified,2,130.07799869334235,65.60007222788492,127.12026448932349,0.04942709435368816,65.55604521958325,3,4.055949439209501,True,13.843290949569191,15.685944332298211,12.251097711528155
2,2700.0,434082.87470932043,4008135.862342891,-75.73337275165142,36.215821158153645,ok,103.937949669912,IW3,0,14868.889810943374,1072.2343238781439,154,37,3.3188098337655725,13.899606964820416,0.0,0.528736150067732,affine_dtft,44.25389089338063,5,identified,2,122.12329823453356,67.60979750842853,119.85013472883753,0.05242535038776029,69.44395478041629,2,3.949888302566669,True,8.675327578520077,9.92687402516671,7.571184551863648
2,2750.0,434129.6676081907,4008153.481213891,-75.73285366862781,36.21598317928112,ok,,IW3,0,14883.651421627563,1072.9597107436705,154,37,3.318802927512694,13.89960549012167,0.0,0.4238969705691383,affine_dtft,44.25647219676946,5,ambiguous_multiple_blobs,3,114.07070112394794,68.23706061273316,114.4866804479891,0.05488136508625573,63.434948822921854,1,3.312385762372481,False,,,
2,2800.0,434176.460507061,4008171.100084891,-75.73233458343,36.21614519817701,ok,67.4665217950512,IW3,0,14898.413078028394,1073.6850777368338,154,37,3.3187960164141534,13.899604013240065,0.0,0.23178840601136028,affine_dtft,44.25905350821033,5,identified,5,110.08445772063003,67.40885708856186,41.76983124213777,0.15042400508530315,78.23171106797928,6,5.871302340821624,True,3.4691706859314295,4.159885362157954,2.8597861908179034
2,2850.0,434223.2534059313,4008188.718955891,-75.731815496058,36.21630721484125,ok,52.059960723913626,IW3,0,14913.174780146177,1074.4104248570059,154,37,3.3187891092203223,13.899602538615834,0.0,0.007740236640397129,affine_dtft,44.26163482770332,5,identified,5,73.21659049222094,84.5356906190854,35.43273807092902,0.17732711749800278,85.23635830927373,5,5.730938046035787,True,2.036709790685049,2.551036286002038,1.5901654669646397
2,2900.0,434270.04630480154,4008206.337826891,-75.73129640651187,36.21646922927382,ok,52.059960723913626,IW3,0,14927.9365279787,1075.135752104141,154,37,3.3187822023935594,13.899601064309099,0.0,0.007740255958629712,affine_dtft,44.264216155248015,5,identified,4,70.39593082602825,84.25438556674928,72.81338313830042,0.08629162712087445,84.55966796899428,3,4.055363681066765,True,2.036709790685049,2.551036286002038,1.5901654669646397
2,2950.0,434316.83920367184,4008223.956697891,-75.73077731479162,36.21663124147467,ok,55.490003884505576,IW3,0,14942.698321525113,1075.8610594778577,154,37,3.31877529469585,13.899599592132741,0.0,0.007740254910873195,affine_dtft,44.26679749084429,5,identified,6,66.14135289752109,81.24422742205073,58.22389044428729,0.10791421286407818,84.2894068625002,8,4.560660598541498,True,2.3203873281801393,2.8720095839541524,1.8390993864106917
2,3000.0,434363.6321025421,4008241.575568891,-75.7302582208973,36.21679325144376,ok,,IW3,0,14957.460160784078,1076.5863469779233,154,37,3.3187683860697073,13.899598119464173,0.0,0.007740276285049679,affine_dtft,44.26937883449189,5,identified,4,33.07903905086164,66.3056288618339,134.45778724835563,0.04672979851716567,66.80140948635159,2,2.6212193857717003,False,,,
3,250.0,431871.40733224276,4007056.5060256175,-75.75788108200665,36.20593763571205,touches_land_or_unmapped,,,,,,,,,,,,,,,,,,,,,,,,,,,
3,300.0,431918.1934941202,4007074.1427786285,-75.75736219281941,36.20609992278325,touches_land_or_unmapped,,,,,,,,,,,,,,,,,,,,,,,,,,,
3,350.0,431964.97965599765,4007091.77953164,-75.75684330145496,36.20626220762562,touches_land_or_unmapped,,,,,,,,,,,,,,,,,,,,,,,,,,,
3,400.0,432011.7658178751,4007109.416284651,-75.75632440791328,36.206424490239094,ok,88.84064795238413,IW3,0,14208.475146828852,1022.5803560808132,153,37,3.3439247614445873,13.899678810570522,0.0,0.007647643493288926,affine_dtft,44.13710043681826,8,identified,1,83.46661603724455,70.54959371051906,80.95430810031041,0.07761397082653212,71.56505117707783,3,7.663783457784335,True,6.180248468887862,7.166687931186443,5.305838802180607
3,450.0,432058.55197975255,4007127.053037662,-75.75580551219444,36.206586770623666,ok,91.15083886594954,IW3,0,14223.12410227155,1023.3080487617923,153,37,3.3439177866873497,13.899677301869701,0.0,0.0076476615714977155,affine_dtft,44.13969376790412,8,identified,1,89.90065083472848,71.00401141181733,87.48622415019622,0.07181913916404283,70.01689347809987,2,6.401234330857158,True,6.528669430154974,7.551999610593034,5.6218614019436925
3,500.0,432105.33814163,4007144.6897906736,-75.75528661429844,36.20674904877926,ok,91.93587372208972,IW3,0,14237.773103186153,1024.0357215878457,153,37,3.3439108102176394,13.899675793467335,0.0,0.007647681441472337,affine_dtft,44.14228710709771,8,identified,1,94.20165170201973,70.96026692193355,98.08141160664577,0.06406091841722486,73.30075576600615,2,6.023580204139711,True,6.649704560792842,7.6858400685015225,5.731683729670606
3,550.0,432152.1243035074,4007162.3265436846,-75.75476771422535,36.20691132470586,ok,94.76021473135772,IW3,0,14252.422149570177,1024.7633745591124,153,37,3.3439038333866136,13.89967428548306,0.0,0.007647680244016549,affine_dtft,44.14488045439856,8,identified,1,99.13312833163744,69.93296146077694,98.08141160664577,0.06406091841722486,73.30075576600615,2,4.884624499615495,True,7.09642974941229,8.179828340650833,6.137170233734619
3,600.0,432198.91046538483,4007179.9632966956,-75.75424881197516,36.20707359840339,ok,100.01852545687402,IW3,0,14267.071241424686,1025.4910076748658,153,37,3.343896855264162,13.89967277697885,0.0,0.007647700793673934,affine_dtft,44.147473809806904,8,identified,1,100.752844290279,69.25420149346478,95.07601314665045,0.06608591482993778,68.19859051364803,1,5.530438039468201,True,7.976555592207693,9.153354156324673,6.936470023048099
3,650.0,432245.6966272623,4007197.600049707,-75.75372990754792,36.20723586987188,ok,100.50280391943109,IW3,0,14281.720378747576,1026.2186209353051,153,37,3.3438898800998342,13.899671271173384,0.0,0.0076477216247815855,affine_dtft,44.150067173322334,8,identified,1,97.72161899805455,67.97586690921045,95.07601314665045,0.06608591482993778,68.19859051364803,1,6.064830038184925,True,8.0608767021384,9.246660575956794,7.013061660155476
3,700.0,432292.4827891397,4007215.236802718,-75.75321100094366,36.207398139111206,ok,101.30993469035953,IW3,0,14296.369561537176,1026.9462143396859,153,37,3.3438829028425996,13.899669765050358,0.0,0.007647720369395894,affine_dtft,44.15266054494458,8,identified,2,93.3421963957937,67.85687316570706,113.77777777777767,0.05522330836388313,89.99999999999966,2,3.94883074909056,True,8.202664047526936,9.40357634023578,7.141853148560755
3,750.0,432339.2689510172,4007232.873555729,-75.75269209216242,36.20756040612139,ok,,IW3,0,14311.018789793718,1027.6737878880172,153,37,3.3438759267390994,13.899668259235092,0.0,0.007647741161650575,affine_dtft,44.15525392467367,8,ambiguous_multiple_blobs,2,101.97105049400783,92.51263414518787,102.39999999999988,0.061359231515425716,89.99999999999969,1,4.370559287539692,False,,,
3,800.0,432386.0551128946,4007250.5103087407,-75.75217318120421,36.20772267090238,ok,,IW3,0,14325.668063515377,1028.4013415800605,153,37,3.343868950872883,13.899666754095488,0.0,0.007647760551530725,affine_dtft,44.15784731250929,8,ambiguous_multiple_blobs,2,100.09458572563945,90.07388482503701,102.39999999999988,0.061359231515425716,89.99999999999969,1,4.727980051710534,False,,,
3,850.0,432432.8412747721,4007268.1470617517,-75.75165426806909,36.20788493345411,ok,113.27848959380958,IW3,0,14340.317382701362,1029.1288754152902,153,37,3.343861975446924,13.899665251562714,0.0,0.0076477808248890285,affine_dtft,44.1604407084513,8,identified,1,103.3447387249309,87.13356817840526,102.39999999999988,0.061359231515425716,89.99999999999969,1,5.283873977830025,True,10.498604169301444,11.949529743133297,9.226243801231607
3,900.0,432479.62743664946,4007285.783814763,-75.75113535275707,36.20804719377656,ok,116.00342720000776,IW3,0,14354.966747349832,1029.8563893935504,153,37,3.343854999936831,13.899663748252518,0.0,0.007647778965856293,affine_dtft,44.16303411249936,8,identified,1,112.89885204344009,85.00211744581512,109.43546878142905,0.057414523619656925,85.91438322002486,3,5.10432446180634,True,11.075322776190465,12.591057434108397,9.749090046885842
3,950.0,432526.4135985269,4007303.420567774,-75.75061643526819,36.208209451869685,ok,117.63838976372668,IW3,0,14369.616157460789,1030.5838835145923,153,37,3.343848026250334,13.899662245985962,0.0,0.007647798358850934,affine_dtft,44.16562752465348,8,identified,1,119.92604712487406,85.83426776344216,127.99999999999986,0.04908738521234057,89.99999999999962,1,4.938515561236479,True,11.431672001654176,12.987954568047488,10.07193089752019
3,1000.0,432573.19976040436,4007321.0573207852,-75.75009751560248,36.20837170773344,ok,121.12841670949425,IW3,0,14384.26561303281,1031.3113577780314,153,37,3.343841050179964,13.899660745590609,0.0,0.007647818616079091,affine_dtft,44.16822094491341,8,identified,1,126.90452223444841,84.53974495968795,124.17824001860234,0.05059811852896565,75.96375653207325,3,4.814638599524168,True,12.219213987437604,13.866603185098192,10.784728706593611
3,1050.0,432619.9859222818,4007338.6940737967,-75.74957859375996,36.2085339613678,ok,123.21134989897591,IW3,0,14398.915114064388,1032.0388121836404,153,37,3.343834076937605,13.899659244611039,0.0,0.007647838713976172,affine_dtft,44.17081437327889,8,identified,1,122.86340047848455,66.49356268564902,124.17824001860234,0.05059811852896565,75.96375653207325,3,4.192393200776734,True,12.707307423851736,14.412278417781193,11.225966161718045
3,1100.0,432666.77208415925,4007356.3308268078,-75.74905966974067,36.208696212772715,ok,118.4175592755984,IW3,0,14413.56466055557,1032.7662467312268,153,37,3.3438271014568497,13.899657743185244,0.0,0.007647838514558172,affine_dtft,44.17340780974992,8,identified,1,118.15734116155184,65.75286505001647,119.85013472883753,0.05242535038776029,69.44395478041629,2,4.135142116789931,True,11.604285246291875,13.180355743926235,10.228246156342351
3,1150.0,432713.5582460367,4007373.967579819,-75.74854074354465,36.208858461948125,ok,113.47384573295471,IW3,0,14428.214252504396,1033.4936614201933,153,37,3.3438201272752646,13.89965624364908,0.0,0.007647858300878302,affine_dtft,44.17600125432615,8,identified,1,111.3210623576352,65.43199273007036,119.85013472883753,0.05242535038776029,69.44395478041629,2,4.089891382704024,True,10.539248537382472,11.994710290405953,9.263104786708663
3,1200.0,432760.34440791415,4007391.6043328303,-75.74802181517194,36.209020708894045,ok,114.2381977292342,IW3,0,14442.86388990971,1034.2210562508212,153,37,3.3438131538402764,13.89965474626917,0.0,0.007647878540292016,affine_dtft,44.178594707007385,8,identified,1,104.38690325500566,63.951184461506884,104.03104688311235,0.06039721309581047,61.69924423399351,3,4.217444537679488,True,10.699307338892655,12.172677716000763,9.408245694127354
3,1250.0,432807.13056979154,4007409.2410858413,-75.74750288462253,36.20918295361037,ok,113.02372633902226,IW3,0,14457.513572771102,1034.9484312222535,153,37,3.343806181034412,13.899653247716653,0.0,0.007647877485850823,affine_dtft,44.18118816779355,8,identified,2,120.4874247437182,86.01591973035197,99.45967230538379,0.06317319534180162,60.94539590092275,4,4.0680424977135266,True,10.445760650069971,11.89079534764637,9.178316411692498
3,1300.0,432853.916731669,4007426.8778388523,-75.7469839518965,36.209345196097104,ok,113.8893473969752,IW3,0,14472.163301086714,1035.6757863345108,153,37,3.343799204781774,13.899651752617238,0.0,0.007647897004379815,affine_dtft,44.183781636684316,8,identified,1,119.2392091746286,86.78793669983186,127.99999999999986,0.04908738521234057,89.99999999999962,1,4.668619938905695,True,10.626051743260895,12.091216732601643,9.34182148620719
3,1350.0,432900.70289354643,4007444.514591864,-75.74646501699384,36.20950743635419,ok,117.91878602407319,IW3,0,14486.813074856655,1036.4031215871914,153,37,3.3437922338914654,13.899650255627616,0.0,0.007647916553515392,affine_dtft,44.1863751136797,8,identified,1,117.44213155604447,86.0948268366623,113.77777777777767,0.05522330836388313,89.99999999999966,2,4.956697472343515,True,11.493580308750053,13.056948621394147,10.127999053685123
3,1400.0,432947.4890554239,4007462.151344875,-75.7459460799146,36.20966967438159,ok,126.54965550699163,IW3,0,14501.462894078877,1037.1304369801405,153,37,3.343785261168764,13.899648760132518,0.0,0.007647937346154491,affine_dtft,44.18896859877936,8,identified,1,118.27101746183179,84.56631585289627,124.17824001860234,0.05059811852896565,75.96375653207325,3,4.180652836283109,True,13.519060921151647,15.321866958281367,11.958779901196543
3,1450.0,432994.2752173013,4007479.7880978864,-75.74542714065883,36.20983191017925,ok,127.84121295666276,IW3,0,14516.112758752277,1037.8577325128779,153,37,3.3437782895421995,13.899647264218906,0.0,0.0076479370591037215,affine_dtft,44.19156209198307,8,identified,1,131.24487490668028,78.83782905478567,124.17824001860234,0.05059811852896565,75.96375653207325,3,4.420514359276103,True,13.843219278864346,15.68586380271507,12.251033120304065
3,1500.0,433041.0613791788,4007497.4248508974,-75.74490819922653,36.20999414374715,ok,131.97721485077835,IW3,0,14530.762668876716,1038.5850081853062,153,37,3.343771315998813,13.899645772125995,0.0,0.00764795719979588,affine_dtft,44.19415559329083,8,identified,1,134.692909470984,74.65666719342536,142.61401971997583,0.04405727655329181,68.19859051364797,3,4.543770631377999,True,14.921099779787474,16.899638233374194,13.221105065327855
3,1550.0,433087.8475410562,4007515.0616039084,-75.74438925561773,36.21015637508525,ok,132.5656197449226,IW3,0,14545.412624450622,1039.312263997076,153,37,3.343764344087888,13.899644277840057,0.0,0.007647976147702716,affine_dtft,44.19674910270235,8,identified,1,140.32471826735912,63.16422100916973,134.45778724835563,0.04672979851716567,66.80140948635159,2,4.102153630208603,True,15.07954902723837,17.07853209178858,13.363470408013018
3,1600.0,433134.6337029336,4007532.69835692,-75.74387030983249,36.2103186041935,ok,130.62730783079994,IW3,0,14560.062625472892,1040.03949994793,153,37,3.343757371337264,13.899642786749386,0.0,0.0076479970246674175,affine_dtft,44.199342620217436,8,identified,1,136.97742927894913,63.35300974878111,134.45778724835563,0.04672979851716567,66.80140948635159,2,3.751812058633824,True,14.562472998556965,16.495191760386767,12.898652837665702
3,1650.0,433181.41986481106,4007550.335109931,-75.74335136187084,36.21048083107186,ok,125.00183997640258,IW3,0,14574.712671942229,1040.766716037505,153,37,3.3437504010356602,13.899641293667566,0.0,0.007647994624046274,affine_dtft,44.20193614583586,8,identified,1,131.94392239804225,66.11369629981508,127.12026448932349,0.04942709435368816,65.55604521958325,3,3.091622048734998,True,13.138080370504124,14.894635456655081,11.615013052642315
3,1700.0,433228.2060266885,4007567.971862942,-75.74283241173278,36.2106430557203,ok,122.63785315841433,IW3,0,14589.362763858095,1041.49391226554,153,37,3.343743430519471,13.899639802071253,0.0,0.007648015554050844,affine_dtft,44.20452967955753,8,identified,1,123.61293872194621,65.34875867537937,114.4866804479891,0.05488136508625573,63.434948822921854,1,3.207351528596038,True,12.571538253994953,14.260401939232194,11.103274256450318
3,1750.0,433274.99218856596,4007585.6086159535,-75.74231345941836,36.21080527813877,ok,118.6978751284339,IW3,0,14604.012901219034,1042.2210886319122,153,37,3.3437364594394143,13.899638312824543,0.0,0.007648035619594046,affine_dtft,44.20712322138219,8,identified,1,122.32731027836292,65.28564875689028,114.4866804479891,0.05488136508625573,63.434948822921854,1,3.1815270728145535,True,11.666831026575014,13.250095987675648,10.2848751706599
3,1800.0,433321.7783504434,4007603.2453689645,-75.74179450492761,36.21096749832723,ok,,IW3,0,14618.663084024423,1042.94824513613,153,37,3.3437294877074537,13.899636824529631,0.0,0.007648035793471158,affine_dtft,44.20971677130973,8,identified,1,130.1013812831704,66.403723493211,127.12026448932349,0.04942709435368816,65.55604521958325,3,2.978692637462312,False,,,
3,1850.0,433368.56451232085,4007620.8821219755,-75.74127554826057,36.21112971628565,ok,,IW3,0,14633.313312272248,1043.6753817780393,153,37,3.343722517347447,13.899635334988373,0.0,0.0076480546849301756,affine_dtft,44.21231032933979,8,identified,2,123.0044586655035,73.26401291481861,134.45778724835563,0.04672979851716567,66.80140948635159,2,2.4424607014051127,False,,,
3,1900.0,433415.3506741983,4007638.518874987,-75.74075658941726,36.211291932013964,ok,,IW3,0,14647.963585962929,1044.4024985571502,153,37,3.3437155465697326,13.899633845506925,0.0,0.007648074436954233,affine_dtft,44.214903895472446,7,identified,2,122.92681498635697,72.11423746285134,134.45778724835563,0.04672979851716567,66.80140948635159,2,2.7825838793513897,False,,,
3,1950.0,433462.1368360757,4007656.155627998,-75.74023762839771,36.211454145512164,ok,,IW3,0,14662.61390509449,1045.1295954734533,153,37,3.3437085757952545,13.89963236089544,0.0,0.007648094908333878,affine_dtft,44.217497469707354,7,identified,3,130.5489971140322,58.23838581619504,127.12026448932349,0.04942709435368816,65.55604521958325,3,3.4288417872973596,True,,,
3,2000.0,433508.92299795314,4007673.7923810096,-75.73971866520196,36.21161635678019,ok,106.0386313338506,IW3,0,14677.264269665868,1045.856672526574,153,37,3.3437016080525717,13.899630872774596,0.0,0.007648093334505672,affine_dtft,44.220091052044324,7,identified,2,130.03590114795955,58.17908433983452,127.12026448932349,0.04942709435368816,65.55604521958325,3,3.615228895558057,True,9.065514005589113,10.359133687932934,7.925556073651451
3,2050.0,433555.7091598306,4007691.4291340206,-75.73919969983005,36.211778565817994,ok,,IW3,0,14691.914679675645,1046.5837297160526,153,37,3.343694636484391,13.899629388530942,0.0,0.00764811318948241,affine_dtft,44.22268464248309,7,ambiguous_multiple_blobs,2,62.236867931038304,87.10427112390576,127.01156821934926,0.04946939397148858,60.255118703057654,2,3.921108292323525,False,,,
3,2100.0,433602.49532170803,4007709.0658870316,-75.73868073228199,36.21194077262557,ok,79.06547535974994,IW3,0,14706.56513512372,1047.310767041844,153,37,3.3436876681816616,13.899627904245476,0.0,0.0076481331709983055,affine_dtft,44.225278241023666,7,identified,2,61.382748622346575,87.07081783511379,63.875365022904795,0.09836633113449177,86.42366562500249,2,5.203573791154593,True,4.829334626510668,5.67137086809162,4.083134496177364
3,2150.0,433649.2814835855,4007726.702640043,-75.73816176255782,36.212102977202846,ok,63.04721231655875,IW3,0,14721.215636008412,1048.0377845036562,153,37,3.343680699096801,13.899626418530495,0.0,0.007648153178039825,affine_dtft,44.227871847665725,7,identified,1,61.14548973016609,87.11072745919259,61.39090690386666,0.10234716546896043,87.70938995736131,3,5.892922697202632,True,3.016039785304651,3.6536689165228178,2.4552734012765267
3,2200.0,433696.0676454629,4007744.339393054,-75.73764279065759,36.212265179549796,ok,63.04721231655875,IW3,0,14735.86618232895,1048.764782101015,153,37,3.3436737301459303,13.899624935688996,0.0,0.007648152759309168,affine_dtft,44.23046546240915,7,identified,1,62.00506733597908,87.72850315009443,63.875365022904795,0.09836633113449177,86.42366562500249,2,5.496557447321273,True,3.016039785304651,3.6536689165228178,2.4552734012765267
3,2250.0,433742.8538073404,4007761.976146065,-75.73712381658129,36.21242737966637,ok,,IW3,0,14750.51677408449,1049.4917598337747,153,37,3.3436667627126138,13.899623453532918,0.0,0.007648173790897187,affine_dtft,44.23305908525379,7,ambiguous_multiple_blobs,2,63.39103019626374,88.48512578626175,127.99999999999986,0.04908738521234057,89.99999999999962,1,2.1633613982698936,False,,,
3,2300.0,433789.63996921777,4007779.6128990767,-75.73660484032898,36.21258957755255,ok,,IW3,0,14765.16741127333,1050.2187177017167,153,37,3.343659792415961,13.899621971418366,0.0,0.1573150491993354,affine_dtft,44.23565271619933,7,ambiguous_multiple_blobs,2,129.50403067528683,86.65933598208782,127.99999999999986,0.04908738521234057,89.99999999999962,1,2.1553677564662137,False,,,
3,2350.0,433836.4261310952,4007797.2496520877,-75.73608586190069,36.21275177320827,ok,,IW3,0,14779.818093895083,1050.9456557043445,153,37,3.3436528262279652,13.899620491819281,0.0,0.37682957299779657,affine_dtft,44.23824635524573,7,identified,4,141.7172207015318,77.91361463374713,144.8154687870047,0.04338752869295286,81.8698976458437,4,1.8068242413421838,False,,,
3,2400.0,433883.21229297266,4007814.886405099,-75.73556688129645,36.212913966633494,ok,,IW3,0,14794.468821947734,1051.6725738415016,153,37,3.3436458574525854,13.899619009888568,0.0,0.5037511569583314,affine_dtft,44.240840002392595,7,identified,1,131.3819742684683,72.05110154787532,124.17824001860234,0.05059811852896565,75.96375653207325,1,2.5988295732088127,False,,,
3,2450.0,433929.9984548501,4007832.52315811,-75.73504789851629,36.21307615782818,ok,119.85013472883753,IW3,0,14809.119595431468,1052.3994721128972,153,37,3.343638889888206,13.899617529158947,0.0,0.539808630591555,affine_dtft,44.24343365763999,7,identified,1,125.42353763888924,71.29406254595712,119.85013472883753,0.05242535038776029,69.44395478041629,2,3.5332131582201147,True,11.926436072788867,13.539704728025143,10.51985557620566
3,2500.0,433976.78461672756,4007850.1599111212,-75.73452891356023,36.213238346792316,ok,121.66766716895901,IW3,0,14823.770414344566,1053.1263505183122,153,37,3.343631922706919,13.899616052709833,0.0,0.5097550589342629,affine_dtft,44.246027320987594,6,identified,1,127.58361659015172,70.76989057698562,119.85013472883753,0.05242535038776029,69.44395478041629,2,4.010020991667336,True,12.344254341223715,14.006310115068086,10.897806388882378
3,2550.0,434023.570778605,4007867.7966641327,-75.73400992642831,36.21340053352583,ok,122.75818663303191,IW3,0,14838.469096634699,1053.8531799949806,154,37,3.31890960277542,13.899614574747975,0.0,0.49960321212420017,affine_dtft,44.248615443953184,6,identified,1,130.1946891040682,71.54265988006233,119.85013472883753,0.05242535038776029,69.44395478041629,2,4.063410658842053,True,12.599938132598233,14.292165262287023,11.128941507350474
3,2600.0,434070.35694048245,4007885.4334171438,-75.73349093712058,36.2135627180287,ok,106.62397655755456,IW3,0,14853.22910873099,1054.5799523581761,154,37,3.3189026873743126,13.899613097177623,0.0,0.5476628078983021,affine_dtft,44.25119646398004,6,identified,1,130.2189677505206,70.42305923700931,127.12026448932349,0.04942709435368816,65.55604521958325,3,3.732927168819746,True,9.176235915868997,10.48184592267519,8.026102654661956
3,2650.0,434117.14310235984,4007903.070170155,-75.73297194563705,36.21372490030087,ok,103.31743701473378,IW3,0,14867.98916659193,1055.3067048542166,154,37,3.3188957733443605,13.899611620209383,0.0,0.532498474314216,affine_dtft,44.253777492067314,6,identified,2,128.13008458763127,69.56474565230204,127.12026448932349,0.04942709435368816,65.55604521958325,3,3.5669792657211903,True,8.562190216583733,9.801586033921238,7.468422572144806
3,2700.0,434163.9292642373,4007920.7069231663,-75.73245295197775,36.21388708034231,ok,83.31214930480489,IW3,0,14882.749270216584,1056.0334374829572,154,37,3.3188888571479023,13.899610143632703,0.0,0.4339333814097644,affine_dtft,44.256358528214875,6,identified,2,127.55607335501811,68.84547368160264,39.17908435145063,0.16037090736519335,84.14398641457096,3,7.629801888293735,True,5.392255006497779,6.294859635568055,4.592005613005181
3,2750.0,434210.71542611474,4007938.3436761773,-75.73193395614273,36.21404925815298,ok,,IW3,0,14897.509419603639,1056.7601502440218,154,37,3.3188819427596505,13.899608670241955,0.0,0.23179392672141894,affine_dtft,44.25893957242247,6,identified,3,36.8024377183956,85.31903323541677,119.85013472883753,0.05242535038776029,69.44395478041629,2,2.5746359369968683,False,,,
3,2800.0,434257.5015879922,4007955.9804291883,-75.73141495813199,36.21421143373284,ok,,IW3,0,14912.269614751793,1057.4868431371262,154,37,3.318875028665598,13.89960719557859,0.0,0.007739883532778077,affine_dtft,44.26152062468988,6,identified,3,113.28461956985754,65.06178225862821,39.82898388912196,0.15775409497442996,76.5042667192041,2,5.813791963571351,True,,,
3,2850.0,434304.28774986963,4007973.6171822,-75.7308959579456,36.214373607081846,ok,,IW3,0,14927.029855660136,1058.2135161620026,154,37,3.3188681132059927,13.89960571986235,0.0,0.007739903325629716,affine_dtft,44.26410168501695,6,identified,4,73.49310313914614,83.68180090235893,125.8340229917246,0.049932324802114895,55.00797980144126,3,2.3584847106810067,False,,,
3,2900.0,434351.0739117471,4007991.253935211,-75.73037695558357,36.214535778199966,ok,,IW3,0,14941.790142328344,1058.9401693183852,154,37,3.318861200355566,13.899604248041168,0.0,0.007739902223193808,affine_dtft,44.26668275340362,6,ambiguous_multiple_blobs,5,142.67328313359235,55.554048955881804,78.53721485797067,0.08000264993534988,85.60129464500427,2,3.263151761115487,False,,,
3,2950.0,434397.8600736245,4008008.8906882224,-75.72985795104591,36.214697947087146,ok,,IW3,0,14956.55047475435,1059.6668026058846,154,37,3.3188542869984192,13.899602775157918,0.0,0.0077399222575696165,affine_dtft,44.269263829849535,6,identified,4,144.35193414048967,60.156625012612885,137.38401653758697,0.0457344709052131,63.43494882292177,3,2.5065644842061414,False,,,
3,3000.0,434444.6462355019,4008026.5274412334,-75.7293389443327,36.21486011374335,ok,,IW3,0,14971.310852937393,1060.393416024373,154,37,3.318847373935494,13.899601305534969,0.0,0.0077399432396956,affine_dtft,44.27184491435456,6,ambiguous_multiple_blobs,2,32.96412091133579,65.87180315736754,134.45778724835563,0.04672979851716567,66.80140948635159,2,2.51254183124477,False,,,
4,250.0,431952.9451019943,4006840.1028068657,-75.75695531942864,36.203992534114924,touches_land_or_unmapped,,,,,,,,,,,,,,,,,,,,,,,,,,,
4,300.0,431999.74401687656,4006857.7056920226,-75.75643629623376,36.20415451267803,touches_land_or_unmapped,,,,,,,,,,,,,,,,,,,,,,,,,,,
4,350.0,432046.54293175886,4006875.3085771794,-75.7559172708653,36.20431648901111,touches_land_or_unmapped,,,,,,,,,,,,,,,,,,,,,,,,,,,
4,400.0,432093.34184664115,4006892.9114623363,-75.7553982433233,36.204478463114164,ok,88.84064795238413,IW3,0,14222.335239908854,1006.278715559881,153,37,3.34400483428417,13.89968195211859,0.0,0.007647311503093655,affine_dtft,44.139598483776375,9,identified,1,82.41937208512886,70.76724429065304,80.95430810031041,0.07761397082653212,71.56505117707783,3,6.829920273764579,True,6.180248468887862,7.166687931186443,5.305838802180607
4,450.0,432140.14076152345,4006910.5143474927,-75.7548792136078,36.2046404349871,ok,91.15083886594954,IW3,0,14236.98605244308,1007.0038374730112,153,37,3.3439978712396425,13.899680444074523,0.0,0.007647332997331018,affine_dtft,44.14219215058095,9,identified,1,89.39224448625902,70.9779766482437,87.48622415019622,0.07181913916404283,70.01689347809987,2,5.8232266695557975,True,6.528669430154974,7.551999610593034,5.6218614019436925
4,500.0,432186.9396764057,4006928.1172326496,-75.75436018171882,36.20480240462992,ok,91.93587372208972,IW3,0,14251.636910345209,1007.7289395263697,153,37,3.34399090632037,13.899678937184483,0.0,0.007647331841064804,affine_dtft,44.14478582547484,9,identified,1,93.4562874770096,70.98086876966838,98.08141160664577,0.06406091841722486,73.30075576600615,2,5.185497350835784,True,6.649704560792842,7.6858400685015225,5.731683729670606
4,550.0,432233.738591288,4006945.7201178065,-75.7538411476564,36.20496437204257,ok,94.76021473135772,IW3,0,14266.287813613488,1008.4540217193124,153,37,3.3439839426580567,13.899677430970298,0.0,0.007647350935972976,affine_dtft,44.14737950845773,9,identified,1,98.85330387342309,69.92940416136557,98.08141160664577,0.06406091841722486,73.30075576600615,2,4.413416707117943,True,7.09642974941229,8.179828340650833,6.137170233734619
4,600.0,432280.5375061703,4006963.323002963,-75.75332211142057,36.205126337224996,ok,96.27817253064858,IW3,0,14280.93876224812,1009.179084051595,153,37,3.3439769789116838,13.89967592415368,0.0,0.007647372009132682,affine_dtft,44.14997319952967,9,identified,1,100.79634322129392,69.38859899782136,95.07601314665045,0.06608591482993778,68.19859051364803,1,4.8684399255841475,True,7.3439383127445135,8.453547635513477,6.361907639450812
4,650.0,432327.3364210526,4006980.9258881197,-75.75280307301136,36.20528830017718,ok,97.1418902093194,IW3,0,14295.58975624732,1009.904126523099,153,37,3.343970017176546,13.89967442086373,0.0,0.0076473698148192435,affine_dtft,44.15256689869032,9,identified,1,98.39185509907269,68.6495470028143,95.07601314665045,0.06608591482993778,68.19859051364803,1,5.99069285396201,True,7.4871251688755835,8.611913357220072,6.4919394271526585
4,700.0,432374.1353359348,4006998.5287732766,-75.75228403242882,36.20545026089908,ok,98.00560788799022,IW3,0,14310.240795609436,1010.6291491335126,153,37,3.343963052885125,13.89967291569317,0.0,0.007647390182968941,affine_dtft,44.15516060593941,9,identified,1,96.06855572126793,69.13445238172193,95.07601314665045,0.06608591482993778,68.19859051364803,1,4.926554845019625,True,7.632038973982232,8.772204164419904,6.623550187244974
4,750.0,432420.9342508171,4007016.131658433,-75.75176498967294,36.20561221939063,ok,99.47040525866011,IW3,0,14324.891880335097,1011.3541518823251,153,37,3.3439560914639284,13.899671413580291,0.0,0.007647408950067496,affine_dtft,44.15775432127705,9,identified,1,102.59369729069562,90.19821267545204,102.39999999999988,0.061359231515425716,89.99999999999969,1,4.537970100856912,True,7.881793787707321,9.048504068709661,6.850396098251051
4,800.0,432467.7331656994,4007033.73454359,-75.75124594474377,36.20577417565182,ok,103.21075818488555,IW3,0,14339.543010421807,1012.0791347694897,153,37,3.343949127586166,13.899669908575152,0.0,0.007647430053806528,affine_dtft,44.16034804470278,9,identified,1,101.17519484214709,88.47615782948017,102.39999999999988,0.061359231515425716,89.99999999999969,1,5.083116848185314,True,8.542835848936654,9.780155106552991,7.450842819902693
4,850.0,432514.5320805817,4007051.3374287467,-75.75072689764137,36.2059361296826,ok,109.59786919942533,IW3,0,14354.194185868646,1012.8040977947298,153,37,3.343942165516756,13.899668407648617,0.0,0.007647429657554143,affine_dtft,44.16294177621645,9,identified,1,104.64476461233666,86.92578727167188,102.39999999999988,0.061359231515425716,89.99999999999969,1,6.003200009714346,True,9.752530284611266,11.120960477892567,8.549311934790286
4,900.0,432561.33099546394,4007068.9403139036,-75.75020784836573,36.20609808148293,ok,114.52018284329522,IW3,0,14368.84540667533,1013.5290409576736,153,37,3.343935203830164,13.89966690777496,0.0,0.007647449329162679,affine_dtft,44.16553551581801,9,identified,1,112.66731646409892,85.72851706288527,113.77777777777767,0.05522330836388313,89.99999999999966,2,5.7423730290675605,True,10.758774266279683,12.238816859911713,9.462162285046855
4,950.0,432608.12991034624,4007086.54319906,-75.74968879691691,36.20626003105277,ok,118.8758308470157,IW3,0,14383.496672839516,1014.2539642581849,153,37,3.3439282420594494,13.899665406462242,0.0,0.007647469681056358,affine_dtft,44.16812926350704,9,identified,1,118.48751038934772,85.44724793051282,127.01156821934933,0.04946939397148855,82.8749836510979,2,5.203522969851272,True,11.706660803450548,13.294514122828424,10.320933910170021
4,1000.0,432654.92882522853,4007104.146084217,-75.74916974329493,36.20642197839206,ok,121.29316693661356,IW3,0,14398.1479843614,1014.9788676955468,153,37,3.3439212805108127,13.899663906377201,0.0,0.007647467727072917,affine_dtft,44.17072301928359,9,identified,1,124.31582627746022,84.01065658142778,127.01156821934933,0.04946939397148855,82.8749836510979,2,4.317722720075773,True,12.257318913314588,13.909171550970035,10.81919102770421
4,1050.0,432701.72774011083,4007121.7489693738,-75.74865068749983,36.20658392350077,ok,121.43494747065583,IW3,0,14412.799341239543,1015.7037512698358,153,37,3.3439143203646244,13.89966240707842,0.0,0.007647487833120877,affine_dtft,44.1733167831474,9,identified,1,125.5542899565347,68.02069867884728,124.17824001860234,0.05059811852896565,75.96375653207325,3,3.7593422724446808,True,12.290179472388266,13.945885509478057,10.84890826892732
4,1100.0,432748.52665499307,4007139.35185453,-75.74813162953163,36.2067458663789,ok,118.92996991638378,IW3,0,14427.450743472882,1016.4286149808682,153,37,3.3439073584587904,13.899660910009926,0.0,0.00764750783709164,affine_dtft,44.17591055509827,9,identified,1,117.41322437009941,65.01355369324692,114.4866804479891,0.05488136508625573,63.434948822921854,1,4.036198059684719,True,11.718797158976036,13.308049642579892,10.331920713410149
4,1150.0,432795.32556987536,4007156.954739687,-75.74761256939036,36.20690780702636,ok,116.42499236211174,IW3,0,14442.102191060163,1017.1534588281462,153,37,3.3439003978099286,13.899659413093103,0.0,0.007647528036355887,affine_dtft,44.178504335136,9,identified,1,111.61161117800864,64.29664636057005,114.4866804479891,0.05488136508625573,63.434948822921854,1,4.485569018123004,True,11.166453981152813,12.692520227320793,9.83166901785922
4,1200.0,432842.12448475766,4007174.557624844,-75.74709350707606,36.20706974544313,ok,117.18934435839125,IW3,0,14456.753684000623,1017.8782828113859,153,37,3.343893438429738,13.899657914810732,0.0,0.007647527090568453,affine_dtft,44.18109812326043,9,identified,1,108.17951869549083,63.89019716471687,114.4866804479891,0.05488136508625573,63.434948822921854,1,5.4467989373923125,True,11.333015095445749,12.878031501062166,9.982569123227098
4,1250.0,432888.92339963996,4007192.1605100003,-75.74657444258877,36.20723168162915,ok,119.89200826879342,IW3,0,14471.40522229225,1018.6030869303701,153,37,3.3438864756495876,13.899656418510535,0.0,0.007647547954084936,affine_dtft,44.18369191947122,9,identified,1,106.97481396330764,64.28668900377309,114.4866804479891,0.05488136508625573,63.434948822921854,1,5.90694116618732,True,11.93594667320148,13.550318928104996,10.528461981117161
4,1300.0,432935.7223145222,4007209.763395157,-75.74605537592849,36.20739361558444,ok,121.83032018291605,IW3,0,14486.056805935805,1019.3278711850148,153,37,3.343879517019883,13.89965492481749,0.0,0.007647567420762146,affine_dtft,44.186285723768506,9,identified,2,107.20163156469852,64.63699280327191,127.99999999999986,0.04908738521234057,89.99999999999962,1,3.973949162188869,True,12.38215005571792,14.048662169413522,10.932071134391698
4,1350.0,432982.5212294045,4007227.366280314,-75.74553630709528,36.20755554730888,ok,123.7686320970387,IW3,0,14500.708434928714,1020.0526355746059,153,37,3.343872557374399,13.899653429878306,0.0,0.007647587333275906,affine_dtft,44.18887953615183,9,identified,2,110.4492875460704,65.76337049357798,127.99999999999986,0.04908738521234057,89.99999999999962,1,3.6612213556811075,True,12.840257658360642,14.56107069673813,11.346076904595291
4,1400.0,433029.3201442868,4007244.969165471,-75.74501723608917,36.20771747680247,ok,127.81451836055275,IW3,0,14515.360109270565,1020.7773800991145,153,37,3.3438655965253696,13.89965193653491,0.0,0.007647585439168406,affine_dtft,44.19147335662113,9,identified,1,115.99762858488619,67.37966698597488,124.17824001860234,0.05059811852896565,75.96375653207325,3,3.6768658781660126,True,13.83646092500301,15.678270182381397,12.244942291391864
4,1450.0,433076.1190591691,4007262.5720506273,-75.74449816291018,36.207879404065174,ok,129.15774071366468,IW3,0,14530.011828960174,1021.5021047582965,153,37,3.3438586397271073,13.899650444253602,0.0,0.007647605923142392,affine_dtft,44.19406718517617,9,identified,1,121.19187808451765,84.98091674948257,124.17824001860234,0.05059811852896565,75.96375653207325,3,3.7198165399619154,True,14.17963655169828,16.06411668889536,12.554093157788358
4,1500.0,433122.9179740513,4007280.174935784,-75.74397908755834,36.20804132909696,ok,131.9583907603964,IW3,0,14544.663593996223,1022.2268095519223,153,37,3.3438516795253057,13.899648950708368,0.0,0.007647626440632852,affine_dtft,44.19666102181674,9,identified,1,139.19179128001085,62.16714845242381,134.71611176555945,0.04664019191790465,74.74488129694195,3,3.947397199958371,True,14.916052222538834,16.893941435276286,13.216568845361095
4,1550.0,433169.7168889336,4007297.777820941,-75.7434600100337,36.20820325189774,ok,132.5250564005458,IW3,0,14559.315404378343,1022.9514944793257,153,37,3.343844721933357,13.899647459043953,0.0,0.007647625431975503,affine_dtft,44.19925486654277,9,identified,1,139.7767716690051,61.383078490615794,134.71611176555945,0.04664019191790465,74.74488129694195,3,4.739546971865453,True,15.06858392524471,17.06614814723272,13.353620385578783
4,1600.0,433216.5158038159,4007315.3807060975,-75.74294093033627,36.20836517246752,ok,130.58674448642313,IW3,0,14573.967260104531,1023.6761595406579,153,37,3.3438377649274034,13.899645970731465,0.0,0.007647645248446212,affine_dtft,44.201848719353904,9,identified,1,135.05853668741636,62.17061679757459,142.0032502336585,0.04424677109038668,56.309932474020094,1,4.413530538468018,True,14.55180067738392,16.483165375201402,12.889052249243804
4,1650.0,433263.31471869815,4007332.9835912543,-75.74242184846611,36.20852709080625,ok,126.54085822290908,IW3,0,14588.619161174101,1024.4008047354375,153,37,3.3438308053344272,13.899644480805428,0.0,0.007647665156825795,affine_dtft,44.20444258025003,9,identified,1,129.06939058411055,64.90772941954147,127.01156821934926,0.04946939397148858,60.255118703057654,2,3.6074893222804927,True,13.516872628573159,15.319411267392118,11.956806222590624
4,1700.0,433310.11363358045,4007350.586476411,-75.74190276442322,36.20868900691388,ok,123.5676628155647,IW3,0,14603.27110758675,1025.125430063368,153,37,3.3438238476650786,13.899642992282027,0.0,0.0076476855299352975,affine_dtft,44.20703644923108,9,identified,1,120.30155972317039,64.46614714369478,114.4866804479891,0.05488136508625573,63.434948822921854,1,3.851283715644461,True,12.792196191580238,14.507274365321724,11.302660807996643
4,1750.0,433356.91254846274,4007368.1893615676,-75.74138367820763,36.208850920790375,ok,119.13703971460049,IW3,0,14617.923099340895,1025.8500355242372,153,37,3.3438168897542417,13.899641502245986,0.0,0.007647685070202494,affine_dtft,44.20963032629679,9,identified,1,118.33041288362178,65.72978293907258,114.4866804479891,0.05488136508625573,63.434948822921854,1,3.8885084752524675,True,11.765298095918938,13.359916164116017,10.374014934466704
4,1800.0,433403.71146334504,4007385.7922467245,-75.74086458981941,36.2090128324357,ok,118.57037407445111,IW3,0,14632.575136434189,1026.5746211177463,153,37,3.343809930796995,13.89964001582918,0.0,0.007647705012161462,affine_dtft,44.212224211446724,9,identified,1,124.53909061647494,67.7414247851938,119.85013472883753,0.05242535038776029,69.44395478041629,2,3.5128991818867026,True,11.638352820987244,13.21834039016022,10.259091727143414
4,1850.0,433450.5103782273,4007403.3951318813,-75.74034549925855,36.20917474184979,ok,121.09709088271799,IW3,0,14647.227218867722,1027.299186843543,153,37,3.3438029736215307,13.899638527430756,0.0,0.007647725588126512,affine_dtft,44.2148181046811,9,identified,1,117.29908072145476,73.73513240994316,119.85013472883753,0.05242535038776029,69.44395478041629,2,3.797510968180377,True,12.211978298733092,13.858520537673385,10.77818442063882
4,1900.0,433497.3092931096,4007420.998017038,-75.7398264065251,36.20933664903265,ok,123.60206843699002,IW3,0,14661.879346639402,1028.0237327015116,153,37,3.343796016928768,13.89963704246753,0.0,0.007647743690204149,affine_dtft,44.21741200599953,8,identified,1,119.153024027154,72.8788083863502,124.17824001860234,0.05059811852896565,75.96375653207325,1,4.541083773955394,True,12.800414901030354,14.516473118155426,11.310085454306682
4,1950.0,433544.10820799187,4007438.6009021946,-75.7393073116191,36.209498553984204,ok,124.54005186402816,IW3,0,14676.531519747827,1028.748258691151,153,37,3.343789061171212,13.899635557646823,0.0,0.007647743545343706,affine_dtft,44.22000591540177,8,identified,1,131.50747874542262,60.068011269957594,127.12026448932349,0.04942709435368816,65.55604521958325,3,3.6367052323416176,True,13.025969660470265,14.769028433372632,11.513796801358856
4,2000.0,433590.90712287417,4007456.2037873515,-75.73878821454056,36.20966045670443,ok,110.57751818181876,IW3,0,14691.183738193075,1029.472764812332,153,37,3.3437821043556353,13.899634070283913,0.0,0.007647763268196212,affine_dtft,44.222599832887845,8,identified,2,133.4373312528896,58.81128003514651,127.01156821934926,0.04946939397148858,60.255118703057654,2,3.681353396964039,True,9.947502376581077,11.337355886637091,8.726266732234386
4,2050.0,433637.7060377564,4007473.8066725084,-75.73826911528953,36.209822357193275,ok,,IW3,0,14705.836001972863,1030.1972510648147,153,37,3.3437751463207923,13.899632588646053,0.0,0.007647782881829645,affine_dtft,44.22519375845734,8,ambiguous_multiple_blobs,2,62.635600926756645,87.4496043525813,142.0032502336585,0.04424677109038668,56.309932474020094,1,3.522941613786507,False,,,
4,2100.0,433684.5049526387,4007491.4095576648,-75.73775001386603,36.20998425545069,ok,85.00385607311637,IW3,0,14720.488311086761,1030.9217174480634,153,37,3.3437681924522322,13.899631105596404,0.0,0.007647783640224645,affine_dtft,44.22778769211019,8,identified,1,62.33826511468746,87.5092618538568,63.99999999999993,0.09817477042468115,89.99999999999982,1,5.463445694526439,True,5.626642358920344,6.554269967660335,4.804179185574428
4,2150.0,433731.303867521,4007509.0124428216,-75.7372309102701,36.210146151476664,ok,,IW3,0,14735.140665533929,1031.6461639620536,153,37,3.3437612368701446,13.899629623582252,0.0,0.007647803943039194,affine_dtft,44.230381633846235,8,ambiguous_multiple_blobs,2,62.650327912588075,87.65875929271965,102.39999999999988,0.061359231515425716,89.99999999999969,1,3.1960617211536135,False,,,
4,2200.0,433778.1027824033,4007526.6153279785,-75.73671180450177,36.21030804527116,ok,63.99999999999993,IW3,0,14749.793065312688,1032.3705906065627,153,37,3.3437542799963214,13.899628140221282,0.0,0.007647824143398231,affine_dtft,44.23297558366518,8,identified,1,63.533112270793104,88.08097506532597,63.99999999999993,0.09817477042468115,89.99999999999982,1,6.112852435000384,True,3.1107941897361546,3.7596814759890993,2.539689491432285
4,2250.0,433824.90169728553,4007544.218213135,-75.73619269656108,36.210469936834095,ok,63.99999999999992,IW3,0,14764.445510422172,1033.0949973809356,153,37,3.34374732587804,13.89962666178498,0.0,0.138085299665461,affine_dtft,44.23556954156688,8,identified,1,64.220834381612,88.60488704775354,63.99999999999993,0.09817477042468115,89.99999999999982,1,5.7907392577206735,True,3.1107941897361537,3.759681475989099,2.5396894914322847
4,2300.0,433871.7006121678,4007561.821098292,-75.73567358644803,36.21063182616546,ok,63.99999999999992,IW3,0,14779.098000861675,1033.819384285199,153,37,3.3437403712536247,13.899625182562396,0.0,0.37683886981316345,affine_dtft,44.23816350755121,8,identified,1,65.03531329260602,88.6160350208397,63.99999999999993,0.09817477042468115,89.99999999999982,1,4.503849608603143,True,3.1107941897361537,3.759681475989099,2.5396894914322847
4,2350.0,433918.4995270501,4007579.4239834487,-75.73515447416268,36.210793713265204,ok,,IW3,0,14793.75053662934,1034.5437513189713,153,37,3.3437334162535164,13.89962370161664,0.0,0.4979488139617142,affine_dtft,44.24075748161783,8,identified,3,30.088765510118076,83.16602639855464,137.38401653758683,0.04573447090521314,79.6951535312336,6,1.9335611207949486,False,,,
4,2400.0,433965.2984419324,4007597.0268686055,-75.73463535970507,36.2109555981333,ok,,IW3,0,14808.403117725027,1035.2680984820245,153,37,3.3437264607051205,13.89962222439112,0.0,0.5395058112472002,affine_dtft,44.24335146376673,8,identified,2,132.59716296092665,71.35947837028837,134.45778724835563,0.04672979851716567,66.80140948635159,4,2.2601263576401176,False,,,
4,2450.0,434012.09735681466,4007614.629753762,-75.73411624307519,36.211117480769694,ok,,IW3,0,14823.05574414765,1035.9924257739417,153,37,3.3437195072569357,13.899620745459744,0.0,0.50976855781863,affine_dtft,44.24594545399771,8,identified,1,127.58663372566649,71.66868710695849,119.85013472883753,0.05242535038776029,69.44395478041629,2,2.951268083212364,False,,,
4,2500.0,434058.89627169695,4007632.232638919,-75.7335971242731,36.211279361174356,ok,,IW3,0,14837.750925300852,1036.7167073585902,154,37,3.31899655041811,13.899619269237538,0.0,0.4996156830025231,affine_dtft,44.248534519797076,7,identified,1,130.5755860341277,71.7202783729247,119.85013472883753,0.05242535038776029,69.44395478041629,2,3.1190744719389825,True,,,
4,2550.0,434105.69518657925,4007649.8355240757,-75.73307800329886,36.21144123934723,ok,119.85013472883753,IW3,0,14852.512758159131,1037.4409285901822,154,37,3.318989647834085,13.899617791953453,0.0,0.5476765281633715,affine_dtft,44.251115865109156,7,identified,1,132.65516403188317,72.43865662305528,119.85013472883753,0.05242535038776029,69.44395478041629,2,3.2279766189526065,True,11.926436072788867,13.539704728025143,10.51985557620566
4,2600.0,434152.49410146155,4007667.438409232,-75.73255888015244,36.211603115288305,ok,,IW3,0,14867.274636679138,1038.1651299497364,154,37,3.3189827471732385,13.89961631837122,0.0,0.5362609939852861,affine_dtft,44.25369721846366,7,identified,1,130.34400222723477,69.38476834841383,127.12026448932349,0.04942709435368816,65.55604521958325,3,2.868714179909356,False,,,
4,2650.0,434199.2930163438,4007685.041294389,-75.7320397548339,36.21176498899751,ok,119.85013472883753,IW3,0,14882.036560859016,1038.8893114368097,154,37,3.3189758441427557,13.899614843267317,0.0,0.443971589222833,affine_dtft,44.25627857986028,7,identified,2,128.81843668168173,67.32493457640935,119.85013472883753,0.05242535038776029,69.44395478041629,2,3.47922449934238,True,11.926436072788867,13.539704728025143,10.51985557620566
4,2700.0,434246.0919312261,4007702.644179546,-75.7315206273433,36.21192686047481,ok,,IW3,0,14896.798530697066,1039.6134730512267,154,37,3.3189689434454466,13.899613368214533,0.0,0.2494484849351068,affine_dtft,44.25885994929872,7,identified,2,120.85379776853435,68.08753751306085,119.85013472883753,0.05242535038776029,69.44395478041629,2,3.225002195091284,True,,,
4,2750.0,434292.8908461084,4007720.247064702,-75.73100149768062,36.21208872972018,ok,,IW3,0,14911.560546193228,1040.3376147927245,154,37,3.318962041221903,13.899611895577017,0.0,0.0077395286286555155,affine_dtft,44.261441326778964,7,ambiguous_multiple_blobs,2,112.59530703764676,67.49852060552548,114.4866804479891,0.05488136508625573,63.434948822921854,1,2.6489835880163475,False,,,
4,2800.0,434339.6897609907,4007737.849949859,-75.73048236584594,36.21225059673358,ok,,IW3,0,14926.32260734585,1041.0617366610898,154,37,3.318955141185853,13.899610422438085,0.0,0.007739549538890081,affine_dtft,44.26402271230073,7,identified,1,111.10739448391537,65.12548740636173,114.4866804479891,0.05488136508625573,63.434948822921854,1,2.4116859985047796,False,,,
4,2850.0,434386.4886758729,4007755.452835016,-75.72996323183925,36.21241246151495,ok,,IW3,0,14941.084714154253,1041.7858386557778,154,37,3.3189482392440026,13.89960895106127,0.0,0.007739549395791774,affine_dtft,44.266604105863905,7,ambiguous_multiple_blobs,4,122.57937209309935,60.30753184074529,127.01156821934926,0.04946939397148858,60.255118703057654,2,2.0129144663255896,False,,,
4,2900.0,434433.2875907552,4007773.0557201724,-75.72944409566061,36.21257432406426,ok,,IW3,0,14955.846866617072,1042.5099207767475,154,37,3.318941339853881,13.899607479376442,0.0,0.007739569393040701,affine_dtft,44.26918550746823,7,identified,2,139.8561379803342,57.58653472199692,78.53721485797067,0.08000264993534988,85.60129464500427,2,2.6907323663850207,False,,,
4,2950.0,434480.0865056375,4007790.658605329,-75.72892495731003,36.21273618438148,ok,,IW3,0,14970.609064734037,1043.2339830235205,154,37,3.3189344393896043,13.899606009472201,0.0,0.007739590448585023,affine_dtft,44.27176691711368,7,ambiguous_multiple_blobs,2,142.93122317461413,60.56337534721396,142.0032502336585,0.04424677109038668,56.309932474020094,1,2.525624866521034,False,,,
4,3000.0,434526.8854205198,4007808.261490486,-75.72840581678756,36.21289804246656,ok,,IW3,0,14985.37130850267,1043.9580253961176,154,37,3.3189275394956224,13.899604540336131,0.0,0.007739590033200881,affine_dtft,44.274348334799804,7,identified,2,32.972148414099316,65.84459459147408,137.38401653758697,0.0457344709052131,63.43494882292177,3,2.571249425499138,False,,,
5,250.0,432034.2914184844,4006622.7471691743,-75.75603165034302,36.20203882481765,touches_land_or_unmapped,,,,,,,,,,,,,,,,,,,,,,,,,,,
5,300.0,432081.1583512305,4006640.168151207,-75.75551186568646,36.202199164243076,touches_land_or_unmapped,,,,,,,,,,,,,,,,,,,,,,,,,,,
5,350.0,432128.02528397663,4006657.589133239,-75.75499207887485,36.20235950143177,touches_land_or_unmapped,,,,,,,,,,,,,,,,,,,,,,,,,,,
5,400.0,432174.8922167228,4006675.0101152714,-75.75447228990818,36.20251983638368,ok,91.63007789136277,IW3,0,14236.12049136474,989.8781078003253,153,37,3.3440854230147337,13.899685127463838,0.0,0.007646962250041582,affine_dtft,44.142083530129376,9,identified,1,89.06953291020228,72.8467006320025,91.63007789136277,0.06857120993205934,72.64597536373846,3,6.7497567008224815,True,6.602397123788586,7.633527891984457,5.688756596272457
5,450.0,432221.7591494689,4006692.4310973035,-75.75395249878649,36.20268016909879,ok,92.4915617051847,IW3,0,14250.782482310458,990.5895185092494,153,37,3.3440785280281546,13.89968362130451,0.0,0.007646980984698455,affine_dtft,44.14467921312519,9,identified,1,87.49802758239439,71.01734232827727,91.63007789136277,0.06857120993205934,72.64597536373846,3,5.816835426300213,True,6.736197321183255,7.781482469098087,5.810175145450529
5,500.0,432268.62608221505,4006709.8520793356,-75.75343270550984,36.202840499577036,ok,93.00845199347785,IW3,0,14265.444518095943,991.3009093247855,153,37,3.3440716309640743,13.89968212014487,0.0,0.007647000887184639,affine_dtft,44.147274904116834,9,identified,1,87.9391651714109,70.68208446009601,91.63007789136277,0.06857120993205934,72.64597536373846,3,4.926344509666873,True,6.8172634946941155,7.871124082771016,5.8837499637362844
5,550.0,432315.4930149612,4006727.273061368,-75.75291291007824,36.20300082781841,ok,93.69763904453538,IW3,0,14280.106598721071,992.0122802467778,153,37,3.3440647353143644,13.899680617280788,0.0,0.007647020654231989,affine_dtft,44.14987060310429,9,identified,1,92.05404441367345,68.87674558583188,95.07601314665045,0.06608591482993778,68.19859051364803,1,4.385680262361277,True,6.926274965590523,7.991667943876492,5.982698885848397
5,600.0,432362.35994770733,4006744.6940434,-75.75239311249172,36.20316115382284,ok,95.8516234662628,IW3,0,14294.768724184381,992.723631274928,153,37,3.3440578399596173,13.899679116188564,0.0,0.007647020645821263,affine_dtft,44.15246631008729,9,identified,1,97.33473302177161,68.76231218555264,95.07601314665045,0.06608591482993778,68.19859051364803,1,4.741164532629368,True,7.273857426041042,8.376042244137473,6.298269857869885
5,650.0,432409.22688045347,4006762.115025433,-75.75187331275032,36.20332147759031,ok,96.14378970617204,IW3,0,14309.430894485366,993.4349624088819,153,37,3.344050944945553,13.899677614614964,0.0,0.007647040696816574,affine_dtft,44.155062025065774,9,identified,1,97.81274621412419,68.73282437717897,95.07601314665045,0.06608591482993778,68.19859051364803,1,4.649951313628174,True,7.321814616920786,8.429079813847673,6.34181760910738
5,700.0,432456.0938131996,4006779.536007465,-75.75135351085406,36.20348179912075,ok,95.74676889502373,IW3,0,14324.093109622381,994.1462736482885,153,37,3.3440440499625628,13.89967611359941,0.0,0.0076470602114408785,affine_dtft,44.15765774803942,9,identified,2,97.39898790489462,70.02416415455207,102.39999999999988,0.061359231515425716,89.99999999999969,1,3.292587520538411,True,7.256693805091763,8.357060682385297,6.2826847291639325
5,750.0,432502.96074594575,4006796.9569894974,-75.750833706803,36.203642118414145,ok,97.21156626569362,IW3,0,14338.75536959492,994.8575649929862,153,37,3.3440371565276292,13.899674614741887,0.0,0.007647059809085301,affine_dtft,44.160253479008155,9,identified,1,97.10857559299906,89.79632322020932,93.09090909090897,0.0674951546669683,89.99999999999972,2,4.087442777330485,True,7.498751112078437,8.624772350298581,6.502497746820449
5,800.0,432549.8276786918,4006814.3779715295,-75.75031390059715,36.20380243547045,ok,101.75752809375474,IW3,0,14353.417674400689,995.5688364427806,153,37,3.3440302614059205,13.899673118226374,0.0,0.00764708074863329,affine_dtft,44.16284921797156,9,identified,1,97.12888640039591,88.69557351798764,93.09090909090897,0.0674951546669683,89.99999999999972,2,4.751231260866851,True,8.28197104906772,9.491356572866724,7.213891250184666
5,850.0,432596.69461143797,4006831.798953562,-75.74979409223654,36.20396275028963,ok,106.67984173762463,IW3,0,14368.080024040031,996.2800879971019,153,37,3.3440233679790583,13.899671618075368,0.0,0.007647098826927114,affine_dtft,44.16544496492972,9,identified,1,102.81169900453457,87.95056509360381,102.39999999999988,0.061359231515425716,89.99999999999969,1,5.558690056285759,True,9.186849208856652,10.49360981684295,8.035740245220023
5,900.0,432643.5615441841,4006849.219935594,-75.7492742817212,36.20412306287163,ok,113.46397356331272,IW3,0,14382.742418511403,996.9913196559853,153,37,3.3440164732291295,13.89967012162743,0.0,0.007647098837323899,affine_dtft,44.168040719882335,9,identified,1,113.47274371130405,87.57715467945582,117.80582228695603,0.0533350999568999,85.60129464500419,3,5.304230477629843,True,10.537192035578581,11.99242415943118,9.26123976009394
5,950.0,432690.42847693025,4006866.640917626,-75.74875446905119,36.20428337321642,ok,119.68143974885137,IW3,0,14397.404857813368,997.7025314189407,153,37,3.3440095815573447,13.899668623677474,0.0,0.007647118083678929,affine_dtft,44.17063648282918,9,identified,1,119.24905565158573,86.82532828778825,127.01156821934933,0.04946939397148855,82.8749836510979,2,5.075667281346042,True,11.888175510995332,13.497007640705869,10.485231033893077
5,1000.0,432737.2954096764,4006884.0618996588,-75.74823465422651,36.204443681323966,ok,123.1714666946189,IW3,0,14412.067341945532,998.4137232858411,153,37,3.344002685971839,13.899667129063005,0.0,0.007647138235964587,affine_dtft,44.173232253770166,9,identified,1,124.97460399311426,86.34111876892257,127.01156821934933,0.04946939397148855,82.8749836510979,2,4.432952796720414,True,12.697831175191254,14.401675627727725,11.217403785850768
5,1050.0,432784.1623424225,4006901.482881691,-75.7477148372472,36.20460398719422,ok,123.5803291829952,IW3,0,14426.729870906272,999.1248952563121,153,37,3.3439957939854223,13.899665634390157,0.0,0.007647158651912229,affine_dtft,44.175828032705,9,identified,1,132.16725735542764,74.98067777782951,124.17824001860234,0.05059811852896565,75.96375653207325,3,3.538226062496006,True,12.795221446426446,14.510660337169199,11.305393788283522
5,1100.0,432831.02927516866,4006918.9038637234,-75.74719501811332,36.20476429082714,ok,121.07535162872318,IW3,0,14441.392444694467,999.8360473301002,153,37,3.343988899994303,13.899664141498613,0.0,0.007647158180637014,affine_dtft,44.17842381963351,9,identified,1,121.41512543075662,66.0963172838042,119.85013472883753,0.05242535038776029,69.44395478041629,2,3.7210655429643404,True,12.206958738792531,13.852913535187913,10.77364444883707
5,1150.0,432877.8962079148,4006936.3248457555,-75.74667519682487,36.20492459222268,ok,118.57037407445111,IW3,0,14456.055063308968,1000.5471795067994,153,37,3.3439820073753057,13.899662648475319,0.0,0.00764717803046408,affine_dtft,44.181019614555474,9,identified,1,117.37161072917357,65.1868825813765,119.85013472883753,0.05242535038776029,69.44395478041629,2,4.106473598690539,True,11.638352820987244,13.21834039016022,10.259091727143414
5,1200.0,432924.76314066094,4006953.745827788,-75.74615537338188,36.20508489138083,ok,119.33472607073062,IW3,0,14470.717726749344,1001.258291786434,153,37,3.343975116143694,13.899661153186875,0.0,0.007647198262820324,affine_dtft,44.183615417470804,9,identified,1,114.48519905952459,64.11495073188313,114.4866804479891,0.05488136508625573,63.434948822921854,1,4.656312956974472,True,11.809813550470201,13.409575020053254,10.414308597399293
5,1250.0,432971.6300734071,4006971.16680982,-75.74563554778442,36.205245188301525,ok,120.96469912496309,IW3,0,14485.380435014107,1001.9693841684598,153,37,3.3439682232559464,13.899659663734969,0.0,0.007647196732562643,affine_dtft,44.186211228379264,9,identified,1,111.8410740244091,64.08344916136627,114.4866804479891,0.05488136508625573,63.434948822921854,1,5.585053969792065,True,12.181432177332773,13.824400996956896,10.750556117102224
5,1300.0,433018.49700615316,4006988.5877918527,-75.74511572003247,36.20540548298473,ok,119.89200826879342,IW3,0,14500.043188102281,1002.68045665271,153,37,3.3439613322353203,13.899658171732964,0.0,0.007647215446741298,affine_dtft,44.188807047280676,9,identified,2,110.50052938015568,64.17867076855957,127.99999999999986,0.04908738521234057,89.99999999999962,1,4.564930339501004,True,11.93594667320148,13.550318928104996,10.528461981117161
5,1350.0,433065.3639388993,4007006.0087738847,-75.74459589012609,36.205565775430394,ok,122.9000507712949,IW3,0,14514.705986012983,1003.3915092387028,153,37,3.343954438263182,13.899656681797357,0.0,0.007647236423535978,affine_dtft,44.19140287417488,9,identified,2,112.9188157250942,65.24137022819555,127.99999999999986,0.04908738521234057,89.99999999999962,1,3.647883476305824,True,12.633479234341602,14.329682662012532,11.15925336435835
5,1400.0,433112.23087164544,4007023.429755917,-75.74407605806533,36.205726065638494,ok,128.52551862569226,IW3,0,14529.368828744242,1004.102541926463,153,37,3.3439475479934195,13.89965519153679,0.0,0.007647257496579031,affine_dtft,44.193998709061525,9,identified,1,117.93715934828492,66.71375539285845,114.4866804479891,0.05488136508625573,63.434948822921854,1,3.876383839936049,True,14.01731907602664,15.88155052064975,12.40790201293834
5,1450.0,433159.0978043916,4007040.8507379494,-75.74355622385019,36.20588635360899,ok,129.81707607536345,IW3,0,14544.031716296251,1004.8135547155864,153,37,3.3439406579881448,13.89965370222977,0.0,0.007647255366568492,affine_dtft,44.19659455194065,9,identified,1,128.96740639255023,67.29467086455932,129.52689296049664,0.04850873176658259,71.56505117707776,4,3.6001189015563804,True,14.35043480074586,16.256351689793703,12.707857123052701
5,1500.0,433205.9647371377,4007058.2717199815,-75.74303638748073,36.206046639341835,ok,131.16029842847533,IW3,0,14558.694648666507,1005.5245476058184,153,37,3.343933766211826,13.89965221489752,0.0,0.007647276425529845,affine_dtft,44.1991904028118,9,identified,1,140.70598216379196,62.936638818641775,142.61401971997583,0.04405727655329181,68.19859051364797,3,4.350564866813761,True,14.703265435870993,16.653898323185196,13.025280987896139
5,1550.0,433252.83166988386,4007075.692702014,-75.74251654895697,36.20620692283699,ok,133.09861034259796,IW3,0,14573.35762585486,1006.2355205967812,153,37,3.343926876578328,13.899650727791792,0.0,0.00764729587139822,affine_dtft,44.201786261674975,9,identified,1,141.93473155683816,62.0671085272528,134.45778724835563,0.04672979851716567,66.80140948635159,2,4.459150646419164,True,15.224208426766955,17.241966405438422,13.493390328411195
5,1600.0,433299.69860263,4007093.113684046,-75.74199670827892,36.20636720409441,ok,132.0288797542191,IW3,0,14588.02064786092,1006.9464736882643,153,37,3.3439199851738115,13.89964924218267,0.0,0.007647295192272921,affine_dtft,44.20438212853007,9,identified,1,136.40859506550046,62.973136122102524,134.71611176555945,0.04664019191790465,74.74488129694195,3,4.491676126842479,True,14.934960217627543,16.915282112304,13.233561060669047
5,1650.0,433346.56553537614,4007110.5346660786,-75.74147686544664,36.20652748311407,ok,128.34172381394438,IW3,0,14602.683714682196,1007.6574068799915,153,37,3.3439130949230877,13.899647755522286,0.0,0.007647314621409462,affine_dtft,44.20697800337668,9,identified,1,130.85429428579567,74.56404455242074,124.17824001860234,0.05059811852896565,75.96375653207325,3,4.192987039782073,True,13.970396765911094,15.828796927805843,12.365630340624508
5,1700.0,433393.4324681223,4007127.9556481107,-75.74095702046016,36.206687759895914,ok,126.85248000814315,IW3,0,14617.346826318675,1008.3683201715983,153,37,3.343906204879349,13.899646269990415,0.0,0.007647335075312449,affine_dtft,44.2095738862148,9,identified,1,121.61088065832739,67.49473283115496,124.17824001860234,0.05059811852896565,75.96375653207325,3,4.778213584537926,True,13.594548808912407,15.406591605836812,12.026858174372414
5,1750.0,433440.2994008684,4007145.3766301433,-75.7404371733195,36.20684803443991,ok,124.74490565875173,IW3,0,14632.009982768413,1009.079213562899,153,37,3.3438993165563717,13.8996447852281,0.0,0.007647354996177212,affine_dtft,44.21216977704405,9,identified,1,122.49075137809125,83.86091605404421,124.17824001860234,0.05059811852896565,75.96375653207325,3,4.688476397739107,True,13.075615791466726,14.82464487364607,11.558621622757826
5,1800.0,433487.1663336145,4007162.7976121753,-75.7399173240247,36.207008306746026,ok,124.74490565875173,IW3,0,14646.673184030882,1009.790087053757,153,37,3.3438924261138094,13.899643302173349,0.0,0.007647353700130929,affine_dtft,44.214765675864385,9,identified,1,121.04809305846923,77.36553922760767,127.01156821934933,0.04946939397148855,82.8749836510979,2,4.81283953887095,True,13.075615791466726,14.82464487364607,11.558621622757826
5,1850.0,433534.03326636064,4007180.2185942074,-75.7393974725758,36.20716857681421,ok,125.33331055289598,IW3,0,14661.336430104908,1010.5009406435967,153,37,3.3438855378867567,13.899641819980666,0.0,0.007647373830369169,affine_dtft,44.217361582675565,9,identified,1,121.2839557603858,76.68968305461155,124.17824001860234,0.05059811852896565,75.96375653207325,1,5.034897346347027,True,13.21899068202017,14.985317865906932,11.688045125794957
5,1900.0,433580.9001991068,4007197.63957624,-75.73887761897282,36.20732884464442,ok,125.62207818646937,IW3,0,14675.999720989284,1011.2117743322723,153,37,3.3438786479462763,13.899640337647165,0.0,0.00764739434456023,affine_dtft,44.21995749747738,9,identified,1,121.27456551670107,74.319800100179,124.17824001860234,0.05059811852896565,75.96375653207325,1,5.307949346569593,True,13.289777143156991,15.064675791513812,11.75192817509469
5,1950.0,433627.7671318529,4007215.060558272,-75.7383577632158,36.20748911023662,ok,125.15891484217605,IW3,0,14690.663056682954,1011.9225881194988,153,37,3.3438717595235348,13.89963885654304,0.0,0.0076473927898872565,affine_dtft,44.22255342026966,9,identified,1,123.60966684568541,71.28634559371196,127.12026448932349,0.04942709435368816,65.55604521958325,3,3.982763518764295,True,13.176375833426357,14.937552784239958,11.649581338574468
5,2000.0,433674.63406459906,4007232.4815403046,-75.73783790530476,36.20764937359078,ok,,IW3,0,14705.32643718501,1012.6333820050176,153,37,3.3438648709590995,13.899637375841257,0.0,0.007647412906462563,affine_dtft,44.22514935105224,9,ambiguous_multiple_blobs,2,138.0489818009792,58.685725397112115,142.0032502336585,0.04424677109038668,56.309932474020094,1,3.5187680955432907,False,,,
5,2050.0,433721.5009973452,4007249.9025223367,-75.73731804523975,36.20780963470686,ok,,IW3,0,14719.989862494504,1013.3441559885867,153,37,3.3438579829234776,13.89963589666296,0.0,0.007647433093789208,affine_dtft,44.227745289824945,9,ambiguous_multiple_blobs,2,62.960863858242746,87.61791085083057,142.0032502336585,0.04424677109038668,56.309932474020094,1,3.687841166409266,False,,,
5,2100.0,433768.36793009134,4007267.3235043692,-75.73679818302078,36.207969893584796,ok,,IW3,0,14734.653332609947,1014.0549100697932,153,37,3.343851093711283,13.89963441695825,0.0,0.007647452767753544,affine_dtft,44.23034123658751,9,identified,1,62.47997583806219,87.83474429386466,63.99999999999993,0.09817477042468115,89.99999999999982,1,5.536745437257963,True,,,
5,2150.0,433815.2348628375,4007284.7444864013,-75.7362783186479,36.20813015022457,ok,,IW3,0,14749.316847530492,1014.7656442484501,153,37,3.3438442063655587,13.899632938942755,0.0,0.007647453305379013,affine_dtft,44.232937191339786,9,ambiguous_multiple_blobs,2,62.260793794482716,88.18755675198983,102.39999999999988,0.061359231515425716,89.99999999999969,1,3.8680231499725775,False,,,
5,2200.0,433862.1017955836,4007302.165468434,-75.73575845212115,36.20829040462614,ok,63.99999999999992,IW3,0,14763.980407255143,1015.4763585243066,153,37,3.34383732115091,13.899631462359235,0.0,0.11708490560717816,affine_dtft,44.23553315408162,9,identified,1,62.374103607048745,88.83897873926037,63.99999999999993,0.09817477042468115,89.99999999999982,1,6.078224118346266,True,3.1107941897361537,3.759681475989099,2.5396894914322847
5,2250.0,433908.96872832975,4007319.586450466,-75.73523858344053,36.20845065678945,ok,,IW3,0,14778.644011782484,1016.1870528969619,153,37,3.3438304316013983,13.89962998535009,0.0,0.3641364232627517,affine_dtft,44.23812912481272,9,identified,1,62.76744003645908,89.50098924224963,63.99999999999993,0.09817477042468115,89.99999999999982,1,6.122062364834118,True,,,
5,2300.0,433955.83566107583,4007337.0074324985,-75.7347187126061,36.20861090671449,ok,,IW3,0,14793.307661112402,1016.8977273663013,153,37,3.3438235468313495,13.899628508844145,0.0,0.4979619859137759,affine_dtft,44.240725103533116,9,ambiguous_multiple_blobs,2,63.63645117322038,89.58682211607321,142.0032502336585,0.04424677109038668,56.309932474020094,1,2.480103642019782,False,,,
5,2350.0,434002.702593822,4007354.4284145306,-75.73419883961789,36.20877115440119,ok,,IW3,0,14807.971355242275,1017.6083819318604,153,37,3.343816660608658,13.899627034662183,0.0,0.5392037704322176,affine_dtft,44.243321090242304,9,identified,3,128.568095864935,72.30822341489173,134.45778724835563,0.04672979851716567,66.80140948635159,4,2.0750019198885967,False,,,
5,2400.0,434049.5695265681,4007371.8493965627,-75.73367896447593,36.20893139984953,ok,,IW3,0,14822.635094172063,1018.3190165935796,153,37,3.3438097728030787,13.899625560348689,0.0,0.5135656710815152,affine_dtft,44.2459170849403,9,identified,2,124.02080566708037,72.3063420351537,127.12026448932349,0.04942709435368816,65.55604521958325,3,2.720048935966258,False,,,
5,2450.0,434096.43645931425,4007389.270378595,-75.73315908718024,36.20909164305947,ok,126.28206353505307,IW3,0,14837.338337560319,1019.029607368587,154,37,3.319086217583212,13.899624085968759,0.0,0.49485747713398015,affine_dtft,44.24850850898605,9,identified,1,121.66212416864047,73.26911679154927,134.45778724835563,0.04672979851716567,66.80140948635159,2,3.0297117490587433,True,13.452616451176032,15.247312378272184,11.898847373079818
5,2500.0,434143.3033920604,4007406.6913606273,-75.73263920773087,36.209251884030955,ok,123.33321776328708,IW3,0,14852.11136461755,1019.7401358537721,154,37,3.319079381332257,13.89962261311233,0.0,0.5465077462920581,affine_dtft,44.2510918489776,8,identified,1,125.41900694433494,72.03716015525717,117.26813886748006,0.05357964548478046,66.37062226934299,4,3.0062338030781732,True,12.73629513913178,14.444714368437724,11.252157298154652
5,2550.0,434190.17032480653,4007424.11234266,-75.73211932612783,36.20941212276396,ok,121.56391030022749,IW3,0,14866.884436804929,1020.4506444339268,154,37,3.319072548039496,13.899621140934135,0.0,0.5362752061808013,affine_dtft,44.25367519691866,8,identified,1,123.87241575315963,68.2896477883567,127.12026448932349,0.04942709435368816,65.55604521958325,3,3.2087341807336975,True,12.320124235283117,13.979345202256003,10.875986970302634
5,2600.0,434237.03725755267,4007441.533324692,-75.73159944237118,36.20957235925842,ok,117.56968894015418,IW3,0,14881.657554120795,1021.1611331088071,154,37,3.319065713615281,13.899619671089196,0.0,0.4439826168340835,affine_dtft,44.25625855280892,8,identified,1,124.86072582620129,66.75177739998719,114.4866804479891,0.05488136508625573,63.434948822921854,1,3.33108276144195,True,11.416539379164965,12.9710918307332,10.058224950620527
5,2650.0,434283.9041902988,4007458.9543067245,-75.73107955646093,36.20973259351433,ok,118.08608811242566,IW3,0,14896.4307165651,1021.871601878091,154,37,3.3190588793244045,13.899618198528982,0.0,0.26547225460121965,affine_dtft,44.2588419166484,8,identified,1,121.19236233073276,66.87487630954354,114.4866804479891,0.05488136508625573,63.434948822921854,1,4.251157571949374,True,11.530630597526061,13.098245520756395,10.161551431779236
5,2700.0,434330.77112304495,4007476.3752887566,-75.73055966839712,36.209892825531625,ok,115.82754401820121,IW3,0,14911.20392413597,1022.5820507415588,154,37,3.319052045255052,13.899616728752633,0.0,0.007739156453102979,affine_dtft,44.26142528843674,8,identified,1,118.02068763537949,67.83414199876582,114.4866804479891,0.05488136508625573,63.434948822921854,1,4.403390888962891,True,11.037454523393524,12.54890354613146,9.71477221899496
5,2750.0,434377.6380557911,4007493.796270789,-75.73003977817979,36.21005305531029,ok,116.27449854160524,IW3,0,14925.97717683279,1023.2924796990239,154,37,3.3190452118443186,13.899615259948613,0.0,0.007739175882531208,affine_dtft,44.26400866817386,8,identified,1,114.48888885082438,68.79415299336466,119.85013472883753,0.05242535038776029,69.44395478041629,2,3.4798167331183967,True,11.133861677945395,12.656229971392085,9.802136661123328
5,2800.0,434424.50498853717,4007511.217252821,-75.72951988580895,36.210213282850255,ok,,IW3,0,14940.750474654078,1024.0028887499907,154,37,3.319038378218032,13.899613793193105,0.0,0.007739197490584418,affine_dtft,44.26659205585948,8,identified,1,113.34464379877349,68.39931489628674,114.4866804479891,0.05488136508625573,63.434948822921854,1,2.8347655858670953,False,,,
5,2850.0,434471.3719212833,4007528.6382348533,-75.72899999128467,36.21037350815149,ok,,IW3,0,14955.523817598618,1024.7132778942153,154,37,3.3190315434602544,13.89961232217722,0.0,0.00773919569380791,affine_dtft,44.26917545149341,8,identified,2,129.84191407718234,64.35214825493675,137.38401653758697,0.0457344709052131,63.43494882292177,3,2.370300421036607,False,,,
5,2900.0,434518.23885402945,4007546.059216886,-75.72848009460694,36.21053373121397,ok,,IW3,0,14970.297205666235,1025.4236471315178,154,37,3.3190247118639715,13.899610856979576,0.0,0.007739215570380786,affine_dtft,44.27175885507559,8,identified,1,147.15273512177572,61.18650822706641,152.64890726398542,0.04116102381469181,63.43494882292177,2,2.7450937990354296,False,,,
5,2950.0,434565.1057867756,4007563.480198918,-75.72796019577582,36.21069395203765,ok,,IW3,0,14985.070638855066,1026.1339964616639,154,37,3.31901787919371,13.899609392193971,0.0,0.0077392365366480064,affine_dtft,44.274342266605736,8,identified,1,148.06782409902266,62.56017548557226,152.64890726398542,0.04116102381469181,63.43494882292177,2,2.612891144317462,False,,,
5,3000.0,434611.9727195217,4007580.9011809505,-75.72744029479134,36.21085417062248,ok,,IW3,0,14999.844117164123,1026.8443258842653,154,37,3.3190110457983972,13.899607928168903,0.0,0.00773923651984423,affine_dtft,44.276925686083636,8,identified,2,164.64753629688576,63.09057890384605,137.38401653758697,0.0457344709052131,63.43494882292177,3,2.5697114289573224,False,,,
6,250.0,432114.7080926087,4006404.382596176,-75.75511828057613,36.20007594657078,touches_land_or_unmapped,,,,,,,,,,,,,,,,,,,,,,,,,,,
6,300.0,432161.68199971,4006421.5130384252,-75.75459729192036,36.20023367027681,touches_land_or_unmapped,,,,,,,,,,,,,,,,,,,,,,,,,,,
6,350.0,432208.6559068113,4006438.643480674,-75.75407630113908,36.20039139173544,touches_land_or_unmapped,,,,,,,,,,,,,,,,,,,,,,,,,,,
6,400.0,432255.62981391256,4006455.7739229226,-75.75355530823234,36.20054911094664,ok,86.95644433896524,IW3,0,14249.601391212347,973.3917596211827,153,37,3.3441665158653477,13.899688354621,0.0,0.0076466310597451586,affine_dtft,44.14451488099423,9,identified,1,84.84764364593642,71.88207365228315,91.63007789136277,0.06857120993205934,72.64597536373846,3,6.646072627585244,True,5.904519737667007,6.86170845807993,5.055900405756442
6,450.0,432302.6037210139,4006472.9043651717,-75.75303431320015,36.200706827910366,ok,86.40404400244452,IW3,0,14264.28092537126,974.0813019281768,153,37,3.344159725685186,13.8996868574672,0.0,0.00764665134978836,affine_dtft,44.14711372908177,9,identified,1,83.52785508451896,70.77230355518901,87.48622415019622,0.07181913916404283,70.01689347809987,2,5.56638900797123,True,5.825100857769826,6.773850661333576,4.983938932325953
6,500.0,432349.5776281152,4006490.0348074203,-75.75251331604255,36.200864542626576,ok,87.7414170201374,IW3,0,14278.960503528471,974.7708242891918,153,37,3.344152939265099,13.899685358979392,0.0,0.0076466514222689455,affine_dtft,44.14971258501619,9,identified,1,82.69540926591242,69.52521934943977,81.75303097533674,0.07685568635461476,64.7988763545248,3,4.9796898994212055,True,6.018477793142602,6.9877639257708,5.159181235956195
6,550.0,432396.55153521645,4006507.165249669,-75.7519923167596,36.20102225509522,ok,86.76925180233107,IW3,0,14293.640125682086,975.4603267038931,153,37,3.344146153067528,13.89968386173248,0.0,0.007646670527929511,affine_dtft,44.15231144879717,9,identified,2,87.09019134307168,63.44073774210919,84.74684299288238,0.0741406415305322,65.55604521958337,4,3.402816175721121,True,5.877535405473681,6.831857607734573,5.03144834601978
6,600.0,432443.52544231777,4006524.2956919177,-75.7514713153513,36.2011799653163,ok,88.17042303750925,IW3,0,14308.31979183167,976.1498091724139,153,37,3.34413936464728,13.89968236672901,0.0,0.007646690810782338,affine_dtft,44.15491032042464,9,identified,2,94.07802566806112,64.66754008101945,93.09090909090897,0.0674951546669683,89.99999999999972,2,3.2415443874683647,True,6.081308199996947,7.057259040435949,5.2161359530175435
6,650.0,432490.499349419,4006541.426134167,-75.75095031181769,36.20133767328973,ok,,IW3,0,14322.999501975464,976.8392716939617,153,37,3.3441325768707046,13.89968087129281,0.0,0.007646689223368296,affine_dtft,44.15750919989828,9,identified,2,97.67698023621793,67.67381014219737,93.09090909090897,0.0674951546669683,89.99999999999972,2,2.9595089271754884,False,,,
6,700.0,432537.47325652034,4006558.5565764154,-75.75042930615882,36.201495379015476,ok,93.77144370177103,IW3,0,14337.679256112753,977.5287142684498,153,37,3.3441257904817725,13.899679377373358,0.0,0.00764670873654241,affine_dtft,44.160108087217964,9,identified,3,92.91555246366138,87.18094911110283,93.09090909090897,0.0674951546669683,89.99999999999972,2,3.495634615324646,True,6.938011752670024,8.004646478482565,5.993353005792951
6,750.0,432584.4471636216,4006575.687018664,-75.7499082983747,36.201653082493515,ok,95.97166849841949,IW3,0,14352.359054242403,978.2181368956366,153,37,3.344119004883334,13.899677882497159,0.0,0.007646729060494092,affine_dtft,44.162706982383504,9,identified,1,96.01301563896726,87.90789227849051,93.09090909090897,0.0674951546669683,89.99999999999972,2,3.9523185565820644,True,7.293538406552477,8.397807990876606,6.316141079062712
6,800.0,432631.4210707229,4006592.817460913,-75.7493872884654,36.20181078372383,ok,99.39371133886415,IW3,0,14367.038896363094,978.9075395754669,153,37,3.344112217977328,13.899676390222929,0.0,0.007646728353909993,affine_dtft,44.165305885394645,9,identified,1,96.73368636816186,86.37419325556075,95.81304753435724,0.06557755408966115,86.42366562500241,3,4.545636892105321,True,7.868591503601089,9.033897046809884,6.838404359651677
6,850.0,432678.39497782424,4006609.947903162,-75.7488662764309,36.20196848270633,ok,106.17784316455223,IW3,0,14381.718782474585,979.5969223071238,153,37,3.344105433099635,13.899674896881402,0.0,0.007646749089568503,affine_dtft,44.16790479625137,9,identified,1,101.05363902396572,85.31845604150516,101.89180827750278,0.06166526449375895,84.28940686250012,2,5.5726384191469505,True,9.091767202941636,10.388227749237748,7.949397176746269
6,900.0,432725.3688849255,4006627.0783454105,-75.74834526227129,36.202126179441,ok,112.9619749902403,IW3,0,14396.398712574464,980.28628509084,153,37,3.344098647528089,13.899673405323652,0.0,0.007646768236507283,affine_dtft,44.17050371495323,9,identified,1,110.252686676702,84.49983367806985,113.08188270064278,0.05556314731523188,83.65980825408981,4,4.986493644630793,True,10.43297937854308,11.87659039671097,9.166723733913091
6,950.0,432772.3427920268,4006644.2087876596,-75.74782424598656,36.20228387392782,ok,119.70474407546817,IW3,0,14411.078686662026,980.9756279261768,153,37,3.3440918611289514,13.89967191620227,0.0,0.007646768504522592,affine_dtft,44.17310264150011,9,identified,1,118.37958086640705,85.52156142147517,127.01156821934933,0.04946939397148855,82.8749836510979,2,4.657239543692022,True,11.893455805819332,13.502899912004128,10.490009668829591
6,1000.0,432819.3166991281,4006661.3392299083,-75.74730322757677,36.20244156616671,ok,124.75043531783231,IW3,0,14425.7587047368,981.664950812705,153,37,3.344085075856975,13.899670425471243,0.0,0.007646787710762441,affine_dtft,44.175701575891935,9,identified,1,124.31595140764034,85.56693496396942,127.01156821934933,0.04946939397148855,82.8749836510979,2,4.078270579306977,True,13.07695782614907,14.826148436038068,11.559833259600577
6,1050.0,432866.2906062294,4006678.469672157,-75.74678220704195,36.20259925615766,ok,126.10408572347129,IW3,0,14440.438766797015,982.3542537503564,153,37,3.344078289918163,13.89966893587104,0.0,0.00764680755318456,affine_dtft,44.178300518128374,9,identified,1,130.6647723938044,71.32391657230932,129.52689296049664,0.04850873176658259,71.56505117707776,4,3.6887458705401714,True,13.408558515735704,15.197887098529277,11.85910224686907
6,1100.0,432913.26451333065,4006695.6001144056,-75.7462611843821,36.202756943900624,ok,123.59910816919924,IW3,0,14455.118872842282,983.0435367387448,153,37,3.3440715065168667,13.899667447502626,0.0,0.0076468269689939266,affine_dtft,44.18089946820938,9,identified,1,129.26178257842142,65.93125526566699,127.12026448932349,0.04942709435368816,65.55604521958325,3,4.03128748338329,True,12.799707609794973,14.515681475284607,11.309446504181789
6,1150.0,432960.23842043197,4006712.7305566547,-75.7457401595973,36.202914629395565,ok,121.0941306149272,IW3,0,14469.799022870586,983.7327997776746,153,37,3.344064723104566,13.899665958995781,0.0,0.007646826366353716,affine_dtft,44.18349842613459,9,identified,1,123.88019991285249,65.09483210612495,119.85013472883753,0.05242535038776029,69.44395478041629,2,5.107363013351247,True,12.21129469043535,13.857756920844121,10.777566129493813
6,1200.0,433007.2123275332,4006729.8609989034,-75.74521913268757,36.20307231264243,ok,120.78875202282782,IW3,0,14484.479216881471,984.4220428667383,153,37,3.3440579391287435,13.899664472373772,0.0,0.007646847311970915,affine_dtft,44.186097391903914,9,identified,1,118.18609269937035,64.28349211815579,114.4866804479891,0.05488136508625573,63.434948822921854,1,6.240052476595981,True,12.140921530769655,13.779156442688926,10.713912629325112
6,1250.0,433054.18623463454,4006746.991441152,-75.74469810365292,36.203229993641216,ok,120.96469912496309,IW3,0,14499.159454873636,985.1112660059267,153,37,3.3440511540225955,13.89966298771056,0.0,0.007646866273989988,affine_dtft,44.188696365517124,9,identified,1,113.15880455078339,64.56544285200793,114.4866804479891,0.05488136508625573,63.434948822921854,1,6.439773006381757,True,12.181432177332773,13.824400996956896,10.750556117102224
6,1300.0,433101.16014173586,4006764.121883401,-75.74417707249341,36.203387672391834,ok,121.83032018291605,IW3,0,14513.839736846196,985.8004691946137,153,37,3.3440443716417194,13.899661501161434,0.0,0.007646866967464478,affine_dtft,44.19129534697407,9,identified,2,110.41482268942347,64.97398808188828,127.99999999999986,0.04908738521234057,89.99999999999962,1,4.355897851844796,True,12.38215005571792,14.048662169413522,10.932071134391698
6,1350.0,433148.1340488371,4006781.25232565,-75.74365603920906,36.20354534889427,ok,124.83836268541756,IW3,0,14528.520062797454,986.4896524326825,153,37,3.34403758689261,13.899660015476698,0.0,0.007646886799753742,affine_dtft,44.193894336274454,9,identified,2,112.35411911771179,66.23068542109671,127.99999999999986,0.04908738521234057,89.99999999999962,1,3.810109135911806,True,13.098311214442782,14.850072906680033,11.579111376853072
6,1400.0,433195.10795593844,4006798.3827678985,-75.7431350037999,36.20370302314848,ok,128.92579596258986,IW3,0,14543.200432727057,987.1788157199662,153,37,3.344030803078479,13.899658532403206,0.0,0.007646906743823096,affine_dtft,44.19649333341821,9,identified,2,118.7901887999648,67.54026492659834,124.17824001860234,0.05059811852896565,75.96375653207325,3,3.180262460670484,True,14.119921935045083,15.996938926715456,12.500318200619988
6,1450.0,433242.0818630397,4006815.513210147,-75.74261396626599,36.20386069515442,ok,131.45723945928134,IW3,0,14557.880846633307,987.8679590559656,153,37,3.3440240213077614,13.899657048915607,0.0,0.0076469044590393095,affine_dtft,44.19909233840504,9,identified,1,125.55936929000512,83.54790240053163,129.52689296049664,0.04850873176658259,71.56505117707776,4,3.02693070423327,True,14.782158837563461,16.7428716447364,13.096216363769283
6,1500.0,433289.055770141,4006832.6436523963,-75.74209292660734,36.20401836491208,ok,131.7626180513807,IW3,0,14572.56130451531,988.5570824406938,153,37,3.3440172393804186,13.899655565464517,0.0,0.007646924577037272,affine_dtft,44.20169135123478,9,identified,1,137.69723037174492,63.538605614827695,134.9238468338506,0.04656838249591931,71.56505117707773,5,3.4923672565265025,True,14.863635716064543,16.834790270702456,13.169458598503955
6,1550.0,433336.0296772423,4006849.774094645,-75.74157188482397,36.20417603242138,ok,132.5269700476602,IW3,0,14587.241806372356,989.2461858736217,153,37,3.344010456306759,13.899654083714275,0.0,0.007646945323144305,affine_dtft,44.204290371907305,9,identified,1,138.45686701937547,63.116462272915555,140.65721748345732,0.04467019481541039,74.05460409907685,4,4.146963683247493,True,15.069101083103682,17.066732209852653,13.354084958666895
6,1600.0,433383.0035843436,4006866.9045368936,-75.74105084091596,36.2043336976823,ok,132.22159145556085,IW3,0,14601.922352202355,989.9352693545395,153,37,3.344003674168831,13.899652602359545,0.0,0.007646944863286898,affine_dtft,44.20688940042226,9,identified,1,127.3726105033464,84.2665111693007,129.52689296049664,0.04850873176658259,71.56505117707776,4,3.895654905026165,True,14.986748551437508,16.97374251447661,13.280097577257076
6,1650.0,433429.9774914449,4006884.0349791427,-75.7405297948833,36.204491360694824,ok,130.8368220887907,IW3,0,14616.60294200525,990.6243328834352,153,37,3.3439968926173833,13.899651124719787,0.0,0.0076469644966961434,affine_dtft,44.20948843677962,9,identified,2,126.17130705320962,86.24027265118157,127.99999999999986,0.04908738521234057,89.99999999999962,1,4.051678827611428,True,14.61769275080479,16.557426249003633,12.94832296127872
6,1700.0,433476.95139854617,4006901.1654213914,-75.74000874672603,36.204649021458856,ok,128.10769223596913,IW3,0,14631.28357577949,991.3133764595323,153,37,3.343990110794292,13.89964964474349,0.0,0.007646983974243657,affine_dtft,44.21208748097912,9,identified,1,123.87217500128031,87.87835336965772,127.99999999999986,0.04908738521234057,89.99999999999962,1,4.669588728234946,True,13.910821151348298,15.761831720969532,12.311952367397849
6,1750.0,433523.9253056475,4006918.29586364,-75.7394876964442,36.20480667997441,ok,127.60462728773965,IW3,0,14645.964253524215,992.0024000829703,153,37,3.343983330473874,13.899648164252373,0.0,0.007647003939859431,affine_dtft,44.21468653302061,9,identified,1,123.07640987277354,88.12563843328226,127.99999999999986,0.04908738521234057,89.99999999999962,1,4.575412199328521,True,13.783408656735785,15.618668156588425,12.197126519268728
6,1800.0,433570.89921274874,4006935.4263058887,-75.73896664403783,36.20496433624141,ok,126.84027529146015,IW3,0,14660.644975237235,992.6914037532533,153,37,3.343976547129562,13.899646688110966,0.0,0.0076470020149712265,affine_dtft,44.21728559290369,9,identified,1,122.19310948955096,85.70763313517958,127.01156821934933,0.04946939397148855,82.8749836510979,2,4.1296586997640965,True,13.591500349248067,15.403169661303302,12.024109175999845
6,1850.0,433617.87311985006,4006952.556748138,-75.73844558950697,36.20512199025984,ok,126.55034411432521,IW3,0,14675.325740919247,993.3803874701938,153,37,3.343969767633539,13.89964521091166,0.0,0.007647023012786889,affine_dtft,44.2198846606285,9,identified,1,122.48493208225501,82.27906805645961,127.01156821934933,0.04946939397148855,82.8749836510979,2,3.8096178703844634,True,13.51923222088657,15.322059190840214,11.958934400502308
6,1900.0,433664.8470269513,4006969.6871903865,-75.73792453285162,36.205279642029645,ok,126.33041023665612,IW3,0,14690.006550567923,994.06935123348,153,37,3.3439629883294852,13.899643735873047,0.0,0.007647043312010696,affine_dtft,44.22248373619462,9,identified,1,120.83137935377233,77.75485186333984,124.17824001860234,0.05059811852896565,75.96375653207325,1,3.892869945489756,True,13.464603136734148,15.260760756403625,11.909659982780173
6,1950.0,433711.82093405264,4006986.817632635,-75.73740347407185,36.2054372915508,ok,,IW3,0,14704.687404182196,994.7582950429753,153,37,3.34395620782227,13.899642260761114,0.0,0.007647042673337443,affine_dtft,44.22508281960186,9,identified,2,122.35744150149795,72.76678559255198,134.45778724835563,0.04672979851716567,66.80140948635159,2,2.920363339223512,False,,,
6,2000.0,433758.7948411539,4007003.9480748842,-75.73688241316769,36.20559493882327,ok,105.09950150264193,IW3,0,14719.368301761268,995.4472188983092,153,37,3.343949425295432,13.899640786448918,0.0,0.007647063274907657,affine_dtft,44.22768191085008,9,identified,2,138.20519828934647,60.60405276461395,127.12026448932349,0.04942709435368816,65.55604521958325,3,3.2731416645710065,True,8.889699353937662,10.164327497794574,7.765886675226204
6,2050.0,433805.7687482552,4007021.078517133,-75.73636135013915,36.20575258384698,ok,,IW3,0,14734.049243304158,996.136122799011,153,37,3.34394264775143,13.899639310324982,0.0,0.007647082279934671,affine_dtft,44.23028100993911,9,ambiguous_multiple_blobs,2,62.94315917290966,87.58039114823215,142.0032502336585,0.04424677109038668,56.309932474020094,1,3.380851570642882,False,,,
6,2100.0,433852.74265535653,4007038.2089593816,-75.73584028498627,36.20591022662193,ok,85.04008816310778,IW3,0,14748.73022880965,996.82500674513,153,37,3.3439358674595243,13.899637838375913,0.0,0.007647082403507306,affine_dtft,44.23288011686873,9,identified,1,62.47669224352775,87.61579697159847,63.99999999999993,0.09817477042468115,89.99999999999982,1,5.517511581214335,True,5.631726608852104,6.559896021796733,4.808783199708164
6,2150.0,433899.7165624578,4007055.33940163,-75.73531921770909,36.20606786714806,ok,,IW3,0,14763.411258276648,997.5138707361864,153,37,3.3439290879882027,13.899636365553143,0.0,0.11708760536331328,affine_dtft,44.23547923163875,9,ambiguous_multiple_blobs,2,62.34506794282073,88.02010236291657,102.39999999999988,0.061359231515425716,89.99999999999969,1,4.013763632279261,False,,,
6,2200.0,433946.6904695591,4007072.4698438793,-75.73479814830765,36.206225505425344,ok,63.99999999999992,IW3,0,14778.092331703578,998.2027147720714,153,37,3.3439223100924056,13.899634893962308,0.0,0.3641459151431452,affine_dtft,44.2380783542489,9,identified,1,62.466422829437896,88.85443570448142,63.99999999999993,0.09817477042468115,89.99999999999982,1,6.146445577237029,True,3.1107941897361537,3.759681475989099,2.5396894914322847
6,2250.0,433993.66437666037,4007089.600286128,-75.73427707678198,36.20638314145372,ok,,IW3,0,14792.773449089991,998.8915388522325,153,37,3.343915531050906,13.89963342213255,0.0,0.4921599043658482,affine_dtft,44.240677484699084,9,identified,1,62.807964931148,89.7273579021021,63.99999999999993,0.09817477042468115,89.99999999999982,1,5.967682696472234,True,,,
6,2300.0,434040.6382837617,4007106.7307283767,-75.7337560031321,36.20654077523318,ok,,IW3,0,14807.454610434417,999.5803429767237,153,37,3.343908751591879,13.899631953282487,0.0,0.5392180759355674,affine_dtft,44.243276622989065,9,ambiguous_multiple_blobs,3,63.51791792221146,89.88132946845185,142.0032502336585,0.04424677109038668,56.309932474020094,1,2.5172348363955472,False,,,
6,2350.0,434087.61219086294,4007123.861170626,-75.73323492735805,36.20669840676366,ok,,IW3,0,14822.135815735728,1000.2691271450755,153,37,3.3439019722673056,13.899630483843618,0.0,0.5135792713697303,affine_dtft,44.24587576911861,9,identified,2,135.3945345959474,60.869440107988986,122.17343718848369,0.05142840744904451,72.64597536373844,4,2.282134357256183,False,,,
6,2400.0,434134.58609796426,4007140.9916128744,-75.73271384945987,36.206856036045124,ok,,IW3,0,14836.852936691057,1000.9578695552065,154,37,3.319177844129938,13.899629013337732,0.0,0.49487127563302163,affine_dtft,44.24847076077049,9,identified,1,139.19173432065242,60.37049659676721,142.0032502336585,0.04424677109038668,56.309932474020094,1,2.545419708785398,False,,,
6,2450.0,434181.5600050656,4007158.122055123,-75.73219276943759,36.20701366307753,ok,,IW3,0,14851.643558490581,1001.6465473636671,154,37,3.319171115249439,13.89962754642794,0.0,0.5465222391092883,affine_dtft,44.2510572368045,9,identified,2,93.37514960988312,64.86599640886419,91.58934435839129,0.06860170635781966,63.4349488229219,2,2.8859320155096513,False,,,
6,2500.0,434228.53391216684,4007175.2524973718,-75.73167168729125,36.20717128786086,ok,107.47652502245137,IW3,0,14866.434224570625,1002.3352052150985,154,37,3.319164385805099,13.899626077844001,0.0,0.5389446491407045,affine_dtft,44.25364372063946,9,identified,1,96.9341494999764,65.0810473292027,103.97144730968249,0.06043183460229139,66.03751102542165,2,4.012421553062546,True,9.33908124286294,10.6623705767689,8.17397010730577
6,2550.0,434275.50781926815,4007192.382939621,-75.73115060302086,36.207328910395056,ok,109.2290638788358,IW3,0,14881.224934931219,1003.0238431090856,154,37,3.319157660702678,13.899624613334415,0.0,0.45265842273595536,affine_dtft,44.25623021227537,9,identified,1,114.53396252429924,66.57711444081085,103.97144730968249,0.06043183460229139,66.03751102542165,2,4.136192309291831,True,9.679795816731762,11.040257013824466,8.48329062553062
6,2600.0,434322.4817263694,4007209.5133818695,-75.7306295166265,36.207486530680086,ok,110.28058719266646,IW3,0,14896.015689569924,1003.7124610454418,154,37,3.3191509326486006,13.899623147307274,0.0,0.26547902542627166,affine_dtft,44.25881671171183,9,identified,1,118.42004164270318,64.37595378381495,114.4866804479891,0.05488136508625573,63.434948822921854,1,4.297817242841564,True,9.88813374560272,11.271454229244583,8.672387850379245
6,2650.0,434369.45563347073,4007226.643824118,-75.73010842810815,36.20764414871591,ok,112.38363382032779,IW3,0,14910.806488486922,1004.4010590238566,154,37,3.319144207027768,13.899621680939322,0.0,0.007738780866300722,affine_dtft,44.26140321894886,9,identified,1,118.71471450965171,64.1703106582228,114.4866804479891,0.05488136508625573,63.434948822921854,1,4.62438505598897,True,10.313789942721943,11.744145957532178,9.058609667502463
6,2700.0,434416.429540572,4007243.7742663673,-75.72958733746586,36.20780176450248,ok,114.4866804479891,IW3,0,14925.597331680685,1005.0896370440161,154,37,3.319137479329089,13.89962021636523,0.0,0.007738802387571147,affine_dtft,44.26398973398619,9,identified,1,118.491058070995,65.11548170405584,114.4866804479891,0.05488136508625573,63.434948822921854,1,4.577932821535007,True,10.751697208045057,12.230945217390955,9.455745991365431
6,2750.0,434463.4034476733,4007260.904708616,-75.72906624469968,36.20795937803975,ok,114.4866804479891,IW3,0,14940.388219149461,1005.7781951056327,154,37,3.3191307536001995,13.899618754964424,0.0,0.007738801650831591,affine_dtft,44.266576256823505,9,identified,1,115.78161032348409,66.39632395873839,114.4866804479891,0.05488136508625573,63.434948822921854,1,3.384145337234399,True,10.751697208045057,12.230945217390955,9.455745991365431
6,2800.0,434510.37735477457,4007278.0351508646,-75.72854514980965,36.20811698932772,ok,,IW3,0,14955.179150892805,1006.4667332086086,154,37,3.3191240284990617,13.899617291015199,0.0,0.0077388223205429865,affine_dtft,44.26916278746076,9,identified,1,114.57715640626324,66.638582595309,114.4866804479891,0.05488136508625573,63.434948822921854,1,2.8163217235764217,False,,,
6,2850.0,434557.3512618759,4007295.1655931138,-75.72802405279576,36.20827459836631,ok,,IW3,0,14969.97012690932,1007.155251352482,154,37,3.31911730297989,13.899615830138753,0.0,0.00773884232227611,affine_dtft,44.27174932589768,9,identified,2,125.683624464281,63.94664318270943,109.62692660678427,0.0573142520880518,74.47588900324551,4,2.4877157432110173,False,,,
6,2900.0,434604.3251689772,4007312.2960353624,-75.72750295365809,36.20843220515549,ok,,IW3,0,14984.761147197656,1007.8437495369612,154,37,3.3191105774639613,13.89961436738555,0.0,0.007738841844851171,affine_dtft,44.27433587213403,9,identified,1,143.20454229458412,59.98488429885939,142.0032502336585,0.04424677109038668,56.309932474020094,1,2.675078922182847,False,,,
6,2950.0,434651.29907607846,4007329.426477611,-75.72698185239665,36.208589809695226,ok,,IW3,0,14999.552211757347,1008.5322277618908,154,37,3.319103851296102,13.899612910077037,0.0,0.007738863113960198,affine_dtft,44.27692242616975,9,identified,1,147.90935616581413,60.9134189629701,152.64890726398542,0.04116102381469181,63.43494882292177,2,2.630802041257183,False,,,
6,3000.0,434698.2729831798,4007346.5569198597,-75.72646074901148,36.20874741198548,ok,,IW3,0,15014.343320586553,1009.2206860269474,154,37,3.319097127373608,13.899611448041716,0.0,0.007738883050607625,affine_dtft,44.2795089880045,9,identified,4,144.090508224053,63.382340123745564,152.64890726398542,0.04116102381469181,63.43494882292177,2,2.51510583952521,False,,,
7,250.0,432193.75321939413,4006185.6829427546,-75.75422018295744,36.19810994334405,touches_land_or_unmapped,,,,,,,,,,,,,,,,,,,,,,,,,,,
7,300.0,432240.8179846729,4006202.562156873,-75.7536981731233,36.19826540463584,touches_land_or_unmapped,,,,,,,,,,,,,,,,,,,,,,,,,,,
7,350.0,432287.8827499516,4006219.4413709915,-75.75317616118947,36.19842086367117,touches_land_or_unmapped,,,,,,,,,,,,,,,,,,,,,,,,,,,
7,400.0,432334.94751523033,4006236.3205851098,-75.75265414715601,36.198576320449995,ok,89.19739220892211,IW3,0,14262.651501695613,956.9059190608793,153,37,3.3442476937221426,13.89969162527749,0.0,0.00764627974558172,affine_dtft,44.14686991122793,9,identified,1,95.11000096127256,78.17623924025565,92.55699533595988,0.06788449953861529,77.47119229084826,5,5.851142375804121,True,6.233302524644423,7.225363378072622,5.353946811551965
7,450.0,432382.0122805091,4006253.1997992285,-75.75213213102289,36.19873177497227,ok,88.8858201943441,IW3,0,14277.345674030075,957.5765681370223,153,37,3.3442410013598467,13.899690128616879,0.0,0.007646300646704801,affine_dtft,44.149471401976626,9,identified,1,84.56849111457896,71.42186094138877,89.9379018905463,0.06986137295960242,72.47443162627692,7,5.046285618133234,True,6.1869513269493845,7.17410109931219,5.31191650246839
7,500.0,432429.0770457878,4006270.0790133467,-75.7516101127902,36.19888722723799,ok,89.42652502715355,IW3,0,14292.039889627498,958.2471972233828,153,37,3.3442343053903323,13.89968863925977,0.0,0.0076463206317519865,affine_dtft,44.15207290044204,9,identified,1,83.89477303083771,70.65283695872446,85.09727940026018,0.07383532530606819,68.55226367289451,5,5.034653604322435,True,6.267522214632965,7.263207912553384,5.384978898628753
7,550.0,432476.14181106654,4006286.9582274654,-75.75108809245798,36.19904267724708,ok,89.93032858929166,IW3,0,14306.734148486645,958.9178063194211,153,37,3.344227614097585,13.899687146170455,0.0,0.007646319455366289,affine_dtft,44.15467440662398,9,identified,1,87.38555920311897,63.49868760700971,87.9511041506101,0.07143952731304057,66.37062226934306,3,4.50863708106191,True,6.343158932030192,7.34685441271078,5.453576883310225
7,600.0,432523.20657634526,4006303.837441584,-75.75056607002621,36.199198124999505,ok,92.7370376731189,IW3,0,14321.428450608408,959.5883954250055,153,37,3.344220919505254,13.89968565550157,0.0,0.007646339065596281,affine_dtft,44.1572759205226,9,identified,1,92.43728875312944,66.13998387883994,91.58934435839129,0.06860170635781966,63.4349488229219,2,3.8646527413777485,True,6.774622624603522,7.823972505087273,5.845048623266054
7,650.0,432570.27134162403,4006320.7166557023,-75.75004404549496,36.19935357049525,ok,95.79987403121689,IW3,0,14336.122795989615,960.258964539841,153,37,3.344214227305169,13.89968416471474,0.0,0.007646360354275468,affine_dtft,44.15987744213733,9,identified,1,97.0374164342736,68.35851317701255,95.07601314665045,0.06608591482993778,68.19859051364803,1,4.320233058518323,True,7.265383435737154,8.366670684477507,6.290575172309765
7,700.0,432617.33610690275,4006337.595869821,-75.74952201886428,36.199509013734236,ok,98.58801485659544,IW3,0,14350.817184629714,960.9295136636119,153,37,3.3442075355882857,13.89968267468358,0.0,0.007646358899748983,affine_dtft,44.162478971468076,9,identified,2,99.66033514548175,70.37619901642927,103.97144730968249,0.06043183460229139,66.03751102542165,2,3.5640591034096136,True,7.730737469399657,8.881385731144082,6.713193153032962
7,750.0,432664.40087218146,4006354.4750839393,-75.74899999013417,36.19966445471646,ok,100.64850764041772,IW3,0,14365.51161652789,961.6000427961312,153,37,3.3442008406445654,13.899681185702725,0.0,0.007646379648092522,affine_dtft,44.165080508514706,9,identified,1,95.93734698149622,87.0973599397668,100.4114611907501,0.06257438376724263,78.69006752597954,5,3.8282609798537153,True,8.086356196775089,9.274856838337769,7.036205679298899
7,800.0,432711.46563746023,4006371.354298058,-75.74847795930468,36.19981989344186,ok,103.35562532913835,IW3,0,14380.206091682969,962.2705519369731,153,37,3.344194148165829,13.899679698231576,0.0,0.007646399326203504,affine_dtft,44.16768205327699,9,identified,1,96.4504676208747,86.64330709823088,101.89180827750278,0.06166526449375895,84.28940686250012,2,4.542424645115439,True,8.569125438565036,9.80926548954351,7.474721879533179
7,850.0,432758.53040273895,4006388.233512176,-75.74795592637585,36.19997532991042,ok,108.46671445930117,IW3,0,14394.900610093586,962.9410410860872,153,37,3.344187456258323,13.899678211083907,0.0,0.007646396366232034,affine_dtft,44.17028360575471,9,identified,1,99.27606489851752,86.00312348475285,101.89180827750278,0.06166526449375895,84.28940686250012,2,5.345892077654012,True,9.530592690314412,10.87474449745058,8.347845561706258
7,900.0,432805.59516801767,4006405.112726295,-75.74743389134771,36.200130764122086,ok,114.28980081325048,IW3,0,14409.595171758465,963.6115102431218,153,37,3.3441807653597024,13.899676724158775,0.0,0.007646416716252028,affine_dtft,44.17288516594763,9,identified,1,105.24058356243357,84.82522538283878,108.61160159025353,0.05785003825727048,81.86989764584371,3,4.976930867637247,True,10.710172843383873,12.18476157487579,9.418097392378225
7,950.0,432852.6599332964,4006421.991940413,-75.74691185422029,36.200286196076824,ok,119.31375280161976,IW3,0,14424.289776677235,964.2819594076867,153,37,3.3441740724721223,13.899675239295432,0.0,0.00764643725667043,affine_dtft,44.17548673385569,9,identified,1,124.0850714583671,77.03827257441301,129.52689296049664,0.04850873176658259,71.56505117707776,4,4.095912927682589,True,11.805085094144108,13.404299906351023,10.410028733102271
7,1000.0,432899.72469857516,4006438.871154532,-75.74638981499363,36.20044162577459,ok,121.83272723571704,IW3,0,14438.984424847846,964.9523885796174,153,37,3.344167381144899,13.899673754746406,0.0,0.007646437660250649,affine_dtft,44.17808830947851,9,identified,1,130.56331167350757,66.34126655532808,129.52689296049664,0.04850873176658259,71.56505117707776,4,4.225019272995243,True,12.382711491772326,14.049289667491543,10.932578757282322
7,1050.0,432946.7894638539,4006455.75036865,-75.74586777366777,36.20059705321535,ok,123.00774300726417,IW3,0,14453.679116269795,965.6227977587325,153,37,3.344160691075308,13.899672269601288,0.0,0.007646457637848969,affine_dtft,44.18068989281603,9,identified,1,126.91122272630024,64.33285910729016,127.01156821934926,0.04946939397148858,60.255118703057654,2,4.028613863413159,True,12.658984306021246,14.358214248524167,11.182301472465271
7,1100.0,432993.8542291326,4006472.629582769,-75.74534573024272,36.20075247839906,ok,119.99970050476263,IW3,0,14468.373850941764,966.2931869446489,153,37,3.344154000339129,13.89967078576404,0.0,0.007646476611511872,affine_dtft,44.18329148386799,9,identified,1,124.650631537013,63.317838939669315,114.4866804479891,0.05488136508625573,63.434948822921854,1,5.028439244831096,True,11.960431246146342,13.577646120955595,10.550618059278518
7,1150.0,433040.91899441136,4006489.5087968875,-75.74482368471854,36.20090790132568,ok,116.99165800226115,IW3,0,14483.06862886217,966.9635561369936,153,37,3.3441473073077304,13.899669303638955,0.0,0.007646475100809819,affine_dtft,44.185893082634124,9,identified,1,122.10994688421023,63.01300616256254,114.4866804479891,0.05488136508625573,63.434948822921854,1,5.4198719685527585,True,11.289772016756684,12.829860099405721,9.943395799995935
7,1200.0,433087.9837596901,4006506.3880110057,-75.74430163709525,36.20106332199518,ok,117.18934435839125,IW3,0,14497.763450031023,967.6339053356998,153,37,3.3441406193320713,13.899667820623657,0.0,0.0076464948545139876,affine_dtft,44.188494689114435,9,identified,1,118.5099530125592,62.89811590543088,114.4866804479891,0.05488136508625573,63.434948822921854,1,5.6770439671673785,True,11.333015095445749,12.878031501062166,9.982569123227098
7,1250.0,433135.0485249688,4006523.2672251244,-75.7437795873729,36.20121874040752,ok,117.8650103359918,IW3,0,14512.458314445965,968.3042345404524,153,37,3.3441339294097454,13.899666341334607,0.0,0.007646515427484894,affine_dtft,44.191096303308505,9,identified,1,113.92467011505364,63.59468144013137,114.4866804479891,0.05488136508625573,63.434948822921854,1,5.909461629133721,True,11.481689062520182,13.043695385561408,10.11723001905473
7,1300.0,433182.11329024757,4006540.1464392426,-75.74325753555149,36.201374156562636,ok,118.99112029865937,IW3,0,14527.15322210715,968.974543750718,153,37,3.344127239273585,13.899664859141286,0.0,0.007646514590072888,affine_dtft,44.19369792521636,9,identified,2,110.14723630210682,64.30801080010613,127.99999999999986,0.04908738521234057,89.99999999999962,1,3.3709799915459393,True,11.732515933876176,13.323350615480894,10.344339769374503
7,1350.0,433229.1780555263,4006557.0256533613,-75.7427354816311,36.20152957046053,ok,,IW3,0,14541.84817301217,969.644832966663,153,37,3.3441205487925107,13.899663382403388,0.0,0.007646534532540366,affine_dtft,44.19629955483758,9,ambiguous_multiple_blobs,4,126.18854092887875,86.67316469470941,127.99999999999986,0.04908738521234057,89.99999999999962,1,2.982714653028933,False,,,
7,1400.0,433276.242820805,4006573.9048674796,-75.74221342561174,36.201684982101135,ok,,IW3,0,14556.543167160236,970.3151021877276,153,37,3.3441138591746573,13.899661901216167,0.0,0.007646556346967682,affine_dtft,44.198901192172,9,ambiguous_multiple_blobs,2,126.29187758248072,87.95801927280827,127.99999999999986,0.04908738521234057,89.99999999999962,1,2.733806193617652,False,,,
7,1450.0,433323.3075860837,4006590.7840815983,-75.74169136749344,36.20184039148441,ok,,IW3,0,14571.238204550771,970.9853514136059,153,37,3.34410717005539,13.899660423635996,0.0,0.007646555242717917,affine_dtft,44.201502837219564,9,identified,1,125.65503672557078,87.773595513495,127.99999999999986,0.04908738521234057,89.99999999999962,1,2.7457065210672744,False,,,
7,1500.0,433370.3723513625,4006607.6632957165,-75.74116930727624,36.201995798610334,ok,,IW3,0,14585.933285182644,971.6555806441644,153,37,3.344100481610871,13.899658947583939,0.0,0.007646574535924924,affine_dtft,44.20410448998003,9,identified,1,125.360352251029,86.1575341848808,127.01156821934933,0.04946939397148855,82.8749836510979,2,2.9545833966139785,False,,,
7,1550.0,433417.4371166412,4006624.542509835,-75.74064724496019,36.202151203478856,ok,127.34104547956618,IW3,0,14600.628409053632,972.3257898791923,153,37,3.344093792937175,13.899657470550165,0.0,0.007646593626171269,affine_dtft,44.20670615045304,9,identified,1,126.66974380648097,86.22563371916941,127.01156821934933,0.04946939397148855,82.8749836510979,2,3.4139297732654996,True,13.7170022684641,15.544080711890961,12.137266046389431
7,1600.0,433464.5018819199,4006641.421723954,-75.7401251805453,36.20230660608995,ok,127.50578410967461,IW3,0,14615.32357616322,972.9959791183319,153,37,3.3440871042678997,13.8996559950261,0.0,0.007646593308720214,affine_dtft,44.20930781863847,9,identified,1,126.79397769642098,85.95724030117952,127.01156821934933,0.04946939397148855,82.8749836510979,2,3.484771920015408,True,13.758478022513826,15.590663888009754,12.174654516271966
7,1650.0,433511.5666471987,4006658.300938072,-75.73960311403161,36.20246200644356,ok,127.60462728773966,IW3,0,14630.018786511393,973.6661483612671,153,37,3.344080418339437,13.899654517894865,0.0,0.007646613608118551,affine_dtft,44.21190949453634,9,identified,1,126.3468955674592,86.70457413237747,127.99999999999986,0.04908738521234057,89.99999999999962,1,4.047160870240161,True,13.783408656735793,15.618668156588427,12.197126519268732
7,1700.0,433558.6314124774,4006675.180152191,-75.73908104541917,36.20261740453966,ok,127.80231364386975,IW3,0,14644.71404009546,974.3362976077317,153,37,3.344073729417893,13.899653044940578,0.0,0.0076466329340200544,affine_dtft,44.21451117814617,9,identified,1,124.24101808295278,87.54079915738369,127.99999999999986,0.04908738521234057,89.99999999999962,1,4.614344038256909,True,13.8333718469297,15.674799391530643,12.242158289057546
7,1750.0,433605.6961777561,4006692.059366309,-75.738558974708,36.2027728003782,ok,127.80231364386975,IW3,0,14659.409336915103,975.0064268575509,153,37,3.3440670419111824,13.89965157220917,0.0,0.007646652770198002,affine_dtft,44.2171128694679,9,identified,1,123.39267175529015,87.84778852866263,127.99999999999986,0.04908738521234057,89.99999999999962,1,4.473414973835348,True,13.8333718469297,15.674799391530643,12.242158289057546
7,1800.0,433652.76094303484,4006708.938580428,-75.73803690189814,36.20292819395915,ok,127.03796164759024,IW3,0,14674.104676968676,975.676536110386,153,37,3.3440603543666896,13.899650096573607,0.0,0.0076466532425820905,affine_dtft,44.21971456850124,9,identified,1,122.9256765718365,85.93576246552841,127.99999999999986,0.04908738521234057,89.99999999999962,1,4.24530902886307,True,13.640940871824675,15.458672368781112,12.068690515652282
7,1850.0,433699.8257083136,4006725.817794546,-75.73751482698961,36.203083585282464,ok,126.79745205948785,IW3,0,14688.800060255904,976.3466253659097,153,37,3.3440536662285214,13.899648626310285,0.0,0.007646673873241298,affine_dtft,44.22231627524614,9,identified,1,121.77805333739643,84.01232236482936,127.01156821934933,0.04946939397148855,82.8749836510979,2,3.910632675618961,True,13.580808125615471,15.39116778525855,12.014467131226318
7,1900.0,433746.8904735923,4006742.6970086647,-75.73699274998248,36.20323897434811,ok,126.39660274598384,IW3,0,14703.495486774436,977.0166946240391,153,37,3.3440469799419845,13.89964715534108,0.0,0.007646693268834662,affine_dtft,44.22491798970219,9,identified,1,122.12347731207062,79.32589459536688,124.17824001860234,0.05059811852896565,75.96375653207325,1,4.065939566775041,True,13.481027265749555,15.279188681064094,11.924474904356016
7,1950.0,433793.95523887104,4006759.576222783,-75.73647067087674,36.20339436115605,ok,,IW3,0,14718.190956524273,977.6867438843196,153,37,3.3440402930505617,13.899645683794358,0.0,0.007646692058392641,affine_dtft,44.22751971186939,9,identified,1,143.18368365821178,60.853147395192565,134.45778724835563,0.04672979851716567,66.80140948635159,2,2.687453043505688,False,,,
7,2000.0,433841.0200041498,4006776.4554369017,-75.73594858967245,36.20354974570623,ok,,IW3,0,14732.886469504112,978.3567731465171,153,37,3.344033606964372,13.89964421649889,0.0,0.007646711364080195,affine_dtft,44.230121441747514,9,ambiguous_multiple_blobs,2,141.21782822065734,58.17353860405502,142.0032502336585,0.04424677109038668,56.309932474020094,1,3.5566313316148195,False,,,
7,2050.0,433888.08476942853,4006793.33465102,-75.73542650636965,36.20370512799862,ok,,IW3,0,14747.582025711832,979.0267824103024,153,37,3.3440269207216406,13.89964274813852,0.0,0.007646731522675044,affine_dtft,44.232723179336176,9,ambiguous_multiple_blobs,2,142.26415696861983,58.44316275599894,142.0032502336585,0.04424677109038668,56.309932474020094,1,3.555317780848641,False,,,
7,2100.0,433935.14953470725,4006810.2138651386,-75.73490442096836,36.203860508033195,ok,63.99999999999992,IW3,0,14762.277625147011,979.6967716757011,153,37,3.344020236054649,13.899641277710156,0.0,0.09608686150299336,affine_dtft,44.23532492463531,9,identified,1,62.43351560042167,87.67016624573169,63.99999999999993,0.09817477042468115,89.99999999999982,1,5.281173998785358,True,3.1107941897361537,3.759681475989099,2.5396894914322847
7,2150.0,433982.21429998596,4006827.0930792573,-75.73438233346862,36.2040158858099,ok,63.99999999999993,IW3,0,14776.973267809242,980.3667409421005,153,37,3.3440135493261143,13.899639811910662,0.0,0.338730572411146,affine_dtft,44.23792667764484,9,identified,1,62.51188977883602,88.09774767070272,63.99999999999993,0.09817477042468115,89.99999999999982,1,5.8991548425657,True,3.1107941897361546,3.7596814759890993,2.539689491432285
7,2200.0,434029.27906526474,4006843.9722933755,-75.73386024387047,36.204171261328696,ok,63.99999999999993,IW3,0,14791.668953696104,981.0366902093627,153,37,3.3440068652503605,13.899638345790919,0.0,0.4863567888998084,affine_dtft,44.240528438364336,9,identified,1,62.64984009979818,88.87328823903846,63.99999999999993,0.09817477042468115,89.99999999999982,1,6.0027010843868815,True,3.1107941897361546,3.7596814759890993,2.539689491432285
7,2250.0,434076.34383054345,4006860.851507494,-75.73333815217391,36.20432663458954,ok,63.99999999999992,IW3,0,14806.36468280735,981.7066194771502,153,37,3.344000178078237,13.899636879066085,0.0,0.5389160081779539,affine_dtft,44.24313020679376,9,identified,1,62.838771702883435,89.61057145579828,63.99999999999993,0.09817477042468115,89.99999999999982,1,5.884108423595934,True,3.1107941897361537,3.759681475989099,2.5396894914322847
7,2300.0,434123.40859582217,4006877.7307216125,-75.73281605837904,36.2044820055924,ok,,IW3,0,14821.060455141334,982.3765287453033,153,37,3.3439934952491597,13.899635413668122,0.0,0.5173774442888427,affine_dtft,44.245731982932824,9,identified,3,63.25522898019959,89.6640846366509,106.47045015757536,0.05901341919641108,62.102728969052244,4,2.8930048338500787,False,,,
7,2350.0,434170.47336110094,4006894.609935731,-75.73229396248584,36.20463737433725,ok,,IW3,0,14835.784242876822,983.0464010128622,154,37,3.3192687774111587,13.899633948593902,0.0,0.4895566054283032,affine_dtft,44.24833052107263,9,identified,2,129.99139785230133,60.062716154042654,106.47045015757536,0.05901341919641108,62.102728969052244,4,2.697495793641673,False,,,
7,2400.0,434217.53812637966,4006911.4891498494,-75.73177186449436,36.20479274082404,ok,91.5893443583913,IW3,0,14850.589538707063,983.7162037682742,154,37,3.3192621436816627,13.899632486133187,0.0,0.5445282189945662,affine_dtft,44.25091961427039,9,identified,2,90.7483938703984,63.32602242273542,91.58934435839129,0.06860170635781966,63.4349488229219,2,3.3900819661616657,True,6.5961110113665,7.626576734417515,5.683052747529457
7,2450.0,434264.6028916584,4006928.368363968,-75.73124976440464,36.20494810505272,ok,94.6848700962141,IW3,0,14865.394878079192,984.3859865228372,154,37,3.319255510450192,13.899631023426611,0.0,0.5416142362700337,affine_dtft,44.25350871513996,9,identified,1,89.45706509693288,63.848867255687686,91.58934435839129,0.06860170635781966,63.4349488229219,2,3.536988433014432,True,7.084280791331423,8.166393509148403,6.1261402097286375
7,2500.0,434311.6676569371,4006945.2475780863,-75.73072766221671,36.205103467023264,ok,98.6452321665691,IW3,0,14880.200260991562,985.0557492765103,154,37,3.319248876145249,13.899629560758997,0.0,0.4613347088162975,affine_dtft,44.25609782368105,9,identified,1,92.62265491366774,64.65411178403257,91.58934435839129,0.06860170635781966,63.4349488229219,2,3.3960914530247326,True,7.740476820001572,8.892160007371391,6.72203910864154
7,2550.0,434358.73242221586,4006962.126792205,-75.73020555793059,36.20525882673562,ok,103.22469938448867,IW3,0,14895.005687443205,985.7254920288563,154,37,3.319242240766822,13.899628099693965,0.0,0.2815041884743682,affine_dtft,44.25868693989351,9,identified,1,109.01280581813702,66.1901570464355,103.97144730968249,0.06043183460229139,66.03751102542165,2,3.4218862993829866,True,8.545363552208254,9.782953977722071,7.453138760704478
7,2600.0,434405.7971874946,4006979.0060063233,-75.72968345154635,36.20541418418977,ok,107.80416660240822,IW3,0,14909.811157432192,986.3952147798277,154,37,3.3192356071398206,13.899626641720687,0.0,0.007738407015762963,affine_dtft,44.26127606377699,9,identified,1,116.1892265835599,63.98401723988791,114.4866804479891,0.05488136508625573,63.434948822921854,1,3.9391289207605125,True,9.40216608640643,10.732318958784074,8.231248283567066
7,2650.0,434452.8619527733,4006995.885220442,-75.72916134306399,36.20556953938568,ok,111.85787216341245,IW3,0,14924.616670958774,987.0649175290973,154,37,3.3192289723357824,13.899625177799887,0.0,0.007738428551881842,affine_dtft,44.26386519533153,9,identified,1,117.22256639941347,64.07730800525849,114.4866804479891,0.05488136508625573,63.434948822921854,1,4.126212350903754,True,10.20624059758108,11.624668523568292,8.961041056554212
7,2700.0,434499.92671805207,4007012.7644345607,-75.72863923248357,36.205724892323275,ok,114.4866804479891,IW3,0,14939.422228020872,987.73460027624,154,37,3.3192223402144676,13.899623722000936,0.0,0.007738428225835051,affine_dtft,44.26645433455677,9,identified,1,117.87982432417373,65.14672476476505,114.4866804479891,0.05488136508625573,63.434948822921854,1,4.0925395967141105,True,10.751697208045057,12.230945217390955,9.455745991365431
7,2750.0,434546.9914833308,4007029.643648679,-75.7281171198051,36.20588024300254,ok,,IW3,0,14954.227828617511,988.4042630210789,154,37,3.3192157070925163,13.899622263869155,0.0,0.007738447144880877,affine_dtft,44.26904348145255,9,identified,1,115.97836832475436,66.21615654310772,114.4866804479891,0.05488136508625573,63.434948822921854,1,2.888848440558484,False,,,
7,2800.0,434594.0562486095,4007046.5228627976,-75.72759500502863,36.20603559142342,ok,,IW3,0,14969.033472747837,989.0739057632697,154,37,3.319209075139208,13.899620806051976,0.0,0.007738468979536505,affine_dtft,44.27163263601871,9,identified,1,115.56479571460376,65.86209092221152,114.4866804479891,0.05488136508625573,63.434948822921854,1,2.6722621819578385,False,,,
7,2850.0,434641.1210138882,4007063.402076916,-75.72707288815421,36.206190937585895,ok,,IW3,0,14983.839160409747,989.7435285026299,154,37,3.3192024428831033,13.899619347804856,0.0,0.007738467987597593,affine_dtft,44.274221798254885,9,ambiguous_multiple_blobs,2,125.85884718637504,62.62499414674455,127.01156821934926,0.04946939397148858,60.255118703057654,2,2.4656468569491756,False,,,
7,2900.0,434688.185779167,4007080.2812910345,-75.72655076918184,36.20634628148993,ok,,IW3,0,14998.644891603486,990.41313123898,154,37,3.319195808315471,13.899617894378988,0.0,0.007738488520578252,affine_dtft,44.276810968161115,9,identified,1,140.6513040739975,57.39521732902099,142.0032502336585,0.04424677109038668,56.309932474020094,1,2.803246223585916,False,,,
7,2950.0,434735.2505444457,4007097.160505153,-75.72602864811157,36.20650162313546,ok,,IW3,0,15013.450666327462,991.0827139717812,154,37,3.3191891785270164,13.899616438884992,0.0,0.007738508933835188,affine_dtft,44.279400145737135,9,identified,1,145.78361711775716,59.12858236522754,142.0032502336585,0.04424677109038668,56.309932474020094,1,2.8305434780539676,False,,,
7,3000.0,434782.3153097244,4007114.0397192715,-75.72550652494344,36.20665696252245,ok,,IW3,0,15028.256484579892,991.7522767009142,154,37,3.319182544054506,13.899614982512261,0.0,0.007738508033328614,affine_dtft,44.281989330982626,9,identified,3,141.47506285894093,62.17356176033144,127.01156821934926,0.04946939397148858,60.255118703057654,2,2.479414054151268,False,,,
8,250.0,432271.70098515454,4005967.3105084924,-75.75333436414813,36.196146805226995,touches_land_or_unmapped,,,,,,,,,,,,,,,,,,,,,,,,,,,
8,300.0,432318.8082274484,4005984.0708105024,-75.75281188276267,36.19630119356723,touches_land_or_unmapped,,,,,,,,,,,,,,,,,,,,,,,,,,,
8,350.0,432365.91546974226,4006000.8311125124,-75.75228939928996,36.196455579646816,touches_land_or_unmapped,,,,,,,,,,,,,,,,,,,,,,,,,,,
8,400.0,432413.02271203615,4006017.591414523,-75.75176691373002,36.19660996346573,ok,96.14736800665435,IW3,0,14275.367714348236,940.4854856120357,153,37,3.3443286127077054,13.899694906161411,0.0,0.007645951357043951,affine_dtft,44.14916561679901,9,identified,1,97.15709892123387,77.63911109777457,100.4114611907501,0.06257438376724263,78.69006752597954,1,7.300894781113776,True,7.322403182791998,8.429730737808422,6.342352068487095
8,450.0,432460.12995433,4006034.351716533,-75.7512444260829,36.1967643450239,ok,94.09830204264328,IW3,0,14290.06849098111,941.1471880673289,153,37,3.344321964262099,13.899693414901853,0.0,0.0076459710530169455,affine_dtft,44.151768300939366,9,identified,1,96.09959958084941,77.63466543735194,98.08141160664577,0.06406091841722486,73.30075576600615,2,5.301560434703934,True,6.990137001649561,8.062286906411693,6.0406715386181675
8,500.0,432507.2371966239,4006051.112018543,-75.75072193634864,36.196918724321314,ok,93.59651050579289,IW3,0,14304.769310524058,941.8088705129178,153,37,3.344315314378931,13.899691926799344,0.0,0.007645970440487335,affine_dtft,44.15437099273399,9,identified,1,87.5429879463491,64.45502061567855,89.94923122256716,0.06985257374387889,71.56505117707782,5,4.48234378444612,True,6.9102127676901,7.973906412173287,5.968118576663725
8,550.0,432554.3444389177,4006067.872320553,-75.75019944452724,36.19707310135793,ok,94.30850772957936,IW3,0,14319.470172977908,942.4705329485781,153,37,3.3443086641215323,13.899690436713033,0.0,0.007645989728697996,affine_dtft,44.15697369218303,9,identified,1,89.5303038787299,63.88130571101761,87.9511041506101,0.07143952731304057,66.37062226934306,3,4.477683487600016,True,7.023785869467642,8.099496385503489,6.071218837279798
8,600.0,432601.4516812116,4006084.632622563,-75.74967695061878,36.1972274761337,ok,95.48651487018671,IW3,0,14334.171078339486,943.1321753740198,153,37,3.3443020177700076,13.899688950169814,0.0,0.007646010575550246,affine_dtft,44.159576399285925,9,identified,1,92.78397168141086,66.41780855345907,91.58934435839129,0.06860170635781966,63.4349488229219,2,3.854679319549746,True,7.214201234121414,8.310068008718906,6.244100980246096
8,650.0,432648.5589235054,4006101.392924573,-75.74915445462327,36.1973818486486,ok,98.95244731171469,IW3,0,14348.872026608433,943.793797789,153,37,3.3442953680310166,13.899687462194839,0.0,0.0076460082426854726,affine_dtft,44.16217911404261,9,identified,1,97.97668553831592,67.09357979126925,103.97144730968249,0.06043183460229139,66.03751102542165,2,3.5329908778609687,True,7.792901792825179,8.950157329729228,6.769655621661567
8,700.0,432695.6661657993,4006118.153226583,-75.74863195654073,36.19753621890256,ok,101.74058813709323,IW3,0,14363.573017783996,944.4554001930838,153,37,3.3442887197374653,13.899685975721324,0.0,0.007646028030802703,affine_dtft,44.16478183645295,9,identified,2,105.61940428714234,68.87005894982401,103.97144730968249,0.06043183460229139,66.03751102542165,2,3.604844383102684,True,8.278960675869726,9.488024413873909,7.211156796459303
8,750.0,432742.77340809314,4006134.913528593,-75.74810945637122,36.197690586895575,ok,103.8010809209155,IW3,0,14378.274051865075,945.1169825861322,153,37,3.344282072191211,13.899684489940316,0.0,0.007646048123488843,affine_dtft,44.16738456651677,9,identified,1,98.7806977915973,87.17112575529248,107.27889343020705,0.058568699827867526,77.90524292298765,3,4.240400326631907,True,8.65029012981994,9.899145840048625,7.5484434678002135
8,800.0,432789.88065038703,4006151.673830603,-75.74758695411478,36.197844952627605,ok,104.72911177702971,IW3,0,14392.975128849797,945.7785449680279,153,37,3.3442754255507134,13.899683005109214,0.0,0.007646048431651774,affine_dtft,44.169987304233715,9,identified,1,97.96167018359426,86.34860360596183,101.89180827750278,0.06166526449375895,84.28940686250012,2,4.971776195807055,True,8.820973278491033,10.088192917055405,7.703468284707344
8,850.0,432836.9878926809,4006168.434132613,-75.74706444977143,36.197999316098596,ok,108.77047031881371,IW3,0,14407.676248737213,946.4400873382916,153,37,3.3442687773578363,13.899681522350082,0.0,0.0076460674729463655,affine_dtft,44.17259004960363,9,identified,1,99.40288497712744,85.11246678383054,101.89180827750278,0.06166526449375895,84.28940686250012,2,6.107051605546308,True,9.589857957268062,10.940482062220141,8.40164797262572
8,900.0,432884.09513497475,4006185.194434623,-75.74654194334119,36.198153677308504,ok,112.15033963649276,IW3,0,14422.377411526897,947.1016096965999,153,37,3.3442621300284396,13.899680037616422,0.0,0.0076460879424394505,affine_dtft,44.17519280262644,9,identified,1,111.87038494981417,81.69424038311851,108.61160159025353,0.05785003825727048,81.86989764584371,3,5.257080589250744,True,10.26597331678908,11.691022328690002,9.015231984671233
8,950.0,432931.20237726864,4006201.9547366328,-75.74601943482413,36.19830803625731,ok,115.74200492675968,IW3,0,14437.078617216726,947.7631120428781,153,37,3.344255483140152,13.899678554743113,0.0,0.007646086833144837,affine_dtft,44.177795563301764,9,identified,1,120.43054612375603,76.63360953915777,124.17824001860234,0.05059811852896565,75.96375653207325,1,4.365257561610492,True,11.01907012455056,12.528440119649021,9.698110795406265
8,1000.0,432978.30961956247,4006218.7150386428,-75.74549692422026,36.198462392944954,ok,119.33367021702665,IW3,0,14451.779865806302,948.4245943767417,153,37,3.3442488363867064,13.899677074686592,0.0,0.007646105891172327,affine_dtft,44.18039833162954,9,identified,1,125.87378747353152,74.89368529680387,124.17824001860234,0.05059811852896565,75.96375653207325,1,3.9035010118562576,True,11.809575474517946,13.409309418276884,10.41409310874319
8,1050.0,433025.41686185636,4006235.4753406527,-75.74497441152963,36.198616747371425,ok,120.50868598857377,IW3,0,14466.481157294042,949.0860566980343,153,37,3.3442421900896577,13.899675594651224,0.0,0.007646126193800185,affine_dtft,44.18300110760947,9,identified,1,126.97947437621924,69.56427711251159,119.85013472883753,0.05242535038776029,69.44395478041629,2,4.176541199419131,True,12.07663721682908,13.70737223617043,10.6557591418233
8,1100.0,433072.5241041502,4006252.235642663,-75.74445189675227,36.198771099536664,ok,118.57037407445111,IW3,0,14481.182491679156,949.74749900637,153,37,3.344235544057706,13.899674112365618,0.0,0.007646125622021717,affine_dtft,44.18560389124144,9,identified,1,126.73539925635959,66.19484257161305,119.85013472883753,0.05242535038776029,69.44395478041629,2,4.663590688702771,True,11.638352820987244,13.21834039016022,10.259091727143414
8,1150.0,433119.6313464441,4006268.995944673,-75.7439293798882,36.198925449440615,ok,116.63206216032847,IW3,0,14495.88386895993,950.4089213014591,153,37,3.3442288980456008,13.899672630579413,0.0,0.007646146589342426,affine_dtft,44.188206682525134,9,identified,1,122.7854677056868,64.49346219323893,114.4866804479891,0.05488136508625573,63.434948822921854,1,5.241988563656593,True,11.211407255661067,12.742579368231334,9.872399402972498
8,1200.0,433166.73858873796,4006285.756246683,-75.74340686093747,36.19907979708329,ok,118.26203521456094,IW3,0,14510.585289136074,951.070323583221,153,37,3.3442222528232173,13.899671153881448,0.0,0.007646165525755035,affine_dtft,44.190809481460505,9,identified,1,118.57830322108735,63.55093157079678,114.4866804479891,0.05488136508625573,63.434948822921854,1,5.547194292319163,True,11.569685877404883,13.141782117784498,10.196917254835977
8,1250.0,433213.8458310318,4006302.516548693,-75.7428843399001,36.1992341424646,ok,117.8650103359918,IW3,0,14525.286752206464,951.7317058510805,153,37,3.344215607402387,13.89966967705742,0.0,0.00764616588015515,affine_dtft,44.19341228804734,9,identified,1,114.41271018908598,63.67605934913059,114.4866804479891,0.05488136508625573,63.434948822921854,1,5.491212194701201,True,11.481689062520182,13.043695385561408,10.11723001905473
8,1300.0,433260.9530733257,4006319.276850703,-75.74236181677615,36.19938848558453,ok,118.99112029865937,IW3,0,14539.988258168445,952.3930681050763,153,37,3.3442089619133366,13.899668197422583,0.0,0.0076461846750745,affine_dtft,44.196015102285195,9,identified,2,111.407158913018,63.96897136679559,127.99999999999986,0.04908738521234057,89.99999999999962,1,3.981729949278789,True,11.732515933876176,13.323350615480894,10.344339769374503
8,1350.0,433308.0603156195,4006336.037152713,-75.74183929156565,36.19954282644303,ok,,IW3,0,14554.68980702235,953.0544103446946,153,37,3.3442023161944725,13.899666721128426,0.0,0.007646204153621979,affine_dtft,44.198617924174116,9,ambiguous_multiple_blobs,3,125.57697374270155,88.15910160419074,127.99999999999986,0.04908738521234057,89.99999999999962,1,3.5316843203815473,False,,,
8,1400.0,433355.1675579134,4006352.797454723,-75.7413167642686,36.19969716504007,ok,,IW3,0,14569.391398767155,953.7157325697473,153,37,3.3441956715150307,13.89966524413842,0.0,0.007646204281712559,affine_dtft,44.20122075371391,9,ambiguous_multiple_blobs,3,65.68183348606695,88.93101565429814,127.99999999999986,0.04908738521234057,89.99999999999962,1,3.207161463306264,False,,,
8,1450.0,433402.27480020723,4006369.557756733,-75.74079423488509,36.19985150137562,ok,,IW3,0,14584.093033400288,954.3770347802161,153,37,3.3441890281930227,13.89966377059081,0.0,0.007646223125877913,affine_dtft,44.20382359090415,9,identified,1,125.91416330280441,89.95766248902736,127.99999999999986,0.04908738521234057,89.99999999999962,1,2.7971269072428564,False,,,
8,1500.0,433449.3820425011,4006386.318058743,-75.7402717034151,36.20000583544963,ok,127.34104547956618,IW3,0,14598.794710922473,955.0383169754898,153,37,3.3441823841623877,13.899662298278187,0.0,0.007646244480543716,affine_dtft,44.20642643574494,9,identified,1,125.6406075215212,88.05573057002651,127.99999999999986,0.04908738521234057,89.99999999999962,1,3.028178372365697,True,13.7170022684641,15.544080711890961,12.137266046389431
8,1550.0,433496.48928479495,4006403.078360753,-75.73974916985873,36.200160167262055,ok,127.50578410967461,IW3,0,14613.496431330192,955.6995791554763,153,37,3.3441757404849164,13.899660823715468,0.0,0.007646243787734187,affine_dtft,44.20902928823566,9,identified,1,126.55305582175859,86.91934909740482,127.01156821934933,0.04946939397148855,82.8749836510979,2,3.4680757112369642,True,13.758478022513826,15.590663888009754,12.174654516271966
8,1600.0,433543.59652708884,4006419.838662763,-75.73922663421594,36.20031449681287,ok,127.60462728773966,IW3,0,14628.198194625018,956.3608213197875,153,37,3.344169097030338,13.899659350102867,0.0,0.007646262962935988,affine_dtft,44.21163214837661,9,identified,1,126.07709173473773,86.01689938619498,127.01156821934933,0.04946939397148855,82.8749836510979,2,3.5643837678995323,True,13.783408656735793,15.618668156588427,12.197126519268732
8,1650.0,433590.70376938273,4006436.598964773,-75.73870409648681,36.20046882410203,ok,127.60462728773966,IW3,0,14642.90000080388,957.0220434683067,153,37,3.344162453595578,13.89965787957367,0.0,0.007646283798576342,affine_dtft,44.21423501616724,9,identified,1,125.18760163355965,86.88801680170482,127.99999999999986,0.04908738521234057,89.99999999999962,1,3.988868623969924,True,13.783408656735793,15.618668156588427,12.197126519268732
8,1700.0,433637.81101167656,4006453.359266783,-75.73818155667138,36.200623149129484,ok,127.80231364386975,IW3,0,14657.601849866314,957.6832456005342,153,37,3.344155810222812,13.899656407695602,0.0,0.0076462824445639645,affine_dtft,44.21683789160743,9,identified,1,123.27781014359215,88.10841851219845,127.99999999999986,0.04908738521234057,89.99999999999962,1,4.993303613194985,True,13.8333718469297,15.674799391530643,12.242158289057546
8,1750.0,433684.91825397045,4006470.119568793,-75.73765901476965,36.20077747189522,ok,127.80231364386975,IW3,0,14672.303741811646,958.3444277165437,153,37,3.3441491677280784,13.899654938708709,0.0,0.007646302468310135,affine_dtft,44.21944077469712,9,identified,1,122.70183302974161,88.34772743991654,127.99999999999986,0.04908738521234057,89.99999999999962,1,4.820560538850267,True,13.8333718469297,15.674799391530643,12.242158289057546
8,1800.0,433732.0254962643,4006486.8798708036,-75.73713647078168,36.200931792399174,ok,125.5582971452751,IW3,0,14687.005676638266,959.0055898156758,153,37,3.344142525076959,13.89965346736997,0.0,0.007646322571859195,affine_dtft,44.22204366543599,9,identified,1,122.238230153439,86.34900108854455,127.99999999999986,0.04908738521234057,89.99999999999962,1,4.00333297624984,True,13.27411822234424,15.047118961590021,11.73779726659251
8,1850.0,433779.13273855817,4006503.6401728136,-75.73661392470751,36.20108611064133,ok,124.24458957536827,IW3,0,14701.707654344273,959.6667318980459,153,37,3.344135882824944,13.899651998756726,0.0,0.0076463214359410656,affine_dtft,44.22464656382371,9,identified,1,121.03286320287943,84.57501288808625,127.01156821934933,0.04946939397148855,82.8749836510979,2,3.405519842273625,True,12.954608822684108,14.689103297182017,11.449357514403427
8,1900.0,433826.239980852,4006520.4004748235,-75.73609137654717,36.201240426621624,ok,123.30573696921039,IW3,0,14716.409674929746,960.3278539631323,153,37,3.344129240749898,13.899650530716155,0.0,0.007646342371903385,affine_dtft,44.227249469860304,9,identified,1,120.83391102152228,80.58921362279763,116.77991750702667,0.05380364570647625,81.25383773744446,3,3.395591139341639,True,12.729754304512621,14.437395183563728,11.246247627156789
8,1950.0,433873.3472231459,4006537.1607768335,-75.73556882630066,36.201394740340035,ok,121.74098262561388,IW3,0,14731.111738393309,960.9889560107121,153,37,3.34412259892837,13.899649063359352,0.0,0.007646341682690615,affine_dtft,44.22985238354551,9,identified,2,143.5192261346917,58.76389499285662,121.43146215046566,0.05174264721768807,71.5650511770778,3,3.0465067217093127,True,12.361325382128175,14.02538796320403,10.913242089397926
8,2000.0,433920.4544654398,4006553.9210788435,-75.73504627396807,36.20154905179651,ok,,IW3,0,14745.813844733279,961.6500380405065,153,37,3.3441159574025514,13.899647596520593,0.0,0.007646361047857661,affine_dtft,44.23245530487905,9,ambiguous_multiple_blobs,2,142.64344787236848,53.585844443002635,142.0032502336585,0.04424677109038668,56.309932474020094,1,3.7979360246042244,False,,,
8,2050.0,433967.5617077336,4006570.6813808535,-75.73452371954941,36.201703360991026,ok,,IW3,0,14760.515993948306,962.3111000522804,153,37,3.34410931512228,13.899646130807035,0.0,0.05226620649885036,affine_dtft,44.235058233860684,9,ambiguous_multiple_blobs,3,148.19350893677347,52.411495045296746,159.92193217393253,0.03928907825066757,51.340191745909806,2,3.689908524311928,False,,,
8,2100.0,434014.6689500275,4006587.4416828635,-75.73400116304471,36.201857667923534,ok,,IW3,0,14775.218186038195,962.972142045808,153,37,3.3441026761388195,13.899644665418165,0.0,0.32447941165073546,affine_dtft,44.23766117049036,9,ambiguous_multiple_blobs,3,62.6438461153601,87.69982651284514,142.0032502336585,0.04424677109038668,56.309932474020094,1,3.255959648652767,False,,,
8,2150.0,434061.7761923213,4006604.2019848735,-75.733478604454,36.20201197259401,ok,,IW3,0,14789.920421001985,963.6331640207873,153,37,3.344096034246864,13.899643201908356,0.0,0.4722032980145016,affine_dtft,44.240264114767925,9,ambiguous_multiple_blobs,2,62.13074617593257,88.39445483486087,102.39999999999988,0.061359231515425716,89.99999999999969,1,4.338693535435295,False,,,
8,2200.0,434108.8834346152,4006620.9622868835,-75.73295604377734,36.2021662750024,ok,80.82889348266299,IW3,0,14804.62269883758,964.2941659769559,153,37,3.3440893938732867,13.899641738704819,0.0,0.5363207698423752,affine_dtft,44.24286706669301,9,identified,1,61.872790255825365,89.38549532664786,63.99999999999993,0.09817477042468115,89.99999999999982,1,5.488248433943125,True,5.058715024734507,5.925526106666346,4.290358325799655
8,2250.0,434155.99067690904,4006637.7225888935,-75.73243348101475,36.20232057514866,ok,80.82889348266299,IW3,0,14819.32501954356,964.9551479139685,153,37,3.344082753665136,13.899640275927993,0.0,0.523543775230483,affine_dtft,44.245470026265345,9,identified,1,61.94395318512374,90.08261781815077,63.99999999999993,0.09817477042468115,89.99999999999982,1,5.440499350789991,True,5.058715024734507,5.925526106666346,4.290358325799655
8,2300.0,434203.09791920293,4006654.4828909035,-75.73191091616626,36.202474873032756,ok,83.51900620159506,IW3,0,14834.042480627171,965.6161006557353,154,37,3.3193574230541008,13.89963881280426,0.0,0.4825862757517018,affine_dtft,44.248071241668924,9,identified,3,115.46848702552873,65.54374175235132,114.4866804479891,0.05488136508625573,63.434948822921854,3,3.1382803307447076,True,5.420601273134728,6.326237199182966,4.617657306914385
8,2350.0,434250.20516149676,4006671.2431929135,-75.7313883492319,36.202629168654674,ok,,IW3,0,14848.854372885304,966.2769760115324,154,37,3.3193508322985146,13.899637352497633,0.0,0.5405247226425282,affine_dtft,44.25066151251778,9,identified,2,124.07981180593927,63.678932084898655,106.47045015757536,0.05901341919641108,62.102728969052244,4,2.9738828804250224,False,,,
8,2400.0,434297.31240379065,4006688.0034949235,-75.73086578021173,36.20278346201435,ok,97.31367838079075,IW3,0,14863.666308330483,966.9378313472187,154,37,3.3193442408912213,13.899635891946149,0.0,0.5442839681009435,affine_dtft,44.25325179097641,9,identified,3,137.45473425108207,59.289034731142536,91.58934435839129,0.06860170635781966,63.4349488229219,2,3.2868417064760083,True,7.515809561766329,8.643640202075316,6.517989822416796
8,2450.0,434344.41964608454,4006704.7637969335,-75.73034320910577,36.202937753111726,ok,94.6848700962141,IW3,0,14878.47828696091,967.5986666623489,154,37,3.3193376516875417,13.899634430515032,0.0,0.47736661772287814,affine_dtft,44.255842077044484,9,identified,2,89.68145628737236,63.90271092746483,91.58934435839129,0.06860170635781966,63.4349488229219,2,3.834985287538907,True,7.084280791331423,8.166393509148403,6.1261402097286375
8,2500.0,434391.5268883784,4006721.524098944,-75.72982063591404,36.20309204194682,ok,98.6452321665691,IW3,0,14893.29030877625,968.2594819570501,154,37,3.319331061874315,13.899632973731036,0.0,0.31197027026758245,affine_dtft,44.25843237072196,9,identified,1,91.99078941253025,64.68441349850389,91.58934435839129,0.06860170635781966,63.4349488229219,2,3.8797251666215473,True,7.740476820001572,8.892160007371391,6.72203910864154
8,2550.0,434438.63413067226,4006738.284400954,-75.7292980606366,36.20324632851953,ok,103.22469938448867,IW3,0,14908.10237377413,968.920277230711,154,37,3.3193244700564195,13.899631514853866,0.0,0.02960401734583265,affine_dtft,44.26102267200842,9,identified,1,106.62554368027006,66.81144808315914,103.97144730968249,0.06043183460229139,66.03751102542165,2,3.433217110027828,True,8.545363552208254,9.782953977722071,7.453138760704478
8,2600.0,434485.7413729661,4006755.044702964,-75.72877548327347,36.203400612829874,ok,107.80416660240822,IW3,0,14922.91448195537,969.5810524833454,154,37,3.319317882944953,13.899630057405298,0.0,0.0077380541389018365,affine_dtft,44.263612980904014,9,identified,1,114.29917832270986,64.5282988536448,114.4866804479891,0.05488136508625573,63.434948822921854,1,3.7162579769648136,True,9.40216608640643,10.732318958784074,8.231248283567066
8,2650.0,434532.84861526,4006771.805004974,-75.72825290382468,36.203554894877776,ok,111.85787216341245,IW3,0,14937.726633317268,970.241807714498,154,37,3.3193112927211406,13.899628601936431,0.0,0.00773807492887608,affine_dtft,44.26620329740825,9,identified,1,115.48374734711601,64.60681364616538,114.4866804479891,0.05488136508625573,63.434948822921854,1,3.70320839717678,True,10.20624059758108,11.624668523568292,8.961041056554212
8,2700.0,434579.9558575538,4006788.565306984,-75.72773032229028,36.2037091746632,ok,114.4866804479891,IW3,0,14952.538827859044,970.9025429238695,154,37,3.319304704961605,13.899627146047786,0.0,0.007738073177372648,affine_dtft,44.26879362152102,9,identified,1,117.01805411806806,65.8901042785996,114.4866804479891,0.05488136508625573,63.434948822921854,1,3.5848804076016214,True,10.751697208045057,12.230945217390955,9.455745991365431
8,2750.0,434627.0630998477,4006805.325608994,-75.72720773867032,36.20386345218613,ok,,IW3,0,14967.351065579322,971.5632581113439,154,37,3.319298115020977,13.899625689169888,0.0,0.0077380941908474525,affine_dtft,44.27138395324206,9,identified,1,117.36355758916787,67.65318045458226,119.85013472883753,0.05242535038776029,69.44395478041629,2,2.7429517986668603,False,,,
8,2800.0,434674.1703421416,4006822.085911004,-75.72668515296479,36.20401772744651,ok,,IW3,0,14982.163346477615,972.2239532766184,154,37,3.319291525682134,13.8996242360196,0.0,0.007738114426339863,affine_dtft,44.2739742925713,9,identified,1,121.03994303802448,67.10386326763944,124.17824001860234,0.05059811852896565,75.96375653207325,3,2.5191703987178378,False,,,
8,2850.0,434721.2775844354,4006838.846213014,-75.72616256517375,36.204172000444295,ok,137.84446447593788,IW3,0,14996.975670552525,972.8846284192919,154,37,3.3192849398691586,13.899622783929432,0.0,0.007738113434174093,affine_dtft,44.27656463950848,9,identified,1,134.72868673697846,61.032424580971046,129.52689296049664,0.04850873176658259,71.56505117707776,4,3.081800047262154,True,16.561525128950088,18.75806620824369,14.691812905884749
8,2900.0,434768.3848267293,4006855.606515024,-75.72563997529724,36.204326271179454,ok,137.84446447593788,IW3,0,15011.78803780251,973.5452835391673,154,37,3.3192783508135038,13.899621330675025,0.0,0.0077381352055299725,affine_dtft,44.27915499405336,9,identified,1,145.6550822506915,58.19245921346388,142.0032502336585,0.04424677109038668,56.309932474020094,1,3.4029929903916165,True,16.561525128950088,18.75806620824369,14.691812905884749
8,2950.0,434815.49206902314,4006872.366817034,-75.72511738333529,36.204480539651954,ok,137.84446447593788,IW3,0,15026.600448226853,974.2059186360433,154,37,3.3192717632180395,13.899619877920506,0.0,0.007738154957295887,affine_dtft,44.28174535620578,9,identified,1,150.33716076113163,58.24981311477478,142.0032502336585,0.04424677109038668,56.309932474020094,1,3.234894981711666,True,16.561525128950088,18.75806620824369,14.691812905884749
8,3000.0,434862.599311317,4006889.127119044,-75.72459478928792,36.20463480586175,ok,,IW3,0,15041.412901824413,974.8665337096606,154,37,3.3192651767759194,13.899618426144103,0.0,0.007738155671147509,affine_dtft,44.284335725965555,9,ambiguous_multiple_blobs,2,148.7906813192211,59.61129629251116,142.0032502336585,0.04424677109038668,56.309932474020094,1,2.6505027755806028,False,,,
9,250.0,432349.1621661411,4005749.335176154,-75.75245403625804,36.19418720519509,touches_land_or_unmapped,,,,,,,,,,,,,,,,,,,,,,,,,,,
9,300.0,432396.2800673932,4005766.0654894086,-75.75193144489523,36.19434132000937,touches_land_or_unmapped,,,,,,,,,,,,,,,,,,,,,,,,,,,
9,350.0,432443.3979686453,4005782.795802663,-75.75140885144853,36.19449543256202,touches_land_or_unmapped,,,,,,,,,,,,,,,,,,,,,,,,,,,
9,400.0,432490.51586989744,4005799.5261159176,-75.75088625591795,36.194649542853035,ok,96.87788785284663,IW3,0,14287.942216486686,924.1187546425473,153,37,3.3444092861805226,13.899698189005392,0.0,0.007645621238662802,affine_dtft,44.15143607647422,8,identified,1,97.7277080116827,78.37865243504056,100.4114611907501,0.06257438376724263,78.69006752597954,1,7.73437904502905,True,7.443176399279275,8.563304241809075,6.452027158275433
9,450.0,432537.63377114956,4005816.256429172,-75.75036365830354,36.19480365088235,ok,94.64619192728749,IW3,0,14302.644405389377,924.778187197349,153,37,3.3444026475176902,13.899696699965563,0.0,0.007645618920899333,affine_dtft,44.15403901674229,8,identified,1,96.47049119438257,78.14311025222447,100.4114611907501,0.06257438376724263,78.69006752597954,1,5.426616123682055,True,7.078049101955688,8.159502263324084,6.120482515056067
9,500.0,432584.7516724017,4005832.9867424266,-75.74984105860534,36.194957756649956,ok,93.21419837186923,IW3,0,14317.346637108363,925.4375997385321,153,37,3.344396010330796,13.899695213724224,0.0,0.00764563874428488,affine_dtft,44.15664196464802,8,identified,1,86.05768341992582,73.13002403478119,89.81074117703967,0.06996028787685696,74.74488129694203,4,4.618929590314249,True,6.849696482520368,7.906988029465561,5.913187849444787
9,550.0,432631.8695736538,4005849.717055681,-75.74931845682337,36.19511186015578,ok,90.46820507976004,IW3,0,14332.048911643615,926.0969922655721,153,37,3.3443893742831885,13.899693723844083,0.0,0.007645658660547555,affine_dtft,44.15924492019141,8,identified,1,85.6559256007774,72.00796766761422,87.9511041506101,0.07143952731304057,66.37062226934306,3,4.027167304651531,True,6.424515082736591,7.436822982370735,5.527372208749249
9,600.0,432678.9874749059,4005866.4473689357,-75.74879585295768,36.19526596139981,ok,89.40111547094011,IW3,0,14346.751228992463,926.7563647785348,153,37,3.344382737438801,13.899692237222261,0.0,0.007645659611406148,affine_dtft,44.16184788337199,8,identified,3,88.38171100384454,72.16309146027045,87.48622415019622,0.07181913916404283,70.01689347809987,4,3.235138081083987,True,6.263721891725301,7.259005060776456,5.381532482130743
9,650.0,432726.105376158,4005883.17768219,-75.7482732470083,36.19542006038201,ok,92.89474592157357,IW3,0,14361.45358915527,927.4157172769509,153,37,3.344376099114725,13.8996907540428,0.0,0.00764567802499813,affine_dtft,44.16445085418982,9,identified,4,88.62028001939139,70.23834826311827,86.68149473020408,0.07248589017455206,73.61045966596502,3,3.5000845867444808,True,6.7993796853855,7.851348448246844,5.867518167770781
9,700.0,432773.22327741014,4005899.9079954447,-75.74775063897526,36.19557415710233,ok,96.76030377749298,IW3,0,14376.155992129783,928.0750497605903,153,37,3.3443694647975715,13.899689268879783,0.0,0.007645698003395327,affine_dtft,44.16705383264453,9,identified,1,99.64666646932591,87.04806850275722,95.07601314665047,0.06608591482993777,74.93151184050762,5,3.407130890277953,True,7.4236538621719035,8.541711953971788,6.434298014698669
9,750.0,432820.3411786622,4005916.6383086997,-75.7472280288586,36.19572825156073,ok,101.47673782808411,IW3,0,14390.858437914898,928.7343622292262,153,37,3.3443628277781547,13.899687784685291,0.0,0.007645698189248856,affine_dtft,44.169656818735874,9,identified,1,110.51412213878534,67.27002352880814,107.27889343020705,0.058568699827867526,77.90524292298765,3,4.219145129872934,True,8.23216229113241,9.436225220803449,7.168647736916985
9,800.0,432867.4590799143,4005933.368621954,-75.74670541665836,36.195882343757155,ok,105.86275920009398,IW3,0,14405.560926509886,929.3936546823758,153,37,3.3443561917947213,13.89968630097193,0.0,0.0076457173525712255,affine_dtft,44.172259812463764,9,identified,1,99.42998125397489,85.83286471065283,107.27889343020705,0.058568699827867526,77.90524292298765,3,4.805889117318576,True,9.032418083232717,10.322458326202613,7.89550046066339
9,850.0,432914.57698116644,4005950.0989352087,-75.74618280237456,36.1960364336916,ok,111.68320457448438,IW3,0,14420.26345791394,930.052927120079,153,37,3.344349557520777,13.899684820351288,0.0,0.007645736477575785,affine_dtft,44.17486281382804,9,identified,1,101.58376119707346,84.93148661326515,111.06839440315186,0.05657041628217941,77.47119229084822,4,5.7710312849501015,True,10.1706792587854,11.585169789402139,8.928777237428081
9,900.0,432961.69488241855,4005966.8292484633,-75.74566018600724,36.196190521364024,ok,115.06307389216343,IW3,0,14434.966032125156,930.7121795419936,153,37,3.3443429222165837,13.899683336726618,0.0,0.007645736703341289,affine_dtft,44.17746582282838,9,identified,1,113.98951275877887,75.55618679147963,108.61160159025353,0.05785003825727048,81.86989764584371,3,5.365011641570257,True,10.873901747248402,12.3668909242863,9.566531821954849
9,950.0,433008.81278367067,4005983.559561718,-75.74513756755645,36.196344606774346,ok,117.57732215188953,IW3,0,14449.668649142788,931.3714119475222,153,37,3.3443362880398815,13.899681855909742,0.0,0.007645756904457106,affine_dtft,44.180068839464624,9,identified,1,121.00836749124238,76.63308238149614,124.17824001860234,0.05059811852896565,75.96375653207325,1,4.541542625957855,True,11.418220041238834,12.972964606490056,10.059747179722926
9,1000.0,433055.9306849228,4006000.2898749723,-75.74461494702221,36.19649868992257,ok,120.19929127497963,IW3,0,14464.3713089654,932.0306243368157,153,37,3.3443296511422216,13.899680376217923,0.0,0.007645777383544196,affine_dtft,44.18267186373655,9,identified,1,125.62706882507882,76.10032933688098,124.17824001860234,0.05059811852896565,75.96375653207325,1,4.869747342563425,True,12.005904129895256,13.628403922677144,10.591763806905083
9,1050.0,433103.0485861749,4006017.020188227,-75.74409232440456,36.19665277080865,ok,123.31261896064936,IW3,0,14479.074011592515,932.6898167094798,153,37,3.344323017671768,13.899678896675965,0.0,0.007645775122387048,affine_dtft,44.18527489564406,9,identified,1,127.62624577879231,74.06258284406317,119.85013472883753,0.05242535038776029,69.44395478041629,2,3.498447710145592,True,12.731392090272632,14.439227847962476,11.247727380947742
9,1100.0,433150.166487427,4006033.7505014814,-75.74356969970353,36.196806849432534,ok,124.07697095692888,IW3,0,14493.776757022215,933.3489890652437,153,37,3.3443163824155433,13.899677417357887,0.0,0.007645796013208298,affine_dtft,44.187877935186805,9,identified,1,130.20832773255762,74.82653154657486,124.17824001860234,0.05059811852896565,75.96375653207325,3,4.444566764911198,True,12.91425288939366,14.64391309487094,11.412911422862667
9,1150.0,433197.28438867914,4006050.480814736,-75.74304707291915,36.19696092579418,ok,124.84132295320839,IW3,0,14508.479545253811,934.0081414036688,153,37,3.3443097483559865,13.899675940829248,0.0,0.007645816373873241,affine_dtft,44.19048098236469,9,identified,1,131.0924783209712,85.38884412555143,124.17824001860234,0.05059811852896565,75.96375653207325,3,4.257338289217679,True,13.099030569686484,14.850878909023825,11.579760804255756
9,1200.0,433244.40228993125,4006067.2111279904,-75.74252444405148,36.19711499989357,ok,126.47129600744086,IW3,0,14523.182376286108,934.6672737247587,153,37,3.344303114461815,13.899674462501237,0.0,0.00764581537703191,affine_dtft,44.193084037177485,9,identified,1,131.23375944722153,89.70165993875925,127.99999999999986,0.04908738521234057,89.99999999999962,1,5.052185216091806,True,13.499578581895465,15.300004692408518,11.941207910298344
9,1250.0,433291.5201911834,4006083.9414412454,-75.74200181310054,36.197269071730666,ok,127.23564800372037,IW3,0,14537.885250117744,935.3263860281588,153,37,3.3442964801347994,13.899672988995194,0.0,0.007645835592811494,affine_dtft,44.19568709962494,9,identified,1,129.73866926899163,90.53771513630447,127.99999999999986,0.04908738521234057,89.99999999999962,1,5.774445064630426,True,13.690515934217542,15.51433670792338,12.113387885163005
9,1300.0,433338.6380924355,4006100.6717545,-75.74147918006636,36.1974231413054,ok,127.99999999999986,IW3,0,14552.58816674731,935.985478313404,153,37,3.344289847820967,13.899671511215912,0.0,0.007645834214475859,affine_dtft,44.19829016970683,9,identified,1,129.4089974932013,89.86121552455539,127.99999999999986,0.04908738521234057,89.99999999999962,1,5.410452031146412,True,13.883471310150428,15.731094771566998,12.287307351994894
9,1350.0,433385.7559936876,4006117.4020677544,-75.74095654494897,36.19757720861775,ok,127.99999999999986,IW3,0,14567.291126174901,936.6445505804445,153,37,3.344283213794199,13.899670036685915,0.0,0.007645853753853152,affine_dtft,44.20089324742315,9,identified,1,129.41202736489046,88.72289857689904,127.99999999999986,0.04908738521234057,89.99999999999962,1,4.708384200894138,True,13.883471310150428,15.731094771566998,12.287307351994894
9,1400.0,433432.8738949397,4006134.132381009,-75.74043390774843,36.19773127366769,ok,127.80231364386975,IW3,0,14581.99412839826,937.3036028290146,153,37,3.3442765834551604,13.899668563391094,0.0,0.007645873771480232,affine_dtft,44.20349633277353,9,identified,2,128.41989023774292,88.1002023635773,127.99999999999986,0.04908738521234057,89.99999999999962,1,4.187053909927488,True,13.8333718469297,15.674799391530643,12.242158289057546
9,1450.0,433479.99179619184,4006150.8626942635,-75.73991126846474,36.19788533645517,ok,127.80231364386975,IW3,0,14596.697173417075,937.96263505878,153,37,3.344269950951259,13.89966708969478,0.0,0.007645873386792335,affine_dtft,44.206099425757884,9,identified,1,126.06508177838889,87.70841393669467,127.99999999999986,0.04908738521234057,89.99999999999962,1,3.2543485840757427,True,13.8333718469297,15.674799391530643,12.242158289057546
9,1500.0,433527.10969744396,4006167.593007518,-75.73938862709797,36.19803939698014,ok,127.80231364386975,IW3,0,14611.400261228744,938.621647269396,153,37,3.3442633173748377,13.899665617022949,0.0,0.007645892335780449,affine_dtft,44.208702526375774,9,identified,1,124.80089708368024,86.76231035099615,127.01156821934933,0.04946939397148855,82.8749836510979,2,3.090735964356133,True,13.8333718469297,15.674799391530643,12.242158289057546
9,1550.0,433574.2275986961,4006184.3233207725,-75.73886598364813,36.19819345524258,ok,127.80231364386975,IW3,0,14626.103391833582,939.2806394607333,153,37,3.344256684312456,13.89966414680922,0.0,0.007645912219909179,affine_dtft,44.21130563462724,9,identified,1,126.54859391100105,86.93138432979846,127.99999999999986,0.04908738521234057,89.99999999999962,1,3.4813529051163945,True,13.8333718469297,15.674799391530643,12.242158289057546
9,1600.0,433621.3454999482,4006201.053634027,-75.73834333811526,36.19834751124244,ok,127.80231364386975,IW3,0,14640.806565229792,939.9396116323995,153,37,3.34425005492251,13.899662676892683,0.0,0.00764591253206879,affine_dtft,44.213908750511976,9,identified,1,127.84735171458776,86.50759646816097,127.99999999999986,0.04908738521234057,89.99999999999962,1,3.7494169842275196,True,13.8333718469297,15.674799391530643,12.242158289057546
9,1650.0,433668.4634012003,4006217.7839472815,-75.7378206904994,36.198501564979686,ok,127.99999999999986,IW3,0,14655.50978141683,940.5985637842936,153,37,3.344243422405625,13.8996612041658,0.0,0.0076459324848910624,affine_dtft,44.21651187402989,9,identified,1,128.20569095858355,86.8637187181948,127.99999999999986,0.04908738521234057,89.99999999999962,1,4.068635466391657,True,13.883471310150428,15.731094771566998,12.287307351994894
9,1700.0,433715.5813024524,4006234.514260536,-75.73729804080058,36.198655616454275,ok,127.99999999999986,IW3,0,14670.21304039296,941.2574959159223,153,37,3.3442367922541525,13.899659734623253,0.0,0.007645952113156292,affine_dtft,44.219115005180655,9,identified,1,125.35197198543571,87.93092593569607,127.99999999999986,0.04908738521234057,89.99999999999962,1,4.630095541815544,True,13.883471310150428,15.731094771566998,12.287307351994894
9,1750.0,433762.69920370454,4006251.244573791,-75.73677538901885,36.198809665666175,ok,127.80231364386975,IW3,0,14684.916342156775,941.9164080272284,153,37,3.3442301600527857,13.899658266289483,0.0,0.007645952837624749,affine_dtft,44.22171814396404,9,identified,1,122.68397887671541,88.33859979070199,127.99999999999986,0.04908738521234057,89.99999999999962,1,4.041889784012192,True,13.8333718469297,15.674799391530643,12.242158289057546
9,1800.0,433809.81710495666,4006267.9748870456,-75.73625273515424,36.19896371261533,ok,125.5582971452751,IW3,0,14699.619686707772,942.5753001177545,153,37,3.3442235306077066,13.899656798841058,0.0,0.007645972417720183,affine_dtft,44.224321290379955,9,identified,1,121.3880777092313,86.4318528427297,127.99999999999986,0.04908738521234057,89.99999999999962,1,3.9307970093485425,True,13.27411822234424,15.047118961590021,11.73779726659251
9,1850.0,433856.9350062088,4006284.7052003,-75.73573007920676,36.19911775730173,ok,124.24458957536827,IW3,0,14714.323074044563,943.2341721874085,153,37,3.344216899944492,13.89965532996179,0.0,0.007645992182485456,affine_dtft,44.22692444442815,9,identified,1,119.92185803737867,84.56370825681557,127.01156821934933,0.04946939397148855,82.8749836510979,2,3.069720350836604,True,12.954608822684108,14.689103297182017,11.449357514403427
9,1900.0,433904.0529074609,4006301.4355135546,-75.73520742117648,36.19927179972532,ok,127.04523962210001,IW3,0,14729.026504165533,943.8930242359477,153,37,3.34421026884867,13.899653865527155,0.0,0.007645991181709544,affine_dtft,44.22952760610834,9,identified,1,117.1222892798404,79.7622305847296,116.77991750702667,0.05380364570647625,81.25383773744446,3,3.2858143981648666,True,13.642763627563317,15.460718824346785,12.070334024311856
9,1950.0,433951.170808713,4006318.165826809,-75.7346847610634,36.199425839886054,ok,133.42962605688655,IW3,0,14743.729977070725,944.5518562629138,153,37,3.3442036386159506,13.899652397923198,0.0,0.007646010385665978,affine_dtft,44.23213077542053,9,identified,1,139.6478734282296,57.31094936490547,121.43146215046566,0.05174264721768807,71.5650511770778,3,3.250803752460245,True,15.314596364248143,17.344139299581176,13.574541389980038
9,2000.0,433998.2887099651,4006334.8961400636,-75.7341620988676,36.199579877783904,ok,135.03414051627084,IW3,0,14758.433492757984,945.2106682680622,153,37,3.3441970090429947,13.899650934948056,0.0,0.0076460312923508885,affine_dtft,44.23473395236435,9,identified,1,144.12405772719816,52.84082285343147,142.0032502336585,0.04424677109038668,56.309932474020094,1,3.8989102534516324,True,15.75875667492087,17.846824052886383,13.973002163292874
9,2050.0,434045.40661121724,4006351.626453318,-75.73363943458907,36.199733913418825,ok,141.11888151935224,IW3,0,14773.13705122686,945.8694602512222,153,37,3.344190379838592,13.899649470183013,0.0,0.2959667837239807,affine_dtft,44.237337136939715,9,identified,2,149.08103848671075,51.88197364146773,159.92193217393253,0.03928907825066757,51.340191745909806,2,3.725780237255155,True,17.53877364675383,19.8723745075332,15.564339266514592
9,2100.0,434092.52451246936,4006368.3567665727,-75.73311676822787,36.199887946790795,ok,,IW3,0,14787.840652474899,946.5282322122695,153,37,3.3441837504930407,13.899648006193452,0.0,0.4567247949592069,affine_dtft,44.23994032914618,9,ambiguous_multiple_blobs,3,146.06387228370642,54.009205445678454,142.0032502336585,0.04424677109038668,56.309932474020094,1,3.7631927118766337,False,,,
9,2150.0,434139.6424137214,4006385.087079827,-75.73259409978402,36.20004197789975,ok,,IW3,0,14802.54429650324,947.1869841505825,153,37,3.344177122665869,13.899646544267368,0.0,0.5326814590322628,affine_dtft,44.242543528983965,9,ambiguous_multiple_blobs,3,135.30706397661206,57.7630930041116,142.0032502336585,0.04424677109038668,56.309932474020094,1,3.6312839608660523,False,,,
9,2200.0,434186.76031497354,4006401.8173930817,-75.73207142925759,36.20019600674566,ok,119.331527916127,IW3,0,14817.247983308285,947.8457160660172,153,37,3.344170494333388,13.899645082096606,0.0,0.5289453586939665,affine_dtft,44.245146736452426,9,identified,2,62.22016069791675,89.69464291905753,127.01156821934926,0.04946939397148858,60.255118703057654,2,3.6004907039572256,True,11.809092434786686,13.4087705311402,10.413655896801721
9,2250.0,434233.87821622565,4006418.5477063367,-75.73154875664856,36.200350033328505,ok,118.12031604909252,IW3,0,14831.95171289052,948.5044279585613,154,37,3.320638148430756,13.899643620719782,0.0,0.4730704158569811,affine_dtft,44.24774995155165,9,identified,2,62.489242362634826,90.06682496250765,127.01156821934926,0.04946939397148858,60.255118703057654,2,3.6972569871949466,True,11.538220956306636,13.106706424946601,10.168424929740283
9,2300.0,434280.99611747777,4006435.2780195912,-75.73102608195701,36.20050405764822,ok,115.79034287078909,IW3,0,14846.764621648803,949.1630534976606,154,37,3.3194379457688865,13.89964216028427,0.0,0.5349782832198265,affine_dtft,44.25034051080718,9,identified,2,111.67756395735718,62.50631474120282,103.97144730968249,0.06043183460229139,66.03751102542165,2,4.518535405672161,True,11.029456498311033,12.540000925978937,9.707523819903747
9,2350.0,434328.1140187299,4006452.0083328458,-75.73050340518294,36.20065807970477,ok,108.70589809859749,IW3,0,14861.577933084473,949.821658794383,154,37,3.319431366501738,13.899640700633485,0.0,0.5475276006895571,affine_dtft,44.25293103593225,9,identified,1,112.00929868378361,63.740305957162796,114.4866804479891,0.05488136508625573,63.434948822921854,3,3.1450225344480036,True,9.577238999331886,10.926484345974394,8.390192401576229
9,2400.0,434375.231919982,4006468.7386461003,-75.72998072632643,36.20081209949814,ok,102.31878708405773,IW3,0,14876.391287611179,950.4802440670926,154,37,3.3194247869470943,13.899639243230503,0.0,0.4920891795617754,affine_dtft,44.25552156865031,9,identified,2,97.776413766703,63.84251793383336,106.47045015757536,0.05901341919641108,62.102728969052244,4,3.1843323526689997,True,8.382107154117536,9.602203651920512,7.304848924668291
9,2450.0,434422.3498212341,4006485.468959355,-75.72945804538749,36.20096611702827,ok,102.31878708405773,IW3,0,14891.204685228715,951.1388093154671,154,37,3.319418208618735,13.899637785683478,0.0,0.3408595255186255,affine_dtft,44.2581121089613,9,identified,1,91.87411665930169,64.99504537256408,91.58934435839129,0.06860170635781966,63.4349488229219,2,3.9994173427541497,True,8.382107154117536,9.602203651920512,7.304848924668291
9,2500.0,434469.46772248624,4006502.1992726093,-75.72893536236614,36.20112013229512,ok,102.31878708405773,IW3,0,14906.018125935741,951.7973545391101,154,37,3.3194116306428523,13.899636328727745,0.0,0.07529606160653797,affine_dtft,44.26070265686501,9,identified,1,93.79151095212207,65.70913328191467,95.07601314665045,0.06608591482993778,68.19859051364803,1,3.9210851444728,True,8.382107154117536,9.602203651920512,7.304848924668291
9,2550.0,434516.58562373836,4006518.929585864,-75.72841267726243,36.20127414529866,ok,101.28087131567834,IW3,0,14920.831609731647,952.4558797379605,154,37,3.319405052846981,13.89963487299979,0.0,0.0077377017663153485,affine_dtft,44.26329321236131,9,identified,1,102.4931206541024,65.2360945487797,103.97144730968249,0.06043183460229139,66.03751102542165,2,3.2458905819974975,True,8.197531240102279,9.39789542680028,7.137190787591257
9,2600.0,434563.7035249905,4006535.6598991184,-75.72788999007639,36.201428156038844,ok,109.42809523073109,IW3,0,14935.645136614263,953.1143849115997,154,37,3.3193984738895264,13.899633416952785,0.0,0.007737720981151563,affine_dtft,44.26588377544984,9,identified,1,111.37436153226132,65.47852745217912,114.4866804479891,0.05488136508625573,63.434948822921854,1,3.111051734533426,True,9.719003033305196,11.083758362730551,8.518879672868866
9,2650.0,434610.8214262426,4006552.390212373,-75.72736730080807,36.20158216451564,ok,,IW3,0,14950.458706582916,953.7728700598229,154,37,3.3193918991136337,13.899631962150346,0.0,0.0077377207453088615,affine_dtft,44.26847434613049,9,identified,1,114.73920242130828,65.92727702633192,114.4866804479891,0.05488136508625573,63.434948822921854,1,2.883364877652786,False,,,
9,2700.0,434657.9393274947,4006569.1205256274,-75.72684460945749,36.20173617072902,ok,122.46368217613578,IW3,0,14965.272319636577,954.4313351824414,154,37,3.3193853218806204,13.899630508657845,0.0,0.007737741054001047,affine_dtft,44.27106492440305,9,identified,1,119.79454284331891,68.3093850140414,124.17824001860234,0.05059811852896565,75.96375653207325,3,3.0252620139488835,True,12.530514441389405,14.214525027586705,11.06619511143086
9,2750.0,434705.0572287468,4006585.8508388824,-75.72632191602469,36.20189017467891,ok,127.52104000552836,IW3,0,14980.085975773796,955.0897802789079,154,37,3.3193787439538753,13.899629053476133,0.0,0.007737761295840004,affine_dtft,44.2736555102673,9,identified,1,129.92635999271258,79.0871468674549,124.17824001860234,0.05059811852896565,75.96375653207325,3,3.10897501370824,True,13.762323713829788,15.594983527346791,12.178121038546315
9,2800.0,434752.17512999894,4006602.581152137,-75.7257992205097,36.202044176365305,ok,130.4174820511544,IW3,0,14994.899674993787,955.7482053492537,154,37,3.3193721682574675,13.89962760236315,0.0,0.007737760826521346,affine_dtft,44.27624610372307,9,identified,1,131.56796399008198,84.26342518308437,127.01156821934933,0.04946939397148855,82.8749836510979,2,3.351718057931795,True,14.507332209219177,16.433060730527913,12.84904644953221
9,2850.0,434799.29303125106,4006619.3114653914,-75.72527652291257,36.20219817578816,ok,133.9824840941656,IW3,0,15009.713417295014,956.4066103932042,154,37,3.31936559212806,13.899626149285456,0.0,0.007737781293138663,affine_dtft,44.27883670477012,9,identified,1,129.82802351956772,84.9841291776977,134.71611176555945,0.04664019191790465,74.74488129694195,3,3.482628466963126,True,15.466503352409125,17.515946525714273,13.71087713605565
9,2900.0,434846.4109325032,4006636.041778646,-75.72475382323331,36.20235217294743,ok,136.43354511305643,IW3,0,15024.527202676756,957.0649954102724,154,37,3.319359014560937,13.899624697884517,0.0,0.007737801388696972,affine_dtft,44.28142731340832,9,identified,1,152.14884106240703,59.2371990168746,142.0032502336585,0.04424677109038668,56.309932474020094,1,3.9510693678066504,True,16.154470653179608,18.295563506657743,14.327554682925642
9,2950.0,434893.5288337553,4006652.7720919005,-75.72423112147199,36.20250616784306,ok,139.57420407762547,IW3,0,15039.34103113703,957.723360400293,154,37,3.319352438933338,13.899623249384945,0.0,0.0077378018217919625,affine_dtft,44.28401792963731,9,identified,1,156.47330435749043,59.25779915658941,142.0032502336585,0.04424677109038668,56.309932474020094,1,3.30156996188775,True,17.071972153743022,19.339391099404146,15.147917054601331
9,3000.0,434940.6467350074,4006669.502405155,-75.7237084176286,36.202660160475034,ok,,IW3,0,15054.154902676071,958.3817053629624,154,37,3.3193458644744815,13.899621798993456,0.0,0.007737821003289306,affine_dtft,44.286608553457135,9,identified,2,155.91670370671176,60.5112827247255,152.64890726398542,0.04116102381469181,63.43494882292177,2,2.52643856881094,False,,,
10,250.0,432426.4170486882,4005531.52861376,-75.7515760618844,36.19222910456791,touches_land_or_unmapped,,,,,,,,,,,,,,,,,,,,,,,,,,,
10,300.0,432473.54893227236,4005548.2194959964,-75.75105332277673,36.1923828609758,touches_land_or_unmapped,,,,,,,,,,,,,,,,,,,,,,,,,,,
10,350.0,432520.6808158565,4005564.910378232,-75.75053058158947,36.19253661512078,touches_land_or_unmapped,,,,,,,,,,,,,,,,,,,,,,,,,,,
10,400.0,432567.81269944063,4005581.601260468,-75.75000783832269,36.192690367002804,ok,96.9240512013558,IW3,0,14300.464166082114,907.7641970585753,153,37,3.3444899040421237,13.899701473558945,0.0,0.007645269656325976,affine_dtft,44.153697194069494,7,identified,1,97.55167936311479,78.70628196417411,100.4114611907501,0.06257438376724263,78.69006752597954,1,8.293997779682131,True,7.450849643931738,8.571791063411439,6.458995575077309
10,450.0,432614.9445830248,4005598.2921427037,-75.74948509297639,36.19284411662185,ok,94.5645944385659,IW3,0,14315.168302003976,908.42065146097,153,37,3.3444832817886696,13.899699986627931,0.0,0.007645289729831327,affine_dtft,44.15630048705188,7,identified,1,96.36241084961124,78.27349494709713,100.4114611907501,0.06257438376724263,78.69006752597954,1,6.062276671639943,True,7.064913475263957,8.144976416179642,6.108556906539213
10,500.0,432662.07646660885,4005614.98302494,-75.74896234555061,36.19299786397789,ok,93.14892038089197,IW3,0,14329.872480621094,909.077085844235,153,37,3.3444766607624903,13.899698500297637,0.0,0.0076453099273027575,affine_dtft,44.15890378765051,7,identified,1,86.79522480769688,73.50590822463245,89.94923122256716,0.06985257374387889,71.56505117707782,5,5.0348222605819215,True,6.839396146057399,7.895598050733973,5.903838599594839
10,550.0,432709.208350193,4005631.6739071757,-75.74843959604542,36.19315160907084,ok,90.40292708878276,IW3,0,14344.576701930684,909.7335002076758,153,37,3.344470037221729,13.899697018044618,0.0,0.0076453090313650714,affine_dtft,44.16150709586488,7,identified,1,86.04218178523338,72.06160754841747,87.48622415019622,0.07181913916404283,70.01689347809987,4,4.062866072955056,True,6.414608144723244,7.425867436069374,5.518385427815995
10,600.0,432756.3402337771,4005648.3647894114,-75.74791684446082,36.193305351900705,ok,89.14212917623419,IW3,0,14359.280965933754,910.3898945513242,153,37,3.3444634175882024,13.89969553198751,0.0,0.007645329496603146,affine_dtft,44.16411041169518,7,identified,4,86.42109827632383,66.92230408741833,87.48622415019622,0.07181913916404283,70.01689347809987,4,3.3140554828077873,True,6.225066138822567,7.216254417277314,5.346477953444236
10,650.0,432803.47211736126,4005665.055671647,-75.74739409079685,36.193459092467435,ok,94.04961902131858,IW3,0,14373.985272627846,911.0462688748257,153,37,3.344456796574746,13.899694048701624,0.0,0.007645346846094923,affine_dtft,44.16671373514096,8,identified,4,83.36881227044347,77.01596369964396,86.68149473020408,0.07248589017455206,73.61045966596502,3,3.5981654972179853,True,6.9823581722027965,8.053684988566445,6.033609868072915
10,700.0,432850.6040009454,4005681.7465538834,-75.74687133505354,36.193612830770974,ok,99.44971028087716,IW3,0,14388.68962201229,911.7026231778145,153,37,3.344450174270602,13.899692565299302,0.0,0.007645348819786927,affine_dtft,44.16931706620212,9,identified,1,107.14738924367587,68.91789728300687,94.10747162800727,0.06676606223165867,72.89727103094741,5,3.216078100982752,True,7.878229927745075,9.044560991979907,6.847159012333478
10,750.0,432897.73588452954,4005698.437436119,-75.74634857723095,36.1937665668113,ok,105.9224923966054,IW3,0,14403.394014085427,912.3589574602023,153,37,3.344443552480333,13.899691083675325,0.0,0.007645367838012426,affine_dtft,44.17192040487836,9,identified,1,112.34531309698735,67.94050041311566,114.4866804479891,0.05488136508625573,63.434948822921854,1,3.973838742307104,True,9.043649919919577,10.334904691756032,7.905700559985524
10,800.0,432944.8677681136,4005715.128318355,-75.74582581732909,36.19392030058839,ok,112.55622039633211,IW3,0,14418.098448846971,913.0152717217214,153,37,3.34443693356118,13.899689602808534,0.0,0.007645386580757425,affine_dtft,44.174523751169616,9,identified,1,116.0065114628304,68.30908838477781,114.4866804479891,0.05488136508625573,63.434948822921854,1,5.020748498693213,True,10.349260746711051,11.783557465911032,9.09078605209175
10,850.0,432991.99965169776,4005731.8192005907,-75.74530305534802,36.194074032102165,ok,117.70475301649817,IW3,0,14432.802926295028,913.6715659618675,153,37,3.344430313148317,13.899688120160988,0.0,0.00764538696953669,affine_dtft,44.17712710507558,9,identified,1,118.20020682345974,69.4477175369496,119.85013472883753,0.05242535038776029,69.44395478041629,2,4.813780529692571,True,11.446303073997628,13.004259119792541,10.085182256490405
10,900.0,433039.1315352819,4005748.510082827,-75.74478029128774,36.19422776135261,ok,120.23146982476503,IW3,0,14447.507446429174,914.3278401805231,153,37,3.344423694268971,13.899686641691739,0.0,0.007645407328860423,affine_dtft,44.179730466596155,9,identified,1,116.60448179242728,71.91564722937599,119.85013472883753,0.05242535038776029,69.44395478041629,2,3.946711973767148,True,12.013246904321496,13.636600767703497,10.598407529387384
10,950.0,433086.26341886603,4005765.2009650627,-75.74425752514831,36.194381488339694,ok,122.75818663303191,IW3,0,14462.212009247383,914.98409437753,153,37,3.3444170737610626,13.899685162793565,0.0,0.007645405310304194,affine_dtft,44.18233383573099,9,identified,1,119.58583425297047,72.96348438514684,119.85013472883753,0.05242535038776029,69.44395478041629,2,3.6348338039906243,True,12.599938132598233,14.292165262287023,11.128941507350474
10,1000.0,433133.39530245017,4005781.8918472985,-75.74373475692978,36.194535213063354,ok,124.21221258512912,IW3,0,14476.916614748729,915.6403285524251,153,37,3.344410453886622,13.89968368256528,0.0,0.007645425461301822,affine_dtft,44.18493721247992,9,identified,1,122.10152307482927,72.39830896110736,127.12026448932349,0.04942709435368816,65.55604521958325,3,3.4300348653543624,True,12.946806529410232,14.68036585520675,11.442311386582476
10,1050.0,433180.5271860343,4005798.5827295342,-75.74321198663215,36.19468893552359,ok,125.07783364308207,IW3,0,14491.621262933062,916.2965427051417,153,37,3.344403835062419,13.899682205687338,0.0,0.007645445217037475,affine_dtft,44.18754059684292,9,identified,1,123.7829321919585,70.85857433308857,127.12026448932349,0.04942709435368816,65.55604521958325,3,3.1494390076369614,True,13.15659765045664,14.915386831537123,11.631728473814944
10,1100.0,433227.6590696184,4005815.2736117705,-75.74268921425548,36.19484265572032,ok,126.70780669731452,IW3,0,14506.325953797761,916.952736835268,153,37,3.3443972158942814,13.899680729116886,0.0,0.007645445151002785,affine_dtft,44.190143988819536,9,identified,1,124.77016226907966,69.29381030795047,127.12026448932349,0.04942709435368816,65.55604521958325,3,3.453879153498416,True,13.55844557680762,15.366067711727593,11.994300218545007
10,1150.0,433274.7909532025,4005831.9644940062,-75.74216643979979,36.19499637365353,ok,126.88375379944982,IW3,0,14521.030687342773,917.608910942533,153,37,3.3443905982597015,13.89967925343209,0.0,0.007645464111273367,affine_dtft,44.19274738840976,9,identified,1,129.6643769593359,87.37490687858578,124.17824001860234,0.05059811852896565,75.96375653207325,3,3.7736622142481866,True,13.602362621795065,15.415362917564986,12.033904317069794
10,1200.0,433321.92283678666,4005848.655376242,-75.74164366326512,36.19515008932318,ok,127.0597009015851,IW3,0,14535.735463566196,918.2650650267285,153,37,3.344383980161744,13.89967777960823,0.0,0.007645486153710793,affine_dtft,44.19535079561323,9,identified,1,129.85055155727437,90.6492066566304,127.99999999999986,0.04908738521234057,89.99999999999962,1,4.721194094530467,True,13.646385970462086,15.464785766093003,12.073600130165712
10,1250.0,433369.0547203708,4005865.346258478,-75.7411208846515,36.195303802729214,ok,127.23564800372037,IW3,0,14550.440282468026,918.9211990874841,153,37,3.344377363103253,13.899676304804142,0.0,0.007645484916700137,affine_dtft,44.19795421042997,9,identified,1,126.4515422074,90.76418124436972,127.99999999999986,0.04908738521234057,89.99999999999962,1,4.93981580616741,True,13.690515934217542,15.51433670792338,12.113387885163005
10,1300.0,433416.18660395493,4005882.037140714,-75.74059810395899,36.19545751387162,ok,127.80231364386975,IW3,0,14565.145144045628,919.5773131246893,153,37,3.3443707416529977,13.899674830794138,0.0,0.00764550419202358,affine_dtft,44.2005576328595,9,identified,2,123.56198731039127,89.93356189716862,127.99999999999986,0.04908738521234057,89.99999999999962,1,4.511835710171112,True,13.8333718469297,15.674799391530643,12.242158289057546
10,1350.0,433463.3184875391,4005898.72802295,-75.74007532118758,36.19561122275034,ok,127.75289205483722,IW3,0,14579.850048299251,920.2334071379997,153,37,3.344364126190176,13.899673359583126,0.0,0.007645524856369194,affine_dtft,44.203161062901884,9,identified,2,112.19998372011541,66.38644007864485,127.99999999999986,0.04908738521234057,89.99999999999962,1,3.6577782708531412,True,13.820868291509862,15.66075121994252,12.230889363280331
10,1400.0,433510.4503711232,4005915.4189051855,-75.73955253633734,36.19576492936534,ok,127.67052273978301,IW3,0,14594.554995226406,920.8894811271584,153,37,3.344357508838341,13.899671885469385,0.0,0.0076455231662651895,affine_dtft,44.205764500556654,9,identified,2,113.39069579580011,66.8032173945903,127.01156821934933,0.04946939397148855,97.12501634890134,2,3.0995803098496437,True,13.800047940010328,15.637360370551605,12.212124097003269
10,1450.0,433557.5822547073,4005932.1097874213,-75.73902974940832,36.19591863371658,ok,,IW3,0,14609.259984826853,921.5455350918836,153,37,3.3443508915791464,13.899670414238065,0.0,0.007645543768446484,affine_dtft,44.208367945823795,9,identified,2,121.37073020183249,96.22264273612804,116.77991750702667,0.05380364570647625,98.74616226255486,3,2.9049491552757467,False,,,
10,1500.0,433604.7141382914,4005948.8006696575,-75.73850696040051,36.196072335804025,ok,,IW3,0,14623.965017098959,922.2015690319068,153,37,3.344344273799159,13.89966894267871,0.0,0.007645563462567055,affine_dtft,44.210971398703,9,identified,1,123.37904067042754,93.16110217072357,127.01156821934933,0.04946939397148855,97.12501634890134,2,2.646351583928834,False,,,
10,1550.0,433651.84602187556,4005965.4915518933,-75.73798416931396,36.196226035627625,ok,127.99999999999984,IW3,0,14638.670092042235,922.8575829468375,153,37,3.3443376558359623,13.899667471444461,0.0,0.007645562687647709,affine_dtft,44.213574859194196,9,identified,1,127.28355144146289,91.35584081476757,127.99999999999986,0.04908738521234057,89.99999999999962,1,3.0899548694106462,True,13.883471310150425,15.73109477156699,12.287307351994892
10,1600.0,433698.9779054597,4005982.182434129,-75.73746137614874,36.19637973318737,ok,127.99999999999986,IW3,0,14653.375209654974,923.5135768367523,153,37,3.3443310419091716,13.899666005032602,0.0,0.007645583501964003,affine_dtft,44.21617832729707,9,identified,1,129.75069217547838,89.94712185702929,127.99999999999986,0.04908738521234057,89.99999999999962,1,3.7456923531872746,True,13.883471310150428,15.731094771566998,12.287307351994894
10,1650.0,433746.10978904384,4005998.873316365,-75.73693858090483,36.19653342848319,ok,127.99999999999986,IW3,0,14668.080369936324,924.1695507010505,153,37,3.344324425729438,13.899664535708856,0.0,0.00764560272745101,affine_dtft,44.21878180301149,9,identified,1,129.42358071350546,89.08587643429432,127.99999999999986,0.04908738521234057,89.99999999999962,1,3.9550459178910105,True,13.883471310150428,15.731094771566998,12.287307351994894
10,1700.0,433793.241672628,4006015.564198601,-75.7364157835823,36.19668712151508,ok,127.99999999999986,IW3,0,14682.785572885485,924.8255045397525,153,37,3.3443178090173915,13.899663070196482,0.0,0.007645601539478915,affine_dtft,44.22138528633729,9,identified,1,124.86934944893164,88.8606127454709,127.99999999999986,0.04908738521234057,89.99999999999962,1,4.278046756834673,True,13.883471310150428,15.731094771566998,12.287307351994894
10,1750.0,433840.37355621206,4006032.255080837,-75.73589298418119,36.19684081228296,ok,127.80231364386975,IW3,0,14697.490818499828,925.4814383522241,153,37,3.3443111931532257,13.899661603077345,0.0,0.007645621725697129,affine_dtft,44.223988777274016,9,identified,1,121.25399348549924,88.45185396295284,127.99999999999986,0.04908738521234057,89.99999999999962,1,4.406219219156996,True,13.8333718469297,15.674799391530643,12.242158289057546
10,1800.0,433887.5054397962,4006048.9459630726,-75.73537018270153,36.19699450078681,ok,127.75289205483722,IW3,0,14712.196106779505,926.1373521384052,153,37,3.3443045790105193,13.899660135162447,0.0,0.007645640691824607,affine_dtft,44.2265922758217,9,identified,1,119.78036401025328,86.41017860948313,127.99999999999986,0.04908738521234057,89.99999999999962,1,4.180043935411637,True,13.820868291509862,15.66075121994252,12.230889363280331
10,1850.0,433934.63732338033,4006065.636845309,-75.73484737914333,36.197148187026606,ok,125.06992677170729,IW3,0,14726.901437723307,926.793245898114,153,37,3.344297962660778,13.8996586703407,0.0,0.007645641067280719,affine_dtft,44.22919578198013,9,identified,1,118.07144316929427,84.71333609108818,127.01156821934933,0.04946939397148855,82.8749836510979,2,3.4080084238324657,True,13.154670096180787,14.913226654093473,11.629988516096393
10,1900.0,433981.76920696447,4006082.3277275446,-75.73432457350665,36.19730187100229,ok,,IW3,0,14741.606811329515,927.4491196310126,153,37,3.3442913481475163,13.899657206726864,0.0,0.007645661305793776,affine_dtft,44.231799295748985,9,identified,1,115.83596800935447,79.72975078860135,113.08188270064278,0.05556314731523188,83.65980825408981,4,2.944899265376573,False,,,
10,1950.0,434028.9010905486,4006099.0186097804,-75.73380176579151,36.197455552713826,ok,,IW3,0,14756.31222759817,928.1049733366934,153,37,3.3442847334662984,13.899655743264596,0.0,0.007645682084324676,affine_dtft,44.23440281712829,9,identified,1,137.29850749175353,57.62465948442545,117.2681388674801,0.05357964548478044,76.75948008481254,4,3.0042865587307324,True,,,
10,2000.0,434076.03297413274,4006115.709492016,-75.73327895599796,36.19760923216118,ok,,IW3,0,14771.01768652644,928.7608070150526,153,37,3.344278120012224,13.899654281129292,0.0,0.2642464185201191,affine_dtft,44.237006346117546,9,ambiguous_multiple_blobs,2,142.41414362613236,52.710511883089055,142.0032502336585,0.04424677109038668,56.309932474020094,1,3.7946320051543014,False,,,
10,2050.0,434123.1648577168,4006132.4003742523,-75.73275614412604,36.19776290934431,ok,,IW3,0,14785.723188114218,929.4166206657918,153,37,3.344271504742027,13.899652816450596,0.0,0.43992189929437064,affine_dtft,44.23960988271673,9,ambiguous_multiple_blobs,2,146.6079262529878,51.21174612022022,142.0032502336585,0.04424677109038668,56.309932474020094,1,4.104349705930803,False,,,
10,2100.0,434170.29674130096,4006149.091256488,-75.73223333017576,36.19791658426318,ok,,IW3,0,14800.428732360451,930.0724142886213,153,37,3.3442648919944333,13.899651355665663,0.0,0.5279979925329362,affine_dtft,44.242213426925645,9,ambiguous_multiple_blobs,2,144.0754216332863,52.67697999750343,142.0032502336585,0.04424677109038668,56.309932474020094,1,3.5884064366535853,False,,,
10,2150.0,434217.4286248851,4006165.782138724,-75.73171051414718,36.19807025691776,ok,,IW3,0,14815.134319263467,930.728187883314,153,37,3.344258277607048,13.899649895490722,0.0,0.5335828930641371,affine_dtft,44.24481697874401,9,ambiguous_multiple_blobs,3,134.65129243765662,56.20978642644893,142.0032502336585,0.04424677109038668,56.309932474020094,1,3.516104152289333,False,,,
10,2200.0,434264.56050846924,4006182.4730209596,-75.73118769604031,36.198223927308,ok,122.83660562889588,IW3,0,14829.839948822297,931.383941449621,153,37,3.344251666470507,13.899648436000222,0.0,0.4826819324328886,affine_dtft,44.24742053817164,9,identified,2,62.334805153051676,90.07360909046906,127.01156821934926,0.04946939397148858,60.255118703057654,2,3.789929908451448,True,12.618470822508645,14.312894470238954,11.14569018006231
10,2250.0,434311.6923920534,4006199.163903196,-75.73066487585521,36.198377595433854,ok,120.74912433366919,IW3,0,14844.639045709728,932.0396182062585,154,37,3.319525110673969,13.899646976550162,0.0,0.5287139835934317,affine_dtft,44.25001326482035,9,identified,2,62.4990650962278,90.26239618528301,127.01156821934926,0.04946939397148858,60.255118703057654,2,3.96840317857132,True,12.131810848272098,13.768981937857172,10.705671266594495
10,2300.0,434358.8242756375,4006215.8547854316,-75.7301420535919,36.198531261295294,ok,117.89338949845042,IW3,0,14859.454271027154,932.6952651574722,154,37,3.3195185443479285,13.899645517306377,0.0,0.5504131375131747,affine_dtft,44.25260413258951,9,identified,1,114.2320687820184,61.7769880013625,114.4866804479891,0.05488136508625573,63.434948822921854,1,4.8085724576751545,True,11.487963379289704,13.050688287064132,10.122912236725089
10,2350.0,434405.9561592216,4006232.5456676674,-75.72961922925042,36.198684924892284,ok,110.80894472625883,IW3,0,14874.26953931454,933.3508920792626,154,37,3.3195119819273726,13.899644060042762,0.0,0.504301050732262,affine_dtft,44.25519500793048,9,identified,1,115.0388876019268,63.253683945695116,114.4866804479891,0.05488136508625573,63.434948822921854,1,4.21524132177366,True,9.993939338905086,11.388908866682057,8.7684074884436
10,2400.0,434453.0880428057,4006249.236549903,-75.7290964028308,36.19883858622479,ok,104.42183371171905,IW3,0,14889.084850571324,934.0064989714548,154,37,3.3195054188130393,13.899642605496291,0.0,0.3667007964390828,affine_dtft,44.25778589084315,9,identified,3,132.9217205456202,61.29516537618375,106.47045015757536,0.05901341919641108,62.102728969052244,4,3.799097500079781,True,8.764219820875017,10.02532781800435,7.651922372312009
10,2450.0,434500.21992638987,4006265.9274321394,-75.7285735743331,36.19899224529276,ok,102.31878708405773,IW3,0,14903.900204795473,934.6620858336508,154,37,3.319498855890179,13.899641149048973,0.0,0.11744327009347401,affine_dtft,44.26037678132718,9,identified,3,94.24733659820802,66.20155246685319,91.58934435839129,0.06860170635781966,63.4349488229219,2,3.98314882235978,True,8.382107154117536,9.602203651920512,7.304848924668291
10,2500.0,434547.351809974,4006282.618314375,-75.72805074375731,36.19914590209615,ok,102.31878708405773,IW3,0,14918.715601986625,935.3176526655453,154,37,3.3194922928406054,13.899639694123728,0.0,0.007737347070051875,affine_dtft,44.2629676793825,9,identified,1,96.9067255311542,66.72446686848446,95.07601314665045,0.06608591482993778,68.19859051364803,1,4.159520076629636,True,8.382107154117536,9.602203651920512,7.304848924668291
10,2550.0,434594.48369355814,4006299.309196611,-75.72752791110352,36.19929955663495,ok,103.92203314214048,IW3,0,14933.531042142691,935.9731994670369,154,37,3.3194857311630033,13.899638237941689,0.0,0.007737346116737435,affine_dtft,44.26555858500875,9,identified,1,107.24493470338737,65.79379028853184,103.97144730968249,0.06043183460229139,66.03751102542165,2,3.4163937458568068,True,8.67241356262073,9.923646791399701,7.568537810163962
10,2600.0,434641.6155771423,4006316.0000788467,-75.72700507637171,36.19945320890907,ok,108.50150036006005,IW3,0,14948.346525263414,936.6287262375653,154,37,3.319479166242737,13.899636783732376,0.0,0.007737366747780857,affine_dtft,44.26814949820586,9,identified,1,112.53414847472203,63.85705706147273,114.4866804479891,0.05488136508625573,63.434948822921854,1,3.1847876562437976,True,9.537367365975907,10.88225863401104,8.35399590271203
10,2650.0,434688.7474607264,4006332.690961083,-75.72648223956195,36.199606858918536,ok,114.32194573445042,IW3,0,14963.16205134743,937.2842329772399,154,37,3.3194726067267415,13.89963533159448,0.0,0.0077373867454354536,affine_dtft,44.270740418973624,9,identified,1,114.60305688858506,63.805675810085916,114.4866804479891,0.05488136508625573,63.434948822921854,1,3.1026067247046645,True,10.716945076628399,12.19229335348588,9.424237669230964
10,2700.0,434735.8793443105,4006349.3818433187,-75.72595940067427,36.19976050666326,ok,118.92996991638378,IW3,0,14977.977620392963,937.9397196855778,154,37,3.319466043837768,13.89963387929626,0.0,0.007737388358990535,affine_dtft,44.273331347311725,9,identified,1,118.8457086121688,65.66682778985472,114.4866804479891,0.05488136508625573,63.434948822921854,1,3.1824213587771317,True,11.718797158976036,13.308049642579892,10.331920713410149
10,2750.0,434783.01122789463,4006366.0727255545,-75.7254365597087,36.19991415214323,ok,122.97585617989785,IW3,0,14992.793232399674,938.5951863623562,154,37,3.319459483121667,13.899632429272154,0.0,0.00773740748444071,affine_dtft,44.27592228322009,9,identified,1,130.2384700968249,78.30375363085514,124.17824001860234,0.05059811852896565,75.96375653207325,3,3.395631526772181,True,12.651428557763614,14.349761649917077,11.175473714149097
10,2800.0,434830.14311147877,4006382.76360779,-75.72491371666527,36.20006779535839,ok,128.47917013703173,IW3,0,15007.608887366194,939.2506330072908,154,37,3.3194529208802654,13.899630978250213,0.0,0.00773742780693179,affine_dtft,44.27851322669849,9,identified,1,131.49549851349295,84.47432940763795,127.01156821934933,0.04946939397148855,82.8749836510979,2,3.852254199236619,True,14.00547520505385,15.868233817562352,12.397232497695693
10,2850.0,434877.2749950629,4006399.4544900265,-75.72439087154403,36.200221436308716,ok,131.9772925592924,IW3,0,15022.424585291184,939.9060596200511,154,37,3.319446360593121,13.899629526643235,0.0,0.007737428450346627,affine_dtft,44.2811041777467,9,identified,1,129.20579196200364,85.45416431251721,134.71611176555945,0.04664019191790465,74.74488129694195,3,3.499884867593803,True,14.921120619573488,16.899661753932794,13.221123793830758
10,2900.0,434924.40687864705,4006416.145372262,-75.72386802434501,36.20037507499417,ok,134.57697673952242,IW3,0,15037.240326172998,940.5614662006004,154,37,3.319439797630896,13.899628076897605,0.0,0.007737448616411908,affine_dtft,44.283695136364415,9,identified,2,154.09364596577518,59.50562827664437,142.0032502336585,0.04424677109038668,56.309932474020094,1,3.404798443527835,True,15.63117750998729,17.702328746129798,13.858603008274248
10,2950.0,434971.5387622312,4006432.836254498,-75.72334517506825,36.20052871141469,ok,,IW3,0,15052.05611001151,941.2168527483768,154,37,3.31943323816782,13.899626629794678,0.0,0.00773746876205915,affine_dtft,44.286286102551635,9,ambiguous_multiple_blobs,2,156.93217197972845,59.241778891482774,142.0032502336585,0.04424677109038668,56.309932474020094,1,3.209076104390067,False,,,
10,3000.0,435018.67064581526,4006449.5271367338,-75.72282232371374,36.20068234557027,ok,,IW3,0,15066.8719368054,941.8722192633638,154,37,3.3194266791722753,13.899625181509698,0.0,0.007737468694109834,affine_dtft,44.288877076308104,9,ambiguous_multiple_blobs,2,153.50407892768885,60.0918335163867,142.0032502336585,0.04424677109038668,56.309932474020094,1,2.5333271000904647,False,,,
11,250.0,432503.21377319546,4005314.0593897346,-75.750703256282,36.19027400545956,touches_land_or_unmapped,,,,,,,,,,,,,,,,,,,,,,,,,,,
11,300.0,432550.3775917502,4005330.6598180225,-75.75018016539286,36.190426944766834,touches_land_or_unmapped,,,,,,,,,,,,,,,,,,,,,,,,,,,
11,350.0,432597.54141030496,4005347.2602463104,-75.7496570724337,36.190579881808084,touches_land_or_unmapped,,,,,,,,,,,,,,,,,,,,,,,,,,,
11,400.0,432644.7052288597,4005363.860674598,-75.7491339774046,36.190732816583264,ok,97.319242081683,IW3,0,14312.874240449704,891.4272644151259,153,37,3.344570454437337,13.899704765540308,0.0,0.007644940159299541,affine_dtft,44.15593844565019,7,identified,1,101.11724475884787,76.8016898879631,100.4114611907501,0.06257438376724263,78.69006752597954,1,6.767559204070006,True,7.516739706235523,8.644669013851399,6.518834561484823
11,450.0,432691.8690474144,4005380.4611028857,-75.74861088030555,36.19088574909234,ok,94.94125045950335,IW3,0,14327.583211605459,892.0769133306572,153,37,3.344563866356492,13.899703283358654,0.0,0.00764496004254032,affine_dtft,44.158542613022504,7,identified,1,99.52818059544448,76.95166283375946,100.4114611907501,0.06257438376724263,78.69006752597954,1,6.1271695485183715,True,7.125673330252296,8.212167347098832,6.163720947590487
11,500.0,432739.0328659692,4005397.0615311735,-75.74808778113659,36.191038679335286,ok,94.27086923928093,IW3,0,14342.29222518533,892.726542212552,153,37,3.344557278644075,13.899701799102713,0.0,0.007644957042804353,affine_dtft,44.16114678796307,7,identified,1,97.362371531523,76.11825913280117,91.1348038635488,0.06894386162927457,69.14554196042148,4,4.782857283467791,True,7.017753556264518,8.092825730551668,6.065742473775974
11,550.0,432786.1966845239,4005413.661959461,-75.74756467989776,36.19119160731204,ok,92.73572125141365,IW3,0,14357.001281188202,893.376151060314,153,37,3.3445506914878287,13.899700316441765,0.0,0.00764497760490151,affine_dtft,44.16375097047167,7,identified,1,86.22539686899447,63.23063725347827,87.80727559296442,0.07155654545422462,59.0362434679264,1,4.949334924881001,True,6.774416204448849,7.823744249217624,5.844861278936909
11,600.0,432833.3605030787,4005430.262387749,-75.74704157658911,36.19134453302257,ok,92.58923372196591,IW3,0,14371.710379612332,894.0257398737771,153,37,3.34454410544395,13.899698834842065,0.0,0.007644998427653454,affine_dtft,44.166355160547994,7,identified,2,86.64449755773558,63.60034080862179,91.58934435839129,0.06860170635781966,63.4349488229219,2,3.981511677367725,True,6.75147033734481,7.798371106252927,5.824036202940191
11,650.0,432880.5243216334,4005446.862816036,-75.74651847121066,36.19149745646684,ok,,IW3,0,14386.41952045674,894.6753086526478,153,37,3.3445375170898264,13.89969735419351,0.0,0.007644997523447962,affine_dtft,44.16895935819189,8,ambiguous_multiple_blobs,3,91.75583533894672,67.31501911578736,102.39999999999988,0.061359231515425716,89.99999999999969,1,3.035662911450346,False,,,
11,700.0,432927.6881401881,4005463.463244324,-75.74599536376246,36.19165037764483,ok,103.07072471300995,IW3,0,14401.128703720611,895.3248573966993,153,37,3.3445309301812607,13.899695873043443,0.0,0.007645017846171763,affine_dtft,44.17156356340321,9,identified,1,96.68311355768947,69.68731748828256,99.8255110729591,0.06294167933272506,77.12499844038732,7,3.930923395647332,True,8.517472792161938,9.752071691619824,7.427805205237456
11,750.0,432974.8519587429,4005480.063672612,-75.74547225424453,36.19180329655646,ok,108.40563011181433,IW3,0,14415.837929402785,895.9743861055581,153,37,3.344524343989648,13.899694394315636,0.0,0.007645017674905186,affine_dtft,44.17416777618173,9,identified,1,110.82682304106108,68.94462047417295,107.93907746708058,0.05821047811989909,71.56505117707775,4,3.7368111187814446,True,9.518704012096272,10.861558405602105,8.337052429919689
11,800.0,433022.0157772976,4005496.6641008994,-75.7449491426569,36.191956213201735,ok,109.31029728017322,IW3,0,14430.547197502152,896.6238947792204,153,37,3.3445177577452667,13.899692916456573,0.0,0.007645036148288365,affine_dtft,44.17677199652728,9,identified,1,115.4475553517261,69.53599686165856,112.92896595360881,0.05563838519304885,72.89727103094742,3,4.525699570843028,True,9.695785258638962,11.057997255969262,8.497804658299291
11,850.0,433069.1795958524,4005513.264529187,-75.74442602899964,36.19210912758059,ok,111.93098825630315,IW3,0,14445.256508017132,897.2733834172186,153,37,3.344511171781348,13.899691438629125,0.0,0.007645056935751523,affine_dtft,44.17937622443956,9,identified,1,110.50705763460596,73.42571898623626,112.92896595360881,0.05563838519304885,72.89727103094742,3,4.892985497194927,True,10.221151527280739,11.641231385794015,8.974568947467768
11,900.0,433116.3434144071,4005529.864957475,-75.74390291327275,36.192262039693,ok,115.62905043711653,IW3,0,14459.965860947093,897.9228520192498,153,37,3.344504585837388,13.899689962056232,0.0,0.007645055981609523,affine_dtft,44.18198045991847,9,identified,1,112.33662749347525,73.99457294595037,112.92896595360881,0.05563838519304885,72.89727103094742,3,4.816089343453927,True,10.994825990401603,12.501455868611766,9.67613811679831
11,950.0,433163.5072329618,4005546.4653857625,-75.74337979547627,36.19241494953891,ok,118.46731014425946,IW3,0,14474.67525629049,898.5723005851228,153,37,3.344498000449659,13.899688484586159,0.0,0.007645076410759905,affine_dtft,44.18458470296373,9,identified,1,114.10721908141046,73.39207257803214,112.92896595360881,0.05563838519304885,72.89727103094742,3,3.844702101245764,True,11.615368666720231,13.192713104574231,10.23828153885836
11,1000.0,433210.6710515166,4005563.0658140504,-75.74285667561026,36.19256785711829,ok,119.85154389930521,IW3,0,14489.38469404651,899.2217291145413,153,37,3.3444914164500297,13.899687008186547,0.0,0.00764509544308424,affine_dtft,44.1871889535752,9,identified,1,126.23795477333346,68.06344578877159,126.42938837114735,0.04969718977627738,69.77514056883173,5,3.753636811258166,True,11.926756045391254,13.54006182475929,10.520145130673553
11,1050.0,433257.8348700713,4005579.6662423383,-75.74233355367474,36.19272076243111,ok,122.6680643524533,IW3,0,14504.094174212913,899.8711376073251,153,37,3.3444848292085507,13.899685533649512,0.0,0.007645095309189969,affine_dtft,44.18979321175249,9,identified,1,126.48901900778067,67.18250285483033,127.12026448932349,0.04942709435368816,65.55604521958325,3,3.349058083932443,True,12.578664021490246,14.268371334108318,11.10971452517847
11,1100.0,433304.99868862604,4005596.2666706257,-75.74181042966974,36.192873665477315,ok,125.68227116173152,IW3,0,14518.803696790203,900.5205260630436,153,37,3.344478245582112,13.899684061359848,0.0,0.007645115660622326,affine_dtft,44.19239747749568,9,identified,1,123.23365186503935,67.52593085295628,119.85013472883753,0.05242535038776029,69.44395478041629,2,4.072016295373792,True,13.304567705028633,15.081259949288265,11.765274996725758
11,1150.0,433352.1625071808,4005612.8670989135,-75.74128730359529,36.19302656625689,ok,125.99639348750202,IW3,0,14533.51326177688,901.1698944816162,153,37,3.3444716618875594,13.89968258600244,0.0,0.0076451352821611165,affine_dtft,44.195001750804515,9,identified,1,125.64978382568957,87.13731290908099,127.01156821934933,0.04946939397148855,82.8749836510979,4,4.423202105855156,True,13.381951753754494,15.168042933269303,11.835098040958032
11,1200.0,433399.32632573554,4005629.4675272014,-75.74076417545143,36.19317946476978,ok,126.17234058963729,IW3,0,14548.222869170897,901.8192428626751,153,37,3.344465076027472,13.899681113978685,0.0,0.00764513405882494,affine_dtft,44.19760603167862,9,identified,1,127.06472986684867,90.47877436388416,127.99999999999986,0.04908738521234057,89.99999999999962,1,4.867586276069502,True,13.4254421158054,15.21682657070288,11.874333600584864
11,1250.0,433446.4901442903,4005646.067955489,-75.74024104523822,36.19333236101595,ok,127.60462728773965,IW3,0,14562.93251897115,902.4685712060746,153,37,3.3444584930546895,13.8996796420966,0.0,0.007645154328778156,affine_dtft,44.200210320117804,9,identified,1,125.89110009731534,90.95598945793239,127.99999999999986,0.04908738521234057,89.99999999999962,1,4.773173107129981,True,13.783408656735785,15.618668156588425,12.197126519268728
11,1300.0,433493.65396284504,4005662.6683837767,-75.73971791295567,36.19348525499535,ok,127.75289205483722,IW3,0,14577.642211177084,903.1178795113409,153,37,3.3444519093733707,13.899678169979778,0.0,0.007645174809150051,affine_dtft,44.202814616121984,9,identified,1,125.11216611397225,90.4241214392085,127.99999999999986,0.04908738521234057,89.99999999999962,1,4.5366711498082815,True,13.820868291509862,15.66075121994252,12.230889363280331
11,1350.0,433540.81778139976,4005679.2688120645,-75.73919477860382,36.193638146707954,ok,123.51999065562522,IW3,0,14592.351945787817,903.767167778271,153,37,3.344445326030025,13.899676699908825,0.0,0.007645173355230993,affine_dtft,44.205418919690985,9,identified,2,123.65335832770114,91.55281162488451,127.01156821934933,0.04946939397148855,97.12501634890134,2,3.0776134282537755,True,12.78081477901115,14.494536207953018,11.292378814442687
11,1400.0,433587.98159995454,4005695.869240352,-75.73867164218271,36.193791036153726,ok,,IW3,0,14607.061722801254,904.4164360067614,153,37,3.3444387428099773,13.899675232012106,0.0,0.007645194365425294,affine_dtft,44.208023230824445,9,identified,2,119.53117022117584,99.46330733265113,127.01156821934933,0.04946939397148855,97.12501634890134,2,2.710939636689932,False,,,
11,1450.0,433635.14541850926,4005712.46966864,-75.73814850369237,36.193943923332625,ok,,IW3,0,14621.771542217002,905.0656841963977,153,37,3.344432159636757,13.89967376368735,0.0,0.007645213632002669,affine_dtft,44.2106275495223,9,identified,1,117.13675151193905,99.84190160121754,111.06839440315186,0.05657041628217941,102.52880770915111,2,3.389243992566072,True,,,
11,1500.0,433682.309237064,4005729.0700969277,-75.73762536313285,36.1940968082446,ok,,IW3,0,14636.481404033435,905.7149123468756,153,37,3.3444255773263256,13.899672294483988,0.0,0.007645212950455745,affine_dtft,44.21323187578426,9,identified,1,117.46633014048517,96.70581207082684,116.77991750702667,0.05380364570647625,98.74616226255486,3,2.3977036684091773,False,,,
11,1550.0,433729.47305561876,4005745.670525215,-75.73710222050417,36.194249690889635,ok,,IW3,0,14651.191308249707,906.3641204580584,153,37,3.344418994526281,13.89967082671023,0.0,0.007645232355492679,affine_dtft,44.21583620961017,9,identified,1,127.92716567899035,92.22904423902378,127.99999999999986,0.04908738521234057,89.99999999999962,1,2.589039806622125,False,,,
11,1600.0,433776.6368741735,4005762.270953503,-75.73657907580636,36.194402571267666,ok,127.99999999999984,IW3,0,14665.901254864688,907.0133085295487,153,37,3.344412412838057,13.899669361542891,0.0,0.0076452526815988,affine_dtft,44.21844055099982,9,identified,1,131.20739907913543,89.3946448246353,127.99999999999986,0.04908738521234057,89.99999999999962,1,3.0909120434212745,True,13.883471310150425,15.73109477156699,12.287307351994892
11,1650.0,433823.80069272825,4005778.8713817904,-75.73605592903947,36.194555449378676,ok,127.99999999999986,IW3,0,14680.611243877107,907.6624765612114,153,37,3.3444058315457195,13.899667895865331,0.0,0.007645251912485436,affine_dtft,44.221044899953014,9,identified,1,130.58396742481133,88.08042266662133,127.99999999999986,0.04908738521234057,89.99999999999962,1,3.639898131608564,True,13.883471310150428,15.731094771566998,12.287307351994894
11,1700.0,433870.964511283,4005795.4718100782,-75.73553278020353,36.194708325222614,ok,127.99999999999986,IW3,0,14695.321275285634,908.311624552693,153,37,3.3443992490349643,13.89966643049523,0.0,0.007645271943948546,affine_dtft,44.22364925646951,9,identified,1,126.47649022739085,88.46605148628564,127.99999999999986,0.04908738521234057,89.99999999999962,1,4.519223043597502,True,13.883471310150428,15.731094771566998,12.287307351994894
11,1750.0,433918.1283298377,4005812.072238366,-75.73500962929857,36.19486119879946,ok,127.80231364386975,IW3,0,14710.031349089364,908.9607525038668,153,37,3.3443926668353434,13.899664967014584,0.0,0.007645270780947997,affine_dtft,44.226253620549116,9,identified,1,123.76667437308437,88.67608404975769,127.99999999999986,0.04908738521234057,89.99999999999962,1,4.759431386816897,True,13.8333718469297,15.674799391530643,12.242158289057546
11,1800.0,433965.2921483925,4005828.6726666535,-75.73448647632465,36.19501407010914,ok,125.5582971452751,IW3,0,14724.74146528679,909.6098604142186,153,37,3.344386085644558,13.899663502655415,0.0,0.007645291397091389,affine_dtft,44.22885799219161,9,identified,1,123.63571451768449,86.88639110757644,127.99999999999986,0.04908738521234057,89.99999999999962,1,4.491541213657972,True,13.27411822234424,15.047118961590021,11.73779726659251
11,1850.0,434012.4559669472,4005845.2730949414,-75.73396332128178,36.19516693915164,ok,121.68061746332585,IW3,0,14739.451623877414,910.258948283652,153,37,3.344379505462567,13.89966203907272,0.0,0.007645311479334679,affine_dtft,44.23146237139687,9,identified,1,122.54238420762587,85.01487267063709,127.01156821934933,0.04946939397148855,82.8749836510979,2,3.856404613773792,True,12.347268499688795,14.009678528242754,10.900531840253121
11,1900.0,434059.619785502,4005861.8735232293,-75.73344016416999,36.19531980592694,ok,120.10077182915735,IW3,0,14754.16182485966,910.9080161120525,153,37,3.3443729250090177,13.899660578658303,0.0,0.007645310134539626,affine_dtft,44.234066758164644,9,identified,1,118.06759005608131,80.63297508151385,116.77991750702667,0.05380364570647625,81.25383773744446,3,3.6396336455892238,True,11.983443020095274,13.60333144330315,10.571440495658782
11,1950.0,434106.7836040567,4005878.4739515167,-75.73291700498935,36.19547267043496,ok,117.46769577220984,IW3,0,14768.872068232275,911.5570638987879,153,37,3.3443663447631695,13.899659117907369,0.0,0.21334245932247897,affine_dtft,44.2366711524947,9,identified,1,110.42879733275934,81.23249904193551,108.61160159025353,0.05785003825727048,81.86989764584371,3,3.4437014573086793,True,11.39409939121321,12.946087640727649,10.03789994028395
11,2000.0,434153.9474226114,4005895.0743798045,-75.73239384373986,36.195625532675685,ok,,IW3,0,14783.582353994427,912.206091643768,153,37,3.344359764813156,13.899657657565989,0.0,0.4203590220761291,affine_dtft,44.23927555438689,9,identified,2,105.98361985503682,83.16722607088171,101.89180827750278,0.06166526449375895,84.28940686250012,2,2.6638893085778292,False,,,
11,2050.0,434201.1112411662,4005911.6748080924,-75.73187068042157,36.195778392649075,ok,,IW3,0,14798.292682144469,912.8550993468334,153,37,3.3443531846645804,13.899656196630955,0.0,0.5211152066111938,affine_dtft,44.241879963840915,9,identified,2,154.5883718716361,54.06820152200521,159.92193217393253,0.03928907825066757,51.340191745909806,2,2.9646873162432006,False,,,
11,2100.0,434248.2750597209,4005928.27523638,-75.73134751503451,36.19593125035507,ok,,IW3,0,14813.003052681612,913.5040870074412,153,37,3.3443466052027646,13.899654740141571,0.0,0.5365801174870153,affine_dtft,44.24448438085665,9,ambiguous_multiple_blobs,2,153.14951115166718,54.92538653033102,142.0032502336585,0.04424677109038668,56.309932474020094,1,3.8679375919865095,False,,,
11,2150.0,434295.4388782756,4005944.8756646677,-75.73082434757872,36.19608410579367,ok,137.00602289555542,IW3,0,14827.713465605151,914.1530546256766,153,37,3.3443400268684984,13.899653281137242,0.0,0.49276198050561926,affine_dtft,44.24708880543396,9,identified,1,143.6786957062625,57.33222030459692,142.0032502336585,0.04424677109038668,56.309932474020094,1,4.015320229884637,True,16.31864099635941,18.481984783880584,14.474521160524228
11,2200.0,434342.6026968304,4005961.4760929556,-75.73030117805425,36.19623695896482,ok,131.37618728366385,IW3,0,14842.501545719359,914.8019550229274,154,37,3.319612851291348,13.89965182462967,0.0,0.5217325399172744,affine_dtft,44.24968423049756,9,identified,1,134.7607834451728,59.594812932433385,142.0032502336585,0.04424677109038668,56.309932474020094,1,3.997430672677395,True,14.760591885609585,16.718546168923517,13.076826394069093
11,2250.0,434389.7665153851,4005978.076521243,-75.72977800646112,36.19638980986847,ok,127.9982859165289,IW3,0,14857.321589477746,915.4508159763524,154,37,3.319606321002741,13.899650366884435,0.0,0.5507508756291669,affine_dtft,44.25227595918799,9,identified,1,127.16389181291275,60.361118467158846,127.01156821934926,0.04946939397148858,60.255118703057654,2,4.136194440479574,True,13.883036324656661,15.730605942624347,12.286915371970869
11,2300.0,434436.9303339399,4005994.676949531,-75.72925483279936,36.19654265850459,ok,122.26484213788413,IW3,0,14872.141675934014,916.0996568861353,154,37,3.3195997910091917,13.899648911663615,0.0,0.5153116162258332,affine_dtft,44.25486769540265,9,identified,1,115.48367371387194,63.51074810793494,114.4866804479891,0.05488136508625573,63.434948822921854,1,5.323275021008873,True,12.483798760106508,14.162290661988457,11.023967639636352
11,2350.0,434484.0941524946,4006011.2773778187,-75.728731657069,36.19669550487314,ok,117.33024011394052,IW3,0,14886.961805087418,916.7484777521814,154,37,3.3195932602912213,13.899647457137283,0.0,0.3910730248753872,affine_dtft,44.25745943914142,9,identified,1,113.86560963323575,64.96400126545423,114.4866804479891,0.05488136508625573,63.434948822921854,1,4.733434361670922,True,11.363906005444475,12.912446640953101,10.0105511251302
11,2400.0,434531.25797104934,4006027.877806106,-75.72820847927011,36.19684834897409,ok,109.34635134576581,IW3,0,14901.781976936727,917.3972785741685,154,37,3.3195867347015064,13.89964600365383,0.0,0.15785919486758448,affine_dtft,44.26005119040407,9,identified,1,101.09390387702065,65.07679998346552,113.33603134043462,0.055438550590380074,71.56505117707775,7,4.051317025515442,True,9.702887528123902,11.065877393331427,8.504251507857237
11,2450.0,434578.4217896041,4006044.478234394,-75.7276852994027,36.19700119080739,ok,,IW3,0,14916.602191480037,918.0460593518528,154,37,3.3195802042976754,13.899644549751828,0.0,0.007736992468248947,affine_dtft,44.26264294919027,9,ambiguous_multiple_blobs,2,94.87323704781522,66.36984288719307,142.0032502336585,0.04424677109038668,56.309932474020094,1,3.359026189298447,False,,,
11,2500.0,434625.58560815884,4006061.078662682,-75.7271621174668,36.19715403037301,ok,106.71754306118916,IW3,0,14931.422448717067,918.6948200849125,154,37,3.3195736751048304,13.899643096259638,0.0,0.007736994293145068,affine_dtft,44.26523471549997,9,identified,1,97.33036784405436,67.01467416831137,95.07601314665045,0.06608591482993778,68.19859051364803,1,3.9686366277432246,True,9.19401626876138,10.501553994036385,8.042248386923953
11,2550.0,434672.7494267136,4006077.6790909693,-75.72663893346245,36.197306867670896,ok,107.00520533807779,IW3,0,14946.242748646418,919.3435607730335,154,37,3.319567146644176,13.899641644454402,0.0,0.0077370135651176975,affine_dtft,44.26782648933294,9,identified,1,111.35354937435224,65.02780940141209,103.97144730968249,0.06043183460229139,66.03751102542165,2,3.7210629176794514,True,9.24882193093138,10.562305586507293,8.092014418906373
11,2600.0,434719.91324526834,4006094.279519257,-75.72611574738971,36.19745970270103,ok,108.50150036006005,IW3,0,14961.063091266275,919.9922814161251,154,37,3.319560617167733,13.899640194263334,0.0,0.007737014764019305,affine_dtft,44.27041827068885,9,identified,1,115.08658060675499,63.214095283415496,114.4866804479891,0.05488136508625573,63.434948822921854,1,3.4011117202549204,True,9.537367365975907,10.88225863401104,8.35399590271203
11,2650.0,434767.07706382306,4006110.8799475445,-75.72559255924858,36.197612535463364,ok,111.85787216341245,IW3,0,14975.883476576637,920.6409820138617,154,37,3.31955408805925,13.899638744839654,0.0,0.007737034268150524,affine_dtft,44.273010059567696,9,identified,1,115.76548523405408,62.99997601627343,114.4866804479891,0.05488136508625573,63.434948822921854,1,3.2252782669630515,True,10.20624059758108,11.624668523568292,8.961041056554212
11,2700.0,434814.24088237784,4006127.4803758324,-75.72506936903912,36.197765365957856,ok,114.4866804479891,IW3,0,14990.70390457568,921.2896625658766,154,37,3.3195475610354768,13.899637293893626,0.0,0.007737053847166289,affine_dtft,44.27560185596918,9,identified,1,118.54215336448762,64.2986017989866,114.4866804479891,0.05488136508625573,63.434948822921854,1,3.2654880086043003,True,10.751697208045057,12.230945217390955,9.455745991365431
11,2750.0,434861.40470093256,4006144.0808041203,-75.72454617676135,36.197918194184474,ok,,IW3,0,15005.524375262286,921.9383230719909,154,37,3.3195410347593457,13.899635845021603,0.0,0.00773705443065797,affine_dtft,44.278193659893084,9,identified,1,125.18240303321838,71.24440639396138,119.85013472883753,0.05242535038776029,69.44395478041629,2,2.7773885437708157,False,,,
11,2800.0,434908.5685194873,4006160.6812324077,-75.7240229824153,36.198071020143175,ok,,IW3,0,15020.344888635402,922.5869635318951,154,37,3.3195345062447394,13.899634395731143,0.0,0.007737074075512954,affine_dtft,44.280785471339236,9,identified,1,127.6695563329948,83.66177020154879,134.71611176555945,0.04664019191790465,74.74488129694195,3,2.909575763496892,False,,,
11,2850.0,434955.73233804206,4006177.2816606956,-75.72349978600106,36.19822384383392,ok,138.5676533951229,IW3,0,15035.165444693072,923.2355839454098,154,37,3.3195279776609032,13.899632949415876,0.0,0.007737094544852842,affine_dtft,44.28337729030729,9,identified,2,125.90099739622875,86.08313802254447,142.0032502336585,0.04424677109038668,56.309932474020094,1,3.2094767319812445,True,16.773387564299917,18.999161632025583,14.881213040804008
11,2900.0,435002.8961565968,4006193.8820889834,-75.72297658751859,36.19837666525668,ok,143.9062230898253,IW3,0,15049.9860434356,923.8841843121805,154,37,3.3195214519632756,13.8996315020381,0.0,0.007737094683064846,affine_dtft,44.28596911679731,9,identified,2,157.00098096852494,56.451866391053436,113.77777777777767,0.05522330836388313,89.99999999999966,2,3.3201576371739168,True,18.40842085301365,20.868981553780284,16.338309157005664
11,2950.0,435050.05997515155,4006210.482517271,-75.72245338696797,36.1985294844114,ok,143.9062230898253,IW3,0,15064.806684860687,924.5327646319005,154,37,3.3195149244643956,13.899630058104556,0.0,0.007737114904546068,affine_dtft,44.288560950808886,9,identified,2,160.32996734598612,54.98419135596597,159.92193217393253,0.03928907825066757,51.340191745909806,2,3.207155997260182,True,18.40842085301365,20.868981553780284,16.338309157005664
11,3000.0,435097.2237937063,4006227.0829455587,-75.72193018434922,36.19868230129806,ok,144.54054737521423,IW3,0,15079.627368967684,925.1813249043996,154,37,3.3195083989351555,13.899628613393187,0.0,0.007737135355541624,affine_dtft,44.2911527923419,9,identified,2,99.19609861728941,91.1769121895456,159.92193217393253,0.03928907825066757,51.340191745909806,2,3.105935931987925,True,18.611416672930726,21.10232910997534,16.518617958645617
12,250.0,432579.078626323,4005097.719204714,-75.74984095512892,36.18832901208241,touches_land_or_unmapped,,,,,,,,,,,,,,,,,,,,,,,,,,,
12,300.0,432626.2809717788,4005114.2097651497,-75.74931743747261,36.18848095977413,touches_land_or_unmapped,,,,,,,,,,,,,,,,,,,,,,,,,,,
12,350.0,432673.48331723455,4005130.700325585,-75.7487939177579,36.18863290519603,touches_land_or_unmapped,,,,,,,,,,,,,,,,,,,,,,,,,,,
12,400.0,432720.6856626903,4005147.1908860207,-75.74827039598478,36.18878484834808,ok,94.08547972256878,IW3,0,14325.06444186917,875.1766610552504,153,37,3.344650610632145,13.89970805945168,0.0,0.007644609186379263,affine_dtft,44.15814051875357,7,identified,1,100.65950689088108,76.65127248298032,100.4114611907501,0.06257438376724263,78.69006752597954,1,5.492344468506436,True,6.988087667993982,8.060020728568063,6.038811135084951
12,450.0,432767.8880081461,4005163.681446456,-75.74774687215333,36.18893678923023,ok,89.95749268033796,IW3,0,14339.779277059628,875.8180511355238,153,37,3.3446440638549504,13.899706575724224,0.0,0.007644608640292999,affine_dtft,44.16074574657514,7,identified,1,98.12684116330144,77.37722881897812,100.4114611907501,0.06257438376724263,78.69006752597954,1,5.134102199123372,True,6.347252638238878,7.351381551600222,5.457289894659668
12,500.0,432815.09035360184,4005180.1720068916,-75.74722334626357,36.18908872784244,ok,88.31081353816725,IW3,0,14354.494154345803,876.4594211643544,153,37,3.344637518481144,13.899705094880392,0.0,0.007644627851624139,affine_dtft,44.16335098190683,7,identified,1,85.35274139907906,63.357126883790066,81.43351678620614,0.07715723887592046,68.68208772453833,7,4.744283929769428,True,6.1019539083892385,7.080094011152459,5.234852602612281
12,550.0,432862.2926990576,4005196.662567327,-75.74669981831555,36.18924066418468,ok,87.56649440978995,IW3,0,14369.209073726359,877.1007711416139,153,37,3.3446309713486206,13.899703615273571,0.0,0.007644648685497821,affine_dtft,44.165956224748385,7,identified,2,83.789802456164,62.14450521767019,77.5735315536455,0.08099650978033002,65.37643521383626,4,4.735661275688299,True,5.9929710633788185,6.959550580406642,5.136062031598968
12,600.0,432909.4950445134,4005213.153127762,-75.74617628830927,36.189392598256894,ok,88.59396446732669,IW3,0,14383.924035200662,877.7421010669188,153,37,3.3446244266086333,13.899702136544818,0.0,0.007644646658031691,affine_dtft,44.1685614750997,7,identified,4,104.90154177271121,88.87085326028468,81.7240969694844,0.07688289672415363,61.3895403340347,2,4.150048361687091,True,6.143721257447831,7.126289334147663,5.272719805287048
12,650.0,432956.69738996914,4005229.6436881977,-75.7456527562448,36.18954453005907,ok,94.75994640434537,IW3,0,14398.639038767067,878.3834109401304,153,37,3.3446178799374704,13.899700659605276,0.0,0.007644666615636987,affine_dtft,44.17116673296049,8,identified,2,90.48927627298222,69.26023963458202,96.68986554886364,0.06498287355673575,79.11447294534103,5,3.2816867050275933,True,7.096386460230243,8.179780469551059,6.137130931319795
12,700.0,433003.8997354249,4005246.134248633,-75.74512922212216,36.189696459591154,ok,102.69886786711231,IW3,0,14413.35408442462,879.0247007609748,153,37,3.3446113332711147,13.899699181953489,0.0,0.00764468750041742,affine_dtft,44.173771998330565,9,identified,1,118.83799068686889,85.94366890315013,105.54881147843373,0.05952871680097884,76.37300514010825,7,3.55205000729078,True,8.450356424500956,9.67776139273745,7.366841925367903
12,750.0,433051.10208088066,4005262.6248090686,-75.74460568594138,36.1898483868531,ok,109.25138456281324,IW3,0,14428.06917217274,879.6659705290332,153,37,3.344604789403272,13.899697704168528,0.0,0.007644686399354425,affine_dtft,44.176377271209844,9,identified,1,111.48089621951137,69.62286804556338,112.26342647129964,0.05596823030148554,74.74488129694195,5,3.2336341552929317,True,9.684187522390246,11.045129540735767,8.487277111347739
12,800.0,433098.3044263364,4005279.115369504,-75.74408214770253,36.19000031184488,ok,112.1270903336709,IW3,0,14442.78430200887,880.3072202441135,153,37,3.3445982446813862,13.899696230379403,0.0,0.007644706990593068,affine_dtft,44.17898255159787,9,identified,1,116.55826982815647,69.46449640589131,117.2681388674801,0.05357964548478044,76.75948008481254,4,3.8930780080224,True,10.261216316692304,11.685737695474126,9.010916457875423
12,850.0,433145.5067717922,4005295.6059299395,-75.7435586074056,36.190152234566476,ok,112.55732992786167,IW3,0,14457.499473932561,880.9484499063223,153,37,3.344591701202168,13.899694756531186,0.0,0.007644705969265243,affine_dtft,44.18158783949456,9,identified,1,110.76930206025261,74.34431936636199,114.48668044798914,0.05488136508625571,79.6951535312337,5,4.633174431687304,True,10.349489050131133,11.783811144067188,9.090993147009481
12,900.0,433192.70911724796,4005312.0964903748,-75.74303506505066,36.19030415501782,ok,113.71119543588777,IW3,0,14472.214687943218,881.5896595149072,153,37,3.3445851559795705,13.899693282540614,0.0,0.007644726297531332,affine_dtft,44.184193134899814,9,identified,1,112.03848851784491,72.97465758807968,111.06839440315186,0.05657041628217941,77.47119229084822,4,4.352264781253937,True,10.58877410833642,12.04976945360349,9.30801768461498
12,950.0,433239.9114627037,4005328.5870508105,-75.74251152063773,36.19045607319887,ok,114.22759460815924,IW3,0,14486.929944039033,882.2308490695766,153,37,3.3445786114902973,13.8996918076814,0.0,0.007644745741007466,affine_dtft,44.1867984378133,9,identified,1,117.21125774576043,69.83319204465417,107.70000944938768,0.05833969132688232,75.37912601136811,5,4.03098824205669,True,10.697075690654293,12.170195873859239,9.406222252083769
12,1000.0,433287.1138081595,4005345.0776112457,-75.74198797416685,36.1906079891096,ok,115.30028546432894,IW3,0,14501.645242219143,882.8720185703829,153,37,3.344572066713833,13.89969033451904,0.0,0.007644745263995543,affine_dtft,44.18940374823488,9,identified,1,121.38065975799276,68.40915635345918,118.03275401143004,0.053232557011853976,72.75854060105982,7,3.5740184778953097,True,10.924471021852018,12.423159282510957,9.612370368591906
12,1050.0,433334.31615361525,4005361.5681716814,-75.74146442563804,36.19075990274998,ok,118.4889202275684,IW3,0,14516.360582482443,883.5131680168951,153,37,3.3445655244026558,13.89968886341257,0.0,0.007644765479096888,affine_dtft,44.19200906616435,9,identified,1,124.72606479877489,67.7110736237917,119.85013472883753,0.05242535038776029,69.44395478041629,4,3.397283969481014,True,11.6201852501028,13.198083439026238,10.24264261143301
12,1100.0,433381.518499071,4005378.0587321166,-75.74094087505138,36.190911814119964,ok,122.35123198156074,IW3,0,14531.075964826774,884.1542974089864,153,37,3.3445589810766516,13.89968739252282,0.0,0.00764478468684707,affine_dtft,44.19461439160134,9,identified,1,118.10891194439822,70.43048818500628,119.85013472883753,0.05242535038776029,69.44395478041629,2,3.9343916498184304,True,12.50407976424693,14.184966518858424,11.04230063649319
12,1150.0,433428.7208445268,4005394.5492925523,-75.74041732240686,36.19106372321951,ok,123.43085147409343,IW3,0,14545.791389252618,884.7954067461544,153,37,3.344552437697898,13.89968591921017,0.0,0.007644785244945091,affine_dtft,44.19721972454593,9,identified,1,126.81311604707764,81.10767724998765,127.01156821934933,0.04946939397148855,82.8749836510979,4,3.956786857666279,True,12.759553215916545,14.470741471824141,11.273170407942262
12,1200.0,433475.92318998254,4005411.0398529875,-75.73989376770453,36.19121563004858,ok,119.46117961930467,IW3,0,14560.506855757401,885.4364960283601,153,37,3.344545896155629,13.89968445004992,0.0,0.007644804727907788,affine_dtft,44.19982506499766,9,identified,1,124.76075511913662,92.54348734685901,127.01156821934933,0.04946939397148855,97.12501634890134,2,3.885660937926433,True,11.838351159828358,13.441413498401788,10.440138057737938
12,1250.0,433523.1255354383,4005427.5304134227,-75.73937021094443,36.19136753460714,ok,,IW3,0,14575.222364340629,886.0775652552312,153,37,3.3445393526400915,13.899682983073975,0.0,0.0076448238969989675,affine_dtft,44.202430412956446,9,ambiguous_multiple_blobs,2,124.75300331098377,92.75819718053414,127.01156821934933,0.04946939397148855,97.12501634890134,2,3.4592528979084904,False,,,
12,1300.0,433570.32788089407,4005444.0209738584,-75.73884665212661,36.191519436895156,ok,109.73147753709921,IW3,0,14589.937915000783,886.7186144265987,153,37,3.3445328125060514,13.899681514291466,0.0,0.0076448238021600045,affine_dtft,44.205035768422015,9,identified,2,100.92386752710692,63.76748318714455,103.97144730968249,0.06043183460229139,66.03751102542165,2,4.707259069844301,True,9.778969624265613,11.15029963937344,8.573309936149895
12,1350.0,433617.53022634983,4005460.5115342936,-75.73832309125109,36.19167133691258,ok,105.74568408304982,IW3,0,14604.653507737172,887.3596435420799,153,37,3.3445262696244504,13.899680046360512,0.0,0.00764484471819208,affine_dtft,44.207641131394254,9,identified,1,107.38678452059845,67.46181784091985,103.97144730968249,0.06043183460229139,66.03751102542165,2,5.239009692217474,True,9.01043045421603,10.29809380532722,7.875532405247927
12,1400.0,433664.7325718056,4005477.0020947293,-75.7377995283179,36.19182323465937,ok,105.74568408304982,IW3,0,14619.369142548698,888.0006526013326,153,37,3.3445197288442023,13.89967858105528,0.0,0.007644863043205384,affine_dtft,44.210246501872966,9,identified,1,108.11270000081674,67.06395348246247,103.97144730968249,0.06043183460229139,66.03751102542165,2,4.995412968924783,True,9.01043045421603,10.29809380532722,7.875532405247927
12,1450.0,433711.93491726136,4005493.4926551646,-75.73727596332708,36.19197513013551,ok,106.33709634083895,IW3,0,14634.084819433301,888.641641604495,153,37,3.3445131851439522,13.899677115166389,0.0,0.007644862767049565,affine_dtft,44.21285187985778,9,identified,2,106.99929136021781,67.57852718784879,111.06839440315186,0.05657041628217941,102.52880770915111,2,3.1377872953444523,True,9.121860766694576,10.421579380787797,7.976725371773348
12,1500.0,433759.1372627171,4005509.9832156003,-75.73675239627866,36.192127023340944,ok,,IW3,0,14648.80053839111,889.2826105509092,153,37,3.3445066437175037,13.89967564983509,0.0,0.007644882562684724,affine_dtft,44.21545726534873,9,identified,3,125.4060124620551,93.1140267935538,116.77991750702667,0.05380364570647625,98.74616226255486,3,2.269387860257077,False,,,
12,1550.0,433806.3396081729,4005526.4737760355,-75.7362288271727,36.19227891427561,ok,,IW3,0,14663.51629941972,889.9235594402319,153,37,3.3445001027900023,13.899674186025765,0.0,0.007644882277297065,affine_dtft,44.21806265834539,9,identified,1,135.69172146099294,89.5511269424441,127.99999999999986,0.04908738521234057,89.99999999999962,1,2.6713543421425867,False,,,
12,1600.0,433853.54195362865,4005542.964336471,-75.73570525600921,36.19243080293953,ok,127.99999999999984,IW3,0,14678.232102518792,890.5644882726461,153,37,3.3444935621161975,13.89967272373839,0.0,0.007644902615312737,affine_dtft,44.2206680588477,9,identified,1,137.73227499304738,88.17248116911095,127.99999999999986,0.04908738521234057,89.99999999999962,1,3.0557848971581283,True,13.883471310150425,15.73109477156699,12.287307351994892
12,1650.0,433900.7442990844,4005559.4548969064,-75.73518168278824,36.192582689332625,ok,127.99999999999986,IW3,0,14692.947947687166,891.205397047613,153,37,3.344487021577379,13.899671259470942,0.0,0.0076449217394676736,affine_dtft,44.22327346685544,9,identified,1,134.7412473448958,87.94841419422976,127.99999999999986,0.04908738521234057,89.99999999999962,1,3.873408488939862,True,13.883471310150428,15.731094771566998,12.287307351994894
12,1700.0,433947.9466445402,4005575.945457342,-75.73465810750983,36.19273457345486,ok,127.99999999999986,IW3,0,14707.663834923072,891.8462857648152,153,37,3.344480481188843,13.899669799456618,0.0,0.0076449224373061975,affine_dtft,44.22587888236831,9,identified,1,128.99817273847134,88.36642850916509,127.99999999999986,0.04908738521234057,89.99999999999962,1,4.673356352349906,True,13.883471310150428,15.731094771566998,12.287307351994894
12,1750.0,433995.14898999594,4005592.4360177773,-75.73413453017399,36.19288645530619,ok,127.99999999999986,IW3,0,14722.379764225989,892.4871544240275,153,37,3.344473942464447,13.899668336284124,0.0,0.00764494140877498,affine_dtft,44.228484305386225,9,identified,1,125.35080381603663,88.3110190989981,127.99999999999986,0.04908738521234057,89.99999999999962,1,4.526456693454227,True,13.883471310150428,15.731094771566998,12.287307351994894
12,1800.0,434042.3513354517,4005608.9265782125,-75.73361095078079,36.193038334886594,ok,125.75598350140521,IW3,0,14737.095735593914,893.1280030251162,153,37,3.344467401445055,13.89966687591239,0.0,0.007644961072036644,affine_dtft,44.23108973590882,9,identified,1,125.26841390595094,86.83632797676928,127.99999999999986,0.04908738521234057,89.99999999999962,1,5.17632224879708,True,13.32269684922753,15.101588787459768,11.781633898911887
12,1850.0,434089.55368090747,4005625.417138648,-75.73308736933025,36.193190212196015,ok,125.19497937675655,IW3,0,14751.811749026088,893.7688315676367,153,37,3.3444608631515336,13.899665415380023,0.0,0.007644959396795663,affine_dtft,44.23369517393596,9,identified,1,125.3843571435413,85.38460006607798,127.99999999999986,0.04908738521234057,89.99999999999962,1,4.310505737085868,True,13.185180125866196,14.947420511730096,11.657528317583466
12,1900.0,434136.75602636323,4005641.9076990834,-75.7325637858224,36.19334208723444,ok,124.25997250234212,IW3,0,14766.527804522095,894.409640051505,153,37,3.344454323931274,13.899663958016873,0.0,0.1765859257948017,affine_dtft,44.236300619467585,9,identified,1,125.22848120764569,83.15757253231858,116.77991750702667,0.05380364570647625,81.25383773744446,3,3.264519586400459,True,12.958317049701709,14.693256061207105,11.45270631379269
12,1950.0,434183.958371819,4005658.398259519,-75.73204020025729,36.19349396000181,ok,,IW3,0,14781.243902079712,895.0504284763393,153,37,3.3444477841330364,13.899662500060954,0.0,0.3993596223684878,affine_dtft,44.23890607250328,9,identified,1,111.15312707513988,80.04466685781854,114.48668044798914,0.05488136508625571,79.6951535312337,5,2.7378222307911413,False,,,
12,2000.0,434231.16071727476,4005674.8888199544,-75.73151661263495,36.193645830498106,ok,,IW3,0,14795.960041698094,895.6911968420072,153,37,3.344441246784763,13.899661042229193,0.0,0.5084710442748149,affine_dtft,44.241511533042924,9,ambiguous_multiple_blobs,2,146.02463600695336,57.34394306651857,142.0032502336585,0.04424677109038668,56.309932474020094,1,2.7399761127620756,False,,,
12,2050.0,434278.36306273047,4005691.37938039,-75.7309930229554,36.19379769872326,ok,,IW3,0,14810.67622337683,896.3319451479474,153,37,3.344434707739394,13.89965958454161,0.0,0.5393170125363113,affine_dtft,44.24411700108642,9,identified,1,157.83760872945848,55.74846601788053,159.92193217393253,0.03928907825066757,51.340191745909806,2,2.6371982376405696,False,,,
12,2100.0,434325.56540818623,4005707.8699408253,-75.73046943121871,36.193949564677254,ok,142.0032502336585,IW3,0,14825.392447113265,896.9726733942086,153,37,3.3444281688136273,13.899658129176654,0.0,0.5016501417453006,affine_dtft,44.246722476633316,9,identified,1,157.36585431446852,56.18535641655884,142.0032502336585,0.04424677109038668,56.309932474020094,1,4.423562622713411,True,17.81082310125285,20.18361737601584,15.80671748885225
12,2150.0,434372.767753642,4005724.360501261,-75.72994583742488,36.19410142836005,ok,138.25532973008117,IW3,0,14840.169096833983,897.6133448807507,154,37,3.3197003818204176,13.899656674607552,0.0,0.509260774770493,affine_dtft,44.249320953127786,9,identified,1,147.29142733218754,58.31533745087945,142.0032502336585,0.04424677109038668,56.309932474020094,1,4.328124449382855,True,16.681619519864,18.894699465043864,14.79919053631513
12,2200.0,434419.97009909776,4005740.851061696,-75.72942224157397,36.19425328977161,ok,133.50159987366277,IW3,0,14854.99499401861,898.2539664014344,154,37,3.319693892343464,13.899655220062128,0.0,0.5501557435321358,affine_dtft,44.25191372765165,9,identified,1,135.7244003626047,60.52894999513221,142.0032502336585,0.04424677109038668,56.309932474020094,1,4.073394634772685,True,15.334305468414065,17.366423652157916,13.5922335946875
12,2250.0,434467.1724445535,4005757.341622132,-75.728898643666,36.19440514891189,ok,125.89523928886759,IW3,0,14869.820933571496,898.8945678612697,154,37,3.3196874042232847,13.899653765568033,0.0,0.5251215489891097,affine_dtft,44.254506509642106,9,identified,1,123.17527048312577,61.51450337160151,127.01156821934926,0.04946939397148858,60.255118703057654,2,4.289131474513393,True,13.356996044638137,15.140053412913607,11.812582049005004
12,2300.0,434514.3747900093,4005773.832182567,-75.72837504370102,36.194557005780844,ok,119.6717710315354,IW3,0,14884.646915490981,899.535149260022,154,37,3.3196809146085027,13.8996523138656,0.0,0.4139749748584756,affine_dtft,44.25709929909886,9,identified,1,111.99047948640818,63.58940881384976,114.4866804479891,0.05488136508625573,63.434948822921854,1,5.175219273434826,True,11.885985261772017,13.494563574049206,10.483248858182725
12,2350.0,434561.57713546505,4005790.3227430023,-75.72785144167906,36.19470886037845,ok,114.08890123100464,IW3,0,14899.472939776659,900.1757105975413,154,37,3.3196744271668273,13.899650862030246,0.0,0.214191925078174,affine_dtft,44.25969209602185,9,identified,1,111.36941429976396,64.56388162175969,103.97144730968249,0.06043183460229139,66.03751102542165,2,4.844514777264509,True,10.667914147589874,12.137766289720913,9.3797808394154
12,2400.0,434608.7794809208,4005806.813303438,-75.72732783760016,36.19486071270467,ok,106.10501246282993,IW3,0,14914.299006427009,900.8162518735819,154,37,3.319667937689962,13.89964941289534,0.0,0.0077366190845787105,affine_dtft,44.262284900410805,9,identified,2,102.5005605780051,67.67764030092202,110.88590894699769,0.056663514479399574,72.34987578006968,5,4.290131790060072,True,9.078026273023196,10.372999745263087,7.936918780384128
12,2450.0,434655.9818263766,4005823.3038638732,-75.72680423146434,36.19501256275945,ok,,IW3,0,14929.125115441033,901.4567730876984,154,37,3.3196614507504085,13.899647959940008,0.0,0.007736640393436132,affine_dtft,44.26487771226556,9,ambiguous_multiple_blobs,3,94.19313019009088,68.18936331748465,142.0032502336585,0.04424677109038668,56.309932474020094,1,3.1093287477929246,False,,,
12,2500.0,434703.18417183234,4005839.794424309,-75.72628062327165,36.19516441054276,ok,108.73382074740658,IW3,0,14943.951266817447,902.0972742396598,154,37,3.319654964251733,13.899646514208415,0.0,0.007736661617098052,affine_dtft,44.26747053158587,9,identified,1,94.68315222913502,68.64040614406576,95.07601314665045,0.06608591482993778,68.19859051364803,1,4.2644879971199865,True,9.582694401178648,10.932535766068707,8.395144864997755
12,2550.0,434750.3865172881,4005856.284984744,-75.72575701302213,36.19531625605455,ok,109.63401362265444,IW3,0,14958.77746055478,902.7377553291711,154,37,3.319648476518782,13.899645062707618,0.0,0.0077366608772110705,affine_dtft,44.2700633583715,9,identified,1,102.71368333242467,68.27743325864432,114.4866804479891,0.05488136508625573,63.434948822921854,3,3.3933623935321724,True,9.759678083276798,11.128892073370233,8.555799781939063
12,2600.0,434797.58886274387,4005872.77554518,-75.72523340071581,36.195468099294814,ok,110.60454698772136,IW3,0,14973.603696652499,903.3782163563227,154,37,3.3196419880769015,13.899643613741501,0.0,0.007736680853032551,affine_dtft,44.27265619262235,9,identified,1,112.75894842297996,61.73503521045618,114.4866804479891,0.05488136508625573,63.434948822921854,1,3.377726140909479,True,9.952918368780209,11.343368292072418,8.731181755396609
12,2650.0,434844.79120819963,4005889.266105615,-75.72470978635272,36.19561994026348,ok,116.42499236211174,IW3,0,14988.429975108957,904.0186573204082,154,37,3.319635502084114,13.899642165359365,0.0,0.0077367013934624565,affine_dtft,44.27524903433814,9,identified,1,114.97937342660396,62.21818266079276,114.4866804479891,0.05488136508625573,63.434948822921854,1,3.612757999152186,True,11.166453981152813,12.692520227320793,9.83166901785922
12,2700.0,434891.9935536554,4005905.7566660508,-75.7241861699329,36.19577177896053,ok,118.92996991638378,IW3,0,15003.256295922949,904.6590782214536,154,37,3.319629015658507,13.899640721066396,0.0,0.0077367009216978795,affine_dtft,44.27784188351863,9,identified,1,118.6602857054496,63.69870449984148,114.4866804479891,0.05488136508625573,63.434948822921854,1,3.7481540974096403,True,11.718797158976036,13.308049642579892,10.331920713410149
12,2750.0,434939.19589911116,4005922.247226486,-75.72366255145641,36.19592361538591,ok,121.63263382678595,IW3,0,15018.082659092932,905.2994790590119,154,37,3.319622527883614,13.89963927387264,0.0,0.007736721853497812,affine_dtft,44.28043474016359,9,identified,1,123.27284071089476,71.9984075645089,124.17824001860234,0.05059811852896565,75.96375653207325,3,3.241063043084563,True,12.336103047688063,13.997200966426911,10.890435775004535
12,2800.0,434986.3982445669,4005938.7377869217,-75.72313893092324,36.19607544953959,ok,121.49085329274367,IW3,0,15032.909064618976,905.93985983294,154,37,3.319616041684089,13.89963782947988,0.0,0.007736721958031679,affine_dtft,44.283027604273016,9,identified,1,132.75573390069295,84.12706823420599,127.01156821934933,0.04946939397148855,82.8749836510979,2,3.6054098747750514,True,12.303154191501896,13.960382802082453,10.860641351369543
12,2850.0,435033.6005900227,4005955.228347357,-75.72261530833346,36.19622728142154,ok,130.57790363793234,IW3,0,15047.735512499052,906.5802205429604,154,37,3.319609555868026,13.899636385589188,0.0,0.0077367421833461954,affine_dtft,44.28562047584654,9,identified,1,131.18330294866115,86.27527928560399,127.99999999999986,0.04908738521234057,89.99999999999962,1,3.5676944290847925,True,14.54947542632169,16.48054517680315,12.886960467688585
12,2900.0,435080.80293547845,4005971.718907792,-75.7220916836871,36.19637911103171,ok,137.7266420689984,IW3,0,15062.562002731913,907.2205611886797,154,37,3.3196030698216825,13.899634942209795,0.0,0.00773676164542177,affine_dtft,44.288213354883965,9,identified,2,162.77803409045623,58.150833457925074,113.77777777777767,0.05522330836388313,89.99999999999966,2,3.684115346292754,True,16.527216887784213,18.719048400728088,14.66112990822407
12,2950.0,435128.0052809342,4005988.209468228,-75.72156805698418,36.19653093837007,ok,140.40541053141067,IW3,0,15077.388535316626,907.8608817699968,154,37,3.3195965833579884,13.899633498854278,0.0,0.0077367619396814195,affine_dtft,44.29080624138513,9,identified,2,165.01339668197934,55.99284747448423,159.92193217393253,0.03928907825066757,51.340191745909806,2,3.1009021084543273,True,17.321854207645558,19.624535116788635,15.370913451169518
12,3000.0,435175.20762639,4006004.700028663,-75.72104442822476,36.19668276343656,ok,144.54054737521423,IW3,0,15092.215110252439,908.5011822865262,154,37,3.3195901003320403,13.899632056285526,0.0,0.007736782123674237,affine_dtft,44.29339913534989,9,identified,2,162.90144908581385,55.07278347823152,159.92193217393253,0.03928907825066757,51.340191745909806,2,3.38834063690857,True,18.611416672930726,21.10232910997534,16.518617958645617
13,250.0,432653.7438960529,4004883.1993854167,-75.7489921937745,36.18640033829359,touches_land_or_unmapped,,,,,,,,,,,,,,,,,,,,,,,,,,,
13,300.0,432700.9848067376,4004899.579139923,-75.74846824880643,36.18655128596845,touches_land_or_unmapped,,,,,,,,,,,,,,,,,,,,,,,,,,,
13,350.0,432748.2257174222,4004915.9588944293,-75.74794430179166,36.18670223136968,touches_land_or_unmapped,,,,,,,,,,,,,,,,,,,,,,,,,,,
13,400.0,432795.4666281069,4004932.3386489353,-75.74742035273023,36.18685317449725,touches_land_or_unmapped,,,,,,,,,,,,,,,,,,,,,,,,,,,
13,450.0,432842.7075387916,4004948.7184034414,-75.74689640162217,36.187004115351115,touches_land_or_unmapped,,,,,,,,,,,,,,,,,,,,,,,,,,,
13,500.0,432889.9484494763,4004965.098157948,-75.74637244846751,36.18715505393126,touches_land_or_unmapped,,,,,,,,,,,,,,,,,,,,,,,,,,,
13,550.0,432937.1893601609,4004981.477912454,-75.7458484932663,36.18730599023761,touches_land_or_unmapped,,,,,,,,,,,,,,,,,,,,,,,,,,,
13,600.0,432984.4302708456,4004997.85766696,-75.74532453601859,36.187456924270144,touches_land_or_unmapped,,,,,,,,,,,,,,,,,,,,,,,,,,,
13,650.0,433031.6711815303,4005014.237421466,-75.74480057672437,36.18760785602883,ok,119.06158946128862,IW3,0,14410.589018446877,862.2338042259412,153,37,3.3446975737972644,13.899703951127577,0.0,0.00764433712531811,affine_dtft,44.17332598425969,8,identified,1,115.25730166253739,90.94671134447741,102.17320016451664,0.06149543419470628,86.18592516570939,3,3.3037271780078656,True,11.748339410496838,13.340999821302521,10.35866375677286
13,700.0,433078.912092215,4005030.6171759726,-75.74427661538373,36.18775878551364,ok,118.61322681283649,IW3,0,14425.309894738622,862.8667684071667,153,37,3.3446910703643074,13.899702477782336,0.0,0.007644336767608915,affine_dtft,44.17593230433621,9,identified,1,122.29619644062802,88.9901055985981,127.99999999999986,0.04908738521234057,89.99999999999962,1,4.2192918089423745,True,11.647918786611642,13.229006943782563,10.267752650204581
13,750.0,433126.1530028996,4005046.9969304786,-75.74375265199667,36.187909712724505,ok,117.78791753986702,IW3,0,14440.030812788751,863.4997125181718,153,37,3.3446845668634793,13.899701005114418,0.0,0.007644356456532485,affine_dtft,44.17853863186312,9,identified,1,124.76739465109503,87.26386733080474,127.01156821934933,0.04946939397148855,82.8749836510979,2,3.943904915832806,True,11.464656844733438,13.024713151557892,10.101804811862939
13,800.0,433173.3939135843,4005063.3766849847,-75.74322868656324,36.188060637661394,ok,119.56695638759406,IW3,0,14454.75177259586,864.1326365586623,153,37,3.3446780638768177,13.89969953304973,0.0,0.0076443766699628045,affine_dtft,44.18114496684018,9,identified,1,121.20222219392193,84.18978860358274,117.2681388674801,0.05357964548478044,76.75948008481254,4,3.8467387845756327,True,11.862260049188581,13.468090027582184,10.461777037032629
13,850.0,433220.634824269,4005079.7564394907,-75.74270471908348,36.188211560324284,ok,119.25283406182356,IW3,0,14469.472774158847,864.7655405285094,153,37,3.3446715609830555,13.899698060742795,0.0,0.007644375512530474,affine_dtft,44.18375130926718,9,identified,1,111.88421283622986,77.95764332799489,114.48668044798914,0.05488136508625571,79.6951535312337,5,4.518890166432973,True,11.791358476808517,13.388986787916053,10.39760416610085
13,900.0,433267.8757349537,4005096.136193997,-75.74218074955742,36.18836248071315,ok,119.13639809218316,IW3,0,14484.193817476846,865.3984244275828,153,37,3.3446650585154627,13.899696588027927,0.0,0.00764439626278073,affine_dtft,44.18635765914399,9,identified,1,113.51143176860464,74.38665261780517,111.06839440315186,0.05657041628217941,77.47119229084822,4,4.492090720487616,True,11.765153807731917,13.35975521561621,10.373884325238848
13,950.0,433315.1166456383,4005112.5159485033,-75.74165677798509,36.18851339882791,ok,122.57432776835826,IW3,0,14498.914902548615,866.0312882551627,153,37,3.3446585571298155,13.899695117286486,0.0,0.007644415145289933,affine_dtft,44.188964016470365,9,identified,1,119.43067285435848,70.78451405577995,126.42938837114735,0.04969718977627738,69.77514056883173,5,4.200340416975675,True,12.556564377717857,14.243655919160753,11.089740561126986
13,1000.0,433362.357556323,4005128.8957030093,-75.74113280436653,36.18866431466856,ok,123.64701862452793,IW3,0,14513.636029372165,866.6641320113511,153,37,3.3446520540008953,13.899693646192897,0.0,0.007644415543087653,affine_dtft,44.191570381245974,9,identified,1,124.7496973180465,67.55507751503929,126.42938837114735,0.04969718977627738,69.77514056883173,5,3.962968201110694,True,12.81115827233151,14.528497986213155,11.319790643135395
13,1050.0,433409.5984670077,4005145.2754575154,-75.74060882870178,36.18881522823504,ok,127.03333974389754,IW3,0,14528.357197947762,867.2969556957271,153,37,3.3446455521147174,13.899692178838835,0.0,0.007644434503109394,affine_dtft,44.194176753470856,9,identified,1,123.60814443553699,67.42506808293919,134.45778724835563,0.04672979851716567,66.80140948635159,4,3.6168871004888583,True,13.639783418961393,15.457372873608847,12.067646881260867
13,1100.0,433456.8393776924,4005161.655212022,-75.74008485099088,36.18896613952734,ok,127.14977571353793,IW3,0,14543.078408273323,867.9297593082019,153,37,3.3446390494626708,13.89969071087435,0.0,0.007644434875528518,affine_dtft,44.19678313314464,9,identified,1,118.65199622348524,70.24402516557802,119.85013472883753,0.05242535038776029,69.44395478041629,2,3.156982107180849,True,13.668964638635636,15.490136971667017,12.09395767524108
13,1150.0,433504.080288377,4005178.034966528,-75.73956087123388,36.1891170485454,ok,124.61945359486401,IW3,0,14557.799660347075,868.5625428484436,153,37,3.34463255037999,13.899689243862989,0.0,0.007644454705181556,affine_dtft,44.199389520267026,9,identified,1,122.26722303073257,91.16067187763404,127.99999999999986,0.04908738521234057,89.99999999999962,3,3.577618298274716,True,13.045196110950283,14.790565824533,11.53115668554573
13,1200.0,433551.3211990617,4005194.414721034,-75.73903688943078,36.189267955289196,ok,114.7945628118595,IW3,0,14572.520954169056,869.1953063161156,153,37,3.3446260491632693,13.89968777717922,0.0,0.007644475061817707,affine_dtft,44.20199591483801,9,identified,1,124.48650233536232,92.03039626331193,127.01156821934933,0.04946939397148855,97.12501634890134,2,4.157662248789394,True,10.816854910909239,12.303424072253932,9.514817747498139
13,1250.0,433598.5621097464,4005210.7944755405,-75.73851290558164,36.18941885975866,ok,107.40573512830015,IW3,0,14587.242289737696,869.8280497109077,153,37,3.3446195474412566,13.899686309802775,0.0,0.007644472935988619,affine_dtft,44.204602316857304,9,identified,1,121.90474968188475,92.05482673436072,113.77777777777767,0.05522330836388313,89.99999999999966,2,4.555238141764511,True,9.325487931851494,10.647299426371115,8.161627665082257
13,1300.0,433645.8030204311,4005227.1742300466,-75.73798891968649,36.18956976195379,ok,102.60002459023667,IW3,0,14601.963667051565,870.4607730326863,153,37,3.3446130466555593,13.899684845402849,0.0,0.007644493659200702,affine_dtft,44.20720872632468,9,identified,2,91.90854091779192,66.14208977681044,85.33333333333324,0.07363107781851086,89.99999999999974,5,3.9179471964658994,True,8.432573492934852,9.658073516329607,7.350689176853757
13,1350.0,433693.0439311157,4005243.5539845526,-75.73746493174536,36.189720661874524,ok,97.99200040830331,IW3,0,14616.685086109848,871.0934762811488,153,37,3.344606546748094,13.89968338187259,0.0,0.00764451244252213,affine_dtft,44.20981514323997,9,identified,2,95.54460327761797,64.77415664643821,82.9059963110406,0.07578686206974458,93.09405805891683,6,4.182212799888164,True,7.629742453214529,8.769663824702732,6.621464414659698
13,1400.0,433740.2848418004,4005259.9337390587,-75.7369409417583,36.18987155952083,ok,96.03073431468427,IW3,0,14631.406546911054,871.7261594560002,153,37,3.344600046611785,13.899681917733233,0.0,0.007644512385250776,affine_dtft,44.21242156760293,9,identified,3,99.22818113268733,63.99661656660759,103.97144730968249,0.06043183460229139,66.03751102542165,2,3.922935269720204,True,7.303234144212833,8.40853085543765,6.324945343223444
13,1450.0,433787.5257524851,4005276.313493565,-75.73641694972534,36.190022454892684,ok,98.70508456002202,IW3,0,14646.128049454286,872.3588225570212,153,37,3.344593546713933,13.899680454206356,0.0,0.007644532529772688,affine_dtft,44.215027999413394,9,identified,2,100.7771609796999,64.90022497101575,103.97144730968249,0.06043183460229139,66.03751102542165,2,3.75144521409351,True,7.750672946130884,8.903439692755853,6.731299972175246
13,1500.0,433834.7666631698,4005292.6932480712,-75.73589295564652,36.19017334799004,ok,103.97144730968249,IW3,0,14660.849593738243,872.9914655840448,153,37,3.344587047387917,13.899678992533868,0.0,0.007644532609798706,affine_dtft,44.217634438671126,9,identified,1,99.59435440305514,65.6663146393845,103.97144730968249,0.06043183460229139,66.03751102542165,2,3.143985534105415,True,8.681462429050525,9.933668336215668,7.57675670474591
13,1550.0,433882.0075738544,4005309.0730025773,-75.73536895952188,36.19032423881284,ok,,IW3,0,14675.5711797615,873.6240885365921,153,37,3.3445805488831533,13.899677531667244,0.0,0.007644551614772954,affine_dtft,44.220240885375894,9,ambiguous_multiple_blobs,2,94.61111280242241,67.12662914746664,95.07601314665045,0.06608591482993778,68.19859051364803,1,2.901219800335525,False,,,
13,1600.0,433929.2484845391,4005325.4527570833,-75.73484496135143,36.190475127361076,ok,,IW3,0,14690.292807523503,874.2566914145315,153,37,3.3445740491142346,13.899676071744638,0.0,0.007644570996009269,affine_dtft,44.222847339527576,9,identified,4,83.75827508315457,72.6831503377676,82.78549334573489,0.07589717779344847,75.96375653207332,2,2.3441812582582195,False,,,
13,1650.0,433976.4893952238,4005341.83251159,-75.73432096113524,36.190626013634684,ok,,IW3,0,14705.014477022098,874.8892742175402,153,37,3.3445675501665484,13.899674609281123,0.0,0.007644570961288973,affine_dtft,44.22545380112581,9,ambiguous_multiple_blobs,3,126.96864797774838,85.84178551632772,127.99999999999986,0.04908738521234057,89.99999999999962,1,2.691010987574501,False,,,
13,1700.0,434023.7303059085,4005358.212266096,-75.73379695887333,36.19077689763365,ok,127.99999999999984,IW3,0,14719.736188257208,875.521836945449,153,37,3.3445610528102794,13.899673151817662,0.0,0.007644591240418929,affine_dtft,44.22806027017057,9,identified,1,124.3796494219178,87.45333777551924,127.99999999999986,0.04908738521234057,89.99999999999962,1,3.334373899078594,True,13.883471310150425,15.73109477156699,12.287307351994892
13,1750.0,434070.9712165931,4005374.592020602,-75.73327295456573,36.19092777935792,ok,127.99999999999986,IW3,0,14734.457941227096,876.1543795980402,153,37,3.344554554527353,13.899671694791678,0.0,0.0076446115258193845,affine_dtft,44.230666746661555,9,identified,1,124.6461669471817,88.79862528966858,127.99999999999986,0.04908738521234057,89.99999999999962,1,3.682112083214953,True,13.883471310150428,15.731094771566998,12.287307351994894
13,1800.0,434118.2121272778,4005390.971775108,-75.7327489482125,36.19107865880745,ok,127.99999999999986,IW3,0,14749.179735930247,876.7869021747994,153,37,3.344548055505567,13.899670235859663,0.0,0.007644610914538963,affine_dtft,44.23327323059849,9,identified,1,126.67485579361754,88.29812926022748,127.99999999999986,0.04908738521234057,89.99999999999962,1,4.813305109549193,True,13.883471310150428,15.731094771566998,12.287307351994894
13,1850.0,434165.4530379625,4005407.3515296145,-75.73222493981365,36.191229535982224,ok,127.99999999999986,IW3,0,14763.901572366256,877.4194046756874,153,37,3.3445415577993094,13.899668780280466,0.0,0.1171055954446599,affine_dtft,44.23587972198132,9,identified,1,126.6186961554032,87.35702554196013,127.99999999999986,0.04908738521234057,89.99999999999962,1,4.040288822615335,True,13.883471310150428,15.731094771566998,12.287307351994894
13,1900.0,434212.6939486472,4005423.7312841206,-75.73170092936924,36.191380410882175,ok,127.99999999999984,IW3,0,14778.623450533296,878.0518871003115,153,37,3.344535059223898,13.89966732418388,0.0,0.36420918290580434,affine_dtft,44.238486220809705,9,identified,1,123.91218877644813,85.79507079564124,127.99999999999986,0.04908738521234057,89.99999999999962,1,3.114241660260185,True,13.883471310150425,15.73109477156699,12.287307351994892
13,1950.0,434259.9348593318,4005440.1110386266,-75.73117691687929,36.19153128350729,ok,,IW3,0,14793.345370430507,878.6843494485379,153,37,3.3445285642636766,13.899665869325394,0.0,0.49806295066142325,affine_dtft,44.24109272708351,9,identified,1,114.01776969794084,66.54861107993675,110.88590894699769,0.056663514479399574,72.34987578006968,5,2.305244692854497,False,,,
13,2000.0,434307.1757700165,4005456.4907931327,-75.73065290234383,36.19168215385753,ok,,IW3,0,14808.067332056853,879.3167917200635,153,37,3.3445220672269773,13.89966441451909,0.0,0.5396298523651304,affine_dtft,44.24369924080253,9,identified,1,136.5917720842592,57.607006060711875,127.01156821934926,0.04946939397148858,60.255118703057654,2,2.8524028207182974,False,,,
13,2050.0,434354.4166807012,4005472.870547639,-75.73012888576292,36.191833021932844,ok,,IW3,0,14822.789335410687,879.9492139146657,153,37,3.344515569305795,13.899662960197137,0.0,0.5136706880541507,affine_dtft,44.2463057619665,9,identified,1,151.40282811222096,55.70646492312099,159.92193217393253,0.03928907825066757,51.340191745909806,2,2.8461825968591152,False,,,
13,2100.0,434401.6575913859,4005489.2503021453,-75.72960486713657,36.19198388773319,ok,137.00602289555542,IW3,0,14837.55242261476,880.5815910875701,154,37,3.3197871793078235,13.89966150667193,0.0,0.49973010374498605,affine_dtft,44.248907528315804,9,identified,1,152.19038613121927,56.05185966651841,142.0032502336585,0.04424677109038668,56.309932474020094,1,4.372121165714867,True,16.31864099635941,18.481984783880584,14.474521160524228
13,2150.0,434448.8985020705,4005505.6300566513,-75.72908084646484,36.19213475125854,ok,128.74737899908718,IW3,0,14852.384141789547,881.2139064959676,154,37,3.3197807311156358,13.899660056574099,0.0,0.5466188425699545,affine_dtft,44.25150134334609,9,identified,1,142.95020945186604,58.402301655855894,142.0032502336585,0.04424677109038668,56.309932474020094,1,4.216790266001539,True,14.074118303700919,15.945421733380899,12.459065021197794
13,2200.0,434496.1394127552,4005522.009811158,-75.72855682374777,36.19228561250886,ok,123.79219266120624,IW3,0,14867.215902999047,881.8462018263847,154,37,3.319774283655721,13.89965860450507,0.0,0.5363849419912848,affine_dtft,44.25409516578465,9,identified,1,130.09916243762572,61.450772104273426,127.01156821934926,0.04946939397148858,60.255118703057654,2,3.30534895343021,True,12.845900755638205,14.567387743819593,11.351174277972234
13,2250.0,434543.3803234399,4005538.389565664,-75.72803279898535,36.192436471484115,ok,116.18583207641105,IW3,0,14882.047706242882,882.4784770786289,154,37,3.3197678345399813,13.899657153933063,0.0,0.4440727718390718,affine_dtft,44.25668899563141,9,identified,1,113.14974349962978,65.52944004062665,103.97144730968249,0.06043183460229139,66.03751102542165,2,4.261561415754862,True,11.11469023764544,12.634884858426412,9.784764457132452
13,2300.0,434590.6212341246,4005554.76932017,-75.72750877217766,36.192587328184246,ok,106.80038465900944,IW3,0,14896.879551519445,883.1107322522804,154,37,3.3197613885136703,13.899655704984365,0.0,0.24950333551594708,affine_dtft,44.25928283288609,9,identified,1,108.30899937240717,65.97476437017583,103.97144730968249,0.06043183460229139,66.03751102542165,2,4.976722149745061,True,9.20977741550181,10.519024467385629,8.056560399649099
13,2350.0,434637.8621448092,4005571.149074676,-75.72698474332473,36.19273818260922,ok,101.74758876892447,IW3,0,14911.711438826736,883.7429673471981,154,37,3.3197549412992715,13.899654254598923,0.0,0.007736266819462289,affine_dtft,44.261876677548344,9,identified,1,108.11703587100503,66.79832418514764,103.97144730968249,0.06043183460229139,66.03751102542165,2,4.275537312161126,True,8.280204662549677,9.489401371681744,7.212286764051451
13,2400.0,434685.1030554939,4005587.5288291825,-75.7264607124266,36.19288903475901,ok,101.00630258867182,IW3,0,14926.54336816435,884.3751823631477,154,37,3.31974849340278,13.899652808744827,0.0,0.007736287730993828,affine_dtft,44.26447052961811,9,identified,1,99.33623463221437,67.6356521949331,95.07601314665045,0.06608591482993778,68.19859051364803,1,3.7986223919960387,True,8.149141170799668,9.344339707760287,7.093235924747174
13,2450.0,434732.3439661786,4005603.9085836885,-75.7259366794833,36.193039884633585,ok,,IW3,0,14941.37533953118,885.0073772998883,154,37,3.319742047710153,13.89965136010964,0.0,0.00773630684098358,affine_dtft,44.267064389095175,9,ambiguous_multiple_blobs,2,93.36849158138628,68.36578614673957,142.0032502336585,0.04424677109038668,56.309932474020094,1,2.91206399110681,False,,,
13,2500.0,434779.5848768633,4005620.2883381946,-75.72541264449484,36.19319073223289,ok,,IW3,0,14956.207352926236,885.6395521570523,154,37,3.3197355991661475,13.899649913053581,0.0,0.0077363062646730344,affine_dtft,44.26965825597938,9,ambiguous_multiple_blobs,2,94.06555937075656,68.93611083064121,142.0032502336585,0.04424677109038668,56.309932474020094,1,3.072752798716913,False,,,
13,2550.0,434826.8257875479,4005636.6680927007,-75.7248886074613,36.193341577556886,ok,118.66164303844249,IW3,0,14971.039408347815,886.2717069343842,154,37,3.3197291556356365,13.899648468533114,0.0,0.0077363279594421346,affine_dtft,44.272252130270424,9,identified,1,132.23299184192703,61.56420521313417,114.4866804479891,0.05488136508625573,63.434948822921854,3,3.427679099997591,True,11.65873335440973,13.241066124126132,10.277543872748774
13,2600.0,434874.0666982326,4005653.047847207,-75.7243645683827,36.193492420605544,ok,117.61790239082914,IW3,0,14985.871505794568,886.9038416317046,154,37,3.319722708118759,13.899647020919211,0.0,0.007736327063428664,affine_dtft,44.27484601196808,9,identified,1,117.40788226581898,60.82764113249098,127.01156821934926,0.04946939397148858,60.255118703057654,2,3.6335993520496985,True,11.427157810412675,12.982924190966353,10.067842331359607
13,2650.0,434921.3076089173,4005669.427601713,-75.72384052725906,36.193643261378824,ok,118.92996991638378,IW3,0,15000.703645266072,887.5359562486918,154,37,3.3197162639407582,13.899645577680076,0.0,0.0077363482413882675,affine_dtft,44.27743990107226,9,identified,1,118.76292044360949,61.54299021821678,114.4866804479891,0.05488136508625573,63.434948822921854,1,3.8195910006943454,True,11.718797158976036,13.308049642579892,10.331920713410149
13,2700.0,434968.548519602,4005685.8073562193,-75.72331648409043,36.19379409987669,ok,121.63263382678595,IW3,0,15015.535826760448,888.1680507851464,154,37,3.319709817524457,13.899644134024319,0.0,0.007736368891536594,affine_dtft,44.28003379758265,9,identified,1,121.3448243989227,63.377715660849454,114.4866804479891,0.05488136508625573,63.434948822921854,1,4.214589161211367,True,12.336103047688063,13.997200966426911,10.890435775004535
13,2750.0,435015.7894302866,4005702.1871107253,-75.72279243887685,36.193944936099086,ok,121.83032018291605,IW3,0,15030.368050276995,888.800125240634,154,37,3.3197033723192715,13.899642691028212,0.0,0.007736367500186121,affine_dtft,44.282627701499116,9,identified,1,131.58544575174534,82.25986905692285,124.17824001860234,0.05059811852896565,75.96375653207325,3,3.6256407169647185,True,12.38215005571792,14.048662169413522,10.932071134391698
13,2800.0,435063.0303409713,4005718.566865232,-75.72226839161836,36.19409577004601,ok,125.70937374418493,IW3,0,15045.200315814216,889.4321796152374,154,37,3.319696927643359,13.899641249297977,0.0,0.007736388045371144,affine_dtft,44.28522161282141,9,identified,1,134.5768950986428,86.22341674491524,127.99999999999986,0.04908738521234057,89.99999999999962,1,4.050270428251413,True,13.311231308351697,15.088731919846357,11.771288003347886
13,2850.0,435110.271251656,4005734.946619738,-75.72174434231498,36.194246601717396,ok,134.7964240893736,IW3,0,15060.032623371219,890.0642139083591,154,37,3.3196904832627516,13.89963981006657,0.0,0.007736408793225131,affine_dtft,44.287815531549356,9,identified,1,131.5820528095265,87.98569133521264,127.99999999999986,0.04908738521234057,89.99999999999962,1,4.081234811388453,True,15.692314882699266,17.771561762205963,13.913429806364574
13,2900.0,435157.5121623407,4005751.326374244,-75.72122029096676,36.1943974311132,ok,141.94516252043965,IW3,0,15074.86497294667,890.6962281198303,154,37,3.3196840400357575,13.899638368229192,0.0,0.007736408731488283,affine_dtft,44.290409457682735,9,identified,1,123.80640388630111,88.29411764185933,133.88194825433345,0.04693078782543198,78.69006752597946,4,3.6759244929555273,True,17.79284526934964,20.16303508221911,15.790707598353153
13,2950.0,435204.7530730253,4005767.70612875,-75.72069623757373,36.19454825823341,ok,145.4314531505496,IW3,0,15089.697364538815,891.328222249515,154,37,3.319677594789058,13.89963692752975,0.0,0.007736428578056794,affine_dtft,44.29300339122125,9,identified,2,164.88793216219568,57.32079586038031,159.92193217393253,0.03928907825066757,51.340191745909806,2,3.2731352839999075,True,18.89981099895734,21.43432782417193,16.77454367942552
13,3000.0,435251.99398371,4005784.0858832565,-75.72017218213593,36.19469908307796,ok,151.24193753406618,IW3,0,15104.529798147603,891.9601962968859,154,37,3.3196711511907253,13.899635488988112,0.0,0.00773642836374489,affine_dtft,44.295597332164874,9,identified,2,165.72314766459104,56.33720523317341,159.92193217393253,0.03928907825066757,51.340191745909806,2,3.253208366709493,True,20.880473945134263,23.730882904778284,18.524279520847887
14,250.0,432872.0838166269,4004243.049518801,-75.74650934807518,36.18064461915307,touches_land_or_unmapped,,,,,,,,,,,,,,,,,,,,,,,,,,,
14,300.0,432919.51608723355,4004258.8665888547,-75.74598326029397,36.1807904964244,touches_land_or_unmapped,,,,,,,,,,,,,,,,,,,,,,,,,,,
14,350.0,432966.9483578402,4004274.683658909,-75.7454571705255,36.180936371402936,touches_land_or_unmapped,,,,,,,,,,,,,,,,,,,,,,,,,,,
14,400.0,433014.3806284468,4004290.5007289634,-75.74493107876982,36.18108224408864,touches_land_or_unmapped,,,,,,,,,,,,,,,,,,,,,,,,,,,
14,450.0,433061.81289905345,4004306.3177990173,-75.74440498502699,36.18122811448147,touches_land_or_unmapped,,,,,,,,,,,,,,,,,,,,,,,,,,,
14,500.0,433109.24516966,4004322.1348690717,-75.74387888929701,36.1813739825814,touches_land_or_unmapped,,,,,,,,,,,,,,,,,,,,,,,,,,,
14,550.0,433156.67744026665,4004337.951939126,-75.74335279157994,36.18151984838839,touches_land_or_unmapped,,,,,,,,,,,,,,,,,,,,,,,,,,,
14,600.0,433204.1097108733,4004353.7690091804,-75.74282669187582,36.18166571190239,touches_land_or_unmapped,,,,,,,,,,,,,,,,,,,,,,,,,,,
14,650.0,433251.5419814799,4004369.5860792343,-75.74230059018468,36.18181157312337,touches_land_or_unmapped,,,,,,,,,,,,,,,,,,,,,,,,,,,
14,700.0,433298.97425208654,4004385.4031492886,-75.74177448650656,36.181957432051306,ok,123.14879296202743,IW3,0,14459.764947363235,814.5438497710132,153,37,3.344929803963192,13.899712458858037,0.0003532944709415298,0.0076433462242199565,affine_dtft,44.18216260922331,9,identified,1,120.89833514949964,88.24139410690806,127.99999999999986,0.04908738521234057,89.99999999999962,1,4.4250570910566,True,12.692446190808482,14.395650628385722,11.212538044403672
14,750.0,433346.40652269317,4004401.220219343,-75.74124838084153,36.182103288686136,ok,120.98326483351786,IW3,0,14474.514796078583,815.1346053746224,153,37,3.3449235087075326,13.899710996574333,0.0,0.007643366006991173,affine_dtft,44.1847741723262,9,identified,1,123.1705827704828,86.2840847296984,124.17824001860234,0.05059811852896565,75.96375653207325,3,4.521253331636924,True,12.18571244890651,13.82918178976597,10.754427627218728
14,800.0,433393.83879329974,4004417.0372893973,-75.74072227318956,36.182249143027846,ok,119.00029074744467,IW3,0,14489.264684870333,815.7253408199115,153,37,3.3449172171250336,13.899709538007157,0.0,0.007643365049127372,affine_dtft,44.187385742581725,9,identified,1,120.26679067749579,83.45735966121057,117.2681388674801,0.05357964548478044,76.75948008481254,4,4.732046874716344,True,11.734574255794959,13.325646380553476,10.34620305982996
14,850.0,433441.2710639064,4004432.854359451,-75.74019616355075,36.18239499507637,ok,118.68616842167417,IW3,0,14504.014613735646,816.3160561066361,153,37,3.344910925547829,13.899708076360227,0.0,0.0076433855866774834,affine_dtft,44.18999731998939,9,identified,1,112.6514034946289,77.14501820504202,114.48668044798914,0.05488136508625571,79.6951535312337,5,5.208416574491256,True,11.664214208321006,13.247177901271522,10.282506022699216
14,900.0,433488.703334513,4004448.6714295056,-75.73967005192512,36.1825408448317,ok,119.13639809218316,IW3,0,14518.76458267295,816.9067512346068,153,37,3.34490463225836,13.899706618338362,0.0,0.007643385212937141,affine_dtft,44.19260890454891,9,identified,1,116.23435553133805,74.65497673363103,111.06839440315186,0.05657041628217941,77.47119229084822,4,4.88415338781366,True,11.765153807731917,13.35975521561621,10.373884325238848
14,950.0,433536.13560511963,4004464.48849956,-75.7391439383127,36.18268669229381,ok,121.10682321655183,IW3,0,14533.51459168231,817.4974262037358,153,37,3.3448983416799614,13.899705161816307,0.0,0.007643405747438647,affine_dtft,44.195220496260305,9,identified,1,127.78523822144913,70.37957254275338,126.42938837114735,0.04969718977627738,69.77514056883173,5,4.371288767602538,True,12.21422595923689,13.861031273098043,10.780217316779197
14,1000.0,433583.56787572626,4004480.305569614,-75.73861782271352,36.18283253746261,ok,120.79528031767578,IW3,0,14548.264640761923,818.0880810132978,153,37,3.3448920487496605,13.899703703420215,0.0,0.007643425165324291,affine_dtft,44.19783209512325,9,identified,1,129.09724852312974,66.98631775297446,126.42938837114735,0.04969718977627738,69.77514056883173,5,3.842397643184045,True,12.14242290107569,13.780833151379813,10.715270728759661
14,1050.0,433631.0001463329,4004496.122639668,-75.73809170512764,36.182978380338106,ok,122.63414162836764,IW3,0,14563.014729910486,818.6787156634651,153,37,3.3448857582698794,13.899702246533145,0.0,0.007643423542565178,affine_dtft,44.20044370113753,9,identified,1,123.8123527742856,67.54205859932046,127.12026448932349,0.04942709435368816,65.55604521958325,3,3.113672657833193,True,12.570663035403216,14.259423115891368,11.102483227402852
14,1100.0,433678.43241693947,4004511.9397097225,-75.7375655855551,36.18312422092025,ok,122.75057759800802,IW3,0,14577.764859126513,819.2693301538256,153,37,3.3448794670669013,13.899700789868467,0.0,0.007643443631702766,affine_dtft,44.20305531430286,9,identified,1,121.05162092295289,68.73494901538895,112.92896595360881,0.05563838519304885,72.89727103094742,3,3.7068062878265566,True,12.598140948488796,14.290155143476229,11.127317292082903
14,1150.0,433725.8646875461,4004527.756779777,-75.73703946399593,36.18327005920899,ok,120.2202554793341,IW3,0,14592.515028409034,819.859924484099,153,37,3.344873176248389,13.899699336019202,0.0,0.0076434433837374045,affine_dtft,44.205666934619074,9,identified,1,122.64065428493541,90.85638846727434,120.26270095661117,0.0522455030296256,86.63353933656988,4,3.978620503681681,True,12.010687556432975,13.633743709096526,10.596091848579627
14,1200.0,433773.2969581527,4004543.573849831,-75.73651334045014,36.18341589520432,ok,115.27620258146938,IW3,0,14607.265237757156,820.4504986541264,153,37,3.344866885404553,13.899697882373955,0.0,0.007643463589528383,affine_dtft,44.208278562086036,9,identified,1,124.45570500854484,92.78348208909995,127.01156821934933,0.04946939397148855,97.12501634890134,2,4.0755315029033445,True,10.919329596361152,12.417438078319991,9.607710071964693
14,1250.0,433820.72922875936,4004559.390919885,-75.73598721491783,36.183561728906184,ok,108.83648292606058,IW3,0,14622.015487169085,821.0410526636296,153,37,3.3448605939256275,13.899696427782178,0.0,0.007643483303070487,affine_dtft,44.210890196703396,9,identified,2,121.66626449042832,92.87108328513395,113.77777777777767,0.05522330836388313,89.99999999999966,2,4.440815445535348,True,9.602769797372629,10.954805030467833,8.413369300385543
14,1300.0,433868.161499366,4004575.2079899395,-75.73546108739899,36.183707560314545,ok,105.57823219667485,IW3,0,14636.765776644035,821.6315865123712,153,37,3.3448543039082548,13.899694975786257,0.0,0.007643483364257682,affine_dtft,44.21350183847104,9,identified,2,92.44069543047624,66.69118878045076,102.39999999999988,0.061359231515425716,89.99999999999969,3,3.8247280151923158,True,8.979042363147467,10.263314190636763,7.847026938261728
14,1350.0,433915.5937699726,4004591.0250599934,-75.73493495789367,36.18385338942935,ok,100.9702080147415,IW3,0,14651.516106180366,822.2221001998862,153,37,3.344848014666697,13.899693522374807,0.0,0.007643503318481929,affine_dtft,44.21611348738867,9,identified,2,96.0318711159449,64.87137819716554,80.73036767656492,0.07782926658221477,93.01278750418307,3,4.214914699162553,True,8.142793394341096,9.337314527074579,7.087469961142323
14,1400.0,433963.0260405792,4004606.8421300477,-75.73440882640192,36.18399921625059,ok,99.00894192112246,IW3,0,14666.266475776998,822.8125937262218,153,37,3.3448417243528903,13.899692072579436,0.0,0.007643501596695964,affine_dtft,44.2187251434561,9,identified,2,99.02034128330325,63.729014959029776,103.97144730968249,0.06043183460229139,66.03751102542165,2,3.6130048353673967,True,7.8025665814695015,8.96084969885423,6.778434036354294
14,1450.0,434010.4583111858,4004622.659200102,-75.73388269292376,36.18414504077822,ok,99.33515129774496,IW3,0,14681.016885433297,823.4030670910554,153,37,3.3448354345542897,13.899690622003328,0.0,0.0076435216506734556,affine_dtft,44.22133680667321,9,identified,1,100.39715089219804,64.12467660335713,103.97144730968249,0.06043183460229139,66.03751102542165,2,3.4835382044207646,True,7.858520220912399,9.022754291139172,6.829256561131843
14,1500.0,434057.89058179245,4004638.4762701564,-75.73335655745925,36.1842908630122,ok,103.98634720303995,IW3,0,14695.767335146815,823.9935202940846,153,37,3.344829145837597,13.899689171843216,0.0,0.007643521444691378,affine_dtft,44.22394847703957,9,identified,1,99.62821895982457,64.66143385477682,103.97144730968249,0.06043183460229139,66.03751102542165,2,3.2881123923766307,True,8.684192136536812,9.93669149129935,7.579236035975138
14,1550.0,434105.3228523991,4004654.2933402103,-75.73283042000843,36.18443668295249,ok,103.9913138341591,IW3,0,14710.517824917193,824.5839533349923,153,37,3.3448228570380243,13.899687725306844,0.0,0.007643540835385597,affine_dtft,44.226560154555116,9,identified,1,98.67184573918844,65.19020328588151,104.03104688311235,0.06039721309581047,61.69924423399351,3,3.0763105444102274,True,8.685102162168857,9.937699348779013,7.580062591090322
14,1600.0,434152.7551230057,4004670.1104102647,-75.7323042805713,36.18458250059904,ok,,IW3,0,14725.268354743224,825.1743662135746,153,37,3.344816568243655,13.899686275223411,0.0,0.007643560778284376,affine_dtft,44.22917183921963,9,identified,1,100.81689356000967,60.95539373203858,95.40556703999094,0.06585763810350687,63.4349488229219,5,2.6791057230386097,False,,,
14,1650.0,434200.18739361234,4004685.927480319,-75.73177813914792,36.18472831595185,ok,,IW3,0,14740.018924623959,825.7647589296573,153,37,3.344810280052263,13.899684828406103,0.0,0.007643559392790445,affine_dtft,44.23178353103296,9,identified,4,106.56890024083027,63.392954317044655,96.65109569188007,0.06500894027327053,70.70995378081108,4,2.554353628345504,False,,,
14,1700.0,434247.6196642189,4004701.7445503734,-75.73125199573835,36.18487412901085,ok,,IW3,0,14754.769534557294,826.3551314829041,153,37,3.3448039921994965,13.899683380063543,0.0,0.00764357965263922,affine_dtft,44.23439522999473,9,identified,2,110.96420526550256,65.31579837815923,103.97144730968249,0.06043183460229139,66.03751102542165,2,2.7446828991335304,False,,,
14,1750.0,434295.05193482555,4004717.5616204273,-75.73072585034261,36.18501993977601,ok,,IW3,0,14769.520184542593,826.9454838730683,153,37,3.3447977042944346,13.899681934977906,0.0,0.23089301811465168,affine_dtft,44.23700693610481,9,ambiguous_multiple_blobs,3,107.22960790136172,66.51586895474318,146.28571428571402,0.04295146206079803,89.99999999999956,2,2.0707069954393194,False,,,
14,1800.0,434342.4842054322,4004733.3786904817,-75.73019970296073,36.1851657482473,ok,,IW3,0,14784.270874578577,827.535816099908,153,37,3.3447914156662955,13.899680489939877,0.0,0.4301992856958876,affine_dtft,44.239618649362995,9,identified,2,132.11559203366375,89.73669265313751,103.97144730968249,0.06043183460229139,66.03751102542165,2,3.4781758989319376,True,,,
14,1850.0,434389.9164760388,4004749.195760536,-75.72967355359278,36.18531155442469,ok,,IW3,0,14799.021604663214,828.1261281633343,153,37,3.3447851318036252,13.899679046144566,0.0,0.5246284399788445,affine_dtft,44.24223036976892,9,ambiguous_multiple_blobs,2,101.56412248564891,68.72656066805258,127.99999999999986,0.04908738521234057,89.99999999999962,1,2.6944449753223987,False,,,
14,1900.0,434437.34874664544,4004765.01283059,-75.72914740223875,36.18545735830812,ok,109.73147753709918,IW3,0,14813.77237479654,828.7164200628262,153,37,3.3447788426185774,13.899677603951321,0.0,0.5366472975866985,affine_dtft,44.24484209732259,9,identified,1,102.2576701583872,68.41218898915328,103.97144730968249,0.06043183460229139,66.03751102542165,2,3.5126921325722584,True,9.77896962426561,11.150299639373435,8.573309936149892
14,1950.0,434484.78101725207,4004780.8299006443,-75.7286212488987,36.18560315989756,ok,115.49150776451587,IW3,0,14828.523184976853,829.3066917981644,153,37,3.344772554646024,13.899676161061223,0.0,0.48778881912540256,affine_dtft,44.2474538320237,9,identified,1,110.19639281223338,65.33286218340082,103.97144730968249,0.06043183460229139,66.03751102542165,2,3.531361132756391,True,10.965354189690393,12.468655502137771,9.64942650548224
14,2000.0,434532.21328785864,4004796.6469706986,-75.7280950935727,36.18574895919298,ok,117.79551985548255,IW3,0,14843.357990636241,829.896892343522,154,37,3.3200424704678064,13.899674718025292,0.0,0.5217977241604069,affine_dtft,44.25005583223249,9,identified,1,117.47419918406624,63.06130712816488,127.01156821934926,0.04946939397148858,60.255118703057654,2,3.9018360511829675,True,11.46633564637211,13.026584116864171,10.103325235804542
14,2050.0,434579.6455584653,4004812.464040753,-75.72756893626075,36.18589475619435,ok,122.4035440374159,IW3,0,14858.218727769052,830.4870569883426,154,37,3.3200362318804064,13.899673278824965,0.0,0.5511243227750177,affine_dtft,44.25265483531635,9,identified,1,128.87221962167564,61.696464200777264,127.01156821934926,0.04946939397148858,60.255118703057654,2,3.9810751553184556,True,12.516372201468767,14.198711246028866,11.05341200896623
14,2100.0,434627.0778290719,4004828.281110807,-75.72704277696292,36.18604055090161,ok,124.50659066507724,IW3,0,14873.079505242576,831.0772014680731,154,37,3.3200299935886903,13.89967183863391,0.0,0.510477327479831,affine_dtft,44.25525384551226,9,identified,1,137.48581435807384,60.36708934699278,127.01156821934926,0.04946939397148858,60.255118703057654,2,4.239005526922527,True,13.0178735598019,14.759959659886551,11.506486477081157
14,2150.0,434674.51009967853,4004844.098180861,-75.7265166156792,36.18618634331474,ok,119.89856648314387,IW3,0,14887.940323056895,831.6673257825217,154,37,3.3200237530437833,13.89967039773687,0.0,0.37967395182670194,affine_dtft,44.25785286282024,9,identified,1,135.0102171370341,62.236510247711216,127.01156821934926,0.04946939397148858,60.255118703057654,2,3.5782904172070418,True,11.937436707560584,13.551981893079285,10.529810340823026
14,2200.0,434721.94237028516,4004859.9152509156,-75.72599045240968,36.18633213343369,ok,115.29054230121054,IW3,0,14902.801181209681,832.2574299314413,154,37,3.3200175141629154,13.899668958091823,0.0,0.13853752729674604,affine_dtft,44.260451887239896,9,identified,1,118.22458985310901,64.65406620536254,114.4866804479891,0.05488136508625573,63.434948822921854,1,3.5130234112487346,True,10.922390764539827,12.420844433111816,9.61048478358388
14,2250.0,434769.3746408918,4004875.7323209695,-75.72546428715435,36.18647792125845,ok,110.68251811927716,IW3,0,14917.662079700749,832.8475139146661,154,37,3.320011275374557,13.89966752098699,0.0,0.0077352069821555415,affine_dtft,44.26305091877117,9,identified,1,107.0847814674926,64.61309178565962,103.97144730968249,0.06043183460229139,66.03751102542165,2,4.416877493855939,True,9.968553188924604,11.360725234795623,8.745370233680791
14,2300.0,434816.80691149837,4004891.549391024,-75.7249381199133,36.18662370678896,ok,106.60025559425915,IW3,0,14932.52301852797,833.4375777319169,154,37,3.320005036996877,13.899666083533601,0.0,0.00773522790854482,affine_dtft,44.26564995741371,9,identified,1,103.92280544861522,64.51679646278316,103.97144730968249,0.06043183460229139,66.03751102542165,2,4.862563321226538,True,9.171731827315767,10.476853607500274,8.022012617769388
14,2350.0,434864.239182105,4004907.366461078,-75.72441195068653,36.18676949002518,ok,113.47939804067649,IW3,0,14947.383997690675,834.027621382796,154,37,3.3199987998768834,13.899664647425428,0.0,0.007735247527146574,affine_dtft,44.26824900316739,9,identified,1,104.69409102562179,64.76380442209539,103.97144730968249,0.06043183460229139,66.03751102542165,2,3.7894290469548197,True,10.540405275886586,11.995996195599714,9.264153822345516
14,2400.0,434911.6714527116,4004923.1835311325,-75.7238857794741,36.18691527096708,ok,,IW3,0,14962.245017186995,834.6176448671579,154,37,3.319992559629905,13.899663210977923,0.0,0.007735247902174198,affine_dtft,44.270848056031895,9,identified,4,97.07003374645704,62.463246849197944,106.47045015757536,0.05901341919641108,62.102728969052244,4,2.9602264600915893,False,,,
14,2450.0,434959.10372331826,4004939.0006011864,-75.72335960627603,36.18706104961463,ok,132.4952995026645,IW3,0,14977.106077016277,835.2076481848609,154,37,3.319986321936146,13.899661776335467,0.0,0.007735267969935706,affine_dtft,44.27344711600709,9,identified,1,151.68391959146044,58.42987143424716,142.0032502336585,0.04424677109038668,56.309932474020094,1,3.568642557863731,True,15.060543990147583,17.057068256792036,13.34639786678251
14,2500.0,435006.5359939249,4004954.817671241,-75.72283343109238,36.18720682596777,ok,142.0032502336585,IW3,0,14991.967177177075,835.7976313354417,154,37,3.3199800858182735,13.899660342457608,0.0,0.007735267942261034,affine_dtft,44.276046183092745,9,identified,1,146.52816116540174,57.27390814585763,142.0032502336585,0.04424677109038668,56.309932474020094,1,4.302195229576158,True,17.81082310125285,20.18361737601584,15.80671748885225
14,2550.0,435053.9682645315,4004970.634741295,-75.72230725392318,36.1873526000265,ok,142.0032502336585,IW3,0,15006.828317668438,836.3875943188798,154,37,3.319973848700588,13.899658910457486,0.0,0.007735287522922903,affine_dtft,44.278645257288694,9,identified,1,139.3911086256684,57.3653713717135,142.0032502336585,0.04424677109038668,56.309932474020094,1,4.650822834143657,True,17.81082310125285,20.18361737601584,15.80671748885225
14,2600.0,435101.4005351381,4004986.451811349,-75.72178107476846,36.18749837179074,ok,142.0032502336585,IW3,0,15021.6894984886,836.9775371345671,154,37,3.3199676128673294,13.899657476206269,0.0,0.007735286867696499,affine_dtft,44.28124433859461,9,identified,1,133.8165408703543,58.68165745965075,142.0032502336585,0.04424677109038668,56.309932474020094,1,4.086326219286728,True,17.81082310125285,20.18361737601584,15.80671748885225
14,2650.0,435148.8328057447,4005002.2688814034,-75.72125489362827,36.18764414126048,ok,144.13238163972386,IW3,0,15036.55071963644,837.5674597825267,154,37,3.3199613736771285,13.899656043842034,0.0,0.007735307179592056,affine_dtft,44.28384342701031,9,identified,1,136.32894720242638,60.10950508001958,142.0032502336585,0.04424677109038668,56.309932474020094,1,4.2846750739945145,True,18.48057471187647,20.951891915440925,16.402414694028337
14,2700.0,435196.26507635135,4005018.0859514577,-75.72072871050264,36.18778990843569,ok,145.15615507498595,IW3,0,15051.41198111137,838.1573622626704,154,37,3.3199551399494958,13.899654613924826,0.0,0.0077353280194732196,affine_dtft,44.286442522535694,9,identified,1,141.42537694038114,61.594140270431936,142.0032502336585,0.04424677109038668,56.309932474020094,1,3.6818733344566614,True,18.810280614809127,21.331199233996898,16.695123075324553
14,2750.0,435243.697346958,4005033.903021512,-75.7202025253916,36.187935673316304,ok,146.179928510248,IW3,0,15066.273282911356,838.7472445743305,154,37,3.3199489014657475,13.89965318290777,0.0,0.007735328373501184,affine_dtft,44.28904162517039,9,identified,1,150.8785463022896,61.570020631176995,152.64890726398542,0.04116102381469181,63.43494882292177,2,3.5177355431199326,True,19.1451193318866,21.717182230649776,16.992011358310254
14,2800.0,435291.1296175646,4005049.720091566,-75.71967633829522,36.18808143590231,ok,147.2037019455101,IW3,0,15081.13462503538,839.3371067175547,154,37,3.3199426667425507,13.899651755275768,0.0,0.00773534784256094,affine_dtft,44.291640734914246,9,identified,1,157.7080536139851,61.53890113858409,147.1221174099688,0.04270727894481653,73.30075576600606,3,3.412523127107672,True,19.485212599606378,22.110039346630778,17.293161315318546
14,2850.0,435338.56188817124,4005065.5371616203,-75.7191501492135,36.18822719619367,ok,148.50381487347298,IW3,0,15095.996007482603,839.9269486920964,154,37,3.319936430088371,13.899650326762876,0.0,0.007735348225338591,affine_dtft,44.294239851767095,9,identified,1,158.2337627488217,60.95444896059021,147.1221174099688,0.04270727894481653,73.30075576600606,3,3.3895865782684664,True,19.92487828528941,22.61917450802704,17.681874416177376
14,2900.0,435385.9941587778,4005081.3542316747,-75.71862395814651,36.188372954190314,ok,150.32207110095973,IW3,0,15110.857430251584,840.5167704973027,154,37,3.3199301966537904,13.89964889690011,0.0,0.007735367600729417,affine_dtft,44.2968389757287,9,identified,1,156.07683869022114,59.84887393766646,147.1221174099688,0.04270727894481653,73.30075576600606,3,4.0805924179680995,True,20.55484640275885,23.35124763058461,18.237607176799994
14,2950.0,435433.42642938445,4005097.171301729,-75.71809776509427,36.18851870989224,ok,,IW3,0,15125.718893340929,841.1065721333846,154,37,3.31992396057573,13.899647470763531,0.0,0.00773538877845836,affine_dtft,44.2994381067988,9,ambiguous_multiple_blobs,2,155.50959341674255,58.6542833733923,142.0032502336585,0.04424677109038668,56.309932474020094,1,3.906207640529488,False,,,
14,3000.0,435480.8586999911,4005112.988371783,-75.71757157005682,36.1886644632994,ok,,IW3,0,15140.58039674916,841.6963535999381,154,37,3.3199177281391683,13.899646044941036,0.0,0.007735387677552153,affine_dtft,44.30203724497716,9,identified,2,156.54609447485225,57.36625953886706,159.92193217393253,0.03928907825066757,51.340191745909806,2,3.4420157181031144,True,,,
15,250.0,432943.75736473326,4004025.620512036,-75.74569377238124,36.178689484082994,touches_land_or_unmapped,,,,,,,,,,,,,,,,,,,,,,,,,,,
15,300.0,432991.3028559016,4004041.093917271,-75.74516640772586,36.178832267411295,touches_land_or_unmapped,,,,,,,,,,,,,,,,,,,,,,,,,,,
15,350.0,433038.8483470699,4004056.567322506,-75.74463904111974,36.1789750484353,touches_land_or_unmapped,,,,,,,,,,,,,,,,,,,,,,,,,,,
15,400.0,433086.3938382382,4004072.040727741,-75.74411167256295,36.17911782715499,ok,91.63235312423906,IW3,0,14382.195315345833,794.6656082398096,153,37,3.345048408265507,13.89972467634278,0.0,0.007642938096212387,affine_dtft,44.168472165898294,7,identified,2,103.06018598184912,75.46997259014088,98.08141160664577,0.06406091841722486,73.30075576600615,2,4.915383376231597,True,6.602748351246133,7.633916277679358,5.689075292116088
15,450.0,433133.93932940654,4004087.514132976,-75.7435843020555,36.17926060357033,ok,93.82713014086683,IW3,0,14396.96177017166,795.23077432444,153,37,3.345042241528197,13.899723216753669,0.0,0.007642957611707609,affine_dtft,44.171086737792,7,identified,1,99.58078200961725,74.6287948798325,85.18556987470868,0.07375879877801984,73.07248693585278,4,5.374198654292892,True,6.9468753542963135,8.014447863449744,6.001399068541698
15,500.0,433181.4848205749,4004102.9875382106,-75.74305692959743,36.17940337768126,ok,96.35579414420852,IW3,0,14411.728264048183,795.7959202004909,153,37,3.345036075072235,13.899721759412925,0.0,0.0076429580408467375,affine_dtft,44.17370131665677,7,identified,1,91.02082279573666,74.00236776744735,91.63007789136277,0.06857120993205934,72.64597536373846,3,4.88709548281115,True,7.356736177754064,8.46770163546044,6.373529233181165
15,550.0,433229.03031174315,4004118.4609434456,-75.7425295551888,36.17954614948776,ok,99.4950673784349,IW3,0,14426.494796974846,796.3610458677447,153,37,3.345029909188639,13.89972030220463,0.0,0.007642977188639114,affine_dtft,44.17631590249249,7,identified,1,91.14091784899684,72.87249643279259,100.4114611907501,0.06257438376724263,78.69006752597954,5,4.544826615412349,True,7.8860421521128465,9.053204502943268,6.854254929340923
15,600.0,433276.5758029115,4004133.9343486805,-75.74200217882964,36.1796889189898,ok,108.05795340349314,IW3,0,14441.26136894946,796.9261513260598,153,37,3.345023743180398,13.899718843942718,0.0,0.007642975861846053,affine_dtft,44.178930495298786,7,identified,1,110.08462019815467,86.85387999421185,106.47045015757529,0.059013419196411114,81.02737338510333,4,4.391705471461619,True,9.451223458120813,10.786719540517158,8.275788340891685
15,650.0,433324.1212940798,4004149.4077539155,-75.74147480051998,36.179831686187306,ok,115.33193782522055,IW3,0,14456.027979971821,797.4912365749894,153,37,3.3450175794046837,13.899717386650538,0.0,0.007642996311006047,affine_dtft,44.181545095075606,8,identified,2,111.98752908176463,88.21503457709268,113.77777777777767,0.05522330836388313,89.99999999999966,2,3.953429776505872,True,10.931230987295878,12.430681663269388,9.618497691599185
15,700.0,433371.6667852481,4004164.8811591505,-75.74094742025987,36.1799744510803,ok,120.085293590791,IW3,0,14470.794630040376,798.0563016145301,153,37,3.34501141196574,13.899715932507988,0.0,0.007643016247378683,affine_dtft,44.18415970182269,9,identified,1,119.16969557462419,87.80481440749138,127.99999999999986,0.04908738521234057,89.99999999999962,1,4.050472400291754,True,11.979916913760178,13.599395546900736,10.568249919840724
15,750.0,433419.2122764164,4004180.3545643855,-75.74042003804936,36.180117213668694,ok,122.51869448232455,IW3,0,14485.56131915289,798.6213464442991,153,37,3.345005245609476,13.899714476392267,0.0,0.007643015217648154,affine_dtft,44.18677431553965,9,identified,1,122.7090984810239,87.0074543264764,127.99999999999986,0.04908738521234057,89.99999999999962,1,4.249862279150601,True,12.54346140954231,14.22900292641733,11.077897491447919
15,800.0,433466.75776758476,4004195.8279696205,-75.73989265388848,36.18025997395249,ok,122.78875241272188,IW3,0,14500.32804730947,799.186371064164,153,37,3.3449990809602146,13.89971302261651,0.0,0.007643034962249817,affine_dtft,44.18938893622649,9,identified,1,119.8072737148245,84.98958286403048,124.17824001860234,0.05059811852896565,75.96375653207325,3,4.243219000252606,True,12.607159363875603,14.300242206882848,11.135467675312722
15,850.0,433514.30325875303,4004211.301374855,-75.73936526777725,36.18040273193161,ok,123.43461965778076,IW3,0,14515.094814508393,799.7513754735721,153,37,3.3449929174088786,13.899711569810545,0.0,0.007643034856734453,affine_dtft,44.192003563882906,9,identified,1,121.15953838600817,78.24379667894088,118.6374546152431,0.05296122820197706,79.99202019855836,4,4.55647258621736,True,12.760451484078011,14.471746726950041,11.273981950854601
15,900.0,433561.84874992137,4004226.77478009,-75.73883787971575,36.18054548760607,ok,124.72617710745195,IW3,0,14529.861620748216,800.3163596727609,153,37,3.3449867530771,13.89971011888477,0.0,0.00764305614970082,affine_dtft,44.19461819850865,9,identified,1,125.95878900854672,71.86456910634443,115.12806742976424,0.054575616940784194,77.00538320808323,3,4.169161823675941,True,13.071071171279344,14.819553315713843,11.554518550636333
15,950.0,433609.3942410897,4004242.248185325,-75.73831048970398,36.180688240975776,ok,124.3252165414282,IW3,0,14544.628466027807,800.8813236610558,153,37,3.344980588969194,13.89970866662062,0.0,0.007643054380822884,affine_dtft,44.197232840103524,9,identified,1,132.15905908203123,68.72618555510141,131.2293362252943,0.04787942610936189,70.01689347809985,3,4.323137036823906,True,12.974053513815464,14.710879601511099,11.466917187853095
15,1000.0,433656.939732258,4004257.72159056,-75.737783097742,36.18083099204073,ok,124.0513533918756,IW3,0,14559.395350345754,801.446267438436,153,37,3.344974425142654,13.899707216052493,0.0,0.007643073755098544,affine_dtft,44.199847488667274,9,identified,1,137.39028504723046,69.03875004252141,134.45778724835563,0.04672979851716567,66.80140948635159,4,3.5725569355850846,True,12.90809331983044,14.63701623535635,11.40734833681323
15,1050.0,433704.4852234263,4004273.194995795,-75.73725570382986,36.180973740800894,ok,126.4280535497926,IW3,0,14574.162273700937,802.0111910046002,153,37,3.3449682626323414,13.899705764799215,0.0,0.007643093668471766,affine_dtft,44.2024621441997,9,identified,1,121.42502898995875,68.89232106400267,122.17343718848369,0.05142840744904451,72.64597536373844,4,3.058021087587176,True,13.488836279298136,15.28795082009999,11.931518604814087
15,1100.0,433752.03071459464,4004288.66840103,-75.73672830796757,36.18111648725622,ok,125.58449994860362,IW3,0,14588.92923609217,802.5760943593089,153,37,3.344962099456607,13.899704317890938,0.0,0.007643093135506207,affine_dtft,44.20507680670059,9,identified,1,111.51055195033312,74.84852088437816,117.2681388674801,0.05357964548478044,76.75948008481254,4,3.0233422114360238,True,13.28054963296308,15.054329755816937,11.74360115505017
15,1150.0,433799.5762057629,4004304.1418062644,-75.7362009101552,36.181259231406656,ok,122.2541069563237,IW3,0,14603.69623751752,803.1409775022387,153,37,3.344955935412405,13.899702867179593,0.0,0.007643113859675915,affine_dtft,44.20769147616961,9,identified,1,122.88436738020378,92.9668672224635,127.01156821934933,0.04946939397148855,97.12501634890134,2,4.107800354716362,True,12.481280216708127,14.159474828252343,11.021690952043585
15,1200.0,433847.12169693125,4004319.6152114994,-75.73567351039279,36.1814019732522,ok,121.38058397601817,IW3,0,14618.463277976707,803.7058404333005,153,37,3.344949772611653,13.899701421658428,0.0,0.007643112692849116,affine_dtft,44.210306152606705,9,identified,1,122.40708498805019,94.27257348031469,127.01156821934933,0.04946939397148855,97.12501634890134,2,4.954856511137017,True,12.277572137785706,13.931799305721313,10.8375071291906
15,1250.0,433894.6671880996,4004335.0886167344,-75.73514610868033,36.18154471279279,ok,118.30531785802268,IW3,0,14633.230357468867,804.2706831520451,153,37,3.3449436092335953,13.899699973963031,0.0,0.007643131845546798,affine_dtft,44.212920836011726,9,identified,1,118.95718094650186,95.28242811735008,117.80582228695603,0.0533350999568999,94.39870535499512,3,6.240565771745449,True,11.57930764370956,13.152508689123247,10.205629718752348
15,1300.0,433942.21267926786,4004350.5620219694,-75.73461870501792,36.18168745002841,ok,111.08465731440074,IW3,0,14647.99747599107,804.8355056584887,153,37,3.3449374480457577,13.899698527982125,0.0,0.007643131287436031,affine_dtft,44.21553552638416,9,identified,1,114.60353623017616,95.3475429047261,117.80582228695603,0.0533350999568999,94.39870535499512,3,4.344238113749895,True,10.049452258300779,11.45054472848099,8.81878188305519
15,1350.0,433989.7581704362,4004366.0354272043,-75.73409129940558,36.181830184959004,ok,107.1029295881636,IW3,0,14662.764633542796,805.4003079521912,153,37,3.3449312861772365,13.899697083762558,0.0,0.007643150756266671,affine_dtft,44.218150223723896,9,identified,1,94.92520862584446,94.5438261025996,101.89180827750278,0.06166526449375895,95.71059313749927,6,3.9367405521792813,True,9.267489118626408,10.582999386263056,8.108964676604943
15,1400.0,434037.3036616045,4004381.5088324393,-75.73356389184333,36.181972917584545,ok,101.4204773030872,IW3,0,14677.531830123762,805.9650900329243,153,37,3.344925125421863,13.899695638139475,0.0,0.007643150915965345,affine_dtft,44.2207649280309,9,identified,2,90.31119971520012,95.25483897893676,90.90826550123955,0.06911566591372172,96.11550356628513,5,3.601861618588522,True,8.222205381018219,9.425204708337377,7.159603425705167
15,1450.0,434084.8491527728,4004396.9822376743,-75.73303648233123,36.182115647905,ok,,IW3,0,14692.299065731655,806.5298519005038,153,37,3.3449189639858083,13.899694195132039,0.0,0.007643170896525565,affine_dtft,44.22337963930478,9,identified,2,101.89056103825757,64.70810207493697,111.06839440315186,0.05657041628217941,102.52880770915111,2,2.7736616766001503,False,,,
15,1500.0,434132.39464394114,4004412.455642909,-75.73250907086933,36.18225837592031,ok,93.68676393151348,IW3,0,14707.066340364938,807.0945935545959,153,37,3.34491280171192,13.899692750134792,0.0,0.0076431918510446745,affine_dtft,44.22599435754523,9,identified,1,96.70292383716556,66.00678933563485,95.07601314665045,0.06608591482993778,68.19859051364803,1,3.156815768354332,True,6.92454657997099,7.989756697897203,5.981129947710234
15,1550.0,434179.9401351095,4004427.929048144,-75.73198165745764,36.18240110163047,ok,,IW3,0,14721.833654023543,807.659314995005,153,37,3.3449066405933463,13.89969130941736,0.0,0.007643191158598297,affine_dtft,44.22860908275226,9,identified,1,93.53633060699863,67.39063225337152,95.07601314665045,0.06608591482993778,68.19859051364803,1,3.0309457237032804,True,,,
15,1600.0,434227.48562627775,4004443.402453379,-75.73145424209622,36.18254382503541,ok,,IW3,0,14736.601006704954,808.2240162214562,153,37,3.3449004800473836,13.899689867352528,0.0,0.007643209602861438,affine_dtft,44.231223814925414,9,identified,1,93.60991159535992,68.4509645311331,99.45967230538379,0.06317319534180162,60.94539590092275,2,2.303453258873504,False,,,
15,1650.0,434275.0311174461,4004458.8758586138,-75.7309268247851,36.18268654613514,ok,,IW3,0,14751.368398409079,808.7886972338861,153,37,3.3448943208023465,13.899688427646282,0.0,0.007643209924687584,affine_dtft,44.23383855406468,9,identified,2,97.1219431193174,69.67566688958811,95.07601314665045,0.06608591482993778,68.19859051364803,3,2.4487675504574553,False,,,
15,1700.0,434322.5766086144,4004474.3492638487,-75.73039940552434,36.18282926492958,ok,,IW3,0,14766.135829133393,809.3533580318691,153,37,3.344888159481539,13.899686988247552,0.0,0.17660638551978064,affine_dtft,44.236453300169615,9,identified,3,101.01462632580419,69.8718600993542,118.15384615384599,0.0531780006467023,67.38013505195934,3,2.5877906836101205,False,,,
15,1750.0,434370.1220997827,4004489.8226690837,-75.72987198431393,36.18297198141871,ok,,IW3,0,14780.903298878366,809.9179986151121,153,37,3.3448819995344645,13.899685547428662,0.0,0.3881854359618662,affine_dtft,44.2390680532403,9,identified,3,168.48261473320701,46.34513759388857,179.77520209325618,0.03495023359184022,69.44395478041625,3,2.1696750733666508,False,,,
15,1800.0,434417.667590951,4004505.2960743182,-75.72934456115398,36.183114695602484,ok,,IW3,0,14795.670807641181,810.4826189834322,153,37,3.3448758397806313,13.899684109676052,0.0,0.5085345664580894,affine_dtft,44.24168281327624,9,ambiguous_multiple_blobs,3,102.56958956364113,69.73392867881624,181.01933598375595,0.03471002295436228,45.0,1,1.9974771254386452,False,,,
15,1850.0,434465.21308211936,4004520.769479553,-75.72881713604447,36.18325740748089,ok,104.51138030144068,IW3,0,14810.438355421391,811.0472191366794,153,37,3.3448696819409367,13.899682673813071,0.0,0.5393845402426332,affine_dtft,44.24429758027735,9,identified,1,102.44818084608903,68.72410192693573,95.07601314665045,0.06608591482993778,68.19859051364803,1,3.8151402974635986,True,8.78073434834781,10.043620180125,7.666921684885171
15,1900.0,434512.75857328763,4004536.242884788,-75.72828970898549,36.183400117053864,ok,110.13642728091783,IW3,0,14825.205942216795,811.6117990745357,153,37,3.3448635219066922,13.899681237062566,0.0,0.5017127864316027,affine_dtft,44.24691235424324,9,identified,1,104.7352696429664,67.041466492077,103.97144730968249,0.06043183460229139,66.03751102542165,2,3.5667263000967897,True,9.859396030200916,11.239557232777901,8.646306352355245
15,1950.0,434560.30406445597,4004551.716290023,-75.72776227997703,36.183542824321385,ok,113.51145546860411,IW3,0,14840.03294555741,812.1763227087602,154,37,3.3201328923826114,13.89967979990277,0.0,0.5093243378128228,affine_dtft,44.2495202453937,9,identified,1,114.74082334971897,64.12012593668466,114.4866804479891,0.05488136508625573,63.434948822921854,1,3.671441863024748,True,10.547085645681904,12.003422598743711,9.270212158714392
15,2000.0,434607.8495556243,4004567.189695258,-75.72723484901915,36.18368552928341,ok,122.89690288600573,IW3,0,14854.91058215998,812.7407953772884,154,37,3.3201267794310882,13.89967836426402,0.0,0.550225425644423,affine_dtft,44.25212227288279,9,identified,1,119.94982702551724,61.852597207117604,127.01156821934926,0.04946939397148858,60.255118703057654,2,4.225068661810791,True,12.632734273522841,14.328849339274194,11.158580149084028
15,2050.0,434655.3950467926,4004582.663100493,-75.7267074161119,36.18382823193989,ok,127.50492706793906,IW3,0,14869.788258065499,813.3052478294508,154,37,3.320120666499497,13.899676929670083,0.0,0.5251871763020107,affine_dtft,44.25472430730246,9,identified,1,129.2105344698116,59.454453558952146,127.01156821934926,0.04946939397148858,60.255118703057654,2,4.28986751246648,True,13.758262004230001,15.590421249268958,12.174459795526207
15,2100.0,434702.9405379609,4004598.136505728,-75.72617998125533,36.183970932290826,ok,127.50492706793906,IW3,0,14884.665973272073,813.869680065289,154,37,3.320114554212716,13.899675497416418,0.0,0.4140267900679464,affine_dtft,44.25732634865239,9,identified,1,135.77084268528876,58.475949131948646,142.0032502336585,0.04424677109038668,56.309932474020094,1,4.698792263915494,True,13.758262004230001,15.590421249268958,12.174459795526207
15,2150.0,434750.48602912924,4004613.6099109626,-75.72565254444945,36.18411363033615,ok,124.99994951366705,IW3,0,14899.543727778479,814.4340920841954,154,37,3.320108439761214,13.899674064100196,0.0,0.19656271752142715,affine_dtft,44.25992839693237,9,identified,1,133.92273103559327,59.26726226947957,127.01156821934926,0.04946939397148858,60.255118703057654,2,3.9164769580535252,True,13.1376199690906,14.894119526010396,11.614597442647355
15,2200.0,434798.0315202975,4004629.0833161976,-75.7251251056943,36.18425632607583,ok,122.49497195939503,IW3,0,14914.42152158456,814.9984838860705,154,37,3.3201023300899726,13.899672632038783,0.0,0.007734832506732633,affine_dtft,44.26253045214236,9,identified,1,120.01128783064631,63.84449345282588,114.4866804479891,0.05488136508625573,63.434948822921854,1,4.190958169164998,True,12.537877202762065,14.22275833009109,11.072850130577388
15,2250.0,434845.57701146585,4004644.5567214326,-75.72459766498994,36.18439901950985,ok,116.99165800226115,IW3,0,14929.299354687773,815.5628554707088,154,37,3.320096218296125,13.899671200368973,0.0,0.007734852910792045,affine_dtft,44.265132514281916,9,identified,1,109.8135322633158,64.11244636119183,114.4866804479891,0.05488136508625573,63.434948822921854,1,4.9023948657195575,True,11.289772016756684,12.829860099405721,9.943395799995935
15,2300.0,434893.1225026342,4004660.0301266676,-75.72407022233642,36.18454171063813,ok,114.4866804479891,IW3,0,14944.177227086959,816.1272068376942,154,37,3.3200901066832538,13.89966976821516,0.0,0.007734873185847158,affine_dtft,44.267734583350844,9,identified,1,106.87101739430591,64.09258155658455,114.4866804479891,0.05488136508625573,63.434948822921854,1,5.162686151190888,True,10.751697208045057,12.230945217390955,9.455745991365431
15,2350.0,434940.66799380246,4004675.5035319026,-75.72354277773374,36.184684399460686,ok,119.98999440512299,IW3,0,14959.055138781485,816.6915379870292,154,37,3.320083994565453,13.89966834095055,0.0,0.007734874010165416,affine_dtft,44.27033665934903,9,identified,1,108.89728074862651,64.10917164710735,114.4866804479891,0.05488136508625573,63.434948822921854,1,5.016188355465239,True,11.95822303282402,13.575181451359466,10.548619888856287
15,2400.0,434988.2134849708,4004690.9769371375,-75.72301533118197,36.18482708597743,ok,125.49330836225685,IW3,0,14973.933089769806,817.255848918179,154,37,3.3200778850279096,13.899666911813364,0.0,0.007734892683956095,affine_dtft,44.27293874227621,9,identified,1,118.29985781107817,64.04939447803577,114.4866804479891,0.05488136508625573,63.434948822921854,3,3.76857905528867,True,13.258176846930953,15.029246486190148,11.723410948641225
15,2450.0,435035.7589761391,4004706.450342372,-75.72248788268115,36.18496977018836,ok,130.99662231939072,IW3,0,14988.81108005022,817.8201396311039,154,37,3.3200717731070477,13.899665482892734,0.0,0.007734892888008676,affine_dtft,44.27554083213208,9,identified,1,152.1951839695443,58.68987869137212,142.0032502336585,0.04424677109038668,56.309932474020094,1,3.8264744972266462,True,14.659918235049558,16.605025597897235,12.986299794172904
15,2500.0,435083.3044673074,4004721.923747607,-75.72196043223128,36.185112452093435,ok,136.4999362765246,IW3,0,15003.689109622543,818.384410125468,154,37,3.320065662793081,13.899664056046259,0.0,0.007734913691792667,affine_dtft,44.278142928916616,9,identified,1,152.63207660414352,56.59912043895508,142.0032502336585,0.04424677109038668,56.309932474020094,1,4.0945110489096965,True,16.173440972592733,18.317097328904985,14.344540905529675
15,2550.0,435130.84995847574,4004737.397152842,-75.72143297983246,36.185255131692614,ok,142.0032502336585,IW3,0,15018.56717848442,818.9486604011569,154,37,3.320059552832603,13.899662629976433,0.0,0.0077349124463674205,affine_dtft,44.28074503262939,9,identified,1,148.76491882674947,56.20070362533977,142.0032502336585,0.04424677109038668,56.309932474020094,1,3.984372855526978,True,17.81082310125285,20.18361737601584,15.80671748885225
15,2600.0,435178.3954496441,4004752.870558077,-75.7209055254847,36.185397808985854,ok,143.02702366892055,IW3,0,15033.445286635075,819.5128904577763,154,37,3.3200534426734167,13.899661202568712,0.0,0.007734932882194536,affine_dtft,44.283347143270284,9,identified,1,145.3889300823165,57.35831270704219,142.0032502336585,0.04424677109038668,56.309932474020094,1,3.4407967530465875,True,18.130222759287424,20.549635165896603,16.090982355988434
15,2650.0,435225.9409408124,4004768.343963312,-75.72037806918803,36.185540483973135,ok,144.05079710418264,IW3,0,15048.323434073047,820.0771002951521,154,37,3.3200473332895606,13.899659778420949,0.0,0.007734954698934936,affine_dtft,44.28594926083904,9,identified,1,146.8979999153231,59.15193794266293,142.0032502336585,0.04424677109038668,56.309932474020094,1,3.930527979332917,True,18.454517738987732,20.921946401684167,16.3792662034285
15,2700.0,435273.4864319807,4004783.817368547,-75.71985061094252,36.185683156654406,ok,146.3509650387214,IW3,0,15063.201620797136,820.6412899130444,154,37,3.3200412234883485,13.899658353219927,0.0,0.0077349536471697285,affine_dtft,44.28855138533544,9,identified,1,151.2969420011083,60.526473647882,147.1221174099688,0.04270727894481653,73.30075576600606,3,3.2682476299466914,True,19.20156798646694,21.782331034002716,17.042024150725766
15,2750.0,435321.031923149,4004799.290773782,-75.71932315074815,36.18582582702964,ok,148.65113297326016,IW3,0,15078.079846806872,821.2054593111942,154,37,3.320035115861707,13.89965693191383,0.0,0.007734973469973263,affine_dtft,44.29115351675941,9,identified,1,158.01667735528565,60.13258397461127,147.1221174099688,0.04270727894481653,73.30075576600606,3,3.573790754515848,True,19.97525702995555,22.67760594267418,17.726370304385036
15,2800.0,435368.57741431735,4004814.7641790165,-75.71879568860504,36.18596849509878,ok,149.67490640852222,IW3,0,15092.95811209924,821.7696084892917,154,37,3.3200290049051397,13.89965550899452,0.0,0.007734974436441769,affine_dtft,44.293755655110424,9,identified,1,141.83696822980113,91.32412752216658,153.5040899063523,0.04093171270558815,77.00538320808313,4,3.334899429995782,True,20.328568125283088,23.08793841752769,18.038162888537205
15,2850.0,435416.1229054856,4004830.2375842514,-75.71826822451317,36.1861111608618,ok,148.77328687052363,IW3,0,15107.83641667462,822.3337374470549,154,37,3.3200228984947984,13.899654086041734,0.0,0.007734994019045451,affine_dtft,44.29635780038854,9,identified,1,138.51976019695294,91.29033781966831,153.5040899063523,0.04093171270558815,77.00538320808313,4,3.6623244267560056,True,20.017117761060366,22.72617250623516,17.763335815304607
15,2900.0,435463.66839665396,4004845.7109894864,-75.7177407584726,36.18625382431868,ok,146.68930454759447,IW3,0,15122.714760531138,822.8978461845023,154,37,3.320016790153744,13.89965266459406,0.0,0.00773499313487396,affine_dtft,44.29895995259344,9,identified,1,155.24330581594046,60.81834670909049,147.1221174099688,0.04270727894481653,73.30075576600606,3,4.309669758529667,True,19.31366732691779,21.911775330019633,17.141309887359768
15,2950.0,435511.2138878223,4004861.1843947214,-75.71721329048339,36.18639648546938,ok,144.98560820790502,IW3,0,15137.593143666603,823.4619347011935,154,37,3.3200106810738927,13.899651244558068,0.0,0.0077350139796784545,affine_dtft,44.301562111724735,9,identified,1,152.41986680375663,60.44491040494207,142.61401971997583,0.04405727655329181,68.19859051364797,3,3.8455009385814436,True,18.75500295486992,21.26755354321784,16.646073805808278
15,3000.0,435558.75937899057,4004876.6577999564,-75.71668582054554,36.18653914431385,ok,142.1461143084226,IW3,0,15152.47156608155,824.0260029968866,154,37,3.3200045722171865,13.899649824848225,0.0,0.007735034864100119,affine_dtft,44.30416427778253,9,identified,1,149.44302274166606,60.63024258343043,136.70220579532312,0.04596257441951641,69.14554196042147,6,3.0637825240322405,True,17.855104367380203,20.234322498327916,15.846147145474868
16,250.0,433014.45389297407,4003805.1816175343,-75.74488884491248,36.176707140875386,touches_land_or_unmapped,,,,,,,,,,,,,,,,,,,,,,,,,,,
16,300.0,433062.12968410057,4003820.248765256,-75.74436000846545,36.176846267198194,touches_land_or_unmapped,,,,,,,,,,,,,,,,,,,,,,,,,,,
16,350.0,433109.80547522707,4003835.3159129773,-75.74383117011124,36.17698539120341,touches_land_or_unmapped,,,,,,,,,,,,,,,,,,,,,,,,,,,
16,400.0,433157.48126635357,4003850.383060699,-75.74330232984985,36.177124512891005,ok,90.38384370774297,IW3,0,14392.69831826178,778.1154921426893,153,37,3.3451304470854684,13.899728209659955,0.0,0.0076426089592992776,affine_dtft,44.170376114497735,6,identified,1,73.88491897053065,74.88742884643194,70.3286087417287,0.08934038963082072,74.054604099077,1,7.2196292514596205,True,6.411713691747668,7.422666610071343,5.515759839788528
16,450.0,433205.1570574801,4003865.4502084204,-75.74277348768136,36.177263632260946,ok,92.89074807849475,IW3,0,14407.483692408015,778.6503084546088,153,37,3.345124432250927,13.89972675560047,0.0,0.007642607353665797,affine_dtft,44.172994117425446,7,identified,1,97.10909344950572,77.55848617362521,100.4114611907501,0.06257438376724263,78.69006752597954,1,6.296897073462453,True,6.798751422433858,7.85065372529563,5.866947946914058
16,500.0,433252.8328486066,4003880.517356142,-75.74224464360579,36.1774027493132,ok,94.39489070094582,IW3,0,14422.269104378267,779.1851044995948,153,37,3.345118415762073,13.899725304987946,0.0,0.007642627432110169,affine_dtft,44.17561212710705,7,identified,1,97.04945163363163,77.30981211053742,100.4114611907501,0.06257438376724263,78.69006752597954,1,6.274086775339531,True,7.037642499216103,8.11481936855481,6.0837985369397165
16,550.0,433300.5086397331,4003895.5845038635,-75.74171579762317,36.17754186404772,ok,101.62325898411514,IW3,0,14437.054554171344,779.7198802771535,153,37,3.3451124017090788,13.89972385532084,0.0,0.007642625989733156,affine_dtft,44.178230143542336,7,identified,1,99.50875473183785,78.45376038713454,100.4114611907501,0.06257438376724263,78.69006752597954,3,5.1956919105335535,True,8.25812945228925,9.464966830570951,7.192234874830923
16,600.0,433348.1844308596,4003910.651651585,-75.74118694973357,36.17768097646448,ok,104.29652230152064,IW3,0,14451.840041785194,780.254635787243,153,37,3.34510638709418,13.899722405707193,0.0,0.007642645454639414,affine_dtft,44.180848166730925,7,identified,1,108.91000301273787,84.09351979696848,100.4114611907501,0.06257438376724263,78.69006752597954,3,4.6294026161170665,True,8.74114317508849,9.999767688984317,7.630962868728453
16,650.0,433395.8602219861,4003925.7187993065,-75.74065809993702,36.17782008656344,ok,109.6165437072405,IW3,0,14466.625567219347,780.7893710295374,153,37,3.345100371044279,13.899720954317042,0.0,0.0076426466601698315,affine_dtft,44.183466196672754,8,identified,1,110.6973863892215,86.95882562599317,106.47045015757529,0.059013419196411114,81.02737338510333,4,4.082627682967774,True,9.756222856097967,11.125057945939252,8.552663578867808
16,700.0,433443.5360131126,4003940.785947028,-75.74012924823354,36.17795919434456,ok,113.2617423921391,IW3,0,14481.411130472397,781.3240860037998,153,37,3.3450943557853696,13.899719508636078,0.0,0.007642664695314525,affine_dtft,44.18608423336756,9,identified,1,116.97772224305163,86.31106454516711,113.77777777777767,0.05522330836388313,89.99999999999966,2,3.9584953956710076,True,10.495124850969503,11.94566232222426,9.223088267518488
16,750.0,433491.2118042391,4003955.8530947496,-75.73960039462322,36.178098299807814,ok,116.0767862435869,IW3,0,14496.196731541873,781.8587807098644,153,37,3.3450883439819,13.899718060175518,0.0,0.007642664370560179,affine_dtft,44.18870227681492,9,identified,1,119.96660602713746,85.53349984870074,127.01156821934933,0.04946939397148855,82.8749836510979,2,4.522799081154517,True,11.091143813361187,12.608670273358083,9.763427170872134
16,800.0,433538.8875953656,4003970.920242471,-75.73907153910605,36.17823740295316,ok,116.50501653012255,IW3,0,14510.982370427902,782.3934551474597,153,37,3.3450823291138585,13.899716616900552,0.0,0.007642685079207886,affine_dtft,44.19132032701484,9,identified,1,117.44946703605005,84.20113894875277,118.6374546152431,0.05296122820197706,79.99202019855836,4,4.356091423353262,True,11.183811721840947,12.711848740872332,9.847396515390432
16,850.0,433586.5633864921,4003985.9873901927,-75.7385426816821,36.17837650378056,ok,117.47695189761563,IW3,0,14525.768047128622,782.9281093162797,153,37,3.3450763157923307,13.899715170717737,0.0,0.007642683451003292,affine_dtft,44.19393838396701,9,identified,1,114.89449707771021,79.12289596487523,114.48668044798914,0.05488136508625571,79.6951535312337,5,4.523927500938943,True,11.396134598735472,12.948355342917692,10.039743359296489
16,900.0,433634.2391776186,4004001.054537914,-75.7380138223514,36.178515602289984,ok,115.8021291767944,IW3,0,14540.553761642841,783.4627432161953,153,37,3.3450703034387503,13.899713725958643,0.0,0.00764270392857046,affine_dtft,44.196556447671206,9,identified,1,108.83811940580111,85.58217821569703,108.61160159025353,0.05785003825727048,81.86989764584371,3,4.770383110058832,True,11.031990049366344,12.542821006438508,9.709819919666135
16,950.0,433681.9149687451,4004016.1216856353,-75.737484961114,36.1786546984814,ok,115.09329781718222,IW3,0,14555.339513969157,783.9973568469835,153,37,3.3450642895037954,13.899712282623279,0.0,0.007642703126228891,affine_dtft,44.19917451812718,9,identified,1,128.45590305349603,74.67902912960164,118.6374546152431,0.05296122820197706,79.99202019855836,4,3.291446418486288,True,10.88033595575901,12.374049837155342,9.572364297077506
16,1000.0,433729.5907598716,4004031.188833357,-75.73695609796994,36.17879379235475,ok,114.74209838034562,IW3,0,14570.125304106252,784.5319502081818,153,37,3.345058276709255,13.899710839056686,0.0,0.007642723441441638,affine_dtft,44.20179259533471,9,identified,1,139.97099536357845,71.08516976007381,118.6374546152431,0.05296122820197706,79.99202019855836,4,3.4769838930862225,True,10.805732631024771,12.291051211323001,9.504734702148232
16,1050.0,433777.2665509981,4004046.2559810784,-75.73642723291925,36.17893288391003,ok,,IW3,0,14584.911132052912,785.0665232997683,153,37,3.3450522642269633,13.899709398393819,0.0,0.007642743889575838,affine_dtft,44.204410679293574,9,identified,1,120.06924993304573,75.99844325679746,118.6374546152431,0.05296122820197706,79.99202019855836,4,2.872899247372383,False,,,
16,1100.0,433824.9423421246,4004061.3231288,-75.73589836596197,36.179071973147174,ok,121.9298343289714,IW3,0,14599.696997808256,785.6010761213743,153,37,3.3450462519957624,13.899707953987198,0.0,0.00764274219352609,affine_dtft,44.20702877000362,9,identified,1,114.12575742906628,80.72391880280635,113.08188270064278,0.05556314731523188,83.65980825408981,4,3.0365475217201214,True,12.405376672852062,14.074622752446498,10.953071027998565
16,1150.0,433872.6181332511,4004076.3902765214,-75.73536949709816,36.17921106006616,ok,121.72192624689963,IW3,0,14614.482901370544,786.1356086728481,153,37,3.3450402414028315,13.899706514792483,0.0,0.007642762065579536,affine_dtft,44.20964686746453,9,identified,1,120.18665114464167,91.34863970537721,127.99999999999986,0.04908738521234057,89.99999999999962,1,4.573739922400289,True,12.356886589901716,14.020427259494621,10.909228566467855
16,1200.0,433920.2939243776,4004091.457424243,-75.73484062632785,36.17935014466696,ok,120.9387054549109,IW3,0,14629.268842738602,786.6701209540483,153,37,3.3450342285429437,13.899705075348182,0.0,0.007642762267484884,affine_dtft,44.212264971676106,9,identified,1,120.451563262207,93.52215516521568,127.99999999999986,0.04908738521234057,89.99999999999962,1,6.210918586695311,True,12.175441220896252,13.817709588599946,10.74513723753394
16,1250.0,433967.9697155041,4004106.5245719645,-75.73431175365108,36.17948922694952,ok,121.88349337217355,IW3,0,14644.054821910426,787.204612964449,153,37,3.3450282172179686,13.899703635222169,0.0,0.007642782881288407,affine_dtft,44.21488308263799,9,identified,1,119.30904440971183,94.80028522824803,117.80582228695603,0.0533350999568999,94.39870535499512,3,7.207558780706148,True,12.394556780138307,14.062529018630578,10.943288553184123
16,1300.0,434015.6455066306,4004121.591719686,-75.7337828790679,36.179628306913834,ok,120.35436671521698,IW3,0,14658.840838886084,787.7390847041524,153,37,3.3450222070333377,13.899702197246116,0.0,0.007642781680753224,affine_dtft,44.2175012003502,9,identified,1,120.07553941597573,94.99936973738085,117.80582228695603,0.0533350999568999,94.39870535499512,3,5.973083175783662,True,12.041320040099377,13.667940973720532,10.623807192501959
16,1350.0,434063.3212977571,4004136.6588674076,-75.73325400257835,36.179767384559824,ok,117.80582228695603,IW3,0,14673.62689366295,788.2735361726137,153,37,3.3450161953555915,13.89970075867968,0.0,0.007642800219485548,affine_dtft,44.22011932481226,9,identified,1,124.95625903306275,97.0308760831944,117.80582228695603,0.0533350999568999,94.39870535499512,3,4.3314348390355075,True,11.468610983522758,13.029119914674997,10.10538591153029
16,1400.0,434110.9970888836,4004151.726015129,-75.73272512418245,36.17990645988749,ok,,IW3,0,14688.412986240928,788.807967369804,153,37,3.3450101845269864,13.899699322806747,0.0,0.007642799628319301,affine_dtft,44.22273745602418,9,identified,3,127.29500284298322,98.4914666975026,137.38401653758683,0.04573447090521314,100.30484646876559,3,2.7232608342668736,False,,,
16,1450.0,434158.6728800101,4004166.7931628507,-75.73219624388027,36.18004553289677,ok,,IW3,0,14703.19911661781,789.3423782953437,153,37,3.345004174083477,13.899697885883668,0.0,0.007642820270692412,affine_dtft,44.22535559398553,9,identified,2,102.09556210683266,65.63945440170913,111.06839440315186,0.05657041628217941,102.52880770915111,2,2.848681692079675,False,,,
16,1500.0,434206.3486711366,4004181.860310572,-75.73166736167184,36.18018460358766,ok,,IW3,0,14717.985284792889,789.8767689491975,153,37,3.34499816405195,13.899696451763827,0.0,0.0076428193469631625,affine_dtft,44.22797373869622,9,identified,1,96.30160326463269,67.25647023106751,95.07601314665045,0.06608591482993778,68.19859051364803,1,3.2783598206637947,True,,,
16,1550.0,434254.0244622631,4004196.9274582937,-75.73113847755718,36.1803236719601,ok,,IW3,0,14732.771490764946,790.4111393308963,153,37,3.344992154551175,13.899695018248735,0.0,0.007642839965361189,affine_dtft,44.23059189015601,9,identified,1,93.38525678572975,68.24933148048656,95.07601314665045,0.06608591482993778,68.19859051364803,1,2.803344782187092,False,,,
16,1600.0,434301.7002533896,4004211.9946060153,-75.73060959153636,36.18046273801405,ok,,IW3,0,14747.557734532025,790.9454894402971,153,37,3.3449861449680576,13.899693584852757,0.0,0.007642838541009166,affine_dtft,44.23321004836458,9,ambiguous_multiple_blobs,2,93.7601310316032,68.48162949499115,120.67955732250398,0.05206503443154341,45.0,1,1.9221373879977024,False,,,
16,1650.0,434349.3760445161,4004227.061753737,-75.73008070360943,36.180601801749496,ok,,IW3,0,14762.344016092822,791.4798192772153,153,37,3.3449801367589713,13.899692151141965,0.0,0.09610900849606406,affine_dtft,44.23582821332168,9,identified,1,98.96381536296688,68.17960788580748,134.7161117655596,0.046640191917904604,52.12501634890176,6,1.886451086347734,False,,,
16,1700.0,434397.0518356426,4004242.1289014583,-75.7295518137764,36.18074086316638,ok,,IW3,0,14777.130335447022,792.0141288412635,153,37,3.3449741264590926,13.899690718938947,0.0,0.3515384373916193,affine_dtft,44.23844638502725,9,identified,3,103.34319192845292,68.11536135346404,139.9316906521909,0.04490180371504867,51.34019174590989,7,1.9893024398908687,False,,,
16,1750.0,434444.7276267691,4004257.19604918,-75.72902292203733,36.18087992226467,ok,,IW3,0,14791.916692592295,792.548418132364,153,37,3.34496811760606,13.899689287331492,0.0,0.4864916842135512,affine_dtft,44.2410645634809,9,ambiguous_multiple_blobs,2,178.9013100691712,45.28360785242221,181.01933598375595,0.03471002295436228,45.0,1,2.203679971352557,False,,,
16,1800.0,434492.4034178956,4004272.2631969014,-75.72849402839225,36.181018979044346,ok,,IW3,0,14806.703087528378,793.0826871501806,153,37,3.344962109471652,13.899687858802823,0.0,0.5390652812600457,affine_dtft,44.24368274868256,9,ambiguous_multiple_blobs,3,174.35589167213993,47.24443938195317,181.01933598375595,0.03471002295436228,45.0,1,2.0811515306155424,False,,,
16,1850.0,434540.0792090221,4004287.330344623,-75.72796513284122,36.181158033505355,ok,104.51138030144068,IW3,0,14821.489520252404,793.6169358944841,153,37,3.3449561011398585,13.899686426833942,0.0,0.5175213058533665,affine_dtft,44.24630094063174,9,identified,1,102.88479734067197,69.12332738330878,95.07601314665045,0.06608591482993778,68.19859051364803,1,4.013299746656667,True,8.78073434834781,10.043620180125,7.666921684885171
16,1900.0,434587.7550001486,4004302.3974923445,-75.72743623538425,36.181297085647664,ok,110.13642728091783,IW3,0,14836.307833193665,794.1511450120677,154,37,3.320224936671762,13.899684996914699,0.0,0.48969228663945813,affine_dtft,44.248915444541424,9,identified,1,105.72807438313654,67.63978276149608,103.97144730968249,0.06043183460229139,66.03751102542165,2,3.359280535469733,True,9.859396030200916,11.239557232777901,8.646306352355245
16,1950.0,434635.4307912751,4004317.464640066,-75.72690733602141,36.18143613547126,ok,113.51145546860411,IW3,0,14851.204453594497,794.6852862858085,154,37,3.320218971491581,13.899683570718377,0.0,0.5446797660615402,affine_dtft,44.25152087329715,9,identified,1,115.04897546576679,63.69803189827996,114.4866804479891,0.05488136508625573,63.434948822921854,1,3.6300907665715827,True,10.547085645681904,12.003422598743711,9.270212158714392
16,2000.0,434683.1065824016,4004332.5317877876,-75.72637843475273,36.181575182976076,ok,122.89690288600573,IW3,0,14866.101112062182,795.21940728509,154,37,3.320213009432271,13.899682142377317,0.0,0.5391088833305988,affine_dtft,44.254126308767304,9,identified,1,119.95060312340091,61.341892354060455,127.01156821934926,0.04946939397148858,60.255118703057654,2,3.9407299196660714,True,12.632734273522841,14.328849339274194,11.158580149084028
16,2050.0,434730.7823735281,4004347.598935509,-75.72584953157825,36.18171422816209,ok,130.50326347080093,IW3,0,14880.997808594835,795.7535080098064,154,37,3.320207048002715,13.899680717280956,0.0,0.45279605961787195,affine_dtft,44.25673175095156,9,identified,1,129.23123556445108,59.03502665314154,127.01156821934926,0.04946939397148858,60.255118703057654,2,3.968852620115994,True,14.529855543259016,16.458437623893523,12.869310026672835
16,2100.0,434778.4581646546,4004362.6660832306,-75.72532062649802,36.18185327102926,ok,134.50740922650388,IW3,0,14895.894543191249,796.2875884595161,154,37,3.320201084408735,13.899679291043428,0.0,0.2655568560088708,affine_dtft,44.259337199849696,9,identified,1,137.89914642352517,57.53815132719968,142.0032502336585,0.04424677109038668,56.309932474020094,1,4.340178845252851,True,15.61183580159316,17.6804299672641,13.841255669718999
16,2150.0,434826.1339557811,4004377.733230952,-75.72479171951207,36.18199231157757,ok,131.37618728366385,IW3,0,14910.791315850343,796.8216486342909,154,37,3.3201951232803126,13.89967786511679,0.0,0.007734459053373483,affine_dtft,44.26194265546154,9,identified,1,138.1220940440848,58.487056496007845,142.0032502336585,0.04424677109038668,56.309932474020094,1,3.5935716010135264,True,14.760591885609585,16.718546168923517,13.076826394069093
16,2200.0,434873.8097469076,4004392.8003786737,-75.72426281062046,36.182131349806944,ok,,IW3,0,14925.688126570205,797.3556885336234,154,37,3.3201891614133143,13.899676442077578,0.0,0.007734479195048087,affine_dtft,44.264548117786745,9,identified,1,125.04031727880658,62.71346968330573,127.01156821934926,0.04946939397148858,60.255118703057654,2,2.7508978040842806,False,,,
16,2250.0,434921.4855380341,4004407.8675263952,-75.7237338998232,36.1822703857174,ok,121.36582289440645,IW3,0,14940.584975350463,797.8897081575251,154,37,3.320183199873313,13.899675018273015,0.0,0.007734479089834813,affine_dtft,44.26715358682526,9,identified,1,114.43724655030546,62.84852401449727,114.4866804479891,0.05488136508625573,63.434948822921854,1,3.749456495139349,True,12.274150528959142,13.927976434909578,10.834412831294387
16,2300.0,434969.1613291606,4004422.934674117,-75.72320498712035,36.18240941930886,ok,114.4866804479891,IW3,0,14955.481862189232,798.4237075055562,154,37,3.320177239530112,13.899673597078284,0.0,0.007734499528609737,affine_dtft,44.26975906257674,9,identified,1,111.88270940698736,62.85600111648289,114.4866804479891,0.05488136508625573,63.434948822921854,1,4.180548830982973,True,10.751697208045057,12.230945217390955,9.455745991365431
16,2350.0,435016.8371202871,4004438.0018218383,-75.72267607251196,36.182548450581294,ok,114.4866804479891,IW3,0,14970.378787085405,798.9576865774649,154,37,3.3201712771106893,13.899672173069282,0.0,0.007734498794297748,affine_dtft,44.272364545041,9,identified,1,115.84417145292556,63.00023398283691,114.4866804479891,0.05488136508625573,63.434948822921854,1,3.857497843341734,True,10.751697208045057,12.230945217390955,9.455745991365431
16,2400.0,435064.5129114136,4004453.06896956,-75.72214715599807,36.182687479534685,ok,,IW3,0,14985.275750037159,799.4916453732014,154,37,3.3201653152789916,13.899670753067927,0.0,0.007734518555534939,affine_dtft,44.27497003421772,9,ambiguous_multiple_blobs,5,84.36906179602889,93.28681663185837,127.01156821934926,0.04946939397148858,60.255118703057654,2,2.9402944318131476,False,,,
16,2450.0,435112.1887025401,4004468.1361172814,-75.7216182375787,36.18282650616898,ok,,IW3,0,15000.172751044141,800.0255838922965,154,37,3.320159354716932,13.89966933199814,0.0,0.007734538399450896,affine_dtft,44.277575530106844,9,ambiguous_multiple_blobs,2,151.7413303521457,57.56575941306252,181.01933598375595,0.03471002295436228,134.99999999999923,1,1.7667447503459568,False,,,
16,2500.0,435159.8644936666,4004483.203265003,-75.7210893172539,36.18296553048414,ok,142.0032502336585,IW3,0,15015.069790104444,800.559502134633,154,37,3.3201533943936714,13.899667912730447,0.0,0.0077345395921732335,affine_dtft,44.280181032708036,9,identified,1,150.7082845097294,56.36365587202128,142.0032502336585,0.04424677109038668,56.309932474020094,1,4.074118556451801,True,17.81082310125285,20.18361737601584,15.80671748885225
16,2550.0,435207.5402847931,4004498.2704127245,-75.72056039502372,36.18310455248017,ok,142.0032502336585,IW3,0,15029.966867216659,801.0934001001538,154,37,3.320147435677639,13.899666495713051,0.0,0.007734559856242366,affine_dtft,44.28278654202104,9,identified,1,146.92670506266384,56.92161175617878,142.0032502336585,0.04424677109038668,56.309932474020094,1,4.420929785977867,True,17.81082310125285,20.18361737601584,15.80671748885225
16,2600.0,435255.2160759196,4004513.337560446,-75.7200314708882,36.183243572156975,ok,142.0032502336585,IW3,0,15044.863982380259,801.6272777882458,154,37,3.320141474563177,13.899665077436035,0.0,0.007734559404758358,affine_dtft,44.28539205804578,9,identified,1,143.43034879353883,58.53222078938433,142.0032502336585,0.04424677109038668,56.309932474020094,1,3.951089257215643,True,17.81082310125285,20.18361737601584,15.80671748885225
16,2650.0,435302.8918670461,4004528.4047081675,-75.71950254484737,36.183382589514544,ok,143.02702366892055,IW3,0,15059.761135592911,802.1611351988952,154,37,3.320135514894819,13.899663658753266,0.0,0.007734578905841902,affine_dtft,44.28799758078185,9,identified,1,143.21070337766065,59.93615974662865,142.0032502336585,0.04424677109038668,56.309932474020094,1,4.2650664564811205,True,18.130222759287424,20.549635165896603,16.090982355988434
16,2700.0,435350.56765817263,4004543.471855889,-75.7189736169013,36.18352160455285,ok,145.3271916034593,IW3,0,15074.658326853702,802.6949723318145,154,37,3.3201295566725686,13.899662241310255,0.0,0.007734578371423011,affine_dtft,44.29060311022907,9,identified,2,146.72627432526818,61.01244465381174,142.0032502336585,0.04424677109038668,56.309932474020094,1,3.6959587547859147,True,18.865860028220744,21.395213694237956,16.74442966203199
16,2750.0,435398.24344929913,4004558.53900361,-75.71844468705,36.18366061727185,ok,146.3509650387214,IW3,0,15089.555556161517,803.2287891867614,154,37,3.3201235954850676,13.899660827121318,0.0,0.007734600269601756,affine_dtft,44.29320864638726,9,identified,1,154.27428674588265,61.23710567846086,147.1221174099688,0.04270727894481653,73.30075576600606,3,3.6275251933401074,True,19.20156798646694,21.782331034002716,17.042024150725766
16,2800.0,435445.91924042563,4004573.6061513317,-75.7179157552935,36.18379962767152,ok,147.37473847398346,IW3,0,15104.452823515056,803.7625857636457,154,37,3.3201176377825616,13.89965941133173,0.0,0.007734598477984125,affine_dtft,44.29581418925619,9,identified,1,140.37763093460458,91.36127974285999,153.5040899063523,0.04093171270558815,77.00538320808313,4,3.4704370114676966,True,19.542551340317413,22.17635664300331,17.343894267706766
16,2850.0,435493.59503155213,4004588.673299053,-75.71738682163189,36.18393863575179,ok,149.50386988004885,IW3,0,15119.350128912696,804.2963620618672,154,37,3.3201116804338637,13.89965799659749,0.0,0.007734620036785003,affine_dtft,44.29841973883558,9,identified,1,136.79274239380493,92.1550436935436,147.1221174099688,0.04270727894481653,73.30075576600606,3,3.5785799199768626,True,20.269148749246256,23.018861665393924,17.98575827086592
16,2900.0,435541.27082267863,4004603.7404467748,-75.71685788606518,36.184077641512665,ok,147.4198875571197,IW3,0,15134.247472353483,804.8301180816792,154,37,3.3201057199741735,13.899656583922436,0.0,0.007734619458688671,affine_dtft,44.301025295125264,9,identified,1,155.1363511167141,61.44353395317457,147.1221174099688,0.04270727894481653,73.30075576600606,3,3.9719954348063453,True,19.55771237130478,22.19389574324543,17.3573067024747
16,2950.0,435588.94661380514,4004618.8075944963,-75.71632894859341,36.18421664495409,ok,145.89883696981155,IW3,0,15149.14485383623,805.3638538225014,154,37,3.3200997642950476,13.899655171576816,0.0,0.007734639857636251,affine_dtft,44.30363085812503,9,identified,1,152.87969185971497,60.382752776973305,152.64890726398542,0.04116102381469181,63.43494882292177,2,3.8438499132128707,True,19.052666552847665,21.610529107211146,16.910075559498804
16,3000.0,435636.62240493164,4004633.874742218,-75.71580000921664,36.18435564607603,ok,145.49107682309247,IW3,0,15164.042273358842,805.8975692841286,154,37,3.320093804355137,13.899653761834529,0.0,0.0077346400454175075,affine_dtft,44.30623642783452,9,identified,1,168.67639796123495,56.546678933664325,136.70220579532312,0.04596257441951641,69.14554196042147,6,3.059569417053739,True,18.919250483853453,21.456727225074562,16.791784452171527
17,250.0,433083.7299151382,4003583.394878399,-75.74409963853596,36.17471254225255,touches_land_or_unmapped,,,,,,,,,,,,,,,,,,,,,,,,,,,
17,300.0,433131.4920450395,4003598.1860564216,-75.74356983046304,36.17484918311286,touches_land_or_unmapped,,,,,,,,,,,,,,,,,,,,,,,,,,,
17,350.0,433179.25417494075,4003612.977234444,-75.74304002051285,36.17498582164679,touches_land_or_unmapped,,,,,,,,,,,,,,,,,,,,,,,,,,,
17,400.0,433227.016304842,4003627.7684124666,-75.74251020868539,36.17512245785431,ok,94.53613857574504,IW3,0,14402.696702111352,761.5148133519901,153,37,3.3452128519947664,13.899731800129992,0.0,0.007642257541303053,affine_dtft,44.17219079605222,6,identified,1,74.93394257813651,74.87850942214399,82.78549334573489,0.07589717779344847,75.96375653207332,4,8.656514770488066,True,7.06033615953733,8.13991466951427,6.104401275601454
17,450.0,433274.7784347433,4003642.559590489,-75.74198039498071,36.17525909173536,ok,96.00496922949631,IW3,0,14417.494174568996,762.029033004288,153,37,3.345206939100328,13.899730351262408,0.0,0.007642277228532122,affine_dtft,44.174810996123355,7,identified,1,95.46204690350785,79.18544281201244,100.4114611907501,0.06257438376724263,78.69006752597954,1,7.739334241222242,True,7.29900378742886,8.403852345558697,6.321103938444658
17,500.0,433322.54056464456,4003657.3507685116,-75.74145057939887,36.17539572328993,ok,97.65206646058544,IW3,0,14432.291684009015,762.5432323519736,153,37,3.3452010265910146,13.899728907867368,0.0,0.007642277476918359,affine_dtft,44.177431202799355,7,identified,1,98.69096172058157,79.39356779613924,100.4114611907501,0.06257438376724263,78.69006752597954,1,7.641515908104112,True,7.572512328794049,8.706359059398368,6.569486920316397
17,550.0,433370.3026945458,4003672.1419465346,-75.74092076193989,36.17553235251798,ok,103.30864667206883,IW3,0,14447.089230430523,763.0574113948754,153,37,3.345195114260271,13.899727461382467,0.0,0.00764229711140006,affine_dtft,44.18005141608009,7,identified,1,104.16463407097649,80.24848046415444,100.4114611907501,0.06257438376724263,78.69006752597954,1,6.337741549326134,True,8.560594350248092,9.799818922435565,7.466973034873812
17,600.0,433418.0648244471,4003686.933124557,-75.74039094260384,36.17566897941947,ok,108.82635443391878,IW3,0,14461.886813831368,763.57157013266,153,37,3.3451892023721617,13.899726020351734,0.0,0.007642295166566361,affine_dtft,44.18267163596516,7,identified,1,107.91153030105257,80.2110268064076,104.24045538494197,0.060275881220749374,75.25643716352906,4,4.638635701546976,True,9.600787950303848,10.952606564069724,8.411570194023305
17,650.0,433465.82695434836,4003701.7243025796,-75.73986112139072,36.175805603994355,ok,114.14637583963864,IW3,0,14476.684434211873,764.0857085650196,153,37,3.345183289298053,13.899724576627134,0.0,0.00764231580623917,affine_dtft,44.18529186245463,8,identified,1,107.2827257581103,79.72224064145054,111.06839440315186,0.05657041628217941,77.47119229084822,6,3.9360986198617125,True,10.679992087089756,12.151197470587801,9.390732297831685
17,700.0,433513.58908424963,4003716.515480602,-75.73933129830061,36.17594222624262,ok,119.46639724535846,IW3,0,14491.482091569038,764.599826691927,153,37,3.3451773792843174,13.899723134677044,0.0,0.007642314656156246,affine_dtft,44.187912095547965,9,identified,1,119.47109084054586,86.37408334683491,127.99999999999986,0.04908738521234057,89.99999999999962,1,4.580393994783964,True,11.839529705584846,13.442728423727415,10.441204734086686
17,750.0,433561.3512141509,4003731.3066586247,-75.73880147333354,36.176078846164195,ok,122.1794706257613,IW3,0,14506.27978590263,765.1139245128401,153,37,3.3451714678510047,13.899721693234623,0.0,0.0076423345539534055,affine_dtft,44.19053233524514,9,identified,1,122.25059398755343,86.31942085992391,127.01156821934933,0.04946939397148855,82.8749836510979,2,4.734504964202751,True,12.463780203873585,14.13990976250474,11.005871147174519
17,800.0,433609.11334405217,4003746.097836647,-75.73827164648954,36.17621546375909,ok,123.52695620252211,IW3,0,14521.077517211248,765.6280020279653,153,37,3.3451655572817103,13.89972025359435,0.0,0.007642334366251202,affine_dtft,44.193152581545895,9,identified,1,120.05276782938276,85.51885361952586,127.01156821934933,0.04946939397148855,82.8749836510979,2,5.195898359419607,True,12.782477296015305,14.496396877144266,11.293880751470688
17,850.0,433656.87547395343,4003760.8890146697,-75.73774181776865,36.17635207902726,ok,121.48812065991335,IW3,0,14535.875285493425,766.142059236813,153,37,3.3451596475925203,13.899718813807198,0.0,0.0076423536599239845,affine_dtft,44.19577283444997,9,identified,1,116.25614513676632,84.7631316741458,117.80582228695603,0.0533350999568999,85.60129464500419,3,5.118832819527602,True,12.30251976848255,13.959673915613662,10.860067647396749
17,900.0,433704.6376038547,4003775.680192692,-75.73721198717094,36.17648869196863,ok,118.46093530724538,IW3,0,14550.67309074708,766.6560961390418,153,37,3.3451537358702037,13.899717373791006,0.0,0.0076423528625307715,affine_dtft,44.198393093956994,9,identified,1,113.20342783120628,86.94601609153467,117.80582228695603,0.0533350999568999,85.60129464500419,3,4.682240687455384,True,11.613948074068547,13.191129204578559,10.23699528672546
17,950.0,433752.39973375597,4003790.4713707147,-75.73668215469645,36.176625302583204,ok,114.94118205305176,IW3,0,14565.470932971568,767.1701127346465,153,37,3.3451478259587706,13.899715935826356,0.0,0.0076423728379761205,affine_dtft,44.20101336006687,9,identified,1,112.90189418233504,87.40370731065583,117.80582228695603,0.0533350999568999,85.60129464500419,3,3.7541493362383154,True,10.84797946040573,12.33805017144978,9.543033274977928
17,1000.0,433800.16186365724,4003805.262548737,-75.73615232034518,36.17676191087094,ok,113.61987642512968,IW3,0,14580.268812166107,767.6841090232668,153,37,3.345141915980599,13.899714498753427,0.0,0.007642372248408121,affine_dtft,44.203633632779436,9,identified,1,143.83052703805623,71.6982974126061,111.87564145600959,0.056162228215247245,79.50852298766814,6,3.047133557194725,True,10.569700644477953,12.02856406132131,9.290721008487271
17,1050.0,433847.9239935585,4003820.0537267597,-75.73562248411723,36.176898516831784,ok,115.46102561160833,IW3,0,14595.066728327998,768.1980850046617,153,37,3.3451360074341325,13.899713061626525,0.0,0.0076423922436970795,affine_dtft,44.20625391209424,9,identified,2,106.3236795803752,79.70633227783352,109.41280194838117,0.057426418072575,77.66091272167355,7,3.1872995040325542,True,10.958830061663159,12.461394888090446,9.643513241355208
17,1100.0,433895.6861234598,4003834.8449047823,-75.73509264601259,36.17703512046574,ok,117.30217479808701,IW3,0,14609.864681457644,768.7120406787651,153,37,3.3451300970307085,13.899711626275657,0.0,0.007642392368288178,affine_dtft,44.20887419801133,9,identified,1,120.94681925769103,93.49113457002113,111.1992941473456,0.056503823656056634,92.48955292199882,5,3.5732235102889733,True,11.357748091984805,12.905585949741551,10.00497319552072
17,1150.0,433943.44825336104,4003849.6360828048,-75.73456280603133,36.177171721772716,ok,120.32936015075495,IW3,0,14624.662671552645,769.2259760450324,153,37,3.3451241881470946,13.899710188689266,0.0,0.007642412877010054,affine_dtft,44.2114944905303,9,identified,1,120.06741402195581,94.55747764175162,127.01156821934933,0.04946939397148855,97.12501634890134,2,5.188397313832673,True,12.035604042394072,13.661559538285287,10.618635650538614
17,1200.0,433991.2103832623,4003864.4272608273,-75.7340329641735,36.17730832075272,ok,122.00796421846992,IW3,0,14639.460698611663,769.7398911034796,153,37,3.345118280331246,13.89970875573063,0.0,0.007642410627103032,affine_dtft,44.21411478965089,9,identified,1,119.70215376513042,94.64575630068212,127.01156821934933,0.04946939397148855,97.12501634890134,2,6.749932669820641,True,12.423634217340734,14.095030772829118,10.969577550360258
17,1250.0,434038.9725131636,4003879.21843885,-75.73350312043912,36.17744491740571,ok,122.38448192912935,IW3,0,14654.25876263382,770.2537858538212,153,37,3.345112370788758,13.899707324013784,0.0,0.007642431655180804,affine_dtft,44.21673509537298,9,identified,1,118.71089969723987,95.63917097810692,127.01156821934933,0.04946939397148855,97.12501634890134,2,6.2869869193453605,True,12.511891919993714,14.193701575599613,11.049362227663478
17,1300.0,434086.73464306485,4003894.0096168723,-75.73297327482825,36.17758151173163,ok,118.70448860331018,IW3,0,14669.056863617347,770.7676602956985,153,37,3.345106462271818,13.899705888121707,0.0,0.007642430162115929,affine_dtft,44.21935540769623,9,identified,1,119.1921329341358,96.12055176090352,117.80582228695603,0.0533350999568999,94.39870535499512,3,5.839722522421952,True,11.66830952997599,13.251744717892509,10.286213735510222
17,1350.0,434134.4967729661,4003908.800794895,-75.73244342734091,36.17771810373048,ok,116.62771869930042,IW3,0,14683.855001561398,771.2815144291804,153,37,3.3451005546919457,13.899704458337363,0.0,0.007642450867076923,affine_dtft,44.2219757266205,9,identified,1,121.46734626777305,97.57784640337343,113.08188270064278,0.05556314731523188,96.34019174590951,4,3.886870668344529,True,11.210463032500527,12.74152783370085,9.871543908801751
17,1400.0,434182.2589028674,4003923.5919729173,-75.73191357797718,36.17785469340219,ok,113.16643552595077,IW3,0,14698.653176464126,771.7953482537222,153,37,3.3450946479613948,13.899703027477429,0.0,0.00764244902603147,affine_dtft,44.22459605214546,9,identified,2,122.14625346956261,98.31327164046985,108.61160159025353,0.05785003825727048,98.13010235415564,6,3.832833253515554,True,10.475339310740905,11.923670426244826,9.205143703914409
17,1450.0,434230.02103276865,4003938.38315094,-75.73138372673706,36.17799128074674,ok,,IW3,0,14713.451388324622,772.3091617691817,153,37,3.3450887392436646,13.899701595587977,0.0,0.007642470113455153,affine_dtft,44.22721638427095,9,identified,3,104.39441804867363,99.45558044881041,140.65721748345732,0.04467019481541039,105.94539590092232,4,2.091457473416374,False,,,
17,1500.0,434277.7831626699,4003953.1743289623,-75.73085387362062,36.178127865764104,ok,,IW3,0,14728.249637142053,772.8229549754257,153,37,3.345082832379185,13.89970016729547,0.0,0.007642468846727018,affine_dtft,44.22983672299683,9,ambiguous_multiple_blobs,2,96.20372328756183,67.11653402378194,95.07601314665045,0.06608591482993778,68.19859051364803,1,3.1249755839036935,False,,,
17,1550.0,434325.54529257125,4003967.9655069853,-75.7303240186279,36.17826444845423,ok,,IW3,0,14743.047922913822,773.3367278720946,153,37,3.3450769250838177,13.899698737320177,0.0,0.0076424891594614915,affine_dtft,44.23245706832263,9,ambiguous_multiple_blobs,2,94.60915649361445,67.07881951394072,95.07601314665045,0.06608591482993778,68.19859051364803,1,2.9443972739997593,False,,,
17,1600.0,434373.3074224725,4003982.756685008,-75.72979416175892,36.17840102881709,ok,,IW3,0,14757.846245639834,773.8504804590706,153,37,3.3450710186106485,13.899697310150346,0.0,0.007642488205955802,affine_dtft,44.235077420248345,9,ambiguous_multiple_blobs,2,95.50946582295201,66.20090423860431,95.07601314665045,0.06608591482993778,68.19859051364803,1,2.618883674182843,False,,,
17,1650.0,434421.0695523738,4003997.5478630303,-75.72926430301376,36.17853760685265,ok,,IW3,0,14772.644605317533,774.3642127360121,153,37,3.3450651121127946,13.899695883837216,0.0,0.2801715800240694,affine_dtft,44.237697778773516,9,identified,3,98.81180023607357,66.3745731149161,103.97144730968249,0.06043183460229139,66.03751102542165,2,2.556772680409524,False,,,
17,1700.0,434468.83168227505,4004012.339041053,-75.72873444239242,36.17867418256087,ok,,IW3,0,14787.443001946802,774.8779247027348,153,37,3.345059206130604,13.89969445757086,0.0,0.45683976048483016,affine_dtft,44.24031814389812,9,identified,2,100.83802903303126,67.11998881394737,143.54513311211434,0.04377149660847208,52.59464336859135,6,2.0138036687761125,False,,,
17,1750.0,434516.5938121763,4004027.1302190754,-75.72820457989496,36.17881075594171,ok,,IW3,0,14802.24143552589,775.3916163589735,153,37,3.3450533015226527,13.89969303116698,0.0,0.532816372451787,affine_dtft,44.24293851562186,9,ambiguous_multiple_blobs,2,175.0288712698491,46.004106418535486,181.01933598375595,0.03471002295436228,45.0,1,2.1949114995900443,False,,,
17,1800.0,434564.3559420776,4004041.921397098,-75.72767471552145,36.17894732699515,ok,,IW3,0,14817.039906053486,775.90528770449,153,37,3.3450473948394506,13.899691606189254,0.0,0.5290792961530358,affine_dtft,44.24555889394449,9,identified,3,171.29017703217426,48.11412881015918,168.3445630006857,0.03732336343499251,99.46232220802499,2,2.192924667579335,False,,,
17,1850.0,434612.11807197885,4004056.7125751204,-75.7271448492719,36.179083895721135,ok,104.51138030144068,IW3,0,14831.838413528158,776.4189387390492,154,37,3.324311016662927,13.89969018061422,0.0,0.473189568809633,affine_dtft,44.24817927886576,9,identified,1,103.13367015999523,69.4317318240866,95.07601314665045,0.06608591482993778,68.19859051364803,1,3.7235140180835753,True,8.78073434834781,10.043620180125,7.666921684885171
17,1900.0,434659.8802018801,4004071.503753143,-75.72661498114634,36.17922046211965,ok,110.13642728091783,IW3,0,14846.745956380504,776.9325032164584,154,37,3.320309794319036,13.899688759574305,0.0,0.5351144605722348,affine_dtft,44.25078702292037,9,identified,1,107.06308503214434,66.6402194024876,103.97144730968249,0.06043183460229139,66.03751102542165,2,3.334921153736687,True,9.859396030200916,11.239557232777901,8.646306352355245
17,1950.0,434707.6423317814,4004086.2949311654,-75.72608511114484,36.179357026190644,ok,113.51145546860411,IW3,0,14861.654739753449,777.4460466508141,154,37,3.3203039332770117,13.899687336107174,0.0,0.5476662912687355,affine_dtft,44.25339463391794,9,identified,1,116.11933673538233,62.943440578891106,114.4866804479891,0.05488136508625573,63.434948822921854,1,3.793816845040704,True,10.547085645681904,12.003422598743711,9.270212158714392
17,2000.0,434755.40446168266,4004101.086109188,-75.72555523926745,36.17949358793411,ok,122.89690288600573,IW3,0,14876.563560344313,777.9595697736465,154,37,3.32029807353557,13.899685915261262,0.0,0.48485676523254584,affine_dtft,44.25600225148149,9,identified,1,119.95642511040644,61.362923093226556,127.01156821934926,0.04946939397148858,60.255118703057654,2,4.0152167238252225,True,12.632734273522841,14.328849339274194,11.158580149084028
17,2050.0,434803.1665915839,4004115.8772872104,-75.72502536551417,36.17963014734997,ok,130.50326347080093,IW3,0,14891.472418153087,778.4730725842377,154,37,3.3202922116298828,13.899684492807399,0.0,0.3409444634239124,affine_dtft,44.25860987561099,9,identified,1,129.3958503136843,60.710593294763356,127.01156821934926,0.04946939397148858,60.255118703057654,2,3.881842049908095,True,14.529855543259016,16.458437623893523,12.869310026672835
17,2100.0,434850.9287214852,4004130.668465233,-75.72449548988509,36.1797667044382,ok,131.57595432697062,IW3,0,14906.381313176955,778.9865550825092,154,37,3.3202863526845174,13.899683073325042,0.0,0.075310860072922,affine_dtft,44.26121750630598,9,identified,1,136.40504428730557,59.24520239827973,142.0032502336585,0.04424677109038668,56.309932474020094,1,4.589752118630711,True,14.81379141947793,16.778554285870527,13.124653868255077
17,2150.0,434898.69085138646,4004145.4596432555,-75.72396561238023,36.1799032591988,ok,129.07097677269857,IW3,0,14921.290245415177,779.5000172685152,154,37,3.3202804915020714,13.899681654265281,0.0,0.007734105294192114,affine_dtft,44.26382514356631,9,identified,1,135.15419636776696,59.66830416547065,142.0032502336585,0.04424677109038668,56.309932474020094,1,4.073771758332496,True,14.157276576162184,16.03896025484727,12.533958228139966
17,2200.0,434946.45298128773,4004160.250821278,-75.72343573299962,36.18003981163169,ok,126.56599921842653,IW3,0,14936.19921486674,780.0134591415558,154,37,3.320274633003937,13.899680235520856,0.0,0.007734125147805799,affine_dtft,44.26643278739181,9,identified,1,124.85029433925408,64.54140964816459,119.85013472883753,0.05242535038776029,69.44395478041629,2,3.2008101998310505,True,13.523127061844395,15.326430015009986,11.962447233415332
17,2250.0,434994.215111189,4004175.0419993005,-75.72290585174333,36.18017636173686,ok,121.06268526129266,IW3,0,14951.108221529224,780.526880701823,154,37,3.3202687734913843,13.89967881884458,0.0,0.007734123990662608,affine_dtft,44.26904043778205,9,identified,1,114.80769329287531,63.90961273880681,114.4866804479891,0.05488136508625573,63.434948822921854,1,4.167203019510341,True,12.204034776698908,13.84964742197308,10.770999833192809
17,2300.0,435041.97724109027,4004189.833177323,-75.72237596861137,36.18031290951427,ok,105.43710821914192,IW3,0,14966.017265402996,781.0402819488543,154,37,3.320262912964399,13.899677400184792,0.0,0.007734145543106066,affine_dtft,44.27164809473711,9,identified,1,111.48900229579984,63.657188223868935,114.4866804479891,0.05488136508625573,63.434948822921854,1,4.39580757834044,True,8.952644697563205,10.234065640081313,7.823053244450829
17,2350.0,435089.73937099153,4004204.6243553455,-75.72184608360381,36.18044945496388,ok,86.93105954252803,IW3,0,14980.926346485723,781.5536628823494,154,37,3.3202570539565537,13.899675983961899,0.0,0.0077341450409390685,affine_dtft,44.27425575825657,9,identified,1,114.949707560048,64.06052690151549,114.4866804479891,0.05488136508625573,63.434948822921854,1,3.6883626881528966,True,5.900856141177777,6.857655727686567,5.052580517720556
17,2400.0,435137.5015008928,4004219.415533368,-75.7213161967207,36.180585998085654,ok,80.04215431616277,IW3,0,14995.835464775664,782.0670235022685,154,37,3.3202511940799972,13.899674570084867,0.0,0.0077341640799510015,affine_dtft,44.276863428340135,9,identified,2,64.5536906397165,84.70998305050647,63.875365022904795,0.09836633113449177,86.42366562500249,2,3.911071136101813,True,4.955618053752579,5.811311870192802,4.1971954050981255
17,2450.0,435185.26363079407,4004234.2067113905,-75.72078630796203,36.18072253887956,ok,86.92129676258011,IW3,0,15010.744620272446,782.5803638082471,154,37,3.3202453379072434,13.899673155150834,0.0,0.00773416383522745,affine_dtft,44.27947110498772,9,identified,5,153.38611164660708,56.614808916521454,27.319891345768067,0.22998573558210256,84.89783474764172,3,7.5104584994860515,True,5.8994475126006,6.856097475873938,5.051304050421012
17,2500.0,435233.02576069534,4004248.997889413,-75.7202564173279,36.18085907734557,ok,,IW3,0,15025.65381297389,783.0936838001853,154,37,3.320239477385596,13.899671740623349,0.0,0.007734185132443676,affine_dtft,44.28207878819897,9,ambiguous_multiple_blobs,2,152.5788202244652,56.57523931345133,142.0032502336585,0.04424677109038668,56.309932474020094,1,3.3180248861792845,False,,,
17,2550.0,435280.7878905966,4004263.789067436,-75.71972652481833,36.180995613483645,ok,113.33241051168588,IW3,0,15040.563042879434,783.6069834777675,154,37,3.3202336209013565,13.89967032917693,0.0,0.007734184716768208,affine_dtft,44.28468647797378,9,identified,1,148.6422564150499,58.241132038887514,142.0032502336585,0.04424677109038668,56.309932474020094,1,3.7786209681098373,True,10.509811861498426,11.96198783100078,9.236408414101202
17,2600.0,435328.5500204979,4004278.5802454585,-75.71919663043334,36.18113214729373,ok,142.0032502336585,IW3,0,15055.47230998766,784.1202628405965,154,37,3.3202277640731372,13.899668915569555,0.0,0.007734204832543205,affine_dtft,44.287294174311896,9,identified,1,143.87644491187487,60.35617636324551,142.0032502336585,0.04424677109038668,56.309932474020094,1,3.8820644237115873,True,17.81082310125285,20.18361737601584,15.80671748885225
17,2650.0,435376.31215039914,4004293.371423481,-75.71866673417301,36.18126867877583,ok,143.02702366892055,IW3,0,15070.381614296606,784.6335218887648,154,37,3.320221906813466,13.899667504852117,0.0,0.0077342050653583915,affine_dtft,44.28990187721297,9,identified,1,141.3553060752527,61.745327024518026,142.0032502336585,0.04424677109038668,56.309932474020094,1,4.018753665069325,True,18.130222759287424,20.549635165896603,16.090982355988434
17,2700.0,435424.0742803004,4004308.1626015035,-75.71813683603736,36.18140520792986,ok,145.3271916034593,IW3,0,15085.290955805487,785.1467606217944,154,37,3.3202160497045488,13.899666093362306,0.0,0.007734225602347232,affine_dtft,44.29250958667688,9,identified,1,142.36672977599187,62.599541980135406,142.0032502336585,0.04424677109038668,56.309932474020094,1,3.7600782359787353,True,18.865860028220744,21.395213694237956,16.74442966203199
17,2750.0,435471.8364102017,4004322.953779526,-75.71760693602644,36.18154173475582,ok,146.8379009339813,IW3,0,15100.200334512547,785.6599790394841,154,37,3.3202101914354127,13.899664682738946,0.0,0.007734224725045742,affine_dtft,44.29511730270331,9,identified,1,151.63053003389132,61.522486319010014,147.1221174099688,0.04270727894481653,73.30075576600606,3,3.4072823121006834,True,19.363083834753215,21.96886672101696,17.185063857875708
17,2800.0,435519.59854010295,4004337.7449575486,-75.71707703414029,36.181678259253665,ok,147.40034464465052,IW3,0,15115.109750416872,786.1731771416786,154,37,3.3202043351802657,13.899663273072992,0.0,0.007734246024491411,affine_dtft,44.297725025292095,9,identified,1,143.43686871680936,93.67165266555159,153.5040899063523,0.04093171270558815,77.00538320808313,4,3.095452584489539,True,19.5511485842605,22.18630219206125,17.35150004943876
17,2850.0,435567.3606700042,4004352.536135571,-75.71654713037896,36.18181478142337,ok,151.5628294717141,IW3,0,15130.01920351732,786.6863549282606,154,37,3.3201984796579764,13.899661864639793,0.0,0.0077342451781042465,affine_dtft,44.30033275444306,9,identified,1,137.891230046773,96.20509754223309,149.55679688626836,0.04201203447782907,83.29016319224272,5,3.4104510245463353,True,20.99519044256986,23.86483141367666,18.62517568359839
17,2900.0,435615.1227999055,4004367.3273135936,-75.71601722474249,36.181951301264874,ok,147.87002639458007,IW3,0,15144.9286938115,787.199512398699,154,37,3.320192622351252,13.899660458561788,0.0,0.0077342656755242465,affine_dtft,44.30294049015576,9,identified,1,155.7384405838352,60.652311649866924,144.8154687870047,0.04338752869295286,81.8698976458437,4,3.288097257343963,True,19.709445773673554,22.36952265800832,17.49149483910138
17,2950.0,435662.88492980675,4004382.118491616,-75.71548731723091,36.182087818778164,ok,146.46151051663702,IW3,0,15159.838221299078,787.7126495529895,154,37,3.3201867654981188,13.899659051142319,0.0,0.007734265123571534,affine_dtft,44.305548232430155,9,identified,2,151.24602962753448,61.20375210150722,162.8156743689765,0.03859078882626799,57.994616791916336,3,3.6504634851468585,True,19.238130553310064,21.824540956873054,17.074412216840056
17,3000.0,435710.647059708,4004396.9096696386,-75.71495740784427,36.18222433396319,ok,145.42974839342654,IW3,0,15174.747785978529,788.2257663906922,154,37,3.320180910195022,13.899657646528626,0.0,0.007734285929203377,affine_dtft,44.30815598126597,9,identified,1,146.39220021209124,62.12624930310046,128.65810202429847,0.048836297196370414,68.96248897457797,7,3.1662204009087063,True,18.899255443859264,21.433687717307127,16.77405094171683
18,250.0,433152.1511242169,4003362.4752152916,-75.74332005123837,36.1727256949137,touches_land_or_unmapped,,,,,,,,,,,,,,,,,,,,,,,,,,,
18,300.0,433199.8919468174,4003377.335022068,-75.7427904978154,36.17286294944191,touches_land_or_unmapped,,,,,,,,,,,,,,,,,,,,,,,,,,,
18,350.0,433247.63276941795,4003392.194828844,-75.74226094250801,36.173000201646076,touches_land_or_unmapped,,,,,,,,,,,,,,,,,,,,,,,,,,,
18,400.0,433295.37359201844,4003407.0546356207,-75.74173138531623,36.173137451526166,ok,,IW3,0,14412.43622433123,745.062442879885,153,37,3.3452945548889392,13.899735374753437,0.0,0.007641926350729432,affine_dtft,44.173959229977015,7,ambiguous_multiple_blobs,2,74.59340650429458,75.05842364916737,100.4114611907501,0.06257438376724263,78.69006752597954,1,6.8793638148348935,False,,,
18,450.0,433343.11441461893,4003421.9144423967,-75.7412018262401,36.173274699082135,ok,100.4114611907501,IW3,0,14427.230318535985,745.5817635450948,153,37,3.3452886186316033,13.899733928105093,0.0,0.007641926031403308,affine_dtft,44.176578818230425,8,identified,1,97.33014129419445,79.1641833908177,100.4114611907501,0.06257438376724263,78.69006752597954,1,6.726098855490593,True,8.0449294058659,9.229013286005594,6.998576140585677
18,500.0,433390.8552372194,4003436.7742491732,-75.7406722652797,36.17341194431396,ok,103.07569449385053,IW3,0,14442.024449924162,746.1010639167185,153,37,3.3452826803446465,13.899732482725426,0.0,0.00764194634542111,affine_dtft,44.1791984131243,8,identified,1,100.77254167513522,79.25083326483,100.4114611907501,0.06257438376724263,78.69006752597954,1,7.245144826464862,True,8.518372096380658,9.75306743524077,7.428622057796433
18,550.0,433438.5960598199,4003451.6340559493,-75.74014270243501,36.173549187221624,ok,104.67423447571079,IW3,0,14456.8186184961,746.6203439944816,153,37,3.345276743531575,13.899731039645877,0.0,0.007641944834697093,affine_dtft,44.18181801465871,8,identified,1,106.63004379570307,79.79564956694132,100.4114611907501,0.06257438376724263,78.69006752597954,1,6.075468299539949,True,8.810820171840858,10.076946036435148,7.694246882328824
18,600.0,433486.3368824204,4003466.493862726,-75.73961313770613,36.17368642780504,ok,109.99425588143065,IW3,0,14471.612824249185,747.1396037777891,153,37,3.345270806375976,13.899729594514502,0.0,0.007641965029358283,affine_dtft,44.18443762283317,8,identified,1,109.66287621219838,79.36895478201566,111.06839440315186,0.05657041628217941,77.47119229084822,4,4.621332921700447,True,9.831109469474772,11.208162924165029,8.620633605301155
18,650.0,433534.0777050209,4003481.353669502,-75.73908357109306,36.1738236660642,ok,115.5119636432806,IW3,0,14486.407067183554,747.6588432666939,153,37,3.3452648698659675,13.899728152003586,0.0,0.007641964014046879,affine_dtft,44.18705723764775,8,identified,1,111.15400651825188,80.32585747163141,111.06839440315186,0.05657041628217941,77.47119229084822,6,3.682328939069494,True,10.969733888288623,12.473529681401873,9.653396094868482
18,700.0,433581.8185276214,4003496.2134762784,-75.73855400259588,36.173960901999095,ok,121.02967140513056,IW3,0,14501.201347296594,748.178062461013,153,37,3.34525893387133,13.89972670953077,0.0,0.0076419845436154635,affine_dtft,44.18967685910195,9,identified,1,119.26866306800304,85.7814765159966,127.01156821934933,0.04946939397148855,82.8749836510979,2,4.126098833796478,True,12.196416068230699,13.841137346428793,10.764108923251431
18,750.0,433629.5593502219,4003511.0732830544,-75.73802443221459,36.174098135609654,ok,124.41599252450017,IW3,0,14515.995664587696,748.6972613604324,153,37,3.3452529978826973,13.899725267764877,0.0,0.007641983317113204,affine_dtft,44.19229648719566,9,identified,1,122.52032593842345,86.44214064195654,127.99999999999986,0.04908738521234057,89.99999999999962,1,4.77351833235386,True,12.995971455814855,14.73542753764617,11.48670945703529
18,800.0,433677.3001728224,4003525.9330898304,-75.73749485994927,36.174235366895836,ok,124.95786919942532,IW3,0,14530.790019054777,749.2164399645617,153,37,3.3452470620303116,13.899723825557478,0.0,0.007642003934328362,affine_dtft,44.19491612192853,9,identified,1,121.03674092026517,86.22574966271256,127.99999999999986,0.04908738521234057,89.99999999999962,1,5.179041041629399,True,13.127374851050808,14.882638963013989,11.605348938702335
18,850.0,433725.04099542287,4003540.792896607,-75.73696528579993,36.17437259585764,ok,123.11672001294664,IW3,0,14545.584410698244,749.7355982734434,153,37,3.3452411268083084,13.899722386329788,0.0,0.007642002740465246,affine_dtft,44.197535763300635,9,identified,1,117.7267458635647,85.99201846859783,127.99999999999986,0.04908738521234057,89.99999999999962,1,5.658167450229554,True,12.684831742277876,14.387131380409064,11.20565771987193
18,900.0,433772.78181802336,4003555.652703383,-75.73643570976664,36.17450982249502,ok,121.89590001618335,IW3,0,14560.378839515046,750.2547362867521,153,37,3.3452351920020362,13.899720950394245,0.0,0.007642022677801558,affine_dtft,44.20015541131143,9,identified,1,114.28779283913546,85.77142156432897,113.77777777777767,0.05522330836388313,89.99999999999966,2,4.693803246977545,True,12.397452870934918,14.065766027517006,10.945906985648676
18,950.0,433820.5226406239,4003570.5125101595,-75.73590613184942,36.17464704680791,ok,119.86120002157786,IW3,0,14575.17330550447,750.7738540040588,153,37,3.3452292570831093,13.899719511258482,0.0,0.0076420223065694435,affine_dtft,44.202775065960765,9,identified,1,114.29893680267729,85.77184328976833,117.80582228695603,0.0533350999568999,85.60129464500419,3,3.956208110867242,True,11.928948772349349,13.54250896776312,10.52212940191943
18,1000.0,433868.2634632244,4003585.3723169356,-75.73537655204832,36.174784268796316,ok,,IW3,0,14589.96780866496,751.2929514254528,153,37,3.345223322403778,13.89971807447688,0.0,0.007642043080525101,affine_dtft,44.205394727248404,9,identified,1,121.77328534914147,87.31044868812414,144.8154687870047,0.04338752869295286,81.8698976458437,2,2.483786221876379,False,,,
18,1050.0,433916.0042858249,4003600.232123712,-75.73484697036339,36.17492148846017,ok,,IW3,0,14604.762348996044,751.8120285503583,153,37,3.345217389228878,13.899716636996725,0.0,0.007642041697559707,affine_dtft,44.208014395174246,9,identified,2,144.0598364948837,89.95763133058574,115.12806742976424,0.054575616940784194,77.00538320808323,6,2.7132521859201675,False,,,
18,1100.0,433963.7451084254,4003615.091930488,-75.73431738679466,36.17505870579945,ok,,IW3,0,14619.556926495943,752.3310853786589,153,37,3.34521145627829,13.899715200858221,0.0,0.007642061496361078,affine_dtft,44.210634069737964,9,identified,3,149.02620844533547,87.48870356472172,117.80582228695603,0.0533350999568999,85.60129464500419,6,2.7747081822166972,False,,,
18,1150.0,434011.4859310259,4003629.9517372646,-75.73378780134217,36.17519592081412,ok,110.65094008783363,IW3,0,14634.351541162736,752.8501219102493,153,37,3.3452055201599817,13.899713764389693,0.0,0.007642061765265084,affine_dtft,44.213253750939245,9,identified,1,116.13517170995326,93.07651915218881,109.43546878142905,0.057414523619656925,94.08561677997449,3,3.6320155592044654,True,9.962219158964373,11.353693460429998,8.739622177523037
18,1200.0,434059.22675362637,4003644.8115440407,-75.73325821400599,36.17533313350416,ok,111.25867574103592,IW3,0,14649.146192996071,753.3691381449265,153,37,3.3451995857645036,13.899712332546702,0.0,0.007642081381669812,affine_dtft,44.215873438778004,9,identified,1,115.92542659693102,93.50372917943315,109.43546878142905,0.057414523619656925,94.08561677997449,3,4.705696260362341,True,10.084596230571861,11.489568987737922,8.850671254815271
18,1250.0,434106.96757622686,4003659.671350817,-75.73272862478612,36.175470343869506,ok,109.99444479307667,IW3,0,14663.940881993783,753.8881340821985,153,37,3.345193653341275,13.899710897374606,0.0,0.007642080828486681,affine_dtft,44.21849313325387,9,identified,1,113.97924242178948,95.41110868183462,113.08188270064278,0.05556314731523188,96.34019174590951,4,3.718612366288359,True,9.831147019488666,11.208204598403853,8.620667685972194
18,1300.0,434154.70839882735,4003674.5311575932,-75.73219903368263,36.17560755191015,ok,109.15042141187658,IW3,0,14678.735608155166,754.4071097220324,153,37,3.3451877205442937,13.899709464344829,0.0,0.0076421021019263844,affine_dtft,44.22111283436672,9,identified,1,120.18368317609024,98.44176997021286,113.08188270064278,0.05556314731523188,96.34019174590951,4,3.3934264515637476,True,9.664333074665112,11.023101701601451,8.46925449944586
18,1350.0,434202.44922142784,4003689.3909643698,-75.73166944069555,36.17574475762603,ok,109.47700653622114,IW3,0,14693.53037147895,754.9260650640894,153,37,3.3451817876229466,13.899708032189467,0.0,0.007642099686122306,affine_dtft,44.22373254211632,9,identified,1,122.8125033880927,101.89819259908441,104.9375210012397,0.059875488264158234,97.85331330197789,6,3.7432775941715346,True,9.728654233762184,11.09446714654627,8.527640039449345
18,1400.0,434250.19004402834,4003704.250771146,-75.73113984582494,36.175881961017126,ok,109.07430887672294,IW3,0,14708.325171963355,755.4450001082498,153,37,3.345175855040899,13.89970660200137,0.0,0.007642119572016658,affine_dtft,44.226352256502366,9,identified,1,147.98866116172087,104.18255979129387,105.21535187542854,0.059717381495988035,99.46232220802524,5,3.636160616045393,True,9.649383415769393,11.00651615469481,8.45568394037906
18,1450.0,434297.9308666288,4003719.1105779223,-75.73061024907082,36.176019162083406,ok,108.07241542074298,IW3,0,14723.12000960762,755.9639148541559,153,37,3.3451699229590823,13.899705171583866,0.0,0.007642119268104632,affine_dtft,44.228971977524715,9,identified,1,104.86951375342744,100.4916397576007,111.06839440315186,0.05657041628217941,102.52880770915111,2,4.006379431002937,True,9.454024066302082,10.789825340038734,8.278331013549591
18,1500.0,434345.6716892293,4003733.9703846984,-75.73008065043325,36.17615636082483,ok,109.11738022724408,IW3,0,14737.914884409458,756.482809301771,153,37,3.345163991189727,13.899703743695719,0.0,0.007642139356079963,affine_dtft,44.231591705182964,9,identified,2,107.23880365304649,101.1239214413623,111.06839440315186,0.05657041628217941,102.52880770915111,2,3.1859323655082847,True,9.65784139425201,11.015899597073789,8.463361695299607
18,1550.0,434393.41251182987,4003748.830191475,-75.72955104991225,36.17629355724135,ok,,IW3,0,14752.709796369189,757.0016834505273,153,37,3.345158061580315,13.899702313186163,0.0,0.007642159065287639,affine_dtft,44.23421143947717,9,ambiguous_multiple_blobs,3,57.929763191983184,90.59506103431467,127.99999999999986,0.04908738521234057,89.99999999999962,1,1.9551759239258857,False,,,
18,1600.0,434441.15333443036,4003763.689998251,-75.72902144750788,36.17643075133295,ok,,IW3,0,14767.504745484159,757.5205373004515,153,37,3.3451521280174568,13.899700886309876,0.0,0.19586114771072144,affine_dtft,44.23683118040687,9,identified,3,56.6274191026086,91.03112337143972,128.90752022679655,0.04874180572339855,52.305759533310734,7,1.8104436463426916,False,,,
18,1650.0,434488.89415703085,4003778.549805027,-75.72849184322018,36.17656794309958,ok,,IW3,0,14782.299731753352,758.0393708511963,153,37,3.345146198113113,13.899699457722546,0.0,0.41066419767339746,affine_dtft,44.23945092797188,9,identified,2,107.71592591246804,66.70364067075403,103.97144730968249,0.06043183460229139,66.03751102542165,2,2.610160019880281,False,,,
18,1700.0,434536.63497963134,4003793.4096118035,-75.72796223704918,36.176705132541215,ok,,IW3,0,14797.094755175483,758.5581841026377,153,37,3.345140266206265,13.899698032943636,0.0,0.5177840644728755,affine_dtft,44.24207068217198,9,ambiguous_multiple_blobs,2,101.7008961288671,66.7035822213044,168.3445630006857,0.03732336343499251,99.46232220802499,2,1.8572083584399208,False,,,
18,1750.0,434584.37580223184,4003808.2694185795,-75.72743262899493,36.1768423196578,ok,,IW3,0,14811.88981574947,759.0769770542985,153,37,3.3451343352366507,13.899696605828016,0.0,0.5388099705828265,affine_dtft,44.24469044300696,9,identified,3,162.91998482789043,97.23569665402024,168.3445630006857,0.03732336343499251,99.46232220802499,2,2.3920235897909903,False,,,
18,1800.0,434632.1166248323,4003823.129225356,-75.72690301905749,36.176979504449335,ok,,IW3,0,14826.684913474257,759.5957497063376,153,37,3.3451284060053075,13.899695179678154,0.0,0.49731260630554286,affine_dtft,44.247310210476655,9,identified,3,163.19354366401654,99.4241207474176,168.3445630006857,0.03732336343499251,99.46232220802499,2,2.4914762324051383,False,,,
18,1850.0,434679.8574474328,4003837.989032132,-75.72637340723688,36.17711668691577,ok,,IW3,0,14841.550644328221,760.1144591520965,154,37,3.3203960426967645,13.899693759257834,0.0,0.5176881573658062,affine_dtft,44.24992179308474,9,identified,2,156.88961819593374,100.3403109824242,168.3445630006857,0.03732336343499251,99.46232220802499,2,2.61690087313269,False,,,
18,1900.0,434727.5982700333,4003852.8488389086,-75.72584379353313,36.17725386705704,ok,122.83660562889588,IW3,0,14856.455992969113,760.6331242413967,154,37,3.3203901574984696,13.899692333200385,0.0,0.5505720754282571,affine_dtft,44.25252878964863,9,identified,2,103.47437212779947,67.42047280848251,114.4866804479891,0.05488136508625573,63.434948822921854,3,3.2849517884275015,True,12.618470822508645,14.312894470238954,11.14569018006231
18,1950.0,434775.3390926338,4003867.7086456846,-75.72531417794633,36.177391044873154,ok,123.88034627650923,IW3,0,14871.36137903204,761.1517690301481,154,37,3.320384269538064,13.89969091140207,0.0,0.5203281403081516,affine_dtft,44.25513579281417,9,identified,1,117.57892425770056,61.42097338218323,127.01156821934926,0.04946939397148858,60.255118703057654,2,4.504185628505498,True,12.867030914856906,14.59104257295378,11.37026046810538
18,2000.0,434823.0799152343,4003882.568452461,-75.72478456047646,36.17752822036404,ok,124.50659066507724,IW3,0,14886.266802518006,761.6703935177818,154,37,3.320378386124451,13.899689490660666,0.0,0.40260954602733273,affine_dtft,44.25774280258156,9,identified,1,118.75339322694796,60.872309121486886,127.01156821934926,0.04946939397148858,60.255118703057654,2,4.826697518135784,True,13.0178735598019,14.759959659886551,11.506486477081157
18,2050.0,434870.8207378348,4003897.428259237,-75.7242549411236,36.177665393529686,ok,127.01156821934926,IW3,0,14901.172263424074,762.1889977043193,154,37,3.320372501217497,13.899688069505737,0.0,0.17723421662670616,affine_dtft,44.26034981895027,9,identified,1,123.00580694660009,60.77846956378824,127.01156821934926,0.04946939397148858,60.255118703057654,2,4.456556895859979,True,13.634332214382908,15.451252776383246,12.062731683719282
18,2100.0,434918.5615604353,4003912.2880660137,-75.7237253198878,36.17780256437006,ok,127.01156821934926,IW3,0,14916.077761748891,762.7075815895919,154,37,3.3203666141462556,13.899686648397083,0.0,0.007733750898865191,affine_dtft,44.26295684192005,9,identified,1,131.44433133980976,60.95042924192493,127.01156821934926,0.04946939397148858,60.255118703057654,2,3.880035179633936,True,13.634332214382908,15.451252776383246,12.062731683719282
18,2150.0,434966.30238303577,4003927.1478727898,-75.72319569676908,36.17793973288509,ok,,IW3,0,14930.983297491739,763.2261451729087,154,37,3.3203607318096227,13.899685230543989,0.0,0.007733771586022643,affine_dtft,44.265563871490805,9,identified,2,130.9982682708479,62.40038678136982,127.12026448932349,0.04942709435368816,65.55604521958325,3,2.943887493575379,False,,,
18,2200.0,435014.0432056363,4003942.0076795663,-75.72266607176749,36.17807689907479,ok,,IW3,0,14945.888870650968,763.7446884545211,154,37,3.320354845388682,13.899683811826845,0.0,0.007733771609606479,affine_dtft,44.268170907662224,9,ambiguous_multiple_blobs,4,124.22664207539174,68.3940177279235,119.85013472883753,0.05242535038776029,69.44395478041629,2,2.5945221136380776,False,,,
18,2250.0,435061.7840282368,4003956.8674863423,-75.72213644488308,36.178214062939084,ok,47.3751409135846,IW3,0,14960.794481225836,764.2632114339413,154,37,3.3203489612569945,13.899682394047922,0.0,0.007733792805910042,affine_dtft,44.27077795043419,9,identified,3,39.55057600208613,84.17719433640673,39.1250288589245,0.16059247725631717,83.41805534482188,2,4.723421718971689,True,1.6807676589192502,2.1456857675082457,1.2805162196370534
18,2300.0,435109.5248508373,4003971.727293119,-75.72160681611585,36.178351224477964,ok,52.211249807290294,IW3,0,14975.700129214387,764.7817141110737,154,37,3.3203430795909847,13.89968097679355,0.0,0.007733792253952684,affine_dtft,44.27338499980635,9,identified,4,111.6270392466748,65.49231353148701,39.1250288589245,0.16059247725631717,83.41805534482188,2,5.307890511441252,True,2.0488077029150205,2.5647583759596495,1.6007467763205707
18,2350.0,435157.2656734378,4003986.587099895,-75.7210771854659,36.17848838369137,ok,52.211249807290294,IW3,0,14990.605814615696,765.300196485523,154,37,3.3203371948447984,13.89967955987012,0.0,0.007733811393818131,affine_dtft,44.27599205577855,9,identified,4,65.7430690538722,86.92755226882791,63.875365022904795,0.09836633113449177,86.42366562500249,2,3.358652657890819,True,2.0488077029150205,2.5647583759596495,1.6007467763205707
18,2400.0,435205.0064960383,4004001.446906671,-75.72054755293324,36.1786255405793,ok,56.573323456745555,IW3,0,15005.511537427901,765.818658557248,154,37,3.320331311805558,13.899678145623875,0.0,0.007733811879081184,affine_dtft,44.27859911835047,9,identified,1,63.978138507995716,86.00963295356826,66.71957648840737,0.09417303942676104,87.51044707800068,3,3.593889962917065,True,2.414094826508644,2.9777095713370385,1.9216712143375683
18,2450.0,435252.7473186388,4004016.3067134474,-75.72001791851794,36.178762695141685,ok,,IW3,0,15020.417297649823,766.3371003258446,154,37,3.320325429863598,13.899676730898436,0.0,0.007733831649906118,affine_dtft,44.28120618752189,9,ambiguous_multiple_blobs,3,155.96287154373306,55.59069221450637,175.61455118592892,0.035778272727112294,120.96375653207285,2,2.05713469728819,False,,,
18,2500.0,435300.4881412393,4004031.1665202235,-75.71948828222,36.1788998473785,ok,,IW3,0,15035.32309528051,766.8555217911688,154,37,3.3203195459759294,13.89967531785814,0.0,0.007733831416361419,affine_dtft,44.283813263292664,9,ambiguous_multiple_blobs,2,152.8390884352693,56.00924859063799,142.0032502336585,0.04424677109038668,56.309932474020094,1,3.544358290615495,False,,,
18,2550.0,435348.22896383976,4004046.026327,-75.71895864403949,36.179036997289735,ok,142.0032502336585,IW3,0,15050.2289303187,767.3739229530107,154,37,3.3203136635191193,13.899673903575852,0.0,0.007733852488741825,affine_dtft,44.28642034566255,9,identified,1,146.23638528903155,58.369600263672794,142.0032502336585,0.04424677109038668,56.309932474020094,1,3.884235912712977,True,17.81082310125285,20.18361737601584,15.80671748885225
18,2600.0,435395.96978644026,4004060.886133776,-75.71842900397644,36.179174144875304,ok,142.0032502336585,IW3,0,15065.134802762526,767.8923038109363,154,37,3.320307779932813,13.899672490268758,0.0,0.0077338522323354645,affine_dtft,44.289027434631244,9,identified,1,138.8050174991275,60.09590141561835,142.0032502336585,0.04424677109038668,56.309932474020094,1,4.113849423097821,True,17.81082310125285,20.18361737601584,15.80671748885225
18,2650.0,435443.71060904075,4004075.7459405526,-75.71789936203089,36.17931129013522,ok,142.0032502336585,IW3,0,15080.040712611628,768.4106643649952,154,37,3.3203018994373177,13.899671080667881,0.0,0.007733871820914799,affine_dtft,44.291634530198664,9,identified,1,136.67582951175262,60.485780280907804,142.0032502336585,0.04424677109038668,56.309932474020094,1,4.291157491221647,True,17.81082310125285,20.18361737601584,15.80671748885225
18,2700.0,435491.45143164124,4004090.6057473286,-75.71736971820292,36.179448433069425,ok,142.0032502336585,IW3,0,15094.946659863395,768.9290046148628,154,37,3.3202960190771305,13.899669669549656,0.0,0.007733870772994238,affine_dtft,44.294241632364354,9,identified,1,138.70034737368286,60.1113017571548,142.0032502336585,0.04424677109038668,56.309932474020094,1,3.8635418945783395,True,17.81082310125285,20.18361737601584,15.80671748885225
18,2750.0,435539.19225424173,4004105.465554105,-75.7168400724925,36.17958557367787,ok,,IW3,0,15109.85264451761,769.4473245600623,154,37,3.3202901361307102,13.899668257927196,0.0,0.007733892971504402,affine_dtft,44.296848741128294,9,ambiguous_multiple_blobs,2,149.06218630790516,58.28827396225454,170.6666666666665,0.03681553890925543,89.99999999999949,1,2.317317890622866,False,,,
18,2800.0,435586.9330768423,4004120.325360881,-75.71631042489975,36.179722711960544,ok,,IW3,0,15124.758666572334,769.9656242006788,154,37,3.320284256233047,13.899666849945088,0.0,0.007733892215632204,affine_dtft,44.299455856490134,9,identified,1,165.12094970745477,86.4897465250093,161.90861620062083,0.03880698541326606,71.56505117707769,3,2.829364499849511,False,,,
18,2850.0,435634.6738994428,4004135.1851676577,-75.71578077542465,36.179859847917406,ok,,IW3,0,15139.664726026534,770.4839035363591,154,37,3.320278375175087,13.899665440898922,0.0,0.007733911754916908,affine_dtft,44.3020629784497,9,identified,2,133.50182497855025,99.55578702148247,149.55679688626836,0.04201203447782907,83.29016319224272,5,2.4363452135969217,False,,,
18,2900.0,435682.41472204326,4004150.0449744337,-75.7152511240673,36.17999698154842,ok,,IW3,0,15154.57082287806,771.0021625669459,154,37,3.3202724935245427,13.899664035659121,0.0,0.007733933277632718,affine_dtft,44.3046701070066,9,identified,2,152.49547932855324,60.00017369919526,144.8154687870047,0.04338752869295286,81.8698976458437,4,2.6802853230305854,False,,,
18,2950.0,435730.15554464376,4004164.9047812102,-75.71472147082767,36.18013411285354,ok,,IW3,0,15169.47695712717,771.5204012919128,154,37,3.3202666129711993,13.899662626418651,0.0,0.007733932423627347,affine_dtft,44.3072772421609,9,identified,2,144.76016084534047,60.75581491467502,132.5517755080952,0.04740174383251365,68.74949449286659,5,3.432102710008641,True,,,
18,3000.0,435777.89636724425,4004179.7645879863,-75.71419181570587,36.18027124183275,ok,,IW3,0,15184.383128771095,772.0386197114461,154,37,3.3202607318981867,13.899661221906875,0.0,0.007733952366030337,affine_dtft,44.309884383912106,9,identified,3,125.60448904308471,66.43377431710229,127.01156821934926,0.04946939397148858,60.255118703057654,4,3.1785946328466324,True,,,
19,250.0,433221.2370538214,4003143.3756235554,-75.74253326822607,36.170755295032585,touches_land_or_unmapped,,,,,,,,,,,,,,,,,,,,,,,,,,,
19,300.0,433268.8553592138,4003158.6234755865,-75.74200512175044,36.17089603574484,touches_land_or_unmapped,,,,,,,,,,,,,,,,,,,,,,,,,,,
19,350.0,433316.4736646061,4003173.8713276177,-75.7414769733491,36.171036774145826,touches_land_or_unmapped,,,,,,,,,,,,,,,,,,,,,,,,,,,
19,400.0,433364.09196999844,4003189.119179649,-75.74094882302211,36.17117751023554,ok,93.71736377803343,IW3,0,14422.412622480615,728.8034360609288,153,37,3.3453752162355594,13.899738876899296,0.0,0.007641575866867571,affine_dtft,44.175769124238016,8,identified,1,74.78409553605995,75.96582599086884,80.3291689526001,0.07821797970905327,78.6900675259796,4,7.222151466898413,True,6.929410499165389,7.995135213152516,5.985545166909924
19,450.0,433411.71027539077,4003204.36703168,-75.74042067076951,36.171318244013904,ok,95.76097490290077,IW3,0,14437.188577574381,729.3516929788319,153,37,3.3453691357614472,13.899737427727697,0.0,0.007641596367009196,affine_dtft,44.178385423371914,9,identified,1,96.31674141123928,80.4956631055552,100.4114611907501,0.06257438376724263,78.69006752597954,1,6.467985847098647,True,7.25901771351296,8.35963072623345,6.284794902004949
19,500.0,433459.32858078316,4003219.6148837106,-75.73989251659131,36.17145897548092,ok,98.82245880295099,IW3,0,14451.964571017845,729.8999296599334,153,37,3.3453630554960543,13.899735975757743,0.0,0.007641595559434022,affine_dtft,44.181001729352744,9,identified,1,100.0878796283882,80.7498900066147,100.4114611907501,0.06257438376724263,78.69006752597954,1,6.473362908347628,True,7.770692662449502,8.925587225507263,6.749483429162863
19,550.0,433506.9468861755,4003234.862735742,-75.7393643604876,36.17159970463651,ok,104.97030389306133,IW3,0,14466.740602808311,730.4481461038245,153,37,3.3453569758912174,13.89973452650562,0.0,0.007641615390464478,affine_dtft,44.18361804218004,9,identified,1,105.93080659895499,81.54951731149202,101.89180827750278,0.06166526449375895,84.28940686250012,2,5.624785274300495,True,8.865687323571157,10.137726074721652,7.744078675732082
19,600.0,433554.5651915678,4003250.110587773,-75.7388362024584,36.171740431480686,ok,107.64356721046686,IW3,0,14481.516672944826,730.9963423105459,153,37,3.345350895855508,13.899733077094947,0.0,0.007641614423187661,affine_dtft,44.186234361853636,9,identified,1,109.62965622287308,82.64193451094269,111.06839440315186,0.05657041628217941,77.47119229084822,4,4.560173754882005,True,9.371208946870231,10.697992680281144,8.20314092608865
19,650.0,433602.18349696015,4003265.358439804,-75.73830804250372,36.1718811560134,ok,113.1612749723168,IW3,0,14496.292781428168,731.5445182797322,153,37,3.345344816625906,13.899731630586315,0.0,0.007641634550891281,affine_dtft,44.18885068837367,9,identified,1,112.3790569501425,84.27043498021062,111.06839440315186,0.05657041628217941,77.47119229084822,6,3.884367270906726,True,10.474268714520015,11.922480474737254,9.2041727103487
19,700.0,433649.80180235254,4003280.606291835,-75.73777988062365,36.17202187823458,ok,118.38291331681623,IW3,0,14511.068928253742,732.0926740110411,153,37,3.345338737225905,13.899730181637176,0.0,0.00764165390043099,affine_dtft,44.191467021739314,9,identified,2,116.3047437942286,86.67448957871083,113.77777777777767,0.05522330836388313,89.99999999999966,2,3.9504167370209555,True,11.59657127625571,13.171755363625467,10.221261500288792
19,750.0,433697.42010774487,4003295.8541438663,-75.73725171681821,36.17216259814424,ok,121.76923443618583,IW3,0,14525.845113422858,732.6408095043703,153,37,3.345332657294452,13.899728735213916,0.0,0.007641653645444065,affine_dtft,44.1940833619508,9,identified,1,120.677875988878,87.44498468231913,127.99999999999986,0.04908738521234057,89.99999999999962,1,4.849978178971373,True,12.367908175746404,14.032744893609292,10.919194137677806
19,800.0,433745.0384131372,4003311.101995897,-75.73672355108742,36.1723033157423,ok,122.31111111111099,IW3,0,14540.62133693326,733.1889247592767,153,37,3.345326579783365,13.899727289752954,0.0,0.007641673953371972,affine_dtft,44.19669970900776,9,identified,1,120.9734794349491,87.0365474746449,127.99999999999986,0.04908738521234057,89.99999999999962,1,5.432151372249631,True,12.494657968708394,14.174431971504733,11.033783905633966
19,850.0,433792.6567185295,4003326.349847928,-75.73619538343135,36.17244403102875,ok,122.31111111111098,IW3,0,14555.39759878349,733.7370197758354,153,37,3.345320501507264,13.899725845704882,0.0,0.007641673260592153,affine_dtft,44.1993160629099,9,identified,1,118.6381348696834,86.70687137196208,127.99999999999986,0.04908738521234057,89.99999999999962,1,6.327271267671295,True,12.494657968708388,14.174431971504722,11.033783905633962
19,900.0,433840.2750239219,4003341.5976999593,-75.73566721385002,36.17258474400355,ok,120.88888888888876,IW3,0,14570.173898972955,734.2850945535262,153,37,3.3453144244288793,13.899724400053827,0.0,0.007641694085388967,affine_dtft,44.20193242365715,9,identified,1,114.83953959421721,86.21912957179948,113.77777777777767,0.05522330836388313,89.99999999999966,2,5.307886785734448,True,12.163965523577186,13.804892535511364,10.73475718231351
19,950.0,433887.89332931425,4003356.8455519904,-75.73513904234349,36.172725454666654,ok,118.5185185185184,IW3,0,14584.950237499543,734.8331490921781,153,37,3.345308345711492,13.899722958390209,0.0,0.0076416922637969,affine_dtft,44.2045487912491,9,identified,1,114.6970419297504,86.38381474075622,113.77777777777767,0.05522330836388313,89.99999999999966,2,4.134460540393389,True,11.62678457676359,13.205441600362366,10.248617772540388
19,1000.0,433935.5116347066,4003372.0934040216,-75.7346108689118,36.17286616301804,ok,,IW3,0,14599.72661436211,735.3811833917124,153,37,3.3453022680921203,13.899721515499683,0.0,0.007641712968346597,affine_dtft,44.20716516568557,9,identified,1,121.65398501557226,88.80517332662495,144.8154687870047,0.04338752869295286,81.8698976458437,2,2.474812255608727,False,,,
19,1050.0,433983.1299400989,4003387.3412560527,-75.73408269355497,36.173006869057666,ok,,IW3,0,14614.50302956022,735.9291974516792,153,37,3.345296190957315,13.899720074565638,0.0,0.0076417113921660555,affine_dtft,44.20978154696648,9,identified,4,132.25421444858202,92.66187562830484,127.01156821934933,0.04946939397148855,97.12501634890134,2,2.7217815994323598,False,,,
19,1100.0,434030.7482454913,4003402.589108084,-75.73355451627303,36.17314757278548,ok,,IW3,0,14629.279483092309,736.4771912718047,153,37,3.3452901159247608,13.899718630280802,0.0,0.007641732031609984,affine_dtft,44.21239793509156,9,identified,5,131.07064953864477,93.49101000317296,139.06290592130824,0.04518232425500343,95.19442890773429,3,2.53556397955905,False,,,
19,1150.0,434078.3665508836,4003417.8369601145,-75.73302633706608,36.173288274201475,ok,127.01156821934933,IW3,0,14644.055974955956,737.0251648521147,153,37,3.3452840391076855,13.899717192025268,0.0,0.007641750858723384,affine_dtft,44.215014330060356,9,identified,1,121.1790661326224,93.0550463180482,127.01156821934933,0.04946939397148855,97.12501634890134,2,3.5318023179607274,True,13.634332214382928,15.45125277638327,12.062731683719296
19,1200.0,434125.98485627596,4003433.0848121457,-75.7324981559341,36.1734289733056,ok,127.01156821934933,IW3,0,14658.832505151528,737.5731181921515,153,37,3.3452779608395016,13.899715754438185,0.0,0.007641750963854411,affine_dtft,44.21763073187296,9,identified,1,119.32045842815552,94.02356979559316,127.01156821934933,0.04946939397148855,97.12501634890134,2,3.938491370352926,True,13.634332214382928,15.45125277638327,12.062731683719296
19,1250.0,434173.6031616683,4003448.332664177,-75.73196997287715,36.173569670097805,ok,127.01156821934933,IW3,0,14673.60907367704,738.1210512916376,153,37,3.345271883144417,13.899714313775853,0.0,0.007641771024950114,affine_dtft,44.220247140529025,9,identified,1,118.22261374228214,96.13278882643401,127.01156821934933,0.04946939397148855,97.12501634890134,2,3.8215736171382524,True,13.634332214382928,15.45125277638327,12.062731683719296
19,1300.0,434221.2214670607,4003463.580516208,-75.73144178789529,36.17371036457807,ok,127.01156821934933,IW3,0,14688.385680530437,738.6689641504292,153,37,3.3452658095021572,13.899712876559168,0.0,0.007641769566091327,affine_dtft,44.222863556028166,9,identified,1,123.90554550726618,98.50666303149143,127.01156821934933,0.04946939397148855,97.12501634890134,2,3.569607255972711,True,13.634332214382928,15.45125277638327,12.062731683719296
19,1350.0,434268.839772453,4003478.828368239,-75.73091360098854,36.17385105674637,ok,,IW3,0,14703.162325711624,739.2168567684655,153,37,3.345259732588467,13.899711438631625,0.0,0.007641789542041429,affine_dtft,44.22547997837037,9,identified,1,136.28618026521096,102.30831165479663,140.65721748345732,0.04467019481541039,105.94539590092232,2,2.960063465641822,False,,,
19,1400.0,434316.45807784534,4003494.0762202702,-75.73038541215695,36.17399174660265,ok,,IW3,0,14717.939009218688,739.7647291452124,153,37,3.345253657152059,13.899710001969675,0.0,0.007641789443044551,affine_dtft,44.22809640755531,9,identified,1,159.05721762575016,103.17614947844667,161.90861620062083,0.03880698541326606,108.4349488229214,1,2.510523178558896,False,,,
19,1450.0,434364.07638323767,4003509.324072301,-75.72985722140055,36.17413243414686,ok,,IW3,0,14732.715731050706,740.3125812803988,153,37,3.3452475817212437,13.899708567915816,0.0,0.007641810489794461,affine_dtft,44.23071284358282,9,ambiguous_multiple_blobs,3,59.76986220749831,88.81464209569087,190.15202629330105,0.03304295741496886,111.80140948635109,2,1.791961843274859,False,,,
19,1500.0,434411.69468863006,4003524.571924332,-75.72932902871938,36.17427311937901,ok,,IW3,0,14747.49249120643,740.8604131740208,153,37,3.3452415070088017,13.89970713270979,0.0,0.007641810182101221,affine_dtft,44.23332928645267,9,identified,2,59.35504216549888,89.87959035381071,60.235294117647,0.1043106935762237,89.99999999999982,2,4.217799325937837,True,,,
19,1550.0,434459.3129940224,4003539.819776363,-75.7288008341135,36.17441380229902,ok,,IW3,0,14762.269289683803,741.4082248257629,153,37,3.345235433509278,13.899705698916819,0.0,0.09611489552458834,affine_dtft,44.235945736164524,9,identified,4,58.28428878181153,91.28383077041266,111.5616687519422,0.05632028794002959,60.64224645720861,4,2.2069780817460383,False,,,
19,1600.0,434506.9312994147,4003555.0676283943,-75.72827263758293,36.174554482906885,ok,,IW3,0,14777.046126482606,741.9560162353986,153,37,3.3452293580644206,13.899704264900523,0.0,0.35156432290705675,affine_dtft,44.238562192718305,9,identified,1,109.20752214485645,63.079584337752586,103.97144730968249,0.06043183460229139,66.03751102542165,2,2.75579736301103,False,,,
19,1650.0,434554.54960480705,4003570.3154804255,-75.72774443912772,36.17469516120254,ok,,IW3,0,14791.823001601031,742.5037874025455,153,37,3.345223283805622,13.899702834430357,0.0,0.4865273586078634,affine_dtft,44.24117865611372,9,identified,1,108.14899663581012,65.42364113264642,103.97144730968249,0.06043183460229139,66.03751102542165,2,3.0259042530515736,True,,,
19,1700.0,434602.16791019944,4003585.5633324566,-75.72721623874791,36.174835837185974,ok,,IW3,0,14806.59991503783,743.0515383270803,153,37,3.345217211108482,13.899701400591079,0.0,0.5391049671425227,affine_dtft,44.243795126350534,9,identified,2,101.46313087645252,66.17109141128809,103.97144730968249,0.06043183460229139,66.03751102542165,2,3.1849286912799823,True,,,
19,1750.0,434649.78621559177,4003600.8111844873,-75.72668803644353,36.17497651085713,ok,,IW3,0,14821.376866791976,743.5992690086399,153,37,3.345211136627014,13.899699971567742,0.0,0.5175593500054407,affine_dtft,44.246411603428584,9,identified,1,156.89351096929755,100.45542189520141,168.3445630006857,0.03732336343499251,99.46232220802499,2,2.3472314967391767,False,,,
19,1800.0,434697.4045209841,4003616.0590365184,-75.72615983221465,36.175117182215985,ok,,IW3,0,14836.184789784227,744.1469606470442,154,37,3.320478021460095,13.899698539378093,0.0,0.48972816884027515,affine_dtft,44.249024498093576,9,identified,1,157.73976894728423,100.07262802906021,168.3445630006857,0.03732336343499251,99.46232220802499,2,2.661471983188464,False,,,
19,1850.0,434745.02282637643,4003631.3068885496,-75.72563162606129,36.1752578512625,ok,,IW3,0,14851.071859675663,744.6945839621895,154,37,3.320471992321668,13.899697112464214,0.0,0.5447198432259353,affine_dtft,44.251628220356366,9,identified,1,153.8290777539712,99.95186131007742,168.3445630006857,0.03732336343499251,99.46232220802499,2,2.517791734898285,False,,,
19,1900.0,434792.6411317688,4003646.5547405807,-75.72510341798346,36.17539851799665,ok,,IW3,0,14865.958968166286,745.2421870335548,154,37,3.3204659643377763,13.899695682750558,0.0,0.5391485361565361,affine_dtft,44.25423194942667,9,ambiguous_multiple_blobs,3,146.9471283651178,99.5677157481831,150.61719178612526,0.04171625584482839,101.30993247401973,3,2.0063112351953065,False,,,
19,1950.0,434840.25943716115,4003661.802592612,-75.72457520798126,36.17553918241838,ok,127.01156821934926,IW3,0,14880.846115253942,745.789769860928,154,37,3.3204599371598644,13.89969425685148,0.0,0.45282913295479,affine_dtft,44.2568356853041,9,identified,1,121.41183322202566,62.009094737080424,127.01156821934926,0.04946939397148858,60.255118703057654,2,3.577973215060157,True,13.634332214382908,15.451252776383246,12.062731683719282
19,2000.0,434887.8777425535,4003677.050444643,-75.72404699605471,36.175679844527664,ok,127.01156821934926,IW3,0,14895.733300937416,746.3373324440604,154,37,3.32045390818123,13.899692827767737,0.0,0.26557564864387323,affine_dtft,44.25943942798844,9,identified,1,120.47226630308077,61.53880522008151,127.01156821934926,0.04946939397148858,60.255118703057654,2,4.10091178012553,True,13.634332214382908,15.451252776383246,12.062731683719282
19,2050.0,434935.4960479458,4003692.298296674,-75.72351878220383,36.17582050432444,ok,127.0333074733441,IW3,0,14910.620525215929,746.8848747824869,154,37,3.3204478823657264,13.899691401310594,0.0,0.0077334187259312775,affine_dtft,44.26204317747957,9,identified,1,123.05719257439137,61.57919870014192,127.01156821934926,0.04946939397148858,60.255118703057654,2,4.39529726885027,True,13.63977533777837,15.457363800725517,12.06763959473325
19,2100.0,434983.1143533382,4003707.546148705,-75.72299056642866,36.17596116180871,ok,127.03874228684282,IW3,0,14925.507788088062,747.4323968762154,154,37,3.3204418546195353,13.89968997811499,0.0,0.007733438821614493,affine_dtft,44.264646933777215,9,identified,1,127.63313005977885,62.01622248919906,127.01156821934926,0.04946939397148858,60.255118703057654,2,3.904642867402071,True,13.641136372802375,15.45889186215793,12.068866791698264
19,2150.0,435030.7326587305,4003722.794000736,-75.72246234872927,36.17610181698043,ok,127.04780030934067,IW3,0,14940.395089552178,747.9798987251053,154,37,3.3204358292505236,13.899688552654318,0.0,0.007733438236247414,affine_dtft,44.26725069688112,9,identified,1,126.58518902005832,65.2798699241473,127.12026448932349,0.04942709435368816,65.55604521958325,3,3.203573802589559,True,13.643404990487893,15.46143890269711,12.070912314861124
19,2200.0,435078.35096412286,4003738.041852767,-75.72193412910569,36.17624246983955,ok,,IW3,0,14955.282429607165,748.5273803286965,154,37,3.320429802226361,13.899687127070772,0.0,0.007733459253175362,affine_dtft,44.269854466791074,9,ambiguous_multiple_blobs,3,117.6717101135448,68.51300998009448,119.85013472883753,0.05242535038776029,69.44395478041629,2,3.155761779611713,False,,,
19,2250.0,435125.9692695152,4003753.2897047983,-75.72140590755795,36.176383120386056,ok,,IW3,0,14970.169808251896,749.0748416869221,154,37,3.3204237754834636,13.899685707222883,0.0,0.007733478727105817,affine_dtft,44.27245824350689,9,ambiguous_multiple_blobs,3,39.707215070750976,84.80088131236488,114.4866804479891,0.05488136508625573,63.434948822921854,1,3.03571033301982,False,,,
19,2300.0,435173.5875749076,4003768.5375568294,-75.72087768408609,36.17652376861988,ok,,IW3,0,14985.05722548525,749.6222827993353,154,37,3.320417751117741,13.899684283905804,0.0,0.0077334791680612695,affine_dtft,44.275062027028355,9,identified,5,40.142951071757736,85.31319953574697,40.82955380883964,0.15388816974579012,85.42607874009903,2,4.808326954490828,True,,,
19,2350.0,435221.2058802999,4003783.7854088605,-75.72034945869017,36.176664414540994,ok,,IW3,0,14999.944681305378,750.1697036657536,154,37,3.3204117228854235,13.89968286248943,0.0,0.0077334983430031095,affine_dtft,44.27766581735517,9,identified,2,62.26329730076157,86.29385656961207,70.62068965517234,0.08897088569736727,89.99999999999979,4,2.8121323282602337,False,,,
19,2400.0,435268.82418569224,4003799.033260891,-75.7198212313702,36.176805058149384,ok,57.657195166137,IW3,0,15014.832175711164,750.7171042860774,154,37,3.320405700043144,13.899681441666928,0.0,0.007733500587192252,affine_dtft,44.28026961448712,9,identified,1,63.516856179836495,85.60184269666979,63.875365022904795,0.09836633113449177,86.42366562500249,2,3.952734802601434,True,2.509844805475949,3.0855656731661867,2.0061977235604718
19,2450.0,435316.44249108457,4003814.2811129224,-75.71929300212625,36.17694569944499,ok,,IW3,0,15029.71970870188,751.2644846598428,154,37,3.320399673771453,13.899680021071987,0.0,0.007733519971766524,affine_dtft,44.28287341842409,9,identified,4,156.82857156824423,56.456624063717754,68.26666666666658,0.09203884727313859,89.9999999999998,4,3.111402200505577,True,,,
19,2500.0,435364.06079647696,4003829.5289649535,-75.71876477095834,36.177086338427785,ok,,IW3,0,15044.607280275226,751.8118447869242,154,37,3.320393650283357,13.8996786021749,0.0,0.0077335190101746176,affine_dtft,44.28547722916567,9,ambiguous_multiple_blobs,4,155.5750389043386,56.95487708473752,161.90861620062083,0.03880698541326606,108.4349488229214,1,2.4579101509414327,False,,,
19,2550.0,435411.6791018693,4003844.7768169846,-75.71823653786653,36.177226975097746,ok,,IW3,0,15059.494890430757,752.3591846672466,154,37,3.3203876246460227,13.899677183689846,0.0,0.007733540248863626,affine_dtft,44.28808104671179,9,ambiguous_multiple_blobs,2,149.0495517460229,59.65170945172071,142.0032502336585,0.04424677109038668,56.309932474020094,1,3.5625153636849984,False,,,
19,2600.0,435459.2974072616,4003860.024669016,-75.71770830285085,36.177367609454826,ok,142.0032502336585,IW3,0,15074.382539166802,752.9065043004077,154,37,3.3203816014586782,13.899675766258449,0.0,0.007733539254301051,affine_dtft,44.290684871062155,9,identified,1,141.36889517567755,61.67256254862269,142.0032502336585,0.04424677109038668,56.309932474020094,1,4.04233945381733,True,17.81082310125285,20.18361737601584,15.80671748885225
19,2650.0,435506.91571265395,4003875.272521047,-75.71718006591134,36.17750824149898,ok,142.0032502336585,IW3,0,15089.270226482371,753.4538036861134,154,37,3.3203755773447723,13.899674349045466,0.0,0.00773355968420392,affine_dtft,44.29328870221659,9,identified,1,139.77909095837904,61.51851211521431,142.0032502336585,0.04424677109038668,56.309932474020094,1,4.419694388485394,True,17.81082310125285,20.18361737601584,15.80671748885225
19,2700.0,435554.53401804634,4003890.5203730776,-75.71665182704804,36.177648871230176,ok,142.0032502336585,IW3,0,15104.157952376094,754.0010828241104,154,37,3.3203695538031397,13.899672932988933,0.0,0.0077335811029274225,affine_dtft,44.29589254017487,9,identified,1,143.37827904725214,60.51665275407904,142.0032502336585,0.04424677109038668,56.309932474020094,1,3.995425075821158,True,17.81082310125285,20.18361737601584,15.80671748885225
19,2750.0,435602.15232343867,4003905.7682251087,-75.71612358626099,36.17778949864838,ok,144.66466449124022,IW3,0,15119.04571684637,754.5483417142636,154,37,3.320363530703435,13.899671518630294,0.0,0.0077335813636021985,affine_dtft,44.29849638493669,9,identified,1,152.05088908200136,58.802181216819065,142.0032502336585,0.04424677109038668,56.309932474020094,1,3.2398447827837513,True,18.651362950160078,21.148281031584784,16.554083633845664
19,2800.0,435649.770628831,4003921.01607714,-75.71559534355023,36.177930123753576,ok,,IW3,0,15133.933519892304,755.0955803564513,154,37,3.3203575063702555,13.899670106420098,0.0,0.007733600312946066,affine_dtft,44.30110023650191,9,identified,1,156.85047628567682,59.61675821621865,161.90861620062083,0.03880698541326606,71.56505117707769,3,2.971798582118745,False,,,
19,2850.0,435697.3889342234,4003936.263929171,-75.71506709891581,36.178070746545686,ok,140.9167439876629,IW3,0,15148.821361512295,755.6427987500435,154,37,3.3203514831914624,13.899668690308832,0.0,0.0077335996339098845,affine_dtft,44.303704094870255,9,identified,2,152.76956959377344,61.36286217461177,152.64890726398542,0.04116102381469181,63.43494882292177,2,3.3166454256606013,True,17.477086769528935,19.801865105036914,15.509348193035105
19,2900.0,435745.0072396157,4003951.511781202,-75.71453885235776,36.1782113670247,ok,140.91674398766293,IW3,0,15163.709241705199,756.1899968950837,154,37,3.3203454607461733,13.899667279023092,0.0,0.0077336205554625476,affine_dtft,44.306307960041515,9,identified,1,144.29995452669542,61.724596367224166,142.0032502336585,0.04424677109038668,56.309932474020094,1,4.63057027866948,True,17.477086769528942,19.80186510503692,15.509348193035107
19,2950.0,435792.62554500805,4003966.7596332333,-75.71401060387613,36.17835198519058,ok,140.91674398766293,IW3,0,15178.59716046969,756.7371747913426,154,37,3.320339438232576,13.89966586511279,0.0,0.00773361967657132,affine_dtft,44.30891183201546,9,identified,1,138.3965820062937,62.51392787899308,127.01156821934926,0.04946939397148858,60.255118703057654,2,3.7730309841782326,True,17.477086769528942,19.80186510503692,15.509348193035107
19,3000.0,435840.2438504004,4003982.007485264,-75.71348235347095,36.17849260104328,ok,137.00602289555542,IW3,0,15193.48511780454,757.2843324383367,154,37,3.3203334152719175,13.899664456663071,0.0,0.007733642231858614,affine_dtft,44.31151571079189,9,identified,2,126.50493618990723,65.86665439280797,142.0032502336585,0.04424677109038668,56.309932474020094,3,3.1448207173928235,True,16.31864099635941,18.481984783880584,14.474521160524228
20,250.0,433292.2213464012,4002925.26139163,-75.74172550274395,36.16879390258705,touches_land_or_unmapped,,,,,,,,,,,,,,,,,,,,,,,,,,,
20,300.0,433339.6983361837,4002940.943720577,-75.74119897591835,36.168938546698904,touches_land_or_unmapped,,,,,,,,,,,,,,,,,,,,,,,,,,,
20,350.0,433387.1753259661,4002956.6260495237,-75.74067244712131,36.16908318851414,touches_land_or_unmapped,,,,,,,,,,,,,,,,,,,,,,,,,,,
20,400.0,433434.6523157485,4002972.3083784706,-75.74014591635286,36.16922782803275,touches_land_or_unmapped,,,,,,,,,,,,,,,,,,,,,,,,,,,
20,450.0,433482.1293055309,4002987.9907074175,-75.73961938361303,36.16937246525468,ok,103.96377226155069,IW3,0,14447.739247131856,713.1843388732611,153,37,3.3454492017942448,13.899740859384984,0.0,0.007641266871791868,affine_dtft,44.18029681708751,9,identified,1,96.22652517314154,79.83757489004664,100.4114611907501,0.06257438376724263,78.69006752597954,1,5.582874849479749,True,8.680056552215357,9.932111330352734,7.575479777967411
20,500.0,433529.6062953134,4003003.6730363644,-75.73909284890188,36.16951710017989,ok,106.20507068456521,IW3,0,14462.493756773129,713.7650218522183,153,37,3.3454429589883237,13.899739401103004,0.0,0.00764126377989731,affine_dtft,44.182909232231765,9,identified,1,101.1968446406411,79.53506413615199,100.4114611907501,0.06257438376724263,78.69006752597954,1,5.430784552577941,True,9.096907693155227,10.393924648328625,7.954065327947857
20,550.0,433577.0832850958,4003019.3553653113,-75.7385663122194,36.16966173280835,ok,106.55187204106828,IW3,0,14477.248306055784,714.3456846610459,153,37,3.3454367188665195,13.89973794652916,0.0,0.0076412845278277354,affine_dtft,44.185521654451605,9,identified,1,107.57505403741052,79.19832532619495,111.06839440315186,0.05657041628217941,77.47119229084822,2,5.1505022631596935,True,9.16254934634272,10.46667590382765,8.013674229243973
20,600.0,433624.5602748782,4003035.037694258,-75.73803977356569,36.169806363140026,ok,108.92226509717821,IW3,0,14492.002894978958,714.9263272993181,153,37,3.345430479098598,13.899736491083946,0.0,0.0076412836152115506,affine_dtft,44.1881340837469,9,identified,1,109.69693590163983,77.42729214647555,112.92896595360881,0.05563838519304885,72.89727103094742,3,4.709702738522317,True,9.619565726322435,10.973437138627721,8.428616403029892
20,650.0,433672.0372646607,4003050.720023205,-75.73751323294076,36.16995099117488,ok,111.95503812041595,IW3,0,14506.757523540731,715.5069497668968,153,37,3.3454242396423517,13.899735037985927,0.0,0.007641304439135447,affine_dtft,44.190746520117315,9,identified,1,108.8726193195543,75.85436609856072,107.93907746708058,0.05821047811989909,71.56505117707775,4,4.177993377947319,True,10.226059352206928,11.64668305903138,8.979021505257839
20,700.0,433719.5142544431,4003066.402352152,-75.73698669034464,36.17009561691285,ok,115.34135923978553,IW3,0,14521.512191740238,716.0875520633681,153,37,3.3454180005247296,13.899733583538346,0.0,0.007641324746579853,affine_dtft,44.19335896356267,9,identified,1,108.62013015713197,70.02509758262929,112.26342647129964,0.05596823030148554,74.74488129694195,5,3.406320328387911,True,10.933243667692777,12.432921368007223,9.620322000487988
20,750.0,433766.99124422553,4003082.0846810993,-75.73646014577739,36.17024024035394,ok,118.35556604906375,IW3,0,14536.266899576312,716.6681341886804,153,37,3.345411761339647,13.899732131613016,0.0,0.007641324109341354,affine_dtft,44.19597141408279,9,identified,2,123.25211796747247,84.64216710186028,115.57532630693886,0.05436441763091401,73.610459665965,4,3.5899404751106854,True,11.590484920814594,13.164969766525621,10.21575051204136
20,800.0,433814.46823400795,4003097.767010046,-75.73593359923903,36.17038486149809,ok,119.5233061112032,IW3,0,14551.02164704815,717.2486961424569,153,37,3.345405522814848,13.89973068139089,0.0,0.007641342356392811,affine_dtft,44.19858387167752,9,identified,1,124.24398545570824,85.79685903201502,127.99999999999986,0.04908738521234057,89.99999999999962,1,4.294130187885604,True,11.85238955976765,13.45707671282133,10.452843764427948
20,850.0,433861.9452237904,4003113.449338993,-75.7354070507296,36.170529480345266,ok,119.82617637249878,IW3,0,14565.776434153891,717.8292379244855,153,37,3.3453992843834275,13.899729230113211,0.0,0.007641342714433836,affine_dtft,44.20119633634653,9,identified,1,120.67958921008082,86.37475800553568,127.99999999999986,0.04908738521234057,89.99999999999962,1,5.523801983205928,True,11.920996914627532,13.53363455795938,10.514933464770662
20,900.0,433909.42221357283,4003129.13166794,-75.73488050024918,36.170674096895425,ok,122.2226825221799,IW3,0,14580.531260891938,718.4097595345097,153,37,3.3453930462906363,13.899727779978447,0.0,0.007641362439501323,affine_dtft,44.20380880808954,9,identified,1,115.10440308496636,86.12893922041293,113.77777777777767,0.05522330836388313,89.99999999999966,2,4.92851757998209,True,12.473909952173628,14.151234710505351,11.015028387884383
20,950.0,433956.89920335525,4003144.813996887,-75.73435394779774,36.17081871114854,ok,120.77835315272492,IW3,0,14595.286127262036,718.9902609723073,153,37,3.345386809441058,13.8997263314372,0.0,0.007641362835131935,affine_dtft,44.206421286906505,9,identified,1,113.67397071670715,90.2176497751779,113.77777777777767,0.05522330836388313,89.99999999999966,2,4.05440358230604,True,12.138530284125702,13.776485949693566,10.711749563559982
20,1000.0,434004.37619313766,4003160.4963258337,-75.73382739337538,36.17096332310457,ok,118.3711375369666,IW3,0,14610.041033262456,719.5707422375659,153,37,3.3453805707185,13.89972488258497,0.0,0.007641383098990502,affine_dtft,44.20903377279711,9,identified,1,118.40386445836472,88.49668319422133,127.55785705534446,0.04925753263833411,85.23635830927351,3,3.016028594982166,True,11.593950205427388,13.168833151347043,10.218888216614863
20,1050.0,434051.85318292014,4003176.1786547806,-75.73330083698211,36.17110793276349,ok,,IW3,0,14624.795978891634,720.1512033301323,153,37,3.345374334212818,13.899723434590975,0.0,0.0076414016971354925,affine_dtft,44.211646265761104,9,identified,1,125.1578757482902,91.93402013644781,127.99999999999986,0.04908738521234057,89.99999999999962,1,2.939573504041078,False,,,
20,1100.0,434099.33017270255,4003191.8609837275,-75.73277427861798,36.171252540125245,ok,,IW3,0,14639.55096414841,720.7316442496985,153,37,3.345368099444568,13.899721987931668,0.0,0.007641401258565156,affine_dtft,44.21425876579825,9,identified,2,125.01767818003842,94.43208131813262,116.77991750702667,0.05380364570647625,98.74616226255486,3,2.90262349447154,False,,,
20,1150.0,434146.80716248497,4003207.5433126744,-75.73224771828299,36.17139714518979,ok,113.08188270064278,IW3,0,14654.305989032644,721.3120649959299,153,37,3.3453618594419483,13.899720543427998,0.0,0.007641421302224813,affine_dtft,44.21687127290855,9,identified,1,118.83522767071507,94.36083422586367,113.08188270064278,0.05556314731523188,96.34019174590951,4,3.3383240508972962,True,10.457807571424011,11.90418455888944,9.18924286285869
20,1200.0,434194.28415226744,4003223.2256416213,-75.73172115597724,36.17154174795713,ok,114.00639140223875,IW3,0,14669.061053542055,721.8924655688027,153,37,3.3453556229669283,13.899719098144356,0.0,0.007641419942967075,affine_dtft,44.21948378709158,9,identified,1,117.01474353625673,94.4927781524741,113.08188270064278,0.05556314731523188,96.34019174590951,4,3.7703670427062517,True,10.650591570664583,12.118503575116044,9.36407359170918
20,1250.0,434241.76114204986,4003238.907970568,-75.73119459170073,36.17168634842718,ok,112.49920315330606,IW3,0,14683.81615767542,722.4728459678508,153,37,3.345349386336256,13.89971765316617,0.0,0.007641440351939913,affine_dtft,44.22209630834715,9,identified,1,116.20298390580501,96.00292960676468,113.08188270064278,0.05556314731523188,96.34019174590951,4,3.5973601374983644,True,10.337533158409528,11.770526604770158,9.080147835660483
20,1300.0,434289.2381318323,4003254.590299515,-75.73066802545351,36.171830946599925,ok,112.35353326647187,IW3,0,14698.571301431895,723.0532061928686,153,37,3.345343149871723,13.89971620786971,0.0,0.007641461259591296,affine_dtft,44.22470883667508,9,identified,1,117.58145700169749,97.28044018774227,116.77991750702667,0.05380364570647625,98.74616226255486,3,3.4153315063850824,True,10.307611989400312,11.737281993910807,9.053005365930488
20,1350.0,434336.7151216147,4003270.272628462,-75.73014145723563,36.17197554247534,ok,99.14188612072293,IW3,0,14713.326484809777,723.6335462437069,153,37,3.3453369142707667,13.899714766841747,0.0,0.007641460783244129,affine_dtft,44.227321372075096,9,identified,1,120.53870456006892,99.58566588649252,106.47045015757529,0.059013419196411114,98.97262661489604,4,3.177266000799649,True,7.825339687700306,8.986044457112591,6.799118683820777
20,1400.0,434384.19211139716,4003285.954957409,-75.7296148870471,36.172120136053366,ok,,IW3,0,14728.081707808173,724.2138661201108,153,37,3.3453306800280016,13.899713325668685,0.0,0.007641481197675133,affine_dtft,44.22993391454702,9,identified,3,154.7317451506423,67.04038312136883,105.21535187542854,0.059717381495988035,99.46232220802524,5,2.810836837060716,False,,,
20,1450.0,434431.6691011796,4003301.6372863557,-75.729088314888,36.172264727333975,ok,75.6470127976231,IW3,0,14742.836970425566,724.794165821674,153,37,3.3453244445103314,13.899711882998805,0.0,0.007641480264680743,affine_dtft,44.23254646409059,9,identified,2,60.645950434073995,90.16530750413284,60.235294117647,0.1043106935762237,89.99999999999982,2,4.679304895328736,True,4.40199696971226,5.197429315664944,3.6976588419940235
20,1500.0,434479.146090962,4003317.3196153026,-75.72856174075832,36.17240931631713,ok,,IW3,0,14757.592272661535,725.3744453482509,153,37,3.3453182093466154,13.899710441178156,0.0,0.007641498955102475,affine_dtft,44.23515902070574,9,identified,2,60.44983547738764,91.21626825193378,60.235294117647,0.1043106935762237,89.99999999999982,2,4.449511106361075,True,,,
20,1550.0,434526.62308074447,4003333.0019442495,-75.72803516465812,36.1725539030028,ok,,IW3,0,14772.347614514338,725.9547046996156,153,37,3.3453119724403244,13.899709003425292,0.0,0.280191111577321,affine_dtft,44.23777158439215,9,identified,2,59.38367397158432,90.67605474646504,123.72420471402005,0.05078380032187505,64.9831065218998,4,2.6384451367158137,False,,,
20,1600.0,434574.1000705269,4003348.6842731964,-75.72750858658746,36.172698487390946,ok,,IW3,0,14787.102995982226,726.5349438754951,153,37,3.3453057392531838,13.899707564920126,0.0,0.4568718325984474,affine_dtft,44.24038415514953,9,identified,1,109.45295877173558,64.13633056776567,103.97144730968249,0.06043183460229139,66.03751102542165,2,2.9918093106418087,False,,,
20,1650.0,434621.5770603093,4003364.3666021433,-75.72698200654636,36.172843069481516,ok,,IW3,0,14801.85841706386,727.1151628755993,153,37,3.3452995045994802,13.899706126445025,0.0,0.5305048790650213,affine_dtft,44.24299673297762,9,identified,1,107.08877935706747,65.61251386954774,103.97144730968249,0.06043183460229139,66.03751102542165,2,3.0457927938818115,True,,,
20,1700.0,434669.0540500917,4003380.04893109,-75.72645542453486,36.17298764927448,ok,,IW3,0,14816.613877759433,727.6953616996926,153,37,3.3452932715377197,13.899704687374307,0.0,0.5314295256850671,affine_dtft,44.24560931787647,9,identified,1,101.37120609592391,66.7597123779324,103.97144730968249,0.06043183460229139,66.03751102542165,2,3.2815748161213896,True,,,
20,1750.0,434716.5310398742,4003395.731260037,-75.725928840553,36.173132226769816,ok,,IW3,0,14831.369378066274,728.2755403475679,153,37,3.3361531866858245,13.899703251285956,0.0,0.47221402415908315,affine_dtft,44.24822190984561,9,identified,2,97.61122996253256,68.06959989640836,168.3445630006857,0.03732336343499251,99.46232220802499,2,1.8601624475575775,False,,,
20,1800.0,434764.0080296566,4003411.413588984,-75.72540225460081,36.17327680196748,ok,,IW3,0,14846.230103358628,728.8556348904197,154,37,3.320553198400823,13.89970181403272,0.0,0.5323713083317794,affine_dtft,44.25082230386199,9,ambiguous_multiple_blobs,5,166.73585963593948,95.7160854001774,168.3445630006857,0.03732336343499251,99.46232220802499,2,1.9351669357578947,False,,,
20,1850.0,434811.485019439,4003427.095917931,-75.72487566667836,36.17342137486743,ok,,IW3,0,14861.09556466708,729.4357064021124,154,37,3.3205470123602825,13.899700379871398,0.0,0.54932052660217,affine_dtft,44.25342216000777,9,identified,4,35.814371619023056,83.99936993097974,35.567373668927125,0.17665586910255315,84.68545433005517,3,6.528866375545885,True,,,
20,1900.0,434858.96200922143,4003442.7782468777,-75.72434907678564,36.17356594546963,ok,,IW3,0,14875.961065879299,730.0157577366797,154,37,3.320540825392786,13.899698946199992,0.0,0.4922479564438865,affine_dtft,44.25602202318919,9,identified,3,36.416672147643844,83.55463207833445,114.4866804479891,0.05488136508625573,63.434948822921854,3,2.3693899612934333,False,,,
20,1950.0,434906.4389990039,4003458.4605758246,-75.72382248492274,36.17371051377405,ok,104.15051958174372,IW3,0,14890.82660699292,730.5957888937974,154,37,3.3205346379354164,13.89969751304617,0.0,0.34096802266512655,affine_dtft,44.25862189340581,9,identified,1,126.06629429916028,60.955834130239694,127.01156821934926,0.04946939397148858,60.255118703057654,2,3.403176967246501,True,8.714305745702598,9.970043180863186,7.6065873992245665
20,2000.0,434953.9159887863,4003474.1429047715,-75.72329589108965,36.17385507978063,ok,127.01156821934926,IW3,0,14905.692188007555,731.1757998731836,154,37,3.3205284526209815,13.899696080842077,0.0,0.07531487989711536,affine_dtft,44.26122177065757,9,identified,1,122.26945487012912,60.760939521166364,127.01156821934926,0.04946939397148858,60.255118703057654,2,4.341107875430195,True,13.634332214382908,15.451252776383246,12.062731683719282
20,2050.0,435001.39297856874,4003489.8252337184,-75.72276929528645,36.17399964348937,ok,127.01156821934926,IW3,0,14920.557808920885,731.7557906747464,154,37,3.320522267747968,13.89969464821759,0.0,0.00773310789551893,affine_dtft,44.26382165494408,9,identified,1,122.6706019840421,61.05392539968861,127.01156821934926,0.04946939397148858,60.255118703057654,2,4.618388109536892,True,13.634332214382908,15.451252776383246,12.062731683719282
20,2100.0,435048.8699683512,4003505.5075626653,-75.72224269751317,36.1741442049002,ok,127.01156821934926,IW3,0,14935.423469732517,732.3357612981494,154,37,3.3205160818598016,13.899693216092293,0.0,0.007733127082577606,affine_dtft,44.26642154626525,9,identified,1,124.36239708646532,61.7340243125517,127.01156821934926,0.04946939397148858,60.255118703057654,2,4.06582143547206,True,13.634332214382908,15.451252776383246,12.062731683719282
20,2150.0,435096.3469581336,4003521.189891612,-75.72171609776983,36.17428876401309,ok,,IW3,0,14950.28917044106,732.9157117430044,154,37,3.320509896355589,13.899691786608367,0.0,0.007733126419528331,affine_dtft,44.26902144462086,9,ambiguous_multiple_blobs,2,121.95779642739181,64.91087022645966,114.4866804479891,0.05488136508625573,63.434948822921854,1,3.200648980858841,False,,,
20,2200.0,435143.82394791604,4003536.872220559,-75.72118949605647,36.17443332082803,ok,,IW3,0,14965.15491104534,733.4956420093879,154,37,3.320503709690503,13.899690356870044,0.0,0.007733146732320193,affine_dtft,44.27162135001068,9,identified,5,22.181052663833984,85.73010677504718,115.12806742976424,0.054575616940784194,77.00538320808323,3,2.758833159098651,False,,,
20,2250.0,435191.30093769846,4003552.5545495064,-75.72066289237317,36.17457787534496,ok,,IW3,0,14980.020691543255,734.0755520968191,154,37,3.320497527119532,13.89968892717117,0.0,0.007733168184767987,affine_dtft,44.27422126243437,9,identified,3,22.052545940864647,85.31286110600503,33.96393609250092,0.18499579348127687,84.28940686250027,2,5.27755547228496,True,,,
20,2300.0,435238.7779274809,4003568.2368784533,-75.72013628671992,36.174722427563836,ok,47.531928865816646,IW3,0,14994.886511934996,734.6554420050139,154,37,3.320491338934149,13.899687499084738,0.0,0.007733167511667352,affine_dtft,44.27682118189193,9,identified,4,40.106874828454046,85.87659780811961,40.365183838282455,0.15565853316442957,86.98721249581654,3,4.872623315902826,True,1.6920987543535422,2.1586437974360453,1.2903180981333677
20,2350.0,435286.25491726334,4003583.9192074,-75.71960967909679,36.174866977484626,ok,,IW3,0,15009.752372217717,735.2353117338481,154,37,3.3204851567514697,13.899686071772928,0.0,0.007733188042804637,affine_dtft,44.2794211083829,9,identified,4,41.0548630825001,86.48734165302548,70.62068965517234,0.08897088569736727,89.99999999999979,4,2.68456797499628,False,,,
20,2400.0,435333.73190704576,4003599.601536347,-75.7190830695038,36.17501152510731,ok,58.450475664452135,IW3,0,15024.61827239172,735.8151612829932,154,37,3.32047897110826,13.899684645244953,0.0,0.00773318764501137,affine_dtft,44.282021041907306,9,identified,2,63.44928647100227,86.13338734569514,68.26666666666658,0.09203884727313859,89.9999999999998,4,3.3836146125548248,True,2.5811948714793065,3.165846074359672,2.069279922208953
20,2450.0,435381.2088968282,4003615.283865294,-75.71855645794098,36.17515607043183,ok,92.32983112957749,IW3,0,15039.48421245476,736.3949906522558,154,37,3.3204727883672938,13.899683219869685,0.0,0.007733208081992103,affine_dtft,44.28462098246477,9,identified,3,156.9914299880973,55.1921955959311,66.71957648840737,0.09417303942676104,87.51044707800068,3,3.2889273632487948,True,6.710953768043417,7.753568572648373,5.787265908153434
20,2500.0,435428.68588661065,4003630.966194241,-75.7180298444084,36.17530061345816,ok,,IW3,0,15054.350192405996,736.9747998413219,154,37,3.320466601989274,13.899681793329812,0.0,0.007733208126116446,affine_dtft,44.28722093005514,9,ambiguous_multiple_blobs,3,153.56297411003553,55.54473045540218,142.0032502336585,0.04424677109038668,56.309932474020094,1,3.2545332310356776,False,,,
20,2550.0,435476.16287639306,4003646.6485231877,-75.71750322890608,36.175445154186264,ok,123.18233179734571,IW3,0,15069.216212244293,737.5545888500063,154,37,3.320460420027715,13.899680370783043,0.0,0.0077332289893994365,affine_dtft,44.28982088467822,9,identified,1,147.06928624266376,58.44290174918389,142.0032502336585,0.04424677109038668,56.309932474020094,1,3.316970268905338,True,12.700412213386631,14.404563466656652,11.219735930050474
20,2600.0,435523.6398661755,4003662.3308521346,-75.71697661143408,36.17558969261609,ok,142.0032502336585,IW3,0,15084.08227196745,738.1343576780067,154,37,3.3204542370509995,13.899678947549932,0.0,0.00773324898197095,affine_dtft,44.29242084633363,9,identified,1,140.45840892285563,60.84013583546773,142.0032502336585,0.04424677109038668,56.309932474020094,1,4.028039028810234,True,17.81082310125285,20.18361737601584,15.80671748885225
20,2650.0,435571.11685595795,4003678.0131810815,-75.7164499919924,36.175734228747636,ok,142.0032502336585,IW3,0,15098.948371575598,738.7141063251688,154,37,3.3204480525951108,13.899677524916243,0.0,0.007733248900094126,affine_dtft,44.295020815021374,9,identified,1,139.56621182037443,61.172009594021524,142.0032502336585,0.04424677109038668,56.309932474020094,1,4.372815360465699,True,17.81082310125285,20.18361737601584,15.80671748885225
20,2700.0,435618.59384574037,4003693.6955100284,-75.71592337058111,36.17587876258082,ok,144.13238163972386,IW3,0,15113.814511066432,739.2938347910973,154,37,3.3204418711986152,13.899676103223218,0.0,0.007733268101134848,affine_dtft,44.29762079074108,9,identified,1,143.13129992004122,60.59384460809282,142.0032502336585,0.04424677109038668,56.309932474020094,1,4.064056234418759,True,18.48057471187647,20.951891915440925,16.402414694028337
20,2750.0,435666.0708355228,4003709.3778389753,-75.71539674720024,36.17602329411564,ok,146.26151304578926,IW3,0,15128.680690439121,739.8735430756929,154,37,3.3204356877983074,13.899674682407706,0.0,0.007733267052860933,affine_dtft,44.30022077349257,9,identified,1,151.0268795385188,59.6296940766306,142.0032502336585,0.04424677109038668,56.309932474020094,1,3.5812038825663297,True,19.17202704931671,21.748234265015395,17.015852633079376
20,2800.0,435713.5478253052,4003725.060167922,-75.71487012184984,36.17616782335204,ok,143.2631766429274,IW3,0,15143.54690969256,740.4532311785568,154,37,3.320429507663778,13.899673260996767,0.0,0.007733289302961139,affine_dtft,44.30282076327568,9,identified,1,153.0347269260556,60.53714774317366,152.64890726398542,0.04116102381469181,63.43494882292177,2,3.424312282030283,True,18.20458925999448,20.634951100217336,16.157121228368393
20,2850.0,435761.0248150877,4003740.742496869,-75.71434349452993,36.17631235029,ok,140.26484024006555,IW3,0,15158.413168825622,741.0328990996053,154,37,3.3204233246363946,13.899671842393321,0.0,0.00773330730809212,affine_dtft,44.3054207600902,9,identified,1,147.04070038844745,62.3877668552897,152.64890726398542,0.04116102381469181,63.43494882292177,2,3.9801185381845916,True,17.279382219190765,19.57604299183384,15.33302452465918
20,2900.0,435808.5018048701,4003756.424825816,-75.71381686524056,36.17645687492945,ok,134.7615262829317,IW3,0,15173.279467835893,741.6125468384288,154,37,3.3204171431429224,13.899670422909942,0.0,0.007733309117715474,affine_dtft,44.30802076393571,9,identified,1,137.53265927526158,63.57524247685286,127.01156821934926,0.04946939397148858,60.255118703057654,2,5.038733246868465,True,15.682579756258523,17.760536214291193,13.904700203656562
20,2950.0,435855.9787946525,4003772.107154763,-75.71329023398175,36.1766013972704,ok,130.28968103766826,IW3,0,15188.145806723891,742.1921743949412,154,37,3.32041096154996,13.899669005120804,0.0,0.007733328598291123,affine_dtft,44.3106207748123,9,identified,1,126.59584387439989,66.15450411938374,127.01156821934926,0.04946939397148858,60.255118703057654,2,4.26922742544059,True,14.473825704506872,16.39531360671104,12.818899403345732
20,3000.0,435903.4557844349,4003787.7894837097,-75.71276360075358,36.17674591731277,ok,122.83660562889588,IW3,0,15203.012185487389,742.7717817686903,154,37,3.3204047817096107,13.899667588290853,0.0,0.0077333287488212995,affine_dtft,44.31322079271958,9,identified,1,116.6563333278013,67.69628734455407,114.4866804479891,0.05488136508625573,63.434948822921854,1,4.961969826282438,True,12.618470822508645,14.312894470238954,11.14569018006231
21,250.0,433365.0928338802,4002707.0474724607,-75.74089678816371,36.166831734747575,touches_land_or_unmapped,,,,,,,,,,,,,,,,,,,,,,,,,,,
21,300.0,433412.4762483004,4002723.0103054764,-75.74037133696011,36.166978897420485,touches_land_or_unmapped,,,,,,,,,,,,,,,,,,,,,,,,,,,
21,350.0,433459.8596627205,4002738.973138492,-75.7398458837559,36.167126057806485,touches_land_or_unmapped,,,,,,,,,,,,,,,,,,,,,,,,,,,
21,400.0,433507.2430771407,4002754.935971508,-75.73932042855112,36.16727321590556,ok,96.25800884403675,IW3,0,14444.128516541927,696.3410953537951,153,37,3.345535853596136,13.899745717281926,0.0,0.007640916277394999,affine_dtft,44.17970112047857,7,identified,1,86.58609577451426,80.06538950026557,87.95110415061004,0.07143952731304062,76.75948008481264,3,6.573892068947068,True,7.340616086775347,8.449873383409612,6.358890781032777
21,450.0,433554.62649156083,4002770.8988045235,-75.7387949713458,36.16742037171765,ok,99.96060523381553,IW3,0,14458.868312907189,696.9427659596482,153,37,3.3455295089428403,13.899744259055526,0.0,0.00764091451611706,affine_dtft,44.18231087418725,8,identified,1,95.97660012539413,79.62036706715506,100.4114611907501,0.06257438376724263,78.69006752597954,1,6.034197698369026,True,7.966508237125095,9.14223669552373,6.927343745684833
21,500.0,433602.009905981,4002786.861637539,-75.73826951213996,36.167567525242724,ok,101.55629968046853,IW3,0,14473.608149741418,697.5444164410941,153,37,3.3455231658083093,13.899742798685711,0.0,0.0076409345072985845,affine_dtft,44.18492063511803,8,identified,1,101.52804843952985,79.29433710269153,100.4114611907501,0.06257438376724263,78.69006752597954,1,5.590413442254519,True,8.24625614591892,9.451824814361228,7.181449819539197
21,550.0,433649.39332040114,4002802.824470555,-75.73774405093369,36.16771467648075,ok,105.55389434376264,IW3,0,14488.348027043736,698.146046797687,153,37,3.3455168219656186,13.899741343209106,0.0,0.00764095457594474,affine_dtft,44.18753040327075,8,identified,1,108.33306018113727,78.69637879367188,111.06839440315186,0.05657041628217941,77.47119229084822,2,5.362127244010239,True,8.97448628253139,10.258265972140707,7.8428892427281305
21,600.0,433696.7767348213,4002818.7873035707,-75.73721858772697,36.167861825431665,ok,106.1361103371793,IW3,0,14503.08794481273,698.7476570290861,153,37,3.345510480063884,13.899739882921681,0.0,0.007640954115569859,affine_dtft,44.190140178645166,8,identified,1,110.15459000882831,75.87902485974365,107.93907746708058,0.05821047811989909,71.56505117707775,4,4.715725023535656,True,9.083891831165781,10.379500042710388,7.942245415405175
21,650.0,433744.1601492415,4002834.7501365864,-75.7366931225199,36.168008972095464,ok,109.16888336041707,IW3,0,14517.827903046795,699.3492471352989,153,37,3.345504136085815,13.899738425237782,0.0,0.0076409740457418825,affine_dtft,44.19274996124099,8,identified,1,109.52879333942973,69.85934552219068,107.93907746708058,0.05821047811989909,71.56505117707775,4,4.8929530128202785,True,9.66796160070563,11.027127361282718,8.472548269086255
21,700.0,433791.54356366163,4002850.712969602,-75.73616765531244,36.16815611647209,ok,111.79085248350717,IW3,0,14532.567901746046,699.9508171157981,153,37,3.345497794921911,13.899736969805764,0.0,0.0076409726718342135,affine_dtft,44.195359751058255,8,identified,1,107.39086445736301,68.86657443616572,103.32254115783341,0.06081137026606343,70.34617594194648,3,4.021976294023816,True,10.192585856321244,11.60950152536771,8.9486526391884
21,750.0,433838.9269780818,4002866.675802618,-75.73564218610468,36.16830325856154,ok,113.76420144748224,IW3,0,14547.307940908544,700.5523669707381,153,37,3.345491453019307,13.899735513490796,0.0,0.007640992931308252,affine_dtft,44.1979695480966,8,identified,1,108.65937945312955,69.28628808250676,115.57532630693886,0.05436441763091401,73.610459665965,4,4.076744763451184,True,10.59985605911092,12.062090553623388,9.318067100537371
21,800.0,433886.31039250194,4002882.6386356335,-75.73511671489668,36.168450398363724,ok,115.73755041145732,IW3,0,14562.048020532218,701.1538966994239,153,37,3.3454851123749583,13.899734060524004,0.0,0.007641012907657348,affine_dtft,44.200579352355675,8,identified,2,121.1685543018227,83.55016706615133,124.17824001860234,0.05059811852896565,75.96375653207325,3,3.9377814299958733,True,11.018113323765672,12.527375145706042,9.697243653044676
21,850.0,433933.6938069221,4002898.601468649,-75.73459124168842,36.16859753587863,ok,118.63420663728186,IW3,0,14576.788140617218,701.7554063017562,153,37,3.345478770570518,13.899732604944846,0.0,0.007641013906830808,affine_dtft,44.2031891638355,8,identified,2,118.2440063881881,84.90701509072686,117.80582228695603,0.0533350999568999,85.60129464500419,3,5.0458651684256,True,11.65260410939495,13.234231436527342,10.271994639430396
21,900.0,433981.0772213423,4002914.564301665,-75.73406576647997,36.16874467110624,ok,121.11914137589406,IW3,0,14591.528301161452,702.3568957776492,153,37,3.34547242847938,13.899731154275809,0.0,0.007641033307034889,affine_dtft,44.20579898253571,8,identified,1,113.63291907028065,88.82180017130172,117.80582228695603,0.0533350999568999,85.60129464500419,3,5.090798877148208,True,12.217071235842557,13.864209598268706,10.782790714090916
21,950.0,434028.4606357624,4002930.5271346807,-75.73354028927136,36.168891804046474,ok,121.88349337217358,IW3,0,14606.26850216428,702.9583651265327,153,37,3.3454660874703515,13.899729700609198,0.0,0.007641033170593848,affine_dtft,44.20840880845618,8,identified,1,114.1422487983422,85.39269852775948,117.80582228695603,0.0533350999568999,85.60129464500419,3,4.57251589865242,True,12.394556780138316,14.062529018630588,10.943288553184134
21,1000.0,434075.8440501826,4002946.4899676964,-75.73301481006263,36.16903893469933,ok,122.90291114347795,IW3,0,14621.008743624174,703.5598143484143,153,37,3.3454597464663465,13.899728247623377,0.0,0.007641053063828713,affine_dtft,44.21101864159665,8,identified,1,121.44538546573222,88.31858016998603,127.99999999999986,0.04908738521234057,89.99999999999962,1,3.1978439255126534,True,12.634156181602542,14.330439905758384,11.159865115412803
21,1050.0,434123.22746460274,4002962.452800712,-75.73248932885383,36.16918606306476,ok,122.6464349484956,IW3,0,14635.749025539517,704.1612434429263,153,37,3.345453406252764,13.89972679725796,0.0,0.007641071174633087,affine_dtft,44.21362848195683,8,identified,1,128.74121527086658,91.87320322988471,127.99999999999986,0.04908738521234057,89.99999999999962,1,3.039662819361777,True,12.573562101345129,14.262665372412506,11.105103419254865
21,1100.0,434170.6108790229,4002978.415633728,-75.73196384564496,36.169333189142726,ok,,IW3,0,14650.48934791071,704.7626524098542,153,37,3.3454470660595135,13.89972534924666,0.0,0.007641070477475917,affine_dtft,44.21623832953679,8,identified,2,129.46330144082353,94.1996311958883,127.01156821934933,0.04946939397148855,97.12501634890134,2,2.899186043486004,False,,,
21,1150.0,434217.9942934431,4002994.3784667435,-75.7314383604361,36.16948031293318,ok,117.73592072707802,IW3,0,14665.229710734462,705.36404124888,153,37,3.3454407259287673,13.899723897400285,0.0,0.007641091165934441,affine_dtft,44.21884818433596,8,identified,1,120.76119631629065,94.10477255527854,116.77991750702667,0.05380364570647625,98.74616226255486,3,3.560012837042737,True,11.453179131900656,13.011921891058723,10.091409790605665
21,1200.0,434265.3777078632,4003010.341299759,-75.73091287322727,36.1696274344361,ok,114.93090010383472,IW3,0,14679.970114010459,705.9654099597789,153,37,3.34543438733216,13.899722450382075,0.0,0.007641090653991498,affine_dtft,44.22145804635427,8,identified,1,117.69711421436148,94.31397707550212,113.08188270064278,0.05556314731523188,96.34019174590951,4,4.094298085796051,True,10.845794785181583,12.335619624676765,9.541052828185338
21,1250.0,434312.7611222834,4003026.304132775,-75.7303873840185,36.16977455365145,ok,115.3007035844731,IW3,0,14694.710557737959,706.5667585424092,153,37,3.345428046904562,13.899721001836971,0.0,0.0076411116087041035,affine_dtft,44.224067915591604,8,identified,1,116.74568824483063,95.54997883263474,113.08188270064278,0.05556314731523188,96.34019174590951,4,3.916660876787694,True,10.924560300569999,12.423258629542158,9.612451292403007
21,1300.0,434360.14453670353,4003042.2669657907,-75.72986189280986,36.16992167057917,ok,114.93090010383472,IW3,0,14709.45104191462,707.1680869962987,153,37,3.3454217041401093,13.899719554534924,0.0,0.0076411319752566886,affine_dtft,44.226677792047525,8,identified,1,117.30296939147895,96.67635850880332,116.77991750702667,0.05380364570647625,98.74616226255486,3,3.585965973324393,True,10.845794785181583,12.335619624676765,9.541052828185338
21,1350.0,434407.5279511237,4003058.2297988064,-75.72933639960135,36.17006878521925,ok,115.54723923823202,IW3,0,14724.19156654081,707.7693953213662,153,37,3.345415368701185,13.899718108462718,0.0,0.007641131417066906,affine_dtft,44.22928767572212,8,identified,1,122.2875001005815,99.5225802451686,116.77991750702667,0.05380364570647625,98.74616226255486,3,3.6717832726209845,True,10.977289397280883,12.481938364968157,9.66024405643937
21,1400.0,434454.91136554384,4003074.192631822,-75.72881090439303,36.17021589757164,ok,,IW3,0,14738.93213161399,708.3706835173139,153,37,3.345409030051485,13.899716663358161,0.0,0.007641149265253034,affine_dtft,44.23189756661493,8,identified,4,151.22908759672606,58.74854807118797,111.06839440315186,0.05657041628217941,102.52880770915111,4,2.7820513585659405,False,,,
21,1450.0,434502.294779964,4003090.155464838,-75.72828540718493,36.170363007636304,ok,,IW3,0,14753.67273713327,708.9719515839446,153,37,3.345402692031441,13.899715222050654,0.0,0.007641149213327166,affine_dtft,44.23450746472581,8,identified,4,165.03016850746326,59.20496869192065,162.8156743689765,0.03859078882626799,57.994616791916336,3,2.5083451859979125,False,,,
21,1500.0,434549.6781943842,4003106.1182978535,-75.72775990797709,36.17051011541319,ok,,IW3,0,14768.413383097466,709.57319952074,153,37,3.3453963533763633,13.899713774921526,0.0,0.2134024110297759,affine_dtft,44.23711737005454,8,ambiguous_multiple_blobs,2,61.20666383249443,91.07829021419799,152.64890726398542,0.04116102381469181,63.43494882292177,2,2.701576146150837,False,,,
21,1550.0,434597.06160880433,4003122.081130869,-75.72723440676954,36.17065722090229,ok,,IW3,0,14783.154069505921,710.1744273278306,153,37,3.345390015715023,13.899712332695485,0.0,0.4204827996544596,affine_dtft,44.239727282600995,8,identified,2,129.74483013198517,60.79158578396663,111.5616687519422,0.05632028794002959,60.64224645720861,4,2.645889313967546,False,,,
21,1600.0,434644.4450232245,4003138.043963885,-75.72670890356233,36.17080432410356,ok,107.47652502245137,IW3,0,14797.894796356792,710.7756350048359,153,37,3.3453836780586474,13.899710890872853,0.0,0.5178205972006598,affine_dtft,44.24233720236488,8,identified,1,110.73615064576266,63.45796892552304,114.4866804479891,0.05488136508625573,63.434948822921854,1,3.583786572921293,True,9.33908124286294,10.6623705767689,8.17397010730577
21,1650.0,434691.82843764464,4003154.0067969006,-75.7261833983555,36.170951425016916,ok,107.47652502245137,IW3,0,14812.635563648533,711.3768225511257,153,37,3.3453773417333554,13.899709450384602,0.0,0.5382321303498551,affine_dtft,44.24494712934589,8,identified,1,107.09945211790529,65.28234544654295,103.97144730968249,0.06043183460229139,66.03751102542165,2,3.2469146546476866,True,9.33908124286294,10.6623705767689,8.17397010730577
21,1700.0,434739.2118520648,4003169.9696299164,-75.72565789114907,36.17109852364238,ok,107.47652502245137,IW3,0,14827.376371380871,711.9779899669425,153,37,3.3453710035042996,13.899708006990192,0.0,0.49290882220023746,affine_dtft,44.24755706354398,8,identified,1,101.82857332170961,66.37305925459445,103.97144730968249,0.06043183460229139,66.03751102542165,2,3.3242578486850207,True,9.33908124286294,10.6623705767689,8.17397010730577
21,1750.0,434786.595266485,4003185.932462932,-75.72513238194308,36.17124561997989,ok,,IW3,0,14842.19256041659,712.5790914618509,154,37,3.3206364429752706,13.899706567789199,0.0,0.5177246493126295,affine_dtft,44.25015826289774,8,ambiguous_multiple_blobs,2,98.32874727117583,67.81847812579848,170.6666666666665,0.03681553890925543,89.99999999999949,1,1.9700465773106082,False,,,
21,1800.0,434833.97868090513,4003201.895295948,-75.7246068707376,36.17139271402943,ok,,IW3,0,14857.043221407299,713.1801518991772,154,37,3.3206301537469596,13.899705129351108,0.0,0.5509147139193261,affine_dtft,44.25275547425991,8,ambiguous_multiple_blobs,4,98.06852049403278,69.7618377654069,181.01933598375595,0.03471002295436228,45.0,1,1.7457245832859651,False,,,
21,1850.0,434881.3620953253,4003217.8581289635,-75.72408135753263,36.17153980579093,ok,,IW3,0,14871.893923136033,713.7811922047997,154,37,3.3206238641739096,13.899703690692983,0.0,0.5154652948713564,affine_dtft,44.25535269280357,8,identified,4,36.31260801518315,83.95144878369413,155.7065566760356,0.04035273427985718,81.25383773744443,4,1.5708860471973356,False,,,
21,1900.0,434928.74550974544,4003233.820961979,-75.72355584232824,36.17168689526436,ok,,IW3,0,14886.744665600445,714.3822123786126,154,37,3.320617572815223,13.899702253626332,0.0,0.3911876586055121,affine_dtft,44.25794991852831,8,identified,4,132.25446779962596,60.445342638054484,114.4866804479891,0.05488136508625573,63.434948822921854,3,2.3739242033432673,False,,,
21,1950.0,434976.1289241656,4003249.783794995,-75.72303032512444,36.17183398244969,ok,127.01156821934926,IW3,0,14901.595448800545,714.9832124202533,154,37,3.3206112851132823,13.899700817616443,0.0,0.1579021491395929,affine_dtft,44.26054715143415,8,identified,1,125.63666415915903,61.554251631981806,127.01156821934926,0.04946939397148858,60.255118703057654,2,3.33639251491149,True,13.634332214382908,15.451252776383246,12.062731683719282
21,2000.0,435023.5123385858,4003265.7466280106,-75.72250480592128,36.171981067346884,ok,127.01156821934926,IW3,0,14916.446272734684,715.5841923295201,154,37,3.3206049953343393,13.899699381101978,0.0,0.007732774226860435,affine_dtft,44.26314439152078,8,identified,1,121.33071689971625,61.14782981688747,127.01156821934926,0.04946939397148858,60.255118703057654,2,4.29810072949625,True,13.634332214382908,15.451252776383246,12.062731683719282
21,2050.0,435070.8957530059,4003281.7094610264,-75.72197928471878,36.17212814995591,ok,124.50659066507724,IW3,0,14931.297137401576,716.1851521062483,154,37,3.3205987089514335,13.899697945359682,0.0,0.007732795212221028,affine_dtft,44.265741638787986,8,identified,1,121.1018950155448,61.13561838917589,127.01156821934926,0.04946939397148858,60.255118703057654,2,4.831818753478968,True,13.0178735598019,14.759959659886551,11.506486477081157
21,2100.0,435118.2791674261,4003297.672294042,-75.72145376151703,36.17227523027671,ok,123.07430396697487,IW3,0,14946.148042799645,716.7860917500396,154,37,3.3205924208979205,13.899696512413087,0.0,0.007732794086077308,affine_dtft,44.2683388932355,8,identified,1,122.55181903596947,61.09490193724918,127.01156821934926,0.04946939397148858,60.255118703057654,2,4.397787663684472,True,12.674766841032866,14.37587084416508,11.19656302810998
21,2150.0,435165.66258184623,4003313.635127058,-75.720928236316,36.17242230830926,ok,104.46477754160522,IW3,0,14960.99898892862,717.3870112606769,154,37,3.3205861329213313,13.899695076754046,0.0,0.00773281467749514,affine_dtft,44.270936154863264,8,identified,1,122.03946969627647,62.46117452535304,114.4866804479891,0.05488136508625573,63.434948822921854,1,3.475841890823195,True,8.772137175981777,10.03409743985626,7.659113318088808
21,2200.0,435213.0459962664,4003329.5979600735,-75.72040270911577,36.17256938405353,ok,85.85525111623556,IW3,0,14975.849975786497,717.9879106379743,154,37,3.3205798450370216,13.89969364371553,0.0,0.00773281369780448,affine_dtft,44.27353342367093,8,identified,5,118.26806343391304,65.57888598411337,119.85013472883753,0.05242535038776029,69.44395478041629,2,3.052595354676278,True,5.746831547299137,6.687257279474584,4.913032956516134
21,2250.0,435260.42941068654,4003345.560793089,-75.71987717991637,36.17271645750948,ok,73.22801047694666,IW3,0,14990.70100337214,718.5887898817263,154,37,3.3205735580732365,13.899692212737602,0.0,0.007732834982660444,affine_dtft,44.27613069965831,8,identified,2,33.80056966344662,84.80341030813616,33.96393609250092,0.18499579348127687,84.28940686250027,2,5.572692646158681,True,4.113149387392111,4.87666613500572,3.4376191926645157
21,2300.0,435307.8128251067,4003361.523626105,-75.71935164871785,36.17286352867705,ok,63.10574739192979,IW3,0,15005.552071684075,719.189648991419,154,37,3.3205672696876154,13.899690780426619,0.0,0.007732854749385195,affine_dtft,44.27872798282513,8,identified,4,34.06916020225723,84.60460595405864,33.96393609250092,0.18499579348127687,84.28940686250027,2,5.478878996671935,True,3.021814908296954,3.66013283738627,2.460415574871149
21,2350.0,435355.1962395269,4003377.4864591206,-75.71882611552022,36.17301059755622,ok,48.91965055770286,IW3,0,15020.403180722185,719.7904879670031,154,37,3.320560982731936,13.89968934906305,0.0,0.007732855044060749,affine_dtft,44.28132527317138,8,identified,3,64.52710841704858,87.12509547648179,63.875365022904795,0.09836633113449177,86.42366562500249,2,3.3076763922760333,True,1.7941365229548052,2.2751596078734067,1.3787620821786302
21,2400.0,435402.57965394703,4003393.4492921364,-75.71830058032353,36.17315766414696,ok,53.90488871277017,IW3,0,15035.254330484056,720.391306808208,154,37,3.3205546962328936,13.899687921157923,0.0,0.007732875604402099,affine_dtft,44.28392257069664,8,identified,1,63.26180297974034,86.32674874652164,63.875365022904795,0.09836633113449177,86.42366562500249,2,3.4876377743079368,True,2.1868432528895236,2.7211055176472563,1.7217061013052533
21,2450.0,435449.9630683672,4003409.412125152,-75.71777504312782,36.17330472844923,ok,,IW3,0,15050.105520969337,720.9921055147958,154,37,3.320548410799436,13.89968649126634,0.0,0.007732874709013327,affine_dtft,44.28651987540084,8,ambiguous_multiple_blobs,3,158.69323343205363,54.81598428766714,142.0032502336585,0.04424677109038668,56.309932474020094,1,2.9505147323183856,False,,,
21,2500.0,435497.34648278734,4003425.374958168,-75.71724950393313,36.17345179046298,ok,,IW3,0,15064.95675217575,721.592884086389,154,37,3.3205421247149247,13.899685061871654,0.0,0.007732895648332231,affine_dtft,44.289117187283594,8,ambiguous_multiple_blobs,2,153.77393915273606,55.47299837247235,142.0032502336585,0.04424677109038668,56.309932474020094,1,3.5808361283428343,False,,,
21,2550.0,435544.7298972075,4003441.3377911835,-75.71672396273951,36.17359885018818,ok,142.0032502336585,IW3,0,15079.80802410314,722.1936425228885,154,37,3.3205358368603606,13.899683635291218,0.0,0.007732915460487278,affine_dtft,44.29171450634487,8,identified,1,146.54381653798683,58.53981865046742,142.0032502336585,0.04424677109038668,56.309932474020094,1,4.038137800948623,True,17.81082310125285,20.18361737601584,15.80671748885225
21,2600.0,435592.1133116277,4003457.300624199,-75.71619841954697,36.173745907624806,ok,142.0032502336585,IW3,0,15094.659336749659,722.7943808240773,154,37,3.3205295511482817,13.899682207359369,0.0,0.007732915337971054,affine_dtft,44.29431183258434,8,identified,1,140.17193407101314,60.86303701054521,142.0032502336585,0.04424677109038668,56.309932474020094,1,5.54628566473966,True,17.81082310125285,20.18361737601584,15.80671748885225
21,2650.0,435639.49672604783,4003473.263457215,-75.71567287435558,36.17389296277279,ok,142.0032502336585,IW3,0,15109.510690114179,723.395098989446,154,37,3.3205232655130774,13.899680783327376,0.0,0.0077329351840004544,affine_dtft,44.29690916600181,8,identified,1,139.4024063258631,61.1570603071743,142.0032502336585,0.04424677109038668,56.309932474020094,1,5.186040978923871,True,17.81082310125285,20.18361737601584,15.80671748885225
21,2700.0,435686.880140468,4003489.2262902306,-75.71514732716534,36.17404001563211,ok,142.0032502336585,IW3,0,15124.36208419586,723.9957970188805,154,37,3.3205169816722417,13.899679354015316,0.0,0.007732935630287799,affine_dtft,44.29950650659715,8,identified,1,142.67536138035928,60.30753337211642,142.0032502336585,0.04424677109038668,56.309932474020094,1,4.34253759394362,True,17.81082310125285,20.18361737601584,15.80671748885225
21,2750.0,435734.26355488814,4003505.1891232464,-75.7146217779763,36.17418706620275,ok,144.13238163972386,IW3,0,15139.213518993456,724.5964749122384,154,37,3.3205106977933037,13.899677932559497,0.0,0.007732955586491294,affine_dtft,44.30210385437011,8,identified,1,150.34629199528592,59.14348902942557,142.0032502336585,0.04424677109038668,56.309932474020094,1,3.6153806160611097,True,18.48057471187647,20.951891915440925,16.402414694028337
21,2800.0,435781.6469693083,4003521.151956262,-75.71409622678853,36.17433411448464,ok,141.13404523686202,IW3,0,15154.064994505146,725.1971326690868,154,37,3.3205044135395534,13.899676508122495,0.0,0.0077329764229474825,affine_dtft,44.304701209320406,8,identified,1,151.6023942678823,59.91651527805526,142.0032502336585,0.04424677109038668,56.309932474020094,1,3.5658791855177894,True,17.54340857703394,19.87767328699129,15.568470621781973
21,2850.0,435829.0303837285,4003537.114789278,-75.71357067360205,36.17448116047775,ok,135.63073127972814,IW3,0,15168.91651072945,725.7977702891812,154,37,3.320498126683207,13.899675085812326,0.0,0.007732976046281895,affine_dtft,44.30729857144776,8,identified,1,145.20578527669574,62.219771570751895,152.64890726398542,0.04116102381469181,63.43494882292177,2,4.194890666515519,True,15.926493888305632,18.036934284687874,14.123343964484453
21,2900.0,435876.4137981486,4003553.0776222935,-75.71304511841687,36.17462820418206,ok,130.12741732259428,IW3,0,15183.768067666855,726.3983877725377,154,37,3.3204918453930983,13.899673663933122,0.0,0.0077329965249851446,affine_dtft,44.309895940752256,8,identified,1,134.9314316169447,63.84332558036807,127.01156821934926,0.04946939397148858,60.255118703057654,2,5.07640045116691,True,14.431369498349396,16.347491693361984,12.78069615192485
21,2950.0,435923.7972125688,4003569.040455309,-75.71251956123307,36.174775245597516,ok,127.15845909482822,IW3,0,15198.619665313992,726.9989851185694,154,37,3.320485561385388,13.89967224320443,0.0,0.00773299556709407,affine_dtft,44.31249331723332,8,identified,1,124.32463372803929,66.73781217641994,114.4866804479891,0.05488136508625573,63.434948822921854,1,6.256958639491659,True,13.671142742942243,15.492582651971869,12.095921455453281
21,3000.0,435971.18062698893,4003585.003288325,-75.71199400205064,36.17492228472409,ok,118.66164303844249,IW3,0,15213.471303671948,727.5995623271571,154,37,3.320479278807623,13.89967082094915,0.0,0.007733016935466894,affine_dtft,44.315090700891126,8,identified,1,114.99119751211582,68.33653821446622,114.4866804479891,0.05488136508625573,63.434948822921854,1,5.192906914067317,True,11.65873335440973,13.241066124126132,10.277543872748774
22,250.0,433439.0950934876,4002488.713906357,-75.74005553400868,36.164868559146136,touches_land_or_unmapped,,,,,,,,,,,,,,,,,,,,,,,,,,,
22,300.0,433486.4217743989,4002504.844165931,-75.73953073912882,36.16501722348594,touches_land_or_unmapped,,,,,,,,,,,,,,,,,,,,,,,,,,,
22,350.0,433533.74845531024,4002520.9744255044,-75.73900594223119,36.16516588554476,touches_land_or_unmapped,,,,,,,,,,,,,,,,,,,,,,,,,,,
22,400.0,433581.0751362216,4002537.1046850784,-75.73848114331578,36.16531454532255,ok,96.85233350442037,IW3,0,14455.615753890695,680.0319836114242,153,37,3.345616422195615,13.899749107284267,0.0,0.007640584769108952,affine_dtft,44.18177880818145,6,identified,1,89.93782632882274,81.24307190887963,89.73407813176091,0.07002005746304854,83.2901631922428,3,6.432429326192482,True,7.4389308860723675,8.55860860363015,6.448171631572457
22,450.0,433628.4018171329,4002553.234944652,-75.73795634238265,36.165463202819275,ok,100.40634872910324,IW3,0,14470.346403685526,680.6461717478064,153,37,3.345610018372073,13.89974764508922,0.0,0.007640585395346192,affine_dtft,44.18438690878024,7,identified,1,95.70578852403939,80.52489932630046,100.4114611907501,0.06257438376724263,78.69006752597954,1,6.21232525095267,True,8.044037425377963,9.228026228680012,6.997765922482582
22,500.0,433675.72849804425,4002569.3652042258,-75.73743153943182,36.1656118580349,ok,102.91087217400437,IW3,0,14485.077094438147,681.2603397880558,153,37,3.3456036126597883,13.899746183766771,0.0,0.007640603384864994,affine_dtft,44.18699501668766,7,identified,1,101.32365945792999,80.2402184855282,100.4114611907501,0.06257438376724263,78.69006752597954,1,6.346247161166155,True,8.488579273170402,9.720080355512728,7.401560676528067
22,550.0,433723.0551789556,4002585.4954637997,-75.73690673446336,36.16576051096939,ok,106.55187204106828,IW3,0,14499.807826146607,681.8744877318784,153,37,3.3455972096617907,13.89974472487895,0.0,0.007640603341492516,affine_dtft,44.18960313190337,7,identified,1,108.44523641627195,79.23674353002286,111.06839440315186,0.05657041628217941,77.47119229084822,2,5.740870895217931,True,9.16254934634272,10.46667590382765,8.013674229243973
22,600.0,433770.38185986696,4002601.625723373,-75.73638192747727,36.16590916162268,ok,107.13408803448495,IW3,0,14514.538598810488,682.4886155787241,153,37,3.345590805488311,13.89974326382027,0.0,0.007640623054244821,affine_dtft,44.19221125442729,7,identified,1,110.23492166075168,76.61260080529335,112.92896595360881,0.05563838519304885,72.89727103094742,3,5.325255434764752,True,9.273446173064304,10.589603320708715,8.114373782601987
22,650.0,433817.70854077826,4002617.755982947,-75.73585711847362,36.16605780999477,ok,107.84608525827143,IW3,0,14529.269412427893,683.1027233288137,153,37,3.345584402032186,13.899741807945768,0.0,0.007640643937943052,affine_dtft,44.19481938425908,7,identified,1,110.37792602054273,69.4233070144143,107.93907746708058,0.05821047811989909,71.56505117707775,4,5.209958392314321,True,9.410257410547961,10.741291216045706,8.238594651186839
22,700.0,433865.0352216896,4002633.8862425205,-75.73533230745242,36.1662064560856,ok,107.04050797205133,IW3,0,14544.000266997533,683.7168109815304,153,37,3.345577998377933,13.899740349650862,0.0,0.00764064317610325,affine_dtft,44.19742752139851,7,identified,1,106.69380123548372,67.95147885563166,103.32254115783341,0.06081137026606343,70.34617594194648,3,4.235622748179098,True,9.255562552375205,10.569777924882185,8.098135089817838
22,750.0,433912.36190260097,4002650.0165020945,-75.73480749441373,36.16635509989513,ok,108.25972205538812,IW3,0,14558.731162519096,684.3308785366941,153,37,3.3455715962998003,13.89973889211724,0.0,0.007640664421965155,affine_dtft,44.20003566584553,7,identified,1,107.01631954545692,67.43729288686929,103.97144730968249,0.06043183460229139,66.03751102542165,2,4.33986684771548,True,9.490346061165981,10.830106998308684,8.311307268112984
22,800.0,433959.68858351227,4002666.1467616684,-75.73428267935756,36.16650374142334,ok,,IW3,0,14573.462098990854,684.9449259942635,153,37,3.3455651920724256,13.899737436375933,0.0,0.007640663339570205,affine_dtft,44.202643817599835,7,ambiguous_multiple_blobs,2,70.56237530644475,72.04501071973914,114.4866804479891,0.05488136508625573,63.434948822921854,1,3.306057342790456,False,,,
22,850.0,434007.0152644236,4002682.277021242,-75.73375786228398,36.16665238067017,ok,112.33320628804846,IW3,0,14588.193076411844,685.5589533536004,153,37,3.345558789145342,13.899735981948771,0.0,0.007640683129330762,affine_dtft,44.20525197666126,7,identified,2,70.60661756321588,72.14000241055614,117.80582228695603,0.0533350999568999,85.60129464500419,3,4.254539346688971,True,10.303441421217522,11.732648376118878,9.049222031489832
22,900.0,434054.341945335,4002698.4072808158,-75.73323304319301,36.166801017635606,ok,118.34034446062782,IW3,0,14602.924094780046,686.1729606148209,153,37,3.3455523857705587,13.899734525367565,0.0,0.007640703255812617,affine_dtft,44.207860143029436,7,identified,2,113.34235172794683,89.18240292147841,113.77777777777767,0.05522330836388313,89.99999999999966,2,4.7615402675345715,True,11.587098207959333,13.161194018570717,10.212683933845362
22,950.0,434101.66862624633,4002714.5375403897,-75.73270822208468,36.1669496523196,ok,120.27227556850224,IW3,0,14617.65515409516,686.7869477774557,153,37,3.3455459844550766,13.899733072684214,0.0,0.007640702180361026,affine_dtft,44.21046831670432,7,identified,1,114.24501187094623,87.9636924001276,113.77777777777767,0.05522330836388313,89.99999999999966,2,4.0887629769161755,True,12.022562910044458,13.647000633707588,10.606836496137186
22,1000.0,434148.99530715763,4002730.667799963,-75.73218339895905,36.16709828472212,ok,122.11342475498088,IW3,0,14632.386254355986,687.4009148414088,153,37,3.3455395826191343,13.899731619041884,0.0,0.0076407208283699605,affine_dtft,44.2130764976857,7,identified,1,123.7805067342924,91.2116643611847,127.99999999999986,0.04908738521234057,89.99999999999962,1,3.073819130696027,True,12.448309197459446,14.122614089765397,10.991885076798823
22,1050.0,434196.321988069,4002746.798059537,-75.73165857381612,36.16724691484311,ok,122.71385270083067,IW3,0,14647.117395561028,688.0148618061662,153,37,3.345533182286571,13.899730168093138,0.0,0.007640741613311727,affine_dtft,44.2156846859733,7,identified,1,129.83126658765954,93.39154292603756,127.99999999999986,0.04908738521234057,89.99999999999962,1,3.0124060570112485,True,12.58946948094857,14.280456432919623,11.119480320165923
22,1100.0,434243.64866898034,4002762.9283191105,-75.73113374665597,36.167395542682534,ok,123.31428064668049,IW3,0,14661.848577708924,688.6287886715146,153,37,3.3455267796591888,13.899728717832991,0.0,0.007640741161462107,affine_dtft,44.218292881566896,7,identified,2,129.3099660652304,94.45501141906216,127.01156821934933,0.04946939397148855,97.12501634890134,2,3.041713192446516,True,12.731787563602873,14.43967037986629,11.248084693805838
22,1150.0,434290.97534989164,4002779.0585786845,-75.73060891747862,36.16754416824038,ok,121.07026414808584,IW3,0,14676.579800798547,689.2426954374779,153,37,3.3455203807926734,13.899727266154065,0.0,0.007640762361752435,affine_dtft,44.22090108446628,7,identified,1,122.26913842786456,94.37828576553375,116.77991750702667,0.05380364570647625,98.74616226255486,3,4.148549254506031,True,12.205784261159916,13.85160162084073,10.772582179011483
22,1200.0,434338.302030803,4002795.1888382584,-75.73008408628408,36.16769279151659,ok,118.8262476494912,IW3,0,14691.311064829535,689.8565821035702,153,37,3.3455139774619425,13.899725815513966,0.0,0.0076407601752350165,affine_dtft,44.22350929467139,7,identified,1,118.61065354937121,94.67118754422367,116.77991750702667,0.05380364570647625,98.74616226255486,3,4.32900352049077,True,11.695553532118748,13.282126764237038,10.310878513043162
22,1250.0,434385.62871171435,4002811.319097832,-75.72955925307244,36.16784141251112,ok,118.8262476494912,IW3,0,14706.042369798992,690.470448669487,153,37,3.3455075766541285,13.899724365653672,0.0,0.007640780607856911,affine_dtft,44.2261175121817,7,identified,1,118.13013294593415,95.95677391916571,116.77991750702667,0.05380364570647625,98.74616226255486,3,4.710488846889211,True,11.695553532118748,13.282126764237038,10.310878513043162
22,1300.0,434432.9553926257,4002827.449357406,-75.72903441784369,36.167990031223965,ok,120.30591215180634,IW3,0,14720.773715707688,691.0842951352091,153,37,3.3455011773650085,13.899722919240777,0.0,0.007640800446532319,affine_dtft,44.228725736997376,7,identified,1,118.35077007906712,96.94029782906611,116.77991750702667,0.05380364570647625,98.74616226255486,3,4.32964106271614,True,12.03024606071885,13.655577903166167,10.613787973201742
22,1350.0,434480.282073537,4002843.579616979,-75.7285095805979,36.168138647655056,ok,121.18741081300124,IW3,0,14735.505102552994,691.6981215003198,153,37,3.345494778590382,13.899721470204854,0.0,0.007640799454272468,affine_dtft,44.23133396911794,7,identified,1,124.00799576958195,99.72961035411532,127.01156821934933,0.04946939397148855,97.12501634890134,2,3.652892581900076,True,12.232848889798968,13.881834610628957,10.797060484582977
22,1400.0,434527.60875444836,4002859.709876553,-75.72798474133509,36.168287261804366,ok,122.65657524832609,IW3,0,14750.236530333967,692.3119277645754,153,37,3.3454883763557652,13.899720024147351,0.0,0.007640819038539067,affine_dtft,44.23394220854321,7,identified,3,153.04307853677997,60.50286729680662,124.17824001860234,0.05059811852896565,104.03624346792603,3,3.1633341090349094,True,12.575953797268186,14.265340220694304,11.1072650355721
22,1450.0,434574.9354353597,4002875.840136127,-75.7274599000553,36.16843587367186,ok,,IW3,0,14764.967999049999,692.925713927707,153,37,3.3454819767743773,13.899718580323853,0.0,0.13814734779577284,affine_dtft,44.236550455273104,7,ambiguous_multiple_blobs,3,165.2525040202039,59.371659750104975,152.64890726398542,0.04116102381469181,63.43494882292177,2,2.7266974496074816,False,,,
22,1500.0,434622.2621162711,4002891.9703957005,-75.72693505675856,36.16858448325748,ok,,IW3,0,14779.699508699387,693.53947998944,153,37,3.3454755777075227,13.899717134446647,0.0,0.3770246868422202,affine_dtft,44.2391587093073,7,ambiguous_multiple_blobs,2,60.97165389268289,91.24537744313288,152.64890726398542,0.04116102381469181,63.43494882292177,2,2.723372516608452,False,,,
22,1550.0,434669.58879718237,4002908.1006552745,-75.72641021144493,36.16873309056121,ok,93.2830115538461,IW3,0,14794.431059281545,694.1532259495086,153,37,3.345469178369528,13.899715688964328,0.0,0.5040154599781584,affine_dtft,44.2417669706457,7,identified,2,62.816149767359086,95.31135422251153,61.39090690386666,0.10234716546896043,92.29061004263832,3,4.144434206234236,True,6.860564907171784,7.919006204598991,5.923052855002837
22,1600.0,434716.9154780937,4002924.230914848,-75.72588536411443,36.168881695583,ok,95.9551204928052,IW3,0,14809.162650793596,694.766951807686,153,37,3.3454627792547815,13.899714244280293,0.0,0.5400933945924318,affine_dtft,44.244375239287805,7,identified,1,111.50568856657925,65.6551680590933,114.4866804479891,0.05488136508625573,63.434948822921854,1,3.6128995484682713,True,7.29082345896293,8.394805442027305,6.313675768236567
22,1650.0,434764.2421590051,4002940.361174422,-75.72536051476709,36.16903029832284,ok,95.9551204928052,IW3,0,14823.894283236976,695.3806575637996,153,37,3.3454563804936024,13.899712802565542,0.0,0.5100234101991654,affine_dtft,44.246983515233865,7,identified,1,107.81372260903908,66.02036033829042,103.97144730968249,0.06043183460229139,66.03751102542165,2,3.6996130535891254,True,7.29082345896293,8.394805442027305,6.313675768236567
22,1700.0,434811.5688399164,4002956.491433996,-75.72483566340297,36.16917889878065,ok,107.47652502245137,IW3,0,14838.675298751788,695.9943132287123,154,37,3.3207211254234275,13.899711359406643,0.0,0.5046387642239104,affine_dtft,44.249586073143675,7,identified,1,102.0306123480758,65.29468338683446,103.97144730968249,0.06043183460229139,66.03751102542165,2,3.6429269490905,True,9.33908124286294,10.6623705767689,8.17397010730577
22,1750.0,434858.89552082773,4002972.6216935692,-75.7243108100221,36.16932749695643,ok,,IW3,0,14853.516717112718,696.6079121048133,154,37,3.3207147759921116,13.899709919611169,0.0,0.5491354922436196,affine_dtft,44.25218163435431,7,ambiguous_multiple_blobs,4,98.54955833794631,66.75149535457211,170.6666666666665,0.03681553890925543,89.99999999999949,1,2.0178139646325515,False,,,
22,1800.0,434906.2222017391,4002988.751953143,-75.7237859546245,36.16947609285012,ok,,IW3,0,14868.358176705524,697.2214908777776,154,37,3.320708425253889,13.899708477101688,0.0,0.5327789931775737,affine_dtft,44.25477720283277,7,identified,4,166.3590890457885,86.09839854311029,179.77520209325618,0.03495023359184022,69.44395478041625,3,2.4439469779006795,False,,,
22,1850.0,434953.54888265044,4003004.8822127166,-75.72326109721024,36.16962468646169,ok,,IW3,0,14883.199677527793,697.8350495474607,154,37,3.3207020751905496,13.899707038415393,0.0,0.4341606788631533,affine_dtft,44.257372778578656,7,ambiguous_multiple_blobs,3,36.30067455079634,83.96243874041062,168.3445630006857,0.03732336343499251,80.537677791974,2,2.1171865847543754,False,,,
22,1900.0,435000.87556356174,4003021.0124722905,-75.72273623777932,36.1697732777911,ok,,IW3,0,14898.041219579256,698.4485881134877,154,37,3.3206957254646827,13.899705599388998,0.0,0.23191012425910887,affine_dtft,44.259968361591916,7,identified,4,36.47449019583116,83.91802982144871,134.45778724835563,0.04672979851716567,66.80140948635159,4,2.091946079465482,False,,,
22,1950.0,435048.2022444731,4003037.1427318645,-75.72221137633179,36.16992186683831,ok,127.01156821934926,IW3,0,14912.882802858063,699.0621065755802,154,37,3.3206893745200845,13.899704160398132,0.0,0.007732441210464327,affine_dtft,44.262563951872224,7,identified,2,129.1231102833964,62.525637999156714,127.01156821934926,0.04946939397148858,60.255118703057654,2,3.2505640871722394,True,13.634332214382908,15.451252776383246,12.062731683719282
22,2000.0,435095.52892538445,4003053.272991438,-75.72168651286769,36.17007045360329,ok,127.01156821934926,IW3,0,14927.724427362855,699.6756049335808,154,37,3.3206830281365396,13.899702722922328,0.0,0.00773244075146338,affine_dtft,44.26515954941935,7,identified,1,124.14433568993623,61.81105524857943,127.01156821934926,0.04946939397148858,60.255118703057654,2,4.908518550063285,True,13.634332214382908,15.451252776383246,12.062731683719282
22,2050.0,435142.85560629575,4003069.403251012,-75.72116164738708,36.170219038086,ok,127.01156821934926,IW3,0,14942.566093092706,700.2890831873555,154,37,3.320676676820611,13.899701286770458,0.0,0.007732462596315585,affine_dtft,44.26775515423313,7,identified,1,123.5176961373979,61.46435276902437,127.01156821934926,0.04946939397148858,60.255118703057654,2,5.833504930778891,True,13.634332214382908,15.451252776383246,12.062731683719282
22,2100.0,435190.1822872071,4003085.5335105853,-75.72063677988996,36.170367620286385,ok,106.69598174896198,IW3,0,14957.407800046716,700.9025413362145,154,37,3.320670326558799,13.899699850488172,0.0,0.007732460949959307,affine_dtft,44.2703507663134,7,identified,1,125.76826573868559,60.974930034955506,127.01156821934926,0.04946939397148858,60.255118703057654,2,4.581465861517431,True,9.189916992920935,10.497010225197245,8.038525989822588
22,2150.0,435237.50896811846,4003101.6637701592,-75.72011191037639,36.17051620020444,ok,88.0864553235923,IW3,0,14972.249548222995,701.5159793804013,154,37,3.3206639800263984,13.899698414710459,0.0,0.007732482431449561,affine_dtft,44.27294638565985,7,identified,1,122.994268020964,61.18679938117065,127.01156821934926,0.04946939397148858,60.255118703057654,2,3.3255426690227217,True,6.06897996308876,7.043623356765296,5.204960008008807
22,2200.0,435284.8356490298,4003117.794029733,-75.7195870388464,36.1706647778401,ok,69.47692889822265,IW3,0,14987.09133762097,702.1293973193491,154,37,3.3206576295236547,13.899696981248791,0.0,0.007732501750019961,affine_dtft,44.27554201227235,7,identified,7,70.82563000593822,91.84779952615995,25.433635867412843,0.24704235524697413,75.61860540890935,2,4.49970504187578,True,3.686940855744266,4.402571443024325,3.054850222845954
22,2250.0,435332.1623299411,4003133.9242893066,-75.71906216530003,36.170813353193324,ok,57.4311369934832,IW3,0,15001.933168239018,702.7427951527574,154,37,3.320651283727681,13.899695547390605,0.0,0.007732501347632403,affine_dtft,44.27813764615064,7,identified,3,34.1512533238989,84.31177068518775,33.96393609250092,0.18499579348127687,84.28940686250027,2,5.816245125561082,True,2.489709439802954,3.0628963630546004,1.9884100844635246
22,2300.0,435379.48901085247,4003150.0545488806,-75.71853728973731,36.170961926264106,ok,44.803896354194315,IW3,0,15016.775040075669,703.3561728806511,154,37,3.3206449332327224,13.8996941124548,0.0,0.0077325210999898576,affine_dtft,44.28073328729446,7,identified,5,33.94026171175007,84.17414457841735,33.96393609250092,0.18499579348127687,84.28940686250027,2,6.246049185037075,True,1.5006269946544095,1.939110552446755,1.1252693153187399
22,2350.0,435426.8156917638,4003166.184808454,-75.71801241215829,36.171110497052396,ok,53.370502514045064,IW3,0,15031.616953130979,703.9695305027129,154,37,3.3206385858582115,13.899692682079975,0.0,0.007732523131949499,affine_dtft,44.28332893570381,7,identified,3,64.52123078086204,87.18722978698645,66.78260869565209,0.09408415499031945,89.9999999999998,3,3.8309339461411365,True,2.142772403278425,2.6712309489323207,1.6830429592303269
22,2400.0,435474.1423726751,4003182.315068028,-75.717487532563,36.17125906555813,ok,58.22214411943109,IW3,0,15046.458907402472,704.582868018424,154,37,3.320632240771826,13.899691252006894,0.0,0.007732541792047393,affine_dtft,44.28592459137827,7,identified,1,63.28504407827476,86.3323234035081,63.875365022904795,0.09836633113449177,86.42366562500249,2,4.249487033697745,True,2.5605476017558595,3.142622224747509,2.0510171095193854
22,2450.0,435521.4690535865,4003198.445327602,-75.71696265095147,36.17140763178131,ok,85.2319726547205,IW3,0,15061.300902889747,705.1961854278134,154,37,3.320625893477946,13.899689819513776,0.0,0.007732563667432555,affine_dtft,44.28852025431776,7,identified,2,71.15648800576514,91.29966730288459,68.26666666666658,0.09203884727313859,89.9999999999998,4,3.681261340010261,True,5.658697882018943,6.589740857947102,4.8332079746088725
22,2500.0,435568.79573449783,4003214.5755871753,-75.71643776732374,36.171556195721855,ok,,IW3,0,15076.1429395912,705.8094827303577,154,37,3.3206195468284445,13.899688391554037,0.0,0.007732561969053668,affine_dtft,44.291115924522,7,ambiguous_multiple_blobs,2,72.40345470415852,90.61905380240124,142.0032502336585,0.04424677109038668,56.309932474020094,1,3.3335881301970147,False,,,
22,2550.0,435616.1224154092,4003230.7058467492,-75.71591288167987,36.17170475737976,ok,123.56910434191052,IW3,0,15090.98501750512,706.4227599259897,154,37,3.3206131999795554,13.899686962075398,0.0,0.007732582441243144,affine_dtft,44.29371160199071,7,identified,1,138.49965451282088,56.00348153749725,142.0032502336585,0.04424677109038668,56.309932474020094,1,4.339631373038561,True,12.792540461635486,14.50765968269503,11.302971818471976
22,2600.0,435663.4490963205,4003246.8361063227,-75.71538799401988,36.17185331675498,ok,142.0032502336585,IW3,0,15105.827136631022,707.0360170144415,154,37,3.3206068512989027,13.899685534296301,0.0,0.007732603315288831,affine_dtft,44.29630728672378,7,identified,1,133.9092103538501,59.12453250165265,142.0032502336585,0.04424677109038668,56.309932474020094,1,6.170726192356732,True,17.81082310125285,20.18361737601584,15.80671748885225
22,2650.0,435710.77577723184,4003262.9663658966,-75.7148631043438,36.17200187384748,ok,142.0032502336585,IW3,0,15120.669296967513,707.6492539954818,154,37,3.320600506393842,13.89968410673739,0.0,0.007732603292138607,affine_dtft,44.29890297872098,7,identified,1,134.4085036235594,59.95533445789467,142.0032502336585,0.04424677109038668,56.309932474020094,1,5.083751956226747,True,17.81082310125285,20.18361737601584,15.80671748885225
22,2700.0,435758.1024581432,4003279.0966254706,-75.71433821265167,36.172150428657204,ok,142.0032502336585,IW3,0,15135.511498513597,708.2624708686966,154,37,3.3205941601816376,13.899682677559586,0.0,0.007732623681497743,affine_dtft,44.301498677982146,7,identified,1,139.91868706736702,59.361389179798074,142.0032502336585,0.04424677109038668,56.309932474020094,1,4.630049501451921,True,17.81082310125285,20.18361737601584,15.80671748885225
22,2750.0,435805.4291390545,4003295.226885044,-75.71381331894354,36.17229898118414,ok,142.0032502336585,IW3,0,15150.353741267598,708.8756676340357,154,37,3.3205878157790707,13.89968125220496,0.0,0.007732622816346082,affine_dtft,44.30409438450695,7,identified,1,147.86971681442787,58.46848918735404,142.0032502336585,0.04424677109038668,56.309932474020094,1,3.962206085059829,True,17.81082310125285,20.18361737601584,15.80671748885225
22,2800.0,435852.75581996585,4003311.357144618,-75.71328842321944,36.172447531428226,ok,139.00491383079662,IW3,0,15165.196025228483,709.4888442910066,154,37,3.320581468207101,13.899679826795309,0.0,0.007732643376259659,affine_dtft,44.30669009829526,7,identified,1,148.6873083208632,59.3875526507705,142.0032502336585,0.04424677109038668,56.309932474020094,1,3.5290012572293272,True,16.90256256007091,19.146288566414675,14.996628129287924
22,2850.0,435900.0825008772,4003327.487404192,-75.71276352547939,36.172596079389464,ok,138.25532973008117,IW3,0,15180.038350395955,710.1020008397059,154,37,3.320575124468251,13.89967840399557,0.0,0.0077326643144759325,affine_dtft,44.30928581934699,7,identified,1,143.51991360254385,61.63924123414058,142.0032502336585,0.04424677109038668,56.309932474020094,1,4.425455944413652,True,16.681619519864,18.894699465043864,14.79919053631513
22,2900.0,435947.40918178856,4003343.6176637653,-75.71223862572346,36.17274462506776,ok,137.00602289555542,IW3,0,15194.88071676696,710.7151372793737,154,37,3.3205687784028055,13.899676981691373,0.0,0.00773266290911982,affine_dtft,44.31188154766162,7,identified,1,134.39448465630196,63.312834510168216,127.01156821934926,0.04946939397148858,60.255118703057654,2,5.200642917344791,True,16.31864099635941,18.481984783880584,14.474521160524228
22,2950.0,435994.73586269986,4003359.7479233393,-75.71171372395166,36.172893168463126,ok,,IW3,0,15209.723124342241,711.3282536102312,154,37,3.320562436112987,13.899675558337341,0.0,0.007732684231357881,affine_dtft,44.31447728323928,7,ambiguous_multiple_blobs,2,125.28367062144628,66.53771588886953,114.4866804479891,0.05488136508625573,63.434948822921854,1,5.516294592674318,False,,,
22,3000.0,436042.0625436112,4003375.8781829127,-75.71118882016405,36.17304170957548,ok,,IW3,0,15224.565573118769,711.9413498317195,154,37,3.3205560906691987,13.899674136316934,0.0,0.0077326827549651905,affine_dtft,44.31707302607944,7,ambiguous_multiple_blobs,2,117.44298041049711,67.78123697252332,114.4866804479891,0.05488136508625573,63.434948822921854,1,4.253880034175783,False,,,
23,250.0,433513.7359172662,4002270.9211609284,-75.73920726919951,36.162910295804,touches_land_or_unmapped,,,,,,,,,,,,,,,,,,,,,,,,,,,
23,300.0,433561.0070685003,4002287.213437043,-75.7386831166895,36.16306041310307,touches_land_or_unmapped,,,,,,,,,,,,,,,,,,,,,,,,,,,
23,350.0,433608.27821973426,4002303.5057131583,-75.73815896214516,36.16321052812693,touches_land_or_unmapped,,,,,,,,,,,,,,,,,,,,,,,,,,,
23,400.0,433655.5493709683,4002319.7979892734,-75.7376348055665,36.163360640875545,ok,97.8438421096797,IW3,0,14467.316162597517,663.752920044674,153,37,3.3456967899473256,13.899752470309844,0.0,0.007640234292818209,affine_dtft,44.183894183179035,5,identified,1,92.60417727473822,84.80803059882354,92.70860394753886,0.06777348638250513,84.80557109226497,4,6.327929936996975,True,7.604765900882523,8.742035826872792,6.598780061266241
23,450.0,433702.82052220235,4002336.0902653886,-75.73711064695358,36.16351075134886,ok,101.61512307066198,IW3,0,14482.037768039476,664.3792274702752,153,37,3.3456903269737928,13.899751007560267,0.0,0.007640254693290307,affine_dtft,44.18650064981697,6,identified,1,96.68486815764324,81.50294741629405,100.4114611907501,0.06257438376724263,78.69006752597954,1,6.650607285510545,True,8.256686200821369,9.463369351821527,7.190923905161565
23,500.0,433750.0916734364,4002352.3825415033,-75.73658648630642,36.16366085954686,ok,103.87789164725135,IW3,0,14496.759414909766,665.0055148277737,153,37,3.3456838621113736,13.899749545579743,0.0,0.0076402747852938385,affine_dtft,44.18910712384684,6,identified,1,101.75217532956403,81.50731331495457,100.4114611907501,0.06257438376724263,78.69006752597954,1,6.0776914401737425,True,8.66433539355784,9.914700400016663,7.561200560324517
23,550.0,433797.36282467045,4002368.6748176184,-75.73606232362508,36.16381096546949,ok,109.30619780351108,IW3,0,14511.48110320648,665.6317821167429,153,37,3.3456773986218744,13.899748083917688,0.0,0.007640274501774144,affine_dtft,44.191713605268276,6,identified,1,110.0188683468701,80.43414508844084,112.92896595360881,0.05563838519304885,72.89727103094742,3,5.181488442610111,True,9.694977924227617,11.057101506546406,8.497071824711519
23,600.0,433844.6339759045,4002384.9670937336,-75.73553815890956,36.163961069116695,ok,110.01819502729754,IW3,0,14526.202832928473,666.2580293366748,153,37,3.345670937685705,13.89974662386221,0.0,0.007640293671203641,affine_dtft,44.194320094081085,6,identified,1,116.1730823989896,69.19602414303708,112.92896595360881,0.05563838519304885,72.89727103094742,3,5.741203778256459,True,9.835868622732248,11.213444815560969,8.624953038417862
23,650.0,433891.90512713854,4002401.2593698483,-75.73501399215994,36.16411117048849,ok,112.41987848643441,IW3,0,14540.924604074671,666.8842564877863,153,37,3.3456644726759657,13.899745163105173,0.0,0.007640294394737954,affine_dtft,44.19692659028509,6,identified,1,112.45683579910956,68.12288162248934,119.85013472883753,0.05242535038776029,69.44395478041629,2,5.598228169851051,True,10.321232267299644,11.75241482500692,9.065360883556238
23,700.0,433939.1762783726,4002417.5516459635,-75.73448982337622,36.16426126958479,ok,101.76978918346438,IW3,0,14555.646416643982,667.5104635695538,153,37,3.3456580108024827,13.899743704321526,0.0,0.007640312117657864,affine_dtft,44.19953309388008,6,identified,1,109.54679333664822,67.05629391742869,103.97144730968249,0.06043183460229139,66.03751102542165,2,4.445844607839838,True,8.284150383753923,9.493768869446892,7.215870835010505
23,750.0,433986.44742960663,4002433.8439220786,-75.73396565255845,36.16441136640557,ok,,IW3,0,14570.368270635296,668.136650581525,153,37,3.345651547331259,13.89974224777937,0.0,0.007640332736091553,affine_dtft,44.20213960486587,6,ambiguous_multiple_blobs,2,109.50930700974506,67.11169042968656,114.4866804479891,0.05488136508625573,63.434948822921854,1,3.7103203453074363,False,,,
23,800.0,434033.7185808407,4002450.1361981938,-75.73344147970668,36.164561460950814,ok,96.02594460972962,IW3,0,14585.090166047721,668.7628175240013,153,37,3.3456450851601836,13.899740789541498,0.0,0.007640332062826316,affine_dtft,44.204746123242295,6,identified,1,70.76347692743236,72.4425452275772,70.3286087417287,0.08934038963082072,74.054604099077,1,5.454993740618099,True,7.302447609947837,8.407660997011778,6.324231124441072
23,850.0,434080.9897320747,4002466.4284743085,-75.73291730482093,36.164711553220435,ok,,IW3,0,14599.812102878981,669.3889643960664,153,37,3.345638623212189,13.899739333094592,0.0,0.007640351803354116,affine_dtft,44.20735264900896,6,ambiguous_multiple_blobs,2,70.9226781816123,72.3238732163673,127.99999999999986,0.04908738521234057,89.99999999999962,1,4.662956040737668,False,,,
23,900.0,434128.2608833088,4002482.7207504236,-75.73239312790125,36.164861643214444,ok,106.47104107432096,IW3,0,14614.53408112852,670.0150911979083,153,37,3.3456321615600646,13.899737877498769,0.0,0.007640371927470027,affine_dtft,44.20995918216577,6,identified,2,114.7313581146485,87.09900228508495,113.77777777777767,0.05522330836388313,89.99999999999966,2,4.7897954991879,True,9.147222262346546,10.44968799885835,7.9997559740495765
23,950.0,434175.5320345428,4002499.013026539,-75.73186894894764,36.165011730932775,ok,120.64178094372613,IW3,0,14629.256100795901,670.6411979290219,153,37,3.3456257002038194,13.899736423152197,0.0,0.007640371609328764,affine_dtft,44.21256572271264,6,identified,1,114.33733309546625,88.36152749193387,113.77777777777767,0.05522330836388313,89.99999999999966,2,4.42721392789714,True,12.107156428061339,13.74145020269292,10.683368600162717
23,1000.0,434222.80318577687,4002515.3053026535,-75.73134476796018,36.16516181637541,ok,121.91573839885078,IW3,0,14643.978161879291,671.2672845894195,153,37,3.3456192380664156,13.899734970043761,0.0,0.007640391740778308,affine_dtft,44.21517227064925,6,identified,1,122.28314920262999,91.63871862949462,127.99999999999986,0.04908738521234057,89.99999999999962,1,3.595142017299804,True,12.402084771542706,14.0709432448386,10.950094778459732
23,1050.0,434270.07433701085,4002531.5975787686,-75.7308205849389,36.16531189954228,ok,122.51616634470058,IW3,0,14658.700264376648,671.893351178551,153,37,3.3456127781299947,13.899733514476722,0.0,0.007640390302153333,affine_dtft,44.21777882597523,6,identified,1,128.4054025632295,94.04402451596361,127.01156821934933,0.04946939397148855,97.12501634890134,2,3.120459068151105,True,12.542866208183264,14.228337330780864,11.077359513376402
23,1100.0,434317.3454882449,4002547.889854884,-75.73029639988383,36.165461980433385,ok,123.11659429055037,IW3,0,14673.422408287954,672.519397696313,153,37,3.3456063178645135,13.899732062271642,0.0,0.007640410801978836,affine_dtft,44.22038538869059,6,identified,2,128.45905157705414,94.92092083854024,127.01156821934933,0.04946939397148855,97.12501634890134,2,3.681363266827292,True,12.684801901027992,14.387097993663883,11.205630755460952
23,1150.0,434364.61663947895,4002564.182130999,-75.72977221279498,36.16561205904866,ok,120.13297083067896,IW3,0,14688.144593612275,673.1454241424416,153,37,3.3455998570366323,13.899730610202845,0.0,0.007640430298449985,affine_dtft,44.22299195879516,6,identified,1,122.50835893610112,94.66118841195056,116.77991750702667,0.05380364570647625,98.74616226255486,3,4.3573646918489475,True,11.990780662260084,13.611521977463974,10.578079849988145
23,1200.0,434411.887790713,4002580.4744071136,-75.72924802367244,36.16576213538807,ok,118.08664068821443,IW3,0,14702.866820347333,673.7714305165237,153,37,3.345593398060666,13.899729159362984,0.0,0.007640430013311414,affine_dtft,44.225598536288544,6,identified,1,118.6448574838958,94.98622090250089,116.77991750702667,0.05380364570647625,98.74616226255486,3,4.652826816497171,True,11.53075310838924,13.098382080997517,10.161662372969772
23,1250.0,434459.15894194704,4002596.766683229,-75.72872383251621,36.1659122094516,ok,118.08664068821443,IW3,0,14717.589088492445,674.397416818628,153,37,3.3455869368931355,13.899727707287214,0.0,0.007640450836540399,affine_dtft,44.2282051211706,6,identified,1,117.70045263532573,96.37059101198498,113.08188270064278,0.05556314731523188,96.34019174590951,4,4.864352001995754,True,11.53075310838924,13.098382080997517,10.161662372969772
23,1300.0,434506.4300931811,4002613.058959344,-75.72819963932632,36.16606228123919,ok,122.65792991408175,IW3,0,14732.31139804683,675.0233830482313,153,37,3.345580478654596,13.899726259927247,0.0,0.007640470277290939,affine_dtft,44.23081171344121,6,identified,1,119.23458721546962,97.33722473314543,116.77991750702667,0.05380364570647625,98.74616226255486,3,5.3123785717941,True,12.57627333435619,14.265697589358442,11.107553832596835
23,1350.0,434553.70124441513,4002629.351235459,-75.72767544410284,36.16621235075079,ok,124.12743301584554,IW3,0,14747.03374900867,675.6493292049287,153,37,3.345574017101535,13.899724808757028,0.0,0.007640471146146979,affine_dtft,44.23341831310006,6,identified,1,124.51479386247789,99.48034739141505,127.01156821934933,0.04946939397148855,97.12501634890134,2,4.398382997200154,True,12.926392447606394,14.65750617869112,11.423875187727498
23,1400.0,434600.9723956492,4002645.643511574,-75.72715124684578,36.1663624179864,ok,127.80928312091312,IW3,0,14761.756141376904,676.275255288892,153,37,3.3455675593820353,13.899723362402977,0.0,0.07511193079682672,affine_dtft,44.23602492014693,6,identified,2,154.7376427302485,60.74070699858394,139.6363636363634,0.04499676977797888,89.99999999999957,6,3.4438928079056903,True,13.835135794654528,15.676781302496389,12.243748032804078
23,1450.0,434648.2435468832,4002661.935787689,-75.72662704755517,36.16651248294595,ok,,IW3,0,14776.478575151128,676.9011612995504,153,37,3.3455611013759254,13.89972191525439,0.0,0.33887899880698386,affine_dtft,44.23863153458179,6,identified,2,163.98472003967555,59.39862086632132,152.64890726398542,0.04116102381469181,63.43494882292177,2,2.9863453464608214,False,,,
23,1500.0,434695.5146981173,4002678.228063804,-75.72610284623109,36.166662545629414,ok,,IW3,0,14791.201050328971,677.5270472367729,153,37,3.34555464143888,13.899720466972441,0.0,0.4865737259115954,affine_dtft,44.241238156404194,6,ambiguous_multiple_blobs,2,158.37745926356834,60.28052524704099,152.64890726398542,0.04116102381469181,63.43494882292177,2,2.781424148317262,False,,,
23,1550.0,434742.7858493513,4002694.520339919,-75.72557864287354,36.16681260603675,ok,,IW3,0,14805.923566909369,678.1529131002013,153,37,3.3455481822615245,13.89971902301927,0.0,0.5378516113496389,affine_dtft,44.24384478561396,6,identified,2,62.62705567873522,95.47380532916353,63.875365022904795,0.09836633113449177,93.57633437499713,2,5.0214417283167005,True,,,
23,1600.0,434790.05700058537,4002710.812616034,-75.72505443748256,36.166962664167926,ok,,IW3,0,14820.646124892179,678.7787588896106,153,37,3.3455417251431694,13.899717578667985,0.0,0.5206864541988919,affine_dtft,44.24645142221107,6,identified,2,117.25906019555016,67.0751019722437,110.27837316368448,0.056975680062432116,68.96248897457795,3,2.8083073906995835,False,,,
23,1650.0,434837.3281518194,4002727.104892149,-75.72453023005818,36.16711272002289,ok,,IW3,0,14835.393810476467,679.4045693580251,154,37,3.320805782001274,13.899716132436662,0.0,0.4844453184557066,affine_dtft,44.2490551553566,6,identified,3,34.43734009179032,82.82008196333483,103.97144730968249,0.06043183460229139,66.03751102542165,2,2.7926999586118737,False,,,
23,1700.0,434884.5993030534,4002743.3971682643,-75.72400602060047,36.167262773601635,ok,,IW3,0,14850.226087752799,680.0303083648538,154,37,3.320799373158227,13.899714689357618,0.0,0.5427616907409157,affine_dtft,44.251649085225694,6,ambiguous_multiple_blobs,2,34.515500776424425,82.64479263937807,95.07601314665045,0.06608591482993778,68.19859051364803,1,3.078135197419519,False,,,
23,1750.0,434931.87045428745,4002759.689444379,-75.72348180910943,36.16741282490409,ok,,IW3,0,14865.058406736267,680.6560272965891,154,37,3.3207929636636795,13.899713247241406,0.0,0.541856611126192,affine_dtft,44.254243022445706,6,identified,2,34.81828189971916,82.85253921674621,34.979173667079905,0.17962646479247468,82.1466866980217,2,7.863747250832656,True,,,
23,1800.0,434979.1416055215,4002775.981720494,-75.72295759558511,36.16756287393023,ok,,IW3,0,14879.890767425219,681.2817261530855,154,37,3.320786552076458,13.899711803144944,0.0,0.46153985095456396,affine_dtft,44.25683696701638,6,identified,7,160.2079294712558,46.36133904737532,34.68585616720469,0.18114545816286662,83.51692630710266,3,6.87752724352556,True,,,
23,1850.0,435026.41275675554,4002792.2739966093,-75.72243338002755,36.16771292068002,ok,,IW3,0,14894.723169818215,681.9074049340817,154,37,3.320780143026552,13.899710362854254,0.0,0.2816258996338126,affine_dtft,44.259430918937454,6,identified,4,132.67616981491418,78.52351435165593,137.38401653758683,0.04573447090521314,79.6951535312336,6,1.8028960882330767,False,,,
23,1900.0,435073.6839079896,4002808.566272724,-75.72190916243679,36.16786296515342,ok,,IW3,0,14909.555613914234,682.5330636394162,154,37,3.3207737343293093,13.899708924077188,0.0,0.007732088516854529,affine_dtft,44.26202487820874,6,ambiguous_multiple_blobs,3,116.15323980449865,98.61645217532546,134.45778724835563,0.04672979851716567,66.80140948635159,2,1.8912798854831203,False,,,
23,1950.0,435120.95505922363,4002824.858548839,-75.72138494281286,36.168013007350396,ok,121.69717694728347,IW3,0,14924.388099712147,683.1587022687403,154,37,3.3207673270770646,13.899707483135476,0.0,0.00773210953728919,affine_dtft,44.26461884483005,6,identified,2,117.47431532537274,98.2594685495938,111.06839440315186,0.05657041628217941,102.52880770915111,2,3.5363048027268613,True,12.351123463045374,14.0139866152699,10.90401753757516
23,2000.0,435168.2262104577,4002841.1508249543,-75.7208607211558,36.1681630472709,ok,123.02577476529991,IW3,0,14939.220627210112,683.7843208217847,154,37,3.320760919843947,13.899706045089268,0.0,0.007732109112026111,affine_dtft,44.26721281880106,6,identified,2,130.46191532146048,57.544519311113824,127.01156821934926,0.04946939397148858,60.255118703057654,2,3.306214890514982,True,12.663258475998344,14.362995850182248,11.18616378238885
23,2050.0,435215.4973616917,4002857.4431010694,-75.72033649746565,36.16831308491489,ok,123.02577476529991,IW3,0,14954.053196407931,684.4099192981732,154,37,3.320754508552078,13.899704608916322,0.0,0.0077321283318739185,affine_dtft,44.26980680012174,6,identified,1,132.25926331183035,59.48689652651793,127.01156821934926,0.04946939397148858,60.255118703057654,2,3.9408682386878264,True,12.663258475998344,14.362995850182248,11.18616378238885
23,2100.0,435262.7685129258,4002873.735377184,-75.71981227174244,36.16846312028235,ok,101.59131047220352,IW3,0,14968.885807303675,685.035497697866,154,37,3.3207481016753797,13.899703168473513,0.0,0.007732148509210468,affine_dtft,44.27240078879174,6,identified,1,131.89977294802426,60.071909878954095,127.01156821934926,0.04946939397148858,60.255118703057654,2,3.597730949486903,True,8.252462944339959,9.458694810111956,7.187087732634592
23,2150.0,435310.0396641598,4002890.0276532993,-75.7192880439862,36.16861315337322,ok,,IW3,0,14983.718459896963,685.6610560204664,154,37,3.3207416945115784,13.89970173311322,0.0,0.007732148298655361,affine_dtft,44.274994784811014,6,identified,3,124.62928629838888,60.79271002569757,127.01156821934926,0.04946939397148858,60.255118703057654,2,2.994617381463771,False,,,
23,2200.0,435357.31081539387,4002906.3199294144,-75.71876381419698,36.16876318418749,ok,55.067494408779346,IW3,0,14998.55115418581,686.2865942659097,154,37,3.3207352869872016,13.89970029798077,0.0,0.007732169486767714,affine_dtft,44.2775887881792,6,identified,7,34.18953128239658,85.25088752795702,25.33053723076629,0.2480478503056806,76.65127288671256,3,5.346598224101082,True,2.2843779954275893,2.831351493873119,1.8074113894484822
23,2250.0,435404.5819666279,4002922.6122055296,-75.7182395823748,36.16891321272507,ok,31.086136471922714,IW3,0,15013.38389016924,686.9121124335383,154,37,3.3207288799766133,13.899698862063044,0.0,0.00773216774133578,affine_dtft,44.280182798896135,6,identified,3,34.14147237696728,84.25666633721761,33.96393609250092,0.18499579348127687,84.28940686250027,2,6.6013167601964415,True,0.7168918078136646,1.0210995293911271,0.46937733299776885
23,2300.0,435451.85311786196,4002938.9044816443,-75.71771534851973,36.169063238985984,ok,39.1910483813607,IW3,0,15028.216667845943,687.53761052354,154,37,3.3207224744110406,13.899697427292748,0.0,0.007732189812727701,affine_dtft,44.28277681696159,6,identified,2,34.048803915986504,84.00760640376477,33.96393609250092,0.18499579348127687,84.28940686250027,2,7.289956592546797,True,1.1442021011338115,1.5264760599645237,0.822074822796408
23,2350.0,435499.12426909595,4002955.1967577594,-75.71719111263177,36.16921326297016,ok,,IW3,0,15043.049487215527,688.1630885354014,154,37,3.3207160671900486,13.899695994864778,0.0,0.007732209849339605,affine_dtft,44.28537084237549,6,ambiguous_multiple_blobs,7,63.35588389904735,85.80144400700166,63.875365022904795,0.09836633113449177,86.42366562500249,2,3.976738367046067,False,,,
23,2400.0,435546.39542033,4002971.4890338746,-75.71666687471098,36.16936328467755,ok,60.91856186591,IW3,0,15057.882348275394,688.7885464687961,154,37,3.3207096594626577,13.8996945615607,0.0,0.007732210274423069,affine_dtft,44.28796487513739,6,identified,1,64.23402991824881,84.97467220886568,63.50578410967466,0.09893878794297711,82.87498365109803,1,4.4441200584523255,True,2.8101070395298646,3.422935023514142,2.2721683477839503
23,2450.0,435593.66657156404,4002987.7813099893,-75.71614263475739,36.16951330410815,ok,,IW3,0,15072.715251025724,689.4139843236744,154,37,3.3207032562815564,13.899693130580525,0.0,0.0077322295679473005,affine_dtft,44.29055891524732,6,identified,1,75.65857705306142,89.70420944996137,85.28596539555441,0.07367197261634212,88.09084756700337,5,4.055056127979096,True,,,
23,2500.0,435640.9377227981,4003004.0735861044,-75.71561839277103,36.16966332126189,ok,,IW3,0,15087.548195464295,690.039402099654,154,37,3.32069685007575,13.899691698549008,0.0,0.007732250346453892,affine_dtft,44.29315296270488,6,ambiguous_multiple_blobs,2,74.93860536530632,89.76662112663752,73.14285714285705,0.085902924121596,89.99999999999979,1,3.6438812434745667,False,,,
23,2550.0,435688.20887403213,4003020.3658622196,-75.71509414875194,36.16981333613876,ok,,IW3,0,15102.381181590865,690.664799796545,154,37,3.3206904446907246,13.899690268134018,0.0,0.007732249690779655,affine_dtft,44.29574701751005,6,ambiguous_multiple_blobs,2,74.01239537395986,89.6629642776221,73.14285714285705,0.085902924121596,89.99999999999979,1,3.4288617503711945,False,,,
23,2600.0,435735.4800252662,4003036.6581383348,-75.71456990270016,36.1699633487387,ok,,IW3,0,15117.214209403688,691.2901774140033,154,37,3.320684039570149,13.899688838938914,0.0,0.007732269851003782,affine_dtft,44.298341079662514,6,ambiguous_multiple_blobs,4,125.55720753648967,60.700062462191454,127.01156821934926,0.04946939397148858,60.255118703057654,2,3.9381718507821835,False,,,
23,2650.0,435782.7511765002,4003052.9504144494,-75.71404565461573,36.17011335906167,ok,132.00879555745234,IW3,0,15132.047278901397,691.9155349517956,154,37,3.3206776344686557,13.899687408492499,0.0,0.007732269784365142,affine_dtft,44.30093514916202,6,identified,1,124.74744371665486,61.77330519719654,127.01156821934926,0.04946939397148858,60.255118703057654,2,4.368144968388736,True,14.9295709258162,16.90919926059255,13.228717908736934
23,2700.0,435830.0223277343,4003069.2426905646,-75.71352140449868,36.17026336710765,ok,134.50740922650388,IW3,0,15146.880390083415,692.5408724096613,154,37,3.32067122877336,13.899685980128703,0.0,0.007732289517987436,affine_dtft,44.30352922600849,6,identified,1,133.25807827634821,60.60801686356744,127.01156821934926,0.04946939397148858,60.255118703057654,2,3.6377459719575196,True,15.61183580159316,17.6804299672641,13.841255669718999
23,2750.0,435877.2934789683,4003085.5349666798,-75.71299715234906,36.170413372876595,ok,136.00657742793481,IW3,0,15161.713542947278,693.1661897874453,154,37,3.3206648233158287,13.899684553438368,0.0,0.007732310006446845,affine_dtft,44.306123310201485,6,identified,1,141.94300991945357,58.251260065135355,142.0032502336585,0.04424677109038668,56.309932474020094,1,3.1869105446071195,True,16.032899186072644,18.157610867108563,14.218674594145401
23,2800.0,435924.56463020237,4003101.827242795,-75.71247289816688,36.17056337636847,ok,117.62884583150212,IW3,0,15176.546737493256,693.7914870848273,154,37,3.320658421238472,13.899683127635825,0.0,0.0077323104111072325,affine_dtft,44.308717401741056,6,identified,1,140.20665549350755,58.74904646066923,142.0032502336585,0.04424677109038668,56.309932474020094,1,3.5727487395120914,True,11.429568934542989,12.985611012541156,10.070026123975172
23,2850.0,435971.8357814364,4003118.1195189096,-75.71194864195219,36.170713377583226,ok,99.2511142350694,IW3,0,15191.379973720148,694.4167643013735,154,37,3.320652016283148,13.89968170268722,0.0,0.00773233017772351,affine_dtft,44.311311500626985,6,identified,1,137.11865004492614,60.6570835837901,142.0032502336585,0.04424677109038668,56.309932474020094,1,4.277025497141125,True,7.844081540406242,9.006779678402264,6.816141874512098
23,2900.0,436019.10693267046,4003134.4117950248,-75.71142438370505,36.17086337652084,ok,77.94683691458292,IW3,0,15206.21325162533,695.0420214371505,154,37,3.320645612699988,13.89968027834192,0.0,0.007732351750952392,affine_dtft,44.31390560685882,6,identified,3,129.84672437335183,62.891187448838075,35.12291023718577,0.17889136363556152,84.0938588862294,4,7.725321387249064,True,4.686997396561286,5.513581676720438,3.954650361808396
23,2950.0,436066.3780839045,4003150.70407114,-75.71090012342545,36.17101337318125,ok,61.932733584814045,IW3,0,15221.046571209132,695.6672584915432,154,37,3.3206392103585936,13.899678852101191,0.0,0.007732351369928969,affine_dtft,44.31649972043662,6,identified,2,121.74318581002285,63.933753376284436,35.12291023718577,0.17889136363556152,84.0938588862294,4,8.691340807443684,True,2.9072327095694797,3.5318174960116093,2.3584636171358753
23,3000.0,436113.64923513855,4003166.9963472546,-75.71037586111346,36.171163367564446,ok,35.242561368532556,IW3,0,15235.879932469155,696.2924754644922,154,37,3.3206328074963722,13.899677428928733,0.0,0.007732371877944169,affine_dtft,44.31909384135996,6,identified,3,35.70252386542256,83.55679089584447,35.48186363122613,0.17708160350545998,83.36748538486144,3,8.345263811698366,True,0.923268695424424,1.2670959814004839,0.637786708382253
24,250.0,433588.736503791,4002054.3608770478,-75.73835515201837,36.16096316056901,touches_land_or_unmapped,,,,,,,,,,,,,,,,,,,,,,,,,,,
24,300.0,433635.96435561095,4002070.7782462793,-75.73783150264764,36.161114398797025,touches_land_or_unmapped,,,,,,,,,,,,,,,,,,,,,,,,,,,
24,350.0,433683.19220743084,4002087.1956155105,-75.73730785122993,36.16126563475434,touches_land_or_unmapped,,,,,,,,,,,,,,,,,,,,,,,,,,,
24,400.0,433730.4200592508,4002103.6129847416,-75.73678419776523,36.161416868440945,ok,97.47075557996384,IW3,0,14479.185462109259,647.5490963230443,153,37,3.345776731350116,13.899755801529142,0.0,0.0076399056376166554,affine_dtft,44.18603928264292,4,identified,1,89.98729293560754,82.0065942323683,91.58934435839126,0.06860170635781969,79.69515353123374,2,7.4325544824023435,True,7.542097479237947,8.672716925178317,6.541864157248945
24,450.0,433777.64791107073,4002120.030353973,-75.73626054225362,36.161568099856765,ok,101.33530817337507,IW3,0,14493.899889472666,648.1847615546402,153,37,3.34577022409852,13.899754337384707,0.0,0.007639925729241391,affine_dtft,44.188644453163626,5,identified,1,95.89347425694129,81.02921816292185,100.4114611907501,0.06257438376724263,78.69006752597954,1,6.758505500640134,True,8.207146864892596,9.408537882739365,7.145925094316868
24,500.0,433824.8757628906,4002136.4477232043,-75.73573688469513,36.161719329001784,ok,103.65403972942181,IW3,0,14508.61435862429,648.8204067401077,153,37,3.3457637146973935,13.89975287513047,0.0,0.007639924882172768,affine_dtft,44.19124963113995,5,identified,1,100.84894337059791,81.21409455613431,100.4114611907501,0.06257438376724263,78.69006752597954,1,7.009773520921394,True,8.623443819152262,9.8694155350556,7.524059241311757
24,550.0,433872.10361471056,4002152.8650924354,-75.73521322508978,36.16187055587595,ok,108.23350694734138,IW3,0,14523.328869562662,649.456031879174,153,37,3.3457572030586804,13.899751411335993,0.0,0.0076399447520713705,affine_dtft,44.19385481657161,5,identified,1,109.30732333590922,80.29638477948079,112.92896595360881,0.05563838519304885,72.89727103094742,3,6.008618248044546,True,9.485256955857489,10.82446292863506,8.30668699264142
24,600.0,433919.3314665305,4002169.282461667,-75.73468956343758,36.16202178047923,ok,111.0485507987892,IW3,0,14538.043422288347,650.0916369715221,153,37,3.3457506945822932,13.899749950250866,0.0,0.0076399624542942135,affine_dtft,44.19646000945875,5,identified,1,116.37510026176945,69.0109208629274,112.92896595360881,0.05563838519304885,72.89727103094742,3,8.72676109774852,True,10.04217068566206,11.442459577279454,8.81217449157373
24,650.0,433966.5593183504,4002185.699830898,-75.73416589973864,36.162173002811606,ok,113.86359465023698,IW3,0,14552.758016797083,650.7272220172175,153,37,3.3457441861986013,13.899748491782065,0.0,0.007639961618060875,affine_dtft,44.199065209800565,5,identified,1,112.96952720950524,68.29770097475314,114.4866804479891,0.05488136508625573,63.434948822921854,1,9.886218825572067,True,10.620657536575797,12.08521892107142,9.33693005742053
24,700.0,434013.78717017034,4002202.117200129,-75.73364223399294,36.16232422287301,ok,114.09725182439402,IW3,0,14567.472653090408,651.3627870155424,153,37,3.345737678969372,13.899747030596398,0.0,0.007639982295287051,affine_dtft,44.20167041759737,5,identified,1,109.84344327670532,67.58090545958567,114.4866804479891,0.05488136508625573,63.434948822921854,1,7.896717089288636,True,10.669668392662244,12.139717058798716,9.381371481100357
24,750.0,434061.0150219903,4002218.5345693603,-75.73311856620053,36.16247544066343,ok,114.4866804479891,IW3,0,14582.187331165658,651.9983319666211,153,37,3.3457311733312833,13.899745570647694,0.0,0.007639982885565711,affine_dtft,44.204275632848685,5,identified,1,109.25025691337036,67.51425230529095,114.4866804479891,0.05488136508625573,63.434948822921854,1,5.748216066920648,True,10.751697208045057,12.230945217390955,9.455745991365431
24,800.0,434108.2428738102,4002234.951938592,-75.73259489636145,36.1626266561828,ok,,IW3,0,14596.902051022027,652.6338568700091,153,37,3.345724663213402,13.899744113224129,0.0,0.007640001984040719,affine_dtft,44.206880855554346,5,ambiguous_multiple_blobs,2,71.2995040904863,71.78996452765408,127.99999999999986,0.04908738521234057,89.99999999999962,1,4.1220164002756885,False,,,
24,850.0,434155.4707256301,4002251.369307823,-75.73207122447573,36.16277786943109,ok,,IW3,0,14611.616812658564,653.2693617252618,153,37,3.3457181548475576,13.899742656927938,0.0,0.007640022453600036,affine_dtft,44.20948608571422,5,ambiguous_multiple_blobs,2,125.86940341233984,87.03884868471327,127.99999999999986,0.04908738521234057,89.99999999999962,1,6.1479666969977185,False,,,
24,900.0,434202.69857745,4002267.786677054,-75.73154755054341,36.16292908040828,ok,118.5185185185184,IW3,0,14626.331616074542,653.9048465324405,153,37,3.345711648713209,13.89974120122463,0.0,0.007640021347632856,affine_dtft,44.212091323328146,5,identified,2,117.59521662315677,87.34098923794836,113.77777777777767,0.05522330836388313,89.99999999999966,2,6.181656086037757,True,11.62678457676359,13.205441600362366,10.248617772540388
24,950.0,434249.92642926995,4002284.2040462857,-75.73102387456453,36.163080289114326,ok,120.64178094372613,IW3,0,14641.046461267737,654.5403112912309,153,37,3.345705141579181,13.899739744211539,0.0,0.007640040393858726,affine_dtft,44.21469656839575,5,identified,1,115.73083121148069,89.00314809466927,113.77777777777767,0.05522330836388313,89.99999999999966,2,5.176424669898509,True,12.107156428061339,13.74145020269292,10.683368600162717
24,1000.0,434297.1542810899,4002300.621415517,-75.73050019653911,36.16323149554918,ok,121.91573839885078,IW3,0,14655.761348237857,655.1757560012428,153,37,3.3456986349286835,13.899738289871124,0.0,0.00764006198924511,affine_dtft,44.21730182091697,5,identified,1,122.29767513481244,92.37306713344191,127.99999999999986,0.04908738521234057,89.99999999999962,1,4.081562296264263,True,12.402084771542706,14.0709432448386,10.950094778459732
24,1050.0,434344.3821329098,4002317.038784748,-75.72997651646722,36.1633826997128,ok,124.56249648716512,IW3,0,14670.476276982528,655.8111806622265,153,37,3.3456921286045644,13.899736834302884,0.0,0.007640060945378,affine_dtft,44.2199070808914,5,identified,2,127.86551423720417,95.30350496320895,127.01156821934933,0.04946939397148855,97.12501634890134,2,3.938623373545692,True,13.031402320314996,14.775113925750462,11.518702115295447
24,1100.0,434391.60998472973,4002333.456153979,-75.72945283434885,36.16353390160516,ok,125.16292443301491,IW3,0,14685.191247502335,656.4465852740581,153,37,3.3456856226184093,13.8997353818948,0.0,0.007640080313381627,affine_dtft,44.22251234831913,5,identified,2,121.71231551710571,96.8683781433266,127.01156821934933,0.04946939397148855,97.12501634890134,2,3.324656665744904,True,13.177354464433133,14.938649604455335,11.650464683650751
24,1150.0,434438.8378365497,4002349.8735232106,-75.72892915018407,36.163685101226214,ok,122.91890793442026,IW3,0,14699.906259794927,657.0819698361939,153,37,3.3456791165065214,13.899733928424808,0.0,0.007640101570668197,affine_dtft,44.22511762319975,5,identified,1,121.54789275732068,96.41922930172835,127.01156821934933,0.04946939397148855,97.12501634890134,2,3.6225903306527187,True,12.637942532746466,14.334675409529282,11.163286790560933
24,1200.0,434486.06568836956,4002366.2908924418,-75.7284054639729,36.16383629857593,ok,122.91890793442026,IW3,0,14714.621313858908,657.7173343487333,153,37,3.3456726095405647,13.899732478115032,0.0,0.007640100734320757,affine_dtft,44.227722905533014,5,identified,1,118.44351719350252,95.42836386392673,116.77991750702667,0.05380364570647625,98.74616226255486,3,3.3190991039873143,True,12.637942532746466,14.334675409529282,11.163286790560933
24,1250.0,434533.2935401895,4002382.708261673,-75.72788177571539,36.16398749365426,ok,121.89574286318799,IW3,0,14729.33640969427,658.3526788111697,153,37,3.345666105430658,13.89973102693474,0.0,0.007640120950669658,affine_dtft,44.23032819531892,5,identified,3,119.52749060758006,94.8578644742674,116.77991750702667,0.05380364570647625,98.74616226255486,3,3.0060303857635327,True,12.397416183559162,14.065725021231222,10.945873815713878
24,1300.0,434580.5213920094,4002399.1256309045,-75.72735808541158,36.164138686461186,ok,128.305077624347,IW3,0,14744.05154729862,658.988003223362,153,37,3.3456596002060994,13.899729574869905,0.0,0.007640119710499921,affine_dtft,44.232933492557045,5,identified,3,126.07509830251044,94.84529466173571,127.01156821934933,0.04946939397148855,97.12501634890134,2,3.073425577811574,True,13.961055320182894,15.818295748401876,12.35721416875116
24,1350.0,434627.74924382934,4002415.5430001356,-75.72683439306148,36.16428987699665,ok,,IW3,0,14758.76672667129,659.6233075849423,153,37,3.3456530944609293,13.89972812661648,0.0,0.007640139370700599,affine_dtft,44.235538797247266,5,identified,2,137.3146638833456,64.23948216473532,132.44332448539438,0.04744055868117751,82.56859202882718,6,2.5788268712019597,False,,,
24,1400.0,434674.9770956493,4002431.9603693667,-75.72631069866515,36.16444106526061,ok,146.23957250282638,IW3,0,14773.481947811342,660.2585918956614,153,37,3.3456465896823344,13.899726678589493,0.0,0.29608731455439413,affine_dtft,44.23814410938943,5,identified,3,155.7590201270863,62.42401361322411,152.64890726398542,0.04116102381469181,63.43494882292177,2,4.316765268691636,True,19.164787468725034,21.739879139501827,17.009438332324155
24,1450.0,434722.2049474692,4002448.3777385983,-75.7257870022226,36.16459225125305,ok,150.14018537798302,IW3,0,14788.197210717777,660.8938561552657,153,37,3.345640087338226,13.899725230511248,0.0,0.4653265129182434,affine_dtft,44.24074942898336,5,identified,3,163.212923536534,60.793386431603395,152.64890726398542,0.04116102381469181,63.43494882292177,2,5.260740603495681,True,20.49101815769256,23.276932750981214,18.181367666289443
24,1500.0,434769.4327992891,4002464.7951078294,-75.7252633037339,36.164743434973914,ok,150.14018537798302,IW3,0,14802.912515389053,661.5291003636469,153,37,3.345633584343213,13.899723781464495,0.0,0.5329057528631425,affine_dtft,44.243354756028765,5,identified,1,157.3366003900045,61.438909710627144,152.64890726398542,0.04116102381469181,63.43494882292177,2,4.154999067873084,True,20.49101815769256,23.276932750981214,18.181367666289443
24,1550.0,434816.66065110906,4002481.2124770605,-75.72473960319905,36.16489461642317,ok,149.30394474931555,IW3,0,14817.62786182362,662.1643245203502,153,37,3.345627078194519,13.899722334943165,0.0,0.5291672541623756,affine_dtft,44.24596009052539,5,identified,1,141.11449132664825,62.403445832843495,142.61401971997583,0.04405727655329181,68.19859051364797,3,3.829329318941708,True,20.1998944277329,22.938386204883017,17.92466325182214
24,1600.0,434863.88850292895,4002497.6298462916,-75.72421590061813,36.16504579560078,ok,,IW3,0,14832.3458061331,662.7995270716767,154,37,3.3208904559339176,13.899720890744444,0.0,0.47326850864552783,affine_dtft,44.24856513587844,5,identified,1,119.43305873832762,67.07199702955943,119.85013472883753,0.05242535038776029,69.44395478041629,2,2.881974888218339,False,,,
24,1650.0,434911.1163547489,4002514.047215523,-75.72369219599115,36.16519697250671,ok,,IW3,0,14847.17081888846,663.4346445231919,154,37,3.320884002946977,13.899719444398375,0.0,0.5352033699270133,affine_dtft,44.251157770006046,5,ambiguous_multiple_blobs,2,34.45914344848523,82.90071281752503,114.4866804479891,0.05488136508625573,63.434948822921854,1,2.969965607963494,False,,,
24,1700.0,434958.34420656884,4002530.4645847543,-75.72316848931814,36.165348147140904,ok,34.64533208252208,IW3,0,14861.995873714122,664.0697419218791,154,37,3.3208775454218995,13.899718000734516,0.0,0.5477573686092305,affine_dtft,44.25375041154808,5,identified,1,34.543300994109174,82.75316083788593,33.833912343300554,0.18570673244720745,82.40535663140847,1,7.9280158398274425,True,0.89196982700771,1.2300530139675487,0.6119794997632764
24,1750.0,435005.57205838873,4002546.8819539854,-75.72264478059914,36.16549931950335,ok,34.87584247912334,IW3,0,14876.820970610923,664.7048192678792,154,37,3.3208710917295075,13.89971655723145,0.0,0.4849370211949328,affine_dtft,44.2563430605047,5,identified,2,34.85452566553404,83.06721168886689,34.979173667079905,0.17962646479247468,82.1466866980217,2,8.413116539303331,True,0.9039844739756971,1.2442825703599307,0.6218760603925007
24,1800.0,435052.7999102087,4002563.299323217,-75.7221210698342,36.165650489593986,ok,34.87584247912334,IW3,0,14891.646109575451,665.3398765607753,154,37,3.320864637312672,13.89971511393653,0.0,0.3265527719902036,affine_dtft,44.258935716875285,5,identified,5,35.32816816257883,83.44515007157416,35.12291023718577,0.17889136363556152,84.0938588862294,4,7.542696149061891,True,0.9039844739756971,1.2442825703599307,0.6218760603925007
24,1850.0,435100.02776202856,4002579.716692448,-75.72159735702334,36.16580165741281,ok,35.2231525243976,IW3,0,14906.47129060839,665.9749138003967,154,37,3.3208581832637387,13.899713673727065,0.0,0.07532052188292482,affine_dtft,44.26152838065998,5,identified,5,30.011455049572312,83.52909015566907,35.567373668927125,0.17665586910255315,84.68545433005517,3,7.878945543697743,True,0.9222428257838904,1.2658831570045976,0.6369395086282563
24,1900.0,435147.2556138485,4002596.1340616792,-75.72107364216662,36.165952822959724,ok,,IW3,0,14921.296513707022,666.6099309862138,154,37,3.3208517310963397,13.899712230056764,0.0,0.007731755570672581,affine_dtft,44.26412105185831,5,ambiguous_multiple_blobs,2,30.03127232443788,83.78340705846028,124.17824001860234,0.05059811852896565,104.03624346792603,1,2.2667581929301095,False,,,
24,1950.0,435194.48346566845,4002612.5514309104,-75.72054992526405,36.16610398623474,ok,,IW3,0,14936.121778870951,667.2449281182148,154,37,3.3208452775493003,13.899710790373048,0.0,0.007731775818786136,affine_dtft,44.26671373047019,5,ambiguous_multiple_blobs,2,29.956938065409183,84.00542408027759,124.17824001860234,0.05059811852896565,104.03624346792603,1,2.5455074653870295,False,,,
24,2000.0,435241.71131748834,4002628.968800142,-75.72002620631567,36.166255147237806,ok,,IW3,0,14950.947086099544,667.879905196067,154,37,3.3208388242973323,13.89970935092522,0.0,0.007731774849452498,affine_dtft,44.269306416495525,5,identified,2,29.833889609400646,84.22077167182616,127.01156821934933,0.04946939397148855,97.12501634890134,2,2.4833254077196996,False,,,
24,2050.0,435288.9391693083,4002645.386169373,-75.71950248532153,36.16640630596887,ok,,IW3,0,14965.772435390654,668.5148622194193,154,37,3.320832367599558,13.899707914178213,0.0,0.007731796317545155,affine_dtft,44.27189910993391,5,identified,8,49.64909544278626,60.17174650665388,162.8156743689765,0.03859078882626799,57.994616791916336,3,2.2521648597716353,False,,,
24,2100.0,435336.16702112823,4002661.803538604,-75.71897876228165,36.16655746242791,ok,,IW3,0,14980.597826743902,669.1497991880926,154,37,3.3208259157961106,13.899706475081011,0.0,0.007731816954251582,affine_dtft,44.27449181078533,5,ambiguous_multiple_blobs,6,54.91269793910747,121.04112096952753,127.01156821934926,0.04946939397148858,60.255118703057654,2,2.8173518089993403,False,,,
24,2150.0,435383.3948729481,4002678.2209078358,-75.71845503719608,36.16670861661488,ok,,IW3,0,14995.423260156978,669.7847161018343,154,37,3.3208194628310843,13.899705036026077,0.0,0.0077318165022189494,affine_dtft,44.27708451904933,5,ambiguous_multiple_blobs,5,54.52207710292032,121.0369650814703,34.03891176010408,0.18458831326517045,68.55226367289458,2,5.392910010211479,False,,,
24,2200.0,435430.62272476807,4002694.638277067,-75.71793131006484,36.16685976852977,ok,33.96393609250092,IW3,0,15010.248735630032,670.4196129605461,154,37,3.3208130106865728,13.899703600776046,0.0,0.007731835809327393,affine_dtft,44.279677234725966,5,identified,4,70.03815783087526,92.20395631235893,33.96393609250092,0.18499579348127687,84.28940686250027,2,6.002700186429794,True,0.8569361871396554,1.1884874056212213,0.5831960715153409
24,2250.0,435477.850576588,4002711.055646298,-75.717407580888,36.167010918172494,ok,35.84754202697503,IW3,0,15025.074253160989,671.0544897635745,154,37,3.320806558530303,13.89970216473962,0.0,0.007731856201254333,affine_dtft,44.28226995781488,5,identified,1,34.165840042116976,84.48478301360296,33.96393609250092,0.18499579348127687,84.28940686250027,2,7.715841190254475,True,0.9555393117397375,1.305203668126375,0.6644812435694261
24,2300.0,435525.0784284079,4002727.4730155296,-75.71688384966555,36.167162065543046,ok,36.968633252684086,IW3,0,15039.899812749292,671.6893465109995,154,37,3.3208001077768246,13.89970073040937,0.0,0.007731857273586572,affine_dtft,44.28486268831597,5,identified,1,34.43907908231289,84.2945704476028,33.96393609250092,0.18499579348127687,84.28940686250027,2,7.997961797000935,True,1.01684836830945,1.3773796028085699,0.7154212597870583
24,2350.0,435572.30628022784,4002743.8903847607,-75.71636011639755,36.167313210641375,ok,46.33867150919413,IW3,0,15054.725414393111,672.3241832023299,154,37,3.32079365606499,13.899699296490406,0.0,0.007731877221193876,affine_dtft,44.287455426228895,5,identified,8,63.65223956770291,86.40795389203706,41.49835983039733,0.15140803956731771,88.45184230102193,3,5.786798695098502,True,1.6068660949816902,2.0610731630306662,1.2166907097351765
24,2400.0,435619.53413204773,4002760.307753992,-75.71583638108405,36.16746435346745,ok,48.013322171983894,IW3,0,15069.551058091762,672.9589998375197,154,37,3.320787203483054,13.89969786287064,0.0,0.0077318761722983236,affine_dtft,44.29004817155356,5,identified,7,64.16377367993753,86.0174694281247,41.4529981555203,0.15157372413948916,86.90594194108276,3,6.114749233772202,True,1.7271391988460523,2.198690601840009,1.3206549687236007
24,2450.0,435666.7619838677,4002776.725123223,-75.71531264372507,36.16761549402122,ok,51.52566869185464,IW3,0,15084.376743843535,673.5937964160452,154,37,3.320780752158162,13.899696429586964,0.0,0.0077318965977205036,affine_dtft,44.29264092428966,5,identified,4,101.31217668585433,90.88126726982622,80.81412737505116,0.07774860053886226,88.49256424122478,6,3.7950590557949395,True,1.9942888163114294,2.5028942236287417,1.5530892550543207
24,2500.0,435713.9898356876,4002793.1424924545,-75.71478890432064,36.167766632302666,ok,72.90397078909263,IW3,0,15099.202471647717,674.2285729379058,154,37,3.3207743013891196,13.899694999261134,0.0,0.007731917432586151,affine_dtft,44.29523368443707,5,identified,2,73.51599774150078,91.976835984348,42.33718940644977,0.14840818191446567,82.87498365109809,2,5.257192612643269,True,4.075296612456863,4.834601500821328,3.403576725557682
24,2550.0,435761.2176875075,4002809.5598616856,-75.7142651628708,36.16791776831173,ok,,IW3,0,15114.028241503544,674.8633294026274,154,37,3.320767850550762,13.899693566421995,0.0,0.00773191584874437,affine_dtft,44.29782645199565,5,ambiguous_multiple_blobs,3,72.6994172507997,91.96135395678147,73.14285714285705,0.085902924121596,89.99999999999979,1,3.5124312260861026,False,,,
24,2600.0,435808.44553932745,4002825.9772309167,-75.71374141937561,36.168068902048404,ok,105.84297351612439,IW3,0,15128.854053408375,675.4980658102023,154,37,3.3207613989459914,13.899692136199409,0.0,0.007731936694862774,affine_dtft,44.300419226964955,5,identified,2,122.25746208603863,59.678933204385594,127.01156821934926,0.04946939397148858,60.255118703057654,2,4.315501108454278,True,9.028699721299734,10.318337940359031,7.8921236478989485
24,2650.0,435855.6733911474,4002842.3946001483,-75.71321767383508,36.16822003351262,ok,130.75948872292656,IW3,0,15143.679907362624,676.1327821601534,154,37,3.320754950066329,13.89969070673582,0.0,0.007731958034764531,affine_dtft,44.30301200934504,5,identified,1,121.77434827620607,61.19937741501827,127.01156821934926,0.04946939397148858,60.255118703057654,2,4.755944052951621,True,14.597291954876134,16.534432183163364,12.929973315271841
24,2700.0,435902.9012429673,4002858.8119693794,-75.71269392624923,36.16837116270434,ok,133.00824102507295,IW3,0,15158.50580336456,676.7674784521829,154,37,3.3207485013360083,13.899689277683697,0.0,0.007731957913890959,affine_dtft,44.30560479913562,5,identified,1,125.38107853397769,62.355269848045225,127.01156821934926,0.04946939397148858,60.255118703057654,2,3.70297870391188,True,15.199604955498035,17.214162273573024,13.471297490457424
24,2750.0,435950.12909478723,4002875.2293386105,-75.71217017661814,36.16852228962353,ok,136.00657742793481,IW3,0,15173.331741412483,677.402154686113,154,37,3.320742051735609,13.899687850613066,0.0,0.007731978294563638,affine_dtft,44.308197596336385,5,identified,1,137.64037268632524,59.988771321172685,142.0032502336585,0.04424677109038668,56.309932474020094,1,3.3750760247365226,True,16.032899186072644,18.157610867108563,14.218674594145401
24,2800.0,435997.3569466071,4002891.6467078417,-75.71164642494183,36.16867341427017,ok,136.00657742793481,IW3,0,15188.157721505304,678.036810861723,154,37,3.3207356008585553,13.899686421921094,0.0,0.007731999002937542,affine_dtft,44.310790400947155,5,identified,1,139.940106310485,59.86195334492533,142.0032502336585,0.04424677109038668,56.309932474020094,1,3.6416794384155753,True,16.032899186072644,18.157610867108563,14.218674594145401
24,2850.0,436044.58479842707,4002908.0640770732,-75.71112267122032,36.168824536644216,ok,138.25532973008117,IW3,0,15202.983743642759,678.6714469788607,154,37,3.3207291510477215,13.899684997603325,0.0,0.00773199779955375,affine_dtft,44.31338321296787,5,identified,1,139.7777210775387,61.167325609681235,142.0032502336585,0.04424677109038668,56.309932474020094,1,4.196762840081827,True,16.681619519864,18.894699465043864,14.79919053631513
24,2900.0,436091.812650247,4002924.4814463044,-75.71059891545366,36.16897565674561,ok,137.00602289555542,IW3,0,15217.809807823212,679.3060630369363,154,37,3.3207227018224117,13.89968357018186,0.0,0.007732019165924709,affine_dtft,44.31597603239826,5,identified,2,133.04148275644724,61.842156390021046,127.01156821934926,0.04946939397148858,60.255118703057654,2,4.532953787491654,True,16.31864099635941,18.481984783880584,14.474521160524228
24,2950.0,436139.0405020669,4002940.8988155355,-75.7100751576419,36.16912677457434,ok,,IW3,0,15232.635914044844,679.9406590360365,154,37,3.3207162546406988,13.899682146684077,0.0,0.007732017904610683,affine_dtft,44.31856885923799,5,ambiguous_multiple_blobs,3,35.7986913284021,84.99699997748687,114.4866804479891,0.05488136508625573,63.434948822921854,1,4.749488093681482,False,,,
24,3000.0,436186.26835388684,4002957.316184767,-75.70955139778503,36.169277890130346,ok,,IW3,0,15247.462062307339,680.5752349756667,154,37,3.320709806078573,13.899680722925906,0.0,0.007732038222587642,affine_dtft,44.321161693487035,5,ambiguous_multiple_blobs,5,36.00269810285014,84.7386895180116,114.4866804479891,0.05488136508625573,63.434948822921854,1,3.5410430592183673,False,,,
