{"type": "FeatureCollection", "features": [{"type": "Feature", "properties": {"kind": "coastline_smoothed"}, "geometry": {"type": "LineString", "coordinates": [[-75.76534131420382, 36.21710702864945], [-75.76529665937605, 36.21700703544302], [-75.76525022258761, 36.21690314862963], [-75.76520200837138, 36.21679538351885], [-75.76515202491377, 36.21668376526803], [-75.76510028552451, 36.216568328169785], [-75.7650468082176, 36.216449115507494], [-75.76499161540306, 36.21632617929691], [-75.76493473273983, 36.21619958024375], [-75.76487618957186, 36.21606938709176], [-75.76481601817034, 36.21593567631998], [-75.76475425363495, 36.21579853156024], [-75.76469093458337, 36.2156580426978], [-75.76462610296478, 36.21551430523354], [-75.76455980296909, 36.215367419925826], [-75.7644920803311, 36.215217492273794], [-75.76442298247126, 36.21506463169906], [-75.76435255742562, 36.21490895113606], [-75.76428085431112, 36.21475056609691], [-75.76420792339253, 36.21458959388159], [-75.76413381629406, 36.21442615275438], [-75.76405858429692, 36.21426036179982], [-75.76398227826773, 36.21409234024735], [-75.76390494867658, 36.21392220679959], [-75.76382664438445, 36.21375007942165], [-75.76374741383634, 36.21357607434773], [-75.76366730466128, 36.21340030568085], [-75.76358636442723, 36.21322288464492], [-75.76350463845952, 36.21304391989521], [-75.76342216930945, 36.21286351731435], [-75.76333899878325, 36.212681778981796], [-75.76325516719356, 36.21249880314847], [-75.76317071420638, 36.212314683714865], [-75.76308567677535, 36.212129510758494], [-75.76300009011644, 36.2119433700656], [-75.76291398772395, 36.211756343037514], [-75.76282740140415, 36.21156850663349], [-75.76274036120857, 36.211379933387896], [-75.76265289450727, 36.21119069175909], [-75.76256502809618, 36.211000845470004], [-75.76247678729364, 36.21081045391183], [-75.76238819602051, 36.21061957223623], [-75.76229927688397, 36.21042825146867], [-75.76221005182886, 36.21023653844633], [-75.76212054196102, 36.21004447605572], [-75.76203076676939, 36.20985210368911], [-75.76194074482481, 36.20965945720384], [-75.76185049386534, 36.20946656909845], [-75.76176003087696, 36.20927346869466], [-75.76166937160276, 36.20908018251676], [-75.7615785308738, 36.20888673438861], [-75.76148752353231, 36.20869314532482], [-75.76139636465888, 36.208499433656414], [-75.7613050687229, 36.20830561552068], [-75.76121364854647, 36.208111705407994], [-75.76112211664868, 36.207917715884065], [-75.76103048554535, 36.207723657662136], [-75.76093876834815, 36.20752953956334], [-75.76084697725406, 36.20733536919145], [-75.76075512385303, 36.20714115297405], [-75.76066321937044, 36.20694689621619], [-75.76057127364844, 36.206752603577144], [-75.7604792966534, 36.206558278670535], [-75.76038729815701, 36.20636392428202], [-75.76029528871666, 36.206169542131754], [-75.76020327751613, 36.205975133705934], [-75.76011127324098, 36.20578070003826], [-75.76001928412362, 36.20558624176899], [-75.75992731669055, 36.20539175964161], [-75.75983537789087, 36.20519725383256], [-75.75974347434472, 36.20500272426287], [-75.7596516131517, 36.20480817036858], [-75.75955979994346, 36.20461359181158], [-75.75946803982568, 36.204418988193964], [-75.7593763373769, 36.204224359091434], [-75.7592846966506, 36.20402970408186], [-75.7591931210262, 36.20383502282169], [-75.75910161233587, 36.20364031536797], [-75.75901017280992, 36.203445581529955], [-75.75891880451711, 36.203250821077965], [-75.7588275096312, 36.20305603366629], [-75.7587362890966, 36.20286121930358], [-75.75864514342639, 36.20266637932693], [-75.75855407232449, 36.202471513837985], [-75.75846307554718, 36.202276622920344], [-75.7583721519416, 36.20208170696969], [-75.75828130043756, 36.20188676635326], [-75.75819051921715, 36.20169180169489], [-75.7580998066992, 36.2014968135372], [-75.75800916107741, 36.20130180250008], [-75.75791857994874, 36.2011067694081], [-75.75782806122028, 36.20091171497951], [-75.75773760220596, 36.2007166401361], [-75.75764720063533, 36.20052154565696], [-75.75755685379855, 36.200326432472025], [-75.75746655867465, 36.20013130161798], [-75.75737631251614, 36.19993615403765], [-75.75728611344836, 36.19974099037436], [-75.75719596002273, 36.19954581112521], [-75.75710585017046, 36.199350617000114], [-75.75701578154737, 36.19915540880352], [-75.75692575225214, 36.19896018718789], [-75.75683576187309, 36.19876495229449], [-75.75674581019818, 36.198569704196096], [-75.75665589677585, 36.19837444304768], [-75.75656602084379, 36.19817917067932], [-75.75647618258617, 36.19798388794411], [-75.75638638297595, 36.19778859504868], [-75.75629662336688, 36.19759329217742], [-75.75620690621903, 36.197397979263066], [-75.7561172338075, 36.197202656452696], [-75.75602760835261, 36.19700732408932], [-75.75593803146421, 36.196811982932964], [-75.75584850594171, 36.19661663357767], [-75.75575903491989, 36.196421276784406], [-75.75566962160983, 36.196225913615365], [-75.75558026990143, 36.19603054475303], [-75.75549098250178, 36.19583517140488], [-75.75540176218783, 36.19563979543006], [-75.75531261053882, 36.195444419390135], [-75.75522352966293, 36.195249046637976], [-75.7551345210378, 36.19505368136743], [-75.75504558535982, 36.19485832874472], [-75.75495672238364, 36.19466299505069], [-75.75486793078487, 36.19446768782253], [-75.75477920895574, 36.194272415683244], [-75.75469055258772, 36.19407718928137], [-75.75460195575089, 36.193882021038355], [-75.7545134120662, 36.19368692533225], [-75.75442491333878, 36.19349191870468], [-75.75433644784273, 36.19329702021036], [-75.75424800138389, 36.193102251552], [-75.75415955812154, 36.192907636955525], [-75.75407109960175, 36.19271320366411], [-75.75398260502597, 36.19251898201173], [-75.75389405118588, 36.19232500617596], [-75.75380541124711, 36.19213131445354], [-75.75371665432067, 36.19193794824541], [-75.75362774658791, 36.19174495271826], [-75.75353865197903, 36.19155237750558], [-75.75344933135423, 36.19136027790159], [-75.75335974312337, 36.191168713237595], [-75.75326984254485, 36.19097774689523], [-75.75317958150251, 36.19078744717077], [-75.75308890850027, 36.190597887381514], [-75.75299777024372, 36.190409145406136], [-75.7529061123771, 36.1902213014284], [-75.75281387808502, 36.19003444203927], [-75.75272100870569, 36.18984865846564], [-75.75262744355541, 36.18966404651603], [-75.75253312233995, 36.18948070566426], [-75.7524379847649, 36.189298739053825], [-75.75234197094645, 36.18911825318468], [-75.75224502179033, 36.188939356776245], [-75.75214707963809, 36.188762161597076], [-75.7520480879, 36.18858678180173], [-75.75194799286972, 36.188413332871455], [-75.75184674596791, 36.18824193044074], [-75.7517443042409, 36.18807268967888], [-75.75164062909757, 36.1879057252356], [-75.75153568899661, 36.18774114979302], [-75.75142945813889, 36.1875790739549], [-75.7513219182676, 36.187419605040354], [-75.75121305910505, 36.18726284632165], [-75.75110287981337, 36.187108895893374], [-75.75099139115832, 36.186957845289], [-75.75087861403904, 36.18680977934086], [-75.75076458119194, 36.18666477495432], [-75.75064933657853, 36.18652290068779], [-75.75053293764174, 36.18638421536733], [-75.75041545470484, 36.186248767708186], [-75.75029697135592, 36.1861165956319], [-75.75017758598817, 36.185987725227875], [-75.75005741083471, 36.18586217062163], [-75.74993657204148, 36.18573993354018], [-75.74981520903077, 36.18562100317863], [-75.74969347539678, 36.18550535560321], [-75.74957153899955, 36.18539295349369], [-75.74944958226376, 36.18528374588273], [-75.74932779991114, 36.18517766884244], [-75.74920639762257, 36.18507464591835], [-75.74908559137792, 36.18497458839551], [-75.74896560715324, 36.184877395502745], [-75.74884668018738, 36.184782954821976], [-75.74872905371856, 36.18469114293072], [-75.74861297888768, 36.18460182568957], [-75.74849871029066, 36.184514860060844], [-75.74838650393224, 36.18443009513377], [-75.74827661650463, 36.18434737271738], [-75.74816930536696, 36.18426652770724], [-75.74806482753662, 36.184187388797326], [-75.74796343349149, 36.18410978097015], [-75.74786536687016, 36.184033525953915], [-75.74777086185952, 36.18395844345665], [-75.74768014318381, 36.183884351485624], [-75.74759342290933, 36.183811067732236], [-75.74751089849043, 36.18373841050016], [-75.74743275088312, 36.18366619957731], [-75.74735914163429, 36.1835942574249], [-75.74729021401662, 36.18352240894504], [-75.74722608876381, 36.18345048306922], [-75.74716686473602, 36.18337831262675], [-75.74711261565777, 36.18330573553703], [-75.74706339004061, 36.18323259489117], [-75.74701920975221, 36.183158739486665], [-75.74698006881796, 36.183084024279054], [-75.74694593580413, 36.18300830960911], [-75.74691675227969, 36.18293146178906], [-75.74689243323259, 36.18285335304028], [-75.74687286595254, 36.1827738619877], [-75.74685791184454, 36.18269287318749], [-75.74684740682943, 36.18261027718615], [-75.74684116160927, 36.1825259706783], [-75.74683896301765, 36.18243985635106], [-75.74684057647019, 36.18235184241327], [-75.74684574806798, 36.182261842308584], [-75.7468542045927, 36.18216977521848], [-75.7468656568004, 36.18207556549853], [-75.7468798004539, 36.18197914295384], [-75.74689632014065, 36.18188044221777], [-75.74691489112605, 36.18177940285777], [-75.7469351822616, 36.181675969165525], [-75.74695685835398, 36.18157009016924], [-75.74697958079051, 36.181461720271656], [-75.74700301089207, 36.18135081896867], [-75.74702681080188, 36.181237351418126], [-75.74705064889113, 36.18112128745141], [-75.74707420116297, 36.181002601937706], [-75.74709715392582, 36.18088127468058], [-75.74711920528658, 36.180757290674194], [-75.74714006518062, 36.180630640805326], [-75.74715945829324, 36.180501321495534], [-75.7471771239566, 36.18036933530382], [-75.74719282092298, 36.18023468976975], [-75.74720632701816, 36.180097397919866], [-75.74721744107642, 36.17995747789202], [-75.74722598149917, 36.1798149536145], [-75.74723178780103, 36.179669854354174], [-75.74723472164011, 36.17952221433453], [-75.74723466501109, 36.17937207322164], [-75.74723152099574, 36.17921947562855], [-75.7472252121496, 36.1790644713318], [-75.74721568348922, 36.17890711381531], [-75.74720290019381, 36.17874746054066], [-75.7471868479541, 36.17858557223015], [-75.74716753023267, 36.17842151313925], [-75.74714496689725, 36.17825535079764], [-75.74711919336792, 36.178087155523365], [-75.74709025904117, 36.17791700014559], [-75.74705822858458, 36.177744958713454], [-75.74702317934049, 36.17757110652184], [-75.74698520068755, 36.177395519457825], [-75.74694439043382, 36.17721827436797], [-75.74690085328876, 36.177039448724706], [-75.74685470084125, 36.17685911979669], [-75.74680605113909, 36.17667736398495], [-75.74675502769162, 36.17649425639382], [-75.74670175588969, 36.176309871330346], [-75.74664636234279, 36.17612428185113], [-75.74658897422428, 36.17593755935846], [-75.74652971821244, 36.175749773391146], [-75.74646871890472, 36.17556099165388], [-75.74640609831906, 36.175371279733156], [-75.74634197584318, 36.175180700719245], [-75.74627646695343, 36.174989315309816], [-75.74620968260068, 36.17479718174319], [-75.74614172867797, 36.17460435447724], [-75.74607270667605, 36.1744108861316], [-75.74600271170289, 36.174216827511664], [-75.7459318326576, 36.1740222269189], [-75.74586015227818, 36.17382713011879], [-75.74578774706437, 36.173631580390285], [-75.7457146872747, 36.17343561858482], [-75.74564103593143, 36.173239283556924], [-75.74556685058663, 36.17304261167416], [-75.74549218307679, 36.17284563704054], [-75.74541708082666, 36.172648391207424], [-75.74534158503913, 36.17245090439819], [-75.74526573056997, 36.17225320539375], [-75.74518954801889, 36.1720553205361], [-75.74511306373599, 36.17185727440551], [-75.74503630124697, 36.17165908898001], [-75.74495927949718, 36.171460784948], [-75.74488201413956, 36.17126238146126], [-75.74480451791136, 36.171063896198284], [-75.74472680100295, 36.17086534542612], [-75.74464887121539, 36.170666744129136], [-75.7445707335453, 36.170468106327384], [-75.7444923923211, 36.17026944451174], [-75.7444138498917, 36.170070769876716], [-75.74433510843171, 36.16987209232635], [-75.7442561694237, 36.169673421095105], [-75.74417703322112, 36.16947476460802], [-75.74409770047944, 36.169276130115335], [-75.74401817224503, 36.1690775237778], [-75.74393844959529, 36.16887895089626], [-75.74385853289915, 36.16868041580225], [-75.74377842264147, 36.16848192210275], [-75.74369811999023, 36.16828347369954], [-75.74361762634214, 36.16808507389245], [-75.74353694240084, 36.16788672509027], [-75.7434560689741, 36.16768842819872], [-75.74337500762503, 36.167490184153], [-75.74329376097926, 36.16729199398741], [-75.74321233156007, 36.16709385847144], [-75.74313072081378, 36.166895778487266], [-75.74304893187332, 36.16669775563176], [-75.74296696723191, 36.166499792039446], [-75.74288482939717, 36.166301887816005], [-75.74280252087439, 36.16610404299181], [-75.74272004413791, 36.16590625763593], [-75.74263740160885, 36.16570853189046], [-75.7425545956413, 36.16551086600314], [-75.74247162851772, 36.16531326035864], [-75.74238850341719, 36.16511571582472], [-75.74230522244439, 36.164918233128596], [-75.74222178853027, 36.16472081285879], [-75.74213820363056, 36.16452345621637], [-75.74205446961051, 36.1643261647539], [-75.7419705875778, 36.16412894065215], [-75.74188656004655, 36.16393178603123], [-75.741802389781, 36.16373470340752], [-75.74171807987243, 36.16353769573422], [-75.74163363382134, 36.16334076644735], [-75.74154905569189, 36.16314391949486], [-75.7414643510539, 36.16294715910374], [-75.74137952496372, 36.16275049057202], [-75.7412945830214, 36.16255392001389], [-75.741209531185, 36.16235745454117], [-75.74112437733416, 36.162161101853755], [-75.74103913035233, 36.16196487069137], [-75.7409538004592, 36.161768770866395], [-75.74086839955329, 36.16157281330247], [-75.74078293979792, 36.16137701068585], [-75.74069743424307, 36.16118137742689], [-75.74061189719355, 36.16098592971734], [-75.7405263455476, 36.160790685262214], [-75.74044079774721, 36.16059566383824], [-75.74035527295871, 36.16040088777869], [-75.7402697912548, 36.160206382118965], [-75.74018437453707, 36.16001217449034], [-75.74009904678174, 36.1598182952467], [-75.74001383350168, 36.159624777858774], [-75.73992876237484, 36.15943165890388], [-75.7398438623432, 36.159238978574145], [-75.73975916337707, 36.159046780946895], [-75.7396746962076, 36.15885511425345], [-75.73959049379528, 36.15866403053642], [-75.73950659171506, 36.15847358565982], [-75.73942302631521, 36.15828384006052], [-75.7393398350796, 36.1580948587173], [-75.73925705592272, 36.15790671145685], [-75.73917472921363, 36.15771947228988], [-75.7390928966992, 36.157533219774876], [-75.73901160134221, 36.157348037028186], [-75.73893088725242, 36.1571640116593], [-75.73885079960823, 36.156981235664134], [-75.7387713845676, 36.15679980527407], [-75.7386926891683, 36.15661982075892], [-75.73861476220479, 36.15644138584389], [-75.73853765203066, 36.156264608129426], [-75.73846140734263, 36.15608959843583], [-75.73838607637664, 36.155916470640946], [-75.73831170874473, 36.15574534056121], [-75.73823835407741, 36.15557632587982], [-75.73816606194308, 36.15540954559058], [-75.73809488240907, 36.15524511917876], [-75.73802486383822, 36.15508316671153], [-75.73795605357513, 36.15492380790285], [-75.73788849755354, 36.15476716151991], [-75.73782224144117, 36.15461334423947], [-75.73775732944858, 36.15446247028991], [-75.73769380409821, 36.15431465075492], [-75.73763170599317, 36.15416999287641], [-75.73757107358729, 36.1540285993632], [-75.73751194295951, 36.15389056771337], [-75.73745434787851, 36.15375598945942], [-75.73739831976017, 36.15362494948142], [-75.73734388609334, 36.15349752588449], [-75.73729107121227, 36.15337378911735], [-75.73723989612293, 36.15325380146947], [-75.73719037834852, 36.15313761662154], [-75.73714253114476, 36.15302527947913], [-75.7370963643936, 36.15291682550163], [-75.73705188464254, 36.15281228040075], [-75.73700909453737, 36.15271166012684]]}}, {"type": "Feature", "properties": {"kind": "coastline_raw"}, "geometry": {"type": "LineString", "coordinates": [[-75.76603020593129, 36.2186740129755], [-75.76602581140112, 36.21822327263981], [-75.76574548710589, 36.2179996825705], [-75.7654651644058, 36.21777609181704], [-75.7654607732611, 36.21732535135401], [-75.76545638221393, 36.216874610856486], [-75.76517606439666, 36.21665101932607], [-75.76489574817444, 36.21642742711158], [-75.76489136051235, 36.21597668648674], [-75.76488697294776, 36.215525945827416], [-75.76460666160797, 36.21530235283606], [-75.76432635186312, 36.215078759160654], [-75.76432196768324, 36.214628018374064], [-75.76404166117688, 36.2144044239683], [-75.7637613562654, 36.214180828878526], [-75.76375697546996, 36.21373008796471], [-75.76375259477184, 36.213279347016424], [-75.76347229474212, 36.21305575114997], [-75.76319199630713, 36.212832154599575], [-75.76318761899309, 36.21238141352411], [-75.76318324177629, 36.21193067241417], [-75.76290294822267, 36.211707075087205], [-75.76262265626373, 36.21148347707636], [-75.76261828243062, 36.21103273583928], [-75.7626139086947, 36.21058199456773], [-75.76260953505592, 36.210131253261686], [-75.76232924962105, 36.209907654428065], [-75.76204896578068, 36.209684054910625], [-75.76176868353481, 36.20946045470937], [-75.76148840288344, 36.20923685382435], [-75.76148403591391, 36.20878611229868], [-75.76147966904138, 36.20833537073853], [-75.76119939327029, 36.20811176907721], [-75.76091911909357, 36.20788816673216], [-75.76091475560374, 36.20743742504502], [-75.76091039221083, 36.20698668332341], [-75.76063012291402, 36.20676308020217], [-75.76034985521147, 36.20653947639725], [-75.76034549520088, 36.2060887345487], [-75.76006523073525, 36.205865130013905], [-75.7597849678638, 36.205641524795475], [-75.75978061123524, 36.20519078282002], [-75.75977625470348, 36.2047400408101], [-75.75949599671125, 36.20451643481568], [-75.75921574031314, 36.20429282813766], [-75.75921138716303, 36.20384208600088], [-75.75920703410964, 36.20339134382965], [-75.75892678259034, 36.20316773637573], [-75.75864653266504, 36.20294412823829], [-75.75864218299293, 36.20249338594024], [-75.75836193630386, 36.202269777073134], [-75.75808169120869, 36.20204616752255], [-75.75807734491761, 36.20159542509774], [-75.75807299872307, 36.201144682638486], [-75.75779275850607, 36.20092107231217], [-75.75751251988288, 36.20069746130244], [-75.75750817706898, 36.200246718716464], [-75.75750383435157, 36.199795976096], [-75.75722360060614, 36.199572364310654], [-75.75694336845443, 36.199348751841924], [-75.75693902911729, 36.19889800909481], [-75.75693468987654, 36.19844726631324], [-75.7566544626022, 36.198223653068986], [-75.75637423692146, 36.198000039141434], [-75.75636990106064, 36.19754929623322], [-75.75608967861518, 36.1973256815763], [-75.75580945776328, 36.1971020662361], [-75.75580512528208, 36.19665132320132], [-75.75580079289713, 36.19620058013207], [-75.75579646060842, 36.19574983702838], [-75.75551624627474, 36.1955262208668], [-75.75523603353444, 36.19530260402202], [-75.75495582238753, 36.19507898649404], [-75.75467561283398, 36.19485536828288], [-75.75467128720727, 36.19440462496063], [-75.75466696167665, 36.193953881603925], [-75.75466263624212, 36.193503138212755], [-75.75438243320585, 36.19327951918046], [-75.75410223176281, 36.19305589946505], [-75.75409790970681, 36.19260515594746], [-75.75381771149816, 36.192381535502975], [-75.75353751488265, 36.19215791437542], [-75.75353319620488, 36.19170717073143], [-75.75352887762307, 36.191256427052984], [-75.7532486858828, 36.191032805150485], [-75.75296849573556, 36.19080918256496], [-75.75296418053162, 36.190358438760185], [-75.75295986542352, 36.18990769492093], [-75.75267968015113, 36.18968407156056], [-75.75239949647168, 36.189460447517234], [-75.7523951847411, 36.1890097035517], [-75.75239087310632, 36.18855895955169], [-75.7523865615673, 36.18810821551724], [-75.75210638440299, 36.18788459065326], [-75.75182620883149, 36.18766096510638], [-75.75182190066955, 36.18721022094569], [-75.75181759260332, 36.186759476750524], [-75.75153742190577, 36.18653585042901], [-75.75125725280088, 36.18631222342465], [-75.75125294811136, 36.185861479103295], [-75.75124864351746, 36.18541073474748], [-75.75096847928614, 36.185187106968584], [-75.75068831664741, 36.18496347850689], [-75.75068401542987, 36.18451273402492], [-75.75040385602402, 36.18428910483462], [-75.7501236982107, 36.18406547496158], [-75.74984354198989, 36.1838418444058], [-75.74956338736156, 36.18361821316729], [-75.74928323432572, 36.183394581246084], [-75.7490030828823, 36.1831709486422], [-75.74872293303133, 36.182947315355634], [-75.74844707286884, 36.18317442623471], [-75.74817121111391, 36.18340153648818], [-75.74789534776653, 36.183628646116034], [-75.74761948282666, 36.18385575511825], [-75.74734361629433, 36.18408286349481], [-75.74706774816946, 36.18430997124569], [-75.74679187845209, 36.1845370783709], [-75.74651600714215, 36.184764184870396], [-75.74595998555309, 36.18476765104269], [-75.74567983845907, 36.184544010658605], [-75.74539969295759, 36.18432036959195], [-75.74511954904867, 36.184096727842736], [-75.74483940673224, 36.18387308541097], [-75.74455926600832, 36.18364944229668], [-75.74427912687688, 36.18342579849986], [-75.74399898933788, 36.18320215402056], [-75.74427486261979, 36.18297505324218], [-75.74455073430926, 36.18274795183802], [-75.74482660440634, 36.18252084980811], [-75.745102472911, 36.18229374715248], [-75.74537833982332, 36.18206664387113], [-75.74593434239782, 36.18206318062204], [-75.74621020607798, 36.18183607545243], [-75.74648606816578, 36.18160896965717], [-75.7467662069177, 36.181832608358846], [-75.74704634726196, 36.182056246377975], [-75.74732648919857, 36.18227988371452], [-75.74760663272754, 36.18250352036849], [-75.74788249303285, 36.18227641140008], [-75.7481583517458, 36.182049301806074], [-75.74843420886641, 36.18182219158647], [-75.74871006439469, 36.18159508074129], [-75.74898591833063, 36.18136796927054], [-75.74898162743102, 36.18091722434149], [-75.74870148578, 36.180693590826124], [-75.74842134572123, 36.180469956628144], [-75.74841705819665, 36.180019211573125], [-75.74841277076732, 36.179568466483666], [-75.74840848343321, 36.179117721359745], [-75.74812834988597, 36.17889408634196], [-75.74784821793084, 36.178670450641654], [-75.74784393397134, 36.17821970539181], [-75.74783965010701, 36.17776896010753], [-75.74755952302317, 36.17754532363327], [-75.74727939753133, 36.17732168647652], [-75.74727511704123, 36.17687094106636], [-75.74699499478086, 36.176647303181454], [-75.74671487411241, 36.176423664614106], [-75.74671059699627, 36.17597291907812], [-75.7467063199751, 36.175522173507694], [-75.7464262041773, 36.17529853416658], [-75.7461460899713, 36.17507489414308], [-75.74614181632374, 36.174624148446874], [-75.74586170534877, 36.17440050769536], [-75.74558159596558, 36.1741768662615], [-75.7455773256913, 36.17372612043956], [-75.74557305551188, 36.17327537458317], [-75.74556878542734, 36.17282462869233], [-75.74556451543762, 36.172373882767054], [-75.74528441420244, 36.172150240468376], [-75.74500431455884, 36.17192659748742], [-75.74500004794191, 36.17147585143645], [-75.74499578141976, 36.17102510535105], [-75.74471568664549, 36.17080146159664], [-75.74443559346271, 36.170577817160016], [-75.74443133031298, 36.17012707094898], [-75.74442706725793, 36.16967632470348], [-75.74442280429759, 36.16922557842354], [-75.74441854143194, 36.16877483210918], [-75.74413845639546, 36.16855118680803], [-75.74385837295027, 36.16832754082476], [-75.74357829109637, 36.16810389415937], [-75.74329821083373, 36.167880246811876], [-75.74329395461704, 36.16742950028081], [-75.74328969849489, 36.166978753715306], [-75.74300962310042, 36.16675510559465], [-75.7427295492971, 36.166531456791944], [-75.74272529654627, 36.16608071010093], [-75.74272104388993, 36.16562996337549], [-75.74244097495438, 36.16540631379973], [-75.74216090760989, 36.16518266354196], [-75.7421566583245, 36.16473191669107], [-75.7421524091335, 36.16428116980572], [-75.74214816003688, 36.163830422885944], [-75.74186809919789, 36.16360677180974], [-75.74158803994982, 36.1633831200516], [-75.74158379422373, 36.16293237300642], [-75.74157954859193, 36.1624816259268], [-75.74129949421074, 36.1622579733958], [-75.74101944142036, 36.16203432018294], [-75.74101519915872, 36.16158357297797], [-75.740735149597, 36.16135991903779], [-75.74045510162601, 36.16113626441578], [-75.74045086273425, 36.1606855170855], [-75.74044662393665, 36.16023476972077], [-75.74044238523318, 36.159784022321624], [-75.74016234376609, 36.15956036688152], [-75.73988230388962, 36.15933671075967], [-75.7396022656037, 36.159113053956055], [-75.73932222890835, 36.1588893964707], [-75.73931799684945, 36.15843864885549], [-75.73931376488456, 36.15798790120585], [-75.73930953301368, 36.15753715352177], [-75.73902950282131, 36.15731349521857], [-75.73874947421935, 36.157089836233695], [-75.73874524571724, 36.15663908842445], [-75.73846522034302, 36.156415428712556], [-75.73818519655916, 36.15619176831904], [-75.73818097142554, 36.155741020384674], [-75.73817674638576, 36.15529027241586], [-75.73817252143984, 36.15483952441263], [-75.73789250415787, 36.154615863201506], [-75.73761248846614, 36.154392201308816], [-75.73760826688824, 36.1539414531805], [-75.73732825442374, 36.15371779056095], [-75.73704824354938, 36.153494127259876], [-75.73704402533926, 36.153043379006526], [-75.73703980722284, 36.15259263071876], [-75.7370355892001, 36.152141882396556], [-75.7367555848266, 36.15191821827813], [-75.73647558204306, 36.15169455347823], [-75.73647136738765, 36.151243805031044], [-75.73619136783087, 36.15102013950444]]}}, {"type": "Feature", "properties": {"kind": "transect", "id": 0, "origin_E": 431462.52505303454, "origin_N": 4007600.2441425323, "normal_E": 0.938803421884373, "normal_N": 0.344453385900316, "seaward_bearing_deg": 69.85156801087638}, "geometry": {"type": "LineString", "coordinates": [[-75.75987346227832, 36.211603357229215], [-75.72602537801005, 36.22190599194829]]}}, {"type": "Feature", "properties": {"kind": "transect", "id": 1, "origin_E": 431783.827539659, "origin_N": 4006737.539963134, "normal_E": 0.9376316137390069, "normal_N": 0.34763048905006244, "seaward_bearing_deg": 69.65754644961675}, "geometry": {"type": "LineString", "coordinates": [[-75.75622772920022, 36.20385599569406], [-75.72242569073548, 36.214250408098245]]}}, {"type": "Feature", "properties": {"kind": "transect", "id": 2, "origin_E": 432101.07794422744, "origin_N": 4005869.0506004095, "normal_E": 0.9407045721408075, "normal_N": 0.339226926928539, "seaward_bearing_deg": 70.17021871093377}, "geometry": {"type": "LineString", "coordinates": [[-75.75261524223369, 36.196030043272835], [-75.71870271213972, 36.206177871389656]]}}, {"type": "Feature", "properties": {"kind": "transect", "id": 3, "origin_E": 432426.1912590616, "origin_N": 4005033.6918097213, "normal_E": 0.8893124822392485, "normal_N": 0.4573000207013622, "seaward_bearing_deg": 62.78698046337363}, "geometry": {"type": "LineString", "coordinates": [[-75.74907302764916, 36.188787274395835], [-75.7170524093689, 36.20238233466234]]}}, {"type": "Feature", "properties": {"kind": "transect", "id": 4, "origin_E": 432810.02797811304, "origin_N": 4004554.7744079037, "normal_E": 0.8259243107684416, "normal_N": 0.5637810150064249, "seaward_bearing_deg": 55.68231443141056}, "geometry": {"type": "LineString", "coordinates": [[-75.7449419996985, 36.18473540124984], [-75.71524201423651, 36.20143542341949]]}}, {"type": "Feature", "properties": {"kind": "transect", "id": 5, "origin_E": 432805.92608587083, "origin_N": 4004085.4711616924, "normal_E": 0.9998519119250475, "normal_N": 0.01720913187313694, "seaward_bearing_deg": 89.01394069956343}, "geometry": {"type": "LineString", "coordinates": [[-75.7444523870921, 36.17927557714786], [-75.70832318486708, 36.17999902952445]]}}, {"type": "Feature", "properties": {"kind": "transect", "id": 6, "origin_E": 432990.1607375717, "origin_N": 4003267.3857037816, "normal_E": 0.9564536739010733, "normal_N": 0.29188417168654307, "seaward_bearing_deg": 73.02920764515378}, "geometry": {"type": "LineString", "coordinates": [[-75.74246065931054, 36.17253161952231], [-75.70797518200806, 36.18129279797337]]}}, {"type": "Feature", "properties": {"kind": "transect", "id": 7, "origin_E": 433273.61503929197, "origin_N": 4002386.0634286413, "normal_E": 0.9475150193367291, "normal_N": 0.31971125743601536, "seaward_bearing_deg": 71.35453613766751}, "geometry": {"type": "LineString", "coordinates": [[-75.73925982558193, 36.164668619280775], [-75.70510772323092, 36.17424224921622]]}}, {"type": "Feature", "geometry": {"type": "Point", "coordinates": [-75.74894805787591, 36.206095591661274]}, "properties": {"transect": 1, "distance_m": 950.0, "E": 432674.57757271104, "N": 4007067.7889277316, "lon": -75.74894805787591, "lat": 36.206095591661274, "swath": "IW", "burst": 0, "sample": 22226.497504197578, "line": 1561.9832079256653, "n_samples": 130, "n_lines": 126, "ground_spacing_sample_m": 9.840898155240694, "ground_spacing_line_m": 10.126716019756737, "bright_fraction": 0.0, "affine_residual_max_m": 0.4238328304404071, "spectrum_method": "affine_dtft", "status": "ok", "incidence_deg": 44.16723370824292, "n_spectra_averaged": 1, "peak_status": "identified", "n_blobs": 6, "argmax_wavelength_m": 117.43328484515997, "argmax_axial_bearing_deg": 60.87450633777648, "wavelength_m": 104.58906445494591, "k_rad_m": 0.060074973802698176, "axial_bearing_deg": 60.64224645720873, "blob_area_px": 12, "lobe_to_annulus": 10.608066642261404, "identifiable": true, "wavelength_smoothed_m": 110.0811864166776, "depth_T11.765_m": 9.84839880042369, "depth_T11.765_U-0.5_m": 11.227351547485329, "depth_T11.765_U+0.5_m": 8.636325401656313}}, {"type": "Feature", "geometry": {"type": "Point", "coordinates": [-75.74842806521993, 36.206255546011604]}, "properties": {"transect": 1, "distance_m": 1000.0, "E": 432721.459153398, "N": 4007085.170452184, "lon": -75.74842806521993, "lat": 36.206255546011604, "swath": "IW", "burst": 0, "sample": 22231.483431596545, "line": 1562.9460510387544, "n_samples": 130, "n_lines": 126, "ground_spacing_sample_m": 9.83959865580595, "ground_spacing_line_m": 10.126769245659643, "bright_fraction": 0.0, "affine_residual_max_m": 0.41854150431104314, "spectrum_method": "affine_dtft", "status": "ok", "incidence_deg": 44.16985909128091, "n_spectra_averaged": 1, "peak_status": "identified", "n_blobs": 5, "argmax_wavelength_m": 117.02698050085971, "argmax_axial_bearing_deg": 60.67243527971888, "wavelength_m": 109.91385711289855, "k_rad_m": 0.057164633033720054, "axial_bearing_deg": 60.25511870305778, "blob_area_px": 9, "lobe_to_annulus": 9.13661632027771, "identifiable": true, "wavelength_smoothed_m": 111.49604923305527, "depth_T11.765_m": 10.132668394413168, "depth_T11.765_U-0.5_m": 11.54295391862966, "depth_T11.765_U+0.5_m": 8.894289624810051}}, {"type": "Feature", "geometry": {"type": "Point", "coordinates": [-75.74790807041306, 36.20641549812304]}, "properties": {"transect": 1, "distance_m": 1050.0, "E": 432768.34073408495, "N": 4007102.5519766365, "lon": -75.74790807041306, "lat": 36.20641549812304, "swath": "IW", "burst": 0, "sample": 22236.47001600466, "line": 1563.9087884541639, "n_samples": 130, "n_lines": 126, "ground_spacing_sample_m": 9.838318296408964, "ground_spacing_line_m": 10.12682240785774, "bright_fraction": 0.0, "affine_residual_max_m": 0.41325197788380374, "spectrum_method": "affine_dtft", "status": "ok", "incidence_deg": 44.1724848188333, "n_spectra_averaged": 1, "peak_status": "identified", "n_blobs": 2, "argmax_wavelength_m": 116.49528075913622, "argmax_axial_bearing_deg": 60.5175575086313, "wavelength_m": 115.74063768218832, "k_rad_m": 0.054286769392376734, "axial_bearing_deg": 61.44860812703981, "blob_area_px": 7, "lobe_to_annulus": 12.846815663904058, "identifiable": true, "wavelength_smoothed_m": 111.91813623358203, "depth_T11.765_m": 10.218529484376226, "depth_T11.765_U-0.5_m": 11.638318813509002, "depth_T11.765_U+0.5_m": 8.97219012435821}}, {"type": "Feature", "geometry": {"type": "Point", "coordinates": [-75.74738807345537, 36.20657544799553]}, "properties": {"transect": 1, "distance_m": 1100.0, "E": 432815.2223147719, "N": 4007119.933501089, "lon": -75.74738807345537, "lat": 36.20657544799553, "swath": "IW", "burst": 0, "sample": 22241.457247890197, "line": 1564.871421483286, "n_samples": 130, "n_lines": 126, "ground_spacing_sample_m": 9.8370570860624, "ground_spacing_line_m": 10.126875506001213, "bright_fraction": 0.0, "affine_residual_max_m": 0.40796434120461467, "spectrum_method": "affine_dtft", "status": "ok", "incidence_deg": 44.175110885874524, "n_spectra_averaged": 1, "peak_status": "identified", "n_blobs": 2, "argmax_wavelength_m": 115.75487417741579, "argmax_axial_bearing_deg": 60.4452234399838, "wavelength_m": 115.74063768218832, "k_rad_m": 0.054286769392376734, "axial_bearing_deg": 61.44860812703981, "blob_area_px": 7, "lobe_to_annulus": 14.22381625569467, "identifiable": true, "wavelength_smoothed_m": 113.46888685890163, "depth_T11.765_m": 10.538215504955106, "depth_T11.765_U-0.5_m": 11.993561908017941, "depth_T11.765_U+0.5_m": 9.262167937681259}}, {"type": "Feature", "geometry": {"type": "Point", "coordinates": [-75.74686807434685, 36.20673539562904]}, "properties": {"transect": 1, "distance_m": 1150.0, "E": 432862.10389545886, "N": 4007137.3150255415, "lon": -75.74686807434685, "lat": 36.20673539562904, "swath": "IW", "burst": 0, "sample": 22246.445117709532, "line": 1565.8339514394384, "n_samples": 130, "n_lines": 126, "ground_spacing_sample_m": 9.83581503090178, "ground_spacing_line_m": 10.126928534568677, "bright_fraction": 0.0, "affine_residual_max_m": 0.40267867588749007, "spectrum_method": "affine_dtft", "status": "ok", "incidence_deg": 44.177737287372764, "n_spectra_averaged": 1, "peak_status": "identified", "n_blobs": 3, "argmax_wavelength_m": 114.81805742805787, "argmax_axial_bearing_deg": 60.475057170240184, "wavelength_m": 113.6064842356891, "k_rad_m": 0.05530657294300588, "axial_bearing_deg": 60.78075330951541, "blob_area_px": 6, "lobe_to_annulus": 15.320423922052203, "identifiable": true, "wavelength_smoothed_m": 112.62942557068656, "depth_T11.765_m": 10.364331181018766, "depth_T11.765_U-0.5_m": 11.800303200193428, "depth_T11.765_U+0.5_m": 9.104456380485557}}, {"type": "Feature", "geometry": {"type": "Point", "coordinates": [-75.74634807308757, 36.20689534102353]}, "properties": {"transect": 1, "distance_m": 1200.0, "E": 432908.9854761458, "N": 4007154.6965499944, "lon": -75.74634807308757, "lat": 36.20689534102353, "swath": "IW", "burst": 0, "sample": 22251.433615906048, "line": 1566.7963796374881, "n_samples": 130, "n_lines": 126, "ground_spacing_sample_m": 9.834592145463052, "ground_spacing_line_m": 10.126981499516198, "bright_fraction": 0.0, "affine_residual_max_m": 0.39739507047919936, "spectrum_method": "affine_dtft", "status": "ok", "incidence_deg": 44.18036401828935, "n_spectra_averaged": 1, "peak_status": "identified", "n_blobs": 2, "argmax_wavelength_m": 108.71831889733924, "argmax_axial_bearing_deg": 61.59196987491446, "wavelength_m": 112.34281758154388, "k_rad_m": 0.055928678329782364, "axial_bearing_deg": 59.898695434400295, "blob_area_px": 7, "lobe_to_annulus": 15.141278327886285, "identifiable": true, "wavelength_smoothed_m": 110.6498927374738, "depth_T11.765_m": 9.962009124101886, "depth_T11.765_U-0.5_m": 11.353460290226941, "depth_T11.765_U+0.5_m": 8.739431572775358}}, {"type": "Feature", "geometry": {"type": "Point", "coordinates": [-75.74582806967756, 36.20705528417895]}, "properties": {"transect": 1, "distance_m": 1250.0, "E": 432955.86705683277, "N": 4007172.078074447, "lon": -75.74582806967756, "lat": 36.20705528417895, "swath": "IW", "burst": 0, "sample": 22256.422732909923, "line": 1567.7587073937368, "n_samples": 130, "n_lines": 126, "ground_spacing_sample_m": 9.833388437320773, "ground_spacing_line_m": 10.127034394077906, "bright_fraction": 0.0, "affine_residual_max_m": 0.3921136261671377, "spectrum_method": "affine_dtft", "status": "ok", "incidence_deg": 44.182991073578634, "n_spectra_averaged": 1, "peak_status": "identified", "n_blobs": 5, "argmax_wavelength_m": 108.01650798390764, "argmax_axial_bearing_deg": 60.912123848502986, "wavelength_m": 105.71655067182319, "k_rad_m": 0.05943426329416038, "axial_bearing_deg": 59.198554023863146, "blob_area_px": 5, "lobe_to_annulus": 14.339586777832086, "identifiable": true, "wavelength_smoothed_m": 108.67035990426105, "depth_T11.765_m": 9.570298685362129, "depth_T11.765_U-0.5_m": 10.9187858788914, "depth_T11.765_U+0.5_m": 8.38389188943019}}, {"type": "Feature", "geometry": {"type": "Point", "coordinates": [-75.74530806411683, 36.20721522509527]}, "properties": {"transect": 1, "distance_m": 1300.0, "E": 433002.7486375197, "N": 4007189.4595988994, "lon": -75.74530806411683, "lat": 36.20721522509527, "swath": "IW", "burst": 0, "sample": 22261.41245914091, "line": 1568.720936026411, "n_samples": 130, "n_lines": 126, "ground_spacing_sample_m": 9.832203914016247, "ground_spacing_line_m": 10.127087224936727, "bright_fraction": 0.0, "affine_residual_max_m": 0.3868344411663303, "spectrum_method": "affine_dtft", "status": "ok", "incidence_deg": 44.18561844818949, "n_spectra_averaged": 1, "peak_status": "identified", "n_blobs": 8, "argmax_wavelength_m": 107.07605851711585, "argmax_axial_bearing_deg": 60.081830748232896, "wavelength_m": 105.84297351612453, "k_rad_m": 0.05936327276578621, "axial_bearing_deg": 60.25511870305778, "blob_area_px": 6, "lobe_to_annulus": 13.459685012544872, "identifiable": true, "wavelength_smoothed_m": 107.43632882140403, "depth_T11.765_m": 9.331361035388085, "depth_T11.765_U-0.5_m": 10.653810995545257, "depth_T11.765_U+0.5_m": 8.166960334513085}}, {"type": "Feature", "geometry": {"type": "Point", "coordinates": [-75.74478805640541, 36.207375163772454]}, "properties": {"transect": 1, "distance_m": 1350.0, "E": 433049.6302182067, "N": 4007206.841123352, "lon": -75.74478805640541, "lat": 36.207375163772454, "swath": "IW", "burst": 0, "sample": 22266.402785005743, "line": 1569.683066854369, "n_samples": 130, "n_lines": 126, "ground_spacing_sample_m": 9.831038587574467, "ground_spacing_line_m": 10.127139991634476, "bright_fraction": 0.0, "affine_residual_max_m": 0.3815576232301207, "spectrum_method": "affine_dtft", "status": "ok", "incidence_deg": 44.18824613706393, "n_spectra_averaged": 1, "peak_status": "identified", "n_blobs": 9, "argmax_wavelength_m": 139.67066633438262, "argmax_axial_bearing_deg": 69.29421504951758, "wavelength_m": 105.84297351612453, "k_rad_m": 0.05936327276578621, "axial_bearing_deg": 60.25511870305778, "blob_area_px": 6, "lobe_to_annulus": 10.958958339257709, "identifiable": true, "wavelength_smoothed_m": 114.85143698443272, "depth_T11.765_m": 10.82892093633278, "depth_T11.765_U-0.5_m": 12.316847202566997, "depth_T11.765_U+0.5_m": 9.525756180823109}}, {"type": "Feature", "geometry": {"type": "Point", "coordinates": [-75.74426804654337, 36.20753510021045]}, "properties": {"transect": 1, "distance_m": 1400.0, "E": 433096.5117988936, "N": 4007224.2226478043, "lon": -75.74426804654337, "lat": 36.20753510021045, "swath": "IW", "burst": 0, "sample": 22271.393700899876, "line": 1570.6451011985391, "n_samples": 130, "n_lines": 126, "ground_spacing_sample_m": 9.829892463610458, "ground_spacing_line_m": 10.127192691607382, "bright_fraction": 0.0, "affine_residual_max_m": 0.3762832860252442, "spectrum_method": "affine_dtft", "status": "ok", "incidence_deg": 44.190874135138024, "n_spectra_averaged": 1, "peak_status": "ambiguous_multiple_blobs", "n_blobs": 4, "argmax_wavelength_m": 138.38974752622664, "argmax_axial_bearing_deg": 69.36938886304348, "wavelength_m": 142.00325023365863, "k_rad_m": 0.04424677109038664, "axial_bearing_deg": 70.55996517182382, "blob_area_px": 2, "lobe_to_annulus": 12.419901616134608, "identifiable": false}}, {"type": "Feature", "geometry": {"type": "Point", "coordinates": [-75.74374803453071, 36.20769503440923]}, "properties": {"transect": 1, "distance_m": 1450.0, "E": 433143.3933795805, "N": 4007241.604172257, "lon": -75.74374803453071, "lat": 36.20769503440923, "swath": "IW", "burst": 0, "sample": 22276.385197207477, "line": 1571.6070403809197, "n_samples": 130, "n_lines": 126, "ground_spacing_sample_m": 9.828765561352114, "ground_spacing_line_m": 10.127245324576638, "bright_fraction": 0.0, "affine_residual_max_m": 0.3710115426495535, "spectrum_method": "affine_dtft", "status": "ok", "incidence_deg": 44.19350243734187, "n_spectra_averaged": 1, "peak_status": "identified", "n_blobs": 2, "argmax_wavelength_m": 137.15935752001135, "argmax_axial_bearing_deg": 69.21642611140354, "wavelength_m": 142.00325023365863, "k_rad_m": 0.04424677109038664, "axial_bearing_deg": 70.55996517182382, "blob_area_px": 2, "lobe_to_annulus": 12.973568240499322, "identifiable": true, "wavelength_smoothed_m": 130.80454665492547, "depth_T11.765_m": 14.609175715071773, "depth_T11.765_U-0.5_m": 16.54782631909581, "depth_T11.765_U+0.5_m": 12.940662372684052}}, {"type": "Feature", "geometry": {"type": "Point", "coordinates": [-75.74322802036747, 36.20785496636876]}, "properties": {"transect": 1, "distance_m": 1500.0, "E": 433190.2749602675, "N": 4007258.9856967092, "lon": -75.74322802036747, "lat": 36.20785496636876, "swath": "IW", "burst": 0, "sample": 22281.377264300143, "line": 1572.5688857255918, "n_samples": 130, "n_lines": 126, "ground_spacing_sample_m": 9.827657873308755, "ground_spacing_line_m": 10.127297895203547, "bright_fraction": 0.0, "affine_residual_max_m": 0.36574252703064825, "spectrum_method": "affine_dtft", "status": "ok", "incidence_deg": 44.19613103859898, "n_spectra_averaged": 1, "peak_status": "identified", "n_blobs": 2, "argmax_wavelength_m": 135.8351557634289, "argmax_axial_bearing_deg": 68.92642563826615, "wavelength_m": 142.00325023365863, "k_rad_m": 0.04424677109038664, "axial_bearing_deg": 70.55996517182382, "blob_area_px": 2, "lobe_to_annulus": 11.230828932431432, "identifiable": true, "wavelength_smoothed_m": 136.96969888734176, "depth_T11.765_m": 16.308184316510555, "depth_T11.765_U-0.5_m": 18.47010636815135, "depth_T11.765_U+0.5_m": 14.465162523480377}}, {"type": "Feature", "geometry": {"type": "Point", "coordinates": [-75.74270800405368, 36.20801489608895]}, "properties": {"transect": 1, "distance_m": 1550.0, "E": 433237.1565409544, "N": 4007276.3672211617, "lon": -75.74270800405368, "lat": 36.20801489608895, "swath": "IW", "burst": 0, "sample": 22286.369892538976, "line": 1573.5306385569593, "n_samples": 130, "n_lines": 126, "ground_spacing_sample_m": 9.826569424680638, "ground_spacing_line_m": 10.127350397734919, "bright_fraction": 0.0, "affine_residual_max_m": 0.3604763668592894, "spectrum_method": "affine_dtft", "status": "ok", "incidence_deg": 44.198759933827304, "n_spectra_averaged": 1, "peak_status": "identified", "n_blobs": 5, "argmax_wavelength_m": 134.6795505917329, "argmax_axial_bearing_deg": 69.06894839097008, "wavelength_m": 133.36871263626006, "k_rad_m": 0.04711138904306499, "axial_bearing_deg": 69.67686317033706, "blob_area_px": 3, "lobe_to_annulus": 11.527370847527699, "identifiable": true, "wavelength_smoothed_m": 134.86163678410293, "depth_T11.765_m": 15.710519579451615, "depth_T11.765_U-0.5_m": 17.79218089622272, "depth_T11.765_U+0.5_m": 13.929753492112827}}, {"type": "Feature", "geometry": {"type": "Point", "coordinates": [-75.74218798558938, 36.208174823569834]}, "properties": {"transect": 1, "distance_m": 1600.0, "E": 433284.0381216414, "N": 4007293.748745614, "lon": -75.74218798558938, "lat": 36.208174823569834, "swath": "IW", "burst": 0, "sample": 22291.36307227549, "line": 1574.4923002017322, "n_samples": 130, "n_lines": 126, "ground_spacing_sample_m": 9.825500211939492, "ground_spacing_line_m": 10.1274028376765, "bright_fraction": 0.0, "affine_residual_max_m": 0.35527743741304374, "spectrum_method": "affine_dtft", "status": "ok", "incidence_deg": 44.20138911793975, "n_spectra_averaged": 1, "peak_status": "identified", "n_blobs": 7, "argmax_wavelength_m": 117.45780436829924, "argmax_axial_bearing_deg": 88.98573007685368, "wavelength_m": 130.5035824457897, "k_rad_m": 0.04814569216741294, "axial_bearing_deg": 69.71744091108341, "blob_area_px": 5, "lobe_to_annulus": 9.984060429020424, "identifiable": true, "wavelength_smoothed_m": 131.74686441160068, "depth_T11.765_m": 14.859424042029765, "depth_T11.765_U-0.5_m": 16.830038050866392, "depth_T11.765_U+0.5_m": 13.165672987892838}}, {"type": "Feature", "geometry": {"type": "Point", "coordinates": [-75.7416679649746, 36.208334748811325]}, "properties": {"transect": 1, "distance_m": 1650.0, "E": 433330.91970232833, "N": 4007311.1302700667, "lon": -75.7416679649746, "lat": 36.208334748811325, "swath": "IW", "burst": 0, "sample": 22296.356793848045, "line": 1575.4538719865918, "n_samples": 130, "n_lines": 126, "ground_spacing_sample_m": 9.824450249211226, "ground_spacing_line_m": 10.127455212343067, "bright_fraction": 0.0, "affine_residual_max_m": 0.35001762304799566, "spectrum_method": "affine_dtft", "status": "ok", "incidence_deg": 44.204018585842306, "n_spectra_averaged": 1, "peak_status": "identified", "n_blobs": 7, "argmax_wavelength_m": 116.59382607794063, "argmax_axial_bearing_deg": 88.75511504112177, "wavelength_m": 126.42938837114751, "k_rad_m": 0.049697189776277316, "axial_bearing_deg": 69.77514056883193, "blob_area_px": 4, "lobe_to_annulus": 7.223292880095376, "identifiable": true, "wavelength_smoothed_m": 128.63209203909847, "depth_T11.765_m": 14.044581571016833, "depth_T11.765_U-0.5_m": 15.912205612043882, "depth_T11.765_U+0.5_m": 12.432460146062619}}, {"type": "Feature", "geometry": {"type": "Point", "coordinates": [-75.74114794220937, 36.20849467181338]}, "properties": {"transect": 1, "distance_m": 1700.0, "E": 433377.8012830153, "N": 4007328.511794519, "lon": -75.74114794220937, "lat": 36.20849467181338, "swath": "IW", "burst": 0, "sample": 22301.351047585296, "line": 1576.4153552408914, "n_samples": 130, "n_lines": 126, "ground_spacing_sample_m": 9.823419539049008, "ground_spacing_line_m": 10.127507523309323, "bright_fraction": 0.0, "affine_residual_max_m": 0.34476111393168346, "spectrum_method": "affine_dtft", "status": "ok", "incidence_deg": 44.206648332435805, "n_spectra_averaged": 1, "peak_status": "identified", "n_blobs": 6, "argmax_wavelength_m": 115.86198444509257, "argmax_axial_bearing_deg": 88.54701594432764, "wavelength_m": 126.42938837114751, "k_rad_m": 0.049697189776277316, "axial_bearing_deg": 69.77514056883193, "blob_area_px": 4, "lobe_to_annulus": 6.792846411216146, "identifiable": true, "wavelength_smoothed_m": 127.48753333192455, "depth_T11.765_m": 13.753878445176762, "depth_T11.765_U-0.5_m": 15.585497537676225, "depth_T11.765_U+0.5_m": 12.170508395523298}}, {"type": "Feature", "geometry": {"type": "Point", "coordinates": [-75.74062791729372, 36.208654592576]}, "properties": {"transect": 1, "distance_m": 1750.0, "E": 433424.68286370224, "N": 4007345.8933189716, "lon": -75.74062791729372, "lat": 36.208654592576, "swath": "IW", "burst": 0, "sample": 22306.34582380602, "line": 1577.3767512951688, "n_samples": 130, "n_lines": 126, "ground_spacing_sample_m": 9.822408099961468, "ground_spacing_line_m": 10.127559761944548, "bright_fraction": 0.0, "affine_residual_max_m": 0.33950808376292907, "spectrum_method": "affine_dtft", "status": "ok", "incidence_deg": 44.20927835261592, "n_spectra_averaged": 1, "peak_status": "identified", "n_blobs": 9, "argmax_wavelength_m": 115.24883863773766, "argmax_axial_bearing_deg": 88.36028847399919, "wavelength_m": 126.42938837114751, "k_rad_m": 0.049697189776277316, "axial_bearing_deg": 69.77514056883193, "blob_area_px": 4, "lobe_to_annulus": 6.6304179692232665, "identifiable": true, "wavelength_smoothed_m": 128.18612167938554, "depth_T11.765_m": 13.930764904776185, "depth_T11.765_U-0.5_m": 15.784247480158067, "depth_T11.765_U+0.5_m": 12.329922687371603}}, {"type": "Feature", "geometry": {"type": "Point", "coordinates": [-75.74010789022769, 36.20881451109911]}, "properties": {"transect": 1, "distance_m": 1800.0, "E": 433471.5644443892, "N": 4007363.274843424, "lon": -75.74010789022769, "lat": 36.20881451109911, "swath": "IW", "burst": 0, "sample": 22311.341112817718, "line": 1578.3380614800149, "n_samples": 130, "n_lines": 126, "ground_spacing_sample_m": 9.821415932809579, "ground_spacing_line_m": 10.127611949284892, "bright_fraction": 0.0, "affine_residual_max_m": 0.33425870290764337, "spectrum_method": "affine_dtft", "status": "ok", "incidence_deg": 44.211908641272366, "n_spectra_averaged": 1, "peak_status": "identified", "n_blobs": 5, "argmax_wavelength_m": 127.46013120375687, "argmax_axial_bearing_deg": 68.88990913256985, "wavelength_m": 127.64591910039049, "k_rad_m": 0.04922355020404538, "axial_bearing_deg": 68.55226367289467, "blob_area_px": 3, "lobe_to_annulus": 8.033484299785114, "identifiable": true, "wavelength_smoothed_m": 131.03168750184756, "depth_T11.765_m": 14.6691964115669, "depth_T11.765_U-0.5_m": 16.615485715701624, "depth_T11.765_U+0.5_m": 12.994643839631559}}, {"type": "Feature", "geometry": {"type": "Point", "coordinates": [-75.7395878610113, 36.20897442738269]}, "properties": {"transect": 1, "distance_m": 1850.0, "E": 433518.44602507615, "N": 4007380.6563678766, "lon": -75.7395878610113, "lat": 36.20897442738269, "swath": "IW", "burst": 0, "sample": 22316.336904918007, "line": 1579.299287128916, "n_samples": 130, "n_lines": 126, "ground_spacing_sample_m": 9.820443037397775, "ground_spacing_line_m": 10.12766406151336, "bright_fraction": 0.0, "affine_residual_max_m": 0.32901315935341624, "spectrum_method": "affine_dtft", "status": "ok", "incidence_deg": 44.21453919328964, "n_spectra_averaged": 1, "peak_status": "identified", "n_blobs": 6, "argmax_wavelength_m": 128.23187442636277, "argmax_axial_bearing_deg": 68.59515972558053, "wavelength_m": 133.99652418309475, "k_rad_m": 0.04689065888451071, "axial_bearing_deg": 83.99099404250548, "blob_area_px": 4, "lobe_to_annulus": 5.5509074461895676, "identifiable": true, "wavelength_smoothed_m": 133.87725332430958, "depth_T11.765_m": 15.437498172122748, "depth_T11.765_U-0.5_m": 17.483132390948633, "depth_T11.765_U+0.5_m": 13.684849780224376}}, {"type": "Feature", "geometry": {"type": "Point", "coordinates": [-75.7390678296446, 36.20913434142668]}, "properties": {"transect": 1, "distance_m": 1900.0, "E": 433565.3276057631, "N": 4007398.037892329, "lon": -75.7390678296446, "lat": 36.20913434142668, "swath": "IW", "burst": 0, "sample": 22321.33319039541, "line": 1580.2604295747017, "n_samples": 130, "n_lines": 126, "ground_spacing_sample_m": 9.819489441171267, "ground_spacing_line_m": 10.127716112246462, "bright_fraction": 0.0, "affine_residual_max_m": 0.32377166346982134, "spectrum_method": "affine_dtft", "status": "ok", "incidence_deg": 44.21717000354745, "n_spectra_averaged": 1, "peak_status": "identified", "n_blobs": 8, "argmax_wavelength_m": 129.0870393105776, "argmax_axial_bearing_deg": 68.37191203659904, "wavelength_m": 140.65721748345757, "k_rad_m": 0.044670194815410305, "axial_bearing_deg": 74.05460409907712, "blob_area_px": 4, "lobe_to_annulus": 6.341861127429501, "identifiable": true, "wavelength_smoothed_m": 136.5048104347769, "depth_T11.765_m": 16.174834401878943, "depth_T11.765_U-0.5_m": 18.318679133977522, "depth_T11.765_U+0.5_m": 14.345788557141926}}, {"type": "Feature", "geometry": {"type": "Point", "coordinates": [-75.73854779612759, 36.209294253231064]}, "properties": {"transect": 1, "distance_m": 1950.0, "E": 433612.20918645005, "N": 4007415.4194167815, "lon": -75.73854779612759, "lat": 36.209294253231064, "swath": "IW", "burst": 0, "sample": 22326.32995952874, "line": 1581.2214901525003, "n_samples": 130, "n_lines": 126, "ground_spacing_sample_m": 9.818555140773094, "ground_spacing_line_m": 10.127768101943435, "bright_fraction": 0.0, "affine_residual_max_m": 0.31853441507799746, "spectrum_method": "affine_dtft", "status": "ok", "incidence_deg": 44.21980106692041, "n_spectra_averaged": 1, "peak_status": "identified", "n_blobs": 4, "argmax_wavelength_m": 129.80651786453515, "argmax_axial_bearing_deg": 68.23827460464983, "wavelength_m": 140.65721748345757, "k_rad_m": 0.044670194815410305, "axial_bearing_deg": 74.05460409907712, "blob_area_px": 4, "lobe_to_annulus": 7.574595833867244, "identifiable": true, "wavelength_smoothed_m": 137.48598171631792, "depth_T11.765_m": 16.45732019954133, "depth_T11.765_U-0.5_m": 18.639577622199567, "depth_T11.765_U+0.5_m": 14.598608532122174}}, {"type": "Feature", "geometry": {"type": "Point", "coordinates": [-75.73802776046035, 36.20945416279578]}, "properties": {"transect": 1, "distance_m": 2000.0, "E": 433659.090767137, "N": 4007432.8009412345, "lon": -75.73802776046035, "lat": 36.20945416279578, "swath": "IW", "burst": 0, "sample": 22331.327202585246, "line": 1582.1824701986322, "n_samples": 130, "n_lines": 126, "ground_spacing_sample_m": 9.81764014411313, "ground_spacing_line_m": 10.12782002305726, "bright_fraction": 0.0, "affine_residual_max_m": 0.3133016523493042, "spectrum_method": "affine_dtft", "status": "ok", "incidence_deg": 44.22243237827701, "n_spectra_averaged": 1, "peak_status": "identified", "n_blobs": 4, "argmax_wavelength_m": 130.33028010887378, "argmax_axial_bearing_deg": 68.17528579752216, "wavelength_m": 139.56717392348426, "k_rad_m": 0.04501907669653219, "axial_bearing_deg": 70.90650799951437, "blob_area_px": 3, "lobe_to_annulus": 12.237144600518734, "identifiable": true, "wavelength_smoothed_m": 138.6001116643958, "depth_T11.765_m": 16.782948321086216, "depth_T11.765_U-0.5_m": 19.010047732809944, "depth_T11.765_U+0.5_m": 14.889757052977965}}, {"type": "Feature", "geometry": {"type": "Point", "coordinates": [-75.73750772264289, 36.20961407012079]}, "properties": {"transect": 1, "distance_m": 2050.0, "E": 433705.97234782396, "N": 4007450.182465687, "lon": -75.73750772264289, "lat": 36.20961407012079, "swath": "IW", "burst": 0, "sample": 22336.324909824703, "line": 1583.1433710499277, "n_samples": 130, "n_lines": 126, "ground_spacing_sample_m": 9.816744455630324, "ground_spacing_line_m": 10.12787188406274, "bright_fraction": 0.0, "affine_residual_max_m": 0.30807361469247996, "spectrum_method": "affine_dtft", "status": "ok", "incidence_deg": 44.2250639324818, "n_spectra_averaged": 1, "peak_status": "identified", "n_blobs": 3, "argmax_wavelength_m": 130.7229441487658, "argmax_axial_bearing_deg": 68.12989973754298, "wavelength_m": 132.55177550809543, "k_rad_m": 0.04740174383251357, "axial_bearing_deg": 68.74949449286677, "blob_area_px": 2, "lobe_to_annulus": 12.236491841312182, "identifiable": true, "wavelength_smoothed_m": 136.9790232693234, "depth_T11.765_m": 16.310868030081245, "depth_T11.765_U-0.5_m": 18.47315491269268, "depth_T11.765_U+0.5_m": 14.467564453099454}}, {"type": "Feature", "geometry": {"type": "Point", "coordinates": [-75.73698768267522, 36.20977397520606]}, "properties": {"transect": 1, "distance_m": 2100.0, "E": 433752.8539285109, "N": 4007467.5639901394, "lon": -75.73698768267522, "lat": 36.20977397520606, "swath": "IW", "burst": 0, "sample": 22341.323071497703, "line": 1584.1041940447103, "n_samples": 130, "n_lines": 126, "ground_spacing_sample_m": 9.81586808526743, "ground_spacing_line_m": 10.1279236798943, "bright_fraction": 0.0, "affine_residual_max_m": 0.3028505611078026, "spectrum_method": "affine_dtft", "status": "ok", "incidence_deg": 44.22769572439452, "n_spectra_averaged": 1, "peak_status": "identified", "n_blobs": 3, "argmax_wavelength_m": 131.07488092382158, "argmax_axial_bearing_deg": 68.04723720316512, "wavelength_m": 139.56717392348426, "k_rad_m": 0.04501907669653219, "axial_bearing_deg": 70.90650799951437, "blob_area_px": 3, "lobe_to_annulus": 11.147890019817632, "identifiable": true, "wavelength_smoothed_m": 135.357934874251, "depth_T11.765_m": 15.849618254702838, "depth_T11.765_U-0.5_m": 17.949786109561842, "depth_T11.765_U+0.5_m": 14.054450292473566}}, {"type": "Feature", "geometry": {"type": "Point", "coordinates": [-75.73646764055741, 36.209933878051565]}, "properties": {"transect": 1, "distance_m": 2150.0, "E": 433799.73550919787, "N": 4007484.945514592, "lon": -75.73646764055741, "lat": 36.209933878051565, "swath": "IW", "burst": 0, "sample": 22346.321677845117, "line": 1585.064940522563, "n_samples": 130, "n_lines": 126, "ground_spacing_sample_m": 9.815011040974582, "ground_spacing_line_m": 10.127975410159099, "bright_fraction": 0.0, "affine_residual_max_m": 0.29772906286256984, "spectrum_method": "affine_dtft", "status": "ok", "incidence_deg": 44.23032774886977, "n_spectra_averaged": 1, "peak_status": "identified", "n_blobs": 3, "argmax_wavelength_m": 131.43084475198003, "argmax_axial_bearing_deg": 67.88969597191199, "wavelength_m": 132.55177550809543, "k_rad_m": 0.04740174383251357, "axial_bearing_deg": 68.74949449286677, "blob_area_px": 2, "lobe_to_annulus": 14.25676975435472, "identifiable": true, "wavelength_smoothed_m": 133.95485519117318, "depth_T11.765_m": 15.45888371899021, "depth_T11.765_U-0.5_m": 17.50732586133728, "depth_T11.765_U+0.5_m": 13.70403998759913}}, {"type": "Feature", "geometry": {"type": "Point", "coordinates": [-75.73594759628946, 36.210093778657246]}, "properties": {"transect": 1, "distance_m": 2200.0, "E": 433846.6170898848, "N": 4007502.3270390444, "lon": -75.73594759628946, "lat": 36.210093778657246, "swath": "IW", "burst": 0, "sample": 22351.320719099065, "line": 1586.0256118234697, "n_samples": 130, "n_lines": 126, "ground_spacing_sample_m": 9.814173326571908, "ground_spacing_line_m": 10.128027082057686, "bright_fraction": 0.0, "affine_residual_max_m": 0.29266754720213173, "spectrum_method": "affine_dtft", "status": "ok", "incidence_deg": 44.23296000075754, "n_spectra_averaged": 1, "peak_status": "identified", "n_blobs": 3, "argmax_wavelength_m": 131.768551039778, "argmax_axial_bearing_deg": 67.6479537590899, "wavelength_m": 132.55177550809543, "k_rad_m": 0.04740174383251357, "axial_bearing_deg": 68.74949449286677, "blob_area_px": 2, "lobe_to_annulus": 17.391199581473096, "identifiable": true, "wavelength_smoothed_m": 133.95485519117318, "depth_T11.765_m": 15.45888371899021, "depth_T11.765_U-0.5_m": 17.50732586133728, "depth_T11.765_U+0.5_m": 13.70403998759913}}, {"type": "Feature", "geometry": {"type": "Point", "coordinates": [-75.73542754987143, 36.210253677023054]}, "properties": {"transect": 1, "distance_m": 2250.0, "E": 433893.4986705718, "N": 4007519.708563497, "lon": -75.73542754987143, "lat": 36.210253677023054, "swath": "IW", "burst": 0, "sample": 22356.32018548385, "line": 1586.9862092883927, "n_samples": 130, "n_lines": 126, "ground_spacing_sample_m": 9.813354950408748, "ground_spacing_line_m": 10.12807868299063, "bright_fraction": 0.0, "affine_residual_max_m": 0.287616500485664, "spectrum_method": "affine_dtft", "status": "ok", "incidence_deg": 44.23559247490368, "n_spectra_averaged": 1, "peak_status": "identified", "n_blobs": 1, "argmax_wavelength_m": 132.03445194816288, "argmax_axial_bearing_deg": 67.32348490350999, "wavelength_m": 132.55177550809543, "k_rad_m": 0.04740174383251357, "axial_bearing_deg": 68.74949449286677, "blob_area_px": 2, "lobe_to_annulus": 17.11206867444868, "identifiable": true, "wavelength_smoothed_m": 132.034282233897, "depth_T11.765_m": 14.93641015012411, "depth_T11.765_U-0.5_m": 16.916918664275276, "depth_T11.765_U+0.5_m": 13.2348640476075}}, {"type": "Feature", "geometry": {"type": "Point", "coordinates": [-75.73490750130334, 36.21041357314898]}, "properties": {"transect": 1, "distance_m": 2300.0, "E": 433940.3802512587, "N": 4007537.0900879493, "lon": -75.73490750130334, "lat": 36.21041357314898, "swath": "IW", "burst": 0, "sample": 22361.32006721397, "line": 1587.946734260633, "n_samples": 130, "n_lines": 126, "ground_spacing_sample_m": 9.81255592012814, "ground_spacing_line_m": 10.1281302281274, "bright_fraction": 0.0, "affine_residual_max_m": 0.2825764728954428, "spectrum_method": "affine_dtft", "status": "ok", "incidence_deg": 44.238225166148915, "n_spectra_averaged": 1, "peak_status": "identified", "n_blobs": 1, "argmax_wavelength_m": 132.17240759625304, "argmax_axial_bearing_deg": 66.93512736859974, "wavelength_m": 132.55177550809543, "k_rad_m": 0.04740174383251357, "axial_bearing_deg": 68.74949449286677, "blob_area_px": 2, "lobe_to_annulus": 16.932272756767496, "identifiable": true, "wavelength_smoothed_m": 132.7278828561492, "depth_T11.765_m": 15.123474489595294, "depth_T11.765_U-0.5_m": 17.128147377832654, "depth_T11.765_U+0.5_m": 13.402925887839196}}, {"type": "Feature", "geometry": {"type": "Point", "coordinates": [-75.73438745058522, 36.21057346703496]}, "properties": {"transect": 1, "distance_m": 2350.0, "E": 433987.2618319457, "N": 4007554.471612402, "lon": -75.73438745058522, "lat": 36.21057346703496, "swath": "IW", "burst": 0, "sample": 22366.320354497417, "line": 1588.9071880825063, "n_samples": 130, "n_lines": 126, "ground_spacing_sample_m": 9.811776241931504, "ground_spacing_line_m": 10.1281817031124, "bright_fraction": 0.0, "affine_residual_max_m": 0.2775480486483899, "spectrum_method": "affine_dtft", "status": "ok", "incidence_deg": 44.24085806933051, "n_spectra_averaged": 1, "peak_status": "identified", "n_blobs": 1, "argmax_wavelength_m": 132.12407967364996, "argmax_axial_bearing_deg": 66.50929884643003, "wavelength_m": 129.96430913710324, "k_rad_m": 0.048345467681833065, "axial_bearing_deg": 66.03751102542182, "blob_area_px": 1, "lobe_to_annulus": 17.13048853726677, "identifiable": true, "wavelength_smoothed_m": 132.21038958195075, "depth_T11.765_m": 14.983734393651515, "depth_T11.765_U-0.5_m": 16.970339668715198, "depth_T11.765_U+0.5_m": 13.27738926668249}}, {"type": "Feature", "geometry": {"type": "Point", "coordinates": [-75.7338673977171, 36.210733358680976]}, "properties": {"transect": 1, "distance_m": 2400.0, "E": 434034.1434126326, "N": 4007571.8531368542, "lon": -75.7338673977171, "lat": 36.210733358680976, "swath": "IW", "burst": 0, "sample": 22371.32103753196, "line": 1589.8675720990655, "n_samples": 130, "n_lines": 126, "ground_spacing_sample_m": 9.811015919279798, "ground_spacing_line_m": 10.128233122655544, "bright_fraction": 0.0, "affine_residual_max_m": 0.27253186033374505, "spectrum_method": "affine_dtft", "status": "ok", "incidence_deg": 44.243491179280355, "n_spectra_averaged": 1, "peak_status": "identified", "n_blobs": 3, "argmax_wavelength_m": 131.81202633851518, "argmax_axial_bearing_deg": 66.08041147228634, "wavelength_m": 136.01977861935637, "k_rad_m": 0.046193174043921384, "axial_bearing_deg": 67.06789956241022, "blob_area_px": 3, "lobe_to_annulus": 18.487612490018353, "identifiable": true, "wavelength_smoothed_m": 131.6928963077523, "depth_T11.765_m": 14.84500290541373, "depth_T11.765_U-0.5_m": 16.81376669615419, "depth_T11.765_U+0.5_m": 13.152710397407885}}, {"type": "Feature", "geometry": {"type": "Point", "coordinates": [-75.73334734269903, 36.21089324808696]}, "properties": {"transect": 1, "distance_m": 2450.0, "E": 434081.02499331953, "N": 4007589.2346613067, "lon": -75.73334734269903, "lat": 36.21089324808696, "swath": "IW", "burst": 0, "sample": 22376.32210650971, "line": 1590.8278876549518, "n_samples": 130, "n_lines": 126, "ground_spacing_sample_m": 9.810274959602022, "ground_spacing_line_m": 10.128284474267732, "bright_fraction": 0.0, "affine_residual_max_m": 0.26752858052826617, "spectrum_method": "affine_dtft", "status": "ok", "incidence_deg": 44.24612449082737, "n_spectra_averaged": 1, "peak_status": "identified", "n_blobs": 1, "argmax_wavelength_m": 131.17056895187005, "argmax_axial_bearing_deg": 65.70125747561065, "wavelength_m": 129.96430913710324, "k_rad_m": 0.048345467681833065, "axial_bearing_deg": 66.03751102542182, "blob_area_px": 1, "lobe_to_annulus": 21.633938425216368, "identifiable": true, "wavelength_smoothed_m": 131.17540303355386, "depth_T11.765_m": 14.707270653296867, "depth_T11.765_U-0.5_m": 16.65841454750701, "depth_T11.765_U+0.5_m": 13.028882562382844}}, {"type": "Feature", "geometry": {"type": "Point", "coordinates": [-75.73282728553102, 36.2110531352529]}, "properties": {"transect": 1, "distance_m": 2500.0, "E": 434127.9065740065, "N": 4007606.616185759, "lon": -75.73282728553102, "lat": 36.2110531352529, "swath": "IW", "burst": 0, "sample": 22381.323551613776, "line": 1591.7881360962128, "n_samples": 130, "n_lines": 126, "ground_spacing_sample_m": 9.809553373202595, "ground_spacing_line_m": 10.128335765369599, "bright_fraction": 0.0, "affine_residual_max_m": 0.2625389369836723, "spectrum_method": "affine_dtft", "status": "ok", "incidence_deg": 44.2487579987957, "n_spectra_averaged": 1, "peak_status": "identified", "n_blobs": 1, "argmax_wavelength_m": 130.16312783373823, "argmax_axial_bearing_deg": 65.43353704278165, "wavelength_m": 129.96430913710324, "k_rad_m": 0.048345467681833065, "axial_bearing_deg": 66.03751102542182, "blob_area_px": 1, "lobe_to_annulus": 22.570914940866512, "identifiable": true, "wavelength_smoothed_m": 129.53589770684331, "depth_T11.765_m": 14.277405786923419, "depth_T11.765_U-0.5_m": 16.174140388767093, "depth_T11.765_U+0.5_m": 12.642119824268057}}, {"type": "Feature", "geometry": {"type": "Point", "coordinates": [-75.73230722621311, 36.21121302017874]}, "properties": {"transect": 1, "distance_m": 2550.0, "E": 434174.78815469344, "N": 4007623.9977102117, "lon": -75.73230722621311, "lat": 36.21121302017874, "swath": "IW", "burst": 0, "sample": 22386.32536302044, "line": 1592.7483187695761, "n_samples": 130, "n_lines": 126, "ground_spacing_sample_m": 9.808851159895728, "ground_spacing_line_m": 10.128386991398488, "bright_fraction": 0.0, "affine_residual_max_m": 0.2575637062874785, "spectrum_method": "affine_dtft", "status": "ok", "incidence_deg": 44.25139169800593, "n_spectra_averaged": 1, "peak_status": "identified", "n_blobs": 1, "argmax_wavelength_m": 128.86482185698281, "argmax_axial_bearing_deg": 65.34938656402957, "wavelength_m": 129.96430913710324, "k_rad_m": 0.048345467681833065, "axial_bearing_deg": 66.03751102542182, "blob_area_px": 1, "lobe_to_annulus": 20.73916387484208, "identifiable": true, "wavelength_smoothed_m": 125.97894786896138, "depth_T11.765_m": 13.377645283342853, "depth_T11.765_U-0.5_m": 15.163212748348453, "depth_T11.765_U+0.5_m": 11.831212671701078}}, {"type": "Feature", "geometry": {"type": "Point", "coordinates": [-75.73178716474533, 36.21137290286443]}, "properties": {"transect": 1, "distance_m": 2600.0, "E": 434221.6697353804, "N": 4007641.379234664, "lon": -75.73178716474533, "lat": 36.21137290286443, "swath": "IW", "burst": 0, "sample": 22391.327530898532, "line": 1593.7084370222926, "n_samples": 131, "n_lines": 126, "ground_spacing_sample_m": 9.808168328414116, "ground_spacing_line_m": 10.128438156744611, "bright_fraction": 0.0, "affine_residual_max_m": 0.2526037283811595, "spectrum_method": "affine_dtft", "status": "ok", "incidence_deg": 44.2540255832747, "n_spectra_averaged": 1, "peak_status": "identified", "n_blobs": 3, "argmax_wavelength_m": 127.41062579169494, "argmax_axial_bearing_deg": 65.52372099528874, "wavelength_m": 121.7667825035505, "k_rad_m": 0.05160015874605523, "axial_bearing_deg": 64.65382405805329, "blob_area_px": 4, "lobe_to_annulus": 15.071953823216997, "identifiable": true, "wavelength_smoothed_m": 123.33127657402345, "depth_T11.765_m": 12.73583302706538, "depth_T11.765_U-0.5_m": 14.444197260218843, "depth_T11.765_U+0.5_m": 11.251739780665694}}, {"type": "Feature", "geometry": {"type": "Point", "coordinates": [-75.73126710112773, 36.211532783309956]}, "properties": {"transect": 1, "distance_m": 2650.0, "E": 434268.55131606734, "N": 4007658.7607591166, "lon": -75.73126710112773, "lat": 36.211532783309956, "swath": "IW", "burst": 0, "sample": 22396.33004540838, "line": 1594.6684922042746, "n_samples": 131, "n_lines": 126, "ground_spacing_sample_m": 9.807504882508994, "ground_spacing_line_m": 10.128489262048113, "bright_fraction": 0.0, "affine_residual_max_m": 0.24765989933939914, "spectrum_method": "affine_dtft", "status": "ok", "incidence_deg": 44.25665964941416, "n_spectra_averaged": 1, "peak_status": "identified", "n_blobs": 4, "argmax_wavelength_m": 126.19332415640453, "argmax_axial_bearing_deg": 65.80497607176733, "wavelength_m": 118.23502942994662, "k_rad_m": 0.05314148723498502, "axial_bearing_deg": 64.85521436932105, "blob_area_px": 5, "lobe_to_annulus": 12.920161455809419, "identifiable": true, "wavelength_smoothed_m": 121.69177124731289, "depth_T11.765_m": 12.349864948377833, "depth_T11.765_U-0.5_m": 14.01258016506137, "depth_T11.765_U+0.5_m": 10.902879578642791}}, {"type": "Feature", "geometry": {"type": "Point", "coordinates": [-75.73074703536032, 36.21169266151526]}, "properties": {"transect": 1, "distance_m": 2700.0, "E": 434315.4328967543, "N": 4007676.142283569, "lon": -75.73074703536032, "lat": 36.21169266151526, "swath": "IW", "burst": 0, "sample": 22401.33289670648, "line": 1595.6284856633, "n_samples": 131, "n_lines": 126, "ground_spacing_sample_m": 9.80686082865985, "ground_spacing_line_m": 10.128540301627545, "bright_fraction": 0.0, "affine_residual_max_m": 0.24273319727541723, "spectrum_method": "affine_dtft", "status": "ok", "incidence_deg": 44.25929389123445, "n_spectra_averaged": 1, "peak_status": "identified", "n_blobs": 5, "argmax_wavelength_m": 113.99761134972357, "argmax_axial_bearing_deg": 64.2317278022521, "wavelength_m": 116.7259526624136, "k_rad_m": 0.053828520255057265, "axial_bearing_deg": 65.77225468204581, "blob_area_px": 4, "lobe_to_annulus": 13.059335782424068, "identifiable": true, "wavelength_smoothed_m": 117.71150873598044, "depth_T11.765_m": 11.447793239843413, "depth_T11.765_U-0.5_m": 13.00591976755913, "depth_T11.765_U+0.5_m": 10.086531881504133}}, {"type": "Feature", "geometry": {"type": "Point", "coordinates": [-75.73022696744314, 36.211852537480304]}, "properties": {"transect": 1, "distance_m": 2750.0, "E": 434362.31447744125, "N": 4007693.5238080216, "lon": -75.73022696744314, "lat": 36.211852537480304, "swath": "IW", "burst": 0, "sample": 22406.336074939954, "line": 1596.588418749936, "n_samples": 131, "n_lines": 126, "ground_spacing_sample_m": 9.806236172855378, "ground_spacing_line_m": 10.12859128317959, "bright_fraction": 0.0, "affine_residual_max_m": 0.2378246722424431, "spectrum_method": "affine_dtft", "status": "ok", "incidence_deg": 44.261928303540785, "n_spectra_averaged": 1, "peak_status": "identified", "n_blobs": 1, "argmax_wavelength_m": 113.12115299305846, "argmax_axial_bearing_deg": 64.25443872845895, "wavelength_m": 121.7667825035505, "k_rad_m": 0.05160015874605523, "axial_bearing_deg": 64.65382405805329, "blob_area_px": 2, "lobe_to_annulus": 12.674643052717537, "identifiable": true, "wavelength_smoothed_m": 116.69769029408792, "depth_T11.765_m": 11.225680868750711, "depth_T11.765_U-0.5_m": 12.758475524272091, "depth_T11.765_U+0.5_m": 9.885331566575351}}, {"type": "Feature", "geometry": {"type": "Point", "coordinates": [-75.72970689737625, 36.212012411205066]}, "properties": {"transect": 1, "distance_m": 2800.0, "E": 434409.1960581282, "N": 4007710.9053324745, "lon": -75.72970689737625, "lat": 36.212012411205066, "swath": "IW", "burst": 0, "sample": 22411.339570249795, "line": 1597.5482928151887, "n_samples": 131, "n_lines": 126, "ground_spacing_sample_m": 9.805630918451415, "ground_spacing_line_m": 10.128642198084858, "bright_fraction": 0.0, "affine_residual_max_m": 0.23293545357659137, "spectrum_method": "affine_dtft", "status": "ok", "incidence_deg": 44.264562881135134, "n_spectra_averaged": 1, "peak_status": "identified", "n_blobs": 3, "argmax_wavelength_m": 112.40363497143873, "argmax_axial_bearing_deg": 64.24060715814545, "wavelength_m": 110.062996580441, "k_rad_m": 0.057087172822770066, "axial_bearing_deg": 64.5366549381284, "blob_area_px": 2, "lobe_to_annulus": 16.483967228799493, "identifiable": true, "wavelength_smoothed_m": 116.18524391546838, "depth_T11.765_m": 11.114563142224505, "depth_T11.765_U-0.5_m": 12.634743356615651, "depth_T11.765_U+0.5_m": 9.784649287909058}}, {"type": "Feature", "geometry": {"type": "Point", "coordinates": [-75.74479006380487, 36.198372695156365]}, "properties": {"transect": 2, "distance_m": 1000.0, "E": 433041.78251636826, "N": 4006208.277527338, "lon": -75.74479006380487, "lat": 36.198372695156365, "swath": "IW", "burst": 0, "sample": 22249.32779071134, "line": 1472.411228333971, "n_samples": 130, "n_lines": 126, "ground_spacing_sample_m": 9.835222705395145, "ground_spacing_line_m": 10.12006777040164, "bright_fraction": 0.0, "affine_residual_max_m": 0.405482943677582, "spectrum_method": "affine_dtft", "status": "ok", "incidence_deg": 44.179448830199284, "n_spectra_averaged": 1, "peak_status": "identified", "n_blobs": 7, "argmax_wavelength_m": 123.80298224700113, "argmax_axial_bearing_deg": 68.09358300719592, "wavelength_m": 126.2447749043955, "k_rad_m": 0.04976986423349251, "axial_bearing_deg": 67.98871680208066, "blob_area_px": 5, "lobe_to_annulus": 16.549848893335707, "identifiable": true, "wavelength_smoothed_m": 125.56848374337098, "depth_T11.765_m": 13.276618222481474, "depth_T11.765_U-0.5_m": 15.049921901200245, "depth_T11.765_U+0.5_m": 11.740053348143816}}, {"type": "Feature", "geometry": {"type": "Point", "coordinates": [-75.74426836838401, 36.19852885391862]}, "properties": {"transect": 2, "distance_m": 1050.0, "E": 433088.81774497527, "N": 4006225.2388736843, "lon": -75.74426836838401, "lat": 36.19852885391862, "swath": "IW", "burst": 0, "sample": 22254.32495463878, "line": 1473.3307179307849, "n_samples": 130, "n_lines": 126, "ground_spacing_sample_m": 9.834008661495035, "ground_spacing_line_m": 10.120123225754071, "bright_fraction": 0.0, "affine_residual_max_m": 0.4002176548701002, "spectrum_method": "affine_dtft", "status": "ok", "incidence_deg": 44.18208030877601, "n_spectra_averaged": 1, "peak_status": "identified", "n_blobs": 8, "argmax_wavelength_m": 130.1041621974494, "argmax_axial_bearing_deg": 70.08647999020853, "wavelength_m": 125.23033816285873, "k_rad_m": 0.050173028352031364, "axial_bearing_deg": 65.9426505499883, "blob_area_px": 6, "lobe_to_annulus": 15.823105545252766, "identifiable": true, "wavelength_smoothed_m": 125.48394734824292, "depth_T11.765_m": 13.255881812281043, "depth_T11.765_U-0.5_m": 15.026673523130311, "depth_T11.765_U+0.5_m": 11.721339748317547}}, {"type": "Feature", "geometry": {"type": "Point", "coordinates": [-75.74374667085597, 36.19868501042691]}, "properties": {"transect": 2, "distance_m": 1100.0, "E": 433135.85297358234, "N": 4006242.2002200307, "lon": -75.74374667085597, "lat": 36.19868501042691, "swath": "IW", "burst": 0, "sample": 22259.322734059875, "line": 1474.250107400203, "n_samples": 130, "n_lines": 126, "ground_spacing_sample_m": 9.832813860003563, "ground_spacing_line_m": 10.120178624051128, "bright_fraction": 0.0, "affine_residual_max_m": 0.39495489807729495, "spectrum_method": "affine_dtft", "status": "ok", "incidence_deg": 44.18471211007253, "n_spectra_averaged": 1, "peak_status": "identified", "n_blobs": 3, "argmax_wavelength_m": 130.45684536603667, "argmax_axial_bearing_deg": 70.05048942543219, "wavelength_m": 125.23033816285873, "k_rad_m": 0.050173028352031364, "axial_bearing_deg": 65.9426505499883, "blob_area_px": 6, "lobe_to_annulus": 15.095688040938791, "identifiable": true, "wavelength_smoothed_m": 125.4900231762819, "depth_T11.765_m": 13.257371386200209, "depth_T11.765_U-0.5_m": 15.028343481784871, "depth_T11.765_U+0.5_m": 11.722684045582644}}, {"type": "Feature", "geometry": {"type": "Point", "coordinates": [-75.74322497122078, 36.19884116468118]}, "properties": {"transect": 2, "distance_m": 1150.0, "E": 433182.88820218935, "N": 4006259.161566377, "lon": -75.74322497122078, "lat": 36.19884116468118, "swath": "IW", "burst": 0, "sample": 22264.32111934192, "line": 1475.1693980677398, "n_samples": 130, "n_lines": 126, "ground_spacing_sample_m": 9.831638302729631, "ground_spacing_line_m": 10.120233959480073, "bright_fraction": 0.0, "affine_residual_max_m": 0.3896948000324986, "spectrum_method": "affine_dtft", "status": "ok", "incidence_deg": 44.18734422900993, "n_spectra_averaged": 1, "peak_status": "identified", "n_blobs": 3, "argmax_wavelength_m": 130.6447639876437, "argmax_axial_bearing_deg": 69.98695906448381, "wavelength_m": 125.23033816285873, "k_rad_m": 0.050173028352031364, "axial_bearing_deg": 65.9426505499883, "blob_area_px": 6, "lobe_to_annulus": 13.273885570537002, "identifiable": true, "wavelength_smoothed_m": 123.36939553593302, "depth_T11.765_m": 12.744909717163504, "depth_T11.765_U-0.5_m": 14.454354323038688, "depth_T11.765_U+0.5_m": 11.259940480944389}}, {"type": "Feature", "geometry": {"type": "Point", "coordinates": [-75.74270326947847, 36.1989973166814]}, "properties": {"transect": 2, "distance_m": 1200.0, "E": 433229.9234307964, "N": 4006276.1229127236, "lon": -75.74270326947847, "lat": 36.1989973166814, "swath": "IW", "burst": 0, "sample": 22269.32010084099, "line": 1476.0885912608846, "n_samples": 130, "n_lines": 126, "ground_spacing_sample_m": 9.830482008375844, "ground_spacing_line_m": 10.120289232706027, "bright_fraction": 0.0, "affine_residual_max_m": 0.38443747536999967, "spectrum_method": "affine_dtft", "status": "ok", "incidence_deg": 44.18997666050333, "n_spectra_averaged": 1, "peak_status": "identified", "n_blobs": 3, "argmax_wavelength_m": 128.9599596338091, "argmax_axial_bearing_deg": 96.78149335855463, "wavelength_m": 125.51432648843777, "k_rad_m": 0.050059507013794045, "axial_bearing_deg": 64.44003482817622, "blob_area_px": 5, "lobe_to_annulus": 11.901730140496772, "identifiable": true, "wavelength_smoothed_m": 123.76481244735888, "depth_T11.765_m": 12.839342967538428, "depth_T11.765_U-0.5_m": 14.560046777058341, "depth_T11.765_U+0.5_m": 11.345250664489132}}, {"type": "Feature", "geometry": {"type": "Point", "coordinates": [-75.74218156562911, 36.19915346642754]}, "properties": {"transect": 2, "distance_m": 1250.0, "E": 433276.95865940343, "N": 4006293.08425907, "lon": -75.74218156562911, "lat": 36.19915346642754, "swath": "IW", "burst": 0, "sample": 22274.319668901095, "line": 1477.0076883080178, "n_samples": 130, "n_lines": 126, "ground_spacing_sample_m": 9.829344982265704, "ground_spacing_line_m": 10.120344445543552, "bright_fraction": 0.0, "affine_residual_max_m": 0.3791830598987579, "spectrum_method": "affine_dtft", "status": "ok", "incidence_deg": 44.19260939946151, "n_spectra_averaged": 1, "peak_status": "identified", "n_blobs": 4, "argmax_wavelength_m": 128.63548939764567, "argmax_axial_bearing_deg": 96.42595604685981, "wavelength_m": 115.64163670265114, "k_rad_m": 0.054333244377503184, "axial_bearing_deg": 63.14557865948141, "blob_area_px": 8, "lobe_to_annulus": 11.240640772216091, "identifiable": true, "wavelength_smoothed_m": 123.66469231605284, "depth_T11.765_m": 12.815384196413277, "depth_T11.765_U-0.5_m": 14.533228113335102, "depth_T11.765_U+0.5_m": 11.323608135596581}}, {"type": "Feature", "geometry": {"type": "Point", "coordinates": [-75.7416598596727, 36.19930961391956]}, "properties": {"transect": 2, "distance_m": 1300.0, "E": 433323.9938880105, "N": 4006310.0456054164, "lon": -75.7416598596727, "lat": 36.19930961391956, "swath": "IW", "burst": 0, "sample": 22279.319813855232, "line": 1477.9266905395718, "n_samples": 130, "n_lines": 126, "ground_spacing_sample_m": 9.828227232640868, "ground_spacing_line_m": 10.120399597556204, "bright_fraction": 0.0, "affine_residual_max_m": 0.37393168393711135, "spectrum_method": "affine_dtft", "status": "ok", "incidence_deg": 44.195242440787425, "n_spectra_averaged": 1, "peak_status": "identified", "n_blobs": 4, "argmax_wavelength_m": 128.34453259148958, "argmax_axial_bearing_deg": 95.73842132491295, "wavelength_m": 127.20742271998802, "k_rad_m": 0.049393228577630115, "axial_bearing_deg": 63.434948822921996, "blob_area_px": 4, "lobe_to_annulus": 11.009651821325184, "identifiable": true, "wavelength_smoothed_m": 123.2158228282519, "depth_T11.765_m": 12.708370512772516, "depth_T11.765_U-0.5_m": 14.413467908955262, "depth_T11.765_U+0.5_m": 11.226926717628166}}, {"type": "Feature", "geometry": {"type": "Point", "coordinates": [-75.74113815160929, 36.199465759157405]}, "properties": {"transect": 2, "distance_m": 1350.0, "E": 433371.0291166175, "N": 4006327.006951763, "lon": -75.74113815160929, "lat": 36.199465759157405, "swath": "IW", "burst": 0, "sample": 22284.320526024523, "line": 1478.8455992866398, "n_samples": 130, "n_lines": 126, "ground_spacing_sample_m": 9.827128764277965, "ground_spacing_line_m": 10.12045468624898, "bright_fraction": 0.0, "affine_residual_max_m": 0.3686834995804208, "spectrum_method": "affine_dtft", "status": "ok", "incidence_deg": 44.197875779377796, "n_spectra_averaged": 1, "peak_status": "identified", "n_blobs": 4, "argmax_wavelength_m": 128.3007771412369, "argmax_axial_bearing_deg": 94.24226678796775, "wavelength_m": 124.72973750632853, "k_rad_m": 0.050374396938507066, "axial_bearing_deg": 92.79270236571331, "blob_area_px": 4, "lobe_to_annulus": 11.145954527586683, "identifiable": true, "wavelength_smoothed_m": 122.88392925781184, "depth_T11.765_m": 12.629664344467448, "depth_T11.765_U-0.5_m": 14.325415299674653, "depth_T11.765_U+0.5_m": 11.15580586723734}}, {"type": "Feature", "geometry": {"type": "Point", "coordinates": [-75.7406164414389, 36.199621902141054]}, "properties": {"transect": 2, "distance_m": 1400.0, "E": 433418.0643452246, "N": 4006343.9682981092, "lon": -75.7406164414389, "lat": 36.199621902141054, "swath": "IW", "burst": 0, "sample": 22289.321795718883, "line": 1479.7644158824462, "n_samples": 130, "n_lines": 126, "ground_spacing_sample_m": 9.826049594213975, "ground_spacing_line_m": 10.120509717041902, "bright_fraction": 0.0, "affine_residual_max_m": 0.3634386581559143, "spectrum_method": "affine_dtft", "status": "ok", "incidence_deg": 44.20050941012344, "n_spectra_averaged": 1, "peak_status": "identified", "n_blobs": 3, "argmax_wavelength_m": 124.09537847425261, "argmax_axial_bearing_deg": 92.19077929248353, "wavelength_m": 122.98599072385409, "k_rad_m": 0.0510886261939175, "axial_bearing_deg": 92.20259816176579, "blob_area_px": 5, "lobe_to_annulus": 12.931558014373255, "identifiable": true, "wavelength_smoothed_m": 124.36643613340092, "depth_T11.765_m": 12.984002654439257, "depth_T11.765_U-0.5_m": 14.722022328412788, "depth_T11.765_U+0.5_m": 11.475901546001978}}, {"type": "Feature", "geometry": {"type": "Point", "coordinates": [-75.74009472916158, 36.199778042870456]}, "properties": {"transect": 2, "distance_m": 1450.0, "E": 433465.0995738316, "N": 4006360.9296444557, "lon": -75.74009472916158, "lat": 36.199778042870456, "swath": "IW", "burst": 0, "sample": 22294.323613237284, "line": 1480.6831416610776, "n_samples": 130, "n_lines": 126, "ground_spacing_sample_m": 9.824989728627639, "ground_spacing_line_m": 10.120564688847331, "bright_fraction": 0.0, "affine_residual_max_m": 0.3581973175799526, "spectrum_method": "affine_dtft", "status": "ok", "incidence_deg": 44.20314332790937, "n_spectra_averaged": 1, "peak_status": "identified", "n_blobs": 3, "argmax_wavelength_m": 123.9765973213627, "argmax_axial_bearing_deg": 91.37958667194039, "wavelength_m": 123.85485863623737, "k_rad_m": 0.05073022872387548, "axial_bearing_deg": 90.92404535277268, "blob_area_px": 6, "lobe_to_annulus": 14.097924300165761, "identifiable": true, "wavelength_smoothed_m": 123.53578580552262, "depth_T11.765_m": 12.784584947460935, "depth_T11.765_U-0.5_m": 14.498755751019681, "depth_T11.765_U+0.5_m": 11.295784820489496}}, {"type": "Feature", "geometry": {"type": "Point", "coordinates": [-75.73957301477736, 36.19993418134557]}, "properties": {"transect": 2, "distance_m": 1500.0, "E": 433512.13480243867, "N": 4006377.890990802, "lon": -75.73957301477736, "lat": 36.19993418134557, "swath": "IW", "burst": 0, "sample": 22299.32596886913, "line": 1481.601777957411, "n_samples": 130, "n_lines": 126, "ground_spacing_sample_m": 9.823949173781017, "ground_spacing_line_m": 10.120619594296448, "bright_fraction": 0.0, "affine_residual_max_m": 0.35295965138730306, "spectrum_method": "affine_dtft", "status": "ok", "incidence_deg": 44.2057775276156, "n_spectra_averaged": 1, "peak_status": "identified", "n_blobs": 3, "argmax_wavelength_m": 124.01454654782361, "argmax_axial_bearing_deg": 90.79234129810456, "wavelength_m": 123.05417108059655, "k_rad_m": 0.05106031962999694, "axial_bearing_deg": 88.8982938847936, "blob_area_px": 5, "lobe_to_annulus": 15.98861339938338, "identifiable": true, "wavelength_smoothed_m": 123.20067252037623, "depth_T11.765_m": 12.704769974380536, "depth_T11.765_U-0.5_m": 14.409439280916262, "depth_T11.765_U+0.5_m": 11.223673436045013}}, {"type": "Feature", "geometry": {"type": "Point", "coordinates": [-75.73905129828627, 36.20009031756638]}, "properties": {"transect": 2, "distance_m": 1550.0, "E": 433559.1700310457, "N": 4006394.852337149, "lon": -75.73905129828627, "lat": 36.20009031756638, "swath": "IW", "burst": 0, "sample": 22304.32885289117, "line": 1482.5203261087593, "n_samples": 130, "n_lines": 126, "ground_spacing_sample_m": 9.82292793522967, "ground_spacing_line_m": 10.120674442126862, "bright_fraction": 0.0, "affine_residual_max_m": 0.34772584153303326, "spectrum_method": "affine_dtft", "status": "ok", "incidence_deg": 44.208412004115445, "n_spectra_averaged": 1, "peak_status": "identified", "n_blobs": 4, "argmax_wavelength_m": 124.16000855369525, "argmax_axial_bearing_deg": 90.29615625721418, "wavelength_m": 123.05417108059655, "k_rad_m": 0.05106031962999694, "axial_bearing_deg": 88.8982938847936, "blob_area_px": 5, "lobe_to_annulus": 17.127948077552322, "identifiable": true, "wavelength_smoothed_m": 122.95683087631548, "depth_T11.765_m": 12.6469219757302, "depth_T11.765_U-0.5_m": 14.344720251256323, "depth_T11.765_U+0.5_m": 11.17140128656197}}, {"type": "Feature", "geometry": {"type": "Point", "coordinates": [-75.73852957968835, 36.20024645153281]}, "properties": {"transect": 2, "distance_m": 1600.0, "E": 433606.20525965275, "N": 4006411.8136834954, "lon": -75.73852957968835, "lat": 36.20024645153281, "swath": "IW", "burst": 0, "sample": 22309.332255570946, "line": 1483.4387874530978, "n_samples": 130, "n_lines": 126, "ground_spacing_sample_m": 9.8219260264585, "ground_spacing_line_m": 10.120729231227445, "bright_fraction": 0.0, "affine_residual_max_m": 0.3425622195172592, "spectrum_method": "affine_dtft", "status": "ok", "incidence_deg": 44.21104675227738, "n_spectra_averaged": 1, "peak_status": "identified", "n_blobs": 4, "argmax_wavelength_m": 124.45693226142522, "argmax_axial_bearing_deg": 89.65360680307181, "wavelength_m": 123.05417108059655, "k_rad_m": 0.05106031962999694, "axial_bearing_deg": 88.8982938847936, "blob_area_px": 5, "lobe_to_annulus": 17.485092122327536, "identifiable": true, "wavelength_smoothed_m": 122.53921564977809, "depth_T11.765_m": 12.548293480854806, "depth_T11.765_U-0.5_m": 14.234406535037918, "depth_T11.765_U+0.5_m": 11.082264978178943}}, {"type": "Feature", "geometry": {"type": "Point", "coordinates": [-75.73800785898362, 36.20040258324486]}, "properties": {"transect": 2, "distance_m": 1650.0, "E": 433653.24048825976, "N": 4006428.775029842, "lon": -75.73800785898362, "lat": 36.20040258324486, "swath": "IW", "burst": 0, "sample": 22314.336167165675, "line": 1484.3571633293616, "n_samples": 130, "n_lines": 126, "ground_spacing_sample_m": 9.820943454457401, "ground_spacing_line_m": 10.120783956929179, "bright_fraction": 0.0, "affine_residual_max_m": 0.3373369466480003, "spectrum_method": "affine_dtft", "status": "ok", "incidence_deg": 44.213681766964434, "n_spectra_averaged": 1, "peak_status": "identified", "n_blobs": 4, "argmax_wavelength_m": 124.583906813445, "argmax_axial_bearing_deg": 89.1689048859571, "wavelength_m": 121.76678250355044, "k_rad_m": 0.05160015874605525, "axial_bearing_deg": 87.27368900609372, "blob_area_px": 4, "lobe_to_annulus": 15.122537969506723, "identifiable": true, "wavelength_smoothed_m": 122.01083566427887, "depth_T11.765_m": 12.42430559167012, "depth_T11.765_U-0.5_m": 14.095781249109836, "depth_T11.765_U+0.5_m": 10.970184523892707}}, {"type": "Feature", "geometry": {"type": "Point", "coordinates": [-75.73748613617212, 36.20055871270247]}, "properties": {"transect": 2, "distance_m": 1700.0, "E": 433700.27571686683, "N": 4006445.736376188, "lon": -75.73748613617212, "lat": 36.20055871270247, "swath": "IW", "burst": 0, "sample": 22319.34057792141, "line": 1485.2754550781763, "n_samples": 130, "n_lines": 126, "ground_spacing_sample_m": 9.819980221030479, "ground_spacing_line_m": 10.120838623340417, "bright_fraction": 0.0, "affine_residual_max_m": 0.33211614541973683, "spectrum_method": "affine_dtft", "status": "ok", "incidence_deg": 44.21631704303376, "n_spectra_averaged": 1, "peak_status": "identified", "n_blobs": 4, "argmax_wavelength_m": 124.5986874948053, "argmax_axial_bearing_deg": 88.73354497542446, "wavelength_m": 121.76678250355044, "k_rad_m": 0.05160015874605525, "axial_bearing_deg": 87.27368900609372, "blob_area_px": 4, "lobe_to_annulus": 14.122051046938811, "identifiable": true, "wavelength_smoothed_m": 121.48245567877966, "depth_T11.765_m": 12.301204630366056, "depth_T11.765_U-0.5_m": 13.958204421922126, "depth_T11.765_U+0.5_m": 10.858878375607523}}, {"type": "Feature", "geometry": {"type": "Point", "coordinates": [-75.7369644112539, 36.20071483990558]}, "properties": {"transect": 2, "distance_m": 1750.0, "E": 433747.31094547384, "N": 4006462.6977225346, "lon": -75.7369644112539, "lat": 36.20071483990558, "swath": "IW", "burst": 0, "sample": 22324.345478076622, "line": 1486.1936640409476, "n_samples": 130, "n_lines": 126, "ground_spacing_sample_m": 9.819036341892199, "ground_spacing_line_m": 10.120893230197083, "bright_fraction": 0.0, "affine_residual_max_m": 0.3269000481326367, "spectrum_method": "affine_dtft", "status": "ok", "incidence_deg": 44.21895257533849, "n_spectra_averaged": 1, "peak_status": "identified", "n_blobs": 4, "argmax_wavelength_m": 124.4735149298051, "argmax_axial_bearing_deg": 88.3946767148288, "wavelength_m": 120.41227115310043, "k_rad_m": 0.05218060623730544, "axial_bearing_deg": 85.6839724801344, "blob_area_px": 5, "lobe_to_annulus": 13.14361266059921, "identifiable": true, "wavelength_smoothed_m": 120.58320390861181, "depth_T11.765_m": 12.093717692883116, "depth_T11.765_U-0.5_m": 13.7264440059116, "depth_T11.765_U+0.5_m": 10.6712113318533}}, {"type": "Feature", "geometry": {"type": "Point", "coordinates": [-75.73644268422898, 36.200870964854175]}, "properties": {"transect": 2, "distance_m": 1800.0, "E": 433794.3461740809, "N": 4006479.659068881, "lon": -75.73644268422898, "lat": 36.200870964854175, "swath": "IW", "burst": 0, "sample": 22329.350857857826, "line": 1487.111791560478, "n_samples": 130, "n_lines": 126, "ground_spacing_sample_m": 9.818111819794025, "ground_spacing_line_m": 10.120947777958424, "bright_fraction": 0.0, "affine_residual_max_m": 0.3216889011000869, "spectrum_method": "affine_dtft", "status": "ok", "incidence_deg": 44.2215883587255, "n_spectra_averaged": 1, "peak_status": "identified", "n_blobs": 5, "argmax_wavelength_m": 124.27670942379828, "argmax_axial_bearing_deg": 88.2080517286376, "wavelength_m": 120.41227115310043, "k_rad_m": 0.05218060623730544, "axial_bearing_deg": 85.6839724801344, "blob_area_px": 5, "lobe_to_annulus": 11.60615254261885, "identifiable": true, "wavelength_smoothed_m": 119.70941207766391, "depth_T11.765_m": 11.894513682156274, "depth_T11.765_U-0.5_m": 13.504080405920762, "depth_T11.765_U+0.5_m": 10.490967035039017}}, {"type": "Feature", "geometry": {"type": "Point", "coordinates": [-75.73592095509738, 36.201027087548226]}, "properties": {"transect": 2, "distance_m": 1850.0, "E": 433841.3814026879, "N": 4006496.6204152275, "lon": -75.73592095509738, "lat": 36.201027087548226, "swath": "IW", "burst": 0, "sample": 22334.356707482944, "line": 1488.0298389809143, "n_samples": 130, "n_lines": 126, "ground_spacing_sample_m": 9.817206669667096, "ground_spacing_line_m": 10.12100226378, "bright_fraction": 0.0, "affine_residual_max_m": 0.3164829583581246, "spectrum_method": "affine_dtft", "status": "ok", "incidence_deg": 44.224224388037086, "n_spectra_averaged": 1, "peak_status": "identified", "n_blobs": 6, "argmax_wavelength_m": 124.19479821227202, "argmax_axial_bearing_deg": 88.16696562234843, "wavelength_m": 118.55791222975725, "k_rad_m": 0.052996760730765875, "axial_bearing_deg": 84.68545433005525, "blob_area_px": 8, "lobe_to_annulus": 10.501940579204392, "identifiable": true, "wavelength_smoothed_m": 119.19506947119228, "depth_T11.765_m": 11.778353021182602, "depth_T11.765_U-0.5_m": 13.374478777615321, "depth_T11.765_U+0.5_m": 10.385832075482554}}, {"type": "Feature", "geometry": {"type": "Point", "coordinates": [-75.73539922385916, 36.20118320798768]}, "properties": {"transect": 2, "distance_m": 1900.0, "E": 433888.416631295, "N": 4006513.581761574, "lon": -75.73539922385916, "lat": 36.20118320798768, "swath": "IW", "burst": 0, "sample": 22339.36301716105, "line": 1488.9478076468693, "n_samples": 130, "n_lines": 126, "ground_spacing_sample_m": 9.816320885507917, "ground_spacing_line_m": 10.121056695388734, "bright_fraction": 0.0, "affine_residual_max_m": 0.3112825054313961, "spectrum_method": "affine_dtft", "status": "ok", "incidence_deg": 44.22686065811092, "n_spectra_averaged": 1, "peak_status": "identified", "n_blobs": 7, "argmax_wavelength_m": 108.07105261233981, "argmax_axial_bearing_deg": 60.127157297507054, "wavelength_m": 117.39782334881102, "k_rad_m": 0.053520458284060865, "axial_bearing_deg": 84.73760460040488, "blob_area_px": 7, "lobe_to_annulus": 11.452802492828864, "identifiable": true, "wavelength_smoothed_m": 114.32024158184373, "depth_T11.765_m": 10.716585975154945, "depth_T11.765_U-0.5_m": 12.19189397338234, "depth_T11.765_U+0.5_m": 9.423912079009428}}, {"type": "Feature", "geometry": {"type": "Point", "coordinates": [-75.73487749051435, 36.2013393261725]}, "properties": {"transect": 2, "distance_m": 1950.0, "E": 433935.451859902, "N": 4006530.5431079203, "lon": -75.73487749051435, "lat": 36.2013393261725, "swath": "IW", "burst": 0, "sample": 22344.369777090928, "line": 1489.8656989047493, "n_samples": 130, "n_lines": 126, "ground_spacing_sample_m": 9.815454484590727, "ground_spacing_line_m": 10.12111106310859, "bright_fraction": 0.0, "affine_residual_max_m": 0.30608783429914765, "spectrum_method": "affine_dtft", "status": "ok", "incidence_deg": 44.22949716377924, "n_spectra_averaged": 1, "peak_status": "ambiguous_multiple_blobs", "n_blobs": 8, "argmax_wavelength_m": 109.77752527435754, "argmax_axial_bearing_deg": 80.78739501195987, "wavelength_m": 134.55061279427503, "k_rad_m": 0.04669755994932881, "axial_bearing_deg": 86.98721249581665, "blob_area_px": 2, "lobe_to_annulus": 6.615530621796189, "identifiable": false}}, {"type": "Feature", "geometry": {"type": "Point", "coordinates": [-75.73435575506298, 36.20149544210264]}, "properties": {"transect": 2, "distance_m": 2000.0, "E": 433982.4870885091, "N": 4006547.5044542667, "lon": -75.73435575506298, "lat": 36.20149544210264, "swath": "IW", "burst": 0, "sample": 22349.37697746349, "line": 1490.783514101074, "n_samples": 130, "n_lines": 126, "ground_spacing_sample_m": 9.814607471294062, "ground_spacing_line_m": 10.121165373301771, "bright_fraction": 0.0, "affine_residual_max_m": 0.3010309399107843, "spectrum_method": "affine_dtft", "status": "ok", "incidence_deg": 44.23213389987013, "n_spectra_averaged": 1, "peak_status": "identified", "n_blobs": 7, "argmax_wavelength_m": 109.27888892006341, "argmax_axial_bearing_deg": 80.47690193076717, "wavelength_m": 100.91295959570625, "k_rad_m": 0.062263413265771755, "axial_bearing_deg": 93.01278750418334, "blob_area_px": 3, "lobe_to_annulus": 15.539103199966869, "identifiable": true, "wavelength_smoothed_m": 103.05697988418494, "depth_T11.765_m": 8.514985921149718, "depth_T11.765_U-0.5_m": 9.749318140526306, "depth_T11.765_U+0.5_m": 7.425546339308767}}, {"type": "Feature", "geometry": {"type": "Point", "coordinates": [-75.73383401750506, 36.201651555778064]}, "properties": {"transect": 2, "distance_m": 2050.0, "E": 434029.5223171161, "N": 4006564.465800613, "lon": -75.73383401750506, "lat": 36.201651555778064, "swath": "IW", "burst": 0, "sample": 22354.384608460332, "line": 1491.70125458434, "n_samples": 130, "n_lines": 126, "ground_spacing_sample_m": 9.813779853512424, "ground_spacing_line_m": 10.12121962669114, "bright_fraction": 0.0, "affine_residual_max_m": 0.2960068047147911, "spectrum_method": "affine_dtft", "status": "ok", "incidence_deg": 44.23477086120674, "n_spectra_averaged": 1, "peak_status": "identified", "n_blobs": 7, "argmax_wavelength_m": 109.01524016568612, "argmax_axial_bearing_deg": 80.25706318998523, "wavelength_m": 96.95856829611125, "k_rad_m": 0.06480278553609364, "axial_bearing_deg": 90.86805144974556, "blob_area_px": 5, "lobe_to_annulus": 19.712838146964405, "identifiable": true, "wavelength_smoothed_m": 97.70002756077713, "depth_T11.765_m": 7.580570579555939, "depth_T11.765_U-0.5_m": 8.715272484402483, "depth_T11.765_U+0.5_m": 6.576805492800057}}, {"type": "Feature", "geometry": {"type": "Point", "coordinates": [-75.73331227784068, 36.20180766719874]}, "properties": {"transect": 2, "distance_m": 2100.0, "E": 434076.55754572316, "N": 4006581.4271469596, "lon": -75.73331227784068, "lat": 36.20180766719874, "swath": "IW", "burst": 0, "sample": 22359.392660254525, "line": 1492.6189217039478, "n_samples": 130, "n_lines": 126, "ground_spacing_sample_m": 9.81297162816623, "ground_spacing_line_m": 10.121273817760642, "bright_fraction": 0.0, "affine_residual_max_m": 0.29099430776894486, "spectrum_method": "affine_dtft", "status": "ok", "incidence_deg": 44.23740804260779, "n_spectra_averaged": 1, "peak_status": "identified", "n_blobs": 7, "argmax_wavelength_m": 100.26725280470913, "argmax_axial_bearing_deg": 92.31592792192137, "wavelength_m": 96.95856829611125, "k_rad_m": 0.06480278553609364, "axial_bearing_deg": 90.86805144974556, "blob_area_px": 5, "lobe_to_annulus": 18.650786290491762, "identifiable": true, "wavelength_smoothed_m": 97.70002756077713, "depth_T11.765_m": 7.580570579555939, "depth_T11.765_U-0.5_m": 8.715272484402483, "depth_T11.765_U+0.5_m": 6.576805492800057}}, {"type": "Feature", "geometry": {"type": "Point", "coordinates": [-75.73279053606981, 36.20196377636464]}, "properties": {"transect": 2, "distance_m": 2150.0, "E": 434123.5927743302, "N": 4006598.388493306, "lon": -75.73279053606981, "lat": 36.20196377636464, "swath": "IW", "burst": 0, "sample": 22364.401123011103, "line": 1493.5365168095534, "n_samples": 130, "n_lines": 126, "ground_spacing_sample_m": 9.812182820165738, "ground_spacing_line_m": 10.121327950765563, "bright_fraction": 0.0, "affine_residual_max_m": 0.28599404336706286, "spectrum_method": "affine_dtft", "status": "ok", "incidence_deg": 44.24004543888772, "n_spectra_averaged": 1, "peak_status": "identified", "n_blobs": 6, "argmax_wavelength_m": 99.45176096602081, "argmax_axial_bearing_deg": 92.23674137338823, "wavelength_m": 95.97001405517976, "k_rad_m": 0.06547029683216417, "axial_bearing_deg": 91.43209618416465, "blob_area_px": 3, "lobe_to_annulus": 22.629436932329988, "identifiable": true, "wavelength_smoothed_m": 96.62905021580076, "depth_T11.765_m": 7.401899425472954, "depth_T11.765_U-0.5_m": 8.517651441914099, "depth_T11.765_U+0.5_m": 6.414542252482604}}, {"type": "Feature", "geometry": {"type": "Point", "coordinates": [-75.73226879219253, 36.2021198832757]}, "properties": {"transect": 2, "distance_m": 2200.0, "E": 434170.6280029372, "N": 4006615.3498396524, "lon": -75.73226879219253, "lat": 36.2021198832757, "swath": "IW", "burst": 0, "sample": 22369.40998688617, "line": 1494.454041252524, "n_samples": 130, "n_lines": 126, "ground_spacing_sample_m": 9.811413418520507, "ground_spacing_line_m": 10.121382026760141, "bright_fraction": 0.0, "affine_residual_max_m": 0.2810753900709408, "spectrum_method": "affine_dtft", "status": "ok", "incidence_deg": 44.24268304485625, "n_spectra_averaged": 1, "peak_status": "ambiguous_multiple_blobs", "n_blobs": 4, "argmax_wavelength_m": 96.0012519741416, "argmax_axial_bearing_deg": 92.07889317845853, "wavelength_m": 139.84455182001213, "k_rad_m": 0.04492978257219775, "axial_bearing_deg": 56.88865803962797, "blob_area_px": 3, "lobe_to_annulus": 11.225747742627991, "identifiable": false}}, {"type": "Feature", "geometry": {"type": "Point", "coordinates": [-75.73174704620887, 36.20227598793188]}, "properties": {"transect": 2, "distance_m": 2250.0, "E": 434217.66323154425, "N": 4006632.311185999, "lon": -75.73174704620887, "lat": 36.20227598793188, "swath": "IW", "burst": 0, "sample": 22374.41924202883, "line": 1495.3714963843397, "n_samples": 130, "n_lines": 126, "ground_spacing_sample_m": 9.810663444015908, "ground_spacing_line_m": 10.121436040998207, "bright_fraction": 0.0, "affine_residual_max_m": 0.27610191993429073, "spectrum_method": "affine_dtft", "status": "ok", "incidence_deg": 44.24532085531947, "n_spectra_averaged": 1, "peak_status": "ambiguous_multiple_blobs", "n_blobs": 2, "argmax_wavelength_m": 95.86111953541165, "argmax_axial_bearing_deg": 92.04694633545674, "wavelength_m": 139.84455182001213, "k_rad_m": 0.04492978257219775, "axial_bearing_deg": 56.88865803962797, "blob_area_px": 3, "lobe_to_annulus": 10.249132687702549, "identifiable": false}}, {"type": "Feature", "geometry": {"type": "Point", "coordinates": [-75.73122529811883, 36.20243209033317]}, "properties": {"transect": 2, "distance_m": 2300.0, "E": 434264.69846015127, "N": 4006649.2725323453, "lon": -75.73122529811883, "lat": 36.20243209033317, "swath": "IW", "burst": 0, "sample": 22379.428878579885, "line": 1496.2888835584874, "n_samples": 130, "n_lines": 126, "ground_spacing_sample_m": 9.809932889442587, "ground_spacing_line_m": 10.121490002844778, "bright_fraction": 0.0, "affine_residual_max_m": 0.271142745622495, "spectrum_method": "affine_dtft", "status": "ok", "incidence_deg": 44.247958865079035, "n_spectra_averaged": 1, "peak_status": "ambiguous_multiple_blobs", "n_blobs": 2, "argmax_wavelength_m": 95.79223250874749, "argmax_axial_bearing_deg": 92.02920285911706, "wavelength_m": 139.84455182001213, "k_rad_m": 0.04492978257219775, "axial_bearing_deg": 56.88865803962797, "blob_area_px": 3, "lobe_to_annulus": 10.264301118735192, "identifiable": false}}, {"type": "Feature", "geometry": {"type": "Point", "coordinates": [-75.73070354792247, 36.202588190479496]}, "properties": {"transect": 2, "distance_m": 2350.0, "E": 434311.73368875834, "N": 4006666.2338786917, "lon": -75.73070354792247, "lat": 36.202588190479496, "swath": "IW", "burst": 0, "sample": 22384.438886672036, "line": 1497.2062041281627, "n_samples": 130, "n_lines": 126, "ground_spacing_sample_m": 9.809221765697298, "ground_spacing_line_m": 10.121543901751071, "bright_fraction": 0.0, "affine_residual_max_m": 0.2661986495961702, "spectrum_method": "affine_dtft", "status": "ok", "incidence_deg": 44.25059706893235, "n_spectra_averaged": 1, "peak_status": "identified", "n_blobs": 3, "argmax_wavelength_m": 95.79156231169313, "argmax_axial_bearing_deg": 92.04461560735736, "wavelength_m": 94.7498509052935, "k_rad_m": 0.06631340574308552, "axial_bearing_deg": 92.12109639666147, "blob_area_px": 4, "lobe_to_annulus": 23.10992048594108, "identifiable": true, "wavelength_smoothed_m": 94.7498509052935, "depth_T11.765_m": 7.094757872104439, "depth_T11.765_U-0.5_m": 8.177979504966544, "depth_T11.765_U+0.5_m": 6.135652331037616}}, {"type": "Feature", "geometry": {"type": "Point", "coordinates": [-75.73018179561984, 36.202744288370845]}, "properties": {"transect": 2, "distance_m": 2400.0, "E": 434358.76891736535, "N": 4006683.195225038, "lon": -75.73018179561984, "lat": 36.202744288370845, "swath": "IW", "burst": 0, "sample": 22389.44925643192, "line": 1498.1234594480804, "n_samples": 130, "n_lines": 126, "ground_spacing_sample_m": 9.808530080107067, "ground_spacing_line_m": 10.121597741802145, "bright_fraction": 0.0, "affine_residual_max_m": 0.2612704810996819, "spectrum_method": "affine_dtft", "status": "ok", "incidence_deg": 44.25323546167363, "n_spectra_averaged": 1, "peak_status": "identified", "n_blobs": 4, "argmax_wavelength_m": 95.87022201804754, "argmax_axial_bearing_deg": 92.11645455619436, "wavelength_m": 94.7498509052935, "k_rad_m": 0.06631340574308552, "axial_bearing_deg": 92.12109639666147, "blob_area_px": 4, "lobe_to_annulus": 21.09830570464375, "identifiable": true, "wavelength_smoothed_m": 94.7498509052935, "depth_T11.765_m": 7.094757872104439, "depth_T11.765_U-0.5_m": 8.177979504966544, "depth_T11.765_U+0.5_m": 6.135652331037616}}, {"type": "Feature", "geometry": {"type": "Point", "coordinates": [-75.72966004121093, 36.202900384007165]}, "properties": {"transect": 2, "distance_m": 2450.0, "E": 434405.8041459724, "N": 4006700.1565713845, "lon": -75.72966004121093, "lat": 36.202900384007165, "swath": "IW", "burst": 0, "sample": 22394.459977977167, "line": 1499.0406508740045, "n_samples": 131, "n_lines": 126, "ground_spacing_sample_m": 9.807857836503825, "ground_spacing_line_m": 10.121651528464042, "bright_fraction": 0.0, "affine_residual_max_m": 0.2563591379183684, "spectrum_method": "affine_dtft", "status": "ok", "incidence_deg": 44.255874038092365, "n_spectra_averaged": 1, "peak_status": "identified", "n_blobs": 4, "argmax_wavelength_m": 96.09972392330396, "argmax_axial_bearing_deg": 92.32594956812487, "wavelength_m": 94.7498509052935, "k_rad_m": 0.06631340574308552, "axial_bearing_deg": 92.12109639666147, "blob_area_px": 4, "lobe_to_annulus": 17.62113691440273, "identifiable": true, "wavelength_smoothed_m": 94.97592563068942, "depth_T11.765_m": 7.131283039151769, "depth_T11.765_U-0.5_m": 8.218370879035584, "depth_T11.765_U+0.5_m": 6.168814171748547}}, {"type": "Feature", "geometry": {"type": "Point", "coordinates": [-75.72913828469581, 36.203056477388415]}, "properties": {"transect": 2, "distance_m": 2500.0, "E": 434452.83937457943, "N": 4006717.117917731, "lon": -75.72913828469581, "lat": 36.203056477388415, "swath": "IW", "burst": 0, "sample": 22399.471041419925, "line": 1499.9577797614018, "n_samples": 131, "n_lines": 126, "ground_spacing_sample_m": 9.807205043188134, "ground_spacing_line_m": 10.12170525436826, "bright_fraction": 0.0, "affine_residual_max_m": 0.2514655911729819, "spectrum_method": "affine_dtft", "status": "ok", "incidence_deg": 44.258512792975125, "n_spectra_averaged": 1, "peak_status": "identified", "n_blobs": 4, "argmax_wavelength_m": 95.99389871267807, "argmax_axial_bearing_deg": 92.57513806937627, "wavelength_m": 94.7498509052935, "k_rad_m": 0.06631340574308552, "axial_bearing_deg": 92.12109639666147, "blob_area_px": 4, "lobe_to_annulus": 16.04568080762192, "identifiable": true, "wavelength_smoothed_m": 99.52362377159737, "depth_T11.765_m": 7.8909631583028395, "depth_T11.765_U-0.5_m": 9.058649178927798, "depth_T11.765_U+0.5_m": 6.858724732470923}}, {"type": "Feature", "geometry": {"type": "Point", "coordinates": [-75.72861652607452, 36.20321256851456]}, "properties": {"transect": 2, "distance_m": 2550.0, "E": 434499.8746031865, "N": 4006734.0792640774, "lon": -75.72861652607452, "lat": 36.20321256851456, "swath": "IW", "burst": 0, "sample": 22404.482436864175, "line": 1500.8748474677432, "n_samples": 131, "n_lines": 126, "ground_spacing_sample_m": 9.806571701205034, "ground_spacing_line_m": 10.121758922353948, "bright_fraction": 0.0, "affine_residual_max_m": 0.2465908845911671, "spectrum_method": "affine_dtft", "status": "ok", "incidence_deg": 44.26115172110418, "n_spectra_averaged": 1, "peak_status": "identified", "n_blobs": 4, "argmax_wavelength_m": 95.95575367688838, "argmax_axial_bearing_deg": 92.8399306286198, "wavelength_m": 95.88022453227308, "k_rad_m": 0.06553160818959784, "axial_bearing_deg": 92.86240522611175, "blob_area_px": 3, "lobe_to_annulus": 14.42462496200133, "identifiable": true, "wavelength_smoothed_m": 104.08263378794229, "depth_T11.765_m": 8.701845507938739, "depth_T11.765_U-0.5_m": 9.956242925112612, "depth_T11.765_U+0.5_m": 7.595270140098879}}, {"type": "Feature", "geometry": {"type": "Point", "coordinates": [-75.72809476534705, 36.203368657385575]}, "properties": {"transect": 2, "distance_m": 2600.0, "E": 434546.9098317935, "N": 4006751.040610424, "lon": -75.72809476534705, "lat": 36.203368657385575, "swath": "IW", "burst": 0, "sample": 22409.494154408465, "line": 1501.7918553507454, "n_samples": 131, "n_lines": 126, "ground_spacing_sample_m": 9.805957816995777, "ground_spacing_line_m": 10.121812532257188, "bright_fraction": 0.0, "affine_residual_max_m": 0.2417361464431332, "spectrum_method": "affine_dtft", "status": "ok", "incidence_deg": 44.26379081725894, "n_spectra_averaged": 1, "peak_status": "identified", "n_blobs": 4, "argmax_wavelength_m": 105.43123063828882, "argmax_axial_bearing_deg": 63.491539727070865, "wavelength_m": 117.48834160983328, "k_rad_m": 0.05347922373477191, "axial_bearing_deg": 60.68999292908386, "blob_area_px": 6, "lobe_to_annulus": 7.543228369688067, "identifiable": true, "wavelength_smoothed_m": 107.85396045402142, "depth_T11.765_m": 9.41177802804811, "depth_T11.765_U-0.5_m": 10.742977404498554, "depth_T11.765_U+0.5_m": 8.239975262782385}}, {"type": "Feature", "geometry": {"type": "Point", "coordinates": [-75.72757300251348, 36.20352474400141]}, "properties": {"transect": 2, "distance_m": 2650.0, "E": 434593.9450604006, "N": 4006768.00195677, "lon": -75.72757300251348, "lat": 36.20352474400141, "swath": "IW", "burst": 0, "sample": 22414.5061841443, "line": 1502.7088047686455, "n_samples": 131, "n_lines": 126, "ground_spacing_sample_m": 9.805363403227139, "ground_spacing_line_m": 10.121866086189018, "bright_fraction": 0.0, "affine_residual_max_m": 0.23690257709004306, "spectrum_method": "affine_dtft", "status": "ok", "incidence_deg": 44.266430076215116, "n_spectra_averaged": 1, "peak_status": "identified", "n_blobs": 5, "argmax_wavelength_m": 106.37782901230794, "argmax_axial_bearing_deg": 63.50839684561023, "wavelength_m": 117.54490098701812, "k_rad_m": 0.05345349100148132, "axial_bearing_deg": 61.342882543441874, "blob_area_px": 9, "lobe_to_annulus": 10.576542644037731, "identifiable": true, "wavelength_smoothed_m": 112.7044188123688, "depth_T11.765_m": 10.379785157755316, "depth_T11.765_U-0.5_m": 11.817475746622522, "depth_T11.765_U+0.5_m": 9.118474362454247}}, {"type": "Feature", "geometry": {"type": "Point", "coordinates": [-75.72705123757382, 36.20368082836201]}, "properties": {"transect": 2, "distance_m": 2700.0, "E": 434640.9802890076, "N": 4006784.9633031166, "lon": -75.72705123757382, "lat": 36.20368082836201, "swath": "IW", "burst": 0, "sample": 22419.51851615685, "line": 1503.6256970800812, "n_samples": 131, "n_lines": 126, "ground_spacing_sample_m": 9.804788446673609, "ground_spacing_line_m": 10.121919585883001, "bright_fraction": 0.0, "affine_residual_max_m": 0.23209149658275682, "spectrum_method": "affine_dtft", "status": "ok", "incidence_deg": 44.26906949274506, "n_spectra_averaged": 1, "peak_status": "identified", "n_blobs": 4, "argmax_wavelength_m": 107.63929505825341, "argmax_axial_bearing_deg": 63.443497363887154, "wavelength_m": 113.6064842356891, "k_rad_m": 0.05530657294300588, "axial_bearing_deg": 60.78075330951541, "blob_area_px": 6, "lobe_to_annulus": 12.755972143216525, "identifiable": true, "wavelength_smoothed_m": 116.84933486203718, "depth_T11.765_m": 11.25871080846226, "depth_T11.765_U-0.5_m": 12.795262576030197, "depth_T11.765_U+0.5_m": 9.915256212567858}}, {"type": "Feature", "geometry": {"type": "Point", "coordinates": [-75.72652947052812, 36.203836910467345]}, "properties": {"transect": 2, "distance_m": 2750.0, "E": 434688.01551761467, "N": 4006801.924649463, "lon": -75.72652947052812, "lat": 36.203836910467345, "swath": "IW", "burst": 0, "sample": 22424.53114052509, "line": 1504.54253364536, "n_samples": 131, "n_lines": 126, "ground_spacing_sample_m": 9.804232970531773, "ground_spacing_line_m": 10.121973025257775, "bright_fraction": 0.0, "affine_residual_max_m": 0.22730430470518725, "spectrum_method": "affine_dtft", "status": "ok", "incidence_deg": 44.2717090616179, "n_spectra_averaged": 1, "peak_status": "identified", "n_blobs": 6, "argmax_wavelength_m": 112.6496805562821, "argmax_axial_bearing_deg": 62.34931596981316, "wavelength_m": 119.00214269703041, "k_rad_m": 0.05279892584099141, "axial_bearing_deg": 59.688786773318384, "blob_area_px": 7, "lobe_to_annulus": 9.71509296137285, "identifiable": true, "wavelength_smoothed_m": 116.67262749619351, "depth_T11.765_m": 11.220228410739736, "depth_T11.765_U-0.5_m": 12.752403186451666, "depth_T11.765_U+0.5_m": 9.880391570315233}}, {"type": "Feature", "geometry": {"type": "Point", "coordinates": [-75.72600770137639, 36.20399299031739]}, "properties": {"transect": 2, "distance_m": 2800.0, "E": 434735.0507462217, "N": 4006818.8859958095, "lon": -75.72600770137639, "lat": 36.20399299031739, "swath": "IW", "burst": 0, "sample": 22429.54404732305, "line": 1505.4593158247112, "n_samples": 131, "n_lines": 126, "ground_spacing_sample_m": 9.803696976752802, "ground_spacing_line_m": 10.122026405743313, "bright_fraction": 0.0, "affine_residual_max_m": 0.22261637971704032, "spectrum_method": "affine_dtft", "status": "ok", "incidence_deg": 44.27434877760008, "n_spectra_averaged": 1, "peak_status": "identified", "n_blobs": 3, "argmax_wavelength_m": 117.53064752257984, "argmax_axial_bearing_deg": 60.66289110851172, "wavelength_m": 116.60480478061494, "k_rad_m": 0.05388444600547146, "axial_bearing_deg": 59.93141717813756, "blob_area_px": 6, "lobe_to_annulus": 9.273449126166176, "identifiable": true, "wavelength_smoothed_m": 116.9326505854525, "depth_T11.765_m": 11.27688674238608, "depth_T11.765_U-0.5_m": 12.81550746713781, "depth_T11.765_U+0.5_m": 9.931722683377012}}, {"type": "Feature", "geometry": {"type": "Point", "coordinates": [-75.72548593011868, 36.2041490679121]}, "properties": {"transect": 2, "distance_m": 2850.0, "E": 434782.08597482875, "N": 4006835.847342156, "lon": -75.72548593011868, "lat": 36.2041490679121, "swath": "IW", "burst": 0, "sample": 22434.557226617755, "line": 1506.3760449789213, "n_samples": 131, "n_lines": 126, "ground_spacing_sample_m": 9.803180452980484, "ground_spacing_line_m": 10.12207973362294, "bright_fraction": 0.0, "affine_residual_max_m": 0.21788217401046228, "spectrum_method": "affine_dtft", "status": "ok", "incidence_deg": 44.27698863545446, "n_spectra_averaged": 1, "peak_status": "identified", "n_blobs": 3, "argmax_wavelength_m": 118.03987983994799, "argmax_axial_bearing_deg": 59.84640015824807, "wavelength_m": 116.60480478061494, "k_rad_m": 0.05388444600547146, "axial_bearing_deg": 59.93141717813756, "blob_area_px": 6, "lobe_to_annulus": 11.210747844153376, "identifiable": true, "wavelength_smoothed_m": 117.53231469443767, "depth_T11.765_m": 11.408312909496289, "depth_T11.765_U-0.5_m": 12.961925138956154, "depth_T11.765_U+0.5_m": 10.050773915146152}}, {"type": "Feature", "geometry": {"type": "Point", "coordinates": [-75.72496415675504, 36.20430514325143]}, "properties": {"transect": 2, "distance_m": 2900.0, "E": 434829.12120343576, "N": 4006852.8086885023, "lon": -75.72496415675504, "lat": 36.20430514325143, "swath": "IW", "burst": 0, "sample": 22439.570668471853, "line": 1507.2927224697194, "n_samples": 131, "n_lines": 126, "ground_spacing_sample_m": 9.802683423476784, "ground_spacing_line_m": 10.122133004527898, "bright_fraction": 0.0, "affine_residual_max_m": 0.21317683350386582, "spectrum_method": "affine_dtft", "status": "ok", "incidence_deg": 44.2796286299415, "n_spectra_averaged": 1, "peak_status": "identified", "n_blobs": 2, "argmax_wavelength_m": 120.44390146441187, "argmax_axial_bearing_deg": 58.741950499585116, "wavelength_m": 118.84501643331316, "k_rad_m": 0.05286873186395018, "axial_bearing_deg": 58.67130713219584, "blob_area_px": 5, "lobe_to_annulus": 14.252796212096326, "identifiable": true, "wavelength_smoothed_m": 118.00301386779843, "depth_T11.765_m": 11.512222718792849, "depth_T11.765_U-0.5_m": 13.077727213403787, "depth_T11.765_U+0.5_m": 10.14488169662792}}, {"type": "Feature", "geometry": {"type": "Point", "coordinates": [-75.72444238128547, 36.204461216335346]}, "properties": {"transect": 2, "distance_m": 2950.0, "E": 434876.15643204283, "N": 4006869.7700348487, "lon": -75.72444238128547, "lat": 36.204461216335346, "swath": "IW", "burst": 0, "sample": 22444.58436294217, "line": 1508.2093496589075, "n_samples": 131, "n_lines": 126, "ground_spacing_sample_m": 9.802205879953593, "ground_spacing_line_m": 10.1221862168597, "bright_fraction": 0.0, "affine_residual_max_m": 0.20850229437050183, "spectrum_method": "affine_dtft", "status": "ok", "incidence_deg": 44.282268755818656, "n_spectra_averaged": 1, "peak_status": "identified", "n_blobs": 2, "argmax_wavelength_m": 119.83819637707427, "argmax_axial_bearing_deg": 58.61548847718708, "wavelength_m": 116.60480478061494, "k_rad_m": 0.05388444600547146, "axial_bearing_deg": 59.93141717813756, "blob_area_px": 4, "lobe_to_annulus": 19.212158095488437, "identifiable": true, "wavelength_smoothed_m": 118.95318062444228, "depth_T11.765_m": 11.724003026192754, "depth_T11.765_U-0.5_m": 13.313855831699692, "depth_T11.765_U+0.5_m": 10.336633410997319}}, {"type": "Feature", "geometry": {"type": "Point", "coordinates": [-75.72392060371001, 36.2046172871638]}, "properties": {"transect": 2, "distance_m": 3000.0, "E": 434923.19166064984, "N": 4006886.731381195, "lon": -75.72392060371001, "lat": 36.2046172871638, "swath": "IW", "burst": 0, "sample": 22449.598300080386, "line": 1509.1259279095086, "n_samples": 131, "n_lines": 126, "ground_spacing_sample_m": 9.801747832113668, "ground_spacing_line_m": 10.122239370095114, "bright_fraction": 0.0, "affine_residual_max_m": 0.20386065898858569, "spectrum_method": "affine_dtft", "status": "ok", "incidence_deg": 44.284909007840625, "n_spectra_averaged": 1, "peak_status": "identified", "n_blobs": 1, "argmax_wavelength_m": 119.54193362458409, "argmax_axial_bearing_deg": 58.626784271767534, "wavelength_m": 121.35563856383418, "k_rad_m": 0.0517749762725246, "axial_bearing_deg": 58.570434385161505, "blob_area_px": 2, "lobe_to_annulus": 21.782809278664807, "identifiable": true, "wavelength_smoothed_m": 119.90334738108614, "depth_T11.765_m": 11.938523016852937, "depth_T11.765_U-0.5_m": 13.55319428230277, "depth_T11.765_U+0.5_m": 10.530793359922411}}, {"type": "Feature", "geometry": {"type": "Point", "coordinates": [-75.72339882402873, 36.204773355736755]}, "properties": {"transect": 2, "distance_m": 3050.0, "E": 434970.2268892569, "N": 4006903.6927275416, "lon": -75.72339882402873, "lat": 36.204773355736755, "swath": "IW", "burst": 0, "sample": 22454.612469933003, "line": 1510.0424585843407, "n_samples": 131, "n_lines": 126, "ground_spacing_sample_m": 9.80130928397195, "ground_spacing_line_m": 10.122292472580181, "bright_fraction": 0.0, "affine_residual_max_m": 0.1992542023151365, "spectrum_method": "affine_dtft", "status": "ok", "incidence_deg": 44.287549380759415, "n_spectra_averaged": 1, "peak_status": "identified", "n_blobs": 1, "argmax_wavelength_m": 119.43189794237733, "argmax_axial_bearing_deg": 58.7868973915352, "wavelength_m": 121.35563856383418, "k_rad_m": 0.0517749762725246, "axial_bearing_deg": 58.570434385161505, "blob_area_px": 2, "lobe_to_annulus": 23.566680483406053, "identifiable": true, "wavelength_smoothed_m": 120.40547180719034, "depth_T11.765_m": 12.053007662316737, "depth_T11.765_U-0.5_m": 13.68098959176533, "depth_T11.765_U+0.5_m": 10.634381383020099}}, {"type": "Feature", "geometry": {"type": "Point", "coordinates": [-75.72287704224163, 36.20492942205417]}, "properties": {"transect": 2, "distance_m": 3100.0, "E": 435017.2621178639, "N": 4006920.654073888, "lon": -75.72287704224163, "lat": 36.20492942205417, "swath": "IW", "burst": 0, "sample": 22459.626862542966, "line": 1510.9589430472083, "n_samples": 131, "n_lines": 126, "ground_spacing_sample_m": 9.800890231935185, "ground_spacing_line_m": 10.12234551494323, "bright_fraction": 0.0, "affine_residual_max_m": 0.19468540816515859, "spectrum_method": "affine_dtft", "status": "ok", "incidence_deg": 44.29018986932513, "n_spectra_averaged": 1, "peak_status": "identified", "n_blobs": 1, "argmax_wavelength_m": 119.45375900084815, "argmax_axial_bearing_deg": 59.10587148521673, "wavelength_m": 121.35563856383418, "k_rad_m": 0.0517749762725246, "axial_bearing_deg": 58.570434385161505, "blob_area_px": 2, "lobe_to_annulus": 24.41711620233755, "identifiable": true, "wavelength_smoothed_m": 121.35563856383416, "depth_T11.765_m": 12.271790207546813, "depth_T11.765_U-0.5_m": 13.925339336762812, "depth_T11.765_U+0.5_m": 10.832278286112365}}, {"type": "Feature", "geometry": {"type": "Point", "coordinates": [-75.72235525834876, 36.20508548611603]}, "properties": {"transect": 2, "distance_m": 3150.0, "E": 435064.297346471, "N": 4006937.6154202344, "lon": -75.72235525834876, "lat": 36.20508548611603, "swath": "IW", "burst": 0, "sample": 22464.641467947844, "line": 1511.87538266176, "n_samples": 131, "n_lines": 126, "ground_spacing_sample_m": 9.800490687839488, "ground_spacing_line_m": 10.122398503624254, "bright_fraction": 0.0, "affine_residual_max_m": 0.1901569696022887, "spectrum_method": "affine_dtft", "status": "ok", "incidence_deg": 44.292830468285075, "n_spectra_averaged": 1, "peak_status": "identified", "n_blobs": 1, "argmax_wavelength_m": 119.73014789111535, "argmax_axial_bearing_deg": 59.230300367604116, "wavelength_m": 121.35563856383418, "k_rad_m": 0.0517749762725246, "axial_bearing_deg": 58.570434385161505, "blob_area_px": 2, "lobe_to_annulus": 25.207791634619948, "identifiable": true, "wavelength_smoothed_m": 121.35563856383416, "depth_T11.765_m": 12.271790207546813, "depth_T11.765_U-0.5_m": 13.925339336762812, "depth_T11.765_U+0.5_m": 10.832278286112365}}, {"type": "Feature", "geometry": {"type": "Point", "coordinates": [-75.72183347235014, 36.205241547922284]}, "properties": {"transect": 2, "distance_m": 3200.0, "E": 435111.332575078, "N": 4006954.576766581, "lon": -75.72183347235014, "lat": 36.205241547922284, "swath": "IW", "burst": 0, "sample": 22469.65627618084, "line": 1512.7917787928911, "n_samples": 131, "n_lines": 126, "ground_spacing_sample_m": 9.800110654876644, "ground_spacing_line_m": 10.122451438531643, "bright_fraction": 0.0, "affine_residual_max_m": 0.1856718205648302, "spectrum_method": "affine_dtft", "status": "ok", "incidence_deg": 44.295471172384225, "n_spectra_averaged": 1, "peak_status": "identified", "n_blobs": 2, "argmax_wavelength_m": 120.51828226394616, "argmax_axial_bearing_deg": 59.34060739208741, "wavelength_m": 121.35563856383418, "k_rad_m": 0.0517749762725246, "axial_bearing_deg": 58.570434385161505, "blob_area_px": 2, "lobe_to_annulus": 30.15236962990029, "identifiable": true, "wavelength_smoothed_m": 121.94942892741331, "depth_T11.765_m": 12.409953756208399, "depth_T11.765_U-0.5_m": 14.079738833523113, "depth_T11.765_U+0.5_m": 10.957209194459239}}, {"type": "Feature", "geometry": {"type": "Point", "coordinates": [-75.72131168424579, 36.20539760747286]}, "properties": {"transect": 2, "distance_m": 3250.0, "E": 435158.3678036851, "N": 4006971.538112927, "lon": -75.72131168424579, "lat": 36.20539760747286, "swath": "IW", "burst": 0, "sample": 22474.67127727188, "line": 1513.7081328049787, "n_samples": 131, "n_lines": 126, "ground_spacing_sample_m": 9.799750129535145, "ground_spacing_line_m": 10.122504312296483, "bright_fraction": 0.0, "affine_residual_max_m": 0.18123314515385602, "spectrum_method": "affine_dtft", "status": "ok", "incidence_deg": 44.29811197636583, "n_spectra_averaged": 1, "peak_status": "identified", "n_blobs": 1, "argmax_wavelength_m": 121.94432185266592, "argmax_axial_bearing_deg": 59.43714115775313, "wavelength_m": 121.35563856383418, "k_rad_m": 0.0517749762725246, "axial_bearing_deg": 58.570434385161505, "blob_area_px": 2, "lobe_to_annulus": 32.75803208483059, "identifiable": true, "wavelength_smoothed_m": 123.63773169469223, "depth_T11.765_m": 12.80893809948768, "depth_T11.765_U-0.5_m": 14.52601294839344, "depth_T11.765_U+0.5_m": 11.317785034185045}}, {"type": "Feature", "geometry": {"type": "Point", "coordinates": [-75.7207898940358, 36.205553664767756]}, "properties": {"transect": 2, "distance_m": 3300.0, "E": 435205.4030322921, "N": 4006988.4994592736, "lon": -75.7207898940358, "lat": 36.205553664767756, "swath": "IW", "burst": 0, "sample": 22479.68646124522, "line": 1514.624446063689, "n_samples": 131, "n_lines": 126, "ground_spacing_sample_m": 9.799409121546184, "ground_spacing_line_m": 10.122557132559706, "bright_fraction": 0.0, "affine_residual_max_m": 0.17684443336746045, "spectrum_method": "affine_dtft", "status": "ok", "incidence_deg": 44.300752874970186, "n_spectra_averaged": 1, "peak_status": "identified", "n_blobs": 1, "argmax_wavelength_m": 123.71493503765387, "argmax_axial_bearing_deg": 59.61722901547788, "wavelength_m": 124.3245903817298, "k_rad_m": 0.05053855627344126, "axial_bearing_deg": 60.94539590092286, "blob_area_px": 1, "lobe_to_annulus": 27.168196848747872, "identifiable": true, "wavelength_smoothed_m": 126.1699887919008, "depth_T11.765_m": 13.424860109585158, "depth_T11.765_U-0.5_m": 15.216173675116941, "depth_T11.765_U+0.5_m": 11.873808560018398}}, {"type": "Feature", "geometry": {"type": "Point", "coordinates": [-75.72026810172015, 36.20570971980693]}, "properties": {"transect": 2, "distance_m": 3350.0, "E": 435252.43826089916, "N": 4007005.46080562, "lon": -75.72026810172015, "lat": 36.20570971980693, "swath": "IW", "burst": 0, "sample": 22484.701818123904, "line": 1515.5407199344031, "n_samples": 131, "n_lines": 126, "ground_spacing_sample_m": 9.799087627641324, "ground_spacing_line_m": 10.122609896931483, "bright_fraction": 0.0, "affine_residual_max_m": 0.17250947389202617, "spectrum_method": "affine_dtft", "status": "ok", "incidence_deg": 44.303393862936915, "n_spectra_averaged": 1, "peak_status": "identified", "n_blobs": 2, "argmax_wavelength_m": 126.03053021745302, "argmax_axial_bearing_deg": 59.776650915890876, "wavelength_m": 129.79715240022878, "k_rad_m": 0.04840772845158744, "axial_bearing_deg": 59.534455080540134, "blob_area_px": 2, "lobe_to_annulus": 20.746414622972825, "identifiable": true, "wavelength_smoothed_m": 128.70224588910938, "depth_T11.765_m": 14.062549512725374, "depth_T11.765_U-0.5_m": 15.932411349630717, "depth_T11.765_U+0.5_m": 12.448644800208076}}, {"type": "Feature", "geometry": {"type": "Point", "coordinates": [-75.7197463072989, 36.205865772590336]}, "properties": {"transect": 2, "distance_m": 3400.0, "E": 435299.47348950617, "N": 4007022.4221519665, "lon": -75.7197463072989, "lat": 36.205865772590336, "swath": "IW", "burst": 0, "sample": 22489.717337925144, "line": 1516.4569557827144, "n_samples": 131, "n_lines": 126, "ground_spacing_sample_m": 9.798785656966754, "ground_spacing_line_m": 10.122662609084147, "bright_fraction": 0.0, "affine_residual_max_m": 0.16831289850377237, "spectrum_method": "affine_dtft", "status": "ok", "incidence_deg": 44.306034935002586, "n_spectra_averaged": 1, "peak_status": "identified", "n_blobs": 2, "argmax_wavelength_m": 129.0930687596899, "argmax_axial_bearing_deg": 59.692044790089625, "wavelength_m": 134.01692404987702, "k_rad_m": 0.04688352125468255, "axial_bearing_deg": 60.75117366345304, "blob_area_px": 3, "lobe_to_annulus": 15.847047615888348, "identifiable": true, "wavelength_smoothed_m": 131.23450298631795, "depth_T11.765_m": 14.722950019518043, "depth_T11.765_U-0.5_m": 16.676095115064545, "depth_T11.765_U+0.5_m": 13.042981397684079}}, {"type": "Feature", "geometry": {"type": "Point", "coordinates": [-75.7192245107721, 36.20602182311792]}, "properties": {"transect": 2, "distance_m": 3450.0, "E": 435346.50871811324, "N": 4007039.383498313, "lon": -75.7192245107721, "lat": 36.20602182311792, "swath": "IW", "burst": 0, "sample": 22494.73301066418, "line": 1517.3731549748632, "n_samples": 131, "n_lines": 126, "ground_spacing_sample_m": 9.798503206445492, "ground_spacing_line_m": 10.122715262581588, "bright_fraction": 0.0, "affine_residual_max_m": 0.16409880377266992, "spectrum_method": "affine_dtft", "status": "ok", "incidence_deg": 44.30867608590273, "n_spectra_averaged": 1, "peak_status": "identified", "n_blobs": 2, "argmax_wavelength_m": 135.04781657966353, "argmax_axial_bearing_deg": 60.42518547888874, "wavelength_m": 134.01692404987702, "k_rad_m": 0.04688352125468255, "axial_bearing_deg": 60.75117366345304, "blob_area_px": 3, "lobe_to_annulus": 19.538084180786353, "identifiable": true, "wavelength_smoothed_m": 132.96198113746496, "depth_T11.765_m": 15.187022563605234, "depth_T11.765_U-0.5_m": 17.199944224853546, "depth_T11.765_U+0.5_m": 13.459998456339038}}, {"type": "Feature", "geometry": {"type": "Point", "coordinates": [-75.71870271213972, 36.206177871389656]}, "properties": {"transect": 2, "distance_m": 3500.0, "E": 435393.54394672025, "N": 4007056.3448446593, "lon": -75.71870271213972, "lat": 36.206177871389656, "swath": "IW", "burst": 0, "sample": 22499.74882635313, "line": 1518.2893188773103, "n_samples": 131, "n_lines": 126, "ground_spacing_sample_m": 9.798240278947087, "ground_spacing_line_m": 10.122767863385825, "bright_fraction": 0.0, "affine_residual_max_m": 0.1599520025844347, "spectrum_method": "affine_dtft", "status": "ok", "incidence_deg": 44.311317310371216, "n_spectra_averaged": 1, "peak_status": "identified", "n_blobs": 2, "argmax_wavelength_m": 136.5785003597755, "argmax_axial_bearing_deg": 59.87486467886105, "wavelength_m": 134.01692404987702, "k_rad_m": 0.04688352125468255, "axial_bearing_deg": 60.75117366345304, "blob_area_px": 3, "lobe_to_annulus": 25.035189790414993, "identifiable": true, "wavelength_smoothed_m": 134.01692404987702, "depth_T11.765_m": 15.47600553005048, "depth_T11.765_U-0.5_m": 17.526697476025138, "depth_T11.765_U+0.5_m": 13.719403290925435}}, {"type": "Feature", "geometry": {"type": "Point", "coordinates": [-75.74119206670467, 36.19213453654604]}, "properties": {"transect": 3, "distance_m": 1050.0, "E": 433359.96936541284, "N": 4005513.856831458, "lon": -75.74119206670467, "lat": 36.19213453654604, "swath": "IW", "burst": 0, "sample": 22269.95634283447, "line": 1399.6606729445891, "n_samples": 130, "n_lines": 127, "ground_spacing_sample_m": 9.830434803294017, "ground_spacing_line_m": 10.114282127860214, "bright_fraction": 0.0, "affine_residual_max_m": 0.39170455269816945, "spectrum_method": "affine_dtft", "status": "ok", "incidence_deg": 44.190469742489036, "n_spectra_averaged": 1, "peak_status": "identified", "n_blobs": 1, "argmax_wavelength_m": 130.14412458176255, "argmax_axial_bearing_deg": 63.70822590071654, "wavelength_m": 124.3245903817298, "k_rad_m": 0.05053855627344126, "axial_bearing_deg": 65.92450174492114, "blob_area_px": 5, "lobe_to_annulus": 26.120347783936776, "identifiable": true, "wavelength_smoothed_m": 130.89321930293906, "depth_T11.765_m": 14.632584376789438, "depth_T11.765_U-0.5_m": 16.57421209656341, "depth_T11.765_U+0.5_m": 12.961716710538381}}, {"type": "Feature", "geometry": {"type": "Point", "coordinates": [-75.74069948414984, 36.192343723398245]}, "properties": {"transect": 3, "distance_m": 1100.0, "E": 433404.4349895248, "N": 4005536.721832493, "lon": -75.74069948414984, "lat": 36.192343723398245, "swath": "IW", "burst": 0, "sample": 22274.793869776942, "line": 1401.1967496131865, "n_samples": 130, "n_lines": 127, "ground_spacing_sample_m": 9.829335633790688, "ground_spacing_line_m": 10.114392288910029, "bright_fraction": 0.0, "affine_residual_max_m": 0.38640511066199285, "spectrum_method": "affine_dtft", "status": "ok", "incidence_deg": 44.1930158894454, "n_spectra_averaged": 1, "peak_status": "identified", "n_blobs": 2, "argmax_wavelength_m": 130.89239154493578, "argmax_axial_bearing_deg": 63.8966610317173, "wavelength_m": 132.100015901526, "k_rad_m": 0.04756384974142159, "axial_bearing_deg": 63.434948822921996, "blob_area_px": 3, "lobe_to_annulus": 24.275282808479634, "identifiable": true, "wavelength_smoothed_m": 132.23367738359465, "depth_T11.765_m": 14.990001117366248, "depth_T11.765_U-0.5_m": 16.977414562602636, "depth_T11.765_U+0.5_m": 13.283020079139916}}, {"type": "Feature", "geometry": {"type": "Point", "coordinates": [-75.74020689894851, 36.19255290824638]}, "properties": {"transect": 3, "distance_m": 1150.0, "E": 433448.90061363677, "N": 4005559.586833528, "lon": -75.74020689894851, "lat": 36.19255290824638, "swath": "IW", "burst": 0, "sample": 22279.63194126273, "line": 1402.732726472392, "n_samples": 130, "n_lines": 127, "ground_spacing_sample_m": 9.828254507914066, "ground_spacing_line_m": 10.114502291958928, "bright_fraction": 0.0, "affine_residual_max_m": 0.3811783229967626, "spectrum_method": "affine_dtft", "status": "ok", "incidence_deg": 44.1955623206073, "n_spectra_averaged": 1, "peak_status": "identified", "n_blobs": 2, "argmax_wavelength_m": 131.25820883682812, "argmax_axial_bearing_deg": 64.13927252029379, "wavelength_m": 136.2550516255614, "k_rad_m": 0.0461134118127688, "axial_bearing_deg": 64.79887635452494, "blob_area_px": 2, "lobe_to_annulus": 24.99465517150066, "identifiable": true, "wavelength_smoothed_m": 131.77980373429637, "depth_T11.765_m": 14.868231298666716, "depth_T11.765_U-0.5_m": 16.839975770832005, "depth_T11.765_U+0.5_m": 13.173589230500106}}, {"type": "Feature", "geometry": {"type": "Point", "coordinates": [-75.73971431110067, 36.19276209109039]}, "properties": {"transect": 3, "distance_m": 1200.0, "E": 433493.3662377487, "N": 4005582.4518345627, "lon": -75.73971431110067, "lat": 36.19276209109039, "swath": "IW", "burst": 0, "sample": 22284.47054851497, "line": 1404.2686047492932, "n_samples": 130, "n_lines": 127, "ground_spacing_sample_m": 9.827191439760748, "ground_spacing_line_m": 10.114612137633028, "bright_fraction": 0.0, "affine_residual_max_m": 0.37691605064809985, "spectrum_method": "affine_dtft", "status": "ok", "incidence_deg": 44.19810903134671, "n_spectra_averaged": 1, "peak_status": "identified", "n_blobs": 2, "argmax_wavelength_m": 131.5780836401635, "argmax_axial_bearing_deg": 64.37336228266656, "wavelength_m": 136.2550516255614, "k_rad_m": 0.0461134118127688, "axial_bearing_deg": 64.79887635452494, "blob_area_px": 2, "lobe_to_annulus": 22.35172832216632, "identifiable": true, "wavelength_smoothed_m": 132.90774748537106, "depth_T11.765_m": 15.172281763364719, "depth_T11.765_U-0.5_m": 17.18328820150294, "depth_T11.765_U+0.5_m": 13.44676064957244}}, {"type": "Feature", "geometry": {"type": "Point", "coordinates": [-75.73922172060635, 36.192971271930254]}, "properties": {"transect": 3, "distance_m": 1250.0, "E": 433537.8318618607, "N": 4005605.316835598, "lon": -75.73922172060635, "lat": 36.192971271930254, "swath": "IW", "burst": 0, "sample": 22289.30968274627, "line": 1405.8043856729632, "n_samples": 130, "n_lines": 127, "ground_spacing_sample_m": 9.826146428707224, "ground_spacing_line_m": 10.114721820878263, "bright_fraction": 0.0, "affine_residual_max_m": 0.37169594853925364, "spectrum_method": "affine_dtft", "status": "ok", "incidence_deg": 44.20065601703001, "n_spectra_averaged": 1, "peak_status": "identified", "n_blobs": 1, "argmax_wavelength_m": 131.8712572527806, "argmax_axial_bearing_deg": 64.59401129572095, "wavelength_m": 129.96430913710324, "k_rad_m": 0.048345467681833065, "axial_bearing_deg": 66.03751102542182, "blob_area_px": 1, "lobe_to_annulus": 21.9322131262308, "identifiable": true, "wavelength_smoothed_m": 132.48060613248649, "depth_T11.765_m": 15.056575264925808, "depth_T11.765_U-0.5_m": 17.05258630100422, "depth_T11.765_U+0.5_m": 13.342832579835278}}, {"type": "Feature", "geometry": {"type": "Point", "coordinates": [-75.73872912746552, 36.19318045076591]}, "properties": {"transect": 3, "distance_m": 1300.0, "E": 433582.29748597264, "N": 4005628.181836633, "lon": -75.73872912746552, "lat": 36.19318045076591, "swath": "IW", "burst": 0, "sample": 22294.149335159826, "line": 1407.3400704724163, "n_samples": 130, "n_lines": 127, "ground_spacing_sample_m": 9.825119488909113, "ground_spacing_line_m": 10.114831344472472, "bright_fraction": 0.0, "affine_residual_max_m": 0.3664098655558824, "spectrum_method": "affine_dtft", "status": "ok", "incidence_deg": 44.20320327301869, "n_spectra_averaged": 1, "peak_status": "identified", "n_blobs": 1, "argmax_wavelength_m": 132.22455039851266, "argmax_axial_bearing_deg": 64.8053732492745, "wavelength_m": 129.96430913710324, "k_rad_m": 0.048345467681833065, "axial_bearing_deg": 66.03751102542182, "blob_area_px": 1, "lobe_to_annulus": 20.692669889520385, "identifiable": true, "wavelength_smoothed_m": 131.22245763479486, "depth_T11.765_m": 14.719753309109773, "depth_T11.765_U-0.5_m": 16.67249030325479, "depth_T11.765_U+0.5_m": 13.040106974636085}}, {"type": "Feature", "geometry": {"type": "Point", "coordinates": [-75.73823653167821, 36.1933896275973]}, "properties": {"transect": 3, "distance_m": 1350.0, "E": 433626.76311008463, "N": 4005651.046837668, "lon": -75.73823653167821, "lat": 36.1933896275973, "swath": "IW", "burst": 0, "sample": 22298.98949694977, "line": 1408.8756603785146, "n_samples": 130, "n_lines": 127, "ground_spacing_sample_m": 9.824110627884659, "ground_spacing_line_m": 10.114940708107238, "bright_fraction": 0.0, "affine_residual_max_m": 0.36119795027434876, "spectrum_method": "affine_dtft", "status": "ok", "incidence_deg": 44.20575079466939, "n_spectra_averaged": 1, "peak_status": "identified", "n_blobs": 1, "argmax_wavelength_m": 132.5589162120686, "argmax_axial_bearing_deg": 64.90321526400761, "wavelength_m": 129.96430913710324, "k_rad_m": 0.048345467681833065, "axial_bearing_deg": 66.03751102542182, "blob_area_px": 1, "lobe_to_annulus": 17.764596791909206, "identifiable": true, "wavelength_smoothed_m": 131.10739303784538, "depth_T11.765_m": 14.689243408633128, "depth_T11.765_U-0.5_m": 16.638087900428644, "depth_T11.765_U+0.5_m": 13.012671783214115}}, {"type": "Feature", "geometry": {"type": "Point", "coordinates": [-75.73774393324443, 36.193598802424404]}, "properties": {"transect": 3, "distance_m": 1400.0, "E": 433671.2287341966, "N": 4005673.9118387033, "lon": -75.73774393324443, "lat": 36.193598802424404, "swath": "IW", "burst": 0, "sample": 22303.830159299225, "line": 1410.4111566232273, "n_samples": 130, "n_lines": 127, "ground_spacing_sample_m": 9.823119856597092, "ground_spacing_line_m": 10.115049912079026, "bright_fraction": 0.0, "affine_residual_max_m": 0.35591997383898366, "spectrum_method": "affine_dtft", "status": "ok", "incidence_deg": 44.20829857733301, "n_spectra_averaged": 1, "peak_status": "identified", "n_blobs": 1, "argmax_wavelength_m": 132.60972538596425, "argmax_axial_bearing_deg": 65.04652915627719, "wavelength_m": 129.96430913710324, "k_rad_m": 0.048345467681833065, "axial_bearing_deg": 66.03751102542182, "blob_area_px": 1, "lobe_to_annulus": 17.649968356963868, "identifiable": true, "wavelength_smoothed_m": 131.39316401303097, "depth_T11.765_m": 14.765107158041042, "depth_T11.765_U-0.5_m": 16.723638781066814, "depth_T11.765_U+0.5_m": 13.080885986214367}}, {"type": "Feature", "geometry": {"type": "Point", "coordinates": [-75.73725133216418, 36.19380797524715]}, "properties": {"transect": 3, "distance_m": 1450.0, "E": 433715.6943583085, "N": 4005696.7768397382, "lon": -75.73725133216418, "lat": 36.19380797524715, "swath": "IW", "burst": 0, "sample": 22308.671313383646, "line": 1411.9465604388633, "n_samples": 130, "n_lines": 127, "ground_spacing_sample_m": 9.822147174129233, "ground_spacing_line_m": 10.115158957654186, "bright_fraction": 0.0, "affine_residual_max_m": 0.3507170586303156, "spectrum_method": "affine_dtft", "status": "ok", "incidence_deg": 44.21084661635641, "n_spectra_averaged": 1, "peak_status": "identified", "n_blobs": 3, "argmax_wavelength_m": 132.18193030450263, "argmax_axial_bearing_deg": 65.18265814108221, "wavelength_m": 135.67972864081406, "k_rad_m": 0.04630894659152148, "axial_bearing_deg": 122.0053832080835, "blob_area_px": 1, "lobe_to_annulus": 10.567887550413586, "identifiable": true, "wavelength_smoothed_m": 131.8694489716735, "depth_T11.765_m": 14.892221020940537, "depth_T11.765_U-0.5_m": 16.86704664400104, "depth_T11.765_U+0.5_m": 13.195150982885007}}, {"type": "Feature", "geometry": {"type": "Point", "coordinates": [-75.7367587284375, 36.1940171460655]}, "properties": {"transect": 3, "distance_m": 1500.0, "E": 433760.1599824205, "N": 4005719.641840773, "lon": -75.7367587284375, "lat": 36.1940171460655, "swath": "IW", "burst": 0, "sample": 22313.51295036799, "line": 1413.4818730597422, "n_samples": 130, "n_lines": 127, "ground_spacing_sample_m": 9.821192584832097, "ground_spacing_line_m": 10.115267847139066, "bright_fraction": 0.0, "affine_residual_max_m": 0.34544802726063933, "spectrum_method": "affine_dtft", "status": "ok", "incidence_deg": 44.2133949070809, "n_spectra_averaged": 1, "peak_status": "ambiguous_multiple_blobs", "n_blobs": 4, "argmax_wavelength_m": 131.82204143776727, "argmax_axial_bearing_deg": 65.30069649980527, "wavelength_m": 135.67972864081406, "k_rad_m": 0.04630894659152148, "axial_bearing_deg": 122.0053832080835, "blob_area_px": 1, "lobe_to_annulus": 11.210432880390766, "identifiable": false}}, {"type": "Feature", "geometry": {"type": "Point", "coordinates": [-75.73626612206434, 36.19422631487944]}, "properties": {"transect": 3, "distance_m": 1550.0, "E": 433804.62560653244, "N": 4005742.5068418086, "lon": -75.73626612206434, "lat": 36.19422631487944, "swath": "IW", "burst": 0, "sample": 22318.355061409675, "line": 1415.017095720841, "n_samples": 130, "n_lines": 127, "ground_spacing_sample_m": 9.820256115467837, "ground_spacing_line_m": 10.115376575938123, "bright_fraction": 0.0, "affine_residual_max_m": 0.34120765071850456, "spectrum_method": "affine_dtft", "status": "ok", "incidence_deg": 44.215943444843816, "n_spectra_averaged": 1, "peak_status": "ambiguous_multiple_blobs", "n_blobs": 3, "argmax_wavelength_m": 131.77796431986354, "argmax_axial_bearing_deg": 65.34716460073278, "wavelength_m": 129.96430913710324, "k_rad_m": 0.048345467681833065, "axial_bearing_deg": 66.03751102542182, "blob_area_px": 1, "lobe_to_annulus": 16.02148618057718, "identifiable": false}}, {"type": "Feature", "geometry": {"type": "Point", "coordinates": [-75.73577351304475, 36.194435481688856]}, "properties": {"transect": 3, "distance_m": 1600.0, "E": 433849.09123064444, "N": 4005765.3718428435, "lon": -75.73577351304475, "lat": 36.194435481688856, "swath": "IW", "burst": 0, "sample": 22323.197637655543, "line": 1416.5522296576912, "n_samples": 130, "n_lines": 127, "ground_spacing_sample_m": 9.819337752517614, "ground_spacing_line_m": 10.115485145330686, "bright_fraction": 0.0, "affine_residual_max_m": 0.33601865309664397, "spectrum_method": "affine_dtft", "status": "ok", "incidence_deg": 44.218492224976956, "n_spectra_averaged": 1, "peak_status": "ambiguous_multiple_blobs", "n_blobs": 3, "argmax_wavelength_m": 132.13626008925655, "argmax_axial_bearing_deg": 65.28340713745634, "wavelength_m": 129.96430913710324, "k_rad_m": 0.048345467681833065, "axial_bearing_deg": 66.03751102542182, "blob_area_px": 1, "lobe_to_annulus": 15.341813117862491, "identifiable": false}}, {"type": "Feature", "geometry": {"type": "Point", "coordinates": [-75.73528090137873, 36.19464464649376]}, "properties": {"transect": 3, "distance_m": 1650.0, "E": 433893.5568547564, "N": 4005788.2368438784, "lon": -75.73528090137873, "lat": 36.19464464649376, "swath": "IW", "burst": 0, "sample": 22328.04067024497, "line": 1418.087276107325, "n_samples": 130, "n_lines": 127, "ground_spacing_sample_m": 9.818437517885643, "ground_spacing_line_m": 10.11559355753487, "bright_fraction": 0.0, "affine_residual_max_m": 0.33076352759192096, "spectrum_method": "affine_dtft", "status": "ok", "incidence_deg": 44.221041242808155, "n_spectra_averaged": 1, "peak_status": "identified", "n_blobs": 3, "argmax_wavelength_m": 132.8278814554685, "argmax_axial_bearing_deg": 65.17425297005977, "wavelength_m": 136.2550516255614, "k_rad_m": 0.0461134118127688, "axial_bearing_deg": 64.79887635452494, "blob_area_px": 2, "lobe_to_annulus": 17.933261570467543, "identifiable": true, "wavelength_smoothed_m": 136.2550516255614, "depth_T11.765_m": 16.103557746360032, "depth_T11.765_U-0.5_m": 18.23778044214084, "depth_T11.765_U+0.5_m": 14.28196178290948}}, {"type": "Feature", "geometry": {"type": "Point", "coordinates": [-75.73478828706628, 36.194853809294074]}, "properties": {"transect": 3, "distance_m": 1700.0, "E": 433938.02247886837, "N": 4005811.101844914, "lon": -75.73478828706628, "lat": 36.194853809294074, "swath": "IW", "burst": 0, "sample": 22332.884150309037, "line": 1419.622236307522, "n_samples": 130, "n_lines": 127, "ground_spacing_sample_m": 9.817555408847252, "ground_spacing_line_m": 10.11570181189544, "bright_fraction": 0.0, "affine_residual_max_m": 0.325585875801923, "spectrum_method": "affine_dtft", "status": "ok", "incidence_deg": 44.2235904936609, "n_spectra_averaged": 1, "peak_status": "identified", "n_blobs": 5, "argmax_wavelength_m": 133.6567100839971, "argmax_axial_bearing_deg": 65.01173315159038, "wavelength_m": 136.2550516255614, "k_rad_m": 0.0461134118127688, "axial_bearing_deg": 64.79887635452494, "blob_area_px": 2, "lobe_to_annulus": 21.220204841866682, "identifiable": true, "wavelength_smoothed_m": 266.82993045597965}}, {"type": "Feature", "geometry": {"type": "Point", "coordinates": [-75.73429567010741, 36.195062970089765]}, "properties": {"transect": 3, "distance_m": 1750.0, "E": 433982.4881029803, "N": 4005833.9668459487, "lon": -75.73429567010741, "lat": 36.195062970089765, "swath": "IW", "burst": 0, "sample": 22337.728068969183, "line": 1421.157111497599, "n_samples": 130, "n_lines": 127, "ground_spacing_sample_m": 9.81669143554435, "ground_spacing_line_m": 10.115809907403522, "bright_fraction": 0.0, "affine_residual_max_m": 0.32034212533005835, "spectrum_method": "affine_dtft", "status": "ok", "incidence_deg": 44.2261399728536, "n_spectra_averaged": 1, "peak_status": "identified", "n_blobs": 4, "argmax_wavelength_m": 134.31774041776163, "argmax_axial_bearing_deg": 64.83049071628409, "wavelength_m": 136.2550516255614, "k_rad_m": 0.0461134118127688, "axial_bearing_deg": 64.79887635452494, "blob_area_px": 2, "lobe_to_annulus": 18.744076323779147, "identifiable": true, "wavelength_smoothed_m": 345.17485775423063}}, {"type": "Feature", "geometry": {"type": "Point", "coordinates": [-75.73380305050215, 36.19527212888079]}, "properties": {"transect": 3, "distance_m": 1800.0, "E": 434026.9537270923, "N": 4005856.8318469836, "lon": -75.73380305050215, "lat": 36.19527212888079, "swath": "IW", "burst": 0, "sample": 22342.572417339557, "line": 1422.6919029165551, "n_samples": 130, "n_lines": 127, "ground_spacing_sample_m": 9.815845599828991, "ground_spacing_line_m": 10.11591784642581, "bright_fraction": 0.0, "affine_residual_max_m": 0.31525581618069726, "spectrum_method": "affine_dtft", "status": "ok", "incidence_deg": 44.228689675700814, "n_spectra_averaged": 1, "peak_status": "identified", "n_blobs": 4, "argmax_wavelength_m": 134.734698384902, "argmax_axial_bearing_deg": 64.64721499894337, "wavelength_m": 658.5545669472344, "k_rad_m": 0.00954087272722993, "axial_bearing_deg": 149.03624346792645, "blob_area_px": 3, "lobe_to_annulus": 3.435372337943992, "identifiable": true, "wavelength_smoothed_m": 397.40480928639795}}, {"type": "Feature", "geometry": {"type": "Point", "coordinates": [-75.73331042825048, 36.19548128566709]}, "properties": {"transect": 3, "distance_m": 1850.0, "E": 434071.41935120424, "N": 4005879.696848019, "lon": -75.73331042825048, "lat": 36.19548128566709, "swath": "IW", "burst": 0, "sample": 22347.41718652605, "line": 1424.226611805468, "n_samples": 130, "n_lines": 127, "ground_spacing_sample_m": 9.81501791933422, "ground_spacing_line_m": 10.116025627067582, "bright_fraction": 0.0, "affine_residual_max_m": 0.31117126808479956, "spectrum_method": "affine_dtft", "status": "ok", "incidence_deg": 44.23123959751277, "n_spectra_averaged": 1, "peak_status": "identified", "n_blobs": 5, "argmax_wavelength_m": 134.89216911225196, "argmax_axial_bearing_deg": 64.4475551349286, "wavelength_m": 658.5545669472344, "k_rad_m": 0.00954087272722993, "axial_bearing_deg": 149.03624346792645, "blob_area_px": 3, "lobe_to_annulus": 3.4165748520948243, "identifiable": true, "wavelength_smoothed_m": 548.724765426938}}, {"type": "Feature", "geometry": {"type": "Point", "coordinates": [-75.7328178033524, 36.19569044044863]}, "properties": {"transect": 3, "distance_m": 1900.0, "E": 434115.8849753162, "N": 4005902.561849054, "lon": -75.7328178033524, "lat": 36.19569044044863, "swath": "IW", "burst": 0, "sample": 22352.262367627005, "line": 1425.7612394055473, "n_samples": 130, "n_lines": 127, "ground_spacing_sample_m": 9.814208400062252, "ground_spacing_line_m": 10.116133250503113, "bright_fraction": 0.0, "affine_residual_max_m": 0.3061836227809025, "spectrum_method": "affine_dtft", "status": "ok", "incidence_deg": 44.23378973359571, "n_spectra_averaged": 1, "peak_status": "ambiguous_multiple_blobs", "n_blobs": 5, "argmax_wavelength_m": 134.88048980960684, "argmax_axial_bearing_deg": 64.23591788534766, "wavelength_m": 724.0773439350238, "k_rad_m": 0.00867750573859057, "axial_bearing_deg": 135.0, "blob_area_px": 4, "lobe_to_annulus": 3.547807660324974, "identifiable": false}}, {"type": "Feature", "geometry": {"type": "Point", "coordinates": [-75.73232517580796, 36.19589959322535]}, "properties": {"transect": 3, "distance_m": 1950.0, "E": 434160.3505994282, "N": 4005925.426850089, "lon": -75.73232517580796, "lat": 36.19589959322535, "swath": "IW", "burst": 0, "sample": 22357.10795173201, "line": 1427.2957869591426, "n_samples": 130, "n_lines": 127, "ground_spacing_sample_m": 9.813417026103986, "ground_spacing_line_m": 10.116240715243125, "bright_fraction": 0.0, "affine_residual_max_m": 0.30113607234428935, "spectrum_method": "affine_dtft", "status": "ok", "incidence_deg": 44.236340079251256, "n_spectra_averaged": 1, "peak_status": "identified", "n_blobs": 6, "argmax_wavelength_m": 134.63067021617107, "argmax_axial_bearing_deg": 63.88515293333989, "wavelength_m": 741.5348761877218, "k_rad_m": 0.008473216174917954, "axial_bearing_deg": 114.44395478041653, "blob_area_px": 7, "lobe_to_annulus": 3.0413208135329723, "identifiable": true}}, {"type": "Feature", "geometry": {"type": "Point", "coordinates": [-75.73183254561715, 36.1961087439972]}, "properties": {"transect": 3, "distance_m": 2000.0, "E": 434204.8162235401, "N": 4005948.291851124, "lon": -75.73183254561715, "lat": 36.1961087439972, "swath": "IW", "burst": 0, "sample": 22361.95392992479, "line": 1428.8302557091647, "n_samples": 130, "n_lines": 127, "ground_spacing_sample_m": 9.8126438319379, "ground_spacing_line_m": 10.116348022890811, "bright_fraction": 0.0, "affine_residual_max_m": 0.2961737796817813, "spectrum_method": "affine_dtft", "status": "ok", "incidence_deg": 44.238890629778, "n_spectra_averaged": 1, "peak_status": "ambiguous_multiple_blobs", "n_blobs": 4, "argmax_wavelength_m": 751.2230590474553, "argmax_axial_bearing_deg": 151.68334695007664, "wavelength_m": 793.8223013709363, "k_rad_m": 0.007915103035438138, "axial_bearing_deg": 119.74488129694213, "blob_area_px": 5, "lobe_to_annulus": 2.8091098647704267, "identifiable": false}}, {"type": "Feature", "geometry": {"type": "Point", "coordinates": [-75.73133991277996, 36.196317892764164]}, "properties": {"transect": 3, "distance_m": 2050.0, "E": 434249.2818476521, "N": 4005971.156852159, "lon": -75.73133991277996, "lat": 36.196317892764164, "swath": "IW", "burst": 0, "sample": 22366.80029328042, "line": 1430.3646468998886, "n_samples": 130, "n_lines": 127, "ground_spacing_sample_m": 9.811888806198915, "ground_spacing_line_m": 10.116455176521807, "bright_fraction": 0.0, "affine_residual_max_m": 0.29115212289169895, "spectrum_method": "affine_dtft", "status": "ok", "incidence_deg": 44.24144138046991, "n_spectra_averaged": 1, "peak_status": "ambiguous_multiple_blobs", "n_blobs": 4, "argmax_wavelength_m": 732.4310154700396, "argmax_axial_bearing_deg": 149.12820427379793, "wavelength_m": 793.8223013709363, "k_rad_m": 0.007915103035438138, "axial_bearing_deg": 119.74488129694213, "blob_area_px": 5, "lobe_to_annulus": 2.1777219883802643, "identifiable": false}}, {"type": "Feature", "geometry": {"type": "Point", "coordinates": [-75.73084727729642, 36.19652703952617]}, "properties": {"transect": 3, "distance_m": 2100.0, "E": 434293.74747176404, "N": 4005994.021853194, "lon": -75.73084727729642, "lat": 36.19652703952617, "swath": "IW", "burst": 0, "sample": 22371.64703286639, "line": 1431.8989617761545, "n_samples": 130, "n_lines": 127, "ground_spacing_sample_m": 9.811151959321627, "ground_spacing_line_m": 10.116562166799941, "bright_fraction": 0.0, "affine_residual_max_m": 0.28621777727232195, "spectrum_method": "affine_dtft", "status": "ok", "incidence_deg": 44.24399232661699, "n_spectra_averaged": 1, "peak_status": "identified", "n_blobs": 6, "argmax_wavelength_m": 694.3014786638574, "argmax_axial_bearing_deg": 148.7857361639694, "wavelength_m": 134.01692404987702, "k_rad_m": 0.04688352125468255, "axial_bearing_deg": 60.75117366345304, "blob_area_px": 6, "lobe_to_annulus": 8.693554434585684, "identifiable": true, "wavelength_smoothed_m": 105.5023400769091, "depth_T11.765_m": 8.964840223693042, "depth_T11.765_U-0.5_m": 10.247578093969048, "depth_T11.765_U+0.5_m": 7.834128951568285}}, {"type": "Feature", "geometry": {"type": "Point", "coordinates": [-75.73035463916652, 36.19673618428317]}, "properties": {"transect": 3, "distance_m": 2150.0, "E": 434338.21309587604, "N": 4006016.886854229, "lon": -75.73035463916652, "lat": 36.19673618428317, "swath": "IW", "burst": 0, "sample": 22376.494139744285, "line": 1433.4332015831246, "n_samples": 130, "n_lines": 127, "ground_spacing_sample_m": 9.81043330037165, "ground_spacing_line_m": 10.116669006119531, "bright_fraction": 0.0, "affine_residual_max_m": 0.2821926168181911, "spectrum_method": "affine_dtft", "status": "ok", "incidence_deg": 44.24654346350615, "n_spectra_averaged": 1, "peak_status": "identified", "n_blobs": 9, "argmax_wavelength_m": 98.89258095328596, "argmax_axial_bearing_deg": 58.32488217206722, "wavelength_m": 91.47620784686552, "k_rad_m": 0.06868655200156379, "axial_bearing_deg": 62.65012421993013, "blob_area_px": 7, "lobe_to_annulus": 19.597758616410832, "identifiable": true, "wavelength_smoothed_m": 101.84109452936161, "depth_T11.765_m": 8.296831731152388, "depth_T11.765_U-0.5_m": 9.507805929975806, "depth_T11.765_U+0.5_m": 7.22738985191183}}, {"type": "Feature", "geometry": {"type": "Point", "coordinates": [-75.72986199839028, 36.19694532703514]}, "properties": {"transect": 3, "distance_m": 2200.0, "E": 434382.678719988, "N": 4006039.7518552644, "lon": -75.72986199839028, "lat": 36.19694532703514, "swath": "IW", "burst": 0, "sample": 22381.341604968165, "line": 1434.9673675673198, "n_samples": 130, "n_lines": 127, "ground_spacing_sample_m": 9.809732831553148, "ground_spacing_line_m": 10.116775685463502, "bright_fraction": 0.0, "affine_residual_max_m": 0.27728582799717694, "spectrum_method": "affine_dtft", "status": "ok", "incidence_deg": 44.24909478642032, "n_spectra_averaged": 1, "peak_status": "identified", "n_blobs": 9, "argmax_wavelength_m": 88.81899365938968, "argmax_axial_bearing_deg": 65.77970549958796, "wavelength_m": 91.01388833398481, "k_rad_m": 0.06903545626050821, "axial_bearing_deg": 64.24472923983288, "blob_area_px": 9, "lobe_to_annulus": 20.207492699336896, "identifiable": true, "wavelength_smoothed_m": 99.64434720083311, "depth_T11.765_m": 7.911788332944096, "depth_T11.765_U-0.5_m": 9.081690755028713, "depth_T11.765_U+0.5_m": 6.877640520184594}}, {"type": "Feature", "geometry": {"type": "Point", "coordinates": [-75.72936935496772, 36.197154467782006]}, "properties": {"transect": 3, "distance_m": 2250.0, "E": 434427.1443440999, "N": 4006062.6168562993, "lon": -75.72936935496772, "lat": 36.197154467782006, "swath": "IW", "burst": 0, "sample": 22386.189419585196, "line": 1436.50146097547, "n_samples": 130, "n_lines": 127, "ground_spacing_sample_m": 9.809050558158845, "ground_spacing_line_m": 10.116882210150491, "bright_fraction": 0.0, "affine_residual_max_m": 0.27232110427958106, "spectrum_method": "affine_dtft", "status": "ok", "incidence_deg": 44.25164629063881, "n_spectra_averaged": 1, "peak_status": "identified", "n_blobs": 4, "argmax_wavelength_m": 89.37235347397869, "argmax_axial_bearing_deg": 65.34630787158694, "wavelength_m": 90.8573578867191, "k_rad_m": 0.06915439160154159, "axial_bearing_deg": 64.04123073843937, "blob_area_px": 6, "lobe_to_annulus": 22.25699087500173, "identifiable": true, "wavelength_smoothed_m": 91.01243396820153, "depth_T11.765_m": 6.507470080890554, "depth_T11.765_U-0.5_m": 7.528557077545046, "depth_T11.765_U+0.5_m": 5.602628017728258}}, {"type": "Feature", "geometry": {"type": "Point", "coordinates": [-75.72887670889881, 36.19736360652373]}, "properties": {"transect": 3, "distance_m": 2300.0, "E": 434471.6099682119, "N": 4006085.4818573343, "lon": -75.72887670889881, "lat": 36.19736360652373, "swath": "IW", "burst": 0, "sample": 22391.037574636415, "line": 1438.035483055386, "n_samples": 131, "n_lines": 127, "ground_spacing_sample_m": 9.808386488521329, "ground_spacing_line_m": 10.11698858148084, "bright_fraction": 0.0, "affine_residual_max_m": 0.26737317850839937, "spectrum_method": "affine_dtft", "status": "ok", "incidence_deg": 44.25419797143771, "n_spectra_averaged": 1, "peak_status": "identified", "n_blobs": 2, "argmax_wavelength_m": 90.25530980528302, "argmax_axial_bearing_deg": 64.88178394493883, "wavelength_m": 90.8573578867191, "k_rad_m": 0.06915439160154159, "axial_bearing_deg": 64.04123073843937, "blob_area_px": 6, "lobe_to_annulus": 23.62889458026663, "identifiable": true, "wavelength_smoothed_m": 90.88866397617224, "depth_T11.765_m": 6.488547683560787, "depth_T11.765_U-0.5_m": 7.507632323597994, "depth_T11.765_U+0.5_m": 5.5854609625569775}}, {"type": "Feature", "geometry": {"type": "Point", "coordinates": [-75.7283840601836, 36.19757274326028]}, "properties": {"transect": 3, "distance_m": 2350.0, "E": 434516.07559232385, "N": 4006108.3468583697, "lon": -75.7283840601836, "lat": 36.19757274326028, "swath": "IW", "burst": 0, "sample": 22395.88606115588, "line": 1439.5694350554659, "n_samples": 131, "n_lines": 127, "ground_spacing_sample_m": 9.807740620375963, "ground_spacing_line_m": 10.117094792750454, "bright_fraction": 0.0, "affine_residual_max_m": 0.2634727970843157, "spectrum_method": "affine_dtft", "status": "ok", "incidence_deg": 44.256749824089425, "n_spectra_averaged": 1, "peak_status": "identified", "n_blobs": 2, "argmax_wavelength_m": 90.86055028501319, "argmax_axial_bearing_deg": 64.60295477667083, "wavelength_m": 90.8573578867191, "k_rad_m": 0.06915439160154159, "axial_bearing_deg": 64.04123073843937, "blob_area_px": 6, "lobe_to_annulus": 20.86241995801894, "identifiable": true, "wavelength_smoothed_m": 91.9212336825681, "depth_T11.765_m": 6.647435029364005, "depth_T11.765_U-0.5_m": 7.683330446099873, "depth_T11.765_U+0.5_m": 5.729624274046643}}, {"type": "Feature", "geometry": {"type": "Point", "coordinates": [-75.72789140882206, 36.19778187799158]}, "properties": {"transect": 3, "distance_m": 2400.0, "E": 434560.54121643584, "N": 4006131.2118594046, "lon": -75.72789140882206, "lat": 36.19778187799158, "swath": "IW", "burst": 0, "sample": 22400.73487017206, "line": 1441.1033182245744, "n_samples": 131, "n_lines": 127, "ground_spacing_sample_m": 9.807112967773271, "ground_spacing_line_m": 10.117200848272025, "bright_fraction": 0.0, "affine_residual_max_m": 0.2585577623256489, "spectrum_method": "affine_dtft", "status": "ok", "incidence_deg": 44.25930184386342, "n_spectra_averaged": 1, "peak_status": "identified", "n_blobs": 2, "argmax_wavelength_m": 91.31351382928318, "argmax_axial_bearing_deg": 64.37000578922635, "wavelength_m": 90.8573578867191, "k_rad_m": 0.06915439160154159, "axial_bearing_deg": 64.04123073843937, "blob_area_px": 6, "lobe_to_annulus": 21.147307216724723, "identifiable": true, "wavelength_smoothed_m": 92.9851094784171, "depth_T11.765_m": 6.813589819173779, "depth_T11.765_U-0.5_m": 7.867061788691708, "depth_T11.765_U+0.5_m": 5.880415614532345}}, {"type": "Feature", "geometry": {"type": "Point", "coordinates": [-75.72739875481425, 36.197991010717615]}, "properties": {"transect": 3, "distance_m": 2450.0, "E": 434605.0068405478, "N": 4006154.0768604395, "lon": -75.72739875481425, "lat": 36.197991010717615, "swath": "IW", "burst": 0, "sample": 22405.583992706855, "line": 1442.6371338122399, "n_samples": 131, "n_lines": 127, "ground_spacing_sample_m": 9.806503533748172, "ground_spacing_line_m": 10.117306747034343, "bright_fraction": 0.0, "affine_residual_max_m": 0.25373858874230654, "spectrum_method": "affine_dtft", "status": "ok", "incidence_deg": 44.26185402602572, "n_spectra_averaged": 1, "peak_status": "identified", "n_blobs": 3, "argmax_wavelength_m": 122.74022280654314, "argmax_axial_bearing_deg": 59.08183835991376, "wavelength_m": 96.1767368659641, "k_rad_m": 0.0653295746136209, "axial_bearing_deg": 61.99082329198616, "blob_area_px": 4, "lobe_to_annulus": 18.63587523104215, "identifiable": true, "wavelength_smoothed_m": 93.5170473763416, "depth_T11.765_m": 6.897607700066001, "depth_T11.765_U-0.5_m": 7.959967795328677, "depth_T11.765_U+0.5_m": 5.95667662644587}}, {"type": "Feature", "geometry": {"type": "Point", "coordinates": [-75.72690609816013, 36.198200141438335]}, "properties": {"transect": 3, "distance_m": 2500.0, "E": 434649.4724646598, "N": 4006176.941861475, "lon": -75.72690609816013, "lat": 36.198200141438335, "swath": "IW", "burst": 0, "sample": 22410.433419775934, "line": 1444.1708830692667, "n_samples": 131, "n_lines": 127, "ground_spacing_sample_m": 9.805912320885708, "ground_spacing_line_m": 10.11741249389101, "bright_fraction": 0.0, "affine_residual_max_m": 0.2488643356688463, "spectrum_method": "affine_dtft", "status": "ok", "incidence_deg": 44.26440636583905, "n_spectra_averaged": 1, "peak_status": "identified", "n_blobs": 3, "argmax_wavelength_m": 122.83292629668985, "argmax_axial_bearing_deg": 59.21737365938594, "wavelength_m": 96.1767368659641, "k_rad_m": 0.0653295746136209, "axial_bearing_deg": 61.99082329198616, "blob_area_px": 4, "lobe_to_annulus": 16.42056122692818, "identifiable": true, "wavelength_smoothed_m": 94.40361053954909, "depth_T11.765_m": 7.039042175238224, "depth_T11.765_U-0.5_m": 8.116367165935179, "depth_T11.765_U+0.5_m": 6.085069238134113}}, {"type": "Feature", "geometry": {"type": "Point", "coordinates": [-75.72641343885972, 36.19840927015366]}, "properties": {"transect": 3, "distance_m": 2550.0, "E": 434693.9380887717, "N": 4006199.80686251, "lon": -75.72641343885972, "lat": 36.19840927015366, "swath": "IW", "burst": 0, "sample": 22415.283142390454, "line": 1445.704567245214, "n_samples": 131, "n_lines": 127, "ground_spacing_sample_m": 9.805339328727447, "ground_spacing_line_m": 10.117518084171111, "bright_fraction": 0.0, "affine_residual_max_m": 0.2440892362496069, "spectrum_method": "affine_dtft", "status": "ok", "incidence_deg": 44.26695885856379, "n_spectra_averaged": 1, "peak_status": "ambiguous_multiple_blobs", "n_blobs": 3, "argmax_wavelength_m": 122.81980594087591, "argmax_axial_bearing_deg": 59.37490517456746, "wavelength_m": 121.35563856383418, "k_rad_m": 0.0517749762725246, "axial_bearing_deg": 58.570434385161505, "blob_area_px": 2, "lobe_to_annulus": 21.865934177288352, "identifiable": false}}, {"type": "Feature", "geometry": {"type": "Point", "coordinates": [-75.72592077691304, 36.19861839686357]}, "properties": {"transect": 3, "distance_m": 2600.0, "E": 434738.40371288365, "N": 4006222.6718635447, "lon": -75.72592077691304, "lat": 36.19861839686357, "swath": "IW", "burst": 0, "sample": 22420.133151554754, "line": 1447.2381875923859, "n_samples": 131, "n_lines": 127, "ground_spacing_sample_m": 9.804784574155798, "ground_spacing_line_m": 10.117623518885683, "bright_fraction": 0.0, "affine_residual_max_m": 0.23926071625565626, "spectrum_method": "affine_dtft", "status": "ok", "incidence_deg": 44.269511499456684, "n_spectra_averaged": 1, "peak_status": "ambiguous_multiple_blobs", "n_blobs": 3, "argmax_wavelength_m": 122.92015346191371, "argmax_axial_bearing_deg": 59.49942590257868, "wavelength_m": 121.35563856383418, "k_rad_m": 0.0517749762725246, "axial_bearing_deg": 58.570434385161505, "blob_area_px": 2, "lobe_to_annulus": 23.09089119141694, "identifiable": false}}, {"type": "Feature", "geometry": {"type": "Point", "coordinates": [-75.7254281123201, 36.19882752156802]}, "properties": {"transect": 3, "distance_m": 2650.0, "E": 434782.86933699565, "N": 4006245.53686458, "lon": -75.7254281123201, "lat": 36.19882752156802, "swath": "IW", "burst": 0, "sample": 22424.98343826784, "line": 1448.7717453627895, "n_samples": 131, "n_lines": 127, "ground_spacing_sample_m": 9.804248052684875, "ground_spacing_line_m": 10.117728794987801, "bright_fraction": 0.0, "affine_residual_max_m": 0.23546245826751863, "spectrum_method": "affine_dtft", "status": "ok", "incidence_deg": 44.27206428377172, "n_spectra_averaged": 1, "peak_status": "identified", "n_blobs": 2, "argmax_wavelength_m": 123.08045697199759, "argmax_axial_bearing_deg": 59.544249350786025, "wavelength_m": 121.35563856383418, "k_rad_m": 0.0517749762725246, "axial_bearing_deg": 58.570434385161505, "blob_area_px": 2, "lobe_to_annulus": 23.158664464273343, "identifiable": true, "wavelength_smoothed_m": 121.35563856383418, "depth_T11.765_m": 12.271790207546816, "depth_T11.765_U-0.5_m": 13.925339336762823, "depth_T11.765_U+0.5_m": 10.832278286112368}}, {"type": "Feature", "geometry": {"type": "Point", "coordinates": [-75.72493544508089, 36.19903664426697]}, "properties": {"transect": 3, "distance_m": 2700.0, "E": 434827.3349611076, "N": 4006268.401865615, "lon": -75.72493544508089, "lat": 36.19903664426697, "swath": "IW", "burst": 0, "sample": 22429.83399352394, "line": 1450.3052418086133, "n_samples": 131, "n_lines": 127, "ground_spacing_sample_m": 9.803729768845441, "ground_spacing_line_m": 10.117833917086038, "bright_fraction": 0.0, "affine_residual_max_m": 0.23067984057628463, "spectrum_method": "affine_dtft", "status": "ok", "incidence_deg": 44.27461720676036, "n_spectra_averaged": 1, "peak_status": "identified", "n_blobs": 2, "argmax_wavelength_m": 123.4338288247783, "argmax_axial_bearing_deg": 59.59395294140505, "wavelength_m": 121.35563856383418, "k_rad_m": 0.0517749762725246, "axial_bearing_deg": 58.570434385161505, "blob_area_px": 2, "lobe_to_annulus": 21.54598756006881, "identifiable": true, "wavelength_smoothed_m": 121.35563856383418, "depth_T11.765_m": 12.271790207546816, "depth_T11.765_U-0.5_m": 13.925339336762823, "depth_T11.765_U+0.5_m": 10.832278286112368}}, {"type": "Feature", "geometry": {"type": "Point", "coordinates": [-75.72444277519543, 36.19924576496035]}, "properties": {"transect": 3, "distance_m": 2750.0, "E": 434871.8005852196, "N": 4006291.26686665, "lon": -75.72444277519543, "lat": 36.19924576496035, "swath": "IW", "burst": 0, "sample": 22434.684808312333, "line": 1451.8386781827135, "n_samples": 131, "n_lines": 127, "ground_spacing_sample_m": 9.803229731973188, "ground_spacing_line_m": 10.117938887076253, "bright_fraction": 0.0, "affine_residual_max_m": 0.2260038406126486, "spectrum_method": "affine_dtft", "status": "ok", "incidence_deg": 44.27717026367143, "n_spectra_averaged": 1, "peak_status": "identified", "n_blobs": 2, "argmax_wavelength_m": 123.92686169311179, "argmax_axial_bearing_deg": 59.503175804696106, "wavelength_m": 121.35563856383418, "k_rad_m": 0.0517749762725246, "axial_bearing_deg": 58.570434385161505, "blob_area_px": 2, "lobe_to_annulus": 20.245729658261208, "identifiable": true, "wavelength_smoothed_m": 121.35563856383416, "depth_T11.765_m": 12.271790207546813, "depth_T11.765_U-0.5_m": 13.925339336762812, "depth_T11.765_U+0.5_m": 10.832278286112365}}, {"type": "Feature", "geometry": {"type": "Point", "coordinates": [-75.72395010266374, 36.199454883648116]}, "properties": {"transect": 3, "distance_m": 2800.0, "E": 434916.2662093315, "N": 4006314.131867685, "lon": -75.72395010266374, "lat": 36.199454883648116, "swath": "IW", "burst": 0, "sample": 22439.535873616285, "line": 1453.3720557385109, "n_samples": 131, "n_lines": 127, "ground_spacing_sample_m": 9.802747935855864, "ground_spacing_line_m": 10.11804369976115, "bright_fraction": 0.0, "affine_residual_max_m": 0.2212786564060965, "spectrum_method": "affine_dtft", "status": "ok", "incidence_deg": 44.279723449750655, "n_spectra_averaged": 1, "peak_status": "identified", "n_blobs": 2, "argmax_wavelength_m": 124.49092263245316, "argmax_axial_bearing_deg": 59.43213382978651, "wavelength_m": 121.35563856383418, "k_rad_m": 0.0517749762725246, "axial_bearing_deg": 58.570434385161505, "blob_area_px": 2, "lobe_to_annulus": 16.257465880668242, "identifiable": true, "wavelength_smoothed_m": 121.35563856383416, "depth_T11.765_m": 12.271790207546813, "depth_T11.765_U-0.5_m": 13.925339336762812, "depth_T11.765_U+0.5_m": 10.832278286112365}}, {"type": "Feature", "geometry": {"type": "Point", "coordinates": [-75.72345742748578, 36.199664000330245]}, "properties": {"transect": 3, "distance_m": 2850.0, "E": 434960.7318334435, "N": 4006336.9968687203, "lon": -75.72345742748578, "lat": 36.199664000330245, "swath": "IW", "burst": 0, "sample": 22444.387180416397, "line": 1454.9053757300965, "n_samples": 131, "n_lines": 127, "ground_spacing_sample_m": 9.80228439907691, "ground_spacing_line_m": 10.11814835898027, "bright_fraction": 0.0, "affine_residual_max_m": 0.21666480896505036, "spectrum_method": "affine_dtft", "status": "ok", "incidence_deg": 44.2822767602423, "n_spectra_averaged": 1, "peak_status": "identified", "n_blobs": 2, "argmax_wavelength_m": 124.99803745234048, "argmax_axial_bearing_deg": 59.19839406962429, "wavelength_m": 121.35563856383418, "k_rad_m": 0.0517749762725246, "axial_bearing_deg": 58.570434385161505, "blob_area_px": 2, "lobe_to_annulus": 16.39953540198021, "identifiable": true, "wavelength_smoothed_m": 121.35563856383416, "depth_T11.765_m": 12.271790207546813, "depth_T11.765_U-0.5_m": 13.925339336762812, "depth_T11.765_U+0.5_m": 10.832278286112365}}, {"type": "Feature", "geometry": {"type": "Point", "coordinates": [-75.72296474966163, 36.199873115006675]}, "properties": {"transect": 3, "distance_m": 2900.0, "E": 435005.19745755545, "N": 4006359.861869755, "lon": -75.72296474966163, "lat": 36.199873115006675, "swath": "IW", "burst": 0, "sample": 22449.238719685436, "line": 1456.438639411455, "n_samples": 131, "n_lines": 127, "ground_spacing_sample_m": 9.801839116306853, "ground_spacing_line_m": 10.11825286397579, "bright_fraction": 0.0, "affine_residual_max_m": 0.21200473078550047, "spectrum_method": "affine_dtft", "status": "ok", "incidence_deg": 44.28483019038653, "n_spectra_averaged": 1, "peak_status": "identified", "n_blobs": 1, "argmax_wavelength_m": 125.34574876387175, "argmax_axial_bearing_deg": 59.04338879686848, "wavelength_m": 121.35563856383418, "k_rad_m": 0.0517749762725246, "axial_bearing_deg": 58.570434385161505, "blob_area_px": 2, "lobe_to_annulus": 15.176269442707971, "identifiable": true, "wavelength_smoothed_m": 121.35563856383416, "depth_T11.765_m": 12.271790207546813, "depth_T11.765_U-0.5_m": 13.925339336762812, "depth_T11.765_U+0.5_m": 10.832278286112365}}, {"type": "Feature", "geometry": {"type": "Point", "coordinates": [-75.72247206919124, 36.20008222767734]}, "properties": {"transect": 3, "distance_m": 2950.0, "E": 435049.6630816674, "N": 4006382.72687079, "lon": -75.72247206919124, "lat": 36.20008222767734, "swath": "IW", "burst": 0, "sample": 22454.090482394993, "line": 1457.9718480372114, "n_samples": 131, "n_lines": 127, "ground_spacing_sample_m": 9.801412087431538, "ground_spacing_line_m": 10.118357212945197, "bright_fraction": 0.0, "affine_residual_max_m": 0.20746135677358887, "spectrum_method": "affine_dtft", "status": "ok", "incidence_deg": 44.287383735422914, "n_spectra_averaged": 1, "peak_status": "identified", "n_blobs": 1, "argmax_wavelength_m": 125.37859111418672, "argmax_axial_bearing_deg": 58.80262940512859, "wavelength_m": 121.35563856383418, "k_rad_m": 0.0517749762725246, "axial_bearing_deg": 58.570434385161505, "blob_area_px": 2, "lobe_to_annulus": 15.24633020939328, "identifiable": true, "wavelength_smoothed_m": 121.35563856383416, "depth_T11.765_m": 12.271790207546813, "depth_T11.765_U-0.5_m": 13.925339336762812, "depth_T11.765_U+0.5_m": 10.832278286112365}}, {"type": "Feature", "geometry": {"type": "Point", "coordinates": [-75.72197938607464, 36.20029133834223]}, "properties": {"transect": 3, "distance_m": 3000.0, "E": 435094.1287057794, "N": 4006405.5918718255, "lon": -75.72197938607464, "lat": 36.20029133834223, "swath": "IW", "burst": 0, "sample": 22458.942459510487, "line": 1459.5050028630365, "n_samples": 131, "n_lines": 127, "ground_spacing_sample_m": 9.801003325006516, "ground_spacing_line_m": 10.118461408627164, "bright_fraction": 0.0, "affine_residual_max_m": 0.20375675523833495, "spectrum_method": "affine_dtft", "status": "ok", "incidence_deg": 44.28993739058775, "n_spectra_averaged": 1, "peak_status": "identified", "n_blobs": 1, "argmax_wavelength_m": 125.028023805059, "argmax_axial_bearing_deg": 58.77365378347288, "wavelength_m": 121.35563856383418, "k_rad_m": 0.0517749762725246, "axial_bearing_deg": 58.570434385161505, "blob_area_px": 2, "lobe_to_annulus": 12.111344793536844, "identifiable": true, "wavelength_smoothed_m": 121.92015885478784, "depth_T11.765_m": 12.403117037469615, "depth_T11.765_U-0.5_m": 14.072097051003682, "depth_T11.765_U+0.5_m": 10.951028065215219}}, {"type": "Feature", "geometry": {"type": "Point", "coordinates": [-75.72148670031184, 36.200500447001296]}, "properties": {"transect": 3, "distance_m": 3050.0, "E": 435138.5943298913, "N": 4006428.4568728604, "lon": -75.72148670031184, "lat": 36.200500447001296, "swath": "IW", "burst": 0, "sample": 22463.794641994347, "line": 1461.0381051438062, "n_samples": 131, "n_lines": 127, "ground_spacing_sample_m": 9.800612825940814, "ground_spacing_line_m": 10.118565448448322, "bright_fraction": 0.0, "affine_residual_max_m": 0.19920277708413073, "spectrum_method": "affine_dtft", "status": "ok", "incidence_deg": 44.29249115111578, "n_spectra_averaged": 1, "peak_status": "identified", "n_blobs": 1, "argmax_wavelength_m": 124.07055903118507, "argmax_axial_bearing_deg": 58.758102576715515, "wavelength_m": 121.35563856383418, "k_rad_m": 0.0517749762725246, "axial_bearing_deg": 58.570434385161505, "blob_area_px": 2, "lobe_to_annulus": 12.219011278803931, "identifiable": true, "wavelength_smoothed_m": 119.58293749635853, "depth_T11.765_m": 11.865875262088704, "depth_T11.765_U-0.5_m": 13.472123901545272, "depth_T11.765_U+0.5_m": 10.46504894073942}}, {"type": "Feature", "geometry": {"type": "Point", "coordinates": [-75.72099401190286, 36.20070955365446]}, "properties": {"transect": 3, "distance_m": 3100.0, "E": 435183.0599540033, "N": 4006451.3218738954, "lon": -75.72099401190286, "lat": 36.20070955365446, "swath": "IW", "burst": 0, "sample": 22468.64702080329, "line": 1462.5711561359, "n_samples": 131, "n_lines": 126, "ground_spacing_sample_m": 9.80024059647287, "ground_spacing_line_m": 10.118669338268965, "bright_fraction": 0.0, "affine_residual_max_m": 0.19045726717608535, "spectrum_method": "affine_dtft", "status": "ok", "incidence_deg": 44.295045012238724, "n_spectra_averaged": 1, "peak_status": "identified", "n_blobs": 4, "argmax_wavelength_m": 122.76115588985824, "argmax_axial_bearing_deg": 58.75902196781781, "wavelength_m": 124.17824001860245, "k_rad_m": 0.0505981185289656, "axial_bearing_deg": 129.09385888622953, "blob_area_px": 2, "lobe_to_annulus": 6.560844489333755, "identifiable": true, "wavelength_smoothed_m": 117.24571613792921, "depth_T11.765_m": 11.345367360052395, "depth_T11.765_U-0.5_m": 12.891792623113142, "depth_T11.765_U+0.5_m": 9.993758377143047}}, {"type": "Feature", "geometry": {"type": "Point", "coordinates": [-75.72050132084767, 36.200918658301696]}, "properties": {"transect": 3, "distance_m": 3150.0, "E": 435227.52557811525, "N": 4006474.1868749307, "lon": -75.72050132084767, "lat": 36.200918658301696, "swath": "IW", "burst": 0, "sample": 22473.499586892634, "line": 1464.1041570942991, "n_samples": 131, "n_lines": 126, "ground_spacing_sample_m": 9.799886640518924, "ground_spacing_line_m": 10.118773072517943, "bright_fraction": 0.0, "affine_residual_max_m": 0.1860375184730444, "spectrum_method": "affine_dtft", "status": "ok", "incidence_deg": 44.29759896918759, "n_spectra_averaged": 1, "peak_status": "identified", "n_blobs": 5, "argmax_wavelength_m": 121.50149267935781, "argmax_axial_bearing_deg": 58.74281917296785, "wavelength_m": 109.66953177168764, "k_rad_m": 0.05729198625795225, "axial_bearing_deg": 91.63657704161673, "blob_area_px": 3, "lobe_to_annulus": 9.32528682930754, "identifiable": true, "wavelength_smoothed_m": 117.24571613792921, "depth_T11.765_m": 11.345367360052395, "depth_T11.765_U-0.5_m": 12.891792623113142, "depth_T11.765_U+0.5_m": 9.993758377143047}}, {"type": "Feature", "geometry": {"type": "Point", "coordinates": [-75.72000862714631, 36.201127760942946]}, "properties": {"transect": 3, "distance_m": 3200.0, "E": 435271.99120222725, "N": 4006497.0518759657, "lon": -75.72000862714631, "lat": 36.201127760942946, "swath": "IW", "burst": 0, "sample": 22478.35233121292, "line": 1465.6371092762438, "n_samples": 131, "n_lines": 126, "ground_spacing_sample_m": 9.799550956726554, "ground_spacing_line_m": 10.118876651353165, "bright_fraction": 0.0, "affine_residual_max_m": 0.18158790506571224, "spectrum_method": "affine_dtft", "status": "ok", "incidence_deg": 44.300153017190866, "n_spectra_averaged": 1, "peak_status": "identified", "n_blobs": 4, "argmax_wavelength_m": 115.74084167548826, "argmax_axial_bearing_deg": 89.95823405015337, "wavelength_m": 109.66953177168764, "k_rad_m": 0.05729198625795225, "axial_bearing_deg": 91.63657704161673, "blob_area_px": 3, "lobe_to_annulus": 10.325661571781206, "identifiable": true, "wavelength_smoothed_m": 117.35554080611477, "depth_T11.765_m": 11.369459323810247, "depth_T11.765_U-0.5_m": 12.918633841529546, "depth_T11.765_U+0.5_m": 10.015581356033534}}, {"type": "Feature", "geometry": {"type": "Point", "coordinates": [-75.71951593079879, 36.201336861578184]}, "properties": {"transect": 3, "distance_m": 3250.0, "E": 435316.4568263392, "N": 4006519.9168770006, "lon": -75.71951593079879, "lat": 36.201336861578184, "swath": "IW", "burst": 0, "sample": 22483.205244710705, "line": 1467.1700139383806, "n_samples": 131, "n_lines": 126, "ground_spacing_sample_m": 9.799233550149989, "ground_spacing_line_m": 10.118980080288438, "bright_fraction": 0.0, "affine_residual_max_m": 0.1772702998063647, "spectrum_method": "affine_dtft", "status": "ok", "incidence_deg": 44.302707151474934, "n_spectra_averaged": 1, "peak_status": "identified", "n_blobs": 2, "argmax_wavelength_m": 116.72512167651442, "argmax_axial_bearing_deg": 89.85654280130247, "wavelength_m": 121.35563856383418, "k_rad_m": 0.0517749762725246, "axial_bearing_deg": 58.570434385161505, "blob_area_px": 2, "lobe_to_annulus": 7.235664131530057, "identifiable": true, "wavelength_smoothed_m": 116.14786598875557, "depth_T11.765_m": 11.106488232754396, "depth_T11.765_U-0.5_m": 12.625753250386087, "depth_T11.765_U+0.5_m": 9.77733205479221}}, {"type": "Feature", "geometry": {"type": "Point", "coordinates": [-75.71902323180511, 36.20154596020734]}, "properties": {"transect": 3, "distance_m": 3300.0, "E": 435360.9224504511, "N": 4006542.781878036, "lon": -75.71902323180511, "lat": 36.20154596020734, "swath": "IW", "burst": 0, "sample": 22488.05831832963, "line": 1468.7028723375638, "n_samples": 131, "n_lines": 126, "ground_spacing_sample_m": 9.798934428881621, "ground_spacing_line_m": 10.119083352092474, "bright_fraction": 0.0, "affine_residual_max_m": 0.172929271121977, "spectrum_method": "affine_dtft", "status": "ok", "incidence_deg": 44.30526136726467, "n_spectra_averaged": 1, "peak_status": "identified", "n_blobs": 2, "argmax_wavelength_m": 117.49782468086597, "argmax_axial_bearing_deg": 89.75981253909414, "wavelength_m": 121.90476190476187, "k_rad_m": 0.05154175447295756, "axial_bearing_deg": 90.0, "blob_area_px": 2, "lobe_to_annulus": 12.385995315459668, "identifiable": true, "wavelength_smoothed_m": 118.59491201537044, "depth_T11.765_m": 11.643829717954187, "depth_T11.765_U-0.5_m": 13.224447380120033, "depth_T11.765_U+0.5_m": 10.264050468550916}}, {"type": "Feature", "geometry": {"type": "Point", "coordinates": [-75.71853053016527, 36.201755056830386]}, "properties": {"transect": 3, "distance_m": 3350.0, "E": 435405.3880745631, "N": 4006565.646879071, "lon": -75.71853053016527, "lat": 36.201755056830386, "swath": "IW", "burst": 0, "sample": 22492.911543011527, "line": 1470.235685730713, "n_samples": 131, "n_lines": 126, "ground_spacing_sample_m": 9.798653586165061, "ground_spacing_line_m": 10.119186471863737, "bright_fraction": 0.0, "affine_residual_max_m": 0.16954823852013798, "spectrum_method": "affine_dtft", "status": "ok", "incidence_deg": 44.307815659783984, "n_spectra_averaged": 1, "peak_status": "identified", "n_blobs": 5, "argmax_wavelength_m": 118.10055180540286, "argmax_axial_bearing_deg": 89.74253724217974, "wavelength_m": 118.13986593180657, "k_rad_m": 0.053184293528878775, "axial_bearing_deg": 89.11859600341789, "blob_area_px": 6, "lobe_to_annulus": 15.887426913861136, "identifiable": true, "wavelength_smoothed_m": 121.014362161743, "depth_T11.765_m": 12.192884265105782, "depth_T11.765_U-0.5_m": 13.837192403855806, "depth_T11.765_U+0.5_m": 10.760914471386561}}, {"type": "Feature", "geometry": {"type": "Point", "coordinates": [-75.71803782587929, 36.201964151447264]}, "properties": {"transect": 3, "distance_m": 3400.0, "E": 435449.85369867506, "N": 4006588.511880106, "lon": -75.71803782587929, "lat": 36.201964151447264, "swath": "IW", "burst": 0, "sample": 22497.76490969341, "line": 1471.768455375369, "n_samples": 131, "n_lines": 126, "ground_spacing_sample_m": 9.798391027634707, "ground_spacing_line_m": 10.11928944091254, "bright_fraction": 0.0, "affine_residual_max_m": 0.1653194200278809, "spectrum_method": "affine_dtft", "status": "ok", "incidence_deg": 44.31037002425426, "n_spectra_averaged": 1, "peak_status": "identified", "n_blobs": 2, "argmax_wavelength_m": 118.8210707175608, "argmax_axial_bearing_deg": 89.68468630001323, "wavelength_m": 121.90476190476187, "k_rad_m": 0.05154175447295756, "axial_bearing_deg": 90.0, "blob_area_px": 2, "lobe_to_annulus": 14.59324005111722, "identifiable": true, "wavelength_smoothed_m": 121.09659094968625, "depth_T11.765_m": 12.211862848342635, "depth_T11.765_U-0.5_m": 13.858391575016194, "depth_T11.765_U+0.5_m": 10.77808000131659}}, {"type": "Feature", "geometry": {"type": "Point", "coordinates": [-75.71754511894716, 36.20217324405793]}, "properties": {"transect": 3, "distance_m": 3450.0, "E": 435494.31932278705, "N": 4006611.376881141, "lon": -75.71754511894716, "lat": 36.20217324405793, "swath": "IW", "burst": 0, "sample": 22502.61840931152, "line": 1473.3011825286276, "n_samples": 131, "n_lines": 126, "ground_spacing_sample_m": 9.79814675494449, "ground_spacing_line_m": 10.119392250600141, "bright_fraction": 0.0, "affine_residual_max_m": 0.1612417617355213, "spectrum_method": "affine_dtft", "status": "ok", "incidence_deg": 44.31292445589648, "n_spectra_averaged": 1, "peak_status": "identified", "n_blobs": 3, "argmax_wavelength_m": 119.90300474761138, "argmax_axial_bearing_deg": 89.59298676429957, "wavelength_m": 121.76678250355044, "k_rad_m": 0.05160015874605525, "axial_bearing_deg": 87.27368900609372, "blob_area_px": 4, "lobe_to_annulus": 13.367313888831879, "identifiable": true, "wavelength_smoothed_m": 120.89454821091732, "depth_T11.765_m": 12.165268809348921, "depth_T11.765_U-0.5_m": 13.80634813404306, "depth_T11.765_U+0.5_m": 10.735936048324302}}, {"type": "Feature", "geometry": {"type": "Point", "coordinates": [-75.7170524093689, 36.20238233466234]}, "properties": {"transect": 3, "distance_m": 3500.0, "E": 435538.784946899, "N": 4006634.241882176, "lon": -75.7170524093689, "lat": 36.20238233466234, "swath": "IW", "burst": 0, "sample": 22507.47203279695, "line": 1474.8338684489056, "n_samples": 131, "n_lines": 126, "ground_spacing_sample_m": 9.79792077986747, "ground_spacing_line_m": 10.119494913407694, "bright_fraction": 0.0, "affine_residual_max_m": 0.15715699042993744, "spectrum_method": "affine_dtft", "status": "ok", "incidence_deg": 44.31547894992891, "n_spectra_averaged": 1, "peak_status": "identified", "n_blobs": 6, "argmax_wavelength_m": 121.38305145358694, "argmax_axial_bearing_deg": 89.32033279184844, "wavelength_m": 121.76678250355044, "k_rad_m": 0.05160015874605525, "axial_bearing_deg": 87.27368900609372, "blob_area_px": 4, "lobe_to_annulus": 10.892427217948972, "identifiable": true, "wavelength_smoothed_m": 121.81277563728759, "depth_T11.765_m": 12.378058410560394, "depth_T11.765_U-0.5_m": 14.04408911145672, "depth_T11.765_U+0.5_m": 10.928371652858246}}, {"type": "Feature", "geometry": {"type": "Point", "coordinates": [-75.73671865788377, 36.18936075071241]}, "properties": {"transect": 4, "distance_m": 1150.0, "E": 433759.84093549673, "N": 4005203.122575161, "lon": -75.73671865788377, "lat": 36.18936075071241, "swath": "IW", "burst": 0, "sample": 22305.062871475595, "line": 1363.0583251291766, "n_samples": 130, "n_lines": 127, "ground_spacing_sample_m": 9.822932874755685, "ground_spacing_line_m": 10.111169862457034, "bright_fraction": 0.0, "affine_residual_max_m": 0.3582252482073191, "spectrum_method": "affine_dtft", "status": "ok", "incidence_deg": 44.209046300290154, "n_spectra_averaged": 1, "peak_status": "identified", "n_blobs": 2, "argmax_wavelength_m": 99.76192090927155, "argmax_axial_bearing_deg": 67.43900876714265, "wavelength_m": 126.95497923935054, "k_rad_m": 0.04949144448548003, "axial_bearing_deg": 97.32640666016954, "blob_area_px": 7, "lobe_to_annulus": 20.812375900000287, "identifiable": true, "wavelength_smoothed_m": 128.74761740156043, "depth_T11.765_m": 14.074179431620056, "depth_T11.765_U-0.5_m": 15.94549048008706, "depth_T11.765_U+0.5_m": 12.45912007942271}}, {"type": "Feature", "geometry": {"type": "Point", "coordinates": [-75.73626177705113, 36.18961769823009]}, "properties": {"transect": 4, "distance_m": 1200.0, "E": 433801.1371510352, "N": 4005231.3116259114, "lon": -75.73626177705113, "lat": 36.18961769823009, "swath": "IW", "burst": 0, "sample": 22309.672134634282, "line": 1365.1637984141482, "n_samples": 130, "n_lines": 127, "ground_spacing_sample_m": 9.822009755265626, "ground_spacing_line_m": 10.111331738282031, "bright_fraction": 0.0, "affine_residual_max_m": 0.3529639719272034, "spectrum_method": "affine_dtft", "status": "ok", "incidence_deg": 44.211470997764046, "n_spectra_averaged": 1, "peak_status": "identified", "n_blobs": 2, "argmax_wavelength_m": 99.6205437650441, "argmax_axial_bearing_deg": 67.52589386728684, "wavelength_m": 129.6439364826654, "k_rad_m": 0.04846493771823803, "axial_bearing_deg": 96.98105740682983, "blob_area_px": 5, "lobe_to_annulus": 17.690457508030587, "identifiable": true, "wavelength_smoothed_m": 122.02750228688029, "depth_T11.765_m": 12.428202941173128, "depth_T11.765_U-0.5_m": 14.100137821244308, "depth_T11.765_U+0.5_m": 10.973708008637058}}, {"type": "Feature", "geometry": {"type": "Point", "coordinates": [-75.73580489321735, 36.18987464402732]}, "properties": {"transect": 4, "distance_m": 1250.0, "E": 433842.4333665736, "N": 4005259.5006766617, "lon": -75.73580489321735, "lat": 36.18987464402732, "swath": "IW", "burst": 0, "sample": 22314.281841385622, "line": 1367.269171419099, "n_samples": 130, "n_lines": 127, "ground_spacing_sample_m": 9.821103040832236, "ground_spacing_line_m": 10.111493322031276, "bright_fraction": 0.0, "affine_residual_max_m": 0.34872971454863433, "spectrum_method": "affine_dtft", "status": "ok", "incidence_deg": 44.21389592534021, "n_spectra_averaged": 1, "peak_status": "identified", "n_blobs": 2, "argmax_wavelength_m": 99.78840260652952, "argmax_axial_bearing_deg": 67.6184779155156, "wavelength_m": 129.6439364826654, "k_rad_m": 0.04846493771823803, "axial_bearing_deg": 96.98105740682983, "blob_area_px": 5, "lobe_to_annulus": 12.784795262636436, "identifiable": true, "wavelength_smoothed_m": 118.3522758820845, "depth_T11.765_m": 11.589752819198694, "depth_T11.765_U-0.5_m": 13.164153564431675, "depth_T11.765_U+0.5_m": 10.215087615040636}}, {"type": "Feature", "geometry": {"type": "Point", "coordinates": [-75.73534800638242, 36.19013158810403]}, "properties": {"transect": 4, "distance_m": 1300.0, "E": 433883.729582112, "N": 4005287.689727412, "lon": -75.73534800638242, "lat": 36.19013158810403, "swath": "IW", "burst": 0, "sample": 22318.891984076658, "line": 1369.3744452515746, "n_samples": 130, "n_lines": 127, "ground_spacing_sample_m": 9.820212743339845, "ground_spacing_line_m": 10.111654613891808, "bright_fraction": 0.0, "affine_residual_max_m": 0.34347704082046254, "spectrum_method": "affine_dtft", "status": "ok", "incidence_deg": 44.21632107898299, "n_spectra_averaged": 1, "peak_status": "identified", "n_blobs": 3, "argmax_wavelength_m": 100.32752737515344, "argmax_axial_bearing_deg": 67.73042560836942, "wavelength_m": 101.86715694283988, "k_rad_m": 0.061680187174608526, "axial_bearing_deg": 68.1985905136482, "blob_area_px": 3, "lobe_to_annulus": 22.30264740065753, "identifiable": true, "wavelength_smoothed_m": 113.69155408679464, "depth_T11.765_m": 10.584669709002744, "depth_T11.765_U-0.5_m": 12.045206200642399, "depth_T11.765_U+0.5_m": 9.304295666438891}}, {"type": "Feature", "geometry": {"type": "Point", "coordinates": [-75.73489111654634, 36.19038853046016]}, "properties": {"transect": 4, "distance_m": 1350.0, "E": 433925.02579765045, "N": 4005315.8787781624, "lon": -75.73489111654634, "lat": 36.19038853046016, "swath": "IW", "burst": 0, "sample": 22323.502555045314, "line": 1371.4796210201466, "n_samples": 130, "n_lines": 127, "ground_spacing_sample_m": 9.819338869503653, "ground_spacing_line_m": 10.111815608151973, "bright_fraction": 0.0, "affine_residual_max_m": 0.3382295588462345, "spectrum_method": "affine_dtft", "status": "ok", "incidence_deg": 44.21874645465196, "n_spectra_averaged": 1, "peak_status": "identified", "n_blobs": 2, "argmax_wavelength_m": 101.15938602747555, "argmax_axial_bearing_deg": 67.84537476329594, "wavelength_m": 103.65137026290127, "k_rad_m": 0.06061844904937503, "axial_bearing_deg": 68.6293777306568, "blob_area_px": 4, "lobe_to_annulus": 20.58760551068593, "identifiable": true, "wavelength_smoothed_m": 108.49304084284181, "depth_T11.765_m": 9.535719552069695, "depth_T11.765_U-0.5_m": 10.880430950666238, "depth_T11.765_U+0.5_m": 8.352499949661638}}, {"type": "Feature", "geometry": {"type": "Point", "coordinates": [-75.73443422370907, 36.190645471095685]}, "properties": {"transect": 4, "distance_m": 1400.0, "E": 433966.32201318885, "N": 4005344.0678289128, "lon": -75.73443422370907, "lat": 36.190645471095685, "swath": "IW", "burst": 0, "sample": 22328.113546623936, "line": 1373.584699834489, "n_samples": 130, "n_lines": 127, "ground_spacing_sample_m": 9.818481421973482, "ground_spacing_line_m": 10.111976312710084, "bright_fraction": 0.0, "affine_residual_max_m": 0.3340065466954886, "spectrum_method": "affine_dtft", "status": "ok", "incidence_deg": 44.221172048303735, "n_spectra_averaged": 1, "peak_status": "identified", "n_blobs": 3, "argmax_wavelength_m": 101.94653868024581, "argmax_axial_bearing_deg": 67.95822679324172, "wavelength_m": 103.65137026290127, "k_rad_m": 0.06061844904937503, "axial_bearing_deg": 68.6293777306568, "blob_area_px": 4, "lobe_to_annulus": 18.32221037253107, "identifiable": true, "wavelength_smoothed_m": 103.4511000059729, "depth_T11.765_m": 8.586480014517347, "depth_T11.765_U-0.5_m": 9.828482755433924, "depth_T11.765_U+0.5_m": 7.49048510777829}}, {"type": "Feature", "geometry": {"type": "Point", "coordinates": [-75.73397732787058, 36.19090241001056]}, "properties": {"transect": 4, "distance_m": 1450.0, "E": 434007.61822872725, "N": 4005372.256879663, "lon": -75.73397732787058, "lat": 36.19090241001056, "swath": "IW", "burst": 0, "sample": 22332.724951136872, "line": 1375.6896828051279, "n_samples": 130, "n_lines": 127, "ground_spacing_sample_m": 9.817640405373963, "ground_spacing_line_m": 10.112136723817516, "bright_fraction": 0.0, "affine_residual_max_m": 0.3287689692880257, "spectrum_method": "affine_dtft", "status": "ok", "incidence_deg": 44.22359785589073, "n_spectra_averaged": 1, "peak_status": "identified", "n_blobs": 3, "argmax_wavelength_m": 127.57750109383029, "argmax_axial_bearing_deg": 60.885346807298056, "wavelength_m": 103.65137026290127, "k_rad_m": 0.06061844904937503, "axial_bearing_deg": 68.6293777306568, "blob_area_px": 4, "lobe_to_annulus": 13.994222346911357, "identifiable": true, "wavelength_smoothed_m": 103.96451507706911, "depth_T11.765_m": 8.680192611012629, "depth_T11.765_U-0.5_m": 9.932262015063335, "depth_T11.765_U+0.5_m": 7.575603357182605}}, {"type": "Feature", "geometry": {"type": "Point", "coordinates": [-75.73352042903089, 36.1911593472047]}, "properties": {"transect": 4, "distance_m": 1500.0, "E": 434048.9144442657, "N": 4005400.4459304134, "lon": -75.73352042903089, "lat": 36.1911593472047, "swath": "IW", "burst": 0, "sample": 22337.336760900893, "line": 1377.7945710425226, "n_samples": 130, "n_lines": 127, "ground_spacing_sample_m": 9.81681583841108, "ground_spacing_line_m": 10.112296842272713, "bright_fraction": 0.0, "affine_residual_max_m": 0.32455406332904885, "spectrum_method": "affine_dtft", "status": "ok", "incidence_deg": 44.22602387336137, "n_spectra_averaged": 1, "peak_status": "identified", "n_blobs": 3, "argmax_wavelength_m": 127.38343055248909, "argmax_axial_bearing_deg": 61.72219423971187, "wavelength_m": 104.43423229832085, "k_rad_m": 0.06016403978756121, "axial_bearing_deg": 67.61986494804046, "blob_area_px": 3, "lobe_to_annulus": 11.085213996233907, "identifiable": true, "wavelength_smoothed_m": 108.67572556848646, "depth_T11.765_m": 9.571346341191743, "depth_T11.765_U-0.5_m": 10.919947972735725, "depth_T11.765_U+0.5_m": 8.384842968041786}}, {"type": "Feature", "geometry": {"type": "Point", "coordinates": [-75.73306352718996, 36.19141628267807]}, "properties": {"transect": 4, "distance_m": 1550.0, "E": 434090.2106598041, "N": 4005428.634981164, "lon": -75.73306352718996, "lat": 36.19141628267807, "swath": "IW", "burst": 0, "sample": 22341.948968227465, "line": 1379.8993656579567, "n_samples": 130, "n_lines": 127, "ground_spacing_sample_m": 9.816007712961138, "ground_spacing_line_m": 10.11245666505075, "bright_fraction": 0.0, "affine_residual_max_m": 0.319327358049973, "spectrum_method": "affine_dtft", "status": "ok", "incidence_deg": 44.228450096661305, "n_spectra_averaged": 1, "peak_status": "identified", "n_blobs": 3, "argmax_wavelength_m": 127.55563772872905, "argmax_axial_bearing_deg": 62.994771875781126, "wavelength_m": 104.43423229832085, "k_rad_m": 0.06016403978756121, "axial_bearing_deg": 67.61986494804046, "blob_area_px": 3, "lobe_to_annulus": 7.915099855930444, "identifiable": true, "wavelength_smoothed_m": 113.38693605990379, "depth_T11.765_m": 10.521153521150644, "depth_T11.765_U-0.5_m": 11.974595186048198, "depth_T11.765_U+0.5_m": 9.246694380004893}}, {"type": "Feature", "geometry": {"type": "Point", "coordinates": [-75.73260662234776, 36.191673216430644]}, "properties": {"transect": 4, "distance_m": 1600.0, "E": 434131.5068753426, "N": 4005456.824031914, "lon": -75.73260662234776, "lat": 36.191673216430644, "swath": "IW", "burst": 0, "sample": 22346.561565418917, "line": 1382.0040677649397, "n_samples": 130, "n_lines": 127, "ground_spacing_sample_m": 9.815216039785083, "ground_spacing_line_m": 10.112616199583949, "bright_fraction": 0.0, "affine_residual_max_m": 0.3141912588187945, "spectrum_method": "affine_dtft", "status": "ok", "incidence_deg": 44.230876521731375, "n_spectra_averaged": 1, "peak_status": "identified", "n_blobs": 2, "argmax_wavelength_m": 131.80688720563217, "argmax_axial_bearing_deg": 63.7695630045461, "wavelength_m": 127.20742271998802, "k_rad_m": 0.049393228577630115, "axial_bearing_deg": 63.434948822921996, "blob_area_px": 2, "lobe_to_annulus": 13.040873965877323, "identifiable": true, "wavelength_smoothed_m": 115.82082750915444, "depth_T11.765_m": 11.036010216922392, "depth_T11.765_U-0.5_m": 12.547295870868119, "depth_T11.765_U+0.5_m": 9.71346328850647}}, {"type": "Feature", "geometry": {"type": "Point", "coordinates": [-75.73214971450429, 36.19193014846235]}, "properties": {"transect": 4, "distance_m": 1650.0, "E": 434172.803090881, "N": 4005485.0130826645, "lon": -75.73214971450429, "lat": 36.19193014846235, "swath": "IW", "burst": 0, "sample": 22351.174544773436, "line": 1384.1086784757817, "n_samples": 130, "n_lines": 127, "ground_spacing_sample_m": 9.814440822306523, "ground_spacing_line_m": 10.112775438903132, "bright_fraction": 0.0, "affine_residual_max_m": 0.3101249293333324, "spectrum_method": "affine_dtft", "status": "ok", "incidence_deg": 44.23330314451022, "n_spectra_averaged": 1, "peak_status": "identified", "n_blobs": 2, "argmax_wavelength_m": 132.04894801506646, "argmax_axial_bearing_deg": 64.57746268033839, "wavelength_m": 127.20742271998802, "k_rad_m": 0.049393228577630115, "axial_bearing_deg": 63.434948822921996, "blob_area_px": 2, "lobe_to_annulus": 13.238720779212631, "identifiable": true, "wavelength_smoothed_m": 244.93506945782724}}, {"type": "Feature", "geometry": {"type": "Point", "coordinates": [-75.73169280365953, 36.19218707877313]}, "properties": {"transect": 4, "distance_m": 1700.0, "E": 434214.0993064194, "N": 4005513.202133415, "lon": -75.73169280365953, "lat": 36.19218707877313, "swath": "IW", "burst": 0, "sample": 22355.787898580824, "line": 1386.2131989046215, "n_samples": 130, "n_lines": 127, "ground_spacing_sample_m": 9.813682071100796, "ground_spacing_line_m": 10.112934386841033, "bright_fraction": 0.0, "affine_residual_max_m": 0.3050889367797204, "spectrum_method": "affine_dtft", "status": "ok", "incidence_deg": 44.2357299609321, "n_spectra_averaged": 1, "peak_status": "ambiguous_multiple_blobs", "n_blobs": 2, "argmax_wavelength_m": 131.83558017909647, "argmax_axial_bearing_deg": 65.30475903686511, "wavelength_m": 620.8912000930121, "k_rad_m": 0.010119623705793121, "axial_bearing_deg": 165.96375653207343, "blob_area_px": 2, "lobe_to_annulus": 9.250119175840984, "identifiable": false}}, {"type": "Feature", "geometry": {"type": "Point", "coordinates": [-75.73123588981346, 36.192444007362965]}, "properties": {"transect": 4, "distance_m": 1750.0, "E": 434255.39552195783, "N": 4005541.3911841647, "lon": -75.73123588981346, "lat": 36.192444007362965, "swath": "IW", "burst": 0, "sample": 22360.40161912518, "line": 1388.3176301654335, "n_samples": 130, "n_lines": 127, "ground_spacing_sample_m": 9.81293978568628, "ground_spacing_line_m": 10.113093044515873, "bright_fraction": 0.0, "affine_residual_max_m": 0.3010400664292393, "spectrum_method": "affine_dtft", "status": "ok", "incidence_deg": 44.238156966928265, "n_spectra_averaged": 1, "peak_status": "identified", "n_blobs": 3, "argmax_wavelength_m": 131.52018768778805, "argmax_axial_bearing_deg": 65.87114027679303, "wavelength_m": 620.8912000930121, "k_rad_m": 0.010119623705793121, "axial_bearing_deg": 165.96375653207343, "blob_area_px": 2, "lobe_to_annulus": 9.018998499487319, "identifiable": true}}, {"type": "Feature", "geometry": {"type": "Point", "coordinates": [-75.73077897296606, 36.19270093423179]}, "properties": {"transect": 4, "distance_m": 1800.0, "E": 434296.69173749624, "N": 4005569.580234915, "lon": -75.73077897296606, "lat": 36.19270093423179, "swath": "IW", "burst": 0, "sample": 22365.015698684834, "line": 1390.4219733738703, "n_samples": 130, "n_lines": 127, "ground_spacing_sample_m": 9.812213979868261, "ground_spacing_line_m": 10.113251410812895, "bright_fraction": 0.0, "affine_residual_max_m": 0.29602719837673364, "spectrum_method": "affine_dtft", "status": "ok", "incidence_deg": 44.240584158426934, "n_spectra_averaged": 1, "peak_status": "ambiguous_multiple_blobs", "n_blobs": 2, "argmax_wavelength_m": 130.71181701253647, "argmax_axial_bearing_deg": 66.39774178552828, "wavelength_m": 640.0, "k_rad_m": 0.009817477042468103, "axial_bearing_deg": 0.0, "blob_area_px": 1, "lobe_to_annulus": 9.10016642606575, "identifiable": false}}, {"type": "Feature", "geometry": {"type": "Point", "coordinates": [-75.7303220531173, 36.19295785937955]}, "properties": {"transect": 4, "distance_m": 1850.0, "E": 434337.98795303464, "N": 4005597.7692856654, "lon": -75.7303220531173, "lat": 36.19295785937955, "swath": "IW", "burst": 0, "sample": 22369.630129531095, "line": 1392.5262296448082, "n_samples": 130, "n_lines": 127, "ground_spacing_sample_m": 9.811504651739774, "ground_spacing_line_m": 10.113409483076818, "bright_fraction": 0.0, "affine_residual_max_m": 0.291028167062724, "spectrum_method": "affine_dtft", "status": "ok", "incidence_deg": 44.24301153135262, "n_spectra_averaged": 1, "peak_status": "ambiguous_multiple_blobs", "n_blobs": 2, "argmax_wavelength_m": 129.77449566177222, "argmax_axial_bearing_deg": 66.826343651158, "wavelength_m": 640.0, "k_rad_m": 0.009817477042468103, "axial_bearing_deg": 0.0, "blob_area_px": 1, "lobe_to_annulus": 7.515486678489627, "identifiable": false}}, {"type": "Feature", "geometry": {"type": "Point", "coordinates": [-75.72986513026721, 36.1932147828062]}, "properties": {"transect": 4, "distance_m": 1900.0, "E": 434379.2841685731, "N": 4005625.9583364157, "lon": -75.72986513026721, "lat": 36.1932147828062, "swath": "IW", "burst": 0, "sample": 22374.24490392927, "line": 1394.6304000950838, "n_samples": 130, "n_lines": 127, "ground_spacing_sample_m": 9.810811807367177, "ground_spacing_line_m": 10.113567265696256, "bright_fraction": 0.0, "affine_residual_max_m": 0.2870097977741933, "spectrum_method": "affine_dtft", "status": "ok", "incidence_deg": 44.2454390816267, "n_spectra_averaged": 1, "peak_status": "identified", "n_blobs": 1, "argmax_wavelength_m": 129.07213549553833, "argmax_axial_bearing_deg": 67.12855249052711, "wavelength_m": 129.96430913710324, "k_rad_m": 0.048345467681833065, "axial_bearing_deg": 66.03751102542182, "blob_area_px": 1, "lobe_to_annulus": 12.635996712828273, "identifiable": true, "wavelength_smoothed_m": 128.03561943093632, "depth_T11.765_m": 13.89251283245865, "depth_T11.765_U-0.5_m": 15.741255663056515, "depth_T11.765_U+0.5_m": 12.29545487601147}}, {"type": "Feature", "geometry": {"type": "Point", "coordinates": [-75.72940820441572, 36.1934717045117]}, "properties": {"transect": 4, "distance_m": 1950.0, "E": 434420.5803841115, "N": 4005654.147387166, "lon": -75.72940820441572, "lat": 36.1934717045117, "swath": "IW", "burst": 0, "sample": 22378.860014139624, "line": 1396.734485841339, "n_samples": 130, "n_lines": 127, "ground_spacing_sample_m": 9.810135458795495, "ground_spacing_line_m": 10.113724755273616, "bright_fraction": 0.0, "affine_residual_max_m": 0.2820373449491126, "spectrum_method": "affine_dtft", "status": "ok", "incidence_deg": 44.24786680516789, "n_spectra_averaged": 1, "peak_status": "identified", "n_blobs": 1, "argmax_wavelength_m": 128.12822670056448, "argmax_axial_bearing_deg": 67.37847982226026, "wavelength_m": 129.96430913710324, "k_rad_m": 0.048345467681833065, "axial_bearing_deg": 66.03751102542182, "blob_area_px": 1, "lobe_to_annulus": 12.001170349381473, "identifiable": true, "wavelength_smoothed_m": 127.07127457785288, "depth_T11.765_m": 13.64928552906442, "depth_T11.765_U-0.5_m": 15.468041251339363, "depth_T11.765_U+0.5_m": 12.076214513111287}}, {"type": "Feature", "geometry": {"type": "Point", "coordinates": [-75.72895127556284, 36.19372862449599]}, "properties": {"transect": 4, "distance_m": 2000.0, "E": 434461.8765996499, "N": 4005682.3364379164, "lon": -75.72895127556284, "lat": 36.19372862449599, "swath": "IW", "burst": 0, "sample": 22383.475452416165, "line": 1398.8384880006358, "n_samples": 130, "n_lines": 127, "ground_spacing_sample_m": 9.809475600567504, "ground_spacing_line_m": 10.113881955026894, "bright_fraction": 0.0, "affine_residual_max_m": 0.2780409561425521, "spectrum_method": "affine_dtft", "status": "ok", "incidence_deg": 44.25029469789163, "n_spectra_averaged": 1, "peak_status": "identified", "n_blobs": 1, "argmax_wavelength_m": 127.42025646956594, "argmax_axial_bearing_deg": 67.53968349322584, "wavelength_m": 124.17824001860251, "k_rad_m": 0.05059811852896558, "axial_bearing_deg": 67.16634582208245, "blob_area_px": 2, "lobe_to_annulus": 11.2895230698067, "identifiable": true, "wavelength_smoothed_m": 126.4926676660028, "depth_T11.765_m": 13.504890089407976, "depth_T11.765_U-0.5_m": 15.305964883790297, "depth_T11.765_U+0.5_m": 11.945998675572133}}, {"type": "Feature", "geometry": {"type": "Point", "coordinates": [-75.72849434370852, 36.193985542759016]}, "properties": {"transect": 4, "distance_m": 2050.0, "E": 434503.17281518836, "N": 4005710.5254886667, "lon": -75.72849434370852, "lat": 36.193985542759016, "swath": "IW", "burst": 0, "sample": 22388.091211007024, "line": 1400.9424076912462, "n_samples": 130, "n_lines": 127, "ground_spacing_sample_m": 9.808832242399669, "ground_spacing_line_m": 10.114038864676605, "bright_fraction": 0.0, "affine_residual_max_m": 0.2730976621169096, "spectrum_method": "affine_dtft", "status": "ok", "incidence_deg": 44.25272275571026, "n_spectra_averaged": 1, "peak_status": "identified", "n_blobs": 1, "argmax_wavelength_m": 126.55722276160995, "argmax_axial_bearing_deg": 67.63084760212278, "wavelength_m": 124.17824001860251, "k_rad_m": 0.05059811852896558, "axial_bearing_deg": 67.16634582208245, "blob_area_px": 2, "lobe_to_annulus": 11.515585230264023, "identifiable": true, "wavelength_smoothed_m": 125.33545384230267, "depth_T11.765_m": 13.219515042980463, "depth_T11.765_U-0.5_m": 14.985905645187989, "depth_T11.765_U+0.5_m": 11.68851838638484}}, {"type": "Feature", "geometry": {"type": "Point", "coordinates": [-75.72803740885279, 36.19424245930075]}, "properties": {"transect": 4, "distance_m": 2100.0, "E": 434544.46903072676, "N": 4005738.714539417, "lon": -75.72803740885279, "lat": 36.19424245930075, "swath": "IW", "burst": 0, "sample": 22392.70728215477, "line": 1403.046246031707, "n_samples": 131, "n_lines": 127, "ground_spacing_sample_m": 9.8082053902336, "ground_spacing_line_m": 10.114195483573772, "bright_fraction": 0.0, "affine_residual_max_m": 0.2690500547686008, "spectrum_method": "affine_dtft", "status": "ok", "incidence_deg": 44.25515097453318, "n_spectra_averaged": 1, "peak_status": "identified", "n_blobs": 1, "argmax_wavelength_m": 125.84131792096856, "argmax_axial_bearing_deg": 67.60318602078348, "wavelength_m": 124.17824001860251, "k_rad_m": 0.05059811852896558, "axial_bearing_deg": 67.16634582208245, "blob_area_px": 2, "lobe_to_annulus": 10.76039355674716, "identifiable": true, "wavelength_smoothed_m": 124.17824001860251, "depth_T11.765_m": 12.938623435558338, "depth_T11.765_U-0.5_m": 14.671202232335936, "depth_T11.765_U+0.5_m": 11.434921235612158}}, {"type": "Feature", "geometry": {"type": "Point", "coordinates": [-75.72758047099559, 36.19449937412113]}, "properties": {"transect": 4, "distance_m": 2150.0, "E": 434585.76524626516, "N": 4005766.9035901674, "lon": -75.72758047099559, "lat": 36.19449937412113, "swath": "IW", "burst": 0, "sample": 22397.32365809749, "line": 1405.1500041408465, "n_samples": 131, "n_lines": 127, "ground_spacing_sample_m": 9.80759505032422, "ground_spacing_line_m": 10.114351806395383, "bright_fraction": 0.0, "affine_residual_max_m": 0.26413840922062215, "spectrum_method": "affine_dtft", "status": "ok", "incidence_deg": 44.25757935026746, "n_spectra_averaged": 1, "peak_status": "identified", "n_blobs": 1, "argmax_wavelength_m": 125.26338402254159, "argmax_axial_bearing_deg": 67.39625745922508, "wavelength_m": 124.17824001860251, "k_rad_m": 0.05059811852896558, "axial_bearing_deg": 67.16634582208245, "blob_area_px": 2, "lobe_to_annulus": 10.556284260211848, "identifiable": true, "wavelength_smoothed_m": 124.17824001860251, "depth_T11.765_m": 12.938623435558338, "depth_T11.765_U-0.5_m": 14.671202232335936, "depth_T11.765_U+0.5_m": 11.434921235612158}}, {"type": "Feature", "geometry": {"type": "Point", "coordinates": [-75.72712353013692, 36.1947562872201]}, "properties": {"transect": 4, "distance_m": 2200.0, "E": 434627.0614618036, "N": 4005795.0926409177, "lon": -75.72712353013692, "lat": 36.1947562872201, "swath": "IW", "burst": 0, "sample": 22401.94033106697, "line": 1407.2536831381924, "n_samples": 131, "n_lines": 127, "ground_spacing_sample_m": 9.807001220332548, "ground_spacing_line_m": 10.114507848360084, "bright_fraction": 0.0, "affine_residual_max_m": 0.2601924856909571, "spectrum_method": "affine_dtft", "status": "ok", "incidence_deg": 44.26000787881687, "n_spectra_averaged": 1, "peak_status": "identified", "n_blobs": 5, "argmax_wavelength_m": 124.83364529978884, "argmax_axial_bearing_deg": 67.08292436448698, "wavelength_m": 124.17824001860251, "k_rad_m": 0.05059811852896558, "axial_bearing_deg": 67.16634582208245, "blob_area_px": 2, "lobe_to_annulus": 10.516900768182284, "identifiable": true, "wavelength_smoothed_m": 116.65260368033994, "depth_T11.765_m": 11.215873518228733, "depth_T11.765_U-0.5_m": 12.747553261346079, "depth_T11.765_U+0.5_m": 9.87644595224162}}, {"type": "Feature", "geometry": {"type": "Point", "coordinates": [-75.72666658627676, 36.195013198597614]}, "properties": {"transect": 4, "distance_m": 2250.0, "E": 434668.357677342, "N": 4005823.281691668, "lon": -75.72666658627676, "lat": 36.195013198597614, "swath": "IW", "burst": 0, "sample": 22406.557293290545, "line": 1409.3572841435603, "n_samples": 131, "n_lines": 127, "ground_spacing_sample_m": 9.806423908240815, "ground_spacing_line_m": 10.114663593156395, "bright_fraction": 0.0, "affine_residual_max_m": 0.2553162010906695, "spectrum_method": "affine_dtft", "status": "ok", "incidence_deg": 44.262436556082804, "n_spectra_averaged": 1, "peak_status": "ambiguous_multiple_blobs", "n_blobs": 9, "argmax_wavelength_m": 124.18387622751017, "argmax_axial_bearing_deg": 66.58490808525332, "wavelength_m": 150.27081219740774, "k_rad_m": 0.04181241330435808, "axial_bearing_deg": 30.57922687248902, "blob_area_px": 3, "lobe_to_annulus": 8.213039251670448, "identifiable": false}}, {"type": "Feature", "geometry": {"type": "Point", "coordinates": [-75.72620963941509, 36.195270108253624]}, "properties": {"transect": 4, "distance_m": 2300.0, "E": 434709.6538928805, "N": 4005851.4707424184, "lon": -75.72620963941509, "lat": 36.195270108253624, "swath": "IW", "burst": 0, "sample": 22411.174536990267, "line": 1411.4608082775396, "n_samples": 131, "n_lines": 127, "ground_spacing_sample_m": 9.805863122312289, "ground_spacing_line_m": 10.114819045063873, "bright_fraction": 0.0, "affine_residual_max_m": 0.250461249125031, "spectrum_method": "affine_dtft", "status": "ok", "incidence_deg": 44.26486537796391, "n_spectra_averaged": 1, "peak_status": "identified", "n_blobs": 9, "argmax_wavelength_m": 126.3716997522302, "argmax_axial_bearing_deg": 84.14215506504624, "wavelength_m": 94.07569466555223, "k_rad_m": 0.06678861452489816, "axial_bearing_deg": 69.56717132060133, "blob_area_px": 4, "lobe_to_annulus": 15.12430737410303, "identifiable": true, "wavelength_smoothed_m": 115.15378580138092, "depth_T11.765_m": 10.89322079899011, "depth_T11.765_U-0.5_m": 12.388386308093773, "depth_T11.765_U+0.5_m": 9.584043977146914}}, {"type": "Feature", "geometry": {"type": "Point", "coordinates": [-75.72575268955191, 36.1955270161881]}, "properties": {"transect": 4, "distance_m": 2350.0, "E": 434750.9501084189, "N": 4005879.659793169, "lon": -75.72575268955191, "lat": 36.1955270161881, "swath": "IW", "burst": 0, "sample": 22415.79205438298, "line": 1413.5642566610843, "n_samples": 131, "n_lines": 127, "ground_spacing_sample_m": 9.805318869531165, "ground_spacing_line_m": 10.114974214472277, "bright_fraction": 0.0, "affine_residual_max_m": 0.24656252537938256, "spectrum_method": "affine_dtft", "status": "ok", "incidence_deg": 44.267294340356074, "n_spectra_averaged": 1, "peak_status": "identified", "n_blobs": 9, "argmax_wavelength_m": 126.79194753265308, "argmax_axial_bearing_deg": 84.0513557550448, "wavelength_m": 127.20742271998802, "k_rad_m": 0.049393228577630115, "axial_bearing_deg": 63.434948822921996, "blob_area_px": 4, "lobe_to_annulus": 9.402529044076472, "identifiable": true}}, {"type": "Feature", "geometry": {"type": "Point", "coordinates": [-75.72529573668719, 36.19578392240097]}, "properties": {"transect": 4, "distance_m": 2400.0, "E": 434792.2463239573, "N": 4005907.848843919, "lon": -75.72529573668719, "lat": 36.19578392240097, "swath": "IW", "burst": 0, "sample": 22420.40983768232, "line": 1415.6676304151242, "n_samples": 131, "n_lines": 127, "ground_spacing_sample_m": 9.804791138205507, "ground_spacing_line_m": 10.11512909044895, "bright_fraction": 0.0, "affine_residual_max_m": 0.24174899302838165, "spectrum_method": "affine_dtft", "status": "ok", "incidence_deg": 44.26972343915354, "n_spectra_averaged": 1, "peak_status": "ambiguous_multiple_blobs", "n_blobs": 10, "argmax_wavelength_m": 127.24287559451356, "argmax_axial_bearing_deg": 83.86744610246075, "wavelength_m": 150.27081219740774, "k_rad_m": 0.04181241330435808, "axial_bearing_deg": 30.57922687248902, "blob_area_px": 3, "lobe_to_annulus": 6.4577398371561765, "identifiable": false}}, {"type": "Feature", "geometry": {"type": "Point", "coordinates": [-75.72483878082089, 36.19604082689217]}, "properties": {"transect": 4, "distance_m": 2450.0, "E": 434833.54253949574, "N": 4005936.0378946695, "lon": -75.72483878082089, "lat": 36.19604082689217, "swath": "IW", "burst": 0, "sample": 22425.027879095218, "line": 1417.7709306618651, "n_samples": 131, "n_lines": 127, "ground_spacing_sample_m": 9.804279943277608, "ground_spacing_line_m": 10.115283674264553, "bright_fraction": 0.0, "affine_residual_max_m": 0.2369605266635063, "spectrum_method": "affine_dtft", "status": "ok", "incidence_deg": 44.27215267024697, "n_spectra_averaged": 1, "peak_status": "ambiguous_multiple_blobs", "n_blobs": 10, "argmax_wavelength_m": 127.59159527310368, "argmax_axial_bearing_deg": 83.60287871201132, "wavelength_m": 150.5882352941177, "k_rad_m": 0.041724277430489426, "axial_bearing_deg": 28.072486935852968, "blob_area_px": 2, "lobe_to_annulus": 4.836943859023045, "identifiable": false}}, {"type": "Feature", "geometry": {"type": "Point", "coordinates": [-75.72438182195302, 36.196297729661694]}, "properties": {"transect": 4, "distance_m": 2500.0, "E": 434874.83875503414, "N": 4005964.22694542, "lon": -75.72438182195302, "lat": 36.196297729661694, "swath": "IW", "burst": 0, "sample": 22429.646170825486, "line": 1419.8741585228252, "n_samples": 131, "n_lines": 127, "ground_spacing_sample_m": 9.803785288912787, "ground_spacing_line_m": 10.115437976233615, "bright_fraction": 0.0, "affine_residual_max_m": 0.23311734002874393, "spectrum_method": "affine_dtft", "status": "ok", "incidence_deg": 44.27458202952545, "n_spectra_averaged": 1, "peak_status": "ambiguous_multiple_blobs", "n_blobs": 8, "argmax_wavelength_m": 134.77921144624182, "argmax_axial_bearing_deg": 59.56143831964928, "wavelength_m": 150.5882352941177, "k_rad_m": 0.041724277430489426, "axial_bearing_deg": 28.072486935852968, "blob_area_px": 2, "lobe_to_annulus": 3.942544535105074, "identifiable": false}}, {"type": "Feature", "geometry": {"type": "Point", "coordinates": [-75.72392486008356, 36.19655463070947]}, "properties": {"transect": 4, "distance_m": 2550.0, "E": 434916.13497057254, "N": 4005992.41599617, "lon": -75.72392486008356, "lat": 36.19655463070947, "swath": "IW", "burst": 0, "sample": 22434.2647050725, "line": 1421.977315120916, "n_samples": 131, "n_lines": 127, "ground_spacing_sample_m": 9.803307180073316, "ground_spacing_line_m": 10.11559198217222, "bright_fraction": 0.0, "affine_residual_max_m": 0.22837773542955603, "spectrum_method": "affine_dtft", "status": "ok", "incidence_deg": 44.27701151287568, "n_spectra_averaged": 1, "peak_status": "identified", "n_blobs": 7, "argmax_wavelength_m": 134.053874452937, "argmax_axial_bearing_deg": 58.64928352561388, "wavelength_m": 125.78338215944031, "k_rad_m": 0.049952427731790164, "axial_bearing_deg": 58.39249775375109, "blob_area_px": 3, "lobe_to_annulus": 11.576498591631982, "identifiable": true, "wavelength_smoothed_m": 123.68696800369105, "depth_T11.765_m": 12.820711945774322, "depth_T11.765_U-0.5_m": 14.539191626483145, "depth_T11.765_U+0.5_m": 11.328420914051922}}, {"type": "Feature", "geometry": {"type": "Point", "coordinates": [-75.72346789521248, 36.196811530035426]}, "properties": {"transect": 4, "distance_m": 2600.0, "E": 434957.431186111, "N": 4006020.6050469205, "lon": -75.72346789521248, "lat": 36.196811530035426, "swath": "IW", "burst": 0, "sample": 22438.883474030663, "line": 1424.0804015787955, "n_samples": 131, "n_lines": 127, "ground_spacing_sample_m": 9.802845617207787, "ground_spacing_line_m": 10.115745698080907, "bright_fraction": 0.0, "affine_residual_max_m": 0.22449585615134032, "spectrum_method": "affine_dtft", "status": "ok", "incidence_deg": 44.279441116181786, "n_spectra_averaged": 1, "peak_status": "identified", "n_blobs": 10, "argmax_wavelength_m": 132.02632337544134, "argmax_axial_bearing_deg": 58.04783471558408, "wavelength_m": 123.02574882104642, "k_rad_m": 0.05107211593825878, "axial_bearing_deg": 54.7824070318073, "blob_area_px": 6, "lobe_to_annulus": 13.299142293176057, "identifiable": true, "wavelength_smoothed_m": 115.22595205424984, "depth_T11.765_m": 10.908607050226868, "depth_T11.765_U-0.5_m": 12.405506645681713, "depth_T11.765_U+0.5_m": 9.59799081916819}}, {"type": "Feature", "geometry": {"type": "Point", "coordinates": [-75.72301092733976, 36.19706842763956]}, "properties": {"transect": 4, "distance_m": 2650.0, "E": 434998.7274016494, "N": 4006048.794097671, "lon": -75.72301092733976, "lat": 36.19706842763956, "swath": "IW", "burst": 0, "sample": 22443.502469891762, "line": 1426.1834190197233, "n_samples": 131, "n_lines": 127, "ground_spacing_sample_m": 9.802400598419831, "ground_spacing_line_m": 10.115899132001177, "bright_fraction": 0.0, "affine_residual_max_m": 0.21981028227386795, "spectrum_method": "affine_dtft", "status": "ok", "incidence_deg": 44.28187083532652, "n_spectra_averaged": 1, "peak_status": "identified", "n_blobs": 6, "argmax_wavelength_m": 130.24786746641357, "argmax_axial_bearing_deg": 57.47891136239175, "wavelength_m": 122.2517730305864, "k_rad_m": 0.051395453427146486, "axial_bearing_deg": 56.6893691754392, "blob_area_px": 4, "lobe_to_annulus": 10.806666954031618, "identifiable": true, "wavelength_smoothed_m": 115.22595205424984, "depth_T11.765_m": 10.908607050226868, "depth_T11.765_U-0.5_m": 12.405506645681713, "depth_T11.765_U+0.5_m": 9.59799081916819}}, {"type": "Feature", "geometry": {"type": "Point", "coordinates": [-75.72255395646539, 36.19732532352178]}, "properties": {"transect": 4, "distance_m": 2700.0, "E": 435040.0236171878, "N": 4006076.983148421, "lon": -75.72255395646539, "lat": 36.19732532352178, "swath": "IW", "burst": 0, "sample": 22448.12168484198, "line": 1428.2863685670543, "n_samples": 131, "n_lines": 127, "ground_spacing_sample_m": 9.801972139709765, "ground_spacing_line_m": 10.11605226760835, "bright_fraction": 0.0, "affine_residual_max_m": 0.21515788404651123, "spectrum_method": "affine_dtft", "status": "ok", "incidence_deg": 44.2843006661897, "n_spectra_averaged": 1, "peak_status": "identified", "n_blobs": 6, "argmax_wavelength_m": 123.992313981777, "argmax_axial_bearing_deg": 56.699325817409914, "wavelength_m": 89.84290420592622, "k_rad_m": 0.06993524266288283, "axial_bearing_deg": 63.17801879841851, "blob_area_px": 7, "lobe_to_annulus": 13.31456133526098, "identifiable": true, "wavelength_smoothed_m": 111.706808685853, "depth_T11.765_m": 10.17548002631143, "depth_T11.765_U-0.5_m": 11.590501912964003, "depth_T11.765_U+0.5_m": 8.93313291574618}}, {"type": "Feature", "geometry": {"type": "Point", "coordinates": [-75.72209698258936, 36.197582217682076]}, "properties": {"transect": 4, "distance_m": 2750.0, "E": 435081.31983272627, "N": 4006105.1721991715, "lon": -75.72209698258936, "lat": 36.197582217682076, "swath": "IW", "burst": 0, "sample": 22452.741111064886, "line": 1430.3892513449473, "n_samples": 131, "n_lines": 127, "ground_spacing_sample_m": 9.801560235678997, "ground_spacing_line_m": 10.11620512086707, "bright_fraction": 0.0, "affine_residual_max_m": 0.21142887653668252, "spectrum_method": "affine_dtft", "status": "ok", "incidence_deg": 44.28673060464971, "n_spectra_averaged": 1, "peak_status": "ambiguous_multiple_blobs", "n_blobs": 6, "argmax_wavelength_m": 124.41218280882646, "argmax_axial_bearing_deg": 56.564993466794235, "wavelength_m": 88.51592554705421, "k_rad_m": 0.07098367065980128, "axial_bearing_deg": 64.02560603756869, "blob_area_px": 6, "lobe_to_annulus": 12.192914289938484, "identifiable": false}}, {"type": "Feature", "geometry": {"type": "Point", "coordinates": [-75.72164000571165, 36.19783911012037]}, "properties": {"transect": 4, "distance_m": 2800.0, "E": 435122.61604826467, "N": 4006133.361249922, "lon": -75.72164000571165, "lat": 36.19783911012037, "swath": "IW", "burst": 0, "sample": 22457.360740739743, "line": 1432.4920684772053, "n_samples": 131, "n_lines": 127, "ground_spacing_sample_m": 9.80116489184754, "ground_spacing_line_m": 10.116357683165166, "bright_fraction": 0.0, "affine_residual_max_m": 0.20684157820672236, "spectrum_method": "affine_dtft", "status": "ok", "incidence_deg": 44.289160646582765, "n_spectra_averaged": 1, "peak_status": "ambiguous_multiple_blobs", "n_blobs": 5, "argmax_wavelength_m": 124.61167041157225, "argmax_axial_bearing_deg": 56.619046714075274, "wavelength_m": 96.79209664302455, "k_rad_m": 0.064914239127936, "axial_bearing_deg": 86.53177074108288, "blob_area_px": 5, "lobe_to_annulus": 9.360063091199358, "identifiable": false}}, {"type": "Feature", "geometry": {"type": "Point", "coordinates": [-75.72118302583222, 36.19809600083661]}, "properties": {"transect": 4, "distance_m": 2850.0, "E": 435163.91226380307, "N": 4006161.550300672, "lon": -75.72118302583222, "lat": 36.19809600083661, "swath": "IW", "burst": 0, "sample": 22461.98056604289, "line": 1434.5948210880167, "n_samples": 131, "n_lines": 127, "ground_spacing_sample_m": 9.80078611436255, "ground_spacing_line_m": 10.116509960251395, "bright_fraction": 0.0, "affine_residual_max_m": 0.2031674010060146, "spectrum_method": "affine_dtft", "status": "ok", "incidence_deg": 44.29159078786348, "n_spectra_averaged": 1, "peak_status": "ambiguous_multiple_blobs", "n_blobs": 4, "argmax_wavelength_m": 124.58960445176392, "argmax_axial_bearing_deg": 56.80094806443114, "wavelength_m": 96.79209664302455, "k_rad_m": 0.064914239127936, "axial_bearing_deg": 86.53177074108288, "blob_area_px": 5, "lobe_to_annulus": 10.188579870066036, "identifiable": false}}, {"type": "Feature", "geometry": {"type": "Point", "coordinates": [-75.72072604295107, 36.19835288983077]}, "properties": {"transect": 4, "distance_m": 2900.0, "E": 435205.2084793415, "N": 4006189.7393514225, "lon": -75.72072604295107, "lat": 36.19835288983077, "swath": "IW", "burst": 0, "sample": 22466.600579146405, "line": 1436.697510302333, "n_samples": 131, "n_lines": 127, "ground_spacing_sample_m": 9.800423898370866, "ground_spacing_line_m": 10.116661944700608, "bright_fraction": 0.0, "affine_residual_max_m": 0.1986533506358665, "spectrum_method": "affine_dtft", "status": "ok", "incidence_deg": 44.29402102436424, "n_spectra_averaged": 1, "peak_status": "identified", "n_blobs": 5, "argmax_wavelength_m": 124.51947983726717, "argmax_axial_bearing_deg": 57.02458299290602, "wavelength_m": 89.44271909999159, "k_rad_m": 0.07024814731040725, "axial_bearing_deg": 63.43494882292201, "blob_area_px": 5, "lobe_to_annulus": 14.27884442998419, "identifiable": true}}, {"type": "Feature", "geometry": {"type": "Point", "coordinates": [-75.7202690570682, 36.19860977710277]}, "properties": {"transect": 4, "distance_m": 2950.0, "E": 435246.5046948799, "N": 4006217.9284021724, "lon": -75.7202690570682, "lat": 36.19860977710277, "swath": "IW", "burst": 0, "sample": 22471.220772219953, "line": 1438.8001372445015, "n_samples": 131, "n_lines": 127, "ground_spacing_sample_m": 9.800078253544044, "ground_spacing_line_m": 10.116813639282531, "bright_fraction": 0.0, "affine_residual_max_m": 0.19418408241296073, "spectrum_method": "affine_dtft", "status": "ok", "incidence_deg": 44.29645135195623, "n_spectra_averaged": 1, "peak_status": "identified", "n_blobs": 6, "argmax_wavelength_m": 124.3116738477686, "argmax_axial_bearing_deg": 57.24459881230006, "wavelength_m": 89.44271909999159, "k_rad_m": 0.07024814731040725, "axial_bearing_deg": 63.43494882292201, "blob_area_px": 5, "lobe_to_annulus": 12.829158079440433, "identifiable": true}}, {"type": "Feature", "geometry": {"type": "Point", "coordinates": [-75.71981206818354, 36.1988666626526]}, "properties": {"transect": 4, "distance_m": 3000.0, "E": 435287.8009104184, "N": 4006246.1174529227, "lon": -75.71981206818354, "lat": 36.1988666626526, "swath": "IW", "burst": 0, "sample": 22475.841137429215, "line": 1440.902703040512, "n_samples": 131, "n_lines": 127, "ground_spacing_sample_m": 9.799749182962826, "ground_spacing_line_m": 10.116965047178528, "bright_fraction": 0.0, "affine_residual_max_m": 0.1906095846530915, "spectrum_method": "affine_dtft", "status": "ok", "incidence_deg": 44.29888176650845, "n_spectra_averaged": 1, "peak_status": "ambiguous_multiple_blobs", "n_blobs": 5, "argmax_wavelength_m": 124.04880610517289, "argmax_axial_bearing_deg": 57.40342038758755, "wavelength_m": 111.1992941473458, "k_rad_m": 0.05650382365605654, "axial_bearing_deg": 92.48955292199918, "blob_area_px": 4, "lobe_to_annulus": 10.8732056896641, "identifiable": false}}, {"type": "Feature", "geometry": {"type": "Point", "coordinates": [-75.71935507629712, 36.19912354648018]}, "properties": {"transect": 4, "distance_m": 3050.0, "E": 435329.0971259568, "N": 4006274.306503673, "lon": -75.71935507629712, "lat": 36.19912354648018, "swath": "IW", "burst": 0, "sample": 22480.46166693804, "line": 1443.0052088148236, "n_samples": 131, "n_lines": 127, "ground_spacing_sample_m": 9.799436683554307, "ground_spacing_line_m": 10.117116171612645, "bright_fraction": 0.0, "affine_residual_max_m": 0.18614463983102228, "spectrum_method": "affine_dtft", "status": "ok", "incidence_deg": 44.30131226388902, "n_spectra_averaged": 1, "peak_status": "ambiguous_multiple_blobs", "n_blobs": 5, "argmax_wavelength_m": 115.39167091931223, "argmax_axial_bearing_deg": 91.25943267650956, "wavelength_m": 111.1992941473458, "k_rad_m": 0.05650382365605654, "axial_bearing_deg": 92.48955292199918, "blob_area_px": 4, "lobe_to_annulus": 11.326302676854413, "identifiable": false}}, {"type": "Feature", "geometry": {"type": "Point", "coordinates": [-75.71889808140892, 36.19938042858547]}, "properties": {"transect": 4, "distance_m": 3100.0, "E": 435370.3933414952, "N": 4006302.4955544234, "lon": -75.71889808140892, "lat": 36.19938042858547, "swath": "IW", "burst": 0, "sample": 22485.08235290615, "line": 1445.1076556931052, "n_samples": 131, "n_lines": 127, "ground_spacing_sample_m": 9.799140762662068, "ground_spacing_line_m": 10.11726700661194, "bright_fraction": 0.0, "affine_residual_max_m": 0.18181757788661632, "spectrum_method": "affine_dtft", "status": "ok", "incidence_deg": 44.303742839963846, "n_spectra_averaged": 1, "peak_status": "identified", "n_blobs": 2, "argmax_wavelength_m": 117.19053198017885, "argmax_axial_bearing_deg": 91.15663633778112, "wavelength_m": 121.35563856383418, "k_rad_m": 0.0517749762725246, "axial_bearing_deg": 58.570434385161505, "blob_area_px": 2, "lobe_to_annulus": 8.237665377259253, "identifiable": true, "wavelength_smoothed_m": 119.18023321534254, "depth_T11.765_m": 11.775014340735387, "depth_T11.765_U-0.5_m": 13.370754463947844, "depth_T11.765_U+0.5_m": 10.38280997321664}}, {"type": "Feature", "geometry": {"type": "Point", "coordinates": [-75.71844108351888, 36.19963730896843]}, "properties": {"transect": 4, "distance_m": 3150.0, "E": 435411.68955703365, "N": 4006330.6846051738, "lon": -75.71844108351888, "lat": 36.19963730896843, "swath": "IW", "burst": 0, "sample": 22489.703187490835, "line": 1447.2100448013503, "n_samples": 131, "n_lines": 127, "ground_spacing_sample_m": 9.798861419201687, "ground_spacing_line_m": 10.117417552441452, "bright_fraction": 0.0, "affine_residual_max_m": 0.1783635680669727, "spectrum_method": "affine_dtft", "status": "ok", "incidence_deg": 44.30617349059759, "n_spectra_averaged": 1, "peak_status": "identified", "n_blobs": 4, "argmax_wavelength_m": 118.4303581284448, "argmax_axial_bearing_deg": 91.04529385327331, "wavelength_m": 116.24361195174399, "k_rad_m": 0.05405187607029894, "axial_bearing_deg": 92.60256220249983, "blob_area_px": 4, "lobe_to_annulus": 15.21178833836492, "identifiable": true, "wavelength_smoothed_m": 119.37053719411927, "depth_T11.765_m": 11.817890327141768, "depth_T11.765_U-0.5_m": 13.418585731499466, "depth_T11.765_U+0.5_m": 10.421619041202325}}, {"type": "Feature", "geometry": {"type": "Point", "coordinates": [-75.71798408262704, 36.199894187629]}, "properties": {"transect": 4, "distance_m": 3200.0, "E": 435452.98577257205, "N": 4006358.873655924, "lon": -75.71798408262704, "lat": 36.199894187629, "swath": "IW", "burst": 0, "sample": 22494.324162847155, "line": 1449.312377265024, "n_samples": 131, "n_lines": 127, "ground_spacing_sample_m": 9.79859865805129, "ground_spacing_line_m": 10.117567812511792, "bright_fraction": 0.0, "affine_residual_max_m": 0.17414414239845374, "spectrum_method": "affine_dtft", "status": "ok", "incidence_deg": 44.30860421165374, "n_spectra_averaged": 1, "peak_status": "identified", "n_blobs": 2, "argmax_wavelength_m": 119.84316843034165, "argmax_axial_bearing_deg": 90.91822674934629, "wavelength_m": 119.94144913044946, "k_rad_m": 0.05238543766755673, "axial_bearing_deg": 91.78991060824609, "blob_area_px": 3, "lobe_to_annulus": 12.45416314279502, "identifiable": true, "wavelength_smoothed_m": 120.10726397141472, "depth_T11.765_m": 11.98492221883639, "depth_T11.765_U-0.5_m": 13.604982561679243, "depth_T11.765_U+0.5_m": 10.572778933451714}}, {"type": "Feature", "geometry": {"type": "Point", "coordinates": [-75.71752707873334, 36.20015106456713]}, "properties": {"transect": 4, "distance_m": 3250.0, "E": 435494.28198811045, "N": 4006387.0627066744, "lon": -75.71752707873334, "lat": 36.20015106456713, "swath": "IW", "burst": 0, "sample": 22498.945271127744, "line": 1451.414654209961, "n_samples": 131, "n_lines": 127, "ground_spacing_sample_m": 9.798352478728317, "ground_spacing_line_m": 10.117717782775053, "bright_fraction": 0.0, "affine_residual_max_m": 0.17078153499828067, "spectrum_method": "affine_dtft", "status": "ok", "incidence_deg": 44.31103499899449, "n_spectra_averaged": 1, "peak_status": "identified", "n_blobs": 2, "argmax_wavelength_m": 121.01590796694904, "argmax_axial_bearing_deg": 90.7824513583877, "wavelength_m": 119.94144913044946, "k_rad_m": 0.05238543766755673, "axial_bearing_deg": 91.78991060824609, "blob_area_px": 3, "lobe_to_annulus": 13.22518070373705, "identifiable": true, "wavelength_smoothed_m": 120.59745005906368, "depth_T11.765_m": 12.096985060725139, "depth_T11.765_U-0.5_m": 13.730092412185773, "depth_T11.765_U+0.5_m": 10.674167164185162}}, {"type": "Feature", "geometry": {"type": "Point", "coordinates": [-75.71707007183778, 36.20040793978276]}, "properties": {"transect": 4, "distance_m": 3300.0, "E": 435535.5782036489, "N": 4006415.251757425, "lon": -75.71707007183778, "lat": 36.20040793978276, "swath": "IW", "burst": 0, "sample": 22503.566504482314, "line": 1453.5168767623463, "n_samples": 131, "n_lines": 127, "ground_spacing_sample_m": 9.798122889840402, "ground_spacing_line_m": 10.117867465416325, "bright_fraction": 0.0, "affine_residual_max_m": 0.16668455878374794, "spectrum_method": "affine_dtft", "status": "ok", "incidence_deg": 44.31346584848053, "n_spectra_averaged": 1, "peak_status": "identified", "n_blobs": 2, "argmax_wavelength_m": 122.36201068381379, "argmax_axial_bearing_deg": 89.59654279263907, "wavelength_m": 123.05417108059655, "k_rad_m": 0.05106031962999694, "axial_bearing_deg": 91.10170611520641, "blob_area_px": 5, "lobe_to_annulus": 15.365205061422428, "identifiable": true, "wavelength_smoothed_m": 122.32433742481241, "depth_T11.765_m": 12.497763405895169, "depth_T11.765_U-0.5_m": 14.17790413627325, "depth_T11.765_U+0.5_m": 11.036591050136808}}, {"type": "Feature", "geometry": {"type": "Point", "coordinates": [-75.71661306194032, 36.200664813275864]}, "properties": {"transect": 4, "distance_m": 3350.0, "E": 435576.8744191873, "N": 4006443.440808175, "lon": -75.71661306194032, "lat": 36.200664813275864, "swath": "IW", "burst": 0, "sample": 22508.18785505992, "line": 1455.619046048187, "n_samples": 131, "n_lines": 127, "ground_spacing_sample_m": 9.797909891008743, "ground_spacing_line_m": 10.118016864679845, "bright_fraction": 0.0, "affine_residual_max_m": 0.16266297347071754, "spectrum_method": "affine_dtft", "status": "ok", "incidence_deg": 44.31589675597223, "n_spectra_averaged": 1, "peak_status": "identified", "n_blobs": 1, "argmax_wavelength_m": 123.55655581289527, "argmax_axial_bearing_deg": 89.59272359431517, "wavelength_m": 123.80656900207892, "k_rad_m": 0.05075001559145122, "axial_bearing_deg": 88.1523897340054, "blob_area_px": 3, "lobe_to_annulus": 16.073937514361234, "identifiable": true, "wavelength_smoothed_m": 123.31165735482008, "depth_T11.765_m": 12.7311632367717, "depth_T11.765_U-0.5_m": 14.43897176276537, "depth_T11.765_U+0.5_m": 11.24752061010927}}, {"type": "Feature", "geometry": {"type": "Point", "coordinates": [-75.71615604904098, 36.2009216850464]}, "properties": {"transect": 4, "distance_m": 3400.0, "E": 435618.1706347257, "N": 4006471.6298589255, "lon": -75.71615604904098, "lat": 36.2009216850464, "swath": "IW", "burst": 0, "sample": 22512.809315004597, "line": 1457.7211631941568, "n_samples": 131, "n_lines": 127, "ground_spacing_sample_m": 9.797713477625212, "ground_spacing_line_m": 10.118165976042752, "bright_fraction": 0.0, "affine_residual_max_m": 0.1594687210961442, "spectrum_method": "affine_dtft", "status": "ok", "incidence_deg": 44.31832771732728, "n_spectra_averaged": 1, "peak_status": "identified", "n_blobs": 1, "argmax_wavelength_m": 124.79492849632729, "argmax_axial_bearing_deg": 89.64785483933802, "wavelength_m": 124.87804878048779, "k_rad_m": 0.05031456984264904, "axial_bearing_deg": 90.0, "blob_area_px": 4, "lobe_to_annulus": 14.537851660411267, "identifiable": true, "wavelength_smoothed_m": 125.98424904147987, "depth_T11.765_m": 13.378953774783552, "depth_T11.765_U-0.5_m": 15.164680358619751, "depth_T11.765_U+0.5_m": 11.83239321853378}}, {"type": "Feature", "geometry": {"type": "Point", "coordinates": [-75.71569903313971, 36.20117855509429]}, "properties": {"transect": 4, "distance_m": 3450.0, "E": 435659.4668502642, "N": 4006499.818909676, "lon": -75.71569903313971, "lat": 36.20117855509429, "swath": "IW", "burst": 0, "sample": 22517.430876461745, "line": 1459.8232293253277, "n_samples": 131, "n_lines": 127, "ground_spacing_sample_m": 9.797533655668202, "ground_spacing_line_m": 10.118314798132745, "bright_fraction": 0.0, "affine_residual_max_m": 0.15559732594865938, "spectrum_method": "affine_dtft", "status": "ok", "incidence_deg": 44.3207587284041, "n_spectra_averaged": 1, "peak_status": "identified", "n_blobs": 1, "argmax_wavelength_m": 127.0006235511108, "argmax_axial_bearing_deg": 89.8353225072848, "wavelength_m": 124.87804878048779, "k_rad_m": 0.05031456984264904, "axial_bearing_deg": 90.0, "blob_area_px": 4, "lobe_to_annulus": 14.331439249307953, "identifiable": true, "wavelength_smoothed_m": 126.7167685317007, "depth_T11.765_m": 13.56067991917578, "depth_T11.765_U-0.5_m": 15.368575476166477, "depth_T11.765_U+0.5_m": 11.99631523306043}}, {"type": "Feature", "geometry": {"type": "Point", "coordinates": [-75.71524201423651, 36.20143542341949]}, "properties": {"transect": 4, "distance_m": 3500.0, "E": 435700.7630658026, "N": 4006528.007960426, "lon": -75.71524201423651, "lat": 36.20143542341949, "swath": "IW", "burst": 0, "sample": 22522.052531572182, "line": 1461.925245569213, "n_samples": 131, "n_lines": 127, "ground_spacing_sample_m": 9.797370430714798, "ground_spacing_line_m": 10.118463334351814, "bright_fraction": 0.0, "affine_residual_max_m": 0.15181848319839786, "spectrum_method": "affine_dtft", "status": "ok", "incidence_deg": 44.323189785058766, "n_spectra_averaged": 1, "peak_status": "identified", "n_blobs": 3, "argmax_wavelength_m": 130.3631578594387, "argmax_axial_bearing_deg": 90.23208651309713, "wavelength_m": 133.30440756374824, "k_rad_m": 0.047134115233023105, "axial_bearing_deg": 88.80651057601794, "blob_area_px": 5, "lobe_to_annulus": 13.828437251460729, "identifiable": true, "wavelength_smoothed_m": 127.68683504157461, "depth_T11.765_m": 13.804169297170816, "depth_T11.765_U-0.5_m": 15.641990402613123, "depth_T11.765_U+0.5_m": 12.215838728827359}}, {"type": "Feature", "geometry": {"type": "Point", "coordinates": [-75.73444746282091, 36.179477008762376]}, "properties": {"transect": 5, "distance_m": 1150.0, "E": 433955.7557845846, "N": 4004105.2616633466, "lon": -75.73444746282091, "lat": 36.179477008762376, "swath": "IW", "burst": 0, "sample": 22306.884266695546, "line": 1252.7285620406635, "n_samples": 130, "n_lines": 127, "ground_spacing_sample_m": 9.82271832341748, "ground_spacing_line_m": 10.101573258273445, "bright_fraction": 0.0, "affine_residual_max_m": 0.3641571165522847, "spectrum_method": "affine_dtft", "status": "ok", "incidence_deg": 44.21023477756224, "n_spectra_averaged": 1, "peak_status": "identified", "n_blobs": 3, "argmax_wavelength_m": 88.79608478961242, "argmax_axial_bearing_deg": 66.19462138985105, "wavelength_m": 88.35176817201355, "k_rad_m": 0.07111555815098965, "axial_bearing_deg": 66.97450799147198, "blob_area_px": 3, "lobe_to_annulus": 17.65883285142038, "identifiable": true, "wavelength_smoothed_m": 88.35176817201356, "depth_T11.765_m": 6.107984547000297, "depth_T11.765_U-0.5_m": 7.086764072033671, "depth_T11.765_U+0.5_m": 5.2403199124213575}}, {"type": "Feature", "geometry": {"type": "Point", "coordinates": [-75.73389163176255, 36.17948817490675]}, "properties": {"transect": 5, "distance_m": 1200.0, "E": 434005.7483801809, "N": 4004106.1221199404, "lon": -75.73389163176255, "lat": 36.17948817490675, "swath": "IW", "burst": 0, "sample": 22311.922630538196, "line": 1252.0282192069812, "n_samples": 130, "n_lines": 127, "ground_spacing_sample_m": 9.82172097598703, "ground_spacing_line_m": 10.10149508146339, "bright_fraction": 0.0, "affine_residual_max_m": 0.35907162999816705, "spectrum_method": "affine_dtft", "status": "ok", "incidence_deg": 44.21289153592769, "n_spectra_averaged": 1, "peak_status": "identified", "n_blobs": 2, "argmax_wavelength_m": 88.76205817156719, "argmax_axial_bearing_deg": 66.23569906381141, "wavelength_m": 88.35176817201355, "k_rad_m": 0.07111555815098965, "axial_bearing_deg": 66.97450799147198, "blob_area_px": 3, "lobe_to_annulus": 18.14369165320085, "identifiable": true, "wavelength_smoothed_m": 105.42304291851437, "depth_T11.765_m": 8.950016512962883, "depth_T11.765_U-0.5_m": 10.231153688153414, "depth_T11.765_U+0.5_m": 7.820666376872481}}, {"type": "Feature", "geometry": {"type": "Point", "coordinates": [-75.73333580050125, 36.17949933847208]}, "properties": {"transect": 5, "distance_m": 1250.0, "E": 434055.74097577715, "N": 4004106.9825765337, "lon": -75.73333580050125, "lat": 36.17949933847208, "swath": "IW", "burst": 0, "sample": 22316.961502901504, "line": 1251.3277874974663, "n_samples": 130, "n_lines": 127, "ground_spacing_sample_m": 9.820743214445168, "ground_spacing_line_m": 10.101416862915533, "bright_fraction": 0.0, "affine_residual_max_m": 0.35406570929644615, "spectrum_method": "affine_dtft", "status": "ok", "incidence_deg": 44.2155485638865, "n_spectra_averaged": 1, "peak_status": "identified", "n_blobs": 3, "argmax_wavelength_m": 88.80716697790231, "argmax_axial_bearing_deg": 66.26445122919729, "wavelength_m": 88.35176817201355, "k_rad_m": 0.07111555815098965, "axial_bearing_deg": 66.97450799147198, "blob_area_px": 3, "lobe_to_annulus": 16.73457324669192, "identifiable": true, "wavelength_smoothed_m": 116.17138423384253, "depth_T11.765_m": 11.111568502147462, "depth_T11.765_U-0.5_m": 12.631409285582677, "depth_T11.765_U+0.5_m": 9.781935648154388}}, {"type": "Feature", "geometry": {"type": "Point", "coordinates": [-75.73277996903713, 36.179510499458324]}, "properties": {"transect": 5, "distance_m": 1300.0, "E": 434105.7335713734, "N": 4004107.8430331275, "lon": -75.73277996903713, "lat": 36.179510499458324, "swath": "IW", "burst": 0, "sample": 22322.000873841014, "line": 1250.6272682744182, "n_samples": 130, "n_lines": 127, "ground_spacing_sample_m": 9.819785046927908, "ground_spacing_line_m": 10.101338607501503, "bright_fraction": 0.0, "affine_residual_max_m": 0.3490671798318712, "spectrum_method": "affine_dtft", "status": "ok", "incidence_deg": 44.21820585619542, "n_spectra_averaged": 1, "peak_status": "identified", "n_blobs": 3, "argmax_wavelength_m": 88.89791941048804, "argmax_axial_bearing_deg": 66.2664364513447, "wavelength_m": 156.63686715801683, "k_rad_m": 0.04011306802274746, "axial_bearing_deg": 78.23171106797938, "blob_area_px": 6, "lobe_to_annulus": 7.438732268765899, "identifiable": true, "wavelength_smoothed_m": 131.27101142259184, "depth_T11.765_m": 14.732642257455526, "depth_T11.765_U-0.5_m": 16.687024994232505, "depth_T11.765_U+0.5_m": 13.051696327041197}}, {"type": "Feature", "geometry": {"type": "Point", "coordinates": [-75.73222413737022, 36.17952165786552]}, "properties": {"transect": 5, "distance_m": 1350.0, "E": 434155.72616696963, "N": 4004108.7034897213, "lon": -75.73222413737022, "lat": 36.17952165786552, "swath": "IW", "burst": 0, "sample": 22327.040733403883, "line": 1249.9266629013046, "n_samples": 130, "n_lines": 127, "ground_spacing_sample_m": 9.818846469242835, "ground_spacing_line_m": 10.10126031207286, "bright_fraction": 0.0, "affine_residual_max_m": 0.3440763850062091, "spectrum_method": "affine_dtft", "status": "ok", "incidence_deg": 44.22086340760674, "n_spectra_averaged": 1, "peak_status": "identified", "n_blobs": 8, "argmax_wavelength_m": 89.01468651533615, "argmax_axial_bearing_deg": 66.27049132093069, "wavelength_m": 159.1647494951552, "k_rad_m": 0.03947598527380486, "axial_bearing_deg": 77.69198418257207, "blob_area_px": 7, "lobe_to_annulus": 8.50000119968841, "identifiable": true, "wavelength_smoothed_m": 146.37063861134112, "depth_T11.765_m": 19.20807045502583, "depth_T11.765_U-0.5_m": 21.789837156852354, "depth_T11.765_U+0.5_m": 17.04778454516797}}, {"type": "Feature", "geometry": {"type": "Point", "coordinates": [-75.7316683055006, 36.17953281369363]}, "properties": {"transect": 5, "distance_m": 1400.0, "E": 434205.71876256587, "N": 4004109.5639463146, "lon": -75.7316683055006, "lat": 36.17953281369363, "swath": "IW", "burst": 0, "sample": 22332.081071627283, "line": 1249.2259727415776, "n_samples": 130, "n_lines": 127, "ground_spacing_sample_m": 9.817927499981867, "ground_spacing_line_m": 10.101181973202308, "bright_fraction": 0.0, "affine_residual_max_m": 0.33901968820393774, "spectrum_method": "affine_dtft", "status": "ok", "incidence_deg": 44.22352121286755, "n_spectra_averaged": 1, "peak_status": "identified", "n_blobs": 6, "argmax_wavelength_m": 164.98262990329442, "argmax_axial_bearing_deg": 81.57929819949587, "wavelength_m": 163.84990411576004, "k_rad_m": 0.0383472016116684, "axial_bearing_deg": 78.92979742206066, "blob_area_px": 6, "lobe_to_annulus": 8.161300709806154, "identifiable": true, "wavelength_smoothed_m": 160.75655550237542, "depth_T11.765_m": 24.552899580359274, "depth_T11.765_U-0.5_m": 28.07817278783896, "depth_T11.765_U+0.5_m": 21.727352529280584}}, {"type": "Feature", "geometry": {"type": "Point", "coordinates": [-75.73111247342837, 36.17954396694267]}, "properties": {"transect": 5, "distance_m": 1450.0, "E": 434255.71135816217, "N": 4004110.4244029084, "lon": -75.73111247342837, "lat": 36.17954396694267, "swath": "IW", "burst": 0, "sample": 22337.121878538357, "line": 1248.525199161616, "n_samples": 130, "n_lines": 127, "ground_spacing_sample_m": 9.817028141500549, "ground_spacing_line_m": 10.101103600382892, "bright_fraction": 0.0, "affine_residual_max_m": 0.3340451134806017, "spectrum_method": "affine_dtft", "status": "ok", "incidence_deg": 44.22617926671955, "n_spectra_averaged": 1, "peak_status": "identified", "n_blobs": 7, "argmax_wavelength_m": 162.88846938362465, "argmax_axial_bearing_deg": 81.10029203413553, "wavelength_m": 163.84990411576004, "k_rad_m": 0.0383472016116684, "axial_bearing_deg": 78.92979742206066, "blob_area_px": 6, "lobe_to_annulus": 7.175536780198289, "identifiable": true, "wavelength_smoothed_m": 160.88109205267037, "depth_T11.765_m": 24.605026348986232, "depth_T11.765_U-0.5_m": 28.140846276262895, "depth_T11.765_U+0.5_m": 21.772391269358373}}, {"type": "Feature", "geometry": {"type": "Point", "coordinates": [-75.73055664115354, 36.17955511761263]}, "properties": {"transect": 5, "distance_m": 1500.0, "E": 434305.7039537584, "N": 4004111.284859502, "lon": -75.73055664115354, "lat": 36.17955511761263, "swath": "IW", "burst": 0, "sample": 22342.163144156166, "line": 1247.824343528078, "n_samples": 130, "n_lines": 127, "ground_spacing_sample_m": 9.816148404151926, "ground_spacing_line_m": 10.10102518244016, "bright_fraction": 0.0, "affine_residual_max_m": 0.3290793811941021, "spectrum_method": "affine_dtft", "status": "ok", "incidence_deg": 44.228837563900214, "n_spectra_averaged": 1, "peak_status": "identified", "n_blobs": 7, "argmax_wavelength_m": 184.15437004604675, "argmax_axial_bearing_deg": 107.27613950074618, "wavelength_m": 160.28135262718504, "k_rad_m": 0.03920097506161117, "axial_bearing_deg": 79.69515353123397, "blob_area_px": 7, "lobe_to_annulus": 7.2805389737429955, "identifiable": true, "wavelength_smoothed_m": 160.50005213553763, "depth_T11.765_m": 24.44589702291804, "depth_T11.765_U-0.5_m": 27.94961364341757, "depth_T11.765_U+0.5_m": 21.634860204229895}}, {"type": "Feature", "geometry": {"type": "Point", "coordinates": [-75.73000080867624, 36.1795662657035]}, "properties": {"transect": 5, "distance_m": 1550.0, "E": 434355.69654935464, "N": 4004112.1453160956, "lon": -75.73000080867624, "lat": 36.1795662657035, "swath": "IW", "burst": 0, "sample": 22347.204858489073, "line": 1247.1234072092566, "n_samples": 130, "n_lines": 127, "ground_spacing_sample_m": 9.81528828862082, "ground_spacing_line_m": 10.1009467283559, "bright_fraction": 0.0, "affine_residual_max_m": 0.3240479653829345, "spectrum_method": "affine_dtft", "status": "ok", "incidence_deg": 44.23149609914135, "n_spectra_averaged": 1, "peak_status": "identified", "n_blobs": 4, "argmax_wavelength_m": 181.38133739780503, "argmax_axial_bearing_deg": 106.99011509149992, "wavelength_m": 157.25954990949154, "k_rad_m": 0.03995423687016644, "axial_bearing_deg": 79.3803447238449, "blob_area_px": 4, "lobe_to_annulus": 5.813682649336462, "identifiable": true, "wavelength_smoothed_m": 148.54583139383823, "depth_T11.765_m": 19.939235048409312, "depth_T11.765_U-0.5_m": 22.63582413622658, "depth_T11.765_U+0.5_m": 17.694555643563774}}, {"type": "Feature", "geometry": {"type": "Point", "coordinates": [-75.72944497599651, 36.179577411215284]}, "properties": {"transect": 5, "distance_m": 1600.0, "E": 434405.6891449509, "N": 4004113.0057726894, "lon": -75.72944497599651, "lat": 36.179577411215284, "swath": "IW", "burst": 0, "sample": 22352.247011538635, "line": 1246.4223915741366, "n_samples": 130, "n_lines": 127, "ground_spacing_sample_m": 9.814447809584376, "ground_spacing_line_m": 10.100868239429824, "bright_fraction": 0.0, "affine_residual_max_m": 0.3191966830109986, "spectrum_method": "affine_dtft", "status": "ok", "incidence_deg": 44.23415486717119, "n_spectra_averaged": 1, "peak_status": "identified", "n_blobs": 5, "argmax_wavelength_m": 178.81353795335755, "argmax_axial_bearing_deg": 106.82382355434775, "wavelength_m": 157.25954990949154, "k_rad_m": 0.03995423687016644, "axial_bearing_deg": 79.3803447238449, "blob_area_px": 4, "lobe_to_annulus": 5.077304972757712, "identifiable": true, "wavelength_smoothed_m": 136.59161065213883, "depth_T11.765_m": 16.199665187842296, "depth_T11.765_U-0.5_m": 18.346868563264806, "depth_T11.765_U+0.5_m": 14.36802068896542}}, {"type": "Feature", "geometry": {"type": "Point", "coordinates": [-75.72888914311443, 36.179588554147976]}, "properties": {"transect": 5, "distance_m": 1650.0, "E": 434455.6817405472, "N": 4004113.866229283, "lon": -75.72888914311443, "lat": 36.179588554147976, "swath": "IW", "burst": 0, "sample": 22357.289593295973, "line": 1245.7212979932415, "n_samples": 130, "n_lines": 127, "ground_spacing_sample_m": 9.813626968108995, "ground_spacing_line_m": 10.10078970564698, "bright_fraction": 0.0, "affine_residual_max_m": 0.31443188467106886, "spectrum_method": "affine_dtft", "status": "ok", "incidence_deg": 44.23681386271243, "n_spectra_averaged": 1, "peak_status": "identified", "n_blobs": 6, "argmax_wavelength_m": 176.74086838840802, "argmax_axial_bearing_deg": 106.7326860998847, "wavelength_m": 104.07880040726297, "k_rad_m": 0.06036950159488122, "axial_bearing_deg": 63.43494882292201, "blob_area_px": 2, "lobe_to_annulus": 14.671826024205233, "identifiable": true, "wavelength_smoothed_m": 125.35110020815439, "depth_T11.765_m": 13.223343430349873, "depth_T11.765_U-0.5_m": 14.990197087410351, "depth_T11.765_U+0.5_m": 11.691973670243138}}, {"type": "Feature", "geometry": {"type": "Point", "coordinates": [-75.72833331003005, 36.17959969450158]}, "properties": {"transect": 5, "distance_m": 1700.0, "E": 434505.6743361434, "N": 4004114.726685877, "lon": -75.72833331003005, "lat": 36.17959969450158, "swath": "IW", "burst": 0, "sample": 22362.332593745617, "line": 1245.0201278372795, "n_samples": 130, "n_lines": 127, "ground_spacing_sample_m": 9.81282576845748, "ground_spacing_line_m": 10.100711137932603, "bright_fraction": 0.0, "affine_residual_max_m": 0.3096091909619794, "spectrum_method": "affine_dtft", "status": "ok", "incidence_deg": 44.23947308048428, "n_spectra_averaged": 1, "peak_status": "identified", "n_blobs": 6, "argmax_wavelength_m": 139.59613964745526, "argmax_axial_bearing_deg": 84.34850748411863, "wavelength_m": 104.07880040726297, "k_rad_m": 0.06036950159488122, "axial_bearing_deg": 63.43494882292201, "blob_area_px": 2, "lobe_to_annulus": 17.838464182494274, "identifiable": true, "wavelength_smoothed_m": 115.36544281025405, "depth_T11.765_m": 10.938389762001856, "depth_T11.765_U-0.5_m": 12.438647981483292, "depth_T11.765_U+0.5_m": 9.62498643562485}}, {"type": "Feature", "geometry": {"type": "Point", "coordinates": [-75.72777747674348, 36.17961083227608]}, "properties": {"transect": 5, "distance_m": 1750.0, "E": 434555.66693173966, "N": 4004115.5871424703, "lon": -75.72777747674348, "lat": 36.17961083227608, "swath": "IW", "burst": 0, "sample": 22367.376002861958, "line": 1244.31888247974, "n_samples": 130, "n_lines": 127, "ground_spacing_sample_m": 9.812044227037518, "ground_spacing_line_m": 10.100632530328635, "bright_fraction": 0.0, "affine_residual_max_m": 0.30487693702013824, "spectrum_method": "affine_dtft", "status": "ok", "incidence_deg": 44.242132515200595, "n_spectra_averaged": 1, "peak_status": "identified", "n_blobs": 3, "argmax_wavelength_m": 137.80828680396036, "argmax_axial_bearing_deg": 84.42748744368221, "wavelength_m": 104.07880040726297, "k_rad_m": 0.06036950159488122, "axial_bearing_deg": 63.43494882292201, "blob_area_px": 2, "lobe_to_annulus": 19.054139318793876, "identifiable": true, "wavelength_smoothed_m": 105.51094930756717, "depth_T11.765_m": 8.966450583601565, "depth_T11.765_U-0.5_m": 10.249362368289589, "depth_T11.765_U+0.5_m": 7.835591439969056}}, {"type": "Feature", "geometry": {"type": "Point", "coordinates": [-75.72722164325475, 36.17962196747148]}, "properties": {"transect": 5, "distance_m": 1800.0, "E": 434605.6595273359, "N": 4004116.447599064, "lon": -75.72722164325475, "lat": 36.17962196747148, "swath": "IW", "burst": 0, "sample": 22372.41981061283, "line": 1243.6175632935951, "n_samples": 130, "n_lines": 127, "ground_spacing_sample_m": 9.811282341326697, "ground_spacing_line_m": 10.10055388522319, "bright_fraction": 0.0, "affine_residual_max_m": 0.3001622814517438, "spectrum_method": "affine_dtft", "status": "ok", "incidence_deg": 44.244792161571766, "n_spectra_averaged": 1, "peak_status": "identified", "n_blobs": 5, "argmax_wavelength_m": 136.51891302984404, "argmax_axial_bearing_deg": 84.54286367975342, "wavelength_m": 107.33126291998988, "k_rad_m": 0.05854012275867273, "axial_bearing_deg": 63.434948822921996, "blob_area_px": 3, "lobe_to_annulus": 16.61835456616723, "identifiable": true, "wavelength_smoothed_m": 106.29260570532597, "depth_T11.765_m": 9.113446967222323, "depth_T11.765_U-0.5_m": 10.412254487599924, "depth_T11.765_U+0.5_m": 7.969084783113748}}, {"type": "Feature", "geometry": {"type": "Point", "coordinates": [-75.72666580956395, 36.179633100087784]}, "properties": {"transect": 5, "distance_m": 1850.0, "E": 434655.6521229322, "N": 4004117.308055658, "lon": -75.72666580956395, "lat": 36.179633100087784, "swath": "IW", "burst": 0, "sample": 22377.464006956416, "line": 1242.9161716539354, "n_samples": 130, "n_lines": 127, "ground_spacing_sample_m": 9.810540118878448, "ground_spacing_line_m": 10.100475198928756, "bright_fraction": 0.0, "affine_residual_max_m": 0.2954660564298539, "spectrum_method": "affine_dtft", "status": "ok", "incidence_deg": 44.24745201430307, "n_spectra_averaged": 1, "peak_status": "identified", "n_blobs": 5, "argmax_wavelength_m": 135.58975827946904, "argmax_axial_bearing_deg": 84.6786319427685, "wavelength_m": 107.98708239605702, "k_rad_m": 0.05818460104455055, "axial_bearing_deg": 62.35402463626135, "blob_area_px": 4, "lobe_to_annulus": 14.755073600830244, "identifiable": true, "wavelength_smoothed_m": 106.94309820787137, "depth_T11.765_m": 9.23697113218392, "depth_T11.765_U-0.5_m": 10.549168567584488, "depth_T11.765_U+0.5_m": 8.081253501147078}}, {"type": "Feature", "geometry": {"type": "Point", "coordinates": [-75.72610997567116, 36.179644230124964]}, "properties": {"transect": 5, "distance_m": 1900.0, "E": 434705.64471852843, "N": 4004118.168512251, "lon": -75.72610997567116, "lat": 36.179644230124964, "swath": "IW", "burst": 0, "sample": 22382.50858184626, "line": 1242.2147089350565, "n_samples": 130, "n_lines": 127, "ground_spacing_sample_m": 9.809817560024053, "ground_spacing_line_m": 10.100396478606049, "bright_fraction": 0.0, "affine_residual_max_m": 0.2897653951356875, "spectrum_method": "affine_dtft", "status": "ok", "incidence_deg": 44.25011206809737, "n_spectra_averaged": 1, "peak_status": "identified", "n_blobs": 5, "argmax_wavelength_m": 109.31856118439653, "argmax_axial_bearing_deg": 63.14281637031737, "wavelength_m": 107.98708239605702, "k_rad_m": 0.05818460104455055, "axial_bearing_deg": 62.35402463626135, "blob_area_px": 4, "lobe_to_annulus": 14.151611907574056, "identifiable": true, "wavelength_smoothed_m": 107.65917265802344, "depth_T11.765_m": 9.374214101037941, "depth_T11.765_U-0.5_m": 10.701324803728061, "depth_T11.765_U+0.5_m": 8.205869465942781}}, {"type": "Feature", "geometry": {"type": "Point", "coordinates": [-75.72555414157644, 36.17965535758303]}, "properties": {"transect": 5, "distance_m": 1950.0, "E": 434755.6373141247, "N": 4004119.028968845, "lon": -75.72555414157644, "lat": 36.17965535758303, "swath": "IW", "burst": 0, "sample": 22387.553525224943, "line": 1241.5131765150059, "n_samples": 130, "n_lines": 127, "ground_spacing_sample_m": 9.80911467289624, "ground_spacing_line_m": 10.100317716017194, "bright_fraction": 0.0, "affine_residual_max_m": 0.28511237500515496, "spectrum_method": "affine_dtft", "status": "ok", "incidence_deg": 44.252772317651676, "n_spectra_averaged": 1, "peak_status": "identified", "n_blobs": 3, "argmax_wavelength_m": 110.44276426586909, "argmax_axial_bearing_deg": 63.08206476281896, "wavelength_m": 107.33126291998988, "k_rad_m": 0.05854012275867273, "axial_bearing_deg": 63.434948822921996, "blob_area_px": 3, "lobe_to_annulus": 16.712495810659437, "identifiable": true, "wavelength_smoothed_m": 107.76847590403463, "depth_T11.765_m": 9.395280528484031, "depth_T11.765_U-0.5_m": 10.724683853711324, "depth_T11.765_U+0.5_m": 8.22499663494044}}, {"type": "Feature", "geometry": {"type": "Point", "coordinates": [-75.72499830727983, 36.179666482462]}, "properties": {"transect": 5, "distance_m": 2000.0, "E": 434805.6299097209, "N": 4004119.889425439, "lon": -75.72499830727983, "lat": 36.179666482462, "swath": "IW", "burst": 0, "sample": 22392.59882703053, "line": 1240.8115757705355, "n_samples": 130, "n_lines": 127, "ground_spacing_sample_m": 9.808431478142149, "ground_spacing_line_m": 10.100238920406762, "bright_fraction": 0.0, "affine_residual_max_m": 0.28048077127205523, "spectrum_method": "affine_dtft", "status": "ok", "incidence_deg": 44.25543275766065, "n_spectra_averaged": 1, "peak_status": "ambiguous_multiple_blobs", "n_blobs": 3, "argmax_wavelength_m": 111.48000759122792, "argmax_axial_bearing_deg": 62.98098452661421, "wavelength_m": 153.81549264028405, "k_rad_m": 0.04084884558328313, "axial_bearing_deg": 57.26477372789239, "blob_area_px": 2, "lobe_to_annulus": 8.137875524651065, "identifiable": false}}, {"type": "Feature", "geometry": {"type": "Point", "coordinates": [-75.72444247278146, 36.17967760476185]}, "properties": {"transect": 5, "distance_m": 2050.0, "E": 434855.62250531715, "N": 4004120.749882032, "lon": -75.72444247278146, "lat": 36.17967760476185, "swath": "IW", "burst": 0, "sample": 22397.644477192243, "line": 1240.1099080798933, "n_samples": 131, "n_lines": 127, "ground_spacing_sample_m": 9.807767959531422, "ground_spacing_line_m": 10.100160082903004, "bright_fraction": 0.0, "affine_residual_max_m": 0.2767301846181907, "spectrum_method": "affine_dtft", "status": "ok", "incidence_deg": 44.25809338281426, "n_spectra_averaged": 1, "peak_status": "ambiguous_multiple_blobs", "n_blobs": 3, "argmax_wavelength_m": 112.50463650662385, "argmax_axial_bearing_deg": 62.88783498737692, "wavelength_m": 153.81549264028405, "k_rad_m": 0.04084884558328313, "axial_bearing_deg": 57.26477372789239, "blob_area_px": 2, "lobe_to_annulus": 9.057976187948652, "identifiable": false}}, {"type": "Feature", "geometry": {"type": "Point", "coordinates": [-75.72388663808137, 36.17968872448256]}, "properties": {"transect": 5, "distance_m": 2100.0, "E": 434905.61510091345, "N": 4004121.610338626, "lon": -75.72388663808137, "lat": 36.17968872448256, "swath": "IW", "burst": 0, "sample": 22402.690465633903, "line": 1239.408174822368, "n_samples": 131, "n_lines": 127, "ground_spacing_sample_m": 9.807124130098279, "ground_spacing_line_m": 10.100081213200083, "bright_fraction": 0.0, "affine_residual_max_m": 0.27213949510269836, "spectrum_method": "affine_dtft", "status": "ok", "incidence_deg": 44.26075418779961, "n_spectra_averaged": 1, "peak_status": "identified", "n_blobs": 3, "argmax_wavelength_m": 113.42595663236499, "argmax_axial_bearing_deg": 62.703203754778905, "wavelength_m": 114.48668044798924, "k_rad_m": 0.05488136508625567, "axial_bearing_deg": 63.43494882292201, "blob_area_px": 3, "lobe_to_annulus": 18.56565814846275, "identifiable": true, "wavelength_smoothed_m": 114.48668044798926, "depth_T11.765_m": 10.751697208045087, "depth_T11.765_U-0.5_m": 12.230945217390992, "depth_T11.765_U+0.5_m": 9.455745991365454}}, {"type": "Feature", "geometry": {"type": "Point", "coordinates": [-75.72333080317964, 36.17969984162415]}, "properties": {"transect": 5, "distance_m": 2150.0, "E": 434955.6076965097, "N": 4004122.4707952198, "lon": -75.72333080317964, "lat": 36.17969984162415, "swath": "IW", "burst": 0, "sample": 22407.736782271164, "line": 1238.706377378511, "n_samples": 131, "n_lines": 127, "ground_spacing_sample_m": 9.806499998098793, "ground_spacing_line_m": 10.100002302503285, "bright_fraction": 0.0, "affine_residual_max_m": 0.26757336076443233, "spectrum_method": "affine_dtft", "status": "ok", "incidence_deg": 44.26341516729953, "n_spectra_averaged": 1, "peak_status": "identified", "n_blobs": 3, "argmax_wavelength_m": 114.48045985208309, "argmax_axial_bearing_deg": 62.423524305239766, "wavelength_m": 114.48668044798924, "k_rad_m": 0.05488136508625567, "axial_bearing_deg": 63.43494882292201, "blob_area_px": 3, "lobe_to_annulus": 17.19289090482408, "identifiable": true, "wavelength_smoothed_m": 114.48668044798926, "depth_T11.765_m": 10.751697208045087, "depth_T11.765_U-0.5_m": 12.230945217390992, "depth_T11.765_U+0.5_m": 9.455745991365454}}, {"type": "Feature", "geometry": {"type": "Point", "coordinates": [-75.72277496807631, 36.179710956186604]}, "properties": {"transect": 5, "distance_m": 2200.0, "E": 435005.6002921059, "N": 4004123.331251813, "lon": -75.72277496807631, "lat": 36.179710956186604, "swath": "IW", "burst": 0, "sample": 22412.78341701457, "line": 1238.0045171285717, "n_samples": 131, "n_lines": 127, "ground_spacing_sample_m": 9.805895565248544, "ground_spacing_line_m": 10.099923355410374, "bright_fraction": 0.0, "affine_residual_max_m": 0.2629549152133726, "spectrum_method": "affine_dtft", "status": "ok", "incidence_deg": 44.26607631599406, "n_spectra_averaged": 1, "peak_status": "identified", "n_blobs": 5, "argmax_wavelength_m": 160.50704858616427, "argmax_axial_bearing_deg": 58.1484515748206, "wavelength_m": 114.48668044798924, "k_rad_m": 0.05488136508625567, "axial_bearing_deg": 63.43494882292201, "blob_area_px": 3, "lobe_to_annulus": 13.810582780305388, "identifiable": true, "wavelength_smoothed_m": 124.31888349606295, "depth_T11.765_m": 12.972525407694427, "depth_T11.765_U-0.5_m": 14.709168205450185, "depth_T11.765_U+0.5_m": 11.465537247120457}}, {"type": "Feature", "geometry": {"type": "Point", "coordinates": [-75.72221913277147, 36.17972206816993]}, "properties": {"transect": 5, "distance_m": 2250.0, "E": 435055.59288770217, "N": 4004124.191708407, "lon": -75.72221913277147, "lat": 36.17972206816993, "swath": "IW", "burst": 0, "sample": 22417.830359768057, "line": 1237.302595454541, "n_samples": 131, "n_lines": 127, "ground_spacing_sample_m": 9.805310836246978, "ground_spacing_line_m": 10.099844369534361, "bright_fraction": 0.0, "affine_residual_max_m": 0.25844128804735206, "spectrum_method": "affine_dtft", "status": "ok", "incidence_deg": 44.26873762855985, "n_spectra_averaged": 1, "peak_status": "ambiguous_multiple_blobs", "n_blobs": 3, "argmax_wavelength_m": 161.17405703572362, "argmax_axial_bearing_deg": 58.42454011382431, "wavelength_m": 153.81549264028405, "k_rad_m": 0.04084884558328313, "axial_bearing_deg": 57.26477372789239, "blob_area_px": 2, "lobe_to_annulus": 8.439511264345425, "identifiable": false}}, {"type": "Feature", "geometry": {"type": "Point", "coordinates": [-75.72166329726521, 36.17973317757413]}, "properties": {"transect": 5, "distance_m": 2300.0, "E": 435105.58548329846, "N": 4004125.0521650007, "lon": -75.72166329726521, "lat": 36.17973317757413, "swath": "IW", "burst": 0, "sample": 22422.877600428445, "line": 1236.6006137392835, "n_samples": 131, "n_lines": 127, "ground_spacing_sample_m": 9.804745813635053, "ground_spacing_line_m": 10.099765349983427, "bright_fraction": 0.0, "affine_residual_max_m": 0.2539562169748798, "spectrum_method": "affine_dtft", "status": "ok", "incidence_deg": 44.27139909966969, "n_spectra_averaged": 1, "peak_status": "identified", "n_blobs": 2, "argmax_wavelength_m": 161.2001812115598, "argmax_axial_bearing_deg": 58.70084744518797, "wavelength_m": 153.81549264028405, "k_rad_m": 0.04084884558328313, "axial_bearing_deg": 57.26477372789239, "blob_area_px": 2, "lobe_to_annulus": 8.623760663380663, "identifiable": true, "wavelength_smoothed_m": 143.98328959221035, "depth_T11.765_m": 18.43298081402009, "depth_T11.765_U-0.5_m": 20.897198920690887, "depth_T11.765_U+0.5_m": 16.360131536526453}}, {"type": "Feature", "geometry": {"type": "Point", "coordinates": [-75.72110746155758, 36.179744284399185]}, "properties": {"transect": 5, "distance_m": 2350.0, "E": 435155.5780788947, "N": 4004125.9126215945, "lon": -75.72110746155758, "lat": 36.179744284399185, "swath": "IW", "burst": 0, "sample": 22427.92512888803, "line": 1235.8985733653856, "n_samples": 131, "n_lines": 127, "ground_spacing_sample_m": 9.804200508544167, "ground_spacing_line_m": 10.099686290650903, "bright_fraction": 0.0, "affine_residual_max_m": 0.24950124314541053, "spectrum_method": "affine_dtft", "status": "ok", "incidence_deg": 44.27406072399403, "n_spectra_averaged": 1, "peak_status": "identified", "n_blobs": 1, "argmax_wavelength_m": 160.8418836059446, "argmax_axial_bearing_deg": 58.95084358334572, "wavelength_m": 153.81549264028405, "k_rad_m": 0.04084884558328313, "axial_bearing_deg": 57.26477372789239, "blob_area_px": 2, "lobe_to_annulus": 9.130599078413299, "identifiable": true, "wavelength_smoothed_m": 153.81549264028405, "depth_T11.765_m": 21.817343592474494, "depth_T11.765_U-0.5_m": 24.82805624487429, "depth_T11.765_U+0.5_m": 19.346771327759253}}, {"type": "Feature", "geometry": {"type": "Point", "coordinates": [-75.72055162564864, 36.17975538864509]}, "properties": {"transect": 5, "distance_m": 2400.0, "E": 435205.57067449094, "N": 4004126.773078188, "lon": -75.72055162564864, "lat": 36.17975538864509, "swath": "IW", "burst": 0, "sample": 22432.97293503348, "line": 1235.1964757173416, "n_samples": 131, "n_lines": 127, "ground_spacing_sample_m": 9.803674917758396, "ground_spacing_line_m": 10.09960719803333, "bright_fraction": 0.0, "affine_residual_max_m": 0.2449979916321983, "spectrum_method": "affine_dtft", "status": "ok", "incidence_deg": 44.276722496200335, "n_spectra_averaged": 1, "peak_status": "identified", "n_blobs": 1, "argmax_wavelength_m": 160.46070895737572, "argmax_axial_bearing_deg": 59.262335513493134, "wavelength_m": 153.81549264028405, "k_rad_m": 0.04084884558328313, "axial_bearing_deg": 57.26477372789239, "blob_area_px": 2, "lobe_to_annulus": 9.951221370509652, "identifiable": true, "wavelength_smoothed_m": 153.81549264028405, "depth_T11.765_m": 21.817343592474494, "depth_T11.765_U-0.5_m": 24.82805624487429, "depth_T11.765_U+0.5_m": 19.346771327759253}}, {"type": "Feature", "geometry": {"type": "Point", "coordinates": [-75.71999578953849, 36.17976649031184]}, "properties": {"transect": 5, "distance_m": 2450.0, "E": 435255.5632700872, "N": 4004127.6335347816, "lon": -75.71999578953849, "lat": 36.17976649031184, "swath": "IW", "burst": 0, "sample": 22438.02100874479, "line": 1234.4943221793967, "n_samples": 131, "n_lines": 127, "ground_spacing_sample_m": 9.803169050260925, "ground_spacing_line_m": 10.09952806782709, "bright_fraction": 0.0, "affine_residual_max_m": 0.23971767295753438, "spectrum_method": "affine_dtft", "status": "ok", "incidence_deg": 44.27938441095253, "n_spectra_averaged": 1, "peak_status": "identified", "n_blobs": 1, "argmax_wavelength_m": 159.75234295728075, "argmax_axial_bearing_deg": 59.464495484441066, "wavelength_m": 153.81549264028405, "k_rad_m": 0.04084884558328313, "axial_bearing_deg": 57.26477372789239, "blob_area_px": 2, "lobe_to_annulus": 12.273207769577187, "identifiable": true, "wavelength_smoothed_m": 153.81549264028405, "depth_T11.765_m": 21.817343592474494, "depth_T11.765_U-0.5_m": 24.82805624487429, "depth_T11.765_U+0.5_m": 19.346771327759253}}, {"type": "Feature", "geometry": {"type": "Point", "coordinates": [-75.71943995322718, 36.17977758939946]}, "properties": {"transect": 5, "distance_m": 2500.0, "E": 435305.5558656835, "N": 4004128.4939913754, "lon": -75.71943995322718, "lat": 36.17977758939946, "swath": "IW", "burst": 0, "sample": 22443.06933989757, "line": 1233.7921141374668, "n_samples": 131, "n_lines": 127, "ground_spacing_sample_m": 9.80268290471314, "ground_spacing_line_m": 10.099448899924345, "bright_fraction": 0.0, "affine_residual_max_m": 0.23536982232240428, "spectrum_method": "affine_dtft", "status": "ok", "incidence_deg": 44.282046462912206, "n_spectra_averaged": 1, "peak_status": "identified", "n_blobs": 1, "argmax_wavelength_m": 158.92249522467202, "argmax_axial_bearing_deg": 59.59227482984576, "wavelength_m": 153.81549264028405, "k_rad_m": 0.04084884558328313, "axial_bearing_deg": 57.26477372789239, "blob_area_px": 2, "lobe_to_annulus": 15.174294844932293, "identifiable": true, "wavelength_smoothed_m": 153.81549264028405, "depth_T11.765_m": 21.817343592474494, "depth_T11.765_U-0.5_m": 24.82805624487429, "depth_T11.765_U+0.5_m": 19.346771327759253}}, {"type": "Feature", "geometry": {"type": "Point", "coordinates": [-75.71888411671478, 36.17978868590791]}, "properties": {"transect": 5, "distance_m": 2550.0, "E": 435355.5484612797, "N": 4004129.354447969, "lon": -75.71888411671478, "lat": 36.17978868590791, "swath": "IW", "burst": 0, "sample": 22448.117918362503, "line": 1233.089852976647, "n_samples": 131, "n_lines": 127, "ground_spacing_sample_m": 9.802216488831013, "ground_spacing_line_m": 10.099369697102667, "bright_fraction": 0.0, "affine_residual_max_m": 0.23097805414469516, "spectrum_method": "affine_dtft", "status": "ok", "incidence_deg": 44.28470864673836, "n_spectra_averaged": 1, "peak_status": "identified", "n_blobs": 1, "argmax_wavelength_m": 158.0552860938759, "argmax_axial_bearing_deg": 59.82884900967565, "wavelength_m": 153.81549264028405, "k_rad_m": 0.04084884558328313, "axial_bearing_deg": 57.26477372789239, "blob_area_px": 2, "lobe_to_annulus": 18.728795570795818, "identifiable": true, "wavelength_smoothed_m": 153.1065565517088, "depth_T11.765_m": 21.55537237714459, "depth_T11.765_U-0.5_m": 24.520505667346477, "depth_T11.765_U+0.5_m": 19.117133034926013}}, {"type": "Feature", "geometry": {"type": "Point", "coordinates": [-75.71832828000137, 36.179799779837204]}, "properties": {"transect": 5, "distance_m": 2600.0, "E": 435405.54105687595, "N": 4004130.2149045626, "lon": -75.71832828000137, "lat": 36.179799779837204, "swath": "IW", "burst": 0, "sample": 22453.166734004946, "line": 1232.3875400841334, "n_samples": 131, "n_lines": 127, "ground_spacing_sample_m": 9.801769803274523, "ground_spacing_line_m": 10.099290457583495, "bright_fraction": 0.0, "affine_residual_max_m": 0.2267071088125609, "spectrum_method": "affine_dtft", "status": "ok", "incidence_deg": 44.28737095708718, "n_spectra_averaged": 1, "peak_status": "identified", "n_blobs": 1, "argmax_wavelength_m": 156.9212579746201, "argmax_axial_bearing_deg": 60.00874886250906, "wavelength_m": 153.81549264028405, "k_rad_m": 0.04084884558328313, "axial_bearing_deg": 57.26477372789239, "blob_area_px": 2, "lobe_to_annulus": 23.152332193921193, "identifiable": true, "wavelength_smoothed_m": 152.3976204631335, "depth_T11.765_m": 21.296390507253026, "depth_T11.765_U-0.5_m": 24.217046683624012, "depth_T11.765_U+0.5_m": 18.889845896640157}}, {"type": "Feature", "geometry": {"type": "Point", "coordinates": [-75.71777244308701, 36.179810871187335]}, "properties": {"transect": 5, "distance_m": 2650.0, "E": 435455.5336524722, "N": 4004131.0753611564, "lon": -75.71777244308701, "lat": 36.179810871187335, "swath": "IW", "burst": 0, "sample": 22458.215776685855, "line": 1231.6851768467443, "n_samples": 131, "n_lines": 127, "ground_spacing_sample_m": 9.801342855839463, "ground_spacing_line_m": 10.09921118333084, "bright_fraction": 0.0, "affine_residual_max_m": 0.22247819675241706, "spectrum_method": "affine_dtft", "status": "ok", "incidence_deg": 44.290033388612486, "n_spectra_averaged": 1, "peak_status": "identified", "n_blobs": 1, "argmax_wavelength_m": 155.65526033695295, "argmax_axial_bearing_deg": 60.25050607084175, "wavelength_m": 150.27081219740774, "k_rad_m": 0.04181241330435808, "axial_bearing_deg": 59.42077312751098, "blob_area_px": 3, "lobe_to_annulus": 30.619281197067004, "identifiable": true, "wavelength_smoothed_m": 151.68868437455825, "depth_T11.765_m": 21.040343006363706, "depth_T11.765_U-0.5_m": 23.91758345780608, "depth_T11.765_U+0.5_m": 18.664874603657143}}, {"type": "Feature", "geometry": {"type": "Point", "coordinates": [-75.7172166059718, 36.17982195995832]}, "properties": {"transect": 5, "distance_m": 2700.0, "E": 435505.52624806843, "N": 4004131.9358177497, "lon": -75.7172166059718, "lat": 36.17982195995832, "swath": "IW", "burst": 0, "sample": 22463.265036261768, "line": 1230.9827646524595, "n_samples": 131, "n_lines": 127, "ground_spacing_sample_m": 9.800935646080843, "ground_spacing_line_m": 10.099131871754008, "bright_fraction": 0.0, "affine_residual_max_m": 0.21829372978336675, "spectrum_method": "affine_dtft", "status": "ok", "incidence_deg": 44.2926959359658, "n_spectra_averaged": 1, "peak_status": "identified", "n_blobs": 1, "argmax_wavelength_m": 154.2644040151824, "argmax_axial_bearing_deg": 60.56427520274716, "wavelength_m": 150.27081219740774, "k_rad_m": 0.04181241330435808, "axial_bearing_deg": 59.42077312751098, "blob_area_px": 3, "lobe_to_annulus": 38.812969892705155, "identifiable": true, "wavelength_smoothed_m": 151.043232905325, "depth_T11.765_m": 20.809731376426477, "depth_T11.765_U-0.5_m": 23.64833418968462, "depth_T11.765_U+0.5_m": 18.462034350479538}}, {"type": "Feature", "geometry": {"type": "Point", "coordinates": [-75.71666076865579, 36.179833046150115]}, "properties": {"transect": 5, "distance_m": 2750.0, "E": 435555.51884366473, "N": 4004132.7962743435, "lon": -75.71666076865579, "lat": 36.179833046150115, "swath": "IW", "burst": 0, "sample": 22468.314502584897, "line": 1230.2803048890557, "n_samples": 131, "n_lines": 127, "ground_spacing_sample_m": 9.800548175757767, "ground_spacing_line_m": 10.099052523684566, "bright_fraction": 0.0, "affine_residual_max_m": 0.2140727009516481, "spectrum_method": "affine_dtft", "status": "ok", "incidence_deg": 44.29535859379632, "n_spectra_averaged": 1, "peak_status": "identified", "n_blobs": 1, "argmax_wavelength_m": 152.91036342228867, "argmax_axial_bearing_deg": 60.98610552021461, "wavelength_m": 150.27081219740774, "k_rad_m": 0.04181241330435808, "axial_bearing_deg": 59.42077312751098, "blob_area_px": 3, "lobe_to_annulus": 40.47581494470438, "identifiable": true, "wavelength_smoothed_m": 150.39778143609172, "depth_T11.765_m": 20.58146900103551, "depth_T11.765_U-0.5_m": 23.382253763778433, "depth_T11.765_U+0.5_m": 18.261059995796806}}, {"type": "Feature", "geometry": {"type": "Point", "coordinates": [-75.71610493113903, 36.179844129762735]}, "properties": {"transect": 5, "distance_m": 2800.0, "E": 435605.51143926097, "N": 4004133.6567309373, "lon": -75.71610493113903, "lat": 36.179844129762735, "swath": "IW", "burst": 0, "sample": 22473.36416550334, "line": 1229.577798945449, "n_samples": 131, "n_lines": 127, "ground_spacing_sample_m": 9.800180454322359, "ground_spacing_line_m": 10.0989731452838, "bright_fraction": 0.0, "affine_residual_max_m": 0.20998453229690048, "spectrum_method": "affine_dtft", "status": "ok", "incidence_deg": 44.29802135675109, "n_spectra_averaged": 1, "peak_status": "identified", "n_blobs": 1, "argmax_wavelength_m": 150.87516757858987, "argmax_axial_bearing_deg": 61.44497450860584, "wavelength_m": 150.5882352941177, "k_rad_m": 0.041724277430489426, "axial_bearing_deg": 61.927513064147035, "blob_area_px": 2, "lobe_to_annulus": 30.33065997527347, "identifiable": true, "wavelength_smoothed_m": 150.4612660554337, "depth_T11.765_m": 20.603817088629715, "depth_T11.765_U-0.5_m": 23.408285938049474, "depth_T11.765_U+0.5_m": 18.280745175556802}}, {"type": "Feature", "geometry": {"type": "Point", "coordinates": [-75.7155490934216, 36.179855210796184]}, "properties": {"transect": 5, "distance_m": 2850.0, "E": 435655.5040348572, "N": 4004134.5171875306, "lon": -75.7155490934216, "lat": 36.179855210796184, "swath": "IW", "burst": 0, "sample": 22478.41401486152, "line": 1228.8752482110538, "n_samples": 131, "n_lines": 127, "ground_spacing_sample_m": 9.799832478611995, "ground_spacing_line_m": 10.098893726624596, "bright_fraction": 0.0, "affine_residual_max_m": 0.20594909036713943, "spectrum_method": "affine_dtft", "status": "ok", "incidence_deg": 44.30068421947517, "n_spectra_averaged": 1, "peak_status": "identified", "n_blobs": 1, "argmax_wavelength_m": 148.92642571252154, "argmax_axial_bearing_deg": 62.155377851106536, "wavelength_m": 150.5882352941177, "k_rad_m": 0.041724277430489426, "axial_bearing_deg": 61.927513064147035, "blob_area_px": 2, "lobe_to_annulus": 31.361434488910835, "identifiable": true, "wavelength_smoothed_m": 150.5247506747757, "depth_T11.765_m": 20.626187571586936, "depth_T11.765_U-0.5_m": 23.434348201567598, "depth_T11.765_U+0.5_m": 18.300448190403788}}, {"type": "Feature", "geometry": {"type": "Point", "coordinates": [-75.7149932555036, 36.179866289250455]}, "properties": {"transect": 5, "distance_m": 2900.0, "E": 435705.49663045345, "N": 4004135.3776441244, "lon": -75.7149932555036, "lat": 36.179866289250455, "swath": "IW", "burst": 0, "sample": 22483.464040500585, "line": 1228.1726540750237, "n_samples": 131, "n_lines": 127, "ground_spacing_sample_m": 9.799504249358593, "ground_spacing_line_m": 10.098814274681736, "bright_fraction": 0.0, "affine_residual_max_m": 0.20188437361843684, "spectrum_method": "affine_dtft", "status": "ok", "incidence_deg": 44.30334717661192, "n_spectra_averaged": 1, "peak_status": "identified", "n_blobs": 1, "argmax_wavelength_m": 146.8260773456443, "argmax_axial_bearing_deg": 62.617305415172325, "wavelength_m": 150.5882352941177, "k_rad_m": 0.041724277430489426, "axial_bearing_deg": 61.927513064147035, "blob_area_px": 2, "lobe_to_annulus": 33.33522526135789, "identifiable": true, "wavelength_smoothed_m": 149.09225834729148, "depth_T11.765_m": 20.126801211189274, "depth_T11.765_U-0.5_m": 22.853490141117778, "depth_T11.765_U+0.5_m": 17.860162409923426}}, {"type": "Feature", "geometry": {"type": "Point", "coordinates": [-75.71443741738507, 36.17987736512554]}, "properties": {"transect": 5, "distance_m": 2950.0, "E": 435755.48922604974, "N": 4004136.2381007182, "lon": -75.71443741738507, "lat": 36.17987736512554, "swath": "IW", "burst": 0, "sample": 22488.51423225721, "line": 1227.4700179279023, "n_samples": 131, "n_lines": 127, "ground_spacing_sample_m": 9.799195774944238, "ground_spacing_line_m": 10.098734786715184, "bright_fraction": 0.0, "affine_residual_max_m": 0.1979634734600853, "spectrum_method": "affine_dtft", "status": "ok", "incidence_deg": 44.3060102228023, "n_spectra_averaged": 1, "peak_status": "identified", "n_blobs": 1, "argmax_wavelength_m": 144.91843752000005, "argmax_axial_bearing_deg": 62.94945084793035, "wavelength_m": 150.5882352941177, "k_rad_m": 0.041724277430489426, "axial_bearing_deg": 61.927513064147035, "blob_area_px": 2, "lobe_to_annulus": 32.612931260723485, "identifiable": true, "wavelength_smoothed_m": 146.22562161358024, "depth_T11.765_m": 19.160185439894196, "depth_T11.765_U-0.5_m": 21.734568179597886, "depth_T11.765_U+0.5_m": 17.005360819771397}}, {"type": "Feature", "geometry": {"type": "Point", "coordinates": [-75.71388157906608, 36.17988843842145]}, "properties": {"transect": 5, "distance_m": 3000.0, "E": 435805.481821646, "N": 4004137.098557312, "lon": -75.71388157906608, "lat": 36.17988843842145, "swath": "IW", "burst": 0, "sample": 22493.56457996679, "line": 1226.767341159547, "n_samples": 131, "n_lines": 127, "ground_spacing_sample_m": 9.798907054441571, "ground_spacing_line_m": 10.09865526435941, "bright_fraction": 0.0, "affine_residual_max_m": 0.19410533622916565, "spectrum_method": "affine_dtft", "status": "ok", "incidence_deg": 44.3086733526866, "n_spectra_averaged": 1, "peak_status": "identified", "n_blobs": 1, "argmax_wavelength_m": 143.55341528738316, "argmax_axial_bearing_deg": 63.2044334227445, "wavelength_m": 143.10835055998655, "k_rad_m": 0.04390509206900454, "axial_bearing_deg": 63.43494882292201, "blob_area_px": 1, "lobe_to_annulus": 24.539575563745164, "identifiable": true, "wavelength_smoothed_m": 144.72964466675398, "depth_T11.765_m": 18.672306131893407, "depth_T11.765_U-0.5_m": 21.172377231308356, "depth_T11.765_U+0.5_m": 16.57267557234305}}, {"type": "Feature", "geometry": {"type": "Point", "coordinates": [-75.71332574054674, 36.17989950913817]}, "properties": {"transect": 5, "distance_m": 3050.0, "E": 435855.4744172422, "N": 4004137.9590139054, "lon": -75.71332574054674, "lat": 36.17989950913817, "swath": "IW", "burst": 0, "sample": 22498.615073458855, "line": 1226.0646251612634, "n_samples": 131, "n_lines": 127, "ground_spacing_sample_m": 9.798638093363047, "ground_spacing_line_m": 10.09857570947254, "bright_fraction": 0.0, "affine_residual_max_m": 0.19022713164499575, "spectrum_method": "affine_dtft", "status": "ok", "incidence_deg": 44.31133656090201, "n_spectra_averaged": 1, "peak_status": "identified", "n_blobs": 1, "argmax_wavelength_m": 142.7544350455952, "argmax_axial_bearing_deg": 63.3930092265129, "wavelength_m": 136.2550516255614, "k_rad_m": 0.0461134118127688, "axial_bearing_deg": 64.79887635452494, "blob_area_px": 2, "lobe_to_annulus": 20.288669654262012, "identifiable": true, "wavelength_smoothed_m": 143.26499700991303, "depth_T11.765_m": 18.20516352350525, "depth_T11.765_U-0.5_m": 20.635610057544596, "depth_T11.765_U+0.5_m": 16.15763188765422}}, {"type": "Feature", "geometry": {"type": "Point", "coordinates": [-75.71276990182706, 36.17991057727568]}, "properties": {"transect": 5, "distance_m": 3100.0, "E": 435905.46701283846, "N": 4004138.819470499, "lon": -75.71276990182706, "lat": 36.17991057727568, "swath": "IW", "burst": 0, "sample": 22503.665702562477, "line": 1225.3618713234557, "n_samples": 131, "n_lines": 127, "ground_spacing_sample_m": 9.798388885095138, "ground_spacing_line_m": 10.098496114875653, "bright_fraction": 0.0, "affine_residual_max_m": 0.18650564110701462, "spectrum_method": "affine_dtft", "status": "ok", "incidence_deg": 44.31399984208544, "n_spectra_averaged": 1, "peak_status": "identified", "n_blobs": 1, "argmax_wavelength_m": 142.89590678626598, "argmax_axial_bearing_deg": 63.44791674106691, "wavelength_m": 143.10835055998655, "k_rad_m": 0.04390509206900454, "axial_bearing_deg": 63.43494882292201, "blob_area_px": 1, "lobe_to_annulus": 15.807051835336983, "identifiable": true, "wavelength_smoothed_m": 140.82391758184482, "depth_T11.765_m": 17.448819833158883, "depth_T11.765_U-0.5_m": 19.769563289717254, "depth_T11.765_U+0.5_m": 15.484145560577225}}, {"type": "Feature", "geometry": {"type": "Point", "coordinates": [-75.71221406290715, 36.17992164283401]}, "properties": {"transect": 5, "distance_m": 3150.0, "E": 435955.45960843476, "N": 4004139.679927093, "lon": -75.71221406290715, "lat": 36.17992164283401, "swath": "IW", "burst": 0, "sample": 22508.716457103594, "line": 1224.6590810383673, "n_samples": 131, "n_lines": 127, "ground_spacing_sample_m": 9.798159436011781, "ground_spacing_line_m": 10.098416489860563, "bright_fraction": 0.0, "affine_residual_max_m": 0.1828590207262543, "spectrum_method": "affine_dtft", "status": "ok", "incidence_deg": 44.31666319087217, "n_spectra_averaged": 1, "peak_status": "ambiguous_multiple_blobs", "n_blobs": 4, "argmax_wavelength_m": 144.3548639447686, "argmax_axial_bearing_deg": 63.33440014056229, "wavelength_m": 150.27081219740774, "k_rad_m": 0.04181241330435808, "axial_bearing_deg": 59.42077312751098, "blob_area_px": 3, "lobe_to_annulus": 13.591737972983964, "identifiable": false}}, {"type": "Feature", "geometry": {"type": "Point", "coordinates": [-75.71165822378707, 36.179932705813115]}, "properties": {"transect": 5, "distance_m": 3200.0, "E": 436005.452204031, "N": 4004140.5403836863, "lon": -75.71165822378707, "lat": 36.179932705813115, "swath": "IW", "burst": 0, "sample": 22513.76732690528, "line": 1223.956255696792, "n_samples": 131, "n_lines": 127, "ground_spacing_sample_m": 9.797949759549924, "ground_spacing_line_m": 10.098336828529565, "bright_fraction": 0.0, "affine_residual_max_m": 0.17929179817043203, "spectrum_method": "affine_dtft", "status": "ok", "incidence_deg": 44.319326601895945, "n_spectra_averaged": 1, "peak_status": "ambiguous_multiple_blobs", "n_blobs": 8, "argmax_wavelength_m": 150.33753456637882, "argmax_axial_bearing_deg": 57.538197485026274, "wavelength_m": 150.27081219740774, "k_rad_m": 0.04181241330435808, "axial_bearing_deg": 59.42077312751098, "blob_area_px": 3, "lobe_to_annulus": 10.227302793692614, "identifiable": false}}, {"type": "Feature", "geometry": {"type": "Point", "coordinates": [-75.7111023844669, 36.179943766213036]}, "properties": {"transect": 5, "distance_m": 3250.0, "E": 436055.44479962724, "N": 4004141.40084028, "lon": -75.7111023844669, "lat": 36.179943766213036, "swath": "IW", "burst": 0, "sample": 22518.81830178813, "line": 1223.2533966913493, "n_samples": 131, "n_lines": 127, "ground_spacing_sample_m": 9.79775983816705, "ground_spacing_line_m": 10.098257137973905, "bright_fraction": 0.0, "affine_residual_max_m": 0.17572040365833644, "spectrum_method": "affine_dtft", "status": "ok", "incidence_deg": 44.32199006978918, "n_spectra_averaged": 1, "peak_status": "ambiguous_multiple_blobs", "n_blobs": 6, "argmax_wavelength_m": 152.29506225318374, "argmax_axial_bearing_deg": 57.1258081520599, "wavelength_m": 150.27081219740774, "k_rad_m": 0.04181241330435808, "axial_bearing_deg": 59.42077312751098, "blob_area_px": 3, "lobe_to_annulus": 10.691751304311603, "identifiable": false}}, {"type": "Feature", "geometry": {"type": "Point", "coordinates": [-75.71054654494672, 36.17995482403375]}, "properties": {"transect": 5, "distance_m": 3300.0, "E": 436105.4373952235, "N": 4004142.261296874, "lon": -75.71054654494672, "lat": 36.17995482403375, "swath": "IW", "burst": 0, "sample": 22523.869371571716, "line": 1222.5505054141106, "n_samples": 131, "n_lines": 127, "ground_spacing_sample_m": 9.79758968167568, "ground_spacing_line_m": 10.098177407903455, "bright_fraction": 0.0, "affine_residual_max_m": 0.17232628655642354, "spectrum_method": "affine_dtft", "status": "ok", "incidence_deg": 44.324653589183754, "n_spectra_averaged": 1, "peak_status": "identified", "n_blobs": 6, "argmax_wavelength_m": 153.92150641128302, "argmax_axial_bearing_deg": 56.858026070077834, "wavelength_m": 103.63249538880088, "k_rad_m": 0.060629489655795586, "axial_bearing_deg": 86.9059419410829, "blob_area_px": 3, "lobe_to_annulus": 10.367511439028785, "identifiable": true}}, {"type": "Feature", "geometry": {"type": "Point", "coordinates": [-75.70999070522656, 36.17996587927525]}, "properties": {"transect": 5, "distance_m": 3350.0, "E": 436155.4299908197, "N": 4004143.1217534672, "lon": -75.70999070522656, "lat": 36.17996587927525, "swath": "IW", "burst": 0, "sample": 22528.9205260739, "line": 1221.8475832567428, "n_samples": 131, "n_lines": 127, "ground_spacing_sample_m": 9.797439294440014, "ground_spacing_line_m": 10.098097645098424, "bright_fraction": 0.0, "affine_residual_max_m": 0.1690268225415156, "spectrum_method": "affine_dtft", "status": "ok", "incidence_deg": 44.32731715471065, "n_spectra_averaged": 1, "peak_status": "ambiguous_multiple_blobs", "n_blobs": 4, "argmax_wavelength_m": 154.97437942395203, "argmax_axial_bearing_deg": 56.685198467075345, "wavelength_m": 153.81549264028405, "k_rad_m": 0.04084884558328313, "axial_bearing_deg": 57.26477372789239, "blob_area_px": 2, "lobe_to_annulus": 11.220956555152963, "identifiable": false}}, {"type": "Feature", "geometry": {"type": "Point", "coordinates": [-75.7350336801279, 36.17441947561068]}, "properties": {"transect": 6, "distance_m": 950.0, "E": 433898.79172777775, "N": 4003544.675666884, "lon": -75.7350336801279, "lat": 36.17441947561068, "swath": "IW", "burst": 0, "sample": 22292.05229884097, "line": 1198.8153053293913, "n_samples": 130, "n_lines": 127, "ground_spacing_sample_m": 9.825849357814509, "ground_spacing_line_m": 10.096645350749032, "bright_fraction": 0.0, "affine_residual_max_m": 0.383335662700239, "spectrum_method": "affine_dtft", "status": "ok", "incidence_deg": 44.20252962106732, "n_spectra_averaged": 1, "peak_status": "ambiguous_multiple_blobs", "n_blobs": 6, "argmax_wavelength_m": 107.43563285007868, "argmax_axial_bearing_deg": 88.72162528957439, "wavelength_m": 146.5851735843503, "k_rad_m": 0.04286371638782431, "axial_bearing_deg": 66.3706222693432, "blob_area_px": 2, "lobe_to_annulus": 5.84793022897059, "identifiable": false}}, {"type": "Feature", "geometry": {"type": "Point", "coordinates": [-75.73450316770018, 36.17455430497773]}, "properties": {"transect": 6, "distance_m": 1000.0, "E": 433946.6144114728, "N": 4003559.269875468, "lon": -75.73450316770018, "lat": 36.17455430497773, "swath": "IW", "burst": 0, "sample": 22297.09417025489, "line": 1199.4919001797168, "n_samples": 130, "n_lines": 127, "ground_spacing_sample_m": 9.824791253302738, "ground_spacing_line_m": 10.096694097704228, "bright_fraction": 0.0, "affine_residual_max_m": 0.37817424402811783, "spectrum_method": "affine_dtft", "status": "ok", "incidence_deg": 44.20518542979521, "n_spectra_averaged": 1, "peak_status": "ambiguous_multiple_blobs", "n_blobs": 9, "argmax_wavelength_m": 107.0302246403443, "argmax_axial_bearing_deg": 88.6076407434063, "wavelength_m": 317.5289205483736, "k_rad_m": 0.0197877575885954, "axial_bearing_deg": 172.87498365109815, "blob_area_px": 2, "lobe_to_annulus": 6.27266763420401, "identifiable": false}}, {"type": "Feature", "geometry": {"type": "Point", "coordinates": [-75.73397265341741, 36.17468913201172]}, "properties": {"transect": 6, "distance_m": 1050.0, "E": 433994.4370951678, "N": 4003573.8640840524, "lon": -75.73397265341741, "lat": 36.17468913201172, "swath": "IW", "burst": 0, "sample": 22302.13658255987, "line": 1200.1684060998405, "n_samples": 130, "n_lines": 127, "ground_spacing_sample_m": 9.823752748567635, "ground_spacing_line_m": 10.096742803578742, "bright_fraction": 0.0, "affine_residual_max_m": 0.37301824243839937, "spectrum_method": "affine_dtft", "status": "ok", "incidence_deg": 44.20784152240938, "n_spectra_averaged": 1, "peak_status": "identified", "n_blobs": 9, "argmax_wavelength_m": 321.65629126918157, "argmax_axial_bearing_deg": 178.23581987468324, "wavelength_m": 135.67972864081412, "k_rad_m": 0.04630894659152147, "axial_bearing_deg": 68.87528085392752, "blob_area_px": 5, "lobe_to_annulus": 10.181081022671677, "identifiable": true, "wavelength_smoothed_m": 147.90934316335392, "depth_T11.765_m": 19.72274874566396, "depth_T11.765_U-0.5_m": 22.384928600233177, "depth_T11.765_U+0.5_m": 17.503255634177677}}, {"type": "Feature", "geometry": {"type": "Point", "coordinates": [-75.73344213727961, 36.17482395671266]}, "properties": {"transect": 6, "distance_m": 1100.0, "E": 434042.2597788629, "N": 4003588.458292637, "lon": -75.73344213727961, "lat": 36.17482395671266, "swath": "IW", "burst": 0, "sample": 22307.179525809686, "line": 1200.8448244603148, "n_samples": 130, "n_lines": 127, "ground_spacing_sample_m": 9.822733850517062, "ground_spacing_line_m": 10.096791468618372, "bright_fraction": 0.0, "affine_residual_max_m": 0.36794093102584263, "spectrum_method": "affine_dtft", "status": "ok", "incidence_deg": 44.21049789366512, "n_spectra_averaged": 1, "peak_status": "identified", "n_blobs": 7, "argmax_wavelength_m": 142.47753697698394, "argmax_axial_bearing_deg": 65.82786901393406, "wavelength_m": 154.0241504246238, "k_rad_m": 0.04079350731594813, "axial_bearing_deg": 96.91122711902469, "blob_area_px": 4, "lobe_to_annulus": 5.635018979699723, "identifiable": true, "wavelength_smoothed_m": 150.24689484988832, "depth_T11.765_m": 20.52844301449458, "depth_T11.765_U-0.5_m": 23.32050238054942, "depth_T11.765_U+0.5_m": 18.21434482785908}}, {"type": "Feature", "geometry": {"type": "Point", "coordinates": [-75.73291161928687, 36.17495877908046]}, "properties": {"transect": 6, "distance_m": 1150.0, "E": 434090.08246255794, "N": 4003603.052501221, "lon": -75.73291161928687, "lat": 36.17495877908046, "swath": "IW", "burst": 0, "sample": 22312.222990044633, "line": 1201.5211566329951, "n_samples": 130, "n_lines": 127, "ground_spacing_sample_m": 9.821734569274154, "ground_spacing_line_m": 10.096840101292438, "bright_fraction": 0.0, "affine_residual_max_m": 0.3627967825890346, "spectrum_method": "affine_dtft", "status": "ok", "incidence_deg": 44.213154538310576, "n_spectra_averaged": 1, "peak_status": "identified", "n_blobs": 7, "argmax_wavelength_m": 142.22756709460668, "argmax_axial_bearing_deg": 65.4847406814045, "wavelength_m": 154.0241504246238, "k_rad_m": 0.04079350731594813, "axial_bearing_deg": 96.91122711902469, "blob_area_px": 4, "lobe_to_annulus": 7.441406845911075, "identifiable": true, "wavelength_smoothed_m": 151.64942586180896, "depth_T11.765_m": 21.026248624255324, "depth_T11.765_U-0.5_m": 23.901115086156437, "depth_T11.765_U+0.5_m": 18.652483425367524}}, {"type": "Feature", "geometry": {"type": "Point", "coordinates": [-75.73238109943917, 36.17509359911512]}, "properties": {"transect": 6, "distance_m": 1200.0, "E": 434137.905146253, "N": 4003617.6467098054, "lon": -75.73238109943917, "lat": 36.17509359911512, "swath": "IW", "burst": 0, "sample": 22317.266965296905, "line": 1202.1974039911026, "n_samples": 130, "n_lines": 127, "ground_spacing_sample_m": 9.820754909626052, "ground_spacing_line_m": 10.096888694157286, "bright_fraction": 0.0, "affine_residual_max_m": 0.3576588459635489, "spectrum_method": "affine_dtft", "status": "ok", "incidence_deg": 44.21581145108966, "n_spectra_averaged": 1, "peak_status": "identified", "n_blobs": 5, "argmax_wavelength_m": 142.17441290370223, "argmax_axial_bearing_deg": 65.11508907762084, "wavelength_m": 157.25954990949154, "k_rad_m": 0.03995423687016644, "axial_bearing_deg": 100.61965527615511, "blob_area_px": 4, "lobe_to_annulus": 7.112677578795013, "identifiable": true, "wavelength_smoothed_m": 155.96539011554444, "depth_T11.765_m": 22.630660422477032, "depth_T11.765_U-0.5_m": 25.78678817672368, "depth_T11.765_U+0.5_m": 20.05791915096188}}, {"type": "Feature", "geometry": {"type": "Point", "coordinates": [-75.73185057773658, 36.17522841681662]}, "properties": {"transect": 6, "distance_m": 1250.0, "E": 434185.72782994807, "N": 4003632.24091839, "lon": -75.73185057773658, "lat": 36.17522841681662, "swath": "IW", "burst": 0, "sample": 22322.31144158671, "line": 1202.8735679094887, "n_samples": 130, "n_lines": 127, "ground_spacing_sample_m": 9.819794889868819, "ground_spacing_line_m": 10.096937245099891, "bright_fraction": 0.0, "affine_residual_max_m": 0.35260128011589925, "spectrum_method": "affine_dtft", "status": "ok", "incidence_deg": 44.21846862673992, "n_spectra_averaged": 1, "peak_status": "identified", "n_blobs": 6, "argmax_wavelength_m": 142.25342458522462, "argmax_axial_bearing_deg": 64.62983120074874, "wavelength_m": 157.25954990949154, "k_rad_m": 0.03995423687016644, "axial_bearing_deg": 100.61965527615511, "blob_area_px": 4, "lobe_to_annulus": 6.992670782596687, "identifiable": true, "wavelength_smoothed_m": 155.49473624310085, "depth_T11.765_m": 22.45013020096315, "depth_T11.765_U-0.5_m": 25.5734576724438, "depth_T11.765_U+0.5_m": 19.900304496050364}}, {"type": "Feature", "geometry": {"type": "Point", "coordinates": [-75.73132005417916, 36.175363232184885]}, "properties": {"transect": 6, "distance_m": 1300.0, "E": 434233.55051364313, "N": 4003646.835126974, "lon": -75.73132005417916, "lat": 36.175363232184885, "swath": "IW", "burst": 0, "sample": 22327.356408924807, "line": 1203.5496497625566, "n_samples": 130, "n_lines": 127, "ground_spacing_sample_m": 9.818854504505989, "ground_spacing_line_m": 10.09698576182796, "bright_fraction": 0.0, "affine_residual_max_m": 0.3474769388078965, "spectrum_method": "affine_dtft", "status": "ok", "incidence_deg": 44.22112605999397, "n_spectra_averaged": 1, "peak_status": "identified", "n_blobs": 8, "argmax_wavelength_m": 153.24372756198287, "argmax_axial_bearing_deg": 98.17274412584064, "wavelength_m": 157.25954990949154, "k_rad_m": 0.03995423687016644, "axial_bearing_deg": 100.61965527615511, "blob_area_px": 4, "lobe_to_annulus": 7.810117917973346, "identifiable": true, "wavelength_smoothed_m": 144.5818406192529, "depth_T11.765_m": 18.624698363392614, "depth_T11.765_U-0.5_m": 21.117606401707498, "depth_T11.765_U+0.5_m": 16.530410491803952}}, {"type": "Feature", "geometry": {"type": "Point", "coordinates": [-75.73078952876693, 36.17549804521989]}, "properties": {"transect": 6, "distance_m": 1350.0, "E": 434281.37319733814, "N": 4003661.4293355583, "lon": -75.73078952876693, "lat": 36.17549804521989, "swath": "IW", "burst": 0, "sample": 22332.401857312037, "line": 1204.2256509279437, "n_samples": 130, "n_lines": 127, "ground_spacing_sample_m": 9.817933763685577, "ground_spacing_line_m": 10.097034240603373, "bright_fraction": 0.0, "affine_residual_max_m": 0.34235973555670784, "spectrum_method": "affine_dtft", "status": "ok", "incidence_deg": 44.223783745579155, "n_spectra_averaged": 1, "peak_status": "identified", "n_blobs": 8, "argmax_wavelength_m": 152.49837413154867, "argmax_axial_bearing_deg": 97.74303703648685, "wavelength_m": 151.67088106240595, "k_rad_m": 0.04142644430603874, "axial_bearing_deg": 99.09027692082233, "blob_area_px": 3, "lobe_to_annulus": 10.221448026668758, "identifiable": true, "wavelength_smoothed_m": 132.5995034973889, "depth_T11.765_m": 15.088713279671675, "depth_T11.765_U-0.5_m": 17.088882624956977, "depth_T11.765_U+0.5_m": 13.371702482587105}}, {"type": "Feature", "geometry": {"type": "Point", "coordinates": [-75.73025900149996, 36.175632855921634]}, "properties": {"transect": 6, "distance_m": 1400.0, "E": 434329.1958810332, "N": 4003676.023544143, "lon": -75.73025900149996, "lat": 36.175632855921634, "swath": "IW", "burst": 0, "sample": 22337.447776739886, "line": 1204.9015727833767, "n_samples": 130, "n_lines": 127, "ground_spacing_sample_m": 9.81703268734365, "ground_spacing_line_m": 10.097082680009445, "bright_fraction": 0.0, "affine_residual_max_m": 0.3373247889767408, "spectrum_method": "affine_dtft", "status": "ok", "incidence_deg": 44.2264416782179, "n_spectra_averaged": 1, "peak_status": "identified", "n_blobs": 5, "argmax_wavelength_m": 151.5607339476682, "argmax_axial_bearing_deg": 97.36091303311197, "wavelength_m": 99.45967230538385, "k_rad_m": 0.06317319534180157, "axial_bearing_deg": 60.94539590092285, "blob_area_px": 4, "lobe_to_annulus": 9.809210651786946, "identifiable": true, "wavelength_smoothed_m": 120.5270793165649, "depth_T11.765_m": 12.080851603199232, "depth_T11.765_U-0.5_m": 13.712077851677144, "depth_T11.765_U+0.5_m": 10.659571815746279}}, {"type": "Feature", "geometry": {"type": "Point", "coordinates": [-75.72972847237826, 36.175767664290035]}, "properties": {"transect": 6, "distance_m": 1450.0, "E": 434377.01856472826, "N": 4003690.617752727, "lon": -75.72972847237826, "lat": 36.175767664290035, "swath": "IW", "burst": 0, "sample": 22342.49415718983, "line": 1205.577416707696, "n_samples": 130, "n_lines": 127, "ground_spacing_sample_m": 9.816151265344175, "ground_spacing_line_m": 10.097131086217157, "bright_fraction": 0.0, "affine_residual_max_m": 0.33222323289967226, "spectrum_method": "affine_dtft", "status": "ok", "incidence_deg": 44.22909985262737, "n_spectra_averaged": 1, "peak_status": "identified", "n_blobs": 6, "argmax_wavelength_m": 150.59207877611658, "argmax_axial_bearing_deg": 96.66513861829539, "wavelength_m": 97.34786430017161, "k_rad_m": 0.06454363793544991, "axial_bearing_deg": 59.53445508054015, "blob_area_px": 6, "lobe_to_annulus": 11.625728331210661, "identifiable": true, "wavelength_smoothed_m": 109.15360070721559, "depth_T11.765_m": 9.664957871352293, "depth_T11.765_U-0.5_m": 11.023794878671623, "depth_T11.765_U+0.5_m": 8.469821655092403}}, {"type": "Feature", "geometry": {"type": "Point", "coordinates": [-75.72919794140188, 36.17590247032509]}, "properties": {"transect": 6, "distance_m": 1500.0, "E": 434424.8412484233, "N": 4003705.2119613113, "lon": -75.72919794140188, "lat": 36.17590247032509, "swath": "IW", "burst": 0, "sample": 22347.54098863373, "line": 1206.2531840813615, "n_samples": 130, "n_lines": 127, "ground_spacing_sample_m": 9.815289515452394, "ground_spacing_line_m": 10.097179453816544, "bright_fraction": 0.0, "affine_residual_max_m": 0.32612739004534375, "spectrum_method": "affine_dtft", "status": "ok", "incidence_deg": 44.23175826351962, "n_spectra_averaged": 1, "peak_status": "identified", "n_blobs": 4, "argmax_wavelength_m": 100.30257313710572, "argmax_axial_bearing_deg": 61.329808295666076, "wavelength_m": 96.89742900537148, "k_rad_m": 0.0648436740961546, "axial_bearing_deg": 60.52411099675424, "blob_area_px": 4, "lobe_to_annulus": 17.4155199217615, "identifiable": true, "wavelength_smoothed_m": 98.83408904515879, "depth_T11.765_m": 7.772678119805245, "depth_T11.765_U-0.5_m": 8.92778373026147, "depth_T11.765_U+0.5_m": 6.751286781948655}}, {"type": "Feature", "geometry": {"type": "Point", "coordinates": [-75.72866740857087, 36.176037274026754]}, "properties": {"transect": 6, "distance_m": 1550.0, "E": 434472.6639321184, "N": 4003719.806169896, "lon": -75.72866740857087, "lat": 36.176037274026754, "swath": "IW", "burst": 0, "sample": 22352.5882610358, "line": 1206.9288762852188, "n_samples": 130, "n_lines": 127, "ground_spacing_sample_m": 9.81444743904783, "ground_spacing_line_m": 10.097227784158525, "bright_fraction": 0.0, "affine_residual_max_m": 0.32116559178926096, "spectrum_method": "affine_dtft", "status": "ok", "incidence_deg": 44.234416905602714, "n_spectra_averaged": 1, "peak_status": "identified", "n_blobs": 2, "argmax_wavelength_m": 100.66461005423287, "argmax_axial_bearing_deg": 61.72429765599213, "wavelength_m": 100.39215686274511, "k_rad_m": 0.06258641614573415, "axial_bearing_deg": 61.927513064147035, "blob_area_px": 4, "lobe_to_annulus": 22.46273244462037, "identifiable": true, "wavelength_smoothed_m": 99.02444682223208, "depth_T11.765_m": 7.805220392816668, "depth_T11.765_U-0.5_m": 8.963785685147418, "depth_T11.765_U+0.5_m": 6.780844466763988}}, {"type": "Feature", "geometry": {"type": "Point", "coordinates": [-75.72813687388526, 36.17617207539498]}, "properties": {"transect": 6, "distance_m": 1600.0, "E": 434520.48661581345, "N": 4003734.40037848, "lon": -75.72813687388526, "lat": 36.17617207539498, "swath": "IW", "burst": 0, "sample": 22357.63596434983, "line": 1207.6044947016878, "n_samples": 130, "n_lines": 127, "ground_spacing_sample_m": 9.813625051362786, "ground_spacing_line_m": 10.097276074628345, "bright_fraction": 0.0, "affine_residual_max_m": 0.3162706061583947, "spectrum_method": "affine_dtft", "status": "ok", "incidence_deg": 44.23707577357919, "n_spectra_averaged": 1, "peak_status": "identified", "n_blobs": 2, "argmax_wavelength_m": 100.98416689884273, "argmax_axial_bearing_deg": 62.0529960355379, "wavelength_m": 100.07332275212194, "k_rad_m": 0.06278581678298834, "axial_bearing_deg": 63.03428556712988, "blob_area_px": 5, "lobe_to_annulus": 25.100128657698324, "identifiable": true, "wavelength_smoothed_m": 99.63716620034782, "depth_T11.765_m": 7.910548618837126, "depth_T11.765_U-0.5_m": 9.080319086392652, "depth_T11.765_U+0.5_m": 6.876514468612434}}, {"type": "Feature", "geometry": {"type": "Point", "coordinates": [-75.72760633734514, 36.176306874429756]}, "properties": {"transect": 6, "distance_m": 1650.0, "E": 434568.30929950846, "N": 4003748.9945870643, "lon": -75.72760633734514, "lat": 36.176306874429756, "swath": "IW", "burst": 0, "sample": 22362.68408852164, "line": 1208.2800407140776, "n_samples": 130, "n_lines": 127, "ground_spacing_sample_m": 9.812822350398838, "ground_spacing_line_m": 10.097324335938309, "bright_fraction": 0.0, "affine_residual_max_m": 0.31139069612918513, "spectrum_method": "affine_dtft", "status": "ok", "incidence_deg": 44.239734862147415, "n_spectra_averaged": 1, "peak_status": "identified", "n_blobs": 1, "argmax_wavelength_m": 101.25287206897275, "argmax_axial_bearing_deg": 62.373285523530015, "wavelength_m": 100.41146119075026, "k_rad_m": 0.06257438376724253, "axial_bearing_deg": 64.44003482817621, "blob_area_px": 4, "lobe_to_annulus": 30.848747904214743, "identifiable": true, "wavelength_smoothed_m": 100.33997263742359, "depth_T11.765_m": 8.032462354096813, "depth_T11.765_U-0.5_m": 9.215217447708756, "depth_T11.765_U+0.5_m": 6.9872518751423565}}, {"type": "Feature", "geometry": {"type": "Point", "coordinates": [-75.7270757989505, 36.17644167113104]}, "properties": {"transect": 6, "distance_m": 1700.0, "E": 434616.1319832035, "N": 4003763.588795649, "lon": -75.7270757989505, "lat": 36.17644167113104, "swath": "IW", "burst": 0, "sample": 22367.732623488646, "line": 1208.9555157063369, "n_samples": 130, "n_lines": 127, "ground_spacing_sample_m": 9.812039346795302, "ground_spacing_line_m": 10.097372557779812, "bright_fraction": 0.0, "affine_residual_max_m": 0.30660120091320914, "spectrum_method": "affine_dtft", "status": "ok", "incidence_deg": 44.24239416600129, "n_spectra_averaged": 1, "peak_status": "identified", "n_blobs": 2, "argmax_wavelength_m": 101.44650912029982, "argmax_axial_bearing_deg": 62.73021863590284, "wavelength_m": 100.41146119075026, "k_rad_m": 0.06257438376724253, "axial_bearing_deg": 64.44003482817621, "blob_area_px": 4, "lobe_to_annulus": 32.392759451226546, "identifiable": true, "wavelength_smoothed_m": 100.32692658109318, "depth_T11.765_m": 8.030188543782568, "depth_T11.765_U-0.5_m": 9.21270130569118, "depth_T11.765_U+0.5_m": 6.985186494492628}}, {"type": "Feature", "geometry": {"type": "Point", "coordinates": [-75.72654525870139, 36.176576465498776]}, "properties": {"transect": 6, "distance_m": 1750.0, "E": 434663.9546668986, "N": 4003778.183004233, "lon": -75.72654525870139, "lat": 36.176576465498776, "swath": "IW", "burst": 0, "sample": 22372.781559179333, "line": 1209.6309210641418, "n_samples": 130, "n_lines": 127, "ground_spacing_sample_m": 9.811276045241321, "ground_spacing_line_m": 10.097420741020555, "bright_fraction": 0.0, "affine_residual_max_m": 0.30175396930825055, "spectrum_method": "affine_dtft", "status": "ok", "incidence_deg": 44.24505367983002, "n_spectra_averaged": 1, "peak_status": "identified", "n_blobs": 2, "argmax_wavelength_m": 101.7844177729737, "argmax_axial_bearing_deg": 63.056878867158645, "wavelength_m": 100.41146119075026, "k_rad_m": 0.06257438376724253, "axial_bearing_deg": 64.44003482817621, "blob_area_px": 4, "lobe_to_annulus": 30.314467289160316, "identifiable": true, "wavelength_smoothed_m": 100.41146119075025, "depth_T11.765_m": 8.044929405865927, "depth_T11.765_U-0.5_m": 9.229013286005623, "depth_T11.765_U+0.5_m": 6.998576140585697}}, {"type": "Feature", "geometry": {"type": "Point", "coordinates": [-75.72601471659789, 36.17671125753296]}, "properties": {"transect": 6, "distance_m": 1800.0, "E": 434711.77735059365, "N": 4003792.777212817, "lon": -75.72601471659789, "lat": 36.17671125753296, "swath": "IW", "burst": 0, "sample": 22377.830885514544, "line": 1210.30625817337, "n_samples": 130, "n_lines": 127, "ground_spacing_sample_m": 9.810532453630552, "ground_spacing_line_m": 10.097468887401547, "bright_fraction": 0.0, "affine_residual_max_m": 0.29692406368324986, "spectrum_method": "affine_dtft", "status": "ok", "incidence_deg": 44.247713398318794, "n_spectra_averaged": 1, "peak_status": "ambiguous_multiple_blobs", "n_blobs": 2, "argmax_wavelength_m": 102.19780838509044, "argmax_axial_bearing_deg": 63.385733164513134, "wavelength_m": 98.63678903948062, "k_rad_m": 0.06370022147278803, "axial_bearing_deg": 65.409882833804, "blob_area_px": 5, "lobe_to_annulus": 32.01585171974001, "identifiable": false}}, {"type": "Feature", "geometry": {"type": "Point", "coordinates": [-75.72548417264, 36.17684604723354]}, "properties": {"transect": 6, "distance_m": 1850.0, "E": 434759.6000342887, "N": 4003807.371421402, "lon": -75.72548417264, "lat": 36.17684604723354, "swath": "IW", "burst": 0, "sample": 22382.880592407026, "line": 1210.9815284213016, "n_samples": 130, "n_lines": 127, "ground_spacing_sample_m": 9.809808575810893, "ground_spacing_line_m": 10.097517002870855, "bright_fraction": 0.0, "affine_residual_max_m": 0.29218811885152207, "spectrum_method": "affine_dtft", "status": "ok", "incidence_deg": 44.25037331614851, "n_spectra_averaged": 1, "peak_status": "ambiguous_multiple_blobs", "n_blobs": 2, "argmax_wavelength_m": 102.63416169756262, "argmax_axial_bearing_deg": 63.7167456765867, "wavelength_m": 146.34545932160756, "k_rad_m": 0.042933927272534714, "axial_bearing_deg": 59.03624346792646, "blob_area_px": 4, "lobe_to_annulus": 12.154170739323952, "identifiable": false}}, {"type": "Feature", "geometry": {"type": "Point", "coordinates": [-75.72495362682778, 36.176980834600485]}, "properties": {"transect": 6, "distance_m": 1900.0, "E": 434807.4227179838, "N": 4003821.965629986, "lon": -75.72495362682778, "lat": 36.176980834600485, "swath": "IW", "burst": 0, "sample": 22387.93066976198, "line": 1211.6567331957458, "n_samples": 130, "n_lines": 127, "ground_spacing_sample_m": 9.80910442053437, "ground_spacing_line_m": 10.09756508256638, "bright_fraction": 0.0, "affine_residual_max_m": 0.28739583925230794, "spectrum_method": "affine_dtft", "status": "ok", "incidence_deg": 44.253033427996115, "n_spectra_averaged": 1, "peak_status": "identified", "n_blobs": 2, "argmax_wavelength_m": 101.80843798200755, "argmax_axial_bearing_deg": 64.30961195825446, "wavelength_m": 102.20827855704898, "k_rad_m": 0.0614743286540389, "axial_bearing_deg": 64.31185656435264, "blob_area_px": 7, "lobe_to_annulus": 26.816036901619533, "identifiable": true, "wavelength_smoothed_m": 112.0534103924852, "depth_T11.765_m": 10.2461506441972, "depth_T11.765_U-0.5_m": 11.669001372958439, "depth_T11.765_U+0.5_m": 8.997248799148824}}, {"type": "Feature", "geometry": {"type": "Point", "coordinates": [-75.72442307916127, 36.17711561963375]}, "properties": {"transect": 6, "distance_m": 1950.0, "E": 434855.2454016788, "N": 4003836.55983857, "lon": -75.72442307916127, "lat": 36.17711561963375, "swath": "IW", "burst": 0, "sample": 22392.98110747699, "line": 1212.331873885237, "n_samples": 131, "n_lines": 127, "ground_spacing_sample_m": 9.808419984018558, "ground_spacing_line_m": 10.097613123650534, "bright_fraction": 0.0, "affine_residual_max_m": 0.2835610781211387, "spectrum_method": "affine_dtft", "status": "ok", "incidence_deg": 44.2556937285345, "n_spectra_averaged": 1, "peak_status": "identified", "n_blobs": 1, "argmax_wavelength_m": 103.35691352752283, "argmax_axial_bearing_deg": 64.1377380354356, "wavelength_m": 115.63262488931424, "k_rad_m": 0.0543374788317222, "axial_bearing_deg": 62.66333514418601, "blob_area_px": 12, "lobe_to_annulus": 13.805994344826594, "identifiable": true, "wavelength_smoothed_m": 115.5838305067232, "depth_T11.765_m": 10.985130504962298, "depth_T11.765_U-0.5_m": 12.490665079166453, "depth_T11.765_U+0.5_m": 9.667350791555672}}, {"type": "Feature", "geometry": {"type": "Point", "coordinates": [-75.72389252964054, 36.177250402333314]}, "properties": {"transect": 6, "distance_m": 2000.0, "E": 434903.06808537384, "N": 4003851.154047155, "lon": -75.72389252964054, "lat": 36.177250402333314, "swath": "IW", "burst": 0, "sample": 22398.031895442244, "line": 1213.006951880026, "n_samples": 131, "n_lines": 127, "ground_spacing_sample_m": 9.807755287917148, "ground_spacing_line_m": 10.097661132451993, "bright_fraction": 0.0, "affine_residual_max_m": 0.2778723560730899, "spectrum_method": "affine_dtft", "status": "ok", "incidence_deg": 44.25835421243271, "n_spectra_averaged": 1, "peak_status": "identified", "n_blobs": 1, "argmax_wavelength_m": 110.91639126222248, "argmax_axial_bearing_deg": 62.15256028394977, "wavelength_m": 118.3193277310924, "k_rad_m": 0.05310362582062294, "axial_bearing_deg": 61.92751306414704, "blob_area_px": 11, "lobe_to_annulus": 13.031908428439838, "identifiable": true, "wavelength_smoothed_m": 115.5838305067232, "depth_T11.765_m": 10.985130504962298, "depth_T11.765_U-0.5_m": 12.490665079166453, "depth_T11.765_U+0.5_m": 9.667350791555672}}, {"type": "Feature", "geometry": {"type": "Point", "coordinates": [-75.72336197826559, 36.17738518269913]}, "properties": {"transect": 6, "distance_m": 2050.0, "E": 434950.8907690689, "N": 4003865.748255739, "lon": -75.72336197826559, "lat": 36.17738518269913, "swath": "IW", "burst": 0, "sample": 22403.083023540603, "line": 1213.6819685700648, "n_samples": 131, "n_lines": 127, "ground_spacing_sample_m": 9.807110330522363, "ground_spacing_line_m": 10.097709107150548, "bright_fraction": 0.0, "affine_residual_max_m": 0.2732206845001639, "spectrum_method": "affine_dtft", "status": "ok", "incidence_deg": 44.26101487435586, "n_spectra_averaged": 1, "peak_status": "identified", "n_blobs": 1, "argmax_wavelength_m": 114.13947180985838, "argmax_axial_bearing_deg": 61.3358483374561, "wavelength_m": 126.17509084943721, "k_rad_m": 0.049797351164004425, "axial_bearing_deg": 61.189206257026946, "blob_area_px": 9, "lobe_to_annulus": 12.450667902902355, "identifiable": true, "wavelength_smoothed_m": 120.04234782328128, "depth_T11.765_m": 11.970137284397143, "depth_T11.765_U-0.5_m": 13.588479596807291, "depth_T11.765_U+0.5_m": 10.559400773519345}}, {"type": "Feature", "geometry": {"type": "Point", "coordinates": [-75.72283142503649, 36.17751996073118]}, "properties": {"transect": 6, "distance_m": 2100.0, "E": 434998.713452764, "N": 4003880.342464323, "lon": -75.72283142503649, "lat": 36.17751996073118, "swath": "IW", "burst": 0, "sample": 22408.134481649246, "line": 1214.356925346483, "n_samples": 131, "n_lines": 127, "ground_spacing_sample_m": 9.806485112556889, "ground_spacing_line_m": 10.097757041388022, "bright_fraction": 0.0, "affine_residual_max_m": 0.2685152612297904, "spectrum_method": "affine_dtft", "status": "ok", "incidence_deg": 44.263675708966126, "n_spectra_averaged": 1, "peak_status": "ambiguous_multiple_blobs", "n_blobs": 2, "argmax_wavelength_m": 153.54213370798453, "argmax_axial_bearing_deg": 58.28185050930179, "wavelength_m": 157.29252873965584, "k_rad_m": 0.0399458598416919, "axial_bearing_deg": 55.007979801441344, "blob_area_px": 3, "lobe_to_annulus": 17.198693524378434, "identifiable": false}}, {"type": "Feature", "geometry": {"type": "Point", "coordinates": [-75.72230086995326, 36.17765473642942]}, "properties": {"transect": 6, "distance_m": 2150.0, "E": 435046.53613645904, "N": 4003894.936672908, "lon": -75.72230086995326, "lat": 36.17765473642942, "swath": "IW", "burst": 0, "sample": 22413.186259636914, "line": 1215.0318236015937, "n_samples": 131, "n_lines": 127, "ground_spacing_sample_m": 9.805879645756532, "ground_spacing_line_m": 10.09780494701071, "bright_fraction": 0.0, "affine_residual_max_m": 0.2638343338831723, "spectrum_method": "affine_dtft", "status": "ok", "incidence_deg": 44.26633671092121, "n_spectra_averaged": 1, "peak_status": "ambiguous_multiple_blobs", "n_blobs": 2, "argmax_wavelength_m": 155.39094874087638, "argmax_axial_bearing_deg": 58.09835237874306, "wavelength_m": 157.29252873965584, "k_rad_m": 0.0399458598416919, "axial_bearing_deg": 55.007979801441344, "blob_area_px": 3, "lobe_to_annulus": 18.926696003368022, "identifiable": false}}, {"type": "Feature", "geometry": {"type": "Point", "coordinates": [-75.72177031301598, 36.1777895097938]}, "properties": {"transect": 6, "distance_m": 2200.0, "E": 435094.3588201541, "N": 4003909.530881492, "lon": -75.72177031301598, "lat": 36.1777895097938, "swath": "IW", "burst": 0, "sample": 22418.23834736601, "line": 1215.7066647281313, "n_samples": 131, "n_lines": 127, "ground_spacing_sample_m": 9.805293932844057, "ground_spacing_line_m": 10.097852811554308, "bright_fraction": 0.0, "affine_residual_max_m": 0.2592579757194487, "spectrum_method": "affine_dtft", "status": "ok", "incidence_deg": 44.26899787487548, "n_spectra_averaged": 1, "peak_status": "identified", "n_blobs": 2, "argmax_wavelength_m": 157.13564621848974, "argmax_axial_bearing_deg": 57.819310592935985, "wavelength_m": 157.29252873965584, "k_rad_m": 0.0399458598416919, "axial_bearing_deg": 55.007979801441344, "blob_area_px": 3, "lobe_to_annulus": 16.65153025606855, "identifiable": true, "wavelength_smoothed_m": 157.29252873965584, "depth_T11.765_m": 23.147444975744015, "depth_T11.765_U-0.5_m": 26.399174621962736, "depth_T11.765_U+0.5_m": 20.508339424433906}}, {"type": "Feature", "geometry": {"type": "Point", "coordinates": [-75.72123975422467, 36.177924280824314]}, "properties": {"transect": 6, "distance_m": 2250.0, "E": 435142.1815038491, "N": 4003924.125090076, "lon": -75.72123975422467, "lat": 36.177924280824314, "swath": "IW", "burst": 0, "sample": 22423.290734694525, "line": 1216.381450119196, "n_samples": 131, "n_lines": 127, "ground_spacing_sample_m": 9.804727977777219, "ground_spacing_line_m": 10.097900646942914, "bright_fraction": 0.0, "affine_residual_max_m": 0.2546304983660532, "spectrum_method": "affine_dtft", "status": "ok", "incidence_deg": 44.271659195480964, "n_spectra_averaged": 1, "peak_status": "identified", "n_blobs": 2, "argmax_wavelength_m": 158.85863910575642, "argmax_axial_bearing_deg": 57.4794255836648, "wavelength_m": 157.29252873965584, "k_rad_m": 0.0399458598416919, "axial_bearing_deg": 55.007979801441344, "blob_area_px": 3, "lobe_to_annulus": 16.857717573610703, "identifiable": true, "wavelength_smoothed_m": 157.29252873965584, "depth_T11.765_m": 23.147444975744015, "depth_T11.765_U-0.5_m": 26.399174621962736, "depth_T11.765_U+0.5_m": 20.508339424433906}}, {"type": "Feature", "geometry": {"type": "Point", "coordinates": [-75.72070919357935, 36.178059049520904]}, "properties": {"transect": 6, "distance_m": 2300.0, "E": 435190.00418754417, "N": 4003938.7192986608, "lon": -75.72070919357935, "lat": 36.178059049520904, "swath": "IW", "burst": 0, "sample": 22428.343411472935, "line": 1217.0561811687055, "n_samples": 131, "n_lines": 127, "ground_spacing_sample_m": 9.804181779917267, "ground_spacing_line_m": 10.097948449568912, "bright_fraction": 0.0, "affine_residual_max_m": 0.25003171587439343, "spectrum_method": "affine_dtft", "status": "ok", "incidence_deg": 44.274320667385744, "n_spectra_averaged": 1, "peak_status": "identified", "n_blobs": 2, "argmax_wavelength_m": 159.36695570907122, "argmax_axial_bearing_deg": 57.35919678833458, "wavelength_m": 157.29252873965584, "k_rad_m": 0.0399458598416919, "axial_bearing_deg": 55.007979801441344, "blob_area_px": 3, "lobe_to_annulus": 14.907782117017778, "identifiable": true, "wavelength_smoothed_m": 157.29252873965584, "depth_T11.765_m": 23.147444975744015, "depth_T11.765_U-0.5_m": 26.399174621962736, "depth_T11.765_U+0.5_m": 20.508339424433906}}, {"type": "Feature", "geometry": {"type": "Point", "coordinates": [-75.7201786310801, 36.178193815883546]}, "properties": {"transect": 6, "distance_m": 2350.0, "E": 435237.82687123923, "N": 4003953.313507245, "lon": -75.7201786310801, "lat": 36.178193815883546, "swath": "IW", "burst": 0, "sample": 22433.396367544934, "line": 1217.730859271601, "n_samples": 131, "n_lines": 127, "ground_spacing_sample_m": 9.803655354342705, "ground_spacing_line_m": 10.097996216807552, "bright_fraction": 0.0, "affine_residual_max_m": 0.24554337947897245, "spectrum_method": "affine_dtft", "status": "ok", "incidence_deg": 44.27698228523431, "n_spectra_averaged": 1, "peak_status": "identified", "n_blobs": 1, "argmax_wavelength_m": 158.68243118408694, "argmax_axial_bearing_deg": 57.41611728268129, "wavelength_m": 157.29252873965584, "k_rad_m": 0.0399458598416919, "axial_bearing_deg": 55.007979801441344, "blob_area_px": 3, "lobe_to_annulus": 13.90143138687597, "identifiable": true, "wavelength_smoothed_m": 156.7967310771557, "depth_T11.765_m": 22.953030849572855, "depth_T11.765_U-0.5_m": 26.168494087816757, "depth_T11.765_U+0.5_m": 20.339025957825616}}, {"type": "Feature", "geometry": {"type": "Point", "coordinates": [-75.71964806672696, 36.178328579912204]}, "properties": {"transect": 6, "distance_m": 2400.0, "E": 435285.6495549343, "N": 4003967.9077158296, "lon": -75.71964806672696, "lat": 36.178328579912204, "swath": "IW", "burst": 0, "sample": 22438.449592749756, "line": 1218.4054858232184, "n_samples": 131, "n_lines": 127, "ground_spacing_sample_m": 9.80314869724267, "ground_spacing_line_m": 10.098043947632855, "bright_fraction": 0.0, "affine_residual_max_m": 0.2410073476676167, "spectrum_method": "affine_dtft", "status": "ok", "incidence_deg": 44.27964404366883, "n_spectra_averaged": 1, "peak_status": "identified", "n_blobs": 1, "argmax_wavelength_m": 157.84590784283924, "argmax_axial_bearing_deg": 57.69399564149721, "wavelength_m": 157.29252873965584, "k_rad_m": 0.0399458598416919, "axial_bearing_deg": 55.007979801441344, "blob_area_px": 3, "lobe_to_annulus": 13.593504483542434, "identifiable": true, "wavelength_smoothed_m": 156.10132385728133, "depth_T11.765_m": 22.683065125861802, "depth_T11.765_U-0.5_m": 25.84877136673625, "depth_T11.765_U+0.5_m": 20.103646124700724}}, {"type": "Feature", "geometry": {"type": "Point", "coordinates": [-75.71911750051996, 36.17846334160684]}, "properties": {"transect": 6, "distance_m": 2450.0, "E": 435333.47223862936, "N": 4003982.5019244137, "lon": -75.71911750051996, "lat": 36.17846334160684, "swath": "IW", "burst": 0, "sample": 22443.50307692147, "line": 1219.0800622189265, "n_samples": 131, "n_lines": 127, "ground_spacing_sample_m": 9.802661817649149, "ground_spacing_line_m": 10.098091648489014, "bright_fraction": 0.0, "affine_residual_max_m": 0.23650512719308245, "spectrum_method": "affine_dtft", "status": "ok", "incidence_deg": 44.28230593732871, "n_spectra_averaged": 1, "peak_status": "identified", "n_blobs": 1, "argmax_wavelength_m": 156.86313557244964, "argmax_axial_bearing_deg": 58.06534269299028, "wavelength_m": 154.81354042715517, "k_rad_m": 0.04058550233941604, "axial_bearing_deg": 57.847704858717684, "blob_area_px": 5, "lobe_to_annulus": 13.869858555545688, "identifiable": true, "wavelength_smoothed_m": 155.40591663740696, "depth_T11.765_m": 22.416219553465588, "depth_T11.765_U-0.5_m": 25.533419652957008, "depth_T11.765_U+0.5_m": 19.870683021950953}}, {"type": "Feature", "geometry": {"type": "Point", "coordinates": [-75.71858693245913, 36.17859810096741]}, "properties": {"transect": 6, "distance_m": 2500.0, "E": 435381.2949223244, "N": 4003997.096132998, "lon": -75.71858693245913, "lat": 36.17859810096741, "swath": "IW", "burst": 0, "sample": 22448.556809887465, "line": 1219.7545898553174, "n_samples": 131, "n_lines": 127, "ground_spacing_sample_m": 9.802194716016535, "ground_spacing_line_m": 10.098139311621534, "bright_fraction": 0.0, "affine_residual_max_m": 0.2321202777210854, "spectrum_method": "affine_dtft", "status": "ok", "incidence_deg": 44.284967960849855, "n_spectra_averaged": 1, "peak_status": "identified", "n_blobs": 1, "argmax_wavelength_m": 155.52686537702803, "argmax_axial_bearing_deg": 58.39815954611012, "wavelength_m": 153.81549264028405, "k_rad_m": 0.04084884558328313, "axial_bearing_deg": 57.26477372789239, "blob_area_px": 2, "lobe_to_annulus": 19.681309793159492, "identifiable": true, "wavelength_smoothed_m": 154.00157332895736, "depth_T11.765_m": 21.886607830753736, "depth_T11.765_U-0.5_m": 24.90947204708337, "depth_T11.765_U+0.5_m": 19.407440577556777}}, {"type": "Feature", "geometry": {"type": "Point", "coordinates": [-75.71805636254456, 36.178732857993886]}, "properties": {"transect": 6, "distance_m": 2550.0, "E": 435429.1176060194, "N": 4004011.6903415825, "lon": -75.71805636254456, "lat": 36.178732857993886, "swath": "IW", "burst": 0, "sample": 22453.61078147127, "line": 1220.429070129527, "n_samples": 131, "n_lines": 127, "ground_spacing_sample_m": 9.801747403196673, "ground_spacing_line_m": 10.098186947630825, "bright_fraction": 0.0, "affine_residual_max_m": 0.22769215086991365, "spectrum_method": "affine_dtft", "status": "ok", "incidence_deg": 44.28763010886614, "n_spectra_averaged": 1, "peak_status": "identified", "n_blobs": 1, "argmax_wavelength_m": 154.361584355139, "argmax_axial_bearing_deg": 58.940058255477645, "wavelength_m": 153.81549264028405, "k_rad_m": 0.04084884558328313, "axial_bearing_deg": 57.26477372789239, "blob_area_px": 2, "lobe_to_annulus": 23.81258774399189, "identifiable": true, "wavelength_smoothed_m": 152.59723002050777, "depth_T11.765_m": 21.36901086345196, "depth_T11.765_U-0.5_m": 24.302081032034078, "depth_T11.765_U+0.5_m": 18.953605610262493}}, {"type": "Feature", "geometry": {"type": "Point", "coordinates": [-75.71752579077624, 36.17886761268627]}, "properties": {"transect": 6, "distance_m": 2600.0, "E": 435476.9402897145, "N": 4004026.2845501667, "lon": -75.71752579077624, "lat": 36.17886761268627, "swath": "IW", "burst": 0, "sample": 22458.664981490565, "line": 1221.1035044394218, "n_samples": 131, "n_lines": 127, "ground_spacing_sample_m": 9.801319868754819, "ground_spacing_line_m": 10.098234545660016, "bright_fraction": 0.0, "affine_residual_max_m": 0.22330409714488317, "spectrum_method": "affine_dtft", "status": "ok", "incidence_deg": 44.29029237600832, "n_spectra_averaged": 1, "peak_status": "identified", "n_blobs": 1, "argmax_wavelength_m": 153.26236273420312, "argmax_axial_bearing_deg": 59.503305293541935, "wavelength_m": 150.27081219740774, "k_rad_m": 0.04181241330435808, "axial_bearing_deg": 59.42077312751098, "blob_area_px": 3, "lobe_to_annulus": 34.097422178944484, "identifiable": true, "wavelength_smoothed_m": 151.68868437455825, "depth_T11.765_m": 21.040343006363706, "depth_T11.765_U-0.5_m": 23.91758345780608, "depth_T11.765_U+0.5_m": 18.664874603657143}}, {"type": "Feature", "geometry": {"type": "Point", "coordinates": [-75.71699521715422, 36.179002365044454]}, "properties": {"transect": 6, "distance_m": 2650.0, "E": 435524.76297340955, "N": 4004040.878758751, "lon": -75.71699521715422, "lat": 36.179002365044454, "swath": "IW", "burst": 0, "sample": 22463.71939976036, "line": 1221.7778941813963, "n_samples": 131, "n_lines": 127, "ground_spacing_sample_m": 9.800912133940102, "ground_spacing_line_m": 10.098282112427535, "bright_fraction": 0.0, "affine_residual_max_m": 0.2190416151847162, "spectrum_method": "affine_dtft", "status": "ok", "incidence_deg": 44.29295475690581, "n_spectra_averaged": 1, "peak_status": "identified", "n_blobs": 1, "argmax_wavelength_m": 152.00307763780228, "argmax_axial_bearing_deg": 59.98469951436245, "wavelength_m": 150.27081219740774, "k_rad_m": 0.04181241330435808, "axial_bearing_deg": 59.42077312751098, "blob_area_px": 3, "lobe_to_annulus": 31.694213164196555, "identifiable": true, "wavelength_smoothed_m": 150.194677710823, "depth_T11.765_m": 20.510121707924466, "depth_T11.765_U-0.5_m": 23.299171515994015, "depth_T11.765_U+0.5_m": 18.198201544933323}}, {"type": "Feature", "geometry": {"type": "Point", "coordinates": [-75.71646464167858, 36.17913711506846]}, "properties": {"transect": 6, "distance_m": 2700.0, "E": 435572.5856571046, "N": 4004055.4729673355, "lon": -75.71646464167858, "lat": 36.17913711506846, "swath": "IW", "burst": 0, "sample": 22468.77402608708, "line": 1222.4522407552295, "n_samples": 131, "n_lines": 127, "ground_spacing_sample_m": 9.800524187821035, "ground_spacing_line_m": 10.09832964636913, "bright_fraction": 0.0, "affine_residual_max_m": 0.21474154461144604, "spectrum_method": "affine_dtft", "status": "ok", "incidence_deg": 44.295617246183426, "n_spectra_averaged": 1, "peak_status": "identified", "n_blobs": 1, "argmax_wavelength_m": 150.9607326813755, "argmax_axial_bearing_deg": 60.53499151788439, "wavelength_m": 150.27081219740774, "k_rad_m": 0.04181241330435808, "axial_bearing_deg": 59.42077312751098, "blob_area_px": 3, "lobe_to_annulus": 39.47352158932599, "identifiable": true, "wavelength_smoothed_m": 149.54922624158968, "depth_T11.765_m": 20.284890396802968, "depth_T11.765_U-0.5_m": 23.03715910480799, "depth_T11.765_U+0.5_m": 17.999642814024654}}, {"type": "Feature", "geometry": {"type": "Point", "coordinates": [-75.71593406434934, 36.179271862758235]}, "properties": {"transect": 6, "distance_m": 2750.0, "E": 435620.4083407997, "N": 4004070.0671759197, "lon": -75.71593406434934, "lat": 36.179271862758235, "swath": "IW", "burst": 0, "sample": 22473.828850277736, "line": 1223.126545558827, "n_samples": 131, "n_lines": 127, "ground_spacing_sample_m": 9.800156041743987, "ground_spacing_line_m": 10.098377148931897, "bright_fraction": 0.0, "affine_residual_max_m": 0.2104892230297351, "spectrum_method": "affine_dtft", "status": "ok", "incidence_deg": 44.29827983846635, "n_spectra_averaged": 1, "peak_status": "identified", "n_blobs": 1, "argmax_wavelength_m": 149.62307675106442, "argmax_axial_bearing_deg": 61.08658631839669, "wavelength_m": 146.34545932160756, "k_rad_m": 0.042933927272534714, "axial_bearing_deg": 59.03624346792646, "blob_area_px": 4, "lobe_to_annulus": 29.42454433907963, "identifiable": true, "wavelength_smoothed_m": 149.61271086093168, "depth_T11.765_m": 20.306942515734374, "depth_T11.765_U-0.5_m": 23.062794825885952, "depth_T11.765_U+0.5_m": 18.019091810218654}}, {"type": "Feature", "geometry": {"type": "Point", "coordinates": [-75.71540348516655, 36.179406608113744]}, "properties": {"transect": 6, "distance_m": 2800.0, "E": 435668.23102449474, "N": 4004084.661384504, "lon": -75.71540348516655, "lat": 36.179406608113744, "swath": "IW", "burst": 0, "sample": 22478.88386213154, "line": 1223.8008099918509, "n_samples": 131, "n_lines": 127, "ground_spacing_sample_m": 9.799807694378627, "ground_spacing_line_m": 10.098424614451023, "bright_fraction": 0.0, "affine_residual_max_m": 0.2063722112586287, "spectrum_method": "affine_dtft", "status": "ok", "incidence_deg": 44.30094252837561, "n_spectra_averaged": 1, "peak_status": "identified", "n_blobs": 1, "argmax_wavelength_m": 148.32532203697264, "argmax_axial_bearing_deg": 61.87145192128776, "wavelength_m": 150.5882352941177, "k_rad_m": 0.041724277430489426, "axial_bearing_deg": 61.927513064147035, "blob_area_px": 2, "lobe_to_annulus": 27.920066997011027, "identifiable": true, "wavelength_smoothed_m": 149.67619548027366, "depth_T11.765_m": 20.329016562901376, "depth_T11.765_U-0.5_m": 23.088459844202433, "depth_T11.765_U+0.5_m": 18.03855833592285}}, {"type": "Feature", "geometry": {"type": "Point", "coordinates": [-75.71487290413023, 36.17954135113495]}, "properties": {"transect": 6, "distance_m": 2850.0, "E": 435716.05370818975, "N": 4004099.2555930885, "lon": -75.71487290413023, "lat": 36.17954135113495, "swath": "IW", "burst": 0, "sample": 22483.939051446232, "line": 1224.4750354534453, "n_samples": 131, "n_lines": 127, "ground_spacing_sample_m": 9.799479153496604, "ground_spacing_line_m": 10.098472052834856, "bright_fraction": 0.0, "affine_residual_max_m": 0.20222489056298867, "spectrum_method": "affine_dtft", "status": "ok", "incidence_deg": 44.30360531053148, "n_spectra_averaged": 1, "peak_status": "identified", "n_blobs": 1, "argmax_wavelength_m": 146.62787111052435, "argmax_axial_bearing_deg": 62.41779549474512, "wavelength_m": 150.5882352941177, "k_rad_m": 0.041724277430489426, "axial_bearing_deg": 61.927513064147035, "blob_area_px": 2, "lobe_to_annulus": 33.88327659553433, "identifiable": true, "wavelength_smoothed_m": 148.24370315278944, "depth_T11.765_m": 19.83620757842342, "depth_T11.765_U-0.5_m": 22.51637708244985, "depth_T11.765_U+0.5_m": 17.603535637278483}}, {"type": "Feature", "geometry": {"type": "Point", "coordinates": [-75.71434232124045, 36.179676091821825]}, "properties": {"transect": 6, "distance_m": 2900.0, "E": 435763.8763918848, "N": 4004113.8498016726, "lon": -75.71434232124045, "lat": 36.179676091821825, "swath": "IW", "burst": 0, "sample": 22488.994408014045, "line": 1225.1492233435958, "n_samples": 131, "n_lines": 127, "ground_spacing_sample_m": 9.79917041814228, "ground_spacing_line_m": 10.09851945773652, "bright_fraction": 0.0, "affine_residual_max_m": 0.1981347336582656, "spectrum_method": "affine_dtft", "status": "ok", "incidence_deg": 44.30626817955132, "n_spectra_averaged": 1, "peak_status": "identified", "n_blobs": 1, "argmax_wavelength_m": 144.9484048125156, "argmax_axial_bearing_deg": 62.867144032069405, "wavelength_m": 150.5882352941177, "k_rad_m": 0.041724277430489426, "axial_bearing_deg": 61.927513064147035, "blob_area_px": 2, "lobe_to_annulus": 31.460665145279638, "identifiable": true, "wavelength_smoothed_m": 147.59628140046524, "depth_T11.765_m": 19.617046237016307, "depth_T11.765_U-0.5_m": 22.26255264822196, "depth_T11.765_U+0.5_m": 17.409789443671198}}, {"type": "Feature", "geometry": {"type": "Point", "coordinates": [-75.71381173649723, 36.179810830174326]}, "properties": {"transect": 6, "distance_m": 2950.0, "E": 435811.6990755799, "N": 4004128.444010257, "lon": -75.71381173649723, "lat": 36.179810830174326, "swath": "IW", "burst": 0, "sample": 22494.049921625454, "line": 1225.8233750619272, "n_samples": 131, "n_lines": 127, "ground_spacing_sample_m": 9.798881492092939, "ground_spacing_line_m": 10.098566833946524, "bright_fraction": 0.0, "affine_residual_max_m": 0.19341054488745024, "spectrum_method": "affine_dtft", "status": "ok", "incidence_deg": 44.308931130051576, "n_spectra_averaged": 1, "peak_status": "identified", "n_blobs": 1, "argmax_wavelength_m": 143.42680278108398, "argmax_axial_bearing_deg": 63.22254968824269, "wavelength_m": 143.10835055998655, "k_rad_m": 0.04390509206900454, "axial_bearing_deg": 63.43494882292201, "blob_area_px": 1, "lobe_to_annulus": 22.663983296245874, "identifiable": true, "wavelength_smoothed_m": 146.8482929270521, "depth_T11.765_m": 19.36654394707453, "depth_T11.765_U-0.5_m": 21.97286488558781, "depth_T11.765_U+0.5_m": 17.188127162200704}}, {"type": "Feature", "geometry": {"type": "Point", "coordinates": [-75.71328114990064, 36.17994556619242]}, "properties": {"transect": 6, "distance_m": 3000.0, "E": 435859.52175927494, "N": 4004143.0382188414, "lon": -75.71328114990064, "lat": 36.17994556619242, "swath": "IW", "burst": 0, "sample": 22499.105582066324, "line": 1226.4974920094583, "n_samples": 131, "n_lines": 127, "ground_spacing_sample_m": 9.798612371788092, "ground_spacing_line_m": 10.098614173463899, "bright_fraction": 0.0, "affine_residual_max_m": 0.18945971623719657, "spectrum_method": "affine_dtft", "status": "ok", "incidence_deg": 44.311594156646265, "n_spectra_averaged": 1, "peak_status": "identified", "n_blobs": 1, "argmax_wavelength_m": 142.6758706397634, "argmax_axial_bearing_deg": 63.41597219477527, "wavelength_m": 143.10835055998655, "k_rad_m": 0.04390509206900454, "axial_bearing_deg": 63.43494882292201, "blob_area_px": 1, "lobe_to_annulus": 20.923377472525843, "identifiable": true, "wavelength_smoothed_m": 146.76893715287463, "depth_T11.765_m": 19.34013561412392, "depth_T11.765_U-0.5_m": 21.942352214135187, "depth_T11.765_U+0.5_m": 17.16474629152147}}, {"type": "Feature", "geometry": {"type": "Point", "coordinates": [-75.71275056145072, 36.180080299876074]}, "properties": {"transect": 6, "distance_m": 3050.0, "E": 435907.34444297, "N": 4004157.6324274256, "lon": -75.71275056145072, "lat": 36.180080299876074, "swath": "IW", "burst": 0, "sample": 22504.16137912027, "line": 1227.1715755862003, "n_samples": 131, "n_lines": 127, "ground_spacing_sample_m": 9.798363072806362, "ground_spacing_line_m": 10.098661485296786, "bright_fraction": 0.0, "affine_residual_max_m": 0.18557840232736839, "spectrum_method": "affine_dtft", "status": "ok", "incidence_deg": 44.31425725394819, "n_spectra_averaged": 1, "peak_status": "ambiguous_multiple_blobs", "n_blobs": 2, "argmax_wavelength_m": 142.58888671426027, "argmax_axial_bearing_deg": 63.44510030011519, "wavelength_m": 143.10835055998655, "k_rad_m": 0.04390509206900454, "axial_bearing_deg": 63.43494882292201, "blob_area_px": 1, "lobe_to_annulus": 16.393935601946524, "identifiable": false}}, {"type": "Feature", "geometry": {"type": "Point", "coordinates": [-75.71221997114748, 36.18021503122526]}, "properties": {"transect": 6, "distance_m": 3100.0, "E": 435955.16712666507, "N": 4004172.2266360098, "lon": -75.71221997114748, "lat": 36.18021503122526, "swath": "IW", "burst": 0, "sample": 22509.21730256735, "line": 1227.845627193577, "n_samples": 131, "n_lines": 127, "ground_spacing_sample_m": 9.798133581255644, "ground_spacing_line_m": 10.098708762558124, "bright_fraction": 0.0, "affine_residual_max_m": 0.1818586693922345, "spectrum_method": "affine_dtft", "status": "ok", "incidence_deg": 44.3169204165683, "n_spectra_averaged": 1, "peak_status": "identified", "n_blobs": 4, "argmax_wavelength_m": 143.85103743549303, "argmax_axial_bearing_deg": 63.25451966673878, "wavelength_m": 150.27081219740774, "k_rad_m": 0.04181241330435808, "axial_bearing_deg": 59.42077312751098, "blob_area_px": 3, "lobe_to_annulus": 15.475979782154875, "identifiable": true, "wavelength_smoothed_m": 144.49393820345497, "depth_T11.765_m": 18.59643504309657, "depth_T11.765_U-0.5_m": 21.085097902021957, "depth_T11.765_U+0.5_m": 16.505315377267458}}, {"type": "Feature", "geometry": {"type": "Point", "coordinates": [-75.711689378991, 36.18034976023993]}, "properties": {"transect": 6, "distance_m": 3150.0, "E": 436002.9898103601, "N": 4004186.8208445944, "lon": -75.711689378991, "lat": 36.18034976023993, "swath": "IW", "burst": 0, "sample": 22514.273342185672, "line": 1228.5196482322954, "n_samples": 131, "n_lines": 127, "ground_spacing_sample_m": 9.797923919633842, "ground_spacing_line_m": 10.098756007977748, "bright_fraction": 0.0, "affine_residual_max_m": 0.1781304106865297, "spectrum_method": "affine_dtft", "status": "ok", "incidence_deg": 44.31958363911653, "n_spectra_averaged": 1, "peak_status": "identified", "n_blobs": 8, "argmax_wavelength_m": 147.69366371557652, "argmax_axial_bearing_deg": 62.4751520112394, "wavelength_m": 140.10265185297064, "k_rad_m": 0.04484701198784884, "axial_bearing_deg": 63.03428556712984, "blob_area_px": 7, "lobe_to_annulus": 10.574411557296104, "identifiable": true, "wavelength_smoothed_m": 148.06298556355415, "depth_T11.765_m": 19.774811670432676, "depth_T11.765_U-0.5_m": 22.445234476053454, "depth_T11.765_U+0.5_m": 17.54927693616285}}, {"type": "Feature", "geometry": {"type": "Point", "coordinates": [-75.7111587849813, 36.18048448692004]}, "properties": {"transect": 6, "distance_m": 3200.0, "E": 436050.81249405514, "N": 4004201.4150531786, "lon": -75.7111587849813, "lat": 36.18048448692004, "swath": "IW", "burst": 0, "sample": 22519.329487751264, "line": 1229.1936401032535, "n_samples": 131, "n_lines": 127, "ground_spacing_sample_m": 9.797734068878713, "ground_spacing_line_m": 10.09880322288422, "bright_fraction": 0.0, "affine_residual_max_m": 0.17448580524457608, "spectrum_method": "affine_dtft", "status": "ok", "incidence_deg": 44.322246916201685, "n_spectra_averaged": 1, "peak_status": "ambiguous_multiple_blobs", "n_blobs": 6, "argmax_wavelength_m": 152.726483683218, "argmax_axial_bearing_deg": 57.09457027888164, "wavelength_m": 150.27081219740774, "k_rad_m": 0.04181241330435808, "axial_bearing_deg": 59.42077312751098, "blob_area_px": 3, "lobe_to_annulus": 11.193483791547244, "identifiable": false}}, {"type": "Feature", "geometry": {"type": "Point", "coordinates": [-75.71062818911842, 36.18061921126559]}, "properties": {"transect": 6, "distance_m": 3250.0, "E": 436098.6351777502, "N": 4004216.0092617627, "lon": -75.71062818911842, "lat": 36.18061921126559, "swath": "IW", "burst": 0, "sample": 22524.385729036672, "line": 1229.867604208392, "n_samples": 131, "n_lines": 127, "ground_spacing_sample_m": 9.79756404182477, "ground_spacing_line_m": 10.09885041036848, "bright_fraction": 0.0, "affine_residual_max_m": 0.17101902247187367, "spectrum_method": "affine_dtft", "status": "ok", "incidence_deg": 44.324910242430754, "n_spectra_averaged": 1, "peak_status": "identified", "n_blobs": 5, "argmax_wavelength_m": 154.38810602201843, "argmax_axial_bearing_deg": 56.914349442174775, "wavelength_m": 153.81549264028405, "k_rad_m": 0.04084884558328313, "axial_bearing_deg": 57.26477372789239, "blob_area_px": 2, "lobe_to_annulus": 11.379902659204525, "identifiable": true, "wavelength_smoothed_m": 151.63310627432566, "depth_T11.765_m": 21.02039225042275, "depth_T11.765_U-0.5_m": 23.894272776525767, "depth_T11.765_U+0.5_m": 18.64733452542788}}, {"type": "Feature", "geometry": {"type": "Point", "coordinates": [-75.71009759140244, 36.18075393327651]}, "properties": {"transect": 6, "distance_m": 3300.0, "E": 436146.45786144526, "N": 4004230.6034703474, "lon": -75.71009759140244, "lat": 36.18075393327651, "swath": "IW", "burst": 0, "sample": 22529.442055813368, "line": 1230.5415419484923, "n_samples": 131, "n_lines": 127, "ground_spacing_sample_m": 9.797413838107012, "ground_spacing_line_m": 10.098897564464178, "bright_fraction": 0.0, "affine_residual_max_m": 0.16755835853705528, "spectrum_method": "affine_dtft", "status": "ok", "incidence_deg": 44.32757361241016, "n_spectra_averaged": 1, "peak_status": "identified", "n_blobs": 8, "argmax_wavelength_m": 157.83965877134267, "argmax_axial_bearing_deg": 56.352854593237396, "wavelength_m": 160.98117432972234, "k_rad_m": 0.03903055952561471, "axial_bearing_deg": 56.97613244420334, "blob_area_px": 3, "lobe_to_annulus": 13.108092987938125, "identifiable": true}}, {"type": "Feature", "geometry": {"type": "Point", "coordinates": [-75.73190470274338, 36.16673144832924]}, "properties": {"transect": 7, "distance_m": 950.0, "E": 434173.75430766185, "N": 4002689.7891232055, "lon": -75.73190470274338, "lat": 36.16673144832924, "swath": "IW", "burst": 0, "sample": 22305.811718847846, "line": 1110.8615068636698, "n_samples": 130, "n_lines": 127, "ground_spacing_sample_m": 9.823143018990208, "ground_spacing_line_m": 10.088093601052924, "bright_fraction": 0.0, "affine_residual_max_m": 0.37556443748509494, "spectrum_method": "affine_dtft", "status": "ok", "incidence_deg": 44.20996345280478, "n_spectra_averaged": 1, "peak_status": "identified", "n_blobs": 2, "argmax_wavelength_m": 127.20541775164253, "argmax_axial_bearing_deg": 88.31161879242678, "wavelength_m": 121.76678250355044, "k_rad_m": 0.05160015874605525, "axial_bearing_deg": 87.27368900609372, "blob_area_px": 4, "lobe_to_annulus": 15.43061455238662, "identifiable": true, "wavelength_smoothed_m": 129.5508448408588, "depth_T11.765_m": 14.281280770256428, "depth_T11.765_U-0.5_m": 16.178501971849006, "depth_T11.765_U+0.5_m": 12.645608214981065}}, {"type": "Feature", "geometry": {"type": "Point", "coordinates": [-75.7313793218092, 36.16687877611372]}, "properties": {"transect": 7, "distance_m": 1000.0, "E": 434221.1300586287, "N": 4002705.774686077, "lon": -75.7313793218092, "lat": 36.16687877611372, "swath": "IW", "burst": 0, "sample": 22310.832406733072, "line": 1111.6815126718454, "n_samples": 130, "n_lines": 127, "ground_spacing_sample_m": 9.82214243780487, "ground_spacing_line_m": 10.088160522868474, "bright_fraction": 0.0, "affine_residual_max_m": 0.37044380754825673, "spectrum_method": "affine_dtft", "status": "ok", "incidence_deg": 44.2126078862849, "n_spectra_averaged": 1, "peak_status": "identified", "n_blobs": 2, "argmax_wavelength_m": 128.94270805880817, "argmax_axial_bearing_deg": 88.7749847593438, "wavelength_m": 132.3351392247509, "k_rad_m": 0.047479341798315276, "axial_bearing_deg": 88.02506598911802, "blob_area_px": 3, "lobe_to_annulus": 13.285400702524797, "identifiable": true, "wavelength_smoothed_m": 130.80078682921285, "depth_T11.765_m": 14.60818379847027, "depth_T11.765_U-0.5_m": 16.546708308293294, "depth_T11.765_U+0.5_m": 12.939770188830156}}, {"type": "Feature", "geometry": {"type": "Point", "coordinates": [-75.73085393887293, 36.16702610161163]}, "properties": {"transect": 7, "distance_m": 1050.0, "E": 434268.5058095955, "N": 4002721.7602489493, "lon": -75.73085393887293, "lat": 36.16702610161163, "swath": "IW", "burst": 0, "sample": 22315.853605063247, "line": 1112.5014319759932, "n_samples": 130, "n_lines": 127, "ground_spacing_sample_m": 9.821161298296282, "ground_spacing_line_m": 10.08822739131452, "bright_fraction": 0.0, "affine_residual_max_m": 0.3653297573591461, "spectrum_method": "affine_dtft", "status": "ok", "incidence_deg": 44.215252587327605, "n_spectra_averaged": 1, "peak_status": "identified", "n_blobs": 2, "argmax_wavelength_m": 130.8399225097364, "argmax_axial_bearing_deg": 89.269092448953, "wavelength_m": 134.55061279427503, "k_rad_m": 0.04669755994932881, "axial_bearing_deg": 86.98721249581665, "blob_area_px": 4, "lobe_to_annulus": 10.410968999534797, "identifiable": true, "wavelength_smoothed_m": 129.41271882289715, "depth_T11.765_m": 14.245502702785856, "depth_T11.765_U-0.5_m": 16.13823371871107, "depth_T11.765_U+0.5_m": 12.61339826726345}}, {"type": "Feature", "geometry": {"type": "Point", "coordinates": [-75.73032855393461, 36.16717342482298]}, "properties": {"transect": 7, "distance_m": 1100.0, "E": 434315.88156056235, "N": 4002737.745811821, "lon": -75.73032855393461, "lat": 36.16717342482298, "swath": "IW", "burst": 0, "sample": 22320.875303998782, "line": 1113.3212661356613, "n_samples": 130, "n_lines": 127, "ground_spacing_sample_m": 9.820199600666074, "ground_spacing_line_m": 10.088294204774702, "bright_fraction": 0.0, "affine_residual_max_m": 0.36022259418816804, "spectrum_method": "affine_dtft", "status": "ok", "incidence_deg": 44.21789755074417, "n_spectra_averaged": 1, "peak_status": "identified", "n_blobs": 5, "argmax_wavelength_m": 133.2711308566736, "argmax_axial_bearing_deg": 89.879202047468, "wavelength_m": 134.55061279427503, "k_rad_m": 0.04669755994932881, "axial_bearing_deg": 86.98721249581665, "blob_area_px": 4, "lobe_to_annulus": 8.73145259157198, "identifiable": true, "wavelength_smoothed_m": 132.47045775571985, "depth_T11.765_m": 15.053834633721436, "depth_T11.765_U-0.5_m": 17.049491300693024, "depth_T11.765_U+0.5_m": 13.34037052260386}}, {"type": "Feature", "geometry": {"type": "Point", "coordinates": [-75.72980316699429, 36.167320745747716]}, "properties": {"transect": 7, "distance_m": 1150.0, "E": 434363.2573115292, "N": 4002753.7313746926, "lon": -75.72980316699429, "lat": 36.167320745747716, "swath": "IW", "burst": 0, "sample": 22325.897493689725, "line": 1114.1410165118332, "n_samples": 130, "n_lines": 127, "ground_spacing_sample_m": 9.819257353073622, "ground_spacing_line_m": 10.088360966675587, "bright_fraction": 0.0, "affine_residual_max_m": 0.35512263810943206, "spectrum_method": "affine_dtft", "status": "ok", "incidence_deg": 44.22054277134042, "n_spectra_averaged": 1, "peak_status": "identified", "n_blobs": 15, "argmax_wavelength_m": 135.77465556453114, "argmax_axial_bearing_deg": 87.09741250085936, "wavelength_m": 123.86044679763435, "k_rad_m": 0.05072793994878105, "axial_bearing_deg": 95.55297103303681, "blob_area_px": 7, "lobe_to_annulus": 7.072713337117138, "identifiable": true, "wavelength_smoothed_m": 134.4040799575014, "depth_T11.765_m": 15.583142476493629, "depth_T11.765_U-0.5_m": 17.647946864259946, "depth_T11.765_U+0.5_m": 13.8155191521937}}, {"type": "Feature", "geometry": {"type": "Point", "coordinates": [-75.729277778052, 36.16746806438579]}, "properties": {"transect": 7, "distance_m": 1200.0, "E": 434410.633062496, "N": 4002769.7169375643, "lon": -75.729277778052, "lat": 36.16746806438579, "swath": "IW", "burst": 0, "sample": 22330.92016427663, "line": 1114.9606844654231, "n_samples": 130, "n_lines": 127, "ground_spacing_sample_m": 9.81833457313951, "ground_spacing_line_m": 10.088427673904478, "bright_fraction": 0.0, "affine_residual_max_m": 0.3501055400720486, "spectrum_method": "affine_dtft", "status": "ok", "incidence_deg": 44.223188243917164, "n_spectra_averaged": 1, "peak_status": "identified", "n_blobs": 8, "argmax_wavelength_m": 127.9514940879387, "argmax_axial_bearing_deg": 64.31835458847107, "wavelength_m": 137.05547716766395, "k_rad_m": 0.04584410223528085, "axial_bearing_deg": 87.95459151111277, "blob_area_px": 3, "lobe_to_annulus": 7.618333534025784, "identifiable": true, "wavelength_smoothed_m": 135.8946074453781, "depth_T11.765_m": 16.001139968501565, "depth_T11.765_U-0.5_m": 18.12158559037547, "depth_T11.765_U+0.5_m": 14.190224131786298}}, {"type": "Feature", "geometry": {"type": "Point", "coordinates": [-75.72875238710776, 36.167615380737175]}, "properties": {"transect": 7, "distance_m": 1250.0, "E": 434458.00881346286, "N": 4002785.7025004365, "lon": -75.72875238710776, "lat": 36.167615380737175, "swath": "IW", "burst": 0, "sample": 22335.94330589108, "line": 1115.7802713591245, "n_samples": 130, "n_lines": 127, "ground_spacing_sample_m": 9.817431260668863, "ground_spacing_line_m": 10.088494330656255, "bright_fraction": 0.0, "affine_residual_max_m": 0.34502133642095356, "spectrum_method": "affine_dtft", "status": "ok", "incidence_deg": 44.225833963270475, "n_spectra_averaged": 1, "peak_status": "identified", "n_blobs": 6, "argmax_wavelength_m": 129.2480069897808, "argmax_axial_bearing_deg": 64.16754427844587, "wavelength_m": 142.00325023365863, "k_rad_m": 0.04424677109038663, "axial_bearing_deg": 86.82016988013575, "blob_area_px": 2, "lobe_to_annulus": 6.259430527617352, "identifiable": true, "wavelength_smoothed_m": 136.2306061081539, "depth_T11.765_m": 16.0965950736798, "depth_T11.765_U-0.5_m": 18.229879340183043, "depth_T11.765_U+0.5_m": 14.27572609648091}}, {"type": "Feature", "geometry": {"type": "Point", "coordinates": [-75.72822699416164, 36.16776269480182]}, "properties": {"transect": 7, "distance_m": 1300.0, "E": 434505.3845644297, "N": 4002801.688063308, "lon": -75.72822699416164, "lat": 36.16776269480182, "swath": "IW", "burst": 0, "sample": 22340.96690865484, "line": 1116.5997785567977, "n_samples": 130, "n_lines": 127, "ground_spacing_sample_m": 9.816547424912375, "ground_spacing_line_m": 10.088560936130953, "bright_fraction": 0.0, "affine_residual_max_m": 0.33994542185867105, "spectrum_method": "affine_dtft", "status": "ok", "incidence_deg": 44.22847992419127, "n_spectra_averaged": 1, "peak_status": "identified", "n_blobs": 5, "argmax_wavelength_m": 130.50461199804832, "argmax_axial_bearing_deg": 64.13868503545993, "wavelength_m": 142.00325023365863, "k_rad_m": 0.04424677109038663, "axial_bearing_deg": 86.82016988013575, "blob_area_px": 2, "lobe_to_annulus": 6.101983202448163, "identifiable": true, "wavelength_smoothed_m": 140.33727836722153, "depth_T11.765_m": 17.301257834109627, "depth_T11.765_U-0.5_m": 19.601017961305896, "depth_T11.765_U+0.5_m": 15.352540275567048}}, {"type": "Feature", "geometry": {"type": "Point", "coordinates": [-75.72770159921367, 36.1679100065797]}, "properties": {"transect": 7, "distance_m": 1350.0, "E": 434552.76031539653, "N": 4002817.67362618, "lon": -75.72770159921367, "lat": 36.1679100065797, "swath": "IW", "burst": 0, "sample": 22345.99096267916, "line": 1117.4192074236573, "n_samples": 130, "n_lines": 127, "ground_spacing_sample_m": 9.815683071057936, "ground_spacing_line_m": 10.088627487186542, "bright_fraction": 0.0, "affine_residual_max_m": 0.33487819487307374, "spectrum_method": "affine_dtft", "status": "ok", "incidence_deg": 44.231126121464904, "n_spectra_averaged": 1, "peak_status": "ambiguous_multiple_blobs", "n_blobs": 5, "argmax_wavelength_m": 131.74327881456622, "argmax_axial_bearing_deg": 64.21731633067421, "wavelength_m": 140.2871358339049, "k_rad_m": 0.04478803612199097, "axial_bearing_deg": 99.46232220802561, "blob_area_px": 2, "lobe_to_annulus": 5.940936876707733, "identifiable": false}}, {"type": "Feature", "geometry": {"type": "Point", "coordinates": [-75.72717620226386, 36.168057316070794]}, "properties": {"transect": 7, "distance_m": 1400.0, "E": 434600.13606636337, "N": 4002833.659189052, "lon": -75.72717620226386, "lat": 36.168057316070794, "swath": "IW", "burst": 0, "sample": 22351.01545806745, "line": 1118.2385593256001, "n_samples": 130, "n_lines": 127, "ground_spacing_sample_m": 9.814838207465058, "ground_spacing_line_m": 10.088693989535455, "bright_fraction": 0.0, "affine_residual_max_m": 0.3298200798148954, "spectrum_method": "affine_dtft", "status": "ok", "incidence_deg": 44.23377254987259, "n_spectra_averaged": 1, "peak_status": "identified", "n_blobs": 4, "argmax_wavelength_m": 133.000613823041, "argmax_axial_bearing_deg": 64.39050605323413, "wavelength_m": 140.2871358339049, "k_rad_m": 0.04478803612199097, "axial_bearing_deg": 99.46232220802561, "blob_area_px": 2, "lobe_to_annulus": 8.080997308255718, "identifiable": true, "wavelength_smoothed_m": 136.63793424440948, "depth_T11.765_m": 16.212929502975037, "depth_T11.765_U-0.5_m": 18.361928427551554, "depth_T11.765_U+0.5_m": 14.379896127353982}}, {"type": "Feature", "geometry": {"type": "Point", "coordinates": [-75.72665080331228, 36.16820462327503]}, "properties": {"transect": 7, "distance_m": 1450.0, "E": 434647.5118173302, "N": 4002849.6447519236, "lon": -75.72665080331228, "lat": 36.16820462327503, "swath": "IW", "burst": 0, "sample": 22356.040384915686, "line": 1119.0578356289059, "n_samples": 130, "n_lines": 127, "ground_spacing_sample_m": 9.814012844129342, "ground_spacing_line_m": 10.088760437836818, "bright_fraction": 0.0, "affine_residual_max_m": 0.3247715277444199, "spectrum_method": "affine_dtft", "status": "ok", "incidence_deg": 44.23641920419168, "n_spectra_averaged": 1, "peak_status": "identified", "n_blobs": 5, "argmax_wavelength_m": 140.10458541396622, "argmax_axial_bearing_deg": 99.91487564683548, "wavelength_m": 123.97421507616953, "k_rad_m": 0.0506813880879924, "axial_bearing_deg": 98.91492695714787, "blob_area_px": 5, "lobe_to_annulus": 11.89427594804044, "identifiable": true, "wavelength_smoothed_m": 136.20890564447106, "depth_T11.765_m": 16.090416291802896, "depth_T11.765_U-0.5_m": 18.222868005030417, "depth_T11.765_U+0.5_m": 14.270192340763206}}, {"type": "Feature", "geometry": {"type": "Point", "coordinates": [-75.72612540235896, 36.16835192819239]}, "properties": {"transect": 7, "distance_m": 1500.0, "E": 434694.88756829704, "N": 4002865.6303147953, "lon": -75.72612540235896, "lat": 36.16835192819239, "swath": "IW", "burst": 0, "sample": 22361.06573330768, "line": 1119.8770377024925, "n_samples": 130, "n_lines": 127, "ground_spacing_sample_m": 9.813206984299764, "ground_spacing_line_m": 10.088826838624318, "bright_fraction": 0.0, "affine_residual_max_m": 0.31992949440570445, "spectrum_method": "affine_dtft", "status": "ok", "incidence_deg": 44.23906607919303, "n_spectra_averaged": 1, "peak_status": "identified", "n_blobs": 3, "argmax_wavelength_m": 138.94106445186108, "argmax_axial_bearing_deg": 100.18182112607539, "wavelength_m": 140.2871358339049, "k_rad_m": 0.04478803612199097, "axial_bearing_deg": 99.46232220802561, "blob_area_px": 2, "lobe_to_annulus": 14.075630336425995, "identifiable": true, "wavelength_smoothed_m": 137.02455168235784, "depth_T11.765_m": 16.323977017799372, "depth_T11.765_U-0.5_m": 18.48804655033284, "depth_T11.765_U+0.5_m": 14.479296734102764}}, {"type": "Feature", "geometry": {"type": "Point", "coordinates": [-75.72559999940393, 36.16849923082284]}, "properties": {"transect": 7, "distance_m": 1550.0, "E": 434742.2633192639, "N": 4002881.615877667, "lon": -75.72559999940393, "lat": 36.16849923082284, "swath": "IW", "burst": 0, "sample": 22366.091493321925, "line": 1120.6961669146624, "n_samples": 130, "n_lines": 127, "ground_spacing_sample_m": 9.812420629191806, "ground_spacing_line_m": 10.088893185079842, "bright_fraction": 0.0, "affine_residual_max_m": 0.3150911170258705, "spectrum_method": "affine_dtft", "status": "ok", "incidence_deg": 44.24171316964475, "n_spectra_averaged": 1, "peak_status": "identified", "n_blobs": 2, "argmax_wavelength_m": 138.11840727487206, "argmax_axial_bearing_deg": 100.46425830507212, "wavelength_m": 140.2871358339049, "k_rad_m": 0.04478803612199097, "axial_bearing_deg": 99.46232220802561, "blob_area_px": 2, "lobe_to_annulus": 15.248344924962126, "identifiable": true, "wavelength_smoothed_m": 135.96856658666667, "depth_T11.765_m": 16.02211209551121, "depth_T11.765_U-0.5_m": 18.14537418242679, "depth_T11.765_U+0.5_m": 14.209011641239941}}, {"type": "Feature", "geometry": {"type": "Point", "coordinates": [-75.72507459444724, 36.16864653116634]}, "properties": {"transect": 7, "distance_m": 1600.0, "E": 434789.6390702307, "N": 4002897.601440539, "lon": -75.72507459444724, "lat": 36.16864653116634, "swath": "IW", "burst": 0, "sample": 22371.117655026872, "line": 1121.5152246354753, "n_samples": 130, "n_lines": 127, "ground_spacing_sample_m": 9.81165379191904, "ground_spacing_line_m": 10.08895948356089, "bright_fraction": 0.0, "affine_residual_max_m": 0.31026962572466044, "spectrum_method": "affine_dtft", "status": "ok", "incidence_deg": 44.244360470309644, "n_spectra_averaged": 1, "peak_status": "identified", "n_blobs": 1, "argmax_wavelength_m": 137.52274843376594, "argmax_axial_bearing_deg": 100.76966767507494, "wavelength_m": 140.2871358339049, "k_rad_m": 0.04478803612199097, "axial_bearing_deg": 99.46232220802561, "blob_area_px": 2, "lobe_to_annulus": 15.946092701108002, "identifiable": true, "wavelength_smoothed_m": 137.54306514581248, "depth_T11.765_m": 16.47387749317614, "depth_T11.765_U-0.5_m": 18.658400336059827, "depth_T11.765_U+0.5_m": 14.613420008406026}}, {"type": "Feature", "geometry": {"type": "Point", "coordinates": [-75.7245491874889, 36.168793829222835]}, "properties": {"transect": 7, "distance_m": 1650.0, "E": 434837.01482119755, "N": 4002913.587003411, "lon": -75.7245491874889, "lat": 36.168793829222835, "swath": "IW", "burst": 0, "sample": 22376.144208483493, "line": 1122.3342122355755, "n_samples": 130, "n_lines": 127, "ground_spacing_sample_m": 9.810906485688006, "ground_spacing_line_m": 10.089025729832917, "bright_fraction": 0.0, "affine_residual_max_m": 0.30546580236069154, "spectrum_method": "affine_dtft", "status": "ok", "incidence_deg": 44.24700797594655, "n_spectra_averaged": 1, "peak_status": "identified", "n_blobs": 1, "argmax_wavelength_m": 137.16481833052686, "argmax_axial_bearing_deg": 101.0765892703655, "wavelength_m": 135.007210355449, "k_rad_m": 0.04653962770312136, "axial_bearing_deg": 100.1246716553978, "blob_area_px": 3, "lobe_to_annulus": 17.857797012590403, "identifiable": true, "wavelength_smoothed_m": 135.85497955341128, "depth_T11.765_m": 15.989912019649646, "depth_T11.765_U-0.5_m": 18.108850762464858, "depth_T11.765_U+0.5_m": 14.18016527511282}}, {"type": "Feature", "geometry": {"type": "Point", "coordinates": [-75.72402377852897, 36.16894112499231]}, "properties": {"transect": 7, "distance_m": 1700.0, "E": 434884.3905721644, "N": 4002929.5725662825, "lon": -75.72402377852897, "lat": 36.16894112499231, "swath": "IW", "burst": 0, "sample": 22381.17114374542, "line": 1123.1531310867333, "n_samples": 130, "n_lines": 127, "ground_spacing_sample_m": 9.810178706162311, "ground_spacing_line_m": 10.089091924001362, "bright_fraction": 0.0, "affine_residual_max_m": 0.3006804803833264, "spectrum_method": "affine_dtft", "status": "ok", "incidence_deg": 44.249655681310486, "n_spectra_averaged": 1, "peak_status": "identified", "n_blobs": 1, "argmax_wavelength_m": 137.1033069951384, "argmax_axial_bearing_deg": 101.37670209706621, "wavelength_m": 131.84670787189887, "k_rad_m": 0.04765523090105728, "axial_bearing_deg": 101.88865803962798, "blob_area_px": 2, "lobe_to_annulus": 15.480155047704702, "identifiable": true, "wavelength_smoothed_m": 134.1668939610101, "depth_T11.765_m": 15.51743695019332, "depth_T11.765_U-0.5_m": 17.57357928251536, "depth_T11.765_U+0.5_m": 13.75657628347955}}, {"type": "Feature", "geometry": {"type": "Point", "coordinates": [-75.7234983675675, 36.16908841847471]}, "properties": {"transect": 7, "distance_m": 1750.0, "E": 434931.7663231312, "N": 4002945.558129154, "lon": -75.7234983675675, "lat": 36.16908841847471, "swath": "IW", "burst": 0, "sample": 22386.198450857184, "line": 1123.9719825612412, "n_samples": 130, "n_lines": 127, "ground_spacing_sample_m": 9.809470453844067, "ground_spacing_line_m": 10.089158069344741, "bright_fraction": 0.0, "affine_residual_max_m": 0.2959910046544394, "spectrum_method": "affine_dtft", "status": "ok", "incidence_deg": 44.25230358115162, "n_spectra_averaged": 1, "peak_status": "identified", "n_blobs": 1, "argmax_wavelength_m": 137.30818047173258, "argmax_axial_bearing_deg": 101.64068721873824, "wavelength_m": 131.84670787189887, "k_rad_m": 0.04765523090105728, "axial_bearing_deg": 101.88865803962798, "blob_area_px": 2, "lobe_to_annulus": 15.244096302209815, "identifiable": true, "wavelength_smoothed_m": 134.79845570587204, "depth_T11.765_m": 15.69288177261896, "depth_T11.765_U-0.5_m": 17.77220381062475, "depth_T11.765_U+0.5_m": 13.913938135432202}}, {"type": "Feature", "geometry": {"type": "Point", "coordinates": [-75.72297295460451, 36.16923570967002]}, "properties": {"transect": 7, "distance_m": 1800.0, "E": 434979.14207409805, "N": 4002961.5436920263, "lon": -75.72297295460451, "lat": 36.16923570967002, "swath": "IW", "burst": 0, "sample": 22391.22611985691, "line": 1124.7907680330832, "n_samples": 130, "n_lines": 127, "ground_spacing_sample_m": 9.80878174785758, "ground_spacing_line_m": 10.08922416496959, "bright_fraction": 0.0, "affine_residual_max_m": 0.2912457582939026, "spectrum_method": "affine_dtft", "status": "ok", "incidence_deg": 44.25495167021676, "n_spectra_averaged": 1, "peak_status": "identified", "n_blobs": 1, "argmax_wavelength_m": 138.18430392350595, "argmax_axial_bearing_deg": 101.91546181906511, "wavelength_m": 131.84670787189887, "k_rad_m": 0.04765523090105728, "axial_bearing_deg": 101.88865803962798, "blob_area_px": 2, "lobe_to_annulus": 12.77442670873638, "identifiable": true, "wavelength_smoothed_m": 136.48600254642517, "depth_T11.765_m": 16.16945811862583, "depth_T11.765_U-0.5_m": 18.31257609764971, "depth_T11.765_U+0.5_m": 14.34097469959688}}, {"type": "Feature", "geometry": {"type": "Point", "coordinates": [-75.72244753964004, 36.16938299857818]}, "properties": {"transect": 7, "distance_m": 1850.0, "E": 435026.5178250649, "N": 4002977.529254898, "lon": -75.72244753964004, "lat": 36.16938299857818, "swath": "IW", "burst": 0, "sample": 22396.254140775065, "line": 1125.6094888757455, "n_samples": 131, "n_lines": 127, "ground_spacing_sample_m": 9.80811258815036, "ground_spacing_line_m": 10.089290209400998, "bright_fraction": 0.0, "affine_residual_max_m": 0.28652181149885597, "spectrum_method": "affine_dtft", "status": "ok", "incidence_deg": 44.257599943248714, "n_spectra_averaged": 1, "peak_status": "identified", "n_blobs": 1, "argmax_wavelength_m": 140.2006787288114, "argmax_axial_bearing_deg": 102.26929596283908, "wavelength_m": 143.44494455821464, "k_rad_m": 0.04380206863706978, "axial_bearing_deg": 101.3099324740202, "blob_area_px": 4, "lobe_to_annulus": 13.322230822952783, "identifiable": true, "wavelength_smoothed_m": 140.05459823444465, "depth_T11.765_m": 17.21602189014687, "depth_T11.765_U-0.5_m": 19.503722163378317, "depth_T11.765_U+0.5_m": 15.276491070091764}}, {"type": "Feature", "geometry": {"type": "Point", "coordinates": [-75.72192212267413, 36.169530285199166]}, "properties": {"transect": 7, "distance_m": 1900.0, "E": 435073.8935760317, "N": 4002993.5148177696, "lon": -75.72192212267413, "lat": 36.169530285199166, "swath": "IW", "burst": 0, "sample": 22401.28250363508, "line": 1126.4281464645348, "n_samples": 131, "n_lines": 127, "ground_spacing_sample_m": 9.807462981463008, "ground_spacing_line_m": 10.0893562057584, "bright_fraction": 0.0, "affine_residual_max_m": 0.2818202217669876, "spectrum_method": "affine_dtft", "status": "ok", "incidence_deg": 44.26024839498652, "n_spectra_averaged": 1, "peak_status": "identified", "n_blobs": 1, "argmax_wavelength_m": 144.29788266879532, "argmax_axial_bearing_deg": 102.77714442900376, "wavelength_m": 143.44494455821464, "k_rad_m": 0.04380206863706978, "axial_bearing_deg": 101.3099324740202, "blob_area_px": 4, "lobe_to_annulus": 11.105912868868941, "identifiable": true, "wavelength_smoothed_m": 143.80869501728995, "depth_T11.765_m": 18.37738062313151, "depth_T11.765_U-0.5_m": 20.833324674591207, "depth_T11.765_U+0.5_m": 16.31072598726266}}, {"type": "Feature", "geometry": {"type": "Point", "coordinates": [-75.72139670370682, 36.16967756953293]}, "properties": {"transect": 7, "distance_m": 1950.0, "E": 435121.26932699856, "N": 4003009.5003806413, "lon": -75.72139670370682, "lat": 36.16967756953293, "swath": "IW", "burst": 0, "sample": 22406.311198453808, "line": 1127.246742175143, "n_samples": 131, "n_lines": 127, "ground_spacing_sample_m": 9.80683292813377, "ground_spacing_line_m": 10.089422150000606, "bright_fraction": 0.0, "affine_residual_max_m": 0.277142101862381, "spectrum_method": "affine_dtft", "status": "ok", "incidence_deg": 44.26289702016579, "n_spectra_averaged": 1, "peak_status": "identified", "n_blobs": 3, "argmax_wavelength_m": 149.55934608272537, "argmax_axial_bearing_deg": 100.52730664485948, "wavelength_m": 149.68968631199618, "k_rad_m": 0.04197473761875369, "axial_bearing_deg": 100.78429786756261, "blob_area_px": 5, "lobe_to_annulus": 13.061393464221476, "identifiable": true, "wavelength_smoothed_m": 148.89126342480847, "depth_T11.765_m": 20.05762246606921, "depth_T11.765_U-0.5_m": 22.77317855195299, "depth_T11.765_U+0.5_m": 17.799097780717172}}, {"type": "Feature", "geometry": {"type": "Point", "coordinates": [-75.72087128273813, 36.16982485157944]}, "properties": {"transect": 7, "distance_m": 2000.0, "E": 435168.6450779654, "N": 4003025.4859435135, "lon": -75.72087128273813, "lat": 36.16982485157944, "swath": "IW", "burst": 0, "sample": 22411.34021524015, "line": 1128.0652773842003, "n_samples": 131, "n_lines": 127, "ground_spacing_sample_m": 9.806222440719942, "ground_spacing_line_m": 10.08948804654937, "bright_fraction": 0.0, "affine_residual_max_m": 0.27248863930965217, "spectrum_method": "affine_dtft", "status": "ok", "incidence_deg": 44.26554581351793, "n_spectra_averaged": 1, "peak_status": "identified", "n_blobs": 1, "argmax_wavelength_m": 151.02859139204685, "argmax_axial_bearing_deg": 100.4825135246094, "wavelength_m": 150.61719178612535, "k_rad_m": 0.04171625584482836, "axial_bearing_deg": 101.3099324740202, "blob_area_px": 3, "lobe_to_annulus": 14.41397460998516, "identifiable": true, "wavelength_smoothed_m": 151.65418449506382, "depth_T11.765_m": 21.027956573169977, "depth_T11.765_U-0.5_m": 23.903110626165578, "depth_T11.765_U+0.5_m": 18.65398502204544}}, {"type": "Feature", "geometry": {"type": "Point", "coordinates": [-75.72034585976813, 36.16997213133867]}, "properties": {"transect": 7, "distance_m": 2050.0, "E": 435216.02082893223, "N": 4003041.471506385, "lon": -75.72034585976813, "lat": 36.16997213133867, "swath": "IW", "burst": 0, "sample": 22416.36954399766, "line": 1128.8837534687725, "n_samples": 131, "n_lines": 127, "ground_spacing_sample_m": 9.805631523907897, "ground_spacing_line_m": 10.089553895100844, "bright_fraction": 0.0, "affine_residual_max_m": 0.26794008762055427, "spectrum_method": "affine_dtft", "status": "ok", "incidence_deg": 44.268194769771526, "n_spectra_averaged": 1, "peak_status": "identified", "n_blobs": 1, "argmax_wavelength_m": 152.27556425703335, "argmax_axial_bearing_deg": 100.39459913627987, "wavelength_m": 157.25954990949154, "k_rad_m": 0.03995423687016644, "axial_bearing_deg": 100.61965527615511, "blob_area_px": 2, "lobe_to_annulus": 13.755820270939216, "identifiable": true, "wavelength_smoothed_m": 150.22049571734766, "depth_T11.765_m": 20.51917852972306, "depth_T11.765_U-0.5_m": 23.309715727441787, "depth_T11.765_U+0.5_m": 18.206181856213078}}, {"type": "Feature", "geometry": {"type": "Point", "coordinates": [-75.71982043479683, 36.17011940881055]}, "properties": {"transect": 7, "distance_m": 2100.0, "E": 435263.39657989907, "N": 4003057.457069257, "lon": -75.71982043479683, "lat": 36.17011940881055, "swath": "IW", "burst": 0, "sample": 22421.399174724025, "line": 1129.7021718060628, "n_samples": 131, "n_lines": 127, "ground_spacing_sample_m": 9.805060178231562, "ground_spacing_line_m": 10.089619693473807, "bright_fraction": 0.0, "affine_residual_max_m": 0.2633402562541088, "spectrum_method": "affine_dtft", "status": "ok", "incidence_deg": 44.27084388365209, "n_spectra_averaged": 1, "peak_status": "identified", "n_blobs": 3, "argmax_wavelength_m": 159.66941574542727, "argmax_axial_bearing_deg": 100.77638814326055, "wavelength_m": 157.25954990949154, "k_rad_m": 0.03995423687016644, "axial_bearing_deg": 100.61965527615511, "blob_area_px": 2, "lobe_to_annulus": 14.667973689196616, "identifiable": true, "wavelength_smoothed_m": 146.90017099434232, "depth_T11.765_m": 19.383825466433347, "depth_T11.765_U-0.5_m": 21.992835004188453, "depth_T11.765_U+0.5_m": 17.203426196032268}}, {"type": "Feature", "geometry": {"type": "Point", "coordinates": [-75.71929500782429, 36.17026668399508]}, "properties": {"transect": 7, "distance_m": 2150.0, "E": 435310.77233086596, "N": 4003073.442632129, "lon": -75.71929500782429, "lat": 36.17026668399508, "swath": "IW", "burst": 0, "sample": 22426.42909740898, "line": 1130.5205337755426, "n_samples": 131, "n_lines": 127, "ground_spacing_sample_m": 9.804508404006365, "ground_spacing_line_m": 10.089685445511137, "bright_fraction": 0.0, "affine_residual_max_m": 0.25876913602590546, "spectrum_method": "affine_dtft", "status": "ok", "incidence_deg": 44.27349314988093, "n_spectra_averaged": 1, "peak_status": "identified", "n_blobs": 4, "argmax_wavelength_m": 158.77086788696806, "argmax_axial_bearing_deg": 100.57070031784482, "wavelength_m": 136.2765006696338, "k_rad_m": 0.04610615385855483, "axial_bearing_deg": 62.52556837372287, "blob_area_px": 3, "lobe_to_annulus": 11.073503636375476, "identifiable": true, "wavelength_smoothed_m": 143.39434517651108, "depth_T11.765_m": 18.246008307800505, "depth_T11.765_U-0.5_m": 20.682484312703288, "depth_T11.765_U+0.5_m": 16.193950034712028}}, {"type": "Feature", "geometry": {"type": "Point", "coordinates": [-75.71876957885054, 36.1704139568922]}, "properties": {"transect": 7, "distance_m": 2200.0, "E": 435358.1480818328, "N": 4003089.4281950006, "lon": -75.71876957885054, "lat": 36.1704139568922, "swath": "IW", "burst": 0, "sample": 22431.459302037485, "line": 1131.3388407557268, "n_samples": 131, "n_lines": 127, "ground_spacing_sample_m": 9.80397622141585, "ground_spacing_line_m": 10.089751146351508, "bright_fraction": 0.0, "affine_residual_max_m": 0.25422825037647595, "spectrum_method": "affine_dtft", "status": "ok", "incidence_deg": 44.27614256317679, "n_spectra_averaged": 1, "peak_status": "identified", "n_blobs": 4, "argmax_wavelength_m": 157.77747852458774, "argmax_axial_bearing_deg": 100.35801065241729, "wavelength_m": 133.08806269696925, "k_rad_m": 0.047210735357128844, "axial_bearing_deg": 62.10272896905237, "blob_area_px": 4, "lobe_to_annulus": 10.947307756393585, "identifiable": true, "wavelength_smoothed_m": 138.56004773400662, "depth_T11.765_m": 16.77114792423186, "depth_T11.765_U-0.5_m": 18.996611602717998, "depth_T11.765_U+0.5_m": 14.87921153793342}}, {"type": "Feature", "geometry": {"type": "Point", "coordinates": [-75.7182441478756, 36.17056122750188]}, "properties": {"transect": 7, "distance_m": 2250.0, "E": 435405.52383279963, "N": 4003105.4137578723, "lon": -75.7182441478756, "lat": 36.17056122750188, "swath": "IW", "burst": 0, "sample": 22436.48977858988, "line": 1132.1570941264386, "n_samples": 131, "n_lines": 127, "ground_spacing_sample_m": 9.803463617029795, "ground_spacing_line_m": 10.089816799866883, "bright_fraction": 0.0, "affine_residual_max_m": 0.24971922501990448, "spectrum_method": "affine_dtft", "status": "ok", "incidence_deg": 44.278792118256085, "n_spectra_averaged": 1, "peak_status": "identified", "n_blobs": 4, "argmax_wavelength_m": 156.824675329232, "argmax_axial_bearing_deg": 100.12684212258162, "wavelength_m": 133.08806269696925, "k_rad_m": 0.047210735357128844, "axial_bearing_deg": 62.10272896905237, "blob_area_px": 4, "lobe_to_annulus": 10.96934779320279, "identifiable": true, "wavelength_smoothed_m": 133.72575029150215, "depth_T11.765_m": 15.395814283351134, "depth_T11.765_U-0.5_m": 17.43598220214192, "depth_T11.765_U+0.5_m": 13.647441529382602}}, {"type": "Feature", "geometry": {"type": "Point", "coordinates": [-75.71771871489952, 36.170708495824094]}, "properties": {"transect": 7, "distance_m": 2300.0, "E": 435452.89958376647, "N": 4003121.399320744, "lon": -75.71771871489952, "lat": 36.170708495824094, "swath": "IW", "burst": 0, "sample": 22441.52051703824, "line": 1132.9752952683748, "n_samples": 131, "n_lines": 127, "ground_spacing_sample_m": 9.802970610552734, "ground_spacing_line_m": 10.089882405119946, "bright_fraction": 0.0, "affine_residual_max_m": 0.24532505769977403, "spectrum_method": "affine_dtft", "status": "ok", "incidence_deg": 44.28144180983079, "n_spectra_averaged": 1, "peak_status": "identified", "n_blobs": 4, "argmax_wavelength_m": 156.03151578107875, "argmax_axial_bearing_deg": 99.82129465964839, "wavelength_m": 133.08806269696925, "k_rad_m": 0.047210735357128844, "axial_bearing_deg": 62.10272896905237, "blob_area_px": 4, "lobe_to_annulus": 11.766288536902119, "identifiable": true, "wavelength_smoothed_m": 133.2738349675508, "depth_T11.765_m": 15.272003270347891, "depth_T11.765_U-0.5_m": 17.29598765037357, "depth_T11.765_U+0.5_m": 13.536303565871565}}, {"type": "Feature", "geometry": {"type": "Point", "coordinates": [-75.71719327992234, 36.17085576185878]}, "properties": {"transect": 7, "distance_m": 2350.0, "E": 435500.2753347333, "N": 4003137.384883616, "lon": -75.71719327992234, "lat": 36.17085576185878, "swath": "IW", "burst": 0, "sample": 22446.551507351363, "line": 1133.7934455615477, "n_samples": 131, "n_lines": 127, "ground_spacing_sample_m": 9.802497190527735, "ground_spacing_line_m": 10.089947961727548, "bright_fraction": 0.0, "affine_residual_max_m": 0.24088554784369715, "spectrum_method": "affine_dtft", "status": "ok", "incidence_deg": 44.284091632611165, "n_spectra_averaged": 1, "peak_status": "identified", "n_blobs": 4, "argmax_wavelength_m": 155.43777889468154, "argmax_axial_bearing_deg": 99.44587098716686, "wavelength_m": 133.08806269696925, "k_rad_m": 0.047210735357128844, "axial_bearing_deg": 62.10272896905237, "blob_area_px": 4, "lobe_to_annulus": 11.429548380508793, "identifiable": true, "wavelength_smoothed_m": 133.3202780351962, "depth_T11.765_m": 15.28469098526407, "depth_T11.765_U-0.5_m": 17.310330190624295, "depth_T11.765_U+0.5_m": 13.547694413511707}}, {"type": "Feature", "geometry": {"type": "Point", "coordinates": [-75.7166678429441, 36.17100302560592]}, "properties": {"transect": 7, "distance_m": 2400.0, "E": 435547.65108570014, "N": 4003153.370446488, "lon": -75.7166678429441, "lat": 36.17100302560592, "swath": "IW", "burst": 0, "sample": 22451.58273949242, "line": 1134.611546387751, "n_samples": 131, "n_lines": 127, "ground_spacing_sample_m": 9.80204337282277, "ground_spacing_line_m": 10.09001347350309, "bright_fraction": 0.0, "affine_residual_max_m": 0.23648345827609377, "spectrum_method": "affine_dtft", "status": "ok", "incidence_deg": 44.286741581304526, "n_spectra_averaged": 1, "peak_status": "identified", "n_blobs": 4, "argmax_wavelength_m": 132.21311643339249, "argmax_axial_bearing_deg": 61.28646082915075, "wavelength_m": 134.01692404987702, "k_rad_m": 0.04688352125468255, "axial_bearing_deg": 60.75117366345304, "blob_area_px": 3, "lobe_to_annulus": 11.805497715903948, "identifiable": true, "wavelength_smoothed_m": 133.39768314793852, "depth_T11.765_m": 15.30585560284836, "depth_T11.765_U-0.5_m": 17.334257081227666, "depth_T11.765_U+0.5_m": 13.566694778944765}}, {"type": "Feature", "geometry": {"type": "Point", "coordinates": [-75.71614240396485, 36.17115028706546]}, "properties": {"transect": 7, "distance_m": 2450.0, "E": 435595.026836667, "N": 4003169.3560093595, "lon": -75.71614240396485, "lat": 36.17115028706546, "swath": "IW", "burst": 0, "sample": 22456.614203419565, "line": 1135.429599128532, "n_samples": 131, "n_lines": 127, "ground_spacing_sample_m": 9.801609159013559, "ground_spacing_line_m": 10.090078933061722, "bright_fraction": 0.0, "affine_residual_max_m": 0.23212089602223412, "spectrum_method": "affine_dtft", "status": "ok", "incidence_deg": 44.28939165061554, "n_spectra_averaged": 1, "peak_status": "ambiguous_multiple_blobs", "n_blobs": 4, "argmax_wavelength_m": 132.24965668292037, "argmax_axial_bearing_deg": 60.98231246226981, "wavelength_m": 169.16956171650307, "k_rad_m": 0.03714134648944143, "axial_bearing_deg": 82.40535663140857, "blob_area_px": 2, "lobe_to_annulus": 11.253667836053944, "identifiable": false}}, {"type": "Feature", "geometry": {"type": "Point", "coordinates": [-75.71561696298461, 36.171297546237376]}, "properties": {"transect": 7, "distance_m": 2500.0, "E": 435642.4025876338, "N": 4003185.341572231, "lon": -75.71561696298461, "lat": 36.171297546237376, "swath": "IW", "burst": 0, "sample": 22461.645889086245, "line": 1136.2476051664523, "n_samples": 131, "n_lines": 127, "ground_spacing_sample_m": 9.801194550433223, "ground_spacing_line_m": 10.090144345002232, "bright_fraction": 0.0, "affine_residual_max_m": 0.2278001144664491, "spectrum_method": "affine_dtft", "status": "ok", "incidence_deg": 44.29204183524637, "n_spectra_averaged": 1, "peak_status": "ambiguous_multiple_blobs", "n_blobs": 4, "argmax_wavelength_m": 132.39950302058534, "argmax_axial_bearing_deg": 60.602163954126816, "wavelength_m": 169.16956171650307, "k_rad_m": 0.03714134648944143, "axial_bearing_deg": 82.40535663140857, "blob_area_px": 2, "lobe_to_annulus": 8.820155814669452, "identifiable": false}}, {"type": "Feature", "geometry": {"type": "Point", "coordinates": [-75.71509152000341, 36.17144480312163]}, "properties": {"transect": 7, "distance_m": 2550.0, "E": 435689.77833860065, "N": 4003201.3271351033, "lon": -75.71509152000341, "lat": 36.17144480312163, "swath": "IW", "burst": 0, "sample": 22466.677786441098, "line": 1137.0655658841076, "n_samples": 131, "n_lines": 127, "ground_spacing_sample_m": 9.800799546488603, "ground_spacing_line_m": 10.090209713008834, "bright_fraction": 0.0, "affine_residual_max_m": 0.22352350009857186, "spectrum_method": "affine_dtft", "status": "ok", "incidence_deg": 44.294692129896674, "n_spectra_averaged": 1, "peak_status": "ambiguous_multiple_blobs", "n_blobs": 2, "argmax_wavelength_m": 132.70087900831564, "argmax_axial_bearing_deg": 60.16712559442813, "wavelength_m": 169.16956171650307, "k_rad_m": 0.03714134648944143, "axial_bearing_deg": 82.40535663140857, "blob_area_px": 2, "lobe_to_annulus": 9.690836557102928, "identifiable": false}}, {"type": "Feature", "geometry": {"type": "Point", "coordinates": [-75.71456607502131, 36.17159205771818]}, "properties": {"transect": 7, "distance_m": 2600.0, "E": 435737.1540895675, "N": 4003217.312697975, "lon": -75.71456607502131, "lat": 36.17159205771818, "swath": "IW", "burst": 0, "sample": 22471.709885428878, "line": 1137.8834826645138, "n_samples": 131, "n_lines": 127, "ground_spacing_sample_m": 9.800424163244262, "ground_spacing_line_m": 10.090275030998654, "bright_fraction": 0.0, "affine_residual_max_m": 0.21937776211753043, "spectrum_method": "affine_dtft", "status": "ok", "incidence_deg": 44.29734252926405, "n_spectra_averaged": 1, "peak_status": "ambiguous_multiple_blobs", "n_blobs": 2, "argmax_wavelength_m": 133.42031940269547, "argmax_axial_bearing_deg": 59.60575805690024, "wavelength_m": 169.16956171650307, "k_rad_m": 0.03714134648944143, "axial_bearing_deg": 82.40535663140857, "blob_area_px": 2, "lobe_to_annulus": 9.760979931822492, "identifiable": false}}, {"type": "Feature", "geometry": {"type": "Point", "coordinates": [-75.71404062803832, 36.171739310027]}, "properties": {"transect": 7, "distance_m": 2650.0, "E": 435784.5298405343, "N": 4003233.2982608466, "lon": -75.71404062803832, "lat": 36.171739310027, "swath": "IW", "burst": 0, "sample": 22476.74217598991, "line": 1138.7013568915663, "n_samples": 131, "n_lines": 127, "ground_spacing_sample_m": 9.800068399840061, "ground_spacing_line_m": 10.090340305710134, "bright_fraction": 0.0, "affine_residual_max_m": 0.21519782954568098, "spectrum_method": "affine_dtft", "status": "ok", "incidence_deg": 44.29999302804376, "n_spectra_averaged": 1, "peak_status": "identified", "n_blobs": 2, "argmax_wavelength_m": 134.22571461752884, "argmax_axial_bearing_deg": 59.07808399929194, "wavelength_m": 169.16956171650307, "k_rad_m": 0.03714134648944143, "axial_bearing_deg": 82.40535663140857, "blob_area_px": 2, "lobe_to_annulus": 12.722765591397488, "identifiable": true, "wavelength_smoothed_m": 170.02304803499666, "depth_T11.765_m": 28.77941889801123, "depth_T11.765_U-0.5_m": 33.26858087664977, "depth_T11.765_U+0.5_m": 25.335169346027246}}, {"type": "Feature", "geometry": {"type": "Point", "coordinates": [-75.71351517905453, 36.17188656004802]}, "properties": {"transect": 7, "distance_m": 2700.0, "E": 435831.90559150116, "N": 4003249.2838237183, "lon": -75.71351517905453, "lat": 36.17188656004802, "swath": "IW", "burst": 0, "sample": 22481.77464806073, "line": 1139.5191899484753, "n_samples": 131, "n_lines": 127, "ground_spacing_sample_m": 9.7997322435712, "ground_spacing_line_m": 10.090405531499414, "bright_fraction": 0.0, "affine_residual_max_m": 0.21107026662884076, "spectrum_method": "affine_dtft", "status": "ok", "incidence_deg": 44.30264362092907, "n_spectra_averaged": 1, "peak_status": "identified", "n_blobs": 2, "argmax_wavelength_m": 135.2839573982666, "argmax_axial_bearing_deg": 58.53313075228872, "wavelength_m": 169.16956171650307, "k_rad_m": 0.03714134648944143, "axial_bearing_deg": 82.40535663140857, "blob_area_px": 2, "lobe_to_annulus": 13.435412607539563, "identifiable": true, "wavelength_smoothed_m": 167.2084010947942, "depth_T11.765_m": 27.415596335765205, "depth_T11.765_U-0.5_m": 31.567768619574284, "depth_T11.765_U+0.5_m": 24.18115231437349}}, {"type": "Feature", "geometry": {"type": "Point", "coordinates": [-75.7129897280699, 36.17203380778124]}, "properties": {"transect": 7, "distance_m": 2750.0, "E": 435879.281342468, "N": 4003265.2693865905, "lon": -75.7129897280699, "lat": 36.17203380778124, "swath": "IW", "burst": 0, "sample": 22486.807291573543, "line": 1140.3369832197875, "n_samples": 131, "n_lines": 127, "ground_spacing_sample_m": 9.799415708769397, "ground_spacing_line_m": 10.090470712707466, "bright_fraction": 0.0, "affine_residual_max_m": 0.20699818680959406, "spectrum_method": "affine_dtft", "status": "ok", "incidence_deg": 44.305294302610974, "n_spectra_averaged": 1, "peak_status": "identified", "n_blobs": 2, "argmax_wavelength_m": 136.45341998727594, "argmax_axial_bearing_deg": 58.031704126861115, "wavelength_m": 171.73002067198382, "k_rad_m": 0.036587576724170456, "axial_bearing_deg": 79.69515353123397, "blob_area_px": 3, "lobe_to_annulus": 15.063772096804728, "identifiable": true, "wavelength_smoothed_m": 165.51961293067274, "depth_T11.765_m": 26.632662259955183, "depth_T11.765_U-0.5_m": 30.603187063440192, "depth_T11.765_U+0.5_m": 23.51415077375094}}, {"type": "Feature", "geometry": {"type": "Point", "coordinates": [-75.71246427508454, 36.17218105322661]}, "properties": {"transect": 7, "distance_m": 2800.0, "E": 435926.6570934348, "N": 4003281.254949462, "lon": -75.71246427508454, "lat": 36.17218105322661, "swath": "IW", "burst": 0, "sample": 22491.84009645881, "line": 1141.154738089387, "n_samples": 131, "n_lines": 127, "ground_spacing_sample_m": 9.79911880717573, "ground_spacing_line_m": 10.090535846948555, "bright_fraction": 0.0, "affine_residual_max_m": 0.2029848993149211, "spectrum_method": "affine_dtft", "status": "ok", "incidence_deg": 44.30794506777953, "n_spectra_averaged": 1, "peak_status": "identified", "n_blobs": 2, "argmax_wavelength_m": 137.4748370231865, "argmax_axial_bearing_deg": 57.64141730814059, "wavelength_m": 158.76446027418683, "k_rad_m": 0.039575515177190795, "axial_bearing_deg": 82.8749836510982, "blob_area_px": 1, "lobe_to_annulus": 17.684654090411502, "identifiable": true, "wavelength_smoothed_m": 158.8216463155349, "depth_T11.765_m": 23.75748417320531, "depth_T11.765_U-0.5_m": 27.125440201931283, "depth_T11.765_U+0.5_m": 21.038543655187592}}, {"type": "Feature", "geometry": {"type": "Point", "coordinates": [-75.71193882009844, 36.17232829638407]}, "properties": {"transect": 7, "distance_m": 2850.0, "E": 435974.03284440166, "N": 4003297.240512334, "lon": -75.71193882009844, "lat": 36.17232829638407, "swath": "IW", "burst": 0, "sample": 22496.8730526413, "line": 1141.9724559426347, "n_samples": 131, "n_lines": 127, "ground_spacing_sample_m": 9.79884152928532, "ground_spacing_line_m": 10.09060093485807, "bright_fraction": 0.0, "affine_residual_max_m": 0.19912045539680295, "spectrum_method": "affine_dtft", "status": "ok", "incidence_deg": 44.310595911121816, "n_spectra_averaged": 1, "peak_status": "identified", "n_blobs": 2, "argmax_wavelength_m": 138.14529032535566, "argmax_axial_bearing_deg": 57.42292981406381, "wavelength_m": 158.76446027418683, "k_rad_m": 0.039575515177190795, "axial_bearing_deg": 82.8749836510982, "blob_area_px": 1, "lobe_to_annulus": 15.438254484436268, "identifiable": true, "wavelength_smoothed_m": 152.12367970039713, "depth_T11.765_m": 21.1971060029283, "depth_T11.765_U-0.5_m": 24.100862207680095, "depth_T11.765_U+0.5_m": 18.80264185765239}}, {"type": "Feature", "geometry": {"type": "Point", "coordinates": [-75.71141336311167, 36.17247553725363]}, "properties": {"transect": 7, "distance_m": 2900.0, "E": 436021.4085953685, "N": 4003313.226075206, "lon": -75.71141336311167, "lat": 36.17247553725363, "swath": "IW", "burst": 0, "sample": 22501.906150043866, "line": 1142.7901381641661, "n_samples": 131, "n_lines": 127, "ground_spacing_sample_m": 9.798583884635862, "ground_spacing_line_m": 10.090665973226752, "bright_fraction": 0.0, "affine_residual_max_m": 0.19523601250920286, "spectrum_method": "affine_dtft", "status": "ok", "incidence_deg": 44.31324682732389, "n_spectra_averaged": 1, "peak_status": "identified", "n_blobs": 1, "argmax_wavelength_m": 138.38970319117632, "argmax_axial_bearing_deg": 57.40021494837739, "wavelength_m": 135.67972864081406, "k_rad_m": 0.04630894659152148, "axial_bearing_deg": 57.9946167919165, "blob_area_px": 1, "lobe_to_annulus": 22.26197969606042, "identifiable": true, "wavelength_smoothed_m": 149.53056762083773, "depth_T11.765_m": 20.27841327300627, "depth_T11.765_U-0.5_m": 23.02963013036533, "depth_T11.765_U+0.5_m": 17.993929933457967}}, {"type": "Feature", "geometry": {"type": "Point", "coordinates": [-75.71088790412426, 36.17262277583521]}, "properties": {"transect": 7, "distance_m": 2950.0, "E": 436068.78434633533, "N": 4003329.2116380776, "lon": -75.71088790412426, "lat": 36.17262277583521, "swath": "IW", "burst": 0, "sample": 22506.93937858661, "line": 1143.6077861392587, "n_samples": 131, "n_lines": 127, "ground_spacing_sample_m": 9.79834586763396, "ground_spacing_line_m": 10.0907309717863, "bright_fraction": 0.0, "affine_residual_max_m": 0.19142163211586732, "spectrum_method": "affine_dtft", "status": "ok", "incidence_deg": 44.31589781107035, "n_spectra_averaged": 1, "peak_status": "identified", "n_blobs": 1, "argmax_wavelength_m": 138.1244553781056, "argmax_axial_bearing_deg": 57.59253381634734, "wavelength_m": 135.67972864081406, "k_rad_m": 0.04630894659152148, "axial_bearing_deg": 57.9946167919165, "blob_area_px": 1, "lobe_to_annulus": 20.014731433633173, "identifiable": true, "wavelength_smoothed_m": 151.2481626295838, "depth_T11.765_m": 20.882693804725847, "depth_T11.765_U-0.5_m": 23.733473895356866, "depth_T11.765_U+0.5_m": 18.526232426359144}}, {"type": "Feature", "geometry": {"type": "Point", "coordinates": [-75.71036244313623, 36.172770012128794]}, "properties": {"transect": 7, "distance_m": 3000.0, "E": 436116.16009730217, "N": 4003345.1972009493, "lon": -75.71036244313623, "lat": 36.172770012128794, "swath": "IW", "burst": 0, "sample": 22511.972728186098, "line": 1144.4254012536096, "n_samples": 131, "n_lines": 127, "ground_spacing_sample_m": 9.798127488716117, "ground_spacing_line_m": 10.090795921536849, "bright_fraction": 0.0, "affine_residual_max_m": 0.18768155491719649, "spectrum_method": "affine_dtft", "status": "ok", "incidence_deg": 44.31854885704395, "n_spectra_averaged": 1, "peak_status": "identified", "n_blobs": 2, "argmax_wavelength_m": 137.29814731201276, "argmax_axial_bearing_deg": 58.01182504888479, "wavelength_m": 158.76446027418683, "k_rad_m": 0.039575515177190795, "axial_bearing_deg": 97.1250163489018, "blob_area_px": 1, "lobe_to_annulus": 10.404987810788377, "identifiable": true, "wavelength_smoothed_m": 149.36908821843303, "depth_T11.765_m": 20.22243645229284, "depth_T11.765_U-0.5_m": 22.964576579595708, "depth_T11.765_U+0.5_m": 17.94455140183395}}, {"type": "Feature", "geometry": {"type": "Point", "coordinates": [-75.70983698014764, 36.17291724613434]}, "properties": {"transect": 7, "distance_m": 3050.0, "E": 436163.535848269, "N": 4003361.182763821, "lon": -75.70983698014764, "lat": 36.17291724613434, "swath": "IW", "burst": 0, "sample": 22517.006188757474, "line": 1145.2429848920347, "n_samples": 131, "n_lines": 127, "ground_spacing_sample_m": 9.797928743790793, "ground_spacing_line_m": 10.090860826969541, "bright_fraction": 0.0, "affine_residual_max_m": 0.1833155528541179, "spectrum_method": "affine_dtft", "status": "ok", "incidence_deg": 44.32119995992667, "n_spectra_averaged": 1, "peak_status": "identified", "n_blobs": 2, "argmax_wavelength_m": 135.6338885926996, "argmax_axial_bearing_deg": 58.79433673334057, "wavelength_m": 167.35243531791713, "k_rad_m": 0.03754463026034551, "axial_bearing_deg": 101.3099324740202, "blob_area_px": 2, "lobe_to_annulus": 8.261323539688613, "identifiable": true, "wavelength_smoothed_m": 153.93220807763933, "depth_T11.765_m": 21.86076361855085, "depth_T11.765_U-0.5_m": 24.879088826236952, "depth_T11.765_U+0.5_m": 19.384805645839368}}]}