transect,distance_m,E,N,lon,lat,status,wavelength_smoothed_m,swath,burst,sample,line,n_samples,n_lines,ground_spacing_sample_m,ground_spacing_line_m,bright_fraction,affine_residual_max_m,spectrum_method,incidence_deg,n_spectra_averaged,peak_status,n_blobs,argmax_wavelength_m,argmax_axial_bearing_deg,wavelength_m,k_rad_m,axial_bearing_deg,blob_area_px,lobe_to_annulus,identifiable,depth_T11.765_m,depth_T11.765_U-0.5_m,depth_T11.765_U+0.5_m
0,250.0,431697.2259085056,4007686.3574890075,-75.75987346227832,36.211603357229215,touches_land_or_unmapped,,,,,,,,,,,,,,,,,,,,,,,,,,,
0,300.0,431744.1660795999,4007703.5801583026,-75.75935279086559,36.211761931158854,touches_land_or_unmapped,,,,,,,,,,,,,,,,,,,,,,,,,,,
0,350.0,431791.1062506941,4007720.8028275976,-75.75883211731636,36.21192050284381,touches_land_or_unmapped,,,,,,,,,,,,,,,,,,,,,,,,,,,
0,400.0,431838.0464217883,4007738.0254968926,-75.75831144163068,36.21207907228401,touches_land_or_unmapped,,,,,,,,,,,,,,,,,,,,,,,,,,,
0,450.0,431884.9865928825,4007755.2481661877,-75.7577907638086,36.21223763947943,touches_land_or_unmapped,,,,,,,,,,,,,,,,,,,,,,,,,,,
0,500.0,431931.92676397675,4007772.4708354827,-75.75727008385012,36.21239620443004,touches_land_or_unmapped,,,,,,,,,,,,,,,,,,,,,,,,,,,
0,550.0,431978.86693507095,4007789.6935047777,-75.75674940175529,36.21255476713577,touches_land_or_unmapped,,,,,,,,,,,,,,,,,,,,,,,,,,,
0,600.0,432025.80710616516,4007806.9161740723,-75.75622871752415,36.212713327596624,touches_land_or_unmapped,,,,,,,,,,,,,,,,,,,,,,,,,,,
0,650.0,432072.74727725936,4007824.1388433673,-75.75570803115673,36.21287188581252,touches_land_or_unmapped,,,,,,,,,,,,,,,,,,,,,,,,,,,
0,700.0,432119.6874483536,4007841.3615126624,-75.75518734265304,36.21303044178345,touches_land_or_unmapped,,,,,,,,,,,,,,,,,,,,,,,,,,,
0,750.0,432166.6276194478,4007858.5841819574,-75.75466665201314,36.21318899550936,touches_land_or_unmapped,,,,,,,,,,,,,,,,,,,,,,,,,,,
0,800.0,432213.56779054203,4007875.8068512524,-75.75414595923708,36.2133475469902,touches_land_or_unmapped,,,,,,,,,,,,,,,,,,,,,,,,,,,
0,850.0,432260.50796163623,4007893.0295205475,-75.75362526432484,36.21350609622596,touches_land_or_unmapped,,,,,,,,,,,,,,,,,,,,,,,,,,,
0,900.0,432307.4481327305,4007910.2521898425,-75.75310456727648,36.213664643216575,touches_land_or_unmapped,,,,,,,,,,,,,,,,,,,,,,,,,,,
0,950.0,432354.3883038247,4007927.4748591376,-75.75258386809203,36.213823187962014,touches_land_or_unmapped,,,,,,,,,,,,,,,,,,,,,,,,,,,
0,1000.0,432401.3284749189,4007944.6975284326,-75.75206316677155,36.21398173046223,touches_land_or_unmapped,,,,,,,,,,,,,,,,,,,,,,,,,,,
0,1050.0,432448.2686460131,4007961.9201977276,-75.75154246331503,36.21414027071721,touches_land_or_unmapped,,,,,,,,,,,,,,,,,,,,,,,,,,,
0,1100.0,432495.20881710737,4007979.1428670227,-75.75102175772254,36.21429880872688,touches_land_or_unmapped,,,,,,,,,,,,,,,,,,,,,,,,,,,
0,1150.0,432542.1489882016,4007996.3655363177,-75.75050104999409,36.21445734449122,touches_land_or_unmapped,,,,,,,,,,,,,,,,,,,,,,,,,,,
0,1200.0,432589.0891592958,4008013.5882056127,-75.74998034012971,36.21461587801018,touches_land_or_unmapped,,,,,,,,,,,,,,,,,,,,,,,,,,,
0,1250.0,432636.02933039,4008030.8108749078,-75.74945962812944,36.21477440928372,touches_land_or_unmapped,,,,,,,,,,,,,,,,,,,,,,,,,,,
0,1300.0,432682.96950148424,4008048.033544203,-75.74893891399333,36.21493293831182,touches_land_or_unmapped,,,,,,,,,,,,,,,,,,,,,,,,,,,
0,1350.0,432729.90967257845,4008065.256213498,-75.74841819772139,36.21509146509443,touches_land_or_unmapped,,,,,,,,,,,,,,,,,,,,,,,,,,,
0,1400.0,432776.84984367265,4008082.478882793,-75.74789747931366,36.21524998963148,touches_land_or_unmapped,,,,,,,,,,,,,,,,,,,,,,,,,,,
0,1450.0,432823.79001476686,4008099.701552088,-75.74737675877019,36.21540851192298,touches_land_or_unmapped,,,,,,,,,,,,,,,,,,,,,,,,,,,
0,1500.0,432870.7301858611,4008116.924221383,-75.74685603609097,36.21556703196887,touches_land_or_unmapped,,,,,,,,,,,,,,,,,,,,,,,,,,,
0,1550.0,432917.6703569553,4008134.146890678,-75.74633531127608,36.2157255497691,touches_land_or_unmapped,,,,,,,,,,,,,,,,,,,,,,,,,,,
0,1600.0,432964.6105280495,4008151.369559973,-75.74581458432553,36.21588406532365,touches_land_or_unmapped,,,,,,,,,,,,,,,,,,,,,,,,,,,
0,1650.0,433011.5506991437,4008168.592229268,-75.74529385523935,36.21604257863246,touches_land_or_unmapped,,,,,,,,,,,,,,,,,,,,,,,,,,,
0,1700.0,433058.490870238,4008185.814898563,-75.74477312401758,36.216201089695495,touches_land_or_unmapped,,,,,,,,,,,,,,,,,,,,,,,,,,,
0,1750.0,433105.4310413322,4008203.037567858,-75.74425239066026,36.216359598512724,touches_land_or_unmapped,,,,,,,,,,,,,,,,,,,,,,,,,,,
0,1800.0,433152.3712124264,4008220.2602371527,-75.74373165516742,36.2165181050841,touches_land_or_unmapped,,,,,,,,,,,,,,,,,,,,,,,,,,,
0,1850.0,433199.3113835206,4008237.4829064477,-75.74321091753907,36.21667660940959,touches_land_or_unmapped,,,,,,,,,,,,,,,,,,,,,,,,,,,
0,1900.0,433246.25155461486,4008254.7055757428,-75.74269017777529,36.21683511148916,touches_land_or_unmapped,,,,,,,,,,,,,,,,,,,,,,,,,,,
0,1950.0,433293.19172570907,4008271.928245038,-75.74216943587606,36.216993611322756,touches_land_or_unmapped,,,,,,,,,,,,,,,,,,,,,,,,,,,
0,2000.0,433340.1318968033,4008289.150914333,-75.74164869184145,36.21715210891034,touches_land_or_unmapped,,,,,,,,,,,,,,,,,,,,,,,,,,,
0,2050.0,433387.0720678975,4008306.373583628,-75.74112794567148,36.21731060425189,touches_land_or_unmapped,,,,,,,,,,,,,,,,,,,,,,,,,,,
0,2100.0,433434.01223899174,4008323.596252923,-75.74060719736619,36.21746909734735,touches_land_or_unmapped,,,,,,,,,,,,,,,,,,,,,,,,,,,
0,2150.0,433480.95241008594,4008340.818922218,-75.7400864469256,36.21762758819668,touches_land_or_unmapped,,,,,,,,,,,,,,,,,,,,,,,,,,,
0,2200.0,433527.89258118015,4008358.041591513,-75.73956569434975,36.21778607679985,touches_land_or_unmapped,,,,,,,,,,,,,,,,,,,,,,,,,,,
0,2250.0,433574.83275227435,4008375.264260808,-75.73904493963867,36.217944563156806,touches_land_or_unmapped,,,,,,,,,,,,,,,,,,,,,,,,,,,
0,2300.0,433621.7729233686,4008392.486930103,-75.7385241827924,36.218103047267505,touches_land_or_unmapped,,,,,,,,,,,,,,,,,,,,,,,,,,,
0,2350.0,433668.7130944628,4008409.709599398,-75.73800342381097,36.21826152913193,touches_land_or_unmapped,,,,,,,,,,,,,,,,,,,,,,,,,,,
0,2400.0,433715.653265557,4008426.932268693,-75.73748266269442,36.218420008750044,touches_land_or_unmapped,,,,,,,,,,,,,,,,,,,,,,,,,,,
0,2450.0,433762.5934366512,4008444.154937988,-75.73696189944278,36.21857848612178,touches_land_or_unmapped,,,,,,,,,,,,,,,,,,,,,,,,,,,
0,2500.0,433809.5336077455,4008461.377607283,-75.73644113405607,36.218736961247124,touches_land_or_unmapped,,,,,,,,,,,,,,,,,,,,,,,,,,,
0,2550.0,433856.4737788397,4008478.600276578,-75.73592036653432,36.21889543412602,touches_land_or_unmapped,,,,,,,,,,,,,,,,,,,,,,,,,,,
0,2600.0,433903.4139499339,4008495.8229458733,-75.7353995968776,36.219053904758425,touches_land_or_unmapped,,,,,,,,,,,,,,,,,,,,,,,,,,,
0,2650.0,433950.3541210281,4008513.0456151683,-75.73487882508589,36.21921237314432,touches_land_or_unmapped,,,,,,,,,,,,,,,,,,,,,,,,,,,
0,2700.0,433997.29429212236,4008530.2682844633,-75.73435805115928,36.21937083928365,touches_land_or_unmapped,,,,,,,,,,,,,,,,,,,,,,,,,,,
0,2750.0,434044.23446321656,4008547.4909537584,-75.73383727509776,36.21952930317638,touches_land_or_unmapped,,,,,,,,,,,,,,,,,,,,,,,,,,,
0,2800.0,434091.17463431077,4008564.7136230534,-75.73331649690137,36.219687764822474,touches_land_or_unmapped,,,,,,,,,,,,,,,,,,,,,,,,,,,
0,2850.0,434138.114805405,4008581.9362923484,-75.73279571657015,36.219846224221875,touches_land_or_unmapped,,,,,,,,,,,,,,,,,,,,,,,,,,,
0,2900.0,434185.05497649923,4008599.1589616435,-75.73227493410415,36.22000468137456,touches_land_or_unmapped,,,,,,,,,,,,,,,,,,,,,,,,,,,
0,2950.0,434231.99514759344,4008616.3816309385,-75.73175414950339,36.22016313628049,touches_land_or_unmapped,,,,,,,,,,,,,,,,,,,,,,,,,,,
0,3000.0,434278.93531868764,4008633.604300233,-75.73123336276788,36.220321588939626,touches_land_or_unmapped,,,,,,,,,,,,,,,,,,,,,,,,,,,
0,3050.0,434325.8754897819,4008650.826969528,-75.73071257389769,36.220480039351926,touches_land_or_unmapped,,,,,,,,,,,,,,,,,,,,,,,,,,,
0,3100.0,434372.8156608761,4008668.049638823,-75.73019178289283,36.22063848751732,touches_land_or_unmapped,,,,,,,,,,,,,,,,,,,,,,,,,,,
0,3150.0,434419.7558319703,4008685.272308118,-75.72967098975334,36.22079693343582,touches_land_or_unmapped,,,,,,,,,,,,,,,,,,,,,,,,,,,
0,3200.0,434466.6960030645,4008702.494977413,-75.72915019447926,36.22095537710736,touches_land_or_unmapped,,,,,,,,,,,,,,,,,,,,,,,,,,,
0,3250.0,434513.6361741588,4008719.7176467082,-75.7286293970706,36.22111381853191,touches_land_or_unmapped,,,,,,,,,,,,,,,,,,,,,,,,,,,
0,3300.0,434560.576345253,4008736.9403160033,-75.72810859752742,36.22127225770942,touches_land_or_unmapped,,,,,,,,,,,,,,,,,,,,,,,,,,,
0,3350.0,434607.5165163472,4008754.1629852983,-75.72758779584974,36.22143069463984,touches_land_or_unmapped,,,,,,,,,,,,,,,,,,,,,,,,,,,
0,3400.0,434654.4566874414,4008771.3856545934,-75.72706699203759,36.22158912932316,touches_land_or_unmapped,,,,,,,,,,,,,,,,,,,,,,,,,,,
0,3450.0,434701.39685853565,4008788.6083238884,-75.72654618609103,36.22174756175933,touches_land_or_unmapped,,,,,,,,,,,,,,,,,,,,,,,,,,,
0,3500.0,434748.33702962985,4008805.8309931834,-75.72602537801005,36.22190599194829,touches_land_or_unmapped,,,,,,,,,,,,,,,,,,,,,,,,,,,
1,250.0,432018.23544309376,4006824.4475853965,-75.75622772920022,36.20385599569406,touches_land_or_unmapped,,,,,,,,,,,,,,,,,,,,,,,,,,,
1,300.0,432065.1170237807,4006841.829109849,-75.75570776665982,36.20401598138485,touches_land_or_unmapped,,,,,,,,,,,,,,,,,,,,,,,,,,,
1,350.0,432111.99860446766,4006859.2106343014,-75.75518780196809,36.204175964837304,touches_land_or_unmapped,,,,,,,,,,,,,,,,,,,,,,,,,,,
1,400.0,432158.8801851546,4006876.5921587544,-75.75466783512509,36.20433594605138,touches_land_or_unmapped,,,,,,,,,,,,,,,,,,,,,,,,,,,
1,450.0,432205.76176584157,4006893.973683207,-75.75414786613081,36.20449592502702,touches_land_or_unmapped,,,,,,,,,,,,,,,,,,,,,,,,,,,
1,500.0,432252.64334652846,4006911.3552076593,-75.75362789498531,36.20465590176419,touches_land_or_unmapped,,,,,,,,,,,,,,,,,,,,,,,,,,,
1,550.0,432299.5249272154,4006928.736732112,-75.75310792168861,36.20481587626286,touches_land_or_unmapped,,,,,,,,,,,,,,,,,,,,,,,,,,,
1,600.0,432346.4065079024,4006946.1182565643,-75.75258794624075,36.20497584852299,touches_land_or_unmapped,,,,,,,,,,,,,,,,,,,,,,,,,,,
1,650.0,432393.2880885893,4006963.4997810167,-75.75206796864175,36.205135818544534,touches_land_or_unmapped,,,,,,,,,,,,,,,,,,,,,,,,,,,
1,700.0,432440.1696692763,4006980.881305469,-75.75154798889169,36.20529578632745,touches_land_or_unmapped,,,,,,,,,,,,,,,,,,,,,,,,,,,
1,750.0,432487.05124996323,4006998.2628299217,-75.75102800699052,36.205455751871696,touches_land_or_unmapped,,,,,,,,,,,,,,,,,,,,,,,,,,,
1,800.0,432533.9328306502,4007015.644354374,-75.75050802293835,36.20561571517725,touches_land_or_unmapped,,,,,,,,,,,,,,,,,,,,,,,,,,,
1,850.0,432580.81441133714,4007033.0258788266,-75.74998803673516,36.20577567624405,touches_land_or_unmapped,,,,,,,,,,,,,,,,,,,,,,,,,,,
1,900.0,432627.6959920241,4007050.407403279,-75.749468048381,36.20593563507208,touches_land_or_unmapped,,,,,,,,,,,,,,,,,,,,,,,,,,,
1,950.0,432674.57757271104,4007067.7889277316,-75.74894805787591,36.206095591661274,ok,110.0811864166776,IW,0,22226.497504197578,1561.9832079256653,130,126,9.840898155240694,10.126716019756737,0.0,0.4238328304404071,affine_dtft,44.16723370824292,1,identified,6,117.43328484515997,60.87450633777648,104.58906445494591,0.060074973802698176,60.64224645720873,12,10.608066642261404,True,9.84839880042369,11.227351547485329,8.636325401656313
1,1000.0,432721.459153398,4007085.170452184,-75.74842806521993,36.206255546011604,ok,111.49604923305527,IW,0,22231.483431596545,1562.9460510387544,130,126,9.83959865580595,10.126769245659643,0.0,0.41854150431104314,affine_dtft,44.16985909128091,1,identified,5,117.02698050085971,60.67243527971888,109.91385711289855,0.057164633033720054,60.25511870305778,9,9.13661632027771,True,10.132668394413168,11.54295391862966,8.894289624810051
1,1050.0,432768.34073408495,4007102.5519766365,-75.74790807041306,36.20641549812304,ok,111.91813623358203,IW,0,22236.47001600466,1563.9087884541639,130,126,9.838318296408964,10.12682240785774,0.0,0.41325197788380374,affine_dtft,44.1724848188333,1,identified,2,116.49528075913622,60.5175575086313,115.74063768218832,0.054286769392376734,61.44860812703981,7,12.846815663904058,True,10.218529484376226,11.638318813509002,8.97219012435821
1,1100.0,432815.2223147719,4007119.933501089,-75.74738807345537,36.20657544799553,ok,113.46888685890163,IW,0,22241.457247890197,1564.871421483286,130,126,9.8370570860624,10.126875506001213,0.0,0.40796434120461467,affine_dtft,44.175110885874524,1,identified,2,115.75487417741579,60.4452234399838,115.74063768218832,0.054286769392376734,61.44860812703981,7,14.22381625569467,True,10.538215504955106,11.993561908017941,9.262167937681259
1,1150.0,432862.10389545886,4007137.3150255415,-75.74686807434685,36.20673539562904,ok,112.62942557068656,IW,0,22246.445117709532,1565.8339514394384,130,126,9.83581503090178,10.126928534568677,0.0,0.40267867588749007,affine_dtft,44.177737287372764,1,identified,3,114.81805742805787,60.475057170240184,113.6064842356891,0.05530657294300588,60.78075330951541,6,15.320423922052203,True,10.364331181018766,11.800303200193428,9.104456380485557
1,1200.0,432908.9854761458,4007154.6965499944,-75.74634807308757,36.20689534102353,ok,110.6498927374738,IW,0,22251.433615906048,1566.7963796374881,130,126,9.834592145463052,10.126981499516198,0.0,0.39739507047919936,affine_dtft,44.18036401828935,1,identified,2,108.71831889733924,61.59196987491446,112.34281758154388,0.055928678329782364,59.898695434400295,7,15.141278327886285,True,9.962009124101886,11.353460290226941,8.739431572775358
1,1250.0,432955.86705683277,4007172.078074447,-75.74582806967756,36.20705528417895,ok,108.67035990426105,IW,0,22256.422732909923,1567.7587073937368,130,126,9.833388437320773,10.127034394077906,0.0,0.3921136261671377,affine_dtft,44.182991073578634,1,identified,5,108.01650798390764,60.912123848502986,105.71655067182319,0.05943426329416038,59.198554023863146,5,14.339586777832086,True,9.570298685362129,10.9187858788914,8.38389188943019
1,1300.0,433002.7486375197,4007189.4595988994,-75.74530806411683,36.20721522509527,ok,107.43632882140403,IW,0,22261.41245914091,1568.720936026411,130,126,9.832203914016247,10.127087224936727,0.0,0.3868344411663303,affine_dtft,44.18561844818949,1,identified,8,107.07605851711585,60.081830748232896,105.84297351612453,0.05936327276578621,60.25511870305778,6,13.459685012544872,True,9.331361035388085,10.653810995545257,8.166960334513085
1,1350.0,433049.6302182067,4007206.841123352,-75.74478805640541,36.207375163772454,ok,114.85143698443272,IW,0,22266.402785005743,1569.683066854369,130,126,9.831038587574467,10.127139991634476,0.0,0.3815576232301207,affine_dtft,44.18824613706393,1,identified,9,139.67066633438262,69.29421504951758,105.84297351612453,0.05936327276578621,60.25511870305778,6,10.958958339257709,True,10.82892093633278,12.316847202566997,9.525756180823109
1,1400.0,433096.5117988936,4007224.2226478043,-75.74426804654337,36.20753510021045,ok,,IW,0,22271.393700899876,1570.6451011985391,130,126,9.829892463610458,10.127192691607382,0.0,0.3762832860252442,affine_dtft,44.190874135138024,1,ambiguous_multiple_blobs,4,138.38974752622664,69.36938886304348,142.00325023365863,0.04424677109038664,70.55996517182382,2,12.419901616134608,False,,,
1,1450.0,433143.3933795805,4007241.604172257,-75.74374803453071,36.20769503440923,ok,130.80454665492547,IW,0,22276.385197207477,1571.6070403809197,130,126,9.828765561352114,10.127245324576638,0.0,0.3710115426495535,affine_dtft,44.19350243734187,1,identified,2,137.15935752001135,69.21642611140354,142.00325023365863,0.04424677109038664,70.55996517182382,2,12.973568240499322,True,14.609175715071773,16.54782631909581,12.940662372684052
1,1500.0,433190.2749602675,4007258.9856967092,-75.74322802036747,36.20785496636876,ok,136.96969888734176,IW,0,22281.377264300143,1572.5688857255918,130,126,9.827657873308755,10.127297895203547,0.0,0.36574252703064825,affine_dtft,44.19613103859898,1,identified,2,135.8351557634289,68.92642563826615,142.00325023365863,0.04424677109038664,70.55996517182382,2,11.230828932431432,True,16.308184316510555,18.47010636815135,14.465162523480377
1,1550.0,433237.1565409544,4007276.3672211617,-75.74270800405368,36.20801489608895,ok,134.86163678410293,IW,0,22286.369892538976,1573.5306385569593,130,126,9.826569424680638,10.127350397734919,0.0,0.3604763668592894,affine_dtft,44.198759933827304,1,identified,5,134.6795505917329,69.06894839097008,133.36871263626006,0.04711138904306499,69.67686317033706,3,11.527370847527699,True,15.710519579451615,17.79218089622272,13.929753492112827
1,1600.0,433284.0381216414,4007293.748745614,-75.74218798558938,36.208174823569834,ok,131.74686441160068,IW,0,22291.36307227549,1574.4923002017322,130,126,9.825500211939492,10.1274028376765,0.0,0.35527743741304374,affine_dtft,44.20138911793975,1,identified,7,117.45780436829924,88.98573007685368,130.5035824457897,0.04814569216741294,69.71744091108341,5,9.984060429020424,True,14.859424042029765,16.830038050866392,13.165672987892838
1,1650.0,433330.91970232833,4007311.1302700667,-75.7416679649746,36.208334748811325,ok,128.63209203909847,IW,0,22296.356793848045,1575.4538719865918,130,126,9.824450249211226,10.127455212343067,0.0,0.35001762304799566,affine_dtft,44.204018585842306,1,identified,7,116.59382607794063,88.75511504112177,126.42938837114751,0.049697189776277316,69.77514056883193,4,7.223292880095376,True,14.044581571016833,15.912205612043882,12.432460146062619
1,1700.0,433377.8012830153,4007328.511794519,-75.74114794220937,36.20849467181338,ok,127.48753333192455,IW,0,22301.351047585296,1576.4153552408914,130,126,9.823419539049008,10.127507523309323,0.0,0.34476111393168346,affine_dtft,44.206648332435805,1,identified,6,115.86198444509257,88.54701594432764,126.42938837114751,0.049697189776277316,69.77514056883193,4,6.792846411216146,True,13.753878445176762,15.585497537676225,12.170508395523298
1,1750.0,433424.68286370224,4007345.8933189716,-75.74062791729372,36.208654592576,ok,128.18612167938554,IW,0,22306.34582380602,1577.3767512951688,130,126,9.822408099961468,10.127559761944548,0.0,0.33950808376292907,affine_dtft,44.20927835261592,1,identified,9,115.24883863773766,88.36028847399919,126.42938837114751,0.049697189776277316,69.77514056883193,4,6.6304179692232665,True,13.930764904776185,15.784247480158067,12.329922687371603
1,1800.0,433471.5644443892,4007363.274843424,-75.74010789022769,36.20881451109911,ok,131.03168750184756,IW,0,22311.341112817718,1578.3380614800149,130,126,9.821415932809579,10.127611949284892,0.0,0.33425870290764337,affine_dtft,44.211908641272366,1,identified,5,127.46013120375687,68.88990913256985,127.64591910039049,0.04922355020404538,68.55226367289467,3,8.033484299785114,True,14.6691964115669,16.615485715701624,12.994643839631559
1,1850.0,433518.44602507615,4007380.6563678766,-75.7395878610113,36.20897442738269,ok,133.87725332430958,IW,0,22316.336904918007,1579.299287128916,130,126,9.820443037397775,10.12766406151336,0.0,0.32901315935341624,affine_dtft,44.21453919328964,1,identified,6,128.23187442636277,68.59515972558053,133.99652418309475,0.04689065888451071,83.99099404250548,4,5.5509074461895676,True,15.437498172122748,17.483132390948633,13.684849780224376
1,1900.0,433565.3276057631,4007398.037892329,-75.7390678296446,36.20913434142668,ok,136.5048104347769,IW,0,22321.33319039541,1580.2604295747017,130,126,9.819489441171267,10.127716112246462,0.0,0.32377166346982134,affine_dtft,44.21717000354745,1,identified,8,129.0870393105776,68.37191203659904,140.65721748345757,0.044670194815410305,74.05460409907712,4,6.341861127429501,True,16.174834401878943,18.318679133977522,14.345788557141926
1,1950.0,433612.20918645005,4007415.4194167815,-75.73854779612759,36.209294253231064,ok,137.48598171631792,IW,0,22326.32995952874,1581.2214901525003,130,126,9.818555140773094,10.127768101943435,0.0,0.31853441507799746,affine_dtft,44.21980106692041,1,identified,4,129.80651786453515,68.23827460464983,140.65721748345757,0.044670194815410305,74.05460409907712,4,7.574595833867244,True,16.45732019954133,18.639577622199567,14.598608532122174
1,2000.0,433659.090767137,4007432.8009412345,-75.73802776046035,36.20945416279578,ok,138.6001116643958,IW,0,22331.327202585246,1582.1824701986322,130,126,9.81764014411313,10.12782002305726,0.0,0.3133016523493042,affine_dtft,44.22243237827701,1,identified,4,130.33028010887378,68.17528579752216,139.56717392348426,0.04501907669653219,70.90650799951437,3,12.237144600518734,True,16.782948321086216,19.010047732809944,14.889757052977965
1,2050.0,433705.97234782396,4007450.182465687,-75.73750772264289,36.20961407012079,ok,136.9790232693234,IW,0,22336.324909824703,1583.1433710499277,130,126,9.816744455630324,10.12787188406274,0.0,0.30807361469247996,affine_dtft,44.2250639324818,1,identified,3,130.7229441487658,68.12989973754298,132.55177550809543,0.04740174383251357,68.74949449286677,2,12.236491841312182,True,16.310868030081245,18.47315491269268,14.467564453099454
1,2100.0,433752.8539285109,4007467.5639901394,-75.73698768267522,36.20977397520606,ok,135.357934874251,IW,0,22341.323071497703,1584.1041940447103,130,126,9.81586808526743,10.1279236798943,0.0,0.3028505611078026,affine_dtft,44.22769572439452,1,identified,3,131.07488092382158,68.04723720316512,139.56717392348426,0.04501907669653219,70.90650799951437,3,11.147890019817632,True,15.849618254702838,17.949786109561842,14.054450292473566
1,2150.0,433799.73550919787,4007484.945514592,-75.73646764055741,36.209933878051565,ok,133.95485519117318,IW,0,22346.321677845117,1585.064940522563,130,126,9.815011040974582,10.127975410159099,0.0,0.29772906286256984,affine_dtft,44.23032774886977,1,identified,3,131.43084475198003,67.88969597191199,132.55177550809543,0.04740174383251357,68.74949449286677,2,14.25676975435472,True,15.45888371899021,17.50732586133728,13.70403998759913
1,2200.0,433846.6170898848,4007502.3270390444,-75.73594759628946,36.210093778657246,ok,133.95485519117318,IW,0,22351.320719099065,1586.0256118234697,130,126,9.814173326571908,10.128027082057686,0.0,0.29266754720213173,affine_dtft,44.23296000075754,1,identified,3,131.768551039778,67.6479537590899,132.55177550809543,0.04740174383251357,68.74949449286677,2,17.391199581473096,True,15.45888371899021,17.50732586133728,13.70403998759913
1,2250.0,433893.4986705718,4007519.708563497,-75.73542754987143,36.210253677023054,ok,132.034282233897,IW,0,22356.32018548385,1586.9862092883927,130,126,9.813354950408748,10.12807868299063,0.0,0.287616500485664,affine_dtft,44.23559247490368,1,identified,1,132.03445194816288,67.32348490350999,132.55177550809543,0.04740174383251357,68.74949449286677,2,17.11206867444868,True,14.93641015012411,16.916918664275276,13.2348640476075
1,2300.0,433940.3802512587,4007537.0900879493,-75.73490750130334,36.21041357314898,ok,132.7278828561492,IW,0,22361.32006721397,1587.946734260633,130,126,9.81255592012814,10.1281302281274,0.0,0.2825764728954428,affine_dtft,44.238225166148915,1,identified,1,132.17240759625304,66.93512736859974,132.55177550809543,0.04740174383251357,68.74949449286677,2,16.932272756767496,True,15.123474489595294,17.128147377832654,13.402925887839196
1,2350.0,433987.2618319457,4007554.471612402,-75.73438745058522,36.21057346703496,ok,132.21038958195075,IW,0,22366.320354497417,1588.9071880825063,130,126,9.811776241931504,10.1281817031124,0.0,0.2775480486483899,affine_dtft,44.24085806933051,1,identified,1,132.12407967364996,66.50929884643003,129.96430913710324,0.048345467681833065,66.03751102542182,1,17.13048853726677,True,14.983734393651515,16.970339668715198,13.27738926668249
1,2400.0,434034.1434126326,4007571.8531368542,-75.7338673977171,36.210733358680976,ok,131.6928963077523,IW,0,22371.32103753196,1589.8675720990655,130,126,9.811015919279798,10.128233122655544,0.0,0.27253186033374505,affine_dtft,44.243491179280355,1,identified,3,131.81202633851518,66.08041147228634,136.01977861935637,0.046193174043921384,67.06789956241022,3,18.487612490018353,True,14.84500290541373,16.81376669615419,13.152710397407885
1,2450.0,434081.02499331953,4007589.2346613067,-75.73334734269903,36.21089324808696,ok,131.17540303355386,IW,0,22376.32210650971,1590.8278876549518,130,126,9.810274959602022,10.128284474267732,0.0,0.26752858052826617,affine_dtft,44.24612449082737,1,identified,1,131.17056895187005,65.70125747561065,129.96430913710324,0.048345467681833065,66.03751102542182,1,21.633938425216368,True,14.707270653296867,16.65841454750701,13.028882562382844
1,2500.0,434127.9065740065,4007606.616185759,-75.73282728553102,36.2110531352529,ok,129.53589770684331,IW,0,22381.323551613776,1591.7881360962128,130,126,9.809553373202595,10.128335765369599,0.0,0.2625389369836723,affine_dtft,44.2487579987957,1,identified,1,130.16312783373823,65.43353704278165,129.96430913710324,0.048345467681833065,66.03751102542182,1,22.570914940866512,True,14.277405786923419,16.174140388767093,12.642119824268057
1,2550.0,434174.78815469344,4007623.9977102117,-75.73230722621311,36.21121302017874,ok,125.97894786896138,IW,0,22386.32536302044,1592.7483187695761,130,126,9.808851159895728,10.128386991398488,0.0,0.2575637062874785,affine_dtft,44.25139169800593,1,identified,1,128.86482185698281,65.34938656402957,129.96430913710324,0.048345467681833065,66.03751102542182,1,20.73916387484208,True,13.377645283342853,15.163212748348453,11.831212671701078
1,2600.0,434221.6697353804,4007641.379234664,-75.73178716474533,36.21137290286443,ok,123.33127657402345,IW,0,22391.327530898532,1593.7084370222926,131,126,9.808168328414116,10.128438156744611,0.0,0.2526037283811595,affine_dtft,44.2540255832747,1,identified,3,127.41062579169494,65.52372099528874,121.7667825035505,0.05160015874605523,64.65382405805329,4,15.071953823216997,True,12.73583302706538,14.444197260218843,11.251739780665694
1,2650.0,434268.55131606734,4007658.7607591166,-75.73126710112773,36.211532783309956,ok,121.69177124731289,IW,0,22396.33004540838,1594.6684922042746,131,126,9.807504882508994,10.128489262048113,0.0,0.24765989933939914,affine_dtft,44.25665964941416,1,identified,4,126.19332415640453,65.80497607176733,118.23502942994662,0.05314148723498502,64.85521436932105,5,12.920161455809419,True,12.349864948377833,14.01258016506137,10.902879578642791
1,2700.0,434315.4328967543,4007676.142283569,-75.73074703536032,36.21169266151526,ok,117.71150873598044,IW,0,22401.33289670648,1595.6284856633,131,126,9.80686082865985,10.128540301627545,0.0,0.24273319727541723,affine_dtft,44.25929389123445,1,identified,5,113.99761134972357,64.2317278022521,116.7259526624136,0.053828520255057265,65.77225468204581,4,13.059335782424068,True,11.447793239843413,13.00591976755913,10.086531881504133
1,2750.0,434362.31447744125,4007693.5238080216,-75.73022696744314,36.211852537480304,ok,116.69769029408792,IW,0,22406.336074939954,1596.588418749936,131,126,9.806236172855378,10.12859128317959,0.0,0.2378246722424431,affine_dtft,44.261928303540785,1,identified,1,113.12115299305846,64.25443872845895,121.7667825035505,0.05160015874605523,64.65382405805329,2,12.674643052717537,True,11.225680868750711,12.758475524272091,9.885331566575351
1,2800.0,434409.1960581282,4007710.9053324745,-75.72970689737625,36.212012411205066,ok,116.18524391546838,IW,0,22411.339570249795,1597.5482928151887,131,126,9.805630918451415,10.128642198084858,0.0,0.23293545357659137,affine_dtft,44.264562881135134,1,identified,3,112.40363497143873,64.24060715814545,110.062996580441,0.057087172822770066,64.5366549381284,2,16.483967228799493,True,11.114563142224505,12.634743356615651,9.784649287909058
1,2850.0,434456.07763881516,4007728.286856927,-75.72918682515963,36.21217228268949,touches_land_or_unmapped,,,,,,,,,,,,,,,,,,,,,,,,,,,
1,2900.0,434502.9592195021,4007745.6683813795,-75.72866675079334,36.21233215193352,touches_land_or_unmapped,,,,,,,,,,,,,,,,,,,,,,,,,,,
1,2950.0,434549.84080018906,4007763.049905832,-75.72814667427743,36.21249201893714,touches_land_or_unmapped,,,,,,,,,,,,,,,,,,,,,,,,,,,
1,3000.0,434596.722380876,4007780.4314302844,-75.72762659561191,36.212651883700325,touches_land_or_unmapped,,,,,,,,,,,,,,,,,,,,,,,,,,,
1,3050.0,434643.60396156297,4007797.812954737,-75.7271065147968,36.212811746223,touches_land_or_unmapped,,,,,,,,,,,,,,,,,,,,,,,,,,,
1,3100.0,434690.4855422499,4007815.1944791893,-75.72658643183216,36.21297160650514,touches_land_or_unmapped,,,,,,,,,,,,,,,,,,,,,,,,,,,
1,3150.0,434737.3671229369,4007832.576003642,-75.72606634671801,36.213131464546706,touches_land_or_unmapped,,,,,,,,,,,,,,,,,,,,,,,,,,,
1,3200.0,434784.24870362383,4007849.9575280943,-75.72554625945439,36.21329132034765,touches_land_or_unmapped,,,,,,,,,,,,,,,,,,,,,,,,,,,
1,3250.0,434831.1302843108,4007867.339052547,-75.72502617004132,36.213451173907956,touches_land_or_unmapped,,,,,,,,,,,,,,,,,,,,,,,,,,,
1,3300.0,434878.01186499774,4007884.7205769992,-75.72450607847884,36.21361102522756,touches_land_or_unmapped,,,,,,,,,,,,,,,,,,,,,,,,,,,
1,3350.0,434924.8934456847,4007902.1021014517,-75.723985984767,36.21377087430642,touches_land_or_unmapped,,,,,,,,,,,,,,,,,,,,,,,,,,,
1,3400.0,434971.7750263716,4007919.483625904,-75.72346588890579,36.21393072114453,touches_land_or_unmapped,,,,,,,,,,,,,,,,,,,,,,,,,,,
1,3450.0,435018.65660705854,4007936.8651503567,-75.72294579089528,36.214090565741806,touches_land_or_unmapped,,,,,,,,,,,,,,,,,,,,,,,,,,,
1,3500.0,435065.5381877455,4007954.246674809,-75.72242569073548,36.214250408098245,touches_land_or_unmapped,,,,,,,,,,,,,,,,,,,,,,,,,,,
2,250.0,432336.2540872626,4005953.8573321416,-75.75261524223369,36.196030043272835,touches_land_or_unmapped,,,,,,,,,,,,,,,,,,,,,,,,,,,
2,300.0,432383.2893158697,4005970.818678488,-75.75209357842454,36.19618623583994,touches_land_or_unmapped,,,,,,,,,,,,,,,,,,,,,,,,,,,
2,350.0,432430.3245444767,4005987.7800248344,-75.7515719125077,36.196342426153656,touches_land_or_unmapped,,,,,,,,,,,,,,,,,,,,,,,,,,,
2,400.0,432477.35977308376,4006004.741371181,-75.75105024448322,36.19649861421395,touches_land_or_unmapped,,,,,,,,,,,,,,,,,,,,,,,,,,,
2,450.0,432524.3950016908,4006021.7027175273,-75.75052857435111,36.19665480002079,touches_land_or_unmapped,,,,,,,,,,,,,,,,,,,,,,,,,,,
2,500.0,432571.43023029785,4006038.6640638737,-75.75000690211142,36.19681098357412,touches_land_or_unmapped,,,,,,,,,,,,,,,,,,,,,,,,,,,
2,550.0,432618.46545890486,4006055.62541022,-75.74948522776418,36.196967164873904,touches_land_or_unmapped,,,,,,,,,,,,,,,,,,,,,,,,,,,
2,600.0,432665.5006875119,4006072.5867565665,-75.74896355130943,36.19712334392013,touches_land_or_unmapped,,,,,,,,,,,,,,,,,,,,,,,,,,,
2,650.0,432712.53591611894,4006089.548102913,-75.74844187274718,36.19727952071273,touches_land_or_unmapped,,,,,,,,,,,,,,,,,,,,,,,,,,,
2,700.0,432759.571144726,4006106.5094492594,-75.7479201920775,36.19743569525167,touches_land_or_unmapped,,,,,,,,,,,,,,,,,,,,,,,,,,,
2,750.0,432806.606373333,4006123.470795606,-75.7473985093004,36.19759186753692,touches_land_or_unmapped,,,,,,,,,,,,,,,,,,,,,,,,,,,
2,800.0,432853.6416019401,4006140.432141952,-75.74687682441592,36.19774803756843,touches_land_or_unmapped,,,,,,,,,,,,,,,,,,,,,,,,,,,
2,850.0,432900.6768305471,4006157.3934882986,-75.74635513742409,36.19790420534617,touches_land_or_unmapped,,,,,,,,,,,,,,,,,,,,,,,,,,,
2,900.0,432947.7120591542,4006174.354834645,-75.74583344832496,36.1980603708701,touches_land_or_unmapped,,,,,,,,,,,,,,,,,,,,,,,,,,,
2,950.0,432994.7472877612,4006191.3161809915,-75.74531175711854,36.19821653414018,touches_land_or_unmapped,,,,,,,,,,,,,,,,,,,,,,,,,,,
2,1000.0,433041.78251636826,4006208.277527338,-75.74479006380487,36.198372695156365,ok,125.56848374337098,IW,0,22249.32779071134,1472.411228333971,130,126,9.835222705395145,10.12006777040164,0.0,0.405482943677582,affine_dtft,44.179448830199284,1,identified,7,123.80298224700113,68.09358300719592,126.2447749043955,0.04976986423349251,67.98871680208066,5,16.549848893335707,True,13.276618222481474,15.049921901200245,11.740053348143816
2,1050.0,433088.81774497527,4006225.2388736843,-75.74426836838401,36.19852885391862,ok,125.48394734824292,IW,0,22254.32495463878,1473.3307179307849,130,126,9.834008661495035,10.120123225754071,0.0,0.4002176548701002,affine_dtft,44.18208030877601,1,identified,8,130.1041621974494,70.08647999020853,125.23033816285873,0.050173028352031364,65.9426505499883,6,15.823105545252766,True,13.255881812281043,15.026673523130311,11.721339748317547
2,1100.0,433135.85297358234,4006242.2002200307,-75.74374667085597,36.19868501042691,ok,125.4900231762819,IW,0,22259.322734059875,1474.250107400203,130,126,9.832813860003563,10.120178624051128,0.0,0.39495489807729495,affine_dtft,44.18471211007253,1,identified,3,130.45684536603667,70.05048942543219,125.23033816285873,0.050173028352031364,65.9426505499883,6,15.095688040938791,True,13.257371386200209,15.028343481784871,11.722684045582644
2,1150.0,433182.88820218935,4006259.161566377,-75.74322497122078,36.19884116468118,ok,123.36939553593302,IW,0,22264.32111934192,1475.1693980677398,130,126,9.831638302729631,10.120233959480073,0.0,0.3896948000324986,affine_dtft,44.18734422900993,1,identified,3,130.6447639876437,69.98695906448381,125.23033816285873,0.050173028352031364,65.9426505499883,6,13.273885570537002,True,12.744909717163504,14.454354323038688,11.259940480944389
2,1200.0,433229.9234307964,4006276.1229127236,-75.74270326947847,36.1989973166814,ok,123.76481244735888,IW,0,22269.32010084099,1476.0885912608846,130,126,9.830482008375844,10.120289232706027,0.0,0.38443747536999967,affine_dtft,44.18997666050333,1,identified,3,128.9599596338091,96.78149335855463,125.51432648843777,0.050059507013794045,64.44003482817622,5,11.901730140496772,True,12.839342967538428,14.560046777058341,11.345250664489132
2,1250.0,433276.95865940343,4006293.08425907,-75.74218156562911,36.19915346642754,ok,123.66469231605284,IW,0,22274.319668901095,1477.0076883080178,130,126,9.829344982265704,10.120344445543552,0.0,0.3791830598987579,affine_dtft,44.19260939946151,1,identified,4,128.63548939764567,96.42595604685981,115.64163670265114,0.054333244377503184,63.14557865948141,8,11.240640772216091,True,12.815384196413277,14.533228113335102,11.323608135596581
2,1300.0,433323.9938880105,4006310.0456054164,-75.7416598596727,36.19930961391956,ok,123.2158228282519,IW,0,22279.319813855232,1477.9266905395718,130,126,9.828227232640868,10.120399597556204,0.0,0.37393168393711135,affine_dtft,44.195242440787425,1,identified,4,128.34453259148958,95.73842132491295,127.20742271998802,0.049393228577630115,63.434948822921996,4,11.009651821325184,True,12.708370512772516,14.413467908955262,11.226926717628166
2,1350.0,433371.0291166175,4006327.006951763,-75.74113815160929,36.199465759157405,ok,122.88392925781184,IW,0,22284.320526024523,1478.8455992866398,130,126,9.827128764277965,10.12045468624898,0.0,0.3686834995804208,affine_dtft,44.197875779377796,1,identified,4,128.3007771412369,94.24226678796775,124.72973750632853,0.050374396938507066,92.79270236571331,4,11.145954527586683,True,12.629664344467448,14.325415299674653,11.15580586723734
2,1400.0,433418.0643452246,4006343.9682981092,-75.7406164414389,36.199621902141054,ok,124.36643613340092,IW,0,22289.321795718883,1479.7644158824462,130,126,9.826049594213975,10.120509717041902,0.0,0.3634386581559143,affine_dtft,44.20050941012344,1,identified,3,124.09537847425261,92.19077929248353,122.98599072385409,0.0510886261939175,92.20259816176579,5,12.931558014373255,True,12.984002654439257,14.722022328412788,11.475901546001978
2,1450.0,433465.0995738316,4006360.9296444557,-75.74009472916158,36.199778042870456,ok,123.53578580552262,IW,0,22294.323613237284,1480.6831416610776,130,126,9.824989728627639,10.120564688847331,0.0,0.3581973175799526,affine_dtft,44.20314332790937,1,identified,3,123.9765973213627,91.37958667194039,123.85485863623737,0.05073022872387548,90.92404535277268,6,14.097924300165761,True,12.784584947460935,14.498755751019681,11.295784820489496
2,1500.0,433512.13480243867,4006377.890990802,-75.73957301477736,36.19993418134557,ok,123.20067252037623,IW,0,22299.32596886913,1481.601777957411,130,126,9.823949173781017,10.120619594296448,0.0,0.35295965138730306,affine_dtft,44.2057775276156,1,identified,3,124.01454654782361,90.79234129810456,123.05417108059655,0.05106031962999694,88.8982938847936,5,15.98861339938338,True,12.704769974380536,14.409439280916262,11.223673436045013
2,1550.0,433559.1700310457,4006394.852337149,-75.73905129828627,36.20009031756638,ok,122.95683087631548,IW,0,22304.32885289117,1482.5203261087593,130,126,9.82292793522967,10.120674442126862,0.0,0.34772584153303326,affine_dtft,44.208412004115445,1,identified,4,124.16000855369525,90.29615625721418,123.05417108059655,0.05106031962999694,88.8982938847936,5,17.127948077552322,True,12.6469219757302,14.344720251256323,11.17140128656197
2,1600.0,433606.20525965275,4006411.8136834954,-75.73852957968835,36.20024645153281,ok,122.53921564977809,IW,0,22309.332255570946,1483.4387874530978,130,126,9.8219260264585,10.120729231227445,0.0,0.3425622195172592,affine_dtft,44.21104675227738,1,identified,4,124.45693226142522,89.65360680307181,123.05417108059655,0.05106031962999694,88.8982938847936,5,17.485092122327536,True,12.548293480854806,14.234406535037918,11.082264978178943
2,1650.0,433653.24048825976,4006428.775029842,-75.73800785898362,36.20040258324486,ok,122.01083566427887,IW,0,22314.336167165675,1484.3571633293616,130,126,9.820943454457401,10.120783956929179,0.0,0.3373369466480003,affine_dtft,44.213681766964434,1,identified,4,124.583906813445,89.1689048859571,121.76678250355044,0.05160015874605525,87.27368900609372,4,15.122537969506723,True,12.42430559167012,14.095781249109836,10.970184523892707
2,1700.0,433700.27571686683,4006445.736376188,-75.73748613617212,36.20055871270247,ok,121.48245567877966,IW,0,22319.34057792141,1485.2754550781763,130,126,9.819980221030479,10.120838623340417,0.0,0.33211614541973683,affine_dtft,44.21631704303376,1,identified,4,124.5986874948053,88.73354497542446,121.76678250355044,0.05160015874605525,87.27368900609372,4,14.122051046938811,True,12.301204630366056,13.958204421922126,10.858878375607523
2,1750.0,433747.31094547384,4006462.6977225346,-75.7369644112539,36.20071483990558,ok,120.58320390861181,IW,0,22324.345478076622,1486.1936640409476,130,126,9.819036341892199,10.120893230197083,0.0,0.3269000481326367,affine_dtft,44.21895257533849,1,identified,4,124.4735149298051,88.3946767148288,120.41227115310043,0.05218060623730544,85.6839724801344,5,13.14361266059921,True,12.093717692883116,13.7264440059116,10.6712113318533
2,1800.0,433794.3461740809,4006479.659068881,-75.73644268422898,36.200870964854175,ok,119.70941207766391,IW,0,22329.350857857826,1487.111791560478,130,126,9.818111819794025,10.120947777958424,0.0,0.3216889011000869,affine_dtft,44.2215883587255,1,identified,5,124.27670942379828,88.2080517286376,120.41227115310043,0.05218060623730544,85.6839724801344,5,11.60615254261885,True,11.894513682156274,13.504080405920762,10.490967035039017
2,1850.0,433841.3814026879,4006496.6204152275,-75.73592095509738,36.201027087548226,ok,119.19506947119228,IW,0,22334.356707482944,1488.0298389809143,130,126,9.817206669667096,10.12100226378,0.0,0.3164829583581246,affine_dtft,44.224224388037086,1,identified,6,124.19479821227202,88.16696562234843,118.55791222975725,0.052996760730765875,84.68545433005525,8,10.501940579204392,True,11.778353021182602,13.374478777615321,10.385832075482554
2,1900.0,433888.416631295,4006513.581761574,-75.73539922385916,36.20118320798768,ok,114.32024158184373,IW,0,22339.36301716105,1488.9478076468693,130,126,9.816320885507917,10.121056695388734,0.0,0.3112825054313961,affine_dtft,44.22686065811092,1,identified,7,108.07105261233981,60.127157297507054,117.39782334881102,0.053520458284060865,84.73760460040488,7,11.452802492828864,True,10.716585975154945,12.19189397338234,9.423912079009428
2,1950.0,433935.451859902,4006530.5431079203,-75.73487749051435,36.2013393261725,ok,,IW,0,22344.369777090928,1489.8656989047493,130,126,9.815454484590727,10.12111106310859,0.0,0.30608783429914765,affine_dtft,44.22949716377924,1,ambiguous_multiple_blobs,8,109.77752527435754,80.78739501195987,134.55061279427503,0.04669755994932881,86.98721249581665,2,6.615530621796189,False,,,
2,2000.0,433982.4870885091,4006547.5044542667,-75.73435575506298,36.20149544210264,ok,103.05697988418494,IW,0,22349.37697746349,1490.783514101074,130,126,9.814607471294062,10.121165373301771,0.0,0.3010309399107843,affine_dtft,44.23213389987013,1,identified,7,109.27888892006341,80.47690193076717,100.91295959570625,0.062263413265771755,93.01278750418334,3,15.539103199966869,True,8.514985921149718,9.749318140526306,7.425546339308767
2,2050.0,434029.5223171161,4006564.465800613,-75.73383401750506,36.201651555778064,ok,97.70002756077713,IW,0,22354.384608460332,1491.70125458434,130,126,9.813779853512424,10.12121962669114,0.0,0.2960068047147911,affine_dtft,44.23477086120674,1,identified,7,109.01524016568612,80.25706318998523,96.95856829611125,0.06480278553609364,90.86805144974556,5,19.712838146964405,True,7.580570579555939,8.715272484402483,6.576805492800057
2,2100.0,434076.55754572316,4006581.4271469596,-75.73331227784068,36.20180766719874,ok,97.70002756077713,IW,0,22359.392660254525,1492.6189217039478,130,126,9.81297162816623,10.121273817760642,0.0,0.29099430776894486,affine_dtft,44.23740804260779,1,identified,7,100.26725280470913,92.31592792192137,96.95856829611125,0.06480278553609364,90.86805144974556,5,18.650786290491762,True,7.580570579555939,8.715272484402483,6.576805492800057
2,2150.0,434123.5927743302,4006598.388493306,-75.73279053606981,36.20196377636464,ok,96.62905021580076,IW,0,22364.401123011103,1493.5365168095534,130,126,9.812182820165738,10.121327950765563,0.0,0.28599404336706286,affine_dtft,44.24004543888772,1,identified,6,99.45176096602081,92.23674137338823,95.97001405517976,0.06547029683216417,91.43209618416465,3,22.629436932329988,True,7.401899425472954,8.517651441914099,6.414542252482604
2,2200.0,434170.6280029372,4006615.3498396524,-75.73226879219253,36.2021198832757,ok,,IW,0,22369.40998688617,1494.454041252524,130,126,9.811413418520507,10.121382026760141,0.0,0.2810753900709408,affine_dtft,44.24268304485625,1,ambiguous_multiple_blobs,4,96.0012519741416,92.07889317845853,139.84455182001213,0.04492978257219775,56.88865803962797,3,11.225747742627991,False,,,
2,2250.0,434217.66323154425,4006632.311185999,-75.73174704620887,36.20227598793188,ok,,IW,0,22374.41924202883,1495.3714963843397,130,126,9.810663444015908,10.121436040998207,0.0,0.27610191993429073,affine_dtft,44.24532085531947,1,ambiguous_multiple_blobs,2,95.86111953541165,92.04694633545674,139.84455182001213,0.04492978257219775,56.88865803962797,3,10.249132687702549,False,,,
2,2300.0,434264.69846015127,4006649.2725323453,-75.73122529811883,36.20243209033317,ok,,IW,0,22379.428878579885,1496.2888835584874,130,126,9.809932889442587,10.121490002844778,0.0,0.271142745622495,affine_dtft,44.247958865079035,1,ambiguous_multiple_blobs,2,95.79223250874749,92.02920285911706,139.84455182001213,0.04492978257219775,56.88865803962797,3,10.264301118735192,False,,,
2,2350.0,434311.73368875834,4006666.2338786917,-75.73070354792247,36.202588190479496,ok,94.7498509052935,IW,0,22384.438886672036,1497.2062041281627,130,126,9.809221765697298,10.121543901751071,0.0,0.2661986495961702,affine_dtft,44.25059706893235,1,identified,3,95.79156231169313,92.04461560735736,94.7498509052935,0.06631340574308552,92.12109639666147,4,23.10992048594108,True,7.094757872104439,8.177979504966544,6.135652331037616
2,2400.0,434358.76891736535,4006683.195225038,-75.73018179561984,36.202744288370845,ok,94.7498509052935,IW,0,22389.44925643192,1498.1234594480804,130,126,9.808530080107067,10.121597741802145,0.0,0.2612704810996819,affine_dtft,44.25323546167363,1,identified,4,95.87022201804754,92.11645455619436,94.7498509052935,0.06631340574308552,92.12109639666147,4,21.09830570464375,True,7.094757872104439,8.177979504966544,6.135652331037616
2,2450.0,434405.8041459724,4006700.1565713845,-75.72966004121093,36.202900384007165,ok,94.97592563068942,IW,0,22394.459977977167,1499.0406508740045,131,126,9.807857836503825,10.121651528464042,0.0,0.2563591379183684,affine_dtft,44.255874038092365,1,identified,4,96.09972392330396,92.32594956812487,94.7498509052935,0.06631340574308552,92.12109639666147,4,17.62113691440273,True,7.131283039151769,8.218370879035584,6.168814171748547
2,2500.0,434452.83937457943,4006717.117917731,-75.72913828469581,36.203056477388415,ok,99.52362377159737,IW,0,22399.471041419925,1499.9577797614018,131,126,9.807205043188134,10.12170525436826,0.0,0.2514655911729819,affine_dtft,44.258512792975125,1,identified,4,95.99389871267807,92.57513806937627,94.7498509052935,0.06631340574308552,92.12109639666147,4,16.04568080762192,True,7.8909631583028395,9.058649178927798,6.858724732470923
2,2550.0,434499.8746031865,4006734.0792640774,-75.72861652607452,36.20321256851456,ok,104.08263378794229,IW,0,22404.482436864175,1500.8748474677432,131,126,9.806571701205034,10.121758922353948,0.0,0.2465908845911671,affine_dtft,44.26115172110418,1,identified,4,95.95575367688838,92.8399306286198,95.88022453227308,0.06553160818959784,92.86240522611175,3,14.42462496200133,True,8.701845507938739,9.956242925112612,7.595270140098879
2,2600.0,434546.9098317935,4006751.040610424,-75.72809476534705,36.203368657385575,ok,107.85396045402142,IW,0,22409.494154408465,1501.7918553507454,131,126,9.805957816995777,10.121812532257188,0.0,0.2417361464431332,affine_dtft,44.26379081725894,1,identified,4,105.43123063828882,63.491539727070865,117.48834160983328,0.05347922373477191,60.68999292908386,6,7.543228369688067,True,9.41177802804811,10.742977404498554,8.239975262782385
2,2650.0,434593.9450604006,4006768.00195677,-75.72757300251348,36.20352474400141,ok,112.7044188123688,IW,0,22414.5061841443,1502.7088047686455,131,126,9.805363403227139,10.121866086189018,0.0,0.23690257709004306,affine_dtft,44.266430076215116,1,identified,5,106.37782901230794,63.50839684561023,117.54490098701812,0.05345349100148132,61.342882543441874,9,10.576542644037731,True,10.379785157755316,11.817475746622522,9.118474362454247
2,2700.0,434640.9802890076,4006784.9633031166,-75.72705123757382,36.20368082836201,ok,116.84933486203718,IW,0,22419.51851615685,1503.6256970800812,131,126,9.804788446673609,10.121919585883001,0.0,0.23209149658275682,affine_dtft,44.26906949274506,1,identified,4,107.63929505825341,63.443497363887154,113.6064842356891,0.05530657294300588,60.78075330951541,6,12.755972143216525,True,11.25871080846226,12.795262576030197,9.915256212567858
2,2750.0,434688.01551761467,4006801.924649463,-75.72652947052812,36.203836910467345,ok,116.67262749619351,IW,0,22424.53114052509,1504.54253364536,131,126,9.804232970531773,10.121973025257775,0.0,0.22730430470518725,affine_dtft,44.2717090616179,1,identified,6,112.6496805562821,62.34931596981316,119.00214269703041,0.05279892584099141,59.688786773318384,7,9.71509296137285,True,11.220228410739736,12.752403186451666,9.880391570315233
2,2800.0,434735.0507462217,4006818.8859958095,-75.72600770137639,36.20399299031739,ok,116.9326505854525,IW,0,22429.54404732305,1505.4593158247112,131,126,9.803696976752802,10.122026405743313,0.0,0.22261637971704032,affine_dtft,44.27434877760008,1,identified,3,117.53064752257984,60.66289110851172,116.60480478061494,0.05388444600547146,59.93141717813756,6,9.273449126166176,True,11.27688674238608,12.81550746713781,9.931722683377012
2,2850.0,434782.08597482875,4006835.847342156,-75.72548593011868,36.2041490679121,ok,117.53231469443767,IW,0,22434.557226617755,1506.3760449789213,131,126,9.803180452980484,10.12207973362294,0.0,0.21788217401046228,affine_dtft,44.27698863545446,1,identified,3,118.03987983994799,59.84640015824807,116.60480478061494,0.05388444600547146,59.93141717813756,6,11.210747844153376,True,11.408312909496289,12.961925138956154,10.050773915146152
2,2900.0,434829.12120343576,4006852.8086885023,-75.72496415675504,36.20430514325143,ok,118.00301386779843,IW,0,22439.570668471853,1507.2927224697194,131,126,9.802683423476784,10.122133004527898,0.0,0.21317683350386582,affine_dtft,44.2796286299415,1,identified,2,120.44390146441187,58.741950499585116,118.84501643331316,0.05286873186395018,58.67130713219584,5,14.252796212096326,True,11.512222718792849,13.077727213403787,10.14488169662792
2,2950.0,434876.15643204283,4006869.7700348487,-75.72444238128547,36.204461216335346,ok,118.95318062444228,IW,0,22444.58436294217,1508.2093496589075,131,126,9.802205879953593,10.1221862168597,0.0,0.20850229437050183,affine_dtft,44.282268755818656,1,identified,2,119.83819637707427,58.61548847718708,116.60480478061494,0.05388444600547146,59.93141717813756,4,19.212158095488437,True,11.724003026192754,13.313855831699692,10.336633410997319
2,3000.0,434923.19166064984,4006886.731381195,-75.72392060371001,36.2046172871638,ok,119.90334738108614,IW,0,22449.598300080386,1509.1259279095086,131,126,9.801747832113668,10.122239370095114,0.0,0.20386065898858569,affine_dtft,44.284909007840625,1,identified,1,119.54193362458409,58.626784271767534,121.35563856383418,0.0517749762725246,58.570434385161505,2,21.782809278664807,True,11.938523016852937,13.55319428230277,10.530793359922411
2,3050.0,434970.2268892569,4006903.6927275416,-75.72339882402873,36.204773355736755,ok,120.40547180719034,IW,0,22454.612469933003,1510.0424585843407,131,126,9.80130928397195,10.122292472580181,0.0,0.1992542023151365,affine_dtft,44.287549380759415,1,identified,1,119.43189794237733,58.7868973915352,121.35563856383418,0.0517749762725246,58.570434385161505,2,23.566680483406053,True,12.053007662316737,13.68098959176533,10.634381383020099
2,3100.0,435017.2621178639,4006920.654073888,-75.72287704224163,36.20492942205417,ok,121.35563856383416,IW,0,22459.626862542966,1510.9589430472083,131,126,9.800890231935185,10.12234551494323,0.0,0.19468540816515859,affine_dtft,44.29018986932513,1,identified,1,119.45375900084815,59.10587148521673,121.35563856383418,0.0517749762725246,58.570434385161505,2,24.41711620233755,True,12.271790207546813,13.925339336762812,10.832278286112365
2,3150.0,435064.297346471,4006937.6154202344,-75.72235525834876,36.20508548611603,ok,121.35563856383416,IW,0,22464.641467947844,1511.87538266176,131,126,9.800490687839488,10.122398503624254,0.0,0.1901569696022887,affine_dtft,44.292830468285075,1,identified,1,119.73014789111535,59.230300367604116,121.35563856383418,0.0517749762725246,58.570434385161505,2,25.207791634619948,True,12.271790207546813,13.925339336762812,10.832278286112365
2,3200.0,435111.332575078,4006954.576766581,-75.72183347235014,36.205241547922284,ok,121.94942892741331,IW,0,22469.65627618084,1512.7917787928911,131,126,9.800110654876644,10.122451438531643,0.0,0.1856718205648302,affine_dtft,44.295471172384225,1,identified,2,120.51828226394616,59.34060739208741,121.35563856383418,0.0517749762725246,58.570434385161505,2,30.15236962990029,True,12.409953756208399,14.079738833523113,10.957209194459239
2,3250.0,435158.3678036851,4006971.538112927,-75.72131168424579,36.20539760747286,ok,123.63773169469223,IW,0,22474.67127727188,1513.7081328049787,131,126,9.799750129535145,10.122504312296483,0.0,0.18123314515385602,affine_dtft,44.29811197636583,1,identified,1,121.94432185266592,59.43714115775313,121.35563856383418,0.0517749762725246,58.570434385161505,2,32.75803208483059,True,12.80893809948768,14.52601294839344,11.317785034185045
2,3300.0,435205.4030322921,4006988.4994592736,-75.7207898940358,36.205553664767756,ok,126.1699887919008,IW,0,22479.68646124522,1514.624446063689,131,126,9.799409121546184,10.122557132559706,0.0,0.17684443336746045,affine_dtft,44.300752874970186,1,identified,1,123.71493503765387,59.61722901547788,124.3245903817298,0.05053855627344126,60.94539590092286,1,27.168196848747872,True,13.424860109585158,15.216173675116941,11.873808560018398
2,3350.0,435252.43826089916,4007005.46080562,-75.72026810172015,36.20570971980693,ok,128.70224588910938,IW,0,22484.701818123904,1515.5407199344031,131,126,9.799087627641324,10.122609896931483,0.0,0.17250947389202617,affine_dtft,44.303393862936915,1,identified,2,126.03053021745302,59.776650915890876,129.79715240022878,0.04840772845158744,59.534455080540134,2,20.746414622972825,True,14.062549512725374,15.932411349630717,12.448644800208076
2,3400.0,435299.47348950617,4007022.4221519665,-75.7197463072989,36.205865772590336,ok,131.23450298631795,IW,0,22489.717337925144,1516.4569557827144,131,126,9.798785656966754,10.122662609084147,0.0,0.16831289850377237,affine_dtft,44.306034935002586,1,identified,2,129.0930687596899,59.692044790089625,134.01692404987702,0.04688352125468255,60.75117366345304,3,15.847047615888348,True,14.722950019518043,16.676095115064545,13.042981397684079
2,3450.0,435346.50871811324,4007039.383498313,-75.7192245107721,36.20602182311792,ok,132.96198113746496,IW,0,22494.73301066418,1517.3731549748632,131,126,9.798503206445492,10.122715262581588,0.0,0.16409880377266992,affine_dtft,44.30867608590273,1,identified,2,135.04781657966353,60.42518547888874,134.01692404987702,0.04688352125468255,60.75117366345304,3,19.538084180786353,True,15.187022563605234,17.199944224853546,13.459998456339038
2,3500.0,435393.54394672025,4007056.3448446593,-75.71870271213972,36.206177871389656,ok,134.01692404987702,IW,0,22499.74882635313,1518.2893188773103,131,126,9.798240278947087,10.122767863385825,0.0,0.1599520025844347,affine_dtft,44.311317310371216,1,identified,2,136.5785003597755,59.87486467886105,134.01692404987702,0.04688352125468255,60.75117366345304,3,25.035189790414993,True,15.47600553005048,17.526697476025138,13.719403290925435
3,250.0,432648.51937962143,4005148.016814897,-75.74907302764916,36.188787274395835,touches_land_or_unmapped,,,,,,,,,,,,,,,,,,,,,,,,,,,
3,300.0,432692.9850037334,4005170.8818159318,-75.74858048743968,36.188996493306774,touches_land_or_unmapped,,,,,,,,,,,,,,,,,,,,,,,,,,,
3,350.0,432737.45062784536,4005193.7468169667,-75.74808794458355,36.189205710214374,touches_land_or_unmapped,,,,,,,,,,,,,,,,,,,,,,,,,,,
3,400.0,432781.9162519573,4005216.6118180016,-75.7475953990808,36.189414925118605,touches_land_or_unmapped,,,,,,,,,,,,,,,,,,,,,,,,,,,
3,450.0,432826.3818760693,4005239.476819037,-75.7471028509314,36.18962413801944,touches_land_or_unmapped,,,,,,,,,,,,,,,,,,,,,,,,,,,
3,500.0,432870.84750018123,4005262.341820072,-75.74661030013539,36.18983334891679,touches_land_or_unmapped,,,,,,,,,,,,,,,,,,,,,,,,,,,
3,550.0,432915.3131242932,4005285.206821107,-75.74611774669276,36.19004255781065,touches_land_or_unmapped,,,,,,,,,,,,,,,,,,,,,,,,,,,
3,600.0,432959.77874840517,4005308.071822142,-75.74562519060355,36.19025176470095,touches_land_or_unmapped,,,,,,,,,,,,,,,,,,,,,,,,,,,
3,650.0,433004.24437251716,4005330.936823177,-75.74513263186772,36.190460969587654,touches_land_or_unmapped,,,,,,,,,,,,,,,,,,,,,,,,,,,
3,700.0,433048.7099966291,4005353.801824212,-75.7446400704853,36.19067017247072,touches_land_or_unmapped,,,,,,,,,,,,,,,,,,,,,,,,,,,
3,750.0,433093.17562074104,4005376.6668252475,-75.74414750645631,36.19087937335008,touches_land_or_unmapped,,,,,,,,,,,,,,,,,,,,,,,,,,,
3,800.0,433137.64124485303,4005399.5318262824,-75.74365493978075,36.191088572225695,touches_land_or_unmapped,,,,,,,,,,,,,,,,,,,,,,,,,,,
3,850.0,433182.10686896497,4005422.3968273173,-75.74316237045862,36.19129776909752,touches_land_or_unmapped,,,,,,,,,,,,,,,,,,,,,,,,,,,
3,900.0,433226.57249307696,4005445.2618283527,-75.74266979848994,36.19150696396552,touches_land_or_unmapped,,,,,,,,,,,,,,,,,,,,,,,,,,,
3,950.0,433271.0381171889,4005468.1268293876,-75.74217722387472,36.191716156829635,touches_land_or_unmapped,,,,,,,,,,,,,,,,,,,,,,,,,,,
3,1000.0,433315.5037413009,4005490.9918304225,-75.74168464661297,36.191925347689825,touches_land_or_unmapped,,,,,,,,,,,,,,,,,,,,,,,,,,,
3,1050.0,433359.96936541284,4005513.856831458,-75.74119206670467,36.19213453654604,ok,130.89321930293906,IW,0,22269.95634283447,1399.6606729445891,130,127,9.830434803294017,10.114282127860214,0.0,0.39170455269816945,affine_dtft,44.190469742489036,1,identified,1,130.14412458176255,63.70822590071654,124.3245903817298,0.05053855627344126,65.92450174492114,5,26.120347783936776,True,14.632584376789438,16.57421209656341,12.961716710538381
3,1100.0,433404.4349895248,4005536.721832493,-75.74069948414984,36.192343723398245,ok,132.23367738359465,IW,0,22274.793869776942,1401.1967496131865,130,127,9.829335633790688,10.114392288910029,0.0,0.38640511066199285,affine_dtft,44.1930158894454,1,identified,2,130.89239154493578,63.8966610317173,132.100015901526,0.04756384974142159,63.434948822921996,3,24.275282808479634,True,14.990001117366248,16.977414562602636,13.283020079139916
3,1150.0,433448.90061363677,4005559.586833528,-75.74020689894851,36.19255290824638,ok,131.77980373429637,IW,0,22279.63194126273,1402.732726472392,130,127,9.828254507914066,10.114502291958928,0.0,0.3811783229967626,affine_dtft,44.1955623206073,1,identified,2,131.25820883682812,64.13927252029379,136.2550516255614,0.0461134118127688,64.79887635452494,2,24.99465517150066,True,14.868231298666716,16.839975770832005,13.173589230500106
3,1200.0,433493.3662377487,4005582.4518345627,-75.73971431110067,36.19276209109039,ok,132.90774748537106,IW,0,22284.47054851497,1404.2686047492932,130,127,9.827191439760748,10.114612137633028,0.0,0.37691605064809985,affine_dtft,44.19810903134671,1,identified,2,131.5780836401635,64.37336228266656,136.2550516255614,0.0461134118127688,64.79887635452494,2,22.35172832216632,True,15.172281763364719,17.18328820150294,13.44676064957244
3,1250.0,433537.8318618607,4005605.316835598,-75.73922172060635,36.192971271930254,ok,132.48060613248649,IW,0,22289.30968274627,1405.8043856729632,130,127,9.826146428707224,10.114721820878263,0.0,0.37169594853925364,affine_dtft,44.20065601703001,1,identified,1,131.8712572527806,64.59401129572095,129.96430913710324,0.048345467681833065,66.03751102542182,1,21.9322131262308,True,15.056575264925808,17.05258630100422,13.342832579835278
3,1300.0,433582.29748597264,4005628.181836633,-75.73872912746552,36.19318045076591,ok,131.22245763479486,IW,0,22294.149335159826,1407.3400704724163,130,127,9.825119488909113,10.114831344472472,0.0,0.3664098655558824,affine_dtft,44.20320327301869,1,identified,1,132.22455039851266,64.8053732492745,129.96430913710324,0.048345467681833065,66.03751102542182,1,20.692669889520385,True,14.719753309109773,16.67249030325479,13.040106974636085
3,1350.0,433626.76311008463,4005651.046837668,-75.73823653167821,36.1933896275973,ok,131.10739303784538,IW,0,22298.98949694977,1408.8756603785146,130,127,9.824110627884659,10.114940708107238,0.0,0.36119795027434876,affine_dtft,44.20575079466939,1,identified,1,132.5589162120686,64.90321526400761,129.96430913710324,0.048345467681833065,66.03751102542182,1,17.764596791909206,True,14.689243408633128,16.638087900428644,13.012671783214115
3,1400.0,433671.2287341966,4005673.9118387033,-75.73774393324443,36.193598802424404,ok,131.39316401303097,IW,0,22303.830159299225,1410.4111566232273,130,127,9.823119856597092,10.115049912079026,0.0,0.35591997383898366,affine_dtft,44.20829857733301,1,identified,1,132.60972538596425,65.04652915627719,129.96430913710324,0.048345467681833065,66.03751102542182,1,17.649968356963868,True,14.765107158041042,16.723638781066814,13.080885986214367
3,1450.0,433715.6943583085,4005696.7768397382,-75.73725133216418,36.19380797524715,ok,131.8694489716735,IW,0,22308.671313383646,1411.9465604388633,130,127,9.822147174129233,10.115158957654186,0.0,0.3507170586303156,affine_dtft,44.21084661635641,1,identified,3,132.18193030450263,65.18265814108221,135.67972864081406,0.04630894659152148,122.0053832080835,1,10.567887550413586,True,14.892221020940537,16.86704664400104,13.195150982885007
3,1500.0,433760.1599824205,4005719.641840773,-75.7367587284375,36.1940171460655,ok,,IW,0,22313.51295036799,1413.4818730597422,130,127,9.821192584832097,10.115267847139066,0.0,0.34544802726063933,affine_dtft,44.2133949070809,1,ambiguous_multiple_blobs,4,131.82204143776727,65.30069649980527,135.67972864081406,0.04630894659152148,122.0053832080835,1,11.210432880390766,False,,,
3,1550.0,433804.62560653244,4005742.5068418086,-75.73626612206434,36.19422631487944,ok,,IW,0,22318.355061409675,1415.017095720841,130,127,9.820256115467837,10.115376575938123,0.0,0.34120765071850456,affine_dtft,44.215943444843816,1,ambiguous_multiple_blobs,3,131.77796431986354,65.34716460073278,129.96430913710324,0.048345467681833065,66.03751102542182,1,16.02148618057718,False,,,
3,1600.0,433849.09123064444,4005765.3718428435,-75.73577351304475,36.194435481688856,ok,,IW,0,22323.197637655543,1416.5522296576912,130,127,9.819337752517614,10.115485145330686,0.0,0.33601865309664397,affine_dtft,44.218492224976956,1,ambiguous_multiple_blobs,3,132.13626008925655,65.28340713745634,129.96430913710324,0.048345467681833065,66.03751102542182,1,15.341813117862491,False,,,
3,1650.0,433893.5568547564,4005788.2368438784,-75.73528090137873,36.19464464649376,ok,136.2550516255614,IW,0,22328.04067024497,1418.087276107325,130,127,9.818437517885643,10.11559355753487,0.0,0.33076352759192096,affine_dtft,44.221041242808155,1,identified,3,132.8278814554685,65.17425297005977,136.2550516255614,0.0461134118127688,64.79887635452494,2,17.933261570467543,True,16.103557746360032,18.23778044214084,14.28196178290948
3,1700.0,433938.02247886837,4005811.101844914,-75.73478828706628,36.194853809294074,ok,266.82993045597965,IW,0,22332.884150309037,1419.622236307522,130,127,9.817555408847252,10.11570181189544,0.0,0.325585875801923,affine_dtft,44.2235904936609,1,identified,5,133.6567100839971,65.01173315159038,136.2550516255614,0.0461134118127688,64.79887635452494,2,21.220204841866682,True,,,
3,1750.0,433982.4881029803,4005833.9668459487,-75.73429567010741,36.195062970089765,ok,345.17485775423063,IW,0,22337.728068969183,1421.157111497599,130,127,9.81669143554435,10.115809907403522,0.0,0.32034212533005835,affine_dtft,44.2261399728536,1,identified,4,134.31774041776163,64.83049071628409,136.2550516255614,0.0461134118127688,64.79887635452494,2,18.744076323779147,True,,,
3,1800.0,434026.9537270923,4005856.8318469836,-75.73380305050215,36.19527212888079,ok,397.40480928639795,IW,0,22342.572417339557,1422.6919029165551,130,127,9.815845599828991,10.11591784642581,0.0,0.31525581618069726,affine_dtft,44.228689675700814,1,identified,4,134.734698384902,64.64721499894337,658.5545669472344,0.00954087272722993,149.03624346792645,3,3.435372337943992,True,,,
3,1850.0,434071.41935120424,4005879.696848019,-75.73331042825048,36.19548128566709,ok,548.724765426938,IW,0,22347.41718652605,1424.226611805468,130,127,9.81501791933422,10.116025627067582,0.0,0.31117126808479956,affine_dtft,44.23123959751277,1,identified,5,134.89216911225196,64.4475551349286,658.5545669472344,0.00954087272722993,149.03624346792645,3,3.4165748520948243,True,,,
3,1900.0,434115.8849753162,4005902.561849054,-75.7328178033524,36.19569044044863,ok,,IW,0,22352.262367627005,1425.7612394055473,130,127,9.814208400062252,10.116133250503113,0.0,0.3061836227809025,affine_dtft,44.23378973359571,1,ambiguous_multiple_blobs,5,134.88048980960684,64.23591788534766,724.0773439350238,0.00867750573859057,135.0,4,3.547807660324974,False,,,
3,1950.0,434160.3505994282,4005925.426850089,-75.73232517580796,36.19589959322535,ok,,IW,0,22357.10795173201,1427.2957869591426,130,127,9.813417026103986,10.116240715243125,0.0,0.30113607234428935,affine_dtft,44.236340079251256,1,identified,6,134.63067021617107,63.88515293333989,741.5348761877218,0.008473216174917954,114.44395478041653,7,3.0413208135329723,True,,,
3,2000.0,434204.8162235401,4005948.291851124,-75.73183254561715,36.1961087439972,ok,,IW,0,22361.95392992479,1428.8302557091647,130,127,9.8126438319379,10.116348022890811,0.0,0.2961737796817813,affine_dtft,44.238890629778,1,ambiguous_multiple_blobs,4,751.2230590474553,151.68334695007664,793.8223013709363,0.007915103035438138,119.74488129694213,5,2.8091098647704267,False,,,
3,2050.0,434249.2818476521,4005971.156852159,-75.73133991277996,36.196317892764164,ok,,IW,0,22366.80029328042,1430.3646468998886,130,127,9.811888806198915,10.116455176521807,0.0,0.29115212289169895,affine_dtft,44.24144138046991,1,ambiguous_multiple_blobs,4,732.4310154700396,149.12820427379793,793.8223013709363,0.007915103035438138,119.74488129694213,5,2.1777219883802643,False,,,
3,2100.0,434293.74747176404,4005994.021853194,-75.73084727729642,36.19652703952617,ok,105.5023400769091,IW,0,22371.64703286639,1431.8989617761545,130,127,9.811151959321627,10.116562166799941,0.0,0.28621777727232195,affine_dtft,44.24399232661699,1,identified,6,694.3014786638574,148.7857361639694,134.01692404987702,0.04688352125468255,60.75117366345304,6,8.693554434585684,True,8.964840223693042,10.247578093969048,7.834128951568285
3,2150.0,434338.21309587604,4006016.886854229,-75.73035463916652,36.19673618428317,ok,101.84109452936161,IW,0,22376.494139744285,1433.4332015831246,130,127,9.81043330037165,10.116669006119531,0.0,0.2821926168181911,affine_dtft,44.24654346350615,1,identified,9,98.89258095328596,58.32488217206722,91.47620784686552,0.06868655200156379,62.65012421993013,7,19.597758616410832,True,8.296831731152388,9.507805929975806,7.22738985191183
3,2200.0,434382.678719988,4006039.7518552644,-75.72986199839028,36.19694532703514,ok,99.64434720083311,IW,0,22381.341604968165,1434.9673675673198,130,127,9.809732831553148,10.116775685463502,0.0,0.27728582799717694,affine_dtft,44.24909478642032,1,identified,9,88.81899365938968,65.77970549958796,91.01388833398481,0.06903545626050821,64.24472923983288,9,20.207492699336896,True,7.911788332944096,9.081690755028713,6.877640520184594
3,2250.0,434427.1443440999,4006062.6168562993,-75.72936935496772,36.197154467782006,ok,91.01243396820153,IW,0,22386.189419585196,1436.50146097547,130,127,9.809050558158845,10.116882210150491,0.0,0.27232110427958106,affine_dtft,44.25164629063881,1,identified,4,89.37235347397869,65.34630787158694,90.8573578867191,0.06915439160154159,64.04123073843937,6,22.25699087500173,True,6.507470080890554,7.528557077545046,5.602628017728258
3,2300.0,434471.6099682119,4006085.4818573343,-75.72887670889881,36.19736360652373,ok,90.88866397617224,IW,0,22391.037574636415,1438.035483055386,131,127,9.808386488521329,10.11698858148084,0.0,0.26737317850839937,affine_dtft,44.25419797143771,1,identified,2,90.25530980528302,64.88178394493883,90.8573578867191,0.06915439160154159,64.04123073843937,6,23.62889458026663,True,6.488547683560787,7.507632323597994,5.5854609625569775
3,2350.0,434516.07559232385,4006108.3468583697,-75.7283840601836,36.19757274326028,ok,91.9212336825681,IW,0,22395.88606115588,1439.5694350554659,131,127,9.807740620375963,10.117094792750454,0.0,0.2634727970843157,affine_dtft,44.256749824089425,1,identified,2,90.86055028501319,64.60295477667083,90.8573578867191,0.06915439160154159,64.04123073843937,6,20.86241995801894,True,6.647435029364005,7.683330446099873,5.729624274046643
3,2400.0,434560.54121643584,4006131.2118594046,-75.72789140882206,36.19778187799158,ok,92.9851094784171,IW,0,22400.73487017206,1441.1033182245744,131,127,9.807112967773271,10.117200848272025,0.0,0.2585577623256489,affine_dtft,44.25930184386342,1,identified,2,91.31351382928318,64.37000578922635,90.8573578867191,0.06915439160154159,64.04123073843937,6,21.147307216724723,True,6.813589819173779,7.867061788691708,5.880415614532345
3,2450.0,434605.0068405478,4006154.0768604395,-75.72739875481425,36.197991010717615,ok,93.5170473763416,IW,0,22405.583992706855,1442.6371338122399,131,127,9.806503533748172,10.117306747034343,0.0,0.25373858874230654,affine_dtft,44.26185402602572,1,identified,3,122.74022280654314,59.08183835991376,96.1767368659641,0.0653295746136209,61.99082329198616,4,18.63587523104215,True,6.897607700066001,7.959967795328677,5.95667662644587
3,2500.0,434649.4724646598,4006176.941861475,-75.72690609816013,36.198200141438335,ok,94.40361053954909,IW,0,22410.433419775934,1444.1708830692667,131,127,9.805912320885708,10.11741249389101,0.0,0.2488643356688463,affine_dtft,44.26440636583905,1,identified,3,122.83292629668985,59.21737365938594,96.1767368659641,0.0653295746136209,61.99082329198616,4,16.42056122692818,True,7.039042175238224,8.116367165935179,6.085069238134113
3,2550.0,434693.9380887717,4006199.80686251,-75.72641343885972,36.19840927015366,ok,,IW,0,22415.283142390454,1445.704567245214,131,127,9.805339328727447,10.117518084171111,0.0,0.2440892362496069,affine_dtft,44.26695885856379,1,ambiguous_multiple_blobs,3,122.81980594087591,59.37490517456746,121.35563856383418,0.0517749762725246,58.570434385161505,2,21.865934177288352,False,,,
3,2600.0,434738.40371288365,4006222.6718635447,-75.72592077691304,36.19861839686357,ok,,IW,0,22420.133151554754,1447.2381875923859,131,127,9.804784574155798,10.117623518885683,0.0,0.23926071625565626,affine_dtft,44.269511499456684,1,ambiguous_multiple_blobs,3,122.92015346191371,59.49942590257868,121.35563856383418,0.0517749762725246,58.570434385161505,2,23.09089119141694,False,,,
3,2650.0,434782.86933699565,4006245.53686458,-75.7254281123201,36.19882752156802,ok,121.35563856383418,IW,0,22424.98343826784,1448.7717453627895,131,127,9.804248052684875,10.117728794987801,0.0,0.23546245826751863,affine_dtft,44.27206428377172,1,identified,2,123.08045697199759,59.544249350786025,121.35563856383418,0.0517749762725246,58.570434385161505,2,23.158664464273343,True,12.271790207546816,13.925339336762823,10.832278286112368
3,2700.0,434827.3349611076,4006268.401865615,-75.72493544508089,36.19903664426697,ok,121.35563856383418,IW,0,22429.83399352394,1450.3052418086133,131,127,9.803729768845441,10.117833917086038,0.0,0.23067984057628463,affine_dtft,44.27461720676036,1,identified,2,123.4338288247783,59.59395294140505,121.35563856383418,0.0517749762725246,58.570434385161505,2,21.54598756006881,True,12.271790207546816,13.925339336762823,10.832278286112368
3,2750.0,434871.8005852196,4006291.26686665,-75.72444277519543,36.19924576496035,ok,121.35563856383416,IW,0,22434.684808312333,1451.8386781827135,131,127,9.803229731973188,10.117938887076253,0.0,0.2260038406126486,affine_dtft,44.27717026367143,1,identified,2,123.92686169311179,59.503175804696106,121.35563856383418,0.0517749762725246,58.570434385161505,2,20.245729658261208,True,12.271790207546813,13.925339336762812,10.832278286112365
3,2800.0,434916.2662093315,4006314.131867685,-75.72395010266374,36.199454883648116,ok,121.35563856383416,IW,0,22439.535873616285,1453.3720557385109,131,127,9.802747935855864,10.11804369976115,0.0,0.2212786564060965,affine_dtft,44.279723449750655,1,identified,2,124.49092263245316,59.43213382978651,121.35563856383418,0.0517749762725246,58.570434385161505,2,16.257465880668242,True,12.271790207546813,13.925339336762812,10.832278286112365
3,2850.0,434960.7318334435,4006336.9968687203,-75.72345742748578,36.199664000330245,ok,121.35563856383416,IW,0,22444.387180416397,1454.9053757300965,131,127,9.80228439907691,10.11814835898027,0.0,0.21666480896505036,affine_dtft,44.2822767602423,1,identified,2,124.99803745234048,59.19839406962429,121.35563856383418,0.0517749762725246,58.570434385161505,2,16.39953540198021,True,12.271790207546813,13.925339336762812,10.832278286112365
3,2900.0,435005.19745755545,4006359.861869755,-75.72296474966163,36.199873115006675,ok,121.35563856383416,IW,0,22449.238719685436,1456.438639411455,131,127,9.801839116306853,10.11825286397579,0.0,0.21200473078550047,affine_dtft,44.28483019038653,1,identified,1,125.34574876387175,59.04338879686848,121.35563856383418,0.0517749762725246,58.570434385161505,2,15.176269442707971,True,12.271790207546813,13.925339336762812,10.832278286112365
3,2950.0,435049.6630816674,4006382.72687079,-75.72247206919124,36.20008222767734,ok,121.35563856383416,IW,0,22454.090482394993,1457.9718480372114,131,127,9.801412087431538,10.118357212945197,0.0,0.20746135677358887,affine_dtft,44.287383735422914,1,identified,1,125.37859111418672,58.80262940512859,121.35563856383418,0.0517749762725246,58.570434385161505,2,15.24633020939328,True,12.271790207546813,13.925339336762812,10.832278286112365
3,3000.0,435094.1287057794,4006405.5918718255,-75.72197938607464,36.20029133834223,ok,121.92015885478784,IW,0,22458.942459510487,1459.5050028630365,131,127,9.801003325006516,10.118461408627164,0.0,0.20375675523833495,affine_dtft,44.28993739058775,1,identified,1,125.028023805059,58.77365378347288,121.35563856383418,0.0517749762725246,58.570434385161505,2,12.111344793536844,True,12.403117037469615,14.072097051003682,10.951028065215219
3,3050.0,435138.5943298913,4006428.4568728604,-75.72148670031184,36.200500447001296,ok,119.58293749635853,IW,0,22463.794641994347,1461.0381051438062,131,127,9.800612825940814,10.118565448448322,0.0,0.19920277708413073,affine_dtft,44.29249115111578,1,identified,1,124.07055903118507,58.758102576715515,121.35563856383418,0.0517749762725246,58.570434385161505,2,12.219011278803931,True,11.865875262088704,13.472123901545272,10.46504894073942
3,3100.0,435183.0599540033,4006451.3218738954,-75.72099401190286,36.20070955365446,ok,117.24571613792921,IW,0,22468.64702080329,1462.5711561359,131,126,9.80024059647287,10.118669338268965,0.0,0.19045726717608535,affine_dtft,44.295045012238724,1,identified,4,122.76115588985824,58.75902196781781,124.17824001860245,0.0505981185289656,129.09385888622953,2,6.560844489333755,True,11.345367360052395,12.891792623113142,9.993758377143047
3,3150.0,435227.52557811525,4006474.1868749307,-75.72050132084767,36.200918658301696,ok,117.24571613792921,IW,0,22473.499586892634,1464.1041570942991,131,126,9.799886640518924,10.118773072517943,0.0,0.1860375184730444,affine_dtft,44.29759896918759,1,identified,5,121.50149267935781,58.74281917296785,109.66953177168764,0.05729198625795225,91.63657704161673,3,9.32528682930754,True,11.345367360052395,12.891792623113142,9.993758377143047
3,3200.0,435271.99120222725,4006497.0518759657,-75.72000862714631,36.201127760942946,ok,117.35554080611477,IW,0,22478.35233121292,1465.6371092762438,131,126,9.799550956726554,10.118876651353165,0.0,0.18158790506571224,affine_dtft,44.300153017190866,1,identified,4,115.74084167548826,89.95823405015337,109.66953177168764,0.05729198625795225,91.63657704161673,3,10.325661571781206,True,11.369459323810247,12.918633841529546,10.015581356033534
3,3250.0,435316.4568263392,4006519.9168770006,-75.71951593079879,36.201336861578184,ok,116.14786598875557,IW,0,22483.205244710705,1467.1700139383806,131,126,9.799233550149989,10.118980080288438,0.0,0.1772702998063647,affine_dtft,44.302707151474934,1,identified,2,116.72512167651442,89.85654280130247,121.35563856383418,0.0517749762725246,58.570434385161505,2,7.235664131530057,True,11.106488232754396,12.625753250386087,9.77733205479221
3,3300.0,435360.9224504511,4006542.781878036,-75.71902323180511,36.20154596020734,ok,118.59491201537044,IW,0,22488.05831832963,1468.7028723375638,131,126,9.798934428881621,10.119083352092474,0.0,0.172929271121977,affine_dtft,44.30526136726467,1,identified,2,117.49782468086597,89.75981253909414,121.90476190476187,0.05154175447295756,90.0,2,12.385995315459668,True,11.643829717954187,13.224447380120033,10.264050468550916
3,3350.0,435405.3880745631,4006565.646879071,-75.71853053016527,36.201755056830386,ok,121.014362161743,IW,0,22492.911543011527,1470.235685730713,131,126,9.798653586165061,10.119186471863737,0.0,0.16954823852013798,affine_dtft,44.307815659783984,1,identified,5,118.10055180540286,89.74253724217974,118.13986593180657,0.053184293528878775,89.11859600341789,6,15.887426913861136,True,12.192884265105782,13.837192403855806,10.760914471386561
3,3400.0,435449.85369867506,4006588.511880106,-75.71803782587929,36.201964151447264,ok,121.09659094968625,IW,0,22497.76490969341,1471.768455375369,131,126,9.798391027634707,10.11928944091254,0.0,0.1653194200278809,affine_dtft,44.31037002425426,1,identified,2,118.8210707175608,89.68468630001323,121.90476190476187,0.05154175447295756,90.0,2,14.59324005111722,True,12.211862848342635,13.858391575016194,10.77808000131659
3,3450.0,435494.31932278705,4006611.376881141,-75.71754511894716,36.20217324405793,ok,120.89454821091732,IW,0,22502.61840931152,1473.3011825286276,131,126,9.79814675494449,10.119392250600141,0.0,0.1612417617355213,affine_dtft,44.31292445589648,1,identified,3,119.90300474761138,89.59298676429957,121.76678250355044,0.05160015874605525,87.27368900609372,4,13.367313888831879,True,12.165268809348921,13.80634813404306,10.735936048324302
3,3500.0,435538.784946899,4006634.241882176,-75.7170524093689,36.20238233466234,ok,121.81277563728759,IW,0,22507.47203279695,1474.8338684489056,131,126,9.79792077986747,10.119494913407694,0.0,0.15715699042993744,affine_dtft,44.31547894992891,1,identified,6,121.38305145358694,89.32033279184844,121.76678250355044,0.05160015874605525,87.27368900609372,4,10.892427217948972,True,12.378058410560394,14.04408911145672,10.928371652858246
4,250.0,433016.50905580516,4004695.7196616554,-75.7449419996985,36.18473540124984,touches_land_or_unmapped,,,,,,,,,,,,,,,,,,,,,,,,,,,
4,300.0,433057.80527134356,4004723.9087124057,-75.74448517288315,36.184992379727554,touches_land_or_unmapped,,,,,,,,,,,,,,,,,,,,,,,,,,,
4,350.0,433099.101486882,4004752.097763156,-75.74402834306697,36.18524935648569,touches_land_or_unmapped,,,,,,,,,,,,,,,,,,,,,,,,,,,
4,400.0,433140.3977024204,4004780.2868139064,-75.74357151024998,36.18550633152421,touches_land_or_unmapped,,,,,,,,,,,,,,,,,,,,,,,,,,,
4,450.0,433181.6939179588,4004808.4758646567,-75.74311467443215,36.18576330484303,touches_land_or_unmapped,,,,,,,,,,,,,,,,,,,,,,,,,,,
4,500.0,433222.9901334973,4004836.664915407,-75.74265783561344,36.18602027644211,touches_land_or_unmapped,,,,,,,,,,,,,,,,,,,,,,,,,,,
4,550.0,433264.2863490357,4004864.8539661574,-75.74220099379387,36.186277246321424,touches_land_or_unmapped,,,,,,,,,,,,,,,,,,,,,,,,,,,
4,600.0,433305.5825645741,4004893.0430169073,-75.74174414897338,36.18653421448089,touches_land_or_unmapped,,,,,,,,,,,,,,,,,,,,,,,,,,,
4,650.0,433346.87878011254,4004921.2320676576,-75.741287301152,36.1867911809205,touches_land_or_unmapped,,,,,,,,,,,,,,,,,,,,,,,,,,,
4,700.0,433388.17499565094,4004949.421118408,-75.74083045032967,36.18704814564018,touches_land_or_unmapped,,,,,,,,,,,,,,,,,,,,,,,,,,,
4,750.0,433429.47121118935,4004977.6101691583,-75.7403735965064,36.18730510863988,touches_land_or_unmapped,,IW,0,22268.205651462296,1346.21079606943,130,127,9.830907750162377,10.109864255493529,,,,,,,,,,,,,,,,,,
4,800.0,433470.7674267278,4005005.7992199087,-75.73991673968214,36.18756206991955,touches_land_or_unmapped,,IW,0,22272.811091271953,1348.317111384413,130,127,9.829853603501352,10.11002848737066,,,,,,,,,,,,,,,,,,
4,850.0,433512.0636422662,4005033.988270659,-75.73945987985691,36.187819029479144,touches_land_or_unmapped,,,,,,,,,,,,,,,,,,,,,,,,,,,
4,900.0,433553.3598578046,4005062.1773214093,-75.73900301703067,36.188075987318626,touches_land_or_unmapped,,,,,,,,,,,,,,,,,,,,,,,,,,,
4,950.0,433594.65607334307,4005090.3663721597,-75.73854615120341,36.18833294343793,touches_land_or_unmapped,,,,,,,,,,,,,,,,,,,,,,,,,,,
4,1000.0,433635.95228888147,4005118.55542291,-75.73808928237511,36.18858989783699,touches_land_or_unmapped,,,,,,,,,,,,,,,,,,,,,,,,,,,
4,1050.0,433677.2485044199,4005146.7444736604,-75.73763241054576,36.188846850515795,touches_land_or_unmapped,,,,,,,,,,,,,,,,,,,,,,,,,,,
4,1100.0,433718.5447199583,4005174.9335244107,-75.73717553571531,36.18910380147429,touches_land_or_unmapped,,,,,,,,,,,,,,,,,,,,,,,,,,,
4,1150.0,433759.84093549673,4005203.122575161,-75.73671865788377,36.18936075071241,ok,128.74761740156043,IW,0,22305.062871475595,1363.0583251291766,130,127,9.822932874755685,10.111169862457034,0.0,0.3582252482073191,affine_dtft,44.209046300290154,1,identified,2,99.76192090927155,67.43900876714265,126.95497923935054,0.04949144448548003,97.32640666016954,7,20.812375900000287,True,14.074179431620056,15.94549048008706,12.45912007942271
4,1200.0,433801.1371510352,4005231.3116259114,-75.73626177705113,36.18961769823009,ok,122.02750228688029,IW,0,22309.672134634282,1365.1637984141482,130,127,9.822009755265626,10.111331738282031,0.0,0.3529639719272034,affine_dtft,44.211470997764046,1,identified,2,99.6205437650441,67.52589386728684,129.6439364826654,0.04846493771823803,96.98105740682983,5,17.690457508030587,True,12.428202941173128,14.100137821244308,10.973708008637058
4,1250.0,433842.4333665736,4005259.5006766617,-75.73580489321735,36.18987464402732,ok,118.3522758820845,IW,0,22314.281841385622,1367.269171419099,130,127,9.821103040832236,10.111493322031276,0.0,0.34872971454863433,affine_dtft,44.21389592534021,1,identified,2,99.78840260652952,67.6184779155156,129.6439364826654,0.04846493771823803,96.98105740682983,5,12.784795262636436,True,11.589752819198694,13.164153564431675,10.215087615040636
4,1300.0,433883.729582112,4005287.689727412,-75.73534800638242,36.19013158810403,ok,113.69155408679464,IW,0,22318.891984076658,1369.3744452515746,130,127,9.820212743339845,10.111654613891808,0.0,0.34347704082046254,affine_dtft,44.21632107898299,1,identified,3,100.32752737515344,67.73042560836942,101.86715694283988,0.061680187174608526,68.1985905136482,3,22.30264740065753,True,10.584669709002744,12.045206200642399,9.304295666438891
4,1350.0,433925.02579765045,4005315.8787781624,-75.73489111654634,36.19038853046016,ok,108.49304084284181,IW,0,22323.502555045314,1371.4796210201466,130,127,9.819338869503653,10.111815608151973,0.0,0.3382295588462345,affine_dtft,44.21874645465196,1,identified,2,101.15938602747555,67.84537476329594,103.65137026290127,0.06061844904937503,68.6293777306568,4,20.58760551068593,True,9.535719552069695,10.880430950666238,8.352499949661638
4,1400.0,433966.32201318885,4005344.0678289128,-75.73443422370907,36.190645471095685,ok,103.4511000059729,IW,0,22328.113546623936,1373.584699834489,130,127,9.818481421973482,10.111976312710084,0.0,0.3340065466954886,affine_dtft,44.221172048303735,1,identified,3,101.94653868024581,67.95822679324172,103.65137026290127,0.06061844904937503,68.6293777306568,4,18.32221037253107,True,8.586480014517347,9.828482755433924,7.49048510777829
4,1450.0,434007.61822872725,4005372.256879663,-75.73397732787058,36.19090241001056,ok,103.96451507706911,IW,0,22332.724951136872,1375.6896828051279,130,127,9.817640405373963,10.112136723817516,0.0,0.3287689692880257,affine_dtft,44.22359785589073,1,identified,3,127.57750109383029,60.885346807298056,103.65137026290127,0.06061844904937503,68.6293777306568,4,13.994222346911357,True,8.680192611012629,9.932262015063335,7.575603357182605
4,1500.0,434048.9144442657,4005400.4459304134,-75.73352042903089,36.1911593472047,ok,108.67572556848646,IW,0,22337.336760900893,1377.7945710425226,130,127,9.81681583841108,10.112296842272713,0.0,0.32455406332904885,affine_dtft,44.22602387336137,1,identified,3,127.38343055248909,61.72219423971187,104.43423229832085,0.06016403978756121,67.61986494804046,3,11.085213996233907,True,9.571346341191743,10.919947972735725,8.384842968041786
4,1550.0,434090.2106598041,4005428.634981164,-75.73306352718996,36.19141628267807,ok,113.38693605990379,IW,0,22341.948968227465,1379.8993656579567,130,127,9.816007712961138,10.11245666505075,0.0,0.319327358049973,affine_dtft,44.228450096661305,1,identified,3,127.55563772872905,62.994771875781126,104.43423229832085,0.06016403978756121,67.61986494804046,3,7.915099855930444,True,10.521153521150644,11.974595186048198,9.246694380004893
4,1600.0,434131.5068753426,4005456.824031914,-75.73260662234776,36.191673216430644,ok,115.82082750915444,IW,0,22346.561565418917,1382.0040677649397,130,127,9.815216039785083,10.112616199583949,0.0,0.3141912588187945,affine_dtft,44.230876521731375,1,identified,2,131.80688720563217,63.7695630045461,127.20742271998802,0.049393228577630115,63.434948822921996,2,13.040873965877323,True,11.036010216922392,12.547295870868119,9.71346328850647
4,1650.0,434172.803090881,4005485.0130826645,-75.73214971450429,36.19193014846235,ok,244.93506945782724,IW,0,22351.174544773436,1384.1086784757817,130,127,9.814440822306523,10.112775438903132,0.0,0.3101249293333324,affine_dtft,44.23330314451022,1,identified,2,132.04894801506646,64.57746268033839,127.20742271998802,0.049393228577630115,63.434948822921996,2,13.238720779212631,True,,,
4,1700.0,434214.0993064194,4005513.202133415,-75.73169280365953,36.19218707877313,ok,,IW,0,22355.787898580824,1386.2131989046215,130,127,9.813682071100796,10.112934386841033,0.0,0.3050889367797204,affine_dtft,44.2357299609321,1,ambiguous_multiple_blobs,2,131.83558017909647,65.30475903686511,620.8912000930121,0.010119623705793121,165.96375653207343,2,9.250119175840984,False,,,
4,1750.0,434255.39552195783,4005541.3911841647,-75.73123588981346,36.192444007362965,ok,,IW,0,22360.40161912518,1388.3176301654335,130,127,9.81293978568628,10.113093044515873,0.0,0.3010400664292393,affine_dtft,44.238156966928265,1,identified,3,131.52018768778805,65.87114027679303,620.8912000930121,0.010119623705793121,165.96375653207343,2,9.018998499487319,True,,,
4,1800.0,434296.69173749624,4005569.580234915,-75.73077897296606,36.19270093423179,ok,,IW,0,22365.015698684834,1390.4219733738703,130,127,9.812213979868261,10.113251410812895,0.0,0.29602719837673364,affine_dtft,44.240584158426934,1,ambiguous_multiple_blobs,2,130.71181701253647,66.39774178552828,640.0,0.009817477042468103,0.0,1,9.10016642606575,False,,,
4,1850.0,434337.98795303464,4005597.7692856654,-75.7303220531173,36.19295785937955,ok,,IW,0,22369.630129531095,1392.5262296448082,130,127,9.811504651739774,10.113409483076818,0.0,0.291028167062724,affine_dtft,44.24301153135262,1,ambiguous_multiple_blobs,2,129.77449566177222,66.826343651158,640.0,0.009817477042468103,0.0,1,7.515486678489627,False,,,
4,1900.0,434379.2841685731,4005625.9583364157,-75.72986513026721,36.1932147828062,ok,128.03561943093632,IW,0,22374.24490392927,1394.6304000950838,130,127,9.810811807367177,10.113567265696256,0.0,0.2870097977741933,affine_dtft,44.2454390816267,1,identified,1,129.07213549553833,67.12855249052711,129.96430913710324,0.048345467681833065,66.03751102542182,1,12.635996712828273,True,13.89251283245865,15.741255663056515,12.29545487601147
4,1950.0,434420.5803841115,4005654.147387166,-75.72940820441572,36.1934717045117,ok,127.07127457785288,IW,0,22378.860014139624,1396.734485841339,130,127,9.810135458795495,10.113724755273616,0.0,0.2820373449491126,affine_dtft,44.24786680516789,1,identified,1,128.12822670056448,67.37847982226026,129.96430913710324,0.048345467681833065,66.03751102542182,1,12.001170349381473,True,13.64928552906442,15.468041251339363,12.076214513111287
4,2000.0,434461.8765996499,4005682.3364379164,-75.72895127556284,36.19372862449599,ok,126.4926676660028,IW,0,22383.475452416165,1398.8384880006358,130,127,9.809475600567504,10.113881955026894,0.0,0.2780409561425521,affine_dtft,44.25029469789163,1,identified,1,127.42025646956594,67.53968349322584,124.17824001860251,0.05059811852896558,67.16634582208245,2,11.2895230698067,True,13.504890089407976,15.305964883790297,11.945998675572133
4,2050.0,434503.17281518836,4005710.5254886667,-75.72849434370852,36.193985542759016,ok,125.33545384230267,IW,0,22388.091211007024,1400.9424076912462,130,127,9.808832242399669,10.114038864676605,0.0,0.2730976621169096,affine_dtft,44.25272275571026,1,identified,1,126.55722276160995,67.63084760212278,124.17824001860251,0.05059811852896558,67.16634582208245,2,11.515585230264023,True,13.219515042980463,14.985905645187989,11.68851838638484
4,2100.0,434544.46903072676,4005738.714539417,-75.72803740885279,36.19424245930075,ok,124.17824001860251,IW,0,22392.70728215477,1403.046246031707,131,127,9.8082053902336,10.114195483573772,0.0,0.2690500547686008,affine_dtft,44.25515097453318,1,identified,1,125.84131792096856,67.60318602078348,124.17824001860251,0.05059811852896558,67.16634582208245,2,10.76039355674716,True,12.938623435558338,14.671202232335936,11.434921235612158
4,2150.0,434585.76524626516,4005766.9035901674,-75.72758047099559,36.19449937412113,ok,124.17824001860251,IW,0,22397.32365809749,1405.1500041408465,131,127,9.80759505032422,10.114351806395383,0.0,0.26413840922062215,affine_dtft,44.25757935026746,1,identified,1,125.26338402254159,67.39625745922508,124.17824001860251,0.05059811852896558,67.16634582208245,2,10.556284260211848,True,12.938623435558338,14.671202232335936,11.434921235612158
4,2200.0,434627.0614618036,4005795.0926409177,-75.72712353013692,36.1947562872201,ok,116.65260368033994,IW,0,22401.94033106697,1407.2536831381924,131,127,9.807001220332548,10.114507848360084,0.0,0.2601924856909571,affine_dtft,44.26000787881687,1,identified,5,124.83364529978884,67.08292436448698,124.17824001860251,0.05059811852896558,67.16634582208245,2,10.516900768182284,True,11.215873518228733,12.747553261346079,9.87644595224162
4,2250.0,434668.357677342,4005823.281691668,-75.72666658627676,36.195013198597614,ok,,IW,0,22406.557293290545,1409.3572841435603,131,127,9.806423908240815,10.114663593156395,0.0,0.2553162010906695,affine_dtft,44.262436556082804,1,ambiguous_multiple_blobs,9,124.18387622751017,66.58490808525332,150.27081219740774,0.04181241330435808,30.57922687248902,3,8.213039251670448,False,,,
4,2300.0,434709.6538928805,4005851.4707424184,-75.72620963941509,36.195270108253624,ok,115.15378580138092,IW,0,22411.174536990267,1411.4608082775396,131,127,9.805863122312289,10.114819045063873,0.0,0.250461249125031,affine_dtft,44.26486537796391,1,identified,9,126.3716997522302,84.14215506504624,94.07569466555223,0.06678861452489816,69.56717132060133,4,15.12430737410303,True,10.89322079899011,12.388386308093773,9.584043977146914
4,2350.0,434750.9501084189,4005879.659793169,-75.72575268955191,36.1955270161881,ok,,IW,0,22415.79205438298,1413.5642566610843,131,127,9.805318869531165,10.114974214472277,0.0,0.24656252537938256,affine_dtft,44.267294340356074,1,identified,9,126.79194753265308,84.0513557550448,127.20742271998802,0.049393228577630115,63.434948822921996,4,9.402529044076472,True,,,
4,2400.0,434792.2463239573,4005907.848843919,-75.72529573668719,36.19578392240097,ok,,IW,0,22420.40983768232,1415.6676304151242,131,127,9.804791138205507,10.11512909044895,0.0,0.24174899302838165,affine_dtft,44.26972343915354,1,ambiguous_multiple_blobs,10,127.24287559451356,83.86744610246075,150.27081219740774,0.04181241330435808,30.57922687248902,3,6.4577398371561765,False,,,
4,2450.0,434833.54253949574,4005936.0378946695,-75.72483878082089,36.19604082689217,ok,,IW,0,22425.027879095218,1417.7709306618651,131,127,9.804279943277608,10.115283674264553,0.0,0.2369605266635063,affine_dtft,44.27215267024697,1,ambiguous_multiple_blobs,10,127.59159527310368,83.60287871201132,150.5882352941177,0.041724277430489426,28.072486935852968,2,4.836943859023045,False,,,
4,2500.0,434874.83875503414,4005964.22694542,-75.72438182195302,36.196297729661694,ok,,IW,0,22429.646170825486,1419.8741585228252,131,127,9.803785288912787,10.115437976233615,0.0,0.23311734002874393,affine_dtft,44.27458202952545,1,ambiguous_multiple_blobs,8,134.77921144624182,59.56143831964928,150.5882352941177,0.041724277430489426,28.072486935852968,2,3.942544535105074,False,,,
4,2550.0,434916.13497057254,4005992.41599617,-75.72392486008356,36.19655463070947,ok,123.68696800369105,IW,0,22434.2647050725,1421.977315120916,131,127,9.803307180073316,10.11559198217222,0.0,0.22837773542955603,affine_dtft,44.27701151287568,1,identified,7,134.053874452937,58.64928352561388,125.78338215944031,0.049952427731790164,58.39249775375109,3,11.576498591631982,True,12.820711945774322,14.539191626483145,11.328420914051922
4,2600.0,434957.431186111,4006020.6050469205,-75.72346789521248,36.196811530035426,ok,115.22595205424984,IW,0,22438.883474030663,1424.0804015787955,131,127,9.802845617207787,10.115745698080907,0.0,0.22449585615134032,affine_dtft,44.279441116181786,1,identified,10,132.02632337544134,58.04783471558408,123.02574882104642,0.05107211593825878,54.7824070318073,6,13.299142293176057,True,10.908607050226868,12.405506645681713,9.59799081916819
4,2650.0,434998.7274016494,4006048.794097671,-75.72301092733976,36.19706842763956,ok,115.22595205424984,IW,0,22443.502469891762,1426.1834190197233,131,127,9.802400598419831,10.115899132001177,0.0,0.21981028227386795,affine_dtft,44.28187083532652,1,identified,6,130.24786746641357,57.47891136239175,122.2517730305864,0.051395453427146486,56.6893691754392,4,10.806666954031618,True,10.908607050226868,12.405506645681713,9.59799081916819
4,2700.0,435040.0236171878,4006076.983148421,-75.72255395646539,36.19732532352178,ok,111.706808685853,IW,0,22448.12168484198,1428.2863685670543,131,127,9.801972139709765,10.11605226760835,0.0,0.21515788404651123,affine_dtft,44.2843006661897,1,identified,6,123.992313981777,56.699325817409914,89.84290420592622,0.06993524266288283,63.17801879841851,7,13.31456133526098,True,10.17548002631143,11.590501912964003,8.93313291574618
4,2750.0,435081.31983272627,4006105.1721991715,-75.72209698258936,36.197582217682076,ok,,IW,0,22452.741111064886,1430.3892513449473,131,127,9.801560235678997,10.11620512086707,0.0,0.21142887653668252,affine_dtft,44.28673060464971,1,ambiguous_multiple_blobs,6,124.41218280882646,56.564993466794235,88.51592554705421,0.07098367065980128,64.02560603756869,6,12.192914289938484,False,,,
4,2800.0,435122.61604826467,4006133.361249922,-75.72164000571165,36.19783911012037,ok,,IW,0,22457.360740739743,1432.4920684772053,131,127,9.80116489184754,10.116357683165166,0.0,0.20684157820672236,affine_dtft,44.289160646582765,1,ambiguous_multiple_blobs,5,124.61167041157225,56.619046714075274,96.79209664302455,0.064914239127936,86.53177074108288,5,9.360063091199358,False,,,
4,2850.0,435163.91226380307,4006161.550300672,-75.72118302583222,36.19809600083661,ok,,IW,0,22461.98056604289,1434.5948210880167,131,127,9.80078611436255,10.116509960251395,0.0,0.2031674010060146,affine_dtft,44.29159078786348,1,ambiguous_multiple_blobs,4,124.58960445176392,56.80094806443114,96.79209664302455,0.064914239127936,86.53177074108288,5,10.188579870066036,False,,,
4,2900.0,435205.2084793415,4006189.7393514225,-75.72072604295107,36.19835288983077,ok,,IW,0,22466.600579146405,1436.697510302333,131,127,9.800423898370866,10.116661944700608,0.0,0.1986533506358665,affine_dtft,44.29402102436424,1,identified,5,124.51947983726717,57.02458299290602,89.44271909999159,0.07024814731040725,63.43494882292201,5,14.27884442998419,True,,,
4,2950.0,435246.5046948799,4006217.9284021724,-75.7202690570682,36.19860977710277,ok,,IW,0,22471.220772219953,1438.8001372445015,131,127,9.800078253544044,10.116813639282531,0.0,0.19418408241296073,affine_dtft,44.29645135195623,1,identified,6,124.3116738477686,57.24459881230006,89.44271909999159,0.07024814731040725,63.43494882292201,5,12.829158079440433,True,,,
4,3000.0,435287.8009104184,4006246.1174529227,-75.71981206818354,36.1988666626526,ok,,IW,0,22475.841137429215,1440.902703040512,131,127,9.799749182962826,10.116965047178528,0.0,0.1906095846530915,affine_dtft,44.29888176650845,1,ambiguous_multiple_blobs,5,124.04880610517289,57.40342038758755,111.1992941473458,0.05650382365605654,92.48955292199918,4,10.8732056896641,False,,,
4,3050.0,435329.0971259568,4006274.306503673,-75.71935507629712,36.19912354648018,ok,,IW,0,22480.46166693804,1443.0052088148236,131,127,9.799436683554307,10.117116171612645,0.0,0.18614463983102228,affine_dtft,44.30131226388902,1,ambiguous_multiple_blobs,5,115.39167091931223,91.25943267650956,111.1992941473458,0.05650382365605654,92.48955292199918,4,11.326302676854413,False,,,
4,3100.0,435370.3933414952,4006302.4955544234,-75.71889808140892,36.19938042858547,ok,119.18023321534254,IW,0,22485.08235290615,1445.1076556931052,131,127,9.799140762662068,10.11726700661194,0.0,0.18181757788661632,affine_dtft,44.303742839963846,1,identified,2,117.19053198017885,91.15663633778112,121.35563856383418,0.0517749762725246,58.570434385161505,2,8.237665377259253,True,11.775014340735387,13.370754463947844,10.38280997321664
4,3150.0,435411.68955703365,4006330.6846051738,-75.71844108351888,36.19963730896843,ok,119.37053719411927,IW,0,22489.703187490835,1447.2100448013503,131,127,9.798861419201687,10.117417552441452,0.0,0.1783635680669727,affine_dtft,44.30617349059759,1,identified,4,118.4303581284448,91.04529385327331,116.24361195174399,0.05405187607029894,92.60256220249983,4,15.21178833836492,True,11.817890327141768,13.418585731499466,10.421619041202325
4,3200.0,435452.98577257205,4006358.873655924,-75.71798408262704,36.199894187629,ok,120.10726397141472,IW,0,22494.324162847155,1449.312377265024,131,127,9.79859865805129,10.117567812511792,0.0,0.17414414239845374,affine_dtft,44.30860421165374,1,identified,2,119.84316843034165,90.91822674934629,119.94144913044946,0.05238543766755673,91.78991060824609,3,12.45416314279502,True,11.98492221883639,13.604982561679243,10.572778933451714
4,3250.0,435494.28198811045,4006387.0627066744,-75.71752707873334,36.20015106456713,ok,120.59745005906368,IW,0,22498.945271127744,1451.414654209961,131,127,9.798352478728317,10.117717782775053,0.0,0.17078153499828067,affine_dtft,44.31103499899449,1,identified,2,121.01590796694904,90.7824513583877,119.94144913044946,0.05238543766755673,91.78991060824609,3,13.22518070373705,True,12.096985060725139,13.730092412185773,10.674167164185162
4,3300.0,435535.5782036489,4006415.251757425,-75.71707007183778,36.20040793978276,ok,122.32433742481241,IW,0,22503.566504482314,1453.5168767623463,131,127,9.798122889840402,10.117867465416325,0.0,0.16668455878374794,affine_dtft,44.31346584848053,1,identified,2,122.36201068381379,89.59654279263907,123.05417108059655,0.05106031962999694,91.10170611520641,5,15.365205061422428,True,12.497763405895169,14.17790413627325,11.036591050136808
4,3350.0,435576.8744191873,4006443.440808175,-75.71661306194032,36.200664813275864,ok,123.31165735482008,IW,0,22508.18785505992,1455.619046048187,131,127,9.797909891008743,10.118016864679845,0.0,0.16266297347071754,affine_dtft,44.31589675597223,1,identified,1,123.55655581289527,89.59272359431517,123.80656900207892,0.05075001559145122,88.1523897340054,3,16.073937514361234,True,12.7311632367717,14.43897176276537,11.24752061010927
4,3400.0,435618.1706347257,4006471.6298589255,-75.71615604904098,36.2009216850464,ok,125.98424904147987,IW,0,22512.809315004597,1457.7211631941568,131,127,9.797713477625212,10.118165976042752,0.0,0.1594687210961442,affine_dtft,44.31832771732728,1,identified,1,124.79492849632729,89.64785483933802,124.87804878048779,0.05031456984264904,90.0,4,14.537851660411267,True,13.378953774783552,15.164680358619751,11.83239321853378
4,3450.0,435659.4668502642,4006499.818909676,-75.71569903313971,36.20117855509429,ok,126.7167685317007,IW,0,22517.430876461745,1459.8232293253277,131,127,9.797533655668202,10.118314798132745,0.0,0.15559732594865938,affine_dtft,44.3207587284041,1,identified,1,127.0006235511108,89.8353225072848,124.87804878048779,0.05031456984264904,90.0,4,14.331439249307953,True,13.56067991917578,15.368575476166477,11.99631523306043
4,3500.0,435700.7630658026,4006528.007960426,-75.71524201423651,36.20143542341949,ok,127.68683504157461,IW,0,22522.052531572182,1461.925245569213,131,127,9.797370430714798,10.118463334351814,0.0,0.15181848319839786,affine_dtft,44.323189785058766,1,identified,3,130.3631578594387,90.23208651309713,133.30440756374824,0.047134115233023105,88.80651057601794,5,13.828437251460729,True,13.804169297170816,15.641990402613123,12.215838728827359
5,250.0,433055.8890638521,4004089.7734446605,-75.7444523870921,36.17927557714786,touches_land_or_unmapped,,,,,,,,,,,,,,,,,,,,,,,,,,,
5,300.0,433105.8816594483,4004090.6339012543,-75.74389655969831,36.179286789714766,touches_land_or_unmapped,,,,,,,,,,,,,,,,,,,,,,,,,,,
5,350.0,433155.8742550446,4004091.494357848,-75.74334073210034,36.179297999702655,touches_land_or_unmapped,,,,,,,,,,,,,,,,,,,,,,,,,,,
5,400.0,433205.86685064086,4004092.354814442,-75.74278490429826,36.17930920711156,touches_land_or_unmapped,,,,,,,,,,,,,,,,,,,,,,,,,,,
5,450.0,433255.8594462371,4004093.215271035,-75.74222907629212,36.179320411941454,touches_land_or_unmapped,,,,,,,,,,,,,,,,,,,,,,,,,,,
5,500.0,433305.85204183334,4004094.075727629,-75.74167324808201,36.17933161419232,touches_land_or_unmapped,,,,,,,,,,,,,,,,,,,,,,,,,,,
5,550.0,433355.84463742963,4004094.936184223,-75.741117419668,36.1793428138642,touches_land_or_unmapped,,,,,,,,,,,,,,,,,,,,,,,,,,,
5,600.0,433405.8372330259,4004095.796640816,-75.74056159105015,36.179354010957056,touches_land_or_unmapped,,,,,,,,,,,,,,,,,,,,,,,,,,,
5,650.0,433455.8298286221,4004096.65709741,-75.74000576222855,36.17936520547089,touches_land_or_unmapped,,,,,,,,,,,,,,,,,,,,,,,,,,,
5,700.0,433505.82242421835,4004097.5175540037,-75.73944993320323,36.1793763974057,touches_land_or_unmapped,,,,,,,,,,,,,,,,,,,,,,,,,,,
5,750.0,433555.8150198146,4004098.378010597,-75.7388941039743,36.17938758676148,touches_land_or_unmapped,,,,,,,,,,,,,,,,,,,,,,,,,,,
5,800.0,433605.8076154109,4004099.238467191,-75.73833827454183,36.17939877353823,touches_land_or_unmapped,,,,,,,,,,,,,,,,,,,,,,,,,,,
5,850.0,433655.8002110071,4004100.0989237847,-75.73778244490586,36.17940995773596,touches_land_or_unmapped,,,,,,,,,,,,,,,,,,,,,,,,,,,
5,900.0,433705.79280660336,4004100.959380378,-75.73722661506649,36.179421139354645,touches_land_or_unmapped,,,,,,,,,,,,,,,,,,,,,,,,,,,
5,950.0,433755.7854021996,4004101.819836972,-75.73667078502376,36.179432318394284,touches_land_or_unmapped,,,,,,,,,,,,,,,,,,,,,,,,,,,
5,1000.0,433805.7779977959,4004102.6802935656,-75.73611495477778,36.17944349485487,touches_land_or_unmapped,,,,,,,,,,,,,,,,,,,,,,,,,,,
5,1050.0,433855.77059339214,4004103.5407501594,-75.7355591243286,36.179454668736426,touches_land_or_unmapped,,,,,,,,,,,,,,,,,,,,,,,,,,,
5,1100.0,433905.7631889884,4004104.4012067528,-75.73500329367629,36.17946584003894,touches_land_or_unmapped,,,,,,,,,,,,,,,,,,,,,,,,,,,
5,1150.0,433955.7557845846,4004105.2616633466,-75.73444746282091,36.179477008762376,ok,88.35176817201356,IW,0,22306.884266695546,1252.7285620406635,130,127,9.82271832341748,10.101573258273445,0.0,0.3641571165522847,affine_dtft,44.21023477756224,1,identified,3,88.79608478961242,66.19462138985105,88.35176817201355,0.07111555815098965,66.97450799147198,3,17.65883285142038,True,6.107984547000297,7.086764072033671,5.2403199124213575
5,1200.0,434005.7483801809,4004106.1221199404,-75.73389163176255,36.17948817490675,ok,105.42304291851437,IW,0,22311.922630538196,1252.0282192069812,130,127,9.82172097598703,10.10149508146339,0.0,0.35907162999816705,affine_dtft,44.21289153592769,1,identified,2,88.76205817156719,66.23569906381141,88.35176817201355,0.07111555815098965,66.97450799147198,3,18.14369165320085,True,8.950016512962883,10.231153688153414,7.820666376872481
5,1250.0,434055.74097577715,4004106.9825765337,-75.73333580050125,36.17949933847208,ok,116.17138423384253,IW,0,22316.961502901504,1251.3277874974663,130,127,9.820743214445168,10.101416862915533,0.0,0.35406570929644615,affine_dtft,44.2155485638865,1,identified,3,88.80716697790231,66.26445122919729,88.35176817201355,0.07111555815098965,66.97450799147198,3,16.73457324669192,True,11.111568502147462,12.631409285582677,9.781935648154388
5,1300.0,434105.7335713734,4004107.8430331275,-75.73277996903713,36.179510499458324,ok,131.27101142259184,IW,0,22322.000873841014,1250.6272682744182,130,127,9.819785046927908,10.101338607501503,0.0,0.3490671798318712,affine_dtft,44.21820585619542,1,identified,3,88.89791941048804,66.2664364513447,156.63686715801683,0.04011306802274746,78.23171106797938,6,7.438732268765899,True,14.732642257455526,16.687024994232505,13.051696327041197
5,1350.0,434155.72616696963,4004108.7034897213,-75.73222413737022,36.17952165786552,ok,146.37063861134112,IW,0,22327.040733403883,1249.9266629013046,130,127,9.818846469242835,10.10126031207286,0.0,0.3440763850062091,affine_dtft,44.22086340760674,1,identified,8,89.01468651533615,66.27049132093069,159.1647494951552,0.03947598527380486,77.69198418257207,7,8.50000119968841,True,19.20807045502583,21.789837156852354,17.04778454516797
5,1400.0,434205.71876256587,4004109.5639463146,-75.7316683055006,36.17953281369363,ok,160.75655550237542,IW,0,22332.081071627283,1249.2259727415776,130,127,9.817927499981867,10.101181973202308,0.0,0.33901968820393774,affine_dtft,44.22352121286755,1,identified,6,164.98262990329442,81.57929819949587,163.84990411576004,0.0383472016116684,78.92979742206066,6,8.161300709806154,True,24.552899580359274,28.07817278783896,21.727352529280584
5,1450.0,434255.71135816217,4004110.4244029084,-75.73111247342837,36.17954396694267,ok,160.88109205267037,IW,0,22337.121878538357,1248.525199161616,130,127,9.817028141500549,10.101103600382892,0.0,0.3340451134806017,affine_dtft,44.22617926671955,1,identified,7,162.88846938362465,81.10029203413553,163.84990411576004,0.0383472016116684,78.92979742206066,6,7.175536780198289,True,24.605026348986232,28.140846276262895,21.772391269358373
5,1500.0,434305.7039537584,4004111.284859502,-75.73055664115354,36.17955511761263,ok,160.50005213553763,IW,0,22342.163144156166,1247.824343528078,130,127,9.816148404151926,10.10102518244016,0.0,0.3290793811941021,affine_dtft,44.228837563900214,1,identified,7,184.15437004604675,107.27613950074618,160.28135262718504,0.03920097506161117,79.69515353123397,7,7.2805389737429955,True,24.44589702291804,27.94961364341757,21.634860204229895
5,1550.0,434355.69654935464,4004112.1453160956,-75.73000080867624,36.1795662657035,ok,148.54583139383823,IW,0,22347.204858489073,1247.1234072092566,130,127,9.81528828862082,10.1009467283559,0.0,0.3240479653829345,affine_dtft,44.23149609914135,1,identified,4,181.38133739780503,106.99011509149992,157.25954990949154,0.03995423687016644,79.3803447238449,4,5.813682649336462,True,19.939235048409312,22.63582413622658,17.694555643563774
5,1600.0,434405.6891449509,4004113.0057726894,-75.72944497599651,36.179577411215284,ok,136.59161065213883,IW,0,22352.247011538635,1246.4223915741366,130,127,9.814447809584376,10.100868239429824,0.0,0.3191966830109986,affine_dtft,44.23415486717119,1,identified,5,178.81353795335755,106.82382355434775,157.25954990949154,0.03995423687016644,79.3803447238449,4,5.077304972757712,True,16.199665187842296,18.346868563264806,14.36802068896542
5,1650.0,434455.6817405472,4004113.866229283,-75.72888914311443,36.179588554147976,ok,125.35110020815439,IW,0,22357.289593295973,1245.7212979932415,130,127,9.813626968108995,10.10078970564698,0.0,0.31443188467106886,affine_dtft,44.23681386271243,1,identified,6,176.74086838840802,106.7326860998847,104.07880040726297,0.06036950159488122,63.43494882292201,2,14.671826024205233,True,13.223343430349873,14.990197087410351,11.691973670243138
5,1700.0,434505.6743361434,4004114.726685877,-75.72833331003005,36.17959969450158,ok,115.36544281025405,IW,0,22362.332593745617,1245.0201278372795,130,127,9.81282576845748,10.100711137932603,0.0,0.3096091909619794,affine_dtft,44.23947308048428,1,identified,6,139.59613964745526,84.34850748411863,104.07880040726297,0.06036950159488122,63.43494882292201,2,17.838464182494274,True,10.938389762001856,12.438647981483292,9.62498643562485
5,1750.0,434555.66693173966,4004115.5871424703,-75.72777747674348,36.17961083227608,ok,105.51094930756717,IW,0,22367.376002861958,1244.31888247974,130,127,9.812044227037518,10.100632530328635,0.0,0.30487693702013824,affine_dtft,44.242132515200595,1,identified,3,137.80828680396036,84.42748744368221,104.07880040726297,0.06036950159488122,63.43494882292201,2,19.054139318793876,True,8.966450583601565,10.249362368289589,7.835591439969056
5,1800.0,434605.6595273359,4004116.447599064,-75.72722164325475,36.17962196747148,ok,106.29260570532597,IW,0,22372.41981061283,1243.6175632935951,130,127,9.811282341326697,10.10055388522319,0.0,0.3001622814517438,affine_dtft,44.244792161571766,1,identified,5,136.51891302984404,84.54286367975342,107.33126291998988,0.05854012275867273,63.434948822921996,3,16.61835456616723,True,9.113446967222323,10.412254487599924,7.969084783113748
5,1850.0,434655.6521229322,4004117.308055658,-75.72666580956395,36.179633100087784,ok,106.94309820787137,IW,0,22377.464006956416,1242.9161716539354,130,127,9.810540118878448,10.100475198928756,0.0,0.2954660564298539,affine_dtft,44.24745201430307,1,identified,5,135.58975827946904,84.6786319427685,107.98708239605702,0.05818460104455055,62.35402463626135,4,14.755073600830244,True,9.23697113218392,10.549168567584488,8.081253501147078
5,1900.0,434705.64471852843,4004118.168512251,-75.72610997567116,36.179644230124964,ok,107.65917265802344,IW,0,22382.50858184626,1242.2147089350565,130,127,9.809817560024053,10.100396478606049,0.0,0.2897653951356875,affine_dtft,44.25011206809737,1,identified,5,109.31856118439653,63.14281637031737,107.98708239605702,0.05818460104455055,62.35402463626135,4,14.151611907574056,True,9.374214101037941,10.701324803728061,8.205869465942781
5,1950.0,434755.6373141247,4004119.028968845,-75.72555414157644,36.17965535758303,ok,107.76847590403463,IW,0,22387.553525224943,1241.5131765150059,130,127,9.80911467289624,10.100317716017194,0.0,0.28511237500515496,affine_dtft,44.252772317651676,1,identified,3,110.44276426586909,63.08206476281896,107.33126291998988,0.05854012275867273,63.434948822921996,3,16.712495810659437,True,9.395280528484031,10.724683853711324,8.22499663494044
5,2000.0,434805.6299097209,4004119.889425439,-75.72499830727983,36.179666482462,ok,,IW,0,22392.59882703053,1240.8115757705355,130,127,9.808431478142149,10.100238920406762,0.0,0.28048077127205523,affine_dtft,44.25543275766065,1,ambiguous_multiple_blobs,3,111.48000759122792,62.98098452661421,153.81549264028405,0.04084884558328313,57.26477372789239,2,8.137875524651065,False,,,
5,2050.0,434855.62250531715,4004120.749882032,-75.72444247278146,36.17967760476185,ok,,IW,0,22397.644477192243,1240.1099080798933,131,127,9.807767959531422,10.100160082903004,0.0,0.2767301846181907,affine_dtft,44.25809338281426,1,ambiguous_multiple_blobs,3,112.50463650662385,62.88783498737692,153.81549264028405,0.04084884558328313,57.26477372789239,2,9.057976187948652,False,,,
5,2100.0,434905.61510091345,4004121.610338626,-75.72388663808137,36.17968872448256,ok,114.48668044798926,IW,0,22402.690465633903,1239.408174822368,131,127,9.807124130098279,10.100081213200083,0.0,0.27213949510269836,affine_dtft,44.26075418779961,1,identified,3,113.42595663236499,62.703203754778905,114.48668044798924,0.05488136508625567,63.43494882292201,3,18.56565814846275,True,10.751697208045087,12.230945217390992,9.455745991365454
5,2150.0,434955.6076965097,4004122.4707952198,-75.72333080317964,36.17969984162415,ok,114.48668044798926,IW,0,22407.736782271164,1238.706377378511,131,127,9.806499998098793,10.100002302503285,0.0,0.26757336076443233,affine_dtft,44.26341516729953,1,identified,3,114.48045985208309,62.423524305239766,114.48668044798924,0.05488136508625567,63.43494882292201,3,17.19289090482408,True,10.751697208045087,12.230945217390992,9.455745991365454
5,2200.0,435005.6002921059,4004123.331251813,-75.72277496807631,36.179710956186604,ok,124.31888349606295,IW,0,22412.78341701457,1238.0045171285717,131,127,9.805895565248544,10.099923355410374,0.0,0.2629549152133726,affine_dtft,44.26607631599406,1,identified,5,160.50704858616427,58.1484515748206,114.48668044798924,0.05488136508625567,63.43494882292201,3,13.810582780305388,True,12.972525407694427,14.709168205450185,11.465537247120457
5,2250.0,435055.59288770217,4004124.191708407,-75.72221913277147,36.17972206816993,ok,,IW,0,22417.830359768057,1237.302595454541,131,127,9.805310836246978,10.099844369534361,0.0,0.25844128804735206,affine_dtft,44.26873762855985,1,ambiguous_multiple_blobs,3,161.17405703572362,58.42454011382431,153.81549264028405,0.04084884558328313,57.26477372789239,2,8.439511264345425,False,,,
5,2300.0,435105.58548329846,4004125.0521650007,-75.72166329726521,36.17973317757413,ok,143.98328959221035,IW,0,22422.877600428445,1236.6006137392835,131,127,9.804745813635053,10.099765349983427,0.0,0.2539562169748798,affine_dtft,44.27139909966969,1,identified,2,161.2001812115598,58.70084744518797,153.81549264028405,0.04084884558328313,57.26477372789239,2,8.623760663380663,True,18.43298081402009,20.897198920690887,16.360131536526453
5,2350.0,435155.5780788947,4004125.9126215945,-75.72110746155758,36.179744284399185,ok,153.81549264028405,IW,0,22427.92512888803,1235.8985733653856,131,127,9.804200508544167,10.099686290650903,0.0,0.24950124314541053,affine_dtft,44.27406072399403,1,identified,1,160.8418836059446,58.95084358334572,153.81549264028405,0.04084884558328313,57.26477372789239,2,9.130599078413299,True,21.817343592474494,24.82805624487429,19.346771327759253
5,2400.0,435205.57067449094,4004126.773078188,-75.72055162564864,36.17975538864509,ok,153.81549264028405,IW,0,22432.97293503348,1235.1964757173416,131,127,9.803674917758396,10.09960719803333,0.0,0.2449979916321983,affine_dtft,44.276722496200335,1,identified,1,160.46070895737572,59.262335513493134,153.81549264028405,0.04084884558328313,57.26477372789239,2,9.951221370509652,True,21.817343592474494,24.82805624487429,19.346771327759253
5,2450.0,435255.5632700872,4004127.6335347816,-75.71999578953849,36.17976649031184,ok,153.81549264028405,IW,0,22438.02100874479,1234.4943221793967,131,127,9.803169050260925,10.09952806782709,0.0,0.23971767295753438,affine_dtft,44.27938441095253,1,identified,1,159.75234295728075,59.464495484441066,153.81549264028405,0.04084884558328313,57.26477372789239,2,12.273207769577187,True,21.817343592474494,24.82805624487429,19.346771327759253
5,2500.0,435305.5558656835,4004128.4939913754,-75.71943995322718,36.17977758939946,ok,153.81549264028405,IW,0,22443.06933989757,1233.7921141374668,131,127,9.80268290471314,10.099448899924345,0.0,0.23536982232240428,affine_dtft,44.282046462912206,1,identified,1,158.92249522467202,59.59227482984576,153.81549264028405,0.04084884558328313,57.26477372789239,2,15.174294844932293,True,21.817343592474494,24.82805624487429,19.346771327759253
5,2550.0,435355.5484612797,4004129.354447969,-75.71888411671478,36.17978868590791,ok,153.1065565517088,IW,0,22448.117918362503,1233.089852976647,131,127,9.802216488831013,10.099369697102667,0.0,0.23097805414469516,affine_dtft,44.28470864673836,1,identified,1,158.0552860938759,59.82884900967565,153.81549264028405,0.04084884558328313,57.26477372789239,2,18.728795570795818,True,21.55537237714459,24.520505667346477,19.117133034926013
5,2600.0,435405.54105687595,4004130.2149045626,-75.71832828000137,36.179799779837204,ok,152.3976204631335,IW,0,22453.166734004946,1232.3875400841334,131,127,9.801769803274523,10.099290457583495,0.0,0.2267071088125609,affine_dtft,44.28737095708718,1,identified,1,156.9212579746201,60.00874886250906,153.81549264028405,0.04084884558328313,57.26477372789239,2,23.152332193921193,True,21.296390507253026,24.217046683624012,18.889845896640157
5,2650.0,435455.5336524722,4004131.0753611564,-75.71777244308701,36.179810871187335,ok,151.68868437455825,IW,0,22458.215776685855,1231.6851768467443,131,127,9.801342855839463,10.09921118333084,0.0,0.22247819675241706,affine_dtft,44.290033388612486,1,identified,1,155.65526033695295,60.25050607084175,150.27081219740774,0.04181241330435808,59.42077312751098,3,30.619281197067004,True,21.040343006363706,23.91758345780608,18.664874603657143
5,2700.0,435505.52624806843,4004131.9358177497,-75.7172166059718,36.17982195995832,ok,151.043232905325,IW,0,22463.265036261768,1230.9827646524595,131,127,9.800935646080843,10.099131871754008,0.0,0.21829372978336675,affine_dtft,44.2926959359658,1,identified,1,154.2644040151824,60.56427520274716,150.27081219740774,0.04181241330435808,59.42077312751098,3,38.812969892705155,True,20.809731376426477,23.64833418968462,18.462034350479538
5,2750.0,435555.51884366473,4004132.7962743435,-75.71666076865579,36.179833046150115,ok,150.39778143609172,IW,0,22468.314502584897,1230.2803048890557,131,127,9.800548175757767,10.099052523684566,0.0,0.2140727009516481,affine_dtft,44.29535859379632,1,identified,1,152.91036342228867,60.98610552021461,150.27081219740774,0.04181241330435808,59.42077312751098,3,40.47581494470438,True,20.58146900103551,23.382253763778433,18.261059995796806
5,2800.0,435605.51143926097,4004133.6567309373,-75.71610493113903,36.179844129762735,ok,150.4612660554337,IW,0,22473.36416550334,1229.577798945449,131,127,9.800180454322359,10.0989731452838,0.0,0.20998453229690048,affine_dtft,44.29802135675109,1,identified,1,150.87516757858987,61.44497450860584,150.5882352941177,0.041724277430489426,61.927513064147035,2,30.33065997527347,True,20.603817088629715,23.408285938049474,18.280745175556802
5,2850.0,435655.5040348572,4004134.5171875306,-75.7155490934216,36.179855210796184,ok,150.5247506747757,IW,0,22478.41401486152,1228.8752482110538,131,127,9.799832478611995,10.098893726624596,0.0,0.20594909036713943,affine_dtft,44.30068421947517,1,identified,1,148.92642571252154,62.155377851106536,150.5882352941177,0.041724277430489426,61.927513064147035,2,31.361434488910835,True,20.626187571586936,23.434348201567598,18.300448190403788
5,2900.0,435705.49663045345,4004135.3776441244,-75.7149932555036,36.179866289250455,ok,149.09225834729148,IW,0,22483.464040500585,1228.1726540750237,131,127,9.799504249358593,10.098814274681736,0.0,0.20188437361843684,affine_dtft,44.30334717661192,1,identified,1,146.8260773456443,62.617305415172325,150.5882352941177,0.041724277430489426,61.927513064147035,2,33.33522526135789,True,20.126801211189274,22.853490141117778,17.860162409923426
5,2950.0,435755.48922604974,4004136.2381007182,-75.71443741738507,36.17987736512554,ok,146.22562161358024,IW,0,22488.51423225721,1227.4700179279023,131,127,9.799195774944238,10.098734786715184,0.0,0.1979634734600853,affine_dtft,44.3060102228023,1,identified,1,144.91843752000005,62.94945084793035,150.5882352941177,0.041724277430489426,61.927513064147035,2,32.612931260723485,True,19.160185439894196,21.734568179597886,17.005360819771397
5,3000.0,435805.481821646,4004137.098557312,-75.71388157906608,36.17988843842145,ok,144.72964466675398,IW,0,22493.56457996679,1226.767341159547,131,127,9.798907054441571,10.09865526435941,0.0,0.19410533622916565,affine_dtft,44.3086733526866,1,identified,1,143.55341528738316,63.2044334227445,143.10835055998655,0.04390509206900454,63.43494882292201,1,24.539575563745164,True,18.672306131893407,21.172377231308356,16.57267557234305
5,3050.0,435855.4744172422,4004137.9590139054,-75.71332574054674,36.17989950913817,ok,143.26499700991303,IW,0,22498.615073458855,1226.0646251612634,131,127,9.798638093363047,10.09857570947254,0.0,0.19022713164499575,affine_dtft,44.31133656090201,1,identified,1,142.7544350455952,63.3930092265129,136.2550516255614,0.0461134118127688,64.79887635452494,2,20.288669654262012,True,18.20516352350525,20.635610057544596,16.15763188765422
5,3100.0,435905.46701283846,4004138.819470499,-75.71276990182706,36.17991057727568,ok,140.82391758184482,IW,0,22503.665702562477,1225.3618713234557,131,127,9.798388885095138,10.098496114875653,0.0,0.18650564110701462,affine_dtft,44.31399984208544,1,identified,1,142.89590678626598,63.44791674106691,143.10835055998655,0.04390509206900454,63.43494882292201,1,15.807051835336983,True,17.448819833158883,19.769563289717254,15.484145560577225
5,3150.0,435955.45960843476,4004139.679927093,-75.71221406290715,36.17992164283401,ok,,IW,0,22508.716457103594,1224.6590810383673,131,127,9.798159436011781,10.098416489860563,0.0,0.1828590207262543,affine_dtft,44.31666319087217,1,ambiguous_multiple_blobs,4,144.3548639447686,63.33440014056229,150.27081219740774,0.04181241330435808,59.42077312751098,3,13.591737972983964,False,,,
5,3200.0,436005.452204031,4004140.5403836863,-75.71165822378707,36.179932705813115,ok,,IW,0,22513.76732690528,1223.956255696792,131,127,9.797949759549924,10.098336828529565,0.0,0.17929179817043203,affine_dtft,44.319326601895945,1,ambiguous_multiple_blobs,8,150.33753456637882,57.538197485026274,150.27081219740774,0.04181241330435808,59.42077312751098,3,10.227302793692614,False,,,
5,3250.0,436055.44479962724,4004141.40084028,-75.7111023844669,36.179943766213036,ok,,IW,0,22518.81830178813,1223.2533966913493,131,127,9.79775983816705,10.098257137973905,0.0,0.17572040365833644,affine_dtft,44.32199006978918,1,ambiguous_multiple_blobs,6,152.29506225318374,57.1258081520599,150.27081219740774,0.04181241330435808,59.42077312751098,3,10.691751304311603,False,,,
5,3300.0,436105.4373952235,4004142.261296874,-75.71054654494672,36.17995482403375,ok,,IW,0,22523.869371571716,1222.5505054141106,131,127,9.79758968167568,10.098177407903455,0.0,0.17232628655642354,affine_dtft,44.324653589183754,1,identified,6,153.92150641128302,56.858026070077834,103.63249538880088,0.060629489655795586,86.9059419410829,3,10.367511439028785,True,,,
5,3350.0,436155.4299908197,4004143.1217534672,-75.70999070522656,36.17996587927525,ok,,IW,0,22528.9205260739,1221.8475832567428,131,127,9.797439294440014,10.098097645098424,0.0,0.1690268225415156,affine_dtft,44.32731715471065,1,ambiguous_multiple_blobs,4,154.97437942395203,56.685198467075345,153.81549264028405,0.04084884558328313,57.26477372789239,2,11.220956555152963,False,,,
5,3400.0,436205.422586416,4004143.982210061,-75.70943486530653,36.17997693193754,touches_land_or_unmapped,,,,,,,,,,,,,,,,,,,,,,,,,,,
5,3450.0,436255.41518201225,4004144.842666655,-75.70887902518668,36.179987982020606,touches_land_or_unmapped,,,,,,,,,,,,,,,,,,,,,,,,,,,
5,3500.0,436305.4077776085,4004145.703123248,-75.70832318486708,36.17999902952445,touches_land_or_unmapped,,,,,,,,,,,,,,,,,,,,,,,,,,,
6,250.0,433229.274156047,4003340.3567467034,-75.74246065931054,36.17253161952231,touches_land_or_unmapped,,,,,,,,,,,,,,,,,,,,,,,,,,,
6,300.0,433277.09683974204,4003354.9509552876,-75.74193017285818,36.17266648154826,touches_land_or_unmapped,,,,,,,,,,,,,,,,,,,,,,,,,,,
6,350.0,433324.9195234371,4003369.5451638717,-75.74139968455016,36.172801341241666,touches_land_or_unmapped,,,,,,,,,,,,,,,,,,,,,,,,,,,
6,400.0,433372.74220713216,4003384.1393724564,-75.7408691943865,36.17293619860247,touches_land_or_unmapped,,,,,,,,,,,,,,,,,,,,,,,,,,,
6,450.0,433420.56489082717,4003398.7335810405,-75.74033870236728,36.173071053630665,touches_land_or_unmapped,,,,,,,,,,,,,,,,,,,,,,,,,,,
6,500.0,433468.38757452223,4003413.3277896247,-75.73980820849252,36.1732059063262,touches_land_or_unmapped,,,,,,,,,,,,,,,,,,,,,,,,,,,
6,550.0,433516.2102582173,4003427.9219982093,-75.73927771276227,36.17334075668905,touches_land_or_unmapped,,,,,,,,,,,,,,,,,,,,,,,,,,,
6,600.0,433564.03294191236,4003442.5162067935,-75.7387472151766,36.173475604719165,touches_land_or_unmapped,,,,,,,,,,,,,,,,,,,,,,,,,,,
6,650.0,433611.8556256074,4003457.1104153777,-75.7382167157355,36.17361045041651,touches_land_or_unmapped,,,,,,,,,,,,,,,,,,,,,,,,,,,
6,700.0,433659.6783093025,4003471.7046239623,-75.73768621443905,36.17374529378107,touches_land_or_unmapped,,,,,,,,,,,,,,,,,,,,,,,,,,,
6,750.0,433707.5009929975,4003486.2988325465,-75.73715571128729,36.173880134812805,touches_land_or_unmapped,,,,,,,,,,,,,,,,,,,,,,,,,,,
6,800.0,433755.32367669255,4003500.893041131,-75.73662520628024,36.17401497351167,touches_land_or_unmapped,,,,,,,,,,,,,,,,,,,,,,,,,,,
6,850.0,433803.1463603876,4003515.4872497153,-75.73609469941796,36.174149809877626,touches_land_or_unmapped,,,,,,,,,,,,,,,,,,,,,,,,,,,
6,900.0,433850.9690440827,4003530.0814582994,-75.7355641907005,36.17428464391064,touches_land_or_unmapped,,,,,,,,,,,,,,,,,,,,,,,,,,,
6,950.0,433898.79172777775,4003544.675666884,-75.7350336801279,36.17441947561068,ok,,IW,0,22292.05229884097,1198.8153053293913,130,127,9.825849357814509,10.096645350749032,0.0,0.383335662700239,affine_dtft,44.20252962106732,1,ambiguous_multiple_blobs,6,107.43563285007868,88.72162528957439,146.5851735843503,0.04286371638782431,66.3706222693432,2,5.84793022897059,False,,,
6,1000.0,433946.6144114728,4003559.269875468,-75.73450316770018,36.17455430497773,ok,,IW,0,22297.09417025489,1199.4919001797168,130,127,9.824791253302738,10.096694097704228,0.0,0.37817424402811783,affine_dtft,44.20518542979521,1,ambiguous_multiple_blobs,9,107.0302246403443,88.6076407434063,317.5289205483736,0.0197877575885954,172.87498365109815,2,6.27266763420401,False,,,
6,1050.0,433994.4370951678,4003573.8640840524,-75.73397265341741,36.17468913201172,ok,147.90934316335392,IW,0,22302.13658255987,1200.1684060998405,130,127,9.823752748567635,10.096742803578742,0.0,0.37301824243839937,affine_dtft,44.20784152240938,1,identified,9,321.65629126918157,178.23581987468324,135.67972864081412,0.04630894659152147,68.87528085392752,5,10.181081022671677,True,19.72274874566396,22.384928600233177,17.503255634177677
6,1100.0,434042.2597788629,4003588.458292637,-75.73344213727961,36.17482395671266,ok,150.24689484988832,IW,0,22307.179525809686,1200.8448244603148,130,127,9.822733850517062,10.096791468618372,0.0,0.36794093102584263,affine_dtft,44.21049789366512,1,identified,7,142.47753697698394,65.82786901393406,154.0241504246238,0.04079350731594813,96.91122711902469,4,5.635018979699723,True,20.52844301449458,23.32050238054942,18.21434482785908
6,1150.0,434090.08246255794,4003603.052501221,-75.73291161928687,36.17495877908046,ok,151.64942586180896,IW,0,22312.222990044633,1201.5211566329951,130,127,9.821734569274154,10.096840101292438,0.0,0.3627967825890346,affine_dtft,44.213154538310576,1,identified,7,142.22756709460668,65.4847406814045,154.0241504246238,0.04079350731594813,96.91122711902469,4,7.441406845911075,True,21.026248624255324,23.901115086156437,18.652483425367524
6,1200.0,434137.905146253,4003617.6467098054,-75.73238109943917,36.17509359911512,ok,155.96539011554444,IW,0,22317.266965296905,1202.1974039911026,130,127,9.820754909626052,10.096888694157286,0.0,0.3576588459635489,affine_dtft,44.21581145108966,1,identified,5,142.17441290370223,65.11508907762084,157.25954990949154,0.03995423687016644,100.61965527615511,4,7.112677578795013,True,22.630660422477032,25.78678817672368,20.05791915096188
6,1250.0,434185.72782994807,4003632.24091839,-75.73185057773658,36.17522841681662,ok,155.49473624310085,IW,0,22322.31144158671,1202.8735679094887,130,127,9.819794889868819,10.096937245099891,0.0,0.35260128011589925,affine_dtft,44.21846862673992,1,identified,6,142.25342458522462,64.62983120074874,157.25954990949154,0.03995423687016644,100.61965527615511,4,6.992670782596687,True,22.45013020096315,25.5734576724438,19.900304496050364
6,1300.0,434233.55051364313,4003646.835126974,-75.73132005417916,36.175363232184885,ok,144.5818406192529,IW,0,22327.356408924807,1203.5496497625566,130,127,9.818854504505989,10.09698576182796,0.0,0.3474769388078965,affine_dtft,44.22112605999397,1,identified,8,153.24372756198287,98.17274412584064,157.25954990949154,0.03995423687016644,100.61965527615511,4,7.810117917973346,True,18.624698363392614,21.117606401707498,16.530410491803952
6,1350.0,434281.37319733814,4003661.4293355583,-75.73078952876693,36.17549804521989,ok,132.5995034973889,IW,0,22332.401857312037,1204.2256509279437,130,127,9.817933763685577,10.097034240603373,0.0,0.34235973555670784,affine_dtft,44.223783745579155,1,identified,8,152.49837413154867,97.74303703648685,151.67088106240595,0.04142644430603874,99.09027692082233,3,10.221448026668758,True,15.088713279671675,17.088882624956977,13.371702482587105
6,1400.0,434329.1958810332,4003676.023544143,-75.73025900149996,36.175632855921634,ok,120.5270793165649,IW,0,22337.447776739886,1204.9015727833767,130,127,9.81703268734365,10.097082680009445,0.0,0.3373247889767408,affine_dtft,44.2264416782179,1,identified,5,151.5607339476682,97.36091303311197,99.45967230538385,0.06317319534180157,60.94539590092285,4,9.809210651786946,True,12.080851603199232,13.712077851677144,10.659571815746279
6,1450.0,434377.01856472826,4003690.617752727,-75.72972847237826,36.175767664290035,ok,109.15360070721559,IW,0,22342.49415718983,1205.577416707696,130,127,9.816151265344175,10.097131086217157,0.0,0.33222323289967226,affine_dtft,44.22909985262737,1,identified,6,150.59207877611658,96.66513861829539,97.34786430017161,0.06454363793544991,59.53445508054015,6,11.625728331210661,True,9.664957871352293,11.023794878671623,8.469821655092403
6,1500.0,434424.8412484233,4003705.2119613113,-75.72919794140188,36.17590247032509,ok,98.83408904515879,IW,0,22347.54098863373,1206.2531840813615,130,127,9.815289515452394,10.097179453816544,0.0,0.32612739004534375,affine_dtft,44.23175826351962,1,identified,4,100.30257313710572,61.329808295666076,96.89742900537148,0.0648436740961546,60.52411099675424,4,17.4155199217615,True,7.772678119805245,8.92778373026147,6.751286781948655
6,1550.0,434472.6639321184,4003719.806169896,-75.72866740857087,36.176037274026754,ok,99.02444682223208,IW,0,22352.5882610358,1206.9288762852188,130,127,9.81444743904783,10.097227784158525,0.0,0.32116559178926096,affine_dtft,44.234416905602714,1,identified,2,100.66461005423287,61.72429765599213,100.39215686274511,0.06258641614573415,61.927513064147035,4,22.46273244462037,True,7.805220392816668,8.963785685147418,6.780844466763988
6,1600.0,434520.48661581345,4003734.40037848,-75.72813687388526,36.17617207539498,ok,99.63716620034782,IW,0,22357.63596434983,1207.6044947016878,130,127,9.813625051362786,10.097276074628345,0.0,0.3162706061583947,affine_dtft,44.23707577357919,1,identified,2,100.98416689884273,62.0529960355379,100.07332275212194,0.06278581678298834,63.03428556712988,5,25.100128657698324,True,7.910548618837126,9.080319086392652,6.876514468612434
6,1650.0,434568.30929950846,4003748.9945870643,-75.72760633734514,36.176306874429756,ok,100.33997263742359,IW,0,22362.68408852164,1208.2800407140776,130,127,9.812822350398838,10.097324335938309,0.0,0.31139069612918513,affine_dtft,44.239734862147415,1,identified,1,101.25287206897275,62.373285523530015,100.41146119075026,0.06257438376724253,64.44003482817621,4,30.848747904214743,True,8.032462354096813,9.215217447708756,6.9872518751423565
6,1700.0,434616.1319832035,4003763.588795649,-75.7270757989505,36.17644167113104,ok,100.32692658109318,IW,0,22367.732623488646,1208.9555157063369,130,127,9.812039346795302,10.097372557779812,0.0,0.30660120091320914,affine_dtft,44.24239416600129,1,identified,2,101.44650912029982,62.73021863590284,100.41146119075026,0.06257438376724253,64.44003482817621,4,32.392759451226546,True,8.030188543782568,9.21270130569118,6.985186494492628
6,1750.0,434663.9546668986,4003778.183004233,-75.72654525870139,36.176576465498776,ok,100.41146119075025,IW,0,22372.781559179333,1209.6309210641418,130,127,9.811276045241321,10.097420741020555,0.0,0.30175396930825055,affine_dtft,44.24505367983002,1,identified,2,101.7844177729737,63.056878867158645,100.41146119075026,0.06257438376724253,64.44003482817621,4,30.314467289160316,True,8.044929405865927,9.229013286005623,6.998576140585697
6,1800.0,434711.77735059365,4003792.777212817,-75.72601471659789,36.17671125753296,ok,,IW,0,22377.830885514544,1210.30625817337,130,127,9.810532453630552,10.097468887401547,0.0,0.29692406368324986,affine_dtft,44.247713398318794,1,ambiguous_multiple_blobs,2,102.19780838509044,63.385733164513134,98.63678903948062,0.06370022147278803,65.409882833804,5,32.01585171974001,False,,,
6,1850.0,434759.6000342887,4003807.371421402,-75.72548417264,36.17684604723354,ok,,IW,0,22382.880592407026,1210.9815284213016,130,127,9.809808575810893,10.097517002870855,0.0,0.29218811885152207,affine_dtft,44.25037331614851,1,ambiguous_multiple_blobs,2,102.63416169756262,63.7167456765867,146.34545932160756,0.042933927272534714,59.03624346792646,4,12.154170739323952,False,,,
6,1900.0,434807.4227179838,4003821.965629986,-75.72495362682778,36.176980834600485,ok,112.0534103924852,IW,0,22387.93066976198,1211.6567331957458,130,127,9.80910442053437,10.09756508256638,0.0,0.28739583925230794,affine_dtft,44.253033427996115,1,identified,2,101.80843798200755,64.30961195825446,102.20827855704898,0.0614743286540389,64.31185656435264,7,26.816036901619533,True,10.2461506441972,11.669001372958439,8.997248799148824
6,1950.0,434855.2454016788,4003836.55983857,-75.72442307916127,36.17711561963375,ok,115.5838305067232,IW,0,22392.98110747699,1212.331873885237,131,127,9.808419984018558,10.097613123650534,0.0,0.2835610781211387,affine_dtft,44.2556937285345,1,identified,1,103.35691352752283,64.1377380354356,115.63262488931424,0.0543374788317222,62.66333514418601,12,13.805994344826594,True,10.985130504962298,12.490665079166453,9.667350791555672
6,2000.0,434903.06808537384,4003851.154047155,-75.72389252964054,36.177250402333314,ok,115.5838305067232,IW,0,22398.031895442244,1213.006951880026,131,127,9.807755287917148,10.097661132451993,0.0,0.2778723560730899,affine_dtft,44.25835421243271,1,identified,1,110.91639126222248,62.15256028394977,118.3193277310924,0.05310362582062294,61.92751306414704,11,13.031908428439838,True,10.985130504962298,12.490665079166453,9.667350791555672
6,2050.0,434950.8907690689,4003865.748255739,-75.72336197826559,36.17738518269913,ok,120.04234782328128,IW,0,22403.083023540603,1213.6819685700648,131,127,9.807110330522363,10.097709107150548,0.0,0.2732206845001639,affine_dtft,44.26101487435586,1,identified,1,114.13947180985838,61.3358483374561,126.17509084943721,0.049797351164004425,61.189206257026946,9,12.450667902902355,True,11.970137284397143,13.588479596807291,10.559400773519345
6,2100.0,434998.713452764,4003880.342464323,-75.72283142503649,36.17751996073118,ok,,IW,0,22408.134481649246,1214.356925346483,131,127,9.806485112556889,10.097757041388022,0.0,0.2685152612297904,affine_dtft,44.263675708966126,1,ambiguous_multiple_blobs,2,153.54213370798453,58.28185050930179,157.29252873965584,0.0399458598416919,55.007979801441344,3,17.198693524378434,False,,,
6,2150.0,435046.53613645904,4003894.936672908,-75.72230086995326,36.17765473642942,ok,,IW,0,22413.186259636914,1215.0318236015937,131,127,9.805879645756532,10.09780494701071,0.0,0.2638343338831723,affine_dtft,44.26633671092121,1,ambiguous_multiple_blobs,2,155.39094874087638,58.09835237874306,157.29252873965584,0.0399458598416919,55.007979801441344,3,18.926696003368022,False,,,
6,2200.0,435094.3588201541,4003909.530881492,-75.72177031301598,36.1777895097938,ok,157.29252873965584,IW,0,22418.23834736601,1215.7066647281313,131,127,9.805293932844057,10.097852811554308,0.0,0.2592579757194487,affine_dtft,44.26899787487548,1,identified,2,157.13564621848974,57.819310592935985,157.29252873965584,0.0399458598416919,55.007979801441344,3,16.65153025606855,True,23.147444975744015,26.399174621962736,20.508339424433906
6,2250.0,435142.1815038491,4003924.125090076,-75.72123975422467,36.177924280824314,ok,157.29252873965584,IW,0,22423.290734694525,1216.381450119196,131,127,9.804727977777219,10.097900646942914,0.0,0.2546304983660532,affine_dtft,44.271659195480964,1,identified,2,158.85863910575642,57.4794255836648,157.29252873965584,0.0399458598416919,55.007979801441344,3,16.857717573610703,True,23.147444975744015,26.399174621962736,20.508339424433906
6,2300.0,435190.00418754417,4003938.7192986608,-75.72070919357935,36.178059049520904,ok,157.29252873965584,IW,0,22428.343411472935,1217.0561811687055,131,127,9.804181779917267,10.097948449568912,0.0,0.25003171587439343,affine_dtft,44.274320667385744,1,identified,2,159.36695570907122,57.35919678833458,157.29252873965584,0.0399458598416919,55.007979801441344,3,14.907782117017778,True,23.147444975744015,26.399174621962736,20.508339424433906
6,2350.0,435237.82687123923,4003953.313507245,-75.7201786310801,36.178193815883546,ok,156.7967310771557,IW,0,22433.396367544934,1217.730859271601,131,127,9.803655354342705,10.097996216807552,0.0,0.24554337947897245,affine_dtft,44.27698228523431,1,identified,1,158.68243118408694,57.41611728268129,157.29252873965584,0.0399458598416919,55.007979801441344,3,13.90143138687597,True,22.953030849572855,26.168494087816757,20.339025957825616
6,2400.0,435285.6495549343,4003967.9077158296,-75.71964806672696,36.178328579912204,ok,156.10132385728133,IW,0,22438.449592749756,1218.4054858232184,131,127,9.80314869724267,10.098043947632855,0.0,0.2410073476676167,affine_dtft,44.27964404366883,1,identified,1,157.84590784283924,57.69399564149721,157.29252873965584,0.0399458598416919,55.007979801441344,3,13.593504483542434,True,22.683065125861802,25.84877136673625,20.103646124700724
6,2450.0,435333.47223862936,4003982.5019244137,-75.71911750051996,36.17846334160684,ok,155.40591663740696,IW,0,22443.50307692147,1219.0800622189265,131,127,9.802661817649149,10.098091648489014,0.0,0.23650512719308245,affine_dtft,44.28230593732871,1,identified,1,156.86313557244964,58.06534269299028,154.81354042715517,0.04058550233941604,57.847704858717684,5,13.869858555545688,True,22.416219553465588,25.533419652957008,19.870683021950953
6,2500.0,435381.2949223244,4003997.096132998,-75.71858693245913,36.17859810096741,ok,154.00157332895736,IW,0,22448.556809887465,1219.7545898553174,131,127,9.802194716016535,10.098139311621534,0.0,0.2321202777210854,affine_dtft,44.284967960849855,1,identified,1,155.52686537702803,58.39815954611012,153.81549264028405,0.04084884558328313,57.26477372789239,2,19.681309793159492,True,21.886607830753736,24.90947204708337,19.407440577556777
6,2550.0,435429.1176060194,4004011.6903415825,-75.71805636254456,36.178732857993886,ok,152.59723002050777,IW,0,22453.61078147127,1220.429070129527,131,127,9.801747403196673,10.098186947630825,0.0,0.22769215086991365,affine_dtft,44.28763010886614,1,identified,1,154.361584355139,58.940058255477645,153.81549264028405,0.04084884558328313,57.26477372789239,2,23.81258774399189,True,21.36901086345196,24.302081032034078,18.953605610262493
6,2600.0,435476.9402897145,4004026.2845501667,-75.71752579077624,36.17886761268627,ok,151.68868437455825,IW,0,22458.664981490565,1221.1035044394218,131,127,9.801319868754819,10.098234545660016,0.0,0.22330409714488317,affine_dtft,44.29029237600832,1,identified,1,153.26236273420312,59.503305293541935,150.27081219740774,0.04181241330435808,59.42077312751098,3,34.097422178944484,True,21.040343006363706,23.91758345780608,18.664874603657143
6,2650.0,435524.76297340955,4004040.878758751,-75.71699521715422,36.179002365044454,ok,150.194677710823,IW,0,22463.71939976036,1221.7778941813963,131,127,9.800912133940102,10.098282112427535,0.0,0.2190416151847162,affine_dtft,44.29295475690581,1,identified,1,152.00307763780228,59.98469951436245,150.27081219740774,0.04181241330435808,59.42077312751098,3,31.694213164196555,True,20.510121707924466,23.299171515994015,18.198201544933323
6,2700.0,435572.5856571046,4004055.4729673355,-75.71646464167858,36.17913711506846,ok,149.54922624158968,IW,0,22468.77402608708,1222.4522407552295,131,127,9.800524187821035,10.09832964636913,0.0,0.21474154461144604,affine_dtft,44.295617246183426,1,identified,1,150.9607326813755,60.53499151788439,150.27081219740774,0.04181241330435808,59.42077312751098,3,39.47352158932599,True,20.284890396802968,23.03715910480799,17.999642814024654
6,2750.0,435620.4083407997,4004070.0671759197,-75.71593406434934,36.179271862758235,ok,149.61271086093168,IW,0,22473.828850277736,1223.126545558827,131,127,9.800156041743987,10.098377148931897,0.0,0.2104892230297351,affine_dtft,44.29827983846635,1,identified,1,149.62307675106442,61.08658631839669,146.34545932160756,0.042933927272534714,59.03624346792646,4,29.42454433907963,True,20.306942515734374,23.062794825885952,18.019091810218654
6,2800.0,435668.23102449474,4004084.661384504,-75.71540348516655,36.179406608113744,ok,149.67619548027366,IW,0,22478.88386213154,1223.8008099918509,131,127,9.799807694378627,10.098424614451023,0.0,0.2063722112586287,affine_dtft,44.30094252837561,1,identified,1,148.32532203697264,61.87145192128776,150.5882352941177,0.041724277430489426,61.927513064147035,2,27.920066997011027,True,20.329016562901376,23.088459844202433,18.03855833592285
6,2850.0,435716.05370818975,4004099.2555930885,-75.71487290413023,36.17954135113495,ok,148.24370315278944,IW,0,22483.939051446232,1224.4750354534453,131,127,9.799479153496604,10.098472052834856,0.0,0.20222489056298867,affine_dtft,44.30360531053148,1,identified,1,146.62787111052435,62.41779549474512,150.5882352941177,0.041724277430489426,61.927513064147035,2,33.88327659553433,True,19.83620757842342,22.51637708244985,17.603535637278483
6,2900.0,435763.8763918848,4004113.8498016726,-75.71434232124045,36.179676091821825,ok,147.59628140046524,IW,0,22488.994408014045,1225.1492233435958,131,127,9.79917041814228,10.09851945773652,0.0,0.1981347336582656,affine_dtft,44.30626817955132,1,identified,1,144.9484048125156,62.867144032069405,150.5882352941177,0.041724277430489426,61.927513064147035,2,31.460665145279638,True,19.617046237016307,22.26255264822196,17.409789443671198
6,2950.0,435811.6990755799,4004128.444010257,-75.71381173649723,36.179810830174326,ok,146.8482929270521,IW,0,22494.049921625454,1225.8233750619272,131,127,9.798881492092939,10.098566833946524,0.0,0.19341054488745024,affine_dtft,44.308931130051576,1,identified,1,143.42680278108398,63.22254968824269,143.10835055998655,0.04390509206900454,63.43494882292201,1,22.663983296245874,True,19.36654394707453,21.97286488558781,17.188127162200704
6,3000.0,435859.52175927494,4004143.0382188414,-75.71328114990064,36.17994556619242,ok,146.76893715287463,IW,0,22499.105582066324,1226.4974920094583,131,127,9.798612371788092,10.098614173463899,0.0,0.18945971623719657,affine_dtft,44.311594156646265,1,identified,1,142.6758706397634,63.41597219477527,143.10835055998655,0.04390509206900454,63.43494882292201,1,20.923377472525843,True,19.34013561412392,21.942352214135187,17.16474629152147
6,3050.0,435907.34444297,4004157.6324274256,-75.71275056145072,36.180080299876074,ok,,IW,0,22504.16137912027,1227.1715755862003,131,127,9.798363072806362,10.098661485296786,0.0,0.18557840232736839,affine_dtft,44.31425725394819,1,ambiguous_multiple_blobs,2,142.58888671426027,63.44510030011519,143.10835055998655,0.04390509206900454,63.43494882292201,1,16.393935601946524,False,,,
6,3100.0,435955.16712666507,4004172.2266360098,-75.71221997114748,36.18021503122526,ok,144.49393820345497,IW,0,22509.21730256735,1227.845627193577,131,127,9.798133581255644,10.098708762558124,0.0,0.1818586693922345,affine_dtft,44.3169204165683,1,identified,4,143.85103743549303,63.25451966673878,150.27081219740774,0.04181241330435808,59.42077312751098,3,15.475979782154875,True,18.59643504309657,21.085097902021957,16.505315377267458
6,3150.0,436002.9898103601,4004186.8208445944,-75.711689378991,36.18034976023993,ok,148.06298556355415,IW,0,22514.273342185672,1228.5196482322954,131,127,9.797923919633842,10.098756007977748,0.0,0.1781304106865297,affine_dtft,44.31958363911653,1,identified,8,147.69366371557652,62.4751520112394,140.10265185297064,0.04484701198784884,63.03428556712984,7,10.574411557296104,True,19.774811670432676,22.445234476053454,17.54927693616285
6,3200.0,436050.81249405514,4004201.4150531786,-75.7111587849813,36.18048448692004,ok,,IW,0,22519.329487751264,1229.1936401032535,131,127,9.797734068878713,10.09880322288422,0.0,0.17448580524457608,affine_dtft,44.322246916201685,1,ambiguous_multiple_blobs,6,152.726483683218,57.09457027888164,150.27081219740774,0.04181241330435808,59.42077312751098,3,11.193483791547244,False,,,
6,3250.0,436098.6351777502,4004216.0092617627,-75.71062818911842,36.18061921126559,ok,151.63310627432566,IW,0,22524.385729036672,1229.867604208392,131,127,9.79756404182477,10.09885041036848,0.0,0.17101902247187367,affine_dtft,44.324910242430754,1,identified,5,154.38810602201843,56.914349442174775,153.81549264028405,0.04084884558328313,57.26477372789239,2,11.379902659204525,True,21.02039225042275,23.894272776525767,18.64733452542788
6,3300.0,436146.45786144526,4004230.6034703474,-75.71009759140244,36.18075393327651,ok,,IW,0,22529.442055813368,1230.5415419484923,131,127,9.797413838107012,10.098897564464178,0.0,0.16755835853705528,affine_dtft,44.32757361241016,1,identified,8,157.83965877134267,56.352854593237396,160.98117432972234,0.03903055952561471,56.97613244420334,3,13.108092987938125,True,,,
6,3350.0,436194.2805451403,4004245.1976789315,-75.70956699183336,36.180888652952795,touches_land_or_unmapped,,,,,,,,,,,,,,,,,,,,,,,,,,,
6,3400.0,436242.1032288354,4004259.7918875157,-75.70903639041124,36.18102337029439,touches_land_or_unmapped,,,,,,,,,,,,,,,,,,,,,,,,,,,
6,3450.0,436289.9259125304,4004274.3860961003,-75.70850578713613,36.181158085301256,touches_land_or_unmapped,,,,,,,,,,,,,,,,,,,,,,,,,,,
6,3500.0,436337.74859622546,4004288.9803046845,-75.70797518200806,36.18129279797337,touches_land_or_unmapped,,,,,,,,,,,,,,,,,,,,,,,,,,,
7,250.0,433510.49379412615,4002465.991243,-75.73925982558193,36.164668619280775,touches_land_or_unmapped,,,,,,,,,,,,,,,,,,,,,,,,,,,
7,300.0,433557.869545093,4002481.9768058723,-75.7387344726809,36.16481597907292,touches_land_or_unmapped,,,,,,,,,,,,,,,,,,,,,,,,,,,
7,350.0,433605.2452960598,4002497.962368744,-75.73820911777725,36.164963336579,touches_land_or_unmapped,,,,,,,,,,,,,,,,,,,,,,,,,,,
7,400.0,433652.62104702665,4002513.9479316156,-75.73768376087102,36.16511069179906,touches_land_or_unmapped,,,,,,,,,,,,,,,,,,,,,,,,,,,
7,450.0,433699.9967979935,4002529.9334944873,-75.73715840196228,36.16525804473301,touches_land_or_unmapped,,,,,,,,,,,,,,,,,,,,,,,,,,,
7,500.0,433747.3725489603,4002545.9190573595,-75.73663304105102,36.16540539538084,touches_land_or_unmapped,,,,,,,,,,,,,,,,,,,,,,,,,,,
7,550.0,433794.74829992716,4002561.904620231,-75.73610767813729,36.165552743742495,touches_land_or_unmapped,,,,,,,,,,,,,,,,,,,,,,,,,,,
7,600.0,433842.124050894,4002577.890183103,-75.73558231322113,36.16570008981795,touches_land_or_unmapped,,,,,,,,,,,,,,,,,,,,,,,,,,,
7,650.0,433889.49980186083,4002593.8757459745,-75.73505694630259,36.165847433607155,touches_land_or_unmapped,,,,,,,,,,,,,,,,,,,,,,,,,,,
7,700.0,433936.87555282767,4002609.8613088466,-75.73453157738172,36.16599477511009,touches_land_or_unmapped,,,,,,,,,,,,,,,,,,,,,,,,,,,
7,750.0,433984.2513037945,4002625.8468717183,-75.73400620645852,36.1661421143267,touches_land_or_unmapped,,,,,,,,,,,,,,,,,,,,,,,,,,,
7,800.0,434031.62705476134,4002641.83243459,-75.73348083353306,36.166289451256965,touches_land_or_unmapped,,,,,,,,,,,,,,,,,,,,,,,,,,,
7,850.0,434079.0028057282,4002657.817997462,-75.73295545860535,36.166436785900835,touches_land_or_unmapped,,,,,,,,,,,,,,,,,,,,,,,,,,,
7,900.0,434126.378556695,4002673.803560334,-75.73243008167545,36.16658411825827,touches_land_or_unmapped,,,,,,,,,,,,,,,,,,,,,,,,,,,
7,950.0,434173.75430766185,4002689.7891232055,-75.73190470274338,36.16673144832924,ok,129.5508448408588,IW,0,22305.811718847846,1110.8615068636698,130,127,9.823143018990208,10.088093601052924,0.0,0.37556443748509494,affine_dtft,44.20996345280478,1,identified,2,127.20541775164253,88.31161879242678,121.76678250355044,0.05160015874605525,87.27368900609372,4,15.43061455238662,True,14.281280770256428,16.178501971849006,12.645608214981065
7,1000.0,434221.1300586287,4002705.774686077,-75.7313793218092,36.16687877611372,ok,130.80078682921285,IW,0,22310.832406733072,1111.6815126718454,130,127,9.82214243780487,10.088160522868474,0.0,0.37044380754825673,affine_dtft,44.2126078862849,1,identified,2,128.94270805880817,88.7749847593438,132.3351392247509,0.047479341798315276,88.02506598911802,3,13.285400702524797,True,14.60818379847027,16.546708308293294,12.939770188830156
7,1050.0,434268.5058095955,4002721.7602489493,-75.73085393887293,36.16702610161163,ok,129.41271882289715,IW,0,22315.853605063247,1112.5014319759932,130,127,9.821161298296282,10.08822739131452,0.0,0.3653297573591461,affine_dtft,44.215252587327605,1,identified,2,130.8399225097364,89.269092448953,134.55061279427503,0.04669755994932881,86.98721249581665,4,10.410968999534797,True,14.245502702785856,16.13823371871107,12.61339826726345
7,1100.0,434315.88156056235,4002737.745811821,-75.73032855393461,36.16717342482298,ok,132.47045775571985,IW,0,22320.875303998782,1113.3212661356613,130,127,9.820199600666074,10.088294204774702,0.0,0.36022259418816804,affine_dtft,44.21789755074417,1,identified,5,133.2711308566736,89.879202047468,134.55061279427503,0.04669755994932881,86.98721249581665,4,8.73145259157198,True,15.053834633721436,17.049491300693024,13.34037052260386
7,1150.0,434363.2573115292,4002753.7313746926,-75.72980316699429,36.167320745747716,ok,134.4040799575014,IW,0,22325.897493689725,1114.1410165118332,130,127,9.819257353073622,10.088360966675587,0.0,0.35512263810943206,affine_dtft,44.22054277134042,1,identified,15,135.77465556453114,87.09741250085936,123.86044679763435,0.05072793994878105,95.55297103303681,7,7.072713337117138,True,15.583142476493629,17.647946864259946,13.8155191521937
7,1200.0,434410.633062496,4002769.7169375643,-75.729277778052,36.16746806438579,ok,135.8946074453781,IW,0,22330.92016427663,1114.9606844654231,130,127,9.81833457313951,10.088427673904478,0.0,0.3501055400720486,affine_dtft,44.223188243917164,1,identified,8,127.9514940879387,64.31835458847107,137.05547716766395,0.04584410223528085,87.95459151111277,3,7.618333534025784,True,16.001139968501565,18.12158559037547,14.190224131786298
7,1250.0,434458.00881346286,4002785.7025004365,-75.72875238710776,36.167615380737175,ok,136.2306061081539,IW,0,22335.94330589108,1115.7802713591245,130,127,9.817431260668863,10.088494330656255,0.0,0.34502133642095356,affine_dtft,44.225833963270475,1,identified,6,129.2480069897808,64.16754427844587,142.00325023365863,0.04424677109038663,86.82016988013575,2,6.259430527617352,True,16.0965950736798,18.229879340183043,14.27572609648091
7,1300.0,434505.3845644297,4002801.688063308,-75.72822699416164,36.16776269480182,ok,140.33727836722153,IW,0,22340.96690865484,1116.5997785567977,130,127,9.816547424912375,10.088560936130953,0.0,0.33994542185867105,affine_dtft,44.22847992419127,1,identified,5,130.50461199804832,64.13868503545993,142.00325023365863,0.04424677109038663,86.82016988013575,2,6.101983202448163,True,17.301257834109627,19.601017961305896,15.352540275567048
7,1350.0,434552.76031539653,4002817.67362618,-75.72770159921367,36.1679100065797,ok,,IW,0,22345.99096267916,1117.4192074236573,130,127,9.815683071057936,10.088627487186542,0.0,0.33487819487307374,affine_dtft,44.231126121464904,1,ambiguous_multiple_blobs,5,131.74327881456622,64.21731633067421,140.2871358339049,0.04478803612199097,99.46232220802561,2,5.940936876707733,False,,,
7,1400.0,434600.13606636337,4002833.659189052,-75.72717620226386,36.168057316070794,ok,136.63793424440948,IW,0,22351.01545806745,1118.2385593256001,130,127,9.814838207465058,10.088693989535455,0.0,0.3298200798148954,affine_dtft,44.23377254987259,1,identified,4,133.000613823041,64.39050605323413,140.2871358339049,0.04478803612199097,99.46232220802561,2,8.080997308255718,True,16.212929502975037,18.361928427551554,14.379896127353982
7,1450.0,434647.5118173302,4002849.6447519236,-75.72665080331228,36.16820462327503,ok,136.20890564447106,IW,0,22356.040384915686,1119.0578356289059,130,127,9.814012844129342,10.088760437836818,0.0,0.3247715277444199,affine_dtft,44.23641920419168,1,identified,5,140.10458541396622,99.91487564683548,123.97421507616953,0.0506813880879924,98.91492695714787,5,11.89427594804044,True,16.090416291802896,18.222868005030417,14.270192340763206
7,1500.0,434694.88756829704,4002865.6303147953,-75.72612540235896,36.16835192819239,ok,137.02455168235784,IW,0,22361.06573330768,1119.8770377024925,130,127,9.813206984299764,10.088826838624318,0.0,0.31992949440570445,affine_dtft,44.23906607919303,1,identified,3,138.94106445186108,100.18182112607539,140.2871358339049,0.04478803612199097,99.46232220802561,2,14.075630336425995,True,16.323977017799372,18.48804655033284,14.479296734102764
7,1550.0,434742.2633192639,4002881.615877667,-75.72559999940393,36.16849923082284,ok,135.96856658666667,IW,0,22366.091493321925,1120.6961669146624,130,127,9.812420629191806,10.088893185079842,0.0,0.3150911170258705,affine_dtft,44.24171316964475,1,identified,2,138.11840727487206,100.46425830507212,140.2871358339049,0.04478803612199097,99.46232220802561,2,15.248344924962126,True,16.02211209551121,18.14537418242679,14.209011641239941
7,1600.0,434789.6390702307,4002897.601440539,-75.72507459444724,36.16864653116634,ok,137.54306514581248,IW,0,22371.117655026872,1121.5152246354753,130,127,9.81165379191904,10.08895948356089,0.0,0.31026962572466044,affine_dtft,44.244360470309644,1,identified,1,137.52274843376594,100.76966767507494,140.2871358339049,0.04478803612199097,99.46232220802561,2,15.946092701108002,True,16.47387749317614,18.658400336059827,14.613420008406026
7,1650.0,434837.01482119755,4002913.587003411,-75.7245491874889,36.168793829222835,ok,135.85497955341128,IW,0,22376.144208483493,1122.3342122355755,130,127,9.810906485688006,10.089025729832917,0.0,0.30546580236069154,affine_dtft,44.24700797594655,1,identified,1,137.16481833052686,101.0765892703655,135.007210355449,0.04653962770312136,100.1246716553978,3,17.857797012590403,True,15.989912019649646,18.108850762464858,14.18016527511282
7,1700.0,434884.3905721644,4002929.5725662825,-75.72402377852897,36.16894112499231,ok,134.1668939610101,IW,0,22381.17114374542,1123.1531310867333,130,127,9.810178706162311,10.089091924001362,0.0,0.3006804803833264,affine_dtft,44.249655681310486,1,identified,1,137.1033069951384,101.37670209706621,131.84670787189887,0.04765523090105728,101.88865803962798,2,15.480155047704702,True,15.51743695019332,17.57357928251536,13.75657628347955
7,1750.0,434931.7663231312,4002945.558129154,-75.7234983675675,36.16908841847471,ok,134.79845570587204,IW,0,22386.198450857184,1123.9719825612412,130,127,9.809470453844067,10.089158069344741,0.0,0.2959910046544394,affine_dtft,44.25230358115162,1,identified,1,137.30818047173258,101.64068721873824,131.84670787189887,0.04765523090105728,101.88865803962798,2,15.244096302209815,True,15.69288177261896,17.77220381062475,13.913938135432202
7,1800.0,434979.14207409805,4002961.5436920263,-75.72297295460451,36.16923570967002,ok,136.48600254642517,IW,0,22391.22611985691,1124.7907680330832,130,127,9.80878174785758,10.08922416496959,0.0,0.2912457582939026,affine_dtft,44.25495167021676,1,identified,1,138.18430392350595,101.91546181906511,131.84670787189887,0.04765523090105728,101.88865803962798,2,12.77442670873638,True,16.16945811862583,18.31257609764971,14.34097469959688
7,1850.0,435026.5178250649,4002977.529254898,-75.72244753964004,36.16938299857818,ok,140.05459823444465,IW,0,22396.254140775065,1125.6094888757455,131,127,9.80811258815036,10.089290209400998,0.0,0.28652181149885597,affine_dtft,44.257599943248714,1,identified,1,140.2006787288114,102.26929596283908,143.44494455821464,0.04380206863706978,101.3099324740202,4,13.322230822952783,True,17.21602189014687,19.503722163378317,15.276491070091764
7,1900.0,435073.8935760317,4002993.5148177696,-75.72192212267413,36.169530285199166,ok,143.80869501728995,IW,0,22401.28250363508,1126.4281464645348,131,127,9.807462981463008,10.0893562057584,0.0,0.2818202217669876,affine_dtft,44.26024839498652,1,identified,1,144.29788266879532,102.77714442900376,143.44494455821464,0.04380206863706978,101.3099324740202,4,11.105912868868941,True,18.37738062313151,20.833324674591207,16.31072598726266
7,1950.0,435121.26932699856,4003009.5003806413,-75.72139670370682,36.16967756953293,ok,148.89126342480847,IW,0,22406.311198453808,1127.246742175143,131,127,9.80683292813377,10.089422150000606,0.0,0.277142101862381,affine_dtft,44.26289702016579,1,identified,3,149.55934608272537,100.52730664485948,149.68968631199618,0.04197473761875369,100.78429786756261,5,13.061393464221476,True,20.05762246606921,22.77317855195299,17.799097780717172
7,2000.0,435168.6450779654,4003025.4859435135,-75.72087128273813,36.16982485157944,ok,151.65418449506382,IW,0,22411.34021524015,1128.0652773842003,131,127,9.806222440719942,10.08948804654937,0.0,0.27248863930965217,affine_dtft,44.26554581351793,1,identified,1,151.02859139204685,100.4825135246094,150.61719178612535,0.04171625584482836,101.3099324740202,3,14.41397460998516,True,21.027956573169977,23.903110626165578,18.65398502204544
7,2050.0,435216.02082893223,4003041.471506385,-75.72034585976813,36.16997213133867,ok,150.22049571734766,IW,0,22416.36954399766,1128.8837534687725,131,127,9.805631523907897,10.089553895100844,0.0,0.26794008762055427,affine_dtft,44.268194769771526,1,identified,1,152.27556425703335,100.39459913627987,157.25954990949154,0.03995423687016644,100.61965527615511,2,13.755820270939216,True,20.51917852972306,23.309715727441787,18.206181856213078
7,2100.0,435263.39657989907,4003057.457069257,-75.71982043479683,36.17011940881055,ok,146.90017099434232,IW,0,22421.399174724025,1129.7021718060628,131,127,9.805060178231562,10.089619693473807,0.0,0.2633402562541088,affine_dtft,44.27084388365209,1,identified,3,159.66941574542727,100.77638814326055,157.25954990949154,0.03995423687016644,100.61965527615511,2,14.667973689196616,True,19.383825466433347,21.992835004188453,17.203426196032268
7,2150.0,435310.77233086596,4003073.442632129,-75.71929500782429,36.17026668399508,ok,143.39434517651108,IW,0,22426.42909740898,1130.5205337755426,131,127,9.804508404006365,10.089685445511137,0.0,0.25876913602590546,affine_dtft,44.27349314988093,1,identified,4,158.77086788696806,100.57070031784482,136.2765006696338,0.04610615385855483,62.52556837372287,3,11.073503636375476,True,18.246008307800505,20.682484312703288,16.193950034712028
7,2200.0,435358.1480818328,4003089.4281950006,-75.71876957885054,36.1704139568922,ok,138.56004773400662,IW,0,22431.459302037485,1131.3388407557268,131,127,9.80397622141585,10.089751146351508,0.0,0.25422825037647595,affine_dtft,44.27614256317679,1,identified,4,157.77747852458774,100.35801065241729,133.08806269696925,0.047210735357128844,62.10272896905237,4,10.947307756393585,True,16.77114792423186,18.996611602717998,14.87921153793342
7,2250.0,435405.52383279963,4003105.4137578723,-75.7182441478756,36.17056122750188,ok,133.72575029150215,IW,0,22436.48977858988,1132.1570941264386,131,127,9.803463617029795,10.089816799866883,0.0,0.24971922501990448,affine_dtft,44.278792118256085,1,identified,4,156.824675329232,100.12684212258162,133.08806269696925,0.047210735357128844,62.10272896905237,4,10.96934779320279,True,15.395814283351134,17.43598220214192,13.647441529382602
7,2300.0,435452.89958376647,4003121.399320744,-75.71771871489952,36.170708495824094,ok,133.2738349675508,IW,0,22441.52051703824,1132.9752952683748,131,127,9.802970610552734,10.089882405119946,0.0,0.24532505769977403,affine_dtft,44.28144180983079,1,identified,4,156.03151578107875,99.82129465964839,133.08806269696925,0.047210735357128844,62.10272896905237,4,11.766288536902119,True,15.272003270347891,17.29598765037357,13.536303565871565
7,2350.0,435500.2753347333,4003137.384883616,-75.71719327992234,36.17085576185878,ok,133.3202780351962,IW,0,22446.551507351363,1133.7934455615477,131,127,9.802497190527735,10.089947961727548,0.0,0.24088554784369715,affine_dtft,44.284091632611165,1,identified,4,155.43777889468154,99.44587098716686,133.08806269696925,0.047210735357128844,62.10272896905237,4,11.429548380508793,True,15.28469098526407,17.310330190624295,13.547694413511707
7,2400.0,435547.65108570014,4003153.370446488,-75.7166678429441,36.17100302560592,ok,133.39768314793852,IW,0,22451.58273949242,1134.611546387751,131,127,9.80204337282277,10.09001347350309,0.0,0.23648345827609377,affine_dtft,44.286741581304526,1,identified,4,132.21311643339249,61.28646082915075,134.01692404987702,0.04688352125468255,60.75117366345304,3,11.805497715903948,True,15.30585560284836,17.334257081227666,13.566694778944765
7,2450.0,435595.026836667,4003169.3560093595,-75.71614240396485,36.17115028706546,ok,,IW,0,22456.614203419565,1135.429599128532,131,127,9.801609159013559,10.090078933061722,0.0,0.23212089602223412,affine_dtft,44.28939165061554,1,ambiguous_multiple_blobs,4,132.24965668292037,60.98231246226981,169.16956171650307,0.03714134648944143,82.40535663140857,2,11.253667836053944,False,,,
7,2500.0,435642.4025876338,4003185.341572231,-75.71561696298461,36.171297546237376,ok,,IW,0,22461.645889086245,1136.2476051664523,131,127,9.801194550433223,10.090144345002232,0.0,0.2278001144664491,affine_dtft,44.29204183524637,1,ambiguous_multiple_blobs,4,132.39950302058534,60.602163954126816,169.16956171650307,0.03714134648944143,82.40535663140857,2,8.820155814669452,False,,,
7,2550.0,435689.77833860065,4003201.3271351033,-75.71509152000341,36.17144480312163,ok,,IW,0,22466.677786441098,1137.0655658841076,131,127,9.800799546488603,10.090209713008834,0.0,0.22352350009857186,affine_dtft,44.294692129896674,1,ambiguous_multiple_blobs,2,132.70087900831564,60.16712559442813,169.16956171650307,0.03714134648944143,82.40535663140857,2,9.690836557102928,False,,,
7,2600.0,435737.1540895675,4003217.312697975,-75.71456607502131,36.17159205771818,ok,,IW,0,22471.709885428878,1137.8834826645138,131,127,9.800424163244262,10.090275030998654,0.0,0.21937776211753043,affine_dtft,44.29734252926405,1,ambiguous_multiple_blobs,2,133.42031940269547,59.60575805690024,169.16956171650307,0.03714134648944143,82.40535663140857,2,9.760979931822492,False,,,
7,2650.0,435784.5298405343,4003233.2982608466,-75.71404062803832,36.171739310027,ok,170.02304803499666,IW,0,22476.74217598991,1138.7013568915663,131,127,9.800068399840061,10.090340305710134,0.0,0.21519782954568098,affine_dtft,44.29999302804376,1,identified,2,134.22571461752884,59.07808399929194,169.16956171650307,0.03714134648944143,82.40535663140857,2,12.722765591397488,True,28.77941889801123,33.26858087664977,25.335169346027246
7,2700.0,435831.90559150116,4003249.2838237183,-75.71351517905453,36.17188656004802,ok,167.2084010947942,IW,0,22481.77464806073,1139.5191899484753,131,127,9.7997322435712,10.090405531499414,0.0,0.21107026662884076,affine_dtft,44.30264362092907,1,identified,2,135.2839573982666,58.53313075228872,169.16956171650307,0.03714134648944143,82.40535663140857,2,13.435412607539563,True,27.415596335765205,31.567768619574284,24.18115231437349
7,2750.0,435879.281342468,4003265.2693865905,-75.7129897280699,36.17203380778124,ok,165.51961293067274,IW,0,22486.807291573543,1140.3369832197875,131,127,9.799415708769397,10.090470712707466,0.0,0.20699818680959406,affine_dtft,44.305294302610974,1,identified,2,136.45341998727594,58.031704126861115,171.73002067198382,0.036587576724170456,79.69515353123397,3,15.063772096804728,True,26.632662259955183,30.603187063440192,23.51415077375094
7,2800.0,435926.6570934348,4003281.254949462,-75.71246427508454,36.17218105322661,ok,158.8216463155349,IW,0,22491.84009645881,1141.154738089387,131,127,9.79911880717573,10.090535846948555,0.0,0.2029848993149211,affine_dtft,44.30794506777953,1,identified,2,137.4748370231865,57.64141730814059,158.76446027418683,0.039575515177190795,82.8749836510982,1,17.684654090411502,True,23.75748417320531,27.125440201931283,21.038543655187592
7,2850.0,435974.03284440166,4003297.240512334,-75.71193882009844,36.17232829638407,ok,152.12367970039713,IW,0,22496.8730526413,1141.9724559426347,131,127,9.79884152928532,10.09060093485807,0.0,0.19912045539680295,affine_dtft,44.310595911121816,1,identified,2,138.14529032535566,57.42292981406381,158.76446027418683,0.039575515177190795,82.8749836510982,1,15.438254484436268,True,21.1971060029283,24.100862207680095,18.80264185765239
7,2900.0,436021.4085953685,4003313.226075206,-75.71141336311167,36.17247553725363,ok,149.53056762083773,IW,0,22501.906150043866,1142.7901381641661,131,127,9.798583884635862,10.090665973226752,0.0,0.19523601250920286,affine_dtft,44.31324682732389,1,identified,1,138.38970319117632,57.40021494837739,135.67972864081406,0.04630894659152148,57.9946167919165,1,22.26197969606042,True,20.27841327300627,23.02963013036533,17.993929933457967
7,2950.0,436068.78434633533,4003329.2116380776,-75.71088790412426,36.17262277583521,ok,151.2481626295838,IW,0,22506.93937858661,1143.6077861392587,131,127,9.79834586763396,10.0907309717863,0.0,0.19142163211586732,affine_dtft,44.31589781107035,1,identified,1,138.1244553781056,57.59253381634734,135.67972864081406,0.04630894659152148,57.9946167919165,1,20.014731433633173,True,20.882693804725847,23.733473895356866,18.526232426359144
7,3000.0,436116.16009730217,4003345.1972009493,-75.71036244313623,36.172770012128794,ok,149.36908821843303,IW,0,22511.972728186098,1144.4254012536096,131,127,9.798127488716117,10.090795921536849,0.0,0.18768155491719649,affine_dtft,44.31854885704395,1,identified,2,137.29814731201276,58.01182504888479,158.76446027418683,0.039575515177190795,97.1250163489018,1,10.404987810788377,True,20.22243645229284,22.964576579595708,17.94455140183395
7,3050.0,436163.535848269,4003361.182763821,-75.70983698014764,36.17291724613434,ok,153.93220807763933,IW,0,22517.006188757474,1145.2429848920347,131,127,9.797928743790793,10.090860826969541,0.0,0.1833155528541179,affine_dtft,44.32119995992667,1,identified,2,135.6338885926996,58.79433673334057,167.35243531791713,0.03754463026034551,101.3099324740202,2,8.261323539688613,True,21.86076361855085,24.879088826236952,19.384805645839368
7,3100.0,436210.91159923584,4003377.168326693,-75.70931151515852,36.1730644778518,touches_land_or_unmapped,,,,,,,,,,,,,,,,,,,,,,,,,,,
7,3150.0,436258.2873502027,4003393.153889565,-75.7087860481689,36.17321170728115,touches_land_or_unmapped,,,,,,,,,,,,,,,,,,,,,,,,,,,
7,3200.0,436305.6631011695,4003409.1394524365,-75.70826057917881,36.17335893442234,touches_land_or_unmapped,,,,,,,,,,,,,,,,,,,,,,,,,,,
7,3250.0,436353.03885213635,4003425.125015308,-75.70773510818833,36.17350615927535,touches_land_or_unmapped,,,,,,,,,,,,,,,,,,,,,,,,,,,
7,3300.0,436400.4146031032,4003441.1105781803,-75.70720963519746,36.17365338184013,touches_land_or_unmapped,,,,,,,,,,,,,,,,,,,,,,,,,,,
7,3350.0,436447.79035407,4003457.096141052,-75.70668416020625,36.173800602116636,touches_land_or_unmapped,,,,,,,,,,,,,,,,,,,,,,,,,,,
7,3400.0,436495.16610503686,4003473.0817039236,-75.70615868321472,36.17394782010485,touches_land_or_unmapped,,,,,,,,,,,,,,,,,,,,,,,,,,,
7,3450.0,436542.5418560037,4003489.0672667953,-75.70563320422293,36.17409503580473,touches_land_or_unmapped,,,,,,,,,,,,,,,,,,,,,,,,,,,
7,3500.0,436589.9176069705,4003505.0528296675,-75.70510772323092,36.17424224921622,touches_land_or_unmapped,,,,,,,,,,,,,,,,,,,,,,,,,,,
