transect,distance_m,E,N,certified,depth_mean_m,depth_p10_m,depth_p90_m,uncertainty_max_m,frf_survey_fraction,legacy_fraction,source_year_min,sar_paper_wavelength_m,sar_identifiable,sar_axial_deg,sar_peak_k,sar_centroid_k,sar_band_k,pred_Ek_peak_k,pred_Ek_centroid_k,pred_Ek_band_k,pred_k2Ek_peak_k,pred_k2Ek_centroid_k,pred_k2Ek_band_k,lambda_Tpeak_waverider-17m_m,lambda_Tpeak_awac-11m_m,lambda_Tpeak_8m-array_m,lambda_Tpeak_waverider-26m_m
1,5000.0,435542.45489756373,4011356.482326662,True,19.836708068847656,19.019039154052734,20.745803833007812,0.300119549036026,0.0,1.0,2001.0,511.99999999999943,False,90.0,0.009203884727313857,0.009203884727313857,"[0.009203884727313857, 0.009203884727313857]",0.03413107253045555,0.03381907643800424,"[0.033364082136512735, 0.03413107253045555]",0.15761652595524983,0.15761652595524983,"[0.15761652595524983, 0.15761652595524983]",148.1535374967931,133.47165305059258,165.4174656456845,133.47165305059258
1,5100.0,435640.0732717047,4011378.1768658385,True,20.05268096923828,19.182323455810547,21.013233184814453,0.300119549036026,0.0,1.0,2001.0,511.99999999999943,False,90.0,0.009203884727313857,0.009203884727313857,"[0.009203884727313857, 0.009203884727313857]",0.04670654888130511,0.046751550830787435,"[0.046402918833540696, 0.047169909227483514]",0.15761652595524983,0.15761652595524983,"[0.15761652595524983, 0.15761652595524983]",148.77426925843318,133.9991762300427,166.14569366645907,133.9991762300427
1,5200.0,435737.6916458457,4011399.8714050143,True,20.286914825439453,19.374279022216797,21.305988311767578,0.300119549036026,0.0,1.0,2001.0,137.76338821044462,True,50.19442890773481,0.04661807996274684,0.04836765304139952,"[0.04601942363656929, 0.05215534678811186]",0.04682382227684059,0.04681837196359306,"[0.046402918833540696, 0.047169909227483514]",0.15761652595524983,0.15761652595524983,"[0.15761652595524983, 0.15761652595524983]",149.6145694872675,134.7133257044002,167.13148410069022,134.7133257044002
1,5300.0,435835.3100199867,4011421.5659441906,True,20.52130889892578,19.563095092773438,21.519039154052734,0.300119549036026,0.0,1.0,2001.0,131.10976505128534,True,50.19442890773481,0.04590935624460921,0.04593133346266621,"[0.033747577333484144, 0.05829126993965443]",0.046651822297502754,0.04648091785665353,"[0.04563592843959788, 0.047169909227483514]",0.15761652595524983,0.15761652595524983,"[0.15761652595524983, 0.15761652595524983]",150.05787715229172,135.08909469276648,167.65267207541558,135.08909469276648
1,5400.0,435932.92839412775,4011443.260483367,True,20.779464721679688,19.769004821777344,21.769336700439453,0.300119549036026,0.0,1.0,2001.0,183.17868871678252,False,50.19442890773481,0.043027139274087786,0.0473403930750203,"[0.033747577333484144, 0.064427193091197]",0.046124900167521826,0.04629527105895223,"[0.04563592843959788, 0.047169909227483514]",0.15761652595524983,0.15761652595524983,"[0.15761652595524983, 0.15761652595524983]",150.9983607656081,135.88688537783253,168.75769888287616,135.88688537783253
1,5500.0,436030.54676826874,4011464.955022543,True,21.019527435302734,19.97072982788086,22.04532241821289,0.300119549036026,0.0,1.0,2001.0,178.79815571701178,True,80.53767779197439,0.03654347119204602,0.04113379677301624,"[0.033747577333484144, 0.05215534678811186]",0.04610472009582521,0.04604390205339726,"[0.04563592843959788, 0.046402918833540696]",0.15761652595524983,0.15761652595524983,"[0.15761652595524983, 0.15761652595524983]",151.52969354640888,136.33598570321658,169.38384158692412,136.33598570321658
1,5600.0,436128.16514240974,4011486.649561719,True,21.250308990478516,20.168697357177734,22.277637481689453,0.300119549036026,0.0,1.0,2001.0,174.02236463599075,True,71.56505117707799,0.03760867062253265,0.04415207365657958,"[0.033747577333484144, 0.05829126993965443]",0.04583295671773678,0.0459066309315777,"[0.04563592843959788, 0.046402918833540696]",0.15761652595524983,0.15761652595524983,"[0.15761652595524983, 0.15761652595524983]",152.14580669967606,136.85741102631692,170.10912639016547,136.85741102631692
1,5700.0,436225.7835165507,4011508.3441008953,True,21.510408401489258,20.455333709716797,22.52093505859375,0.300119549036026,0.0,1.0,2001.0,168.34456300068567,True,80.53767779197439,0.03607790835460163,0.041674547510362946,"[0.033747577333484144, 0.05215534678811186]",0.046082666714064566,0.04564915241190724,"[0.04486893804565506, 0.046402918833540696]",0.15761652595524983,0.15761652595524983,"[0.15761652595524983, 0.15761652595524983]",152.8112781362415,137.41807740588632,170.8954171579348,137.41807740588632
1,5800.0,436323.4018906918,4011530.0386400716,True,21.74164581298828,20.728153228759766,22.68380355834961,0.300119549036026,0.0,1.0,2001.0,168.34456300068567,True,90.0,0.03607266323620267,0.041124089216759786,"[0.033747577333484144, 0.05215534678811186]",0.045500912942916236,0.045332328075328845,"[0.04486893804565506, 0.04563592843959788]",0.15761652595524983,0.15761652595524983,"[0.15761652595524983, 0.15761652595524983]",153.50656851732873,138.0064436704611,171.71398643152196,138.0064436704611
1,5900.0,436421.02026483277,4011551.733179248,True,21.967700958251953,20.999576568603516,22.835567474365234,0.300119549036026,0.0,1.0,2001.0,170.07714274045927,True,90.0,0.03594270955535894,0.041199751399448065,"[0.033747577333484144, 0.05215534678811186]",0.04532670059232058,0.0452749917836248,"[0.04486893804565506, 0.04563592843959788]",0.15761652595524983,0.15761652595524983,"[0.15761652595524983, 0.15761652595524983]",154.0221129810817,138.44053335863603,172.3234302086618,138.44053335863603
1,6000.0,436518.63863897376,4011573.427718424,True,22.187557220458984,21.284027099609375,22.997936248779297,0.300119549036026,0.0,1.0,2001.0,186.18181818181793,True,90.0,0.03484098600727539,0.036229844385530605,"[0.033747577333484144, 0.039883500485026716]",0.04524486368932405,0.04524593332403373,"[0.04486893804565506, 0.04563592843959788]",0.15761652595524983,0.15761652595524983,"[0.15761652595524983, 0.15761652595524983]",154.72187384086206,139.02990765362523,173.15044276822024,139.02990765362523
1,6100.0,436616.25701311475,4011595.1222576,True,22.376720428466797,21.489784240722656,23.094179153442383,0.300119549036026,0.0,1.0,2001.0,204.79999999999976,True,90.0,0.03316731298731953,0.02417504395752538,"[0.009203884727313857, 0.039883500485026716]",0.045106661883514185,0.045193433981553954,"[0.04486893804565506, 0.04563592843959788]",0.20823789195547604,0.20823789195547604,"[0.20823789195547604, 0.20823789195547604]",155.24432368238413,139.46818073194757,173.76992553702914,139.46818073194757
1,6200.0,436713.87538725574,4011616.8167967764,True,22.546428680419922,21.696430206298828,23.172256469726562,0.300119549036026,0.0,1.0,2001.0,409.5999999999993,False,135.0,0.015339807878856429,0.017556640182559192,"[0.015339807878856429, 0.021475731030399]",0.045011437507046406,0.04486893804565506,"[0.04486893804565506, 0.04486893804565506]",0.20823789195547604,0.20823789195547604,"[0.20823789195547604, 0.20823789195547604]",155.59819026204934,139.76573384348433,174.1887060473411,139.76573384348433
1,6300.0,436811.4937613968,4011638.5113359527,True,22.66025161743164,21.92761993408203,23.201068878173828,0.300119549036026,0.0,1.0,2001.0,457.9467217919564,False,60.94539590092286,0.014281179947942852,0.012940039713556282,"[0.009203884727313857, 0.015339807878856429]",0.044952879139883294,0.04486893804565506,"[0.04486893804565506, 0.04486893804565506]",0.20823789195547604,0.20823789195547604,"[0.20823789195547604, 0.20823789195547604]",155.859352646379,139.98536400724194,174.49774367346453,139.98536400724194
1,6400.0,436909.1121355378,4011660.2058751285,True,22.743852615356445,22.165342330932617,23.201068878173828,0.300119549036026,0.0,1.0,2001.0,101.76593817599031,True,60.94539590092286,0.04072238859102089,0.04234899169977407,"[0.039883500485026716, 0.04601942363656929]",0.04478402771208944,0.04486893804565506,"[0.04486893804565506, 0.04486893804565506]",0.20823789195547604,0.20823789195547604,"[0.20823789195547604, 0.20823789195547604]",156.3599557639512,140.40545127395742,175.09115870285964,140.40545127395742
1,6500.0,437006.7305096788,4011681.900414305,True,22.80353355407715,22.365690231323242,23.210651397705078,0.300119549036026,0.0,1.0,2001.0,146.2857142857141,True,90.0,0.04175495899544589,0.04058304408851479,"[0.033747577333484144, 0.04601942363656929]",0.04475718804100631,0.04486893804565506,"[0.04486893804565506, 0.04486893804565506]",0.20823789195547604,0.20823789195547604,"[0.20823789195547604, 0.20823789195547604]",156.3244749258577,140.37604929581758,175.0486702272988,140.37604929581758
1,6600.0,437104.34888381977,4011703.594953481,True,22.84787940979004,22.49279022216797,23.219451904296875,0.300119549036026,0.0,1.0,2001.0,136.53333333333316,True,90.0,0.04219882539358247,0.04059490474882413,"[0.033747577333484144, 0.04601942363656929]",0.04471918652394224,0.04486893804565506,"[0.04486893804565506, 0.04486893804565506]",0.20823789195547604,0.20823789195547604,"[0.20823789195547604, 0.20823789195547604]",156.60810332262224,140.61381531815817,175.38516447735478,140.61381531815817
1,6700.0,437201.9672579608,4011725.2894926574,True,22.877485275268555,22.562530517578125,23.219451904296875,0.300119549036026,0.0,1.0,2001.0,146.2857142857141,True,90.0,0.0430735213554896,0.04050278948455956,"[0.033747577333484144, 0.04601942363656929]",0.04477202216526665,0.04486893804565505,"[0.04486893804565506, 0.04486893804565506]",0.20823789195547604,0.20823789195547604,"[0.20823789195547604, 0.20823789195547604]",156.5374897789847,140.5546827602392,175.30131671147512,140.5546827602392
1,6800.0,437299.5856321018,4011746.9840318332,True,22.905305862426758,22.546527862548828,23.224815368652344,0.300119549036026,0.0,1.0,2001.0,146.2857142857141,True,90.0,0.043989990920982824,0.04043951478329552,"[0.033747577333484144, 0.04601942363656929]",0.04486893804565506,0.04486893804565506,"[0.04486893804565506, 0.04486893804565506]",0.20823789195547604,0.20823789195547604,"[0.20823789195547604, 0.20823789195547604]",156.62303534472227,140.62635146563605,175.40285822806814,140.62635146563605
1,6900.0,437397.2040062428,4011768.6785710095,True,22.91565704345703,22.53531265258789,23.23546600341797,0.300119549036026,0.0,1.0,2001.0,157.53846153846138,True,90.0,0.04483586040056766,0.03989348938314777,"[0.027611654181941572, 0.05215534678811186]",0.044751060512947416,0.04486893804565506,"[0.04486893804565506, 0.04486893804565506]",0.20823789195547604,0.20823789195547604,"[0.20823789195547604, 0.20823789195547604]",156.58368533757468,140.59315426610772,175.3564162659401,140.59315426610772
1,7000.0,437494.8223803838,4011790.373110186,True,22.92545509338379,22.546527862548828,23.261428833007812,0.300119549036026,0.0,1.0,2001.0,186.18181818181793,True,90.0,0.033294099920980834,0.03679535444171584,"[0.027611654181941572, 0.04601942363656929]",0.044707832155875024,0.04486893804565506,"[0.04486893804565506, 0.04486893804565506]",0.20823789195547604,0.20823789195547604,"[0.20823789195547604, 0.20823789195547604]",156.69524478351877,140.68675264985694,175.48867945089094,140.68675264985694
1,7100.0,437592.44075452484,4011812.067649362,True,22.9359073638916,22.562530517578125,23.28179168701172,0.300119549036026,0.0,1.0,2001.0,186.18181818181793,True,90.0,0.03232677675199648,0.038344691668035856,"[0.027611654181941572, 0.05215534678811186]",0.031830101348627085,0.031830101348627085,"[0.031830101348627085, 0.031830101348627085]",0.20823789195547604,0.20823789195547604,"[0.20823789195547604, 0.20823789195547604]",156.74723381980525,140.73018964844366,175.55052702511546,140.73018964844366
1,7200.0,437690.05912866583,4011833.762188538,True,22.952978134155273,22.562530517578125,23.30730438232422,0.300119549036026,0.0,1.0,2001.0,204.79999999999976,False,90.0,0.031166369672890454,0.03853541619861374,"[0.027611654181941572, 0.05215534678811186]",0.031830101348627085,0.031830101348627085,"[0.031830101348627085, 0.031830101348627085]",0.20823789195547604,0.20823789195547604,"[0.20823789195547604, 0.20823789195547604]",156.77745232334092,140.75556045171166,175.58633321358195,140.75556045171166
1,7300.0,437787.6775028068,4011855.4567277143,True,22.99744415283203,22.573863983154297,23.348339080810547,0.300119549036026,0.0,1.0,2001.0,203.78361655500555,True,90.0,0.030833751595327315,0.04124964316071112,"[0.027611654181941572, 0.05829126993965443]",0.031830101348627085,0.031830101348627085,"[0.031830101348627085, 0.031830101348627085]",0.20823789195547604,0.20823789195547604,"[0.20823789195547604, 0.20823789195547604]",156.75893329524388,140.73986753116512,175.56455709615983,140.73986753116512
1,7400.0,437885.2958769478,4011877.1512668906,True,23.0351505279541,22.585208892822266,23.352397918701172,0.300119549036026,0.0,1.0,2001.0,191.62609506871448,False,90.0,0.05166987638538998,0.0420870373837783,"[0.027611654181941572, 0.05829126993965443]",0.031830101348627085,0.031830101348627085,"[0.031830101348627085, 0.031830101348627085]",0.20823789195547604,0.20823789195547604,"[0.20823789195547604, 0.20823789195547604]",156.88509831008903,140.84539047582513,175.7145168864552,140.84539047582513
1,7500.0,437982.91425108886,4011898.845806067,True,23.0612735748291,22.653732299804688,23.352397918701172,0.300119549036026,0.0,1.0,2001.0,248.35648003720468,False,60.25511870305778,0.05189984004869549,0.05134248924157923,"[0.027611654181941572, 0.07669903939428215]",0.031830101348627085,0.031830101348627085,"[0.031830101348627085, 0.031830101348627085]",0.20823789195547604,0.20823789195547604,"[0.20823789195547604, 0.20823789195547604]",157.00338146208523,140.94444321324528,175.8549672396784,140.94444321324528
1,7600.0,438080.53262522985,4011920.5403452427,True,23.05011558532715,22.592334747314453,23.352397918701172,0.300119549036026,0.0,1.0,2001.0,127.01156821934931,False,60.25511870305778,0.040747507749658185,0.0441565320879646,"[0.009203884727313857, 0.07669903939428215]",0.031830101348627085,0.031830101348627085,"[0.031830101348627085, 0.031830101348627085]",0.20823789195547604,0.20823789195547604,"[0.20823789195547604, 0.20823789195547604]",156.948186187113,140.89817007228183,175.7894873692853,140.89817007228183
1,7700.0,438178.15099937085,4011942.234884419,True,23.014863967895508,22.434463500976562,23.352397918701172,0.300119549036026,0.0,1.0,2001.0,157.53846153846138,False,90.0,0.039566488759703644,0.04002876937902809,"[0.009203884727313857, 0.07056311624273957]",0.031830101348627085,0.031830101348627085,"[0.031830101348627085, 0.031830101348627085]",0.20823789195547604,0.20823789195547604,"[0.20823789195547604, 0.20823789195547604]",156.80728072707922,140.78009950420906,175.6222595644411,140.78009950420906
1,7800.0,438275.76937351184,4011963.9294235953,True,22.959869384765625,22.25167465209961,23.352397918701172,0.300119549036026,0.0,1.0,2001.0,146.2857142857141,True,90.0,0.0397582458110827,0.034540111862777376,"[0.015339807878856429, 0.05215534678811186]",0.031830101348627085,0.031830101348627085,"[0.031830101348627085, 0.031830101348627085]",0.20823789195547604,0.20823789195547604,"[0.20823789195547604, 0.20823789195547604]",156.9000653448455,140.8574854493054,175.73279514530665,140.8574854493054
1,7900.0,438373.3877476528,4011985.623962771,True,22.890586853027344,22.188018798828125,23.352397918701172,0.300119549036026,0.0,1.0,2001.0,155.7565828802744,True,90.0,0.04029586976240365,0.03412088674389508,"[0.015339807878856429, 0.05215534678811186]",0.031830101348627085,0.031830101348627085,"[0.031830101348627085, 0.031830101348627085]",0.20823789195547604,0.20823789195547604,"[0.20823789195547604, 0.20823789195547604]",156.58391066735973,140.5927239735446,175.35739843365297,140.5927239735446
1,8000.0,438471.0061217939,4012007.3185019474,True,22.827054977416992,22.176101684570312,23.352397918701172,0.300119549036026,0.0,1.0,2001.0,134.16894097006954,True,56.309932474020215,0.04135112925306253,0.040242561381519326,"[0.033747577333484144, 0.04601942363656929]",0.031830101348627085,0.031830101348627085,"[0.031830101348627085, 0.031830101348627085]",0.20823789195547604,0.20823789195547604,"[0.20823789195547604, 0.20823789195547604]",156.3186320561714,140.37059985440337,175.04237483926153,140.37059985440337
1,8100.0,438568.62449593487,4012029.0130411237,True,22.777130126953125,22.176101684570312,23.351730346679688,0.300119549036026,0.0,1.0,2001.0,134.16894097006954,True,56.309932474020215,0.042771255541966514,0.04303531585088454,"[0.033747577333484144, 0.05215534678811186]",0.031830101348627085,0.031830101348627085,"[0.031830101348627085, 0.031830101348627085]",0.20823789195547604,0.20823789195547604,"[0.20823789195547604, 0.20823789195547604]",156.49745613370476,140.52021735454824,175.25486628528614,140.52021735454824
1,8200.0,438666.24287007586,4012050.7075803,True,22.742868423461914,22.178783416748047,23.333751678466797,0.300119549036026,0.0,1.0,2001.0,134.16894097006954,True,60.25511870305778,0.04272363882732907,0.050750118233588784,"[0.039883500485026716, 0.064427193091197]",0.03189070362359932,0.031830101348627085,"[0.031830101348627085, 0.031830101348627085]",0.20823789195547604,0.20823789195547604,"[0.20823789195547604, 0.20823789195547604]",156.32049031255966,140.372153779638,175.04458418417283,140.372153779638
1,8300.0,438763.86124421685,4012072.402119476,True,22.71952247619629,22.180870056152344,23.31209945678711,0.300119549036026,0.0,1.0,2001.0,134.5867635727328,True,60.25511870305778,0.0492413681413579,0.05170154658564962,"[0.039883500485026716, 0.064427193091197]",0.03186605701206218,0.031830101348627085,"[0.031830101348627085, 0.031830101348627085]",0.20823789195547604,0.20823789195547604,"[0.20823789195547604, 0.20823789195547604]",156.32726539712246,140.37798631488027,175.05244572814118,140.37798631488027
1,8400.0,438861.4796183579,4012094.096658652,True,22.710235595703125,22.180870056152344,23.339004516601562,0.300119549036026,0.0,1.0,2001.0,124.52206598358647,True,69.44395478041653,0.05750974843168305,0.0550824110090449,"[0.033747577333484144, 0.07669903939428215]",0.04478726695211141,0.04486893804565507,"[0.04486893804565506, 0.04486893804565506]",0.20823789195547604,0.20823789195547604,"[0.20823789195547604, 0.20823789195547604]",155.9840392571011,140.09026982522494,174.64523305104024,140.09026982522494
1,8500.0,438959.0979924989,4012115.7911978285,True,22.73691177368164,22.185832977294922,23.45318603515625,0.300119549036026,0.0,1.0,2001.0,124.52206598358647,True,168.6900675259798,0.03240956923036418,0.028186941566752922,"[0.015339807878856429, 0.039883500485026716]",0.044751060512947416,0.04486893804565506,"[0.04486893804565506, 0.04486893804565506]",0.20823789195547604,0.20823789195547604,"[0.20823789195547604, 0.20823789195547604]",156.03370731873113,140.13220218900312,174.70381748744882,140.13220218900312
1,8600.0,439056.7163666399,4012137.485737005,True,22.8040771484375,22.200603485107422,23.485265731811523,0.300119549036026,0.0,1.0,2001.0,189.33766697821136,False,153.434948822922,0.03586147638390419,0.028036376687463692,"[0.015339807878856429, 0.039883500485026716]",0.04464508190818343,0.04486893804565506,"[0.04486893804565506, 0.04486893804565506]",0.20823789195547604,0.20823789195547604,"[0.20823789195547604, 0.20823789195547604]",156.41535216422616,140.4515007702478,175.1573312241032,140.4515007702478
1,8700.0,439154.3347407809,4012159.1802761806,True,22.91861915588379,22.222003936767578,23.549320220947266,0.300119549036026,0.0,1.0,2001.0,187.3031457330254,False,90.0,0.03580987745527878,0.03206724134014668,"[0.021475731030399, 0.039883500485026716]",0.03170352931842831,0.031830101348627085,"[0.031830101348627085, 0.031830101348627085]",0.20823789195547604,0.20823789195547604,"[0.20823789195547604, 0.20823789195547604]",156.88459158413065,140.8438524274742,175.71520355465984,140.8438524274742
1,8800.0,439251.9531149219,4012180.874815357,True,23.037521362304688,22.290557861328125,23.61060333251953,0.300119549036026,0.0,1.0,2001.0,248.35648003720468,False,14.036243467926479,0.02756485428654388,0.02758917407645731,"[0.021475731030399, 0.033747577333484144]",0.04457536168913124,0.044545994721889665,"[0.04410194765171223, 0.04486893804565506]",0.20823789195547604,0.20823789195547604,"[0.20823789195547604, 0.20823789195547604]",156.6896737096239,140.6805442235562,175.48384919143297,140.6805442235562
1,8900.0,439349.5714890629,4012202.569354533,True,23.151344299316406,22.422286987304688,23.811851501464844,0.300119549036026,0.0,1.0,2001.0,239.70026945767506,True,14.036243467926479,0.028206983495217622,0.027946879221195264,"[0.021475731030399, 0.033747577333484144]",0.03569319083524231,0.0356650533183412,"[0.0356650533183412, 0.0356650533183412]",0.20823789195547604,0.20823789195547604,"[0.20823789195547604, 0.20823789195547604]",157.3116073125937,141.20099100825703,176.22277151634444,141.20099100825703
1,9000.0,439447.1898632039,4012224.2638937095,True,23.246870040893555,22.545555114746094,23.943126678466797,0.300119549036026,0.0,1.0,2001.0,228.9733608959782,True,26.56505117707799,0.028599639181843054,0.029855104692193834,"[0.027611654181941572, 0.033747577333484144]",0.03562215064324124,0.0356650533183412,"[0.0356650533183412, 0.0356650533183412]",0.20823789195547604,0.20823789195547604,"[0.20823789195547604, 0.20823789195547604]",157.31817951915784,141.20651475177905,176.23055276925822,141.20651475177905
1,9100.0,439544.8082373449,4012245.9584328854,True,23.30913734436035,22.6505126953125,23.990596771240234,0.300119549036026,0.0,1.0,2001.0,228.9733608959782,True,53.13010235415598,0.028858544886222373,0.029876441013584797,"[0.027611654181941572, 0.033747577333484144]",0.04410194765171223,0.044357611116359844,"[0.04410194765171223, 0.04486893804565506]",0.20823789195547604,0.20823789195547604,"[0.20823789195547604, 0.20823789195547604]",157.78013405310108,141.59279967900915,176.77973620231563,141.59279967900915
1,9200.0,439642.4266114859,4012267.6529720617,True,23.347370147705078,22.72088623046875,24.01376724243164,0.300119549036026,0.0,1.0,2001.0,197.47563925500637,True,53.13010235415598,0.0293934452478289,0.03004004103607946,"[0.027611654181941572, 0.033747577333484144]",0.04410194765171223,0.04410194765171223,"[0.04410194765171223, 0.04410194765171223]",0.20823789195547604,0.20823789195547604,"[0.20823789195547604, 0.20823789195547604]",157.9687676840832,141.7501436158447,177.0044419291695,141.7501436158447
1,9300.0,439740.04498562694,4012289.347511238,True,23.3619441986084,22.75635528564453,24.03253173828125,0.300119549036026,0.0,1.0,2001.0,197.47563925500637,True,45.0,0.02970765796386017,0.030168454501937822,"[0.027611654181941572, 0.033747577333484144]",0.04410194765171223,0.04410194765171223,"[0.04410194765171223, 0.04410194765171223]",0.20823789195547604,0.20823789195547604,"[0.20823789195547604, 0.20823789195547604]",157.9700774608114,141.7516382368459,177.00553563101997,141.7516382368459
1,9400.0,439837.66335976793,4012311.0420504143,False,23.315326690673828,22.69296646118164,24.03253173828125,3.0299999713897705,0.0,0.9870618905088346,1868.0,181.01933598375595,True,,,,,,,,,,,,,,
1,9500.0,439935.2817339089,4012332.73658959,False,23.194381713867188,22.34589385986328,24.038375854492188,3.059999942779541,0.0,0.9316602316602317,1868.0,170.0771427404593,True,,,,,,,,,,,,,,
1,9600.0,440032.9001080499,4012354.4311287664,False,23.028886795043945,21.758657455444336,24.038375854492188,3.0899999141693115,0.0,0.8304708606715554,1868.0,144.0967771607636,True,,,,,,,,,,,,,,
2,5000.0,435518.8139332152,4011395.4104844485,True,19.776525497436523,18.9703369140625,20.707767486572266,0.300119549036026,0.0,1.0,2001.0,511.99999999999943,False,90.0,0.009203884727313857,0.009203884727313857,"[0.009203884727313857, 0.009203884727313857]",0.03379093184713673,0.033787249250412224,"[0.033364082136512735, 0.03413107253045555]",0.15761652595524983,0.15761652595524983,"[0.15761652595524983, 0.15761652595524983]",148.18306812417313,133.49622575307407,165.4527045174292,133.49622575307407
2,5100.0,435614.68070046476,4011423.8633039417,True,19.98576545715332,19.1219482421875,20.97552490234375,0.300119549036026,0.0,1.0,2001.0,511.99999999999943,False,90.0,0.009203884727313857,0.009203884727313857,"[0.009203884727313857, 0.009203884727313857]",0.03413107253045555,0.033827170676251794,"[0.033364082136512735, 0.03413107253045555]",0.15761652595524983,0.15761652595524983,"[0.15761652595524983, 0.15761652595524983]",148.32002959647517,133.61285529217005,165.6131197937308,133.61285529217005
2,5200.0,435710.5474677143,4011452.3161234353,True,20.2131404876709,19.308399200439453,21.228683471679688,0.300119549036026,0.0,1.0,2001.0,144.0967771607636,True,50.19442890773481,0.046294751107755244,0.04375833586925445,"[0.033747577333484144, 0.05215534678811186]",0.033540814141866146,0.03367087829408986,"[0.033364082136512735, 0.03413107253045555]",0.15761652595524983,0.15761652595524983,"[0.15761652595524983, 0.15761652595524983]",149.16401173538603,134.33062644838566,166.60266819000086,134.33062644838566
2,5300.0,435806.4142349638,4011480.768942929,True,20.444276809692383,19.502357482910156,21.471744537353516,0.300119549036026,0.0,1.0,2001.0,131.10976505128534,True,50.19442890773481,0.045658103698427675,0.04361263801518361,"[0.033747577333484144, 0.05215534678811186]",0.047169909227483514,0.04648226266739686,"[0.04563592843959788, 0.047169909227483514]",0.15761652595524983,0.15761652595524983,"[0.15761652595524983, 0.15761652595524983]",150.173748866617,135.186952160379,167.7893088899285,135.186952160379
2,5400.0,435902.28100221336,4011509.221762422,True,20.69106674194336,19.69353485107422,21.68157196044922,0.300119549036026,0.0,1.0,2001.0,179.46815626352182,True,50.19442890773481,0.04348781006281879,0.04530798166195978,"[0.033747577333484144, 0.05829126993965443]",0.04594425292785648,0.046257455138137754,"[0.04563592843959788, 0.047169909227483514]",0.15761652595524983,0.15761652595524983,"[0.15761652595524983, 0.15761652595524983]",151.08820924976942,135.96216697514453,168.8643334581733,135.96216697514453
2,5500.0,435998.1477694629,4011537.6745819156,True,20.92116355895996,19.879364013671875,21.918746948242188,0.300119549036026,0.0,1.0,2001.0,174.02236463599075,True,90.0,0.0354890695489665,0.03856587696745111,"[0.033747577333484144, 0.04601942363656929]",0.03293977567791373,0.03294440814737422,"[0.03259709174256992, 0.033364082136512735]",0.15761652595524983,0.15761652595524983,"[0.15761652595524983, 0.15761652595524983]",151.27369345347276,136.11902584021948,169.08282322952877,136.11902584021948
2,5600.0,436094.01453671244,4011566.1274014087,True,21.15045738220215,20.0828857421875,22.160900115966797,0.300119549036026,0.0,1.0,2001.0,168.34456300068567,True,90.0,0.035123965658021325,0.036293182776322555,"[0.033747577333484144, 0.039883500485026716]",0.0459270270278919,0.045986076228136996,"[0.04563592843959788, 0.046402918833540696]",0.15761652595524983,0.15761652595524983,"[0.15761652595524983, 0.15761652595524983]",151.86387163675326,136.6191945335468,169.77678892092186,136.6191945335468
2,5700.0,436189.88130396197,4011594.5802209023,True,21.382783889770508,20.331439971923828,22.381145477294922,0.300119549036026,0.0,1.0,2001.0,170.07714274045927,True,90.0,0.03521249758949257,0.03633040078672297,"[0.033747577333484144, 0.039883500485026716]",0.04565820516097766,0.04564915241190724,"[0.04486893804565506, 0.046402918833540696]",0.15761652595524983,0.15761652595524983,"[0.15761652595524983, 0.15761652595524983]",152.71159630349712,137.33553778836907,170.77598277049285,137.33553778836907
2,5800.0,436285.7480712115,4011623.0330403955,True,21.637161254882812,20.612197875976562,22.597515106201172,0.300119549036026,0.0,1.0,2001.0,170.07714274045927,True,90.0,0.03568612137917776,0.03644319512794614,"[0.033747577333484144, 0.039883500485026716]",0.03658584179751903,0.03643204371228402,"[0.03643204371228402, 0.03643204371228402]",0.15761652595524983,0.15761652595524983,"[0.15761652595524983, 0.15761652595524983]",153.57423363520073,138.06363117853292,171.79372968636824,138.06363117853292
2,5900.0,436381.61483846104,4011651.485859889,True,21.87017059326172,20.916805267333984,22.798160552978516,0.300119549036026,0.0,1.0,2001.0,170.07714274045927,True,90.0,0.03560252433403653,0.03637824908881504,"[0.033747577333484144, 0.039883500485026716]",0.04486893804565506,0.04524519748419305,"[0.04486893804565506, 0.04563592843959788]",0.15761652595524983,0.15761652595524983,"[0.15761652595524983, 0.15761652595524983]",154.16122013810548,138.55778422306412,172.48773263125514,138.55778422306412
2,6000.0,436477.4816057106,4011679.938679382,True,22.09410858154297,21.183456420898438,22.983116149902344,0.300119549036026,0.0,1.0,2001.0,185.41720789507772,True,90.0,0.03454126352459257,0.03607252540169822,"[0.033747577333484144, 0.039883500485026716]",0.045252433242626476,0.04525243324262647,"[0.04486893804565506, 0.04563592843959788]",0.20823789195547604,0.20823789195547604,"[0.20823789195547604, 0.20823789195547604]",154.68460215103465,138.99791223972764,173.10708721023403,138.99791223972764
2,6100.0,436573.3483729601,4011708.391498876,True,22.29816436767578,21.376678466796875,23.10779571533203,0.300119549036026,0.0,1.0,2001.0,191.62609506871448,True,90.0,0.033078526470420366,0.021776247987464976,"[0.009203884727313857, 0.033747577333484144]",0.04522572951764439,0.04523873698559178,"[0.04486893804565506, 0.04563592843959788]",0.20823789195547604,0.20823789195547604,"[0.20823789195547604, 0.20823789195547604]",154.87019609383685,139.1542745548733,173.3263792706732,139.1542745548733
2,6200.0,436669.21514020965,4011736.844318369,True,22.46938705444336,21.559810638427734,23.234756469726562,0.300119549036026,0.0,1.0,2001.0,434.44640636101354,False,63.43494882292201,0.01393540707319797,0.012939692719871134,"[0.009203884727313857, 0.015339807878856429]",0.044924289235938754,0.04486893804565506,"[0.04486893804565506, 0.04486893804565506]",0.20823789195547604,0.20823789195547604,"[0.20823789195547604, 0.20823789195547604]",155.8496981353013,139.97695214849549,174.48665671963923,139.97695214849549
2,6300.0,436765.0819074592,4011765.2971378625,True,22.61191749572754,21.769336700439453,23.290241241455078,0.300119549036026,0.0,1.0,2001.0,103.83772192018296,True,51.34019174590991,0.015339807878856429,0.015339807878856429,"[0.015339807878856429, 0.015339807878856429]",0.04493996588412111,0.04486893804565506,"[0.04486893804565506, 0.04486893804565506]",0.20823789195547604,0.20823789195547604,"[0.20823789195547604, 0.20823789195547604]",155.86708856540892,139.99146774703883,174.50736055854335,139.99146774703883
2,6400.0,436860.9486747087,4011793.7499573557,True,22.725605010986328,22.03632354736328,23.306838989257812,0.300119549036026,0.0,1.0,2001.0,107.21353923990145,True,51.34019174590991,0.015339807878856429,0.015339807878856429,"[0.015339807878856429, 0.015339807878856429]",0.04488385644863146,0.04486893804565506,"[0.04486893804565506, 0.04486893804565506]",0.20823789195547604,0.20823789195547604,"[0.20823789195547604, 0.20823789195547604]",156.19167787506058,140.26444734827115,174.89144169765666,140.26444734827115
2,6500.0,436956.81544195826,4011822.2027768493,True,22.81287956237793,22.265419006347656,23.30801010131836,0.300119549036026,0.0,1.0,2001.0,146.2857142857141,True,90.0,0.04125715113868367,0.04238183912508204,"[0.033747577333484144, 0.05215534678811186]",0.044751060512947416,0.04486893804565506,"[0.04486893804565506, 0.04486893804565506]",0.20823789195547604,0.20823789195547604,"[0.20823789195547604, 0.20823789195547604]",156.52887288292337,140.54722318964642,175.29136631165233,140.54722318964642
2,6600.0,437052.6822092078,4011850.655596343,True,22.887727737426758,22.487224578857422,23.31645965576172,0.300119549036026,0.0,1.0,2001.0,146.2857142857141,True,90.0,0.04157850154657858,0.04232467970040632,"[0.033747577333484144, 0.05215534678811186]",0.04486893804565506,0.04486893804565506,"[0.04486893804565506, 0.04486893804565506]",0.20823789195547604,0.20823789195547604,"[0.20823789195547604, 0.20823789195547604]",156.56833100978,140.58072020450763,175.33769478822293,140.58072020450763
2,6700.0,437148.5489764573,4011879.108415836,True,22.9399356842041,22.608901977539062,23.329120635986328,0.300119549036026,0.0,1.0,2001.0,146.2857142857141,True,90.0,0.04164503731071712,0.042018325553125534,"[0.033747577333484144, 0.05215534678811186]",0.04486893804565506,0.04486893804565506,"[0.04486893804565506, 0.04486893804565506]",0.20823789195547604,0.20823789195547604,"[0.20823789195547604, 0.20823789195547604]",156.72640240122328,140.71283295779813,175.5256900686233,140.71283295779813
2,6800.0,437244.41574370686,4011907.5612353296,True,22.979740142822266,22.676986694335938,23.331737518310547,0.300119549036026,0.0,1.0,2001.0,157.53846153846138,True,90.0,0.04342295433948807,0.041731275328273365,"[0.033747577333484144, 0.05215534678811186]",0.04486893804565506,0.04486893804565506,"[0.04486893804565506, 0.04486893804565506]",0.20823789195547604,0.20823789195547604,"[0.20823789195547604, 0.20823789195547604]",156.87493747888735,140.8371258807756,175.70216988804887,140.8371258807756
2,6900.0,437340.2825109564,4011936.0140548227,True,23.01148223876953,22.70046615600586,23.347267150878906,0.300119549036026,0.0,1.0,2001.0,170.6666666666665,True,90.0,0.034376063969810126,0.03714852332149708,"[0.027611654181941572, 0.04601942363656929]",0.04486893804565506,0.04486893804565506,"[0.04486893804565506, 0.04486893804565506]",0.20823789195547604,0.20823789195547604,"[0.20823789195547604, 0.20823789195547604]",156.94738246547075,140.89787796824794,175.7880929862036,140.89787796824794
2,7000.0,437436.14927820594,4011964.4668743163,True,23.025985717773438,22.70742416381836,23.347267150878906,0.300119549036026,0.0,1.0,2001.0,186.18181818181793,True,90.0,0.033333914030874295,0.03619520413914391,"[0.027611654181941572, 0.04601942363656929]",0.031830101348627085,0.031830101348627085,"[0.031830101348627085, 0.031830101348627085]",0.20823789195547604,0.20823789195547604,"[0.20823789195547604, 0.20823789195547604]",156.8789612739385,140.8405893146628,175.7068391029647,140.8405893146628
2,7100.0,437532.0160454555,4011992.9196938095,True,23.031702041625977,22.711055755615234,23.30730438232422,0.300119549036026,0.0,1.0,2001.0,186.18181818181793,True,90.0,0.032851906293673426,0.0357310457141664,"[0.027611654181941572, 0.04601942363656929]",0.0356650533183412,0.0356650533183412,"[0.0356650533183412, 0.0356650533183412]",0.20823789195547604,0.20823789195547604,"[0.20823789195547604, 0.20823789195547604]",157.08093300065366,141.0094969157092,175.9469252413555,141.0094969157092
2,7200.0,437627.882812705,4012021.372513303,True,23.043094635009766,22.720008850097656,23.322265625,0.300119549036026,0.0,1.0,2001.0,186.18181818181793,True,90.0,0.03251352533981764,0.038419573893522234,"[0.027611654181941572, 0.05215534678811186]",0.031830101348627085,0.031830101348627085,"[0.031830101348627085, 0.031830101348627085]",0.20823789195547604,0.20823789195547604,"[0.20823789195547604, 0.20823789195547604]",156.8891809829517,140.8492011275925,175.71891200281573,140.8492011275925
2,7300.0,437723.74957995454,4012049.825332796,True,23.07143783569336,22.745046615600586,23.336349487304688,0.300119549036026,0.0,1.0,2001.0,409.5999999999993,False,90.0,0.032132035564328115,0.041725756339988054,"[0.027611654181941572, 0.05829126993965443]",0.031830101348627085,0.031830101348627085,"[0.031830101348627085, 0.031830101348627085]",0.20823789195547604,0.20823789195547604,"[0.20823789195547604, 0.20823789195547604]",157.16833804688255,141.08265860847558,176.05074879381218,141.08265860847558
2,7400.0,437819.6163472041,4012078.27815229,True,23.105310440063477,22.823715209960938,23.352397918701172,0.300119549036026,0.0,1.0,2001.0,409.5999999999993,False,60.25511870305778,0.05114199968842663,0.05093252882442575,"[0.027611654181941572, 0.07669903939428215]",0.031830101348627085,0.031830101348627085,"[0.031830101348627085, 0.031830101348627085]",0.20823789195547604,0.20823789195547604,"[0.20823789195547604, 0.20823789195547604]",157.29461149987915,141.18818878544195,176.20093419026787,141.18818878544195
2,7500.0,437915.4831144536,4012106.730971783,True,23.13358497619629,22.899181365966797,23.352397918701172,0.300119549036026,0.0,1.0,2001.0,130.84192051198752,True,60.25511870305778,0.052233616252802435,0.05236199257085507,"[0.027611654181941572, 0.07669903939428215]",0.031830101348627085,0.031830101348627085,"[0.031830101348627085, 0.031830101348627085]",0.20823789195547604,0.20823789195547604,"[0.20823789195547604, 0.20823789195547604]",157.31340379673844,141.20402739062177,176.2231307830495,141.20402739062177
2,7600.0,438011.34988170315,4012135.1837912765,True,23.14121437072754,22.919158935546875,23.352397918701172,0.300119549036026,0.0,1.0,2001.0,131.7109133894466,True,110.55604521958347,0.016451723592996903,0.027331297899846407,"[0.015339807878856429, 0.039883500485026716]",0.031830101348627085,0.031830101348627085,"[0.031830101348627085, 0.031830101348627085]",0.20823789195547604,0.20823789195547604,"[0.20823789195547604, 0.20823789195547604]",157.2208121345646,141.12665863268063,176.11299078160798,141.12665863268063
2,7700.0,438107.2166489527,4012163.63661077,True,23.120222091674805,22.859169006347656,23.352397918701172,0.300119549036026,0.0,1.0,2001.0,129.5268929604967,False,90.0,0.03997070066219831,0.043857454154429105,"[0.015339807878856429, 0.07056311624273957]",0.031830101348627085,0.031830101348627085,"[0.031830101348627085, 0.031830101348627085]",0.20823789195547604,0.20823789195547604,"[0.20823789195547604, 0.20823789195547604]",157.25446308471317,141.154717157773,176.15308864125362,141.154717157773
2,7800.0,438203.0834162022,4012192.0894302633,True,23.07543182373047,22.574783325195312,23.352397918701172,0.300119549036026,0.0,1.0,2001.0,146.2857142857141,False,90.0,0.039730872394198334,0.04246534433691846,"[0.015339807878856429, 0.07056311624273957]",0.031830101348627085,0.031830101348627085,"[0.031830101348627085, 0.031830101348627085]",0.20823789195547604,0.20823789195547604,"[0.20823789195547604, 0.20823789195547604]",157.1668508194299,141.0811951773475,176.0492347749508,141.0811951773475
2,7900.0,438298.95018345176,4012220.542249757,True,23.017681121826172,22.375301361083984,23.352397918701172,0.300119549036026,0.0,1.0,2001.0,159.92193217393245,False,90.0,0.03969632749036225,0.04028917237101473,"[0.027611654181941572, 0.05215534678811186]",0.031830101348627085,0.031830101348627085,"[0.031830101348627085, 0.031830101348627085]",0.20823789195547604,0.20823789195547604,"[0.20823789195547604, 0.20823789195547604]",156.92613274228611,140.87955409630248,175.76347199028706,140.87955409630248
2,8000.0,438394.8169507013,4012248.99506925,True,22.957408905029297,22.305076599121094,23.352397918701172,0.300119549036026,0.0,1.0,2001.0,96.65109569188007,True,68.19859051364818,0.03997358180399379,0.03990452171215459,"[0.033747577333484144, 0.04601942363656929]",0.031830101348627085,0.031830101348627085,"[0.031830101348627085, 0.031830101348627085]",0.20823789195547604,0.20823789195547604,"[0.20823789195547604, 0.20823789195547604]",157.0472349292121,140.98104355063973,175.90718208581671,140.98104355063973
2,8100.0,438490.6837179509,4012277.4478887436,True,22.899890899658203,22.25865936279297,23.352397918701172,0.300119549036026,0.0,1.0,2001.0,134.16894097006954,True,68.19859051364818,0.04178551826712132,0.04859595895386024,"[0.033747577333484144, 0.064427193091197]",0.031830101348627085,0.031830101348627085,"[0.031830101348627085, 0.031830101348627085]",0.20823789195547604,0.20823789195547604,"[0.20823789195547604, 0.20823789195547604]",156.6287059574832,140.63055839299784,175.41021732051428,140.63055839299784
2,8200.0,438586.5504852004,4012305.9007082367,True,22.847171783447266,22.25687026977539,23.329147338867188,0.300119549036026,0.0,1.0,2001.0,134.16894097006954,False,60.25511870305778,0.0426023980100846,0.05103102226306726,"[0.039883500485026716, 0.064427193091197]",0.0446968770186711,0.04486893804565506,"[0.04486893804565506, 0.04486893804565506]",0.20823789195547604,0.20823789195547604,"[0.20823789195547604, 0.20823789195547604]",156.374532878214,140.41779133968515,175.10831452784126,140.41779133968515
2,8300.0,438682.41725244996,4012334.3535277303,True,22.80284309387207,22.252410888671875,23.255115509033203,0.300119549036026,0.0,1.0,2001.0,134.5867635727328,False,60.25511870305778,0.06296882394504763,0.05192067907919062,"[0.039883500485026716, 0.064427193091197]",0.031830101348627085,0.031830101348627085,"[0.031830101348627085, 0.031830101348627085]",0.20823789195547604,0.20823789195547604,"[0.20823789195547604, 0.20823789195547604]",156.43675391538738,140.46993698223258,175.1821495535386,140.46993698223258
3,5000.0,435343.78325840563,4011873.395843921,True,19.393823623657227,18.620140075683594,20.176742553710938,0.300119549036026,0.0,1.0,2001.0,131.7109133894466,True,90.0,0.009203884727313857,0.009203884727313857,"[0.009203884727313857, 0.009203884727313857]",0.04763310458366488,0.047630103463849216,"[0.047169909227483514, 0.047936899621426346]",0.15761652595524983,0.15761652595524983,"[0.15761652595524983, 0.15761652595524983]",146.45225427648862,132.02149026898368,163.42649191329386,132.02149026898368
3,5100.0,435433.83233017713,4011916.88336711,True,19.586355209350586,18.777915954589844,20.464385986328125,0.300119549036026,0.0,1.0,2001.0,134.16894097006954,True,90.0,0.009203884727313857,0.009203884727313857,"[0.009203884727313857, 0.009203884727313857]",0.03408833567596624,0.03413107253045555,"[0.03413107253045555, 0.03413107253045555]",0.15761652595524983,0.15761652595524983,"[0.15761652595524983, 0.15761652595524983]",146.96539394071107,132.45947917055133,164.02633606795857,132.45947917055133
3,5200.0,435523.8814019487,4011960.370890299,True,19.793231964111328,18.96407699584961,20.7423095703125,0.300119549036026,0.0,1.0,2001.0,140.65721748345743,True,56.309932474020215,0.04641901548700867,0.043829067693545665,"[0.033747577333484144, 0.05215534678811186]",0.033826926594636944,0.0337982276425181,"[0.033364082136512735, 0.03413107253045555]",0.15761652595524983,0.15761652595524983,"[0.15761652595524983, 0.15761652595524983]",148.06814321213466,133.3982575672994,165.3182190568959,133.3982575672994
3,5300.0,435613.9304737202,4012003.858413487,True,19.99846649169922,19.142498016357422,20.981159210205078,0.300119549036026,0.0,1.0,2001.0,140.65721748345743,True,50.19442890773481,0.045313415907734515,0.04365515232048316,"[0.033747577333484144, 0.05215534678811186]",0.04684724488712928,0.04680384563037445,"[0.046402918833540696, 0.047169909227483514]",0.15761652595524983,0.15761652595524983,"[0.15761652595524983, 0.15761652595524983]",149.0932641635868,134.27007473492515,166.52015436931512,134.27007473492515
3,5400.0,435703.97954549175,4012047.345936676,True,20.17742919921875,19.30783462524414,21.143634796142578,0.300119549036026,0.0,1.0,2001.0,175.45336294527746,False,90.0,0.009203884727313857,0.011904761184333009,"[0.009203884727313857, 0.015339807878856429]",0.046519221273981906,0.046402918833540696,"[0.046402918833540696, 0.046402918833540696]",0.15761652595524983,0.15761652595524983,"[0.15761652595524983, 0.15761652595524983]",149.85095505527835,134.9147114356826,167.408240061792,134.9147114356826
3,5500.0,435794.02861726325,4012090.833459865,True,20.375553131103516,19.46121597290039,21.331832885742188,0.300119549036026,0.0,1.0,2001.0,168.34456300068567,True,90.0,0.0354865334198085,0.038670331419015644,"[0.033747577333484144, 0.04601942363656929]",0.037477713310835735,0.037511511674129465,"[0.03719903410622684, 0.03796602450016966]",0.15761652595524983,0.15761652595524983,"[0.15761652595524983, 0.15761652595524983]",150.07977956187295,135.10838936089846,167.67758746410587,135.10838936089846
3,5600.0,435884.0776890348,4012134.3209830537,True,20.578962326049805,19.650611877441406,21.514019012451172,0.300119549036026,0.0,1.0,2001.0,170.6666666666665,True,90.0,0.03500080772149913,0.03624361242356694,"[0.033747577333484144, 0.039883500485026716]",0.03753767004150258,0.03756161138336344,"[0.03719903410622684, 0.03796602450016966]",0.15761652595524983,0.15761652595524983,"[0.15761652595524983, 0.15761652595524983]",150.33717098548595,135.32690938347076,167.9798061892896,135.32690938347076
3,5700.0,435974.1267608063,4012177.808506242,True,20.795583724975586,19.80066680908203,21.72445297241211,0.300119549036026,0.0,1.0,2001.0,170.07714274045927,True,90.0,0.035072837268432355,0.03627611617825021,"[0.033747577333484144, 0.039883500485026716]",0.032980586939541326,0.032980586939541326,"[0.03259709174256992, 0.033364082136512735]",0.15761652595524983,0.15761652595524983,"[0.15761652595524983, 0.15761652595524983]",150.76248173876033,135.68693841593213,168.48038716001102,135.68693841593213
3,5800.0,436064.17583257786,4012221.296029431,True,21.01468849182129,20.004436492919922,21.985872268676758,0.300119549036026,0.0,1.0,2001.0,170.07714274045927,True,90.0,0.03558168334213983,0.03639512653675336,"[0.033747577333484144, 0.039883500485026716]",0.03284567574966488,0.032866958733031276,"[0.03259709174256992, 0.033364082136512735]",0.15761652595524983,0.15761652595524983,"[0.15761652595524983, 0.15761652595524983]",151.644800861943,136.4344213545433,169.51817824226146,136.4344213545433
3,5900.0,436154.22490434936,4012264.7835526196,True,21.237337112426758,20.256954193115234,22.226333618164062,0.300119549036026,0.0,1.0,2001.0,170.07714274045927,True,90.0,0.035482538179212555,0.03631725305327355,"[0.033747577333484144, 0.039883500485026716]",0.0460665729502453,0.046042902934343044,"[0.04563592843959788, 0.046402918833540696]",0.15761652595524983,0.15761652595524983,"[0.15761652595524983, 0.15761652595524983]",151.87920707713948,136.63209989275518,169.79492650936098,136.63209989275518
3,6000.0,436244.2739761209,4012308.271075808,True,21.46026039123535,20.50381851196289,22.465255737304688,0.300119549036026,0.0,1.0,2001.0,185.41720789507772,True,78.69006752597979,0.03427427834502027,0.03593261512062657,"[0.033747577333484144, 0.039883500485026716]",0.046402918833540696,0.04607420866470806,"[0.04563592843959788, 0.046402918833540696]",0.15761652595524983,0.15761652595524983,"[0.15761652595524983, 0.15761652595524983]",152.2899485348625,136.9796559281029,170.27852012593004,136.9796559281029
3,6100.0,436334.3230478924,4012351.758598997,True,21.658342361450195,20.729034423828125,22.704727172851562,0.300119549036026,0.0,1.0,2001.0,191.62609506871448,True,78.69006752597979,0.033192488656347774,0.024926431601536833,"[0.009203884727313857, 0.039883500485026716]",0.032579694799274715,0.03259709174256992,"[0.03259709174256992, 0.03259709174256992]",0.15761652595524983,0.15761652595524983,"[0.15761652595524983, 0.15761652595524983]",153.11045375618727,137.67122318090412,171.24766659408903,137.67122318090412
4,5000.0,435846.8712978639,4010357.8107981742,True,20.62373161315918,19.676698684692383,21.760467529296875,0.300119549036026,0.0,1.0,2001.0,511.99999999999943,False,66.80140948635182,0.009203884727313857,0.009203884727313857,"[0.009203884727313857, 0.009203884727313857]",0.047169909227483514,0.04655631691232926,"[0.04563592843959788, 0.047169909227483514]",0.15761652595524983,0.15761652595524983,"[0.15761652595524983, 0.15761652595524983]",150.11012078084806,135.1329337749817,167.7146010390322,135.1329337749817
4,5100.0,435945.12668795185,4010376.4086023094,True,20.86850357055664,19.79692840576172,22.02304458618164,0.300119549036026,0.0,1.0,2001.0,131.7109133894466,True,90.0,0.009203884727313857,0.009203884727313857,"[0.009203884727313857, 0.009203884727313857]",0.046235152674162026,0.046086118453433876,"[0.04563592843959788, 0.046402918833540696]",0.15761652595524983,0.15761652595524983,"[0.15761652595524983, 0.15761652595524983]",151.02027235218284,135.90529277023808,168.78365022972264,135.90529277023808
4,5200.0,436043.38207803987,4010395.006406445,True,21.13508415222168,19.95624542236328,22.254779815673828,0.300119549036026,0.0,1.0,2001.0,140.18047414157562,True,50.19442890773481,0.04643774836470273,0.04623681988751322,"[0.039883500485026716, 0.05215534678811186]",0.045895718762557,0.045967128836982285,"[0.04563592843959788, 0.046402918833540696]",0.15761652595524983,0.15761652595524983,"[0.15761652595524983, 0.15761652595524983]",151.67285170337837,136.45696891350062,169.5525638506088,136.45696891350062
4,5300.0,436141.6374681279,4010413.6042105802,True,21.4362850189209,20.244850158691406,22.594364166259766,0.300119549036026,0.0,1.0,2001.0,140.65721748345743,True,50.19442890773481,0.04521073923390839,0.04570658973716737,"[0.039883500485026716, 0.05215534678811186]",0.03249953776692427,0.03230335074063436,"[0.031830101348627085, 0.03259709174256992]",0.15761652595524983,0.15761652595524983,"[0.15761652595524983, 0.15761652595524983]",153.233341938887,137.77464218600835,171.39299656419456,137.77464218600835
4,5400.0,436239.89285821584,4010432.2020147154,True,21.69324493408203,20.589195251464844,22.813034057617188,0.300119549036026,0.0,1.0,2001.0,144.81546878700476,True,90.0,0.009203884727313857,0.014102630047626056,"[0.009203884727313857, 0.021475731030399]",0.04568886737872846,0.04566149478606264,"[0.04486893804565506, 0.046402918833540696]",0.15761652595524983,0.15761652595524983,"[0.15761652595524983, 0.15761652595524983]",153.19254373273222,137.74027986771563,171.34477980480034,137.74027986771563
4,5500.0,436338.14824830386,4010450.799818851,True,21.936548233032227,20.872432708740234,22.882423400878906,0.300119549036026,0.0,1.0,2001.0,170.07714274045927,True,90.0,0.035956088323520805,0.03880964651461217,"[0.033747577333484144, 0.04601942363656929]",0.04486893804565506,0.045469747187576945,"[0.04486893804565506, 0.046402918833540696]",0.15761652595524983,0.15761652595524983,"[0.15761652595524983, 0.15761652595524983]",153.83797889453442,138.28456766108454,172.10681975653233,138.28456766108454
4,5600.0,436436.4036383918,4010469.397622986,True,22.12207794189453,21.111278533935547,22.882423400878906,0.300119549036026,0.0,1.0,2001.0,170.07714274045927,True,90.0,0.03532833793013884,0.03636105806161648,"[0.033747577333484144, 0.039883500485026716]",0.04486893804565506,0.04513341749184224,"[0.04486893804565506, 0.04563592843959788]",0.15761652595524983,0.15761652595524983,"[0.15761652595524983, 0.15761652595524983]",154.77296791650176,139.0724884654127,173.21134745646148,139.0724884654127
4,5700.0,436534.65902847983,4010487.9954271214,True,22.279930114746094,21.416988372802734,22.882423400878906,0.300119549036026,0.0,1.0,2001.0,170.07714274045927,True,90.0,0.03540559928726868,0.03639310484297723,"[0.033747577333484144, 0.039883500485026716]",0.04486893804565506,0.04486893804565506,"[0.04486893804565506, 0.04486893804565506]",0.15761652595524983,0.15761652595524983,"[0.15761652595524983, 0.15761652595524983]",155.320991453416,139.53347523311518,173.8597017253486,139.53347523311518
4,5800.0,436632.9144185678,4010506.593231257,True,22.415306091308594,21.71417236328125,22.911998748779297,0.300119549036026,0.0,1.0,2001.0,170.07714274045927,True,90.0,0.03593780469775548,0.036539057363918395,"[0.033747577333484144, 0.039883500485026716]",0.04486893804565506,0.04486893804565507,"[0.04486893804565506, 0.04486893804565506]",0.15761652595524983,0.15761652595524983,"[0.15761652595524983, 0.15761652595524983]",155.3340673413327,139.5450226838897,173.87454070638003,139.5450226838897
4,5900.0,436731.1698086558,4010525.191035392,True,22.513643264770508,22.013134002685547,22.92931365966797,0.300119549036026,0.0,1.0,2001.0,170.07714274045927,True,90.0,0.0358618120792867,0.036495144143493106,"[0.033747577333484144, 0.039883500485026716]",0.04486893804565506,0.04486893804565506,"[0.04486893804565506, 0.04486893804565506]",0.15761652595524983,0.15761652595524983,"[0.15761652595524983, 0.15761652595524983]",155.73005925425224,139.87789484949192,174.34329264898145,139.87789484949192
4,6000.0,436829.4251987438,4010543.788839528,True,22.55990982055664,22.124134063720703,22.930320739746094,0.300119549036026,0.0,1.0,2001.0,179.46815626352182,True,90.0,0.03479369214720725,0.03621302790901813,"[0.033747577333484144, 0.039883500485026716]",0.04486893804565506,0.04486893804565505,"[0.04486893804565506, 0.04486893804565506]",0.15761652595524983,0.15761652595524983,"[0.15761652595524983, 0.15761652595524983]",155.69832311785518,139.85129076349295,174.30564091492926,139.85129076349295
4,6100.0,436927.6805888318,4010562.386643663,True,22.536455154418945,22.027938842773438,22.930320739746094,0.300119549036026,0.0,1.0,2001.0,191.62609506871448,True,90.0,0.03332058865193144,0.024307360812489548,"[0.009203884727313857, 0.039883500485026716]",0.04486893804565506,0.04486893804565506,"[0.04486893804565506, 0.04486893804565506]",0.15761652595524983,0.15761652595524983,"[0.15761652595524983, 0.15761652595524983]",155.50778881767903,139.6912939491371,174.0799056204249,139.6912939491371
4,6200.0,437025.9359789198,4010580.984447798,True,22.464826583862305,21.74828338623047,22.92931365966797,0.300119549036026,0.0,1.0,2001.0,482.71822929001513,False,51.34019174590991,0.015339807878856429,0.015339807878856429,"[0.015339807878856429, 0.015339807878856429]",0.04486893804565506,0.04486893804565507,"[0.04486893804565506, 0.04486893804565506]",0.15761652595524983,0.15761652595524983,"[0.15761652595524983, 0.15761652595524983]",155.54383562400497,139.7211530662773,174.12308447516037,139.7211530662773
4,6300.0,437124.19136900775,4010599.582251934,True,22.35436248779297,21.587261199951172,22.889549255371094,0.300119549036026,0.0,1.0,2001.0,103.83772192018296,True,51.34019174590991,0.015339807878856429,0.015339807878856429,"[0.015339807878856429, 0.015339807878856429]",0.04486893804565506,0.045201300549696954,"[0.04486893804565506, 0.04563592843959788]",0.15761652595524983,0.15761652595524983,"[0.15761652595524983, 0.15761652595524983]",154.91421925975726,139.19183475515518,173.37785227003891,139.19183475515518
4,6400.0,437222.44675909576,4010618.180056069,True,22.24276351928711,21.518619537353516,22.84737777709961,0.300119549036026,0.0,1.0,2001.0,157.53846153846138,False,51.34019174590991,0.015339807878856429,0.015339807878856429,"[0.015339807878856429, 0.015339807878856429]",0.04486893804565506,0.04513738468353506,"[0.04486893804565506, 0.04563592843959788]",0.15761652595524983,0.15761652595524983,"[0.15761652595524983, 0.15761652595524983]",155.17691061161312,139.4128107083711,173.68863016571257,139.4128107083711
4,6500.0,437320.7021491837,4010636.777860204,True,22.142541885375977,21.473094940185547,22.81116485595703,0.300119549036026,0.0,1.0,2001.0,157.53846153846138,True,90.0,0.040407851352338084,0.04004761375147267,"[0.033747577333484144, 0.04601942363656929]",0.04563592843959788,0.04529078276232361,"[0.04486893804565506, 0.04563592843959788]",0.15761652595524983,0.15761652595524983,"[0.15761652595524983, 0.15761652595524983]",154.38775716301853,138.7492368721226,172.75471782637456,138.7492368721226
4,6600.0,437418.95753927174,4010655.37566434,True,22.071372985839844,21.477519989013672,22.807449340820312,0.300119549036026,0.0,1.0,2001.0,157.53846153846138,True,90.0,0.04022987239748028,0.039971134662156765,"[0.033747577333484144, 0.04601942363656929]",0.04563592843959788,0.04563592843959788,"[0.04563592843959788, 0.04563592843959788]",0.15761652595524983,0.15761652595524983,"[0.15761652595524983, 0.15761652595524983]",154.11616194444926,138.52082915491238,172.43333955846794,138.52082915491238
4,6700.0,437517.2129293597,4010673.973468475,True,21.986791610717773,21.453765869140625,22.730548858642578,0.300119549036026,0.0,1.0,2001.0,157.53846153846138,True,90.0,0.03814233037532749,0.03966047218772093,"[0.033747577333484144, 0.04601942363656929]",0.04563592843959788,0.04535469862848552,"[0.04486893804565506, 0.04563592843959788]",0.15761652595524983,0.15761652595524983,"[0.15761652595524983, 0.15761652595524983]",154.13204666171416,138.53445237655558,172.45183151660896,138.53445237655558
4,6800.0,437615.4683194477,4010692.5712726107,True,21.8833065032959,21.393970489501953,22.478939056396484,0.300119549036026,0.0,1.0,2001.0,170.6666666666665,True,90.0,0.0355497447477347,0.039288243137608654,"[0.033747577333484144, 0.04601942363656929]",0.04486893804565506,0.04520693381247733,"[0.04486893804565506, 0.04563592843959788]",0.15761652595524983,0.15761652595524983,"[0.15761652595524983, 0.15761652595524983]",154.38533237740006,138.74744105410736,172.75156788974058,138.74744105410736
4,6900.0,437713.7237095357,4010711.169076746,True,21.775177001953125,21.268497467041016,22.30712890625,0.300119549036026,0.0,1.0,2001.0,170.6666666666665,True,90.0,0.03396625649204914,0.03652383582606921,"[0.027611654181941572, 0.04601942363656929]",0.045496673275635884,0.04563592843959788,"[0.04563592843959788, 0.04563592843959788]",0.15761652595524983,0.15761652595524983,"[0.15761652595524983, 0.15761652595524983]",153.60027536298475,138.0871214498413,171.82272154067647,138.0871214498413
4,7000.0,437811.9790996237,4010729.766880881,True,21.663978576660156,21.013107299804688,22.232955932617188,0.300119549036026,0.0,1.0,2001.0,186.18181818181793,True,90.0,0.03299766901621188,0.03133553412480268,"[0.027611654181941572, 0.033747577333484144]",0.045496673275635884,0.04563592843959788,"[0.04563592843959788, 0.04563592843959788]",0.15761652595524983,0.15761652595524983,"[0.15761652595524983, 0.15761652595524983]",153.54702642435447,138.04208204484186,171.76000810999034,138.04208204484186
4,7100.0,437910.2344897117,4010748.3646850167,True,21.565826416015625,20.736461639404297,22.179027557373047,0.300119549036026,0.0,1.0,2001.0,186.18181818181793,True,90.0,0.03255209221055113,0.03311876810655362,"[0.027611654181941572, 0.039883500485026716]",0.04567763922372245,0.04563592843959788,"[0.04563592843959788, 0.04563592843959788]",0.15761652595524983,0.15761652595524983,"[0.15761652595524983, 0.15761652595524983]",153.076566596327,137.64503020927089,171.20492118057084,137.64503020927089
4,7200.0,438008.48987979966,4010766.962489152,True,21.507619857788086,20.57278823852539,22.175010681152344,0.300119549036026,0.0,1.0,2001.0,186.18181818181793,True,90.0,0.032433885397918465,0.038064575718980795,"[0.027611654181941572, 0.05215534678811186]",0.045706956278063926,0.04563592843959788,"[0.04563592843959788, 0.04563592843959788]",0.15761652595524983,0.15761652595524983,"[0.15761652595524983, 0.15761652595524983]",152.92632498162084,137.517789037346,171.02816107065848,137.517789037346
4,7300.0,438106.7452698877,4010785.560293287,True,21.488195419311523,20.487442016601562,22.23489761352539,0.300119549036026,0.0,1.0,2001.0,186.18181818181793,False,90.0,0.03268052044867633,0.0418551049070188,"[0.027611654181941572, 0.05829126993965443]",0.04565019434874903,0.04563592843959788,"[0.04563592843959788, 0.04563592843959788]",0.15761652595524983,0.15761652595524983,"[0.15761652595524983, 0.15761652595524983]",153.19940118686438,137.74792484390477,171.35073859936662,137.74792484390477
4,7400.0,438205.00065997563,4010804.1580974227,True,21.4957332611084,20.446468353271484,22.327434539794922,0.300119549036026,0.0,1.0,2001.0,130.84192051198752,True,60.25511870305778,0.05149099221845213,0.041149385342783916,"[0.027611654181941572, 0.05215534678811186]",0.04579616553462477,0.045962307330637386,"[0.04563592843959788, 0.046402918833540696]",0.15761652595524983,0.15761652595524983,"[0.15761652595524983, 0.15761652595524983]",152.89250923680615,137.4880600254335,170.98962596466683,137.4880600254335
4,7500.0,438303.25605006365,4010822.755901558,True,21.534156799316406,20.446468353271484,22.58575439453125,0.300119549036026,0.0,1.0,2001.0,127.01156821934931,True,60.25511870305778,0.05239280905242054,0.05432335331123954,"[0.05215534678811186, 0.05829126993965443]",0.03258063986109717,0.03259709174256992,"[0.03259709174256992, 0.03259709174256992]",0.15761652595524983,0.15761652595524983,"[0.15761652595524983, 0.15761652595524983]",153.1858599622103,137.73507218467617,171.33639774145712,137.73507218467617
4,7600.0,438401.5114401516,4010841.3537056935,True,21.616104125976562,20.446468353271484,22.979610443115234,0.300119549036026,0.0,1.0,2001.0,131.7109133894466,True,60.25511870305778,0.05294303103174838,0.05412735747216712,"[0.039883500485026716, 0.07056311624273957]",0.03691542209983361,0.03689223794864971,"[0.03643204371228402, 0.03719903410622684]",0.20823789195547604,0.20823789195547604,"[0.20823789195547604, 0.20823789195547604]",152.96711739920818,137.54941316007873,171.07951235685834,137.54941316007873
4,7700.0,438499.7668302396,4010859.9515098287,True,21.72798728942871,20.446468353271484,23.276870727539062,0.300119549036026,0.0,1.0,2001.0,132.62834435369322,False,63.43494882292201,0.04179278308221761,0.053519980361499256,"[0.039883500485026716, 0.07056311624273957]",0.045635928439597885,0.04589159190424548,"[0.04563592843959788, 0.046402918833540696]",0.15761652595524983,0.15761652595524983,"[0.15761652595524983, 0.15761652595524983]",153.58624381488144,138.07145667645028,171.81055607268257,138.07145667645028
4,7800.0,438598.02222032764,4010878.549313964,True,21.883459091186523,20.446468353271484,23.421581268310547,0.300119549036026,0.0,1.0,2001.0,157.53846153846138,False,90.0,0.04052228099186433,0.05059771511817455,"[0.033747577333484144, 0.07056311624273957]",0.04507260343555299,0.045578042372130506,"[0.04486893804565506, 0.046402918833540696]",0.20823789195547604,0.20823789195547604,"[0.20823789195547604, 0.20823789195547604]",154.01112734866814,138.42811658753624,172.31408351654693,138.42811658753624
4,7900.0,438696.2776104156,4010897.1471180995,True,22.076025009155273,20.446468353271484,23.484710693359375,0.300119549036026,0.0,1.0,2001.0,150.52675815936757,False,68.19859051364818,0.040469805345298863,0.035496979983884215,"[0.021475731030399, 0.04601942363656929]",0.031949482034316454,0.032098547986507076,"[0.031830101348627085, 0.03259709174256992]",0.20823789195547604,0.20823789195547604,"[0.20823789195547604, 0.20823789195547604]",154.73952393077036,139.03885554008386,173.1781059111624,139.03885554008386
4,8000.0,438794.5330005036,4010915.7449222347,True,22.287263870239258,20.48751449584961,23.542552947998047,0.300119549036026,0.0,1.0,2001.0,96.65109569188007,True,68.19859051364818,0.04022328407132856,0.03999976344257474,"[0.033747577333484144, 0.04601942363656929]",0.0356650533183412,0.0356650533183412,"[0.0356650533183412, 0.0356650533183412]",0.20823789195547604,0.20823789195547604,"[0.20823789195547604, 0.20823789195547604]",155.30468524115605,139.5146482243986,173.84629335826054,139.5146482243986
4,8100.0,438892.78839059157,4010934.34272637,True,22.527402877807617,20.638568878173828,23.594913482666016,0.300119549036026,0.0,1.0,2001.0,95.07601314665045,True,68.19859051364818,0.04134238758973267,0.04052629269054122,"[0.033747577333484144, 0.04601942363656929]",0.0356650533183412,0.03592071678298881,"[0.0356650533183412, 0.03643204371228402]",0.20823789195547604,0.20823789195547604,"[0.20823789195547604, 0.20823789195547604]",155.0348595399729,139.2873906105412,173.52739284339077,139.2873906105412
4,8200.0,438991.0437806796,4010952.9405305055,True,22.79769515991211,20.93680191040039,23.66934585571289,0.300119549036026,0.0,1.0,2001.0,140.9066836282943,False,68.19859051364818,0.042095057179314894,0.051370052088232726,"[0.039883500485026716, 0.064427193091197]",0.04410194765171223,0.04410194765171223,"[0.04410194765171223, 0.04410194765171223]",0.20823789195547604,0.20823789195547604,"[0.20823789195547604, 0.20823789195547604]",156.1038866380338,140.18316906958634,174.79613228815336,140.18316906958634
4,8300.0,439089.29917076754,4010971.5383346407,True,23.014894485473633,21.412635803222656,23.72390365600586,0.300119549036026,0.0,1.0,2001.0,101.192885125388,True,66.80140948635182,0.06295100662245023,0.05203397723986814,"[0.039883500485026716, 0.064427193091197]",0.04410194765171223,0.04410194765171223,"[0.04410194765171223, 0.04410194765171223]",0.20823789195547604,0.20823789195547604,"[0.20823789195547604, 0.20823789195547604]",156.59678772570115,140.59944056521715,175.37737842626134,140.59944056521715
4,8400.0,439187.55456085555,4010990.1361387763,True,23.16096305847168,21.99822998046875,23.725814819335938,0.300119549036026,0.0,1.0,2001.0,111.39651445154215,True,108.43494882292202,0.020140633601404737,0.02678540243862305,"[0.015339807878856429, 0.039883500485026716]",0.04410194765171223,0.04410194765171223,"[0.04410194765171223, 0.04410194765171223]",0.20823789195547604,0.20823789195547604,"[0.20823789195547604, 0.20823789195547604]",157.58277095903597,141.42713974795782,176.54582605627758,141.42713974795782
4,8500.0,439285.8099509435,4011008.7339429115,True,23.218446731567383,22.235950469970703,23.725814819335938,0.300119549036026,0.0,1.0,2001.0,105.47736629751893,True,9.462322208025617,0.03746995874012586,0.03140582292488003,"[0.021475731030399, 0.039883500485026716]",0.04410194765171223,0.04410194765171223,"[0.04410194765171223, 0.04410194765171223]",0.20823789195547604,0.20823789195547604,"[0.20823789195547604, 0.20823789195547604]",157.54845283699484,141.39919585054943,176.50415764097087,141.39919585054943
4,8600.0,439384.0653410315,4011027.3317470467,True,23.18372344970703,22.158119201660156,23.725814819335938,0.300119549036026,0.0,1.0,2001.0,109.64438173413102,True,9.462322208025617,0.037605397216637616,0.030869366721228805,"[0.021475731030399, 0.039883500485026716]",0.04410194765171223,0.04410194765171223,"[0.04410194765171223, 0.04410194765171223]",0.20823789195547604,0.20823789195547604,"[0.20823789195547604, 0.20823789195547604]",157.20570500253555,141.11085127358686,176.0986974006569,141.11085127358686
4,8700.0,439482.32073111954,4011045.9295511823,True,23.08251953125,21.821136474609375,23.725814819335938,0.300119549036026,0.0,1.0,2001.0,123.05239411222713,True,54.46232220802562,0.03496662168392416,0.03627311822752594,"[0.033747577333484144, 0.039883500485026716]",0.04410194765171223,0.04410194765171223,"[0.04410194765171223, 0.04410194765171223]",0.20823789195547604,0.20823789195547604,"[0.20823789195547604, 0.20823789195547604]",157.13687358612069,141.05287490523446,176.01735359225785,141.05287490523446
4,8800.0,439580.5761212075,4011064.5273553175,True,22.9551944732666,21.530582427978516,23.725814819335938,0.300119549036026,0.0,1.0,2001.0,123.05239411222713,True,54.46232220802562,0.03379704623371807,0.03377696758800399,"[0.027611654181941572, 0.039883500485026716]",0.04410194765171223,0.04410194765171223,"[0.04410194765171223, 0.04410194765171223]",0.20823789195547604,0.20823789195547604,"[0.20823789195547604, 0.20823789195547604]",156.5122658724922,140.5301066194109,175.27535180576925,140.5301066194109
4,8900.0,439678.8315112955,4011083.1251594527,True,22.801780700683594,21.369983673095703,23.725814819335938,0.300119549036026,0.0,1.0,2001.0,192.65963384496044,False,53.13010235415598,0.03207840176314364,0.031062274240479498,"[0.027611654181941572, 0.033747577333484144]",0.04410194765171223,0.04410194765171223,"[0.04410194765171223, 0.04410194765171223]",0.20823789195547604,0.20823789195547604,"[0.20823789195547604, 0.20823789195547604]",156.1057262882852,140.18715870946772,174.79550874432914,140.18715870946772
4,9000.0,439777.0869013835,4011101.7229635883,True,22.61612892150879,21.369983673095703,23.725814819335938,0.300119549036026,0.0,1.0,2001.0,228.9733608959782,False,53.13010235415598,0.030105314111775926,0.028614069395334504,"[0.021475731030399, 0.033747577333484144]",0.04563592843959788,0.04486893804565506,"[0.04410194765171223, 0.04563592843959788]",0.20823789195547604,0.20823789195547604,"[0.20823789195547604, 0.20823789195547604]",155.73013002791043,139.873571287951,174.34843310309228,139.873571287951
4,9100.0,439875.3422914715,4011120.3207677235,True,22.448789596557617,21.379608154296875,23.71331787109375,0.300119549036026,0.0,1.0,2001.0,204.79999999999976,False,53.13010235415598,0.02927919403158151,0.028403181973568843,"[0.021475731030399, 0.033747577333484144]",0.04563592843959788,0.045035119297676014,"[0.04410194765171223, 0.04563592843959788]",0.20823789195547604,0.20823789195547604,"[0.20823789195547604, 0.20823789195547604]",155.3219249133493,139.5313444706969,173.86417382805558,139.5313444706969
4,9200.0,439973.59768155945,4011138.918571859,True,22.282970428466797,21.379608154296875,23.64214324951172,0.300119549036026,0.0,1.0,2001.0,109.00404130044906,True,63.43494882292201,0.029444938093676074,0.03287271107545466,"[0.027611654181941572, 0.039883500485026716]",0.04563592843959788,0.04563592843959788,"[0.04563592843959788, 0.04563592843959788]",0.20823789195547604,0.20823789195547604,"[0.20823789195547604, 0.20823789195547604]",155.00873991155825,139.26898330598337,173.492400276712,139.26898330598337
4,9300.0,440071.85307164746,4011157.5163759943,True,22.147645950317383,21.379608154296875,23.277748107910156,0.300119549036026,0.0,1.0,2001.0,109.00404130044906,True,63.43494882292201,0.03248797771714512,0.03331395265228834,"[0.027611654181941572, 0.039883500485026716]",0.03625151160026683,0.03643204371228402,"[0.03643204371228402, 0.03643204371228402]",0.20823789195547604,0.20823789195547604,"[0.20823789195547604, 0.20823789195547604]",154.68936689733843,139.00247107490142,173.11209279000406,139.00247107490142
4,9400.0,440170.1084617354,4011176.1141801295,True,22.06003189086914,21.379608154296875,23.03778839111328,0.300119549036026,0.0,1.0,2001.0,179.62148235407938,False,66.03751102542182,0.03436085483845411,0.03406840519611,"[0.027611654181941572, 0.039883500485026716]",0.04563592843959788,0.04563592843959788,"[0.04563592843959788, 0.04563592843959788]",0.20823789195547604,0.20823789195547604,"[0.20823789195547604, 0.20823789195547604]",154.28583305039427,138.663317843082,172.63434527406375,138.663317843082
4,9500.0,440268.36385182344,4011194.711984265,False,22.048934936523438,21.414875030517578,22.958555221557617,3.0999999046325684,0.0,0.9932445473846748,1868.0,155.03588640859417,True,,,,,,,,,,,,,,
4,9600.0,440366.61924191145,4011213.3097884003,False,22.1036376953125,21.461498260498047,23.058090209960938,3.109999895095825,0.0,0.9409608334941154,1868.0,162.8156743689768,True,,,,,,,,,,,,,,
4,9700.0,440464.8746319994,4011231.9075925355,False,22.157962799072266,21.527812957763672,23.119937896728516,3.119999885559082,0.0,0.8522376543209876,1868.0,167.77869732229925,True,,,,,,,,,,,,,,
4,9800.0,440563.1300220874,4011250.505396671,False,22.214113235473633,21.54468536376953,23.09676742553711,3.119999885559082,0.0,0.7529649985536593,1868.0,167.77869732229925,True,,,,,,,,,,,,,,
4,9900.0,440661.3854121754,4011269.1032008063,False,22.27520751953125,21.582651138305664,23.09676742553711,3.119999885559082,0.0,0.6558103680863365,1868.0,167.77869732229925,True,,,,,,,,,,,,,,
4,10000.0,440759.6408022634,4011287.701004942,False,22.33875846862793,21.64035415649414,23.09676742553711,3.119999885559082,0.0,0.5587130334264522,1868.0,163.4481939389688,True,,,,,,,,,,,,,,
4,10100.0,440857.89619235136,4011306.298809077,False,22.40483856201172,21.719776153564453,23.09676742553711,3.119999885559082,0.0,0.4619235582940214,1868.0,147.41826575333243,True,,,,,,,,,,,,,,
4,10200.0,440956.1515824394,4011324.8966132123,False,22.455408096313477,21.845016479492188,23.07175636291504,3.119999885559082,0.0,0.3625866050808314,1868.0,139.92576573673773,True,,,,,,,,,,,,,,
4,10300.0,441054.4069725274,4011343.494417348,False,22.493946075439453,21.987030029296875,23.07010841369629,3.119999885559082,0.0,0.2657302289782567,1868.0,147.41826575333243,True,,,,,,,,,,,,,,
4,10400.0,441152.66236261535,4011362.092221483,False,22.53133773803711,22.05853271484375,23.09491729736328,3.130000114440918,0.0,0.15913461538461537,1868.0,251.6680459834492,False,,,,,,,,,,,,,,
4,10500.0,441250.91775270336,4011380.6900256183,False,22.57023048400879,22.093624114990234,23.157907485961914,3.140000104904175,0.0,0.06641676278354479,1868.0,254.02313643869851,True,,,,,,,,,,,,,,
4,10600.0,441349.1731427913,4011399.287829754,False,22.61911392211914,22.100709915161133,23.291439056396484,3.1500000953674316,0.0,0.012871001824992796,1868.0,114.4866804479891,True,,,,,,,,,,,,,,
4,10700.0,441447.42853287933,4011417.885633889,False,22.721582412719727,22.105194091796875,23.538110733032227,3.1600000858306885,0.0,0.0,1868.0,120.47058823529396,True,,,,,,,,,,,,,,
4,10800.0,441545.6839229673,4011436.4834380248,False,22.86244773864746,22.120996475219727,23.79789924621582,3.1700000762939453,0.0,0.0,1868.0,200.8229223815002,False,,,,,,,,,,,,,,
4,10900.0,441643.9393130553,4011455.08124216,False,23.027246475219727,22.149812698364258,24.04262351989746,3.190000057220459,0.0,0.0,1868.0,168.34456300068567,False,,,,,,,,,,,,,,
4,11000.0,441742.19470314326,4011473.679046295,False,23.21794319152832,22.1978702545166,24.288911819458008,3.200000047683716,0.0,0.0,1868.0,134.5867635727328,True,,,,,,,,,,,,,,
4,11100.0,441840.4500932313,4011492.2768504308,False,23.43149757385254,22.277761459350586,24.534957885742188,3.2100000381469727,0.0,0.0,1868.0,138.70806251081638,True,,,,,,,,,,,,,,
4,11200.0,441938.7054833193,4011510.874654566,False,23.658994674682617,22.40992546081543,24.74091148376465,3.2200000286102295,0.0,0.0,1868.0,130.84192051198752,True,,,,,,,,,,,,,,
4,11300.0,442036.96087340725,4011529.472458701,False,23.90496063232422,22.65665626525879,24.928770065307617,3.2300000190734863,0.0,0.0,1868.0,127.75073004580959,True,,,,,,,,,,,,,,
4,11400.0,442135.21626349527,4011548.0702628368,False,24.171886444091797,23.008398056030273,25.144071578979492,3.240000009536743,0.0,0.0,1868.0,204.79999999999976,False,,,,,,,,,,,,,,
4,11500.0,442233.4716535832,4011566.668066972,False,24.436567306518555,23.415725708007812,25.462432861328125,3.240000009536743,0.0,0.0,1868.0,170.6666666666665,True,,,,,,,,,,,,,,
4,11600.0,442331.72704367124,4011585.2658711076,False,24.68845558166504,23.713369369506836,25.713645935058594,3.240000009536743,0.0,0.0,1868.0,153.40835925163674,True,,,,,,,,,,,,,,
4,11700.0,442429.9824337592,4011603.8636752428,False,24.899423599243164,23.966310501098633,25.859203338623047,3.240000009536743,0.0,0.0,1868.0,153.40835925163674,True,,,,,,,,,,,,,,
4,11800.0,442528.2378238472,4011622.461479378,False,25.138689041137695,24.2115478515625,26.087194442749023,3.240000009536743,0.0,0.0,1868.0,145.9139583752388,True,,,,,,,,,,,,,,
4,11900.0,442626.4932139352,4011641.0592835136,False,25.365524291992188,24.456275939941406,26.295255661010742,3.240000009536743,0.0,0.0,1868.0,136.23093355268884,True,,,,,,,,,,,,,,
4,12000.0,442724.7486040232,4011659.6570876488,False,25.591350555419922,24.687623977661133,26.512062072753906,3.240000009536743,0.0,0.0,1868.0,341.333333333333,False,,,,,,,,,,,,,,
4,12100.0,442823.0039941112,4011678.254891784,False,25.814762115478516,24.872222900390625,26.73295021057129,3.240000009536743,0.0,0.0,1868.0,144.18245556125484,True,,,,,,,,,,,,,,
4,12200.0,442921.25938419916,4011696.8526959196,False,26.030376434326172,25.079336166381836,26.92962074279785,3.240000009536743,0.0,0.0,1868.0,160.79582901971347,True,,,,,,,,,,,,,,
4,12300.0,443019.5147742872,4011715.4505000548,False,26.233055114746094,25.35272789001465,27.134469985961914,3.240000009536743,0.0,0.0,1868.0,170.0771427404593,True,,,,,,,,,,,,,,
4,12400.0,443117.77016437514,4011734.0483041904,False,26.386476516723633,25.574583053588867,27.22602081298828,3.240000009536743,0.0,0.0,1868.0,181.01933598375595,True,,,,,,,,,,,,,,
4,12500.0,443216.02555446315,4011752.6461083256,False,26.476119995117188,25.76921272277832,27.238924026489258,3.240000009536743,0.0,0.0,1868.0,181.01933598375595,True,,,,,,,,,,,,,,
4,12600.0,443314.2809445511,4011771.2439124607,False,26.532848358154297,25.916431427001953,27.238107681274414,1.0626311302185059,0.0,0.0,2016.0,227.55555555555534,True,,,,,,,,,,,,,,
4,12700.0,443412.5363346391,4011789.8417165964,False,26.58604621887207,26.004274368286133,27.238039016723633,1.0626311302185059,0.0,0.0,2016.0,511.99999999999943,True,,,,,,,,,,,,,,
4,12800.0,443510.79172472714,4011808.4395207316,False,26.629798889160156,26.073755264282227,27.2376708984375,1.0626311302185059,0.0,0.0,2016.0,511.99999999999943,False,,,,,,,,,,,,,,
4,12900.0,443609.0471148151,4011827.0373248667,False,26.660877227783203,26.109573364257812,27.236181259155273,1.0626311302185059,0.0,0.0,2016.0,155.70655667603555,True,,,,,,,,,,,,,,
4,13000.0,443707.3025049031,4011845.6351290024,False,26.684534072875977,26.113208770751953,27.237205505371094,1.0626311302185059,0.0,0.0,2016.0,159.00885238661206,False,,,,,,,,,,,,,,
4,13100.0,443805.55789499107,4011864.2329331376,False,26.68715476989746,26.089664459228516,27.266246795654297,1.0626311302185059,0.0,0.0,2016.0,357.1127462210125,False,,,,,,,,,,,,,,
4,13200.0,443903.8132850791,4011882.830737273,False,26.64956283569336,26.036603927612305,27.209228515625,1.0626311302185059,0.0,0.0,2016.0,351.22910237185783,True,,,,,,,,,,,,,,
4,13300.0,444002.06867516704,4011901.4285414084,False,26.595279693603516,26.00433349609375,27.098310470581055,1.0626311302185059,0.0,0.0,2016.0,357.1127462210125,True,,,,,,,,,,,,,,
4,13400.0,444100.32406525506,4011920.0263455436,False,26.556903839111328,25.985361099243164,27.045303344726562,1.0626311302185059,0.0,0.0,2016.0,357.1127462210125,True,,,,,,,,,,,,,,
4,13500.0,444198.579455343,4011938.624149679,False,26.542049407958984,25.96476173400879,27.030168533325195,1.0626311302185059,0.0,0.0,2016.0,357.1127462210125,True,,,,,,,,,,,,,,
4,13600.0,444296.83484543103,4011957.2219538144,False,26.535232543945312,25.962448120117188,27.030820846557617,1.0626311302185059,0.0,0.0,2016.0,409.5999999999993,True,,,,,,,,,,,,,,
4,13700.0,444395.090235519,4011975.8197579496,False,26.511075973510742,25.974218368530273,27.03000259399414,1.0626311302185059,0.0,0.0,2016.0,181.8165310024791,False,,,,,,,,,,,,,,
4,13800.0,444493.345625607,4011994.417562085,False,26.47733497619629,25.996652603149414,27.029815673828125,1.0626311302185059,0.0,0.0,2016.0,496.71296007440947,True,,,,,,,,,,,,,,
4,13900.0,444591.601015695,4012013.0153662204,False,26.440052032470703,26.034242630004883,27.0297794342041,1.0626311302185059,0.0,0.0,2016.0,421.9716524503726,True,,,,,,,,,,,,,,
4,14000.0,444689.856405783,4012031.613170356,False,26.39889907836914,26.036741256713867,26.990800857543945,1.0626311302185059,0.0,0.0,2016.0,401.64584476300087,True,,,,,,,,,,,,,,
4,14100.0,444788.111795871,4012050.210974491,False,26.366756439208984,26.067405700683594,26.855222702026367,1.0626311302185059,0.0,0.0,2016.0,341.333333333333,False,,,,,,,,,,,,,,
4,14200.0,444886.36718595895,4012068.8087786264,False,26.37018394470215,26.104585647583008,26.757944107055664,1.0626311302185059,0.0,0.0,2016.0,203.78361655500555,False,,,,,,,,,,,,,,
4,14300.0,444984.62257604697,4012087.406582762,False,26.40263557434082,26.13553237915039,26.780582427978516,1.0626311302185059,0.0,0.0,2016.0,240.52540191322234,True,,,,,,,,,,,,,,
4,14400.0,445082.8779661349,4012106.004386897,False,26.451379776000977,26.159982681274414,26.859172821044922,1.0626311302185059,0.0,0.0,2016.0,226.16376540128556,True,,,,,,,,,,,,,,
4,14500.0,445181.13335622294,4012124.6021910324,False,26.522769927978516,26.190265655517578,26.952625274658203,1.0626311302185059,0.0,0.0,2016.0,226.16376540128556,True,,,,,,,,,,,,,,
4,14600.0,445279.38874631096,4012143.199995168,False,26.594053268432617,26.2088623046875,27.01288414001465,1.0626311302185059,0.0,0.0,2016.0,159.92193217393245,True,,,,,,,,,,,,,,
4,14700.0,445377.6441363989,4012161.797799303,False,26.66929054260254,26.247989654541016,27.057619094848633,1.0626311302185059,0.0,0.0,2016.0,154.7651241553545,True,,,,,,,,,,,,,,
4,14800.0,445475.89952648693,4012180.395603439,False,26.738115310668945,26.32497787475586,27.07979393005371,1.0626311302185059,0.0,0.0,2016.0,248.35648003720468,False,,,,,,,,,,,,,,
4,14900.0,445574.1549165749,4012198.993407574,False,26.79022216796875,26.4179630279541,27.079816818237305,1.0626311302185059,0.0,0.0,2016.0,190.51735232902405,True,,,,,,,,,,,,,,
4,15000.0,445672.4103066629,4012217.591211709,False,26.834270477294922,26.5728702545166,27.0798397064209,1.0626311302185059,0.0,0.0,2016.0,190.51735232902405,True,,,,,,,,,,,,,,
4,15100.0,445770.66569675086,4012236.189015845,False,26.870647430419922,26.66490936279297,27.08020782470703,1.0626311302185059,0.0,0.0,2016.0,190.51735232902405,True,,,,,,,,,,,,,,
4,15200.0,445868.9210868389,4012254.78681998,False,26.89067268371582,26.720291137695312,27.081546783447266,3.4100000858306885,0.0,0.0,2016.0,204.79999999999976,False,,,,,,,,,,,,,,
4,15300.0,445967.17647692683,4012273.384624115,False,26.89398193359375,26.718461990356445,27.081514358520508,3.4100000858306885,0.0,0.0,2016.0,150.57195460481162,True,,,,,,,,,,,,,,
4,15400.0,446065.43186701485,4012291.982428251,False,26.879064559936523,26.675262451171875,27.0814208984375,3.4100000858306885,0.0,0.0,2016.0,144.81546878700476,True,,,,,,,,,,,,,,
4,15500.0,446163.68725710287,4012310.580232386,False,26.845191955566406,26.60594367980957,27.06180763244629,3.4100000858306885,0.0,0.0,2016.0,139.49233434209262,True,,,,,,,,,,,,,,
4,15600.0,446261.9426471908,4012329.1780365217,False,26.79926872253418,26.536479949951172,27.02982521057129,3.4100000858306885,0.0,0.0,2016.0,288.9894507674407,False,,,,,,,,,,,,,,
4,15700.0,446360.19803727884,4012347.775840657,False,26.7453556060791,26.429346084594727,26.994922637939453,3.4100000858306885,0.0,0.0,2016.0,262.2195301025708,False,,,,,,,,,,,,,,
5,5000.0,435916.5352634592,4009900.5676095686,True,20.691667556762695,19.76434326171875,21.81995391845703,0.300119549036026,0.0,1.0,2001.0,511.99999999999943,False,66.80140948635182,0.009203884727313857,0.009203884727313857,"[0.009203884727313857, 0.009203884727313857]",0.033298176374145075,0.033364082136512735,"[0.033364082136512735, 0.033364082136512735]",0.15761652595524983,0.15761652595524983,"[0.15761652595524983, 0.15761652595524983]",150.20934470987055,135.2177858938715,167.83040754370467,135.2177858938715
5,5100.0,436015.21550129843,4009916.760529626,True,20.916542053222656,19.897781372070312,21.946327209472656,0.300119549036026,0.0,1.0,2001.0,131.7109133894466,True,66.80140948635182,0.009203884727313857,0.009203884727313857,"[0.009203884727313857, 0.009203884727313857]",0.03307879602675888,0.03304570876544213,"[0.03259709174256992, 0.033364082136512735]",0.15761652595524983,0.15761652595524983,"[0.15761652595524983, 0.15761652595524983]",151.03237789992906,135.91493447375808,168.79859027738718,135.91493447375808
5,5200.0,436113.89573913766,4009932.9534496837,True,21.13542938232422,20.058189392089844,22.04094696044922,0.300119549036026,0.0,1.0,2001.0,136.02228206121512,True,50.19442890773481,0.046421525630751616,0.04393710000221868,"[0.033747577333484144, 0.05215534678811186]",0.04580562776764951,0.04592354983732644,"[0.04563592843959788, 0.046402918833540696]",0.15761652595524983,0.15761652595524983,"[0.15761652595524983, 0.15761652595524983]",152.27971558999195,136.97064607046156,170.2668696188846,136.97064607046156
5,5300.0,436212.5759769769,4009949.1463697413,True,21.355403900146484,20.246307373046875,22.165813446044922,0.300119549036026,0.0,1.0,2001.0,135.86404825707908,True,63.43494882292201,0.009203884727313857,0.011812542622965803,"[0.009203884727313857, 0.015339807878856429]",0.04579934212590449,0.045901425114424244,"[0.04563592843959788, 0.046402918833540696]",0.15761652595524983,0.15761652595524983,"[0.15761652595524983, 0.15761652595524983]",152.66622906793336,137.29721171098348,170.72249724594948,137.29721171098348
5,5400.0,436311.2562148161,4009965.339289799,True,21.572784423828125,20.492660522460938,22.321056365966797,0.300119549036026,0.0,1.0,2001.0,161.46073535312985,True,90.0,0.009203884727313857,0.011958289470923462,"[0.009203884727313857, 0.015339807878856429]",0.03661060070069315,0.03643204371228402,"[0.03643204371228402, 0.03643204371228402]",0.15761652595524983,0.15761652595524983,"[0.15761652595524983, 0.15761652595524983]",153.35746251228602,137.8806966759638,171.53794961780187,137.8806966759638
5,5500.0,436409.93645265535,4009981.5322098564,True,21.79899787902832,20.880615234375,22.471839904785156,0.300119549036026,0.0,1.0,2001.0,170.07714274045927,True,90.0,0.035997147477864345,0.03870128318407385,"[0.033747577333484144, 0.04601942363656929]",0.03648739490256771,0.03643204371228402,"[0.03643204371228402, 0.03643204371228402]",0.15761652595524983,0.15761652595524983,"[0.15761652595524983, 0.15761652595524983]",153.98310302587794,138.40857722192848,172.27629125232767,138.40857722192848
5,5600.0,436508.6166904946,4009997.725129914,True,21.97870635986328,21.239784240722656,22.5567626953125,0.300119549036026,0.0,1.0,2001.0,170.07714274045927,True,90.0,0.03540159347786561,0.036414588059737484,"[0.033747577333484144, 0.039883500485026716]",0.03652059143908936,0.03643204371228402,"[0.03643204371228402, 0.03643204371228402]",0.15761652595524983,0.15761652595524983,"[0.15761652595524983, 0.15761652595524983]",154.18931656393627,138.58276480187277,172.51942608887555,138.58276480187277
5,5700.0,436607.2969283339,4010013.9180499716,True,22.13273048400879,21.570777893066406,22.588876724243164,0.300119549036026,0.0,1.0,2001.0,170.07714274045927,True,90.0,0.03542424570946146,0.03643232167642636,"[0.033747577333484144, 0.039883500485026716]",0.036270937822503985,0.03643204371228402,"[0.03643204371228402, 0.03643204371228402]",0.15761652595524983,0.15761652595524983,"[0.15761652595524983, 0.15761652595524983]",154.69207592898687,139.0061528315679,173.11368105661808,139.0061528315679
5,5800.0,436705.9771661731,4010030.110970029,True,22.2269287109375,21.766292572021484,22.593284606933594,0.300119549036026,0.0,1.0,2001.0,170.07714274045927,True,90.0,0.035952606599376734,0.03655799703866424,"[0.033747577333484144, 0.039883500485026716]",0.03643204371228402,0.03643204371228402,"[0.03643204371228402, 0.03643204371228402]",0.15761652595524983,0.15761652595524983,"[0.15761652595524983, 0.15761652595524983]",154.80640558911372,139.10234520265416,173.24891806837104,139.10234520265416
5,5900.0,436804.65740401234,4010046.303890087,True,22.275625228881836,21.907791137695312,22.593284606933594,0.300119549036026,0.0,1.0,2001.0,170.07714274045927,True,90.0,0.035921613965985075,0.04111521127135381,"[0.033747577333484144, 0.05215534678811186]",0.04486893804565506,0.04486893804565506,"[0.04486893804565506, 0.04486893804565506]",0.15761652595524983,0.15761652595524983,"[0.15761652595524983, 0.15761652595524983]",155.03150228429317,139.29172602651585,173.51518537638796,139.29172602651585
5,6000.0,436903.33764185157,4010062.4968101447,True,22.281604766845703,21.907752990722656,22.593284606933594,0.300119549036026,0.0,1.0,2001.0,170.07714274045927,True,90.0,0.03495420690785009,0.03627443095791788,"[0.033747577333484144, 0.039883500485026716]",0.04486893804565506,0.04486893804565506,"[0.04486893804565506, 0.04486893804565506]",0.15761652595524983,0.15761652595524983,"[0.15761652595524983, 0.15761652595524983]",155.14573751583063,139.38772898145243,173.6504371494451,139.38772898145243
5,6100.0,437002.0178796908,4010078.6897302023,True,22.251611709594727,21.788715362548828,22.593284606933594,0.300119549036026,0.0,1.0,2001.0,191.62609506871448,True,90.0,0.033616121021210935,0.024591090215159806,"[0.009203884727313857, 0.039883500485026716]",0.04486893804565506,0.04486893804565506,"[0.04486893804565506, 0.04486893804565506]",0.15761652595524983,0.15761652595524983,"[0.15761652595524983, 0.15761652595524983]",154.87431113471405,139.15950357746678,173.3292120211965,139.15950357746678
5,6200.0,437100.69811753003,4010094.88265026,True,22.190296173095703,21.612014770507812,22.593097686767578,0.300119549036026,0.0,1.0,2001.0,526.8436535577858,False,90.0,0.014101981650116769,0.023510292863701963,"[0.009203884727313857, 0.039883500485026716]",0.036300117454876615,0.03643204371228402,"[0.03643204371228402, 0.03643204371228402]",0.15761652595524983,0.15761652595524983,"[0.15761652595524983, 0.15761652595524983]",154.57239592812087,138.9050747632869,172.97255676387462,138.9050747632869
5,6300.0,437199.37835536926,4010111.0755703175,True,22.12293815612793,21.50104522705078,22.57939910888672,0.300119549036026,0.0,1.0,2001.0,103.83772192018296,True,51.34019174590991,0.015339807878856429,0.015339807878856429,"[0.015339807878856429, 0.015339807878856429]",0.04486893804565506,0.04486893804565506,"[0.04486893804565506, 0.04486893804565506]",0.15761652595524983,0.15761652595524983,"[0.15761652595524983, 0.15761652595524983]",154.73511715989238,139.041923895324,173.16510107423076,139.041923895324
5,6400.0,437298.0585932085,4010127.268490375,True,22.059036254882812,21.447052001953125,22.55074691772461,0.300119549036026,0.0,1.0,2001.0,107.21353923990145,True,51.34019174590991,0.015339807878856429,0.015339807878856427,"[0.015339807878856429, 0.015339807878856429]",0.03633729360264325,0.03643204371228402,"[0.03643204371228402, 0.03643204371228402]",0.15761652595524983,0.15761652595524983,"[0.15761652595524983, 0.15761652595524983]",154.43551295410626,138.79004487784218,172.81048362508665,138.79004487784218
5,6500.0,437396.7388310477,4010143.4614104326,True,22.000659942626953,21.447052001953125,22.5311279296875,0.300119549036026,0.0,1.0,2001.0,157.53846153846138,True,90.0,0.040584173753078275,0.040099332040835815,"[0.033747577333484144, 0.04601942363656929]",0.03641608926908609,0.03643204371228402,"[0.03643204371228402, 0.03643204371228402]",0.15761652595524983,0.15761652595524983,"[0.15761652595524983, 0.15761652595524983]",154.21356566495965,138.6033855995253,172.54785909887514,138.6033855995253
5,6600.0,437495.41906888696,4010159.65433049,True,21.938671112060547,21.447052001953125,22.492664337158203,0.300119549036026,0.0,1.0,2001.0,157.53846153846138,True,90.0,0.04017603510406473,0.03995567693734128,"[0.033747577333484144, 0.04601942363656929]",0.03636971785673226,0.03643204371228402,"[0.03643204371228402, 0.03643204371228402]",0.15761652595524983,0.15761652595524983,"[0.15761652595524983, 0.15761652595524983]",154.1758462756025,138.5718809641211,172.50297653309343,138.5718809641211
5,6700.0,437594.0993067262,4010175.8472505477,True,21.856529235839844,21.429466247558594,22.342403411865234,0.300119549036026,0.0,1.0,2001.0,157.53846153846138,True,90.0,0.03801388307837451,0.039619779465708826,"[0.033747577333484144, 0.04601942363656929]",0.04563592843959788,0.04563592843959788,"[0.04563592843959788, 0.04563592843959788]",0.15761652595524983,0.15761652595524983,"[0.15761652595524983, 0.15761652595524983]",153.92159762954844,138.35800373904559,172.20219050679302,138.35800373904559
5,6800.0,437692.7795445654,4010192.0401706053,True,21.772573471069336,21.360424041748047,22.193378448486328,0.300119549036026,0.0,1.0,2001.0,170.6666666666665,True,90.0,0.03544782682752373,0.03921801163851805,"[0.033747577333484144, 0.04601942363656929]",0.04544276635162443,0.04563592843959788,"[0.04563592843959788, 0.04563592843959788]",0.15761652595524983,0.15761652595524983,"[0.15761652595524983, 0.15761652595524983]",153.6720687017676,138.1478665960754,171.9072524558502,138.1478665960754
5,6900.0,437791.45978240465,4010208.2330906633,True,21.699771881103516,21.26441192626953,22.107440948486328,0.300119549036026,0.0,1.0,2001.0,170.6666666666665,True,90.0,0.03386536228532532,0.03637644376707877,"[0.027611654181941572, 0.04601942363656929]",0.045486176917885056,0.04563592843959788,"[0.04563592843959788, 0.04563592843959788]",0.15761652595524983,0.15761652595524983,"[0.15761652595524983, 0.15761652595524983]",153.70581375751397,138.17643180916073,171.9469691901514,138.17643180916073
5,7000.0,437890.1400202439,4010224.426010721,True,21.661975860595703,21.087989807128906,22.15240478515625,0.300119549036026,0.0,1.0,2001.0,186.18181818181793,True,90.0,0.032923298724505265,0.031305239254028755,"[0.027611654181941572, 0.033747577333484144]",0.04559821517744809,0.04563592843959788,"[0.04563592843959788, 0.04563592843959788]",0.15761652595524983,0.15761652595524983,"[0.15761652595524983, 0.15761652595524983]",153.301405867917,137.83535456268496,171.4695543776453,137.83535456268496
5,7100.0,437988.8202580831,4010240.6189307785,True,21.677444458007812,20.893417358398438,22.30712890625,0.300119549036026,0.0,1.0,2001.0,186.18181818181793,True,90.0,0.0324663502472504,0.033090496865427546,"[0.027611654181941572, 0.039883500485026716]",0.04553690036735638,0.04563592843959788,"[0.04563592843959788, 0.04563592843959788]",0.15761652595524983,0.15761652595524983,"[0.15761652595524983, 0.15761652595524983]",153.4701628017331,137.97634985999912,171.67030778976343,137.97634985999912
5,7200.0,438087.50049592234,4010256.811850836,True,21.74594497680664,20.82567596435547,22.658824920654297,0.300119549036026,0.0,1.0,2001.0,186.18181818181793,True,90.0,0.032205564271074266,0.03821710972414255,"[0.027611654181941572, 0.05215534678811186]",0.045593539303924464,0.04563592843959788,"[0.04563592843959788, 0.04563592843959788]",0.15761652595524983,0.15761652595524983,"[0.15761652595524983, 0.15761652595524983]",153.69712353063852,138.167432479602,171.93862708734903,138.167432479602
5,7300.0,438186.1807337616,4010273.0047708936,True,21.864830017089844,20.818126678466797,23.03839874267578,0.300119549036026,0.0,1.0,2001.0,130.84192051198752,True,90.0,0.013371332015392555,0.012608298317128805,"[0.009203884727313857, 0.015339807878856429]",0.04552554083361659,0.04563592843959788,"[0.04563592843959788, 0.04563592843959788]",0.15761652595524983,0.15761652595524983,"[0.15761652595524983, 0.15761652595524983]",154.02575696557773,138.44310714404094,172.32830683510903,138.44310714404094
5,7400.0,438284.8609716008,4010289.197690951,True,21.978548049926758,20.795318603515625,23.242366790771484,0.300119549036026,0.0,1.0,2001.0,457.9467217919564,False,60.25511870305778,0.0515351999289861,0.04132136466902466,"[0.027611654181941572, 0.05215534678811186]",0.03646359989898557,0.03643204371228402,"[0.03643204371228402, 0.03643204371228402]",0.20823789195547604,0.20823789195547604,"[0.20823789195547604, 0.20823789195547604]",153.85579662904172,138.29869106995494,172.12889093469272,138.29869106995494
5,7500.0,438383.54120944004,4010305.3906110087,True,22.117490768432617,20.795318603515625,23.34063720703125,0.300119549036026,0.0,1.0,2001.0,127.01156821934931,True,60.25511870305778,0.0522276825230509,0.05215534678811186,"[0.05215534678811186, 0.05215534678811186]",0.0453842447673618,0.045307218270765254,"[0.04486893804565506, 0.04563592843959788]",0.20823789195547604,0.20823789195547604,"[0.20823789195547604, 0.20823789195547604]",154.750634688479,139.05178009207947,173.18713892441772,139.05178009207947
5,7600.0,438482.22144727927,4010321.5835310663,True,22.273916244506836,20.795318603515625,23.486858367919922,0.300119549036026,0.0,1.0,2001.0,127.01156821934931,True,60.25511870305778,0.05249542874106868,0.053927218048305435,"[0.039883500485026716, 0.07056311624273957]",0.0356650533183412,0.03596004962370383,"[0.0356650533183412, 0.03643204371228402]",0.20823789195547604,0.20823789195547604,"[0.20823789195547604, 0.20823789195547604]",155.36113604749508,139.5633297564383,173.911704701224,139.5633297564383
5,7700.0,438580.9016851185,4010337.776451124,True,22.450233459472656,20.795318603515625,23.617286682128906,0.300119549036026,0.0,1.0,2001.0,127.28601860188867,False,63.43494882292201,0.04144723879619392,0.05108614573638521,"[0.033747577333484144, 0.07056311624273957]",0.031859398862561054,0.031830101348627085,"[0.031830101348627085, 0.031830101348627085]",0.20823789195547604,0.20823789195547604,"[0.20823789195547604, 0.20823789195547604]",155.90165294442832,140.01755594181847,174.55169249386108,140.01755594181847
5,7800.0,438679.58192295773,4010353.9693711814,True,22.642330169677734,20.795318603515625,23.664958953857422,0.300119549036026,0.0,1.0,2001.0,157.53846153846138,False,90.0,0.03986441891565076,0.04170176229704637,"[0.015339807878856429, 0.07056311624273957]",0.03583099143249059,0.0356650533183412,"[0.0356650533183412, 0.0356650533183412]",0.20823789195547604,0.20823789195547604,"[0.20823789195547604, 0.20823789195547604]",155.80596187487737,139.9348950700817,174.44097517268588,139.9348950700817
5,7900.0,438778.262160797,4010370.162291239,True,22.85490608215332,21.077747344970703,23.664958953857422,0.300119549036026,0.0,1.0,2001.0,96.65109569188007,True,68.19859051364818,0.04032724538938035,0.035387147107393595,"[0.021475731030399, 0.04601942363656929]",0.03580802186256634,0.0356650533183412,"[0.0356650533183412, 0.0356650533183412]",0.20823789195547604,0.20823789195547604,"[0.20823789195547604, 0.20823789195547604]",156.7201344344725,140.70391324512437,175.52248045803418,140.70391324512437
5,8000.0,438876.94239863625,4010386.355211297,True,23.027311325073242,21.694839477539062,23.664958953857422,0.300119549036026,0.0,1.0,2001.0,95.07601314665045,True,68.19859051364818,0.04025770295162154,0.040019288501245406,"[0.033747577333484144, 0.04601942363656929]",0.04410194765171223,0.04410194765171223,"[0.04410194765171223, 0.04410194765171223]",0.20823789195547604,0.20823789195547604,"[0.20823789195547604, 0.20823789195547604]",156.88623628869746,140.84214174653678,175.72071294785647,140.84214174653678
5,8100.0,438975.6226364755,4010402.5481313546,True,23.157215118408203,22.204288482666016,23.680213928222656,0.300119549036026,0.0,1.0,2001.0,134.45778724835574,False,68.19859051364818,0.041514969932581816,0.049067033955777835,"[0.033747577333484144, 0.064427193091197]",0.0356650533183412,0.0356650533183412,"[0.0356650533183412, 0.0356650533183412]",0.20823789195547604,0.20823789195547604,"[0.20823789195547604, 0.20823789195547604]",156.88418982477788,140.84145221462992,175.7171032466501,140.84145221462992
5,8200.0,439074.3028743147,4010418.741051412,True,23.220998764038086,22.311771392822266,23.702449798583984,0.300119549036026,0.0,1.0,2001.0,130.84192051198752,False,66.80140948635182,0.04328304107999763,0.051542409289269016,"[0.039883500485026716, 0.064427193091197]",0.04410194765171223,0.04410194765171223,"[0.04410194765171223, 0.04410194765171223]",0.20823789195547604,0.20823789195547604,"[0.20823789195547604, 0.20823789195547604]",157.55668532687574,141.40587075308954,176.5141860379956,141.40587075308954
5,8300.0,439172.98311215395,4010434.9339714698,True,23.2100772857666,22.150279998779297,23.70899200439453,0.300119549036026,0.0,1.0,2001.0,134.45778724835574,True,66.80140948635182,0.04650260874664299,0.05212776573531665,"[0.039883500485026716, 0.064427193091197]",0.04410194765171223,0.04410194765171223,"[0.04410194765171223, 0.04410194765171223]",0.20823789195547604,0.20823789195547604,"[0.20823789195547604, 0.20823789195547604]",157.359088731519,141.2404938603322,176.27944859890957,141.2404938603322
5,8400.0,439271.6633499932,4010451.1268915273,True,23.13515853881836,21.83294677734375,23.70899200439453,0.300119549036026,0.0,1.0,2001.0,129.52689296049667,True,74.05460409907715,0.05980808039273871,0.05035103894138185,"[0.027611654181941572, 0.07056311624273957]",0.04410194765171223,0.04410194765171223,"[0.04410194765171223, 0.04410194765171223]",0.20823789195547604,0.20823789195547604,"[0.20823789195547604, 0.20823789195547604]",157.71556808912496,141.53796264790176,176.70395359005173,141.53796264790176
5,8500.0,439370.3435878324,4010467.319811585,True,22.986360549926758,21.588520050048828,23.70899200439453,0.300119549036026,0.0,1.0,2001.0,281.31443496691463,False,9.462322208025617,0.0375308585684366,0.025196681019885547,"[0.009203884727313857, 0.039883500485026716]",0.04410194765171223,0.04410194765171223,"[0.04410194765171223, 0.04410194765171223]",0.20823789195547604,0.20823789195547604,"[0.20823789195547604, 0.20823789195547604]",156.81970505857552,140.78738711481438,175.6406124663968,140.78738711481438
5,8600.0,439469.02382567164,4010483.5127316425,True,22.816455841064453,21.46491241455078,23.699878692626953,0.300119549036026,0.0,1.0,2001.0,117.80582228695597,True,54.46232220802562,0.03616572204746427,0.04516771242655435,"[0.033747577333484144, 0.05829126993965443]",0.04410194765171223,0.04410194765171223,"[0.04410194765171223, 0.04410194765171223]",0.20823789195547604,0.20823789195547604,"[0.20823789195547604, 0.20823789195547604]",156.56823416891467,140.5763216579454,175.34256265714745,140.5763216579454
5,8700.0,439567.7040635109,4010499.7056517,True,22.62844467163086,21.35865020751953,23.649139404296875,0.300119549036026,0.0,1.0,2001.0,123.05239411222713,True,54.46232220802562,0.03545618140108767,0.03645729599891712,"[0.033747577333484144, 0.039883500485026716]",0.04410194765171223,0.0448433716991903,"[0.04410194765171223, 0.04563592843959788]",0.20823789195547604,0.20823789195547604,"[0.20823789195547604, 0.20823789195547604]",155.86917552356994,139.99075653313156,174.51267675740212,139.99075653313156
5,8800.0,439666.3843013501,4010515.8985717576,True,22.435152053833008,21.289478302001953,23.594581604003906,0.300119549036026,0.0,1.0,2001.0,123.05239411222713,True,54.46232220802562,0.034118251499588484,0.03395321841492816,"[0.027611654181941572, 0.039883500485026716]",0.04563592843959788,0.04492007073858458,"[0.04410194765171223, 0.04563592843959788]",0.20823789195547604,0.20823789195547604,"[0.20823789195547604, 0.20823789195547604]",155.5611497532407,139.73153594296716,174.14839117204957,139.73153594296716
5,8900.0,439765.06453918933,4010532.091491815,True,22.252525329589844,21.282089233398438,23.575973510742188,0.300119549036026,0.0,1.0,2001.0,120.47058823529396,True,53.13010235415598,0.03220340839514789,0.032967875155438836,"[0.027611654181941572, 0.039883500485026716]",0.04563592843959788,0.04504790247090839,"[0.04410194765171223, 0.04563592843959788]",0.20823789195547604,0.20823789195547604,"[0.20823789195547604, 0.20823789195547604]",155.08229220060085,139.3305679947046,173.5797481290007,139.3305679947046
5,9000.0,439863.74477702857,4010548.284411873,True,22.092683792114258,21.282089233398438,23.520177841186523,0.300119549036026,0.0,1.0,2001.0,204.79999999999976,False,53.13010235415598,0.0298968718314884,0.030505477761173648,"[0.027611654181941572, 0.033747577333484144]",0.04563592843959788,0.04563592843959788,"[0.04563592843959788, 0.04563592843959788]",0.20823789195547604,0.20823789195547604,"[0.20823789195547604, 0.20823789195547604]",154.70494887875873,139.01374399610737,173.13264297553454,139.01374399610737
5,9100.0,439962.4250148678,4010564.477331931,True,21.97854995727539,21.282089233398438,23.090259552001953,0.300119549036026,0.0,1.0,2001.0,204.79999999999976,False,53.13010235415598,0.029438211182775682,0.032500215249470714,"[0.027611654181941572, 0.039883500485026716]",0.04563592843959788,0.04563592843959788,"[0.04563592843959788, 0.04563592843959788]",0.20823789195547604,0.20823789195547604,"[0.20823789195547604, 0.20823789195547604]",154.03564440348813,138.45231739418492,172.33898227215266,138.45231739418492
5,9200.0,440061.105252707,4010580.6702519883,True,21.9390869140625,21.282089233398438,22.75996971130371,0.300119549036026,0.0,1.0,2001.0,192.65963384496044,False,53.13010235415598,0.030243579007186692,0.03282972970644267,"[0.027611654181941572, 0.039883500485026716]",0.04563592843959788,0.04563592843959788,"[0.04563592843959788, 0.04563592843959788]",0.15761652595524983,0.15761652595524983,"[0.15761652595524983, 0.15761652595524983]",153.62523817422095,138.10797256662616,171.8524249718244,138.10797256662616
5,9300.0,440159.78549054626,4010596.863172046,True,21.988649368286133,21.282089233398438,22.922977447509766,0.300119549036026,0.0,1.0,2001.0,109.00404130044906,True,45.0,0.030745501130786893,0.03257269586772145,"[0.027611654181941572, 0.039883500485026716]",0.04563592843959788,0.04563592843959788,"[0.04563592843959788, 0.04563592843959788]",0.20823789195547604,0.20823789195547604,"[0.20823789195547604, 0.20823789195547604]",154.25868371637597,138.6402840517955,172.60245079245388,138.6402840517955
5,9400.0,440258.4657283855,4010613.0560921035,True,22.095813751220703,21.283016204833984,23.195571899414062,0.300119549036026,0.0,1.0,2001.0,172.54070977589132,True,66.03751102542182,0.034453827023685345,0.03413242155826175,"[0.027611654181941572, 0.039883500485026716]",0.04563592843959788,0.04563592843959788,"[0.04563592843959788, 0.04563592843959788]",0.20823789195547604,0.20823789195547604,"[0.20823789195547604, 0.20823789195547604]",154.30172617563127,138.6757038547456,172.65427974194873,138.6757038547456
5,9500.0,440357.1459662247,4010629.249012161,True,22.243518829345703,21.328380584716797,23.433332443237305,0.300119549036026,0.0,1.0,2001.0,167.77869732229925,True,51.34019174590991,0.03557895520499012,0.041403621261499234,"[0.033747577333484144, 0.05215534678811186]",0.04563592843959788,0.04535981189777846,"[0.04486893804565506, 0.04563592843959788]",0.20823789195547604,0.20823789195547604,"[0.20823789195547604, 0.20823789195547604]",154.95820794924686,139.2276122032085,173.4313083886917,139.2276122032085
5,9600.0,440455.82620406395,4010645.4419322186,False,22.400585174560547,21.40005111694336,23.502655029296875,3.0799999237060547,0.0,0.9977801370524081,1868.0,167.77869732229925,True,,,,,,,,,,,,,,
5,9700.0,440554.5064419032,4010661.634852276,False,22.54703712463379,21.514328002929688,23.502655029296875,3.0999999046325684,0.0,0.9594829249469419,1868.0,167.77869732229925,True,,,,,,,,,,,,,,
5,9800.0,440653.1866797424,4010677.8277723338,False,22.638601303100586,21.600269317626953,23.502655029296875,3.0999999046325684,0.0,0.8819672131147541,1868.0,167.77869732229925,True,,,,,,,,,,,,,,
5,9900.0,440751.86691758165,4010694.0206923913,False,22.716777801513672,21.781185150146484,23.502655029296875,3.0999999046325684,0.0,0.7847710843373494,1868.0,162.8156743689768,True,,,,,,,,,,,,,,
5,10000.0,440850.5471554209,4010710.213612449,False,22.78904151916504,22.011859893798828,23.502655029296875,3.109999895095825,0.0,0.6857776064752361,1868.0,163.4481939389688,True,,,,,,,,,,,,,,
5,10100.0,440949.2273932601,4010726.406532507,False,22.846967697143555,22.1778621673584,23.502655029296875,3.109999895095825,0.0,0.5885582201675816,1868.0,152.64890726398548,True,,,,,,,,,,,,,,
5,10200.0,441047.9076310994,4010742.5994525645,False,22.870254516601562,22.227394104003906,23.502655029296875,3.119999885559082,0.0,0.4915286869464767,1868.0,147.41826575333243,True,,,,,,,,,,,,,,
5,10300.0,441146.58786893863,4010758.792372622,False,22.865406036376953,22.247074127197266,23.50261116027832,3.119999885559082,0.0,0.39463048498845266,1868.0,147.41826575333243,True,,,,,,,,,,,,,,
5,10400.0,441245.26810677786,4010774.9852926796,False,22.85138511657715,22.248863220214844,23.480335235595703,3.130000114440918,0.0,0.297845739565301,1868.0,149.18950845807564,True,,,,,,,,,,,,,,
5,10500.0,441343.9483446171,4010791.178212737,False,22.85015296936035,22.248886108398438,23.43712615966797,3.1500000953674316,0.0,0.2011151701595847,1868.0,228.9733608959782,False,,,,,,,,,,,,,,
5,10600.0,441442.6285824563,4010807.371132795,False,22.86984634399414,22.25192642211914,23.48579216003418,3.1600000858306885,0.0,0.10493945800499711,1868.0,175.61455118592883,False,,,,,,,,,,,,,,
5,10700.0,441541.30882029556,4010823.5640528523,False,22.93162727355957,22.265777587890625,23.69053077697754,3.1700000762939453,0.0,0.032750672301190935,1868.0,120.47058823529396,True,,,,,,,,,,,,,,
5,10800.0,441639.9890581348,4010839.75697291,False,23.0595645904541,22.32758903503418,23.884424209594727,3.180000066757202,0.0,0.0018241167434715822,1868.0,127.01156821934931,True,,,,,,,,,,,,,,
5,10900.0,441738.669295974,4010855.9498929675,False,23.23561668395996,22.45671272277832,24.09014129638672,3.200000047683716,0.0,0.0,1868.0,168.34456300068567,False,,,,,,,,,,,,,,
5,11000.0,441837.34953381325,4010872.142813025,False,23.449371337890625,22.61697006225586,24.33155632019043,3.2200000286102295,0.0,0.0,1868.0,130.84192051198752,True,,,,,,,,,,,,,,
5,11100.0,441936.0297716525,4010888.3357330826,False,23.663259506225586,22.743846893310547,24.568954467773438,3.2300000190734863,0.0,0.0,1868.0,138.70806251081638,True,,,,,,,,,,,,,,
5,11200.0,442034.7100094917,4010904.5286531406,False,23.89157485961914,22.96442413330078,24.847537994384766,3.240000009536743,0.0,0.0,1868.0,134.5867635727328,True,,,,,,,,,,,,,,
5,11300.0,442133.39024733094,4010920.721573198,False,24.130767822265625,23.183595657348633,25.14702033996582,3.240000009536743,0.0,0.0,1868.0,127.75073004580959,True,,,,,,,,,,,,,,
5,11400.0,442232.0704851702,4010936.914493256,False,24.384084701538086,23.43661117553711,25.552968978881836,3.240000009536743,0.0,0.0,1868.0,127.75073004580959,True,,,,,,,,,,,,,,
5,11500.0,442330.7507230094,4010953.1074133134,False,24.637310028076172,23.654523849487305,25.79364585876465,3.240000009536743,0.0,0.0,1868.0,170.6666666666665,True,,,,,,,,,,,,,,
5,11600.0,442429.43096084864,4010969.300333371,False,24.891563415527344,23.849637985229492,26.040616989135742,3.240000009536743,0.0,0.0,1868.0,153.40835925163674,True,,,,,,,,,,,,,,
5,11700.0,442528.11119868787,4010985.4932534285,False,25.110933303833008,24.045791625976562,26.20831298828125,3.240000009536743,0.0,0.0,1868.0,153.40835925163674,True,,,,,,,,,,,,,,
5,11800.0,442626.7914365271,4011001.686173486,False,25.377199172973633,24.263795852661133,26.466350555419922,3.240000009536743,0.0,0.0,1868.0,145.9139583752388,True,,,,,,,,,,,,,,
5,11900.0,442725.47167436633,4011017.8790935436,False,25.648332595825195,24.490520477294922,26.74654197692871,3.240000009536743,0.0,0.0,1868.0,144.81546878700476,False,,,,,,,,,,,,,,
5,12000.0,442824.15191220556,4011034.072013601,False,25.91593360900879,24.720121383666992,26.991777420043945,3.240000009536743,0.0,0.0,1868.0,457.9467217919564,False,,,,,,,,,,,,,,
5,12100.0,442922.8321500448,4011050.2649336588,False,26.163249969482422,24.988149642944336,27.17866325378418,3.240000009536743,0.0,0.0,1868.0,143.8201616746051,True,,,,,,,,,,,,,,
5,12200.0,443021.512387884,4011066.457853717,False,26.351755142211914,25.433347702026367,27.30691146850586,3.240000009536743,0.0,0.0,1868.0,281.31443496691463,False,,,,,,,,,,,,,,
5,12300.0,443120.1926257233,4011082.6507737744,False,26.488920211791992,25.633790969848633,27.347461700439453,3.2300000190734863,0.0,0.0,1868.0,170.0771427404593,True,,,,,,,,,,,,,,
5,12400.0,443218.87286356254,4011098.843693832,False,26.56206703186035,25.781936645507812,27.351144790649414,1.0626311302185059,0.0,0.0,2016.0,248.35648003720468,False,,,,,,,,,,,,,,
5,12500.0,443317.5531014018,4011115.0366138895,False,26.59995460510254,25.821941375732422,27.351125717163086,1.0626311302185059,0.0,0.0,2016.0,204.79999999999976,True,,,,,,,,,,,,,,
5,12600.0,443416.233339241,4011131.229533947,False,26.620941162109375,25.753170013427734,27.35548210144043,1.0626311302185059,0.0,0.0,2016.0,496.71296007440947,True,,,,,,,,,,,,,,
5,12700.0,443514.91357708024,4011147.4224540046,False,26.610837936401367,25.714313507080078,27.356853485107422,1.0626311302185059,0.0,0.0,2016.0,511.99999999999943,True,,,,,,,,,,,,,,
5,12800.0,443613.59381491947,4011163.615374062,False,26.578960418701172,25.700233459472656,27.35670280456543,1.0626311302185059,0.0,0.0,2016.0,511.99999999999943,False,,,,,,,,,,,,,,
5,12900.0,443712.2740527587,4011179.80829412,False,26.510112762451172,25.631948471069336,27.35651206970215,1.0626311302185059,0.0,0.0,2016.0,168.34456300068567,False,,,,,,,,,,,,,,
5,13000.0,443810.95429059793,4011196.0012141773,False,26.379146575927734,25.50864601135254,27.25710105895996,1.0626311302185059,0.0,0.0,2016.0,152.2266411514195,True,,,,,,,,,,,,,,
5,13100.0,443909.63452843716,4011212.194134235,False,26.22455406188965,25.319393157958984,27.156618118286133,1.0626311302185059,0.0,0.0,2016.0,152.2266411514195,True,,,,,,,,,,,,,,
5,13200.0,444008.3147662764,4011228.3870542925,False,26.091354370117188,24.951641082763672,27.013242721557617,1.0626311302185059,0.0,0.0,2016.0,152.2266411514195,True,,,,,,,,,,,,,,
5,13300.0,444106.9950041156,4011244.5799743505,False,25.993886947631836,24.694942474365234,26.84500503540039,1.0626311302185059,0.0,0.0,2016.0,351.22910237185783,True,,,,,,,,,,,,,,
5,13400.0,444205.67524195486,4011260.772894408,False,25.959857940673828,24.67702293395996,26.812673568725586,1.0626311302185059,0.0,0.0,2016.0,357.1127462210125,True,,,,,,,,,,,,,,
5,13500.0,444304.3554797941,4011276.9658144657,False,25.95725440979004,24.678035736083984,26.804933547973633,1.0626311302185059,0.0,0.0,2016.0,457.9467217919564,False,,,,,,,,,,,,,,
5,13600.0,444403.0357176333,4011293.158734523,False,25.95391082763672,24.67864418029785,26.792497634887695,1.0626311302185059,0.0,0.0,2016.0,185.41720789507772,True,,,,,,,,,,,,,,
5,13700.0,444501.71595547255,4011309.351654581,False,25.976459503173828,24.704448699951172,26.79918670654297,1.0626311302185059,0.0,0.0,2016.0,183.17868871678257,True,,,,,,,,,,,,,,
5,13800.0,444600.3961933118,4011325.5445746384,False,26.002853393554688,24.704605102539062,26.838382720947266,1.0626311302185059,0.0,0.0,2016.0,496.71296007440947,False,,,,,,,,,,,,,,
5,13900.0,444699.076431151,4011341.737494696,False,26.059553146362305,24.715394973754883,26.940109252929688,1.0626311302185059,0.0,0.0,2016.0,496.71296007440947,True,,,,,,,,,,,,,,
5,14000.0,444797.75666899025,4011357.9304147535,False,26.160999298095703,24.843242645263672,27.027299880981445,1.0626311302185059,0.0,0.0,2016.0,401.64584476300087,True,,,,,,,,,,,,,,
5,14100.0,444896.4369068295,4011374.123334811,False,26.305585861206055,25.184463500976562,27.183713912963867,1.0626311302185059,0.0,0.0,2016.0,190.1520262933009,True,,,,,,,,,,,,,,
5,14200.0,444995.1171446687,4011390.3162548686,False,26.457170486450195,25.600872039794922,27.323749542236328,1.0626311302185059,0.0,0.0,2016.0,203.78361655500555,False,,,,,,,,,,,,,,
5,14300.0,445093.79738250794,4011406.5091749267,False,26.612369537353516,25.964374542236328,27.420061111450195,1.0626311302185059,0.0,0.0,2016.0,240.52540191322234,True,,,,,,,,,,,,,,
5,14400.0,445192.47762034717,4011422.7020949842,False,26.70878028869629,26.123502731323242,27.42167091369629,1.0626311302185059,0.0,0.0,2016.0,226.16376540128556,True,,,,,,,,,,,,,,
5,14500.0,445291.1578581864,4011438.895015042,False,26.750450134277344,26.168832778930664,27.42165756225586,1.0626311302185059,0.0,0.0,2016.0,226.16376540128556,True,,,,,,,,,,,,,,
5,14600.0,445389.83809602563,4011455.0879350994,False,26.76865005493164,26.19155502319336,27.421642303466797,1.0626311302185059,0.0,0.0,2016.0,159.92193217393245,True,,,,,,,,,,,,,,
5,14700.0,445488.5183338649,4011471.280855157,False,26.777734756469727,26.214941024780273,27.42160987854004,1.0626311302185059,0.0,0.0,2016.0,154.7651241553545,True,,,,,,,,,,,,,,
5,14800.0,445587.19857170415,4011487.4737752145,False,26.77231788635254,26.171640396118164,27.42157745361328,1.0626311302185059,0.0,0.0,2016.0,248.35648003720468,False,,,,,,,,,,,,,,
5,14900.0,445685.8788095434,4011503.666695272,False,26.762401580810547,26.17244529724121,27.421480178833008,1.0626311302185059,0.0,0.0,2016.0,190.51735232902405,True,,,,,,,,,,,,,,
5,15000.0,445784.5590473826,4011519.8596153297,False,26.756628036499023,26.17254066467285,27.371479034423828,1.0626311302185059,0.0,0.0,2016.0,190.51735232902405,True,,,,,,,,,,,,,,
5,15100.0,445883.23928522185,4011536.052535387,False,26.74611473083496,26.1727294921875,27.21628761291504,1.0626311302185059,0.0,0.0,2016.0,190.51735232902405,True,,,,,,,,,,,,,,
5,15200.0,445981.9195230611,4011552.245455445,False,26.732145309448242,26.208654403686523,27.10389518737793,1.0626311302185059,0.0,0.0,2016.0,204.79999999999976,False,,,,,,,,,,,,,,
5,15300.0,446080.5997609003,4011568.4383755024,False,26.720434188842773,26.215105056762695,27.080493927001953,1.0626311302185059,0.0,0.0,2016.0,150.57195460481162,True,,,,,,,,,,,,,,
5,15400.0,446179.27999873954,4011584.6312955604,False,26.733348846435547,26.28812599182129,27.068729400634766,1.0626311302185059,0.0,0.0,2016.0,144.81546878700476,True,,,,,,,,,,,,,,
5,15500.0,446277.9602365788,4011600.824215618,False,26.75980567932129,26.390827178955078,27.074350357055664,1.0626311302185059,0.0,0.0,2016.0,139.49233434209262,True,,,,,,,,,,,,,,
5,15600.0,446376.640474418,4011617.0171356755,False,26.785964965820312,26.434995651245117,27.075607299804688,1.0626311302185059,0.0,0.0,2016.0,288.9894507674407,False,,,,,,,,,,,,,,
5,15700.0,446475.32071225723,4011633.210055733,False,26.799726486206055,26.435821533203125,27.076854705810547,1.0626311302185059,0.0,0.0,2016.0,262.2195301025708,False,,,,,,,,,,,,,,
5,15800.0,446574.00095009647,4011649.4029757907,False,26.796348571777344,26.388660430908203,27.076828002929688,1.0626311302185059,0.0,0.0,2016.0,284.006500467317,False,,,,,,,,,,,,,,
5,15900.0,446672.6811879357,4011665.5958958482,False,26.764421463012695,26.229869842529297,27.076810836791992,1.0626311302185059,0.0,0.0,2016.0,192.65963384496044,False,,,,,,,,,,,,,,
5,16000.0,446771.3614257749,4011681.788815906,True,26.705381393432617,26.07609748840332,27.0761775970459,0.46000000834465027,0.0,0.0,2016.0,84.39433049007445,True,57.9946167919165,0.056426830460833625,0.05284086079316719,"[0.04601942363656929, 0.05829126993965443]",0.04256796686382659,0.04256796686382659,"[0.04256796686382659, 0.04256796686382659]",0.15684953556130699,0.15684953556130699,"[0.15684953556130699, 0.15684953556130699]",165.62750254637606,148.07985758590658,186.19632209770575,148.07985758590658
5,16100.0,446870.04166361416,4011697.9817359634,True,26.630863189697266,26.000240325927734,27.06998634338379,0.46000000834465027,0.0,0.0,2016.0,85.18556987470868,True,57.9946167919165,0.015339807878856429,0.015339807878856427,"[0.015339807878856429, 0.015339807878856429]",0.04256796686382659,0.04256796686382659,"[0.04256796686382659, 0.04256796686382659]",0.15684953556130699,0.15684953556130699,"[0.15684953556130699, 0.15684953556130699]",165.65694595945445,148.1039319341516,186.2319659425502,148.1039319341516
5,16200.0,446968.7219014534,4011714.174656021,True,26.5505428314209,25.987060546875,27.048574447631836,0.46000000834465027,0.0,0.0,2016.0,81.9199999999999,True,18.43494882292201,0.009203884727313857,0.014820048366671843,"[0.009203884727313857, 0.021475731030399]",0.04256796686382659,0.04256796686382659,"[0.04256796686382659, 0.04256796686382659]",0.15684953556130699,0.15684953556130699,"[0.15684953556130699, 0.15684953556130699]",165.4493072272459,147.93397450985805,185.98081833978068,147.93397450985805
5,16300.0,447067.4021392926,4011730.3675760785,True,26.469545364379883,25.987085342407227,27.007640838623047,0.46000000834465027,0.0,0.0,2016.0,294.07566176982533,True,14.036243467926479,0.023492820708137976,0.022290557532928395,"[0.015339807878856429, 0.027611654181941572]",0.04256796686382659,0.04256796686382659,"[0.04256796686382659, 0.04256796686382659]",0.15684953556130699,0.15684953556130699,"[0.15684953556130699, 0.15684953556130699]",165.12789185420556,147.67093437791374,185.5919976482365,147.67093437791374
5,16400.0,447166.08237713185,4011746.5604961365,True,26.396102905273438,25.987125396728516,26.909549713134766,0.46000000834465027,0.0,0.0,2016.0,262.4586724505886,True,14.036243467926479,0.024665116613598152,0.02460036010763027,"[0.021475731030399, 0.027611654181941572]",0.04256796686382659,0.04256796686382659,"[0.04256796686382659, 0.04256796686382659]",0.15684953556130699,0.15684953556130699,"[0.15684953556130699, 0.15684953556130699]",165.13115736113787,147.67369772097447,185.59583996579053,147.67369772097447
5,16500.0,447264.7626149711,4011762.753416194,True,26.343393325805664,25.98716926574707,26.821369171142578,0.46000000834465027,0.0,0.0,2016.0,239.70026945767506,True,26.56505117707799,0.025504311621334333,0.024893301440397052,"[0.021475731030399, 0.027611654181941572]",0.04256796686382659,0.04256796686382659,"[0.04256796686382659, 0.04256796686382659]",0.15684953556130699,0.15684953556130699,"[0.15684953556130699, 0.15684953556130699]",164.93172579524816,147.51057833830754,185.3544763827843,147.51057833830754
5,16600.0,447363.4428528103,4011778.9463362517,True,26.30649185180664,25.98719024658203,26.669963836669922,0.4099999964237213,0.0,0.0,2016.0,228.9733608959782,True,14.036243467926479,0.025269649341143348,0.024832339027456827,"[0.021475731030399, 0.027611654181941572]",0.04256796686382659,0.04256796686382659,"[0.04256796686382659, 0.04256796686382659]",0.15684953556130699,0.15684953556130699,"[0.15684953556130699, 0.15684953556130699]",164.7738868473791,147.38145574151818,185.16347745447547,147.38145574151818
5,16700.0,447462.12309064955,4011795.1392563093,True,26.29615592956543,25.987201690673828,26.612762451171875,0.4099999964237213,0.0,0.0,2016.0,163.4481939389688,True,14.036243467926479,0.025766125861045746,0.024923775202031397,"[0.021475731030399, 0.027611654181941572]",0.04256796686382659,0.04256796686382659,"[0.04256796686382659, 0.04256796686382659]",0.15684953556130699,0.15684953556130699,"[0.15684953556130699, 0.15684953556130699]",164.74083323026832,147.35431355534948,185.1236008560288,147.35431355534948
5,16800.0,447560.80332848884,4011811.332176367,True,26.3100643157959,25.99283218383789,26.619659423828125,0.4099999964237213,0.0,0.0,2016.0,174.41537220966845,True,51.34019174590991,0.04261185947210707,0.04281531794212382,"[0.039883500485026716, 0.04601942363656929]",0.04256796686382659,0.04256796686382659,"[0.04256796686382659, 0.04256796686382659]",0.15684953556130699,0.15684953556130699,"[0.15684953556130699, 0.15684953556130699]",164.66342876563965,147.2908025567503,185.030159145415,147.2908025567503
5,16900.0,447659.48356632807,4011827.5250964244,True,26.347402572631836,26.034238815307617,26.64827537536621,0.4099999964237213,0.0,0.0,2016.0,95.69675540807624,True,123.69006752597979,0.015339807878856429,0.015339807878856427,"[0.015339807878856429, 0.015339807878856429]",0.04256796686382659,0.04256796686382659,"[0.04256796686382659, 0.04256796686382659]",0.15684953556130699,0.15684953556130699,"[0.15684953556130699, 0.15684953556130699]",164.89280659116625,147.47893685845432,185.30714676782088,147.47893685845432
5,17000.0,447758.1638041673,4011843.718016482,True,26.398136138916016,26.08242416381836,26.707632064819336,0.3799999952316284,0.0,0.0,2016.0,93.03752821084383,True,123.69006752597979,0.015339807878856429,0.015339807878856427,"[0.015339807878856429, 0.015339807878856429]",0.04256796686382659,0.04256796686382659,"[0.04256796686382659, 0.04256796686382659]",0.15684953556130699,0.15684953556130699,"[0.15684953556130699, 0.15684953556130699]",165.19283400448666,147.72460549206315,185.66993707457536,147.72460549206315
5,17100.0,447856.84404200653,4011859.9109365395,True,26.467493057250977,26.133989334106445,26.840341567993164,0.3400000035762787,0.0,0.0,2016.0,335.5573946445987,True,153.434948822922,0.009203884727313857,0.011525317549115512,"[0.009203884727313857, 0.015339807878856429]",0.04256796686382659,0.04256796686382659,"[0.04256796686382659, 0.04256796686382659]",0.15684953556130699,0.15684953556130699,"[0.15684953556130699, 0.15684953556130699]",165.15823141524373,147.6962522911067,185.62811966138312,147.6962522911067
5,17200.0,447955.52427984576,4011876.103856597,True,26.547399520874023,26.18939208984375,26.968656539916992,0.3400000035762787,0.0,0.0,2016.0,496.71296007440947,False,33.690067525979785,0.019464276163633425,0.018723715290854127,"[0.015339807878856429, 0.021475731030399]",0.04256796686382659,0.04256796686382659,"[0.04256796686382659, 0.04256796686382659]",0.15684953556130699,0.15684953556130699,"[0.15684953556130699, 0.15684953556130699]",165.4041498030154,147.89743365066755,185.92569769250855,147.89743365066755
5,17300.0,448054.204517685,4011892.2967766547,True,26.63736343383789,26.26133918762207,27.103296279907227,0.3400000035762787,0.0,0.0,2016.0,164.3932925613913,True,45.0,0.01929130629258856,0.01870498382858017,"[0.015339807878856429, 0.021475731030399]",0.04256796686382659,0.04256796686382659,"[0.04256796686382659, 0.04256796686382659]",0.15684953556130699,0.15684953556130699,"[0.15684953556130699, 0.15684953556130699]",165.46209973358145,147.94483789764905,185.99582574294143,147.94483789764905
5,17400.0,448152.8847555242,4011908.4896967122,True,26.72827911376953,26.33543586730957,27.23857879638672,0.3400000035762787,0.0,0.0,2016.0,152.2266411514195,True,45.0,0.04080496448806466,0.04000671674326353,"[0.033747577333484144, 0.04601942363656929]",0.04256796686382659,0.04256796686382659,"[0.04256796686382659, 0.04256796686382659]",0.15684953556130699,0.15684953556130699,"[0.15684953556130699, 0.15684953556130699]",165.7850856172391,148.2088478022288,186.38692148336816,148.2088478022288
5,17500.0,448251.56499336346,4011924.6826167703,True,26.815282821655273,26.415740966796875,27.35592269897461,0.3400000035762787,0.0,0.0,2016.0,129.5268929604967,True,50.19442890773481,0.04451460776368889,0.04324213580637638,"[0.027611654181941572, 0.05829126993965443]",0.04256796686382659,0.0425679668638266,"[0.04256796686382659, 0.04256796686382659]",0.15684953556130699,0.15684953556130699,"[0.15684953556130699, 0.15684953556130699]",165.6754156794915,148.11929998835643,186.25400938620106,148.11929998835643
5,17600.0,448350.2452312027,4011940.875536828,True,26.900426864624023,26.514198303222656,27.432233810424805,0.3400000035762787,0.0,0.0,2016.0,124.7297375063284,True,50.19442890773481,0.015339807878856429,0.015339807878856429,"[0.015339807878856429, 0.015339807878856429]",0.029529130166798624,0.029529130166798628,"[0.029529130166798624, 0.029529130166798624]",0.15684953556130699,0.15684953556130699,"[0.15684953556130699, 0.15684953556130699]",166.15797356479777,148.5133350379301,186.83881495516067,148.5133350379301
5,17700.0,448448.9254690419,4011957.0684568854,True,26.98249626159668,26.57106590270996,27.499074935913086,0.3400000035762787,0.0,0.0,2016.0,130.16481749208126,True,56.309932474020215,0.015339807878856429,0.015339807878856429,"[0.015339807878856429, 0.015339807878856429]",0.029529130166798624,0.029529130166798624,"[0.029529130166798624, 0.029529130166798624]",0.15684953556130699,0.15684953556130699,"[0.15684953556130699, 0.15684953556130699]",166.31864679639358,148.6443874840807,187.03370740719456,148.6443874840807
5,17800.0,448547.60570688115,4011973.261376943,True,27.0538272857666,26.624326705932617,27.56693458557129,0.3400000035762787,0.0,0.0,2016.0,145.9139583752388,True,56.309932474020215,0.04446775097624758,0.038108667049653794,"[0.015339807878856429, 0.064427193091197]",0.029529130166798624,0.029529130166798624,"[0.029529130166798624, 0.029529130166798624]",0.15684953556130699,0.15684953556130699,"[0.15684953556130699, 0.15684953556130699]",166.36269423375379,148.68046277385565,187.08695899443185,148.68046277385565
5,17900.0,448646.2859447204,4011989.4542970005,True,27.12516212463379,26.684627532958984,27.637245178222656,0.3400000035762787,0.0,0.0,2016.0,167.77869732229925,True,53.13010235415598,0.035479411241701966,0.03149510404242629,"[0.021475731030399, 0.039883500485026716]",0.029529130166798624,0.029529130166798624,"[0.029529130166798624, 0.029529130166798624]",0.15684953556130699,0.15684953556130699,"[0.15684953556130699, 0.15684953556130699]",166.44136184850575,148.74474386903074,187.18224169808613,148.74474386903074
5,18000.0,448744.9661825596,4012005.647217058,True,27.203779220581055,26.741731643676758,27.729909896850586,0.3400000035762787,0.0,0.0,2016.0,178.5563731105062,True,59.03624346792648,0.03727112699701434,0.03235984149110634,"[0.021475731030399, 0.039883500485026716]",0.029529130166798624,0.029529130166798624,"[0.029529130166798624, 0.029529130166798624]",0.15684953556130699,0.15684953556130699,"[0.15684953556130699, 0.15684953556130699]",166.62305031626096,148.8927085571461,187.40289797787784,148.8927085571461
5,18100.0,448843.64642039884,4012021.8401371157,True,27.280134201049805,26.786014556884766,27.82634735107422,0.3400000035762787,0.0,0.0,2016.0,202.09598059736075,True,80.53767779197439,0.036686725481271755,0.03490788252838708,"[0.027611654181941572, 0.039883500485026716]",0.029529130166798624,0.029529130166798624,"[0.029529130166798624, 0.029529130166798624]",0.15684953556130699,0.15684953556130699,"[0.15684953556130699, 0.15684953556130699]",166.74782320602804,148.9942818758934,187.5544799195563,148.9942818758934
5,18200.0,448942.3266582381,4012038.0330571732,True,27.34986114501953,26.82495880126953,27.938587188720703,0.3400000035762787,0.0,0.0,2016.0,170.4734955049705,True,90.0,0.037933750084175745,0.037052621512961,"[0.033747577333484144, 0.039883500485026716]",0.029529130166798624,0.029529130166798624,"[0.029529130166798624, 0.029529130166798624]",0.15684953556130699,0.15684953556130699,"[0.15684953556130699, 0.15684953556130699]",167.17054277320855,149.33836053356342,188.0680767277007,149.33836053356342
6,5000.0,435854.12707422173,4010174.5297182654,True,20.623077392578125,19.689865112304688,21.766525268554688,0.300119549036026,0.0,1.0,2001.0,511.99999999999943,False,66.80140948635182,0.009203884727313857,0.009203884727313857,"[0.009203884727313857, 0.009203884727313857]",0.047169909227483514,0.04651796739263213,"[0.04563592843959788, 0.047169909227483514]",0.15761652595524983,0.15761652595524983,"[0.15761652595524983, 0.15761652595524983]",150.20319981448836,135.21190714853003,167.82394647472702,135.21190714853003
6,5100.0,435949.676192795,4010204.031683283,True,20.8575382232666,19.816951751708984,21.963207244873047,0.300119549036026,0.0,1.0,2001.0,134.5867635727328,True,66.80140948635182,0.009203884727313857,0.009203884727313857,"[0.009203884727313857, 0.009203884727313857]",0.047169909227483514,0.046444754673210305,"[0.04563592843959788, 0.047169909227483514]",0.15761652595524983,0.15761652595524983,"[0.15761652595524983, 0.15761652595524983]",150.93042976355665,135.82739926873808,168.68001003165992,135.82739926873808
6,5200.0,436045.22531136824,4010233.5336483,True,21.10386085510254,19.96178436279297,22.134212493896484,0.300119549036026,0.0,1.0,2001.0,129.79715240022867,True,56.309932474020215,0.046421447778162414,0.04365984157439394,"[0.033747577333484144, 0.05215534678811186]",0.0456763746635867,0.04563592843959788,"[0.04563592843959788, 0.04563592843959788]",0.15761652595524983,0.15761652595524983,"[0.15761652595524983, 0.15761652595524983]",152.06177428574338,136.78497032097624,170.0117151234106,136.78497032097624
6,5300.0,436140.7744299415,4010263.035613317,True,21.360212326049805,20.173294067382812,22.380451202392578,0.300119549036026,0.0,1.0,2001.0,133.7676657339299,True,56.309932474020215,0.04510455092225809,0.04582301356089065,"[0.033747577333484144, 0.05829126993965443]",0.04605734101272695,0.045786587266979505,"[0.04486893804565506, 0.046402918833540696]",0.15761652595524983,0.15761652595524983,"[0.15761652595524983, 0.15761652595524983]",152.29630408631635,136.98349948984676,170.28775759597974,136.98349948984676
6,5400.0,436236.32354851475,4010292.5375783346,True,21.611801147460938,20.46987533569336,22.62967300415039,0.300119549036026,0.0,1.0,2001.0,170.07714274045927,False,90.0,0.009203884727313857,0.01429694702521619,"[0.009203884727313857, 0.021475731030399]",0.036521419699155504,0.03643204371228402,"[0.03643204371228402, 0.03643204371228402]",0.15761652595524983,0.15761652595524983,"[0.15761652595524983, 0.15761652595524983]",153.47683309943258,137.98034647304485,171.68004860803546,137.98034647304485
6,5500.0,436331.872667088,4010322.0395433516,True,21.862319946289062,20.851585388183594,22.802566528320312,0.300119549036026,0.0,1.0,2001.0,170.07714274045927,True,90.0,0.036031140666509864,0.03899242812875811,"[0.033747577333484144, 0.04601942363656929]",0.04533646973682655,0.045281932873162734,"[0.04486893804565506, 0.04563592843959788]",0.15761652595524983,0.15761652595524983,"[0.15761652595524983, 0.15761652595524983]",153.86753705626626,138.31059273443327,172.14045619128152,138.31059273443327
6,5600.0,436427.42178566125,4010351.5415083687,True,22.05726432800293,21.093032836914062,22.827186584472656,0.300119549036026,0.0,1.0,2001.0,170.6666666666665,True,90.0,0.035545032750854605,0.03857938903658708,"[0.033747577333484144, 0.04601942363656929]",0.036528614582165414,0.03643204371228402,"[0.03643204371228402, 0.03643204371228402]",0.15761652595524983,0.15761652595524983,"[0.15761652595524983, 0.15761652595524983]",154.01810821795317,138.43792073127273,172.31782324776535,138.43792073127273
6,5700.0,436522.97090423445,4010381.0434733857,True,22.21990203857422,21.381118774414062,22.83438491821289,0.300119549036026,0.0,1.0,2001.0,170.6666666666665,True,90.0,0.035725340767314324,0.03650997500944537,"[0.033747577333484144, 0.039883500485026716]",0.04486893804565506,0.04515986543646096,"[0.04486893804565506, 0.04563592843959788]",0.15761652595524983,0.15761652595524983,"[0.15761652595524983, 0.15761652595524983]",154.70464912557645,139.01564730442885,173.1298002260998,139.01564730442885
6,5800.0,436618.5200228077,4010410.5454384033,True,22.353775024414062,21.675457000732422,22.869338989257812,0.300119549036026,0.0,1.0,2001.0,170.07714274045927,True,90.0,0.03630818947811239,0.0366637848142402,"[0.033747577333484144, 0.039883500485026716]",0.04486893804565506,0.04522686689616172,"[0.04486893804565506, 0.04563592843959788]",0.15761652595524983,0.15761652595524983,"[0.15761652595524983, 0.15761652595524983]",154.79136200216269,139.08891156696106,173.2320170504894,139.08891156696106
6,5900.0,436714.06914138095,4010440.0474034203,True,22.45926284790039,21.95254135131836,22.89385986328125,0.300119549036026,0.0,1.0,2001.0,170.07714274045927,True,90.0,0.03624949196794208,0.041089998106640005,"[0.033747577333484144, 0.05215534678811186]",0.04486893804565506,0.04486893804565506,"[0.04486893804565506, 0.04486893804565506]",0.15761652595524983,0.15761652595524983,"[0.15761652595524983, 0.15761652595524983]",155.3772489073467,139.58180219864133,173.9251035455392,139.58180219864133
6,6000.0,436809.6182599542,4010469.5493684374,True,22.515884399414062,22.063514709472656,22.895309448242188,0.300119549036026,0.0,1.0,2001.0,170.07714274045927,True,90.0,0.03510698717482257,0.03635900424866751,"[0.033747577333484144, 0.039883500485026716]",0.04486893804565506,0.04486893804565506,"[0.04486893804565506, 0.04486893804565506]",0.15761652595524983,0.15761652595524983,"[0.15761652595524983, 0.15761652595524983]",155.4945264747991,139.68047122830941,174.06383144315853,139.68047122830941
6,6100.0,436905.16737852746,4010499.051333455,True,22.522489547729492,22.075382232666016,22.911998748779297,0.300119549036026,0.0,1.0,2001.0,185.41720789507772,True,90.0,0.03368079473671384,0.024634554126531344,"[0.009203884727313857, 0.039883500485026716]",0.04486893804565506,0.04486893804565506,"[0.04486893804565506, 0.04486893804565506]",0.15761652595524983,0.15761652595524983,"[0.15761652595524983, 0.15761652595524983]",155.599654780039,139.76850150265236,174.18866856180185,139.76850150265236
6,6200.0,437000.7164971007,4010528.553298472,True,22.45918083190918,21.80431365966797,22.913986206054688,0.300119549036026,0.0,1.0,2001.0,107.21353923990145,True,90.0,0.014170460685736942,0.023889630613268723,"[0.009203884727313857, 0.039883500485026716]",0.04486893804565506,0.04486893804565505,"[0.04486893804565506, 0.04486893804565506]",0.15761652595524983,0.15761652595524983,"[0.15761652595524983, 0.15761652595524983]",155.71547985773844,139.86546933083798,174.32623037052977,139.86546933083798
6,6300.0,437096.26561567397,4010558.055263489,True,22.36198616027832,21.600688934326172,22.889549255371094,0.300119549036026,0.0,1.0,2001.0,159.92193217393245,False,51.34019174590991,0.015339807878856429,0.015339807878856429,"[0.015339807878856429, 0.015339807878856429]",0.04486893804565506,0.04486893804565507,"[0.04486893804565506, 0.04486893804565506]",0.15761652595524983,0.15761652595524983,"[0.15761652595524983, 0.15761652595524983]",155.4496000982204,139.64181382931653,174.01167711517303,139.64181382931653
6,6400.0,437191.8147342472,4010587.557228506,True,22.26129913330078,21.518726348876953,22.85535430908203,0.300119549036026,0.0,1.0,2001.0,111.5616687519422,True,51.34019174590991,0.015339807878856429,0.015339807878856429,"[0.015339807878856429, 0.015339807878856429]",0.04486893804565506,0.045201300549696954,"[0.04486893804565506, 0.04563592843959788]",0.15761652595524983,0.15761652595524983,"[0.15761652595524983, 0.15761652595524983]",154.9264724796587,139.20207957834475,173.39242038397995,139.20207957834475
6,6500.0,437287.3638528205,4010617.0591935236,True,22.169706344604492,21.475627899169922,22.82117462158203,0.300119549036026,0.0,1.0,2001.0,157.53846153846138,True,90.0,0.03924563740763365,0.04185815171214817,"[0.033747577333484144, 0.05215534678811186]",0.04486893804565506,0.0451757342032322,"[0.04486893804565506, 0.04563592843959788]",0.15761652595524983,0.15761652595524983,"[0.15761652595524983, 0.15761652595524983]",154.89217995453075,139.1736910906032,173.35132295054572,139.1736910906032
6,6600.0,437382.91297139367,4010646.5611585407,True,22.095731735229492,21.473094940185547,22.807449340820312,0.300119549036026,0.0,1.0,2001.0,170.6666666666665,True,90.0,0.038207820623058296,0.04160471430069064,"[0.033747577333484144, 0.05215534678811186]",0.04486893804565506,0.045188517376464565,"[0.04486893804565506, 0.04563592843959788]",0.15761652595524983,0.15761652595524983,"[0.15761652595524983, 0.15761652595524983]",154.7856356974981,139.08414290260478,173.2251868551976,139.08414290260478
6,6700.0,437478.4620899669,4010676.0631235577,True,22.02916717529297,21.473094940185547,22.787864685058594,0.300119549036026,0.0,1.0,2001.0,170.6666666666665,True,90.0,0.03626168288122292,0.03902648198892369,"[0.033747577333484144, 0.04601942363656929]",0.036300117454876615,0.03643204371228402,"[0.03643204371228402, 0.03643204371228402]",0.15761652595524983,0.15761652595524983,"[0.15761652595524983, 0.15761652595524983]",154.3839437536397,138.74622153065943,172.74998508770156,138.74622153065943
6,6800.0,437574.0112085402,4010705.5650885752,True,21.94155502319336,21.435047149658203,22.62183380126953,0.300119549036026,0.0,1.0,2001.0,170.6666666666665,True,90.0,0.03475925978620955,0.03626966709648623,"[0.033747577333484144, 0.039883500485026716]",0.036270937822503985,0.03643204371228402,"[0.03643204371228402, 0.03643204371228402]",0.15761652595524983,0.15761652595524983,"[0.15761652595524983, 0.15761652595524983]",154.26535335710886,138.6467397841283,172.60936841954782,138.6467397841283
6,6900.0,437669.56032711343,4010735.0670535923,True,21.846582412719727,21.36703872680664,22.415721893310547,0.300119549036026,0.0,1.0,2001.0,170.6666666666665,True,90.0,0.03341170195412065,0.03354099646020874,"[0.027611654181941572, 0.039883500485026716]",0.04549717236770964,0.04563592843959788,"[0.04563592843959788, 0.04563592843959788]",0.15761652595524983,0.15761652595524983,"[0.15761652595524983, 0.15761652595524983]",153.71891123506003,138.18682649895692,171.96317941806382,138.18682649895692
6,7000.0,437765.1094456867,4010764.5690186094,True,21.742515563964844,21.140220642089844,22.297100067138672,0.300119549036026,0.0,1.0,2001.0,186.18181818181793,True,90.0,0.03259075222383022,0.03121471631357465,"[0.027611654181941572, 0.033747577333484144]",0.04559319158510857,0.04563592843959788,"[0.04563592843959788, 0.04563592843959788]",0.15761652595524983,0.15761652595524983,"[0.15761652595524983, 0.15761652595524983]",153.45390241057717,137.9631347088283,171.65053846552894,137.9631347088283
6,7100.0,437860.65856425994,4010794.0709836264,True,21.652090072631836,20.84353256225586,22.257129669189453,0.300119549036026,0.0,1.0,2001.0,186.18181818181793,True,90.0,0.03221368646827199,0.03297306942958056,"[0.027611654181941572, 0.039883500485026716]",0.04567763922372245,0.04563592843959788,"[0.04563592843959788, 0.04563592843959788]",0.15761652595524983,0.15761652595524983,"[0.15761652595524983, 0.15761652595524983]",153.10784595528645,137.67105522585024,171.24225559803685,137.67105522585024
6,7200.0,437956.2076828332,4010823.572948644,True,21.587528228759766,20.64502716064453,22.258037567138672,0.300119549036026,0.0,1.0,2001.0,186.18181818181793,True,90.0,0.03217252560622861,0.03316669697219734,"[0.027611654181941572, 0.039883500485026716]",0.045594217655473314,0.04563592843959788,"[0.04563592843959788, 0.04563592843959788]",0.15761652595524983,0.15761652595524983,"[0.15761652595524983, 0.15761652595524983]",153.25130503237364,137.7923534808661,171.4112635558771,137.7923534808661
6,7300.0,438051.75680140645,4010853.074913661,True,21.546857833862305,20.510509490966797,22.281944274902344,0.300119549036026,0.0,1.0,2001.0,124.8945604887154,True,60.25511870305778,0.051070078418091754,0.0405724998516226,"[0.027611654181941572, 0.05215534678811186]",0.045620042515971904,0.04563592843959788,"[0.04563592843959788, 0.04563592843959788]",0.15761652595524983,0.15761652595524983,"[0.15761652595524983, 0.15761652595524983]",153.05818136581885,137.62829705484998,171.18462259853035,137.62829705484998
6,7400.0,438147.3059199797,4010882.576878678,True,21.53281593322754,20.447574615478516,22.35771942138672,0.300119549036026,0.0,1.0,2001.0,127.01156821934931,True,60.25511870305778,0.05172088747188459,0.05215534678811186,"[0.05215534678811186, 0.05215534678811186]",0.03667102222562114,0.03643204371228402,"[0.03643204371228402, 0.03643204371228402]",0.15761652595524983,0.15761652595524983,"[0.15761652595524983, 0.15761652595524983]",152.87144372798974,137.47029239789705,170.96475661587877,137.47029239789705
6,7500.0,438242.8550385529,4010912.0788436956,True,21.55172348022461,20.446468353271484,22.534828186035156,0.300119549036026,0.0,1.0,2001.0,127.01156821934931,True,60.25511870305778,0.05234190410344455,0.052155346788111866,"[0.05215534678811186, 0.05215534678811186]",0.045812249803857646,0.045962307330637386,"[0.04563592843959788, 0.046402918833540696]",0.15761652595524983,0.15761652595524983,"[0.15761652595524983, 0.15761652595524983]",152.86774043923845,137.46671976427393,170.96090426172887,137.46671976427393
6,7600.0,438338.40415712615,4010941.5808087126,True,21.588964462280273,20.446468353271484,22.722412109375,0.300119549036026,0.0,1.0,2001.0,127.01156821934931,True,60.25511870305778,0.05251484660331206,0.054650709115223406,"[0.039883500485026716, 0.07056311624273957]",0.046402918833540696,0.04579192648582354,"[0.04486893804565506, 0.046402918833540696]",0.15761652595524983,0.15761652595524983,"[0.15761652595524983, 0.15761652595524983]",152.72453710504394,137.3452276773869,170.79266561327844,137.3452276773869
6,7700.0,438433.9532756994,4010971.0827737297,True,21.66400718688965,20.446468353271484,22.922760009765625,0.300119549036026,0.0,1.0,2001.0,144.72504388353482,False,63.43494882292201,0.041102252428309664,0.05099361285688638,"[0.033747577333484144, 0.07056311624273957]",0.046402918833540696,0.04579740010148059,"[0.04486893804565506, 0.046402918833540696]",0.20823789195547604,0.20823789195547604,"[0.20823789195547604, 0.20823789195547604]",152.80058751759236,137.40790624687986,170.88412745938277,137.40790624687986
6,7800.0,438529.50239427265,4011000.5847387468,True,21.771455764770508,20.446468353271484,23.170467376708984,0.300119549036026,0.0,1.0,2001.0,149.16752194134605,True,63.43494882292201,0.0408383053678579,0.047684906424647025,"[0.033747577333484144, 0.064427193091197]",0.046402918833540696,0.046402918833540696,"[0.046402918833540696, 0.046402918833540696]",0.20823789195547604,0.20823789195547604,"[0.20823789195547604, 0.20823789195547604]",153.31729792490992,137.84223938062635,171.49579700777682,137.84223938062635
6,7900.0,438625.0515128459,4011030.0867037643,True,21.91417121887207,20.446468353271484,23.362815856933594,0.300119549036026,0.0,1.0,2001.0,152.64890726398548,True,63.43494882292201,0.03950953057260127,0.039746017278382215,"[0.033747577333484144, 0.04601942363656929]",0.03205935382869223,0.032140161295114614,"[0.031830101348627085, 0.03259709174256992]",0.20823789195547604,0.20823789195547604,"[0.20823789195547604, 0.20823789195547604]",154.88228245538238,139.16002789511506,173.34575193869352,139.16002789511506
6,8000.0,438720.60063141916,4011059.5886687813,True,22.08551788330078,20.450336456298828,23.447086334228516,0.300119549036026,0.0,1.0,2001.0,157.53846153846138,True,68.19859051364818,0.03889060133286056,0.03945054487271688,"[0.033747577333484144, 0.04601942363656929]",0.0356650533183412,0.0356650533183412,"[0.0356650533183412, 0.0356650533183412]",0.20823789195547604,0.20823789195547604,"[0.20823789195547604, 0.20823789195547604]",154.9228385415812,139.1931799772804,173.39483864921885,139.1931799772804
6,8100.0,438816.1497499924,4011089.0906337984,True,22.284835815429688,20.55862808227539,23.51624298095703,0.300119549036026,0.0,1.0,2001.0,157.53846153846138,True,63.43494882292201,0.04002763148777779,0.03995693589803582,"[0.033747577333484144, 0.04601942363656929]",0.0356650533183412,0.03627057205040132,"[0.0356650533183412, 0.03719903410622684]",0.20823789195547604,0.20823789195547604,"[0.20823789195547604, 0.20823789195547604]",154.4937862375958,138.8316454331256,172.88795307917178,138.8316454331256
6,8200.0,438911.69886856567,4011118.592598816,True,22.507732391357422,20.780487060546875,23.608612060546875,0.300119549036026,0.0,1.0,2001.0,143.03852457360946,True,63.43494882292201,0.009203884727313857,0.011249197683200065,"[0.009203884727313857, 0.015339807878856429]",0.0356650533183412,0.0356650533183412,"[0.0356650533183412, 0.0356650533183412]",0.20823789195547604,0.20823789195547604,"[0.20823789195547604, 0.20823789195547604]",155.7887807467795,139.92129720677428,174.41966507975746,139.92129720677428
6,8300.0,439007.2479871389,4011148.094563833,True,22.734628677368164,21.123321533203125,23.690906524658203,0.300119549036026,0.0,1.0,2001.0,142.61401971997563,True,66.80140948635182,0.04372684196013853,0.051387285700130576,"[0.039883500485026716, 0.064427193091197]",0.04410194765171223,0.04410194765171223,"[0.04410194765171223, 0.04410194765171223]",0.20823789195547604,0.20823789195547604,"[0.20823789195547604, 0.20823789195547604]",155.95800080241185,140.06227793095545,174.62143903292787,140.06227793095545
6,8400.0,439102.7971057121,4011177.59652885,True,22.953704833984375,21.455284118652344,23.725814819335938,0.300119549036026,0.0,1.0,2001.0,131.22933622529433,True,74.05460409907715,0.046358944337535735,0.04980393262218911,"[0.033747577333484144, 0.064427193091197]",0.04410194765171223,0.04410194765171223,"[0.04410194765171223, 0.04410194765171223]",0.20823789195547604,0.20823789195547604,"[0.20823789195547604, 0.20823789195547604]",156.77190988373746,140.74620091413777,175.58519615238131,140.74620091413777
6,8500.0,439198.3462242854,4011207.098493867,True,23.11779022216797,21.867313385009766,23.725814819335938,0.300119549036026,0.0,1.0,2001.0,111.87564145600955,True,74.05460409907715,0.048348657679216034,0.046280955036205315,"[0.027611654181941572, 0.064427193091197]",0.04410194765171223,0.04410194765171223,"[0.04410194765171223, 0.04410194765171223]",0.20823789195547604,0.20823789195547604,"[0.20823789195547604, 0.20823789195547604]",157.75367316747463,141.5707418570487,176.74819692626969,141.5707418570487
6,8600.0,439293.8953428586,4011236.6004588846,True,23.211332321166992,22.24677276611328,23.72482681274414,0.300119549036026,0.0,1.0,2001.0,117.80582228695597,True,153.434948822922,0.03852624220115166,0.03725186952353119,"[0.033747577333484144, 0.039883500485026716]",0.04410194765171223,0.04410194765171223,"[0.04410194765171223, 0.04410194765171223]",0.20823789195547604,0.20823789195547604,"[0.20823789195547604, 0.20823789195547604]",157.63719143544,141.4731353086391,176.60995658832087,141.4731353086391
6,8700.0,439389.4444614319,4011266.1024239017,True,23.222978591918945,22.419189453125,23.72482681274414,0.300119549036026,0.0,1.0,2001.0,123.05239411222713,True,54.46232220802562,0.035639295189325404,0.042109990381216815,"[0.033747577333484144, 0.05215534678811186]",0.04410194765171223,0.04410194765171223,"[0.04410194765171223, 0.04410194765171223]",0.20823789195547604,0.20823789195547604,"[0.20823789195547604, 0.20823789195547604]",157.52679410774292,141.38072550930778,176.47882433882162,141.38072550930778
6,8800.0,439484.99358000513,4011295.6043889187,True,23.173995971679688,22.255794525146484,23.72390365600586,0.300119549036026,0.0,1.0,2001.0,123.05239411222713,True,54.46232220802562,0.034811993666219426,0.031929454798117075,"[0.021475731030399, 0.039883500485026716]",0.04410194765171223,0.04410194765171223,"[0.04410194765171223, 0.04410194765171223]",0.20823789195547604,0.20823789195547604,"[0.20823789195547604, 0.20823789195547604]",157.58271519183845,141.4275077903276,176.5452805427439,141.4275077903276
6,8900.0,439580.5426985784,4011325.1063539363,True,23.086042404174805,22.070180892944336,23.722122192382812,0.300119549036026,0.0,1.0,2001.0,180.39405143491672,False,63.43494882292201,0.03391714859072649,0.03162014434567745,"[0.021475731030399, 0.039883500485026716]",0.04410194765171223,0.044380853249509626,"[0.04410194765171223, 0.04486893804565506]",0.20823789195547604,0.20823789195547604,"[0.20823789195547604, 0.20823789195547604]",157.0646775498527,140.99392002153027,175.92989388537,140.99392002153027
6,9000.0,439676.09181715164,4011354.6083189533,True,22.977493286132812,21.92489242553711,23.714359283447266,0.300119549036026,0.0,1.0,2001.0,192.65963384496044,False,53.13010235415598,0.031252596419317415,0.030827174300705234,"[0.021475731030399, 0.039883500485026716]",0.04410194765171223,0.04410194765171223,"[0.04410194765171223, 0.04410194765171223]",0.20823789195547604,0.20823789195547604,"[0.20823789195547604, 0.20823789195547604]",157.12273319710346,141.04188981548182,175.99957785773924,141.04188981548182
6,9100.0,439771.6409357249,4011384.1102839704,True,22.834251403808594,21.753311157226562,23.71331787109375,0.300119549036026,0.0,1.0,2001.0,192.65963384496044,True,53.13010235415598,0.029474718392611385,0.039727732454972284,"[0.021475731030399, 0.05829126993965443]",0.03591127702536624,0.03592953276452837,"[0.0356650533183412, 0.03643204371228402]",0.20823789195547604,0.20823789195547604,"[0.20823789195547604, 0.20823789195547604]",156.70003197461034,140.68824975283817,175.49726605992933,140.68824975283817
6,9200.0,439867.19005429815,4011413.6122489874,True,22.6712703704834,21.64655303955078,23.691638946533203,0.300119549036026,0.0,1.0,2001.0,192.65963384496044,True,53.13010235415598,0.029972606879819973,0.04160281613737871,"[0.027611654181941572, 0.05829126993965443]",0.035999589224598456,0.03600304908516346,"[0.0356650533183412, 0.03643204371228402]",0.20823789195547604,0.20823789195547604,"[0.20823789195547604, 0.20823789195547604]",156.20720134424317,140.27498660784929,174.91271595709983,140.27498660784929
6,9300.0,439962.73917287134,4011443.114214005,True,22.5164852142334,21.618900299072266,23.58466339111328,0.300119549036026,0.0,1.0,2001.0,192.65963384496044,True,45.0,0.030093758892087766,0.0304838620080991,"[0.027611654181941572, 0.033747577333484144]",0.0451059352283641,0.045199796646963726,"[0.04486893804565506, 0.04563592843959788]",0.20823789195547604,0.20823789195547604,"[0.20823789195547604, 0.20823789195547604]",155.3060046879249,139.52019672436612,173.84275025104674,139.52019672436612
6,9400.0,440058.2882914446,4011472.616179022,True,22.359222412109375,21.60189437866211,23.375064849853516,0.300119549036026,0.0,1.0,2001.0,181.01933598375595,True,45.0,0.03223482376371802,0.03833490610023127,"[0.027611654181941572, 0.05215534678811186]",0.03643204371228402,0.03613803072793927,"[0.0356650533183412, 0.03643204371228402]",0.20823789195547604,0.20823789195547604,"[0.20823789195547604, 0.20823789195547604]",155.3699010506237,139.57382491849557,173.9184826526929,139.57382491849557
6,9500.0,440153.83741001785,4011502.118144039,False,22.234813690185547,21.607013702392578,23.03384017944336,3.0899999141693115,0.0,0.9892826107946316,1868.0,172.54070977589132,True,,,,,,,,,,,,,,
6,9600.0,440249.3865285911,4011531.6201090566,False,22.191801071166992,21.618900299072266,22.800785064697266,3.109999895095825,0.0,0.9356550260466912,1868.0,167.77869732229925,True,,,,,,,,,,,,,,
6,9700.0,440344.93564716436,4011561.1220740736,False,22.18043327331543,21.629785537719727,22.74676513671875,3.109999895095825,0.0,0.8430445687825584,1868.0,167.77869732229925,True,,,,,,,,,,,,,,
6,9800.0,440440.4847657376,4011590.6240390907,False,22.2023868560791,21.64035415649414,22.791889190673828,3.119999885559082,0.0,0.741419205553413,1868.0,167.77869732229925,True,,,,,,,,,,,,,,
6,9900.0,440536.03388431086,4011620.1260041078,False,22.237319946289062,21.646190643310547,22.855976104736328,3.130000114440918,0.0,0.6419277108433735,1868.0,162.8156743689768,True,,,,,,,,,,,,,,
6,10000.0,440631.5830028841,4011649.6279691253,False,22.282817840576172,21.649059295654297,22.961618423461914,3.140000104904175,0.0,0.5428186109238031,1868.0,163.4481939389688,True,,,,,,,,,,,,,,
6,10100.0,440727.1321214573,4011679.1299341423,False,22.345027923583984,21.66663360595703,23.09614372253418,3.1500000953674316,0.0,0.4417372881355932,1868.0,152.64890726398548,True,,,,,,,,,,,,,,
6,10200.0,440822.68124003056,4011708.6318991594,False,22.41974639892578,21.74213218688965,23.229145050048828,3.1500000953674316,0.0,0.3429258902791145,1868.0,147.41826575333243,True,,,,,,,,,,,,,,
6,10300.0,440918.2303586038,4011738.133864177,False,22.50603485107422,21.892719268798828,23.364124298095703,3.1600000858306885,0.0,0.24167789109101404,1868.0,147.41826575333243,True,,,,,,,,,,,,,,
6,10400.0,441013.7794771771,4011767.635829194,False,22.59595489501953,21.987003326416016,23.486387252807617,3.1700000762939453,0.0,0.14260986633330128,1868.0,149.18950845807564,True,,,,,,,,,,,,,,
6,10500.0,441109.3285957503,4011797.137794211,False,22.697397232055664,22.065937042236328,23.597126007080078,3.180000066757202,0.0,0.05517639142555032,1868.0,228.9733608959782,False,,,,,,,,,,,,,,
6,10600.0,441204.8777143236,4011826.639759228,False,22.797412872314453,22.094715118408203,23.724441528320312,3.190000057220459,0.0,0.00720530310308387,1868.0,175.61455118592883,False,,,,,,,,,,,,,,
6,10700.0,441300.42683289683,4011856.1417242456,False,22.891008377075195,22.10165023803711,23.843097686767578,3.200000047683716,0.0,0.0,1868.0,120.47058823529396,True,,,,,,,,,,,,,,
6,10800.0,441395.9759514701,4011885.6436892627,False,23.015893936157227,22.108789443969727,23.989110946655273,3.200000047683716,0.0,0.0,1868.0,127.01156821934931,True,,,,,,,,,,,,,,
6,10900.0,441491.52507004334,4011915.1456542797,False,23.149354934692383,22.12447738647461,24.13582420349121,3.2100000381469727,0.0,0.0,1868.0,127.01156821934931,True,,,,,,,,,,,,,,
6,11000.0,441587.07418861653,4011944.6476192973,False,23.301679611206055,22.158544540405273,24.299907684326172,3.2200000286102295,0.0,0.0,1868.0,130.84192051198752,True,,,,,,,,,,,,,,
6,11100.0,441682.6233071898,4011974.1495843143,False,23.484052658081055,22.21444320678711,24.488082885742188,3.2300000190734863,0.0,0.0,1868.0,134.5867635727328,True,,,,,,,,,,,,,,
6,11200.0,441778.17242576304,4012003.6515493314,False,23.671306610107422,22.299671173095703,24.671630859375,3.2300000190734863,0.0,0.0,1868.0,127.75073004580959,True,,,,,,,,,,,,,,
6,11300.0,441873.7215443363,4012033.1535143484,False,23.875747680664062,22.50269317626953,24.875497817993164,3.2300000190734863,0.0,0.0,1868.0,127.75073004580959,True,,,,,,,,,,,,,,
6,11400.0,441969.27066290955,4012062.655479366,False,24.10546112060547,22.791118621826172,25.094526290893555,3.240000009536743,0.0,0.0,1868.0,133.0630907363971,True,,,,,,,,,,,,,,
6,11500.0,442064.8197814828,4012092.157444383,False,24.337039947509766,23.082029342651367,25.304458618164062,3.25,0.0,0.0,1868.0,154.8673546288391,True,,,,,,,,,,,,,,
6,11600.0,442160.36890005606,4012121.6594094,False,24.578153610229492,23.379915237426758,25.5131778717041,3.259999990463257,0.0,0.0,1868.0,153.40835925163674,True,,,,,,,,,,,,,,
6,11700.0,442255.9180186293,4012151.1613744176,False,24.783647537231445,23.68158721923828,25.6256046295166,3.2699999809265137,0.0,0.0,1868.0,145.9139583752388,True,,,,,,,,,,,,,,
6,11800.0,442351.46713720256,4012180.6633394347,False,24.953596115112305,23.96861457824707,25.709375381469727,3.2699999809265137,0.0,0.0,1868.0,152.8377124162541,True,,,,,,,,,,,,,,
6,11900.0,442447.01625577576,4012210.1653044517,False,25.14600372314453,24.274219512939453,25.804773330688477,3.2799999713897705,0.0,0.0,1868.0,130.84192051198752,True,,,,,,,,,,,,,,
6,12000.0,442542.565374349,4012239.6672694692,False,25.325721740722656,24.559131622314453,25.93685531616211,3.2799999713897705,0.0,0.0,1868.0,152.2266411514195,True,,,,,,,,,,,,,,
6,12100.0,442638.11449292226,4012269.1692344863,False,25.504133224487305,24.81203842163086,26.147457122802734,3.2799999713897705,0.0,0.0,1868.0,148.52968239435594,True,,,,,,,,,,,,,,
6,12200.0,442733.6636114955,4012298.6711995034,False,25.68061637878418,25.04648208618164,26.394535064697266,3.2799999713897705,0.0,0.0,1868.0,170.0771427404593,True,,,,,,,,,,,,,,
6,12300.0,442829.2127300688,4012328.1731645204,False,25.871469497680664,25.242223739624023,26.677019119262695,3.2799999713897705,0.0,0.0,1868.0,170.0771427404593,True,,,,,,,,,,,,,,
7,5000.0,435923.3379151882,4009978.6921632467,True,20.73859977722168,19.78676986694336,21.860843658447266,0.300119549036026,0.0,1.0,2001.0,130.84192051198752,True,66.80140948635182,0.009203884727313857,0.009203884727313857,"[0.009203884727313857, 0.009203884727313857]",0.047169909227483514,0.04642848518000546,"[0.04563592843959788, 0.047169909227483514]",0.15761652595524983,0.15761652595524983,"[0.15761652595524983, 0.15761652595524983]",150.73171224843063,135.659882018588,168.44532599617094,135.659882018588
7,5100.0,436017.394341509,4010012.6537395907,True,20.966875076293945,19.914268493652344,21.976932525634766,0.300119549036026,0.0,1.0,2001.0,134.5867635727328,True,60.25511870305778,0.009203884727313857,0.009203884727313857,"[0.009203884727313857, 0.009203884727313857]",0.04581628835532591,0.04627741131453187,"[0.04563592843959788, 0.047169909227483514]",0.15761652595524983,0.15761652595524983,"[0.15761652595524983, 0.15761652595524983]",151.48574443752884,136.2977945748333,169.33324031387963,136.2977945748333
7,5200.0,436111.45076782966,4010046.615315935,True,21.1973934173584,20.073230743408203,22.115386962890625,0.300119549036026,0.0,1.0,2001.0,128.94792704421025,True,60.25511870305778,0.009203884727313857,0.009203884727313857,"[0.009203884727313857, 0.009203884727313857]",0.04592978092293269,0.04599266815771082,"[0.04563592843959788, 0.046402918833540696]",0.15761652595524983,0.15761652595524983,"[0.15761652595524983, 0.15761652595524983]",151.87581687328466,136.62788431585565,169.79247356022745,136.62788431585565
7,5300.0,436205.5071941504,4010080.576892279,True,21.433509826660156,20.261371612548828,22.302715301513672,0.300119549036026,0.0,1.0,2001.0,127.01156821934931,True,60.25511870305778,0.009203884727313857,0.011811108027286066,"[0.009203884727313857, 0.015339807878856429]",0.032959727130891396,0.032973351181107904,"[0.03259709174256992, 0.033364082136512735]",0.15761652595524983,0.15761652595524983,"[0.15761652595524983, 0.15761652595524983]",152.1274906709189,136.84134046405137,170.08821661003503,136.84134046405137
7,5400.0,436299.56362047116,4010114.538468623,True,21.666723251342773,20.584110260009766,22.505889892578125,0.300119549036026,0.0,1.0,2001.0,137.8206716102679,True,80.53767779197439,0.012863591861438253,0.01239048654929243,"[0.009203884727313857, 0.015339807878856429]",0.0366343734928477,0.036727040017646644,"[0.03643204371228402, 0.03719903410622684]",0.15761652595524983,0.15761652595524983,"[0.15761652595524983, 0.15761652595524983]",153.32561721289545,137.85288881663027,171.5014444447531,137.85288881663027
7,5500.0,436393.6200467919,4010148.500044967,True,21.878211975097656,20.94731903076172,22.645183563232422,0.300119549036026,0.0,1.0,2001.0,170.07714274045927,False,90.0,0.035692535638965475,0.04166102068569986,"[0.027611654181941572, 0.05829126993965443]",0.036543548257816104,0.03643204371228402,"[0.03643204371228402, 0.03643204371228402]",0.15761652595524983,0.15761652595524983,"[0.15761652595524983, 0.15761652595524983]",153.82803026860682,138.27758848738213,172.09345425263612,138.27758848738213
7,5600.0,436487.67647311266,4010182.461621311,True,22.063148498535156,21.24347686767578,22.718021392822266,0.300119549036026,0.0,1.0,2001.0,137.76338821044462,False,90.0,0.0353133098240881,0.0392773985131564,"[0.027611654181941572, 0.05215534678811186]",0.04486893804565506,0.04519188136942046,"[0.04486893804565506, 0.04563592843959788]",0.15761652595524983,0.15761652595524983,"[0.15761652595524983, 0.15761652595524983]",154.5557363323645,138.89055405594277,172.95342970586896,138.89055405594277
7,5700.0,436581.7328994334,4010216.423197655,True,22.21251106262207,21.546287536621094,22.754558563232422,0.300119549036026,0.0,1.0,2001.0,170.6666666666665,False,90.0,0.03580697957278116,0.04207509321452897,"[0.027611654181941572, 0.05829126993965443]",0.04486893804565506,0.04516295102999981,"[0.04486893804565506, 0.04563592843959788]",0.15761652595524983,0.15761652595524983,"[0.15761652595524983, 0.15761652595524983]",154.87728700926826,139.16125887903496,173.33359336564595,139.16125887903496
7,5800.0,436675.78932575416,4010250.384773999,True,22.326383590698242,21.834426879882812,22.785690307617188,0.300119549036026,0.0,1.0,2001.0,170.07714274045927,True,90.0,0.036743206785878814,0.0440922251483857,"[0.033747577333484144, 0.05829126993965443]",0.04486893804565506,0.04486893804565506,"[0.04486893804565506, 0.04486893804565506]",0.15761652595524983,0.15761652595524983,"[0.15761652595524983, 0.15761652595524983]",155.1085515073595,139.35561958862246,173.60739777379635,139.35561958862246
7,5900.0,436769.8457520749,4010284.346350343,True,22.40114974975586,21.963207244873047,22.803787231445312,0.300119549036026,0.0,1.0,2001.0,170.07714274045927,True,80.53767779197439,0.03622804543430254,0.04223522674330057,"[0.033747577333484144, 0.05215534678811186]",0.04486893804565506,0.04486893804565506,"[0.04486893804565506, 0.04486893804565506]",0.15761652595524983,0.15761652595524983,"[0.15761652595524983, 0.15761652595524983]",155.46826339259343,139.6584592298988,174.03266792041114,139.6584592298988
7,6000.0,436863.90217839566,4010318.307926687,True,22.430391311645508,22.026222229003906,22.814815521240234,0.300119549036026,0.0,1.0,2001.0,169.34875762579907,True,90.0,0.03561075994795934,0.041580032468863506,"[0.033747577333484144, 0.05215534678811186]",0.04486893804565506,0.04486893804565506,"[0.04486893804565506, 0.04486893804565506]",0.15761652595524983,0.15761652595524983,"[0.15761652595524983, 0.15761652595524983]",155.3328333796664,139.54470458123572,173.8722528197633,139.54470458123572
7,6100.0,436957.95860471635,4010352.269503031,True,22.404613494873047,21.935449600219727,22.824493408203125,0.300119549036026,0.0,1.0,2001.0,170.6666666666665,True,90.0,0.034616747761930536,0.03930439611518573,"[0.027611654181941572, 0.05215534678811186]",0.04486893804565506,0.04486893804565506,"[0.04486893804565506, 0.04486893804565506]",0.15761652595524983,0.15761652595524983,"[0.15761652595524983, 0.15761652595524983]",155.3331554248456,139.54477409133582,173.8728655658478,139.54477409133582
7,6200.0,437052.0150310371,4010386.231079375,True,22.341955184936523,21.655006408691406,22.829978942871094,0.300119549036026,0.0,1.0,2001.0,150.57195460481162,True,90.0,0.0346871736608993,0.03874825233024029,"[0.027611654181941572, 0.05215534678811186]",0.04486893804565506,0.04486893804565506,"[0.04486893804565506, 0.04486893804565506]",0.15761652595524983,0.15761652595524983,"[0.15761652595524983, 0.15761652595524983]",155.37747731369208,139.58157479125538,173.92585644188915,139.58157479125538
7,6300.0,437146.07145735784,4010420.192655719,True,22.252405166625977,21.51868438720703,22.82252311706543,0.300119549036026,0.0,1.0,2001.0,150.57195460481162,False,51.34019174590991,0.015339807878856429,0.015339807878856427,"[0.015339807878856429, 0.015339807878856429]",0.04486893804565506,0.04486893804565506,"[0.04486893804565506, 0.04486893804565506]",0.15761652595524983,0.15761652595524983,"[0.15761652595524983, 0.15761652595524983]",155.06935603893618,139.3222988678384,173.5614290344171,139.3222988678384
7,6400.0,437240.1278836786,4010454.1542320633,True,22.160688400268555,21.43973159790039,22.803787231445312,0.300119549036026,0.0,1.0,2001.0,150.57195460481162,False,51.34019174590991,0.015339807878856429,0.015339807878856429,"[0.015339807878856429, 0.015339807878856429]",0.04486893804565506,0.045201300549696954,"[0.04486893804565506, 0.04563592843959788]",0.15761652595524983,0.15761652595524983,"[0.15761652595524983, 0.15761652595524983]",154.63965209150945,138.96102114843163,173.0528488669085,138.96102114843163
7,6500.0,437334.18430999934,4010488.1158084073,True,22.084434509277344,21.429466247558594,22.770000457763672,0.300119549036026,0.0,1.0,2001.0,134.16894097006954,True,56.309932474020215,0.04607217058279504,0.0484756179585027,"[0.039883500485026716, 0.05829126993965443]",0.04563592843959788,0.04525243324262647,"[0.04486893804565506, 0.04563592843959788]",0.15761652595524983,0.15761652595524983,"[0.15761652595524983, 0.15761652595524983]",154.541150560802,138.8781638618754,172.9363137638141,138.8781638618754
7,6600.0,437428.2407363201,4010522.0773847513,True,22.018449783325195,21.432132720947266,22.718021392822266,0.300119549036026,0.0,1.0,2001.0,170.6666666666665,True,90.0,0.03639234595651676,0.04140798577311676,"[0.033747577333484144, 0.05215534678811186]",0.04563592843959788,0.04534191545525313,"[0.04486893804565506, 0.04563592843959788]",0.15761652595524983,0.15761652595524983,"[0.15761652595524983, 0.15761652595524983]",154.24670073852582,138.63106626438665,172.58728123267292,138.63106626438665
7,6700.0,437522.29716264084,4010556.0389610953,True,21.93187141418457,21.413536071777344,22.578327178955078,0.300119549036026,0.0,1.0,2001.0,170.6666666666665,True,90.0,0.03524087159477101,0.0363803657818087,"[0.033747577333484144, 0.039883500485026716]",0.04563592843959788,0.04563592843959788,"[0.04563592843959788, 0.04563592843959788]",0.15761652595524983,0.15761652595524983,"[0.15761652595524983, 0.15761652595524983]",153.85812440128336,138.30424865436308,172.1275143018259,138.30424865436308
7,6800.0,437616.3535889616,4010590.0005374392,True,21.836284637451172,21.370712280273438,22.36162567138672,0.300119549036026,0.0,1.0,2001.0,170.6666666666665,True,90.0,0.03410847086361802,0.033976159391199516,"[0.027611654181941572, 0.039883500485026716]",0.04542553350944796,0.04563592843959788,"[0.04563592843959788, 0.04563592843959788]",0.15761652595524983,0.15761652595524983,"[0.15761652595524983, 0.15761652595524983]",153.87153108291417,138.3155950492076,172.14329563304244,138.3155950492076
7,6900.0,437710.41001528234,4010623.962113783,True,21.728012084960938,21.26280975341797,22.23434066772461,0.300119549036026,0.0,1.0,2001.0,170.6666666666665,True,90.0,0.033244404006432075,0.031474964363211455,"[0.027611654181941572, 0.033747577333484144]",0.04550400218219048,0.04563592843959788,"[0.04563592843959788, 0.04563592843959788]",0.15761652595524983,0.15761652595524983,"[0.15761652595524983, 0.15761652595524983]",153.41073431273202,137.92753171212507,171.59865469489614,137.92753171212507
7,7000.0,437804.466441603,4010657.923690127,True,21.626161575317383,21.02337646484375,22.159408569335938,0.300119549036026,0.0,1.0,2001.0,186.18181818181793,True,90.0,0.03263666413887253,0.031241681343321497,"[0.027611654181941572, 0.033747577333484144]",0.04571873516906285,0.04563592843959788,"[0.04563592843959788, 0.04563592843959788]",0.15761652595524983,0.15761652595524983,"[0.15761652595524983, 0.15761652595524983]",152.97873213005207,137.56224964276183,171.0897305459586,137.56224964276183
7,7100.0,437898.5228679238,4010691.885266471,True,21.54764747619629,20.793071746826172,22.146949768066406,0.300119549036026,0.0,1.0,2001.0,186.18181818181793,True,90.0,0.03240594394407004,0.03307926050676145,"[0.027611654181941572, 0.039883500485026716]",0.04571147003403541,0.04563592843959788,"[0.04563592843959788, 0.04563592843959788]",0.15761652595524983,0.15761652595524983,"[0.15761652595524983, 0.15761652595524983]",152.8970867972515,137.49388180006966,170.99278227010575,137.49388180006966
7,7200.0,437992.5792942445,4010725.846842815,True,21.499319076538086,20.607337951660156,22.16315460205078,0.300119549036026,0.0,1.0,2001.0,186.18181818181793,True,90.0,0.0326761016471457,0.0333703700635143,"[0.027611654181941572, 0.039883500485026716]",0.045734956511839384,0.04563592843959788,"[0.04563592843959788, 0.04563592843959788]",0.15761652595524983,0.15761652595524983,"[0.15761652595524983, 0.15761652595524983]",152.75152471171702,137.3703726152088,170.82179216067522,137.3703726152088
7,7300.0,438086.6357205653,4010759.808419159,True,21.47785186767578,20.503780364990234,22.21434783935547,0.300119549036026,0.0,1.0,2001.0,120.47058823529396,True,60.25511870305778,0.05111476114323581,0.041173375705346967,"[0.027611654181941572, 0.05215534678811186]",0.03269366261245131,0.03259709174256992,"[0.03259709174256992, 0.03259709174256992]",0.15761652595524983,0.15761652595524983,"[0.15761652595524983, 0.15761652595524983]",152.7306697352364,137.35229311920855,170.79773379616967,137.35229311920855
7,7400.0,438180.692146886,4010793.769995503,True,21.489118576049805,20.446468353271484,22.31241226196289,0.300119549036026,0.0,1.0,2001.0,127.01156821934931,True,60.25511870305778,0.05146575265445199,0.04752661365095044,"[0.039883500485026716, 0.05215534678811186]",0.03671795872111907,0.036758724806000405,"[0.03643204371228402, 0.03719903410622684]",0.15761652595524983,0.15761652595524983,"[0.15761652595524983, 0.15761652595524983]",152.90210980474123,137.49565621578247,171.00153578205243,137.49565621578247
7,7500.0,438274.7485732068,4010827.7315718476,True,21.52461814880371,20.446468353271484,22.51502227783203,0.300119549036026,0.0,1.0,2001.0,127.01156821934931,True,60.25511870305778,0.05192072256972651,0.05215534678811186,"[0.05215534678811186, 0.05215534678811186]",0.0326129776661959,0.03259709174256992,"[0.03259709174256992, 0.03259709174256992]",0.15761652595524983,0.15761652595524983,"[0.15761652595524983, 0.15761652595524983]",153.0239288487089,137.5990218517125,171.14463337215707,137.5990218517125
7,7600.0,438368.8049995275,4010861.6931481916,True,21.584739685058594,20.446468353271484,22.802013397216797,0.300119549036026,0.0,1.0,2001.0,123.05239411222713,True,60.25511870305778,0.052049173884533936,0.05429315194397333,"[0.039883500485026716, 0.07056311624273957]",0.045729150229445466,0.045678539017039145,"[0.04486893804565506, 0.046402918833540696]",0.20823789195547604,0.20823789195547604,"[0.20823789195547604, 0.20823789195547604]",153.36478571503554,137.88356765676053,171.55039368025766,137.88356765676053
7,7700.0,438462.86142584827,4010895.6547245355,True,21.677743911743164,20.446468353271484,23.122806549072266,0.300119549036026,0.0,1.0,2001.0,142.0032502336585,True,59.03624346792648,0.04144923117809929,0.050777426310043304,"[0.033747577333484144, 0.07056311624273957]",0.046402918833540696,0.04568882432883532,"[0.04486893804565506, 0.046402918833540696]",0.20823789195547604,0.20823789195547604,"[0.20823789195547604, 0.20823789195547604]",153.26524743840898,137.80117738523515,171.43109261202,137.80117738523515
7,7800.0,438556.917852169,4010929.6163008795,True,21.805049896240234,20.446468353271484,23.327585220336914,0.300119549036026,0.0,1.0,2001.0,151.30985588877846,True,59.03624346792648,0.0410138319769174,0.047618088352723145,"[0.033747577333484144, 0.064427193091197]",0.0356650533183412,0.0356650533183412,"[0.0356650533183412, 0.0356650533183412]",0.20823789195547604,0.20823789195547604,"[0.20823789195547604, 0.20823789195547604]",154.17301415948253,138.5619193515693,172.50833485821377,138.5619193515693
7,7900.0,438650.97427848977,4010963.5778772235,True,21.9693603515625,20.446468353271484,23.435775756835938,0.300119549036026,0.0,1.0,2001.0,158.7644602741866,True,63.43494882292201,0.03905531305159109,0.039562299704002914,"[0.033747577333484144, 0.04601942363656929]",0.04577466861724678,0.04535469862848552,"[0.04410194765171223, 0.046402918833540696]",0.20823789195547604,0.20823789195547604,"[0.20823789195547604, 0.20823789195547604]",154.09950685086406,138.50110212266253,172.42020392047178,138.50110212266253
7,8000.0,438745.03070481046,4010997.5394535675,True,22.15635871887207,20.474571228027344,23.484237670898438,0.300119549036026,0.0,1.0,2001.0,157.53846153846138,True,68.19859051364818,0.03859187606930146,0.03931709073673707,"[0.033747577333484144, 0.04601942363656929]",0.0356650533183412,0.0356650533183412,"[0.0356650533183412, 0.0356650533183412]",0.20823789195547604,0.20823789195547604,"[0.20823789195547604, 0.20823789195547604]",154.72048007112463,139.02210938640908,173.15641145124238,139.02210938640908
7,8100.0,438839.0871311312,4011031.5010299115,True,22.365140914916992,20.621517181396484,23.556262969970703,0.300119549036026,0.0,1.0,2001.0,149.01388802232282,True,63.43494882292201,0.03957565723155688,0.03972524538969197,"[0.033747577333484144, 0.04601942363656929]",0.0356650533183412,0.0356650533183412,"[0.0356650533183412, 0.0356650533183412]",0.20823789195547604,0.20823789195547604,"[0.20823789195547604, 0.20823789195547604]",154.6997817456708,139.00541827849594,173.13109517251644,139.00541827849594
7,8200.0,438933.14355745196,4011065.4626062554,True,22.590682983398438,20.830196380615234,23.623798370361328,0.300119549036026,0.0,1.0,2001.0,143.03852457360946,True,63.43494882292201,0.009203884727313857,0.011361329626438757,"[0.009203884727313857, 0.015339807878856429]",0.0356650533183412,0.0356650533183412,"[0.0356650533183412, 0.0356650533183412]",0.20823789195547604,0.20823789195547604,"[0.20823789195547604, 0.20823789195547604]",155.3281089639522,139.53318322596996,173.87534821036343,139.53318322596996
7,8300.0,439027.1999837727,4011099.4241825994,True,22.817136764526367,21.157909393310547,23.699810028076172,0.300119549036026,0.0,1.0,2001.0,136.1556470404163,True,66.80140948635182,0.043424073752778784,0.04940655672891725,"[0.033747577333484144, 0.064427193091197]",0.04410194765171223,0.04410194765171223,"[0.04410194765171223, 0.04410194765171223]",0.20823789195547604,0.20823789195547604,"[0.20823789195547604, 0.20823789195547604]",156.86395443511017,140.82414485933094,175.69349663282188,140.82414485933094
7,8400.0,439121.25641009345,4011133.3857589434,True,23.017881393432617,21.547088623046875,23.725814819335938,0.300119549036026,0.0,1.0,2001.0,131.22933622529433,True,74.05460409907715,0.04592944761684262,0.049486147284232,"[0.033747577333484144, 0.064427193091197]",0.04410194765171223,0.04410194765171223,"[0.04410194765171223, 0.04410194765171223]",0.20823789195547604,0.20823789195547604,"[0.20823789195547604, 0.20823789195547604]",156.755411873479,140.7323608138821,175.5656335345361,140.7323608138821
7,8500.0,439215.3128364142,4011167.3473352874,True,23.150623321533203,21.9952392578125,23.725814819335938,0.300119549036026,0.0,1.0,2001.0,281.31443496691463,False,74.05460409907715,0.04679885366828354,0.04422857977015881,"[0.027611654181941572, 0.05829126993965443]",0.04410194765171223,0.04410194765171223,"[0.04410194765171223, 0.04410194765171223]",0.20823789195547604,0.20823789195547604,"[0.20823789195547604, 0.20823789195547604]",156.70370417549836,140.68977474082246,175.50341096151595,140.68977474082246
7,8600.0,439309.36926273495,4011201.3089116313,True,23.219676971435547,22.27047348022461,23.725814819335938,0.300119549036026,0.0,1.0,2001.0,167.77869732229925,False,104.03624346792648,0.020698637682268956,0.03194354515211644,"[0.015339807878856429, 0.05215534678811186]",0.04410194765171223,0.04410194765171223,"[0.04410194765171223, 0.04410194765171223]",0.20823789195547604,0.20823789195547604,"[0.20823789195547604, 0.20823789195547604]",157.51559680380723,141.37137333037313,176.46549964066818,141.37137333037313
7,8700.0,439403.4256890557,4011235.270487976,True,23.216577529907227,22.365398406982422,23.725814819335938,0.300119549036026,0.0,1.0,2001.0,167.77869732229925,False,54.46232220802562,0.03651219572209315,0.042277543728954606,"[0.033747577333484144, 0.05215534678811186]",0.04410194765171223,0.04410194765171223,"[0.04410194765171223, 0.04410194765171223]",0.20823789195547604,0.20823789195547604,"[0.20823789195547604, 0.20823789195547604]",157.62977864206172,141.4670684704355,176.60099259763166,141.4670684704355
7,8800.0,439497.48211537645,4011269.23206432,True,23.15995216369629,22.233299255371094,23.72482681274414,0.300119549036026,0.0,1.0,2001.0,167.77869732229925,False,54.46232220802562,0.03602264840136626,0.04012243700647059,"[0.027611654181941572, 0.05215534678811186]",0.04410194765171223,0.04410194765171223,"[0.04410194765171223, 0.04410194765171223]",0.20823789195547604,0.20823789195547604,"[0.20823789195547604, 0.20823789195547604]",157.63151992301817,141.46812885103196,176.60351943160606,141.46812885103196
7,8900.0,439591.53854169714,4011303.1936406638,True,23.0727481842041,22.031890869140625,23.72390365600586,0.300119549036026,0.0,1.0,2001.0,179.62148235407938,False,51.34019174590991,0.03562481797356553,0.03746321407889104,"[0.021475731030399, 0.05215534678811186]",0.04410194765171223,0.04410194765171223,"[0.04410194765171223, 0.04410194765171223]",0.20823789195547604,0.20823789195547604,"[0.20823789195547604, 0.20823789195547604]",157.10057100316052,141.02320109733606,175.9734105861577,141.02320109733606
7,9000.0,439685.5949680179,4011337.1552170077,True,22.961519241333008,21.878143310546875,23.722122192382812,0.300119549036026,0.0,1.0,2001.0,180.39405143491672,False,53.13010235415598,0.03382763252984322,0.039594978167202505,"[0.021475731030399, 0.05829126993965443]",0.04410194765171223,0.04438601816798735,"[0.04410194765171223, 0.04486893804565506]",0.20823789195547604,0.20823789195547604,"[0.20823789195547604, 0.20823789195547604]",157.12422124571933,141.0434192855732,176.00101826327034,141.0434192855732
7,9100.0,439779.65139433864,4011371.1167933517,True,22.825119018554688,21.744186401367188,23.714359283447266,0.300119549036026,0.0,1.0,2001.0,192.65963384496044,False,53.13010235415598,0.029779686438771193,0.03983240699273074,"[0.021475731030399, 0.05829126993965443]",0.0445352287315178,0.044741106313331266,"[0.04410194765171223, 0.04563592843959788]",0.20823789195547604,0.20823789195547604,"[0.20823789195547604, 0.20823789195547604]",156.28318741859832,140.33877142996135,175.00276782629163,140.33877142996135
7,9200.0,439873.7078206594,4011405.0783696957,True,22.661762237548828,21.636634826660156,23.691730499267578,0.300119549036026,0.0,1.0,2001.0,192.65963384496044,True,53.13010235415598,0.03033006957600047,0.041623040737851474,"[0.027611654181941572, 0.05829126993965443]",0.04482620140537034,0.0448433716991903,"[0.04410194765171223, 0.04563592843959788]",0.20823789195547604,0.20823789195547604,"[0.20823789195547604, 0.20823789195547604]",155.96670933100114,140.07357987976945,174.62716771174354,140.07357987976945
7,9300.0,439967.76424698014,4011439.0399460397,True,22.506460189819336,21.611042022705078,23.58466339111328,0.300119549036026,0.0,1.0,2001.0,192.65963384496044,True,45.0,0.030498555657886235,0.03843248748773423,"[0.027611654181941572, 0.05215534678811186]",0.031965116845308734,0.032133701712896125,"[0.031830101348627085, 0.03259709174256992]",0.20823789195547604,0.20823789195547604,"[0.20823789195547604, 0.20823789195547604]",155.9747815445385,140.08049525864806,174.63657350998957,140.08049525864806
7,9400.0,440061.8206733009,4011473.0015223837,True,22.359222412109375,21.60189437866211,23.375064849853516,0.300119549036026,0.0,1.0,2001.0,457.9467217919564,False,45.0,0.0325563172516082,0.03840565933822976,"[0.027611654181941572, 0.05215534678811186]",0.03643204371228402,0.03643204371228402,"[0.03643204371228402, 0.03643204371228402]",0.20823789195547604,0.20823789195547604,"[0.20823789195547604, 0.20823789195547604]",155.11042079550012,139.3562752820107,173.6106684064026,139.3562752820107
7,9500.0,440155.87709962163,4011506.9630987276,False,22.243261337280273,21.61200714111328,23.03728485107422,3.0899999141693115,0.0,0.98841810636039,1868.0,167.77869732229925,True,,,,,,,,,,,,,,
7,9600.0,440249.9335259424,4011540.9246750716,False,22.198307037353516,21.62820053100586,22.803607940673828,3.109999895095825,0.0,0.9337128521806253,1868.0,167.77869732229925,True,,,,,,,,,,,,,,
7,9700.0,440343.98995226313,4011574.8862514156,False,22.191137313842773,21.64035415649414,22.746871948242188,3.109999895095825,0.0,0.8383643552898061,1868.0,167.77869732229925,True,,,,,,,,,,,,,,
7,9800.0,440438.0463785839,4011608.84782776,False,22.206989288330078,21.640396118164062,22.792695999145508,3.119999885559082,0.0,0.7390088700347088,1868.0,167.77869732229925,True,,,,,,,,,,,,,,
7,9900.0,440532.10280490457,4011642.809404104,False,22.24568748474121,21.649059295654297,22.85783576965332,3.130000114440918,0.0,0.6377565770453888,1868.0,162.8156743689768,True,,,,,,,,,,,,,,
7,10000.0,440626.1592312253,4011676.770980448,False,22.295034408569336,21.658130645751953,22.971460342407227,3.140000104904175,0.0,0.536846161256141,1868.0,163.4481939389688,True,,,,,,,,,,,,,,
7,10100.0,440720.21565754607,4011710.732556792,False,22.357187271118164,21.675270080566406,23.114704132080078,3.1500000953674316,0.0,0.43553201733269137,1868.0,152.64890726398548,True,,,,,,,,,,,,,,
7,10200.0,440814.2720838668,4011744.694133136,False,22.436250686645508,21.74834442138672,23.258342742919922,3.1500000953674316,0.0,0.33375048132460533,1868.0,147.41826575333243,True,,,,,,,,,,,,,,
7,10300.0,440908.32851018757,4011778.65570948,False,22.525381088256836,21.892719268798828,23.399137496948242,3.1600000858306885,0.0,0.2323455839907639,1868.0,147.41826575333243,True,,,,,,,,,,,,,,
7,10400.0,441002.3849365083,4011812.617285824,False,22.61996078491211,21.9853515625,23.527700424194336,3.1700000762939453,0.0,0.13308972016540052,1868.0,149.18950845807564,True,,,,,,,,,,,,,,
7,10500.0,441096.44136282906,4011846.578862168,False,22.736268997192383,22.065937042236328,23.661544799804688,3.180000066757202,0.0,0.047101797558396614,1868.0,120.47058823529396,True,,,,,,,,,,,,,,
7,10600.0,441190.4977891498,4011880.540438512,False,22.8465576171875,22.096603393554688,23.809099197387695,3.190000057220459,0.0,0.004322766570605188,1868.0,138.70806251081638,True,,,,,,,,,,,,,,
7,10700.0,441284.55421547056,4011914.502014856,False,22.958703994750977,22.107341766357422,23.958581924438477,3.200000047683716,0.0,0.0,1868.0,138.70806251081638,True,,,,,,,,,,,,,,
7,10800.0,441378.61064179125,4011948.4635912,False,23.076635360717773,22.119197845458984,24.091506958007812,3.2100000381469727,0.0,0.0,1868.0,138.70806251081638,True,,,,,,,,,,,,,,
7,10900.0,441472.667068112,4011982.425167544,False,23.22162437438965,22.137704849243164,24.228517532348633,3.2100000381469727,0.0,0.0,1868.0,138.70806251081638,True,,,,,,,,,,,,,,
7,11000.0,441566.72349443275,4012016.3867438883,False,23.38543701171875,22.17723846435547,24.403532028198242,3.2200000286102295,0.0,0.0,1868.0,138.70806251081638,True,,,,,,,,,,,,,,
7,11100.0,441660.7799207535,4012050.3483202322,False,23.553991317749023,22.237689971923828,24.56776237487793,3.240000009536743,0.0,0.0,1868.0,138.70806251081638,True,,,,,,,,,,,,,,
7,11200.0,441754.83634707425,4012084.309896576,False,23.750715255737305,22.35187530517578,24.752208709716797,3.25,0.0,0.0,1868.0,130.84192051198752,True,,,,,,,,,,,,,,
7,11300.0,441848.892773395,4012118.27147292,False,23.96055030822754,22.591232299804688,24.9498233795166,3.25,0.0,0.0,1868.0,127.75073004580959,True,,,,,,,,,,,,,,
7,11400.0,441942.94919971575,4012152.233049264,False,24.181976318359375,22.861129760742188,25.157766342163086,3.259999990463257,0.0,0.0,1868.0,133.0630907363971,True,,,,,,,,,,,,,,
7,11500.0,442037.0056260365,4012186.194625608,False,24.415210723876953,23.137338638305664,25.380338668823242,3.2699999809265137,0.0,0.0,1868.0,154.8673546288391,True,,,,,,,,,,,,,,
7,11600.0,442131.06205235724,4012220.156201952,False,24.629589080810547,23.39232063293457,25.580835342407227,3.2699999809265137,0.0,0.0,1868.0,157.53846153846138,True,,,,,,,,,,,,,,
7,11700.0,442225.11847867793,4012254.117778296,False,24.843969345092773,23.680747985839844,25.731042861938477,3.2799999713897705,0.0,0.0,1868.0,152.8377124162541,True,,,,,,,,,,,,,,
7,11800.0,442319.1749049987,4012288.07935464,False,25.01664161682129,23.976747512817383,25.789411544799805,3.2799999713897705,0.0,0.0,1868.0,152.8377124162541,False,,,,,,,,,,,,,,
7,11900.0,442413.23133131943,4012322.040930984,False,25.177858352661133,24.241880416870117,25.866483688354492,3.2799999713897705,0.0,0.0,1868.0,130.84192051198752,True,,,,,,,,,,,,,,
7,12000.0,442507.2877576402,4012356.002507328,False,25.34917640686035,24.5343017578125,25.965864181518555,3.2899999618530273,0.0,0.0,1868.0,152.2266411514195,True,,,,,,,,,,,,,,
8,5000.0,436075.3274369656,4009559.810931581,True,20.846729278564453,19.947620391845703,21.843517303466797,0.300119549036026,0.0,1.0,2001.0,130.84192051198752,True,66.80140948635182,0.009203884727313857,0.009203884727313857,"[0.009203884727313857, 0.009203884727313857]",0.04563592843959788,0.04628787027444928,"[0.04563592843959788, 0.047169909227483514]",0.15761652595524983,0.15761652595524983,"[0.15761652595524983, 0.15761652595524983]",151.13418910776636,136.00136350344548,168.9181391229599,136.00136350344548
8,5100.0,436169.2931905791,4009594.022583804,True,21.046184539794922,20.110443115234375,21.93319320678711,0.300119549036026,0.0,1.0,2001.0,130.84192051198752,True,60.25511870305778,0.009203884727313857,0.009203884727313857,"[0.009203884727313857, 0.009203884727313857]",0.03259709174256992,0.032929454246611804,"[0.03259709174256992, 0.033364082136512735]",0.15761652595524983,0.15761652595524983,"[0.15761652595524983, 0.15761652595524983]",151.62244249151132,136.41538888981543,169.49198483503935,136.41538888981543
8,5200.0,436263.2589441926,4009628.2342360276,True,21.24528694152832,20.271015167236328,22.002899169921875,0.300119549036026,0.0,1.0,2001.0,124.8945604887154,True,60.25511870305778,0.009203884727313857,0.009203884727313857,"[0.009203884727313857, 0.009203884727313857]",0.04592620949905539,0.045964638608430516,"[0.04563592843959788, 0.046402918833540696]",0.15761652595524983,0.15761652595524983,"[0.15761652595524983, 0.15761652595524983]",152.35073138837015,137.0314495812033,170.34966705871273,137.0314495812033
8,5300.0,436357.22469780606,4009662.4458882506,True,21.448135375976562,20.473676681518555,22.1463623046875,0.300119549036026,0.0,1.0,2001.0,120.47058823529396,True,60.25511870305778,0.009203884727313857,0.011601663078592566,"[0.009203884727313857, 0.015339807878856429]",0.045778427900989224,0.04563592843959788,"[0.04563592843959788, 0.04563592843959788]",0.15761652595524983,0.15761652595524983,"[0.15761652595524983, 0.15761652595524983]",152.77815275792895,137.39223453486102,170.85390931470764,137.39223453486102
8,5400.0,436451.19045141956,4009696.657540474,True,21.66883659362793,20.78903579711914,22.301227569580078,0.300119549036026,0.0,1.0,2001.0,124.4346933615803,True,63.43494882292201,0.03984581534895269,0.04246903929954374,"[0.033747577333484144, 0.05215534678811186]",0.04554931495946092,0.04563592843959788,"[0.04563592843959788, 0.04563592843959788]",0.15761652595524983,0.15761652595524983,"[0.15761652595524983, 0.15761652595524983]",153.37415838724152,137.8956715523892,171.55663545695174,137.8956715523892
8,5500.0,436545.15620503307,4009730.8691926976,True,21.847244262695312,21.143009185791016,22.42784881591797,0.300119549036026,0.0,1.0,2001.0,170.6666666666665,True,90.0,0.035933768695902125,0.03743647268766605,"[0.027611654181941572, 0.04601942363656929]",0.03658544760306738,0.03643204371228402,"[0.03643204371228402, 0.03643204371228402]",0.15761652595524983,0.15761652595524983,"[0.15761652595524983, 0.15761652595524983]",153.84859381397985,138.29586215309476,172.1166615288125,138.29586215309476
8,5600.0,436639.1219586465,4009765.0808449206,True,21.995447158813477,21.434127807617188,22.504314422607422,0.300119549036026,0.0,1.0,2001.0,170.6666666666665,True,90.0,0.03544607452369107,0.03730185131530382,"[0.027611654181941572, 0.04601942363656929]",0.03643204371228402,0.03643204371228402,"[0.03643204371228402, 0.03643204371228402]",0.15761652595524983,0.15761652595524983,"[0.15761652595524983, 0.15761652595524983]",154.42379553377774,138.78048910510842,172.79627507253315,138.78048910510842
8,5700.0,436733.08771226,4009799.292497144,True,22.098182678222656,21.622997283935547,22.508251190185547,0.300119549036026,0.0,1.0,2001.0,170.6666666666665,True,90.0,0.03589151857003347,0.04233577136028975,"[0.027611654181941572, 0.05829126993965443]",0.03643204371228402,0.03643204371228402,"[0.03643204371228402, 0.03643204371228402]",0.15761652595524983,0.15761652595524983,"[0.15761652595524983, 0.15761652595524983]",154.56747807882513,138.90174589616302,172.9658096754571,138.90174589616302
8,5800.0,436827.0534658735,4009833.5041493676,True,22.155954360961914,21.76351547241211,22.511611938476562,0.300119549036026,0.0,1.0,2001.0,170.07714274045927,True,90.0,0.036649821236467685,0.04526419022631566,"[0.027611654181941572, 0.064427193091197]",0.03643204371228402,0.03643204371228402,"[0.03643204371228402, 0.03643204371228402]",0.15761652595524983,0.15761652595524983,"[0.15761652595524983, 0.15761652595524983]",154.6700074189163,138.98793971328686,173.08716920495257,138.98793971328686
8,5900.0,436921.01921948703,4009867.7158015906,True,22.176137924194336,21.796058654785156,22.51755142211914,0.300119549036026,0.0,1.0,2001.0,170.07714274045927,True,80.53767779197439,0.05146073189947158,0.042855092254353466,"[0.033747577333484144, 0.05215534678811186]",0.03643204371228402,0.03643204371228402,"[0.03643204371228402, 0.03643204371228402]",0.15761652595524983,0.15761652595524983,"[0.15761652595524983, 0.15761652595524983]",154.86501175434142,139.15193055630203,173.31792333231996,139.15193055630203
8,6000.0,437014.9849731005,4009901.927453814,True,22.168081283569336,21.731006622314453,22.521163940429688,0.300119549036026,0.0,1.0,2001.0,179.46815626352182,False,80.53767779197439,0.03514097458601019,0.04260502978033093,"[0.033747577333484144, 0.05215534678811186]",0.03643204371228402,0.03643204371228402,"[0.03643204371228402, 0.03643204371228402]",0.15761652595524983,0.15761652595524983,"[0.15761652595524983, 0.15761652595524983]",154.5831658361049,138.91483148774117,172.9844967326309,138.91483148774117
8,6100.0,437108.950726714,4009936.139106037,True,22.140146255493164,21.650577545166016,22.525959014892578,0.300119549036026,0.0,1.0,2001.0,124.38164431548138,True,90.0,0.034167954661293035,0.03917519044627337,"[0.027611654181941572, 0.05215534678811186]",0.04486893804565506,0.04513738468353506,"[0.04486893804565506, 0.04563592843959788]",0.15761652595524983,0.15761652595524983,"[0.15761652595524983, 0.15761652595524983]",154.70053063761003,139.01320142863318,173.12375626456375,139.01320142863318
8,6200.0,437202.9164803275,4009970.3507582606,True,22.095172882080078,21.521953582763672,22.526580810546875,0.300119549036026,0.0,1.0,2001.0,150.57195460481162,True,51.34019174590991,0.015339807878856429,0.01533980787885643,"[0.015339807878856429, 0.015339807878856429]",0.03643204371228402,0.03643204371228402,"[0.03643204371228402, 0.03643204371228402]",0.15761652595524983,0.15761652595524983,"[0.15761652595524983, 0.15761652595524983]",154.42918513206055,138.7849258772011,172.8027627092425,138.7849258772011
8,6300.0,437296.88223394094,4010004.562410484,True,22.047611236572266,21.447052001953125,22.52649688720703,0.300119549036026,0.0,1.0,2001.0,159.92193217393245,True,51.34019174590991,0.015339807878856429,0.015339807878856429,"[0.015339807878856429, 0.015339807878856429]",0.03650002845069795,0.03643204371228402,"[0.03643204371228402, 0.03643204371228402]",0.15761652595524983,0.15761652595524983,"[0.15761652595524983, 0.15761652595524983]",154.27025690350183,138.6510425196744,172.61496381279315,138.6510425196744
8,6400.0,437390.84798755444,4010038.774062707,True,21.997028350830078,21.447052001953125,22.520313262939453,0.300119549036026,0.0,1.0,2001.0,159.92193217393245,True,51.34019174590991,0.015339807878856429,0.015339807878856429,"[0.015339807878856429, 0.015339807878856429]",0.036411821714270876,0.03643204371228402,"[0.03643204371228402, 0.03643204371228402]",0.15761652595524983,0.15761652595524983,"[0.15761652595524983, 0.15761652595524983]",154.33604381490548,138.70659920707905,172.6925443913941,138.70659920707905
8,6500.0,437484.81374116795,4010072.9857149306,True,21.940471649169922,21.447052001953125,22.487762451171875,0.300119549036026,0.0,1.0,2001.0,150.57195460481162,True,51.34019174590991,0.04255732398206082,0.04815372026228466,"[0.039883500485026716, 0.05829126993965443]",0.03635183740697579,0.03643204371228402,"[0.03643204371228402, 0.03643204371228402]",0.15761652595524983,0.15761652595524983,"[0.15761652595524983, 0.15761652595524983]",154.32036941549737,138.69372765478644,172.67364024363394,138.69372765478644
8,6600.0,437578.77949478145,4010107.197367154,True,21.87324333190918,21.43973159790039,22.356632232666016,0.300119549036026,0.0,1.0,2001.0,170.6666666666665,True,90.0,0.03637439507925075,0.041103820376584055,"[0.033747577333484144, 0.05215534678811186]",0.036477108969212246,0.03643204371228402,"[0.03643204371228402, 0.03643204371228402]",0.15761652595524983,0.15761652595524983,"[0.15761652595524983, 0.15761652595524983]",154.08390154601466,138.49459265080722,172.39413694903334,138.49459265080722
8,6700.0,437672.7452483949,4010141.409019377,True,21.79629135131836,21.38128662109375,22.213855743408203,0.300119549036026,0.0,1.0,2001.0,170.6666666666665,True,90.0,0.035374051565402485,0.03643030443055617,"[0.033747577333484144, 0.039883500485026716]",0.04563592843959788,0.04563592843959788,"[0.04563592843959788, 0.04563592843959788]",0.15761652595524983,0.15761652595524983,"[0.15761652595524983, 0.15761652595524983]",153.84435973581947,138.29323781929477,172.11057669376183,138.29323781929477
8,6800.0,437766.7110020084,4010175.6206716006,True,21.721925735473633,21.291820526123047,22.12295150756836,0.300119549036026,0.0,1.0,2001.0,170.6666666666665,True,90.0,0.034293071013578015,0.0360726782458541,"[0.033747577333484144, 0.039883500485026716]",0.045479839847095076,0.04563592843959788,"[0.04563592843959788, 0.04563592843959788]",0.15761652595524983,0.15761652595524983,"[0.15761652595524983, 0.15761652595524983]",153.66305865075688,138.14010043741555,171.8968074674696,138.14010043741555
8,6900.0,437860.6767556219,4010209.832323824,True,21.672269821166992,21.184741973876953,22.130802154541016,0.300119549036026,0.0,1.0,2001.0,170.6666666666665,True,90.0,0.03339174741432127,0.03152038501723585,"[0.027611654181941572, 0.033747577333484144]",0.04550400218219048,0.04563592843959788,"[0.04563592843959788, 0.04563592843959788]",0.15761652595524983,0.15761652595524983,"[0.15761652595524983, 0.15761652595524983]",153.63378260889644,138.1152648020269,171.8624117050874,138.1152648020269
8,7000.0,437954.6425092354,4010244.043976047,True,21.659687042236328,20.932647705078125,22.248668670654297,0.300119549036026,0.0,1.0,2001.0,186.18181818181793,True,90.0,0.032721355495920756,0.031263510211112254,"[0.027611654181941572, 0.033747577333484144]",0.04558726622747333,0.04563592843959788,"[0.04563592843959788, 0.04563592843959788]",0.15761652595524983,0.15761652595524983,"[0.15761652595524983, 0.15761652595524983]",153.55012777103744,138.04418954602906,171.76425422807102,138.04418954602906
8,7100.0,438048.60826284887,4010278.2556282706,True,21.691665649414062,20.81647491455078,22.457130432128906,0.300119549036026,0.0,1.0,2001.0,186.18181818181793,True,90.0,0.032504711956796065,0.03311939497862404,"[0.027611654181941572, 0.039883500485026716]",0.04557643913943142,0.04563592843959788,"[0.04563592843959788, 0.04563592843959788]",0.15761652595524983,0.15761652595524983,"[0.15761652595524983, 0.15761652595524983]",153.32481603760462,137.85381263840688,171.4986651375636,137.85381263840688
8,7200.0,438142.5740164624,4010312.4672804936,True,21.757957458496094,20.718807220458984,22.795570373535156,0.300119549036026,0.0,1.0,2001.0,186.18181818181793,True,90.0,0.009203884727313857,0.011412498724818615,"[0.009203884727313857, 0.015339807878856429]",0.04553216296647894,0.04563592843959788,"[0.04563592843959788, 0.04563592843959788]",0.15761652595524983,0.15761652595524983,"[0.15761652595524983, 0.15761652595524983]",153.75148696844752,138.2120510210072,172.00421999302475,138.2120510210072
8,7300.0,438236.5397700759,4010346.678932717,True,21.844120025634766,20.682952880859375,23.088741302490234,0.300119549036026,0.0,1.0,2001.0,124.8945604887154,True,60.25511870305778,0.009203884727313857,0.009203884727313857,"[0.009203884727313857, 0.009203884727313857]",0.0456849760111821,0.04563592843959787,"[0.04563592843959788, 0.04563592843959788]",0.20823789195547604,0.20823789195547604,"[0.20823789195547604, 0.20823789195547604]",153.84604912350372,138.29123722604666,172.11650694498434,138.29123722604666
8,7400.0,438330.5055236893,4010380.8905849406,True,21.939231872558594,20.666767120361328,23.267959594726562,0.300119549036026,0.0,1.0,2001.0,127.01156821934931,True,60.25511870305778,0.009203884727313857,0.009203884727313856,"[0.009203884727313857, 0.009203884727313857]",0.045538257793632415,0.04558303255036045,"[0.04486893804565506, 0.046402918833540696]",0.15761652595524983,0.15761652595524983,"[0.15761652595524983, 0.15761652595524983]",153.69383361226974,138.1617493903695,171.93808225593006,138.1617493903695
8,7500.0,438424.47127730283,4010415.1022371636,True,22.046588897705078,20.646316528320312,23.36941909790039,0.300119549036026,0.0,1.0,2001.0,127.01156821934931,True,60.25511870305778,0.009203884727313857,0.011813958388511318,"[0.009203884727313857, 0.015339807878856429]",0.045440037315325255,0.04533269967920188,"[0.04486893804565506, 0.04563592843959788]",0.20823789195547604,0.20823789195547604,"[0.20823789195547604, 0.20823789195547604]",154.54127125349652,138.87531557208956,172.93985154958494,138.87531557208956
8,7600.0,438518.43703091634,4010449.313889387,True,22.18866539001465,20.636932373046875,23.557762145996094,0.300119549036026,0.0,1.0,2001.0,127.01156821934931,True,60.25511870305778,0.05180315465826057,0.051596049962004994,"[0.033747577333484144, 0.07056311624273957]",0.04547934123554017,0.04492793730672759,"[0.04410194765171223, 0.04563592843959788]",0.20823789195547604,0.20823789195547604,"[0.20823789195547604, 0.20823789195547604]",154.94005422885402,139.20953129611013,173.41306105234588,139.20953129611013
8,7700.0,438612.40278452984,4010483.5255416106,True,22.337085723876953,20.607337951660156,23.648860931396484,0.300119549036026,0.0,1.0,2001.0,163.4481939389688,True,59.03624346792648,0.04116819225761841,0.050384265391498595,"[0.033747577333484144, 0.07056311624273957]",0.03584802702789917,0.0356650533183412,"[0.0356650533183412, 0.0356650533183412]",0.20823789195547604,0.20823789195547604,"[0.20823789195547604, 0.20823789195547604]",154.8566864044735,139.1364728544396,173.31779881236577,139.1364728544396
8,7800.0,438706.3685381433,4010517.7371938336,True,22.506973266601562,20.57278823852539,23.652454376220703,0.300119549036026,0.0,1.0,2001.0,167.77869732229925,True,59.03624346792648,0.04055691051135996,0.0472077898265018,"[0.033747577333484144, 0.064427193091197]",0.035834601955540085,0.0356650533183412,"[0.0356650533183412, 0.0356650533183412]",0.20823789195547604,0.20823789195547604,"[0.20823789195547604, 0.20823789195547604]",155.56568158678928,139.7323142629675,174.15723249341855,139.7323142629675
8,7900.0,438800.3342917568,4010551.948846057,True,22.69117546081543,20.636932373046875,23.65077018737793,0.300119549036026,0.0,1.0,2001.0,158.7644602741866,True,59.03624346792648,0.03926877012523923,0.039602065709860974,"[0.033747577333484144, 0.04601942363656929]",0.04410194765171223,0.04410194765171223,"[0.04410194765171223, 0.04410194765171223]",0.20823789195547604,0.20823789195547604,"[0.20823789195547604, 0.20823789195547604]",156.3737763792673,140.41164398958296,175.11376832164177,140.41164398958296
8,8000.0,438894.3000453703,4010586.16049828,True,22.873262405395508,21.02013397216797,23.652454376220703,0.300119549036026,0.0,1.0,2001.0,157.53846153846138,True,63.43494882292201,0.03802305749795255,0.03909252213345645,"[0.033747577333484144, 0.04601942363656929]",0.04410194765171223,0.04410194765171223,"[0.04410194765171223, 0.04410194765171223]",0.20823789195547604,0.20823789195547604,"[0.20823789195547604, 0.20823789195547604]",156.75563380717404,140.73272693527787,175.56568500287,140.73272693527787
8,8100.0,438988.26579898375,4010620.3721505036,True,23.03696632385254,21.632862091064453,23.696422576904297,0.300119549036026,0.0,1.0,2001.0,157.53846153846138,True,63.43494882292201,0.03902321906989618,0.0394465267116929,"[0.033747577333484144, 0.04601942363656929]",0.04410194765171223,0.04410194765171223,"[0.04410194765171223, 0.04410194765171223]",0.20823789195547604,0.20823789195547604,"[0.20823789195547604, 0.20823789195547604]",156.9853238386278,140.92506287899135,175.83843335964931,140.92506287899135
8,8200.0,439082.23155259725,4010654.583802727,True,23.156448364257812,22.05835723876953,23.740737915039062,0.300119549036026,0.0,1.0,2001.0,143.03852457360946,True,63.43494882292201,0.04022142973185801,0.04846327781123423,"[0.033747577333484144, 0.064427193091197]",0.04410194765171223,0.04410194765171223,"[0.04410194765171223, 0.04410194765171223]",0.20823789195547604,0.20823789195547604,"[0.20823789195547604, 0.20823789195547604]",156.95009104619646,140.8949781492805,175.7972701604128,140.8949781492805
8,8300.0,439176.19730621076,4010688.79545495,True,23.218576431274414,22.181434631347656,23.744091033935547,0.300119549036026,0.0,1.0,2001.0,124.38164431548132,True,63.43494882292201,0.041540539036169145,0.04874737700405496,"[0.033747577333484144, 0.064427193091197]",0.04410194765171223,0.04410194765171223,"[0.04410194765171223, 0.04410194765171223]",0.20823789195547604,0.20823789195547604,"[0.20823789195547604, 0.20823789195547604]",157.54740358901498,141.39722398643005,176.50417172445503,141.39722398643005
8,8400.0,439270.16305982426,4010723.0071071736,True,23.200908660888672,22.073806762695312,23.744091033935547,0.300119549036026,0.0,1.0,2001.0,119.85013472883756,True,74.05460409907715,0.045710239749953925,0.04885672437486817,"[0.033747577333484144, 0.064427193091197]",0.04410194765171223,0.04410194765171223,"[0.04410194765171223, 0.04410194765171223]",0.20823789195547604,0.20823789195547604,"[0.20823789195547604, 0.20823789195547604]",157.45202668229928,141.3169986809421,176.39133224634668,141.3169986809421
8,8500.0,439364.1288134377,4010757.218759397,True,23.11394500732422,21.709640502929688,23.744091033935547,0.300119549036026,0.0,1.0,2001.0,167.77869732229925,False,59.03624346792648,0.04557176737427876,0.04544231284285701,"[0.033747577333484144, 0.05829126993965443]",0.04410194765171223,0.04410194765171223,"[0.04410194765171223, 0.04410194765171223]",0.20823789195547604,0.20823789195547604,"[0.20823789195547604, 0.20823789195547604]",157.42736183525707,141.29703894178823,176.3612420442106,141.29703894178823
8,8600.0,439458.0945670512,4010791.43041162,True,22.98415756225586,21.46491241455078,23.74075698852539,0.300119549036026,0.0,1.0,2001.0,167.77869732229925,False,59.03624346792648,0.037306581449211874,0.044496218297053435,"[0.033747577333484144, 0.05829126993965443]",0.04410194765171223,0.04410194765171223,"[0.04410194765171223, 0.04410194765171223]",0.20823789195547604,0.20823789195547604,"[0.20823789195547604, 0.20823789195547604]",157.20591259041424,141.11077506097254,176.09923388225533,141.11077506097254
8,8700.0,439552.0603206647,4010825.6420638436,True,22.83357048034668,21.336971282958984,23.71710205078125,0.300119549036026,0.0,1.0,2001.0,167.77869732229925,False,51.34019174590991,0.03664901210894757,0.04193114190391642,"[0.033747577333484144, 0.05215534678811186]",0.04410194765171223,0.04410194765171223,"[0.04410194765171223, 0.04410194765171223]",0.20823789195547604,0.20823789195547604,"[0.20823789195547604, 0.20823789195547604]",156.23863390638778,140.29941520671738,174.9522218674803,140.29941520671738
8,8800.0,439646.02607427817,4010859.853716067,True,22.679841995239258,21.282089233398438,23.714359283447266,0.300119549036026,0.0,1.0,2001.0,167.77869732229925,False,51.34019174590991,0.03690082689014307,0.040045761328667474,"[0.027611654181941572, 0.05215534678811186]",0.04410194765171223,0.04410194765171223,"[0.04410194765171223, 0.04410194765171223]",0.20823789195547604,0.20823789195547604,"[0.20823789195547604, 0.20823789195547604]",156.29275747548562,140.344527256104,175.01673336485604,140.344527256104
8,8900.0,439739.9918278917,4010894.06536829,True,22.525707244873047,21.283016204833984,23.7200927734375,0.300119549036026,0.0,1.0,2001.0,178.5563731105062,False,51.34019174590991,0.03672055402419635,0.037359340600693194,"[0.021475731030399, 0.05215534678811186]",0.04563592843959788,0.045635928439597885,"[0.04563592843959788, 0.04563592843959788]",0.20823789195547604,0.20823789195547604,"[0.20823789195547604, 0.20823789195547604]",155.48818985644937,139.67052012120752,174.061663368683,139.67052012120752
8,9000.0,439833.9575815052,4010928.2770205135,True,22.38862419128418,21.289478302001953,23.72390365600586,0.300119549036026,0.0,1.0,2001.0,179.62148235407938,False,53.13010235415598,0.03484486011641678,0.03919367101198227,"[0.021475731030399, 0.05829126993965443]",0.04563592843959788,0.04563592843959788,"[0.04563592843959788, 0.04563592843959788]",0.20823789195547604,0.20823789195547604,"[0.20823789195547604, 0.20823789195547604]",155.36025724983742,139.56290418368374,173.91031157187788,139.56290418368374
8,9100.0,439927.9233351187,4010962.4886727366,True,22.23377227783203,21.289478302001953,23.702491760253906,0.300119549036026,0.0,1.0,2001.0,204.79999999999976,False,53.13010235415598,0.0294607929171389,0.03740441870311242,"[0.015339807878856429, 0.05829126993965443]",0.04563592843959788,0.04563592843959788,"[0.04563592843959788, 0.04563592843959788]",0.20823789195547604,0.20823789195547604,"[0.20823789195547604, 0.20823789195547604]",154.73344904715947,139.03666936940814,173.16756894384326,139.03666936940814
8,9200.0,440021.88908873213,4010996.70032496,True,22.121065139770508,21.294952392578125,23.447132110595703,0.300119549036026,0.0,1.0,2001.0,192.65963384496044,True,53.13010235415598,0.030170630524488335,0.0415504620593695,"[0.027611654181941572, 0.05829126993965443]",0.04563592843959788,0.04563592843959788,"[0.04563592843959788, 0.04563592843959788]",0.20823789195547604,0.20823789195547604,"[0.20823789195547604, 0.20823789195547604]",154.37100017380791,138.73306590127993,172.73728610689847,138.73306590127993
8,9300.0,440115.85484234564,4011030.9119771835,True,22.047883987426758,21.30017852783203,23.14453125,0.300119549036026,0.0,1.0,2001.0,192.65963384496044,True,45.0,0.030629556149938807,0.04062624631128166,"[0.027611654181941572, 0.05829126993965443]",0.04563592843959788,0.04563592843959788,"[0.04563592843959788, 0.04563592843959788]",0.20823789195547604,0.20823789195547604,"[0.20823789195547604, 0.20823789195547604]",154.0694962952174,138.48089843379523,172.37890949505984,138.48089843379523
8,9400.0,440209.82059595914,4011065.1236294066,True,22.023624420166016,21.30915069580078,23.063636779785156,0.300119549036026,0.0,1.0,2001.0,457.9467217919564,False,45.0,0.03287309877051195,0.03336289671613156,"[0.027611654181941572, 0.039883500485026716]",0.03628803360028867,0.03643204371228402,"[0.03643204371228402, 0.03643204371228402]",0.20823789195547604,0.20823789195547604,"[0.20823789195547604, 0.20823789195547604]",154.4848591798457,138.830751571492,172.86978887659367,138.830751571492
8,9500.0,440303.78634957265,4011099.33528163,False,22.06040382385254,21.353557586669922,23.073017120361328,3.0999999046325684,0.0,0.9935334427178844,1868.0,167.77869732229925,True,,,,,,,,,,,,,,
8,9600.0,440397.7521031861,4011133.5469338535,False,22.136516571044922,21.43759536743164,23.252464294433594,3.0999999046325684,0.0,0.9394114809454897,1868.0,167.77869732229925,True,,,,,,,,,,,,,,
8,9700.0,440491.7178567996,4011167.7585860766,False,22.191795349121094,21.523048400878906,23.249351501464844,3.109999895095825,0.0,0.8455974539492719,1868.0,167.77869732229925,True,,,,,,,,,,,,,,
8,9800.0,440585.6836104131,4011201.9702383,False,22.240154266357422,21.54468536376953,23.218223571777344,3.109999895095825,0.0,0.7535421686746988,1868.0,167.77869732229925,True,,,,,,,,,,,,,,
8,9900.0,440679.64936402655,4011236.181890523,False,22.29859161376953,21.58600616455078,23.173080444335938,3.109999895095825,0.0,0.6542686452110233,1868.0,162.8156743689768,True,,,,,,,,,,,,,,
8,10000.0,440773.61511764006,4011270.3935427465,False,22.35395622253418,21.646190643310547,23.143348693847656,3.119999885559082,0.0,0.5533615873627432,1868.0,163.4481939389688,True,,,,,,,,,,,,,,
8,10100.0,440867.58087125357,4011304.60519497,False,22.41097068786621,21.730606079101562,23.09676742553711,3.119999885559082,0.0,0.4522525991528687,1868.0,152.64890726398548,True,,,,,,,,,,,,,,
8,10200.0,440961.5466248671,4011338.816847193,False,22.45697593688965,21.85363006591797,23.06698226928711,3.119999885559082,0.0,0.3505918583389472,1868.0,147.41826575333243,True,,,,,,,,,,,,,,
8,10300.0,441055.5123784805,4011373.0284994165,False,22.491592407226562,21.987834930419922,23.065319061279297,3.130000114440918,0.0,0.24903809157368217,1868.0,147.41826575333243,True,,,,,,,,,,,,,,
8,10400.0,441149.478132094,4011407.24015164,False,22.52814292907715,22.056604385375977,23.089099884033203,3.130000114440918,0.0,0.14758196327276224,1868.0,175.61455118592883,False,,,,,,,,,,,,,,
8,10500.0,441243.44388570753,4011441.451803863,False,22.571914672851562,22.093624114990234,23.149099349975586,3.140000104904175,0.0,0.05584927424781313,1868.0,120.47058823529396,True,,,,,,,,,,,,,,
8,10600.0,441337.409639321,4011475.6634560865,False,22.623001098632812,22.100658416748047,23.25730323791504,3.1500000953674316,0.0,0.007685656643289461,1868.0,138.70806251081638,True,,,,,,,,,,,,,,
8,10700.0,441431.3753929345,4011509.8751083096,False,22.726591110229492,22.1055908203125,23.47880744934082,3.1600000858306885,0.0,0.0,1868.0,139.92576573673773,True,,,,,,,,,,,,,,
8,10800.0,441525.341146548,4011544.086760533,False,22.8461971282959,22.118881225585938,23.725906372070312,3.1700000762939453,0.0,0.0,1868.0,139.92576573673773,True,,,,,,,,,,,,,,
8,10900.0,441619.3069001615,4011578.2984127565,False,23.002254486083984,22.147563934326172,23.988788604736328,3.190000057220459,0.0,0.0,1868.0,138.70806251081638,True,,,,,,,,,,,,,,
8,11000.0,441713.27265377494,4011612.5100649795,False,23.181583404541016,22.19428825378418,24.233531951904297,3.200000047683716,0.0,0.0,1868.0,138.70806251081638,True,,,,,,,,,,,,,,
8,11100.0,441807.23840738845,4011646.721717203,False,23.3828182220459,22.268064498901367,24.4708309173584,3.2100000381469727,0.0,0.0,1868.0,134.5867635727328,True,,,,,,,,,,,,,,
8,11200.0,441901.20416100195,4011680.9333694265,False,23.605520248413086,22.38898468017578,24.700529098510742,3.2200000286102295,0.0,0.0,1868.0,134.5867635727328,True,,,,,,,,,,,,,,
8,11300.0,441995.16991461546,4011715.1450216495,False,23.848806381225586,22.62792205810547,24.927413940429688,3.2300000190734863,0.0,0.0,1868.0,127.75073004580959,True,,,,,,,,,,,,,,
8,11400.0,442089.1356682289,4011749.356673873,False,24.110546112060547,22.93583106994629,25.148700714111328,3.25,0.0,0.0,1868.0,204.79999999999976,False,,,,,,,,,,,,,,
8,11500.0,442183.1014218424,4011783.5683260965,False,24.34908676147461,23.220857620239258,25.406356811523438,3.259999990463257,0.0,0.0,1868.0,170.6666666666665,True,,,,,,,,,,,,,,
8,11600.0,442277.0671754559,4011817.7799783195,False,24.59393882751465,23.536609649658203,25.567258834838867,3.259999990463257,0.0,0.0,1868.0,157.53846153846138,True,,,,,,,,,,,,,,
8,11700.0,442371.03292906936,4011851.991630543,False,24.8179931640625,23.861602783203125,25.729656219482422,3.259999990463257,0.0,0.0,1868.0,145.9139583752388,True,,,,,,,,,,,,,,
8,11800.0,442464.99868268287,4011886.203282766,False,25.01865005493164,24.107126235961914,25.872949600219727,3.259999990463257,0.0,0.0,1868.0,145.9139583752388,False,,,,,,,,,,,,,,
8,11900.0,442558.9644362964,4011920.4149349895,False,25.231809616088867,24.36485481262207,26.046110153198242,3.259999990463257,0.0,0.0,1868.0,130.84192051198752,True,,,,,,,,,,,,,,
8,12000.0,442652.9301899099,4011954.626587213,False,25.436376571655273,24.605201721191406,26.241212844848633,3.259999990463257,0.0,0.0,1868.0,130.84192051198752,False,,,,,,,,,,,,,,
8,12100.0,442746.8959435233,4011988.838239436,False,25.639223098754883,24.83795166015625,26.4456729888916,3.259999990463257,0.0,0.0,1868.0,148.62099881006876,True,,,,,,,,,,,,,,
8,12200.0,442840.86169713683,4012023.0498916595,False,25.842756271362305,25.067058563232422,26.690353393554688,3.259999990463257,0.0,0.0,1868.0,170.0771427404593,True,,,,,,,,,,,,,,
8,12300.0,442934.82745075034,4012057.261543883,False,26.04323387145996,25.270030975341797,26.951377868652344,3.259999990463257,0.0,0.0,1868.0,170.0771427404593,True,,,,,,,,,,,,,,
8,12400.0,443028.7932043638,4012091.473196106,False,26.192697525024414,25.42119789123535,27.195974349975586,3.259999990463257,0.0,0.0,1868.0,181.01933598375595,True,,,,,,,,,,,,,,
8,12500.0,443122.7589579773,4012125.6848483295,False,26.305604934692383,25.532506942749023,27.245498657226562,3.259999990463257,0.0,0.0,1868.0,181.01933598375595,True,,,,,,,,,,,,,,
8,12600.0,443216.7247115908,4012159.8965005525,False,26.368539810180664,25.61488151550293,27.254735946655273,3.259999990463257,0.0,0.0,1868.0,511.99999999999943,False,,,,,,,,,,,,,,
8,12700.0,443310.6904652043,4012194.108152776,False,26.412921905517578,25.66792869567871,27.26201820373535,1.0626311302185059,0.0,0.0,2016.0,511.99999999999943,True,,,,,,,,,,,,,,
8,12800.0,443404.65621881775,4012228.3198049995,False,26.43798065185547,25.69261932373047,27.26730728149414,1.0626311302185059,0.0,0.0,2016.0,180.39405143491663,False,,,,,,,,,,,,,,
8,12900.0,443498.62197243125,4012262.5314572225,False,26.451017379760742,25.622074127197266,27.270437240600586,1.0626311302185059,0.0,0.0,2016.0,180.39405143491663,False,,,,,,,,,,,,,,
8,13000.0,443592.58772604476,4012296.743109446,False,26.460657119750977,25.488365173339844,27.270252227783203,1.0626311302185059,0.0,0.0,2016.0,150.61719178612515,False,,,,,,,,,,,,,,
8,13100.0,443686.5534796582,4012330.9547616695,False,26.448822021484375,25.454191207885742,27.268999099731445,1.0626311302185059,0.0,0.0,2016.0,284.006500467317,False,,,,,,,,,,,,,,
9,5000.0,436221.0556250176,4009164.429561005,True,20.866527557373047,20.056713104248047,21.637699127197266,0.300119549036026,0.0,1.0,2001.0,130.84192051198752,True,66.80140948635182,0.009203884727313857,0.009203884727313857,"[0.009203884727313857, 0.009203884727313857]",0.04616497893836332,0.046065443060205866,"[0.04563592843959788, 0.046402918833540696]",0.15761652595524983,0.15761652595524983,"[0.15761652595524983, 0.15761652595524983]",150.9737472488376,135.86683914229204,168.72782860266076,135.86683914229204
9,5100.0,436314.74028178555,4009199.403624056,True,21.060062408447266,20.25790023803711,21.797725677490234,0.300119549036026,0.0,1.0,2001.0,130.84192051198752,True,60.25511870305778,0.009203884727313857,0.009203884727313857,"[0.009203884727313857, 0.009203884727313857]",0.04563592843959788,0.04596092436923467,"[0.04563592843959788, 0.046402918833540696]",0.15761652595524983,0.15761652595524983,"[0.15761652595524983, 0.15761652595524983]",151.88494352680036,136.63840785875192,169.80001584761584,136.63840785875192
9,5200.0,436408.4249385535,4009234.3776871064,True,21.250577926635742,20.44802474975586,21.940147399902344,0.300119549036026,0.0,1.0,2001.0,124.8945604887154,True,60.25511870305778,0.050401634316553624,0.0444921916089696,"[0.033747577333484144, 0.05215534678811186]",0.04585493808030838,0.04589159190424549,"[0.04563592843959788, 0.046402918833540696]",0.15761652595524983,0.15761652595524983,"[0.15761652595524983, 0.15761652595524983]",152.49162757091455,137.15123622168332,170.51490596714618,137.15123622168332
9,5300.0,436502.1095953214,4009269.3517501573,True,21.449798583984375,20.668109893798828,22.108089447021484,0.300119549036026,0.0,1.0,2001.0,130.84192051198752,True,60.25511870305778,0.04991495962151631,0.04398653323794957,"[0.033747577333484144, 0.05215534678811186]",0.04585754754830428,0.04590985358029174,"[0.04563592843959788, 0.046402918833540696]",0.15761652595524983,0.15761652595524983,"[0.15761652595524983, 0.15761652595524983]",152.5117102964192,137.16830917851902,170.53846080017917,137.16830917851902
9,5400.0,436595.79425208934,4009304.325813208,True,21.61175537109375,20.905311584472656,22.224063873291016,0.300119549036026,0.0,1.0,2001.0,137.38401653758692,True,66.80140948635182,0.042113988640184216,0.043264986114835785,"[0.033747577333484144, 0.05215534678811186]",0.032642024540773654,0.03259709174256992,"[0.03259709174256992, 0.03259709174256992]",0.15761652595524983,0.15761652595524983,"[0.15761652595524983, 0.15761652595524983]",152.94445449132644,137.53372633743268,171.04882314888167,137.53372633743268
9,5500.0,436689.4789088573,4009339.2998762587,True,21.743215560913086,21.15141487121582,22.307384490966797,0.300119549036026,0.0,1.0,2001.0,134.45778724835574,True,66.80140948635182,0.0425278784612083,0.04275229783119298,"[0.033747577333484144, 0.05215534678811186]",0.04545539632758069,0.04563592843959788,"[0.04563592843959788, 0.04563592843959788]",0.15761652595524983,0.15761652595524983,"[0.15761652595524983, 0.15761652595524983]",153.7723819874483,138.23181408826096,172.02642903614435,138.23181408826096
9,5600.0,436783.16356562515,4009374.273939309,True,21.835664749145508,21.325374603271484,22.365859985351562,0.300119549036026,0.0,1.0,2001.0,134.45778724835574,True,66.80140948635182,0.044228319753275826,0.0429758765574641,"[0.033747577333484144, 0.05215534678811186]",0.04544276635162443,0.04563592843959788,"[0.04563592843959788, 0.04563592843959788]",0.15761652595524983,0.15761652595524983,"[0.15761652595524983, 0.15761652595524983]",153.56159785280607,138.05455614593737,171.77699895839353,138.05455614593737
9,5700.0,436876.8482223931,4009409.24800236,True,21.892040252685547,21.398468017578125,22.38330841064453,0.300119549036026,0.0,1.0,2001.0,137.76338821044462,False,45.0,0.04612944948156654,0.04606598796462324,"[0.039883500485026716, 0.05215534678811186]",0.04563592843959788,0.04563592843959788,"[0.04563592843959788, 0.04563592843959788]",0.15761652595524983,0.15761652595524983,"[0.15761652595524983, 0.15761652595524983]",153.95216956581123,138.38371317705864,172.23836753583603,138.38371317705864
9,5800.0,436970.532879161,4009444.222065411,True,21.922435760498047,21.43865203857422,22.394100189208984,0.300119549036026,0.0,1.0,2001.0,144.81546878700476,False,45.0,0.04742663083751034,0.046379688584587186,"[0.039883500485026716, 0.05215534678811186]",0.036411821714270876,0.03643204371228402,"[0.03643204371228402, 0.03643204371228402]",0.15761652595524983,0.15761652595524983,"[0.15761652595524983, 0.15761652595524983]",154.4120668660174,138.77070221776583,172.78230839774977,138.77070221776583
9,5900.0,437064.21753592894,4009479.1961284615,True,21.940908432006836,21.509822845458984,22.403514862060547,0.300119549036026,0.0,1.0,2001.0,136.0144456606347,False,45.0,0.04963943816204186,0.04659089734650984,"[0.039883500485026716, 0.05215534678811186]",0.03643204371228402,0.03643204371228402,"[0.03643204371228402, 0.03643204371228402]",0.15761652595524983,0.15761652595524983,"[0.15761652595524983, 0.15761652595524983]",154.03337082014212,138.45220294339936,172.334222458835,138.45220294339936
9,6000.0,437157.90219269687,4009514.1701915124,True,21.957489013671875,21.509822845458984,22.41588020324707,0.300119549036026,0.0,1.0,2001.0,127.28601860188867,False,90.0,0.035855748057501434,0.037887028955842034,"[0.015339807878856429, 0.05829126993965443]",0.036477108969212246,0.03643204371228402,"[0.03643204371228402, 0.03643204371228402]",0.15761652595524983,0.15761652595524983,"[0.15761652595524983, 0.15761652595524983]",154.0453563204811,138.46233719955384,172.34834194268308,138.46233719955384
9,6100.0,437251.5868494648,4009549.144254563,True,21.969974517822266,21.482139587402344,22.423961639404297,0.300119549036026,0.0,1.0,2001.0,128.37665603731907,False,90.0,0.03455648767044926,0.04209921218616104,"[0.027611654181941572, 0.05829126993965443]",0.03643204371228402,0.03643204371228402,"[0.03643204371228402, 0.03643204371228402]",0.15761652595524983,0.15761652595524983,"[0.15761652595524983, 0.15761652595524983]",154.3800245622591,138.74381250659286,172.7443267491438,138.74381250659286
9,6200.0,437345.27150623273,4009584.118317614,True,21.969636917114258,21.469837188720703,22.42784881591797,0.300119549036026,0.0,1.0,2001.0,150.57195460481162,True,56.309932474020215,0.04319091080968618,0.04012108024059844,"[0.027611654181941572, 0.05215534678811186]",0.03649264598725625,0.03643204371228402,"[0.03643204371228402, 0.03643204371228402]",0.15761652595524983,0.15761652595524983,"[0.15761652595524983, 0.15761652595524983]",154.25599038527292,138.6395407271763,172.59751217097477,138.6395407271763
9,6300.0,437438.95616300066,4009619.0923806643,True,21.949399948120117,21.469837188720703,22.431407928466797,0.300119549036026,0.0,1.0,2001.0,150.57195460481162,True,51.34019174590991,0.04093142252983193,0.0423020066972824,"[0.033747577333484144, 0.05215534678811186]",0.03649436956783578,0.03643204371228402,"[0.03643204371228402, 0.03643204371228402]",0.15761652595524983,0.15761652595524983,"[0.15761652595524983, 0.15761652595524983]",154.0399196980616,138.45753253671742,172.34217602015036,138.45753253671742
9,6400.0,437532.64081976854,4009654.0664437152,True,21.917598724365234,21.469837188720703,22.362770080566406,0.300119549036026,0.0,1.0,2001.0,150.57195460481162,True,51.34019174590991,0.041567848782059776,0.04534103381894013,"[0.033747577333484144, 0.05829126993965443]",0.03649264598725625,0.03643204371228402,"[0.03643204371228402, 0.03643204371228402]",0.15761652595524983,0.15761652595524983,"[0.15761652595524983, 0.15761652595524983]",154.09258577998492,138.50203518148868,172.40425296351447,138.50203518148868
9,6500.0,437626.32547653647,4009689.040506766,True,21.885652542114258,21.469837188720703,22.24014663696289,0.300119549036026,0.0,1.0,2001.0,150.57195460481162,True,51.34019174590991,0.04223973121962277,0.046039438294682426,"[0.033747577333484144, 0.05829126993965443]",0.03643204371228402,0.03643204371228402,"[0.03643204371228402, 0.03643204371228402]",0.15761652595524983,0.15761652595524983,"[0.15761652595524983, 0.15761652595524983]",154.14951318756783,138.550104720539,172.47139178609137,138.550104720539
9,6600.0,437720.0101333044,4009724.0145698166,True,21.868732452392578,21.457889556884766,22.216712951660156,0.300119549036026,0.0,1.0,2001.0,170.6666666666665,True,90.0,0.0373413049249493,0.03723860523415515,"[0.027611654181941572, 0.04601942363656929]",0.04563592843959788,0.04563592843959788,"[0.04563592843959788, 0.04563592843959788]",0.15761652595524983,0.15761652595524983,"[0.15761652595524983, 0.15761652595524983]",153.8247099025117,138.27663256150268,172.0874169290299,138.27663256150268
9,6700.0,437813.69479007233,4009758.9886328676,True,21.879484176635742,21.45728302001953,22.234474182128906,0.300119549036026,0.0,1.0,2001.0,170.6666666666665,True,90.0,0.0359493295070901,0.036897259462020965,"[0.027611654181941572, 0.04601942363656929]",0.04563592843959788,0.04563592843959788,"[0.04563592843959788, 0.04563592843959788]",0.15761652595524983,0.15761652595524983,"[0.15761652595524983, 0.15761652595524983]",153.8265750402555,138.27813540851614,172.08969937154694,138.27813540851614
9,6800.0,437907.37944684026,4009793.962695918,True,21.92424201965332,21.436019897460938,22.41748809814453,0.300119549036026,0.0,1.0,2001.0,170.6666666666665,True,90.0,0.03449511710214896,0.034143739370304745,"[0.027611654181941572, 0.039883500485026716]",0.04563592843959788,0.04563592843959788,"[0.04563592843959788, 0.04563592843959788]",0.15761652595524983,0.15761652595524983,"[0.15761652595524983, 0.15761652595524983]",153.90004930769638,138.33979164718193,172.1767961611581,138.33979164718193
9,6900.0,438001.0641036082,4009828.936758969,True,22.003034591674805,21.413536071777344,22.748111724853516,0.300119549036026,0.0,1.0,2001.0,170.6666666666665,True,90.0,0.033380926266232236,0.0335284654225306,"[0.027611654181941572, 0.039883500485026716]",0.036314166179576376,0.03643204371228402,"[0.03643204371228402, 0.03643204371228402]",0.15761652595524983,0.15761652595524983,"[0.15761652595524983, 0.15761652595524983]",154.3678316544809,138.73325872350628,172.7302442212777,138.73325872350628
9,7000.0,438094.7487603761,4009863.9108220194,True,22.10837173461914,21.402061462402344,22.981369018554688,0.300119549036026,0.0,1.0,2001.0,186.18181818181793,True,90.0,0.032530582385575275,0.03115071440515086,"[0.027611654181941572, 0.033747577333484144]",0.036292788548322026,0.03643204371228402,"[0.03643204371228402, 0.03643204371228402]",0.15761652595524983,0.15761652595524983,"[0.15761652595524983, 0.15761652595524983]",154.72762524385007,139.03474510939557,173.15724872122334,139.03474510939557
9,7100.0,438188.433417144,4009898.8848850704,True,22.226512908935547,21.462238311767578,23.173297882080078,0.300119549036026,0.0,1.0,2001.0,186.18181818181793,True,90.0,0.009203884727313857,0.011252082206246345,"[0.009203884727313857, 0.015339807878856429]",0.04536778524026614,0.045320108865621433,"[0.04486893804565506, 0.04563592843959788]",0.15761652595524983,0.15761652595524983,"[0.15761652595524983, 0.15761652595524983]",154.6216612819485,138.94509521490093,173.0324772484572,138.94509521490093
9,7200.0,438282.11807391193,4009933.858948121,True,22.346529006958008,21.541908264160156,23.29345703125,0.300119549036026,0.0,1.0,2001.0,204.79999999999976,False,90.0,0.009203884727313857,0.011341925869927164,"[0.009203884727313857, 0.015339807878856429]",0.031830101348627085,0.03216246385266898,"[0.031830101348627085, 0.03259709174256992]",0.20823789195547604,0.20823789195547604,"[0.20823789195547604, 0.20823789195547604]",155.3570775708711,139.56285766535498,173.90351755515695,139.56285766535498
9,7300.0,438375.80273067986,4009968.833011172,True,22.471324920654297,21.57284164428711,23.36457061767578,0.300119549036026,0.0,1.0,2001.0,120.47058823529396,True,63.43494882292201,0.009203884727313857,0.009203884727313857,"[0.009203884727313857, 0.009203884727313857]",0.031830101348627085,0.03216809711544935,"[0.031830101348627085, 0.03259709174256992]",0.20823789195547604,0.20823789195547604,"[0.20823789195547604, 0.20823789195547604]",155.29249533677142,139.50843260342302,173.82722641119025,139.50843260342302
9,7400.0,438469.4873874478,4010003.8070742227,True,22.609947204589844,21.554519653320312,23.4461669921875,0.300119549036026,0.0,1.0,2001.0,120.47058823529396,True,60.25511870305778,0.009203884727313857,0.009203884727313857,"[0.009203884727313857, 0.009203884727313857]",0.03209195345891433,0.03212837539071596,"[0.031830101348627085, 0.03259709174256992]",0.20823789195547604,0.20823789195547604,"[0.20823789195547604, 0.20823789195547604]",155.47014084719123,139.65654906334612,174.03890970784101,139.65654906334612
9,7500.0,438563.1720442157,4010038.781137273,True,22.76156234741211,21.523353576660156,23.568317413330078,0.300119549036026,0.0,1.0,2001.0,127.01156821934931,True,60.25511870305778,0.009203884727313857,0.011729383338057356,"[0.009203884727313857, 0.015339807878856429]",0.0356650533183412,0.0356650533183412,"[0.0356650533183412, 0.0356650533183412]",0.20823789195547604,0.20823789195547604,"[0.20823789195547604, 0.20823789195547604]",156.32799358244077,140.37582875672328,175.05649997415077,140.37582875672328
9,7600.0,438656.85670098366,4010073.755200324,True,22.913837432861328,21.621395111083984,23.64722442626953,0.300119549036026,0.0,1.0,2001.0,175.61455118592883,False,60.25511870305778,0.013563871211258639,0.03735924860560658,"[0.009203884727313857, 0.07056311624273957]",0.04410194765171223,0.04410194765171223,"[0.04410194765171223, 0.04410194765171223]",0.20823789195547604,0.20823789195547604,"[0.20823789195547604, 0.20823789195547604]",156.76082363517688,140.73761970191953,175.57122099812162,140.73761970191953
9,7700.0,438750.5413577516,4010108.7292633746,True,23.05113410949707,21.96774673461914,23.664958953857422,0.300119549036026,0.0,1.0,2001.0,175.61455118592883,True,59.03624346792648,0.039898456270712965,0.042401127776473486,"[0.033747577333484144, 0.05215534678811186]",0.04410194765171223,0.04410194765171223,"[0.04410194765171223, 0.04410194765171223]",0.20823789195547604,0.20823789195547604,"[0.20823789195547604, 0.20823789195547604]",156.78077112144686,140.75457035321966,175.59462325178598,140.75457035321966
9,7800.0,438844.22601451946,4010143.7033264255,True,23.15717124938965,22.328472137451172,23.664958953857422,0.300119549036026,0.0,1.0,2001.0,175.61455118592883,True,59.03624346792648,0.03948080251749667,0.03971670555368011,"[0.033747577333484144, 0.04601942363656929]",0.04410194765171223,0.04410194765171223,"[0.04410194765171223, 0.04410194765171223]",0.20823789195547604,0.20823789195547604,"[0.20823789195547604, 0.20823789195547604]",157.58365108279003,141.4288611718328,176.54573331812398,141.4288611718328
9,7900.0,438937.9106712874,4010178.677389476,True,23.221776962280273,22.457130432128906,23.664958953857422,0.300119549036026,0.0,1.0,2001.0,167.77869732229925,True,59.03624346792648,0.03873357997998416,0.03930198268081813,"[0.033747577333484144, 0.04601942363656929]",0.04410194765171223,0.04410194765171223,"[0.04410194765171223, 0.04410194765171223]",0.20823789195547604,0.20823789195547604,"[0.20823789195547604, 0.20823789195547604]",157.56581531192174,141.41371021575742,176.52480201870173,141.41371021575742
9,8000.0,439031.5953280553,4010213.651452527,True,23.23796272277832,22.423118591308594,23.669143676757812,0.300119549036026,0.0,1.0,2001.0,162.8156743689768,True,59.03624346792648,0.038571611887311376,0.03727698911606708,"[0.033747577333484144, 0.039883500485026716]",0.04410194765171223,0.04410194765171223,"[0.04410194765171223, 0.04410194765171223]",0.20823789195547604,0.20823789195547604,"[0.20823789195547604, 0.20823789195547604]",157.400425929127,141.2748131881248,176.32887534577736,141.2748131881248
9,8100.0,439125.27998482325,4010248.625515578,True,23.199329376220703,22.192306518554688,23.677978515625,0.300119549036026,0.0,1.0,2001.0,152.64890726398548,True,63.43494882292201,0.038337547478404115,0.03915508283392938,"[0.033747577333484144, 0.04601942363656929]",0.04410194765171223,0.04410194765171223,"[0.04410194765171223, 0.04410194765171223]",0.20823789195547604,0.20823789195547604,"[0.20823789195547604, 0.20823789195547604]",157.3686471300222,141.24858734394866,176.2906951067988,141.24858734394866
9,8200.0,439218.9646415912,4010283.5995786283,True,23.123046875,21.86302947998047,23.67975616455078,0.300119549036026,0.0,1.0,2001.0,143.03852457360946,True,63.43494882292201,0.03958405628772658,0.047866905640847585,"[0.033747577333484144, 0.064427193091197]",0.04410194765171223,0.04410194765171223,"[0.04410194765171223, 0.04410194765171223]",0.20823789195547604,0.20823789195547604,"[0.20823789195547604, 0.20823789195547604]",157.22066750395717,141.12392998719898,176.11583196429947,141.12392998719898
9,8300.0,439312.6492983591,4010318.5736416792,True,23.019298553466797,21.69164276123047,23.683635711669922,0.300119549036026,0.0,1.0,2001.0,146.12013900426047,False,63.43494882292201,0.040792667821634966,0.048146266931583186,"[0.033747577333484144, 0.064427193091197]",0.04410194765171223,0.04410194765171223,"[0.04410194765171223, 0.04410194765171223]",0.20823789195547604,0.20823789195547604,"[0.20823789195547604, 0.20823789195547604]",157.02427962113086,140.9587287286605,175.88349544858605,140.9587287286605
9,8400.0,439406.33395512705,4010353.5477047297,True,22.884902954101562,21.57501983642578,23.68445587158203,0.300119549036026,0.0,1.0,2001.0,131.22933622529433,True,59.03624346792648,0.04426359003255259,0.04558997505734085,"[0.033747577333484144, 0.05829126993965443]",0.04410194765171223,0.04410194765171223,"[0.04410194765171223, 0.04410194765171223]",0.20823789195547604,0.20823789195547604,"[0.20823789195547604, 0.20823789195547604]",156.88317893083115,140.8405357339232,175.7159881699009,140.8405357339232
9,8500.0,439500.018611895,4010388.5217677807,True,22.729270935058594,21.456256866455078,23.669017791748047,0.300119549036026,0.0,1.0,2001.0,167.77869732229925,False,59.03624346792648,0.04509833810952994,0.04508887172956006,"[0.033747577333484144, 0.05829126993965443]",0.04410194765171223,0.04410194765171223,"[0.04410194765171223, 0.04410194765171223]",0.20823789195547604,0.20823789195547604,"[0.20823789195547604, 0.20823789195547604]",156.29119270771773,140.34338384579925,175.0146825212922,140.34338384579925
9,8600.0,439593.70326866285,4010423.495830831,True,22.55339241027832,21.351177215576172,23.613460540771484,0.300119549036026,0.0,1.0,2001.0,167.77869732229925,False,51.34019174590991,0.03739580755192287,0.04235777771676903,"[0.033747577333484144, 0.05215534678811186]",0.04563592843959788,0.04489450439211982,"[0.04410194765171223, 0.04563592843959788]",0.20823789195547604,0.20823789195547604,"[0.20823789195547604, 0.20823789195547604]",155.59116824243742,139.75700919530917,174.18364852375458,139.75700919530917
9,8700.0,439687.3879254308,4010458.469893882,True,22.37345314025879,21.28353500366211,23.57928466796875,0.300119549036026,0.0,1.0,2001.0,167.77869732229925,False,51.34019174590991,0.03725365122382293,0.0420908611322125,"[0.033747577333484144, 0.05215534678811186]",0.04563592843959788,0.04563592843959788,"[0.04563592843959788, 0.04563592843959788]",0.20823789195547604,0.20823789195547604,"[0.20823789195547604, 0.20823789195547604]",154.79459647343185,139.08815753053966,173.23984866946296,139.08815753053966
9,8800.0,439781.0725821987,4010493.4439569325,True,22.20758056640625,21.282089233398438,23.565814971923828,0.300119549036026,0.0,1.0,2001.0,167.77869732229925,False,51.34019174590991,0.037612859190463435,0.04216375138312855,"[0.033747577333484144, 0.05215534678811186]",0.04563592843959788,0.04563592843959788,"[0.04563592843959788, 0.04563592843959788]",0.20823789195547604,0.20823789195547604,"[0.20823789195547604, 0.20823789195547604]",154.86137842135088,139.14483973097373,173.3182741324746,139.14483973097373
9,8900.0,439874.75723896665,4010528.4180199835,True,22.06667137145996,21.282089233398438,23.44228744506836,0.300119549036026,0.0,1.0,2001.0,167.77869732229925,True,51.34019174590991,0.038013175608070965,0.03771172396625507,"[0.021475731030399, 0.05215534678811186]",0.04563592843959788,0.04563592843959788,"[0.04563592843959788, 0.04563592843959788]",0.20823789195547604,0.20823789195547604,"[0.20823789195547604, 0.20823789195547604]",154.38057800358442,138.7417345723609,172.74791434034296,138.7417345723609
9,9000.0,439968.4418957346,4010563.3920830344,True,21.970884323120117,21.282089233398438,23.0413818359375,0.300119549036026,0.0,1.0,2001.0,150.88018820192238,True,51.34019174590991,0.03893124670059693,0.03548918216968772,"[0.015339807878856429, 0.05215534678811186]",0.04563592843959788,0.04563592843959788,"[0.04563592843959788, 0.04563592843959788]",0.20823789195547604,0.20823789195547604,"[0.20823789195547604, 0.20823789195547604]",154.10523509410515,138.51035057716527,172.42189654122302,138.51035057716527
9,9100.0,440062.1265525025,4010598.366146085,True,21.94293975830078,21.282089233398438,22.769813537597656,0.300119549036026,0.0,1.0,2001.0,179.62148235407938,False,53.13010235415598,0.03156641600259491,0.03690002758013099,"[0.015339807878856429, 0.05829126993965443]",0.04563592843959788,0.04563592843959788,"[0.04563592843959788, 0.04563592843959788]",0.15761652595524983,0.15761652595524983,"[0.15761652595524983, 0.15761652595524983]",154.13819762383972,138.5394525661635,172.4593091311967,138.5394525661635
9,9200.0,440155.81120927044,4010633.340209136,True,21.98484992980957,21.282089233398438,22.955413818359375,0.300119549036026,0.0,1.0,2001.0,192.65963384496044,False,53.13010235415598,0.03175123337487524,0.04098203414202706,"[0.027611654181941572, 0.05829126993965443]",0.04563592843959788,0.04563592843959788,"[0.04563592843959788, 0.04563592843959788]",0.20823789195547604,0.20823789195547604,"[0.20823789195547604, 0.20823789195547604]",154.13901923501177,138.5396695090032,172.46082677066437,138.5396695090032
9,9300.0,440249.4958660383,4010668.3142721863,True,22.07776641845703,21.283016204833984,23.181612014770508,0.300119549036026,0.0,1.0,2001.0,192.65963384496044,True,45.0,0.031668134583920045,0.03294759841333176,"[0.027611654181941572, 0.039883500485026716]",0.04563592843959788,0.04563592843959788,"[0.04563592843959788, 0.04563592843959788]",0.20823789195547604,0.20823789195547604,"[0.20823789195547604, 0.20823789195547604]",154.59105479233344,138.91921654988977,172.99642254329692,138.91921654988977
9,9400.0,440343.18052280624,4010703.288335237,True,22.209835052490234,21.328380584716797,23.431705474853516,0.300119549036026,0.0,1.0,2001.0,181.01933598375595,True,45.0,0.03309042311021101,0.03346548895510566,"[0.027611654181941572, 0.039883500485026716]",0.04563592843959788,0.04563592843959788,"[0.04563592843959788, 0.04563592843959788]",0.20823789195547604,0.20823789195547604,"[0.20823789195547604, 0.20823789195547604]",154.73218461606245,139.03735422193213,173.16405626355007,139.03735422193213
9,9500.0,440436.8651795742,4010738.2623982877,False,22.352964401245117,21.40005111694336,23.502655029296875,3.0799999237060547,0.0,0.9944037051331532,1868.0,167.77869732229925,True,,,,,,,,,,,,,,
9,9600.0,440530.5498363421,4010773.2364613386,False,22.465917587280273,21.50127410888672,23.502655029296875,3.0999999046325684,0.0,0.949064248504727,1868.0,162.8156743689768,True,,,,,,,,,,,,,,
9,9700.0,440624.23449311004,4010808.210524389,False,22.533720016479492,21.55484390258789,23.502220153808594,3.0999999046325684,0.0,0.8602005399151562,1868.0,167.77869732229925,True,,,,,,,,,,,,,,
9,9800.0,440717.91914987797,4010843.18458744,False,22.591787338256836,21.652565002441406,23.49892807006836,3.0999999046325684,0.0,0.7584578313253012,1868.0,162.8156743689768,False,,,,,,,,,,,,,,
9,9900.0,440811.6038066459,4010878.158650491,False,22.661575317382812,21.84259796142578,23.494869232177734,3.109999895095825,0.0,0.6590558766859345,1868.0,162.8156743689768,False,,,,,,,,,,,,,,
9,10000.0,440905.28846341383,4010913.1327135414,False,22.71357536315918,22.051685333251953,23.493667602539062,3.109999895095825,0.0,0.5574496773572185,1868.0,170.6666666666665,True,,,,,,,,,,,,,,
9,10100.0,440998.9731201817,4010948.1067765923,False,22.738880157470703,22.101428985595703,23.48778533935547,3.119999885559082,0.0,0.4557096090891585,1868.0,147.41826575333243,True,,,,,,,,,,,,,,
9,10200.0,441092.65777694964,4010983.080839643,False,22.73613929748535,22.11870765686035,23.4837646484375,3.119999885559082,0.0,0.3637763449138678,1868.0,139.92576573673773,True,,,,,,,,,,,,,,
9,10300.0,441186.34243371757,4011018.0549026937,False,22.723779678344727,22.130382537841797,23.45389175415039,3.119999885559082,0.0,0.26240861869949983,1868.0,147.41826575333243,True,,,,,,,,,,,,,,
9,10400.0,441280.0270904855,4011053.028965744,False,22.719396591186523,22.131132125854492,23.387863159179688,3.140000104904175,0.0,0.16161907508893375,1868.0,175.61455118592883,False,,,,,,,,,,,,,,
9,10500.0,441373.71174725343,4011088.003028795,False,22.735315322875977,22.121795654296875,23.427709579467773,3.1600000858306885,0.0,0.0662887885483716,1868.0,175.61455118592883,False,,,,,,,,,,,,,,
9,10600.0,441467.39640402136,4011122.977091846,False,22.8010311126709,22.116708755493164,23.587020874023438,3.1700000762939453,0.0,0.011142061281337047,1868.0,120.47058823529396,True,,,,,,,,,,,,,,
9,10700.0,441561.0810607893,4011157.9511548965,False,22.93255043029785,22.129989624023438,23.836610794067383,3.180000066757202,0.0,0.0,1868.0,127.01156821934931,True,,,,,,,,,,,,,,
9,10800.0,441654.76571755717,4011192.9252179475,False,23.09752655029297,22.178936004638672,24.070146560668945,3.180000066757202,0.0,0.0,1868.0,134.16894097006954,True,,,,,,,,,,,,,,
9,10900.0,441748.4503743251,4011227.899280998,False,23.258161544799805,22.25179672241211,24.24595832824707,3.190000057220459,0.0,0.0,1868.0,134.16894097006954,True,,,,,,,,,,,,,,
9,11000.0,441842.135031093,4011262.873344049,False,23.45111083984375,22.375385284423828,24.44019317626953,3.200000047683716,0.0,0.0,1868.0,134.5867635727328,True,,,,,,,,,,,,,,
9,11100.0,441935.81968786096,4011297.8474070993,False,23.6593074798584,22.55982208251953,24.634437561035156,3.2100000381469727,0.0,0.0,1868.0,143.07730416618148,True,,,,,,,,,,,,,,
9,11200.0,442029.5043446289,4011332.8214701503,False,23.88053321838379,22.799062728881836,24.828861236572266,3.2300000190734863,0.0,0.0,1868.0,457.9467217919564,False,,,,,,,,,,,,,,
9,11300.0,442123.1890013968,4011367.7955332007,False,24.12391471862793,23.12845802307129,25.029027938842773,3.2300000190734863,0.0,0.0,1868.0,204.79999999999976,False,,,,,,,,,,,,,,
9,11400.0,442216.87365816475,4011402.7695962517,False,24.380634307861328,23.408124923706055,25.385656356811523,3.2300000190734863,0.0,0.0,1868.0,204.79999999999976,True,,,,,,,,,,,,,,
9,11500.0,442310.5583149326,4011437.7436593026,False,24.630887985229492,23.6611328125,25.698823928833008,3.2300000190734863,0.0,0.0,1868.0,170.6666666666665,True,,,,,,,,,,,,,,
9,11600.0,442404.24297170056,4011472.717722353,False,24.837425231933594,23.90676498413086,25.841999053955078,3.2300000190734863,0.0,0.0,1868.0,153.40835925163674,True,,,,,,,,,,,,,,
9,11700.0,442497.9276284685,4011507.691785404,False,25.07530403137207,24.15183448791504,26.063621520996094,3.240000009536743,0.0,0.0,1868.0,145.9139583752388,True,,,,,,,,,,,,,,
9,11800.0,442591.6122852364,4011542.6658484545,False,25.282442092895508,24.365877151489258,26.247562408447266,3.240000009536743,0.0,0.0,1868.0,145.9139583752388,False,,,,,,,,,,,,,,
9,11900.0,442685.29694200435,4011577.6399115054,False,25.505760192871094,24.58060646057129,26.4343204498291,3.240000009536743,0.0,0.0,1868.0,130.84192051198752,False,,,,,,,,,,,,,,
9,12000.0,442778.9815987723,4011612.613974556,False,25.72378921508789,24.771806716918945,26.642166137695312,3.240000009536743,0.0,0.0,1868.0,130.84192051198752,False,,,,,,,,,,,,,,
9,12100.0,442872.6662555402,4011647.588037607,False,25.939939498901367,24.964458465576172,26.828588485717773,3.240000009536743,0.0,0.0,1868.0,146.19250897884135,False,,,,,,,,,,,,,,
9,12200.0,442966.35091230815,4011682.5621006577,False,26.153072357177734,25.19466209411621,27.06436538696289,3.240000009536743,0.0,0.0,1868.0,170.0771427404593,True,,,,,,,,,,,,,,
9,12300.0,443060.035569076,4011717.536163708,False,26.30640983581543,25.467573165893555,27.177749633789062,3.240000009536743,0.0,0.0,1868.0,170.0771427404593,True,,,,,,,,,,,,,,
9,12400.0,443153.72022584395,4011752.510226759,False,26.424591064453125,25.678464889526367,27.2383975982666,3.240000009536743,0.0,0.0,1868.0,181.01933598375595,True,,,,,,,,,,,,,,
9,12500.0,443247.4048826119,4011787.4842898096,False,26.48674774169922,25.80784034729004,27.23555564880371,1.0626311302185059,0.0,0.0,2016.0,181.01933598375595,True,,,,,,,,,,,,,,
9,12600.0,443341.0895393798,4011822.4583528605,False,26.53449058532715,25.93802261352539,27.232864379882812,1.0626311302185059,0.0,0.0,2016.0,511.99999999999943,False,,,,,,,,,,,,,,
9,12700.0,443434.77419614774,4011857.432415911,False,26.572084426879883,25.98647689819336,27.23094940185547,1.0626311302185059,0.0,0.0,2016.0,183.17868871678252,False,,,,,,,,,,,,,,
9,12800.0,443528.4588529157,4011892.406478962,False,26.597492218017578,25.995248794555664,27.22779083251953,1.0626311302185059,0.0,0.0,2016.0,180.39405143491663,False,,,,,,,,,,,,,,
9,12900.0,443622.1435096836,4011927.3805420124,False,26.618104934692383,25.987890243530273,27.226211547851562,1.0626311302185059,0.0,0.0,2016.0,157.53846153846138,False,,,,,,,,,,,,,,
9,13000.0,443715.8281664515,4011962.3546050633,False,26.629940032958984,25.96969985961914,27.23322105407715,1.0626311302185059,0.0,0.0,2016.0,284.006500467317,False,,,,,,,,,,,,,,
9,13100.0,443809.5128232194,4011997.3286681143,False,26.625268936157227,25.944271087646484,27.254541397094727,1.0626311302185059,0.0,0.0,2016.0,284.006500467317,True,,,,,,,,,,,,,,
9,13200.0,443903.19747998734,4012032.3027311647,False,26.59320068359375,25.901384353637695,27.202045440673828,1.0626311302185059,0.0,0.0,2016.0,284.006500467317,True,,,,,,,,,,,,,,
9,13300.0,443996.8821367553,4012067.2767942157,False,26.541160583496094,25.87615203857422,27.086807250976562,1.0626311302185059,0.0,0.0,2016.0,284.006500467317,True,,,,,,,,,,,,,,
9,13400.0,444090.5667935232,4012102.250857266,False,26.501806259155273,25.833036422729492,27.037063598632812,1.0626311302185059,0.0,0.0,2016.0,284.006500467317,True,,,,,,,,,,,,,,
9,13500.0,444184.25145029114,4012137.224920317,False,26.49090003967285,25.845067977905273,27.028100967407227,1.0626311302185059,0.0,0.0,2016.0,343.4600413439672,False,,,,,,,,,,,,,,
9,13600.0,444277.93610705907,4012172.1989833675,False,26.495203018188477,25.91732406616211,27.026613235473633,1.0626311302185059,0.0,0.0,2016.0,171.73002067198365,False,,,,,,,,,,,,,,
9,13700.0,444371.620763827,4012207.1730464185,False,26.491796493530273,26.01152992248535,27.022647857666016,1.0626311302185059,0.0,0.0,2016.0,163.4481939389688,False,,,,,,,,,,,,,,
9,13800.0,444465.3054205949,4012242.1471094694,False,26.474903106689453,26.07615852355957,27.016376495361328,1.0626311302185059,0.0,0.0,2016.0,511.99999999999943,False,,,,,,,,,,,,,,
9,13900.0,444558.9900773628,4012277.12117252,False,26.4527530670166,26.11246109008789,27.008275985717773,1.0626311302185059,0.0,0.0,2016.0,511.99999999999943,False,,,,,,,,,,,,,,
9,14000.0,444652.67473413073,4012312.095235571,False,26.427040100097656,26.127368927001953,26.93915557861328,1.0626311302185059,0.0,0.0,2016.0,183.17868871678252,True,,,,,,,,,,,,,,
9,14100.0,444746.35939089867,4012347.0692986213,False,26.411327362060547,26.146350860595703,26.811908721923828,1.0626311302185059,0.0,0.0,2016.0,183.17868871678252,True,,,,,,,,,,,,,,
10,5000.0,436387.3363740269,4008718.9934214,True,20.93253517150879,20.211891174316406,21.564830780029297,0.300119549036026,0.0,1.0,2001.0,134.45778724835574,True,66.80140948635182,0.009203884727313857,0.009203884727313857,"[0.009203884727313857, 0.009203884727313857]",0.04563592843959788,0.04599101658494177,"[0.04563592843959788, 0.046402918833540696]",0.15761652595524983,0.15761652595524983,"[0.15761652595524983, 0.15761652595524983]",151.48281109889433,136.29843869905517,169.3262147687339,136.29843869905517
10,5100.0,436481.11331462,4008753.7192822676,True,21.091306686401367,20.445449829101562,21.747182846069336,0.300119549036026,0.0,1.0,2001.0,130.84192051198752,True,66.80140948635182,0.04944618841353029,0.044250651659740146,"[0.033747577333484144, 0.05215534678811186]",0.046402918833540696,0.046072319525806725,"[0.04563592843959788, 0.046402918833540696]",0.15761652595524983,0.15761652595524983,"[0.15761652595524983, 0.15761652595524983]",151.5749957308565,136.37670623201782,169.43444881954596,136.37670623201782
10,5200.0,436574.89025521313,4008788.4451431353,True,21.22942543029785,20.63201141357422,21.869384765625,0.300119549036026,0.0,1.0,2001.0,130.84192051198752,True,66.80140948635182,0.0500409707402446,0.04446356887845507,"[0.033747577333484144, 0.05215534678811186]",0.04590776484900913,0.045926855830403776,"[0.04563592843959788, 0.046402918833540696]",0.15761652595524983,0.15761652595524983,"[0.15761652595524983, 0.15761652595524983]",152.32923802641065,137.01441386843274,170.32304508611463,137.01441386843274
10,5300.0,436668.6671958062,4008823.171004003,True,21.342525482177734,20.781978607177734,21.94045639038086,0.300119549036026,0.0,1.0,2001.0,130.84192051198752,True,66.80140948635182,0.04952083821292248,0.04400541134490075,"[0.033747577333484144, 0.05215534678811186]",0.045816460551615076,0.04563592843959788,"[0.04563592843959788, 0.04563592843959788]",0.15761652595524983,0.15761652595524983,"[0.15761652595524983, 0.15761652595524983]",152.6037447656858,137.24647743504636,170.64648455640523,137.24647743504636
10,5400.0,436762.4441363993,4008857.8968648706,True,21.426687240600586,20.90554428100586,21.96966552734375,0.300119549036026,0.0,1.0,2001.0,130.84192051198752,True,66.80140948635182,0.009203884727313857,0.011461123426642853,"[0.009203884727313857, 0.015339807878856429]",0.045800748070568144,0.04563592843959788,"[0.04563592843959788, 0.04563592843959788]",0.15761652595524983,0.15761652595524983,"[0.15761652595524983, 0.15761652595524983]",152.64145532302365,137.27862918236315,170.69060565869924,137.27862918236315
10,5500.0,436856.2210769924,4008892.622725738,True,21.48204803466797,21.031475067138672,21.99777603149414,0.300119549036026,0.0,1.0,2001.0,134.45778724835574,True,66.80140948635182,0.009203884727313857,0.01134146804887952,"[0.009203884727313857, 0.015339807878856429]",0.04557360258404612,0.04563592843959788,"[0.04563592843959788, 0.04563592843959788]",0.15761652595524983,0.15761652595524983,"[0.15761652595524983, 0.15761652595524983]",153.08015094077854,137.6489503922677,171.20812523024588,137.6489503922677
10,5600.0,436949.99801758555,4008927.348586606,True,21.51479148864746,21.102825164794922,22.012191772460938,0.300119549036026,0.0,1.0,2001.0,144.81546878700476,False,66.80140948635182,0.009203884727313857,0.011501901280523807,"[0.009203884727313857, 0.015339807878856429]",0.04561834916592742,0.04563592843959788,"[0.04563592843959788, 0.04563592843959788]",0.15761652595524983,0.15761652595524983,"[0.15761652595524983, 0.15761652595524983]",153.07002478864823,137.64028670048165,171.19631234778382,137.64028670048165
10,5700.0,437043.77495817863,4008962.0744474735,True,21.535341262817383,21.094013214111328,22.032333374023438,0.300119549036026,0.0,1.0,2001.0,144.81546878700476,False,45.0,0.045945109229334424,0.04598743651607894,"[0.039883500485026716, 0.05215534678811186]",0.04563592843959788,0.045635928439597885,"[0.04563592843959788, 0.04563592843959788]",0.15761652595524983,0.15761652595524983,"[0.15761652595524983, 0.15761652595524983]",152.95618562152717,137.54435643004172,171.06182839061026,137.54435643004172
10,5800.0,437137.5518987717,4008996.800308341,True,21.55778694152832,21.079622268676758,22.053665161132812,0.300119549036026,0.0,1.0,2001.0,152.2266411514195,True,45.0,0.04587421479062946,0.045975742060390186,"[0.039883500485026716, 0.05215534678811186]",0.04559821517744809,0.04563592843959788,"[0.04563592843959788, 0.04563592843959788]",0.15761652595524983,0.15761652595524983,"[0.15761652595524983, 0.15761652595524983]",153.23248200853686,137.77735264659026,171.3880405503346,137.77735264659026
10,5900.0,437231.3288393648,4009031.526169209,True,21.59193229675293,21.094013214111328,22.06714630126953,0.300119549036026,0.0,1.0,2001.0,152.2266411514195,False,45.0,0.04651542770929894,0.04385531870338279,"[0.033747577333484144, 0.05215534678811186]",0.04565615043761102,0.04563592843959788,"[0.04563592843959788, 0.04563592843959788]",0.15761652595524983,0.15761652595524983,"[0.15761652595524983, 0.15761652595524983]",153.13183957659825,137.69264739648423,171.2690270240586,137.69264739648423
10,6000.0,437325.10577995796,4009066.2520300765,True,21.62459945678711,21.11573028564453,22.122589111328125,0.300119549036026,0.0,1.0,2001.0,203.00347405980332,False,45.0,0.04936223344564346,0.03574247320585887,"[0.015339807878856429, 0.05215534678811186]",0.04540187108428276,0.04563592843959788,"[0.04563592843959788, 0.04563592843959788]",0.15761652595524983,0.15761652595524983,"[0.15761652595524983, 0.15761652595524983]",153.65349100070807,138.13215989904535,171.88536489714167,138.13215989904535
10,6100.0,437418.88272055105,4009100.977890944,True,21.664560317993164,21.133346557617188,22.187515258789062,0.300119549036026,0.0,1.0,2001.0,144.0967771607636,False,90.0,0.03404950780372087,0.04151045786662433,"[0.027611654181941572, 0.05829126993965443]",0.03255202648564169,0.03259709174256992,"[0.03259709174256992, 0.03259709174256992]",0.15761652595524983,0.15761652595524983,"[0.15761652595524983, 0.15761652595524983]",153.25747658603206,137.79826539855122,171.41773969230763,137.79826539855122
10,6200.0,437512.65966114413,4009135.7037518118,True,21.691068649291992,21.162574768066406,22.187339782714844,0.300119549036026,0.0,1.0,2001.0,150.57195460481162,True,56.309932474020215,0.043848615775652446,0.04227920429240813,"[0.033747577333484144, 0.05215534678811186]",0.04543246817536083,0.04563592843959788,"[0.04563592843959788, 0.04563592843959788]",0.15761652595524983,0.15761652595524983,"[0.15761652595524983, 0.15761652595524983]",153.71095822801996,138.1807173384812,171.95310373070467,138.1807173384812
10,6300.0,437606.4366017372,4009170.4296126794,True,21.708433151245117,21.179779052734375,22.168136596679688,0.300119549036026,0.0,1.0,2001.0,150.57195460481162,True,51.34019174590991,0.042015718533978265,0.042785123150120605,"[0.033747577333484144, 0.05215534678811186]",0.045577388945936034,0.04563592843959788,"[0.04563592843959788, 0.04563592843959788]",0.15761652595524983,0.15761652595524983,"[0.15761652595524983, 0.15761652595524983]",153.39661897600456,137.91556731103702,171.58205918057627,137.91556731103702
10,6400.0,437700.21354233037,4009205.155473547,True,21.73441505432129,21.18411636352539,22.159210205078125,0.300119549036026,0.0,1.0,2001.0,150.57195460481162,True,51.34019174590991,0.04240078819165698,0.045337252248152146,"[0.033747577333484144, 0.05829126993965443]",0.03643204371228402,0.03643204371228402,"[0.03643204371228402, 0.03643204371228402]",0.15761652595524983,0.15761652595524983,"[0.15761652595524983, 0.15761652595524983]",153.67368080385864,138.14905399563676,171.90935289158853,138.14905399563676
10,6500.0,437793.99048292346,4009239.8813344147,True,21.78826332092285,21.210006713867188,22.187339782714844,0.300119549036026,0.0,1.0,2001.0,150.57195460481162,True,51.34019174590991,0.04299000439681638,0.04576823340692265,"[0.033747577333484144, 0.05829126993965443]",0.03643204371228402,0.03643204371228402,"[0.03643204371228402, 0.03643204371228402]",0.15761652595524983,0.15761652595524983,"[0.15761652595524983, 0.15761652595524983]",153.75462404866536,138.21722940685126,172.005014287647,138.21722940685126
10,6600.0,437887.76742351655,4009274.6071952824,True,21.876150131225586,21.300804138183594,22.24941635131836,0.300119549036026,0.0,1.0,2001.0,142.0032502336585,True,90.0,0.0386224286448769,0.03978325442488114,"[0.027611654181941572, 0.05215534678811186]",0.03649436956783578,0.03643204371228402,"[0.03643204371228402, 0.03643204371228402]",0.15761652595524983,0.15761652595524983,"[0.15761652595524983, 0.15761652595524983]",154.0074478832431,138.4301054963951,172.30388776696202,138.4301054963951
10,6700.0,437981.54436410964,4009309.33305615,True,21.990026473999023,21.468738555908203,22.52078628540039,0.300119549036026,0.0,1.0,2001.0,170.6666666666665,True,90.0,0.03625781919701231,0.039156252818412875,"[0.027611654181941572, 0.05215534678811186]",0.045350549786450554,0.04533177707648263,"[0.04486893804565506, 0.04563592843959788]",0.15761652595524983,0.15761652595524983,"[0.15761652595524983, 0.15761652595524983]",154.1488992601902,138.5487933376224,172.4715788186845,138.5487933376224
10,6800.0,438075.3213047028,4009344.0589170177,True,22.113994598388672,21.657123565673828,22.748111724853516,0.300119549036026,0.0,1.0,2001.0,170.6666666666665,True,90.0,0.034184962953179854,0.036213101899239625,"[0.027611654181941572, 0.04601942363656929]",0.036267224081313755,0.03643204371228402,"[0.03643204371228402, 0.03643204371228402]",0.15761652595524983,0.15761652595524983,"[0.15761652595524983, 0.15761652595524983]",154.7857659179682,139.08453223545632,173.22501993103708,139.08453223545632
10,6900.0,438169.09824529587,4009378.784777885,True,22.233434677124023,21.788677215576172,22.932830810546875,0.300119549036026,0.0,1.0,2001.0,170.6666666666665,True,90.0,0.03301336461963456,0.030929762556745965,"[0.021475731030399, 0.039883500485026716]",0.04509055715436147,0.04514286318634893,"[0.04486893804565506, 0.04563592843959788]",0.15761652595524983,0.15761652595524983,"[0.15761652595524983, 0.15761652595524983]",155.1559323929106,139.3951559170113,173.66382229446444,139.3951559170113
10,7000.0,438262.87518588896,4009413.5106387525,True,22.343530654907227,21.88546371459961,23.112403869628906,0.300119549036026,0.0,1.0,2001.0,186.18181818181793,True,90.0,0.009203884727313857,0.023648792695951954,"[0.009203884727313857, 0.039883500485026716]",0.04516251440217889,0.04519188136942046,"[0.04486893804565506, 0.04563592843959788]",0.20823789195547604,0.20823789195547604,"[0.20823789195547604, 0.20823789195547604]",155.15145170175123,139.39145848184913,173.6584391951546,139.39145848184913
10,7100.0,438356.65212648205,4009448.23649962,True,22.4457950592041,21.940967559814453,23.260292053222656,0.300119549036026,0.0,1.0,2001.0,204.79999999999976,False,90.0,0.009203884727313857,0.011302711291776475,"[0.009203884727313857, 0.015339807878856429]",0.0361979863569689,0.03643204371228402,"[0.03643204371228402, 0.03643204371228402]",0.20823789195547604,0.20823789195547604,"[0.20823789195547604, 0.20823789195547604]",155.16984184452818,139.40681165296206,173.6803302349182,139.40681165296206
10,7200.0,438450.4290670752,4009482.962360488,True,22.57331657409668,21.959228515625,23.342063903808594,0.300119549036026,0.0,1.0,2001.0,204.79999999999976,False,63.43494882292201,0.009203884727313857,0.009203884727313857,"[0.009203884727313857, 0.009203884727313857]",0.031830101348627085,0.031830101348627085,"[0.031830101348627085, 0.031830101348627085]",0.20823789195547604,0.20823789195547604,"[0.20823789195547604, 0.20823789195547604]",155.75538309080363,139.89783479433197,174.3748238812332,139.89783479433197
10,7300.0,438544.2060076683,4009517.6882213554,True,22.72435760498047,21.968658447265625,23.383174896240234,0.300119549036026,0.0,1.0,2001.0,120.47058823529396,True,60.25511870305778,0.009203884727313857,0.009203884727313857,"[0.009203884727313857, 0.009203884727313857]",0.03204049627877701,0.031830101348627085,"[0.031830101348627085, 0.031830101348627085]",0.20823789195547604,0.20823789195547604,"[0.20823789195547604, 0.20823789195547604]",155.84830650605923,139.97590099977066,174.48487399229145,139.97590099977066
10,7400.0,438637.9829482614,4009552.414082223,True,22.885229110717773,22.12258529663086,23.493087768554688,0.300119549036026,0.0,1.0,2001.0,127.01156821934931,True,60.25511870305778,0.009203884727313857,0.009203884727313857,"[0.009203884727313857, 0.009203884727313857]",0.03176211661021316,0.031830101348627085,"[0.031830101348627085, 0.031830101348627085]",0.20823789195547604,0.20823789195547604,"[0.20823789195547604, 0.20823789195547604]",156.55533362639392,140.5686188843323,175.3236675153142,140.5686188843323
10,7500.0,438731.75988885446,4009587.1399430907,True,23.025859832763672,22.338298797607422,23.541606903076172,0.300119549036026,0.0,1.0,2001.0,127.01156821934931,True,60.25511870305778,0.009203884727313857,0.011491401112593025,"[0.009203884727313857, 0.015339807878856429]",0.031735351238986305,0.031830101348627085,"[0.031830101348627085, 0.031830101348627085]",0.20823789195547604,0.20823789195547604,"[0.20823789195547604, 0.20823789195547604]",156.97837497449484,140.92265039308157,175.8262591174307,140.92265039308157
10,7600.0,438825.5368294476,4009621.8658039584,True,23.117658615112305,22.525840759277344,23.548763275146484,0.300119549036026,0.0,1.0,2001.0,175.61455118592883,False,59.03624346792648,0.015339807878856429,0.03806997151509446,"[0.015339807878856429, 0.064427193091197]",0.0356650533183412,0.0356650533183412,"[0.0356650533183412, 0.0356650533183412]",0.20823789195547604,0.20823789195547604,"[0.20823789195547604, 0.20823789195547604]",157.19641443217043,141.1053818660539,176.084998893488,141.1053818660539
10,7700.0,438919.3137700407,4009656.591664826,True,23.141145706176758,22.549068450927734,23.552047729492188,0.300119549036026,0.0,1.0,2001.0,167.77869732229925,True,59.03624346792648,0.03992900238721798,0.03990124187298829,"[0.033747577333484144, 0.04601942363656929]",0.0356650533183412,0.0356650533183412,"[0.0356650533183412, 0.0356650533183412]",0.20823789195547604,0.20823789195547604,"[0.20823789195547604, 0.20823789195547604]",157.36717169481483,141.24832807396345,176.28781495488076,141.24832807396345
10,7800.0,439013.0907106338,4009691.3175256937,True,23.09673500061035,22.328460693359375,23.558650970458984,0.300119549036026,0.0,1.0,2001.0,167.77869732229925,True,59.03624346792648,0.039264368244597045,0.03959918327862137,"[0.033747577333484144, 0.04601942363656929]",0.0356650533183412,0.0356650533183412,"[0.0356650533183412, 0.0356650533183412]",0.20823789195547604,0.20823789195547604,"[0.20823789195547604, 0.20823789195547604]",157.2984937944702,141.19055551501117,176.2065670212881,141.19055551501117
10,7900.0,439106.8676512269,4009726.0433865613,True,22.99751091003418,21.929729461669922,23.567182540893555,0.300119549036026,0.0,1.0,2001.0,167.77869732229925,True,59.03624346792648,0.038429989225779344,0.03720117347121795,"[0.033747577333484144, 0.039883500485026716]",0.04410194765171223,0.04410194765171223,"[0.04410194765171223, 0.04410194765171223]",0.20823789195547604,0.20823789195547604,"[0.20823789195547604, 0.20823789195547604]",156.91768617324774,140.8705641441357,175.75565614040116,140.8705641441357
10,8000.0,439200.64459182,4009760.769247429,True,22.865718841552734,21.611522674560547,23.57331085205078,0.300119549036026,0.0,1.0,2001.0,167.77869732229925,True,59.03624346792648,0.03795208278816323,0.03708988756754149,"[0.033747577333484144, 0.039883500485026716]",0.0356650533183412,0.0356650533183412,"[0.0356650533183412, 0.0356650533183412]",0.20823789195547604,0.20823789195547604,"[0.20823789195547604, 0.20823789195547604]",156.70875770154564,140.69566984284938,175.507494962368,140.69566984284938
10,8100.0,439294.4215324131,4009795.4951082966,True,22.73545265197754,21.531795501708984,23.577117919921875,0.300119549036026,0.0,1.0,2001.0,162.8156743689768,True,51.34019174590991,0.03826340543214828,0.039095968934317174,"[0.033747577333484144, 0.04601942363656929]",0.0356650533183412,0.0356650533183412,"[0.0356650533183412, 0.0356650533183412]",0.20823789195547604,0.20823789195547604,"[0.20823789195547604, 0.20823789195547604]",156.36659617252516,140.40803538974674,175.10247837513057,140.40803538974674
10,8200.0,439388.1984730062,4009830.2209691643,True,22.62225341796875,21.470794677734375,23.581485748291016,0.300119549036026,0.0,1.0,2001.0,162.8156743689768,True,51.34019174590991,0.03882517144812921,0.03938235569560439,"[0.033747577333484144, 0.04601942363656929]",0.0359872109480541,0.035991734412057594,"[0.0356650533183412, 0.03643204371228402]",0.20823789195547604,0.20823789195547604,"[0.20823789195547604, 0.20823789195547604]",155.78546840392156,139.9203939897665,174.41358539405005,139.9203939897665
10,8300.0,439481.9754135993,4009864.946830032,True,22.50373077392578,21.4454345703125,23.582134246826172,0.300119549036026,0.0,1.0,2001.0,167.77869732229925,True,51.34019174590991,0.039083820199127366,0.04436481713950684,"[0.033747577333484144, 0.05829126993965443]",0.04534070896826823,0.04500117776874865,"[0.04410194765171223, 0.04563592843959788]",0.20823789195547604,0.20823789195547604,"[0.20823789195547604, 0.20823789195547604]",155.196679226994,139.42626576555682,173.71567676139327,139.42626576555682
10,8400.0,439575.75235419243,4009899.6726908996,True,22.382537841796875,21.4454345703125,23.545604705810547,0.300119549036026,0.0,1.0,2001.0,167.77869732229925,True,51.34019174590991,0.039061167328715375,0.04449396884765561,"[0.033747577333484144, 0.05829126993965443]",0.04533238346644365,0.045325868493110356,"[0.04486893804565506, 0.04563592843959788]",0.20823789195547604,0.20823789195547604,"[0.20823789195547604, 0.20823789195547604]",154.98676070058931,139.25072346807036,173.4661324330963,139.25072346807036
10,8500.0,439669.5292947855,4009934.398551767,True,22.237770080566406,21.459590911865234,23.33877182006836,0.300119549036026,0.0,1.0,2001.0,167.77869732229925,True,51.34019174590991,0.03843081856446622,0.04447166366085264,"[0.033747577333484144, 0.05829126993965443]",0.03614121906423668,0.036141116321478116,"[0.0356650533183412, 0.03643204371228402]",0.20823789195547604,0.20823789195547604,"[0.20823789195547604, 0.20823789195547604]",155.1833758886236,139.4162679214849,173.6985655927854,139.4162679214849
10,8600.0,439763.3062353786,4009969.124412635,True,22.094858169555664,21.470794677734375,22.919540405273438,0.300119549036026,0.0,1.0,2001.0,167.77869732229925,True,51.34019174590991,0.0377424623902318,0.04207278281175764,"[0.033747577333484144, 0.05215534678811186]",0.04518000000251241,0.04520533734124402,"[0.04486893804565506, 0.04563592843959788]",0.20823789195547604,0.20823789195547604,"[0.20823789195547604, 0.20823789195547604]",154.8063047648691,139.10059479632193,173.2507171446745,139.10059479632193
10,8700.0,439857.0831759717,4010003.8502735025,True,21.982952117919922,21.478885650634766,22.677223205566406,0.300119549036026,0.0,1.0,2001.0,167.77869732229925,True,51.34019174590991,0.037393228738900684,0.04210906967490093,"[0.033747577333484144, 0.05215534678811186]",0.04563592843959788,0.04563592843959788,"[0.04563592843959788, 0.04563592843959788]",0.20823789195547604,0.20823789195547604,"[0.20823789195547604, 0.20823789195547604]",154.14602773552542,138.54629723070136,172.4682761621023,138.54629723070136
10,8800.0,439950.8601165648,4010038.5761343697,True,21.919347763061523,21.479389190673828,22.535648345947266,0.300119549036026,0.0,1.0,2001.0,167.77869732229925,True,51.34019174590991,0.03803215930350418,0.04228387677208471,"[0.033747577333484144, 0.05215534678811186]",0.04563592843959788,0.04563592843959788,"[0.04563592843959788, 0.04563592843959788]",0.15761652595524983,0.15761652595524983,"[0.15761652595524983, 0.15761652595524983]",154.08417738858645,138.4947577858999,172.3945406450095,138.4947577858999
10,8900.0,440044.63705715793,4010073.3019952374,True,21.915979385375977,21.49254608154297,22.467082977294922,0.300119549036026,0.0,1.0,2001.0,162.8156743689768,True,51.34019174590991,0.03901676238720128,0.038248895722458556,"[0.021475731030399, 0.05215534678811186]",0.03643204371228402,0.03643204371228402,"[0.03643204371228402, 0.03643204371228402]",0.15761652595524983,0.15761652595524983,"[0.15761652595524983, 0.15761652595524983]",154.300944590024,138.677145455133,172.65093871557016,138.677145455133
10,9000.0,440138.413997751,4010108.027856105,True,21.97883415222168,21.50204086303711,22.568927764892578,0.300119549036026,0.0,1.0,2001.0,152.31081403103462,True,59.03624346792648,0.04024010036670298,0.03805469477738382,"[0.021475731030399, 0.05215534678811186]",0.04563592843959788,0.04563592843959788,"[0.04563592843959788, 0.04563592843959788]",0.15761652595524983,0.15761652595524983,"[0.15761652595524983, 0.15761652595524983]",154.16114485940656,138.55935153826508,172.48577108653288,138.55935153826508
10,9100.0,440232.1909383441,4010142.7537169727,True,22.07940673828125,21.514328002929688,22.759605407714844,0.300119549036026,0.0,1.0,2001.0,158.2160494462784,True,59.03624346792648,0.035785021023097066,0.03734244158006488,"[0.015339807878856429, 0.05829126993965443]",0.03622620114551178,0.03643204371228402,"[0.03643204371228402, 0.03643204371228402]",0.15761652595524983,0.15761652595524983,"[0.15761652595524983, 0.15761652595524983]",154.8188463531371,139.11171842392025,173.2648936467237,139.11171842392025
10,9200.0,440325.96787893726,4010177.4795778403,True,22.208574295043945,21.553592681884766,23.094280242919922,0.300119549036026,0.0,1.0,2001.0,179.62148235407938,True,59.03624346792648,0.032884523850581694,0.04106055127442885,"[0.027611654181941572, 0.05829126993965443]",0.03643204371228402,0.036150813901171655,"[0.0356650533183412, 0.03643204371228402]",0.20823789195547604,0.20823789195547604,"[0.20823789195547604, 0.20823789195547604]",155.06620250686237,139.3192119977249,173.55820097362968,139.3192119977249
10,9300.0,440419.74481953034,4010212.205438708,True,22.336854934692383,21.587970733642578,23.367263793945312,0.300119549036026,0.0,1.0,2001.0,187.3031457330254,False,63.43494882292201,0.03331662402872437,0.03353299551946068,"[0.027611654181941572, 0.039883500485026716]",0.03621303407157352,0.03643204371228402,"[0.03643204371228402, 0.03643204371228402]",0.20823789195547604,0.20823789195547604,"[0.20823789195547604, 0.20823789195547604]",155.05151639294405,139.3061686645646,173.5416214833389,139.3061686645646
10,9400.0,440513.52176012343,4010246.9312995756,True,22.46934700012207,21.621654510498047,23.49892807006836,0.300119549036026,0.0,1.0,2001.0,172.54070977589132,False,59.03624346792648,0.03473811876022726,0.038666966105603995,"[0.027611654181941572, 0.05215534678811186]",0.04501925047945447,0.04493285391181697,"[0.04410194765171223, 0.04563592843959788]",0.20823789195547604,0.20823789195547604,"[0.20823789195547604, 0.20823789195547604]",155.6261059175272,139.7883014572065,174.22278760491187,139.7883014572065
10,9500.0,440607.2987007165,4010281.6571604433,False,22.59401512145996,21.647628784179688,23.502655029296875,3.0899999141693115,0.0,0.9956580470860672,1868.0,162.8156743689768,True,,,,,,,,,,,,,,
10,9600.0,440701.0756413096,4010316.383021311,False,22.692678451538086,21.711299896240234,23.502655029296875,3.0999999046325684,0.0,0.9565049667277462,1868.0,162.8156743689768,True,,,,,,,,,,,,,,
10,9700.0,440794.85258190276,4010351.1088821786,False,22.742822647094727,21.804519653320312,23.502655029296875,3.0999999046325684,0.0,0.8828576937909757,1868.0,167.77869732229925,True,,,,,,,,,,,,,,
10,9800.0,440888.62952249584,4010385.834743046,False,22.785600662231445,21.92241668701172,23.502655029296875,3.130000114440918,0.0,0.7811295296838859,1868.0,162.8156743689768,True,,,,,,,,,,,,,,
10,9900.0,440982.40646308893,4010420.560603914,False,22.82420539855957,21.991283416748047,23.502655029296875,3.130000114440918,0.0,0.6794797687861271,1868.0,162.8156743689768,False,,,,,,,,,,,,,,
10,10000.0,441076.183403682,4010455.2864647815,False,22.84389877319336,21.95756721496582,23.502655029296875,3.140000104904175,0.0,0.5778676683039584,1868.0,151.71526604537675,True,,,,,,,,,,,,,,
10,10100.0,441169.96034427517,4010490.012325649,False,22.84084701538086,21.95770263671875,23.508960723876953,3.1500000953674316,0.0,0.47627298103763593,1868.0,147.41826575333243,True,,,,,,,,,,,,,,
10,10200.0,441263.73728486826,4010524.738186517,False,22.825565338134766,21.962411880493164,23.505889892578125,3.1600000858306885,0.0,0.374290387760993,1868.0,147.41826575333243,True,,,,,,,,,,,,,,
10,10300.0,441357.51422546135,4010559.4640473844,False,22.81854248046875,21.970630645751953,23.470298767089844,3.1700000762939453,0.0,0.27278846153846154,1868.0,147.41826575333243,True,,,,,,,,,,,,,,
10,10400.0,441451.29116605443,4010594.189908252,False,22.83002281188965,21.98284149169922,23.48693084716797,3.1700000762939453,0.0,0.1713434556986354,1868.0,284.006500467317,False,,,,,,,,,,,,,,
10,10500.0,441545.0681066476,4010628.9157691197,False,22.870655059814453,21.99695587158203,23.66503143310547,3.1700000762939453,0.0,0.07455803228285934,1868.0,120.21664975792615,True,,,,,,,,,,,,,,
10,10600.0,441638.84504724067,4010663.6416299874,False,22.964433670043945,22.039527893066406,23.84206771850586,3.190000057220459,0.0,0.019969278033794162,1868.0,120.21664975792615,True,,,,,,,,,,,,,,
10,10700.0,441732.62198783376,4010698.367490855,False,23.138151168823242,22.188608169555664,24.058605194091797,3.200000047683716,0.0,0.0,1868.0,134.16894097006954,True,,,,,,,,,,,,,,
10,10800.0,441826.39892842685,4010733.093351722,False,23.3532772064209,22.42058563232422,24.290159225463867,3.2100000381469727,0.0,0.0,1868.0,134.16894097006954,True,,,,,,,,,,,,,,
10,10900.0,441920.17586902,4010767.81921259,False,23.578819274902344,22.666704177856445,24.546764373779297,3.2200000286102295,0.0,0.0,1868.0,134.16894097006954,True,,,,,,,,,,,,,,
10,11000.0,442013.9528096131,4010802.5450734575,False,23.81583595275879,22.871055603027344,24.82884407043457,3.2300000190734863,0.0,0.0,1868.0,134.5867635727328,True,,,,,,,,,,,,,,
10,11100.0,442107.72975020617,4010837.270934325,False,24.054990768432617,23.09488296508789,25.103866577148438,3.240000009536743,0.0,0.0,1868.0,138.70806251081638,True,,,,,,,,,,,,,,
10,11200.0,442201.50669079926,4010871.996795193,False,24.30082130432129,23.332727432250977,25.443832397460938,3.240000009536743,0.0,0.0,1868.0,138.70806251081638,True,,,,,,,,,,,,,,
10,11300.0,442295.2836313924,4010906.7226560605,False,24.525550842285156,23.54891014099121,25.667407989501953,3.240000009536743,0.0,0.0,1868.0,204.79999999999976,False,,,,,,,,,,,,,,
10,11400.0,442389.0605719855,4010941.448516928,False,24.77126121520996,23.749792098999023,25.894271850585938,3.240000009536743,0.0,0.0,1868.0,180.39405143491663,True,,,,,,,,,,,,,,
10,11500.0,442482.8375125786,4010976.174377796,False,25.005794525146484,23.96495819091797,26.111270904541016,3.240000009536743,0.0,0.0,1868.0,164.81863167479034,True,,,,,,,,,,,,,,
10,11600.0,442576.6144531717,4011010.9002386634,False,25.233455657958984,24.15165138244629,26.354434967041016,3.240000009536743,0.0,0.0,1868.0,153.40835925163674,True,,,,,,,,,,,,,,
10,11700.0,442670.3913937648,4011045.626099531,False,25.49085235595703,24.365381240844727,26.572914123535156,3.240000009536743,0.0,0.0,1868.0,145.9139583752388,True,,,,,,,,,,,,,,
10,11800.0,442764.1683343579,4011080.3519603987,False,25.74997329711914,24.583269119262695,26.8174991607666,3.240000009536743,0.0,0.0,1868.0,145.9139583752388,True,,,,,,,,,,,,,,
10,11900.0,442857.945274951,4011115.0778212664,False,26.003549575805664,24.8002872467041,27.049846649169922,3.240000009536743,0.0,0.0,1868.0,144.81546878700476,False,,,,,,,,,,,,,,
10,12000.0,442951.7222155441,4011149.803682134,False,26.21726417541504,25.069700241088867,27.20486068725586,3.240000009536743,0.0,0.0,1868.0,137.76338821044462,False,,,,,,,,,,,,,,
10,12100.0,443045.49915613723,4011184.5295430017,False,26.368309020996094,25.49266242980957,27.295988082885742,3.240000009536743,0.0,0.0,1868.0,166.6025916047277,False,,,,,,,,,,,,,,
10,12200.0,443139.2760967303,4011219.2554038693,False,26.498043060302734,25.683792114257812,27.318859100341797,3.2300000190734863,0.0,0.0,1868.0,180.39405143491672,True,,,,,,,,,,,,,,
10,12300.0,443233.0530373234,4011253.981264737,False,26.561918258666992,25.838178634643555,27.31311798095703,1.0626311302185059,0.0,0.0,2016.0,180.39405143491672,True,,,,,,,,,,,,,,
10,12400.0,443326.8299779165,4011288.7071256046,False,26.601898193359375,25.960634231567383,27.30686378479004,1.0626311302185059,0.0,0.0,2016.0,180.39405143491672,True,,,,,,,,,,,,,,
10,12500.0,443420.60691850964,4011323.4329864723,False,26.622150421142578,25.945405960083008,27.309368133544922,1.0626311302185059,0.0,0.0,2016.0,181.01933598375595,False,,,,,,,,,,,,,,
10,12600.0,443514.38385910273,4011358.15884734,False,26.622215270996094,25.91564178466797,27.307207107543945,1.0626311302185059,0.0,0.0,2016.0,192.65963384496044,True,,,,,,,,,,,,,,
10,12700.0,443608.1607996958,4011392.884708207,False,26.61968231201172,25.928573608398438,27.3020076751709,1.0626311302185059,0.0,0.0,2016.0,180.39405143491663,False,,,,,,,,,,,,,,
10,12800.0,443701.9377402889,4011427.6105690747,False,26.595483779907227,25.884366989135742,27.29131507873535,1.0626311302185059,0.0,0.0,2016.0,248.35648003720468,False,,,,,,,,,,,,,,
10,12900.0,443795.71468088205,4011462.3364299424,False,26.540863037109375,25.808517456054688,27.23763084411621,1.0626311302185059,0.0,0.0,2016.0,127.99999999999986,True,,,,,,,,,,,,,,
10,13000.0,443889.49162147514,4011497.06229081,False,26.47044563293457,25.703969955444336,27.191287994384766,1.0626311302185059,0.0,0.0,2016.0,238.07516414734158,False,,,,,,,,,,,,,,
10,13100.0,443983.26856206823,4011531.7881516777,False,26.3919734954834,25.52729606628418,27.09747886657715,1.0626311302185059,0.0,0.0,2016.0,239.70026945767506,False,,,,,,,,,,,,,,
10,13200.0,444077.0455026613,4011566.5140125453,False,26.345178604125977,25.296255111694336,27.0628719329834,1.0626311302185059,0.0,0.0,2016.0,284.006500467317,False,,,,,,,,,,,,,,
10,13300.0,444170.82244325447,4011601.239873413,False,26.332015991210938,25.19793701171875,27.048948287963867,1.0626311302185059,0.0,0.0,2016.0,457.9467217919564,False,,,,,,,,,,,,,,
10,13400.0,444264.59938384756,4011635.9657342806,False,26.342269897460938,25.222862243652344,27.046539306640625,1.0626311302185059,0.0,0.0,2016.0,284.006500467317,False,,,,,,,,,,,,,,
10,13500.0,444358.37632444064,4011670.6915951483,False,26.336669921875,25.24916648864746,27.032299041748047,1.0626311302185059,0.0,0.0,2016.0,152.64890726398548,True,,,,,,,,,,,,,,
10,13600.0,444452.15326503373,4011705.417456016,False,26.32601547241211,25.286434173583984,27.02988052368164,1.0626311302185059,0.0,0.0,2016.0,163.4481939389688,True,,,,,,,,,,,,,,
10,13700.0,444545.9302056269,4011740.1433168836,False,26.312091827392578,25.332656860351562,27.029808044433594,1.0626311302185059,0.0,0.0,2016.0,186.18181818181793,True,,,,,,,,,,,,,,
10,13800.0,444639.70714621997,4011774.8691777512,False,26.29540252685547,25.37630844116211,27.029794692993164,1.0626311302185059,0.0,0.0,2016.0,186.18181818181793,True,,,,,,,,,,,,,,
10,13900.0,444733.48408681306,4011809.595038619,False,26.285850524902344,25.489009857177734,26.9788875579834,1.0626311302185059,0.0,0.0,2016.0,191.62609506871448,True,,,,,,,,,,,,,,
10,14000.0,444827.26102740614,4011844.3208994865,False,26.30023193359375,25.703136444091797,26.87053108215332,1.0626311302185059,0.0,0.0,2016.0,185.41720789507772,True,,,,,,,,,,,,,,
10,14100.0,444921.03796799923,4011879.046760354,False,26.34295654296875,25.908489227294922,26.81075096130371,1.0626311302185059,0.0,0.0,2016.0,176.13335453536786,True,,,,,,,,,,,,,,
10,14200.0,445014.8149085924,4011913.772621222,False,26.400041580200195,26.093700408935547,26.816638946533203,1.0626311302185059,0.0,0.0,2016.0,169.81968046250464,False,,,,,,,,,,,,,,
10,14300.0,445108.59184918547,4011948.4984820895,False,26.46013069152832,26.12934112548828,26.901912689208984,1.0626311302185059,0.0,0.0,2016.0,152.64890726398548,True,,,,,,,,,,,,,,
10,14400.0,445202.36878977856,4011983.224342957,False,26.534557342529297,26.174192428588867,26.97786521911621,1.0626311302185059,0.0,0.0,2016.0,152.64890726398548,True,,,,,,,,,,,,,,
10,14500.0,445296.14573037165,4012017.950203825,False,26.601701736450195,26.20114517211914,27.009435653686523,1.0626311302185059,0.0,0.0,2016.0,204.79999999999976,False,,,,,,,,,,,,,,
10,14600.0,445389.9226709648,4012052.6760646924,False,26.673133850097656,26.249732971191406,27.049694061279297,1.0626311302185059,0.0,0.0,2016.0,203.78361655500555,True,,,,,,,,,,,,,,
10,14700.0,445483.6996115579,4012087.4019255596,False,26.730953216552734,26.321306228637695,27.074405670166016,1.0626311302185059,0.0,0.0,2016.0,190.51735232902405,True,,,,,,,,,,,,,,
10,14800.0,445577.47655215097,4012122.1277864273,False,26.781225204467773,26.40930938720703,27.076608657836914,1.0626311302185059,0.0,0.0,2016.0,190.51735232902405,True,,,,,,,,,,,,,,
10,14900.0,445671.25349274406,4012156.853647295,False,26.826425552368164,26.558231353759766,27.077739715576172,1.0626311302185059,0.0,0.0,2016.0,203.78361655500555,True,,,,,,,,,,,,,,
10,15000.0,445765.0304333372,4012191.5795081626,False,26.86248779296875,26.64714241027832,27.079078674316406,1.0626311302185059,0.0,0.0,2016.0,200.8229223815002,False,,,,,,,,,,,,,,
10,15100.0,445858.8073739303,4012226.30536903,False,26.887847900390625,26.709957122802734,27.082143783569336,3.4100000858306885,0.0,0.0,2016.0,222.13678880630357,False,,,,,,,,,,,,,,
10,15200.0,445952.5843145234,4012261.031229898,False,26.89427947998047,26.718582153320312,27.081619262695312,3.4100000858306885,0.0,0.0,2016.0,241.35911464500796,False,,,,,,,,,,,,,,
10,15300.0,446046.36125511647,4012295.7570907655,False,26.88276481628418,26.688051223754883,27.081344604492188,3.4100000858306885,0.0,0.0,2016.0,95.07601314665045,True,,,,,,,,,,,,,,
10,15400.0,446140.1381957096,4012330.482951633,False,26.85161018371582,26.622678756713867,27.065637588500977,3.4100000858306885,0.0,0.0,2016.0,95.07601314665045,True,,,,,,,,,,,,,,
11,5000.0,436558.8997659074,4008249.4636058724,True,20.75309944152832,20.1536865234375,21.365943908691406,0.300119549036026,0.0,1.0,2001.0,134.45778724835574,True,66.80140948635182,0.045763749026409714,0.043768612873865645,"[0.033747577333484144, 0.05215534678811186]",0.046180161295519016,0.04610464479145182,"[0.04563592843959788, 0.046402918833540696]",0.15761652595524983,0.15761652595524983,"[0.15761652595524983, 0.15761652595524983]",150.9058880668491,135.81029110469083,168.6469381635478,135.81029110469083
11,5100.0,436652.93475941056,4008283.48448177,True,20.80552101135254,20.058866500854492,21.435298919677734,0.300119549036026,0.0,1.0,2001.0,130.84192051198752,True,66.80140948635182,0.0495253724351065,0.04419738326535438,"[0.033747577333484144, 0.05215534678811186]",0.04629265719696905,0.046402918833540696,"[0.046402918833540696, 0.046402918833540696]",0.15761652595524983,0.15761652595524983,"[0.15761652595524983, 0.15761652595524983]",150.9432593559008,135.84218647323584,168.69062619950563,135.84218647323584
11,5200.0,436746.9697529138,4008317.505357668,True,20.841510772705078,20.014118194580078,21.501506805419922,0.300119549036026,0.0,1.0,2001.0,130.84192051198752,True,66.80140948635182,0.05002986044926597,0.04446862895503836,"[0.033747577333484144, 0.05215534678811186]",0.046190704570341905,0.04609317271290995,"[0.04563592843959788, 0.046402918833540696]",0.15761652595524983,0.15761652595524983,"[0.15761652595524983, 0.15761652595524983]",151.0984208736731,135.97316073345397,168.8736699609362,135.97316073345397
11,5300.0,436841.004746417,4008351.5262335655,True,20.856067657470703,20.02251434326172,21.519794464111328,0.300119549036026,0.0,1.0,2001.0,130.84192051198752,True,66.80140948635182,0.04964234003802582,0.044191072421790614,"[0.033747577333484144, 0.05215534678811186]",0.04563592843959788,0.0459751741907649,"[0.04563592843959788, 0.046402918833540696]",0.15761652595524983,0.15761652595524983,"[0.15761652595524983, 0.15761652595524983]",151.4055525186194,136.23274816187705,169.23561455197782,136.23274816187705
11,5400.0,436935.03973992023,4008385.5471094633,True,20.878536224365234,20.068389892578125,21.537429809570312,0.300119549036026,0.0,1.0,2001.0,130.84192051198752,True,66.80140948635182,0.04477408264373239,0.043522048747842594,"[0.033747577333484144, 0.05215534678811186]",0.03728213688189982,0.03719903410622684,"[0.03719903410622684, 0.03719903410622684]",0.15761652595524983,0.15761652595524983,"[0.15761652595524983, 0.15761652595524983]",151.18155962040285,136.04337601442901,168.97170722642306,136.04337601442901
11,5500.0,437029.0747334234,4008419.567985361,True,20.89210319519043,20.126354217529297,21.570083618164062,0.300119549036026,0.0,1.0,2001.0,134.45778724835574,True,66.80140948635182,0.009203884727313857,0.011319441744323989,"[0.009203884727313857, 0.015339807878856429]",0.037140494612564995,0.03719903410622684,"[0.03719903410622684, 0.03719903410622684]",0.15761652595524983,0.15761652595524983,"[0.15761652595524983, 0.15761652595524983]",151.32826969658888,136.16803404416493,169.1438483911535,136.16803404416493
11,5600.0,437123.10972692666,4008453.5888612587,True,20.89404296875,20.14834976196289,21.58831024169922,0.300119549036026,0.0,1.0,2001.0,134.45778724835574,True,66.80140948635182,0.009203884727313857,0.011409931961862258,"[0.009203884727313857, 0.015339807878856429]",0.04563592843959788,0.04598992400603303,"[0.04563592843959788, 0.046402918833540696]",0.15761652595524983,0.15761652595524983,"[0.15761652595524983, 0.15761652595524983]",151.3416202607218,136.17817086792974,169.16089163662488,136.17817086792974
11,5700.0,437217.14472042985,4008487.609737157,True,20.891695022583008,20.185741424560547,21.60665512084961,0.300119549036026,0.0,1.0,2001.0,144.81546878700476,False,45.0,0.04571698966667966,0.04591911901217355,"[0.039883500485026716, 0.05215534678811186]",0.04563592843959788,0.04598456043684461,"[0.04563592843959788, 0.046402918833540696]",0.15761652595524983,0.15761652595524983,"[0.15761652595524983, 0.15761652595524983]",151.4235339288637,136.2480951351122,169.25663539952185,136.2480951351122
11,5800.0,437311.17971393303,4008521.6306130546,True,20.899011611938477,20.24457550048828,21.65279769897461,0.300119549036026,0.0,1.0,2001.0,152.2266411514195,True,45.0,0.04609813843105457,0.04603974391920846,"[0.039883500485026716, 0.05215534678811186]",0.046196236095620645,0.04614268994988153,"[0.04563592843959788, 0.046402918833540696]",0.15761652595524983,0.15761652595524983,"[0.15761652595524983, 0.15761652595524983]",150.96461318115183,135.85951593117113,168.71661193769623,135.85951593117113
11,5900.0,437405.2147074363,4008555.6514889523,True,20.913848876953125,20.277740478515625,21.68268585205078,0.300119549036026,0.0,1.0,2001.0,152.2266411514195,False,45.0,0.04749275901388018,0.03567977116840694,"[0.015339807878856429, 0.05215534678811186]",0.03710000603398533,0.03719903410622684,"[0.03719903410622684, 0.03719903410622684]",0.15761652595524983,0.15761652595524983,"[0.15761652595524983, 0.15761652595524983]",151.37772697331982,136.20918299025234,169.20287764326582,136.20918299025234
11,6000.0,437499.24970093946,4008589.67236485,True,20.961483001708984,20.356456756591797,21.727474212646484,0.300119549036026,0.0,1.0,2001.0,152.2266411514195,False,45.0,0.049482273899681885,0.03596381088396313,"[0.015339807878856429, 0.05215534678811186]",0.03705502399423149,0.03719903410622684,"[0.03719903410622684, 0.03719903410622684]",0.15761652595524983,0.15761652595524983,"[0.15761652595524983, 0.15761652595524983]",151.4286733973944,136.2527530231866,169.2623342288233,136.2527530231866
11,6100.0,437593.2846944427,4008623.693240748,True,21.01032829284668,20.375198364257812,21.787395477294922,0.300119549036026,0.0,1.0,2001.0,149.7201189361394,False,90.0,0.035135176228218434,0.04279330433464981,"[0.027611654181941572, 0.05829126993965443]",0.046176328339141384,0.04613795851563318,"[0.04563592843959788, 0.046402918833540696]",0.15761652595524983,0.15761652595524983,"[0.15761652595524983, 0.15761652595524983]",151.29546912917243,136.13961298914776,169.10599340682296,136.13961298914776
11,6200.0,437687.3196879459,4008657.7141166455,True,21.044588088989258,20.37823486328125,21.877613067626953,0.300119549036026,0.0,1.0,2001.0,142.0032502336585,True,56.309932474020215,0.04408128212711248,0.04243465246320382,"[0.033747577333484144, 0.05215534678811186]",0.04608615011098222,0.046082177396073704,"[0.04563592843959788, 0.046402918833540696]",0.15761652595524983,0.15761652595524983,"[0.15761652595524983, 0.15761652595524983]",151.74293375766214,136.51763060909147,169.63352121174825,136.51763060909147
11,6300.0,437781.3546814491,4008691.7349925432,True,21.066255569458008,20.36614227294922,21.98047637939453,0.300119549036026,0.0,1.0,2001.0,150.57195460481162,True,56.309932474020215,0.042357690603241904,0.04237706994662402,"[0.033747577333484144, 0.05215534678811186]",0.04609766370593867,0.0460799755097753,"[0.04563592843959788, 0.046402918833540696]",0.15761652595524983,0.15761652595524983,"[0.15761652595524983, 0.15761652595524983]",151.43960697371642,136.26182443058647,169.27541332125116,136.26182443058647
11,6400.0,437875.3896749523,4008725.755868441,True,21.097780227661133,20.338054656982422,22.051742553710938,0.300119549036026,0.0,1.0,2001.0,150.57195460481162,True,51.34019174590991,0.04209888873300653,0.04283242936065311,"[0.033747577333484144, 0.05215534678811186]",0.04613426192238518,0.04609612267596358,"[0.04563592843959788, 0.046402918833540696]",0.15761652595524983,0.15761652595524983,"[0.15761652595524983, 0.15761652595524983]",151.7416469081374,136.51678243874983,169.631731125914,136.51678243874983
11,6500.0,437969.42466845555,4008759.7767443387,True,21.146099090576172,20.280502319335938,22.08289337158203,0.300119549036026,0.0,1.0,2001.0,150.57195460481162,True,51.34019174590991,0.04234797398011416,0.04296961959592036,"[0.033747577333484144, 0.05215534678811186]",0.04585716652191754,0.045927384789296144,"[0.04563592843959788, 0.046402918833540696]",0.15761652595524983,0.15761652595524983,"[0.15761652595524983, 0.15761652595524983]",152.1119108442838,136.82924023308956,170.06863394524967,136.82924023308956
11,6600.0,438063.45966195874,4008793.7976202364,True,21.251523971557617,20.317977905273438,22.14523696899414,0.300119549036026,0.0,1.0,2001.0,150.57195460481162,False,51.34019174590991,0.04236021335420589,0.04293734574123531,"[0.033747577333484144, 0.05215534678811186]",0.03280927762387696,0.03287599734036731,"[0.03259709174256992, 0.033364082136512735]",0.15761652595524983,0.15761652595524983,"[0.15761652595524983, 0.15761652595524983]",152.2237124107535,136.92400178567522,170.20008560762435,136.92400178567522
11,6700.0,438157.494655462,4008827.818496134,True,21.388166427612305,20.33953094482422,22.2755126953125,0.300119549036026,0.0,1.0,2001.0,186.18181818181793,True,90.0,0.03757508744607656,0.037085834326622914,"[0.021475731030399, 0.05215534678811186]",0.04583456424130661,0.04594898574324801,"[0.04563592843959788, 0.046402918833540696]",0.15761652595524983,0.15761652595524983,"[0.15761652595524983, 0.15761652595524983]",152.4939701671336,137.15209155450057,170.51895427121178,137.15209155450057
11,6800.0,438251.52964896517,4008861.839372032,True,21.538488388061523,20.376422882080078,22.52552032470703,0.300119549036026,0.0,1.0,2001.0,186.18181818181793,True,90.0,0.03363309689983237,0.036572668540186815,"[0.021475731030399, 0.05215534678811186]",0.03265507491423901,0.03259709174256992,"[0.03259709174256992, 0.03259709174256992]",0.15761652595524983,0.15761652595524983,"[0.15761652595524983, 0.15761652595524983]",152.93992038260564,137.52750542462627,171.0462145660095,137.52750542462627
11,6900.0,438345.5646424684,4008895.8602479296,True,21.69386100769043,20.400264739990234,22.746540069580078,0.300119549036026,0.0,1.0,2001.0,186.18181818181793,True,90.0,0.032385970181266065,0.031769196540314515,"[0.009203884727313857, 0.05829126993965443]",0.0364011773266445,0.03643204371228402,"[0.03643204371228402, 0.03643204371228402]",0.20823789195547604,0.20823789195547604,"[0.20823789195547604, 0.20823789195547604]",153.9560854677691,138.38366965534638,172.24683154677814,138.38366965534638
11,7000.0,438439.5996359716,4008929.881123828,True,21.858570098876953,20.432235717773438,22.96692657470703,0.300119549036026,0.0,1.0,2001.0,204.79999999999976,False,90.0,0.009203884727313857,0.020405700238995732,"[0.009203884727313857, 0.033747577333484144]",0.04505520079395058,0.04486893804565506,"[0.04486893804565506, 0.04486893804565506]",0.20823789195547604,0.20823789195547604,"[0.20823789195547604, 0.20823789195547604]",153.71685821266584,138.17948559841662,171.9671930002016,138.17948559841662
11,7100.0,438533.63462947484,4008963.9019997255,True,22.042692184448242,20.459980010986328,23.25592041015625,0.300119549036026,0.0,1.0,2001.0,204.79999999999976,False,63.43494882292201,0.009203884727313857,0.009203884727313857,"[0.009203884727313857, 0.009203884727313857]",0.044831685769185316,0.04486893804565506,"[0.04486893804565506, 0.04486893804565506]",0.20823789195547604,0.20823789195547604,"[0.20823789195547604, 0.20823789195547604]",154.97600247409054,139.23900896833996,173.45646170957562,139.23900896833996
11,7200.0,438627.669622978,4008997.922875623,True,22.233089447021484,20.566211700439453,23.43152618408203,0.300119549036026,0.0,1.0,2001.0,114.4866804479891,True,63.43494882292201,0.009203884727313857,0.009203884727313857,"[0.009203884727313857, 0.009203884727313857]",0.0449073139978976,0.04512460151030267,"[0.04486893804565506, 0.04563592843959788]",0.20823789195547604,0.20823789195547604,"[0.20823789195547604, 0.20823789195547604]",155.09056455295058,139.3360338647284,173.59123992213458,139.3360338647284
11,7300.0,438721.70461648126,4009031.943751521,True,22.425493240356445,20.881587982177734,23.482173919677734,0.300119549036026,0.0,1.0,2001.0,120.47058823529396,True,63.43494882292201,0.009203884727313857,0.009203884727313857,"[0.009203884727313857, 0.009203884727313857]",0.031845577031862644,0.031830101348627085,"[0.031830101348627085, 0.031830101348627085]",0.20823789195547604,0.20823789195547604,"[0.20823789195547604, 0.20823789195547604]",155.6729106742049,139.82491033599507,174.2813356140401,139.82491033599507
11,7400.0,438815.73960998445,4009065.9646274187,True,22.577346801757812,21.286235809326172,23.48681640625,0.300119549036026,0.0,1.0,2001.0,127.01156821934931,True,60.25511870305778,0.009203884727313857,0.009203884727313857,"[0.009203884727313857, 0.009203884727313857]",0.031830101348627085,0.031830101348627085,"[0.031830101348627085, 0.031830101348627085]",0.20823789195547604,0.20823789195547604,"[0.20823789195547604, 0.20823789195547604]",155.94016976986632,140.05015605066293,174.5970270834069,140.05015605066293
11,7500.0,438909.7746034877,4009099.9855033164,True,22.659311294555664,21.44598388671875,23.48681640625,0.300119549036026,0.0,1.0,2001.0,127.01156821934931,True,60.25511870305778,0.009203884727313857,0.011276042494682854,"[0.009203884727313857, 0.015339807878856429]",0.03192891115318521,0.031830101348627085,"[0.031830101348627085, 0.031830101348627085]",0.20823789195547604,0.20823789195547604,"[0.20823789195547604, 0.20823789195547604]",155.87448592516608,139.99629375141822,174.51772156449033,139.99629375141822
11,7600.0,439003.8095969909,4009134.006379214,True,22.6588191986084,21.508586883544922,23.48495864868164,0.300119549036026,0.0,1.0,2001.0,145.62676627660082,True,60.25511870305778,0.009203884727313857,0.011779503020861221,"[0.009203884727313857, 0.015339807878856429]",0.03187295560360154,0.031830101348627085,"[0.031830101348627085, 0.031830101348627085]",0.20823789195547604,0.20823789195547604,"[0.20823789195547604, 0.20823789195547604]",156.08828735296564,140.17531423682436,174.77161546542482,140.17531423682436
11,7700.0,439097.84459049406,4009168.027255112,True,22.58751106262207,21.275405883789062,23.48495864868164,0.300119549036026,0.0,1.0,2001.0,175.61455118592883,True,59.03624346792648,0.03951774605501953,0.039770948362110516,"[0.033747577333484144, 0.04601942363656929]",0.031844297608542946,0.031830101348627085,"[0.031830101348627085, 0.031830101348627085]",0.20823789195547604,0.20823789195547604,"[0.20823789195547604, 0.20823789195547604]",156.12762544043844,140.20843713368834,174.818118572682,140.20843713368834
11,7800.0,439191.8795839973,4009202.0481310096,True,22.453025817871094,20.693157196044922,23.48495864868164,0.300119549036026,0.0,1.0,2001.0,175.61455118592883,True,59.03624346792648,0.03866323138140702,0.039307873025743754,"[0.033747577333484144, 0.04601942363656929]",0.0356650533183412,0.0356650533183412,"[0.0356650533183412, 0.0356650533183412]",0.20823789195547604,0.20823789195547604,"[0.20823789195547604, 0.20823789195547604]",154.77831493626255,139.07120860637264,173.22431566500234,139.07120860637264
11,7900.0,439285.9145775005,4009236.0690069073,True,22.300195693969727,20.373950958251953,23.48495864868164,0.300119549036026,0.0,1.0,2001.0,175.61455118592883,True,59.03624346792648,0.03813151873485839,0.03718105898200496,"[0.033747577333484144, 0.039883500485026716]",0.0356650533183412,0.0356650533183412,"[0.0356650533183412, 0.0356650533183412]",0.20823789195547604,0.20823789195547604,"[0.20823789195547604, 0.20823789195547604]",155.15407235876637,139.3870271995133,173.66916860813902,139.3870271995133
11,8000.0,439379.94957100373,4009270.089882805,True,22.131118774414062,20.294639587402344,23.48084259033203,0.300119549036026,0.0,1.0,2001.0,175.61455118592883,True,59.03624346792648,0.038072588713666596,0.03718062195106159,"[0.033747577333484144, 0.039883500485026716]",0.045694002377051963,0.04592354983732644,"[0.04563592843959788, 0.046402918833540696]",0.20823789195547604,0.20823789195547604,"[0.20823789195547604, 0.20823789195547604]",154.55138003031243,138.88042483349946,172.955708637262,138.88042483349946
11,8100.0,439473.9845645069,4009304.1107587027,True,21.95197868347168,20.283184051513672,23.463638305664062,0.300119549036026,0.0,1.0,2001.0,163.4481939389688,True,59.03624346792648,0.038426482715398946,0.03728458076997407,"[0.033747577333484144, 0.039883500485026716]",0.0460989303015256,0.0460712473118357,"[0.04563592843959788, 0.046402918833540696]",0.20823789195547604,0.20823789195547604,"[0.20823789195547604, 0.20823789195547604]",153.19085961590068,137.7347737355064,171.34748396129993,137.7347737355064
11,8200.0,439568.01955801016,4009338.131634601,True,21.77246856689453,20.275165557861328,23.36160659790039,0.300119549036026,0.0,1.0,2001.0,162.8156743689768,True,59.03624346792648,0.038620172339660336,0.037342617283706636,"[0.033747577333484144, 0.039883500485026716]",0.0321315334925798,0.032493093045086144,"[0.031830101348627085, 0.033364082136512735]",0.20823789195547604,0.20823789195547604,"[0.20823789195547604, 0.20823789195547604]",153.76221720264823,138.21725101082856,172.02130524571666,138.21725101082856
11,8300.0,439662.05455151334,4009372.1525104987,True,21.601865768432617,20.26507568359375,23.067596435546875,0.300119549036026,0.0,1.0,2001.0,162.8156743689768,True,59.03624346792648,0.038585539398910386,0.037282610449426885,"[0.033747577333484144, 0.039883500485026716]",0.04605553299706426,0.04546401679957622,"[0.04410194765171223, 0.046402918833540696]",0.20823789195547604,0.20823789195547604,"[0.20823789195547604, 0.20823789195547604]",153.3490813090282,137.86896812608663,171.53340923377763,137.86896812608663
11,8400.0,439756.0895450166,4009406.1733863964,True,21.461463928222656,20.276996612548828,22.721744537353516,0.300119549036026,0.0,1.0,2001.0,167.77869732229925,True,51.34019174590991,0.038228828952212114,0.04141956602600095,"[0.033747577333484144, 0.05215534678811186]",0.03275534847448787,0.03289449618103754,"[0.03259709174256992, 0.033364082136512735]",0.15761652595524983,0.15761652595524983,"[0.15761652595524983, 0.15761652595524983]",152.5623198849995,137.2081697672149,170.6014429708006,137.2081697672149
11,8500.0,439850.12453851977,4009440.194262294,True,21.362272262573242,20.283958435058594,22.372695922851562,0.300119549036026,0.0,1.0,2001.0,167.77869732229925,True,51.34019174590991,0.03839636969313514,0.04154443077255436,"[0.033747577333484144, 0.05215534678811186]",0.045839372645790286,0.04594272459717501,"[0.04563592843959788, 0.046402918833540696]",0.15761652595524983,0.15761652595524983,"[0.15761652595524983, 0.15761652595524983]",152.59665196627424,137.2384310559094,170.6404749507422,137.2384310559094
11,8600.0,439944.159532023,4009474.215138192,True,21.36095428466797,20.31055450439453,22.191051483154297,0.300119549036026,0.0,1.0,2001.0,167.77869732229925,True,51.34019174590991,0.0382389499195701,0.04160806700179255,"[0.033747577333484144, 0.05215534678811186]",0.04605035060614336,0.0457659268114526,"[0.04486893804565506, 0.046402918833540696]",0.15761652595524983,0.15761652595524983,"[0.15761652595524983, 0.15761652595524983]",152.6064018283253,137.2461800473889,170.65252790263222,137.2461800473889
11,8700.0,440038.1945255262,4009508.2360140895,True,21.43032455444336,20.353313446044922,22.256710052490234,0.300119549036026,0.0,1.0,2001.0,167.77869732229925,True,51.34019174590991,0.037928193662948494,0.041788995145954806,"[0.033747577333484144, 0.05215534678811186]",0.04589560953758305,0.04597340421293272,"[0.04563592843959788, 0.046402918833540696]",0.15761652595524983,0.15761652595524983,"[0.15761652595524983, 0.15761652595524983]",152.16658987508748,136.87500575423897,170.13358660828507,136.87500575423897
11,8800.0,440132.22951902944,4009542.2568899873,True,21.554031372070312,20.418405532836914,22.376296997070312,0.300119549036026,0.0,1.0,2001.0,167.77869732229925,True,51.34019174590991,0.03847575042552513,0.04210445177301738,"[0.033747577333484144, 0.05215534678811186]",0.03666057694486065,0.036727040017646644,"[0.03643204371228402, 0.03719903410622684]",0.15761652595524983,0.15761652595524983,"[0.15761652595524983, 0.15761652595524983]",153.04102707053124,137.61277634654502,171.1655785916645,137.61277634654502
11,8900.0,440226.2645125326,4009576.277765885,True,21.710996627807617,20.609134674072266,22.49643325805664,0.300119549036026,0.0,1.0,2001.0,167.77869732229925,True,51.34019174590991,0.03954828980987958,0.042401969861969674,"[0.033747577333484144, 0.05215534678811186]",0.036521756299229186,0.03643204371228402,"[0.03643204371228402, 0.03643204371228402]",0.15761652595524983,0.15761652595524983,"[0.15761652595524983, 0.15761652595524983]",153.5096935761817,138.0087136405759,171.71809164974485,138.0087136405759
11,9000.0,440320.29950603587,4009610.2986417827,True,21.874048233032227,20.86767578125,22.65182113647461,0.300119549036026,0.0,1.0,2001.0,157.07442971594122,True,51.34019174590991,0.040497664845624316,0.03525308023630587,"[0.015339807878856429, 0.05215534678811186]",0.03648937707486147,0.03643204371228402,"[0.03643204371228402, 0.03643204371228402]",0.15761652595524983,0.15761652595524983,"[0.15761652595524983, 0.15761652595524983]",153.64277925009827,138.12072986366238,171.87546642378663,138.12072986366238
11,9100.0,440414.33449953905,4009644.3195176804,True,22.01445960998535,21.112464904785156,22.789024353027344,0.300119549036026,0.0,1.0,2001.0,158.2160494462784,True,59.03624346792648,0.03926795986897937,0.03933711227152709,"[0.021475731030399, 0.05829126993965443]",0.04486893804565506,0.04515151345394978,"[0.04486893804565506, 0.04563592843959788]",0.15761652595524983,0.15761652595524983,"[0.15761652595524983, 0.15761652595524983]",154.6187845627625,138.94360330284317,173.02800361213087,138.94360330284317
11,9200.0,440508.3694930423,4009678.340393578,True,22.134321212768555,21.400184631347656,22.906009674072266,0.300119549036026,0.0,1.0,2001.0,179.62148235407938,True,59.03624346792648,0.03292751726271951,0.04087424760008174,"[0.027611654181941572, 0.05829126993965443]",0.03629328764039578,0.03643204371228402,"[0.03643204371228402, 0.03643204371228402]",0.15761652595524983,0.15761652595524983,"[0.15761652595524983, 0.15761652595524983]",154.6465457260065,138.9663012414475,173.06160117467655,138.9663012414475
11,9300.0,440602.4044865455,4009712.361269476,True,22.26279067993164,21.581756591796875,23.031879425048828,0.300119549036026,0.0,1.0,2001.0,179.62148235407938,False,45.0,0.03216073409380566,0.037898915481549854,"[0.027611654181941572, 0.05215534678811186]",0.04517419317325709,0.04519188136942046,"[0.04486893804565506, 0.04563592843959788]",0.15761652595524983,0.15761652595524983,"[0.15761652595524983, 0.15761652595524983]",154.9593550535825,139.22990827298858,173.43112971851866,139.22990827298858
11,9400.0,440696.4394800487,4009746.3821453736,True,22.383342742919922,21.6656436920166,23.11968994140625,0.300119549036026,0.0,1.0,2001.0,187.3031457330254,False,45.0,0.03248431700400872,0.03547298641451591,"[0.027611654181941572, 0.04601942363656929]",0.044924289235938754,0.04486893804565506,"[0.04486893804565506, 0.04486893804565506]",0.20823789195547604,0.20823789195547604,"[0.20823789195547604, 0.20823789195547604]",155.62281185092993,139.78692025865163,174.217287866512,139.78692025865163
11,9500.0,440790.4744735519,4009780.403021272,False,22.492250442504883,21.817623138427734,23.149871826171875,3.0899999141693115,0.0,0.998745658047086,1868.0,179.62148235407938,False,,,,,,,,,,,,,,
11,9600.0,440884.5094670551,4009814.4238971695,False,22.538803100585938,21.91598129272461,23.168228149414062,3.0999999046325684,0.0,0.9681743658983508,1868.0,178.5563731105062,True,,,,,,,,,,,,,,
11,9700.0,440978.54446055833,4009848.4447730673,False,22.592727661132812,21.93798828125,23.248001098632812,3.1700000762939453,0.0,0.8913420748168145,1868.0,167.77869732229925,True,,,,,,,,,,,,,,
11,9800.0,441072.5794540615,4009882.465648965,False,22.696895599365234,21.946640014648438,23.387088775634766,3.190000057220459,0.0,0.7921564848718443,1868.0,167.77869732229925,False,,,,,,,,,,,,,,
11,9900.0,441166.61444756476,4009916.4865248627,False,22.804197311401367,21.943281173706055,23.6384334564209,3.200000047683716,0.0,0.7002890173410404,1868.0,170.6666666666665,False,,,,,,,,,,,,,,
11,10000.0,441260.64944106794,4009950.5074007604,False,22.915414810180664,21.956836700439453,24.13859748840332,3.2100000381469727,0.0,0.5985366323288727,1868.0,151.71526604537675,True,,,,,,,,,,,,,,
11,10100.0,441354.6844345712,4009984.528276658,False,23.01201629638672,21.968185424804688,24.414012908935547,3.2300000190734863,0.0,0.4974013474494706,1868.0,147.41826575333243,True,,,,,,,,,,,,,,
11,10200.0,441448.7194280744,4010018.549152556,False,23.09986114501953,21.98090362548828,24.502439498901367,3.2300000190734863,0.0,0.39640246248557137,1868.0,147.41826575333243,True,,,,,,,,,,,,,,
11,10300.0,441542.7544215776,4010052.5700284536,False,23.179357528686523,21.993375778198242,24.50613784790039,3.2200000286102295,0.0,0.29510718062097474,1868.0,147.41826575333243,True,,,,,,,,,,,,,,
11,10400.0,441636.7894150808,4010086.5909043513,False,23.263416290283203,22.00763702392578,24.47641372680664,3.2200000286102295,0.0,0.19363828560445898,1868.0,175.61455118592883,False,,,,,,,,,,,,,,
11,10500.0,441730.82440858404,4010120.611780249,False,23.389995574951172,22.02151107788086,24.528825759887695,3.2200000286102295,0.0,0.09558117195004803,1868.0,175.61455118592883,True,,,,,,,,,,,,,,
11,10600.0,441824.8594020872,4010154.632656147,False,23.57166290283203,22.079265594482422,24.63465118408203,3.2100000381469727,0.0,0.024579932789246278,1868.0,140.49164094874308,True,,,,,,,,,,,,,,
11,10700.0,441918.89439559047,4010188.6535320445,False,23.809009552001953,22.45189094543457,24.773866653442383,3.2200000286102295,0.0,0.0,1868.0,134.16894097006954,True,,,,,,,,,,,,,,
11,10800.0,442012.92938909365,4010222.6744079427,False,23.99317169189453,22.722951889038086,24.943866729736328,3.2300000190734863,0.0,0.0,1868.0,134.16894097006954,True,,,,,,,,,,,,,,
11,10900.0,442106.9643825969,4010256.6952838404,False,24.19651222229004,23.00845718383789,25.17568016052246,3.2300000190734863,0.0,0.0,1868.0,134.16894097006954,True,,,,,,,,,,,,,,
11,11000.0,442200.9993761001,4010290.716159738,False,24.38768768310547,23.33991813659668,25.32038116455078,3.240000009536743,0.0,0.0,1868.0,134.16894097006954,True,,,,,,,,,,,,,,
11,11100.0,442295.0343696033,4010324.737035636,False,24.58403205871582,23.577280044555664,25.48386573791504,3.240000009536743,0.0,0.0,1868.0,138.70806251081638,True,,,,,,,,,,,,,,
11,11200.0,442389.0693631065,4010358.7579115336,False,24.793453216552734,23.767009735107422,25.7315616607666,3.240000009536743,0.0,0.0,1868.0,138.70806251081638,True,,,,,,,,,,,,,,
11,11300.0,442483.1043566097,4010392.7787874313,False,25.01458168029785,23.94895362854004,26.025331497192383,3.240000009536743,0.0,0.0,1868.0,185.41720789507772,False,,,,,,,,,,,,,,
11,11400.0,442577.13935011294,4010426.799663329,False,25.2216739654541,24.167537689208984,26.22489356994629,3.240000009536743,0.0,0.0,1868.0,170.6666666666664,True,,,,,,,,,,,,,,
11,11500.0,442671.1743436161,4010460.8205392268,False,25.473613739013672,24.45107650756836,26.508651733398438,3.240000009536743,0.0,0.0,1868.0,146.2857142857141,True,,,,,,,,,,,,,,
11,11600.0,442765.20933711936,4010494.8414151245,False,25.73879051208496,24.763866424560547,26.815006256103516,3.240000009536743,0.0,0.0,1868.0,134.16894097006954,True,,,,,,,,,,,,,,
11,11700.0,442859.24433062255,4010528.862291022,False,26.01508140563965,25.03386688232422,27.20406150817871,3.240000009536743,0.0,0.0,1868.0,134.16894097006954,True,,,,,,,,,,,,,,
11,11800.0,442953.2793241258,4010562.88316692,False,26.23055076599121,25.238121032714844,27.323732376098633,3.240000009536743,0.0,0.0,1868.0,134.16894097006954,True,,,,,,,,,,,,,,
11,11900.0,443047.314317629,4010596.9040428177,False,26.411144256591797,25.424171447753906,27.38241195678711,3.240000009536743,0.0,0.0,1868.0,133.4391529768148,False,,,,,,,,,,,,,,
11,12000.0,443141.3493111322,4010630.924918716,False,26.505369186401367,25.594467163085938,27.384536743164062,3.240000009536743,0.0,0.0,1868.0,133.4391529768148,False,,,,,,,,,,,,,,
11,12100.0,443235.3843046354,4010664.9457946136,False,26.553117752075195,25.724130630493164,27.381662368774414,1.0626311302185059,0.0,0.0,2016.0,206.87924112429238,False,,,,,,,,,,,,,,
11,12200.0,443329.41929813864,4010698.9666705113,False,26.56468963623047,25.678421020507812,27.376264572143555,1.0626311302185059,0.0,0.0,2016.0,180.39405143491672,True,,,,,,,,,,,,,,
11,12300.0,443423.4542916418,4010732.987546409,False,26.55162811279297,25.528629302978516,27.370386123657227,1.0626311302185059,0.0,0.0,2016.0,180.39405143491672,True,,,,,,,,,,,,,,
11,12400.0,443517.4892851451,4010767.0084223067,False,26.49155044555664,25.38821792602539,27.37914276123047,1.0626311302185059,0.0,0.0,2016.0,180.39405143491672,True,,,,,,,,,,,,,,
11,12500.0,443611.52427864826,4010801.0292982045,False,26.39458465576172,25.24176025390625,27.378843307495117,1.0626311302185059,0.0,0.0,2016.0,165.1517431512483,True,,,,,,,,,,,,,,
11,12600.0,443705.5592721515,4010835.050174102,False,26.272403717041016,25.02877426147461,27.38210678100586,1.0626311302185059,0.0,0.0,2016.0,457.9467217919564,False,,,,,,,,,,,,,,
11,12700.0,443799.5942656547,4010869.07105,False,26.096424102783203,24.761131286621094,27.286540985107422,1.0626311302185059,0.0,0.0,2016.0,180.39405143491663,False,,,,,,,,,,,,,,
11,12800.0,443893.6292591579,4010903.0919258976,False,25.947843551635742,24.46156120300293,27.084726333618164,1.0626311302185059,0.0,0.0,2016.0,185.41720789507772,False,,,,,,,,,,,,,,
11,12900.0,443987.6642526611,4010937.1128017954,False,25.818326950073242,24.161888122558594,26.857738494873047,1.0626311302185059,0.0,0.0,2016.0,144.81546878700476,True,,,,,,,,,,,,,,
11,13000.0,444081.69924616435,4010971.133677693,False,25.755054473876953,24.053403854370117,26.795604705810547,1.0626311302185059,0.0,0.0,2016.0,239.88289826089868,False,,,,,,,,,,,,,,
11,13100.0,444175.73423966754,4011005.154553591,False,25.750680923461914,24.081995010375977,26.78976821899414,1.0626311302185059,0.0,0.0,2016.0,239.70026945767506,False,,,,,,,,,,,,,,
11,13200.0,444269.7692331707,4011039.1754294885,False,25.779394149780273,24.119680404663086,26.833192825317383,1.0626311302185059,0.0,0.0,2016.0,284.006500467317,False,,,,,,,,,,,,,,
11,13300.0,444363.80422667396,4011073.1963053867,False,25.811172485351562,24.169591903686523,26.793745040893555,1.0626311302185059,0.0,0.0,2016.0,457.9467217919564,False,,,,,,,,,,,,,,
11,13400.0,444457.83922017715,4011107.2171812844,False,25.83738136291504,24.22466278076172,26.756298065185547,1.0626311302185059,0.0,0.0,2016.0,284.006500467317,False,,,,,,,,,,,,,,
11,13500.0,444551.8742136804,4011141.238057182,False,25.89215850830078,24.27830696105957,26.81299591064453,1.0626311302185059,0.0,0.0,2016.0,152.64890726398548,True,,,,,,,,,,,,,,
11,13600.0,444645.9092071836,4011175.25893308,False,25.950260162353516,24.371084213256836,26.888416290283203,1.0626311302185059,0.0,0.0,2016.0,163.4481939389688,True,,,,,,,,,,,,,,
11,13700.0,444739.9442006868,4011209.2798089776,False,26.063655853271484,24.60063934326172,27.0070743560791,1.0626311302185059,0.0,0.0,2016.0,186.18181818181793,True,,,,,,,,,,,,,,
11,13800.0,444833.97919419,4011243.3006848753,False,26.190698623657227,24.817768096923828,27.132020950317383,1.0626311302185059,0.0,0.0,2016.0,186.18181818181793,True,,,,,,,,,,,,,,
11,13900.0,444928.01418769325,4011277.321560773,False,26.360631942749023,25.20296859741211,27.26317596435547,1.0626311302185059,0.0,0.0,2016.0,191.62609506871448,True,,,,,,,,,,,,,,
11,14000.0,445022.04918119643,4011311.342436671,False,26.531776428222656,25.69660758972168,27.412216186523438,1.0626311302185059,0.0,0.0,2016.0,185.41720789507772,True,,,,,,,,,,,,,,
11,14100.0,445116.0841746997,4011345.3633125685,False,26.660058975219727,25.982017517089844,27.45003318786621,1.0626311302185059,0.0,0.0,2016.0,176.13335453536786,True,,,,,,,,,,,,,,
11,14200.0,445210.11916820286,4011379.3841884662,False,26.724998474121094,26.116941452026367,27.44141387939453,1.0626311302185059,0.0,0.0,2016.0,169.81968046250464,False,,,,,,,,,,,,,,
11,14300.0,445304.1541617061,4011413.405064364,False,26.75832748413086,26.1538028717041,27.436439514160156,1.0626311302185059,0.0,0.0,2016.0,152.64890726398548,True,,,,,,,,,,,,,,
11,14400.0,445398.1891552093,4011447.4259402617,False,26.77149772644043,26.188987731933594,27.425872802734375,1.0626311302185059,0.0,0.0,2016.0,152.64890726398548,True,,,,,,,,,,,,,,
11,14500.0,445492.2241487125,4011481.44681616,False,26.77738380432129,26.222043991088867,27.414098739624023,1.0626311302185059,0.0,0.0,2016.0,204.79999999999976,False,,,,,,,,,,,,,,
11,14600.0,445586.2591422157,4011515.4676920576,False,26.77437400817871,26.25666046142578,27.402515411376953,1.0626311302185059,0.0,0.0,2016.0,203.78361655500555,True,,,,,,,,,,,,,,
11,14700.0,445680.29413571896,4011549.4885679553,False,26.771221160888672,26.30329704284668,27.3857421875,1.0626311302185059,0.0,0.0,2016.0,190.51735232902405,True,,,,,,,,,,,,,,
11,14800.0,445774.32912922214,4011583.509443853,False,26.77779197692871,26.357616424560547,27.28574562072754,1.0626311302185059,0.0,0.0,2016.0,190.51735232902405,True,,,,,,,,,,,,,,
11,14900.0,445868.3641227254,4011617.530319751,False,26.78441619873047,26.411457061767578,27.162107467651367,1.0626311302185059,0.0,0.0,2016.0,203.78361655500555,True,,,,,,,,,,,,,,
11,15000.0,445962.39911622857,4011651.5511956485,False,26.786264419555664,26.43803596496582,27.094575881958008,1.0626311302185059,0.0,0.0,2016.0,200.8229223815002,False,,,,,,,,,,,,,,
11,15100.0,446056.43410973175,4011685.572071546,False,26.78601837158203,26.450939178466797,27.08013343811035,1.0626311302185059,0.0,0.0,2016.0,222.13678880630357,False,,,,,,,,,,,,,,
11,15200.0,446150.469103235,4011719.592947444,False,26.797361373901367,26.47396469116211,27.069311141967773,1.0626311302185059,0.0,0.0,2016.0,241.35911464500796,False,,,,,,,,,,,,,,
11,15300.0,446244.5040967382,4011753.6138233417,False,26.812828063964844,26.513166427612305,27.07505989074707,1.0626311302185059,0.0,0.0,2016.0,95.07601314665045,True,,,,,,,,,,,,,,
11,15400.0,446338.5390902414,4011787.6346992394,False,26.829116821289062,26.562360763549805,27.076801300048828,1.0626311302185059,0.0,0.0,2016.0,95.07601314665045,True,,,,,,,,,,,,,,
11,15500.0,446432.5740837446,4011821.655575137,False,26.834035873413086,26.562576293945312,27.078197479248047,1.0626311302185059,0.0,0.0,2016.0,90.31388652101438,True,,,,,,,,,,,,,,
11,15600.0,446526.60907724785,4011855.676451035,False,26.82347297668457,26.548128128051758,27.07634925842285,3.4100000858306885,0.0,0.0,2016.0,93.38076212993079,True,,,,,,,,,,,,,,
11,15700.0,446620.64407075103,4011889.6973269326,False,26.792137145996094,26.41925621032715,27.075607299804688,3.4100000858306885,0.0,0.0,2016.0,142.0032502336585,False,,,,,,,,,,,,,,
11,15800.0,446714.6790642543,4011923.7182028308,False,26.741283416748047,26.2999324798584,27.07463836669922,3.4100000858306885,0.0,0.0,2016.0,129.5268929604967,True,,,,,,,,,,,,,,
11,15900.0,446808.71405775746,4011957.7390787285,False,26.670238494873047,26.13825035095215,27.07106590270996,3.4100000858306885,0.0,0.0,2016.0,130.16481749208126,True,,,,,,,,,,,,,,
11,16000.0,446902.7490512607,4011991.759954626,False,26.592697143554688,26.05782699584961,27.04694366455078,3.4100000858306885,0.0,0.0,2016.0,142.0032502336585,True,,,,,,,,,,,,,,
11,16100.0,446996.7840447639,4012025.780830524,True,26.51547622680664,26.058320999145508,27.003864288330078,0.46000000834465027,0.0,0.0,2016.0,228.9733608959782,False,50.19442890773481,0.044638854619174176,0.03822869993517989,"[0.027611654181941572, 0.04601942363656929]",0.04256796686382659,0.04256796686382659,"[0.04256796686382659, 0.04256796686382659]",0.15684953556130699,0.15684953556130699,"[0.15684953556130699, 0.15684953556130699]",165.40827695879642,147.9006411073919,185.93089220810216,147.9006411073919
11,16200.0,447090.81903826713,4012059.8017064217,True,26.453636169433594,26.068035125732422,26.932817459106445,0.46000000834465027,0.0,0.0,2016.0,239.70026945767506,True,26.56505117707799,0.028091372341873807,0.0334078741487337,"[0.021475731030399, 0.04601942363656929]",0.04256796686382659,0.04256796686382659,"[0.04256796686382659, 0.04256796686382659]",0.15684953556130699,0.15684953556130699,"[0.15684953556130699, 0.15684953556130699]",165.20717704948407,147.7361186846495,185.68755520062612,147.7361186846495
11,16300.0,447184.8540317703,4012093.8225823194,True,26.39583396911621,26.078428268432617,26.836841583251953,0.46000000834465027,0.0,0.0,2016.0,150.57195460481162,True,56.309932474020215,0.0434314922629398,0.037101046691204335,"[0.027611654181941572, 0.04601942363656929]",0.04256796686382659,0.04256796686382659,"[0.04256796686382659, 0.04256796686382659]",0.15684953556130699,0.15684953556130699,"[0.15684953556130699, 0.15684953556130699]",164.95896645647915,147.53297148629807,185.3873112232551,147.53297148629807
11,16400.0,447278.88902527356,4012127.843458217,True,26.356321334838867,26.088314056396484,26.69647789001465,0.4000000059604645,0.0,0.0,2016.0,150.57195460481162,True,56.309932474020215,0.043276839413922547,0.038077133477075496,"[0.027611654181941572, 0.04601942363656929]",0.04256796686382659,0.04256796686382659,"[0.04256796686382659, 0.04256796686382659]",0.15684953556130699,0.15684953556130699,"[0.15684953556130699, 0.15684953556130699]",164.91168985706219,147.49426649887042,185.33013761600924,147.49426649887042
11,16500.0,447372.92401877674,4012161.864334115,True,26.33548927307129,26.095949172973633,26.559551239013672,0.4000000059604645,0.0,0.0,2016.0,150.57195460481162,True,56.309932474020215,0.04331946577846976,0.04306256963617941,"[0.039883500485026716, 0.04601942363656929]",0.04256796686382659,0.04256796686382659,"[0.04256796686382659, 0.04256796686382659]",0.15684953556130699,0.15684953556130699,"[0.15684953556130699, 0.15684953556130699]",164.83191753922398,147.429092476829,185.23350522123692,147.429092476829
11,16600.0,447466.95901228,4012195.8852100126,True,26.33155632019043,26.106121063232422,26.518550872802734,0.38999998569488525,0.0,0.0,2016.0,142.0032502336585,True,56.309932474020215,0.04357749531310123,0.04314331082150557,"[0.039883500485026716, 0.04601942363656929]",0.04256796686382659,0.04256796686382659,"[0.04256796686382659, 0.04256796686382659]",0.15684953556130699,0.15684953556130699,"[0.15684953556130699, 0.15684953556130699]",164.80586281911613,147.4077270478553,185.20203721187724,147.4077270478553
11,16700.0,447560.99400578317,4012229.9060859103,True,26.342802047729492,26.123048782348633,26.53700065612793,0.38999998569488525,0.0,0.0,2016.0,142.0032502336585,True,56.309932474020215,0.04405486814371249,0.0432896577071246,"[0.039883500485026716, 0.04601942363656929]",0.04256796686382659,0.04256796686382659,"[0.04256796686382659, 0.04256796686382659]",0.15684953556130699,0.15684953556130699,"[0.15684953556130699, 0.15684953556130699]",164.79303403999057,147.39725235420192,185.1864894770086,147.39725235420192
11,16800.0,447655.02899928635,4012263.926961808,True,26.36986541748047,26.14867401123047,26.581052780151367,0.3799999952316284,0.0,0.0,2016.0,142.0032502336585,True,56.309932474020215,0.0216749294813266,0.02913727292486976,"[0.015339807878856429, 0.04601942363656929]",0.04256796686382659,0.04256796686382659,"[0.04256796686382659, 0.04256796686382659]",0.15684953556130699,0.15684953556130699,"[0.15684953556130699, 0.15684953556130699]",164.95192938193676,147.52745466993622,185.3785106111226,147.52745466993622
11,16900.0,447749.0639927896,4012297.9478377057,True,26.41189956665039,26.187007904052734,26.625490188598633,0.36000001430511475,0.0,0.0,2016.0,142.0032502336585,True,56.309932474020215,0.020113087842589056,0.02873613383399526,"[0.015339807878856429, 0.04601942363656929]",0.04256796686382659,0.04256796686382659,"[0.04256796686382659, 0.04256796686382659]",0.15684953556130699,0.15684953556130699,"[0.15684953556130699, 0.15684953556130699]",165.0042651411607,147.57035906002469,185.44173423334826,147.57035906002469
11,17000.0,447843.0989862928,4012331.9687136034,True,26.45520782470703,26.22381019592285,26.670454025268555,0.36000001430511475,0.0,0.0,2016.0,284.006500467317,False,56.309932474020215,0.020319650036433625,0.018904069720362546,"[0.015339807878856429, 0.021475731030399]",0.04256796686382659,0.04256796686382659,"[0.04256796686382659, 0.04256796686382659]",0.15684953556130699,0.15684953556130699,"[0.15684953556130699, 0.15684953556130699]",165.1742023729389,147.7095015342215,185.64722719816717,147.7095015342215
12,5000.0,436711.48549162573,4007828.7172737434,True,20.276071548461914,19.62580108642578,20.908966064453125,0.300119549036026,0.0,1.0,2001.0,134.45778724835574,True,66.80140948635182,0.04185346042723227,0.04326233155779217,"[0.033747577333484144, 0.05215534678811186]",0.03343589973377937,0.033364082136512735,"[0.033364082136512735, 0.033364082136512735]",0.15761652595524983,0.15761652595524983,"[0.15761652595524983, 0.15761652595524983]",149.58138358974136,134.68668833587165,167.09076833261835,134.68668833587165
12,5100.0,436805.4191497604,4007863.0169511386,True,20.27290153503418,19.648372650146484,20.964080810546875,0.300119549036026,0.0,1.0,2001.0,134.45778724835574,True,66.80140948635182,0.04921477079686931,0.04543376573764374,"[0.033747577333484144, 0.05829126993965443]",0.0333917379863287,0.033364082136512735,"[0.033364082136512735, 0.033364082136512735]",0.15761652595524983,0.15761652595524983,"[0.15761652595524983, 0.15761652595524983]",149.78078200538133,134.85579596392375,167.3250951932512,134.85579596392375
12,5200.0,436899.3528078951,4007897.3166285343,True,20.28441619873047,19.66434097290039,21.012542724609375,0.300119549036026,0.0,1.0,2001.0,134.45778724835574,True,66.80140948635182,0.04993452593277115,0.044017415531971464,"[0.033747577333484144, 0.05215534678811186]",0.033452629863318074,0.033364082136512735,"[0.033364082136512735, 0.033364082136512735]",0.15761652595524983,0.15761652595524983,"[0.15761652595524983, 0.15761652595524983]",149.44314729984063,134.56962015993656,166.92812626137638,134.56962015993656
12,5300.0,436993.28646602976,4007931.61630593,True,20.316274642944336,19.675243377685547,21.063858032226562,0.300119549036026,0.0,1.0,2001.0,130.84192051198752,True,66.80140948635182,0.04960026676158717,0.04391702534336937,"[0.033747577333484144, 0.05215534678811186]",0.033335975858725095,0.033364082136512735,"[0.033364082136512735, 0.033364082136512735]",0.15761652595524983,0.15761652595524983,"[0.15761652595524983, 0.15761652595524983]",149.72284069694766,134.80661097269098,167.2570564658457,134.80661097269098
12,5400.0,437087.2201241644,4007965.9159833253,True,20.363332748413086,19.733230590820312,21.108264923095703,0.300119549036026,0.0,1.0,2001.0,130.84192051198752,True,66.80140948635182,0.045413507558586114,0.04343229319022408,"[0.033747577333484144, 0.05215534678811186]",0.033364082136512735,0.033364082136512735,"[0.033364082136512735, 0.033364082136512735]",0.15761652595524983,0.15761652595524983,"[0.15761652595524983, 0.15761652595524983]",149.75669800508598,134.8357011795778,167.29641623835715,134.8357011795778
12,5500.0,437181.15378229914,4008000.215660721,True,20.409345626831055,19.792682647705078,21.110309600830078,0.300119549036026,0.0,1.0,2001.0,143.03852457360946,True,66.80140948635182,0.009203884727313857,0.009203884727313857,"[0.009203884727313857, 0.009203884727313857]",0.046545418294932035,0.046402918833540696,"[0.046402918833540696, 0.046402918833540696]",0.15761652595524983,0.15761652595524983,"[0.15761652595524983, 0.15761652595524983]",150.13675097583322,135.15825181503004,167.74277824771767,135.15825181503004
12,5600.0,437275.0874404338,4008034.5153381163,True,20.443069458007812,19.85712432861328,21.07120132446289,0.300119549036026,0.0,1.0,2001.0,143.03852457360946,True,66.80140948635182,0.009203884727313857,0.011351343402630516,"[0.009203884727313857, 0.015339807878856429]",0.0332922645392461,0.033364082136512735,"[0.033364082136512735, 0.033364082136512735]",0.15761652595524983,0.15761652595524983,"[0.15761652595524983, 0.15761652595524983]",149.82688066809763,134.89550370309576,167.37857245541588,134.89550370309576
12,5700.0,437369.02109856845,4008068.815015512,True,20.468143463134766,19.891834259033203,21.021175384521484,0.300119549036026,0.0,1.0,2001.0,144.81546878700476,False,45.0,0.045262536353098556,0.045800635373056245,"[0.039883500485026716, 0.05215534678811186]",0.03338906948148942,0.033364082136512735,"[0.033364082136512735, 0.033364082136512735]",0.15761652595524983,0.15761652595524983,"[0.15761652595524983, 0.15761652595524983]",149.83537922049828,134.90333331286996,167.3878510091941,134.90333331286996
12,5800.0,437462.95475670317,4008103.114692908,True,20.499738693237305,19.921070098876953,21.013164520263672,0.300119549036026,0.0,1.0,2001.0,144.81546878700476,True,45.0,0.044825575303831,0.04571377174717459,"[0.039883500485026716, 0.05215534678811186]",0.04650423259131218,0.046402918833540696,"[0.046402918833540696, 0.046402918833540696]",0.15761652595524983,0.15761652595524983,"[0.15761652595524983, 0.15761652595524983]",150.1423580179434,135.16350260859716,167.7488029660626,135.16350260859716
12,5900.0,437556.8884148378,4008137.414370303,True,20.552221298217773,20.00617218017578,21.030750274658203,0.300119549036026,0.0,1.0,2001.0,152.2266411514195,False,45.0,0.04237320016972773,0.036223739228201136,"[0.015339807878856429, 0.05215534678811186]",0.046402918833540696,0.046402918833540696,"[0.046402918833540696, 0.046402918833540696]",0.15761652595524983,0.15761652595524983,"[0.15761652595524983, 0.15761652595524983]",150.5014718610286,135.4683162726229,168.17053354091405,135.4683162726229
12,6000.0,437650.8220729725,4008171.714047699,True,20.61562156677246,20.24365997314453,21.056995391845703,0.300119549036026,0.0,1.0,2001.0,152.2266411514195,False,45.0,0.04108241857492313,0.04091033596202141,"[0.027611654181941572, 0.05215534678811186]",0.04641783723651709,0.046402918833540696,"[0.046402918833540696, 0.046402918833540696]",0.15761652595524983,0.15761652595524983,"[0.15761652595524983, 0.15761652595524983]",150.37161597132183,135.3580413819867,168.0180971934579,135.3580413819867
12,6100.0,437744.7557311072,4008206.013725094,True,20.666927337646484,20.340099334716797,21.106029510498047,0.300119549036026,0.0,1.0,2001.0,147.63089858525555,False,56.309932474020215,0.044184786024453644,0.04075489685665795,"[0.027611654181941572, 0.05215534678811186]",0.046349469471980514,0.046402918833540696,"[0.046402918833540696, 0.046402918833540696]",0.15761652595524983,0.15761652595524983,"[0.15761652595524983, 0.15761652595524983]",150.64216482924473,135.58765421789823,168.335851291446,135.58765421789823
12,6200.0,437838.68938924186,4008240.3134024898,True,20.691545486450195,20.353670120239258,21.170291900634766,0.300119549036026,0.0,1.0,2001.0,147.41826575333243,True,56.309932474020215,0.04372051250085261,0.04280380495407769,"[0.033747577333484144, 0.05215534678811186]",0.04627763762592663,0.046402918833540696,"[0.046402918833540696, 0.046402918833540696]",0.15761652595524983,0.15761652595524983,"[0.15761652595524983, 0.15761652595524983]",150.6481742209499,135.59274139722265,168.3429240217445,135.59274139722265
12,6300.0,437932.6230473765,4008274.613079885,True,20.702085494995117,20.331218719482422,21.264785766601562,0.300119549036026,0.0,1.0,2001.0,134.16894097006954,True,56.309932474020215,0.04321845358631142,0.042880071377424014,"[0.033747577333484144, 0.05215534678811186]",0.04631096363333527,0.04640291883354069,"[0.046402918833540696, 0.046402918833540696]",0.15761652595524983,0.15761652595524983,"[0.15761652595524983, 0.15761652595524983]",150.66670579351222,135.60835727110057,168.36481661900942,135.60835727110057
12,6400.0,438026.55670551123,4008308.9127572807,True,20.730300903320312,20.268775939941406,21.36438751220703,0.300119549036026,0.0,1.0,2001.0,142.0032502336585,True,56.309932474020215,0.043558857070745124,0.04297481817786435,"[0.033747577333484144, 0.05215534678811186]",0.04631437110673536,0.046402918833540696,"[0.046402918833540696, 0.046402918833540696]",0.15761652595524983,0.15761652595524983,"[0.15761652595524983, 0.15761652595524983]",150.59273215369134,135.5455721626821,168.2779407130229,135.5455721626821
12,6500.0,438120.4903636459,4008343.2124346765,True,20.810195922851562,20.268775939941406,21.533626556396484,0.300119549036026,0.0,1.0,2001.0,142.0032502336585,True,56.309932474020215,0.0437843063369696,0.04295332525387324,"[0.033747577333484144, 0.05215534678811186]",0.046234052035175575,0.046402918833540696,"[0.046402918833540696, 0.046402918833540696]",0.15761652595524983,0.15761652595524983,"[0.15761652595524983, 0.15761652595524983]",151.03478555221503,135.91919778223624,168.79888349023983,135.91919778223624
12,6600.0,438214.42402178055,4008377.5121120717,True,20.951967239379883,20.268775939941406,21.84836196899414,0.300119549036026,0.0,1.0,2001.0,134.16894097006954,True,56.309932474020215,0.04408975799201535,0.04292003238146135,"[0.033747577333484144, 0.05215534678811186]",0.046111625949853206,0.04611006795585345,"[0.04563592843959788, 0.046402918833540696]",0.15761652595524983,0.15761652595524983,"[0.15761652595524983, 0.15761652595524983]",151.5721660174263,136.37324737662382,169.43233619348504,136.37324737662382
12,6700.0,438308.35767991527,4008411.8117894675,True,21.145038604736328,20.268775939941406,22.39035415649414,0.300119549036026,0.0,1.0,2001.0,142.0032502336585,True,60.25511870305778,0.04132532524937823,0.037832375548230865,"[0.021475731030399, 0.05215534678811186]",0.04605494520666877,0.04603609734078544,"[0.04563592843959788, 0.046402918833540696]",0.15761652595524983,0.15761652595524983,"[0.15761652595524983, 0.15761652595524983]",152.19121363054802,136.89506218394834,170.1634745020896,136.89506218394834
12,6800.0,438402.2913380499,4008446.1114668627,True,21.363054275512695,20.268775939941406,23.01007843017578,0.300119549036026,0.0,1.0,2001.0,204.79999999999976,False,60.25511870305778,0.036515185388644254,0.03251697983087131,"[0.009203884727313857, 0.05215534678811186]",0.0458454800685058,0.04596463860843052,"[0.04563592843959788, 0.046402918833540696]",0.20823789195547604,0.20823789195547604,"[0.20823789195547604, 0.20823789195547604]",153.0082570964074,137.58314301423235,171.1291874527353,137.58314301423235
12,6900.0,438496.2249961846,4008480.4111442585,True,21.580663681030273,20.268775939941406,23.280384063720703,0.300119549036026,0.0,1.0,2001.0,120.47058823529396,True,60.25511870305778,0.009203884727313857,0.014291482197730623,"[0.009203884727313857, 0.021475731030399]",0.046019423636569294,0.04601942363656929,"[0.04563592843959788, 0.046402918833540696]",0.20823789195547604,0.20823789195547604,"[0.20823789195547604, 0.20823789195547604]",152.9398455410392,137.52413843836555,171.0499240368391,137.52413843836555
12,7000.0,438590.1586543193,4008514.7108216537,True,21.78512954711914,20.268775939941406,23.43152618408203,0.300119549036026,0.0,1.0,2001.0,114.4866804479891,True,63.43494882292201,0.009203884727313857,0.009203884727313857,"[0.009203884727313857, 0.009203884727313857]",0.04619464473661437,0.04536680900312672,"[0.04410194765171223, 0.046402918833540696]",0.20823789195547604,0.20823789195547604,"[0.20823789195547604, 0.20823789195547604]",153.81971578645553,138.26378585223065,172.09144047955536,138.26378585223065
12,7100.0,438684.09231245395,4008549.0104990494,True,21.97509002685547,20.27678680419922,23.49687957763672,0.300119549036026,0.0,1.0,2001.0,114.4866804479891,True,63.43494882292201,0.009203884727313857,0.009203884727313857,"[0.009203884727313857, 0.009203884727313857]",0.04541637022634558,0.04554005464035503,"[0.04486893804565506, 0.046402918833540696]",0.20823789195547604,0.20823789195547604,"[0.20823789195547604, 0.20823789195547604]",153.91698831789057,138.3467562652762,172.2052013293078,138.3467562652762
12,7200.0,438778.0259705886,4008583.310176445,True,22.146841049194336,20.46002197265625,23.49687957763672,0.300119549036026,0.0,1.0,2001.0,114.4866804479891,True,63.43494882292201,0.009203884727313857,0.009203884727313857,"[0.009203884727313857, 0.009203884727313857]",0.0356650533183412,0.03597184947591833,"[0.0356650533183412, 0.03643204371228402]",0.20823789195547604,0.20823789195547604,"[0.20823789195547604, 0.20823789195547604]",154.82054220378444,139.10728875130428,173.27363444589304,139.10728875130428
12,7300.0,438871.9596287233,4008617.6098538404,True,22.28443145751953,20.881587982177734,23.49687957763672,0.300119549036026,0.0,1.0,2001.0,120.47058823529396,True,63.43494882292201,0.009203884727313857,0.009203884727313857,"[0.009203884727313857, 0.009203884727313857]",0.04503033414104525,0.04516267904759061,"[0.04486893804565506, 0.04563592843959788]",0.20823789195547604,0.20823789195547604,"[0.20823789195547604, 0.20823789195547604]",155.09531967796815,139.34141491048513,173.5952806418642,139.34141491048513
12,7400.0,438965.893286858,4008651.909531236,True,22.364961624145508,21.15959930419922,23.49687957763672,0.300119549036026,0.0,1.0,2001.0,127.01156821934931,True,60.25511870305778,0.009203884727313857,0.009203884727313857,"[0.009203884727313857, 0.009203884727313857]",0.03211454649613732,0.032162946236564544,"[0.031830101348627085, 0.03259709174256992]",0.20823789195547604,0.20823789195547604,"[0.20823789195547604, 0.20823789195547604]",155.28239261606433,139.49868165888284,173.81671572333843,139.49868165888284
12,7500.0,439059.82694499264,4008686.2092086314,True,22.366235733032227,21.200794219970703,23.49687957763672,0.300119549036026,0.0,1.0,2001.0,127.01156821934931,True,60.25511870305778,0.009203884727313857,0.009203884727313857,"[0.009203884727313857, 0.009203884727313857]",0.045413170901576205,0.04489633055972445,"[0.04410194765171223, 0.04563592843959788]",0.20823789195547604,0.20823789195547604,"[0.20823789195547604, 0.20823789195547604]",155.30937985316484,139.52015984209893,173.85005410053708,139.52015984209893
12,7600.0,439153.76060312736,4008720.508886027,True,22.28499984741211,20.82457733154297,23.49687957763672,0.300119549036026,0.0,1.0,2001.0,145.62676627660082,True,59.03624346792648,0.015339807878856429,0.015339807878856429,"[0.015339807878856429, 0.015339807878856429]",0.031967113356973074,0.031830101348627085,"[0.031830101348627085, 0.031830101348627085]",0.20823789195547604,0.20823789195547604,"[0.20823789195547604, 0.20823789195547604]",154.81578528915074,139.10274821730508,173.2686237137085,139.10274821730508
12,7700.0,439247.694261262,4008754.808563423,True,22.12661361694336,20.49404525756836,23.49687957763672,0.300119549036026,0.0,1.0,2001.0,167.77869732229925,True,59.03624346792648,0.038343577606327645,0.03932995904781807,"[0.033747577333484144, 0.04601942363656929]",0.031907211792897745,0.031830101348627085,"[0.031830101348627085, 0.031830101348627085]",0.20823789195547604,0.20823789195547604,"[0.20823789195547604, 0.20823789195547604]",154.56736865061566,138.89366614726993,172.9748612215652,138.89366614726993
12,7800.0,439341.6279193967,4008789.108240818,True,21.907320022583008,20.294639587402344,23.473678588867188,0.300119549036026,0.0,1.0,2001.0,175.61455118592883,True,59.03624346792648,0.037953487607243624,0.037080975567825206,"[0.033747577333484144, 0.039883500485026716]",0.04619146221965054,0.046402918833540696,"[0.046402918833540696, 0.046402918833540696]",0.20823789195547604,0.20823789195547604,"[0.20823789195547604, 0.20823789195547604]",153.98697182238587,138.40335501245042,172.2906103815208,138.40335501245042
12,7900.0,439435.5615775314,4008823.407918214,True,21.6419677734375,20.21829605102539,23.350223541259766,0.300119549036026,0.0,1.0,2001.0,175.61455118592883,True,59.03624346792648,0.03770434092078918,0.037075169237323645,"[0.033747577333484144, 0.039883500485026716]",0.03214836068348759,0.03252736534312056,"[0.031830101348627085, 0.033364082136512735]",0.20823789195547604,0.20823789195547604,"[0.20823789195547604, 0.20823789195547604]",153.72675394231814,138.18581503430428,171.98119421628823,138.18581503430428
12,8000.0,439529.49523566605,4008857.707595609,True,21.354209899902344,20.112506866455078,23.259830474853516,0.300119549036026,0.0,1.0,2001.0,175.61455118592883,True,59.03624346792648,0.03785070582861013,0.03712470757883455,"[0.033747577333484144, 0.039883500485026716]",0.04618439462251697,0.04607420866470806,"[0.04563592843959788, 0.046402918833540696]",0.20823789195547604,0.20823789195547604,"[0.20823789195547604, 0.20823789195547604]",152.64508040083734,137.2731779597026,170.70463812183925,137.2731779597026
12,8100.0,439623.4288938007,4008892.007273005,True,21.06749153137207,19.863128662109375,22.95415496826172,0.300119549036026,0.0,1.0,2001.0,175.61455118592883,True,59.03624346792648,0.03821152685053365,0.03721368175182545,"[0.033747577333484144, 0.039883500485026716]",0.04620306342460802,0.0460799755097753,"[0.04563592843959788, 0.046402918833540696]",0.20823789195547604,0.20823789195547604,"[0.20823789195547604, 0.20823789195547604]",152.1945811706488,136.89500332494688,170.17076971914855,136.89500332494688
12,8200.0,439717.3625519354,4008926.3069504,True,20.83657455444336,19.811389923095703,22.32468032836914,0.300119549036026,0.0,1.0,2001.0,162.8156743689768,True,59.03624346792648,0.038344898672799825,0.037247517953721145,"[0.033747577333484144, 0.039883500485026716]",0.046263144921335195,0.046106581635880974,"[0.04563592843959788, 0.046402918833540696]",0.15761652595524983,0.15761652595524983,"[0.15761652595524983, 0.15761652595524983]",151.0964445998272,135.96854253008718,168.8747141614491,135.96854253008718
12,8300.0,439811.2962100701,4008960.606627796,True,20.69011878967285,19.822235107421875,21.647010803222656,0.300119549036026,0.0,1.0,2001.0,167.77869732229925,True,59.03624346792648,0.03830523125495746,0.03722182887650445,"[0.033747577333484144, 0.039883500485026716]",0.046402918833540696,0.046402918833540696,"[0.046402918833540696, 0.046402918833540696]",0.15761652595524983,0.15761652595524983,"[0.15761652595524983, 0.15761652595524983]",150.8303346539453,135.7437442313108,168.56097588633926,135.7437442313108
12,8400.0,439905.2298682048,4008994.9063051916,True,20.63960075378418,19.83047103881836,21.448074340820312,0.300119549036026,0.0,1.0,2001.0,167.77869732229925,True,51.34019174590991,0.03800105502532328,0.03897952221721397,"[0.033747577333484144, 0.04601942363656929]",0.04626845111564903,0.04608611845343388,"[0.04563592843959788, 0.046402918833540696]",0.15761652595524983,0.15761652595524983,"[0.15761652595524983, 0.15761652595524983]",150.59787308451556,135.5476720255326,168.28656128417086,135.5476720255326
12,8500.0,439999.16352633946,4009029.205982587,True,20.68010139465332,19.841094970703125,21.534156799316406,0.300119549036026,0.0,1.0,2001.0,167.77869732229925,True,51.34019174590991,0.0378497795843366,0.03903724231776813,"[0.033747577333484144, 0.04601942363656929]",0.04604412394875848,0.0460269431502354,"[0.04563592843959788, 0.046402918833540696]",0.15761652595524983,0.15761652595524983,"[0.15761652595524983, 0.15761652595524983]",151.0694725872785,135.94743263023562,168.84099583660148,135.94743263023562
12,8600.0,440093.0971844741,4009063.5056599826,True,20.783123016357422,19.863128662109375,21.700782775878906,0.300119549036026,0.0,1.0,2001.0,167.77869732229925,True,51.34019174590991,0.037574677512630786,0.03894023907309867,"[0.033747577333484144, 0.04601942363656929]",0.046054981160872435,0.04602758310884528,"[0.04563592843959788, 0.046402918833540696]",0.15761652595524983,0.15761652595524983,"[0.15761652595524983, 0.15761652595524983]",151.19190008785293,136.05050430862997,168.98573506814472,136.05050430862997
12,8700.0,440187.03084260883,4009097.805337378,True,20.920591354370117,19.875301361083984,22.010513305664062,0.300119549036026,0.0,1.0,2001.0,167.77869732229925,True,51.34019174590991,0.03729400149562418,0.04112290273941955,"[0.033747577333484144, 0.05215534678811186]",0.032889538519605195,0.032921587678468804,"[0.03259709174256992, 0.033364082136512735]",0.15761652595524983,0.15761652595524983,"[0.15761652595524983, 0.15761652595524983]",151.36532649956357,136.19681744520182,169.19041674406859,136.19681744520182
12,8800.0,440280.9645007435,4009132.1050147736,True,21.0777587890625,19.912986755371094,22.226192474365234,0.300119549036026,0.0,1.0,2001.0,167.77869732229925,True,51.34019174590991,0.03814284089384656,0.041443806401787554,"[0.033747577333484144, 0.05215534678811186]",0.0458126604449513,0.04622592105032313,"[0.04563592843959788, 0.047169909227483514]",0.15761652595524983,0.15761652595524983,"[0.15761652595524983, 0.15761652595524983]",151.66076720145261,136.4454814105217,169.53977739507667,136.4454814105217
12,8900.0,440374.89815887815,4009166.404692169,True,21.2310791015625,19.928611755371094,22.386215209960938,0.300119549036026,0.0,1.0,2001.0,167.77869732229925,True,51.34019174590991,0.03930774022391982,0.041764454141623324,"[0.033747577333484144, 0.05215534678811186]",0.04567251388757783,0.04605777315626643,"[0.04486893804565506, 0.047169909227483514]",0.15761652595524983,0.15761652595524983,"[0.15761652595524983, 0.15761652595524983]",151.52104615260905,136.32605563909794,169.3766445553474,136.32605563909794
12,9000.0,440468.83181701286,4009200.7043695645,True,21.404497146606445,20.168922424316406,22.51207733154297,0.300119549036026,0.0,1.0,2001.0,157.07442971594122,True,51.34019174590991,0.04003379264431435,0.03727819985699074,"[0.021475731030399, 0.05215534678811186]",0.04554787635918399,0.045369149172139515,"[0.04486893804565506, 0.04563592843959788]",0.15761652595524983,0.15761652595524983,"[0.15761652595524983, 0.15761652595524983]",153.13414096086456,137.69156533376068,171.27520839862706,137.69156533376068
12,9100.0,440562.7654751475,4009235.0040469603,True,21.5759220123291,20.46950912475586,22.614192962646484,0.300119549036026,0.0,1.0,2001.0,158.2160494462784,True,59.03624346792648,0.038086548802470616,0.037160399757613614,"[0.021475731030399, 0.05215534678811186]",0.04553671204423627,0.04534617651299726,"[0.04486893804565506, 0.04563592843959788]",0.15761652595524983,0.15761652595524983,"[0.15761652595524983, 0.15761652595524983]",153.14751576471363,137.7025350673136,171.2913536741838,137.7025350673136
12,9200.0,440656.6991332822,4009269.3037243555,True,21.74356460571289,20.752464294433594,22.68352508544922,0.300119549036026,0.0,1.0,2001.0,175.61455118592883,True,59.03624346792648,0.033254898077793055,0.038359772728728196,"[0.027611654181941572, 0.05215534678811186]",0.045398204601738774,0.045311432503699,"[0.04486893804565506, 0.04563592843959788]",0.15761652595524983,0.15761652595524983,"[0.15761652595524983, 0.15761652595524983]",153.68139095500038,138.15367738380047,171.9206119957368,138.15367738380047
12,9300.0,440750.6327914169,4009303.6034017513,True,21.89411163330078,21.043323516845703,22.743648529052734,0.300119549036026,0.0,1.0,2001.0,187.3031457330254,True,59.03624346792648,0.033291716868398304,0.03602555657638389,"[0.027611654181941572, 0.04601942363656929]",0.04486893804565506,0.04522402619099896,"[0.04486893804565506, 0.04563592843959788]",0.15761652595524983,0.15761652595524983,"[0.15761652595524983, 0.15761652595524983]",154.16171508984132,138.55805449840682,172.48848531396763,138.55805449840682
12,9400.0,440844.56644955155,4009337.9030791465,True,22.0109806060791,21.25548553466797,22.764293670654297,0.300119549036026,0.0,1.0,2001.0,167.7111762125869,True,59.03624346792648,0.03398176197421937,0.03616875865601936,"[0.027611654181941572, 0.04601942363656929]",0.04486893804565506,0.04521134447152239,"[0.04486893804565506, 0.04563592843959788]",0.15761652595524983,0.15761652595524983,"[0.15761652595524983, 0.15761652595524983]",154.27175878171505,138.6512356842271,172.61797020948288,138.6512356842271
12,9500.0,440938.5001076862,4009372.2027565422,False,22.084197998046875,21.401031494140625,22.778636932373047,3.0799999237060547,0.0,0.9997106202372914,1868.0,177.918870635753,True,,,,,,,,,,,,,,
12,9600.0,441032.4337658209,4009406.502433938,False,22.142759323120117,21.446271896362305,22.84149169921875,3.1600000858306885,0.0,0.9756944444444444,1868.0,174.0852226350196,True,,,,,,,,,,,,,,
12,9700.0,441126.3674239556,4009440.8021113332,False,22.29115104675293,21.52499771118164,23.011810302734375,3.180000066757202,0.0,0.9061897416120324,1868.0,167.77869732229925,True,,,,,,,,,,,,,,
12,9800.0,441220.30108209024,4009475.101788729,False,22.51095962524414,21.58829116821289,24.17380142211914,3.200000047683716,0.0,0.8086931380107941,1868.0,167.77869732229925,True,,,,,,,,,,,,,,
12,9900.0,441314.23474022496,4009509.401466124,False,22.75453758239746,21.682884216308594,24.439565658569336,3.2100000381469727,0.0,0.7072419106317411,1868.0,159.92193217393245,True,,,,,,,,,,,,,,
12,10000.0,441408.1683983596,4009543.70114352,False,22.9691104888916,21.73267364501953,24.58620834350586,3.2300000190734863,0.0,0.6151328455910666,1868.0,170.07714274045927,False,,,,,,,,,,,,,,
12,10100.0,441502.1020564943,4009578.000820915,False,23.19982147216797,21.77850341796875,24.685897827148438,3.240000009536743,0.0,0.5134250793956309,1868.0,151.71526604537675,True,,,,,,,,,,,,,,
12,10200.0,441596.035714629,4009612.300498311,False,23.413707733154297,21.825660705566406,24.75356674194336,3.240000009536743,0.0,0.41184957199192074,1868.0,147.41826575333243,True,,,,,,,,,,,,,,
12,10300.0,441689.96937276365,4009646.6001757067,False,23.587751388549805,21.850353240966797,24.76494026184082,3.240000009536743,0.0,0.3101259736513126,1868.0,155.7565828802744,True,,,,,,,,,,,,,,
12,10400.0,441783.9030308983,4009680.899853102,False,23.763811111450195,21.87145233154297,24.764923095703125,3.240000009536743,0.0,0.2086856264411991,1868.0,175.61455118592883,True,,,,,,,,,,,,,,
12,10500.0,441877.836689033,4009715.1995304977,False,23.984237670898438,21.981277465820312,24.79726219177246,3.240000009536743,0.0,0.1077395813328212,1868.0,175.61455118592883,True,,,,,,,,,,,,,,
12,10600.0,441971.7703471677,4009749.499207893,False,24.258516311645508,23.38374900817871,24.92678451538086,3.240000009536743,0.0,0.03226425965047052,1868.0,175.61455118592883,True,,,,,,,,,,,,,,
12,10700.0,442065.70400530234,4009783.7988852886,False,24.468711853027344,23.751476287841797,25.09004783630371,3.240000009536743,0.0,0.0008635578583765112,1868.0,140.8167229788394,True,,,,,,,,,,,,,,
12,10800.0,442159.63766343705,4009818.098562684,False,24.580577850341797,23.857223510742188,25.233827590942383,3.240000009536743,0.0,0.0,1868.0,142.0032502336585,True,,,,,,,,,,,,,,
12,10900.0,442253.5713215717,4009852.3982400796,False,24.67995262145996,23.978363037109375,25.300249099731445,3.240000009536743,0.0,0.0,1868.0,142.0032502336585,True,,,,,,,,,,,,,,
12,11000.0,442347.50497970637,4009886.6979174754,False,24.790847778320312,24.100847244262695,25.418655395507812,3.240000009536743,0.0,0.0,1868.0,134.16894097006954,True,,,,,,,,,,,,,,
12,11100.0,442441.4386378411,4009920.9975948706,False,24.927417755126953,24.170452117919922,25.688430786132812,3.240000009536743,0.0,0.0,1868.0,134.5867635727328,True,,,,,,,,,,,,,,
12,11200.0,442535.37229597574,4009955.2972722664,False,25.09678077697754,24.21835708618164,26.02536392211914,3.240000009536743,0.0,0.0,1868.0,134.5867635727328,True,,,,,,,,,,,,,,
12,11300.0,442629.3059541104,4009989.5969496616,False,25.32457160949707,24.433866500854492,26.33955955505371,3.240000009536743,0.0,0.0,1868.0,173.5530899894416,True,,,,,,,,,,,,,,
12,11400.0,442723.2396122451,4010023.8966270573,False,25.535842895507812,24.68829917907715,26.57369041442871,3.240000009536743,0.0,0.0,1868.0,161.6282547501022,True,,,,,,,,,,,,,,
12,11500.0,442817.1732703798,4010058.196304453,False,25.78891372680664,24.914459228515625,26.887544631958008,3.240000009536743,0.0,0.0,1868.0,134.16894097006954,True,,,,,,,,,,,,,,
12,11600.0,442911.10692851443,4010092.4959818483,False,26.0559139251709,25.103866577148438,27.30339813232422,3.240000009536743,0.0,0.0,1868.0,134.16894097006954,True,,,,,,,,,,,,,,
12,11700.0,443005.04058664915,4010126.795659244,False,26.252904891967773,25.240907669067383,27.38558578491211,3.240000009536743,0.0,0.0,1868.0,134.16894097006954,True,,,,,,,,,,,,,,
12,11800.0,443098.9742447838,4010161.0953366393,False,26.414424896240234,25.35820198059082,27.397701263427734,3.240000009536743,0.0,0.0,1868.0,134.16894097006954,True,,,,,,,,,,,,,,
12,11900.0,443192.90790291846,4010195.395014035,False,26.510316848754883,25.532854080200195,27.39604377746582,3.240000009536743,0.0,0.0,1868.0,134.16894097006954,False,,,,,,,,,,,,,,
12,12000.0,443286.8415610532,4010229.6946914303,False,26.550113677978516,25.684371948242188,27.396394729614258,1.0626311302185059,0.0,0.0,2016.0,184.5785911683406,True,,,,,,,,,,,,,,
12,12100.0,443380.77521918784,4010263.994368826,False,26.535873413085938,25.561094284057617,27.40000343322754,1.0626311302185059,0.0,0.0,2016.0,179.62148235407938,True,,,,,,,,,,,,,,
12,12200.0,443474.7088773225,4010298.2940462218,False,26.462881088256836,25.313262939453125,27.401613235473633,1.0626311302185059,0.0,0.0,2016.0,179.62148235407938,True,,,,,,,,,,,,,,
12,12300.0,443568.6425354572,4010332.593723617,False,26.317546844482422,24.958168029785156,27.40171241760254,1.0626311302185059,0.0,0.0,2016.0,179.62148235407938,True,,,,,,,,,,,,,,
12,12400.0,443662.57619359187,4010366.8934010128,False,26.116928100585938,24.60379981994629,27.40062713623047,1.0626311302185059,0.0,0.0,2016.0,180.39405143491672,True,,,,,,,,,,,,,,
12,12500.0,443756.5098517265,4010401.193078408,False,25.867443084716797,24.08614730834961,27.393585205078125,1.0626311302185059,0.0,0.0,2016.0,165.1517431512483,True,,,,,,,,,,,,,,
12,12600.0,443850.44350986124,4010435.4927558037,False,25.590116500854492,23.889751434326172,27.185497283935547,1.0626311302185059,0.0,0.0,2016.0,181.01933598375595,False,,,,,,,,,,,,,,
12,12700.0,443944.3771679959,4010469.792433199,False,25.384334564208984,23.792675018310547,26.769872665405273,1.0626311302185059,0.0,0.0,2016.0,180.39405143491663,False,,,,,,,,,,,,,,
12,12800.0,444038.31082613056,4010504.0921105947,False,25.248289108276367,23.76808738708496,26.472450256347656,1.0626311302185059,0.0,0.0,2016.0,170.07714274045927,False,,,,,,,,,,,,,,
12,12900.0,444132.2444842653,4010538.3917879905,False,25.225494384765625,23.790983200073242,26.476713180541992,1.0626311302185059,0.0,0.0,2016.0,248.35648003720468,False,,,,,,,,,,,,,,
12,13000.0,444226.17814239993,4010572.6914653857,False,25.288721084594727,23.820068359375,26.679737091064453,1.0626311302185059,0.0,0.0,2016.0,238.07516414734158,False,,,,,,,,,,,,,,
12,13100.0,444320.1118005346,4010606.9911427815,False,25.404232025146484,23.849145889282227,26.987852096557617,1.0626311302185059,0.0,0.0,2016.0,284.006500467317,False,,,,,,,,,,,,,,
12,13200.0,444414.0454586693,4010641.2908201767,False,25.546688079833984,23.875751495361328,27.036346435546875,1.0626311302185059,0.0,0.0,2016.0,284.006500467317,False,,,,,,,,,,,,,,
12,13300.0,444507.97911680397,4010675.5904975724,False,25.70909881591797,23.91391944885254,27.034578323364258,1.0626311302185059,0.0,0.0,2016.0,150.57195460481162,False,,,,,,,,,,,,,,
12,13400.0,444601.9127749386,4010709.8901749677,False,25.89788055419922,24.065561294555664,27.036102294921875,1.0626311302185059,0.0,0.0,2016.0,150.57195460481162,False,,,,,,,,,,,,,,
12,13500.0,444695.84643307334,4010744.1898523634,False,26.078086853027344,24.346660614013672,27.091819763183594,1.0626311302185059,0.0,0.0,2016.0,147.41826575333243,True,,,,,,,,,,,,,,
12,13600.0,444789.780091208,4010778.489529759,False,26.319704055786133,24.75600242614746,27.190805435180664,1.0626311302185059,0.0,0.0,2016.0,163.4481939389688,True,,,,,,,,,,,,,,
12,13700.0,444883.71374934266,4010812.7892071544,False,26.520740509033203,25.315101623535156,27.291690826416016,1.0626311302185059,0.0,0.0,2016.0,163.4481939389688,False,,,,,,,,,,,,,,
12,13800.0,444977.6474074774,4010847.08888455,False,26.70547866821289,26.023908615112305,27.405153274536133,1.0626311302185059,0.0,0.0,2016.0,186.18181818181793,True,,,,,,,,,,,,,,
12,13900.0,445071.58106561203,4010881.3885619454,False,26.833093643188477,26.214298248291016,27.47289276123047,1.0626311302185059,0.0,0.0,2016.0,191.62609506871448,True,,,,,,,,,,,,,,
12,14000.0,445165.5147237467,4010915.688239341,False,26.910329818725586,26.273618698120117,27.507591247558594,1.0626311302185059,0.0,0.0,2016.0,185.41720789507772,True,,,,,,,,,,,,,,
12,14100.0,445259.4483818814,4010949.987916737,False,26.927736282348633,26.292177200317383,27.512920379638672,1.0626311302185059,0.0,0.0,2016.0,185.41720789507772,True,,,,,,,,,,,,,,
12,14200.0,445353.38204001606,4010984.287594132,False,26.928630828857422,26.269317626953125,27.53687286376953,1.0626311302185059,0.0,0.0,2016.0,185.41720789507772,False,,,,,,,,,,,,,,
12,14300.0,445447.3156981508,4011018.587271528,False,26.934720993041992,26.236618041992188,27.532684326171875,1.0626311302185059,0.0,0.0,2016.0,152.64890726398548,True,,,,,,,,,,,,,,
12,14400.0,445541.24935628544,4011052.886948923,False,26.925491333007812,25.990436553955078,27.528064727783203,1.0626311302185059,0.0,0.0,2016.0,152.64890726398548,True,,,,,,,,,,,,,,
12,14500.0,445635.1830144201,4011087.186626319,False,26.90350341796875,25.94485092163086,27.521268844604492,1.0626311302185059,0.0,0.0,2016.0,152.64890726398548,True,,,,,,,,,,,,,,
12,14600.0,445729.1166725548,4011121.486303714,False,26.87940216064453,25.9450626373291,27.51772117614746,1.0626311302185059,0.0,0.0,2016.0,204.79999999999976,False,,,,,,,,,,,,,,
12,14700.0,445823.05033068947,4011155.78598111,False,26.844406127929688,25.945276260375977,27.50921058654785,1.0626311302185059,0.0,0.0,2016.0,203.78361655500555,True,,,,,,,,,,,,,,
12,14800.0,445916.9839888241,4011190.0856585056,False,26.80084991455078,25.945405960083008,27.445913314819336,1.0626311302185059,0.0,0.0,2016.0,190.51735232902405,True,,,,,,,,,,,,,,
12,14900.0,446010.91764695884,4011224.385335901,False,26.762645721435547,25.945768356323242,27.319862365722656,1.0626311302185059,0.0,0.0,2016.0,203.78361655500555,True,,,,,,,,,,,,,,
12,15000.0,446104.8513050935,4011258.6850132965,False,26.75164794921875,26.044042587280273,27.20306968688965,1.0626311302185059,0.0,0.0,2016.0,200.8229223815002,False,,,,,,,,,,,,,,
12,15100.0,446198.78496322816,4011292.984690692,False,26.75693130493164,26.1815185546875,27.135957717895508,1.0626311302185059,0.0,0.0,2016.0,180.86240545058703,False,,,,,,,,,,,,,,
12,15200.0,446292.7186213629,4011327.2843680875,False,26.77044677734375,26.345226287841797,27.117271423339844,1.0626311302185059,0.0,0.0,2016.0,241.35911464500796,False,,,,,,,,,,,,,,
12,15300.0,446386.65227949753,4011361.584045483,False,26.784320831298828,26.414592742919922,27.099960327148438,1.0626311302185059,0.0,0.0,2016.0,95.07601314665045,True,,,,,,,,,,,,,,
12,15400.0,446480.5859376322,4011395.8837228785,False,26.79296875,26.421701431274414,27.09010887145996,1.0626311302185059,0.0,0.0,2016.0,90.31388652101438,True,,,,,,,,,,,,,,
12,15500.0,446574.5195957669,4011430.1834002743,False,26.793249130249023,26.402496337890625,27.0833740234375,1.0626311302185059,0.0,0.0,2016.0,90.31388652101438,True,,,,,,,,,,,,,,
12,15600.0,446668.45325390156,4011464.4830776695,False,26.77040672302246,26.288297653198242,27.080602645874023,1.0626311302185059,0.0,0.0,2016.0,134.5867635727328,True,,,,,,,,,,,,,,
12,15700.0,446762.3869120362,4011498.7827550652,True,26.729473114013672,26.135419845581055,27.081392288208008,0.46000000834465027,0.0,0.0,2016.0,134.16894097006954,True,56.309932474020215,0.048836630104173565,0.051057697064867236,"[0.04601942363656929, 0.05829126993965443]",0.04256796686382659,0.04256796686382659,"[0.04256796686382659, 0.04256796686382659]",0.15684953556130699,0.15684953556130699,"[0.15684953556130699, 0.15684953556130699]",165.74778155243604,148.17828737683143,186.34183058741172,148.17828737683143
12,15800.0,446856.32057017094,4011533.0824324605,True,26.66631317138672,26.01873016357422,27.07831573486328,0.46000000834465027,0.0,0.0,2016.0,129.5268929604967,True,56.309932474020215,0.04799202243059431,0.04881281008605825,"[0.04601942363656929, 0.05215534678811186]",0.04256796686382659,0.04256796686382659,"[0.04256796686382659, 0.04256796686382659]",0.15684953556130699,0.15684953556130699,"[0.15684953556130699, 0.15684953556130699]",165.58943958011886,148.04847937077602,186.15054813166842,148.04847937077602
12,15900.0,446950.2542283056,4011567.3821098562,True,26.592945098876953,25.987060546875,27.05907440185547,0.46000000834465027,0.0,0.0,2016.0,130.16481749208126,True,50.19442890773481,0.045784340549458596,0.04369377810965229,"[0.033747577333484144, 0.05215534678811186]",0.04256796686382659,0.04256796686382659,"[0.04256796686382659, 0.04256796686382659]",0.15684953556130699,0.15684953556130699,"[0.15684953556130699, 0.15684953556130699]",165.43757448673833,147.9242491761711,185.96677153916673,147.9242491761711
12,16000.0,447044.18788644025,4011601.681787252,True,26.521106719970703,25.987077713012695,27.036949157714844,0.46000000834465027,0.0,0.0,2016.0,142.0032502336585,False,50.19442890773481,0.04463111453302009,0.038439793512435816,"[0.027611654181941572, 0.04601942363656929]",0.04256796686382659,0.04256796686382659,"[0.04256796686382659, 0.04256796686382659]",0.15684953556130699,0.15684953556130699,"[0.15684953556130699, 0.15684953556130699]",165.17332039933748,147.70801742201135,185.6470655989868,147.70801742201135
12,16100.0,447138.12154457497,4011635.981464647,True,26.4445858001709,25.987085342407227,26.97923469543457,0.46000000834465027,0.0,0.0,2016.0,142.0032502336585,False,33.690067525979785,0.04429850089110542,0.03290296185038688,"[0.015339807878856429, 0.04601942363656929]",0.04256796686382659,0.04256796686382659,"[0.04256796686382659, 0.04256796686382659]",0.15684953556130699,0.15684953556130699,"[0.15684953556130699, 0.15684953556130699]",165.2541156931122,147.7744897043676,185.74438806009007,147.7744897043676
12,16200.0,447232.0552027096,4011670.281142043,True,26.378253936767578,25.987146377563477,26.8674373626709,0.46000000834465027,0.0,0.0,2016.0,144.69975524972054,True,33.690067525979785,0.04344844456108288,0.034870549065048675,"[0.021475731030399, 0.04601942363656929]",0.04256796686382659,0.04256796686382659,"[0.04256796686382659, 0.04256796686382659]",0.15684953556130699,0.15684953556130699,"[0.15684953556130699, 0.15684953556130699]",164.92819637308358,147.50752679437815,185.35040043987436,147.50752679437815
12,16300.0,447325.9888608443,4011704.580819438,True,26.33523178100586,25.987146377563477,26.753215789794922,0.46000000834465027,0.0,0.0,2016.0,150.57195460481162,True,51.34019174590991,0.04339171367095573,0.037763566975990086,"[0.027611654181941572, 0.04601942363656929]",0.04256796686382659,0.04256796686382659,"[0.04256796686382659, 0.04256796686382659]",0.15684953556130699,0.15684953556130699,"[0.15684953556130699, 0.15684953556130699]",164.78119177734334,147.3873411990961,185.17242438576147,147.3873411990961
12,16400.0,447419.922518979,4011738.880496834,True,26.30837059020996,25.98716926574707,26.660268783569336,0.4099999964237213,0.0,0.0,2016.0,150.57195460481162,True,56.309932474020215,0.04330303557537879,0.03852048262608245,"[0.027611654181941572, 0.04601942363656929]",0.04256796686382659,0.04256796686382659,"[0.04256796686382659, 0.04256796686382659]",0.15684953556130699,0.15684953556130699,"[0.15684953556130699, 0.15684953556130699]",164.65243947616943,147.28187926085135,185.01678216693355,147.28187926085135
12,16500.0,447513.85617711366,4011773.180174229,True,26.30739402770996,25.987213134765625,26.626523971557617,0.4099999964237213,0.0,0.0,2016.0,150.57195460481162,True,56.309932474020215,0.04331946577846976,0.04306256963617941,"[0.039883500485026716, 0.04601942363656929]",0.04256796686382659,0.04256796686382659,"[0.04256796686382659, 0.04256796686382659]",0.15684953556130699,0.15684953556130699,"[0.15684953556130699, 0.15684953556130699]",164.8720994301848,147.46189175201187,185.282214350439,147.46189175201187
12,16600.0,447607.7898352483,4011807.479851625,True,26.324033737182617,26.00129508972168,26.62526512145996,0.4099999964237213,0.0,0.0,2016.0,142.0032502336585,True,56.309932474020215,0.04357749531310123,0.04314331082150557,"[0.039883500485026716, 0.04601942363656929]",0.04256796686382659,0.04256796686382659,"[0.04256796686382659, 0.04256796686382659]",0.15684953556130699,0.15684953556130699,"[0.15684953556130699, 0.15684953556130699]",164.77229253133285,147.38009867298467,185.16161074205218,147.38009867298467
12,16700.0,447701.72349338303,4011841.7795290207,True,26.36530876159668,26.056612014770508,26.666919708251953,0.4099999964237213,0.0,0.0,2016.0,142.0032502336585,True,56.309932474020215,0.04405486814371249,0.0432896577071246,"[0.039883500485026716, 0.04601942363656929]",0.04256796686382659,0.04256796686382659,"[0.04256796686382659, 0.04256796686382659]",0.15684953556130699,0.15684953556130699,"[0.15684953556130699, 0.15684953556130699]",164.84838416461665,147.44254596701083,185.253451703105,147.44254596701083
12,16800.0,447795.6571515177,4011876.079206416,True,26.423063278198242,26.10919189453125,26.732051849365234,0.3799999952316284,0.0,0.0,2016.0,142.0032502336585,True,56.309932474020215,0.0216749294813266,0.02913727292486976,"[0.015339807878856429, 0.04601942363656929]",0.04256796686382659,0.04256796686382659,"[0.04256796686382659, 0.04256796686382659]",0.15684953556130699,0.15684953556130699,"[0.15684953556130699, 0.15684953556130699]",165.09757373394385,147.64652617679542,185.55484215066,147.64652617679542
12,16900.0,447889.59080965235,4011910.3788838116,True,26.48723030090332,26.15583038330078,26.860912322998047,0.36000001430511475,0.0,0.0,2016.0,142.0032502336585,True,56.309932474020215,0.020113087842589056,0.02873613383399526,"[0.015339807878856429, 0.04601942363656929]",0.04256796686382659,0.04256796686382659,"[0.04256796686382659, 0.04256796686382659]",0.15684953556130699,0.15684953556130699,"[0.15684953556130699, 0.15684953556130699]",165.21419618802176,147.74200618105402,185.6958763211633,147.74200618105402
12,17000.0,447983.52446778707,4011944.678561207,True,26.563297271728516,26.222318649291992,26.978805541992188,0.3400000035762787,0.0,0.0,2016.0,284.006500467317,False,56.309932474020215,0.020319650036433625,0.018904069720362546,"[0.015339807878856429, 0.021475731030399]",0.04256796686382659,0.04256796686382659,"[0.04256796686382659, 0.04256796686382659]",0.15684953556130699,0.15684953556130699,"[0.15684953556130699, 0.15684953556130699]",165.47160897405996,147.95258251212027,186.00737347145346,147.95258251212027
12,17100.0,448077.4581259217,4011978.9782386026,True,26.64493179321289,26.28460121154785,27.092653274536133,0.3400000035762787,0.0,0.0,2016.0,156.500115435698,True,38.65980825409009,0.04047041704759212,0.039999074079835696,"[0.033747577333484144, 0.04601942363656929]",0.04256796686382659,0.04256796686382659,"[0.04256796686382659, 0.04256796686382659]",0.15684953556130699,0.15684953556130699,"[0.15684953556130699, 0.15684953556130699]",165.44106499582432,147.92761200384686,185.9703932821989,147.92761200384686
12,17200.0,448171.3917840564,4012013.277915998,True,26.72125816345215,26.356184005737305,27.192848205566406,0.3400000035762787,0.0,0.0,2016.0,148.0911925375358,True,57.9946167919165,0.040748036036584695,0.031367040776292675,"[0.015339807878856429, 0.04601942363656929]",0.04256796686382659,0.04256796686382659,"[0.04256796686382659, 0.04256796686382659]",0.15684953556130699,0.15684953556130699,"[0.15684953556130699, 0.15684953556130699]",165.77584964290276,148.20129175972136,186.37574523498395,148.20129175972136
12,17300.0,448265.3254421911,4012047.5775933936,True,26.783618927001953,26.435644149780273,27.276878356933594,0.3400000035762787,0.0,0.0,2016.0,124.06426272059022,True,56.309932474020215,0.015339807878856429,0.03572123037775385,"[0.015339807878856429, 0.05829126993965443]",0.04256796686382659,0.04256796686382659,"[0.04256796686382659, 0.04256796686382659]",0.15684953556130699,0.15684953556130699,"[0.15684953556130699, 0.15684953556130699]",165.7700192458444,148.1966965754005,186.36848236987603,148.1966965754005
12,17400.0,448359.25910032575,4012081.8772707894,True,26.848567962646484,26.519287109375,27.338308334350586,0.3400000035762787,0.0,0.0,2016.0,130.16481749208126,True,56.309932474020215,0.015339807878856429,0.015339807878856427,"[0.015339807878856429, 0.015339807878856429]",0.04256796686382659,0.04256796686382659,"[0.04256796686382659, 0.04256796686382659]",0.15684953556130699,0.15684953556130699,"[0.15684953556130699, 0.15684953556130699]",165.866865340847,148.2758546120397,186.48575608432057,148.2758546120397
12,17500.0,448453.1927584604,4012116.1769481846,True,26.905818939208984,26.57759666442871,27.3708553314209,0.3400000035762787,0.0,0.0,2016.0,129.5268929604967,True,56.309932474020215,0.015339807878856429,0.015339807878856429,"[0.015339807878856429, 0.015339807878856429]",0.04256796686382659,0.04256796686382659,"[0.04256796686382659, 0.04256796686382659]",0.15684953556130699,0.15684953556130699,"[0.15684953556130699, 0.15684953556130699]",165.99641618759117,148.38179891345183,186.64256756461378,148.38179891345183
12,17600.0,448547.1264165951,4012150.4766255803,True,26.951271057128906,26.615467071533203,27.401723861694336,0.3400000035762787,0.0,0.0,2016.0,165.1517431512483,True,56.309932474020215,0.03656964965925418,0.03228188327143178,"[0.015339807878856429, 0.04601942363656929]",0.029529130166798624,0.029529130166798624,"[0.029529130166798624, 0.029529130166798624]",0.15684953556130699,0.15684953556130699,"[0.15684953556130699, 0.15684953556130699]",166.22978393862607,148.57221049783348,186.92555692925646,148.57221049783348
12,17700.0,448641.0600747298,4012184.7763029756,True,27.001338958740234,26.67462921142578,27.43425178527832,0.3400000035762787,0.0,0.0,2016.0,178.5563731105062,True,51.34019174590991,0.036956155930420495,0.032248635501186534,"[0.021475731030399, 0.039883500485026716]",0.029529130166798624,0.029529130166798624,"[0.029529130166798624, 0.029529130166798624]",0.15684953556130699,0.15684953556130699,"[0.15684953556130699, 0.15684953556130699]",166.34061980565696,148.66243380281432,187.0602120419912,148.66243380281432
12,17800.0,448734.99373286444,4012219.0759803713,True,27.047574996948242,26.73325538635254,27.476511001586914,0.3400000035762787,0.0,0.0,2016.0,167.77869732229925,True,51.34019174590991,0.03725684935244947,0.03207494326585949,"[0.021475731030399, 0.039883500485026716]",0.029529130166798624,0.029529130166798624,"[0.029529130166798624, 0.029529130166798624]",0.15684953556130699,0.15684953556130699,"[0.15684953556130699, 0.15684953556130699]",166.59208551152443,148.86769115501917,187.36505285897042,148.86769115501917
12,17900.0,448828.92739099916,4012253.375657767,True,27.08415985107422,26.76650619506836,27.502248764038086,0.3400000035762787,0.0,0.0,2016.0,159.92193217393245,True,51.34019174590991,0.022401758678507012,0.028093080382125935,"[0.015339807878856429, 0.039883500485026716]",0.029529130166798624,0.029529130166798624,"[0.029529130166798624, 0.029529130166798624]",0.15684953556130699,0.15684953556130699,"[0.15684953556130699, 0.15684953556130699]",166.486158138208,148.78123830462724,187.23663048836687,148.78123830462724
12,18000.0,448922.8610491338,4012287.6753351623,True,27.125648498535156,26.800792694091797,27.544301986694336,0.3400000035762787,0.0,0.0,2016.0,150.57195460481162,True,56.309932474020215,0.04019659128951476,0.030599743421374025,"[0.015339807878856429, 0.04601942363656929]",0.029529130166798624,0.029529130166798624,"[0.029529130166798624, 0.029529130166798624]",0.15684953556130699,0.15684953556130699,"[0.15684953556130699, 0.15684953556130699]",166.53686474998477,148.82266140610847,187.29805886772132,148.82266140610847
13,5000.0,436863.95173536165,4007413.8185179164,True,20.101436614990234,19.41497802734375,21.085941314697266,0.300119549036026,0.0,1.0,2001.0,123.72420471402006,True,66.80140948635182,0.04089618737930655,0.04291847649896832,"[0.033747577333484144, 0.05215534678811186]",0.04692233183524088,0.047169909227483514,"[0.047169909227483514, 0.047169909227483514]",0.15761652595524983,0.15761652595524983,"[0.15761652595524983, 0.15761652595524983]",148.96231782603007,134.1597126202163,166.36548682231646,134.1597126202163
13,5100.0,436957.7502310186,4007448.4861139175,True,20.209627151489258,19.442975997924805,21.380996704101562,0.300119549036026,0.0,1.0,2001.0,124.8945604887154,True,66.80140948635182,0.04940759366489739,0.04359820218650266,"[0.033747577333484144, 0.05215534678811186]",0.047169909227483514,0.0468992067355037,"[0.046402918833540696, 0.047169909227483514]",0.15761652595524983,0.15761652595524983,"[0.15761652595524983, 0.15761652595524983]",149.3198294932947,134.4634551392683,166.78500805552736,134.4634551392683
13,5200.0,437051.5487266755,4007483.1537099187,True,20.3410701751709,19.480133056640625,21.623638153076172,0.300119549036026,0.0,1.0,2001.0,130.84192051198752,True,66.80140948635182,0.05014313389942442,0.04427196662044654,"[0.033747577333484144, 0.05215534678811186]",0.04693746190978261,0.047169909227483514,"[0.047169909227483514, 0.047169909227483514]",0.15761652595524983,0.15761652595524983,"[0.15761652595524983, 0.15761652595524983]",149.5744014789151,134.67813382782256,167.0855663559372,134.67813382782256
13,5300.0,437145.34722233244,4007517.82130592,True,20.486778259277344,19.574886322021484,21.77951431274414,0.300119549036026,0.0,1.0,2001.0,130.84192051198752,True,66.80140948635182,0.04997088022253799,0.044346853826199364,"[0.033747577333484144, 0.05215534678811186]",0.047169909227483514,0.046810892447340074,"[0.046402918833540696, 0.047169909227483514]",0.15761652595524983,0.15761652595524983,"[0.15761652595524983, 0.15761652595524983]",150.02481376595858,135.0607976673129,167.61411145634045,135.0607976673129
13,5400.0,437239.1457179894,4007552.488901921,True,20.624122619628906,19.715194702148438,21.889007568359375,0.300119549036026,0.0,1.0,2001.0,134.45778724835574,True,66.80140948635182,0.04912698092779401,0.04385530368834198,"[0.033747577333484144, 0.05215534678811186]",0.03323222401177668,0.03310297902368114,"[0.03259709174256992, 0.033364082136512735]",0.15761652595524983,0.15761652595524983,"[0.15761652595524983, 0.15761652595524983]",150.728718499225,135.6575700489301,168.4415491153584,135.6575700489301
13,5500.0,437332.94421364635,4007587.156497922,True,20.73518180847168,19.831371307373047,21.87405776977539,0.300119549036026,0.0,1.0,2001.0,134.45778724835574,True,66.80140948635182,0.009203884727313857,0.009203884727313857,"[0.009203884727313857, 0.009203884727313857]",0.033253694530531445,0.033364082136512735,"[0.033364082136512735, 0.033364082136512735]",0.15761652595524983,0.15761652595524983,"[0.15761652595524983, 0.15761652595524983]",150.61089350001578,135.55724814752872,168.30353928278052,135.55724814752872
13,5600.0,437426.7427093033,4007621.824093923,True,20.81051254272461,19.893451690673828,21.838699340820312,0.300119549036026,0.0,1.0,2001.0,143.03852457360946,True,66.80140948635182,0.009203884727313857,0.011290726457336767,"[0.009203884727313857, 0.015339807878856429]",0.033096428515226504,0.03304334069904574,"[0.03259709174256992, 0.033364082136512735]",0.15761652595524983,0.15761652595524983,"[0.15761652595524983, 0.15761652595524983]",150.7357572395143,135.66484058582904,168.44833496555844,135.66484058582904
13,5700.0,437520.5412049602,4007656.491689924,True,20.85624885559082,19.92818832397461,21.786895751953125,0.300119549036026,0.0,1.0,2001.0,142.61401971997563,False,45.0,0.04464190268022993,0.03517498806021926,"[0.015339807878856429, 0.05215534678811186]",0.03310157562459415,0.03308001162023762,"[0.03259709174256992, 0.033364082136512735]",0.15761652595524983,0.15761652595524983,"[0.15761652595524983, 0.15761652595524983]",151.11107490163775,135.98231076797217,168.8903490968583,135.98231076797217
13,5800.0,437614.3397006171,4007691.1592859253,True,20.88821792602539,20.05120849609375,21.741622924804688,0.300119549036026,0.0,1.0,2001.0,152.2266411514195,True,45.0,0.04435221961028495,0.03538816466551741,"[0.015339807878856429, 0.05215534678811186]",0.03718314818260086,0.03719903410622684,"[0.03719903410622684, 0.03719903410622684]",0.15761652595524983,0.15761652595524983,"[0.15761652595524983, 0.15761652595524983]",151.06519756227237,135.94395918609183,168.8357981564786,135.94395918609183
13,5900.0,437708.1381962741,4007725.8268819265,True,20.91850471496582,20.27169418334961,21.69373321533203,0.300119549036026,0.0,1.0,2001.0,152.2266411514195,True,45.0,0.04178298595309921,0.04082726778731206,"[0.027611654181941572, 0.05215534678811186]",0.037102463236345445,0.03719903410622684,"[0.03719903410622684, 0.03719903410622684]",0.15761652595524983,0.15761652595524983,"[0.15761652595524983, 0.15761652595524983]",151.5829256336159,136.3823672031947,169.44498381712052,136.3823672031947
13,6000.0,437801.93669193104,4007760.4944779277,True,20.946352005004883,20.371185302734375,21.63329315185547,0.300119549036026,0.0,1.0,2001.0,152.2266411514195,False,83.6598082540901,0.05410191815365141,0.04580187866557491,"[0.027611654181941572, 0.064427193091197]",0.037085078947248926,0.03719903410622684,"[0.03719903410622684, 0.03719903410622684]",0.15761652595524983,0.15761652595524983,"[0.15761652595524983, 0.15761652595524983]",151.5572930571859,136.361398638198,169.4139819273693,136.361398638198
13,6100.0,437895.73518758797,4007795.1620739284,True,20.96785545349121,20.38748550415039,21.634342193603516,0.300119549036026,0.0,1.0,2001.0,151.59976144846942,False,90.0,0.052650121990426624,0.043289664257355163,"[0.027611654181941572, 0.05829126993965443]",0.037136878537580256,0.03719903410622684,"[0.03719903410622684, 0.03719903410622684]",0.15761652595524983,0.15761652595524983,"[0.15761652595524983, 0.15761652595524983]",151.44866634677658,136.26997491103512,169.2855255046008,136.26997491103512
13,6200.0,437989.5336832449,4007829.8296699296,True,20.996417999267578,20.397314071655273,21.70337677001953,0.300119549036026,0.0,1.0,2001.0,142.0032502336585,True,56.309932474020215,0.043894514287438804,0.04067226810512113,"[0.027611654181941572, 0.05215534678811186]",0.03703079586888932,0.03719903410622684,"[0.03719903410622684, 0.03719903410622684]",0.15761652595524983,0.15761652595524983,"[0.15761652595524983, 0.15761652595524983]",151.51167903803383,136.3229300587959,169.36013035614985,136.3229300587959
13,6300.0,438083.3321789018,4007864.4972659308,True,21.028711318969727,20.395492553710938,21.764774322509766,0.300119549036026,0.0,1.0,2001.0,134.16894097006954,True,56.309932474020215,0.0430196996503436,0.03539484332907765,"[0.015339807878856429, 0.05215534678811186]",0.03698536045758684,0.03719903410622684,"[0.03719903410622684, 0.03719903410622684]",0.15761652595524983,0.15761652595524983,"[0.15761652595524983, 0.15761652595524983]",151.74672036363307,136.52198471857594,169.63666430566764,136.52198471857594
13,6400.0,438177.13067455875,4007899.164861932,True,21.098308563232422,20.395095825195312,21.913135528564453,0.300119549036026,0.0,1.0,2001.0,134.16894097006954,True,56.309932474020215,0.04349833143414517,0.04274698332368228,"[0.033747577333484144, 0.05215534678811186]",0.037006669502327415,0.03719903410622684,"[0.03719903410622684, 0.03719903410622684]",0.15761652595524983,0.15761652595524983,"[0.15761652595524983, 0.15761652595524983]",151.8376039249191,136.59836026779735,169.7442698968508,136.59836026779735
13,6500.0,438270.92917021574,4007933.832457933,True,21.2226505279541,20.411624908447266,22.147682189941406,0.300119549036026,0.0,1.0,2001.0,142.0032502336585,True,56.309932474020215,0.04378449063131309,0.042675646660306425,"[0.033747577333484144, 0.05215534678811186]",0.03279301021063265,0.03286205206047743,"[0.03259709174256992, 0.033364082136512735]",0.15761652595524983,0.15761652595524983,"[0.15761652595524983, 0.15761652595524983]",152.28239313712248,136.97377919683532,170.26903249743813,136.97377919683532
13,6600.0,438364.72766587266,4007968.5000539343,True,21.39929962158203,20.430370330810547,22.572158813476562,0.300119549036026,0.0,1.0,2001.0,134.16894097006954,True,56.309932474020215,0.04410388621820788,0.03549517663675013,"[0.015339807878856429, 0.05215534678811186]",0.04568516221767122,0.04566237638421661,"[0.04486893804565506, 0.046402918833540696]",0.15761652595524983,0.15761652595524983,"[0.15761652595524983, 0.15761652595524983]",152.94543018674779,137.5315706456204,171.05339052451686,137.5315706456204
13,6700.0,438458.5261615296,4008003.167649935,True,21.60540771484375,20.439311981201172,22.94689178466797,0.300119549036026,0.0,1.0,2001.0,149.16752194134605,True,60.25511870305778,0.04393865178051383,0.03751755620746048,"[0.009203884727313857, 0.064427193091197]",0.045735739521312456,0.04563592843959788,"[0.04563592843959788, 0.04563592843959788]",0.15761652595524983,0.15761652595524983,"[0.15761652595524983, 0.15761652595524983]",152.63644923042182,137.27104912641352,170.68854368846115,137.27104912641352
13,6800.0,438552.3246571865,4008037.835245936,True,21.80533790588379,20.436065673828125,23.185401916503906,0.300119549036026,0.0,1.0,2001.0,175.61455118592883,False,60.25511870305778,0.009203884727313857,0.03591713641032125,"[0.009203884727313857, 0.064427193091197]",0.04510725252994514,0.0451976482144877,"[0.04486893804565506, 0.04563592843959788]",0.20823789195547604,0.20823789195547604,"[0.20823789195547604, 0.20823789195547604]",154.0543772845207,138.46413786101846,172.36565960030336,138.46413786101846
13,6900.0,438646.12315284344,4008072.5028419374,True,21.967409133911133,20.432235717773438,23.277538299560547,0.300119549036026,0.0,1.0,2001.0,120.47058823529396,True,59.03624346792648,0.05245284936072888,0.047942701574651664,"[0.033747577333484144, 0.064427193091197]",0.04556098370276424,0.04534571585810601,"[0.04486893804565506, 0.04563592843959788]",0.20823789195547604,0.20823789195547604,"[0.20823789195547604, 0.20823789195547604]",153.97675477685877,138.39884244593947,172.27383140025253,138.39884244593947
13,7000.0,438739.9216485004,4008107.1704379385,True,22.085342407226562,20.55374526977539,23.304340362548828,0.300119549036026,0.0,1.0,2001.0,114.4866804479891,True,63.43494882292201,0.009203884727313857,0.009203884727313857,"[0.009203884727313857, 0.009203884727313857]",0.03613634613221451,0.036133769670195146,"[0.0356650533183412, 0.03643204371228402]",0.20823789195547604,0.20823789195547604,"[0.20823789195547604, 0.20823789195547604]",154.71621831016336,139.0222486516672,173.14708245650834,139.0222486516672
13,7100.0,438833.72014415736,4008141.8380339397,True,22.168615341186523,20.988025665283203,23.33707046508789,0.300119549036026,0.0,1.0,2001.0,114.4866804479891,True,63.43494882292201,0.009203884727313857,0.009203884727313857,"[0.009203884727313857, 0.009203884727313857]",0.036126788584682,0.036109100388518625,"[0.0356650533183412, 0.03643204371228402]",0.20823789195547604,0.20823789195547604,"[0.20823789195547604, 0.20823789195547604]",155.2461302476678,139.46898306613573,173.7728889922326,139.46898306613573
13,7200.0,438927.5186398143,4008176.505629941,True,22.22539520263672,21.263912200927734,23.358631134033203,0.300119549036026,0.0,1.0,2001.0,120.47058823529396,True,63.43494882292201,0.009203884727313857,0.009203884727313857,"[0.009203884727313857, 0.009203884727313857]",0.044998845763617575,0.04517216680605106,"[0.04486893804565506, 0.04563592843959788]",0.20823789195547604,0.20823789195547604,"[0.20823789195547604, 0.20823789195547604]",154.9988516168314,139.26015801426496,173.48127904725695,139.26015801426496
13,7300.0,439021.3171354712,4008211.1732259416,True,22.237789154052734,21.263912200927734,23.3631591796875,0.300119549036026,0.0,1.0,2001.0,120.47058823529396,True,60.25511870305778,0.009203884727313857,0.009203884727313857,"[0.009203884727313857, 0.009203884727313857]",0.045252433242626476,0.04525243324262647,"[0.04486893804565506, 0.04563592843959788]",0.20823789195547604,0.20823789195547604,"[0.20823789195547604, 0.20823789195547604]",154.5587887775755,138.8918913339201,172.9584591489055,138.8918913339201
13,7400.0,439115.11563112814,4008245.840821943,True,22.194982528686523,21.09908676147461,23.386051177978516,0.300119549036026,0.0,1.0,2001.0,127.01156821934931,True,60.25511870305778,0.009203884727313857,0.009203884727313857,"[0.009203884727313857, 0.009203884727313857]",0.04519160238600931,0.045235001642764144,"[0.04486893804565506, 0.04563592843959788]",0.20823789195547604,0.20823789195547604,"[0.20823789195547604, 0.20823789195547604]",154.60155397075317,138.92572177153636,173.0115162648559,138.92572177153636
13,7500.0,439208.9141267851,4008280.508417944,True,22.07268524169922,20.749961853027344,23.410720825195312,0.300119549036026,0.0,1.0,2001.0,127.01156821934931,True,60.25511870305778,0.009203884727313857,0.009203884727313857,"[0.009203884727313857, 0.009203884727313857]",0.04543904841277174,0.04531486269329624,"[0.04486893804565506, 0.04563592843959788]",0.20823789195547604,0.20823789195547604,"[0.20823789195547604, 0.20823789195547604]",154.02112132785317,138.43678451996377,172.3256033414138,138.43678451996377
13,7600.0,439302.71262244205,4008315.176013945,True,21.86811065673828,20.390052795410156,23.4249210357666,0.300119549036026,0.0,1.0,2001.0,145.62676627660082,True,56.309932474020215,0.04474580333757533,0.0397615421418437,"[0.027611654181941572, 0.05215534678811186]",0.04506810288896638,0.04555603360689551,"[0.04486893804565506, 0.046402918833540696]",0.20823789195547604,0.20823789195547604,"[0.20823789195547604, 0.20823789195547604]",153.95840874900594,138.38202641992615,172.25371321693993,138.38202641992615
13,7700.0,439396.511118099,4008349.8436099463,True,21.59764862060547,20.1953125,23.356243133544922,0.300119549036026,0.0,1.0,2001.0,175.61455118592883,True,59.03624346792648,0.0378739335505113,0.03943723883288777,"[0.033747577333484144, 0.04601942363656929]",0.045873037256392066,0.04534307756191063,"[0.04410194765171223, 0.046402918833540696]",0.20823789195547604,0.20823789195547604,"[0.20823789195547604, 0.20823789195547604]",153.64117401327476,138.1119565207649,171.88209167147366,138.1119565207649
13,7800.0,439490.3096137559,4008384.511205947,True,21.290016174316406,19.929542541503906,22.91284942626953,0.300119549036026,0.0,1.0,2001.0,175.61455118592883,True,59.03624346792648,0.03770262678564331,0.03889395050668282,"[0.033747577333484144, 0.04601942363656929]",0.045895697092991114,0.045979055721098616,"[0.04563592843959788, 0.046402918833540696]",0.20823789195547604,0.20823789195547604,"[0.20823789195547604, 0.20823789195547604]",152.2585874416301,136.94923048723564,170.24605425502415,136.94923048723564
13,7900.0,439584.10810941283,4008419.178801948,True,20.98794937133789,19.688308715820312,22.262004852294922,0.300119549036026,0.0,1.0,2001.0,175.61455118592883,True,59.03624346792648,0.03732625752368522,0.03695200836349023,"[0.033747577333484144, 0.039883500485026716]",0.037790703215863405,0.03796602450016966,"[0.03796602450016966, 0.03796602450016966]",0.20823789195547604,0.20823789195547604,"[0.20823789195547604, 0.20823789195547604]",151.16917509574995,136.02635104052553,168.96461592809274,136.02635104052553
13,8000.0,439677.9066050698,4008453.8463979494,True,20.724151611328125,19.609298706054688,21.731555938720703,0.300119549036026,0.0,1.0,2001.0,175.61455118592883,True,59.03624346792648,0.03711045245976318,0.036897302132043265,"[0.033747577333484144, 0.039883500485026716]",0.04563592843959788,0.04628390308275646,"[0.04563592843959788, 0.047169909227483514]",0.20823789195547604,0.20823789195547604,"[0.20823789195547604, 0.20823789195547604]",150.93669210018933,135.83242772697574,168.68769551307497,135.83242772697574
13,8100.0,439771.70510072674,4008488.5139939506,True,20.539575576782227,19.615489959716797,21.640304565429688,0.300119549036026,0.0,1.0,2001.0,175.61455118592883,True,59.03624346792648,0.037214981118343905,0.036917912980793936,"[0.033747577333484144, 0.039883500485026716]",0.03796602450016966,0.03738103182682343,"[0.03643204371228402, 0.03796602450016966]",0.15761652595524983,0.15761652595524983,"[0.15761652595524983, 0.15761652595524983]",150.51614404803772,135.47740539775393,168.1916028236373,135.47740539775393
13,8200.0,439865.50359638367,4008523.1815899517,True,20.407875061035156,19.636077880859375,21.508586883544922,0.300119549036026,0.0,1.0,2001.0,167.77869732229925,True,59.03624346792648,0.03756715114336268,0.03701406249873375,"[0.033747577333484144, 0.039883500485026716]",0.04653738655143237,0.046719719213647516,"[0.046402918833540696, 0.047169909227483514]",0.15761652595524983,0.15761652595524983,"[0.15761652595524983, 0.15761652595524983]",149.98578888805255,135.0288229011899,167.5669677866976,135.0288229011899
13,8300.0,439959.3020920406,4008557.849185953,True,20.35384750366211,19.66099739074707,21.26260757446289,0.300119549036026,0.0,1.0,2001.0,167.77869732229925,True,59.03624346792648,0.037870426857171686,0.03709267325666528,"[0.033747577333484144, 0.039883500485026716]",0.03771760356901046,0.03796602450016966,"[0.03796602450016966, 0.03796602450016966]",0.15761652595524983,0.15761652595524983,"[0.15761652595524983, 0.15761652595524983]",149.77260536551285,134.84777781852938,167.31672273655897,134.84777781852938
13,8400.0,440053.1005876975,4008592.5167819536,True,20.363056182861328,19.68313217163086,21.261295318603516,0.300119549036026,0.0,1.0,2001.0,167.77869732229925,True,51.34019174590991,0.03775735408308295,0.041222406794305354,"[0.033747577333484144, 0.05215534678811186]",0.04652247411906612,0.046684670406825814,"[0.046402918833540696, 0.047169909227483514]",0.15761652595524983,0.15761652595524983,"[0.15761652595524983, 0.15761652595524983]",150.06077637412213,135.0926029138708,167.65488092923488,135.0926029138708
13,8500.0,440146.8990833545,4008627.184377955,True,20.398496627807617,19.688308715820312,21.321260452270508,0.300119549036026,0.0,1.0,2001.0,167.77869732229925,True,51.34019174590991,0.037890777396912836,0.04149406053692518,"[0.033747577333484144, 0.05215534678811186]",0.03333501733504849,0.033364082136512735,"[0.033364082136512735, 0.033364082136512735]",0.15761652595524983,0.15761652595524983,"[0.15761652595524983, 0.15761652595524983]",149.8556805287285,134.91878605843326,167.41371913927986,134.91878605843326
13,8600.0,440240.69757901144,4008661.851973956,True,20.45065689086914,19.694923400878906,21.454486846923828,0.300119549036026,0.0,1.0,2001.0,167.77869732229925,True,51.34019174590991,0.037744304257879745,0.0415612644415699,"[0.033747577333484144, 0.05215534678811186]",0.03796602450016966,0.03769438206898157,"[0.03719903410622684, 0.03796602450016966]",0.15761652595524983,0.15761652595524983,"[0.15761652595524983, 0.15761652595524983]",150.02152751274357,135.05885879587538,167.60927929789156,135.05885879587538
13,8700.0,440334.49607466836,4008696.519569957,True,20.513029098510742,19.695568084716797,21.548015594482422,0.300119549036026,0.0,1.0,2001.0,167.77869732229925,True,51.34019174590991,0.03758446939233759,0.041510669160243034,"[0.033747577333484144, 0.05215534678811186]",0.03327293683728748,0.033364082136512735,"[0.033364082136512735, 0.033364082136512735]",0.15761652595524983,0.15761652595524983,"[0.15761652595524983, 0.15761652595524983]",150.10228899995553,135.1272078909381,167.70435341210867,135.1272078909381
13,8800.0,440428.2945703253,4008731.1871659583,True,20.595319747924805,19.694923400878906,21.60772705078125,0.300119549036026,0.0,1.0,2001.0,167.77869732229925,True,51.34019174590991,0.03853515673911871,0.041592349053789536,"[0.033747577333484144, 0.05215534678811186]",0.047169909227483514,0.046532917205395416,"[0.04563592843959788, 0.047169909227483514]",0.15761652595524983,0.15761652595524983,"[0.15761652595524983, 0.15761652595524983]",150.08283860834078,135.11056544308812,167.68166259884273,135.11056544308812
13,8900.0,440522.0930659822,4008765.8547619595,True,20.70136260986328,19.73937225341797,21.71097183227539,0.300119549036026,0.0,1.0,2001.0,157.07442971594122,True,51.34019174590991,0.039829428778154465,0.03986380890486023,"[0.033747577333484144, 0.04601942363656929]",0.03307626709835797,0.03300406623731509,"[0.03259709174256992, 0.033364082136512735]",0.15761652595524983,0.15761652595524983,"[0.15761652595524983, 0.15761652595524983]",150.66122797200927,135.60070872215232,168.36180514450905,135.60070872215232
13,9000.0,440615.8915616392,4008800.52235796,True,20.82930564880371,19.873470306396484,21.801525115966797,0.300119549036026,0.0,1.0,2001.0,157.07442971594122,True,63.43494882292201,0.040932710813925216,0.03813466831669009,"[0.027611654181941572, 0.04601942363656929]",0.03308926770928725,0.03303123724857529,"[0.03259709174256992, 0.033364082136512735]",0.15761652595524983,0.15761652595524983,"[0.15761652595524983, 0.15761652595524983]",150.71886219877794,135.64996609956492,168.42910420875677,135.64996609956492
13,9100.0,440709.69005729613,4008835.1899539614,True,20.97157859802246,20.031814575195312,21.907447814941406,0.300119549036026,0.0,1.0,2001.0,157.07442971594122,True,51.34019174590991,0.04034171959179941,0.037646180922767815,"[0.027611654181941572, 0.04601942363656929]",0.046102479843321394,0.04605855579952556,"[0.04563592843959788, 0.046402918833540696]",0.15761652595524983,0.15761652595524983,"[0.15761652595524983, 0.15761652595524983]",151.5551090538674,136.35822994178312,169.41291953685425,136.35822994178312
13,9200.0,440803.48855295306,4008869.8575499626,True,21.107284545898438,20.166183471679688,21.982276916503906,0.300119549036026,0.0,1.0,2001.0,155.03588640859417,True,59.03624346792648,0.03827209611140828,0.037149937458511785,"[0.027611654181941572, 0.04601942363656929]",0.03284170752454613,0.03286205206047743,"[0.03259709174256992, 0.033364082136512735]",0.15761652595524983,0.15761652595524983,"[0.15761652595524983, 0.15761652595524983]",151.75867604201187,136.53064958425452,169.65239849247936,136.53064958425452
13,9300.0,440897.28704861,4008904.5251459638,True,21.222667694091797,20.189743041992188,22.02969741821289,0.300119549036026,0.0,1.0,2001.0,160.4708200466489,True,63.43494882292201,0.03417355832174117,0.036459390985210095,"[0.027611654181941572, 0.04601942363656929]",0.03274303466074511,0.03259709174256992,"[0.03259709174256992, 0.03259709174256992]",0.15761652595524983,0.15761652595524983,"[0.15761652595524983, 0.15761652595524983]",152.17648794872335,136.88355549015287,170.1450392539957,136.88355549015287
13,9400.0,440991.0855442669,4008939.192741965,True,21.312294006347656,20.225929260253906,22.098468780517578,0.300119549036026,0.0,1.0,2001.0,143.03852457360946,True,63.43494882292201,0.03432457797016401,0.0363220700656716,"[0.027611654181941572, 0.04601942363656929]",0.04581935295171714,0.04591335049698145,"[0.04563592843959788, 0.046402918833540696]",0.15761652595524983,0.15761652595524983,"[0.15761652595524983, 0.15761652595524983]",152.14542828134776,136.85729629771404,170.1084441148502,136.85729629771404
13,9500.0,441084.8840399239,4008973.860337966,True,21.38172721862793,20.286136627197266,22.16669464111328,0.300119549036026,0.0,1.0,2001.0,152.64890726398548,True,63.43494882292201,0.03542194917495833,0.03646223134234864,"[0.027611654181941572, 0.04601942363656929]",0.04572210901555743,0.04563592843959788,"[0.04563592843959788, 0.04563592843959788]",0.15761652595524983,0.15761652595524983,"[0.15761652595524983, 0.15761652595524983]",152.33073666152592,137.01333696955865,170.3274906892683,137.01333696955865
13,9600.0,441178.6825355808,4009008.527933967,False,21.499767303466797,20.32415008544922,22.285789489746094,3.180000066757202,0.0,0.9812921890067502,1868.0,177.918870635753,False,,,,,,,,,,,,,,
13,9700.0,441272.48103123775,4009043.195529968,False,21.723716735839844,20.395668029785156,22.582599639892578,3.190000057220459,0.0,0.9218237902448428,1868.0,172.54070977589132,False,,,,,,,,,,,,,,
13,9800.0,441366.2795268947,4009077.863125969,False,22.0373592376709,20.598007202148438,24.235336303710938,3.2100000381469727,0.0,0.8246628131021194,1868.0,160.90607643000536,False,,,,,,,,,,,,,,
13,9900.0,441460.0780225516,4009112.5307219704,False,22.36930274963379,20.904464721679688,24.43761444091797,3.2200000286102295,0.0,0.7229391371340523,1868.0,170.07714274045927,False,,,,,,,,,,,,,,
13,10000.0,441553.87651820853,4009147.1983179715,False,22.70638084411621,21.281414031982422,24.606483459472656,3.240000009536743,0.0,0.6211975356180208,1868.0,170.07714274045927,False,,,,,,,,,,,,,,
13,10100.0,441647.6750138655,4009181.8659139723,False,22.999174118041992,21.525665283203125,24.72359848022461,3.240000009536743,0.0,0.5293947849514096,1868.0,185.41720789507772,False,,,,,,,,,,,,,,
13,10200.0,441741.47350952245,4009216.5335099734,False,23.280431747436523,21.670005798339844,24.76200294494629,3.240000009536743,0.0,0.4278707443739181,1868.0,147.41826575333243,True,,,,,,,,,,,,,,
13,10300.0,441835.2720051794,4009251.2011059746,False,23.51874351501465,21.743045806884766,24.764925003051758,3.240000009536743,0.0,0.3259950009613536,1868.0,163.4481939389688,True,,,,,,,,,,,,,,
13,10400.0,441929.0705008363,4009285.868701976,False,23.78150177001953,21.82619857788086,24.77859878540039,3.240000009536743,0.0,0.22442117398405226,1868.0,175.61455118592883,True,,,,,,,,,,,,,,
13,10500.0,442022.8689964933,4009320.536297977,False,24.09435272216797,22.064132690429688,24.91359519958496,3.240000009536743,0.0,0.12310351449971192,1868.0,175.61455118592883,True,,,,,,,,,,,,,,
13,10600.0,442116.6674921502,4009355.203893978,False,24.397628784179688,23.82395362854004,25.09830093383789,3.240000009536743,0.0,0.04089469136987616,1868.0,175.61455118592883,True,,,,,,,,,,,,,,
13,10700.0,442210.46598780714,4009389.871489979,False,24.583894729614258,23.95648193359375,25.223865509033203,3.240000009536743,0.0,0.0028782500239854167,1868.0,157.07442971594122,True,,,,,,,,,,,,,,
13,10800.0,442304.26448346407,4009424.53908598,False,24.673542022705078,24.002410888671875,25.299388885498047,3.240000009536743,0.0,0.0,1868.0,142.0032502336585,True,,,,,,,,,,,,,,
13,10900.0,442398.062979121,4009459.206681981,False,24.784873962402344,24.050485610961914,25.419010162353516,3.240000009536743,0.0,0.0,1868.0,142.0032502336585,True,,,,,,,,,,,,,,
13,11000.0,442491.8614747779,4009493.8742779824,False,24.924396514892578,24.108741760253906,25.77488899230957,3.240000009536743,0.0,0.0,1868.0,142.0032502336585,True,,,,,,,,,,,,,,
13,11100.0,442585.6599704349,4009528.5418739836,False,25.094581604003906,24.156578063964844,26.151880264282227,3.2300000190734863,0.0,0.0,1868.0,142.0032502336585,True,,,,,,,,,,,,,,
13,11200.0,442679.45846609183,4009563.2094699848,False,25.315534591674805,24.24128532409668,26.508420944213867,3.2300000190734863,0.0,0.0,1868.0,204.79999999999976,False,,,,,,,,,,,,,,
13,11300.0,442773.25696174876,4009597.8770659855,False,25.552562713623047,24.633865356445312,26.76180076599121,3.2300000190734863,0.0,0.0,1868.0,170.6666666666664,False,,,,,,,,,,,,,,
13,11400.0,442867.0554574057,4009632.5446619866,False,25.861906051635742,24.91830062866211,27.135156631469727,3.2300000190734863,0.0,0.0,1868.0,170.6666666666664,True,,,,,,,,,,,,,,
13,11500.0,442960.8539530626,4009667.212257988,False,26.134565353393555,25.102188110351562,27.419416427612305,3.2300000190734863,0.0,0.0,1868.0,159.92193217393245,True,,,,,,,,,,,,,,
13,11600.0,443054.6524487196,4009701.879853989,False,26.338573455810547,25.23932647705078,27.46271514892578,3.240000009536743,0.0,0.0,1868.0,181.01933598375595,False,,,,,,,,,,,,,,
13,11700.0,443148.4509443765,4009736.54744999,False,26.468645095825195,25.325897216796875,27.480058670043945,3.240000009536743,0.0,0.0,1868.0,134.16894097006954,True,,,,,,,,,,,,,,
13,11800.0,443242.24944003345,4009771.2150459914,False,26.55631446838379,25.521421432495117,27.478843688964844,1.0626311302185059,0.0,0.0,2016.0,134.16894097006954,True,,,,,,,,,,,,,,
13,11900.0,443336.0479356904,4009805.882641992,False,26.590557098388672,25.66973304748535,27.47738265991211,1.0626311302185059,0.0,0.0,2016.0,127.01156821934931,True,,,,,,,,,,,,,,
13,12000.0,443429.8464313473,4009840.5502379932,False,26.542062759399414,25.45254135131836,27.474491119384766,1.0626311302185059,0.0,0.0,2016.0,167.77869732229925,True,,,,,,,,,,,,,,
13,12100.0,443523.6449270043,4009875.2178339944,False,26.40982437133789,25.06692123413086,27.471954345703125,1.0626311302185059,0.0,0.0,2016.0,179.62148235407938,False,,,,,,,,,,,,,,
13,12200.0,443617.4434226612,4009909.8854299956,False,26.208581924438477,24.59303855895996,27.469738006591797,1.0626311302185059,0.0,0.0,2016.0,179.62148235407938,True,,,,,,,,,,,,,,
13,12300.0,443711.24191831815,4009944.553025997,False,25.907461166381836,24.00809097290039,27.464815139770508,1.0626311302185059,0.0,0.0,2016.0,179.62148235407938,True,,,,,,,,,,,,,,
13,12400.0,443805.0404139751,4009979.2206219975,False,25.555957794189453,23.50926971435547,27.43198585510254,1.0626311302185059,0.0,0.0,2016.0,180.39405143491672,True,,,,,,,,,,,,,,
13,12500.0,443898.838909632,4010013.8882179987,False,25.20061683654785,23.2948055267334,27.211706161499023,1.0626311302185059,0.0,0.0,2016.0,192.65963384496044,True,,,,,,,,,,,,,,
13,12600.0,443992.637405289,4010048.555814,False,24.948486328125,23.25761604309082,26.775814056396484,1.0626311302185059,0.0,0.0,2016.0,181.01933598375595,False,,,,,,,,,,,,,,
13,12700.0,444086.4359009459,4010083.223410001,False,24.78447723388672,23.272733688354492,26.384572982788086,1.0626311302185059,0.0,0.0,2016.0,185.41720789507772,False,,,,,,,,,,,,,,
13,12800.0,444180.23439660284,4010117.891006002,False,24.747516632080078,23.28065299987793,26.29827880859375,1.0626311302185059,0.0,0.0,2016.0,180.39405143491663,False,,,,,,,,,,,,,,
13,12900.0,444274.03289225977,4010152.5586020034,False,24.78034019470215,23.28891372680664,26.453353881835938,1.0626311302185059,0.0,0.0,2016.0,127.99999999999986,False,,,,,,,,,,,,,,
13,13000.0,444367.8313879167,4010187.226198004,False,24.862991333007812,23.295217514038086,26.767942428588867,1.0626311302185059,0.0,0.0,2016.0,239.88289826089868,False,,,,,,,,,,,,,,
13,13100.0,444461.6298835737,4010221.8937940053,False,24.997314453125,23.28383445739746,27.018102645874023,1.0626311302185059,0.0,0.0,2016.0,262.2195301025708,False,,,,,,,,,,,,,,
13,13200.0,444555.4283792306,4010256.5613900064,False,25.16642951965332,23.2890682220459,27.024812698364258,1.0626311302185059,0.0,0.0,2016.0,284.006500467317,False,,,,,,,,,,,,,,
13,13300.0,444649.22687488754,4010291.2289860076,False,25.396100997924805,23.39118003845215,27.03081512451172,1.0626311302185059,0.0,0.0,2016.0,262.2195301025708,False,,,,,,,,,,,,,,
13,13400.0,444743.02537054446,4010325.896582009,False,25.64485740661621,23.598281860351562,27.062158584594727,1.0626311302185059,0.0,0.0,2016.0,251.61527985518606,False,,,,,,,,,,,,,,
13,13500.0,444836.8238662014,4010360.56417801,False,25.965301513671875,23.974281311035156,27.115671157836914,1.0626311302185059,0.0,0.0,2016.0,155.7565828802744,False,,,,,,,,,,,,,,
13,13600.0,444930.6223618584,4010395.2317740107,False,26.232160568237305,24.477642059326172,27.212751388549805,1.0626311302185059,0.0,0.0,2016.0,163.4481939389688,True,,,,,,,,,,,,,,
13,13700.0,445024.4208575153,4010429.899370012,False,26.476669311523438,24.97304344177246,27.353147506713867,1.0626311302185059,0.0,0.0,2016.0,163.4481939389688,False,,,,,,,,,,,,,,
13,13800.0,445118.21935317223,4010464.566966013,False,26.642017364501953,25.58361053466797,27.417400360107422,1.0626311302185059,0.0,0.0,2016.0,186.18181818181793,True,,,,,,,,,,,,,,
13,13900.0,445212.01784882916,4010499.234562014,False,26.73508071899414,25.859962463378906,27.460315704345703,1.0626311302185059,0.0,0.0,2016.0,186.18181818181793,True,,,,,,,,,,,,,,
13,14000.0,445305.8163444861,4010533.9021580154,False,26.783702850341797,25.985748291015625,27.49309730529785,1.0626311302185059,0.0,0.0,2016.0,170.07714274045927,True,,,,,,,,,,,,,,
13,14100.0,445399.614840143,4010568.5697540166,False,26.826034545898438,26.0047550201416,27.52587127685547,1.0626311302185059,0.0,0.0,2016.0,170.07714274045927,True,,,,,,,,,,,,,,
13,14200.0,445493.4133358,4010603.2373500173,False,26.897188186645508,25.995595932006836,27.540523529052734,1.0626311302185059,0.0,0.0,2016.0,152.64890726398548,True,,,,,,,,,,,,,,
13,14300.0,445587.2118314569,4010637.9049460185,False,26.944345474243164,25.943058013916016,27.54393196105957,1.0626311302185059,0.0,0.0,2016.0,152.64890726398548,True,,,,,,,,,,,,,,
13,14400.0,445681.01032711385,4010672.5725420197,False,26.985671997070312,25.94231605529785,27.551576614379883,1.0626311302185059,0.0,0.0,2016.0,152.64890726398548,True,,,,,,,,,,,,,,
13,14500.0,445774.8088227708,4010707.240138021,False,27.001182556152344,25.97340965270996,27.557767868041992,1.0626311302185059,0.0,0.0,2016.0,152.64890726398548,True,,,,,,,,,,,,,,
13,14600.0,445868.60731842776,4010741.907734022,False,26.983543395996094,25.96711540222168,27.563932418823242,3.380000114440918,0.0,0.0,2016.0,163.4481939389688,True,,,,,,,,,,,,,,
13,14700.0,445962.4058140847,4010776.5753300227,False,26.93526268005371,25.94310188293457,27.54840850830078,3.380000114440918,0.0,0.0,2016.0,163.4481939389688,True,,,,,,,,,,,,,,
13,14800.0,446056.2043097416,4010811.242926024,False,26.88644790649414,25.92374038696289,27.505451202392578,3.380000114440918,0.0,0.0,2016.0,190.51735232902405,True,,,,,,,,,,,,,,
13,14900.0,446150.00280539854,4010845.910522025,False,26.857818603515625,25.971942901611328,27.451961517333984,3.380000114440918,0.0,0.0,2016.0,203.78361655500555,False,,,,,,,,,,,,,,
13,15000.0,446243.8013010555,4010880.5781180263,False,26.844911575317383,26.104005813598633,27.4050350189209,3.380000114440918,0.0,0.0,2016.0,192.65963384496044,False,,,,,,,,,,,,,,
13,15100.0,446337.5997967124,4010915.2457140274,False,26.846006393432617,26.326053619384766,27.3233642578125,1.0626311302185059,0.0,0.0,2016.0,180.39405143491672,False,,,,,,,,,,,,,,
13,15200.0,446431.3982923694,4010949.9133100286,False,26.847938537597656,26.450685501098633,27.25956153869629,1.0626311302185059,0.0,0.0,2016.0,104.07880040726283,True,,,,,,,,,,,,,,
13,15300.0,446525.1967880263,4010984.5809060293,False,26.84566879272461,26.464975357055664,27.21160888671875,1.0626311302185059,0.0,0.0,2016.0,127.99999999999986,False,,,,,,,,,,,,,,
13,15400.0,446618.99528368324,4011019.2485020305,False,26.83961296081543,26.453033447265625,27.186281204223633,1.0626311302185059,0.0,0.0,2016.0,90.31388652101438,True,,,,,,,,,,,,,,
13,15500.0,446712.79377934017,4011053.9160980317,True,26.824384689331055,26.38755989074707,27.176115036010742,0.4099999964237213,0.0,0.0,2016.0,90.31388652101438,True,65.55604521958347,0.04651233007906426,0.05657755737951545,"[0.039883500485026716, 0.07669903939428215]",0.04256796686382659,0.04256796686382659,"[0.04256796686382659, 0.04256796686382659]",0.15684953556130699,0.15684953556130699,"[0.15684953556130699, 0.15684953556130699]",165.9202210152777,148.3191625080525,186.5507255375094,148.3191625080525
13,15600.0,446806.5922749971,4011088.583694033,True,26.804283142089844,26.257444381713867,27.21453285217285,0.4099999964237213,0.0,0.0,2016.0,90.31388652101438,True,60.25511870305778,0.047973516776420665,0.049216164483612976,"[0.039883500485026716, 0.05829126993965443]",0.04256796686382659,0.04256796686382659,"[0.04256796686382659, 0.04256796686382659]",0.15684953556130699,0.15684953556130699,"[0.15684953556130699, 0.15684953556130699]",165.9598448068032,148.35169106049062,186.59853837606963,148.35169106049062
13,15700.0,446900.3907706541,4011123.251290034,True,26.777833938598633,26.11605453491211,27.25994873046875,0.4099999964237213,0.0,0.0,2016.0,134.16894097006954,True,56.309932474020215,0.0489839450383636,0.0492714317183879,"[0.039883500485026716, 0.05829126993965443]",0.04256796686382659,0.04256796686382659,"[0.04256796686382659, 0.04256796686382659]",0.15684953556130699,0.15684953556130699,"[0.15684953556130699, 0.15684953556130699]",165.9322548248562,148.32880373223819,186.56552999687852,148.32880373223819
13,15800.0,446994.189266311,4011157.918886035,True,26.74472427368164,26.008529663085938,27.28365707397461,0.4099999964237213,0.0,0.0,2016.0,129.5268929604967,True,56.309932474020215,0.04764763729806439,0.041464280664203323,"[0.027611654181941572, 0.05215534678811186]",0.04256796686382659,0.04256796686382659,"[0.04256796686382659, 0.04256796686382659]",0.15684953556130699,0.15684953556130699,"[0.15684953556130699, 0.15684953556130699]",165.78818387864015,148.21085779175306,186.3912933716934,148.21085779175306
13,15900.0,447087.98776196793,4011192.586482036,True,26.706037521362305,25.99579429626465,27.28351402282715,0.4099999964237213,0.0,0.0,2016.0,130.16481749208126,True,111.80140948635182,0.032953699175040124,0.033283468406025175,"[0.027611654181941572, 0.039883500485026716]",0.04256796686382659,0.04256796686382659,"[0.04256796686382659, 0.04256796686382659]",0.15684953556130699,0.15684953556130699,"[0.15684953556130699, 0.15684953556130699]",165.78630774603775,148.20943986481382,186.38888475186005,148.20943986481382
13,16000.0,447181.78625762486,4011227.254078037,True,26.660831451416016,25.992815017700195,27.27431297302246,0.4099999964237213,0.0,0.0,2016.0,196.16282321329155,False,101.30993247402021,0.034182562187798,0.03397666423884818,"[0.027611654181941572, 0.039883500485026716]",0.04256796686382659,0.0425679668638266,"[0.04256796686382659, 0.04256796686382659]",0.15684953556130699,0.15684953556130699,"[0.15684953556130699, 0.15684953556130699]",165.23266989774694,147.75642470312508,185.71905578902513,147.75642470312508
13,16100.0,447275.5847532818,4011261.9216740383,True,26.62030792236328,25.98956298828125,27.25543212890625,0.4099999964237213,0.0,0.0,2016.0,196.16282321329155,False,33.690067525979785,0.04438263667060259,0.03737654864767291,"[0.027611654181941572, 0.04601942363656929]",0.04256796686382659,0.04256796686382659,"[0.04256796686382659, 0.04256796686382659]",0.15684953556130699,0.15684953556130699,"[0.15684953556130699, 0.15684953556130699]",165.48408997891696,147.9619925180519,186.02342792232446,147.9619925180519
13,16200.0,447369.3832489388,4011296.5892700395,True,26.595582962036133,25.988853454589844,27.250328063964844,0.4099999964237213,0.0,0.0,2016.0,144.69975524972054,True,33.690067525979785,0.04344844456108288,0.034870549065048675,"[0.021475731030399, 0.04601942363656929]",0.04256796686382659,0.04256796686382659,"[0.04256796686382659, 0.04256796686382659]",0.15684953556130699,0.15684953556130699,"[0.15684953556130699, 0.15684953556130699]",165.26830028544174,147.78545053139734,185.76231754919235,147.78545053139734
13,16300.0,447463.1817445957,4011331.2568660406,True,26.572845458984375,25.987714767456055,27.22916030883789,0.4099999964237213,0.0,0.0,2016.0,150.57195460481162,True,51.34019174590991,0.04339171367095573,0.037763566975990086,"[0.027611654181941572, 0.04601942363656929]",0.04256796686382659,0.04256796686382659,"[0.04256796686382659, 0.04256796686382659]",0.15684953556130699,0.15684953556130699,"[0.15684953556130699, 0.15684953556130699]",165.37577057120194,147.87346842466707,185.89224675832273,147.87346842466707
13,16400.0,447556.9802402526,4011365.924462042,True,26.565792083740234,25.987201690673828,27.205286026000977,0.4099999964237213,0.0,0.0,2016.0,150.57195460481162,True,56.309932474020215,0.04330303557537879,0.03852048262608245,"[0.027611654181941572, 0.04601942363656929]",0.04256796686382659,0.04256796686382659,"[0.04256796686382659, 0.04256796686382659]",0.15684953556130699,0.15684953556130699,"[0.15684953556130699, 0.15684953556130699]",165.50336759252778,147.97801076575666,186.04646063025547,147.97801076575666
13,16500.0,447650.77873590955,4011400.5920580425,True,26.575288772583008,25.99660301208496,27.17488670349121,0.4099999964237213,0.0,0.0,2016.0,150.57195460481162,True,56.309932474020215,0.04331946577846976,0.04306256963617941,"[0.039883500485026716, 0.04601942363656929]",0.04256796686382659,0.0425679668638266,"[0.04256796686382659, 0.04256796686382659]",0.15684953556130699,0.15684953556130699,"[0.15684953556130699, 0.15684953556130699]",165.3376475691251,147.84234959688945,185.84603357688465,147.84234959688945
13,16600.0,447744.5772315665,4011435.2596540437,True,26.60302734375,26.04690170288086,27.14803123474121,0.4099999964237213,0.0,0.0,2016.0,142.0032502336585,True,56.309932474020215,0.04357749531310123,0.04314331082150557,"[0.039883500485026716, 0.04601942363656929]",0.04256796686382659,0.04256796686382659,"[0.04256796686382659, 0.04256796686382659]",0.15684953556130699,0.15684953556130699,"[0.15684953556130699, 0.15684953556130699]",165.47809262363094,147.95749220162736,186.0156878320685,147.95749220162736
13,16700.0,447838.37572722347,4011469.927250045,True,26.637971878051758,26.10153579711914,27.146888732910156,0.3400000035762787,0.0,0.0,2016.0,142.0032502336585,True,56.309932474020215,0.04405486814371249,0.0432896577071246,"[0.039883500485026716, 0.04601942363656929]",0.04256796686382659,0.04256796686382659,"[0.04256796686382659, 0.04256796686382659]",0.15684953556130699,0.15684953556130699,"[0.15684953556130699, 0.15684953556130699]",165.46848290662768,147.9498243645427,186.00382913678965,147.9498243645427
13,16800.0,447932.1742228804,4011504.594846046,True,26.69582748413086,26.16292953491211,27.195552825927734,0.38999998569488525,0.0,0.0,2016.0,142.0032502336585,True,56.309932474020215,0.0216749294813266,0.02913727292486976,"[0.015339807878856429, 0.04601942363656929]",0.04256796686382659,0.04256796686382659,"[0.04256796686382659, 0.04256796686382659]",0.15684953556130699,0.15684953556130699,"[0.15684953556130699, 0.15684953556130699]",165.65428989447506,148.10169078515463,186.2288344506454,148.10169078515463
13,16900.0,448025.9727185373,4011539.2624420472,True,26.770395278930664,26.244535446166992,27.340829849243164,0.38999998569488525,0.0,0.0,2016.0,142.0032502336585,True,56.309932474020215,0.020113087842589056,0.02873613383399526,"[0.015339807878856429, 0.04601942363656929]",0.04256796686382659,0.04256796686382659,"[0.04256796686382659, 0.04256796686382659]",0.15684953556130699,0.15684953556130699,"[0.15684953556130699, 0.15684953556130699]",165.76905855690586,148.19548854026692,186.36782284220533,148.19548854026692
13,17000.0,448119.77121419425,4011573.9300380484,True,26.84736442565918,26.305145263671875,27.464111328125,0.38999998569488525,0.0,0.0,2016.0,284.006500467317,False,56.309932474020215,0.020319650036433625,0.018904069720362546,"[0.015339807878856429, 0.021475731030399]",0.04256796686382659,0.04256796686382659,"[0.04256796686382659, 0.04256796686382659]",0.15684953556130699,0.15684953556130699,"[0.15684953556130699, 0.15684953556130699]",165.96753460292595,148.35762731520475,186.6082672457439,148.35762731520475
13,17100.0,448213.5697098512,4011608.597634049,True,26.93458366394043,26.379552841186523,27.5799560546875,0.38999998569488525,0.0,0.0,2016.0,156.500115435698,True,38.65980825409009,0.04047041704759212,0.039999074079835696,"[0.033747577333484144, 0.04601942363656929]",0.04256796686382659,0.04256796686382659,"[0.04256796686382659, 0.04256796686382659]",0.15684953556130699,0.15684953556130699,"[0.15684953556130699, 0.15684953556130699]",165.97051728177803,148.3601662328926,186.61175890722927,148.3601662328926
13,17200.0,448307.36820550816,4011643.2652300503,True,27.021984100341797,26.487741470336914,27.689777374267578,0.38999998569488525,0.0,0.0,2016.0,148.0911925375358,True,57.9946167919165,0.040748036036584695,0.031367040776292675,"[0.015339807878856429, 0.04601942363656929]",0.029529130166798624,0.029529130166798624,"[0.029529130166798624, 0.029529130166798624]",0.15684953556130699,0.15684953556130699,"[0.15684953556130699, 0.15684953556130699]",166.30694215660563,148.63465355836573,187.01973279541855,148.63465355836573
13,17300.0,448401.1667011651,4011677.9328260515,True,27.109560012817383,26.558475494384766,27.742416381835938,0.38999998569488525,0.0,0.0,2016.0,124.06426272059022,True,56.309932474020215,0.015339807878856429,0.03572123037775385,"[0.015339807878856429, 0.05829126993965443]",0.029529130166798624,0.029529130166798624,"[0.029529130166798624, 0.029529130166798624]",0.15684953556130699,0.15684953556130699,"[0.15684953556130699, 0.15684953556130699]",166.56563835398558,148.84564065528477,187.33354543100845,148.84564065528477
13,17400.0,448494.965196822,4011712.6004220527,True,27.183828353881836,26.626028060913086,27.793712615966797,0.38999998569488525,0.0,0.0,2016.0,130.16481749208126,True,56.309932474020215,0.015339807878856429,0.015339807878856427,"[0.015339807878856429, 0.015339807878856429]",0.029529130166798624,0.029529130166798624,"[0.029529130166798624, 0.029529130166798624]",0.15684953556130699,0.15684953556130699,"[0.15684953556130699, 0.15684953556130699]",166.5997792663495,148.87349774139184,187.37494518738225,148.87349774139184
13,17500.0,448588.76369247894,4011747.268018054,True,27.26519012451172,26.6942195892334,27.848230361938477,0.38999998569488525,0.0,0.0,2016.0,129.5268929604967,True,56.309932474020215,0.015339807878856429,0.015339807878856429,"[0.015339807878856429, 0.015339807878856429]",0.029529130166798624,0.029529130166798624,"[0.029529130166798624, 0.029529130166798624]",0.15684953556130699,0.15684953556130699,"[0.15684953556130699, 0.15684953556130699]",166.75946402106945,149.00362171519436,187.5687849217424,149.00362171519436
13,17600.0,448682.56218813587,4011781.9356140546,True,27.342540740966797,26.793373107910156,27.926345825195312,0.38999998569488525,0.0,0.0,2016.0,165.1517431512483,True,56.309932474020215,0.03656964965925418,0.03228188327143178,"[0.015339807878856429, 0.04601942363656929]",0.029529130166798624,0.029529130166798624,"[0.029529130166798624, 0.029529130166798624]",0.15684953556130699,0.15684953556130699,"[0.15684953556130699, 0.15684953556130699]",166.96199122378192,149.1685726485485,187.8147309051613,149.1685726485485
13,17700.0,448776.36068379285,4011816.6032100557,True,27.406597137451172,26.860485076904297,28.029287338256836,0.38999998569488525,0.0,0.0,2016.0,178.5563731105062,True,51.34019174590991,0.036956155930420495,0.032248635501186534,"[0.021475731030399, 0.039883500485026716]",0.029529130166798624,0.029529130166798624,"[0.029529130166798624, 0.029529130166798624]",0.15684953556130699,0.15684953556130699,"[0.15684953556130699, 0.15684953556130699]",167.2829058617168,149.4296828837773,188.20476041344878,149.4296828837773
13,17800.0,448870.1591794498,4011851.270806057,True,27.474035263061523,26.918989181518555,28.102432250976562,0.3400000035762787,0.0,0.0,2016.0,167.77869732229925,True,51.34019174590991,0.03725684935244947,0.03207494326585949,"[0.021475731030399, 0.039883500485026716]",0.029529130166798624,0.029529130166798624,"[0.029529130166798624, 0.029529130166798624]",0.15684953556130699,0.15684953556130699,"[0.15684953556130699, 0.15684953556130699]",167.0963523875168,149.27811444986983,187.97776666405622,149.27811444986983
14,5000.0,436952.5092696689,4007178.3633212885,True,20.333498001098633,19.41393280029297,21.62563705444336,0.4828895926475525,0.0,0.8598614228554698,2001.0,128.94792704421025,False,90.0,0.04128268303137947,0.042659218231023185,"[0.033747577333484144, 0.05215534678811186]",0.047169909227483514,0.04688228782975496,"[0.046402918833540696, 0.047169909227483514]",0.15761652595524983,0.15761652595524983,"[0.15761652595524983, 0.15761652595524983]",149.47365052557527,134.5927415323772,166.96710438315284,134.5927415323772
14,5100.0,437044.8418437748,4007216.765088943,True,20.51546287536621,19.459522247314453,21.893272399902344,0.4828895926475525,0.0,0.8743169398907104,2001.0,130.84192051198752,True,66.80140948635182,0.04283337735325343,0.04321069696520881,"[0.033747577333484144, 0.05215534678811186]",0.047169909227483514,0.04648509637574885,"[0.04563592843959788, 0.047169909227483514]",0.15761652595524983,0.15761652595524983,"[0.15761652595524983, 0.15761652595524983]",150.49775913471206,135.4603426829851,168.17167579136978,135.4603426829851
14,5200.0,437137.17441788065,4007255.166856597,True,20.720720291137695,19.522624969482422,22.14539909362793,0.4828895926475525,0.0,0.8792077275831789,2001.0,130.84192051198752,True,66.80140948635182,0.04927002813221015,0.04357236839124791,"[0.033747577333484144, 0.05215534678811186]",0.047169909227483514,0.0468749129221209,"[0.046402918833540696, 0.047169909227483514]",0.15761652595524983,0.15761652595524983,"[0.15761652595524983, 0.15761652595524983]",150.88059707774923,135.7837547277505,168.62302795015543,135.7837547277505
14,5300.0,437229.50699198653,4007293.5686242515,True,20.91746711730957,19.651329040527344,22.336668014526367,0.4828895926475525,0.0,0.8846379074760883,2001.0,130.84192051198752,True,66.80140948635182,0.04954603381993795,0.04356881743044697,"[0.033747577333484144, 0.05215534678811186]",0.03796602450016966,0.037369476415991906,"[0.03643204371228402, 0.03796602450016966]",0.15761652595524983,0.15761652595524983,"[0.15761652595524983, 0.15761652595524983]",151.26972641231103,136.11304179513107,169.0811575864968,136.11304179513107
14,5400.0,437321.8395660924,4007331.970391906,True,21.073570251464844,19.863834381103516,22.36368179321289,0.4828895926475525,0.0,0.8889647770514196,2001.0,137.38401653758692,True,66.80140948635182,0.048303368459477226,0.04332021349686624,"[0.033747577333484144, 0.05215534678811186]",0.04573791195089744,0.04637341920300444,"[0.04563592843959788, 0.047169909227483514]",0.15761652595524983,0.15761652595524983,"[0.15761652595524983, 0.15761652595524983]",151.30222738821493,136.1409046085956,169.11900681237913,136.1409046085956
14,5500.0,437414.1721401983,4007370.37215956,True,21.141773223876953,19.945194244384766,22.31228256225586,0.4828895926475525,0.0,0.9048176321435537,2001.0,143.03852457360946,True,66.80140948635182,0.042992543437065676,0.04307515270994027,"[0.033747577333484144, 0.05215534678811186]",0.03286644760885934,0.032948629006460374,"[0.03259709174256992, 0.033364082136512735]",0.15761652595524983,0.15761652595524983,"[0.15761652595524983, 0.15761652595524983]",152.1898890834226,136.89375269012575,170.16212756137818,136.89375269012575
14,5600.0,437506.5047143042,4007408.7739272146,True,21.19671630859375,20.110069274902344,22.292156219482422,0.4828895926475525,0.0,0.9159024390243903,2001.0,143.03852457360946,True,66.80140948635182,0.0427054282052514,0.040939802596297044,"[0.027611654181941572, 0.05215534678811186]",0.0461029265398829,0.04605277104500158,"[0.04563592843959788, 0.046402918833540696]",0.15761652595524983,0.15761652595524983,"[0.15761652595524983, 0.15761652595524983]",151.98035021735453,136.71774836197216,169.91393536509108,136.71774836197216
14,5700.0,437598.8372884101,4007447.175694869,True,21.211074829101562,20.24365997314453,22.255970001220703,0.4828895926475525,0.0,0.9353423054417788,2001.0,127.01156821934933,True,63.43494882292201,0.04268285887596613,0.03195880056191835,"[0.009203884727313857, 0.05215534678811186]",0.04606632287404094,0.04605138156965024,"[0.04563592843959788, 0.046402918833540696]",0.15761652595524983,0.15761652595524983,"[0.15761652595524983, 0.15761652595524983]",152.114134359356,136.83073564038506,170.07169599537255,136.83073564038506
14,5800.0,437691.169862516,4007485.5774625232,True,21.189937591552734,20.315826416015625,22.19182586669922,0.4828895926475525,0.0,0.9603236498342756,2001.0,152.2266411514195,False,45.0,0.04251737120975284,0.034466114254150935,"[0.015339807878856429, 0.05215534678811186]",0.045905768377403254,0.04597340421293272,"[0.04563592843959788, 0.046402918833540696]",0.15761652595524983,0.15761652595524983,"[0.15761652595524983, 0.15761652595524983]",152.14489520936039,136.8570377056245,170.10759918377937,136.8570377056245
14,5900.0,437783.5024366219,4007523.9792301776,True,21.17105484008789,20.37869644165039,22.15772247314453,0.4828895926475525,0.0,0.973776564632482,2001.0,152.2266411514195,False,45.0,0.04206301871505879,0.03535456434069754,"[0.015339807878856429, 0.05215534678811186]",0.037045333487390454,0.03693825737228629,"[0.03643204371228402, 0.03719903410622684]",0.15761652595524983,0.15761652595524983,"[0.15761652595524983, 0.15761652595524983]",151.7309951382564,136.50674524226952,169.6203589738838,136.50674524226952
14,6000.0,437875.83501072775,4007562.380997832,True,21.14820671081543,20.454456329345703,22.10320281982422,0.4828895926475525,0.0,0.9845988887805829,2001.0,152.2266411514195,False,45.0,0.04937879274633405,0.04179132976088261,"[0.027611654181941572, 0.05215534678811186]",0.0371362604866674,0.03719903410622684,"[0.03719903410622684, 0.03719903410622684]",0.15761652595524983,0.15761652595524983,"[0.15761652595524983, 0.15761652595524983]",151.61150745984773,136.40699972656486,169.47812496179216,136.40699972656486
14,6100.0,437968.16758483363,4007600.7827654863,True,21.127283096313477,20.48300552368164,21.935272216796875,0.4828895926475525,0.0,0.9923001949317739,2001.0,128.94792704421025,True,60.25511870305778,0.04663573209303714,0.043683789844729794,"[0.033747577333484144, 0.05215534678811186]",0.045836164142912576,0.04590579543005924,"[0.04563592843959788, 0.046402918833540696]",0.15761652595524983,0.15761652595524983,"[0.15761652595524983, 0.15761652595524983]",152.28522234409732,136.9763582774407,170.27215224994703,136.9763582774407
14,6200.0,438060.5001589395,4007639.1845331406,True,21.116024017333984,20.48391342163086,21.87405776977539,0.4828895926475525,0.0,0.9991230634317451,2001.0,134.5867635727328,True,56.309932474020215,0.045453409469257466,0.04328347984341853,"[0.033747577333484144, 0.05215534678811186]",0.04563592843959788,0.04596652774733186,"[0.04563592843959788, 0.046402918833540696]",0.15761652595524983,0.15761652595524983,"[0.15761652595524983, 0.15761652595524983]",151.82764769670015,136.59026534338406,169.73216959497057,136.59026534338406
14,6300.0,438152.8327330454,4007677.586300795,True,21.131616592407227,20.474281311035156,21.885189056396484,0.300119549036026,0.0,1.0,2001.0,134.5867635727328,True,56.309932474020215,0.04439770109416263,0.043045236771267946,"[0.033747577333484144, 0.05215534678811186]",0.04607028405172386,0.046046816150638666,"[0.04563592843959788, 0.046402918833540696]",0.15761652595524983,0.15761652595524983,"[0.15761652595524983, 0.15761652595524983]",151.58551848776634,136.3852498921638,169.44724929805662,136.3852498921638
14,6400.0,438245.16530715127,4007715.98806845,True,21.191547393798828,20.474281311035156,21.99709701538086,0.300119549036026,0.0,1.0,2001.0,134.5867635727328,True,56.309932474020215,0.043916194416544534,0.042931713162560024,"[0.033747577333484144, 0.05215534678811186]",0.04594732237466044,0.045964638608430516,"[0.04563592843959788, 0.046402918833540696]",0.15761652595524983,0.15761652595524983,"[0.15761652595524983, 0.15761652595524983]",151.9814535034348,136.71984039874576,169.91390787583413,136.71984039874576
14,6500.0,438337.4978812572,4007754.389836104,True,21.308385848999023,20.485870361328125,22.222728729248047,0.300119549036026,0.0,1.0,2001.0,138.70806251081638,True,56.309932474020215,0.043418220456205324,0.04285985704240734,"[0.033747577333484144, 0.05215534678811186]",0.03270015641461459,0.03259709174256992,"[0.03259709174256992, 0.03259709174256992]",0.15761652595524983,0.15761652595524983,"[0.15761652595524983, 0.15761652595524983]",152.5844882605926,137.2288074161428,170.6253899200431,137.2288074161428
14,6600.0,438429.8304553631,4007792.7916037585,True,21.469587326049805,20.513416290283203,22.582111358642578,0.300119549036026,0.0,1.0,2001.0,138.70806251081638,True,60.25511870305778,0.042656816169245576,0.04114910910110263,"[0.027611654181941572, 0.05215534678811186]",0.03266299750493758,0.03285275520721752,"[0.03259709174256992, 0.033364082136512735]",0.15761652595524983,0.15761652595524983,"[0.15761652595524983, 0.15761652595524983]",152.80974801121886,137.4179013825136,170.89233751027223,137.4179013825136
14,6700.0,438522.16302946897,4007831.193371413,True,21.6348934173584,20.554569244384766,22.847015380859375,0.300119549036026,0.0,1.0,2001.0,138.70806251081638,True,60.25511870305778,0.04110186308026634,0.040740139793810394,"[0.027611654181941572, 0.05215534678811186]",0.045635928439597885,0.04563592843959788,"[0.04563592843959788, 0.04563592843959788]",0.20823789195547604,0.20823789195547604,"[0.20823789195547604, 0.20823789195547604]",153.2741592814846,137.80952885814855,171.44065708535618,137.80952885814855
14,6800.0,438614.49560357485,4007869.595139067,True,21.81175422668457,20.65951156616211,23.00014877319336,0.300119549036026,0.0,1.0,2001.0,175.61455118592883,False,60.25511870305778,0.03836688931256922,0.04041238846085454,"[0.027611654181941572, 0.05215534678811186]",0.045442019394942905,0.04533232807532885,"[0.04486893804565506, 0.04563592843959788]",0.20823789195547604,0.20823789195547604,"[0.20823789195547604, 0.20823789195547604]",154.08972365317595,138.49619989794218,172.4048056938021,138.49619989794218
14,6900.0,438706.8281776807,4007907.9969067215,True,21.940750122070312,20.847881317138672,23.044174194335938,0.300119549036026,0.0,1.0,2001.0,175.61455118592883,False,59.03624346792648,0.036889551438501006,0.04466433939724476,"[0.033747577333484144, 0.05829126993965443]",0.04541956340615939,0.045329132282020755,"[0.04486893804565506, 0.04563592843959788]",0.20823789195547604,0.20823789195547604,"[0.20823789195547604, 0.20823789195547604]",153.86647939751592,138.30842630976423,172.1406724957671,138.30842630976423
14,7000.0,438799.1607517866,4007946.398674376,True,22.02169418334961,21.026451110839844,23.069541931152344,0.300119549036026,0.0,1.0,2001.0,175.61455118592883,False,63.43494882292201,0.009203884727313857,0.009203884727313857,"[0.009203884727313857, 0.009203884727313857]",0.045190882614678754,0.045229874701628155,"[0.04486893804565506, 0.04563592843959788]",0.20823789195547604,0.20823789195547604,"[0.20823789195547604, 0.20823789195547604]",154.80817321848988,139.10131296374558,173.2539086897227,139.10131296374558
14,7100.0,438891.4933258925,4007984.80044203,True,22.06609535217285,21.15959930419922,23.122806549072266,0.300119549036026,0.0,1.0,2001.0,114.4866804479891,True,63.43494882292201,0.009203884727313857,0.009203884727313857,"[0.009203884727313857, 0.009203884727313857]",0.045358925240978364,0.04533765439750902,"[0.04486893804565506, 0.04563592843959788]",0.20823789195547604,0.20823789195547604,"[0.20823789195547604, 0.20823789195547604]",154.3549265083016,138.7209698179549,172.71662497684045,138.7209698179549
14,7200.0,438983.8258999984,4008023.2022096845,True,22.0938777923584,21.22036361694336,23.145355224609375,0.300119549036026,0.0,1.0,2001.0,511.99999999999943,False,63.43494882292201,0.009203884727313857,0.009203884727313857,"[0.009203884727313857, 0.009203884727313857]",0.04532672383743675,0.04529156540558274,"[0.04486893804565506, 0.04563592843959788]",0.20823789195547604,0.20823789195547604,"[0.20823789195547604, 0.20823789195547604]",154.49386558763374,138.83630405057704,172.8827693463254,138.83630405057704
14,7300.0,439076.1584741043,4008061.603977339,True,22.075145721435547,21.115280151367188,23.206619262695312,0.300119549036026,0.0,1.0,2001.0,120.47058823529396,True,90.0,0.009203884727313857,0.009203884727313857,"[0.009203884727313857, 0.009203884727313857]",0.04511329257484926,0.04518475761963151,"[0.04486893804565506, 0.04563592843959788]",0.20823789195547604,0.20823789195547604,"[0.20823789195547604, 0.20823789195547604]",154.98122197079377,139.2464960335506,173.4590766101687,139.2464960335506
14,7400.0,439168.4910482102,4008100.005744993,True,21.99593162536621,20.857975006103516,23.214740753173828,0.300119549036026,0.0,1.0,2001.0,134.16894097006954,True,60.25511870305778,0.009203884727313857,0.009203884727313857,"[0.009203884727313857, 0.009203884727313857]",0.04534039715876145,0.04529323060400642,"[0.04486893804565506, 0.04563592843959788]",0.20823789195547604,0.20823789195547604,"[0.20823789195547604, 0.20823789195547604]",154.07401504746207,138.48158754301727,172.38782338547122,138.48158754301727
14,7500.0,439260.82362231606,4008138.4075126476,True,21.852323532104492,20.526012420654297,23.250625610351562,0.300119549036026,0.0,1.0,2001.0,134.16894097006954,True,60.25511870305778,0.009203884727313857,0.009203884727313857,"[0.009203884727313857, 0.009203884727313857]",0.04554324301465025,0.04563592843959788,"[0.04563592843959788, 0.04563592843959788]",0.20823789195547604,0.20823789195547604,"[0.20823789195547604, 0.20823789195547604]",153.57344443317578,138.05883196635097,171.79753659391608,138.05883196635097
14,7600.0,439353.15619642194,4008176.809280302,True,21.646841049194336,20.248558044433594,23.24649429321289,0.300119549036026,0.0,1.0,2001.0,142.0032502336585,True,56.309932474020215,0.044675339870175634,0.03967209092948151,"[0.027611654181941572, 0.05215534678811186]",0.04553645750311647,0.04563592843959788,"[0.04563592843959788, 0.04563592843959788]",0.20823789195547604,0.20823789195547604,"[0.20823789195547604, 0.20823789195547604]",153.97572811781552,138.3968393714371,172.2739178142378,138.3968393714371
14,7700.0,439445.4887705278,4008215.2110479563,True,21.3610782623291,19.842918395996094,22.908851623535156,0.300119549036026,0.0,1.0,2001.0,157.07442971594122,True,59.03624346792648,0.03668638992976628,0.039289132665613485,"[0.033747577333484144, 0.04601942363656929]",0.045759737392356156,0.04589740243753293,"[0.04563592843959788, 0.046402918833540696]",0.20823789195547604,0.20823789195547604,"[0.20823789195547604, 0.20823789195547604]",152.3885987374478,137.060701420228,170.39744610898683,137.060701420228
14,7800.0,439537.8213446337,4008253.612815611,True,21.067710876464844,19.56562042236328,22.39044952392578,0.300119549036026,0.0,1.0,2001.0,175.61455118592883,True,59.03624346792648,0.03748477147632576,0.038880232590295716,"[0.033747577333484144, 0.04601942363656929]",0.04596268175532485,0.04600024887672072,"[0.04563592843959788, 0.046402918833540696]",0.20823789195547604,0.20823789195547604,"[0.20823789195547604, 0.20823789195547604]",151.67347537467603,136.4543368128397,169.5569127128305,136.4543368128397
14,7900.0,439630.1539187396,4008292.0145832654,True,20.784948348999023,19.415699005126953,21.885910034179688,0.300119549036026,0.0,1.0,2001.0,175.61455118592883,True,59.03624346792648,0.03748979019622555,0.03698764310233866,"[0.033747577333484144, 0.039883500485026716]",0.04574825631462154,0.04626204304689814,"[0.04563592843959788, 0.047169909227483514]",0.15761652595524983,0.15761652595524983,"[0.15761652595524983, 0.15761652595524983]",151.50864056518213,136.31469503505113,169.3630265395651,136.31469503505113
14,8000.0,439722.4864928455,4008330.4163509198,True,20.549821853637695,19.410999298095703,21.663320541381836,0.300119549036026,0.0,1.0,2001.0,175.61455118592883,True,59.03624346792648,0.037322091275165246,0.03696137258986258,"[0.033747577333484144, 0.039883500485026716]",0.04594309374014112,0.04637502827376096,"[0.04563592843959788, 0.047169909227483514]",0.15761652595524983,0.15761652595524983,"[0.15761652595524983, 0.15761652595524983]",150.29378691327312,135.28797109537442,167.9312668126971,135.28797109537442
14,8100.0,439814.8190669514,4008368.818118574,True,20.378639221191406,19.410999298095703,21.582984924316406,0.300119549036026,0.0,1.0,2001.0,175.61455118592883,True,59.03624346792648,0.037100714000788196,0.03689893524862994,"[0.033747577333484144, 0.039883500485026716]",0.0470384206752609,0.04716990922748352,"[0.047169909227483514, 0.047169909227483514]",0.15761652595524983,0.15761652595524983,"[0.15761652595524983, 0.15761652595524983]",149.46343240135002,134.58350823575157,166.95574090532483,134.58350823575157
14,8200.0,439907.1516410573,4008407.2198862284,True,20.28684425354004,19.48865509033203,21.380001068115234,0.300119549036026,0.0,1.0,2001.0,167.77869732229925,True,59.03624346792648,0.037096522919749395,0.036910499474388465,"[0.033747577333484144, 0.039883500485026716]",0.04689058330707449,0.04684353033644402,"[0.046402918833540696, 0.047169909227483514]",0.15761652595524983,0.15761652595524983,"[0.15761652595524983, 0.15761652595524983]",149.23526062054185,134.39134537753446,166.68606537607732,134.39134537753446
14,8300.0,439999.48421516316,4008445.621653883,True,20.250202178955078,19.53485870361328,21.199962615966797,0.300119549036026,0.0,1.0,2001.0,167.77869732229925,True,59.03624346792648,0.037151129732433515,0.03694199383336043,"[0.033747577333484144, 0.039883500485026716]",0.033484687720373496,0.033364082136512735,"[0.033364082136512735, 0.033364082136512735]",0.15761652595524983,0.15761652595524983,"[0.15761652595524983, 0.15761652595524983]",149.36609787086692,134.50328867574154,166.83870314407724,134.50328867574154
14,8400.0,440091.81678926904,4008484.023421537,True,20.261184692382812,19.559192657470703,21.232280731201172,0.300119549036026,0.0,1.0,2001.0,167.77869732229925,True,51.34019174590991,0.03708486619703185,0.03689592924534472,"[0.033747577333484144, 0.039883500485026716]",0.047169909227483514,0.046894950407013455,"[0.046402918833540696, 0.047169909227483514]",0.15761652595524983,0.15761652595524983,"[0.15761652595524983, 0.15761652595524983]",149.23969179823746,134.39598236713726,166.69027283356326,134.39598236713726
14,8500.0,440184.1493633749,4008522.4251891915,True,20.304229736328125,19.58673095703125,21.300514221191406,0.300119549036026,0.0,1.0,2001.0,167.77869732229925,True,51.34019174590991,0.03715943716838757,0.03689321437789886,"[0.033747577333484144, 0.039883500485026716]",0.047169909227483514,0.046847773262027534,"[0.046402918833540696, 0.047169909227483514]",0.15761652595524983,0.15761652595524983,"[0.15761652595524983, 0.15761652595524983]",149.47066416962545,134.5916729529559,166.96192567156325,134.5916729529559
14,8600.0,440276.4819374808,4008560.826956846,True,20.34318733215332,19.607894897460938,21.400341033935547,0.300119549036026,0.0,1.0,2001.0,167.77869732229925,True,51.34019174590991,0.037146311925820345,0.03877507987026793,"[0.033747577333484144, 0.04601942363656929]",0.046889795626321104,0.046863113069906384,"[0.046402918833540696, 0.047169909227483514]",0.15761652595524983,0.15761652595524983,"[0.15761652595524983, 0.15761652595524983]",149.48155028444137,134.60044470123023,166.9752432296871,134.60044470123023
14,8700.0,440368.81451158674,4008599.2287245,True,20.393999099731445,19.63055419921875,21.468215942382812,0.300119549036026,0.0,1.0,2001.0,167.77869732229925,True,51.34019174590991,0.03749670634310427,0.0412283728557256,"[0.033747577333484144, 0.05215534678811186]",0.033298176374145075,0.033364082136512735,"[0.033364082136512735, 0.033364082136512735]",0.15761652595524983,0.15761652595524983,"[0.15761652595524983, 0.15761652595524983]",150.032981450363,135.06879627511842,167.62248563757677,135.06879627511842
14,8800.0,440461.1470856926,4008637.6304921545,True,20.48119354248047,19.657485961914062,21.53325653076172,0.300119549036026,0.0,1.0,2001.0,167.77869732229925,True,51.34019174590991,0.03902623195781285,0.04169447699774057,"[0.033747577333484144, 0.05215534678811186]",0.047169909227483514,0.04683435093013354,"[0.046402918833540696, 0.047169909227483514]",0.15761652595524983,0.15761652595524983,"[0.15761652595524983, 0.15761652595524983]",149.90709266741393,134.9619652527867,167.47461947148628,134.9619652527867
14,8900.0,440553.4796597985,4008676.032259809,True,20.58077621459961,19.705453872680664,21.57012176513672,0.300119549036026,0.0,1.0,2001.0,157.07442971594122,True,51.34019174590991,0.04052337051824879,0.040112024971607645,"[0.033747577333484144, 0.04601942363656929]",0.047169909227483514,0.046492401046167364,"[0.04563592843959788, 0.047169909227483514]",0.15761652595524983,0.15761652595524983,"[0.15761652595524983, 0.15761652595524983]",150.1548582092551,135.17194748670957,167.76595162788027,135.17194748670957
14,9000.0,440645.8122339044,4008714.434027463,True,20.704586029052734,19.82129669189453,21.625205993652344,0.300119549036026,0.0,1.0,2001.0,151.71526604537675,True,56.309932474020215,0.0426310664571488,0.04049702156337201,"[0.033747577333484144, 0.04601942363656929]",0.046386466952067947,0.046402918833540696,"[0.046402918833540696, 0.046402918833540696]",0.15761652595524983,0.15761652595524983,"[0.15761652595524983, 0.15761652595524983]",150.62321766539753,135.56984326444928,168.3155727081241,135.56984326444928
14,9100.0,440738.14480801026,4008752.8357951175,True,20.83197021484375,19.93791961669922,21.68598175048828,0.300119549036026,0.0,1.0,2001.0,151.71526604537675,True,56.309932474020215,0.043189928186240234,0.04042227522714354,"[0.033747577333484144, 0.04601942363656929]",0.046117108842419284,0.046050103252327,"[0.04563592843959788, 0.046402918833540696]",0.15761652595524983,0.15761652595524983,"[0.15761652595524983, 0.15761652595524983]",151.2261247836054,136.0800146019823,169.02540082263783,136.0800146019823
14,9200.0,440830.47738211614,4008791.2375627724,True,20.990110397338867,20.012916564941406,21.801525115966797,0.300119549036026,0.0,1.0,2001.0,152.31081403103462,True,63.43494882292201,0.0366106831693597,0.03092214311625047,"[0.009203884727313857, 0.05215534678811186]",0.045995331899050765,0.04599850571673449,"[0.04563592843959788, 0.046402918833540696]",0.15761652595524983,0.15761652595524983,"[0.15761652595524983, 0.15761652595524983]",151.74548011732753,136.52010521929736,169.63615171671353,136.52010521929736
14,9300.0,440922.809956222,4008829.6393304267,True,21.104515075683594,20.050193786621094,21.882862091064453,0.300119549036026,0.0,1.0,2001.0,152.64890726398548,True,63.43494882292201,0.03446003107752574,0.03665501842000095,"[0.027611654181941572, 0.04601942363656929]",0.04585655188212931,0.0459193814112724,"[0.04563592843959788, 0.046402918833540696]",0.15761652595524983,0.15761652595524983,"[0.15761652595524983, 0.15761652595524983]",151.73847004457383,136.51289626167446,169.6293570301021,136.51289626167446
14,9400.0,441015.1425303279,4008868.041098081,True,21.19269371032715,20.076129913330078,21.960342407226562,0.300119549036026,0.0,1.0,2001.0,143.03852457360946,True,63.43494882292201,0.03379588839580382,0.036205450986819855,"[0.027611654181941572, 0.04601942363656929]",0.045805482140340956,0.04563592843959788,"[0.04563592843959788, 0.04563592843959788]",0.15761652595524983,0.15761652595524983,"[0.15761652595524983, 0.15761652595524983]",152.1753195766307,136.8831871546119,170.14295301607567,136.8831871546119
14,9500.0,441107.47510443383,4008906.4428657354,True,21.287729263305664,20.147518157958984,22.060569763183594,0.300119549036026,0.0,1.0,2001.0,204.79999999999976,False,63.43494882292201,0.034089798926186986,0.03620230822691956,"[0.027611654181941572, 0.04601942363656929]",0.04578622750605289,0.04563592843959788,"[0.04563592843959788, 0.04563592843959788]",0.15761652595524983,0.15761652595524983,"[0.15761652595524983, 0.15761652595524983]",152.3986919903773,137.07162171000857,170.40660213111087,137.07162171000857
14,9600.0,441199.8076785397,4008944.8446333897,False,21.417688369750977,20.178524017333984,22.210113525390625,3.180000066757202,0.0,0.9841851494696239,1868.0,192.65963384496044,False,,,,,,,,,,,,,,
14,9700.0,441292.1402526456,4008983.246401044,False,21.670652389526367,20.31893539428711,22.63668441772461,3.190000057220459,0.0,0.9250048197416618,1868.0,192.65963384496044,False,,,,,,,,,,,,,,
14,9800.0,441384.4728267515,4009021.6481686984,False,22.003982543945312,20.521060943603516,24.21074104309082,3.2100000381469727,0.0,0.8253371868978805,1868.0,170.0771427404593,False,,,,,,,,,,,,,,
14,9900.0,441476.80540085735,4009060.0499363528,False,22.30829429626465,20.80984878540039,24.384672164916992,3.2200000286102295,0.0,0.7335323574730355,1868.0,170.07714274045927,False,,,,,,,,,,,,,,
14,10000.0,441569.13797496323,4009098.451704007,False,22.64950180053711,21.19039535522461,24.55074119567871,3.240000009536743,0.0,0.6324251468181381,1868.0,180.39405143491663,False,,,,,,,,,,,,,,
14,10100.0,441661.4705490691,4009136.8534716615,False,22.986209869384766,21.52556610107422,24.700103759765625,3.240000009536743,0.0,0.528817473299336,1868.0,186.18181818181793,False,,,,,,,,,,,,,,
14,10200.0,441753.80312317505,4009175.255239316,False,23.26666831970215,21.670005798339844,24.736482620239258,3.240000009536743,0.0,0.42719753798807464,1868.0,86.16000755951018,True,,,,,,,,,,,,,,
14,10300.0,441846.13569728093,4009213.65700697,False,23.50441551208496,21.743953704833984,24.75053596496582,3.240000009536743,0.0,0.32574009996155323,1868.0,175.61455118592883,False,,,,,,,,,,,,,,
14,10400.0,441938.4682713868,4009252.0587746245,False,23.75421905517578,21.82619857788086,24.778615951538086,3.240000009536743,0.0,0.23147881233784953,1868.0,175.61455118592883,True,,,,,,,,,,,,,,
14,10500.0,442030.8008454927,4009290.460542279,False,24.068225860595703,22.064132690429688,24.912181854248047,3.240000009536743,0.0,0.13005474978388243,1868.0,175.61455118592883,True,,,,,,,,,,,,,,
14,10600.0,442123.13341959857,4009328.8623099336,False,24.376869201660156,23.788742065429688,25.103818893432617,3.240000009536743,0.0,0.04530185238506575,1868.0,175.61455118592883,True,,,,,,,,,,,,,,
14,10700.0,442215.46599370445,4009367.264077588,False,24.56998634338379,23.918397903442383,25.225299835205078,3.240000009536743,0.0,0.004029936672423719,1868.0,157.07442971594122,True,,,,,,,,,,,,,,
14,10800.0,442307.7985678103,4009405.6658452423,False,24.66813850402832,23.97489356994629,25.303056716918945,3.240000009536743,0.0,0.0,1868.0,142.0032502336585,True,,,,,,,,,,,,,,
14,10900.0,442400.1311419162,4009444.0676128967,False,24.78204345703125,24.025726318359375,25.428300857543945,3.240000009536743,0.0,0.0,1868.0,142.0032502336585,True,,,,,,,,,,,,,,
14,11000.0,442492.46371602215,4009482.469380551,False,24.92343521118164,24.080974578857422,25.78817367553711,3.240000009536743,0.0,0.0,1868.0,142.0032502336585,True,,,,,,,,,,,,,,
14,11100.0,442584.796290128,4009520.8711482054,False,25.094581604003906,24.156578063964844,26.151880264282227,3.2300000190734863,0.0,0.0,1868.0,142.0032502336585,True,,,,,,,,,,,,,,
14,11200.0,442677.1288642339,4009559.2729158597,False,25.290353775024414,24.215099334716797,26.477998733520508,3.2300000190734863,0.0,0.0,1868.0,204.79999999999976,False,,,,,,,,,,,,,,
14,11300.0,442769.4614383398,4009597.674683514,False,25.552562713623047,24.633865356445312,26.76180076599121,3.2300000190734863,0.0,0.0,1868.0,179.62148235407938,False,,,,,,,,,,,,,,
14,11400.0,442861.79401244567,4009636.0764511684,False,25.829326629638672,24.89531898498535,27.08424186706543,3.2300000190734863,0.0,0.0,1868.0,163.83999999999978,True,,,,,,,,,,,,,,
14,11500.0,442954.12658655155,4009674.4782188227,False,26.108320236206055,25.088300704956055,27.401880264282227,3.2300000190734863,0.0,0.0,1868.0,159.92193217393245,True,,,,,,,,,,,,,,
14,11600.0,443046.4591606574,4009712.879986477,False,26.318952560424805,25.22848892211914,27.462066650390625,3.240000009536743,0.0,0.0,1868.0,181.01933598375595,False,,,,,,,,,,,,,,
14,11700.0,443138.79173476336,4009751.2817541314,False,26.46872329711914,25.324731826782227,27.479202270507812,3.240000009536743,0.0,0.0,1868.0,134.16894097006954,True,,,,,,,,,,,,,,
14,11800.0,443231.12430886924,4009789.683521786,False,26.550874710083008,25.4904727935791,27.477401733398438,3.240000009536743,0.0,0.0,1868.0,134.16894097006954,True,,,,,,,,,,,,,,
14,11900.0,443323.4568829751,4009828.08528944,False,26.592975616455078,25.675310134887695,27.474647521972656,1.0626311302185059,0.0,0.0,2016.0,134.16894097006954,True,,,,,,,,,,,,,,
14,12000.0,443415.789457081,4009866.487057095,False,26.554309844970703,25.492889404296875,27.47133445739746,1.0626311302185059,0.0,0.0,2016.0,134.16894097006954,True,,,,,,,,,,,,,,
14,12100.0,443508.1220311869,4009904.8888247493,False,26.447982788085938,25.15886116027832,27.466638565063477,1.0626311302185059,0.0,0.0,2016.0,199.44267975511903,False,,,,,,,,,,,,,,
14,12200.0,443600.45460529276,4009943.2905924036,False,26.240365982055664,24.659547805786133,27.4636287689209,1.0626311302185059,0.0,0.0,2016.0,179.62148235407938,False,,,,,,,,,,,,,,
14,12300.0,443692.78717939864,4009981.692360058,False,25.953481674194336,24.058591842651367,27.45920181274414,1.0626311302185059,0.0,0.0,2016.0,179.62148235407938,False,,,,,,,,,,,,,,
14,12400.0,443785.1197535045,4010020.0941277123,False,25.61577796936035,23.56153678894043,27.436988830566406,1.0626311302185059,0.0,0.0,2016.0,180.39405143491672,False,,,,,,,,,,,,,,
14,12500.0,443877.45232761046,4010058.4958953667,False,25.304950714111328,23.341705322265625,27.2944278717041,1.0626311302185059,0.0,0.0,2016.0,192.65963384496044,False,,,,,,,,,,,,,,
14,12600.0,443969.78490171634,4010096.897663021,False,25.03629493713379,23.293758392333984,26.892724990844727,1.0626311302185059,0.0,0.0,2016.0,197.47563925500637,False,,,,,,,,,,,,,,
14,12700.0,444062.1174758222,4010135.2994306753,False,24.877416610717773,23.306385040283203,26.486589431762695,1.0626311302185059,0.0,0.0,2016.0,177.918870635753,False,,,,,,,,,,,,,,
14,12800.0,444154.4500499281,4010173.7011983297,False,24.836688995361328,23.33059310913086,26.385944366455078,1.0626311302185059,0.0,0.0,2016.0,170.40390028039025,False,,,,,,,,,,,,,,
14,12900.0,444246.782624034,4010212.102965984,False,24.86148452758789,23.345703125,26.512298583984375,1.0626311302185059,0.0,0.0,2016.0,127.75073004580959,False,,,,,,,,,,,,,,
14,13000.0,444339.11519813986,4010250.5047336384,False,24.954017639160156,23.37097930908203,26.835498809814453,1.0626311302185059,0.0,0.0,2016.0,284.006500467317,False,,,,,,,,,,,,,,
14,13100.0,444431.44777224574,4010288.9065012927,False,25.079193115234375,23.394359588623047,27.035133361816406,1.0626311302185059,0.0,0.0,2016.0,284.006500467317,False,,,,,,,,,,,,,,
14,13200.0,444523.7803463517,4010327.308268947,False,25.239276885986328,23.414840698242188,27.0361385345459,1.0626311302185059,0.0,0.0,2016.0,284.006500467317,False,,,,,,,,,,,,,,
14,13300.0,444616.11292045756,4010365.7100366014,False,25.462007522583008,23.49516487121582,27.03595542907715,1.0626311302185059,0.0,0.0,2016.0,262.2195301025708,False,,,,,,,,,,,,,,
14,13400.0,444708.44549456344,4010404.111804256,False,25.68863868713379,23.669944763183594,27.051393508911133,1.0626311302185059,0.0,0.0,2016.0,228.33996172712935,False,,,,,,,,,,,,,,
14,13500.0,444800.7780686693,4010442.5135719106,False,25.960126876831055,23.92352867126465,27.124492645263672,1.0626311302185059,0.0,0.0,2016.0,147.41826575333243,True,,,,,,,,,,,,,,
14,13600.0,444893.1106427752,4010480.915339565,False,26.252548217773438,24.41001319885254,27.212116241455078,1.0626311302185059,0.0,0.0,2016.0,157.07442971594122,True,,,,,,,,,,,,,,
14,13700.0,444985.4432168811,4010519.3171072192,False,26.51711654663086,25.033231735229492,27.35982894897461,1.0626311302185059,0.0,0.0,2016.0,157.07442971594122,False,,,,,,,,,,,,,,
14,13800.0,445077.77579098695,4010557.7188748736,False,26.708065032958984,25.71161460876465,27.435733795166016,1.0626311302185059,0.0,0.0,2016.0,186.18181818181793,True,,,,,,,,,,,,,,
14,13900.0,445170.10836509283,4010596.120642528,False,26.857202529907227,26.153093338012695,27.50301742553711,1.0626311302185059,0.0,0.0,2016.0,170.6666666666665,True,,,,,,,,,,,,,,
14,14000.0,445262.4409391988,4010634.5224101823,False,26.922380447387695,26.32317352294922,27.528121948242188,1.0626311302185059,0.0,0.0,2016.0,157.53846153846138,True,,,,,,,,,,,,,,
14,14100.0,445354.77351330465,4010672.9241778366,False,26.93802261352539,26.3554630279541,27.548261642456055,1.0626311302185059,0.0,0.0,2016.0,161.46073535312985,True,,,,,,,,,,,,,,
14,14200.0,445447.10608741053,4010711.325945491,False,26.95992660522461,26.28422737121582,27.567310333251953,1.0626311302185059,0.0,0.0,2016.0,152.64890726398548,True,,,,,,,,,,,,,,
14,14300.0,445539.4386615164,4010749.7277131453,False,26.98243522644043,26.028879165649414,27.570308685302734,1.0626311302185059,0.0,0.0,2016.0,152.64890726398548,True,,,,,,,,,,,,,,
14,14400.0,445631.7712356223,4010788.1294807997,False,26.99764060974121,25.910329818725586,27.571063995361328,1.0626311302185059,0.0,0.0,2016.0,152.64890726398548,True,,,,,,,,,,,,,,
14,14500.0,445724.10380972817,4010826.531248454,False,26.99850845336914,25.901397705078125,27.570405960083008,1.0626311302185059,0.0,0.0,2016.0,152.64890726398548,True,,,,,,,,,,,,,,
14,14600.0,445816.43638383405,4010864.9330161083,False,26.984037399291992,25.922149658203125,27.569419860839844,1.0626311302185059,0.0,0.0,2016.0,163.4481939389688,True,,,,,,,,,,,,,,
14,14700.0,445908.76895793993,4010903.3347837627,False,26.943166732788086,25.945276260375977,27.564836502075195,1.0626311302185059,0.0,0.0,2016.0,155.7565828802744,True,,,,,,,,,,,,,,
14,14800.0,446001.10153204587,4010941.7365514175,False,26.891965866088867,25.945466995239258,27.51832389831543,1.0626311302185059,0.0,0.0,2016.0,190.51735232902405,False,,,,,,,,,,,,,,
14,14900.0,446093.43410615175,4010980.138319072,False,26.85430145263672,25.972009658813477,27.46048355102539,1.0626311302185059,0.0,0.0,2016.0,183.17868871678252,False,,,,,,,,,,,,,,
14,15000.0,446185.7666802576,4011018.540086726,False,26.832988739013672,26.099048614501953,27.400060653686523,1.0626311302185059,0.0,0.0,2016.0,170.0771427404593,False,,,,,,,,,,,,,,
14,15100.0,446278.0992543635,4011056.9418543805,False,26.821517944335938,26.25094985961914,27.31190299987793,1.0626311302185059,0.0,0.0,2016.0,181.01933598375595,False,,,,,,,,,,,,,,
14,15200.0,446370.4318284694,4011095.343622035,False,26.819368362426758,26.394695281982422,27.245773315429688,1.0626311302185059,0.0,0.0,2016.0,187.3031457330254,False,,,,,,,,,,,,,,
14,15300.0,446462.76440257527,4011133.745389689,False,26.819154739379883,26.43857765197754,27.161684036254883,1.0626311302185059,0.0,0.0,2016.0,189.33766697821136,False,,,,,,,,,,,,,,
14,15400.0,446555.09697668115,4011172.1471573436,False,26.81403923034668,26.42763328552246,27.12955093383789,1.0626311302185059,0.0,0.0,2016.0,90.31388652101438,True,,,,,,,,,,,,,,
14,15500.0,446647.4295507871,4011210.548924998,False,26.798860549926758,26.37110137939453,27.11956787109375,1.0626311302185059,0.0,0.0,2016.0,90.31388652101438,True,,,,,,,,,,,,,,
14,15600.0,446739.76212489296,4011248.9506926523,True,26.770750045776367,26.22998809814453,27.11951446533203,0.4099999964237213,0.0,0.0,2016.0,130.84192051198752,False,60.25511870305778,0.02835135856446266,0.03985997636877156,"[0.021475731030399, 0.05829126993965443]",0.04256796686382659,0.04256796686382659,"[0.04256796686382659, 0.04256796686382659]",0.15684953556130699,0.15684953556130699,"[0.15684953556130699, 0.15684953556130699]",165.72487311153884,148.15962024865715,186.31402197000804,148.15962024865715
14,15700.0,446832.09469899884,4011287.3524603066,True,26.72738265991211,26.075998306274414,27.124286651611328,0.46000000834465027,0.0,0.0,2016.0,134.16894097006954,True,60.25511870305778,0.029202680205429803,0.0421473434579766,"[0.027611654181941572, 0.05829126993965443]",0.04256796686382659,0.04256796686382659,"[0.04256796686382659, 0.04256796686382659]",0.15684953556130699,0.15684953556130699,"[0.15684953556130699, 0.15684953556130699]",165.69308720728344,148.13358239403036,186.27559966756507,148.13358239403036
14,15800.0,446924.4272731047,4011325.754227961,True,26.68149185180664,26.005006790161133,27.128284454345703,0.46000000834465027,0.0,0.0,2016.0,130.50941191724345,True,56.309932474020215,0.04783074280132343,0.04020124241976389,"[0.027611654181941572, 0.05215534678811186]",0.04256796686382659,0.0425679668638266,"[0.04256796686382659, 0.04256796686382659]",0.15684953556130699,0.15684953556130699,"[0.15684953556130699, 0.15684953556130699]",165.65240007105024,148.09982539818165,186.22692613915552,148.09982539818165
14,15900.0,447016.7598472106,4011364.1559956153,True,26.623830795288086,25.987045288085938,27.119091033935547,0.46000000834465027,0.0,0.0,2016.0,131.8549053398323,True,56.309932474020215,0.0452390146075577,0.04036387401720746,"[0.027611654181941572, 0.05215534678811186]",0.04256796686382659,0.04256796686382659,"[0.04256796686382659, 0.04256796686382659]",0.15684953556130699,0.15684953556130699,"[0.15684953556130699, 0.15684953556130699]",165.35157910192524,147.85390319262257,185.8627051282201,147.85390319262257
14,16000.0,447109.0924213165,4011402.5577632696,True,26.55567741394043,25.987085342407227,27.089977264404297,0.46000000834465027,0.0,0.0,2016.0,140.49164094874308,True,63.43494882292201,0.04438388472239478,0.03793050980499983,"[0.027611654181941572, 0.04601942363656929]",0.04256796686382659,0.04256796686382659,"[0.04256796686382659, 0.04256796686382659]",0.15684953556130699,0.15684953556130699,"[0.15684953556130699, 0.15684953556130699]",165.3932714150316,147.88814656841825,185.9129945753822,147.88814656841825
14,16100.0,447201.42499542236,4011440.959530924,True,26.499746322631836,25.987102508544922,27.03916358947754,0.46000000834465027,0.0,0.0,2016.0,147.41826575333243,True,63.43494882292201,0.04328353943432678,0.037893148974616535,"[0.027611654181941572, 0.04601942363656929]",0.04256796686382659,0.04256796686382659,"[0.04256796686382659, 0.04256796686382659]",0.15684953556130699,0.15684953556130699,"[0.15684953556130699, 0.15684953556130699]",165.33515961716344,147.84061252768518,185.84266811736623,147.84061252768518
14,16200.0,447293.7575695283,4011479.361298579,True,26.44951820373535,25.98709487915039,26.98308753967285,0.46000000834465027,0.0,0.0,2016.0,147.41826575333243,True,63.43494882292201,0.009203884727313857,0.009203884727313857,"[0.009203884727313857, 0.009203884727313857]",0.04256796686382659,0.04256796686382659,"[0.04256796686382659, 0.04256796686382659]",0.15684953556130699,0.15684953556130699,"[0.15684953556130699, 0.15684953556130699]",165.1918799062676,147.72326408074073,185.6694489919394,147.72326408074073
14,16300.0,447386.0901436342,4011517.763066233,True,26.410974502563477,25.987180709838867,26.93336296081543,0.4099999964237213,0.0,0.0,2016.0,150.57195460481162,True,51.34019174590991,0.04339171367095573,0.037763566975990086,"[0.027611654181941572, 0.04601942363656929]",0.04256796686382659,0.04256796686382659,"[0.04256796686382659, 0.04256796686382659]",0.15684953556130699,0.15684953556130699,"[0.15684953556130699, 0.15684953556130699]",164.97344880963615,147.5445371929304,185.40517056718642,147.5445371929304
14,16400.0,447478.42271774006,4011556.1648338875,True,26.393577575683594,25.987146377563477,26.867473602294922,0.4099999964237213,0.0,0.0,2016.0,150.57195460481162,True,56.309932474020215,0.04330303557537879,0.03852048262608245,"[0.027611654181941572, 0.04601942363656929]",0.04256796686382659,0.04256796686382659,"[0.04256796686382659, 0.04256796686382659]",0.15684953556130699,0.15684953556130699,"[0.15684953556130699, 0.15684953556130699]",165.0892104407162,147.63935745024494,185.54511041364276,147.63935745024494
14,16500.0,447570.75529184594,4011594.566601542,True,26.394521713256836,25.988405227661133,26.813859939575195,0.4099999964237213,0.0,0.0,2016.0,150.57195460481162,True,56.309932474020215,0.04331946577846976,0.04306256963617941,"[0.039883500485026716, 0.04601942363656929]",0.04256796686382659,0.04256796686382659,"[0.04256796686382659, 0.04256796686382659]",0.15684953556130699,0.15684953556130699,"[0.15684953556130699, 0.15684953556130699]",164.910338923323,147.4930664842161,185.32861534806108,147.4930664842161
14,16600.0,447663.0878659518,4011632.968369196,True,26.411502838134766,26.015703201293945,26.79031753540039,0.4099999964237213,0.0,0.0,2016.0,142.0032502336585,True,56.309932474020215,0.04357749531310123,0.04314331082150557,"[0.039883500485026716, 0.04601942363656929]",0.04256796686382659,0.04256796686382659,"[0.04256796686382659, 0.04256796686382659]",0.15684953556130699,0.15684953556130699,"[0.15684953556130699, 0.15684953556130699]",164.9467591962262,147.52287404011255,185.37267108500464,147.52287404011255
14,16700.0,447755.4204400577,4011671.3701368505,True,26.453392028808594,26.072336196899414,26.843109130859375,0.3400000035762787,0.0,0.0,2016.0,142.0032502336585,True,56.309932474020215,0.04405486814371249,0.0432896577071246,"[0.039883500485026716, 0.04601942363656929]",0.04256796686382659,0.04256796686382659,"[0.04256796686382659, 0.04256796686382659]",0.15684953556130699,0.15684953556130699,"[0.15684953556130699, 0.15684953556130699]",165.07691229881377,147.62952394633353,185.5299585873362,147.62952394633353
14,16800.0,447847.7530141636,4011709.771904505,True,26.498924255371094,26.11713981628418,26.90291976928711,0.38999998569488525,0.0,0.0,2016.0,142.0032502336585,True,56.309932474020215,0.0216749294813266,0.02913727292486976,"[0.015339807878856429, 0.04601942363656929]",0.04256796686382659,0.04256796686382659,"[0.04256796686382659, 0.04256796686382659]",0.15684953556130699,0.15684953556130699,"[0.15684953556130699, 0.15684953556130699]",165.29861931581257,147.81106201801992,185.79804501784352,147.81106201801992
14,16900.0,447940.08558826946,4011748.173672159,True,26.57027244567871,26.172565460205078,27.025466918945312,0.38999998569488525,0.0,0.0,2016.0,142.0032502336585,True,56.309932474020215,0.020113087842589056,0.02873613383399526,"[0.015339807878856429, 0.04601942363656929]",0.04256796686382659,0.04256796686382659,"[0.04256796686382659, 0.04256796686382659]",0.15684953556130699,0.15684953556130699,"[0.15684953556130699, 0.15684953556130699]",165.37338570254965,147.87228608764792,185.888447250883,147.87228608764792
14,17000.0,448032.4181623754,4011786.5754398135,True,26.643415451049805,26.241008758544922,27.13210105895996,0.38999998569488525,0.0,0.0,2016.0,284.006500467317,False,56.309932474020215,0.020319650036433625,0.018904069720362546,"[0.015339807878856429, 0.021475731030399]",0.04256796686382659,0.04256796686382659,"[0.04256796686382659, 0.04256796686382659]",0.15684953556130699,0.15684953556130699,"[0.15684953556130699, 0.15684953556130699]",165.52896914842577,147.99930276480595,186.0770274646275,147.99930276480595
14,17100.0,448124.7507364813,4011824.977207468,True,26.725053787231445,26.308568954467773,27.262752532958984,0.38999998569488525,0.0,0.0,2016.0,156.500115435698,True,38.65980825409009,0.04047041704759212,0.039999074079835696,"[0.033747577333484144, 0.04601942363656929]",0.04256796686382659,0.04256796686382659,"[0.04256796686382659, 0.04256796686382659]",0.15684953556130699,0.15684953556130699,"[0.15684953556130699, 0.15684953556130699]",165.70098501194096,148.13998199053782,186.28523088930754,148.13998199053782
14,17200.0,448217.08331058716,4011863.3789751222,True,26.806468963623047,26.379863739013672,27.363981246948242,0.38999998569488525,0.0,0.0,2016.0,148.0911925375358,True,57.9946167919165,0.040748036036584695,0.031367040776292675,"[0.015339807878856429, 0.04601942363656929]",0.04256796686382659,0.04256796686382659,"[0.04256796686382659, 0.04256796686382659]",0.15684953556130699,0.15684953556130699,"[0.15684953556130699, 0.15684953556130699]",165.7877100064603,148.21091394395995,186.39019329909473,148.21091394395995
14,17300.0,448309.41588469304,4011901.7807427766,True,26.875144958496094,26.472980499267578,27.423728942871094,0.3400000035762787,0.0,0.0,2016.0,124.06426272059022,True,56.309932474020215,0.015339807878856429,0.03572123037775385,"[0.015339807878856429, 0.05829126993965443]",0.04256796686382659,0.04256796686382659,"[0.04256796686382659, 0.04256796686382659]",0.15684953556130699,0.15684953556130699,"[0.15684953556130699, 0.15684953556130699]",165.97296747854963,148.36209233393316,186.6148176355513,148.36209233393316
14,17400.0,448401.7484587989,4011940.182510431,True,26.941905975341797,26.54505729675293,27.464799880981445,0.3400000035762787,0.0,0.0,2016.0,130.16481749208126,True,56.309932474020215,0.015339807878856429,0.015339807878856427,"[0.015339807878856429, 0.015339807878856429]",0.029529130166798624,0.029529130166798624,"[0.029529130166798624, 0.029529130166798624]",0.15684953556130699,0.15684953556130699,"[0.15684953556130699, 0.15684953556130699]",166.4101490923351,148.71902586645825,187.14469138158094,148.71902586645825
14,17500.0,448494.0810329048,4011978.5842780853,True,26.99987030029297,26.593355178833008,27.507457733154297,0.3400000035762787,0.0,0.0,2016.0,129.5268929604967,True,56.309932474020215,0.015339807878856429,0.015339807878856429,"[0.015339807878856429, 0.015339807878856429]",0.029529130166798624,0.029529130166798624,"[0.029529130166798624, 0.029529130166798624]",0.15684953556130699,0.15684953556130699,"[0.15684953556130699, 0.15684953556130699]",166.2070351477728,148.55332834057194,186.89835383870175,148.55332834057194
14,17600.0,448586.4136070107,4012016.98604574,True,27.061893463134766,26.649877548217773,27.557632446289062,0.3400000035762787,0.0,0.0,2016.0,165.1517431512483,True,56.309932474020215,0.03656964965925418,0.03228188327143178,"[0.015339807878856429, 0.04601942363656929]",0.029529130166798624,0.029529130166798624,"[0.029529130166798624, 0.029529130166798624]",0.15684953556130699,0.15684953556130699,"[0.15684953556130699, 0.15684953556130699]",166.42896584623242,148.73456143584593,187.1672915834349,148.73456143584593
14,17700.0,448678.74618111656,4012055.3878133944,True,27.10452651977539,26.69976043701172,27.583343505859375,0.3400000035762787,0.0,0.0,2016.0,178.5563731105062,True,51.34019174590991,0.036956155930420495,0.032248635501186534,"[0.021475731030399, 0.039883500485026716]",0.029529130166798624,0.029529130166798624,"[0.029529130166798624, 0.029529130166798624]",0.15684953556130699,0.15684953556130699,"[0.15684953556130699, 0.15684953556130699]",166.59050940787827,148.86626857566932,187.36330504512205,148.86626857566932
14,17800.0,448771.0787552225,4012093.789581049,True,27.1578426361084,26.751367568969727,27.646610260009766,0.3400000035762787,0.0,0.0,2016.0,167.77869732229925,True,51.34019174590991,0.03725684935244947,0.03207494326585949,"[0.021475731030399, 0.039883500485026716]",0.029529130166798624,0.029529130166798624,"[0.029529130166798624, 0.029529130166798624]",0.15684953556130699,0.15684953556130699,"[0.15684953556130699, 0.15684953556130699]",166.69117300478104,148.94814633860975,187.48567988703965,148.94814633860975
14,17900.0,448863.4113293284,4012132.191348703,True,27.204181671142578,26.786333084106445,27.689584732055664,0.3400000035762787,0.0,0.0,2016.0,159.92193217393245,True,51.34019174590991,0.022401758678507012,0.028093080382125935,"[0.015339807878856429, 0.039883500485026716]",0.029529130166798624,0.029529130166798624,"[0.029529130166798624, 0.029529130166798624]",0.15684953556130699,0.15684953556130699,"[0.15684953556130699, 0.15684953556130699]",166.76803027640292,149.0110490093051,187.57864900102146,149.0110490093051
14,18000.0,448955.74390343425,4012170.5931163575,True,27.226831436157227,26.809537887573242,27.710214614868164,0.3400000035762787,0.0,0.0,2016.0,150.57195460481162,True,56.309932474020215,0.04019659128951476,0.030599743421374025,"[0.015339807878856429, 0.04601942363656929]",0.029529130166798624,0.029529130166798624,"[0.029529130166798624, 0.029529130166798624]",0.15684953556130699,0.15684953556130699,"[0.15684953556130699, 0.15684953556130699]",166.82788496499887,149.0595679297621,187.65161134577363,149.0595679297621
15,5000.0,436647.28872334945,4007723.2916707136,True,20.204992294311523,19.53540802001953,20.762409210205078,0.300119549036026,0.0,1.0,2001.0,134.5867635727328,True,56.309932474020215,0.044869153011607106,0.04564285325717667,"[0.039883500485026716, 0.05215534678811186]",0.047169909227483514,0.04681891362347579,"[0.046402918833540696, 0.047169909227483514]",0.15761652595524983,0.15761652595524983,"[0.15761652595524983, 0.15761652595524983]",149.1065275548291,134.28316677655673,166.53364459839702,134.28316677655673
15,5100.0,436729.80663313123,4007779.7787892916,True,20.222911834716797,19.578487396240234,20.851173400878906,0.300119549036026,0.0,1.0,2001.0,134.5867635727328,True,66.80140948635182,0.042791423672919306,0.04335303896035435,"[0.033747577333484144, 0.05215534678811186]",0.03340586194635023,0.033364082136512735,"[0.033364082136512735, 0.033364082136512735]",0.15761652595524983,0.15761652595524983,"[0.15761652595524983, 0.15761652595524983]",149.63860430536485,134.73551394945673,167.1576737060336,134.73551394945673
15,5200.0,436812.32454291306,4007836.2659078697,True,20.253585815429688,19.62580108642578,20.942413330078125,0.300119549036026,0.0,1.0,2001.0,130.84192051198752,True,66.80140948635182,0.04240472818435529,0.043417041803850025,"[0.033747577333484144, 0.05215534678811186]",0.03346101995938252,0.033364082136512735,"[0.033364082136512735, 0.033364082136512735]",0.15761652595524983,0.15761652595524983,"[0.15761652595524983, 0.15761652595524983]",149.5614972538224,134.66975837842554,167.0674723071264,134.66975837842554
15,5300.0,436894.84245269484,4007892.7530264477,True,20.28441619873047,19.66434097290039,21.012542724609375,0.300119549036026,0.0,1.0,2001.0,130.84192051198752,True,66.80140948635182,0.049392202507838455,0.0431801289243504,"[0.033747577333484144, 0.05215534678811186]",0.033490724002183156,0.033364082136512735,"[0.033364082136512735, 0.033364082136512735]",0.15761652595524983,0.15761652595524983,"[0.15761652595524983, 0.15761652595524983]",149.39391764112008,134.5275209050343,166.87066960910428,134.5275209050343
15,5400.0,436977.36036247667,4007949.240145026,True,20.330476760864258,19.694515228271484,21.07250213623047,0.300119549036026,0.0,1.0,2001.0,137.38401653758692,True,66.80140948635182,0.040372734488532624,0.04287677323809922,"[0.033747577333484144, 0.05215534678811186]",0.03332134528202342,0.033364082136512735,"[0.033364082136512735, 0.033364082136512735]",0.15761652595524983,0.15761652595524983,"[0.15761652595524983, 0.15761652595524983]",149.80815807187543,134.8789360152585,167.35735530150532,134.8789360152585
15,5500.0,437059.87827225844,4008005.727263604,True,20.386011123657227,19.73957633972168,21.127887725830078,0.300119549036026,0.0,1.0,2001.0,143.03852457360946,True,66.80140948635182,0.04173322228870994,0.042847781881304656,"[0.033747577333484144, 0.05215534678811186]",0.03329003955671674,0.033364082136512735,"[0.033364082136512735, 0.033364082136512735]",0.15761652595524983,0.15761652595524983,"[0.15761652595524983, 0.15761652595524983]",149.82766278865859,134.89559261756554,167.38014566935817,134.89559261756554
15,5600.0,437142.3961820402,4008062.2143821814,True,20.439441680908203,19.79947280883789,21.174259185791016,0.300119549036026,0.0,1.0,2001.0,143.03852457360946,True,66.80140948635182,0.0423687191862902,0.03157230493152233,"[0.009203884727313857, 0.05215534678811186]",0.033364082136512735,0.033364082136512735,"[0.033364082136512735, 0.033364082136512735]",0.15761652595524983,0.15761652595524983,"[0.15761652595524983, 0.15761652595524983]",149.82913538354768,134.89717208003174,167.38149980276145,134.89717208003174
15,5700.0,437224.91409182205,4008118.7015007595,True,20.48903465270996,19.876018524169922,21.1754150390625,0.300119549036026,0.0,1.0,2001.0,129.96260019346585,False,63.43494882292201,0.04259594326121602,0.03089100340248913,"[0.009203884727313857, 0.05215534678811186]",0.033321179461412775,0.033364082136512735,"[0.033364082136512735, 0.033364082136512735]",0.15761652595524983,0.15761652595524983,"[0.15761652595524983, 0.15761652595524983]",149.83269534158438,134.90041491452,167.38542872454028,134.90041491452
15,5800.0,437307.4320016038,4008175.1886193375,True,20.51896858215332,19.895721435546875,21.13451385498047,0.300119549036026,0.0,1.0,2001.0,152.2266411514195,False,75.96375653207353,0.023602384081673238,0.018645422645776958,"[0.009203884727313857, 0.027611654181941572]",0.04643058318279262,0.046402918833540696,"[0.046402918833540696, 0.046402918833540696]",0.15761652595524983,0.15761652595524983,"[0.15761652595524983, 0.15761652595524983]",150.4686099847157,135.43987841225373,168.13256312744798,135.43987841225373
15,5900.0,437389.9499113856,4008231.6757379156,True,20.55255889892578,19.92056655883789,21.174503326416016,0.300119549036026,0.0,1.0,2001.0,152.2266411514195,False,45.0,0.042276608018581574,0.03501481769675228,"[0.015339807878856429, 0.05215534678811186]",0.04654217399750269,0.046402918833540696,"[0.046402918833540696, 0.046402918833540696]",0.15761652595524983,0.15761652595524983,"[0.15761652595524983, 0.15761652595524983]",149.9627535875052,135.01109256637923,167.53784002443166,135.01109256637923
15,6000.0,437472.46782116743,4008288.1628564936,True,20.60348129272461,19.940093994140625,21.236289978027344,0.300119549036026,0.0,1.0,2001.0,120.47058823529396,True,63.43494882292201,0.05021100535895504,0.04341637537677006,"[0.027611654181941572, 0.05829126993965443]",0.046402918833540696,0.046402918833540696,"[0.046402918833540696, 0.046402918833540696]",0.15761652595524983,0.15761652595524983,"[0.15761652595524983, 0.15761652595524983]",150.40272488543295,135.38411015602946,168.05501401007095,135.38411015602946
15,6100.0,437554.9857309492,4008344.6499750717,True,20.675739288330078,20.14129638671875,21.342422485351562,0.300119549036026,0.0,1.0,2001.0,120.47058823529396,True,60.25511870305778,0.04982379639736896,0.041829140529084,"[0.027611654181941572, 0.05215534678811186]",0.04627627696787028,0.046402918833540696,"[0.046402918833540696, 0.046402918833540696]",0.15761652595524983,0.15761652595524983,"[0.15761652595524983, 0.15761652595524983]",150.79280345440858,135.7145730404504,168.51383078460333,135.7145730404504
15,6200.0,437637.503640731,4008401.1370936497,True,20.75397300720215,20.326065063476562,21.45034408569336,0.300119549036026,0.0,1.0,2001.0,134.5867635727328,True,60.25511870305778,0.04303421591056561,0.04335708326825208,"[0.033747577333484144, 0.05215534678811186]",0.03716132084407705,0.03719903410622684,"[0.03719903410622684, 0.03719903410622684]",0.15761652595524983,0.15761652595524983,"[0.15761652595524983, 0.15761652595524983]",150.9548535010654,135.85222427622517,168.70401761224255,135.85222427622517
15,6300.0,437720.0215505128,4008457.6242122278,True,20.80668830871582,20.355419158935547,21.524089813232422,0.300119549036026,0.0,1.0,2001.0,134.5867635727328,True,56.309932474020215,0.04336333059258601,0.042626342915393925,"[0.033747577333484144, 0.05215534678811186]",0.046179062696069056,0.046402918833540696,"[0.046402918833540696, 0.046402918833540696]",0.15761652595524983,0.15761652595524983,"[0.15761652595524983, 0.15761652595524983]",150.96412935001325,135.8597811930003,168.71527280391103,135.8597811930003
15,6400.0,437802.5394602946,4008514.1113308053,True,20.841533660888672,20.35495376586914,21.633201599121094,0.300119549036026,0.0,1.0,2001.0,138.70806251081638,True,56.309932474020215,0.04173472080484233,0.04038039742221107,"[0.033747577333484144, 0.04601942363656929]",0.04610339226962256,0.04608554349811608,"[0.04563592843959788, 0.046402918833540696]",0.15761652595524983,0.15761652595524983,"[0.15761652595524983, 0.15761652595524983]",151.36054216985704,136.19518453099084,169.18202577795793,136.19518453099084
15,6500.0,437885.05737007636,4008570.5984493834,True,20.877090454101562,20.331218719482422,21.754478454589844,0.300119549036026,0.0,1.0,2001.0,138.70806251081638,True,63.43494882292201,0.04110844416770502,0.042563559570066536,"[0.033747577333484144, 0.05215534678811186]",0.046185075057433474,0.046402918833540696,"[0.046402918833540696, 0.046402918833540696]",0.15761652595524983,0.15761652595524983,"[0.15761652595524983, 0.15761652595524983]",151.01093816664954,135.89879139449445,168.77106725322193,135.89879139449445
15,6600.0,437967.5752798582,4008627.0855679614,True,20.956180572509766,20.268775939941406,21.915210723876953,0.300119549036026,0.0,1.0,2001.0,138.70806251081638,True,63.43494882292201,0.04108593190563799,0.04272992940574847,"[0.033747577333484144, 0.05215534678811186]",0.04616652877972866,0.04611348849620379,"[0.04563592843959788, 0.046402918833540696]",0.15761652595524983,0.15761652595524983,"[0.15761652595524983, 0.15761652595524983]",151.21603899175258,136.07210265870614,169.01281697184316,136.07210265870614
15,6700.0,438050.09318963997,4008683.5726865395,True,21.06715965270996,20.268775939941406,22.03856658935547,0.300119549036026,0.0,1.0,2001.0,138.70806251081638,True,66.80140948635182,0.04106002302287174,0.040899866283971145,"[0.027611654181941572, 0.05215534678811186]",0.046019423636569294,0.046019423636569294,"[0.04563592843959788, 0.046402918833540696]",0.15761652595524983,0.15761652595524983,"[0.15761652595524983, 0.15761652595524983]",151.7163859660173,136.4951026903302,169.60233800853015,136.4951026903302
15,6800.0,438132.61109942175,4008740.0598051175,True,21.216812133789062,20.268775939941406,22.125991821289062,0.300119549036026,0.0,1.0,2001.0,139.92576573673773,True,60.25511870305778,0.009203884727313857,0.011419956998995616,"[0.009203884727313857, 0.015339807878856429]",0.04575240255003215,0.0459256803661985,"[0.04563592843959788, 0.046402918833540696]",0.15761652595524983,0.15761652595524983,"[0.15761652595524983, 0.15761652595524983]",152.54487157769643,137.19465212044997,170.5794686414271,137.19465212044997
15,6900.0,438215.1290092036,4008796.5469236956,True,21.387054443359375,20.280502319335938,22.3231201171875,0.300119549036026,0.0,1.0,2001.0,139.45208593992774,True,60.25511870305778,0.009203884727313857,0.011313581608552167,"[0.009203884727313857, 0.015339807878856429]",0.0456575869872076,0.04590437507747786,"[0.04563592843959788, 0.046402918833540696]",0.15761652595524983,0.15761652595524983,"[0.15761652595524983, 0.15761652595524983]",152.7898073978634,137.4004352484285,170.86953470550378,137.4004352484285
15,7000.0,438297.64691898535,4008853.0340422736,True,21.575061798095703,20.33953094482422,22.616016387939453,0.300119549036026,0.0,1.0,2001.0,114.4866804479891,True,63.43494882292201,0.009203884727313857,0.009203884727313857,"[0.009203884727313857, 0.009203884727313857]",0.0365895127023403,0.03643204371228402,"[0.03643204371228402, 0.03643204371228402]",0.15761652595524983,0.15761652595524983,"[0.15761652595524983, 0.15761652595524983]",153.1997822624553,137.74551498387473,171.3543174135433,137.74551498387473
15,7100.0,438380.1648287671,4008909.521160851,True,21.759885787963867,20.408870697021484,22.81689453125,0.300119549036026,0.0,1.0,2001.0,511.99999999999943,False,63.43494882292201,0.009203884727313857,0.009203884727313857,"[0.009203884727313857, 0.009203884727313857]",0.03266559601397571,0.032858194855401514,"[0.03259709174256992, 0.033364082136512735]",0.15761652595524983,0.15761652595524983,"[0.15761652595524983, 0.15761652595524983]",153.09121725257336,137.65389035143397,171.22622589960798,137.65389035143397
15,7200.0,438462.68273854896,4008966.0082794293,True,21.936922073364258,20.482433319091797,23.052457809448242,0.300119549036026,0.0,1.0,2001.0,511.99999999999943,False,90.0,0.009203884727313857,0.009203884727313857,"[0.009203884727313857, 0.009203884727313857]",0.045102853578584165,0.04516527524331478,"[0.04486893804565506, 0.04563592843959788]",0.20823789195547604,0.20823789195547604,"[0.20823789195547604, 0.20823789195547604]",154.1204149333217,138.5205998262405,172.4427384565242,138.5205998262405
15,7300.0,438545.20064833073,4009022.4953980073,True,22.12529754638672,20.63336944580078,23.270248413085938,0.300119549036026,0.0,1.0,2001.0,511.99999999999943,False,90.0,0.009203884727313857,0.009203884727313857,"[0.009203884727313857, 0.009203884727313857]",0.045146285531997454,0.045476741754062584,"[0.04486893804565506, 0.046402918833540696]",0.20823789195547604,0.20823789195547604,"[0.20823789195547604, 0.20823789195547604]",154.12742846351193,138.52625498039257,172.4513185577475,138.52625498039257
15,7400.0,438627.7185581125,4009078.9825165854,True,22.322025299072266,20.76885223388672,23.417438507080078,0.300119549036026,0.0,1.0,2001.0,134.16894097006954,True,60.25511870305778,0.009203884727313857,0.009203884727313856,"[0.009203884727313857, 0.009203884727313857]",0.031919813836454564,0.031830101348627085,"[0.031830101348627085, 0.031830101348627085]",0.20823789195547604,0.20823789195547604,"[0.20823789195547604, 0.20823789195547604]",155.75768936734872,139.8975274500179,174.38013895501473,139.8975274500179
15,7500.0,438710.23646789434,4009135.4696351634,True,22.525653839111328,21.169029235839844,23.48084259033203,0.300119549036026,0.0,1.0,2001.0,134.16894097006954,True,60.25511870305778,0.009203884727313857,0.011447219063461075,"[0.009203884727313857, 0.015339807878856429]",0.03186023523242708,0.031830101348627085,"[0.031830101348627085, 0.031830101348627085]",0.20823789195547604,0.20823789195547604,"[0.20823789195547604, 0.20823789195547604]",155.72470098817712,139.86943923594734,174.3414990892529,139.86943923594734
15,7600.0,438792.7543776761,4009191.9567537415,True,22.688507080078125,21.56537628173828,23.48186492919922,0.300119549036026,0.0,1.0,2001.0,134.16894097006954,True,56.309932474020215,0.044958138951208086,0.04236868358914447,"[0.033747577333484144, 0.05215534678811186]",0.03178870017792761,0.031830101348627085,"[0.031830101348627085, 0.031830101348627085]",0.20823789195547604,0.20823789195547604,"[0.20823789195547604, 0.20823789195547604]",156.54023389379935,140.55553057152275,175.3062500166942,140.55553057152275
15,7700.0,438875.2722874579,4009248.4438723195,True,22.789216995239258,21.764820098876953,23.48186492919922,0.300119549036026,0.0,1.0,2001.0,158.2160494462784,True,59.03624346792648,0.03851607934144633,0.03966634109935585,"[0.033747577333484144, 0.04601942363656929]",0.031944056507605,0.031830101348627085,"[0.031830101348627085, 0.031830101348627085]",0.20823789195547604,0.20823789195547604,"[0.20823789195547604, 0.20823789195547604]",156.2959345488704,140.35018542155706,175.0170449063558,140.35018542155706
15,7800.0,438957.7901972397,4009304.9309908976,True,22.827573776245117,21.83439826965332,23.48186492919922,0.300119549036026,0.0,1.0,2001.0,167.77869732229925,True,59.03624346792648,0.0383449719655799,0.03931131500247464,"[0.033747577333484144, 0.04601942363656929]",0.0319047000082173,0.031830101348627085,"[0.031830101348627085, 0.031830101348627085]",0.20823789195547604,0.20823789195547604,"[0.20823789195547604, 0.20823789195547604]",156.11398815094228,140.19678700333446,174.80218987938014,140.19678700333446
15,7900.0,439040.3081070215,4009361.418109475,True,22.808866500854492,21.797714233398438,23.48495864868164,0.300119549036026,0.0,1.0,2001.0,167.77869732229925,True,59.03624346792648,0.03816352958353586,0.03904586951201487,"[0.033747577333484144, 0.04601942363656929]",0.03184782481997134,0.031830101348627085,"[0.031830101348627085, 0.031830101348627085]",0.20823789195547604,0.20823789195547604,"[0.20823789195547604, 0.20823789195547604]",156.27582265390978,140.33369470224437,174.9927589055834,140.33369470224437
15,8000.0,439122.8260168033,4009417.905228053,True,22.738449096679688,21.597026824951172,23.49041748046875,0.300119549036026,0.0,1.0,2001.0,167.77869732229925,True,59.03624346792648,0.03804244145314489,0.037100548090976966,"[0.033747577333484144, 0.039883500485026716]",0.0356650533183412,0.0356650533183412,"[0.0356650533183412, 0.0356650533183412]",0.20823789195547604,0.20823789195547604,"[0.20823789195547604, 0.20823789195547604]",156.33718030379092,140.3836862676544,175.06721827216253,140.3836862676544
15,8100.0,439205.3439265851,4009474.3923466313,True,22.640684127807617,21.31781005859375,23.493473052978516,0.300119549036026,0.0,1.0,2001.0,175.61455118592883,True,59.03624346792648,0.03770023365055681,0.034976054630225246,"[0.027611654181941572, 0.039883500485026716]",0.04410194765171223,0.04410194765171223,"[0.04410194765171223, 0.04410194765171223]",0.20823789195547604,0.20823789195547604,"[0.20823789195547604, 0.20823789195547604]",155.8216420910406,139.9497001404829,174.45766831357867,139.9497001404829
15,8200.0,439287.8618363669,4009530.8794652093,True,22.538330078125,21.130878448486328,23.50939178466797,0.300119549036026,0.0,1.0,2001.0,167.77869732229925,True,59.03624346792648,0.03726211227867694,0.03691681286962419,"[0.033747577333484144, 0.039883500485026716]",0.0356650533183412,0.0356650533183412,"[0.0356650533183412, 0.0356650533183412]",0.20823789195547604,0.20823789195547604,"[0.20823789195547604, 0.20823789195547604]",155.8752154926179,139.9948729195873,174.52092554673158,139.9948729195873
15,8300.0,439370.37974614865,4009587.3665837874,True,22.447612762451172,21.062824249267578,23.524166107177734,0.300119549036026,0.0,1.0,2001.0,167.77869732229925,True,59.03624346792648,0.03693267185906352,0.03684512311407436,"[0.033747577333484144, 0.039883500485026716]",0.0455677892534942,0.04563592843959788,"[0.04563592843959788, 0.04563592843959788]",0.20823789195547604,0.20823789195547604,"[0.20823789195547604, 0.20823789195547604]",155.1272965988351,139.3662753218243,173.6354602937085,139.3662753218243
15,8400.0,439452.8976559305,4009643.8537023654,True,22.36892318725586,21.05963897705078,23.53327178955078,0.300119549036026,0.0,1.0,2001.0,167.77869732229925,True,51.34019174590991,0.03703871502765887,0.036864257452083216,"[0.033747577333484144, 0.039883500485026716]",0.0356650533183412,0.03600775115393268,"[0.0356650533183412, 0.03643204371228402]",0.20823789195547604,0.20823789195547604,"[0.20823789195547604, 0.20823789195547604]",154.96567837224194,139.2302798040793,173.44430454669245,139.2302798040793
15,8500.0,439535.41556571226,4009700.3408209435,True,22.293031692504883,21.12006187438965,23.537857055664062,0.300119549036026,0.0,1.0,2001.0,167.77869732229925,True,51.34019174590991,0.03737476847411905,0.03692461585605844,"[0.033747577333484144, 0.039883500485026716]",0.03623000930530033,0.03609648541493404,"[0.0356650533183412, 0.03643204371228402]",0.20823789195547604,0.20823789195547604,"[0.20823789195547604, 0.20823789195547604]",154.70073648235754,139.00903634041958,173.12899159319082,139.00903634041958
15,8600.0,439617.93347549404,4009756.827939521,True,22.20657730102539,21.212703704833984,23.406505584716797,0.300119549036026,0.0,1.0,2001.0,159.92193217393245,True,51.34019174590991,0.03769508042012701,0.039013343480679544,"[0.033747577333484144, 0.04601942363656929]",0.045339948268900594,0.04530721827076525,"[0.04486893804565506, 0.04563592843959788]",0.20823789195547604,0.20823789195547604,"[0.20823789195547604, 0.20823789195547604]",154.52611314184256,138.86412625999208,172.92012295762171,138.86412625999208
15,8700.0,439700.45138527587,4009813.315058099,True,22.107358932495117,21.314868927001953,23.14679718017578,0.300119549036026,0.0,1.0,2001.0,167.77869732229925,True,51.34019174590991,0.03826005246966438,0.04150840264997497,"[0.033747577333484144, 0.05215534678811186]",0.04534796409559109,0.045313792474141905,"[0.04486893804565506, 0.04563592843959788]",0.20823789195547604,0.20823789195547604,"[0.20823789195547604, 0.20823789195547604]",154.53614911878873,138.87267947654044,172.93186875297064,138.87267947654044
15,8800.0,439782.96929505764,4009869.802176677,True,22.01442527770996,21.371688842773438,22.789024353027344,0.300119549036026,0.0,1.0,2001.0,162.8156743689768,True,51.34019174590991,0.03978117877348967,0.04194241538062547,"[0.033747577333484144, 0.05215534678811186]",0.036376692522000334,0.03643204371228402,"[0.03643204371228402, 0.03643204371228402]",0.15761652595524983,0.15761652595524983,"[0.15761652595524983, 0.15761652595524983]",154.32359050607957,138.6953049967189,172.67875348185336,138.6953049967189
15,8900.0,439865.4872048394,4009926.289295255,True,21.94463348388672,21.422269821166992,22.61819839477539,0.300119549036026,0.0,1.0,2001.0,151.71526604537675,True,63.43494882292201,0.04131606723180054,0.042196748291800715,"[0.033747577333484144, 0.05215534678811186]",0.04539160415024233,0.04563592843959788,"[0.04563592843959788, 0.04563592843959788]",0.15761652595524983,0.15761652595524983,"[0.15761652595524983, 0.15761652595524983]",154.10063112340566,138.5081106205167,172.4145671921,138.5081106205167
15,9000.0,439948.00511462125,4009982.7764138333,True,21.91085433959961,21.464187622070312,22.514976501464844,0.300119549036026,0.0,1.0,2001.0,147.41826575333243,True,56.309932474020215,0.043045544893381776,0.0405601308881002,"[0.033747577333484144, 0.04601942363656929]",0.04563592843959788,0.04563592843959788,"[0.04563592843959788, 0.04563592843959788]",0.15761652595524983,0.15761652595524983,"[0.15761652595524983, 0.15761652595524983]",154.15145750486352,138.5513532625777,172.47413751558375,138.5513532625777
15,9100.0,440030.523024403,4010039.2635324113,True,21.909061431884766,21.49254608154297,22.452716827392578,0.300119549036026,0.0,1.0,2001.0,147.41826575333243,True,56.309932474020215,0.04233915845098615,0.04031336936258086,"[0.033747577333484144, 0.04601942363656929]",0.04563592843959788,0.04563592843959788,"[0.04563592843959788, 0.04563592843959788]",0.15761652595524983,0.15761652595524983,"[0.15761652595524983, 0.15761652595524983]",153.94089173125252,138.37417834768613,172.22508041581102,138.37417834768613
15,9200.0,440113.0409341848,4010095.7506509894,True,21.95356559753418,21.50127410888672,22.51400375366211,0.300119549036026,0.0,1.0,2001.0,157.07442971594122,True,63.43494882292201,0.03782534414058019,0.0416314934001965,"[0.033747577333484144, 0.05215534678811186]",0.04563592843959788,0.04563592843959788,"[0.04563592843959788, 0.04563592843959788]",0.15761652595524983,0.15761652595524983,"[0.15761652595524983, 0.15761652595524983]",154.23576363650017,138.62207598769217,172.57410075600288,138.62207598769217
15,9300.0,440195.55884396663,4010152.237769567,True,22.039268493652344,21.492618560791016,22.69140625,0.300119549036026,0.0,1.0,2001.0,163.4481939389688,True,63.43494882292201,0.03585915313407955,0.03926420009102486,"[0.027611654181941572, 0.05215534678811186]",0.036387110914080284,0.03643204371228402,"[0.03643204371228402, 0.03643204371228402]",0.15761652595524983,0.15761652595524983,"[0.15761652595524983, 0.15761652595524983]",154.50294028225557,138.84667750288142,172.8903548243528,138.84667750288142
15,9400.0,440278.0767537484,4010208.724888145,True,22.14238166809082,21.478588104248047,22.97591781616211,0.300119549036026,0.0,1.0,2001.0,152.64890726398548,True,63.43494882292201,0.035301939661524256,0.038702346350620635,"[0.027611654181941572, 0.05215534678811186]",0.03217775385750487,0.032181096952634825,"[0.031830101348627085, 0.03259709174256992]",0.20823789195547604,0.20823789195547604,"[0.20823789195547604, 0.20823789195547604]",155.070611797601,139.3225751591434,173.56381567903338,139.3225751591434
15,9500.0,440360.59466353024,4010265.212006723,True,22.255155563354492,21.489116668701172,23.298290252685547,0.300119549036026,0.0,1.0,2001.0,152.64890726398548,True,63.43494882292201,0.03501177618585849,0.03639347905755901,"[0.027611654181941572, 0.04601942363656929]",0.045225088355284236,0.04524491372896037,"[0.04486893804565506, 0.04563592843959788]",0.20823789195547604,0.20823789195547604,"[0.20823789195547604, 0.20823789195547604]",155.2458339173126,139.46911398167032,173.77210242876296,139.46911398167032
15,9600.0,440443.112573312,4010321.699125301,True,22.36957359313965,21.524417877197266,23.472442626953125,0.300119549036026,0.0,1.0,2001.0,204.79999999999976,False,63.43494882292201,0.03511993097759415,0.036726389395364725,"[0.027611654181941572, 0.04601942363656929]",0.04563592843959788,0.045293230604006404,"[0.04486893804565506, 0.04563592843959788]",0.20823789195547604,0.20823789195547604,"[0.20823789195547604, 0.20823789195547604]",155.34485893009466,139.55208526772083,173.88963393298738,139.55208526772083
15,9700.0,440525.6304830938,4010378.186243879,True,22.49818992614746,21.554948806762695,23.502655029296875,0.300119549036026,0.0,1.0,2001.0,192.65963384496044,False,53.13010235415598,0.03565381654245417,0.039396539963232155,"[0.027611654181941572, 0.05215534678811186]",0.03191671482876405,0.031830101348627085,"[0.031830101348627085, 0.031830101348627085]",0.20823789195547604,0.20823789195547604,"[0.20823789195547604, 0.20823789195547604]",156.22881614210038,140.29373777383864,174.93762888362662,140.29373777383864
15,9800.0,440608.1483928756,4010434.673362457,False,22.611961364746094,21.583171844482422,23.502655029296875,3.0999999046325684,0.0,0.9805132162840055,1868.0,173.63970629966468,False,,,,,,,,,,,,,,
15,9900.0,440690.6663026574,4010491.1604810352,False,22.6945743560791,21.64049530029297,23.502655029296875,3.0999999046325684,0.0,0.9196566358024691,1868.0,186.18181818181793,False,,,,,,,,,,,,,,
15,10000.0,440773.18421243917,4010547.6475996133,False,22.754301071166992,21.784305572509766,23.502655029296875,3.0999999046325684,0.0,0.8175245806824755,1868.0,186.18181818181793,False,,,,,,,,,,,,,,
15,10100.0,440855.702122221,4010604.134718191,False,22.80891227722168,21.96074676513672,23.502655029296875,3.109999895095825,0.0,0.7213067360508818,1868.0,91.58934435839127,True,,,,,,,,,,,,,,
15,10200.0,440938.2200320028,4010660.621836769,False,22.852672576904297,22.134613037109375,23.502655029296875,3.109999895095825,0.0,0.6244701348747591,1868.0,86.16000755951018,True,,,,,,,,,,,,,,
15,10300.0,441020.73794178455,4010717.108955347,False,22.87153434753418,22.209447860717773,23.502655029296875,3.109999895095825,0.0,0.5253731343283582,1868.0,86.16000755951018,True,,,,,,,,,,,,,,
15,10400.0,441103.2558515664,4010773.596073925,False,22.864530563354492,22.244895935058594,23.50261116027832,3.119999885559082,0.0,0.4287913779830639,1868.0,175.61455118592883,True,,,,,,,,,,,,,,
15,10500.0,441185.77376134816,4010830.083192503,False,22.843549728393555,22.25772476196289,23.49892807006836,3.119999885559082,0.0,0.333365403117183,1868.0,175.61455118592883,True,,,,,,,,,,,,,,
15,10600.0,441268.29167112993,4010886.570311081,False,22.82185173034668,22.248886108398438,23.45389175415039,3.140000104904175,0.0,0.23692307692307693,1868.0,175.61455118592883,True,,,,,,,,,,,,,,
15,10700.0,441350.80958091177,4010943.057429659,False,22.812156677246094,22.222442626953125,23.431381225585938,3.1500000953674316,0.0,0.1404402576179948,1868.0,157.07442971594122,True,,,,,,,,,,,,,,
15,10800.0,441433.32749069354,4010999.5445482368,False,22.825443267822266,22.183622360229492,23.515201568603516,3.1600000858306885,0.0,0.04641552950221026,1868.0,150.57195460481162,True,,,,,,,,,,,,,,
15,10900.0,441515.8454004753,4011056.031666815,False,22.891515731811523,22.164283752441406,23.72612762451172,3.1700000762939453,0.0,0.004898194391087207,1868.0,142.0032502336585,True,,,,,,,,,,,,,,
15,11000.0,441598.36331025715,4011112.518785393,False,23.0135498046875,22.183595657348633,23.925594329833984,3.180000066757202,0.0,0.0,1868.0,142.0032502336585,True,,,,,,,,,,,,,,
15,11100.0,441680.8812200389,4011169.005903971,False,23.153467178344727,22.228689193725586,24.106456756591797,3.190000057220459,0.0,0.0,1868.0,142.0032502336585,True,,,,,,,,,,,,,,
15,11200.0,441763.3991298207,4011225.493022549,False,23.298072814941406,22.279081344604492,24.284439086914062,3.200000047683716,0.0,0.0,1868.0,204.79999999999976,False,,,,,,,,,,,,,,
15,11300.0,441845.91703960253,4011281.980141127,False,23.46153450012207,22.35364532470703,24.46015739440918,3.200000047683716,0.0,0.0,1868.0,189.33766697821136,True,,,,,,,,,,,,,,
15,11400.0,441928.4349493843,4011338.467259705,False,23.63894271850586,22.474910736083984,24.63988494873047,3.2100000381469727,0.0,0.0,1868.0,170.6666666666664,False,,,,,,,,,,,,,,
15,11500.0,442010.9528591661,4011394.954378283,False,23.8300724029541,22.6618709564209,24.815200805664062,3.2200000286102295,0.0,0.0,1868.0,181.01933598375595,False,,,,,,,,,,,,,,
15,11600.0,442093.4707689479,4011451.4414968607,False,24.04004669189453,22.915733337402344,24.99551773071289,3.2300000190734863,0.0,0.0,1868.0,170.0771427404593,True,,,,,,,,,,,,,,
15,11700.0,442175.9886787297,4011507.9286154388,False,24.2648983001709,23.2003231048584,25.2174129486084,3.2300000190734863,0.0,0.0,1868.0,170.0771427404593,True,,,,,,,,,,,,,,
15,11800.0,442258.50658851146,4011564.415734017,False,24.488048553466797,23.484424591064453,25.517066955566406,3.240000009536743,0.0,0.0,1868.0,190.1520262933009,False,,,,,,,,,,,,,,
15,11900.0,442341.0244982933,4011620.902852595,False,24.704692840576172,23.72613525390625,25.717309951782227,3.240000009536743,0.0,0.0,1868.0,154.91263661853648,False,,,,,,,,,,,,,,
15,12000.0,442423.54240807507,4011677.389971173,False,24.90375518798828,23.97348403930664,25.83163070678711,3.25,0.0,0.0,1868.0,164.03433176139507,False,,,,,,,,,,,,,,
15,12100.0,442506.06031785684,4011733.877089751,False,25.101713180541992,24.18939971923828,26.01439666748047,3.25,0.0,0.0,1868.0,193.93382888411372,False,,,,,,,,,,,,,,
15,12200.0,442588.5782276387,4011790.364208329,False,25.291900634765625,24.401119232177734,26.19129180908203,3.259999990463257,0.0,0.0,1868.0,171.7132526183703,False,,,,,,,,,,,,,,
15,12300.0,442671.09613742045,4011846.8513269066,False,25.473735809326172,24.610658645629883,26.319189071655273,3.259999990463257,0.0,0.0,1868.0,171.7132526183703,False,,,,,,,,,,,,,,
15,12400.0,442753.6140472022,4011903.3384454846,False,25.65056037902832,24.8129825592041,26.483753204345703,3.259999990463257,0.0,0.0,1868.0,204.79999999999976,False,,,,,,,,,,,,,,
15,12500.0,442836.13195698406,4011959.8255640627,False,25.82665252685547,25.01801872253418,26.681636810302734,3.259999990463257,0.0,0.0,1868.0,204.79999999999976,False,,,,,,,,,,,,,,
15,12600.0,442918.64986676583,4012016.3126826407,False,25.9962215423584,25.225975036621094,26.840160369873047,3.259999990463257,0.0,0.0,1868.0,192.65963384496044,False,,,,,,,,,,,,,,
15,12700.0,443001.1677765476,4012072.799801219,False,26.147539138793945,25.371992111206055,27.13591957092285,3.259999990463257,0.0,0.0,1868.0,177.918870635753,False,,,,,,,,,,,,,,
15,12800.0,443083.68568632944,4012129.286919797,False,26.264739990234375,25.47920036315918,27.247039794921875,3.259999990463257,0.0,0.0,1868.0,127.75073004580959,False,,,,,,,,,,,,,,
15,12900.0,443166.2035961112,4012185.774038375,False,26.33407974243164,25.559314727783203,27.265151977539062,3.259999990463257,0.0,0.0,1868.0,127.75073004580959,True,,,,,,,,,,,,,,
15,13000.0,443248.72150589305,4012242.261156953,False,26.384075164794922,25.601306915283203,27.270679473876953,3.259999990463257,0.0,0.0,1868.0,133.0630907363971,False,,,,,,,,,,,,,,
15,13100.0,443331.2394156748,4012298.7482755305,False,26.429920196533203,25.648286819458008,27.26720428466797,1.0626311302185059,0.0,0.0,2016.0,238.07516414734158,False,,,,,,,,,,,,,,
15,13200.0,443413.7573254566,4012355.2353941086,False,26.45237159729004,25.688892364501953,27.26156997680664,1.0626311302185059,0.0,0.0,2016.0,239.88289826089868,False,,,,,,,,,,,,,,
16,5000.0,437753.070361944,4005498.4191702683,True,21.001651763916016,20.477596282958984,21.74361801147461,0.300119549036026,0.0,0.8634365536778353,2001.0,145.9139583752388,True,90.0,0.04225837434257784,0.04287175088116133,"[0.033747577333484144, 0.05215534678811186]",0.04608837094831458,0.04608554349811609,"[0.04563592843959788, 0.046402918833540696]",0.15761652595524983,0.15761652595524983,"[0.15761652595524983, 0.15761652595524983]",151.55285429976723,136.35812684899616,169.40820227965668,136.35812684899616
16,5100.0,437850.81968722155,4005519.5158384363,True,20.937976837158203,20.41633415222168,21.751113891601562,0.300119549036026,0.0,0.8817151787458488,2001.0,134.5867635727328,True,56.309932474020215,0.04511351726294952,0.04567228920931159,"[0.039883500485026716, 0.05215534678811186]",0.046402918833540696,0.04613379939706953,"[0.04563592843959788, 0.046402918833540696]",0.15761652595524983,0.15761652595524983,"[0.15761652595524983, 0.15761652595524983]",151.76114511823002,136.5336281239602,169.65429174480988,136.5336281239602
16,5200.0,437948.56901249907,4005540.6125066043,True,20.865478515625,20.34870147705078,21.72314453125,0.300119549036026,0.0,0.889767623511033,2001.0,138.70806251081638,True,60.25511870305778,0.04086496007064497,0.042897469795485275,"[0.033747577333484144, 0.05215534678811186]",0.04621542366309726,0.046402918833540696,"[0.046402918833540696, 0.046402918833540696]",0.15761652595524983,0.15761652595524983,"[0.15761652595524983, 0.15761652595524983]",151.04589599478092,135.92891163135752,168.81160796886505,135.92891163135752
16,5300.0,438046.31833777664,4005561.709174772,True,20.77159309387207,20.224533081054688,21.48875617980957,0.300119549036026,0.0,0.9095967978131407,2001.0,137.38401653758692,True,66.80140948635182,0.04078147826586932,0.04297799862857278,"[0.033747577333484144, 0.05215534678811186]",0.04629767450528,0.0464029188335407,"[0.046402918833540696, 0.046402918833540696]",0.15761652595524983,0.15761652595524983,"[0.15761652595524983, 0.15761652595524983]",150.77596202157363,135.70078634303223,168.49347362340967,135.70078634303223
16,5400.0,438144.0676630542,4005582.8058429398,True,20.716209411621094,20.224285125732422,21.39722442626953,0.300119549036026,0.0,0.9174070096651372,2001.0,137.38401653758692,True,66.80140948635182,0.0407650893657249,0.04277770939785191,"[0.033747577333484144, 0.05215534678811186]",0.04622019999000365,0.046402918833540696,"[0.046402918833540696, 0.046402918833540696]",0.15761652595524983,0.15761652595524983,"[0.15761652595524983, 0.15761652595524983]",150.80949175282575,135.7289479671481,168.53319015128235,135.7289479671481
16,5500.0,438241.81698833173,4005603.9025111077,True,20.67849349975586,20.224285125732422,21.29665756225586,0.300119549036026,0.0,0.9338278352527816,2001.0,143.03852457360946,True,66.80140948635182,0.04092627013533049,0.042627872858887576,"[0.033747577333484144, 0.05215534678811186]",0.04623809920257043,0.046402918833540696,"[0.046402918833540696, 0.046402918833540696]",0.15761652595524983,0.15761652595524983,"[0.15761652595524983, 0.15761652595524983]",150.81949996488802,135.737101457523,168.5453332040527,135.737101457523
16,5600.0,438339.5663136093,4005624.9991792752,True,20.677785873413086,20.225048065185547,21.28369140625,0.300119549036026,0.0,0.9405679711134967,2001.0,143.03852457360946,True,63.43494882292201,0.040150052136943976,0.030963673507346898,"[0.009203884727313857, 0.05215534678811186]",0.04622019999000365,0.046402918833540696,"[0.046402918833540696, 0.046402918833540696]",0.15761652595524983,0.15761652595524983,"[0.15761652595524983, 0.15761652595524983]",150.72998931218598,135.66169611369963,168.4395631906543,135.66169611369963
16,5700.0,438437.3156388868,4005646.095847443,True,20.662254333496094,20.21013641357422,21.283203125,0.300119549036026,0.0,0.9546252927400468,2001.0,157.53846153846138,True,63.43494882292201,0.04055556061271912,0.030492638360141138,"[0.009203884727313857, 0.05215534678811186]",0.04630816872389992,0.046402918833540696,"[0.046402918833540696, 0.046402918833540696]",0.15761652595524983,0.15761652595524983,"[0.15761652595524983, 0.15761652595524983]",150.68009746669966,135.6192562766283,168.38107761191085,135.6192562766283
16,5800.0,438535.0649641644,4005667.192515611,True,20.639305114746094,20.19043731689453,21.297992706298828,0.300119549036026,0.0,0.9603941078919129,2001.0,109.00404130044906,True,75.96375653207353,0.04179377119583252,0.030712470956574717,"[0.009203884727313857, 0.05215534678811186]",0.04630631955360183,0.046402918833540696,"[0.046402918833540696, 0.046402918833540696]",0.15761652595524983,0.15761652595524983,"[0.15761652595524983, 0.15761652595524983]",150.7359681065173,135.66634929313008,168.4470671882838,135.66634929313008
16,5900.0,438632.8142894419,4005688.289183779,True,20.576051712036133,20.123470306396484,21.27884292602539,0.300119549036026,0.0,0.972398322442212,2001.0,144.81546878700476,False,63.43494882292201,0.04202477621972742,0.041189863734167595,"[0.027611654181941572, 0.05215534678811186]",0.04633110123627406,0.046402918833540696,"[0.046402918833540696, 0.046402918833540696]",0.15761652595524983,0.15761652595524983,"[0.15761652595524983, 0.15761652595524983]",150.44592623907516,135.42062412717434,168.10592536415825,135.42062412717434
16,6000.0,438730.5636147195,4005709.3858519467,True,20.5109806060791,19.92795181274414,21.262374877929688,0.300119549036026,0.0,0.9768803043605502,2001.0,124.8945604887154,True,63.43494882292201,0.04961592559484748,0.04428151199348431,"[0.033747577333484144, 0.05215534678811186]",0.033321179461412775,0.033364082136512735,"[0.033364082136512735, 0.033364082136512735]",0.15761652595524983,0.15761652595524983,"[0.15761652595524983, 0.15761652595524983]",149.86745509785663,134.92976538771453,167.42642509866707,134.92976538771453
16,6100.0,438828.312939997,4005730.4825201146,True,20.421537399291992,19.768592834472656,21.223224639892578,0.300119549036026,0.0,0.984789391575663,2001.0,127.01156821934931,True,60.25511870305778,0.04950314308629379,0.044382401767824334,"[0.033747577333484144, 0.05215534678811186]",0.03343348522566244,0.033364082136512735,"[0.033364082136512735, 0.033364082136512735]",0.15761652595524983,0.15761652595524983,"[0.15761652595524983, 0.15761652595524983]",149.55390218113067,134.66324954237263,167.0586257314763,134.66324954237263
16,6200.0,438926.0622652746,4005751.5791882826,True,20.32597541809082,19.66077423095703,21.113815307617188,0.300119549036026,0.0,0.9881091617933723,2001.0,130.84192051198752,True,60.25511870305778,0.047578738923024985,0.04391739009468187,"[0.033747577333484144, 0.05215534678811186]",0.046608761400312934,0.046402918833540696,"[0.046402918833540696, 0.046402918833540696]",0.15761652595524983,0.15761652595524983,"[0.15761652595524983, 0.15761652595524983]",149.71211639486975,134.79783173735387,167.2440940722083,134.79783173735387
16,6300.0,439023.8115905521,4005772.6758564506,True,20.212594985961914,19.514320373535156,20.919681549072266,0.300119549036026,0.0,0.9938602475392262,2001.0,134.5867635727328,True,60.25511870305778,0.043937734732964334,0.04320209130346046,"[0.033747577333484144, 0.05215534678811186]",0.03796602450016966,0.03796602450016966,"[0.03796602450016966, 0.03796602450016966]",0.15761652595524983,0.15761652595524983,"[0.15761652595524983, 0.15761652595524983]",149.2745225152132,134.4254158095597,166.73132502453453,134.4254158095597
16,6400.0,439121.5609158297,4005793.772524618,True,20.093067169189453,19.46668243408203,20.741615295410156,0.300119549036026,0.0,0.9961992008576163,2001.0,138.70806251081638,True,66.80140948635182,0.04268082021918245,0.04291463357445414,"[0.033747577333484144, 0.05215534678811186]",0.047169909227483514,0.04682750280161619,"[0.046402918833540696, 0.047169909227483514]",0.15761652595524983,0.15761652595524983,"[0.15761652595524983, 0.15761652595524983]",149.10234832381371,134.27936267194298,166.52902962420956,134.27936267194298
16,6500.0,439219.31024110725,4005814.869192786,True,19.951946258544922,19.436023712158203,20.686832427978516,0.300119549036026,0.0,0.9986362750827976,2001.0,143.03852457360946,True,63.43494882292201,0.0412330788931211,0.04268624982357731,"[0.033747577333484144, 0.05215534678811186]",0.046954194907015065,0.047169909227483514,"[0.047169909227483514, 0.047169909227483514]",0.15761652595524983,0.15761652595524983,"[0.15761652595524983, 0.15761652595524983]",148.32933795763336,133.62256106079926,165.62200074323133,133.62256106079926
16,6600.0,439317.05956638476,4005835.965860954,True,19.804397583007812,19.359615325927734,20.543102264404297,0.300119549036026,0.0,1.0,2001.0,143.03852457360946,True,66.80140948635182,0.04170760383822885,0.04320163825631259,"[0.033747577333484144, 0.05215534678811186]",0.04700508959651325,0.047169909227483514,"[0.047169909227483514, 0.047169909227483514]",0.15761652595524983,0.15761652595524983,"[0.15761652595524983, 0.15761652595524983]",148.12702608449266,133.4505153045989,165.3847818258116,133.4505153045989
16,6700.0,439414.80889166234,4005857.0625291215,True,19.63890266418457,19.00835418701172,20.286792755126953,0.300119549036026,0.0,1.0,2001.0,137.38401653758692,True,66.80140948635182,0.04103329994963904,0.043118857326314944,"[0.033747577333484144, 0.05215534678811186]",0.04726648009736491,0.047169909227483514,"[0.047169909227483514, 0.047169909227483514]",0.15761652595524983,0.15761652595524983,"[0.15761652595524983, 0.15761652595524983]",147.41386337069335,132.84280722748446,164.54997258358162,132.84280722748446
16,6800.0,439512.55821693985,4005878.1591972895,True,19.465621948242188,18.81739044189453,20.017974853515625,0.300119549036026,0.0,1.0,2001.0,137.38401653758692,True,60.25511870305778,0.03882756232692063,0.04256094953339027,"[0.033747577333484144, 0.05215534678811186]",0.047348603178899745,0.047169909227483514,"[0.047169909227483514, 0.047169909227483514]",0.20823789195547604,0.20823789195547604,"[0.20823789195547604, 0.20823789195547604]",146.70856454159536,132.24034211019807,163.72601912983646,132.24034211019807
16,6900.0,439610.30754221743,4005899.2558654575,True,19.31134033203125,18.524253845214844,19.839256286621094,0.300119549036026,0.0,1.0,2001.0,139.45208593992774,True,60.25511870305778,0.009203884727313857,0.01140922051504718,"[0.009203884727313857, 0.015339807878856429]",0.047389977795767466,0.047169909227483514,"[0.047169909227483514, 0.047169909227483514]",0.20823789195547604,0.20823789195547604,"[0.20823789195547604, 0.20823789195547604]",146.94526287628653,132.44276078279455,164.00227540287898,132.44276078279455
16,7000.0,439708.05686749495,4005920.3525336254,True,19.205448150634766,18.42721939086914,19.759906768798828,0.300119549036026,0.0,1.0,2001.0,114.4866804479891,True,63.43494882292201,0.009203884727313857,0.009203884727313857,"[0.009203884727313857, 0.009203884727313857]",0.034261103002760515,0.03413107253045555,"[0.03413107253045555, 0.03413107253045555]",0.20823789195547604,0.20823789195547604,"[0.20823789195547604, 0.20823789195547604]",146.47369546439452,132.04027547734142,163.45100595165323,132.04027547734142
16,7100.0,439805.8061927725,4005941.449201793,True,19.159543991088867,18.42721939086914,19.650131225585938,0.300119549036026,0.0,1.0,2001.0,114.4866804479891,True,63.43494882292201,0.009203884727313857,0.009203884727313857,"[0.009203884727313857, 0.009203884727313857]",0.03413107253045555,0.03413107253045555,"[0.03413107253045555, 0.03413107253045555]",0.20823789195547604,0.20823789195547604,"[0.20823789195547604, 0.20823789195547604]",146.1711623597142,131.78213393215285,163.09725930320613,131.78213393215285
16,7200.0,439903.55551805004,4005962.545869961,True,19.17302894592285,18.42721939086914,19.71741485595703,0.300119549036026,0.0,1.0,2001.0,511.99999999999943,False,63.43494882292201,0.009203884727313857,0.009203884727313857,"[0.009203884727313857, 0.009203884727313857]",0.03425535767943149,0.03413107253045555,"[0.03413107253045555, 0.03413107253045555]",0.20823789195547604,0.20823789195547604,"[0.20823789195547604, 0.20823789195547604]",146.32318911448291,131.91132886012758,163.27561489202927,131.91132886012758
16,7300.0,440001.3048433276,4005983.642538129,True,19.220882415771484,18.42721939086914,19.944480895996094,0.300119549036026,0.0,1.0,2001.0,120.47058823529396,True,90.0,0.009203884727313857,0.009203884727313857,"[0.009203884727313857, 0.009203884727313857]",0.03421768601059252,0.03413107253045555,"[0.03413107253045555, 0.03413107253045555]",0.20823789195547604,0.20823789195547604,"[0.20823789195547604, 0.20823789195547604]",146.1691211074852,131.7793709960939,163.096027403128,131.7793709960939
16,7400.0,440099.05416860513,4006004.7392062964,True,19.2872257232666,18.42721939086914,20.166336059570312,0.300119549036026,0.0,1.0,2001.0,127.01156821934931,True,60.25511870305778,0.009203884727313857,0.009203884727313857,"[0.009203884727313857, 0.009203884727313857]",0.03822581482312877,0.038297224897554064,"[0.03796602450016966, 0.03873301489411249]",0.20823789195547604,0.20823789195547604,"[0.20823789195547604, 0.20823789195547604]",146.8582885886237,132.36608737972907,163.90336546477255,132.36608737972907
16,7500.0,440196.8034938827,4006025.8358744644,True,19.3647518157959,18.42721939086914,20.263301849365234,0.300119549036026,0.0,1.0,2001.0,127.01156821934931,True,60.25511870305778,0.009203884727313857,0.011787558860915854,"[0.009203884727313857, 0.015339807878856429]",0.03822250329581234,0.038258875377856924,"[0.03796602450016966, 0.03873301489411249]",0.15761652595524983,0.15761652595524983,"[0.15761652595524983, 0.15761652595524983]",147.26697895211947,132.71579721968686,164.380123503045,132.71579721968686
16,7600.0,440294.5528191603,4006046.9325426323,True,19.46651268005371,18.42721939086914,20.33908462524414,0.300119549036026,0.0,1.0,2001.0,134.16894097006954,True,60.25511870305778,0.009203884727313857,0.01182371731850757,"[0.009203884727313857, 0.015339807878856429]",0.033364082136512735,0.03370844517052788,"[0.033364082136512735, 0.03413107253045555]",0.20823789195547604,0.20823789195547604,"[0.20823789195547604, 0.20823789195547604]",147.18454836706465,132.64517971072772,164.28405805976737,132.64517971072772
16,7700.0,440392.3021444378,4006068.0292108003,True,19.598587036132812,18.42721939086914,20.373916625976562,0.300119549036026,0.0,1.0,2001.0,149.16752194134605,True,59.03624346792648,0.03975045570978628,0.04203862301984252,"[0.033747577333484144, 0.05215534678811186]",0.038228381418088944,0.03827908180381979,"[0.03796602450016966, 0.03873301489411249]",0.20823789195547604,0.20823789195547604,"[0.20823789195547604, 0.20823789195547604]",147.0953771772939,132.56885364790688,164.1800624666357,132.56885364790688
16,7800.0,440490.05146971537,4006089.125878968,True,19.764480590820312,18.597122192382812,20.4068603515625,0.300119549036026,0.0,1.0,2001.0,167.77869732229925,True,59.03624346792648,0.03935478171124293,0.039726125434876934,"[0.033747577333484144, 0.04601942363656929]",0.046402918833540696,0.046402918833540696,"[0.046402918833540696, 0.046402918833540696]",0.20823789195547604,0.20823789195547604,"[0.20823789195547604, 0.20823789195547604]",148.18031310593935,133.49403789150568,165.4492938205006,133.49403789150568
16,7900.0,440587.8007949929,4006110.222547136,True,19.941144943237305,18.934799194335938,20.4354248046875,0.300119549036026,0.0,1.0,2001.0,167.77869732229925,True,80.53767779197439,0.03619916774258175,0.03893658100832798,"[0.033747577333484144, 0.04601942363656929]",0.046402918833540696,0.04666901754164331,"[0.046402918833540696, 0.047169909227483514]",0.15761652595524983,0.15761652595524983,"[0.15761652595524983, 0.15761652595524983]",148.3925777776749,133.67575703840964,165.6968112647432,133.67575703840964
16,8000.0,440685.55012027046,4006131.3192153038,True,20.124408721923828,19.438884735107422,20.485977172851562,0.300119549036026,0.0,1.0,2001.0,167.77869732229925,True,59.03624346792648,0.038578027163032935,0.039255520243350606,"[0.033747577333484144, 0.04601942363656929]",0.046402918833540696,0.046402918833540696,"[0.046402918833540696, 0.046402918833540696]",0.15761652595524983,0.15761652595524983,"[0.15761652595524983, 0.15761652595524983]",148.9724604343287,134.16962867402773,166.37590669126675,134.16962867402773
16,8100.0,440783.299445548,4006152.4158834717,True,20.259830474853516,19.84805679321289,20.566743850708008,0.300119549036026,0.0,1.0,2001.0,167.77869732229925,True,59.03624346792648,0.038038307686540276,0.037001192806293624,"[0.027611654181941572, 0.04601942363656929]",0.046402918833540696,0.046402918833540696,"[0.046402918833540696, 0.046402918833540696]",0.15761652595524983,0.15761652595524983,"[0.15761652595524983, 0.15761652595524983]",149.38648325211545,134.52189077867345,166.86116339847032,134.52189077867345
16,8200.0,440881.04877082555,4006173.512551639,True,20.369503021240234,20.112823486328125,20.704219818115234,0.300119549036026,0.0,1.0,2001.0,167.77869732229925,True,59.03624346792648,0.03748944269837815,0.036961284792362374,"[0.033747577333484144, 0.039883500485026716]",0.046402918833540696,0.046402918833540696,"[0.046402918833540696, 0.046402918833540696]",0.15761652595524983,0.15761652595524983,"[0.15761652595524983, 0.15761652595524983]",149.71790255440635,134.80387325739267,167.2496018851426,134.80387325739267
16,8300.0,440978.79809610307,4006194.609219807,True,20.46312141418457,20.202964782714844,20.848731994628906,0.300119549036026,0.0,1.0,2001.0,167.77869732229925,True,59.03624346792648,0.037055841837235586,0.0368733312947383,"[0.033747577333484144, 0.039883500485026716]",0.04642790617851738,0.046402918833540696,"[0.046402918833540696, 0.046402918833540696]",0.15761652595524983,0.15761652595524983,"[0.15761652595524983, 0.15761652595524983]",149.9934046901297,135.03767443382878,167.5731914879478,135.03767443382878
16,8400.0,441076.54742138064,4006215.705887975,True,20.553117752075195,20.245624542236328,20.995513916015625,0.300119549036026,0.0,1.0,2001.0,167.77869732229925,True,51.34019174590991,0.037103266216570056,0.03687929171424125,"[0.033747577333484144, 0.039883500485026716]",0.046402918833540696,0.046402918833540696,"[0.046402918833540696, 0.046402918833540696]",0.15761652595524983,0.15761652595524983,"[0.15761652595524983, 0.15761652595524983]",150.267145913026,135.26981853189127,167.8948978489316,135.26981853189127
16,8500.0,441174.29674665816,4006236.8025561427,True,20.66550064086914,20.260311126708984,21.248573303222656,0.300119549036026,0.0,1.0,2001.0,167.77869732229925,True,51.34019174590991,0.03734123954438411,0.036928395710252866,"[0.033747577333484144, 0.039883500485026716]",0.046402918833540696,0.046402918833540696,"[0.046402918833540696, 0.046402918833540696]",0.15761652595524983,0.15761652595524983,"[0.15761652595524983, 0.15761652595524983]",150.6250748117095,135.57266406572674,168.3163346123211,135.57266406572674
16,8600.0,441272.04607193574,4006257.8992243106,True,20.7813777923584,20.271839141845703,21.486080169677734,0.300119549036026,0.0,1.0,2001.0,167.77869732229925,True,51.34019174590991,0.03763337399818729,0.03698499007734455,"[0.033747577333484144, 0.039883500485026716]",0.046402918833540696,0.04640291883354069,"[0.046402918833540696, 0.046402918833540696]",0.15761652595524983,0.15761652595524983,"[0.15761652595524983, 0.15761652595524983]",150.8439718334897,135.75819849949642,168.57370011283106,135.75819849949642
16,8700.0,441369.7953972133,4006278.9958924786,True,20.914255142211914,20.289505004882812,21.711502075195312,0.300119549036026,0.0,1.0,2001.0,167.77869732229925,True,51.34019174590991,0.03818452418081505,0.04150711806771079,"[0.033747577333484144, 0.05215534678811186]",0.046402918833540696,0.04609612267596357,"[0.04563592843959788, 0.046402918833540696]",0.15761652595524983,0.15761652595524983,"[0.15761652595524983, 0.15761652595524983]",151.5083971355096,136.32013491674357,169.35628721781669,136.32013491674357
16,8800.0,441467.5447224908,4006300.0925606466,True,21.06356430053711,20.363082885742188,21.869640350341797,0.300119549036026,0.0,1.0,2001.0,157.07442971594122,True,51.34019174590991,0.039709619925309136,0.042008759936776906,"[0.033747577333484144, 0.05215534678811186]",0.046402918833540696,0.04608554349811609,"[0.04563592843959788, 0.046402918833540696]",0.15761652595524983,0.15761652595524983,"[0.15761652595524983, 0.15761652595524983]",151.81680170746705,136.58100044466963,169.71950142559686,136.58100044466963
16,8900.0,441565.2940477684,4006321.189228814,True,21.233619689941406,20.488323211669922,22.02045440673828,0.300119549036026,0.0,1.0,2001.0,147.41826575333243,True,56.309932474020215,0.04195887901152025,0.04022660693103364,"[0.033747577333484144, 0.04601942363656929]",0.03259709174256992,0.03259709174256992,"[0.03259709174256992, 0.03259709174256992]",0.15761652595524983,0.15761652595524983,"[0.15761652595524983, 0.15761652595524983]",152.18653483150402,136.8932966882648,170.1554512024198,136.8932966882648
16,9000.0,441663.0433730459,4006342.285896982,True,21.420286178588867,20.63698959350586,22.206714630126953,0.300119549036026,0.0,1.0,2001.0,142.0032502336585,True,56.309932474020215,0.04364593284727943,0.04062784033606068,"[0.033747577333484144, 0.04601942363656929]",0.04565951087136197,0.04564871161283026,"[0.04486893804565506, 0.046402918833540696]",0.15761652595524983,0.15761652595524983,"[0.15761652595524983, 0.15761652595524983]",153.11994233817614,137.68038901507262,171.25753098769312,137.68038901507262
16,9100.0,441760.7926983235,4006363.38256515,True,21.62071990966797,20.772544860839844,22.464599609375,0.300119549036026,0.0,1.0,2001.0,142.0032502336585,True,56.309932474020215,0.043546686738545996,0.042433306467011024,"[0.033747577333484144, 0.05215534678811186]",0.04557483103996502,0.04563592843959788,"[0.04563592843959788, 0.04563592843959788]",0.15761652595524983,0.15761652595524983,"[0.15761652595524983, 0.15761652595524983]",153.36030197108553,137.88370155825388,171.54060438446493,137.88370155825388
16,9200.0,441858.542023601,4006384.4792333175,True,21.824588775634766,20.912322998046875,22.774459838867188,0.300119549036026,0.0,1.0,2001.0,157.07442971594122,True,57.9946167919165,0.03953438454514949,0.04221595398828718,"[0.033747577333484144, 0.05215534678811186]",0.045387899419871314,0.04530506983828921,"[0.04486893804565506, 0.04563592843959788]",0.15761652595524983,0.15761652595524983,"[0.15761652595524983, 0.15761652595524983]",153.89250052919957,138.33159331280848,172.16998851591296,138.33159331280848
16,9300.0,441956.2913488786,4006405.5759014855,True,22.026470184326172,21.084178924560547,22.984458923339844,0.300119549036026,0.0,1.0,2001.0,152.64890726398548,False,57.9946167919165,0.03756026490192252,0.04209057491536393,"[0.027611654181941572, 0.05829126993965443]",0.04550407031486183,0.04537482532676628,"[0.04486893804565506, 0.04563592843959788]",0.20823789195547604,0.20823789195547604,"[0.20823789195547604, 0.20823789195547604]",153.90499214275113,138.34153451888685,172.18542031481113,138.34153451888685
16,9400.0,442054.0406741561,4006426.6725696535,True,22.21782112121582,21.29076385498047,23.176002502441406,0.300119549036026,0.0,1.0,2001.0,106.47045015757534,True,57.9946167919165,0.0366871768438205,0.043724447810773184,"[0.027611654181941572, 0.064427193091197]",0.03215717550275735,0.03216070065636106,"[0.031830101348627085, 0.03259709174256992]",0.20823789195547604,0.20823789195547604,"[0.20823789195547604, 0.20823789195547604]",155.18724929345464,139.419848137766,173.70277358955173,139.419848137766
16,9500.0,442151.7899994337,4006447.7692378215,False,22.40349769592285,21.543792724609375,23.350543975830078,3.2100000381469727,0.0,0.9982648930017352,1868.0,155.95717096452367,True,,,,,,,,,,,,,,
16,9600.0,442249.5393247112,4006468.865905989,False,22.61966323852539,21.778118133544922,23.426410675048828,3.2100000381469727,0.0,0.9442142788322574,1868.0,149.18950845807564,False,,,,,,,,,,,,,,
16,9700.0,442347.28864998877,4006489.962574157,False,22.87131118774414,21.949947357177734,24.108562469482422,3.2100000381469727,0.0,0.8540202214732787,1868.0,163.70908507697783,False,,,,,,,,,,,,,,
16,9800.0,442445.03797526634,4006511.059242325,False,23.127174377441406,22.1318359375,24.758909225463867,3.2100000381469727,0.0,0.7572927698084143,1868.0,186.18181818181793,False,,,,,,,,,,,,,,
16,9900.0,442542.78730054386,4006532.155910493,False,23.37373161315918,22.332427978515625,24.892292022705078,3.2100000381469727,0.0,0.6580390647551236,1868.0,241.35911464500796,False,,,,,,,,,,,,,,
16,10000.0,442640.53662582143,4006553.2525786604,False,23.62818145751953,22.518909454345703,24.988000869750977,3.2100000381469727,0.0,0.5516346153846153,1868.0,99.45967230538375,True,,,,,,,,,,,,,,
16,10100.0,442738.28595109895,4006574.3492468284,False,23.88874053955078,22.639999389648438,25.1898136138916,3.2100000381469727,0.0,0.45229172672239837,1868.0,95.38486944412094,True,,,,,,,,,,,,,,
16,10200.0,442836.0352763765,4006595.4459149963,False,24.19019889831543,22.73604965209961,25.692672729492188,3.2100000381469727,0.0,0.35539333397368167,1868.0,103.83772192018296,True,,,,,,,,,,,,,,
16,10300.0,442933.78460165404,4006616.542583164,False,24.521825790405273,22.857959747314453,26.18312644958496,3.2100000381469727,0.0,0.2560015363933167,1868.0,110.06140721161388,True,,,,,,,,,,,,,,
16,10400.0,443031.5339269316,4006637.639251332,False,24.8557071685791,23.210689544677734,26.438430786132812,3.2100000381469727,0.0,0.1592130518234165,1868.0,175.61455118592883,True,,,,,,,,,,,,,,
16,10500.0,443129.28325220913,4006658.7359195,False,25.193803787231445,23.441883087158203,26.611541748046875,3.2100000381469727,0.0,0.060905428735852675,1868.0,175.61455118592883,True,,,,,,,,,,,,,,
16,10600.0,443227.0325774867,4006679.8325876677,False,25.44853973388672,24.067617416381836,26.684062957763672,3.2100000381469727,0.0,0.005036042263256641,1868.0,175.61455118592883,True,,,,,,,,,,,,,,
16,10700.0,443324.7819027642,4006700.9292558352,False,25.69332504272461,24.318883895874023,26.739412307739258,1.5099999904632568,0.0,0.0012829369387150893,1970.0,167.77869732229925,True,,,,,,,,,,,,,,
16,10800.0,443422.5312280418,4006722.025924003,False,25.9326229095459,24.6154727935791,26.802879333496094,1.5099999904632568,0.0,0.0,1970.0,167.77869732229925,True,,,,,,,,,,,,,,
16,10900.0,443520.2805533194,4006743.122592171,False,26.161428451538086,24.99649429321289,26.926679611206055,1.5099999904632568,0.0,0.0,1970.0,158.2160494462784,True,,,,,,,,,,,,,,
16,11000.0,443618.0298785969,4006764.2192603387,False,26.331581115722656,25.50959014892578,26.933853149414062,1.5099999904632568,0.0,0.0,1970.0,157.07442971594122,True,,,,,,,,,,,,,,
16,11100.0,443715.77920387447,4006785.3159285067,False,26.386890411376953,25.675262451171875,26.93375587463379,1.5099999904632568,0.0,0.0,1970.0,175.61455118592883,True,,,,,,,,,,,,,,
16,11200.0,443813.528529152,4006806.4125966746,False,26.305198669433594,25.182079315185547,26.933937072753906,1.5099999904632568,0.0,0.0,1970.0,189.33766697821136,True,,,,,,,,,,,,,,
16,11300.0,443911.27785442956,4006827.5092648426,False,26.089981079101562,24.536142349243164,26.93390464782715,1.5099999904632568,0.0,0.0,1970.0,189.33766697821136,True,,,,,,,,,,,,,,
16,11400.0,444009.0271797071,4006848.60593301,False,25.78240966796875,23.673049926757812,26.93397331237793,1.0626311302185059,0.0,0.0,2016.0,179.62148235407938,False,,,,,,,,,,,,,,
16,11500.0,444106.77650498465,4006869.702601178,False,25.365354537963867,22.99061393737793,26.92540168762207,1.0626311302185059,0.0,0.0,2016.0,157.53846153846138,True,,,,,,,,,,,,,,
16,11600.0,444204.52583026217,4006890.799269346,False,24.908414840698242,22.011734008789062,26.92172622680664,1.0626311302185059,0.0,0.0,2016.0,179.62148235407938,True,,,,,,,,,,,,,,
16,11700.0,444302.27515553974,4006911.895937514,False,24.429096221923828,21.67613410949707,26.911165237426758,1.0626311302185059,0.0,0.0,2016.0,170.0771427404593,True,,,,,,,,,,,,,,
16,11800.0,444400.0244808173,4006932.9926056815,False,23.923046112060547,21.298290252685547,26.70027732849121,1.0626311302185059,0.0,0.0,2016.0,170.6666666666664,True,,,,,,,,,,,,,,
16,11900.0,444497.77380609483,4006954.0892738495,False,23.440031051635742,21.01207160949707,26.17909049987793,1.0626311302185059,0.0,0.0,2016.0,161.9086162006208,False,,,,,,,,,,,,,,
16,12000.0,444595.5231313724,4006975.1859420175,False,23.048433303833008,20.88731575012207,25.313709259033203,1.0626311302185059,0.0,0.0,2016.0,168.78866098014888,False,,,,,,,,,,,,,,
16,12100.0,444693.2724566499,4006996.282610185,False,22.804630279541016,20.71585464477539,24.671478271484375,1.0626311302185059,0.0,0.0,2016.0,191.43616688452764,False,,,,,,,,,,,,,,
16,12200.0,444791.0217819275,4007017.379278353,False,22.649250030517578,20.58306121826172,24.518495559692383,1.0626311302185059,0.0,0.0,2016.0,175.61455118592883,False,,,,,,,,,,,,,,
16,12300.0,444888.771107205,4007038.475946521,False,22.619237899780273,20.535037994384766,24.63888168334961,1.0626311302185059,0.0,0.0,2016.0,175.61455118592883,False,,,,,,,,,,,,,,
16,12400.0,444986.5204324826,4007059.572614689,False,22.70979881286621,20.536230087280273,24.924968719482422,1.0626311302185059,0.0,0.0,2016.0,106.47045015757534,True,,,,,,,,,,,,,,
16,12500.0,445084.2697577601,4007080.6692828564,False,22.87230682373047,20.52802085876465,25.175994873046875,1.0626311302185059,0.0,0.0,2016.0,204.79999999999976,False,,,,,,,,,,,,,,
16,12600.0,445182.0190830377,4007101.7659510244,False,23.09911346435547,20.666645050048828,25.422391891479492,1.0626311302185059,0.0,0.0,2016.0,192.65963384496044,False,,,,,,,,,,,,,,
16,12700.0,445279.7684083152,4007122.8626191923,False,23.363012313842773,20.937618255615234,25.545654296875,1.0626311302185059,0.0,0.0,2016.0,170.40390028039025,False,,,,,,,,,,,,,,
16,12800.0,445377.5177335928,4007143.95928736,False,23.66536521911621,21.241559982299805,25.656892776489258,1.0626311302185059,0.0,0.0,2016.0,127.75073004580959,False,,,,,,,,,,,,,,
16,12900.0,445475.26705887035,4007165.055955528,False,24.022031784057617,21.584510803222656,25.84343147277832,1.0626311302185059,0.0,0.0,2016.0,127.75073004580959,True,,,,,,,,,,,,,,
16,13000.0,445573.01638414786,4007186.152623696,False,24.39998435974121,22.016719818115234,26.2264347076416,1.0626311302185059,0.0,0.0,2016.0,133.0630907363971,False,,,,,,,,,,,,,,
16,13100.0,445670.76570942544,4007207.2492918638,False,24.76548957824707,22.44188690185547,26.669832229614258,1.0626311302185059,0.0,0.0,2016.0,222.13678880630357,False,,,,,,,,,,,,,,
16,13200.0,445768.51503470296,4007228.3459600313,False,25.130277633666992,22.744115829467773,26.95901107788086,1.0626311302185059,0.0,0.0,2016.0,222.13678880630357,False,,,,,,,,,,,,,,
16,13300.0,445866.26435998053,4007249.4426281992,False,25.449295043945312,23.083030700683594,27.167924880981445,1.0626311302185059,0.0,0.0,2016.0,241.35911464500796,False,,,,,,,,,,,,,,
16,13400.0,445964.01368525805,4007270.539296367,False,25.716350555419922,23.285247802734375,27.336076736450195,1.0626311302185059,0.0,0.0,2016.0,206.64508231566697,False,,,,,,,,,,,,,,
16,13500.0,446061.7630105356,4007291.635964535,False,25.940841674804688,23.80673599243164,27.359975814819336,1.0626311302185059,0.0,0.0,2016.0,147.41826575333243,True,,,,,,,,,,,,,,
16,13600.0,446159.51233581314,4007312.7326327027,False,26.122859954833984,24.347362518310547,27.359935760498047,1.0626311302185059,0.0,0.0,2016.0,155.7565828802744,True,,,,,,,,,,,,,,
16,13700.0,446257.2616610907,4007333.8293008707,False,26.348379135131836,25.056058883666992,27.36456298828125,1.0626311302185059,0.0,0.0,2016.0,157.07442971594122,True,,,,,,,,,,,,,,
16,13800.0,446355.01098636823,4007354.9259690386,False,26.56130027770996,25.661054611206055,27.364242553710938,1.0626311302185059,0.0,0.0,2016.0,170.6666666666665,True,,,,,,,,,,,,,,
16,13900.0,446452.7603116458,4007376.022637206,False,26.74666404724121,25.975082397460938,27.380434036254883,1.0626311302185059,0.0,0.0,2016.0,170.6666666666665,True,,,,,,,,,,,,,,
16,14000.0,446550.5096369234,4007397.119305374,False,26.877483367919922,26.13144302368164,27.430294036865234,1.0626311302185059,0.0,0.0,2016.0,170.6666666666665,True,,,,,,,,,,,,,,
16,14100.0,446648.2589622009,4007418.215973542,False,26.96262550354004,26.19403648376465,27.50504493713379,3.2699999809265137,0.0,0.0,2016.0,161.46073535312985,True,,,,,,,,,,,,,,
16,14200.0,446746.0082874785,4007439.31264171,False,27.021406173706055,26.216005325317383,27.57215118408203,3.2699999809265137,0.0,0.0,2016.0,152.64890726398548,True,,,,,,,,,,,,,,
16,14300.0,446843.757612756,4007460.4093098775,False,27.057668685913086,26.216014862060547,27.62567710876465,3.2699999809265137,0.0,0.0,2016.0,152.64890726398548,True,,,,,,,,,,,,,,
16,14400.0,446941.50693803356,4007481.5059780455,False,27.10879135131836,26.265064239501953,27.684553146362305,3.2699999809265137,0.0,0.0,2016.0,152.64890726398548,True,,,,,,,,,,,,,,
16,14500.0,447039.2562633111,4007502.6026462135,False,27.197778701782227,26.530841827392578,27.742835998535156,3.2699999809265137,0.0,0.0,2016.0,152.64890726398548,True,,,,,,,,,,,,,,
16,14600.0,447137.00558858865,4007523.699314381,False,27.300668716430664,26.808713912963867,27.746061325073242,3.2699999809265137,0.0,0.0,2016.0,163.4481939389688,True,,,,,,,,,,,,,,
16,14700.0,447234.75491386617,4007544.795982549,False,27.36652183532715,26.95432472229004,27.748010635375977,3.2699999809265137,0.0,0.0,2016.0,163.4481939389688,True,,,,,,,,,,,,,,
16,14800.0,447332.50423914375,4007565.892650717,False,27.3819580078125,26.97817039489746,27.754737854003906,3.2699999809265137,0.0,0.0,2016.0,155.7565828802744,True,,,,,,,,,,,,,,
16,14900.0,447430.25356442126,4007586.989318885,False,27.37076759338379,26.8543758392334,27.75472640991211,3.2699999809265137,0.0,0.0,2016.0,157.78138914850945,True,,,,,,,,,,,,,,
16,15000.0,447528.00288969884,4007608.0859870524,False,27.357759475708008,26.767120361328125,27.76792335510254,3.2699999809265137,0.0,0.0,2016.0,170.0771427404593,True,,,,,,,,,,,,,,
16,15100.0,447625.7522149764,4007629.1826552204,True,27.351572036743164,26.767208099365234,27.776126861572266,0.4000000059604645,0.0,0.0,2016.0,181.01933598375595,True,45.0,0.03146719601537923,0.03286647837007241,"[0.027611654181941572, 0.039883500485026716]",0.029529130166798624,0.029529130166798624,"[0.029529130166798624, 0.029529130166798624]",0.15684953556130699,0.15684953556130699,"[0.15684953556130699, 0.15684953556130699]",167.13277706306997,149.307948766179,188.02179786427442,149.307948766179
16,15200.0,447723.5015402539,4007650.2793233884,True,27.334545135498047,26.763835906982422,27.759965896606445,0.4000000059604645,0.0,0.0,2016.0,192.65963384496044,True,45.0,0.031024199618930985,0.03271331990947906,"[0.027611654181941572, 0.039883500485026716]",0.029529130166798624,0.029529130166798624,"[0.029529130166798624, 0.029529130166798624]",0.15684953556130699,0.15684953556130699,"[0.15684953556130699, 0.15684953556130699]",167.18101740295367,149.3473216491372,188.08028105333693,149.3473216491372
16,15300.0,447821.2508655315,4007671.3759915563,True,27.31256675720215,26.76384925842285,27.743839263916016,0.4000000059604645,0.0,0.0,2016.0,192.65963384496044,False,68.19859051364818,0.03500789589506513,0.04400394435221075,"[0.027611654181941572, 0.064427193091197]",0.029529130166798624,0.029529130166798624,"[0.029529130166798624, 0.029529130166798624]",0.15684953556130699,0.15684953556130699,"[0.15684953556130699, 0.15684953556130699]",167.02960371102574,149.2236768081898,187.89679304029656,149.2236768081898
16,15400.0,447919.000190809,4007692.472659724,True,27.300012588500977,26.763893127441406,27.71712875366211,0.4000000059604645,0.0,0.0,2016.0,93.38076212993079,True,63.43494882292201,0.03890873386728097,0.03473733692500027,"[0.021475731030399, 0.04601942363656929]",0.029529130166798624,0.029529130166798624,"[0.029529130166798624, 0.029529130166798624]",0.15684953556130699,0.15684953556130699,"[0.15684953556130699, 0.15684953556130699]",166.91824668926768,149.1333950628525,187.7610683607203,149.1333950628525
16,15500.0,448016.7495160866,4007713.569327892,True,27.296483993530273,26.763866424560547,27.70907974243164,0.4000000059604645,0.0,0.0,2016.0,90.31388652101438,True,63.43494882292201,0.043586858398727925,0.03528539047060595,"[0.015339807878856429, 0.05215534678811186]",0.029529130166798624,0.029529130166798624,"[0.029529130166798624, 0.029529130166798624]",0.15684953556130699,0.15684953556130699,"[0.15684953556130699, 0.15684953556130699]",166.93419742778104,149.146226088793,187.78062993330175,149.146226088793
16,15600.0,448114.4988413641,4007734.66599606,True,27.308837890625,26.763874053955078,27.73249053955078,0.4000000059604645,0.0,0.0,2016.0,88.05039726435274,True,65.55604521958347,0.047098315903576826,0.040678817691018616,"[0.027611654181941572, 0.05215534678811186]",0.029529130166798624,0.029529130166798624,"[0.029529130166798624, 0.029529130166798624]",0.15684953556130699,0.15684953556130699,"[0.15684953556130699, 0.15684953556130699]",167.15900612370982,149.32911091084492,188.05389083116876,149.32911091084492
16,15700.0,448212.2481666417,4007755.7626642273,True,27.33818244934082,26.73422622680664,27.790353775024414,0.4000000059604645,0.0,0.0,2016.0,134.16894097006954,True,60.25511870305778,0.04865580167913877,0.04101208034797189,"[0.027611654181941572, 0.05215534678811186]",0.029529130166798624,0.029529130166798624,"[0.029529130166798624, 0.029529130166798624]",0.15684953556130699,0.15684953556130699,"[0.15684953556130699, 0.15684953556130699]",167.11624231471674,149.29450999426092,188.00168527634725,149.29450999426092
16,15800.0,448309.9974919192,4007776.8593323953,True,27.357908248901367,26.74338150024414,27.824974060058594,0.36000001430511475,0.0,0.0,2016.0,134.5867635727328,True,60.25511870305778,0.04810614047116737,0.048852415850654966,"[0.04601942363656929, 0.05215534678811186]",0.029529130166798624,0.029529130166798624,"[0.029529130166798624, 0.029529130166798624]",0.15684953556130699,0.15684953556130699,"[0.15684953556130699, 0.15684953556130699]",167.07473358485123,149.26057013739134,187.9514366867055,149.26057013739134
16,15900.0,448407.7468171968,4007797.956000563,True,27.36910629272461,26.82465362548828,27.8249454498291,0.36000001430511475,0.0,0.0,2016.0,134.16894097006954,True,56.309932474020215,0.04635596936609742,0.04007722601788113,"[0.027611654181941572, 0.05215534678811186]",0.029529130166798624,0.029529130166798624,"[0.029529130166798624, 0.029529130166798624]",0.15684953556130699,0.15684953556130699,"[0.15684953556130699, 0.15684953556130699]",167.2034790450686,149.3653270696714,188.10790451499906,149.3653270696714
16,16000.0,448505.49614247435,4007819.052668731,True,27.39191436767578,26.8618106842041,27.853891372680664,0.4699999988079071,0.0,0.0,2016.0,142.0032502336585,True,50.19442890773481,0.04405040337096559,0.03930480910268318,"[0.027611654181941572, 0.05215534678811186]",0.029529130166798624,0.029529130166798624,"[0.029529130166798624, 0.029529130166798624]",0.15684953556130699,0.15684953556130699,"[0.15684953556130699, 0.15684953556130699]",167.16489564732325,149.33410200700638,188.06081064443026,149.33410200700638
16,16100.0,448603.24546775187,4007840.1493368987,True,27.40079116821289,26.82729148864746,27.884662628173828,0.4699999988079071,0.0,0.0,2016.0,142.0032502336585,True,63.43494882292201,0.02977089550838482,0.034638120191046715,"[0.021475731030399, 0.04601942363656929]",0.029529130166798624,0.029529130166798624,"[0.029529130166798624, 0.029529130166798624]",0.15684953556130699,0.15684953556130699,"[0.15684953556130699, 0.15684953556130699]",167.06616536932174,149.25341541663076,187.94124182505936,149.25341541663076
16,16200.0,448700.99479302944,4007861.2460050667,True,27.408252716064453,26.794265747070312,27.9288330078125,0.4699999988079071,0.0,0.0,2016.0,157.07442971594122,True,51.34019174590991,0.03961797535266572,0.03707674366557144,"[0.027611654181941572, 0.04601942363656929]",0.029565085830233723,0.029529130166798624,"[0.029529130166798624, 0.029529130166798624]",0.15684953556130699,0.15684953556130699,"[0.15684953556130699, 0.15684953556130699]",167.09305463428646,149.2751347279495,187.97411256762678,149.2751347279495
16,16300.0,448798.74411830696,4007882.3426732346,True,27.400850296020508,26.749380111694336,27.922426223754883,0.4699999988079071,0.0,0.0,2016.0,159.92193217393245,True,51.34019174590991,0.04131140685265068,0.03749567699013949,"[0.027611654181941572, 0.04601942363656929]",0.029529130166798624,0.029529130166798624,"[0.029529130166798624, 0.029529130166798624]",0.15684953556130699,0.15684953556130699,"[0.15684953556130699, 0.15684953556130699]",167.11252233681768,149.29096325727093,187.99778583911265,149.29096325727093
16,16400.0,448896.49344358454,4007903.439341402,True,27.397018432617188,26.75028419494629,27.911428451538086,0.4699999988079071,0.0,0.0,2016.0,150.57195460481162,True,51.34019174590991,0.04232204849399511,0.043109193171398344,"[0.027611654181941572, 0.05829126993965443]",0.029468527891826395,0.029529130166798624,"[0.029529130166798624, 0.029529130166798624]",0.15684953556130699,0.15684953556130699,"[0.15684953556130699, 0.15684953556130699]",167.12551716910562,149.3016523127528,188.01344150282253,149.3016523127528
17,5000.0,437851.1393084432,4003811.793206737,True,19.79322624206543,19.088157653808594,20.57213592529297,0.300119549036026,0.0,1.0,2001.0,146.2857142857141,True,56.309932474020215,0.045315204874446194,0.04565382270773081,"[0.039883500485026716, 0.05215534678811186]",0.04708372439423646,0.046898266796295426,"[0.046402918833540696, 0.047169909227483514]",0.15761652595524983,0.15761652595524983,"[0.15761652595524983, 0.15761652595524983]",148.01904172200992,133.35786425433542,165.25909733119437,133.35786425433542
17,5100.0,437950.89847421827,4003804.8571528257,True,19.95636749267578,19.24047088623047,20.725830078125,0.300119549036026,0.0,1.0,2001.0,134.16894097006954,True,56.309932474020215,0.045353836758355366,0.04572730419113206,"[0.039883500485026716, 0.05215534678811186]",0.04702060456286298,0.046904412552657156,"[0.046402918833540696, 0.047169909227483514]",0.15761652595524983,0.15761652595524983,"[0.15761652595524983, 0.15761652595524983]",148.18139003143108,133.49595842808577,165.44942042601508,133.49595842808577
17,5200.0,438050.65763999335,4003797.9210989145,True,20.123844146728516,19.39362335205078,20.84722900390625,0.300119549036026,0.0,1.0,2001.0,134.5867635727328,True,60.25511870305778,0.040561207808727046,0.0426241424558479,"[0.033747577333484144, 0.05215534678811186]",0.046402918833540696,0.046402918833540696,"[0.046402918833540696, 0.046402918833540696]",0.15761652595524983,0.15761652595524983,"[0.15761652595524983, 0.15761652595524983]",149.52483205631745,134.63825348311033,167.02484867744982,134.63825348311033
17,5300.0,438150.41680576844,4003790.9850450032,True,20.296871185302734,19.533226013183594,20.952659606933594,0.300119549036026,0.0,1.0,2001.0,138.70806251081638,True,66.80140948635182,0.039818760601137204,0.042407503280681595,"[0.033747577333484144, 0.05215534678811186]",0.046402918833540696,0.046675915414435595,"[0.046402918833540696, 0.047169909227483514]",0.15761652595524983,0.15761652595524983,"[0.15761652595524983, 0.15761652595524983]",149.61291879291974,134.71306806968542,167.1282419596551,134.71306806968542
17,5400.0,438250.17597154353,4003784.048991092,True,20.465288162231445,19.678359985351562,21.060150146484375,0.300119549036026,0.0,1.0,2001.0,137.38401653758692,True,66.80140948635182,0.03916656401892867,0.04213790720171567,"[0.033747577333484144, 0.05215534678811186]",0.04657246747073958,0.0466585822981883,"[0.046402918833540696, 0.047169909227483514]",0.15761652595524983,0.15761652595524983,"[0.15761652595524983, 0.15761652595524983]",150.19162498335152,135.20471632542979,167.80734779335185,135.20471632542979
17,5500.0,438349.9351373186,4003777.112937181,True,20.624786376953125,19.927536010742188,21.167404174804688,0.300119549036026,0.0,1.0,2001.0,143.03852457360946,True,66.80140948635182,0.03923856889502525,0.040035930608452584,"[0.027611654181941572, 0.05215534678811186]",0.04641719113815238,0.046402918833540696,"[0.046402918833540696, 0.046402918833540696]",0.15761652595524983,0.15761652595524983,"[0.15761652595524983, 0.15761652595524983]",150.38378842050528,135.3682462561477,168.03253656705795,135.3682462561477
17,5600.0,438449.6943030937,4003770.1768832696,True,20.77238655090332,20.191326141357422,21.254817962646484,0.300119549036026,0.0,1.0,2001.0,146.58517358435014,True,63.43494882292201,0.03882630598228679,0.031320267733529514,"[0.009203884727313857, 0.05215534678811186]",0.0463611390237032,0.046402918833540696,"[0.046402918833540696, 0.046402918833540696]",0.15761652595524983,0.15761652595524983,"[0.15761652595524983, 0.15761652595524983]",150.7183111549311,135.65189398325205,168.42572214712524,135.65189398325205
17,5700.0,438549.4534688688,4003763.2408293583,True,20.91483497619629,20.404972076416016,21.38638687133789,0.300119549036026,0.0,1.0,2001.0,248.35648003720468,False,63.43494882292201,0.03907009204515369,0.03085617702352662,"[0.009203884727313857, 0.05215534678811186]",0.03718145483255638,0.03719903410622684,"[0.03719903410622684, 0.03719903410622684]",0.15761652595524983,0.15761652595524983,"[0.15761652595524983, 0.15761652595524983]",151.44716343811976,136.26921909203057,169.28316574595857,136.26921909203057
17,5800.0,438649.2126346439,4003756.3047754476,True,21.05401611328125,20.559162139892578,21.556793212890625,0.300119549036026,0.0,1.0,2001.0,109.00404130044906,True,63.43494882292201,0.0399692697856807,0.03169699282511582,"[0.009203884727313857, 0.05215534678811186]",0.03719903410622684,0.03719903410622684,"[0.03719903410622684, 0.03719903410622684]",0.15761652595524983,0.15761652595524983,"[0.15761652595524983, 0.15761652595524983]",151.50343313674225,136.31718494256725,169.34901375793532,136.31718494256725
17,5900.0,438748.971800419,4003749.3687215364,True,21.19027328491211,20.69239044189453,21.75240707397461,0.300119549036026,0.0,1.0,2001.0,114.4866804479891,True,63.43494882292201,0.04084860020301801,0.04056610650977736,"[0.027611654181941572, 0.05215534678811186]",0.03259709174256992,0.03259709174256992,"[0.03259709174256992, 0.03259709174256992]",0.15761652595524983,0.15761652595524983,"[0.15761652595524983, 0.15761652595524983]",152.211188621624,136.91496231997004,170.1835573537276,136.91496231997004
17,6000.0,438848.73096619407,4003742.432667625,True,21.318355560302734,20.83423614501953,21.892078399658203,0.300119549036026,0.0,1.0,2001.0,120.47058823529396,True,63.43494882292201,0.05012350599711469,0.04190164537694608,"[0.027611654181941572, 0.05215534678811186]",0.03259709174256992,0.03259709174256992,"[0.03259709174256992, 0.03259709174256992]",0.15761652595524983,0.15761652595524983,"[0.15761652595524983, 0.15761652595524983]",152.33359848149948,137.0185909553222,170.32762143460135,137.0185909553222
17,6100.0,438948.49013196916,4003735.496613714,True,21.43355369567871,20.941429138183594,22.01296615600586,0.300119549036026,0.0,1.0,2001.0,127.01156821934931,True,60.25511870305778,0.0500198959125551,0.04444469567107101,"[0.033747577333484144, 0.05215534678811186]",0.045635928439597885,0.04563592843959788,"[0.04563592843959788, 0.04563592843959788]",0.15761652595524983,0.15761652595524983,"[0.15761652595524983, 0.15761652595524983]",152.98563933369266,137.56881368492415,171.0970396022318,137.56881368492415
17,6200.0,439048.24929774425,4003728.5605598027,True,21.52231216430664,21.049331665039062,22.076370239257812,0.300119549036026,0.0,1.0,2001.0,130.84192051198752,True,60.25511870305778,0.0493490942375121,0.044138403207419984,"[0.033747577333484144, 0.05215534678811186]",0.04571369609135488,0.04563592843959788,"[0.04563592843959788, 0.04563592843959788]",0.15761652595524983,0.15761652595524983,"[0.15761652595524983, 0.15761652595524983]",152.98073654689327,137.56500307061017,171.09087993658716,137.56500307061017
17,6300.0,439148.00846351933,4003721.6245058915,True,21.612876892089844,21.15262222290039,22.126548767089844,0.300119549036026,0.0,1.0,2001.0,134.5867635727328,True,60.25511870305778,0.045091933837186036,0.04352640566769716,"[0.033747577333484144, 0.05215534678811186]",0.04549806071320129,0.04563592843959788,"[0.04563592843959788, 0.04563592843959788]",0.15761652595524983,0.15761652595524983,"[0.15761652595524983, 0.15761652595524983]",153.29835881055948,137.832748610264,171.46599895041416,137.832748610264
17,6400.0,439247.7676292944,4003714.6884519802,True,21.713428497314453,21.23086166381836,22.240570068359375,0.300119549036026,0.0,1.0,2001.0,138.70806251081638,True,66.80140948635182,0.04351125600984043,0.04317919103903225,"[0.033747577333484144, 0.05215534678811186]",0.04544276635162443,0.04563592843959788,"[0.04563592843959788, 0.04563592843959788]",0.15761652595524983,0.15761652595524983,"[0.15761652595524983, 0.15761652595524983]",153.42535307183383,137.93971542276526,171.6160801511743,137.93971542276526
17,6500.0,439347.5267950695,4003707.752398069,True,21.81597900390625,21.310104370117188,22.385269165039062,0.300119549036026,0.0,1.0,2001.0,143.03852457360946,True,66.80140948635182,0.04219617787207395,0.043122845133498865,"[0.033747577333484144, 0.05215534678811186]",0.04563592843959788,0.04563592843959788,"[0.04563592843959788, 0.04563592843959788]",0.15761652595524983,0.15761652595524983,"[0.15761652595524983, 0.15761652595524983]",153.8129022002377,138.26613921111613,172.07409220258168,138.26613921111613
17,6600.0,439447.2859608446,4003700.8163441583,True,21.91881561279297,21.415611267089844,22.50986099243164,0.300119549036026,0.0,1.0,2001.0,143.03852457360946,True,63.43494882292201,0.041114758654547966,0.04280021005968416,"[0.033747577333484144, 0.05215534678811186]",0.036411821714270876,0.03643204371228402,"[0.03643204371228402, 0.03643204371228402]",0.15761652595524983,0.15761652595524983,"[0.15761652595524983, 0.15761652595524983]",154.1994763205044,138.59183050625595,172.5308494818417,138.59183050625595
17,6700.0,439547.04512661963,4003693.880290247,True,22.015886306762695,21.550376892089844,22.517181396484375,0.300119549036026,0.0,1.0,2001.0,137.38401653758692,True,63.43494882292201,0.04004484712465996,0.04245088522628431,"[0.033747577333484144, 0.05215534678811186]",0.036467999375719116,0.03643204371228402,"[0.03643204371228402, 0.03643204371228402]",0.15761652595524983,0.15761652595524983,"[0.15761652595524983, 0.15761652595524983]",154.30116046427514,138.67761266618936,172.65086481016468,138.67761266618936
17,6800.0,439646.8042923947,4003686.944236336,True,22.074342727661133,21.585063934326172,22.520488739013672,0.300119549036026,0.0,1.0,2001.0,138.70806251081638,True,63.43494882292201,0.03747598068771933,0.041898780291915405,"[0.033747577333484144, 0.05215534678811186]",0.03630676250466995,0.03643204371228402,"[0.03643204371228402, 0.03643204371228402]",0.15761652595524983,0.15761652595524983,"[0.15761652595524983, 0.15761652595524983]",154.59443340782533,138.92407458179426,172.99809733004574,138.92407458179426
17,6900.0,439746.5634581698,4003680.0081824246,True,22.099897384643555,21.564781188964844,22.533554077148438,0.300119549036026,0.0,1.0,2001.0,147.41826575333243,True,59.03624346792648,0.037700258391715924,0.04216384110025046,"[0.033747577333484144, 0.05215534678811186]",0.03636405897387009,0.03643204371228402,"[0.03643204371228402, 0.03643204371228402]",0.15761652595524983,0.15761652595524983,"[0.15761652595524983, 0.15761652595524983]",154.44792080990888,138.80077706274042,172.8248239878735,138.80077706274042
17,7000.0,439846.3226239449,4003673.0721285134,True,22.093799591064453,21.529346466064453,22.5496826171875,0.300119549036026,0.0,1.0,2001.0,175.61455118592883,False,59.03624346792648,0.0361947729859787,0.042198696448136015,"[0.033747577333484144, 0.05215534678811186]",0.036386978455355795,0.03643204371228402,"[0.03643204371228402, 0.03643204371228402]",0.15761652595524983,0.15761652595524983,"[0.15761652595524983, 0.15761652595524983]",154.48438641072434,138.83158307869658,172.86781371363978,138.83158307869658
17,7100.0,439946.08178972,4003666.136074602,True,22.059337615966797,21.46456527709961,22.55974578857422,0.300119549036026,0.0,1.0,2001.0,114.4866804479891,True,63.43494882292201,0.009203884727313857,0.009203884727313857,"[0.009203884727313857, 0.009203884727313857]",0.03640122598509896,0.03643204371228402,"[0.03643204371228402, 0.03643204371228402]",0.15761652595524983,0.15761652595524983,"[0.15761652595524983, 0.15761652595524983]",154.5006914133959,138.8448734327859,172.8875921714018,138.8448734327859
17,7200.0,440045.8409554951,4003659.200020691,True,22.004243850708008,21.357563018798828,22.570667266845703,0.300119549036026,0.0,1.0,2001.0,204.79999999999976,False,63.43494882292201,0.009203884727313857,0.009203884727313857,"[0.009203884727313857, 0.009203884727313857]",0.03640390619538291,0.03643204371228402,"[0.03643204371228402, 0.03643204371228402]",0.15761652595524983,0.15761652595524983,"[0.15761652595524983, 0.15761652595524983]",154.31798312216264,138.69082188065005,172.67184910998702,138.69082188065005
17,7300.0,440145.60012127017,4003652.26396678,True,21.922834396362305,21.20886993408203,22.551795959472656,0.300119549036026,0.0,1.0,2001.0,127.01156821934931,True,60.25511870305778,0.009203884727313857,0.009203884727313857,"[0.009203884727313857, 0.009203884727313857]",0.04539160415024233,0.04563592843959788,"[0.04563592843959788, 0.04563592843959788]",0.15761652595524983,0.15761652595524983,"[0.15761652595524983, 0.15761652595524983]",153.71842788022605,138.186377877213,171.96265629677325,138.186377877213
17,7400.0,440245.35928704526,4003645.327912869,True,21.802316665649414,21.009716033935547,22.50986099243164,0.300119549036026,0.0,1.0,2001.0,134.16894097006954,True,60.25511870305778,0.009203884727313857,0.009203884727313857,"[0.009203884727313857, 0.009203884727313857]",0.036528981535153805,0.03643204371228402,"[0.03643204371228402, 0.03643204371228402]",0.15761652595524983,0.15761652595524983,"[0.15761652595524983, 0.15761652595524983]",153.96760330946282,138.39554613179217,172.25794612765532,138.39554613179217
17,7500.0,440345.11845282034,4003638.3918589577,True,21.661623001098633,20.884353637695312,22.44692611694336,0.300119549036026,0.0,1.0,2001.0,134.16894097006954,True,60.25511870305778,0.009203884727313857,0.011853432897297907,"[0.009203884727313857, 0.015339807878856429]",0.03248683010599827,0.03259709174256992,"[0.03259709174256992, 0.03259709174256992]",0.15761652595524983,0.15761652595524983,"[0.15761652595524983, 0.15761652595524983]",153.14872836392968,137.70564653021742,171.29039263652223,137.70564653021742
17,7600.0,440444.87761859543,4003631.4558050465,True,21.518375396728516,20.811206817626953,22.347488403320312,0.300119549036026,0.0,1.0,2001.0,134.16894097006954,True,56.309932474020215,0.046408786828745635,0.04255139573983751,"[0.033747577333484144, 0.05215534678811186]",0.04549237487815546,0.04533852400113025,"[0.04486893804565506, 0.04563592843959788]",0.15761652595524983,0.15761652595524983,"[0.15761652595524983, 0.15761652595524983]",153.38627262812213,137.9058420284712,171.57099149471966,137.9058420284712
17,7700.0,440544.6367843705,4003624.5197511353,True,21.4005126953125,20.798397064208984,22.21062469482422,0.300119549036026,0.0,1.0,2001.0,145.62676627660082,True,56.309932474020215,0.03587392365374961,0.04179306369349116,"[0.033747577333484144, 0.05215534678811186]",0.03262522925947103,0.03259709174256992,"[0.03259709174256992, 0.03259709174256992]",0.15761652595524983,0.15761652595524983,"[0.15761652595524983, 0.15761652595524983]",152.42201595604965,137.0928458107502,170.43236377707368,137.0928458107502
17,7800.0,440644.3959501456,4003617.583697224,True,21.32825469970703,20.79328155517578,22.020492553710938,0.300119549036026,0.0,1.0,2001.0,183.17868871678252,True,80.53767779197439,0.036194689226586946,0.03976222714593607,"[0.027611654181941572, 0.05215534678811186]",0.04576021358857382,0.04563592843959788,"[0.04563592843959788, 0.04563592843959788]",0.15761652595524983,0.15761652595524983,"[0.15761652595524983, 0.15761652595524983]",152.59493114425018,137.2390514437114,170.63607180922858,137.2390514437114
17,7900.0,440744.1551159207,4003610.647643313,True,21.31415367126465,20.787654876708984,21.927391052246094,0.300119549036026,0.0,1.0,2001.0,168.34456300068567,True,80.53767779197439,0.0376826745157056,0.039569457949337666,"[0.027611654181941572, 0.05215534678811186]",0.04593545500351602,0.04595330377502249,"[0.04563592843959788, 0.046402918833540696]",0.15761652595524983,0.15761652595524983,"[0.15761652595524983, 0.15761652595524983]",152.22994907366976,136.9307153597654,170.20578414169614,136.9307153597654
17,8000.0,440843.9142816958,4003603.7115894016,True,21.366342544555664,20.78586196899414,22.080341339111328,0.300119549036026,0.0,1.0,2001.0,167.77869732229925,False,80.53767779197439,0.0381840648610366,0.039367921077344006,"[0.027611654181941572, 0.05215534678811186]",0.045789726524832895,0.04563592843959788,"[0.04563592843959788, 0.04563592843959788]",0.15761652595524983,0.15761652595524983,"[0.15761652595524983, 0.15761652595524983]",152.6826396913231,137.31268572144842,170.740002801626,137.31268572144842
17,8100.0,440943.6734474709,4003596.775535491,True,21.469491958618164,20.79328155517578,22.447383880615234,0.300119549036026,0.0,1.0,2001.0,179.62148235407938,True,59.03624346792648,0.03822895329798518,0.0367870633159433,"[0.027611654181941572, 0.04601942363656929]",0.03262615654403416,0.03259709174256992,"[0.03259709174256992, 0.03259709174256992]",0.15761652595524983,0.15761652595524983,"[0.15761652595524983, 0.15761652595524983]",152.83914866782771,137.44395163421657,170.92560875602163,137.44395163421657
17,8200.0,441043.43261324597,4003589.8394815796,True,21.63357925415039,20.829998016357422,22.84741973876953,0.300119549036026,0.0,1.0,2001.0,172.54070977589132,True,59.03624346792648,0.037013908014739264,0.03477590055824825,"[0.027611654181941572, 0.039883500485026716]",0.03247280659359397,0.03259709174256992,"[0.03259709174256992, 0.03259709174256992]",0.15761652595524983,0.15761652595524983,"[0.15761652595524983, 0.15761652595524983]",153.28864924200795,137.82231200589578,171.45711842469774,137.82231200589578
17,8300.0,441143.19177902106,4003582.9034276684,True,21.827423095703125,20.895511627197266,23.065963745117188,0.300119549036026,0.0,1.0,2001.0,167.77869732229925,True,59.03624346792648,0.03644521267050112,0.036727951236384324,"[0.033747577333484144, 0.039883500485026716]",0.03257350931080583,0.032584308569337535,"[0.031830101348627085, 0.033364082136512735]",0.15761652595524983,0.15761652595524983,"[0.15761652595524983, 0.15761652595524983]",153.4709284532121,137.9744513433787,171.67413606560146,137.9744513433787
17,8400.0,441242.95094479615,4003575.967373757,True,22.026447296142578,20.97574806213379,23.091503143310547,0.300119549036026,0.0,1.0,2001.0,167.77869732229925,True,59.03624346792648,0.03680547801562531,0.036812426490797065,"[0.033747577333484144, 0.039883500485026716]",0.045075418169843895,0.04486893804565506,"[0.04486893804565506, 0.04486893804565506]",0.15761652595524983,0.15761652595524983,"[0.15761652595524983, 0.15761652595524983]",154.1551884271436,138.55101690025091,172.48254368513108,138.55101690025091
17,8500.0,441342.71011057124,4003569.031319846,True,22.198814392089844,21.065475463867188,23.091503143310547,0.300119549036026,0.0,1.0,2001.0,167.77869732229925,True,51.34019174590991,0.037580714739937134,0.03700962559008843,"[0.033747577333484144, 0.039883500485026716]",0.04511400820112332,0.04515467956496709,"[0.04486893804565506, 0.04563592843959788]",0.15761652595524983,0.15761652595524983,"[0.15761652595524983, 0.15761652595524983]",154.62575556844857,138.9474101227299,173.03861788814524,138.9474101227299
17,8600.0,441442.4692763463,4003562.0952659347,True,22.341419219970703,21.287521362304688,23.091503143310547,0.300119549036026,0.0,1.0,2001.0,167.77869732229925,True,51.34019174590991,0.03815326682133617,0.037125276681580575,"[0.033747577333484144, 0.039883500485026716]",0.04507803475391306,0.04486893804565506,"[0.04486893804565506, 0.04486893804565506]",0.15761652595524983,0.15761652595524983,"[0.15761652595524983, 0.15761652595524983]",155.11480943759304,139.3591850521255,173.6167559416749,139.3591850521255
17,8700.0,441542.2284421214,4003555.1592120235,True,22.462915420532227,21.628231048583984,23.091503143310547,0.300119549036026,0.0,1.0,2001.0,167.77869732229925,True,51.34019174590991,0.03897515972308409,0.04171438224929554,"[0.033747577333484144, 0.05215534678811186]",0.04504947015767226,0.04486893804565506,"[0.04486893804565506, 0.04486893804565506]",0.15761652595524983,0.15761652595524983,"[0.15761652595524983, 0.15761652595524983]",155.24280145317172,139.4681098978165,173.76673059599227,139.4681098978165
17,8800.0,441641.9876078965,4003548.2231581127,True,22.571199417114258,21.99388885498047,23.091503143310547,0.300119549036026,0.0,1.0,2001.0,150.57195460481162,True,51.34019174590991,0.040421239986745204,0.04232743981238809,"[0.033747577333484144, 0.05215534678811186]",0.045033757676625326,0.04486893804565506,"[0.04486893804565506, 0.04486893804565506]",0.15761652595524983,0.15761652595524983,"[0.15761652595524983, 0.15761652595524983]",155.76913390116397,139.9101003408087,174.39028539393965,139.9101003408087
17,8900.0,441741.7467736716,4003541.2871042015,True,22.668716430664062,22.201202392578125,23.098278045654297,0.300119549036026,0.0,1.0,2001.0,142.0032502336585,True,56.309932474020215,0.04242525818249324,0.04232114306139417,"[0.033747577333484144, 0.05215534678811186]",0.04486893804565506,0.04486893804565506,"[0.04486893804565506, 0.04486893804565506]",0.15761652595524983,0.15761652595524983,"[0.15761652595524983, 0.15761652595524983]",156.20471969396525,140.27585498802327,174.9063663941514,140.27585498802327
17,9000.0,441841.5059394467,4003534.3510502903,True,22.7440242767334,22.317100524902344,23.140731811523438,0.300119549036026,0.0,1.0,2001.0,142.0032502336585,True,56.309932474020215,0.043561412578881985,0.04257130052134263,"[0.033747577333484144, 0.05215534678811186]",0.04486893804565506,0.04486893804565506,"[0.04486893804565506, 0.04486893804565506]",0.15761652595524983,0.15761652595524983,"[0.15761652595524983, 0.15761652595524983]",156.12534747872022,140.20917180088327,174.81236768669257,140.20917180088327
17,9100.0,441941.26510522177,4003527.414996379,True,22.786874771118164,22.306129455566406,23.188899993896484,0.300119549036026,0.0,1.0,2001.0,142.0032502336585,True,56.309932474020215,0.04315718761464099,0.04251068457757474,"[0.033747577333484144, 0.05215534678811186]",0.044763693717394366,0.04486893804565506,"[0.04486893804565506, 0.04486893804565506]",0.20823789195547604,0.20823789195547604,"[0.20823789195547604, 0.20823789195547604]",156.31484404162023,140.36783393026852,175.0374078916721,140.36783393026852
17,9200.0,442041.02427099686,4003520.478942468,True,22.808881759643555,22.261165618896484,23.300384521484375,0.300119549036026,0.0,1.0,2001.0,163.4481939389688,True,57.9946167919165,0.03942817043071494,0.044571427519057814,"[0.033747577333484144, 0.05829126993965443]",0.04474918421224753,0.04486893804565506,"[0.04486893804565506, 0.04486893804565506]",0.20823789195547604,0.20823789195547604,"[0.20823789195547604, 0.20823789195547604]",156.4631732905491,140.49198721078918,175.21360519882901,140.49198721078918
17,9300.0,442140.78343677195,4003513.5428885566,True,22.830183029174805,22.24542808532715,23.393836975097656,0.300119549036026,0.0,1.0,2001.0,108.54378291265114,True,57.9946167919165,0.03735948761314864,0.040222778563513376,"[0.021475731030399, 0.05829126993965443]",0.044841282195839105,0.04486893804565506,"[0.04486893804565506, 0.04486893804565506]",0.20823789195547604,0.20823789195547604,"[0.20823789195547604, 0.20823789195547604]",156.19926376606074,140.27048069592007,174.9008177826787,140.27048069592007
17,9400.0,442240.54260254704,4003506.6068346454,True,22.869531631469727,22.2821044921875,23.445037841796875,0.300119549036026,0.0,1.0,2001.0,113.6026001869268,True,57.9946167919165,0.036275987561402614,0.04393254059330015,"[0.027611654181941572, 0.064427193091197]",0.04466309547888283,0.04486893804565506,"[0.04486893804565506, 0.04486893804565506]",0.20823789195547604,0.20823789195547604,"[0.20823789195547604, 0.20823789195547604]",156.5708601731268,140.581617085567,175.34210862986131,140.581617085567
17,9500.0,442340.3017683221,4003499.670780734,True,22.949745178222656,22.354591369628906,23.478649139404297,0.300119549036026,0.0,1.0,2001.0,157.01789083485494,False,68.19859051364818,0.035413864839928706,0.04627107618121609,"[0.027611654181941572, 0.07056311624273957]",0.031692233622230497,0.031830101348627085,"[0.031830101348627085, 0.031830101348627085]",0.20823789195547604,0.20823789195547604,"[0.20823789195547604, 0.20823789195547604]",156.84686561533863,140.8130457109253,175.66949860357994,140.8130457109253
17,9600.0,442440.0609340972,4003492.7347268234,True,23.0733699798584,22.474868774414062,23.646442413330078,0.300119549036026,0.0,1.0,2001.0,172.13393346985737,False,66.80140948635182,0.03568161518719173,0.03960176896749045,"[0.027611654181941572, 0.05215534678811186]",0.03163693926065363,0.031830101348627085,"[0.031830101348627085, 0.031830101348627085]",0.20823789195547604,0.20823789195547604,"[0.20823789195547604, 0.20823789195547604]",157.07297683460516,141.00195999242013,175.93848996897398,141.00195999242013
17,9700.0,442539.8200998723,4003485.798672912,True,23.208759307861328,22.62493133544922,23.823326110839844,0.300119549036026,0.0,1.0,2001.0,163.70908507697783,False,60.25511870305778,0.03536790455973739,0.039938214692173846,"[0.027611654181941572, 0.05215534678811186]",0.04436718552410908,0.04436194439542166,"[0.04410194765171223, 0.04486893804565506]",0.20823789195547604,0.20823789195547604,"[0.20823789195547604, 0.20823789195547604]",157.70457314978526,141.5298611593055,176.68962343743888,141.5298611593055
17,9800.0,442639.5792656474,4003478.862619001,True,23.35386848449707,22.784934997558594,23.952415466308594,0.300119549036026,0.0,1.0,2001.0,186.18181818181793,False,90.0,0.03269734716447419,0.03923154548876024,"[0.027611654181941572, 0.05215534678811186]",0.0356650533183412,0.0356650533183412,"[0.0356650533183412, 0.0356650533183412]",0.20823789195547604,0.20823789195547604,"[0.20823789195547604, 0.20823789195547604]",157.7326988447081,141.55311031468574,176.72337308970353,141.55311031468574
17,9900.0,442739.3384314225,4003471.9265650897,True,23.465110778808594,22.926836013793945,24.17386245727539,0.300119549036026,0.0,1.0,2001.0,204.79999999999976,False,90.0,0.031016864694999167,0.044057575078417135,"[0.027611654181941572, 0.064427193091197]",0.0356650533183412,0.0356650533183412,"[0.0356650533183412, 0.0356650533183412]",0.20823789195547604,0.20823789195547604,"[0.20823789195547604, 0.20823789195547604]",157.97563488366345,141.75530302889405,177.01328401520271,141.75530302889405
17,10000.0,442839.0975971976,4003464.9905111785,True,23.545249938964844,22.951868057250977,24.406627655029297,0.300119549036026,0.0,1.0,2001.0,204.79999999999976,False,90.0,0.03012090456084292,0.02840099305754072,"[0.021475731030399, 0.033747577333484144]",0.04425340711154524,0.04410194765171223,"[0.04410194765171223, 0.04410194765171223]",0.20823789195547604,0.20823789195547604,"[0.20823789195547604, 0.20823789195547604]",158.1352077905855,141.88860191094787,177.2031472151076,141.88860191094787
17,10100.0,442938.85676297266,4003458.0544572673,True,23.617475509643555,22.95352554321289,24.558002471923828,0.300119549036026,0.0,1.0,2001.0,99.45967230538375,True,60.94539590092286,0.0606375090456506,0.05913537447596796,"[0.04601942363656929, 0.07056311624273957]",0.044130053929499875,0.04410194765171223,"[0.04410194765171223, 0.04410194765171223]",0.20823789195547604,0.20823789195547604,"[0.20823789195547604, 0.20823789195547604]",158.63313692761767,142.30329414391338,177.79704002778394,142.30329414391338
17,10200.0,443038.61592874775,4003451.118403356,True,23.718812942504883,22.99148941040039,24.710102081298828,0.300119549036026,0.0,1.0,2001.0,103.83772192018296,True,57.9946167919165,0.058144276517931526,0.04299228461639299,"[0.015339807878856429, 0.07056311624273957]",0.044177489246149754,0.04410194765171223,"[0.04410194765171223, 0.04410194765171223]",0.20823789195547604,0.20823789195547604,"[0.20823789195547604, 0.20823789195547604]",158.3644593789471,142.08015215064677,177.4758578404623,142.08015215064677
17,10300.0,443138.37509452284,4003444.182349445,True,23.849000930786133,23.081798553466797,24.875247955322266,0.300119549036026,0.0,1.0,2001.0,103.83772192018296,True,57.9946167919165,0.03386486452249688,0.04116161316132599,"[0.015339807878856429, 0.07056311624273957]",0.044027905071916236,0.04410194765171223,"[0.04410194765171223, 0.04410194765171223]",0.20823789195547604,0.20823789195547604,"[0.20823789195547604, 0.20823789195547604]",159.08419859194524,142.67797584976657,178.33617457391517,142.67797584976657
17,10400.0,443238.1342602979,4003437.246295534,True,23.984516143798828,23.189857482910156,24.971668243408203,0.300119549036026,0.0,1.0,2001.0,175.61455118592883,True,59.03624346792648,0.03469875308031525,0.028221094583151706,"[0.015339807878856429, 0.039883500485026716]",0.043963191579823986,0.04410194765171223,"[0.04410194765171223, 0.04410194765171223]",0.20823789195547604,0.20823789195547604,"[0.20823789195547604, 0.20823789195547604]",159.32885527663146,142.8822373964391,178.6273971614751,142.8822373964391
17,10500.0,443337.893426073,4003430.310241623,False,24.112516403198242,23.298072814941406,25.052642822265625,1.5099999904632568,0.0,0.9997110104999518,1970.0,175.61455118592883,True,,,,,,,,,,,,,,
17,10600.0,443437.6525918481,4003423.3741877116,False,24.237403869628906,23.356891632080078,25.121335983276367,1.5199999809265137,0.0,0.9856496195704517,1970.0,175.61455118592883,True,,,,,,,,,,,,,,
17,10700.0,443537.4117576232,4003416.4381338004,False,24.387285232543945,23.348007202148438,25.20132827758789,1.5199999809265137,0.0,0.9357974781018384,1970.0,167.77869732229925,True,,,,,,,,,,,,,,
17,10800.0,443637.1709233983,4003409.502079889,False,24.530323028564453,23.401546478271484,25.41221809387207,1.5199999809265137,0.0,0.8502838448956028,1970.0,167.77869732229925,False,,,,,,,,,,,,,,
17,10900.0,443736.9300891734,4003402.566025978,False,24.624116897583008,23.626995086669922,25.469097137451172,1.5199999809265137,0.0,0.7829833597464342,1970.0,158.2160494462784,True,,,,,,,,,,,,,,
17,11000.0,443836.6892549484,4003395.6299720667,False,24.67293930053711,23.784740447998047,25.511798858642578,1.5199999809265137,0.0,0.6879207920792079,1970.0,157.07442971594122,True,,,,,,,,,,,,,,
17,11100.0,443936.44842072355,4003388.693918156,False,24.612308502197266,23.788558959960938,25.47222137451172,1.5199999809265137,0.0,0.5922810489856507,1970.0,190.51735232902385,True,,,,,,,,,,,,,,
17,11200.0,444036.2075864986,4003381.7578642447,False,24.50855827331543,23.649797439575195,25.437408447265625,1.5199999809265137,0.0,0.5064305500593589,1970.0,190.51735232902385,True,,,,,,,,,,,,,,
17,11300.0,444135.96675227367,4003374.8218103335,False,24.31456184387207,22.802181243896484,25.38545799255371,1.5199999809265137,0.0,0.4133873838244018,1970.0,189.33766697821136,True,,,,,,,,,,,,,,
17,11400.0,444235.72591804876,4003367.8857564223,False,24.052968978881836,22.16776466369629,25.352508544921875,1.5199999809265137,0.0,0.3186400474402056,1970.0,179.62148235407938,True,,,,,,,,,,,,,,
17,11500.0,444335.48508382385,4003360.949702511,False,23.736976623535156,21.714616775512695,25.306419372558594,1.5199999809265137,0.0,0.22374790081991505,1970.0,192.65963384496044,True,,,,,,,,,,,,,,
17,11600.0,444435.24424959894,4003354.0136486,False,23.412445068359375,21.249738693237305,25.232009887695312,1.5099999904632568,0.0,0.13868036349269064,1970.0,180.66681503384797,True,,,,,,,,,,,,,,
17,11700.0,444535.003415374,4003347.0775946886,False,23.03497886657715,20.8973331451416,25.07802391052246,1.5099999904632568,0.0,0.05496348924412867,1970.0,167.77869732229925,True,,,,,,,,,,,,,,
17,11800.0,444634.7625811491,4003340.1415407774,False,22.6514949798584,20.765897750854492,24.593801498413086,1.5099999904632568,0.0,0.009667554503304726,1970.0,170.6666666666664,True,,,,,,,,,,,,,,
17,11900.0,444734.5217469242,4003333.2054868666,False,22.347293853759766,20.71164894104004,24.061622619628906,1.5,0.0,0.0,1970.0,161.9086162006208,False,,,,,,,,,,,,,,
17,12000.0,444834.2809126993,4003326.2694329554,False,22.071165084838867,20.695545196533203,23.783336639404297,1.4900000095367432,0.0,0.0,1970.0,184.5785911683406,False,,,,,,,,,,,,,,
17,12100.0,444934.0400784744,4003319.333379044,False,21.90904998779297,20.726680755615234,23.289106369018555,1.4800000190734863,0.0,0.0,1970.0,189.33766697821136,False,,,,,,,,,,,,,,
17,12200.0,445033.7992442495,4003312.397325133,False,21.823904037475586,20.783584594726562,22.851322174072266,1.4700000286102295,0.0,0.0,1970.0,175.61455118592883,False,,,,,,,,,,,,,,
17,12300.0,445133.55841002456,4003305.4612712217,False,21.775590896606445,20.798641204833984,22.533456802368164,1.4600000381469727,0.0,0.0,1970.0,165.57098669146978,False,,,,,,,,,,,,,,
17,12400.0,445233.31757579965,4003298.5252173105,False,21.798994064331055,20.804502487182617,22.568950653076172,1.4600000381469727,0.0,0.0,1970.0,106.47045015757534,True,,,,,,,,,,,,,,
17,12500.0,445333.07674157474,4003291.5891633993,False,21.876598358154297,20.849185943603516,22.665550231933594,1.4600000381469727,0.0,0.0,1970.0,248.35648003720468,False,,,,,,,,,,,,,,
17,12600.0,445432.8359073498,4003284.653109488,False,22.021841049194336,20.966333389282227,22.743986129760742,1.4600000381469727,0.0,0.0,1970.0,239.70026945767506,False,,,,,,,,,,,,,,
17,12700.0,445532.5950731249,4003277.7170555773,False,22.23830223083496,21.180757522583008,23.266273498535156,1.4700000286102295,0.0,0.0,1970.0,170.0771427404593,False,,,,,,,,,,,,,,
17,12800.0,445632.3542389,4003270.781001666,False,22.46784782409668,21.493803024291992,23.647363662719727,1.4700000286102295,0.0,0.0,1970.0,127.75073004580959,False,,,,,,,,,,,,,,
17,12900.0,445732.1134046751,4003263.844947755,False,22.68239402770996,21.724815368652344,23.738136291503906,1.4800000190734863,0.0,0.0,1970.0,127.75073004580959,False,,,,,,,,,,,,,,
17,13000.0,445831.8725704502,4003256.9088938436,False,22.941097259521484,22.00418472290039,23.942848205566406,1.4900000095367432,0.0,0.0,1970.0,204.79999999999976,False,,,,,,,,,,,,,,
17,13100.0,445931.6317362253,4003249.9728399324,False,23.209651947021484,22.2502384185791,24.441667556762695,1.4900000095367432,0.0,0.0,1970.0,222.13678880630357,False,,,,,,,,,,,,,,
17,13200.0,446031.39090200036,4003243.036786021,False,23.481260299682617,22.479026794433594,24.85091209411621,1.5,0.0,0.0,1970.0,222.13678880630357,False,,,,,,,,,,,,,,
17,13300.0,446131.15006777545,4003236.10073211,False,23.7412166595459,22.655271530151367,25.066240310668945,1.5099999904632568,0.0,0.0,1970.0,222.13678880630357,False,,,,,,,,,,,,,,
17,13400.0,446230.90923355054,4003229.164678199,False,24.038938522338867,22.733787536621094,25.397729873657227,1.5199999809265137,0.0,0.0,1970.0,206.64508231566697,False,,,,,,,,,,,,,,
17,13500.0,446330.66839932563,4003222.228624288,False,24.35243034362793,23.130115509033203,25.85436248779297,1.5299999713897705,0.0,0.0,1970.0,157.07442971594122,True,,,,,,,,,,,,,,
17,13600.0,446430.4275651007,4003215.292570377,False,24.644750595092773,23.36732292175293,26.182373046875,1.5299999713897705,0.0,0.0,1970.0,157.07442971594122,True,,,,,,,,,,,,,,
17,13700.0,446530.1867308758,4003208.3565164655,False,24.849872589111328,23.478878021240234,26.242883682250977,1.5299999713897705,0.0,0.0,1970.0,151.71526604537675,True,,,,,,,,,,,,,,
17,13800.0,446629.9458966509,4003201.4204625543,False,24.90880012512207,23.471874237060547,26.250545501708984,1.5299999713897705,0.0,0.0,1970.0,170.07714274045927,True,,,,,,,,,,,,,,
17,13900.0,446729.705062426,4003194.484408643,False,24.883745193481445,23.429447174072266,26.252893447875977,1.5299999713897705,0.0,0.0,1970.0,170.07714274045927,True,,,,,,,,,,,,,,
17,14000.0,446829.4642282011,4003187.548354732,False,24.81658935546875,23.151714324951172,26.2533016204834,1.5299999713897705,0.0,0.0,1970.0,170.07714274045927,False,,,,,,,,,,,,,,
17,14100.0,446929.22339397616,4003180.6123008206,False,24.706470489501953,22.831592559814453,26.253047943115234,1.5299999713897705,0.0,0.0,1970.0,147.41826575333243,True,,,,,,,,,,,,,,
17,14200.0,447028.98255975125,4003173.67624691,False,24.516990661621094,22.412700653076172,26.252859115600586,1.5299999713897705,0.0,0.0,1970.0,152.64890726398548,True,,,,,,,,,,,,,,
17,14300.0,447128.74172552634,4003166.7401929987,False,24.237319946289062,21.94086456298828,26.25273323059082,1.5299999713897705,0.0,0.0,1970.0,152.64890726398548,True,,,,,,,,,,,,,,
17,14400.0,447228.50089130143,4003159.8041390874,False,23.91420555114746,21.5324649810791,26.249618530273438,1.5299999713897705,0.0,0.0,1970.0,152.64890726398548,True,,,,,,,,,,,,,,
17,14500.0,447328.2600570765,4003152.868085176,False,23.49488067626953,21.171234130859375,25.819297790527344,1.5299999713897705,0.0,0.0,1970.0,152.64890726398548,True,,,,,,,,,,,,,,
17,14600.0,447428.0192228516,4003145.932031265,False,23.133996963500977,21.038192749023438,24.95195198059082,1.5299999713897705,0.0,0.0,1970.0,163.4481939389688,True,,,,,,,,,,,,,,
17,14700.0,447527.7783886267,4003138.995977354,False,22.83311653137207,21.03338623046875,24.351806640625,1.5099999904632568,0.0,0.0,1970.0,155.7565828802744,True,,,,,,,,,,,,,,
17,14800.0,447627.5375544018,4003132.0599234425,False,22.6701602935791,21.03342056274414,24.08830451965332,1.4900000095367432,0.0,0.0,1970.0,147.41826575333243,True,,,,,,,,,,,,,,
17,14900.0,447727.2967201769,4003125.1238695313,False,22.58477783203125,21.033557891845703,23.933170318603516,1.4900000095367432,0.0,0.0,1970.0,172.54070977589132,True,,,,,,,,,,,,,,
17,15000.0,447827.05588595197,4003118.1878156206,False,22.524982452392578,21.033626556396484,23.79291343688965,1.4900000095367432,0.0,0.0,1970.0,181.01933598375595,True,,,,,,,,,,,,,,
17,15100.0,447926.81505172706,4003111.2517617093,False,22.48146629333496,21.044944763183594,23.506160736083984,1.4800000190734863,0.0,0.0,1970.0,181.01933598375595,True,,,,,,,,,,,,,,
17,15200.0,448026.57421750214,4003104.315707798,False,22.484786987304688,21.110139846801758,23.37564468383789,1.4800000190734863,0.0,0.0,1970.0,181.01933598375595,True,,,,,,,,,,,,,,
17,15300.0,448126.33338327723,4003097.379653887,False,22.569931030273438,21.28396987915039,23.576505661010742,1.4800000190734863,0.0,0.0,1970.0,192.65963384496044,False,,,,,,,,,,,,,,
17,15400.0,448226.0925490523,4003090.4435999757,False,22.724306106567383,21.555604934692383,23.780683517456055,1.4800000190734863,0.0,0.0,1970.0,91.58934435839127,True,,,,,,,,,,,,,,
17,15500.0,448325.85171482735,4003083.5075460644,False,22.96343994140625,21.852930068969727,24.030303955078125,1.4900000095367432,0.0,0.0,1970.0,88.05039726435274,True,,,,,,,,,,,,,,
17,15600.0,448425.61088060244,4003076.571492153,False,23.22403335571289,22.03499984741211,24.47112274169922,1.5099999904632568,0.0,0.0,1970.0,84.74684299288239,True,,,,,,,,,,,,,,
17,15700.0,448525.37004637753,4003069.6354382425,False,23.56790542602539,22.251983642578125,25.30544090270996,1.5199999809265137,0.0,0.0,1970.0,134.16894097006954,True,,,,,,,,,,,,,,
17,15800.0,448625.1292121526,4003062.6993843312,False,23.947040557861328,22.543567657470703,25.978290557861328,1.5299999713897705,0.0,0.0,1970.0,134.16894097006954,True,,,,,,,,,,,,,,
17,15900.0,448724.8883779277,4003055.76333042,False,24.290332794189453,22.79161834716797,26.345096588134766,1.5299999713897705,0.0,0.0,1970.0,134.16894097006954,True,,,,,,,,,,,,,,
17,16000.0,448824.6475437028,4003048.827276509,False,24.661983489990234,23.06708335876465,26.741764068603516,1.5399999618530273,0.0,0.0,1970.0,142.0032502336585,True,,,,,,,,,,,,,,
17,16100.0,448924.4067094779,4003041.8912225976,False,24.99643325805664,23.267271041870117,27.060178756713867,1.5399999618530273,0.0,0.0,1970.0,175.61455118592883,False,,,,,,,,,,,,,,
18,5000.0,437821.11094578897,4004534.1587771256,True,19.915327072143555,19.35897445678711,20.540767669677734,0.300119549036026,0.0,1.0,2001.0,146.2857142857141,True,56.309932474020215,0.045445512382744996,0.04571934238859301,"[0.039883500485026716, 0.05215534678811186]",0.04691605867710844,0.04686859157272026,"[0.046402918833540696, 0.047169909227483514]",0.15761652595524983,0.15761652595524983,"[0.15761652595524983, 0.15761652595524983]",148.6646776027247,133.90790305535472,166.01500626995258,133.90790305535472
18,5100.0,437919.99680987897,4004549.0445382134,True,19.920490264892578,19.314178466796875,20.583641052246094,0.300119549036026,0.0,1.0,2001.0,134.16894097006954,True,56.309932474020215,0.045175948258961963,0.04562743687777375,"[0.039883500485026716, 0.05215534678811186]",0.046902255606197284,0.046849167790016515,"[0.046402918833540696, 0.047169909227483514]",0.15761652595524983,0.15761652595524983,"[0.15761652595524983, 0.15761652595524983]",148.64137136661552,133.8878013399949,165.9879993855441,133.8878013399949
18,5200.0,438018.882673969,4004563.9302993016,True,19.92631721496582,19.308021545410156,20.618152618408203,0.300119549036026,0.0,1.0,2001.0,138.70806251081638,True,56.309932474020215,0.044152386408548544,0.04308708879506789,"[0.033747577333484144, 0.05215534678811186]",0.04694829011877711,0.046895984086789654,"[0.046402918833540696, 0.047169909227483514]",0.15761652595524983,0.15761652595524983,"[0.15761652595524983, 0.15761652595524983]",148.5214840538268,133.78588901007026,165.84738186606384,133.78588901007026
18,5300.0,438117.768538059,4004578.8160603894,True,19.935686111450195,19.30810546875,20.681594848632812,0.300119549036026,0.0,1.0,2001.0,138.70806251081638,True,90.0,0.03886175675133944,0.03945506062515366,"[0.033747577333484144, 0.04601942363656929]",0.04705840468195143,0.047169909227483514,"[0.047169909227483514, 0.047169909227483514]",0.15761652595524983,0.15761652595524983,"[0.15761652595524983, 0.15761652595524983]",148.32050355440543,133.61470263888543,165.61203451797266,133.61470263888543
18,5400.0,438216.6544021491,4004593.701821477,True,19.955312728881836,19.308189392089844,20.74877166748047,0.300119549036026,0.0,1.0,2001.0,156.81635630891216,True,63.43494882292201,0.036612621408295604,0.03684155941729357,"[0.027611654181941572, 0.04601942363656929]",0.04694482532639767,0.047169909227483514,"[0.047169909227483514, 0.047169909227483514]",0.15761652595524983,0.15761652595524983,"[0.15761652595524983, 0.15761652595524983]",148.6788546748455,133.9198958113487,166.03170203331442,133.9198958113487
18,5500.0,438315.5402662391,4004608.5875825654,True,19.993898391723633,19.3083553314209,20.81554412841797,0.300119549036026,0.0,1.0,2001.0,190.1520262933009,True,68.19859051364818,0.03581019870443215,0.038974719674954444,"[0.027611654181941572, 0.05215534678811186]",0.046839873019061534,0.046814821082139614,"[0.046402918833540696, 0.047169909227483514]",0.15761652595524983,0.15761652595524983,"[0.15761652595524983, 0.15761652595524983]",148.8773650904524,134.08800795467772,166.2652600025891,134.08800795467772
18,5600.0,438414.42613032914,4004623.473343653,True,20.05449676513672,19.3083553314209,20.86609649658203,0.300119549036026,0.0,1.0,2001.0,174.97244830039244,True,68.19859051364818,0.036378849400436154,0.030665822223822407,"[0.009203884727313857, 0.05215534678811186]",0.046756699319266064,0.04677166421524397,"[0.046402918833540696, 0.047169909227483514]",0.15761652595524983,0.15761652595524983,"[0.15761652595524983, 0.15761652595524983]",149.06802954804255,134.24978565142538,166.48923494336725,134.24978565142538
18,5700.0,438513.31199441914,4004638.3591047414,True,20.131805419921875,19.322914123535156,20.911937713623047,0.300119549036026,0.0,1.0,2001.0,133.43915297681474,True,90.0,0.0397232025797436,0.030251277505380796,"[0.009203884727313857, 0.05215534678811186]",0.03351617259541233,0.033364082136512735,"[0.033364082136512735, 0.033364082136512735]",0.15761652595524983,0.15761652595524983,"[0.15761652595524983, 0.15761652595524983]",148.99871895988028,134.19139042928538,166.40734384956806,134.19139042928538
18,5800.0,438612.1978585092,4004653.244865829,True,20.222740173339844,19.40241241455078,21.010906219482422,0.300119549036026,0.0,1.0,2001.0,146.2857142857141,False,63.43494882292201,0.03982888759368045,0.031971247350806205,"[0.009203884727313857, 0.05215534678811186]",0.03354117054885493,0.0336390409569828,"[0.033364082136512735, 0.03413107253045555]",0.15761652595524983,0.15761652595524983,"[0.15761652595524983, 0.15761652595524983]",149.3349209007197,134.4766630833222,166.80227444215413,134.4766630833222
18,5900.0,438711.0837225992,4004668.1306269174,True,20.30632972717285,19.490772247314453,21.124004364013672,0.300119549036026,0.0,1.0,2001.0,114.4866804479891,True,63.43494882292201,0.04061981059450943,0.040775232293059245,"[0.027611654181941572, 0.05215534678811186]",0.03333642628669678,0.033364082136512735,"[0.033364082136512735, 0.033364082136512735]",0.15761652595524983,0.15761652595524983,"[0.15761652595524983, 0.15761652595524983]",149.88842731489495,134.94644437055518,167.45233026176172,134.94644437055518
18,6000.0,438809.96958668926,4004683.016388005,True,20.35930061340332,19.605281829833984,21.182514190673828,0.300119549036026,0.0,1.0,2001.0,120.47058823529396,True,60.25511870305778,0.05008553432740407,0.044164857333849915,"[0.033747577333484144, 0.05215534678811186]",0.04686810970062567,0.04686311306990639,"[0.046402918833540696, 0.047169909227483514]",0.15761652595524983,0.15761652595524983,"[0.15761652595524983, 0.15761652595524983]",149.53033926698444,134.64261638927525,167.03167384630575,134.64261638927525
18,6100.0,438908.85545077926,4004697.9021490933,True,20.39114761352539,19.69605255126953,21.183490753173828,0.300119549036026,0.0,1.0,2001.0,127.01156821934931,True,60.25511870305778,0.04996838378008151,0.044219618490402235,"[0.033747577333484144, 0.05215534678811186]",0.033364082136512735,0.033364082136512735,"[0.033364082136512735, 0.033364082136512735]",0.15761652595524983,0.15761652595524983,"[0.15761652595524983, 0.15761652595524983]",149.70336326904726,134.78984884180258,167.2344452692802,134.78984884180258
18,6200.0,439007.7413148693,4004712.787910181,True,20.40962791442871,19.723285675048828,21.183490753173828,0.300119549036026,0.0,1.0,2001.0,127.01156821934931,True,60.25511870305778,0.04943575606719554,0.043822620030829006,"[0.033747577333484144, 0.05215534678811186]",0.03332268096581326,0.033364082136512735,"[0.033364082136512735, 0.033364082136512735]",0.15761652595524983,0.15761652595524983,"[0.15761652595524983, 0.15761652595524983]",149.83495163993538,134.90193074099628,167.38853332711787,134.90193074099628
18,6300.0,439106.6271789593,4004727.6736712693,True,20.42209243774414,19.76111602783203,21.183490753173828,0.300119549036026,0.0,1.0,2001.0,134.5867635727328,True,60.25511870305778,0.04225975661857826,0.04317441526549629,"[0.033747577333484144, 0.05215534678811186]",0.046728451455719903,0.046764706755211834,"[0.046402918833540696, 0.047169909227483514]",0.15761652595524983,0.15761652595524983,"[0.15761652595524983, 0.15761652595524983]",149.82518555382887,134.8933907802322,167.37734982376057,134.8933907802322
18,6400.0,439205.5130430494,4004742.559432357,True,20.42656898498535,19.757781982421875,21.183490753173828,0.300119549036026,0.0,1.0,2001.0,138.70806251081638,True,66.80140948635182,0.04194806043019763,0.0427344827796734,"[0.033747577333484144, 0.05215534678811186]",0.03333642628669678,0.033364082136512735,"[0.033364082136512735, 0.033364082136512735]",0.15761652595524983,0.15761652595524983,"[0.15761652595524983, 0.15761652595524983]",149.7918002986381,134.8652264124643,167.33794646878624,134.8652264124643
18,6500.0,439304.3989071394,4004757.4451934453,True,20.418672561645508,19.708702087402344,21.175338745117188,0.300119549036026,0.0,1.0,2001.0,143.03852457360946,True,66.80140948635182,0.041411038468599205,0.04266343467234241,"[0.033747577333484144, 0.05215534678811186]",0.033244328303105204,0.033364082136512735,"[0.033364082136512735, 0.033364082136512735]",0.15761652595524983,0.15761652595524983,"[0.15761652595524983, 0.15761652595524983]",149.9612319444299,135.0093887526572,167.53652222171957,135.0093887526572
18,6600.0,439403.2847712294,4004772.330954533,True,20.39229965209961,19.658191680908203,21.11776351928711,0.300119549036026,0.0,1.0,2001.0,143.03852457360946,True,63.43494882292201,0.04037180057576661,0.04231744054854543,"[0.033747577333484144, 0.05215534678811186]",0.046545365594826166,0.046402918833540696,"[0.046402918833540696, 0.046402918833540696]",0.15761652595524983,0.15761652595524983,"[0.15761652595524983, 0.15761652595524983]",149.9174030913287,134.9718735543292,167.48540737197436,134.9718735543292
18,6700.0,439502.17063531943,4004787.2167156213,True,20.349233627319336,19.60256576538086,21.071407318115234,0.300119549036026,0.0,1.0,2001.0,143.03852457360946,True,63.43494882292201,0.03910190241698152,0.04194339644701251,"[0.033747577333484144, 0.05215534678811186]",0.033392188414300375,0.033364082136512735,"[0.033364082136512735, 0.033364082136512735]",0.15761652595524983,0.15761652595524983,"[0.15761652595524983, 0.15761652595524983]",149.78890775533472,134.8623430089704,167.3350356521999,134.8623430089704
18,6800.0,439601.05649940943,4004802.102476709,True,20.297367095947266,19.49652862548828,21.022499084472656,0.300119549036026,0.0,1.0,2001.0,152.64890726398548,True,63.43494882292201,0.009203884727313857,0.009203884727313857,"[0.009203884727313857, 0.009203884727313857]",0.03362289330217602,0.033641785555009275,"[0.033364082136512735, 0.03413107253045555]",0.15761652595524983,0.15761652595524983,"[0.15761652595524983, 0.15761652595524983]",148.98847069843978,134.18223662822027,166.39582569685732,134.18223662822027
18,6900.0,439699.9423634995,4004816.9882377973,True,20.263320922851562,19.431602478027344,20.998638153076172,0.300119549036026,0.0,1.0,2001.0,163.4481939389688,True,90.0,0.009203884727313857,0.01144475672365616,"[0.009203884727313857, 0.015339807878856429]",0.04669098698590797,0.04671266495417145,"[0.046402918833540696, 0.047169909227483514]",0.15761652595524983,0.15761652595524983,"[0.15761652595524983, 0.15761652595524983]",149.36241902557978,134.49957737552066,166.83505083150948,134.49957737552066
18,7000.0,439798.8282275895,4004831.873998885,True,20.239343643188477,19.429805755615234,20.963146209716797,0.300119549036026,0.0,1.0,2001.0,157.07442971594133,True,90.0,0.009203884727313857,0.011286532698029624,"[0.009203884727313857, 0.015339807878856429]",0.0467098826687002,0.04671240618548254,"[0.046402918833540696, 0.047169909227483514]",0.15761652595524983,0.15761652595524983,"[0.15761652595524983, 0.15761652595524983]",149.57480482115403,134.68041718611903,167.0838237201567,134.68041718611903
18,7100.0,439897.71409167955,4004846.759759973,True,20.243749618530273,19.429805755615234,20.953441619873047,0.300119549036026,0.0,1.0,2001.0,157.07442971594133,False,63.43494882292201,0.009203884727313857,0.009203884727313857,"[0.009203884727313857, 0.009203884727313857]",0.046695101507287874,0.04671539640144333,"[0.046402918833540696, 0.047169909227483514]",0.15761652595524983,0.15761652595524983,"[0.15761652595524983, 0.15761652595524983]",149.3128863422188,134.45834166616297,166.7759632109518,134.45834166616297
18,7200.0,439996.59995576955,4004861.645521061,True,20.270166397094727,19.429805755615234,20.943973541259766,0.300119549036026,0.0,1.0,2001.0,512.0000000000064,False,90.0,0.009203884727313857,0.009203884727313857,"[0.009203884727313857, 0.009203884727313857]",0.04665882391998929,0.046402918833540696,"[0.046402918833540696, 0.046402918833540696]",0.15761652595524983,0.15761652595524983,"[0.15761652595524983, 0.15761652595524983]",149.48160835098008,134.6011752863668,166.9745325418579,134.6011752863668
18,7300.0,440095.4858198596,4004876.531282149,True,20.309062957763672,19.429805755615234,20.942119598388672,0.300119549036026,0.0,1.0,2001.0,134.16894097006954,True,60.25511870305778,0.009203884727313857,0.009203884727313857,"[0.009203884727313857, 0.009203884727313857]",0.04653571697426608,0.046402918833540696,"[0.046402918833540696, 0.046402918833540696]",0.15761652595524983,0.15761652595524983,"[0.15761652595524983, 0.15761652595524983]",149.58798122212318,134.69153494322808,167.09937245235542,134.69153494322808
18,7400.0,440194.3716839496,4004891.417043237,True,20.349031448364258,19.429805755615234,20.924419403076172,0.300119549036026,0.0,1.0,2001.0,134.16894097006954,True,60.25511870305778,0.009203884727313857,0.009203884727313857,"[0.009203884727313857, 0.009203884727313857]",0.046402918833540696,0.046402918833540696,"[0.046402918833540696, 0.046402918833540696]",0.15761652595524983,0.15761652595524983,"[0.15761652595524983, 0.15761652595524983]",149.8876423631951,134.94677186850615,167.45027581094794,134.94677186850615
18,7500.0,440293.25754803966,4004906.302804325,True,20.389888763427734,19.492137908935547,20.907859802246094,0.300119549036026,0.0,1.0,2001.0,134.16894097006954,True,60.25511870305778,0.009203884727313857,0.011426037736966857,"[0.009203884727313857, 0.015339807878856429]",0.04661649333145959,0.046402918833540696,"[0.046402918833540696, 0.046402918833540696]",0.15761652595524983,0.15761652595524983,"[0.15761652595524983, 0.15761652595524983]",149.71365905861958,134.79839669809587,167.24675077160128,134.79839669809587
18,7600.0,440392.14341212966,4004921.188565413,True,20.433923721313477,19.581466674804688,20.884811401367188,0.300119549036026,0.0,1.0,2001.0,203.78361655500555,False,60.25511870305778,0.009203884727313857,0.011407055746966228,"[0.009203884727313857, 0.015339807878856429]",0.04652179823580374,0.046402918833540696,"[0.046402918833540696, 0.046402918833540696]",0.15761652595524983,0.15761652595524983,"[0.15761652595524983, 0.15761652595524983]",150.15604013004048,135.17485922173557,167.7651619210097,135.17485922173557
18,7700.0,440491.0292762197,4004936.0743265008,True,20.493133544921875,19.739559173583984,20.887245178222656,0.300119549036026,0.0,1.0,2001.0,190.51735232902405,True,78.69006752597979,0.033840403622959515,0.039328725628832696,"[0.027611654181941572, 0.05215534678811186]",0.04657634621208451,0.046402918833540696,"[0.046402918833540696, 0.046402918833540696]",0.15761652595524983,0.15761652595524983,"[0.15761652595524983, 0.15761652595524983]",150.08453682321172,135.11409409724914,167.68127466789142,135.11409409724914
18,7800.0,440589.9151403097,4004950.960087589,True,20.571575164794922,19.928146362304688,20.940231323242188,0.300119549036026,0.0,1.0,2001.0,183.17868871678252,False,80.53767779197439,0.03563052151278203,0.03939572726295248,"[0.027611654181941572, 0.05215534678811186]",0.04654272037903237,0.046402918833540696,"[0.046402918833540696, 0.046402918833540696]",0.15761652595524983,0.15761652595524983,"[0.15761652595524983, 0.15761652595524983]",150.15481762420325,135.1737612496128,167.7637946539548,135.1737612496128
18,7900.0,440688.8010043998,4004965.8458486767,True,20.66377830505371,20.15935516357422,21.032470703125,0.300119549036026,0.0,1.0,2001.0,165.57098669146978,True,80.53767779197439,0.03886215096215403,0.03971892674150181,"[0.027611654181941572, 0.05215534678811186]",0.046484589927084354,0.0464029188335407,"[0.046402918833540696, 0.046402918833540696]",0.15761652595524983,0.15761652595524983,"[0.15761652595524983, 0.15761652595524983]",150.5711591691426,135.52743325427798,168.25240910856033,135.52743325427798
18,8000.0,440787.6868684898,4004980.731609765,True,20.76126480102539,20.386470794677734,21.17206573486328,0.300119549036026,0.0,1.0,2001.0,173.38507813852047,False,80.53767779197439,0.04005462395514946,0.03995653925287316,"[0.027611654181941572, 0.05215534678811186]",0.04629767450528,0.0464029188335407,"[0.046402918833540696, 0.046402918833540696]",0.15761652595524983,0.15761652595524983,"[0.15761652595524983, 0.15761652595524983]",150.9781055909469,135.872471803501,168.73074003868288,135.872471803501
18,8100.0,440886.57273257984,4004995.6173708527,True,20.844858169555664,20.55104637145996,21.255924224853516,0.300119549036026,0.0,1.0,2001.0,172.54070977589132,True,45.0,0.03440790303078884,0.03623447615295251,"[0.027611654181941572, 0.04601942363656929]",0.046189245184900696,0.046402918833540696,"[0.046402918833540696, 0.046402918833540696]",0.15761652595524983,0.15761652595524983,"[0.15761652595524983, 0.15761652595524983]",151.2118162871376,136.07018134265732,169.0059575958263,136.07018134265732
18,8200.0,440985.45859666984,4005010.503131941,True,20.93032455444336,20.605724334716797,21.366222381591797,0.300119549036026,0.0,1.0,2001.0,172.54070977589132,True,59.03624346792648,0.03698546049676259,0.03476075123476508,"[0.027611654181941572, 0.039883500485026716]",0.03719903410622684,0.03719903410622684,"[0.03719903410622684, 0.03719903410622684]",0.15761652595524983,0.15761652595524983,"[0.15761652595524983, 0.15761652595524983]",151.46077948853844,136.28078263375193,169.2991497920182,136.28078263375193
18,8300.0,441084.3444607599,4005025.3888930287,True,21.04013442993164,20.63674545288086,21.559600830078125,0.300119549036026,0.0,1.0,2001.0,167.77869732229925,True,59.03624346792648,0.036565116561262205,0.03675865955625348,"[0.033747577333484144, 0.039883500485026716]",0.046402918833540696,0.046402918833540696,"[0.046402918833540696, 0.046402918833540696]",0.15761652595524983,0.15761652595524983,"[0.15761652595524983, 0.15761652595524983]",151.4836142731202,136.30000155706682,169.3261531253666,136.30000155706682
18,8400.0,441183.2303248499,4005040.274654117,True,21.16660499572754,20.66350555419922,21.82724380493164,0.300119549036026,0.0,1.0,2001.0,167.77869732229925,True,59.03624346792648,0.03704172869462249,0.03687370511153714,"[0.033747577333484144, 0.039883500485026716]",0.03719903410622684,0.03719903410622684,"[0.03719903410622684, 0.03719903410622684]",0.15761652595524983,0.15761652595524983,"[0.15761652595524983, 0.15761652595524983]",151.77151537269347,136.5430638056889,169.6657457161377,136.5430638056889
18,8500.0,441282.11618893995,4005055.1604152047,True,21.32374382019043,20.69788360595703,22.171855926513672,0.300119549036026,0.0,1.0,2001.0,167.77869732229925,True,51.34019174590991,0.03783268163962022,0.03708521135210287,"[0.033747577333484144, 0.039883500485026716]",0.04584413343667295,0.04595174801357434,"[0.04563592843959788, 0.046402918833540696]",0.15761652595524983,0.15761652595524983,"[0.15761652595524983, 0.15761652595524983]",152.53865639432902,137.19045749480307,170.570935607614,137.19045749480307
18,8600.0,441381.00205302995,4005070.046176293,True,21.509241104125977,20.782474517822266,22.515243530273438,0.300119549036026,0.0,1.0,2001.0,162.8156743689768,True,51.34019174590991,0.03843569649441411,0.039139529985212466,"[0.033747577333484144, 0.04601942363656929]",0.03719903410622684,0.03719903410622684,"[0.03719903410622684, 0.03719903410622684]",0.15761652595524983,0.15761652595524983,"[0.15761652595524983, 0.15761652595524983]",152.51146685222565,137.16720676015618,170.53920475073608,137.16720676015618
18,8700.0,441479.88791712,4005084.9319373807,True,21.7165470123291,20.900924682617188,22.875213623046875,0.300119549036026,0.0,1.0,2001.0,157.07442971594122,True,51.34019174590991,0.039424643848652914,0.04205863458767909,"[0.033747577333484144, 0.05215534678811186]",0.03248803223919622,0.03259709174256992,"[0.03259709174256992, 0.03259709174256992]",0.20823789195547604,0.20823789195547604,"[0.20823789195547604, 0.20823789195547604]",153.49141084372522,137.99190117020714,171.6981165829469,137.99190117020714
18,8800.0,441578.77378121,4005099.817698469,True,21.961181640625,21.029720306396484,23.251815795898438,0.300119549036026,0.0,1.0,2001.0,151.71526604537675,True,56.309932474020215,0.04039682814843059,0.04240104977306737,"[0.033747577333484144, 0.05215534678811186]",0.04548021532817315,0.04563592843959788,"[0.04563592843959788, 0.04563592843959788]",0.20823789195547604,0.20823789195547604,"[0.20823789195547604, 0.20823789195547604]",154.07944625119654,138.48745778148427,172.39276612541371,138.48745778148427
18,8900.0,441677.65964530007,4005114.7034595567,True,22.191776275634766,21.123226165771484,23.54135513305664,0.300119549036026,0.0,1.0,2001.0,142.0032502336585,True,56.309932474020215,0.04287299284991892,0.04281159133386168,"[0.033747577333484144, 0.05215534678811186]",0.045252433242626476,0.04525243324262647,"[0.04486893804565506, 0.04563592843959788]",0.20823789195547604,0.20823789195547604,"[0.20823789195547604, 0.20823789195547604]",155.11300866232972,139.35547641592865,173.61715755527283,139.35547641592865
18,9000.0,441776.54550939007,4005129.5892206444,True,22.441478729248047,21.25783920288086,23.796161651611328,0.300119549036026,0.0,1.0,2001.0,142.0032502336585,True,56.309932474020215,0.043670175959656284,0.04292740285176069,"[0.033747577333484144, 0.05215534678811186]",0.044828894487319595,0.04485571407334571,"[0.04410194765171223, 0.04563592843959788]",0.20823789195547604,0.20823789195547604,"[0.20823789195547604, 0.20823789195547604]",155.90981411732466,140.0235809942602,174.5623268950581,140.0235809942602
18,9100.0,441875.4313734801,4005144.4749817327,True,22.67739486694336,21.43850326538086,23.95499038696289,0.300119549036026,0.0,1.0,2001.0,142.0032502336585,True,56.309932474020215,0.04341072695392787,0.04489876394156382,"[0.033747577333484144, 0.05829126993965443]",0.04491647490945656,0.04488172121888744,"[0.04410194765171223, 0.04563592843959788]",0.20823789195547604,0.20823789195547604,"[0.20823789195547604, 0.20823789195547604]",156.0036383316221,140.10318021498017,174.67254889676502,140.10318021498017
18,9200.0,441974.3172375701,4005159.3607428204,True,22.90812873840332,21.698490142822266,24.062820434570312,0.300119549036026,0.0,1.0,2001.0,108.54378291265114,True,57.9946167919165,0.04038293631066377,0.0449957348784571,"[0.033747577333484144, 0.05829126993965443]",0.04410194765171223,0.044715539966866495,"[0.04410194765171223, 0.04563592843959788]",0.20823789195547604,0.20823789195547604,"[0.20823789195547604, 0.20823789195547604]",156.3982676697845,140.43365311858932,175.1411347436805,140.43365311858932
18,9300.0,442073.2031016602,4005174.2465039087,True,23.123933792114258,21.966007232666016,24.10771942138672,0.300119549036026,0.0,1.0,2001.0,113.6026001869268,True,57.9946167919165,0.03752748801466042,0.040712416365957134,"[0.021475731030399, 0.05829126993965443]",0.04410194765171223,0.04440022169380111,"[0.04410194765171223, 0.04486893804565506]",0.20823789195547604,0.20823789195547604,"[0.20823789195547604, 0.20823789195547604]",157.18105263083962,141.09039855936024,176.06921021663672,141.09039855936024
18,9400.0,442172.0889657502,4005189.1322649964,True,23.316497802734375,22.24614715576172,24.13727569580078,0.300119549036026,0.0,1.0,2001.0,113.6026001869268,True,57.9946167919165,0.03466628630814951,0.04183024627322116,"[0.027611654181941572, 0.05829126993965443]",0.04410194765171223,0.04410194765171223,"[0.04410194765171223, 0.04410194765171223]",0.20823789195547604,0.20823789195547604,"[0.20823789195547604, 0.20823789195547604]",158.01006671403914,141.7834189801371,177.05499732237595,141.7834189801371
18,9500.0,442270.97482984024,4005204.0180260846,True,23.48330307006836,22.515243530273438,24.158946990966797,0.300119549036026,0.0,1.0,2001.0,157.01789083485494,False,54.46232220802562,0.0332550363443442,0.038786293198053,"[0.027611654181941572, 0.05215534678811186]",0.04410194765171223,0.04410194765171223,"[0.04410194765171223, 0.04410194765171223]",0.20823789195547604,0.20823789195547604,"[0.20823789195547604, 0.20823789195547604]",158.20298424074832,141.94473487159485,177.28434370563826,141.94473487159485
18,9600.0,442369.86069393024,4005218.9037871724,True,23.619462966918945,22.778945922851562,24.16000747680664,0.300119549036026,0.0,1.0,2001.0,208.0620937662247,True,53.13010235415598,0.03343215772564517,0.038728930874915905,"[0.027611654181941572, 0.05215534678811186]",0.04410194765171223,0.04410194765171223,"[0.04410194765171223, 0.04410194765171223]",0.20823789195547604,0.20823789195547604,"[0.20823789195547604, 0.20823789195547604]",158.52397091276382,142.21306499208185,177.66603204142817,142.21306499208185
18,9700.0,442468.7465580203,4005233.7895482606,True,23.730180740356445,23.035037994384766,24.160329818725586,0.300119549036026,0.0,1.0,2001.0,192.8862000492579,False,60.25511870305778,0.03344574013660347,0.0392707710745469,"[0.027611654181941572, 0.05215534678811186]",0.04410194765171223,0.04410194765171223,"[0.04410194765171223, 0.04410194765171223]",0.20823789195547604,0.20823789195547604,"[0.20823789195547604, 0.20823789195547604]",158.7951602265554,142.439324989767,177.98901720739397,142.439324989767
18,9800.0,442567.6324221103,4005248.6753093484,True,23.817523956298828,23.253055572509766,24.165428161621094,0.300119549036026,0.0,1.0,2001.0,204.79999999999976,False,90.0,0.03227625281978908,0.0412991767358957,"[0.027611654181941572, 0.05829126993965443]",0.04410194765171223,0.04410194765171223,"[0.04410194765171223, 0.04410194765171223]",0.20823789195547604,0.20823789195547604,"[0.20823789195547604, 0.20823789195547604]",159.015083791127,142.622655875986,178.251126820807,142.622655875986
18,9900.0,442666.51828620036,4005263.5610704366,False,23.88932228088379,23.409637451171875,24.179576873779297,1.4800000190734863,0.0,0.9929679221654947,1970.0,204.79999999999976,False,,,,,,,,,,,,,,
18,10000.0,442765.40415029036,4005278.4468315244,False,23.992055892944336,23.52735137939453,24.216110229492188,1.4900000095367432,0.0,0.9470440978239938,1970.0,204.79999999999976,True,,,,,,,,,,,,,,
18,10100.0,442864.2900143804,4005293.3325926126,False,24.144912719726562,23.644393920898438,25.061607360839844,1.5,0.0,0.8615147723991916,1970.0,103.83772192018296,True,,,,,,,,,,,,,,
18,10200.0,442963.1758784704,4005308.2183537004,False,24.352388381958008,23.752689361572266,25.515287399291992,1.5099999904632568,0.0,0.7569751779873004,1970.0,111.5616687519422,True,,,,,,,,,,,,,,
18,10300.0,443062.0617425605,4005323.1041147886,False,24.55988883972168,23.84716033935547,25.874074935913086,1.5099999904632568,0.0,0.6599673045485143,1970.0,114.4866804479891,True,,,,,,,,,,,,,,
18,10400.0,443160.9476066505,4005337.9898758763,False,24.78032112121582,23.933589935302734,26.080615997314453,1.5199999809265137,0.0,0.5629985583853916,1970.0,175.61455118592883,True,,,,,,,,,,,,,,
18,10500.0,443259.83347074053,4005352.8756369646,False,25.008939743041992,23.98876190185547,26.246957778930664,1.5199999809265137,0.0,0.4660455287676496,1970.0,175.61455118592883,True,,,,,,,,,,,,,,
18,10600.0,443358.71933483053,4005367.7613980523,False,25.25494384765625,24.01974105834961,26.424165725708008,1.5199999809265137,0.0,0.3692396313364055,1970.0,175.61455118592883,True,,,,,,,,,,,,,,
18,10700.0,443457.6051989206,4005382.64715914,False,25.475496292114258,24.05450439453125,26.574003219604492,1.5199999809265137,0.0,0.28049021545760033,1970.0,167.77869732229925,True,,,,,,,,,,,,,,
18,10800.0,443556.4910630106,4005397.5329202283,False,25.725643157958984,24.12799072265625,26.643518447875977,1.5199999809265137,0.0,0.18069551472041098,1970.0,167.77869732229925,True,,,,,,,,,,,,,,
18,10900.0,443655.37692710065,4005412.418681316,False,25.932811737060547,24.94242286682129,26.643518447875977,1.5199999809265137,0.0,0.08353905401402192,1970.0,175.61455118592883,True,,,,,,,,,,,,,,
18,11000.0,443754.26279119065,4005427.3044424043,False,26.027538299560547,25.246990203857422,26.643518447875977,1.5199999809265137,0.0,0.020531043332346264,1970.0,175.61455118592883,True,,,,,,,,,,,,,,
18,11100.0,443853.1486552807,4005442.190203492,False,25.950946807861328,25.169857025146484,26.643518447875977,1.5199999809265137,0.0,0.0003946719289590528,1970.0,190.51735232902385,True,,,,,,,,,,,,,,
18,11200.0,443952.0345193707,4005457.0759645803,False,25.69658851623535,23.511953353881836,26.643518447875977,1.5199999809265137,0.0,0.0,1970.0,190.51735232902385,True,,,,,,,,,,,,,,
18,11300.0,444050.92038346076,4005471.961725668,False,25.275558471679688,22.099164962768555,26.643503189086914,1.5199999809265137,0.0,0.0,1970.0,198.91934461076758,False,,,,,,,,,,,,,,
18,11400.0,444149.80624755076,4005486.8474867563,False,24.733125686645508,21.18022918701172,26.64349365234375,1.5199999809265137,0.0,0.0,1970.0,155.23060276861193,False,,,,,,,,,,,,,,
18,11500.0,444248.6921116408,4005501.733247844,False,24.12672233581543,20.532886505126953,26.647438049316406,1.5199999809265137,0.0,0.0,1970.0,192.65963384496044,False,,,,,,,,,,,,,,
18,11600.0,444347.5779757308,4005516.6190089323,False,23.520143508911133,20.005456924438477,26.613630294799805,1.5199999809265137,0.0,0.0,1970.0,181.01933598375595,True,,,,,,,,,,,,,,
18,11700.0,444446.4638398209,4005531.50477002,False,22.880176544189453,19.071762084960938,26.444658279418945,1.5199999809265137,0.0,0.0,1970.0,163.88720631410663,True,,,,,,,,,,,,,,
18,11800.0,444545.3497039109,4005546.3905311082,False,22.227434158325195,18.728757858276367,26.11939239501953,1.5199999809265137,0.0,0.0,1970.0,165.0981927902283,True,,,,,,,,,,,,,,
18,11900.0,444644.23556800094,4005561.276292196,False,21.61954689025879,18.72913360595703,25.385784149169922,1.5199999809265137,0.0,0.0,1970.0,169.5582181358226,False,,,,,,,,,,,,,,
18,12000.0,444743.12143209093,4005576.1620532842,False,21.12262535095215,18.73014259338379,23.63166046142578,1.5099999904632568,0.0,0.0,1970.0,160.79582901971347,False,,,,,,,,,,,,,,
18,12100.0,444842.007296181,4005591.047814372,False,20.744773864746094,18.73028564453125,22.793392181396484,1.5,0.0,0.0,1970.0,177.918870635753,False,,,,,,,,,,,,,,
18,12200.0,444940.893160271,4005605.93357546,False,20.587039947509766,18.73084831237793,22.40289878845215,1.4900000095367432,0.0,0.0,1970.0,170.40390028039025,False,,,,,,,,,,,,,,
18,12300.0,445039.77902436105,4005620.819336548,False,20.589065551757812,18.731191635131836,22.48627281188965,1.4700000286102295,0.0,0.0,1970.0,170.40390028039025,False,,,,,,,,,,,,,,
18,12400.0,445138.66488845105,4005635.7050976357,False,20.754776000976562,18.881189346313477,22.70879364013672,1.4600000381469727,0.0,0.0,1970.0,248.35648003720468,False,,,,,,,,,,,,,,
18,12500.0,445237.5507525411,4005650.590858724,False,20.976621627807617,19.0700626373291,22.878198623657227,1.4600000381469727,0.0,0.0,1970.0,248.35648003720468,False,,,,,,,,,,,,,,
18,12600.0,445336.4366166311,4005665.4766198117,False,21.238277435302734,19.28034782409668,23.034915924072266,1.4600000381469727,0.0,0.0,1970.0,248.35648003720468,False,,,,,,,,,,,,,,
18,12700.0,445435.32248072117,4005680.3623809,False,21.528114318847656,19.512178421020508,23.24104881286621,1.4700000286102295,0.0,0.0,1970.0,255.99999999999972,False,,,,,,,,,,,,,,
18,12800.0,445534.20834481117,4005695.2481419877,False,21.88394546508789,19.716365814208984,23.476966857910156,1.4900000095367432,0.0,0.0,1970.0,179.62148235407938,False,,,,,,,,,,,,,,
18,12900.0,445633.09420890117,4005710.133903076,False,22.34796905517578,20.19089126586914,24.082115173339844,1.5,0.0,0.0,1970.0,175.61455118592883,False,,,,,,,,,,,,,,
18,13000.0,445731.9800729912,4005725.0196641637,False,22.743066787719727,20.76329231262207,24.679489135742188,1.5,0.0,0.0,1970.0,145.62676627660082,False,,,,,,,,,,,,,,
18,13100.0,445830.8659370812,4005739.905425252,False,23.063989639282227,21.520170211791992,24.825973510742188,1.5,0.0,0.0,1970.0,159.1688479183378,False,,,,,,,,,,,,,,
18,13200.0,445929.7518011713,4005754.7911863397,False,23.336713790893555,22.038646697998047,24.882841110229492,1.5,0.0,0.0,1970.0,217.22320318050734,False,,,,,,,,,,,,,,
18,13300.0,446028.6376652613,4005769.676947428,False,23.598316192626953,22.48280143737793,24.96254539489746,1.5099999904632568,0.0,0.0,1970.0,204.79999999999976,True,,,,,,,,,,,,,,
18,13400.0,446127.52352935134,4005784.5627085157,False,23.86280632019043,22.726055145263672,25.165681838989258,1.5199999809265137,0.0,0.0,1970.0,173.63970629966468,True,,,,,,,,,,,,,,
18,13500.0,446226.40939344134,4005799.448469604,False,24.13460350036621,22.85268783569336,25.54282569885254,1.5199999809265137,0.0,0.0,1970.0,160.79582901971347,True,,,,,,,,,,,,,,
18,13600.0,446325.2952575314,4005814.3342306917,False,24.448041915893555,23.017114639282227,26.127450942993164,1.5299999713897705,0.0,0.0,1970.0,170.0771427404593,True,,,,,,,,,,,,,,
18,13700.0,446424.1811216214,4005829.21999178,False,24.758115768432617,23.267580032348633,26.37345314025879,1.5299999713897705,0.0,0.0,1970.0,457.9467217919564,False,,,,,,,,,,,,,,
18,13800.0,446523.06698571146,4005844.1057528676,False,24.976839065551758,23.436391830444336,26.385446548461914,1.5299999713897705,0.0,0.0,1970.0,457.9467217919564,True,,,,,,,,,,,,,,
18,13900.0,446621.95284980146,4005858.991513956,False,25.080795288085938,23.56149673461914,26.38521957397461,1.5299999713897705,0.0,0.0,1970.0,170.07714274045927,True,,,,,,,,,,,,,,
18,14000.0,446720.8387138915,4005873.8772750436,False,25.127256393432617,23.641502380371094,26.385072708129883,1.5299999713897705,0.0,0.0,1970.0,161.46073535312985,False,,,,,,,,,,,,,,
18,14100.0,446819.7245779815,4005888.763036132,False,25.217662811279297,23.71923828125,26.384967803955078,1.5299999713897705,0.0,0.0,1970.0,147.41826575333243,True,,,,,,,,,,,,,,
18,14200.0,446918.6104420716,4005903.6487972196,False,25.35626983642578,23.979753494262695,26.384864807128906,1.5299999713897705,0.0,0.0,1970.0,152.64890726398548,True,,,,,,,,,,,,,,
18,14300.0,447017.49630616157,4005918.5345583074,False,25.51633071899414,24.39733123779297,26.384794235229492,1.5299999713897705,0.0,0.0,1970.0,152.64890726398548,True,,,,,,,,,,,,,,
18,14400.0,447116.3821702516,4005933.4203193956,False,25.638721466064453,24.730257034301758,26.384746551513672,1.5299999713897705,0.0,0.0,1970.0,152.64890726398548,True,,,,,,,,,,,,,,
18,14500.0,447215.2680343416,4005948.3060804834,False,25.701196670532227,24.851709365844727,26.38770866394043,1.5299999713897705,0.0,0.0,1970.0,163.4481939389688,True,,,,,,,,,,,,,,
18,14600.0,447314.1538984317,4005963.1918415716,False,25.723731994628906,24.92645263671875,26.3528995513916,1.5299999713897705,0.0,0.0,1970.0,163.4481939389688,True,,,,,,,,,,,,,,
18,14700.0,447413.0397625217,4005978.0776026594,False,25.728172302246094,24.926551818847656,26.37238311767578,1.5299999713897705,0.0,0.0,1970.0,163.4481939389688,True,,,,,,,,,,,,,,
18,14800.0,447511.92562661174,4005992.9633637476,False,25.775400161743164,24.926626205444336,26.441713333129883,1.5299999713897705,0.0,0.0,1970.0,163.4481939389688,True,,,,,,,,,,,,,,
18,14900.0,447610.81149070174,4006007.8491248353,False,25.856739044189453,25.015716552734375,26.478187561035156,1.5299999713897705,0.0,0.0,1970.0,179.62148235407938,True,,,,,,,,,,,,,,
18,15000.0,447709.6973547918,4006022.7348859236,False,25.968698501586914,25.399396896362305,26.516212463378906,1.5299999713897705,0.0,0.0,1970.0,181.01933598375595,True,,,,,,,,,,,,,,
18,15100.0,447808.5832188818,4006037.6206470113,False,26.072145462036133,25.675569534301758,26.565818786621094,1.5299999713897705,0.0,0.0,1970.0,181.01933598375595,True,,,,,,,,,,,,,,
18,15200.0,447907.46908297186,4006052.5064080996,False,26.150983810424805,25.76841163635254,26.680683135986328,1.5299999713897705,0.0,0.0,1970.0,181.01933598375595,True,,,,,,,,,,,,,,
18,15300.0,448006.35494706186,4006067.3921691873,False,26.193117141723633,25.742326736450195,26.788105010986328,1.5299999713897705,0.0,0.0,1970.0,181.01933598375595,True,,,,,,,,,,,,,,
18,15400.0,448105.2408111519,4006082.2779302755,False,26.194231033325195,25.596256256103516,26.839160919189453,1.5299999713897705,0.0,0.0,1970.0,91.58934435839127,True,,,,,,,,,,,,,,
18,15500.0,448204.1266752419,4006097.1636913633,False,26.17342758178711,25.343721389770508,26.879064559936523,1.5299999713897705,0.0,0.0,1970.0,88.05039726435274,True,,,,,,,,,,,,,,
18,15600.0,448303.012539332,4006112.0494524515,False,26.155609130859375,25.23921775817871,26.934120178222656,1.5299999713897705,0.0,0.0,1970.0,84.74684299288239,True,,,,,,,,,,,,,,
18,15700.0,448401.898403422,4006126.9352135393,False,26.161466598510742,25.239383697509766,27.034093856811523,1.5299999713897705,0.0,0.0,1970.0,134.16894097006954,True,,,,,,,,,,,,,,
18,15800.0,448500.78426751203,4006141.8209746275,False,26.200551986694336,25.239551544189453,27.11943817138672,1.5199999809265137,0.0,0.0,1970.0,146.34545932160734,True,,,,,,,,,,,,,,
18,15900.0,448599.67013160203,4006156.7067357153,False,26.269392013549805,25.240116119384766,27.234848022460938,1.5199999809265137,0.0,0.0,1970.0,153.81549264028385,True,,,,,,,,,,,,,,
18,16000.0,448698.5559956921,4006171.592496803,False,26.345348358154297,25.248580932617188,27.355436325073242,1.5199999809265137,0.0,0.0,1970.0,204.79999999999976,True,,,,,,,,,,,,,,
18,16100.0,448797.4418597821,4006186.4782578913,False,26.39289093017578,25.258119583129883,27.521472930908203,1.5199999809265137,0.0,0.0,1970.0,217.08756582530233,True,,,,,,,,,,,,,,
18,16200.0,448896.32772387215,4006201.364018979,False,26.35894775390625,25.205730438232422,27.569644927978516,1.5199999809265137,0.0,0.0,1970.0,189.33766697821136,True,,,,,,,,,,,,,,
19,5000.0,437794.9233018798,4004688.184513582,True,20.046648025512695,19.360538482666016,20.689647674560547,0.300119549036026,0.0,1.0,2001.0,146.2857142857141,True,56.309932474020215,0.045528380540508076,0.04576760001146078,"[0.039883500485026716, 0.05215534678811186]",0.033542639124921864,0.033364082136512735,"[0.033364082136512735, 0.033364082136512735]",0.15761652595524983,0.15761652595524983,"[0.15761652595524983, 0.15761652595524983]",149.1538481412758,134.32338971039192,166.58915039312942,134.32338971039192
19,5100.0,437891.3652033772,4004714.622358342,True,20.03125,19.314178466796875,20.686412811279297,0.300119549036026,0.0,1.0,2001.0,157.53846153846138,True,56.309932474020215,0.045128292193032396,0.04350768357439724,"[0.033747577333484144, 0.05215534678811186]",0.0469321853896244,0.046845413291584634,"[0.046402918833540696, 0.047169909227483514]",0.15761652595524983,0.15761652595524983,"[0.15761652595524983, 0.15761652595524983]",148.32691745818914,133.6200232180452,165.61970657523673,133.6200232180452
19,5200.0,437987.80710487464,4004741.060203102,True,20.007705688476562,19.30810546875,20.678817749023438,0.300119549036026,0.0,1.0,2001.0,161.46073535312985,False,90.0,0.03996975113205175,0.04209439154830393,"[0.033747577333484144, 0.05215534678811186]",0.03362932000890958,0.03362407888022216,"[0.033364082136512735, 0.03413107253045555]",0.15761652595524983,0.15761652595524983,"[0.15761652595524983, 0.15761652595524983]",149.0430573435687,134.22940495428352,166.4589804578899,134.22940495428352
19,5300.0,438084.249006372,4004767.498047862,True,19.98079490661621,19.308189392089844,20.655834197998047,0.300119549036026,0.0,1.0,2001.0,138.70806251081638,True,90.0,0.03865812155207325,0.03933554943054268,"[0.033747577333484144, 0.04601942363656929]",0.04691003390748635,0.046863113069906384,"[0.046402918833540696, 0.047169909227483514]",0.15761652595524983,0.15761652595524983,"[0.15761652595524983, 0.15761652595524983]",148.65859080071291,133.9022803404786,166.00837705602652,133.9022803404786
19,5400.0,438180.69090786943,4004793.9358926225,True,19.961116790771484,19.308271408081055,20.62955093383789,0.300119549036026,0.0,1.0,2001.0,163.4481939389688,True,90.0,0.03668524127588167,0.03881471977227264,"[0.033747577333484144, 0.04601942363656929]",0.046402918833540696,0.0467212922046113,"[0.046402918833540696, 0.047169909227483514]",0.15761652595524983,0.15761652595524983,"[0.15761652595524983, 0.15761652595524983]",148.74025672425486,133.9717680761238,166.1040883405332,133.9717680761238
19,5500.0,438277.13280936686,4004820.3737373827,True,19.96441650390625,19.30860710144043,20.617130279541016,0.300119549036026,0.0,1.0,2001.0,190.1520262933009,True,68.19859051364818,0.03588445479161649,0.03648484853451209,"[0.027611654181941572, 0.04601942363656929]",0.033364082136512735,0.03365809512085749,"[0.033364082136512735, 0.03413107253045555]",0.15761652595524983,0.15761652595524983,"[0.15761652595524983, 0.15761652595524983]",148.65097471583925,133.89571362102208,165.99954857463956,133.89571362102208
19,5600.0,438373.5747108643,4004846.811582143,True,19.98908233642578,19.30868911743164,20.632240295410156,0.300119549036026,0.0,1.0,2001.0,174.97244830039244,True,68.19859051364818,0.0371264998173266,0.033853493103805615,"[0.015339807878856429, 0.05215534678811186]",0.033364082136512735,0.0336453119476251,"[0.033364082136512735, 0.03413107253045555]",0.15761652595524983,0.15761652595524983,"[0.15761652595524983, 0.15761652595524983]",148.78233711037214,134.0078490133734,166.15309333616693,134.0078490133734
19,5700.0,438470.0166123617,4004873.2494269027,True,20.0275821685791,19.322914123535156,20.664474487304688,0.300119549036026,0.0,1.0,2001.0,133.43915297681474,True,90.0,0.03966572567993963,0.03163000176690353,"[0.009203884727313857, 0.05215534678811186]",0.03360840642586829,0.033364082136512735,"[0.033364082136512735, 0.033364082136512735]",0.15761652595524983,0.15761652595524983,"[0.15761652595524983, 0.15761652595524983]",148.71036961605958,133.94653891269442,166.06883235406926,133.94653891269442
19,5800.0,438566.45851385914,4004899.687271663,True,20.06972885131836,19.395187377929688,20.662784576416016,0.300119549036026,0.0,1.0,2001.0,136.23093355268884,True,90.0,0.04129711752876309,0.03815491780642821,"[0.021475731030399, 0.05215534678811186]",0.03354024276221662,0.033364082136512735,"[0.033364082136512735, 0.033364082136512735]",0.15761652595524983,0.15761652595524983,"[0.15761652595524983, 0.15761652595524983]",149.08497362757103,134.26525973156265,166.50789089199304,134.26525973156265
19,5900.0,438662.90041535656,4004926.1251164232,True,20.102855682373047,19.488842010498047,20.63650894165039,0.300119549036026,0.0,1.0,2001.0,114.4866804479891,True,63.43494882292201,0.0410756384764169,0.04143915717214465,"[0.027611654181941572, 0.05215534678811186]",0.033501949862909323,0.033364082136512735,"[0.033364082136512735, 0.033364082136512735]",0.15761652595524983,0.15761652595524983,"[0.15761652595524983, 0.15761652595524983]",149.29993050367543,134.44831158838306,166.75964886185884,134.44831158838306
19,6000.0,438759.34231685393,4004952.5629611835,True,20.11971664428711,19.594402313232422,20.618152618408203,0.300119549036026,0.0,1.0,2001.0,120.47058823529396,True,60.25511870305778,0.050027980263501,0.0464035203604046,"[0.039883500485026716, 0.05215534678811186]",0.03353614316349669,0.033364082136512735,"[0.033364082136512735, 0.033364082136512735]",0.15761652595524983,0.15761652595524983,"[0.15761652595524983, 0.15761652595524983]",149.0863749905154,134.26674591896767,166.5091992867532,134.26674591896767
19,6100.0,438855.78421835136,4004979.0008059437,True,20.117647171020508,19.685317993164062,20.56643295288086,0.300119549036026,0.0,1.0,2001.0,127.01156821934931,True,60.25511870305778,0.04996548760580618,0.04437510301474535,"[0.033747577333484144, 0.05215534678811186]",0.033364082136512735,0.033364082136512735,"[0.033364082136512735, 0.033364082136512735]",0.15761652595524983,0.15761652595524983,"[0.15761652595524983, 0.15761652595524983]",149.13747272883225,134.31056562078703,166.56869701368527,134.31056562078703
19,6200.0,438952.2261198488,4005005.4386507035,True,20.117212295532227,19.705429077148438,20.54217529296875,0.300119549036026,0.0,1.0,2001.0,127.01156821934931,True,60.25511870305778,0.04953221706923466,0.043877358562967685,"[0.033747577333484144, 0.05215534678811186]",0.033364082136512735,0.033364082136512735,"[0.033364082136512735, 0.033364082136512735]",0.15761652595524983,0.15761652595524983,"[0.15761652595524983, 0.15761652595524983]",149.07886616288454,134.26058911366212,166.50013533906,134.26058911366212
19,6300.0,439048.6680213462,4005031.876495464,True,20.115217208862305,19.710956573486328,20.525897979736328,0.300119549036026,0.0,1.0,2001.0,134.5867635727328,True,60.25511870305778,0.041840579194474536,0.04316067962954161,"[0.033747577333484144, 0.05215534678811186]",0.03796602450016966,0.03796602450016966,"[0.03796602450016966, 0.03796602450016966]",0.15761652595524983,0.15761652595524983,"[0.15761652595524983, 0.15761652595524983]",148.95052174612835,134.15159674738132,166.34947418789807,134.15159674738132
19,6400.0,439145.10992284364,4005058.314340224,True,20.103639602661133,19.69887924194336,20.523990631103516,0.300119549036026,0.0,1.0,2001.0,138.70806251081638,True,66.80140948635182,0.04163113080461084,0.04272483100885588,"[0.033747577333484144, 0.05215534678811186]",0.033364082136512735,0.033364082136512735,"[0.033364082136512735, 0.033364082136512735]",0.15761652595524983,0.15761652595524983,"[0.15761652595524983, 0.15761652595524983]",149.29821257095173,134.44725416821507,166.75717567885422,134.44725416821507
19,6500.0,439241.55182434106,4005084.7521849843,True,20.070507049560547,19.64531707763672,20.5255126953125,0.300119549036026,0.0,1.0,2001.0,143.03852457360946,True,66.80140948635182,0.04123927706932008,0.04266194688763354,"[0.033747577333484144, 0.05215534678811186]",0.047169909227483514,0.04687589624313877,"[0.046402918833540696, 0.047169909227483514]",0.15761652595524983,0.15761652595524983,"[0.15761652595524983, 0.15761652595524983]",148.90784545153736,134.11524358055573,166.29950441218588,134.11524358055573
19,6600.0,439337.9937258385,4005111.1900297445,True,20.00930404663086,19.53121566772461,20.523990631103516,0.300119549036026,0.0,1.0,2001.0,143.03852457360946,True,63.43494882292201,0.04030603209783672,0.042325016401167016,"[0.033747577333484144, 0.05215534678811186]",0.04683537332122626,0.04683191346066126,"[0.046402918833540696, 0.047169909227483514]",0.15761652595524983,0.15761652595524983,"[0.15761652595524983, 0.15761652595524983]",148.90894436510493,134.1158662430526,166.3011471020165,134.1158662430526
19,6700.0,439434.4356273359,4005137.6278745043,True,19.925207138061523,19.315959930419922,20.505657196044922,0.300119549036026,0.0,1.0,2001.0,143.03852457360946,True,63.43494882292201,0.039163446961760245,0.04190905823516648,"[0.033747577333484144, 0.05215534678811186]",0.04697399075942078,0.046904948909576,"[0.046402918833540696, 0.047169909227483514]",0.15761652595524983,0.15761652595524983,"[0.15761652595524983, 0.15761652595524983]",148.57158100294558,133.82887699504826,165.90568412305473,133.82887699504826
19,6800.0,439530.87752883334,4005164.0657192646,True,19.832284927368164,19.121944427490234,20.44778060913086,0.300119549036026,0.0,1.0,2001.0,152.64890726398548,True,63.43494882292201,0.03674785166539626,0.04115708453859938,"[0.033747577333484144, 0.05215534678811186]",0.047055085149563795,0.047169909227483514,"[0.047169909227483514, 0.047169909227483514]",0.15761652595524983,0.15761652595524983,"[0.15761652595524983, 0.15761652595524983]",148.1240517566926,133.4478149712555,165.38148773611186,133.4478149712555
19,6900.0,439627.3194303307,4005190.503564025,True,19.74735450744629,19.055145263671875,20.385784149169922,0.300119549036026,0.0,1.0,2001.0,163.4481939389688,True,90.0,0.009203884727313857,0.011305543966166778,"[0.009203884727313857, 0.015339807878856429]",0.047096646443377084,0.046892487170099945,"[0.046402918833540696, 0.047169909227483514]",0.15761652595524983,0.15761652595524983,"[0.15761652595524983, 0.15761652595524983]",147.9626572268553,133.3101404569713,165.19272806286293,133.3101404569713
19,7000.0,439723.76133182814,4005216.941408785,True,19.689298629760742,19.022430419921875,20.347270965576172,0.300119549036026,0.0,1.0,2001.0,157.07442971594133,True,90.0,0.009203884727313857,0.009203884727313857,"[0.009203884727313857, 0.009203884727313857]",0.0471837119726822,0.047169909227483514,"[0.047169909227483514, 0.047169909227483514]",0.15761652595524983,0.15761652595524983,"[0.15761652595524983, 0.15761652595524983]",147.8498742730224,133.214431502978,165.06025740740327,133.214431502978
19,7100.0,439820.20323332556,4005243.3792535453,True,19.668701171875,19.015823364257812,20.340118408203125,0.300119549036026,0.0,1.0,2001.0,157.07442971594133,True,98.13010235415598,0.009203884727313857,0.009203884727313857,"[0.009203884727313857, 0.009203884727313857]",0.047217449066328306,0.047169909227483514,"[0.047169909227483514, 0.047169909227483514]",0.15761652595524983,0.15761652595524983,"[0.15761652595524983, 0.15761652595524983]",147.79745690819254,133.16946790982487,164.99923602825234,133.16946790982487
19,7200.0,439916.645134823,4005269.817098305,True,19.67933464050293,19.012290954589844,20.353580474853516,0.300119549036026,0.0,1.0,2001.0,496.71296007440947,False,90.0,0.009203884727313857,0.009203884727313857,"[0.009203884727313857, 0.009203884727313857]",0.047169909227483514,0.047169909227483514,"[0.047169909227483514, 0.047169909227483514]",0.15761652595524983,0.15761652595524983,"[0.15761652595524983, 0.15761652595524983]",147.89832699211803,133.25555582633518,165.11716073804868,133.25555582633518
19,7300.0,440013.0870363204,4005296.2549430653,True,19.711524963378906,19.00835418701172,20.42242431640625,0.300119549036026,0.0,1.0,2001.0,127.01156821934931,True,60.25511870305778,0.009203884727313857,0.009203884727313857,"[0.009203884727313857, 0.009203884727313857]",0.047169909227483514,0.047169909227483514,"[0.047169909227483514, 0.047169909227483514]",0.15761652595524983,0.15761652595524983,"[0.15761652595524983, 0.15761652595524983]",147.79166558884256,133.16423305459887,164.99279735618836,133.16423305459887
19,7400.0,440109.52893781784,4005322.6927878256,True,19.758888244628906,19.001708984375,20.505577087402344,0.300119549036026,0.0,1.0,2001.0,134.16894097006954,True,60.25511870305778,0.009203884727313857,0.009203884727313857,"[0.009203884727313857, 0.009203884727313857]",0.03376663244652986,0.0337608013057935,"[0.033364082136512735, 0.03413107253045555]",0.15761652595524983,0.15761652595524983,"[0.15761652595524983, 0.15761652595524983]",147.8980075048374,133.25379245309776,165.11847871325475,133.25379245309776
19,7500.0,440205.97083931527,4005349.130632586,True,19.809120178222656,18.99053192138672,20.581016540527344,0.300119549036026,0.0,1.0,2001.0,134.16894097006954,True,60.25511870305778,0.035819099538266265,0.040799874266543364,"[0.027611654181941572, 0.05215534678811186]",0.046402918833540696,0.047054860668392096,"[0.046402918833540696, 0.047936899621426346]",0.15761652595524983,0.15761652595524983,"[0.15761652595524983, 0.15761652595524983]",148.20795574779814,133.51804044607684,165.4811470920616,133.51804044607684
19,7600.0,440302.41274081264,4005375.568477346,True,19.8907470703125,18.984779357910156,20.626537322998047,0.300119549036026,0.0,1.0,2001.0,203.78361655500555,True,60.25511870305778,0.009203884727313857,0.011477432671063085,"[0.009203884727313857, 0.015339807878856429]",0.033364082136512735,0.033632528774392725,"[0.033364082136512735, 0.03413107253045555]",0.15761652595524983,0.15761652595524983,"[0.15761652595524983, 0.15761652595524983]",148.68021871574712,133.92020541020167,166.03426565953083,133.92020541020167
19,7700.0,440398.85464231006,4005402.006322106,True,19.99252700805664,19.012218475341797,20.64968490600586,0.300119549036026,0.0,1.0,2001.0,203.78361655500555,True,78.69006752597979,0.03336493163041734,0.03915902789536473,"[0.027611654181941572, 0.05215534678811186]",0.033364082136512735,0.033364082136512735,"[0.033364082136512735, 0.033364082136512735]",0.15761652595524983,0.15761652595524983,"[0.15761652595524983, 0.15761652595524983]",148.8108839299116,134.03124219528414,166.1875674859911,134.03124219528414
19,7800.0,440495.2965438075,4005428.444166866,True,20.110654830932617,19.175365447998047,20.67220687866211,0.300119549036026,0.0,1.0,2001.0,175.90220830122007,True,80.53767779197439,0.035203689853566526,0.03931659500286942,"[0.027611654181941572, 0.05215534678811186]",0.033364082136512735,0.033364082136512735,"[0.033364082136512735, 0.033364082136512735]",0.15761652595524983,0.15761652595524983,"[0.15761652595524983, 0.15761652595524983]",148.75105392219373,133.97992544802773,166.11791070948007,133.97992544802773
19,7900.0,440591.7384453049,4005454.8820116264,True,20.237756729125977,19.460681915283203,20.70238494873047,0.300119549036026,0.0,1.0,2001.0,165.57098669146978,True,80.53767779197439,0.039865218877708955,0.03982404076077266,"[0.027611654181941572, 0.05215534678811186]",0.04657776453875452,0.046402918833540696,"[0.046402918833540696, 0.046402918833540696]",0.15761652595524983,0.15761652595524983,"[0.15761652595524983, 0.15761652595524983]",149.72291876330635,134.80748536224118,167.25622725205884,134.80748536224118
19,8000.0,440688.18034680234,4005481.3198563866,True,20.36141586303711,19.776294708251953,20.777210235595703,0.300119549036026,0.0,1.0,2001.0,165.57098669146978,True,71.56505117707799,0.04062738519448596,0.04013555415565962,"[0.033747577333484144, 0.04601942363656929]",0.046565246046999416,0.046402918833540696,"[0.046402918833540696, 0.046402918833540696]",0.15761652595524983,0.15761652595524983,"[0.15761652595524983, 0.15761652595524983]",149.69784701635146,134.786246188923,167.22673630911626,134.786246188923
19,8100.0,440784.62224829977,4005507.757701147,True,20.469223022460938,20.05843734741211,20.883583068847656,0.300119549036026,0.0,1.0,2001.0,179.62148235407938,False,45.0,0.035001965244009996,0.03642086327921859,"[0.027611654181941572, 0.04601942363656929]",0.04644827153129043,0.046402918833540696,"[0.046402918833540696, 0.046402918833540696]",0.15761652595524983,0.15761652595524983,"[0.15761652595524983, 0.15761652595524983]",150.14841447467114,135.16882927430956,167.75570270380746,135.16882927430956
19,8200.0,440881.0641497972,4005534.1955459067,True,20.563501358032227,20.21680450439453,20.9830322265625,0.300119549036026,0.0,1.0,2001.0,179.62148235407938,True,59.03624346792648,0.03722993715060318,0.03663160475102209,"[0.027611654181941572, 0.04601942363656929]",0.04627763762592663,0.046402918833540696,"[0.046402918833540696, 0.046402918833540696]",0.15761652595524983,0.15761652595524983,"[0.15761652595524983, 0.15761652595524983]",150.60004153855527,135.5521148354797,168.28613834995176,135.5521148354797
19,8300.0,440977.5060512946,4005560.633390667,True,20.66105079650879,20.264087677001953,21.11450958251953,0.300119549036026,0.0,1.0,2001.0,179.62148235407938,True,59.03624346792648,0.03641359213898485,0.036727207250329644,"[0.033747577333484144, 0.039883500485026716]",0.046402918833540696,0.046402918833540696,"[0.046402918833540696, 0.046402918833540696]",0.15761652595524983,0.15761652595524983,"[0.15761652595524983, 0.15761652595524983]",150.61116377684104,135.56158670592063,168.29916434234957,135.56158670592063
19,8400.0,441073.94795279205,4005587.071235427,True,20.75237464904785,20.284732818603516,21.280624389648438,0.300119549036026,0.0,1.0,2001.0,167.77869732229925,True,59.03624346792648,0.03690274791879693,0.036835334781581255,"[0.033747577333484144, 0.039883500485026716]",0.046402918833540696,0.046402918833540696,"[0.046402918833540696, 0.046402918833540696]",0.15761652595524983,0.15761652595524983,"[0.15761652595524983, 0.15761652595524983]",150.87713115390383,135.7866177793584,168.61232839919586,135.7866177793584
19,8500.0,441170.3898542894,4005613.5090801874,True,20.85832977294922,20.3055419921875,21.49569320678711,0.300119549036026,0.0,1.0,2001.0,172.54070977589132,True,59.03624346792648,0.03761104023506938,0.03701631380252926,"[0.033747577333484144, 0.039883500485026716]",0.046402918833540696,0.046402918833540696,"[0.046402918833540696, 0.046402918833540696]",0.15761652595524983,0.15761652595524983,"[0.15761652595524983, 0.15761652595524983]",150.9354841340513,135.83591410766945,168.68112219351414,135.83591410766945
19,8600.0,441266.83175578684,4005639.9469249477,True,20.983116149902344,20.32470703125,21.7425537109375,0.300119549036026,0.0,1.0,2001.0,162.8156743689768,True,51.34019174590991,0.03850454007847526,0.039202398340745306,"[0.033747577333484144, 0.04601942363656929]",0.046402918833540696,0.046402918833540696,"[0.046402918833540696, 0.046402918833540696]",0.15761652595524983,0.15761652595524983,"[0.15761652595524983, 0.15761652595524983]",151.53735321098705,136.34428984646962,169.39077596504242,136.34428984646962
19,8700.0,441363.27365728427,4005666.3847697075,True,21.12596321105957,20.363082885742188,21.921180725097656,0.300119549036026,0.0,1.0,2001.0,157.07442971594122,True,51.34019174590991,0.03954517859184305,0.04205052356989295,"[0.033747577333484144, 0.05215534678811186]",0.03259709174256992,0.03259709174256992,"[0.03259709174256992, 0.03259709174256992]",0.15761652595524983,0.15761652595524983,"[0.15761652595524983, 0.15761652595524983]",151.87373809103792,136.62951108836472,169.7861552336967,136.62951108836472
19,8800.0,441459.7155587817,4005692.8226144677,True,21.273967742919922,20.43001365661621,22.09546661376953,0.300119549036026,0.0,1.0,2001.0,151.71526604537675,True,56.309932474020215,0.04050251958337922,0.042410604344206,"[0.033747577333484144, 0.05215534678811186]",0.03271769732643068,0.032852755207217525,"[0.03259709174256992, 0.033364082136512735]",0.15761652595524983,0.15761652595524983,"[0.15761652595524983, 0.15761652595524983]",152.48297793567926,137.14256104118604,170.5062768756413,137.14256104118604
19,8900.0,441556.1574602791,4005719.260459228,True,21.442371368408203,20.576648712158203,22.292552947998047,0.300119549036026,0.0,1.0,2001.0,142.0032502336585,True,56.309932474020215,0.04249722698558797,0.04280586346051618,"[0.033747577333484144, 0.05215534678811186]",0.04575209092563257,0.04569984430575979,"[0.04486893804565506, 0.046402918833540696]",0.15761652595524983,0.15761652595524983,"[0.15761652595524983, 0.15761652595524983]",152.8437416795415,137.447368496173,170.93155155352886,137.447368496173
19,9000.0,441652.59936177655,4005745.698303988,True,21.622766494750977,20.74980926513672,22.540050506591797,0.300119549036026,0.0,1.0,2001.0,142.0032502336585,True,56.309932474020215,0.0434654883723999,0.042994647280801365,"[0.033747577333484144, 0.05215534678811186]",0.032534936173923334,0.03259709174256992,"[0.03259709174256992, 0.03259709174256992]",0.15761652595524983,0.15761652595524983,"[0.15761652595524983, 0.15761652595524983]",153.3032417142264,137.8359100295863,171.47286120507812,137.8359100295863
19,9100.0,441749.041263274,4005772.1361487485,True,21.817323684692383,20.934642791748047,22.802635192871094,0.300119549036026,0.0,1.0,2001.0,142.0032502336585,False,56.309932474020215,0.04348948879953896,0.045196814963387094,"[0.033747577333484144, 0.05829126993965443]",0.045199237490513335,0.04522686689616171,"[0.04486893804565506, 0.04563592843959788]",0.20823789195547604,0.20823789195547604,"[0.20823789195547604, 0.20823789195547604]",154.06261434883376,138.47387942919485,172.37217725766658,138.47387942919485
19,9200.0,441845.48316477134,4005798.5739935082,True,22.02337646484375,21.123950958251953,23.057373046875,0.300119549036026,0.0,1.0,2001.0,113.6026001869268,True,57.9946167919165,0.041353948564702946,0.04548410335954544,"[0.033747577333484144, 0.05829126993965443]",0.0363054018466136,0.03643204371228402,"[0.03643204371228402, 0.03643204371228402]",0.20823789195547604,0.20823789195547604,"[0.20823789195547604, 0.20823789195547604]",154.59225604572893,138.92023131426427,172.99783621381044,138.92023131426427
19,9300.0,441941.92506626877,4005825.0118382685,True,22.233280181884766,21.34058380126953,23.278369903564453,0.300119549036026,0.0,1.0,2001.0,113.6026001869268,True,57.9946167919165,0.05094665009354983,0.041201454032354444,"[0.021475731030399, 0.05829126993965443]",0.0454612033821309,0.04563592843959788,"[0.04563592843959788, 0.04563592843959788]",0.20823789195547604,0.20823789195547604,"[0.20823789195547604, 0.20823789195547604]",154.54912389198716,138.8831946741588,172.94767838586475,138.8831946741588
19,9400.0,442038.3669677662,4005851.4496830287,True,22.436580657958984,21.581287384033203,23.387924194335938,0.300119549036026,0.0,1.0,2001.0,113.6026001869268,True,57.9946167919165,0.03407605577555788,0.042207232943168665,"[0.027611654181941572, 0.05829126993965443]",0.03204228722993412,0.032109006946424476,"[0.031830101348627085, 0.03259709174256992]",0.20823789195547604,0.20823789195547604,"[0.20823789195547604, 0.20823789195547604]",155.71511270489435,139.8629004893438,174.32840294894964,139.8629004893438
19,9500.0,442134.8088692636,4005877.887527789,True,22.627248764038086,21.769386291503906,23.473865509033203,0.300119549036026,0.0,1.0,2001.0,132.61289640717828,True,54.46232220802562,0.032607760658075184,0.03874008911924354,"[0.027611654181941572, 0.05215534678811186]",0.0319567432142975,0.031830101348627085,"[0.031830101348627085, 0.031830101348627085]",0.20823789195547604,0.20823789195547604,"[0.20823789195547604, 0.20823789195547604]",156.0703402567103,140.16092812353497,174.7495672682356,140.16092812353497
19,9600.0,442231.25077076105,4005904.3253725492,True,22.7991943359375,21.90697479248047,23.524433135986328,0.300119549036026,0.0,1.0,2001.0,198.91934461076758,False,53.13010235415598,0.03283640401616972,0.03835580597380709,"[0.027611654181941572, 0.05215534678811186]",0.04410194765171223,0.04436305076454383,"[0.04410194765171223, 0.04486893804565506]",0.20823789195547604,0.20823789195547604,"[0.20823789195547604, 0.20823789195547604]",156.57414864762538,140.58281012839103,175.34781560914044,140.58281012839103
19,9700.0,442327.6926722585,4005930.763217309,False,22.95009994506836,21.99997329711914,23.654022216796875,1.0626311302185059,0.0,0.9826539462272333,2001.0,193.42189056631534,False,,,,,,,,,,,,,,
19,9800.0,442424.1345737559,4005957.2010620693,False,23.099809646606445,22.113330841064453,23.823909759521484,1.4500000476837158,0.0,0.9454720616570328,1970.0,204.79999999999976,False,,,,,,,,,,,,,,
19,9900.0,442520.5764752533,4005983.6389068295,False,23.270706176757812,22.3011474609375,23.97736358642578,1.4800000190734863,0.0,0.8844264663392083,1970.0,204.79999999999976,True,,,,,,,,,,,,,,
19,10000.0,442617.01837675076,4006010.07675159,False,23.467252731323242,22.59610366821289,24.393144607543945,1.4900000095367432,0.0,0.7877562806814901,1970.0,204.79999999999976,True,,,,,,,,,,,,,,
19,10100.0,442713.4602782481,4006036.51459635,False,23.674440383911133,22.88652801513672,24.7572021484375,1.5,0.0,0.686068885895709,1970.0,204.79999999999976,False,,,,,,,,,,,,,,
19,10200.0,442809.90217974555,4006062.95244111,False,23.916645050048828,23.155832290649414,25.135591506958008,1.5099999904632568,0.0,0.58669102798346,1970.0,111.5616687519422,True,,,,,,,,,,,,,,
19,10300.0,442906.344081243,4006089.39028587,False,24.187673568725586,23.327499389648438,25.731979370117188,1.5099999904632568,0.0,0.4873125720876586,1970.0,114.4866804479891,True,,,,,,,,,,,,,,
19,10400.0,443002.7859827404,4006115.8281306303,False,24.468393325805664,23.379810333251953,26.037273406982422,1.5099999904632568,0.0,0.3881256604861178,1970.0,175.61455118592883,False,,,,,,,,,,,,,,
19,10500.0,443099.22788423783,4006142.2659753906,False,24.742904663085938,23.402271270751953,26.252195358276367,1.5199999809265137,0.0,0.2888142102736438,1970.0,175.61455118592883,True,,,,,,,,,,,,,,
19,10600.0,443195.66978573526,4006168.703820151,False,25.01412010192871,23.444183349609375,26.441354751586914,1.5199999809265137,0.0,0.18980903943959312,1970.0,175.61455118592883,False,,,,,,,,,,,,,,
19,10700.0,443292.1116872327,4006195.1416649106,False,25.29399299621582,23.796783447265625,26.52330780029297,1.5199999809265137,0.0,0.09266027857354539,1970.0,175.61455118592883,True,,,,,,,,,,,,,,
19,10800.0,443388.55358873005,4006221.579509671,False,25.566635131835938,24.04355812072754,26.586647033691406,1.5199999809265137,0.0,0.04019356112976496,1970.0,167.77869732229925,True,,,,,,,,,,,,,,
19,10900.0,443484.9954902275,4006248.017354431,False,25.82009506225586,24.520601272583008,26.627412796020508,1.5199999809265137,0.0,0.0026642984014209592,1970.0,175.61455118592883,True,,,,,,,,,,,,,,
19,11000.0,443581.4373917249,4006274.4551991913,False,26.021854400634766,24.842418670654297,26.660396575927734,1.5199999809265137,0.0,0.0,1970.0,183.17868871678257,True,,,,,,,,,,,,,,
19,11100.0,443677.87929322233,4006300.893043951,False,26.167728424072266,25.486953735351562,26.673696517944336,1.5199999809265137,0.0,0.0,1970.0,183.17868871678257,True,,,,,,,,,,,,,,
19,11200.0,443774.32119471976,4006327.3308887114,False,26.20484733581543,25.550628662109375,26.695415496826172,1.5199999809265137,0.0,0.0,1970.0,183.17868871678257,True,,,,,,,,,,,,,,
19,11300.0,443870.7630962172,4006353.7687334716,False,26.124467849731445,25.164663314819336,26.703771591186523,1.5199999809265137,0.0,0.0,1970.0,127.12026448932363,True,,,,,,,,,,,,,,
19,11400.0,443967.2049977146,4006380.206578232,False,25.91283416748047,24.51650047302246,26.71034812927246,1.5199999809265137,0.0,0.0,1970.0,128.88407562804264,True,,,,,,,,,,,,,,
19,11500.0,444063.64689921204,4006406.644422992,False,25.595577239990234,23.535316467285156,26.716571807861328,1.5199999809265137,0.0,0.0,1970.0,152.64890726398548,False,,,,,,,,,,,,,,
19,11600.0,444160.08880070946,4006433.082267752,False,25.18585205078125,22.562435150146484,26.689895629882812,1.5199999809265137,0.0,0.0,1970.0,170.0771427404593,False,,,,,,,,,,,,,,
19,11700.0,444256.53070220683,4006459.520112512,False,24.69940757751465,21.773754119873047,26.673398971557617,1.5199999809265137,0.0,0.0,1970.0,163.88720631410663,True,,,,,,,,,,,,,,
19,11800.0,444352.97260370426,4006485.9579572724,False,24.15123176574707,21.179658889770508,26.578643798828125,1.5199999809265137,0.0,0.0,1970.0,164.3932925613913,True,,,,,,,,,,,,,,
19,11900.0,444449.4145052017,4006512.3958020327,False,23.610145568847656,20.739418029785156,26.371248245239258,1.5199999809265137,0.0,0.0,1970.0,169.5582181358226,True,,,,,,,,,,,,,,
19,12000.0,444545.8564066991,4006538.833646793,False,23.13298797607422,20.554136276245117,25.86520767211914,1.5099999904632568,0.0,0.0,1970.0,169.5582181358226,False,,,,,,,,,,,,,,
19,12100.0,444642.29830819654,4006565.2714915527,False,22.743074417114258,20.46082305908203,25.191505432128906,1.5099999904632568,0.0,0.0,1970.0,171.59601361242468,False,,,,,,,,,,,,,,
19,12200.0,444738.74020969396,4006591.709336313,False,22.519067764282227,20.422330856323242,24.647743225097656,1.5,0.0,0.0,1970.0,167.77869732229925,False,,,,,,,,,,,,,,
19,12300.0,444835.1821111914,4006618.147181073,False,22.38326072692871,20.379074096679688,24.3973388671875,1.4900000095367432,0.0,0.0,1970.0,170.40390028039025,False,,,,,,,,,,,,,,
19,12400.0,444931.62401268876,4006644.5850258335,False,22.38775062561035,20.362686157226562,24.572538375854492,1.4600000381469727,0.0,0.0,1970.0,150.57195460481168,False,,,,,,,,,,,,,,
19,12500.0,445028.0659141862,4006671.0228705937,False,22.509675979614258,20.371946334838867,24.865283966064453,1.4500000476837158,0.0,0.0,1970.0,239.70026945767506,False,,,,,,,,,,,,,,
19,12600.0,445124.5078156836,4006697.4607153535,False,22.665483474731445,20.343242645263672,25.010452270507812,1.440000057220459,0.0,0.0,1970.0,248.35648003720468,False,,,,,,,,,,,,,,
19,12700.0,445220.94971718104,4006723.8985601137,False,22.86536979675293,20.38054847717285,25.03672218322754,1.4199999570846558,0.0,0.0,1970.0,181.01933598375595,False,,,,,,,,,,,,,,
19,12800.0,445317.39161867846,4006750.336404874,False,23.12832260131836,20.759016036987305,25.11980438232422,1.409999966621399,0.0,0.0,1970.0,255.99999999999972,False,,,,,,,,,,,,,,
19,12900.0,445413.8335201759,4006776.7742496342,False,23.42641258239746,21.226816177368164,25.256853103637695,1.409999966621399,0.0,0.0,1970.0,175.61455118592883,False,,,,,,,,,,,,,,
19,13000.0,445510.2754216733,4006803.2120943945,False,23.756515502929688,21.575462341308594,25.454200744628906,1.409999966621399,0.0,0.0,1970.0,145.62676627660082,False,,,,,,,,,,,,,,
19,13100.0,445606.71732317074,4006829.6499391543,False,24.079273223876953,21.87847328186035,25.617990493774414,1.0626311302185059,0.0,0.0,2016.0,159.1688479183378,False,,,,,,,,,,,,,,
19,13200.0,445703.15922466817,4006856.0877839145,False,24.404293060302734,22.2741756439209,25.92034339904785,1.0626311302185059,0.0,0.0,2016.0,206.87924112429238,False,,,,,,,,,,,,,,
19,13300.0,445799.60112616554,4006882.525628675,False,24.678245544433594,22.566822052001953,26.568998336791992,1.0626311302185059,0.0,0.0,2016.0,204.79999999999976,True,,,,,,,,,,,,,,
19,13400.0,445896.04302766296,4006908.963473435,False,24.939857482910156,22.784515380859375,26.89165496826172,1.0626311302185059,0.0,0.0,2016.0,173.63970629966468,True,,,,,,,,,,,,,,
19,13500.0,445992.4849291604,4006935.4013181953,False,25.14000129699707,23.008848190307617,26.981460571289062,1.0626311302185059,0.0,0.0,2016.0,160.79582901971347,True,,,,,,,,,,,,,,
19,13600.0,446088.9268306578,4006961.839162955,False,25.365772247314453,23.383581161499023,27.04884910583496,1.0626311302185059,0.0,0.0,2016.0,170.0771427404593,True,,,,,,,,,,,,,,
19,13700.0,446185.36873215524,4006988.2770077153,False,25.604719161987305,23.90875244140625,27.08390235900879,1.0626311302185059,0.0,0.0,2016.0,457.9467217919564,True,,,,,,,,,,,,,,
19,13800.0,446281.81063365267,4007014.7148524756,False,25.847848892211914,24.362728118896484,27.098896026611328,1.0626311302185059,0.0,0.0,2016.0,457.9467217919564,True,,,,,,,,,,,,,,
19,13900.0,446378.2525351501,4007041.152697236,False,26.06683349609375,24.735733032226562,27.122047424316406,1.0626311302185059,0.0,0.0,2016.0,146.2857142857141,True,,,,,,,,,,,,,,
19,14000.0,446474.69443664746,4007067.590541996,False,26.271461486816406,25.099458694458008,27.185781478881836,1.0626311302185059,0.0,0.0,2016.0,139.92576573673773,True,,,,,,,,,,,,,,
19,14100.0,446571.1363381449,4007094.028386756,False,26.43875503540039,25.412134170532227,27.2903995513916,1.0626311302185059,0.0,0.0,2016.0,142.0032502336585,True,,,,,,,,,,,,,,
19,14200.0,446667.5782396423,4007120.466231516,True,26.582809448242188,25.678180694580078,27.40064239501953,0.41999998688697815,0.0,0.0,2016.0,142.0032502336585,True,63.43494882292201,0.042708935855969264,0.032054911720914715,"[0.009203884727313857, 0.05215534678811186]",0.04246418884470074,0.04256796686382659,"[0.04256796686382659, 0.04256796686382659]",0.15684953556130699,0.15684953556130699,"[0.15684953556130699, 0.15684953556130699]",165.2911933014267,147.80134209750167,185.79336708500577,147.80134209750167
19,14300.0,446764.02014113974,4007146.9040762763,False,26.689970016479492,25.800312042236328,27.48276138305664,3.2699999809265137,0.0,0.0,2016.0,255.99999999999972,False,,,,,,,,,,,,,,
19,14400.0,446860.46204263717,4007173.3419210366,False,26.775720596313477,25.89679527282715,27.572946548461914,3.2699999809265137,0.0,0.0,2016.0,255.99999999999972,False,,,,,,,,,,,,,,
19,14500.0,446956.9039441346,4007199.779765797,False,26.87685203552246,25.997634887695312,27.64980697631836,3.2699999809265137,0.0,0.0,2016.0,163.4481939389688,True,,,,,,,,,,,,,,
19,14600.0,447053.345845632,4007226.2176105566,False,27.02179718017578,26.21881103515625,27.730093002319336,3.2699999809265137,0.0,0.0,2016.0,163.4481939389688,True,,,,,,,,,,,,,,
19,14700.0,447149.78774712945,4007252.655455317,False,27.16749382019043,26.450115203857422,27.74545669555664,3.2699999809265137,0.0,0.0,2016.0,163.4481939389688,True,,,,,,,,,,,,,,
19,14800.0,447246.2296486269,4007279.093300077,False,27.276987075805664,26.714981079101562,27.74659538269043,3.2699999809265137,0.0,0.0,2016.0,175.61455118592883,True,,,,,,,,,,,,,,
19,14900.0,447342.67155012424,4007305.5311448374,False,27.34038543701172,26.85077476501465,27.75699234008789,3.2699999809265137,0.0,0.0,2016.0,175.61455118592883,True,,,,,,,,,,,,,,
19,15000.0,447439.11345162167,4007331.9689895976,False,27.367094039916992,26.88650131225586,27.757230758666992,3.2699999809265137,0.0,0.0,2016.0,181.01933598375595,True,,,,,,,,,,,,,,
19,15100.0,447535.5553531191,4007358.4068343574,False,27.387426376342773,26.86789321899414,27.773149490356445,3.2699999809265137,0.0,0.0,2016.0,181.01933598375595,True,,,,,,,,,,,,,,
19,15200.0,447631.9972546165,4007384.8446791177,False,27.406450271606445,26.912553787231445,27.79198455810547,3.2699999809265137,0.0,0.0,2016.0,181.01933598375595,True,,,,,,,,,,,,,,
19,15300.0,447728.43915611395,4007411.282523878,True,27.402034759521484,26.923595428466797,27.78954315185547,0.4000000059604645,0.0,0.0,2016.0,170.3711397494174,True,45.0,0.03381153200462308,0.033771889499705735,"[0.027611654181941572, 0.039883500485026716]",0.041800976469883774,0.041800976469883774,"[0.041800976469883774, 0.041800976469883774]",0.15684953556130699,0.15684953556130699,"[0.15684953556130699, 0.15684953556130699]",167.13647648713282,149.31081104179012,188.02647045690446,149.31081104179012
19,15400.0,447824.8810576114,4007437.720368638,True,27.386144638061523,26.911365509033203,27.778594970703125,0.4000000059604645,0.0,0.0,2016.0,91.58934435839127,True,63.43494882292201,0.03834567294797318,0.0371908514205416,"[0.027611654181941572, 0.04601942363656929]",0.029529130166798624,0.029529130166798624,"[0.029529130166798624, 0.029529130166798624]",0.15684953556130699,0.15684953556130699,"[0.15684953556130699, 0.15684953556130699]",167.1344297000209,149.30966989157932,188.02335659505863,149.30966989157932
19,15500.0,447921.3229591088,4007464.1582133984,True,27.3669490814209,26.898794174194336,27.749645233154297,0.4000000059604645,0.0,0.0,2016.0,88.05039726435274,True,65.55604521958347,0.038802093318141384,0.039588650436304246,"[0.027611654181941572, 0.05215534678811186]",0.029529130166798624,0.029529130166798624,"[0.029529130166798624, 0.029529130166798624]",0.15684953556130699,0.15684953556130699,"[0.15684953556130699, 0.15684953556130699]",167.04350666609278,149.23521128662267,187.9134235081644,149.23521128662267
19,15600.0,448017.76486060617,4007490.596058158,True,27.346736907958984,26.88316535949707,27.71306610107422,0.4000000059604645,0.0,0.0,2016.0,84.74684299288239,True,65.55604521958347,0.035999057099301235,0.0401239188020689,"[0.027611654181941572, 0.05215534678811186]",0.029529130166798624,0.029529130166798624,"[0.029529130166798624, 0.029529130166798624]",0.15684953556130699,0.15684953556130699,"[0.15684953556130699, 0.15684953556130699]",167.13205262143182,149.3077053753852,188.020503926513,149.3077053753852
19,15700.0,448114.2067621036,4007517.0339029185,True,27.329984664916992,26.86170196533203,27.694660186767578,0.4000000059604645,0.0,0.0,2016.0,149.16752194134605,True,60.25511870305778,0.03333792703774858,0.03966817992467419,"[0.027611654181941572, 0.05215534678811186]",0.029529130166798624,0.029529130166798624,"[0.029529130166798624, 0.029529130166798624]",0.15684953556130699,0.15684953556130699,"[0.15684953556130699, 0.15684953556130699]",167.10536079160636,149.28608883127765,187.98794284869936,149.28608883127765
19,15800.0,448210.648663601,4007543.4717476787,True,27.31842613220215,26.782249450683594,27.70964813232422,0.4000000059604645,0.0,0.0,2016.0,153.744202816926,True,60.25511870305778,0.0317390745042711,0.038663716899840266,"[0.027611654181941572, 0.05215534678811186]",0.029529130166798624,0.029529130166798624,"[0.029529130166798624, 0.029529130166798624]",0.15684953556130699,0.15684953556130699,"[0.15684953556130699, 0.15684953556130699]",167.10491741948718,149.2856118590508,187.98754300227964,149.2856118590508
19,15900.0,448307.09056509845,4007569.909592439,True,27.301315307617188,26.731266021728516,27.704132080078125,0.4000000059604645,0.0,0.0,2016.0,189.33766697821136,True,53.13010235415598,0.03210609772096816,0.036019673045189084,"[0.027611654181941572, 0.04601942363656929]",0.041800976469883774,0.041800976469883774,"[0.041800976469883774, 0.041800976469883774]",0.15684953556130699,0.15684953556130699,"[0.15684953556130699, 0.15684953556130699]",167.00483215245862,149.2034010290534,187.86682915420022,149.2034010290534
19,16000.0,448403.5324665959,4007596.347437199,True,27.294069290161133,26.75904655456543,27.70697784423828,0.36000001430511475,0.0,0.0,2016.0,204.79999999999976,True,53.13010235415598,0.02961444839802472,0.03562310289076909,"[0.027611654181941572, 0.04601942363656929]",0.029529130166798624,0.029529130166798624,"[0.029529130166798624, 0.029529130166798624]",0.15684953556130699,0.15684953556130699,"[0.15684953556130699, 0.15684953556130699]",166.86969189084957,149.09366813346605,187.70231986369495,149.09366813346605
19,16100.0,448499.9743680933,4007622.785281959,True,27.30864906311035,26.799522399902344,27.720542907714844,0.4699999988079071,0.0,0.0,2016.0,217.08756582530233,True,53.13010235415598,0.029318961524139382,0.035644873914920404,"[0.027611654181941572, 0.04601942363656929]",0.029529130166798624,0.029529130166798624,"[0.029529130166798624, 0.029529130166798624]",0.15684953556130699,0.15684953556130699,"[0.15684953556130699, 0.15684953556130699]",166.96921959404543,149.17489625542913,187.82298648194234,149.17489625542913
19,16200.0,448596.4162695907,4007649.2231267192,True,27.32027816772461,26.782859802246094,27.73581314086914,0.4699999988079071,0.0,0.0,2016.0,189.33766697821136,True,59.03624346792648,0.03001878443132027,0.0357964002910647,"[0.027611654181941572, 0.04601942363656929]",0.029529130166798624,0.029529130166798624,"[0.029529130166798624, 0.029529130166798624]",0.15684953556130699,0.15684953556130699,"[0.15684953556130699, 0.15684953556130699]",166.9546741229384,149.16290923611635,187.80548963755317,149.16290923611635
19,16300.0,448692.85817108816,4007675.6609714795,True,27.329490661621094,26.761045455932617,27.79010581970215,0.4699999988079071,0.0,0.0,2016.0,147.41826575333243,False,51.34019174590991,0.04193407378201969,0.04208577624211759,"[0.027611654181941572, 0.05829126993965443]",0.029529130166798624,0.029529130166798624,"[0.029529130166798624, 0.029529130166798624]",0.15684953556130699,0.15684953556130699,"[0.15684953556130699, 0.15684953556130699]",166.99374163937983,149.19464567187805,187.8530314821637,149.19464567187805
19,16400.0,448789.3000725856,4007702.0988162397,True,27.335676193237305,26.728933334350586,27.829408645629883,0.4699999988079071,0.0,0.0,2016.0,99.34259201488186,True,66.03751102542182,0.041159855690008344,0.04620404071515494,"[0.027611654181941572, 0.064427193091197]",0.029529130166798624,0.02952913016679862,"[0.029529130166798624, 0.029529130166798624]",0.15684953556130699,0.15684953556130699,"[0.15684953556130699, 0.15684953556130699]",166.72287588767833,148.97350836013638,187.52472459403603,148.97350836013638
19,16500.0,448885.74197408295,4007728.536661,True,27.336164474487305,26.70526123046875,27.85127067565918,0.4699999988079071,0.0,0.0,2016.0,102.11673528031223,True,66.03751102542182,0.052755514684736646,0.04920178527974523,"[0.033747577333484144, 0.064427193091197]",0.029529130166798624,0.029529130166798624,"[0.029529130166798624, 0.029529130166798624]",0.15684953556130699,0.15684953556130699,"[0.15684953556130699, 0.15684953556130699]",167.16314439420591,149.33263843606395,188.05872802438387,149.33263843606395
20,5000.0,437876.94156002055,4004411.1040754686,True,19.868000030517578,19.32448959350586,20.49523162841797,0.300119549036026,0.0,1.0,2001.0,134.16894097006954,True,56.309932474020215,0.045789336666455946,0.04589214129983083,"[0.039883500485026716, 0.05215534678811186]",0.04709586664768752,0.047169909227483514,"[0.047169909227483514, 0.047169909227483514]",0.15761652595524983,0.15761652595524983,"[0.15761652595524983, 0.15761652595524983]",148.06839048270257,133.40010556485618,165.31664938599232,133.40010556485618
20,5100.0,437972.4215790574,4004440.828912974,True,19.902698516845703,19.308021545410156,20.608966827392578,0.300119549036026,0.0,1.0,2001.0,134.16894097006954,True,56.309932474020215,0.045110508345361046,0.04557273672062337,"[0.039883500485026716, 0.05215534678811186]",0.04691109806182023,0.046892205808986974,"[0.046402918833540696, 0.047169909227483514]",0.15761652595524983,0.15761652595524983,"[0.15761652595524983, 0.15761652595524983]",148.39910491917382,133.6819320315499,165.7037580251087,133.6819320315499
20,5200.0,438067.9015980943,4004470.553750479,True,19.932661056518555,19.308021545410156,20.738723754882812,0.300119549036026,0.0,1.0,2001.0,157.53846153846138,True,90.0,0.0399890786151973,0.03993508005269587,"[0.033747577333484144, 0.04601942363656929]",0.046983744776601874,0.046900042237022155,"[0.046402918833540696, 0.047169909227483514]",0.15761652595524983,0.15761652595524983,"[0.15761652595524983, 0.15761652595524983]",148.2832426641279,133.58310116739898,165.56824786184956,133.58310116739898
20,5300.0,438163.38161713124,4004500.2785879844,True,19.95737075805664,19.30810546875,20.79041290283203,0.300119549036026,0.0,1.0,2001.0,161.46073535312985,True,90.0,0.03868991044181213,0.03926219124513537,"[0.033747577333484144, 0.04601942363656929]",0.04687962816802601,0.046841199058650876,"[0.046402918833540696, 0.047169909227483514]",0.15761652595524983,0.15761652595524983,"[0.15761652595524983, 0.15761652595524983]",148.76958511400926,133.99684023795865,166.13832855302982,133.99684023795865
20,5400.0,438258.8616361681,4004530.0034254896,True,19.992616653442383,19.308189392089844,20.839298248291016,0.300119549036026,0.0,1.0,2001.0,167.34250312791335,True,90.0,0.03688426728675331,0.0386877176276776,"[0.033747577333484144, 0.04601942363656929]",0.04700649554117691,0.04690441255265715,"[0.046402918833540696, 0.047169909227483514]",0.15761652595524983,0.15761652595524983,"[0.15761652595524983, 0.15761652595524983]",148.55742288775812,133.81587087879424,165.89018189365635,133.81587087879424
20,5500.0,438354.341655205,4004559.728262995,True,20.04375457763672,19.308271408081055,20.88324737548828,0.300119549036026,0.0,1.0,2001.0,190.1520262933009,True,68.19859051364818,0.0350108513496917,0.03184974295775776,"[0.021475731030399, 0.039883500485026716]",0.0469189140180807,0.046851535856412906,"[0.046402918833540696, 0.047169909227483514]",0.15761652595524983,0.15761652595524983,"[0.15761652595524983, 0.15761652595524983]",148.80770232424317,134.02861525673947,166.18374980853702,134.02861525673947
20,5600.0,438449.8216742419,4004589.4531005,True,20.10491180419922,19.30860710144043,20.911937713623047,0.300119549036026,0.0,1.0,2001.0,190.1520262933009,True,68.19859051364818,0.03441205234664285,0.033184301138225646,"[0.015339807878856429, 0.05215534678811186]",0.046847964658459834,0.04680897257151043,"[0.046402918833540696, 0.047169909227483514]",0.15761652595524983,0.15761652595524983,"[0.15761652595524983, 0.15761652595524983]",148.80486385251103,134.02625098460211,166.18036553765447,134.02625098460211
20,5700.0,438545.30169327883,4004619.1779380054,True,20.182889938354492,19.35403823852539,20.978466033935547,0.300119549036026,0.0,1.0,2001.0,136.23093355268884,True,82.8749836510982,0.0397135797721494,0.034182909441145215,"[0.015339807878856429, 0.05215534678811186]",0.03344292476147432,0.033364082136512735,"[0.033364082136512735, 0.033364082136512735]",0.15761652595524983,0.15761652595524983,"[0.15761652595524983, 0.15761652595524983]",149.54632414665974,134.65565203247084,167.05105050519447,134.65565203247084
20,5800.0,438640.7817123157,4004648.9027755107,True,20.24849510192871,19.40789794921875,21.045448303222656,0.300119549036026,0.0,1.0,2001.0,139.06290592130833,True,90.0,0.040904174694173664,0.0430901262931219,"[0.033747577333484144, 0.05215534678811186]",0.033532543125577255,0.033644328626607226,"[0.033364082136512735, 0.03413107253045555]",0.15761652595524983,0.15761652595524983,"[0.15761652595524983, 0.15761652595524983]",149.2885643645491,134.4371809525646,166.7479889957079,134.4371809525646
20,5900.0,438736.2617313526,4004678.627613016,True,20.313335418701172,19.51901626586914,21.124004364013672,0.300119549036026,0.0,1.0,2001.0,114.4866804479891,True,63.43494882292201,0.04063558422201892,0.04121072531229001,"[0.027611654181941572, 0.05215534678811186]",0.033392219653413845,0.033364082136512735,"[0.033364082136512735, 0.033364082136512735]",0.15761652595524983,0.15761652595524983,"[0.15761652595524983, 0.15761652595524983]",149.4750368842166,134.59611538037166,166.9662281000928,134.59611538037166
20,6000.0,438831.7417503895,4004708.352450521,True,20.346284866333008,19.63701629638672,21.131423950195312,0.300119549036026,0.0,1.0,2001.0,120.47058823529396,True,60.25511870305778,0.04995373774209167,0.044313230056810385,"[0.033747577333484144, 0.05215534678811186]",0.033435109974978776,0.033364082136512735,"[0.033364082136512735, 0.033364082136512735]",0.15761652595524983,0.15761652595524983,"[0.15761652595524983, 0.15761652595524983]",149.45224941546422,134.57656663846987,166.93970314204844,134.57656663846987
20,6100.0,438927.22176942637,4004738.0772880265,True,20.347164154052734,19.69605255126953,21.110225677490234,0.300119549036026,0.0,1.0,2001.0,127.01156821934931,True,60.25511870305778,0.04989364878474673,0.044388339286532755,"[0.033747577333484144, 0.05215534678811186]",0.03341935096753434,0.033364082136512735,"[0.033364082136512735, 0.033364082136512735]",0.15761652595524983,0.15761652595524983,"[0.15761652595524983, 0.15761652595524983]",149.42653911311945,134.55507045565543,166.90913750215267,134.55507045565543
20,6200.0,439022.7017884633,4004767.8021255317,True,20.349336624145508,19.715591430664062,21.089244842529297,0.300119549036026,0.0,1.0,2001.0,127.01156821934931,True,60.25511870305778,0.04951795497880617,0.04398673691380092,"[0.033747577333484144, 0.05215534678811186]",0.03344802323074096,0.033364082136512735,"[0.033364082136512735, 0.033364082136512735]",0.15761652595524983,0.15761652595524983,"[0.15761652595524983, 0.15761652595524983]",149.6021054339946,134.70421592237398,167.11517394892545,134.70421592237398
20,6300.0,439118.1818075002,4004797.526963037,True,20.332353591918945,19.715900421142578,21.038963317871094,0.300119549036026,0.0,1.0,2001.0,134.5867635727328,True,60.25511870305778,0.04292842043250124,0.04331376446021593,"[0.033747577333484144, 0.05215534678811186]",0.033364082136512735,0.033364082136512735,"[0.033364082136512735, 0.033364082136512735]",0.15761652595524983,0.15761652595524983,"[0.15761652595524983, 0.15761652595524983]",149.83324162173565,134.90041215771353,167.38660194727058,134.90041215771353
20,6400.0,439213.6618265371,4004827.251800542,True,20.318172454833984,19.69440460205078,21.0267333984375,0.300119549036026,0.0,1.0,2001.0,138.70806251081638,True,66.80140948635182,0.04236615309548589,0.04285943813738045,"[0.033747577333484144, 0.05215534678811186]",0.033474343773084385,0.033364082136512735,"[0.033364082136512735, 0.033364082136512735]",0.15761652595524983,0.15761652595524983,"[0.15761652595524983, 0.15761652595524983]",149.49552842986031,134.61389136969765,166.98985627605867,134.61389136969765
20,6500.0,439309.14184557396,4004856.9766380475,True,20.273983001708984,19.658191680908203,20.95319175720215,0.300119549036026,0.0,1.0,2001.0,143.03852457360946,True,66.80140948635182,0.04133562775386657,0.04275698575609412,"[0.033747577333484144, 0.05215534678811186]",0.033528901767483,0.033364082136512735,"[0.033364082136512735, 0.033364082136512735]",0.15761652595524983,0.15761652595524983,"[0.15761652595524983, 0.15761652595524983]",149.38470956317636,134.52018655496653,166.85930776953592,134.52018655496653
20,6600.0,439404.6218646109,4004886.7014755527,True,20.220809936523438,19.57900619506836,20.912689208984375,0.300119549036026,0.0,1.0,2001.0,143.03852457360946,True,63.43494882292201,0.040228872553697226,0.04232528244751391,"[0.033747577333484144, 0.05215534678811186]",0.033542639124921864,0.033364082136512735,"[0.033364082136512735, 0.033364082136512735]",0.15761652595524983,0.15761652595524983,"[0.15761652595524983, 0.15761652595524983]",149.35377844088205,134.49364734851125,166.82330740573997,134.49364734851125
20,6700.0,439500.1018836478,4004916.426313058,True,20.151823043823242,19.431602478027344,20.866680145263672,0.300119549036026,0.0,1.0,2001.0,143.03852457360946,True,63.43494882292201,0.03903378746115617,0.041846317780407954,"[0.033747577333484144, 0.05215534678811186]",0.04686095914993396,0.04682259282267922,"[0.046402918833540696, 0.047169909227483514]",0.15761652595524983,0.15761652595524983,"[0.15761652595524983, 0.15761652595524983]",148.98092324571607,134.17614565898714,166.38660385482257,134.17614565898714
20,6800.0,439595.58190268464,4004946.1511505633,True,20.06476402282715,19.2613525390625,20.805877685546875,0.300119549036026,0.0,1.0,2001.0,152.64890726398548,True,63.43494882292201,0.03681233989452072,0.04111768632332241,"[0.033747577333484144, 0.05215534678811186]",0.04677047560447733,0.04677271777347741,"[0.046402918833540696, 0.047169909227483514]",0.15761652595524983,0.15761652595524983,"[0.15761652595524983, 0.15761652595524983]",148.99368131157388,134.1871863658035,166.40134610299478,134.1871863658035
20,6900.0,439691.06192172156,4004975.8759880685,True,20.001888275146484,19.206405639648438,20.754261016845703,0.300119549036026,0.0,1.0,2001.0,163.4481939389688,True,90.0,0.03833476589733638,0.041643746054733644,"[0.033747577333484144, 0.05215534678811186]",0.046402918833540696,0.046658582298188304,"[0.046402918833540696, 0.047169909227483514]",0.15761652595524983,0.15761652595524983,"[0.15761652595524983, 0.15761652595524983]",148.9904789693142,134.18391279186827,166.3982154402644,134.18391279186827
20,7000.0,439786.54194075847,4005005.600825574,True,19.951894760131836,19.178878784179688,20.705810546875,0.300119549036026,0.0,1.0,2001.0,157.07442971594133,True,90.0,0.03837722472891078,0.04201906799728275,"[0.033747577333484144, 0.05215534678811186]",0.046879806310044514,0.04682902460795338,"[0.046402918833540696, 0.047169909227483514]",0.15761652595524983,0.15761652595524983,"[0.15761652595524983, 0.15761652595524983]",148.55867941258836,133.817118598597,165.89145051905408,133.817118598597
20,7100.0,439882.0219597954,4005035.325663079,True,19.946937561035156,19.175365447998047,20.68985366821289,0.300119549036026,0.0,1.0,2001.0,170.4039002803902,True,98.13010235415598,0.04359201204277086,0.04038480895412359,"[0.027611654181941572, 0.05215534678811186]",0.033364082136512735,0.033709227813787004,"[0.033364082136512735, 0.03413107253045555]",0.15761652595524983,0.15761652595524983,"[0.15761652595524983, 0.15761652595524983]",148.55028904119945,133.80981904841147,165.88179896414715,133.80981904841147
20,7200.0,439977.50197883224,4005065.0505005843,True,19.965373992919922,19.167369842529297,20.705810546875,0.300119549036026,0.0,1.0,2001.0,170.6666666666665,False,90.0,0.04495659176960099,0.04309367106120716,"[0.033747577333484144, 0.05215534678811186]",0.04704025065755105,0.0468937926856641,"[0.046402918833540696, 0.047169909227483514]",0.15761652595524983,0.15761652595524983,"[0.15761652595524983, 0.15761652595524983]",148.26809541949373,133.5699042802715,165.55084504666362,133.5699042802715
20,7300.0,440072.98199786915,4005094.7753380896,True,19.98569679260254,19.14311981201172,20.716819763183594,0.300119549036026,0.0,1.0,2001.0,180.39405143491663,False,80.53767779197439,0.0436891791280111,0.04274939823549478,"[0.033747577333484144, 0.05215534678811186]",0.033364082136512735,0.03369644464055463,"[0.033364082136512735, 0.03413107253045555]",0.15761652595524983,0.15761652595524983,"[0.15761652595524983, 0.15761652595524983]",148.470980653088,133.74196671303756,165.78927050699474,133.74196671303756
20,7400.0,440168.46201690607,4005124.500175595,True,20.034921646118164,19.13671112060547,20.728618621826172,0.300119549036026,0.0,1.0,2001.0,134.16894097006954,True,60.25511870305778,0.03816903866273084,0.04211420491886282,"[0.033747577333484144, 0.05215534678811186]",0.046402918833540696,0.046663695567481255,"[0.046402918833540696, 0.047169909227483514]",0.15761652595524983,0.15761652595524983,"[0.15761652595524983, 0.15761652595524983]",148.872486344763,134.08360824829307,166.25982274975448,134.08360824829307
20,7500.0,440263.9420359429,4005154.2250131,True,20.07515525817871,19.115222930908203,20.70525360107422,0.300119549036026,0.0,1.0,2001.0,186.18181818181793,False,60.25511870305778,0.035679990367958804,0.04007699651607849,"[0.027611654181941572, 0.05215534678811186]",0.046402918833540696,0.046688660352852726,"[0.046402918833540696, 0.047169909227483514]",0.15761652595524983,0.15761652595524983,"[0.15761652595524983, 0.15761652595524983]",148.6881313697789,133.92679692536166,166.04370007243,133.92679692536166
20,7600.0,440359.42205497983,4005183.9498506053,True,20.145265579223633,19.167369842529297,20.702104568481445,0.300119549036026,0.0,1.0,2001.0,191.62609506871448,True,78.69006752597979,0.03340546894709807,0.039147571740059124,"[0.027611654181941572, 0.05215534678811186]",0.046402918833540696,0.046402918833540696,"[0.046402918833540696, 0.046402918833540696]",0.15761652595524983,0.15761652595524983,"[0.15761652595524983, 0.15761652595524983]",149.24420697448687,134.40004228697114,166.69531255475889,134.40004228697114
20,7700.0,440454.90207401675,4005213.6746881106,True,20.23387336730957,19.315696716308594,20.72911834716797,0.300119549036026,0.0,1.0,2001.0,203.78361655500555,True,78.69006752597979,0.033494503207033365,0.03907930543077141,"[0.027611654181941572, 0.05215534678811186]",0.046402918833540696,0.046402918833540696,"[0.046402918833540696, 0.046402918833540696]",0.15761652595524983,0.15761652595524983,"[0.15761652595524983, 0.15761652595524983]",149.39158290459574,134.52506357508062,166.8684657822353,134.52506357508062
20,7800.0,440550.38209305366,4005243.399525616,True,20.329484939575195,19.529129028320312,20.768264770507812,0.300119549036026,0.0,1.0,2001.0,175.90220830122007,True,80.53767779197439,0.03542412159192127,0.039413201605274346,"[0.027611654181941572, 0.05215534678811186]",0.046402918833540696,0.046402918833540696,"[0.046402918833540696, 0.046402918833540696]",0.15761652595524983,0.15761652595524983,"[0.15761652595524983, 0.15761652595524983]",149.9175966296918,134.97256283915874,167.48503582137602,134.97256283915874
20,7900.0,440645.8621120905,4005273.124363121,True,20.443323135375977,19.799495697021484,20.846210479736328,0.300119549036026,0.0,1.0,2001.0,165.57098669146978,True,80.53767779197439,0.041300705029665895,0.03997959312484176,"[0.027611654181941572, 0.05215534678811186]",0.046557843104788936,0.046402918833540696,"[0.046402918833540696, 0.046402918833540696]",0.15761652595524983,0.15761652595524983,"[0.15761652595524983, 0.15761652595524983]",149.81508992605757,134.88569868694597,167.36449383743673,134.88569868694597
20,8000.0,440741.3421311274,4005302.8492006264,True,20.541913986206055,20.063838958740234,20.956680297851562,0.300119549036026,0.0,1.0,2001.0,165.57098669146978,False,98.13010235415598,0.04303471898426747,0.04313524960972993,"[0.033747577333484144, 0.05215534678811186]",0.046420498107211154,0.046402918833540696,"[0.046402918833540696, 0.046402918833540696]",0.15761652595524983,0.15761652595524983,"[0.15761652595524983, 0.15761652595524983]",150.47018183003166,135.44196140026298,168.1335552015504,135.44196140026298
20,8100.0,440836.82215016434,4005332.5740381316,True,20.634244918823242,20.29580307006836,21.057846069335938,0.300119549036026,0.0,1.0,2001.0,133.0630907363971,False,45.0,0.030148008306174156,0.03602147461557229,"[0.027611654181941572, 0.04601942363656929]",0.046321247739997046,0.046402918833540696,"[0.046402918833540696, 0.046402918833540696]",0.15761652595524983,0.15761652595524983,"[0.15761652595524983, 0.15761652595524983]",150.62591634137576,135.57386604868591,168.3167653578792,135.57386604868591
20,8200.0,440932.3021692012,4005362.298875637,True,20.718841552734375,20.36296272277832,21.15438461303711,0.300119549036026,0.0,1.0,2001.0,136.23093355268884,True,45.0,0.03236709289378349,0.03580625558751186,"[0.027611654181941572, 0.04601942363656929]",0.046402918833540696,0.046402918833540696,"[0.046402918833540696, 0.046402918833540696]",0.15761652595524983,0.15761652595524983,"[0.15761652595524983, 0.15761652595524983]",150.78647755336436,135.71006245627322,168.50542221684907,135.71006245627322
20,8300.0,441027.7821882381,4005392.023713142,True,20.79804039001465,20.40302276611328,21.25029754638672,0.300119549036026,0.0,1.0,2001.0,179.62148235407938,True,45.0,0.03463940160145243,0.03647207315990184,"[0.027611654181941572, 0.04601942363656929]",0.046402918833540696,0.046402918833540696,"[0.046402918833540696, 0.046402918833540696]",0.15761652595524983,0.15761652595524983,"[0.15761652595524983, 0.15761652595524983]",150.81982086493733,135.73838142003873,168.54455947042914,135.73838142003873
20,8400.0,441123.262207275,4005421.748550647,True,20.89615821838379,20.432109832763672,21.42929458618164,0.300119549036026,0.0,1.0,2001.0,172.54070977589132,True,59.03624346792648,0.03655031819416722,0.03673698332603447,"[0.033747577333484144, 0.039883500485026716]",0.046402918833540696,0.046402918833540696,"[0.046402918833540696, 0.046402918833540696]",0.15761652595524983,0.15761652595524983,"[0.15761652595524983, 0.15761652595524983]",151.20409861320508,136.06353421295884,168.9970047336193,136.06353421295884
20,8500.0,441218.74222631194,4005451.473388152,True,21.006521224975586,20.437862396240234,21.677135467529297,0.300119549036026,0.0,1.0,2001.0,172.54070977589132,True,59.03624346792648,0.03723661196076855,0.03690290887936318,"[0.033747577333484144, 0.039883500485026716]",0.03719903410622684,0.03719903410622684,"[0.03719903410622684, 0.03719903410622684]",0.15761652595524983,0.15761652595524983,"[0.15761652595524983, 0.15761652595524983]",151.63406470196705,136.42694229703793,169.50370443903037,136.42694229703793
20,8600.0,441314.2222453488,4005481.1982256575,True,21.144088745117188,20.471630096435547,21.898136138916016,0.300119549036026,0.0,1.0,2001.0,167.77869732229925,True,51.34019174590991,0.03839626884548998,0.03924069431719439,"[0.033747577333484144, 0.04601942363656929]",0.03273584781445816,0.03259709174256992,"[0.03259709174256992, 0.03259709174256992]",0.15761652595524983,0.15761652595524983,"[0.15761652595524983, 0.15761652595524983]",152.44390446021205,137.11061653087236,170.45899305672205,137.11061653087236
20,8700.0,441409.7022643857,4005510.9230631627,True,21.291234970092773,20.532550811767578,22.135234832763672,0.300119549036026,0.0,1.0,2001.0,157.07442971594122,True,51.34019174590991,0.03960081328720339,0.04206484330467374,"[0.033747577333484144, 0.05215534678811186]",0.04588977898997295,0.04593724609436113,"[0.04563592843959788, 0.046402918833540696]",0.15761652595524983,0.15761652595524983,"[0.15761652595524983, 0.15761652595524983]",152.43571846113858,137.10364094199434,170.44941035827046,137.10364094199434
20,8800.0,441505.1822834226,4005540.647900668,True,21.460243225097656,20.636333465576172,22.37331771850586,0.300119549036026,0.0,1.0,2001.0,151.71526604537675,True,56.309932474020215,0.040262907872375735,0.04232082027748639,"[0.033747577333484144, 0.05215534678811186]",0.045796031140182915,0.04592166995890991,"[0.04563592843959788, 0.046402918833540696]",0.15761652595524983,0.15761652595524983,"[0.15761652595524983, 0.15761652595524983]",152.74465380578442,137.36410610897894,170.81422310380682,137.36410610897894
20,8900.0,441600.6623024595,4005570.372738173,True,21.63898468017578,20.76885223388672,22.609115600585938,0.300119549036026,0.0,1.0,2001.0,142.0032502336585,True,56.309932474020215,0.04211957859787514,0.04269563973968473,"[0.033747577333484144, 0.05215534678811186]",0.045635928439597885,0.04563592843959788,"[0.04563592843959788, 0.04563592843959788]",0.15761652595524983,0.15761652595524983,"[0.15761652595524983, 0.15761652595524983]",153.41881025964773,137.93285795304277,171.6098934139963,137.93285795304277
20,9000.0,441696.1423214964,4005600.0975756785,True,21.819225311279297,20.91836166381836,22.860450744628906,0.300119549036026,0.0,1.0,2001.0,142.0032502336585,True,56.309932474020215,0.04361154926878492,0.042914628502310995,"[0.033747577333484144, 0.05215534678811186]",0.04543372386785838,0.045325868493110356,"[0.04486893804565506, 0.04563592843959788]",0.20823789195547604,0.20823789195547604,"[0.20823789195547604, 0.20823789195547604]",153.93519834890714,138.3668031035749,172.2213172923713,138.3668031035749
20,9100.0,441791.6223405333,4005629.8224131837,True,22.02215003967285,21.080337524414062,23.08458709716797,0.300119549036026,0.0,1.0,2001.0,142.0032502336585,False,56.309932474020215,0.04420813624401238,0.04303657602154063,"[0.033747577333484144, 0.05215534678811186]",0.04520533690769185,0.04522402619099896,"[0.04486893804565506, 0.04563592843959788]",0.20823789195547604,0.20823789195547604,"[0.20823789195547604, 0.20823789195547604]",154.5846491272538,138.91386308718995,172.98880119394514,138.91386308718995
20,9200.0,441887.1023595702,4005659.547250689,True,22.222808837890625,21.280624389648438,23.269268035888672,0.300119549036026,0.0,1.0,2001.0,108.54378291265114,True,57.9946167919165,0.04174080521149386,0.045266015587393744,"[0.033747577333484144, 0.05829126993965443]",0.03215088996537408,0.03216650064421604,"[0.031830101348627085, 0.03259709174256992]",0.20823789195547604,0.20823789195547604,"[0.20823789195547604, 0.20823789195547604]",155.010239787312,139.27116866277765,173.49310726028233,139.27116866277765
20,9300.0,441982.58237860707,4005689.2720881943,True,22.43280029296875,21.499225616455078,23.407222747802734,0.300119549036026,0.0,1.0,2001.0,113.6026001869268,True,57.9946167919165,0.05155835361385002,0.04529976474209742,"[0.033747577333484144, 0.05829126993965443]",0.04500395354233672,0.0451725384099241,"[0.04486893804565506, 0.04563592843959788]",0.20823789195547604,0.20823789195547604,"[0.20823789195547604, 0.20823789195547604]",155.73021167704923,139.8756754515776,174.3461819662651,139.8756754515776
20,9400.0,442078.062397644,4005718.9969256995,True,22.632625579833984,21.73647689819336,23.512733459472656,0.300119549036026,0.0,1.0,2001.0,113.6026001869268,True,57.9946167919165,0.03560152342537316,0.04287723502390831,"[0.027611654181941572, 0.05829126993965443]",0.03200718976096928,0.03210506016909716,"[0.031830101348627085, 0.03259709174256992]",0.20823789195547604,0.20823789195547604,"[0.20823789195547604, 0.20823789195547604]",156.14473425413914,140.22324852091222,174.83787914562657,140.22324852091222
20,9500.0,442173.5424166809,4005748.721763205,True,22.805612564086914,21.891708374023438,23.604434967041016,0.300119549036026,0.0,1.0,2001.0,134.45778724835571,True,54.46232220802562,0.03443516123883248,0.03907030629167919,"[0.027611654181941572, 0.05215534678811186]",0.03180244549881112,0.031830101348627085,"[0.031830101348627085, 0.031830101348627085]",0.20823789195547604,0.20823789195547604,"[0.20823789195547604, 0.20823789195547604]",156.55527420205985,140.56766934151025,175.32463725320181,140.56766934151025
20,9600.0,442269.02243571775,4005778.44660071,True,22.969003677368164,22.003631591796875,23.713645935058594,0.300119549036026,0.0,1.0,2001.0,152.64890726398548,True,68.19859051364818,0.033302254230239886,0.0388122857873894,"[0.027611654181941572, 0.05215534678811186]",0.031719839712055435,0.031830101348627085,"[0.031830101348627085, 0.031830101348627085]",0.20823789195547604,0.20823789195547604,"[0.20823789195547604, 0.20823789195547604]",156.79202093191842,140.7659446159485,175.6057311897552,140.7659446159485
20,9700.0,442364.50245475466,4005808.1714382153,False,23.097335815429688,22.113235473632812,23.841598510742188,1.0626311302185059,0.0,0.9802409638554217,2001.0,200.8229223815002,False,,,,,,,,,,,,,,
20,9800.0,442459.9824737916,4005837.8962757206,False,23.228099822998047,22.273998260498047,23.938140869140625,1.4700000286102295,0.0,0.9539499036608863,1970.0,204.79999999999976,False,,,,,,,,,,,,,,
20,9900.0,442555.4624928285,4005867.621113226,False,23.376474380493164,22.52562713623047,24.019023895263672,1.4800000190734863,0.0,0.8932113625421281,1970.0,204.79999999999976,True,,,,,,,,,,,,,,
20,10000.0,442650.94251186535,4005897.345950731,False,23.57109832763672,22.844680786132812,24.369367599487305,1.4900000095367432,0.0,0.7973051010587103,1970.0,204.79999999999976,True,,,,,,,,,,,,,,
20,10100.0,442746.42253090226,4005927.0707882363,False,23.785259246826172,23.13333511352539,24.81244468688965,1.5,0.0,0.6975468975468976,1970.0,111.5616687519422,True,,,,,,,,,,,,,,
20,10200.0,442841.9025499392,4005956.7956257416,False,24.0205078125,23.311962127685547,25.33426856994629,1.5099999904632568,0.0,0.5952884615384615,1970.0,111.5616687519422,True,,,,,,,,,,,,,,
20,10300.0,442937.382568976,4005986.520463247,False,24.285688400268555,23.379810333251953,25.829675674438477,1.5099999904632568,0.0,0.4956262616552917,1970.0,114.4866804479891,True,,,,,,,,,,,,,,
20,10400.0,443032.86258801294,4006016.245300752,False,24.552024841308594,23.40929412841797,26.079591751098633,1.5099999904632568,0.0,0.39352607818653346,1970.0,175.61455118592883,False,,,,,,,,,,,,,,
20,10500.0,443128.34260704985,4006045.9701382574,False,24.81597900390625,23.43552017211914,26.27044677734375,1.5199999809265137,0.0,0.2939030244839174,1970.0,511.99999999999943,False,,,,,,,,,,,,,,
20,10600.0,443223.82262608677,4006075.6949757626,False,25.0819034576416,23.55191421508789,26.449970245361328,1.5199999809265137,0.0,0.1944337811900192,1970.0,409.5999999999999,True,,,,,,,,,,,,,,
20,10700.0,443319.3026451236,4006105.419813268,False,25.33116912841797,23.862022399902344,26.5183162689209,1.5199999809265137,0.0,0.10844444444444444,1970.0,178.5563731105062,True,,,,,,,,,,,,,,
20,10800.0,443414.78266416054,4006135.144650773,False,25.61383628845215,24.115262985229492,26.583518981933594,1.5199999809265137,0.0,0.0468055692702676,1970.0,139.06290592130833,True,,,,,,,,,,,,,,
20,10900.0,443510.26268319745,4006164.8694882784,False,25.868438720703125,24.627471923828125,26.616872787475586,1.5199999809265137,0.0,0.0041452822739834186,1970.0,175.61455118592883,False,,,,,,,,,,,,,,
20,11000.0,443605.7427022343,4006194.5943257837,False,26.066057205200195,25.071210861206055,26.633468627929688,1.5199999809265137,0.0,0.0,1970.0,183.17868871678257,True,,,,,,,,,,,,,,
20,11100.0,443701.2227212712,4006224.319163289,False,26.18684959411621,25.591524124145508,26.640520095825195,1.5199999809265137,0.0,0.0,1970.0,183.17868871678257,True,,,,,,,,,,,,,,
20,11200.0,443796.70274030813,4006254.044000794,False,26.191970825195312,25.55538558959961,26.64377212524414,1.5199999809265137,0.0,0.0,1970.0,183.17868871678257,True,,,,,,,,,,,,,,
20,11300.0,443892.18275934504,4006283.7688382994,False,26.07134246826172,25.102935791015625,26.648527145385742,1.5199999809265137,0.0,0.0,1970.0,196.2628807679813,False,,,,,,,,,,,,,,
20,11400.0,443987.6627783819,4006313.4936758047,False,25.8406982421875,24.38113021850586,26.65373420715332,1.5199999809265137,0.0,0.0,1970.0,161.46073535312985,False,,,,,,,,,,,,,,
20,11500.0,444083.1427974188,4006343.21851331,False,25.520248413085938,23.355751037597656,26.655000686645508,1.5199999809265137,0.0,0.0,1970.0,152.64890726398548,True,,,,,,,,,,,,,,
20,11600.0,444178.6228164557,4006372.943350815,False,25.119009017944336,22.518169403076172,26.639280319213867,1.5199999809265137,0.0,0.0,1970.0,170.0771427404593,True,,,,,,,,,,,,,,
20,11700.0,444274.1028354926,4006402.6681883205,False,24.624771118164062,21.73678970336914,26.614206314086914,1.5199999809265137,0.0,0.0,1970.0,159.92193217393245,True,,,,,,,,,,,,,,
20,11800.0,444369.5828545295,4006432.3930258257,False,24.074657440185547,21.11631202697754,26.54593849182129,1.5199999809265137,0.0,0.0,1970.0,160.65833790520017,True,,,,,,,,,,,,,,
20,11900.0,444465.0628735664,4006462.117863331,False,23.54497718811035,20.732078552246094,26.292211532592773,1.5199999809265137,0.0,0.0,1970.0,174.4075640228841,True,,,,,,,,,,,,,,
20,12000.0,444560.5428926033,4006491.8427008362,False,23.13368797302246,20.59429359436035,25.824951171875,1.5099999904632568,0.0,0.0,1970.0,169.5582181358226,False,,,,,,,,,,,,,,
20,12100.0,444656.0229116402,4006521.5675383415,False,22.74887466430664,20.493724822998047,25.185985565185547,1.5099999904632568,0.0,0.0,1970.0,171.59601361242468,False,,,,,,,,,,,,,,
20,12200.0,444751.5029306771,4006551.2923758468,False,22.49462890625,20.430299758911133,24.60671043395996,1.5,0.0,0.0,1970.0,170.40390028039025,False,,,,,,,,,,,,,,
20,12300.0,444846.982949714,4006581.017213352,False,22.360532760620117,20.36249542236328,24.383615493774414,1.4900000095367432,0.0,0.0,1970.0,170.40390028039025,False,,,,,,,,,,,,,,
20,12400.0,444942.46296875086,4006610.7420508573,False,22.369220733642578,20.34667205810547,24.604881286621094,1.4600000381469727,0.0,0.0,1970.0,170.40390028039025,False,,,,,,,,,,,,,,
20,12500.0,445037.94298778777,4006640.4668883625,False,22.49228286743164,20.34978485107422,24.893047332763672,1.4500000476837158,0.0,0.0,1970.0,248.35648003720468,False,,,,,,,,,,,,,,
20,12600.0,445133.4230068247,4006670.191725868,False,22.627159118652344,20.314228057861328,25.010452270507812,1.4500000476837158,0.0,0.0,1970.0,239.70026945767506,False,,,,,,,,,,,,,,
20,12700.0,445228.9030258616,4006699.916563373,False,22.834482192993164,20.33673858642578,25.03203582763672,1.4199999570846558,0.0,0.0,1970.0,170.0771427404593,False,,,,,,,,,,,,,,
20,12800.0,445324.38304489845,4006729.6414008783,False,23.09487533569336,20.6395320892334,25.103496551513672,1.409999966621399,0.0,0.0,1970.0,120.21664975792615,False,,,,,,,,,,,,,,
20,12900.0,445419.86306393537,4006759.3662383836,False,23.394685745239258,21.140460968017578,25.23733901977539,1.409999966621399,0.0,0.0,1970.0,175.61455118592883,False,,,,,,,,,,,,,,
20,13000.0,445515.3430829723,4006789.091075889,False,23.74205207824707,21.560272216796875,25.44696044921875,1.409999966621399,0.0,0.0,1970.0,145.62676627660082,False,,,,,,,,,,,,,,
20,13100.0,445610.82310200913,4006818.815913394,False,24.06532859802246,21.864070892333984,25.608924865722656,1.0626311302185059,0.0,0.0,2016.0,166.2022331292658,False,,,,,,,,,,,,,,
20,13200.0,445706.30312104605,4006848.5407508994,False,24.387880325317383,22.217416763305664,25.90846824645996,1.0626311302185059,0.0,0.0,2016.0,206.87924112429238,False,,,,,,,,,,,,,,
20,13300.0,445801.78314008296,4006878.2655884046,False,24.686416625976562,22.542125701904297,26.597684860229492,1.0626311302185059,0.0,0.0,2016.0,204.79999999999976,True,,,,,,,,,,,,,,
20,13400.0,445897.2631591199,4006907.99042591,False,24.939857482910156,22.784515380859375,26.89165496826172,1.0626311302185059,0.0,0.0,2016.0,173.63970629966468,True,,,,,,,,,,,,,,
20,13500.0,445992.7431781567,4006937.715263415,False,25.14000129699707,23.008848190307617,26.981460571289062,1.0626311302185059,0.0,0.0,2016.0,160.79582901971347,True,,,,,,,,,,,,,,
20,13600.0,446088.22319719364,4006967.4401009204,False,25.365772247314453,23.383581161499023,27.04884910583496,1.0626311302185059,0.0,0.0,2016.0,170.0771427404593,True,,,,,,,,,,,,,,
20,13700.0,446183.70321623055,4006997.1649384256,False,25.620603561401367,23.91942024230957,27.099044799804688,1.0626311302185059,0.0,0.0,2016.0,457.9467217919564,True,,,,,,,,,,,,,,
20,13800.0,446279.1832352674,4007026.889775931,False,25.858673095703125,24.363880157470703,27.120708465576172,1.0626311302185059,0.0,0.0,2016.0,457.9467217919564,True,,,,,,,,,,,,,,
20,13900.0,446374.6632543043,4007056.614613436,False,26.08860969543457,24.73613929748535,27.143646240234375,1.0626311302185059,0.0,0.0,2016.0,146.2857142857141,True,,,,,,,,,,,,,,
20,14000.0,446470.14327334124,4007086.3394509414,False,26.294034957885742,25.12496566772461,27.199831008911133,1.0626311302185059,0.0,0.0,2016.0,139.92576573673773,True,,,,,,,,,,,,,,
20,14100.0,446565.62329237815,4007116.0642884467,False,26.473665237426758,25.447986602783203,27.305381774902344,1.0626311302185059,0.0,0.0,2016.0,142.0032502336585,True,,,,,,,,,,,,,,
20,14200.0,446661.103311415,4007145.789125952,True,26.606826782226562,25.711763381958008,27.40823745727539,0.41999998688697815,0.0,0.0,2016.0,142.0032502336585,True,63.43494882292201,0.042708935855969264,0.032054911720914715,"[0.009203884727313857, 0.05215534678811186]",0.04237981928012969,0.042307479560223384,"[0.041800976469883774, 0.04256796686382659]",0.15684953556130699,0.15684953556130699,"[0.15684953556130699, 0.15684953556130699]",165.54047807009357,148.00556790793735,186.0946868550318,148.00556790793735
20,14300.0,446756.5833304519,4007175.513963457,False,26.7188663482666,25.832082748413086,27.484153747558594,3.2699999809265137,0.0,0.0,2016.0,255.99999999999972,False,,,,,,,,,,,,,,
20,14400.0,446852.06334948883,4007205.2388009625,False,26.802452087402344,25.926328659057617,27.572473526000977,3.2699999809265137,0.0,0.0,2016.0,255.99999999999972,False,,,,,,,,,,,,,,
20,14500.0,446947.5433685257,4007234.9636384677,False,26.90464973449707,26.021587371826172,27.6500301361084,3.2699999809265137,0.0,0.0,2016.0,163.4481939389688,True,,,,,,,,,,,,,,
20,14600.0,447043.0233875626,4007264.688475973,False,27.053775787353516,26.243488311767578,27.730098724365234,3.2699999809265137,0.0,0.0,2016.0,163.4481939389688,True,,,,,,,,,,,,,,
20,14700.0,447138.5034065995,4007294.413313478,False,27.183719635009766,26.48192024230957,27.74534034729004,3.2699999809265137,0.0,0.0,2016.0,163.4481939389688,True,,,,,,,,,,,,,,
20,14800.0,447233.9834256364,4007324.1381509835,False,27.300098419189453,26.773380279541016,27.746131896972656,3.2699999809265137,0.0,0.0,2016.0,175.61455118592883,True,,,,,,,,,,,,,,
20,14900.0,447329.4634446733,4007353.8629884887,False,27.36148452758789,26.924848556518555,27.75699234008789,3.2699999809265137,0.0,0.0,2016.0,175.61455118592883,True,,,,,,,,,,,,,,
20,15000.0,447424.9434637102,4007383.587825994,False,27.38511085510254,26.967151641845703,27.757247924804688,3.2699999809265137,0.0,0.0,2016.0,181.01933598375595,True,,,,,,,,,,,,,,
20,15100.0,447520.4234827471,4007413.3126634993,False,27.392314910888672,26.88644790649414,27.773128509521484,3.2699999809265137,0.0,0.0,2016.0,181.01933598375595,True,,,,,,,,,,,,,,
20,15200.0,447615.90350178396,4007443.0375010045,False,27.402055740356445,26.890005111694336,27.790203094482422,3.2699999809265137,0.0,0.0,2016.0,181.01933598375595,True,,,,,,,,,,,,,,
20,15300.0,447711.3835208209,4007472.76233851,True,27.392196655273438,26.868207931518555,27.7887020111084,0.4000000059604645,0.0,0.0,2016.0,170.3711397494174,True,45.0,0.03381153200462308,0.033771889499705735,"[0.027611654181941572, 0.039883500485026716]",0.029529130166798624,0.029529130166798624,"[0.029529130166798624, 0.029529130166798624]",0.15684953556130699,0.15684953556130699,"[0.15684953556130699, 0.15684953556130699]",167.18218278416848,149.34843720632904,188.0814976792552,149.34843720632904
20,15400.0,447806.8635398578,4007502.487176015,True,27.368986129760742,26.849361419677734,27.77464485168457,0.4000000059604645,0.0,0.0,2016.0,91.58934435839127,True,63.43494882292201,0.03834567294797318,0.0371908514205416,"[0.027611654181941572, 0.04601942363656929]",0.029529130166798624,0.029529130166798624,"[0.029529130166798624, 0.029529130166798624]",0.15684953556130699,0.15684953556130699,"[0.15684953556130699, 0.15684953556130699]",167.05859917292338,149.247540402588,187.93170935913705,149.247540402588
20,15500.0,447902.3435588947,4007532.2120135203,True,27.34536361694336,26.822656631469727,27.74432373046875,0.4000000059604645,0.0,0.0,2016.0,88.05039726435274,True,65.55604521958347,0.038802093318141384,0.039588650436304246,"[0.027611654181941572, 0.05215534678811186]",0.029529130166798624,0.029529130166798624,"[0.029529130166798624, 0.029529130166798624]",0.15684953556130699,0.15684953556130699,"[0.15684953556130699, 0.15684953556130699]",167.10711826818988,149.28731284006463,187.99032486500678,149.28731284006463
20,15600.0,447997.82357793156,4007561.9368510256,True,27.326013565063477,26.80828285217285,27.708175659179688,0.4000000059604645,0.0,0.0,2016.0,84.74684299288239,True,65.55604521958347,0.035999057099301235,0.0401239188020689,"[0.027611654181941572, 0.05215534678811186]",0.029529130166798624,0.029529130166798624,"[0.029529130166798624, 0.029529130166798624]",0.15684953556130699,0.15684953556130699,"[0.15684953556130699, 0.15684953556130699]",166.85927885993408,149.08504075423028,187.68984883486874,149.08504075423028
20,15700.0,448093.3035969685,4007591.661688531,True,27.3121395111084,26.79549217224121,27.695568084716797,0.4000000059604645,0.0,0.0,2016.0,149.16752194134605,True,60.25511870305778,0.03333792703774858,0.03966817992467419,"[0.027611654181941572, 0.05215534678811186]",0.029529130166798624,0.029529130166798624,"[0.029529130166798624, 0.029529130166798624]",0.15684953556130699,0.15684953556130699,"[0.15684953556130699, 0.15684953556130699]",166.9974872474841,149.1974949152561,187.85781937389095,149.1974949152561
20,15800.0,448188.7836160054,4007621.386526036,True,27.312606811523438,26.7469425201416,27.72282600402832,0.4000000059604645,0.0,0.0,2016.0,153.744202816926,True,60.25511870305778,0.0317390745042711,0.038663716899840266,"[0.027611654181941572, 0.05215534678811186]",0.029529130166798624,0.029529130166798624,"[0.029529130166798624, 0.029529130166798624]",0.15684953556130699,0.15684953556130699,"[0.15684953556130699, 0.15684953556130699]",166.8067583578392,149.04238747485027,187.62592261957516,149.04238747485027
20,15900.0,448284.26363504224,4007651.1113635413,True,27.30931854248047,26.71240234375,27.739139556884766,0.4000000059604645,0.0,0.0,2016.0,189.33766697821136,True,53.13010235415598,0.03210609772096816,0.036019673045189084,"[0.027611654181941572, 0.04601942363656929]",0.029529130166798624,0.029529130166798624,"[0.029529130166798624, 0.029529130166798624]",0.15684953556130699,0.15684953556130699,"[0.15684953556130699, 0.15684953556130699]",166.9383287633571,149.14957808039023,187.78566279950456,149.14957808039023
20,16000.0,448379.74365407915,4007680.8362010466,True,27.309354782104492,26.75053596496582,27.744916915893555,0.36000001430511475,0.0,0.0,2016.0,204.79999999999976,True,53.13010235415598,0.02961444839802472,0.03562310289076909,"[0.027611654181941572, 0.04601942363656929]",0.029529130166798624,0.029529130166798624,"[0.029529130166798624, 0.029529130166798624]",0.15684953556130699,0.15684953556130699,"[0.15684953556130699, 0.15684953556130699]",166.910246556666,149.1267057490888,187.7515605869734,149.1267057490888
20,16100.0,448475.22367311607,4007710.561038552,True,27.332719802856445,26.81476402282715,27.762210845947266,0.4699999988079071,0.0,0.0,2016.0,217.08756582530233,True,53.13010235415598,0.029318961524139382,0.035644873914920404,"[0.027611654181941572, 0.04601942363656929]",0.029529130166798624,0.029529130166798624,"[0.029529130166798624, 0.029529130166798624]",0.15684953556130699,0.15684953556130699,"[0.15684953556130699, 0.15684953556130699]",166.98418637162146,149.18682626088818,187.84147162556295,149.18682626088818
20,16200.0,448570.703692153,4007740.285876057,True,27.3497257232666,26.800233840942383,27.784582138061523,0.4699999988079071,0.0,0.0,2016.0,189.33766697821136,True,59.03624346792648,0.03001878443132027,0.0357964002910647,"[0.027611654181941572, 0.04601942363656929]",0.029529130166798624,0.029529130166798624,"[0.029529130166798624, 0.029529130166798624]",0.15684953556130699,0.15684953556130699,"[0.15684953556130699, 0.15684953556130699]",167.35430948831313,149.48826365494537,188.29096211399803,149.48826365494537
20,16300.0,448666.18371118983,4007770.0107135624,True,27.361637115478516,26.7786922454834,27.84913444519043,0.4699999988079071,0.0,0.0,2016.0,147.41826575333243,False,51.34019174590991,0.04193407378201969,0.04208577624211759,"[0.027611654181941572, 0.05829126993965443]",0.029529130166798624,0.029529130166798624,"[0.029529130166798624, 0.029529130166798624]",0.15684953556130699,0.15684953556130699,"[0.15684953556130699, 0.15684953556130699]",167.18037010131792,149.34664787055092,188.0796710433052,149.34664787055092
20,16400.0,448761.66373022675,4007799.7355510676,True,27.370853424072266,26.742835998535156,27.872264862060547,0.4699999988079071,0.0,0.0,2016.0,99.34259201488186,True,66.03751102542182,0.041159855690008344,0.04620404071515494,"[0.027611654181941572, 0.064427193091197]",0.041800976469883774,0.041800976469883774,"[0.041800976469883774, 0.041800976469883774]",0.15684953556130699,0.15684953556130699,"[0.15684953556130699, 0.15684953556130699]",167.12884193856405,149.30443406348454,188.0173887120031,149.30443406348454
20,16500.0,448857.14374926366,4007829.460388573,True,27.370023727416992,26.72897720336914,27.88455581665039,0.4699999988079071,0.0,0.0,2016.0,102.11673528031223,True,66.03751102542182,0.052755514684736646,0.04920178527974523,"[0.033747577333484144, 0.064427193091197]",0.029529130166798624,0.029529130166798624,"[0.029529130166798624, 0.029529130166798624]",0.15684953556130699,0.15684953556130699,"[0.15684953556130699, 0.15684953556130699]",167.09155727947584,149.274177925814,187.9719797322742,149.274177925814
20,16600.0,448952.6237683005,4007859.185226078,True,27.378385543823242,26.73209571838379,27.899065017700195,0.4699999988079071,0.0,0.0,2016.0,107.56622979868457,True,66.03751102542182,0.050589022521911386,0.05073690462656021,"[0.039883500485026716, 0.064427193091197]",0.029554117511775304,0.029529130166798624,"[0.029529130166798624, 0.029529130166798624]",0.15684953556130699,0.15684953556130699,"[0.15684953556130699, 0.15684953556130699]",167.03547611785223,149.22808095339553,187.90437783295923,149.22808095339553
21,5000.0,437988.5180051774,4004066.6441038093,True,19.99919891357422,19.413524627685547,20.785337448120117,0.300119549036026,0.0,1.0,2001.0,134.16894097006954,True,56.309932474020215,0.0460050613774633,0.04601056977751611,"[0.039883500485026716, 0.05215534678811186]",0.04698937711546632,0.047169909227483514,"[0.047169909227483514, 0.047169909227483514]",0.15761652595524983,0.15761652595524983,"[0.15761652595524983, 0.15761652595524983]",148.40791542868948,133.6893297158479,165.71419665983558,133.6893297158479
21,5100.0,438083.3774698603,4004098.2934633614,True,20.10783576965332,19.485851287841797,20.872997283935547,0.300119549036026,0.0,1.0,2001.0,134.16894097006954,True,56.309932474020215,0.04533437046665919,0.045655388150873236,"[0.039883500485026716, 0.05215534678811186]",0.04688453057433619,0.04686575786436826,"[0.046402918833540696, 0.047169909227483514]",0.15761652595524983,0.15761652595524983,"[0.15761652595524983, 0.15761652595524983]",148.8918796785547,134.10057680383554,166.28202258296426,134.10057680383554
21,5200.0,438178.23693454324,4004129.9428229136,True,20.21550750732422,19.545452117919922,20.940326690673828,0.300119549036026,0.0,1.0,2001.0,157.53846153846138,True,56.309932474020215,0.04369288639110745,0.04290027693605093,"[0.033747577333484144, 0.05215534678811186]",0.04669342913672273,0.04671240618548254,"[0.046402918833540696, 0.047169909227483514]",0.15761652595524983,0.15761652595524983,"[0.15761652595524983, 0.15761652595524983]",149.52852671974622,134.64158788055414,167.02896327105037,134.64158788055414
21,5300.0,438273.09639922617,4004161.5921824663,True,20.317584991455078,19.562652587890625,21.024581909179688,0.300119549036026,0.0,1.0,2001.0,161.46073535312985,True,90.0,0.038818135564732466,0.039326182228147384,"[0.033747577333484144, 0.04601942363656929]",0.046670572454826934,0.04672366027100769,"[0.046402918833540696, 0.047169909227483514]",0.15761652595524983,0.15761652595524983,"[0.15761652595524983, 0.15761652595524983]",149.6504776911896,134.74492850532562,167.17237271254913,134.74492850532562
21,5400.0,438367.9558639091,4004193.2415420185,True,20.418882369995117,19.541046142578125,21.12682342529297,0.300119549036026,0.0,1.0,2001.0,167.34250312791335,True,90.0,0.03686697003929944,0.036824617378108715,"[0.033747577333484144, 0.039883500485026716]",0.046436815445809417,0.046402918833540696,"[0.046402918833540696, 0.046402918833540696]",0.15761652595524983,0.15761652595524983,"[0.15761652595524983, 0.15761652595524983]",150.17252782740857,135.1878711539118,167.7856443245226,135.1878711539118
21,5500.0,438462.81532859197,4004224.8909015707,True,20.512203216552734,19.536109924316406,21.239498138427734,0.300119549036026,0.0,1.0,2001.0,190.1520262933009,True,68.19859051364818,0.03540220154518984,0.03200876993357638,"[0.021475731030399, 0.039883500485026716]",0.0464553048547476,0.046402918833540696,"[0.046402918833540696, 0.046402918833540696]",0.15761652595524983,0.15761652595524983,"[0.15761652595524983, 0.15761652595524983]",150.0648411949929,135.0956761142342,167.660081328169,135.0956761142342
21,5600.0,438557.6747932749,4004256.540261123,True,20.609100341796875,19.615528106689453,21.36449432373047,0.300119549036026,0.0,1.0,2001.0,190.1520262933009,True,68.19859051364818,0.034949959828021154,0.03297490222011015,"[0.015339807878856429, 0.05215534678811186]",0.04632677417550766,0.046402918833540696,"[0.046402918833540696, 0.046402918833540696]",0.15761652595524983,0.15761652595524983,"[0.15761652595524983, 0.15761652595524983]",150.6409269558655,135.5846981004381,168.3365684454171,135.5846981004381
21,5700.0,438652.5342579578,4004288.189620675,True,20.7158203125,19.742733001708984,21.501907348632812,0.300119549036026,0.0,1.0,2001.0,139.06290592130833,True,82.8749836510982,0.039838478834054405,0.033981037144673924,"[0.015339807878856429, 0.05215534678811186]",0.046296985488140985,0.046402918833540696,"[0.046402918833540696, 0.046402918833540696]",0.15761652595524983,0.15761652595524983,"[0.15761652595524983, 0.15761652595524983]",150.74326846318473,135.67134122939038,168.4570096746415,135.67134122939038
21,5800.0,438747.39372264076,4004319.8389802272,True,20.78671646118164,19.84417724609375,21.59717559814453,0.300119549036026,0.0,1.0,2001.0,139.06290592130833,True,90.0,0.04115038776194432,0.04324805311385661,"[0.033747577333484144, 0.05215534678811186]",0.04628809475562098,0.046402918833540696,"[0.046402918833540696, 0.046402918833540696]",0.15761652595524983,0.15761652595524983,"[0.15761652595524983, 0.15761652595524983]",150.7793647635817,135.7023537693128,168.49897490928973,135.7023537693128
21,5900.0,438842.2531873237,4004351.4883397794,True,20.8436222076416,19.947803497314453,21.629552841186523,0.300119549036026,0.0,1.0,2001.0,114.4866804479891,True,63.43494882292201,0.050103843418117446,0.04624270260790198,"[0.039883500485026716, 0.05215534678811186]",0.03259709174256992,0.032879667150864635,"[0.03259709174256992, 0.033364082136512735]",0.15761652595524983,0.15761652595524983,"[0.15761652595524983, 0.15761652595524983]",151.46732095986104,136.28513730370548,169.30819754304042,136.28513730370548
21,6000.0,438937.1126520066,4004383.137699332,True,20.854022979736328,20.013839721679688,21.61551284790039,0.300119549036026,0.0,1.0,2001.0,120.47058823529396,True,60.25511870305778,0.050037003020099946,0.04665877203816467,"[0.039883500485026716, 0.05215534678811186]",0.04626341217166938,0.046132216341560874,"[0.04563592843959788, 0.046402918833540696]",0.15761652595524983,0.15761652595524983,"[0.15761652595524983, 0.15761652595524983]",150.72310280048143,135.65502320500497,168.43241892200655,135.65502320500497
21,6100.0,439031.97211668955,4004414.7870588843,True,20.84596824645996,20.02444076538086,21.594959259033203,0.300119549036026,0.0,1.0,2001.0,127.01156821934931,True,60.25511870305778,0.049996269776279086,0.046805535487449756,"[0.039883500485026716, 0.05215534678811186]",0.04613783904199747,0.04607007394560325,"[0.04563592843959788, 0.046402918833540696]",0.15761652595524983,0.15761652595524983,"[0.15761652595524983, 0.15761652595524983]",151.05188476925892,135.93325338729215,168.81948498514146,135.93325338729215
21,6200.0,439126.8315813725,4004446.4364184365,True,20.848922729492188,20.070018768310547,21.581382751464844,0.300119549036026,0.0,1.0,2001.0,130.84192051198752,True,60.25511870305778,0.04964261663146953,0.04405137548879751,"[0.033747577333484144, 0.05215534678811186]",0.04617348868533595,0.046110067955853436,"[0.04563592843959788, 0.046402918833540696]",0.15761652595524983,0.15761652595524983,"[0.15761652595524983, 0.15761652595524983]",151.116018774026,135.98800786580904,168.89443940435356,135.98800786580904
21,6300.0,439221.6910460554,4004478.0857779887,True,20.83489227294922,20.07537841796875,21.5684757232666,0.300119549036026,0.0,1.0,2001.0,134.5867635727328,True,60.25511870305778,0.04356267013855181,0.043112328399444635,"[0.033747577333484144, 0.05215534678811186]",0.033070505779988914,0.03304113881274734,"[0.03259709174256992, 0.033364082136512735]",0.15761652595524983,0.15761652595524983,"[0.15761652595524983, 0.15761652595524983]",150.6696672138178,135.60953751081098,168.3698145727132,135.60953751081098
21,6400.0,439316.55051073834,4004509.735137541,True,20.833110809326172,20.088924407958984,21.569992065429688,0.300119549036026,0.0,1.0,2001.0,138.70806251081638,True,66.80140948635182,0.041160583408712856,0.0425395907038272,"[0.033747577333484144, 0.05215534678811186]",0.0330026659636407,0.033000086695319536,"[0.03259709174256992, 0.033364082136512735]",0.15761652595524983,0.15761652595524983,"[0.15761652595524983, 0.15761652595524983]",150.92463021485796,135.82501164985877,168.67030404524778,135.82501164985877
21,6500.0,439411.40997542127,4004541.384497093,True,20.797571182250977,20.07657241821289,21.556262969970703,0.300119549036026,0.0,1.0,2001.0,143.03852457360946,True,66.80140948635182,0.040713118002017136,0.042490759879902355,"[0.033747577333484144, 0.05215534678811186]",0.046112815916101696,0.046062034214010554,"[0.04563592843959788, 0.046402918833540696]",0.15761652595524983,0.15761652595524983,"[0.15761652595524983, 0.15761652595524983]",151.15692956625588,136.02260217668757,168.9426324663382,136.02260217668757
21,6600.0,439506.2694401042,4004573.0338566457,True,20.73810386657715,20.004581451416016,21.478946685791016,0.300119549036026,0.0,1.0,2001.0,143.03852457360946,True,63.43494882292201,0.039844749517090744,0.04209968060168929,"[0.033747577333484144, 0.05215534678811186]",0.04627140725817716,0.046402918833540696,"[0.046402918833540696, 0.046402918833540696]",0.15761652595524983,0.15761652595524983,"[0.15761652595524983, 0.15761652595524983]",150.74549875638803,135.67460522588237,168.45806750877145,135.67460522588237
21,6700.0,439601.1289047871,4004604.683216198,True,20.67797088623047,19.919986724853516,21.380001068115234,0.300119549036026,0.0,1.0,2001.0,143.03852457360946,True,63.43494882292201,0.03866697804206584,0.041638608601161024,"[0.033747577333484144, 0.05215534678811186]",0.04647696141333669,0.046402918833540696,"[0.046402918833540696, 0.046402918833540696]",0.15761652595524983,0.15761652595524983,"[0.15761652595524983, 0.15761652595524983]",150.32752464759906,135.3197231744975,167.96733629185016,135.3197231744975
21,6800.0,439695.98836947005,4004636.33257575,True,20.59272003173828,19.792415618896484,21.26465606689453,0.300119549036026,0.0,1.0,2001.0,170.6666666666665,True,63.43494882292201,0.0365915955095264,0.03676080495449998,"[0.033747577333484144, 0.039883500485026716]",0.04642109973573491,0.046658582298188304,"[0.046402918833540696, 0.047169909227483514]",0.15761652595524983,0.15761652595524983,"[0.15761652595524983, 0.15761652595524983]",150.15997708824412,135.17748797084818,167.7705987115545,135.17748797084818
21,6900.0,439790.847834153,4004667.9819353023,True,20.537883758544922,19.73764419555664,21.186481475830078,0.300119549036026,0.0,1.0,2001.0,163.4481939389688,True,90.0,0.009203884727313857,0.011341042876742782,"[0.009203884727313857, 0.015339807878856429]",0.04643356864747961,0.046402918833540696,"[0.046402918833540696, 0.046402918833540696]",0.15761652595524983,0.15761652595524983,"[0.15761652595524983, 0.15761652595524983]",150.27132661344237,135.27207182878948,167.90128302184345,135.27207182878948
21,7000.0,439885.7072988359,4004699.6312948545,True,20.489768981933594,19.690593719482422,21.128475189208984,0.300119549036026,0.0,1.0,2001.0,157.07442971594133,True,90.0,0.009203884727313857,0.011287935984148543,"[0.009203884727313857, 0.015339807878856429]",0.033379968060138716,0.033364082136512735,"[0.033364082136512735, 0.033364082136512735]",0.15761652595524983,0.15761652595524983,"[0.15761652595524983, 0.15761652595524983]",149.79358344701672,134.86625739280632,167.34058885751995,134.86625739280632
21,7100.0,439980.56676351884,4004731.2806544066,True,20.465450286865234,19.65258026123047,21.084388732910156,0.300119549036026,0.0,1.0,2001.0,162.67294121769714,True,98.13010235415598,0.009203884727313857,0.011250765625650343,"[0.009203884727313857, 0.015339807878856429]",0.04658867588183492,0.046402918833540696,"[0.046402918833540696, 0.046402918833540696]",0.15761652595524983,0.15761652595524983,"[0.15761652595524983, 0.15761652595524983]",149.89188414260883,134.94991271208698,167.45578071256526,134.94991271208698
21,7200.0,440075.4262282018,4004762.9300139593,True,20.473888397216797,19.64531707763672,21.065860748291016,0.300119549036026,0.0,1.0,2001.0,496.71296007440947,False,0.0,0.009203884727313857,0.009203884727313857,"[0.009203884727313857, 0.009203884727313857]",0.04652719350521906,0.046663695567481255,"[0.046402918833540696, 0.047169909227483514]",0.15761652595524983,0.15761652595524983,"[0.15761652595524983, 0.15761652595524983]",150.1716712215179,135.18744606718965,167.78429435039268,135.18744606718965
21,7300.0,440170.2856928847,4004794.5793735115,True,20.470613479614258,19.628215789794922,21.026119232177734,0.300119549036026,0.0,1.0,2001.0,180.39405143491663,True,80.53767779197439,0.04323970917754734,0.04261263817751757,"[0.033747577333484144, 0.05215534678811186]",0.04659041400398413,0.046402918833540696,"[0.046402918833540696, 0.046402918833540696]",0.15761652595524983,0.15761652595524983,"[0.15761652595524983, 0.15761652595524983]",150.18603939676484,135.20043312133242,167.8002667899148,135.20043312133242
21,7400.0,440265.14515756763,4004826.2287330637,True,20.480606079101562,19.648204803466797,21.000022888183594,0.300119549036026,0.0,1.0,2001.0,134.16894097006954,True,60.25511870305778,0.03698308104703385,0.04212784912037813,"[0.033747577333484144, 0.05215534678811186]",0.04656303737399404,0.046402918833540696,"[0.046402918833540696, 0.046402918833540696]",0.15761652595524983,0.15761652595524983,"[0.15761652595524983, 0.15761652595524983]",149.98091291250915,135.0256825948717,167.5601017771425,135.0256825948717
21,7500.0,440360.00462225056,4004857.878092616,True,20.48197364807129,19.67242431640625,20.94214630126953,0.300119549036026,0.0,1.0,2001.0,186.18181818181793,False,60.25511870305778,0.03518613338990973,0.04008060401183884,"[0.027611654181941572, 0.05215534678811186]",0.046553753477653746,0.046402918833540696,"[0.046402918833540696, 0.046402918833540696]",0.15761652595524983,0.15761652595524983,"[0.15761652595524983, 0.15761652595524983]",150.23758530530088,135.24396727951205,167.8610473796168,135.24396727951205
21,7600.0,440454.8640869335,4004889.527452168,True,20.502145767211914,19.73764419555664,20.915603637695312,0.300119549036026,0.0,1.0,2001.0,191.62609506871448,True,90.0,0.03279795926524991,0.03867160891217641,"[0.027611654181941572, 0.05215534678811186]",0.046402918833540696,0.0464029188335407,"[0.046402918833540696, 0.046402918833540696]",0.15761652595524983,0.15761652595524983,"[0.15761652595524983, 0.15761652595524983]",150.3574850522775,135.34577987026788,168.00180501955728,135.34577987026788
21,7700.0,440549.72355161636,4004921.1768117202,True,20.556142807006836,19.895099639892578,20.926193237304688,0.300119549036026,0.0,1.0,2001.0,203.78361655500555,True,78.69006752597979,0.03305636648809762,0.039203592375221336,"[0.027611654181941572, 0.05215534678811186]",0.046402918833540696,0.046402918833540696,"[0.046402918833540696, 0.046402918833540696]",0.15761652595524983,0.15761652595524983,"[0.15761652595524983, 0.15761652595524983]",150.13008972878876,135.15284381967822,167.73467400827286,135.15284381967822
21,7800.0,440644.5830162993,4004952.826171273,True,20.624107360839844,20.063838958740234,20.983306884765625,0.300119549036026,0.0,1.0,2001.0,156.9302585706333,False,78.69006752597979,0.044707133985870534,0.03983190744113825,"[0.027611654181941572, 0.05215534678811186]",0.04652079636624834,0.046402918833540696,"[0.046402918833540696, 0.046402918833540696]",0.15761652595524983,0.15761652595524983,"[0.15761652595524983, 0.15761652595524983]",150.38230309337465,135.366858220935,168.03093623927188,135.366858220935
21,7900.0,440739.4424809822,4004984.475530825,True,20.703834533691406,20.26034927368164,21.092018127441406,0.300119549036026,0.0,1.0,2001.0,154.17926038379372,True,71.56505117707799,0.042433447117284535,0.038416781085897606,"[0.027611654181941572, 0.04601942363656929]",0.04635470743329273,0.046402918833540696,"[0.046402918833540696, 0.046402918833540696]",0.15761652595524983,0.15761652595524983,"[0.15761652595524983, 0.15761652595524983]",150.82822664271868,135.7453235214868,168.55465017662144,135.7453235214868
21,8000.0,440834.30194566515,4005016.1248903773,True,20.785795211791992,20.45789337158203,21.19451904296875,0.300119549036026,0.0,1.0,2001.0,144.81546878700476,False,98.13010235415598,0.04521428752618826,0.0437120027937003,"[0.033747577333484144, 0.05215534678811186]",0.04624683024103789,0.046402918833540696,"[0.046402918833540696, 0.046402918833540696]",0.15761652595524983,0.15761652595524983,"[0.15761652595524983, 0.15761652595524983]",150.99575149266687,135.88723654055514,168.75170596768336,135.88723654055514
21,8100.0,440929.1614103481,4005047.7742499295,True,20.85806655883789,20.56064224243164,21.285655975341797,0.300119549036026,0.0,1.0,2001.0,133.0630907363971,True,98.13010235415598,0.0465188173661394,0.04617302059971742,"[0.039883500485026716, 0.05215534678811186]",0.037224021451203515,0.03719903410622684,"[0.03719903410622684, 0.03719903410622684]",0.15761652595524983,0.15761652595524983,"[0.15761652595524983, 0.15761652595524983]",151.28855156564632,136.1352304830847,169.0961676688632,136.1352304830847
21,8200.0,441024.020875031,4005079.4236094817,True,20.941659927368164,20.599029541015625,21.393310546875,0.300119549036026,0.0,1.0,2001.0,139.49233434209262,True,90.0,0.04556080608293405,0.0433127133127307,"[0.033747577333484144, 0.05215534678811186]",0.03719903410622684,0.03719903410622684,"[0.03719903410622684, 0.03719903410622684]",0.15761652595524983,0.15761652595524983,"[0.15761652595524983, 0.15761652595524983]",151.27847112593287,136.1267279579697,169.0842684230967,136.1267279579697
21,8300.0,441118.88033971394,4005111.072969034,True,21.033626556396484,20.62299346923828,21.569869995117188,0.300119549036026,0.0,1.0,2001.0,146.1201390042604,True,90.0,0.04367109359368746,0.04204262467297927,"[0.033747577333484144, 0.05215534678811186]",0.03719903410622684,0.03719903410622684,"[0.03719903410622684, 0.03719903410622684]",0.15761652595524983,0.15761652595524983,"[0.15761652595524983, 0.15761652595524983]",151.6722795996532,136.45953819694617,169.548400838955,136.45953819694617
21,8400.0,441213.7398043969,4005142.7223285865,True,21.149673461914062,20.646236419677734,21.818710327148438,0.300119549036026,0.0,1.0,2001.0,179.62148235407938,True,59.03624346792648,0.03649545948323869,0.03867618201619995,"[0.033747577333484144, 0.04601942363656929]",0.03719903410622684,0.03719903410622684,"[0.03719903410622684, 0.03719903410622684]",0.15761652595524983,0.15761652595524983,"[0.15761652595524983, 0.15761652595524983]",151.8672427712805,136.62434575959068,169.7781301273677,136.62434575959068
21,8500.0,441308.5992690798,4005174.3716881387,True,21.29867935180664,20.681900024414062,22.12934112548828,0.300119549036026,0.0,1.0,2001.0,167.77869732229925,True,59.03624346792648,0.03763326440493239,0.03699134039184385,"[0.033747577333484144, 0.039883500485026716]",0.04592603135703689,0.04597681305912802,"[0.04563592843959788, 0.046402918833540696]",0.15761652595524983,0.15761652595524983,"[0.15761652595524983, 0.15761652595524983]",152.4220982324418,137.09215601051434,170.43333032385823,137.09215601051434
21,8600.0,441403.45873376273,4005206.021047691,True,21.48017692565918,20.753585815429688,22.45541763305664,0.300119549036026,0.0,1.0,2001.0,162.8156743689768,True,51.34019174590991,0.038964664095491534,0.03944443421826273,"[0.033747577333484144, 0.04601942363656929]",0.032658189142202775,0.03259709174256992,"[0.03259709174256992, 0.03259709174256992]",0.15761652595524983,0.15761652595524983,"[0.15761652595524983, 0.15761652595524983]",152.66772840855387,137.2986624842288,170.724061714818,137.2986624842288
21,8700.0,441498.31819844566,4005237.670407243,True,21.66919708251953,20.849477767944336,22.778945922851562,0.300119549036026,0.0,1.0,2001.0,157.07442971594122,True,51.34019174590991,0.040320467104360935,0.042537873485970545,"[0.033747577333484144, 0.05215534678811186]",0.03262475609182184,0.03259709174256992,"[0.03259709174256992, 0.03259709174256992]",0.15761652595524983,0.15761652595524983,"[0.15761652595524983, 0.15761652595524983]",152.68108018281538,137.31099496949406,170.73859293914833,137.31099496949406
21,8800.0,441593.1776631286,4005269.3197667953,True,21.85512351989746,20.952728271484375,23.059513092041016,0.300119549036026,0.0,1.0,2001.0,147.41826575333243,True,56.309932474020215,0.041251703427075466,0.043078705728958486,"[0.033747577333484144, 0.05215534678811186]",0.04551945432916363,0.045346176512997265,"[0.04486893804565506, 0.04563592843959788]",0.20823789195547604,0.20823789195547604,"[0.20823789195547604, 0.20823789195547604]",153.85493837378303,138.29874692798376,172.12698891045412,138.29874692798376
21,8900.0,441688.0371278115,4005300.9691263475,True,22.0470027923584,21.042160034179688,23.293869018554688,0.300119549036026,0.0,1.0,2001.0,142.0032502336585,True,56.309932474020215,0.04271677286114267,0.045237447832386764,"[0.039883500485026716, 0.05215534678811186]",0.03227762103600629,0.03227414841880451,"[0.031830101348627085, 0.03259709174256992]",0.20823789195547604,0.20823789195547604,"[0.20823789195547604, 0.20823789195547604]",154.18462834232955,138.57628006788724,172.5168035619311,138.57628006788724
21,9000.0,441782.89659249445,4005332.6184858996,True,22.258892059326172,21.174633026123047,23.4884033203125,0.300119549036026,0.0,1.0,2001.0,142.0032502336585,True,56.309932474020215,0.04394218913987233,0.045245309691570014,"[0.039883500485026716, 0.05215534678811186]",0.032145834333409166,0.032170985968157234,"[0.031830101348627085, 0.03259709174256992]",0.20823789195547604,0.20823789195547604,"[0.20823789195547604, 0.20823789195547604]",154.7736440101795,139.07105369001025,173.21445554145208,139.07105369001025
21,9100.0,441877.7560571774,4005364.2678454523,True,22.462928771972656,21.351890563964844,23.631614685058594,0.300119549036026,0.0,1.0,2001.0,142.0032502336585,False,56.309932474020215,0.04424293803550796,0.047687028569257446,"[0.039883500485026716, 0.05829126993965443]",0.04529184330446904,0.04502493609188072,"[0.04410194765171223, 0.04563592843959788]",0.20823789195547604,0.20823789195547604,"[0.20823789195547604, 0.20823789195547604]",155.25507945117474,139.4755783212278,173.78455436450423,139.4755783212278
21,9200.0,441972.6155218603,4005395.9172050045,True,22.67839241027832,21.589183807373047,23.756088256835938,0.300119549036026,0.0,1.0,2001.0,113.6026001869268,True,57.9946167919165,0.04169862935073284,0.045857829487337555,"[0.033747577333484144, 0.05829126993965443]",0.032019399131917765,0.032125097653989715,"[0.031830101348627085, 0.03259709174256992]",0.20823789195547604,0.20823789195547604,"[0.20823789195547604, 0.20823789195547604]",155.86113186504966,139.98466705104914,174.50238111784944,139.98466705104914
21,9300.0,442067.47498654324,4005427.5665645567,True,22.868389129638672,21.819499969482422,23.85265350341797,0.300119549036026,0.0,1.0,2001.0,113.6026001869268,True,57.9946167919165,0.0528358688748367,0.045796625652179346,"[0.033747577333484144, 0.05829126993965443]",0.031727036676582415,0.031830101348627085,"[0.031830101348627085, 0.031830101348627085]",0.20823789195547604,0.20823789195547604,"[0.20823789195547604, 0.20823789195547604]",156.8368852290586,140.80275823208038,175.6598793525525,140.80275823208038
21,9400.0,442162.33445122617,4005459.215924109,True,23.022621154785156,21.978958129882812,23.931407928466797,0.300119549036026,0.0,1.0,2001.0,113.6026001869268,True,57.9946167919165,0.034498631060903506,0.036173185773636735,"[0.033747577333484144, 0.039883500485026716]",0.04410194765171223,0.04439340400141051,"[0.04410194765171223, 0.04486893804565506]",0.20823789195547604,0.20823789195547604,"[0.20823789195547604, 0.20823789195547604]",157.05605973971416,140.98566125646428,175.920867619599,140.98566125646428
21,9500.0,442257.1939159091,4005490.865283661,True,23.189027786254883,22.15911865234375,24.03101348876953,0.300119549036026,0.0,1.0,2001.0,113.6026001869268,True,54.46232220802562,0.033996685841325716,0.035933609489878025,"[0.033747577333484144, 0.039883500485026716]",0.04410194765171223,0.044430657820544874,"[0.04410194765171223, 0.04486893804565506]",0.20823789195547604,0.20823789195547604,"[0.20823789195547604, 0.20823789195547604]",157.26176293350116,141.1580657669231,176.16495661791075,141.1580657669231
21,9600.0,442352.053380592,4005522.5146432132,True,23.32025718688965,22.342575073242188,24.08987045288086,0.300119549036026,0.0,1.0,2001.0,190.1520262933009,True,68.19859051364818,0.033242729938352755,0.033484540354670606,"[0.027611654181941572, 0.039883500485026716]",0.04410194765171223,0.04410194765171223,"[0.04410194765171223, 0.04410194765171223]",0.20823789195547604,0.20823789195547604,"[0.20823789195547604, 0.20823789195547604]",157.8939514034184,141.68668867215337,176.91653193981105,141.68668867215337
21,9700.0,442446.91284527496,4005554.164002766,False,23.435298919677734,22.56951904296875,24.1036376953125,1.0626311302185059,0.0,0.998457682668209,2001.0,200.8229223815002,False,,,,,,,,,,,,,,
21,9800.0,442541.7723099579,4005585.813362318,False,23.549592971801758,22.859188079833984,24.1036376953125,1.4800000190734863,0.0,0.9890162828788901,1970.0,204.79999999999976,False,,,,,,,,,,,,,,
21,9900.0,442636.63177464076,4005617.4627218703,False,23.67249870300293,23.09107208251953,24.134716033935547,1.4900000095367432,0.0,0.9359715000962835,1970.0,204.79999999999976,True,,,,,,,,,,,,,,
21,10000.0,442731.4912393237,4005649.1120814225,False,23.841184616088867,23.297199249267578,24.622154235839844,1.5,0.0,0.8433920492828954,1970.0,204.79999999999976,True,,,,,,,,,,,,,,
21,10100.0,442826.3507040066,4005680.7614409747,False,24.02265167236328,23.35877227783203,25.139694213867188,1.5099999904632568,0.0,0.7388878198960939,1970.0,111.5616687519422,True,,,,,,,,,,,,,,
21,10200.0,442921.21016868955,4005712.410800527,False,24.2293758392334,23.39763641357422,25.542163848876953,1.5099999904632568,0.0,0.634772574285989,1970.0,111.5616687519422,True,,,,,,,,,,,,,,
21,10300.0,443016.0696333725,4005744.0601600795,False,24.465314865112305,23.421600341796875,25.935001373291016,1.5099999904632568,0.0,0.5344993273111667,1970.0,114.4866804479891,True,,,,,,,,,,,,,,
21,10400.0,443110.9290980554,4005775.7095196317,False,24.700777053833008,23.46028709411621,26.109037399291992,1.5199999809265137,0.0,0.43075297733384554,1970.0,114.4866804479891,True,,,,,,,,,,,,,,
21,10500.0,443205.78856273834,4005807.358879184,False,24.938106536865234,23.560630798339844,26.26634979248047,1.5199999809265137,0.0,0.32696553710281273,1970.0,434.44640636101497,False,,,,,,,,,,,,,,
21,10600.0,443300.64802742127,4005839.008238736,False,25.166549682617188,23.785919189453125,26.382732391357422,1.5199999809265137,0.0,0.23629906900854208,1970.0,130.84192051198752,True,,,,,,,,,,,,,,
21,10700.0,443395.5074921042,4005870.6575982883,False,25.441715240478516,23.99047088623047,26.512256622314453,1.5199999809265137,0.0,0.14199604743083005,1970.0,178.5563731105062,True,,,,,,,,,,,,,,
21,10800.0,443490.3669567871,4005902.3069578405,False,25.720319747924805,24.35063362121582,26.56451416015625,1.5199999809265137,0.0,0.0570695102685624,1970.0,139.06290592130833,True,,,,,,,,,,,,,,
21,10900.0,443585.22642147006,4005933.956317393,False,25.95154571533203,24.940467834472656,26.57576560974121,1.5199999809265137,0.0,0.006810106592972759,1970.0,175.61455118592883,False,,,,,,,,,,,,,,
21,11000.0,443680.085886153,4005965.6056769453,False,26.087047576904297,25.382869720458984,26.577327728271484,1.5199999809265137,0.0,0.0,1970.0,183.17868871678257,True,,,,,,,,,,,,,,
21,11100.0,443774.9453508359,4005997.2550364975,False,26.140117645263672,25.60420036315918,26.578571319580078,1.5199999809265137,0.0,0.0,1970.0,183.17868871678257,True,,,,,,,,,,,,,,
21,11200.0,443869.80481551884,4006028.9043960497,False,26.058156967163086,25.358509063720703,26.5830078125,1.5199999809265137,0.0,0.0,1970.0,183.17868871678257,True,,,,,,,,,,,,,,
21,11300.0,443964.6642802018,4006060.553755602,False,25.8426570892334,24.67089080810547,26.58378791809082,1.5199999809265137,0.0,0.0,1970.0,198.91934461076758,True,,,,,,,,,,,,,,
21,11400.0,444059.5237448847,4006092.203115154,False,25.51302146911621,23.31707191467285,26.583885192871094,1.5199999809265137,0.0,0.0,1970.0,161.46073535312985,False,,,,,,,,,,,,,,
21,11500.0,444154.38320956763,4006123.8524747062,False,25.139312744140625,22.1790714263916,26.588573455810547,1.5199999809265137,0.0,0.0,1970.0,152.64890726398548,True,,,,,,,,,,,,,,
21,11600.0,444249.24267425056,4006155.501834259,False,24.762920379638672,21.743534088134766,26.5656795501709,1.5199999809265137,0.0,0.0,1970.0,152.2266411514195,True,,,,,,,,,,,,,,
21,11700.0,444344.1021389335,4006187.151193811,False,24.289365768432617,21.341018676757812,26.523021697998047,1.5199999809265137,0.0,0.0,1970.0,159.92193217393245,True,,,,,,,,,,,,,,
21,11800.0,444438.9616036164,4006218.8005533633,False,23.773128509521484,20.995262145996094,26.39427947998047,1.5199999809265137,0.0,0.0,1970.0,155.15943084321933,True,,,,,,,,,,,,,,
21,11900.0,444533.82106829935,4006250.4499129155,False,23.294248580932617,20.75537872314453,26.058910369873047,1.5199999809265137,0.0,0.0,1970.0,144.81546878700476,True,,,,,,,,,,,,,,
21,12000.0,444628.6805329822,4006282.0992724677,False,22.873760223388672,20.595592498779297,25.481298446655273,1.5099999904632568,0.0,0.0,1970.0,198.91934461076758,False,,,,,,,,,,,,,,
21,12100.0,444723.53999766515,4006313.74863202,False,22.492345809936523,20.3859920501709,24.85884666442871,1.5,0.0,0.0,1970.0,210.98582622518606,False,,,,,,,,,,,,,,
21,12200.0,444818.3994623481,4006345.3979915725,False,22.27653694152832,20.279653549194336,24.444599151611328,1.5,0.0,0.0,1970.0,179.62148235407935,False,,,,,,,,,,,,,,
21,12300.0,444913.258927031,4006377.0473511247,False,22.155960083007812,20.166858673095703,24.190889358520508,1.4800000190734863,0.0,0.0,1970.0,165.57098669146978,False,,,,,,,,,,,,,,
21,12400.0,445008.11839171394,4006408.696710677,False,22.1799373626709,20.182218551635742,24.40151596069336,1.4600000381469727,0.0,0.0,1970.0,165.57098669146978,True,,,,,,,,,,,,,,
21,12500.0,445102.9778563969,4006440.346070229,False,22.269866943359375,20.217525482177734,24.645854949951172,1.4600000381469727,0.0,0.0,1970.0,239.70026945767506,False,,,,,,,,,,,,,,
21,12600.0,445197.8373210798,4006471.9954297813,False,22.387737274169922,20.210779190063477,24.75145149230957,1.4600000381469727,0.0,0.0,1970.0,231.15065261387772,False,,,,,,,,,,,,,,
21,12700.0,445292.69678576273,4006503.6447893335,False,22.559858322143555,20.291990280151367,24.803499221801758,1.4700000286102295,0.0,0.0,1970.0,123.05239411222713,True,,,,,,,,,,,,,,
21,12800.0,445387.55625044566,4006535.294148886,False,22.865079879760742,20.59677505493164,24.94816017150879,1.4800000190734863,0.0,0.0,1970.0,123.05239411222713,False,,,,,,,,,,,,,,
21,12900.0,445482.4157151286,4006566.9435084383,False,23.185298919677734,21.00383949279785,25.17173957824707,1.4900000095367432,0.0,0.0,1970.0,175.61455118592883,True,,,,,,,,,,,,,,
21,13000.0,445577.2751798115,4006598.5928679905,False,23.48870086669922,21.280540466308594,25.406782150268555,1.5,0.0,0.0,1970.0,175.61455118592883,True,,,,,,,,,,,,,,
21,13100.0,445672.13464449445,4006630.2422275427,False,23.826595306396484,21.592933654785156,25.547826766967773,1.5,0.0,0.0,1970.0,196.66464757692805,False,,,,,,,,,,,,,,
21,13200.0,445766.9941091774,4006661.891587095,False,24.142108917236328,21.868026733398438,25.789791107177734,1.5,0.0,0.0,1970.0,206.87924112429238,False,,,,,,,,,,,,,,
21,13300.0,445861.8535738603,4006693.540946647,False,24.416837692260742,22.019771575927734,26.08555793762207,1.5,0.0,0.0,1970.0,204.79999999999976,True,,,,,,,,,,,,,,
21,13400.0,445956.71303854324,4006725.1903061997,False,24.620227813720703,22.257966995239258,26.643310546875,1.5,0.0,0.0,1970.0,173.63970629966468,True,,,,,,,,,,,,,,
21,13500.0,446051.57250322617,4006756.839665752,False,24.813373565673828,22.54380989074707,26.755977630615234,1.5,0.0,0.0,1970.0,181.01933598375595,True,,,,,,,,,,,,,,
21,13600.0,446146.4319679091,4006788.489025304,False,25.090059280395508,22.8787841796875,26.806087493896484,1.4500000476837158,0.0,0.0,1970.0,172.54070977589132,False,,,,,,,,,,,,,,
21,13700.0,446241.291432592,4006820.1383848563,False,25.41718101501465,23.633752822875977,26.844266891479492,1.0626311302185059,0.0,0.0,2016.0,457.9467217919564,True,,,,,,,,,,,,,,
21,13800.0,446336.15089727496,4006851.7877444085,False,25.698883056640625,24.237030029296875,26.87933349609375,1.0626311302185059,0.0,0.0,2016.0,457.9467217919564,True,,,,,,,,,,,,,,
21,13900.0,446431.0103619579,4006883.4371039607,False,25.978519439697266,24.82278060913086,26.95904541015625,1.0626311302185059,0.0,0.0,2016.0,157.07442971594133,True,,,,,,,,,,,,,,
21,14000.0,446525.8698266408,4006915.0864635133,False,26.18121337890625,25.165081024169922,27.048044204711914,1.0626311302185059,0.0,0.0,2016.0,157.07442971594133,True,,,,,,,,,,,,,,
21,14100.0,446620.72929132375,4006946.7358230655,False,26.33072280883789,25.356372833251953,27.20653533935547,1.0626311302185059,0.0,0.0,2016.0,147.41826575333243,True,,,,,,,,,,,,,,
21,14200.0,446715.5887560067,4006978.3851826177,False,26.442291259765625,25.47552490234375,27.338516235351562,3.2699999809265137,0.0,0.0,2016.0,142.0032502336585,True,,,,,,,,,,,,,,
21,14300.0,446810.44822068955,4007010.03454217,False,26.54460334777832,25.5821590423584,27.46246910095215,3.2699999809265137,0.0,0.0,2016.0,227.55555555555534,True,,,,,,,,,,,,,,
21,14400.0,446905.3076853725,4007041.683901722,False,26.634553909301758,25.678266525268555,27.56752586364746,3.2699999809265137,0.0,0.0,2016.0,227.55555555555534,False,,,,,,,,,,,,,,
21,14500.0,447000.1671500554,4007073.3332612743,False,26.77550506591797,25.84596061706543,27.666215896606445,3.2699999809265137,0.0,0.0,2016.0,163.4481939389688,True,,,,,,,,,,,,,,
21,14600.0,447095.02661473834,4007104.9826208265,False,26.913677215576172,26.087547302246094,27.734054565429688,3.2699999809265137,0.0,0.0,2016.0,163.4481939389688,True,,,,,,,,,,,,,,
21,14700.0,447189.88607942127,4007136.631980379,False,27.0754451751709,26.328718185424805,27.743778228759766,3.2699999809265137,0.0,0.0,2016.0,163.4481939389688,True,,,,,,,,,,,,,,
21,14800.0,447284.7455441042,4007168.2813399313,False,27.194576263427734,26.44275665283203,27.747360229492188,3.2699999809265137,0.0,0.0,2016.0,163.4481939389688,True,,,,,,,,,,,,,,
21,14900.0,447379.6050087871,4007199.9306994835,False,27.258451461791992,26.590389251708984,27.7567138671875,3.2699999809265137,0.0,0.0,2016.0,175.61455118592883,True,,,,,,,,,,,,,,
21,15000.0,447474.46447347006,4007231.5800590357,False,27.31548500061035,26.67567253112793,27.757198333740234,3.2699999809265137,0.0,0.0,2016.0,179.62148235407938,True,,,,,,,,,,,,,,
21,15100.0,447569.323938153,4007263.229418588,False,27.361270904541016,26.7523193359375,27.777935028076172,3.2699999809265137,0.0,0.0,2016.0,181.01933598375595,True,,,,,,,,,,,,,,
21,15200.0,447664.1834028359,4007294.87877814,False,27.395395278930664,26.837444305419922,27.792800903320312,3.2699999809265137,0.0,0.0,2016.0,181.01933598375595,True,,,,,,,,,,,,,,
21,15300.0,447759.04286751885,4007326.5281376927,True,27.403545379638672,26.9114990234375,27.78903579711914,0.4000000059604645,0.0,0.0,2016.0,170.0771427404593,True,45.0,0.0338723296913951,0.03379511674252854,"[0.027611654181941572, 0.039883500485026716]",0.041800976469883774,0.041800976469883774,"[0.041800976469883774, 0.041800976469883774]",0.15684953556130699,0.15684953556130699,"[0.15684953556130699, 0.15684953556130699]",167.16547668517106,149.334398141858,188.06172659814695,149.334398141858
21,15400.0,447853.9023322018,4007358.177497245,True,27.396696090698242,26.943748474121094,27.779329299926758,0.4000000059604645,0.0,0.0,2016.0,152.2266411514195,True,63.43494882292201,0.0387064681377746,0.03721282750856049,"[0.027611654181941572, 0.04601942363656929]",0.029529130166798624,0.029529130166798624,"[0.029529130166798624, 0.029529130166798624]",0.15684953556130699,0.15684953556130699,"[0.15684953556130699, 0.15684953556130699]",167.005087192129,149.20355166077186,187.86720832979265,149.20355166077186
21,15500.0,447948.7617968847,4007389.826856797,True,27.383256912231445,26.953689575195312,27.75471305847168,0.4000000059604645,0.0,0.0,2016.0,88.05039726435274,True,63.43494882292201,0.038421952710666916,0.03927486124758351,"[0.033747577333484144, 0.04601942363656929]",0.041800976469883774,0.041800976469883774,"[0.041800976469883774, 0.041800976469883774]",0.15684953556130699,0.15684953556130699,"[0.15684953556130699, 0.15684953556130699]",167.03971157696722,149.23214327817155,187.90878845967023,149.23214327817155
21,15600.0,448043.62126156763,4007421.4762163493,True,27.364444732666016,26.936185836791992,27.726089477539062,0.4000000059604645,0.0,0.0,2016.0,84.74684299288239,True,65.55604521958347,0.03624584699408996,0.03953993015868864,"[0.027611654181941572, 0.05215534678811186]",0.029529130166798624,0.029529130166798624,"[0.029529130166798624, 0.029529130166798624]",0.15684953556130699,0.15684953556130699,"[0.15684953556130699, 0.15684953556130699]",167.17229827877594,149.3404383254551,188.0694320871862,149.3404383254551
21,15700.0,448138.48072625056,4007453.1255759015,True,27.34111785888672,26.89122772216797,27.703868865966797,0.4000000059604645,0.0,0.0,2016.0,149.16752194134605,True,51.34019174590991,0.03444952813865059,0.039244885116042745,"[0.027611654181941572, 0.05215534678811186]",0.029529130166798624,0.029529130166798624,"[0.029529130166798624, 0.029529130166798624]",0.15684953556130699,0.15684953556130699,"[0.15684953556130699, 0.15684953556130699]",166.93010040060622,149.1430774366581,187.7754297407217,149.1430774366581
21,15800.0,448233.3401909335,4007484.7749354537,True,27.321931838989258,26.793895721435547,27.713138580322266,0.4000000059604645,0.0,0.0,2016.0,149.16752194134605,True,59.03624346792648,0.033436378806554874,0.03894265509224021,"[0.027611654181941572, 0.05215534678811186]",0.029529130166798624,0.029529130166798624,"[0.029529130166798624, 0.029529130166798624]",0.15684953556130699,0.15684953556130699,"[0.15684953556130699, 0.15684953556130699]",167.01667786419796,149.2133038709062,187.8809114458211,149.2133038709062
21,15900.0,448328.1996556164,4007516.4242950063,True,27.296871185302734,26.73286247253418,27.697145462036133,0.4000000059604645,0.0,0.0,2016.0,152.31081403103462,True,53.13010235415598,0.03266415846064507,0.03626131604819661,"[0.027611654181941572, 0.04601942363656929]",0.029529130166798624,0.029529130166798624,"[0.029529130166798624, 0.029529130166798624]",0.15684953556130699,0.15684953556130699,"[0.15684953556130699, 0.15684953556130699]",166.91362733798775,149.12964567926446,187.7554430675823,149.12964567926446
21,16000.0,448423.05912029935,4007548.0736545585,True,27.28976058959961,26.76304054260254,27.69696044921875,0.36000001430511475,0.0,0.0,2016.0,204.79999999999976,True,53.13010235415598,0.029804728280842564,0.03577904981403597,"[0.027611654181941572, 0.04601942363656929]",0.029529130166798624,0.029529130166798624,"[0.029529130166798624, 0.029529130166798624]",0.15684953556130699,0.15684953556130699,"[0.15684953556130699, 0.15684953556130699]",167.0088826260954,149.2071528382536,187.8712091036182,149.2071528382536
21,16100.0,448517.9185849823,4007579.7230141107,True,27.301950454711914,26.793930053710938,27.71041488647461,0.4699999988079071,0.0,0.0,2016.0,204.79999999999976,True,53.13010235415598,0.029231182290382494,0.035527939934322864,"[0.027611654181941572, 0.04601942363656929]",0.029529130166798624,0.029529130166798624,"[0.029529130166798624, 0.029529130166798624]",0.15684953556130699,0.15684953556130699,"[0.15684953556130699, 0.15684953556130699]",166.91135668177319,149.12764983226072,187.752860348361,149.12764983226072
21,16200.0,448612.7780496652,4007611.372373663,True,27.311325073242188,26.775304794311523,27.719844818115234,0.4699999988079071,0.0,0.0,2016.0,189.33766697821136,True,59.03624346792648,0.02981989500561718,0.035239830332550154,"[0.027611654181941572, 0.04601942363656929]",0.029529130166798624,0.029529130166798624,"[0.029529130166798624, 0.029529130166798624]",0.15684953556130699,0.15684953556130699,"[0.15684953556130699, 0.15684953556130699]",166.83658939547828,149.0664887890053,187.66238227526546,149.0664887890053
21,16300.0,448707.63751434814,4007643.021733215,True,27.318227767944336,26.753910064697266,27.770977020263672,0.4699999988079071,0.0,0.0,2016.0,189.33766697821136,True,33.690067525979785,0.03963964912115265,0.03714630575267763,"[0.027611654181941572, 0.04601942363656929]",0.029529130166798624,0.029529130166798624,"[0.029529130166798624, 0.029529130166798624]",0.15684953556130699,0.15684953556130699,"[0.15684953556130699, 0.15684953556130699]",166.97150185449283,149.1763291335218,187.82626584713387,149.1763291335218
21,16400.0,448802.496979031,4007674.6710927673,True,27.327102661132812,26.728891372680664,27.814939498901367,0.4699999988079071,0.0,0.0,2016.0,106.0414204064762,True,66.03751102542182,0.039414810121492165,0.04567512492301217,"[0.027611654181941572, 0.064427193091197]",0.029529130166798624,0.029529130166798624,"[0.029529130166798624, 0.029529130166798624]",0.15684953556130699,0.15684953556130699,"[0.15684953556130699, 0.15684953556130699]",167.0891784473441,149.27266173902842,187.96858687226919,149.27266173902842
21,16500.0,448897.35644371394,4007706.32045232,True,27.32887077331543,26.699771881103516,27.844541549682617,0.4699999988079071,0.0,0.0,2016.0,102.11673528031223,True,66.03751102542182,0.052755514684736646,0.04920178527974523,"[0.033747577333484144, 0.064427193091197]",0.029529130166798624,0.029529130166798628,"[0.029529130166798624, 0.029529130166798624]",0.15684953556130699,0.15684953556130699,"[0.15684953556130699, 0.15684953556130699]",166.7279226917804,148.97764338861137,187.5308243852619,148.97764338861137
22,5000.0,438120.70883912256,4003678.1090786397,True,20.215999603271484,19.41236114501953,20.9124755859375,0.300119549036026,0.0,1.0,2001.0,146.2857142857141,True,90.0,0.042483609281243964,0.04491697494229744,"[0.039883500485026716, 0.05215534678811186]",0.046402918833540696,0.046402918833540696,"[0.046402918833540696, 0.046402918833540696]",0.15761652595524983,0.15761652595524983,"[0.15761652595524983, 0.15761652595524983]",149.87533044421218,134.9361819845397,167.43597570601693,134.9361819845397
22,5100.0,438215.2337639193,4003710.74400766,True,20.391809463500977,19.579837799072266,21.017457962036133,0.300119549036026,0.0,1.0,2001.0,146.2857142857141,True,56.309932474020215,0.04521511411621809,0.045553951568778304,"[0.039883500485026716, 0.05215534678811186]",0.04658338439463681,0.046402918833540696,"[0.046402918833540696, 0.046402918833540696]",0.15761652595524983,0.15761652595524983,"[0.15761652595524983, 0.15761652595524983]",149.86778467398992,134.92971990046584,167.42718038545704,134.92971990046584
22,5200.0,438309.7586887161,4003743.3789366805,True,20.554611206054688,19.809585571289062,21.11992645263672,0.300119549036026,0.0,1.0,2001.0,157.53846153846138,True,90.0,0.040091287603091844,0.0399989716330066,"[0.033747577333484144, 0.04601942363656929]",0.046402918833540696,0.046402918833540696,"[0.046402918833540696, 0.046402918833540696]",0.15761652595524983,0.15761652595524983,"[0.15761652595524983, 0.15761652595524983]",150.53712552578966,135.49760717226323,168.21351059340205,135.49760717226323
22,5300.0,438404.2836135128,4003776.013865701,True,20.7000789642334,20.05025863647461,21.212451934814453,0.300119549036026,0.0,1.0,2001.0,161.46073535312985,True,90.0,0.03870500613766611,0.03733391579487125,"[0.033747577333484144, 0.039883500485026716]",0.04644462961766527,0.046402918833540696,"[0.046402918833540696, 0.046402918833540696]",0.15761652595524983,0.15761652595524983,"[0.15761652595524983, 0.15761652595524983]",150.44705114014005,135.4216773756838,168.10713320283992,135.4216773756838
22,5400.0,438498.8085383096,4003808.6487947213,True,20.846403121948242,20.311614990234375,21.317276000976562,0.300119549036026,0.0,1.0,2001.0,167.34250312791335,True,90.0,0.03678161586117109,0.03680796542822581,"[0.033747577333484144, 0.039883500485026716]",0.03719903410622684,0.03719903410622684,"[0.03719903410622684, 0.03719903410622684]",0.15761652595524983,0.15761652595524983,"[0.15761652595524983, 0.15761652595524983]",151.30800458600768,136.15152958141442,169.11925491822018,136.15152958141442
22,5500.0,438593.33346310636,4003841.283723742,True,20.978750228881836,20.490676879882812,21.46826171875,0.300119549036026,0.0,1.0,2001.0,190.1520262933009,True,68.19859051364818,0.03541643724882923,0.03217809761962118,"[0.021475731030399, 0.039883500485026716]",0.046402918833540696,0.04609612267596357,"[0.04563592843959788, 0.046402918833540696]",0.15761652595524983,0.15761652595524983,"[0.15761652595524983, 0.15761652595524983]",151.43598534474918,136.25965215880697,169.27012940472443,136.25965215880697
22,5600.0,438687.85838790314,4003873.918652762,True,21.10464859008789,20.638118743896484,21.65937042236328,0.300119549036026,0.0,1.0,2001.0,136.53333333333316,True,68.19859051364818,0.03518143439629686,0.03283669911015315,"[0.015339807878856429, 0.05215534678811186]",0.046402918833540696,0.046044989983034045,"[0.04563592843959788, 0.046402918833540696]",0.15761652595524983,0.15761652595524983,"[0.15761652595524983, 0.15761652595524983]",151.8414385285364,136.60231919046998,169.7479678681645,136.60231919046998
22,5700.0,438782.3833126999,4003906.5535817826,True,21.217578887939453,20.763179779052734,21.785736083984375,0.300119549036026,0.0,1.0,2001.0,136.23093355268884,True,82.8749836510982,0.04020881591997666,0.034249413976842974,"[0.015339807878856429, 0.05215534678811186]",0.045957908943828875,0.04596092436923467,"[0.04563592843959788, 0.046402918833540696]",0.15761652595524983,0.15761652595524983,"[0.15761652595524983, 0.15761652595524983]",152.1523678365738,136.86534417503336,170.1141279105962,136.86534417503336
22,5800.0,438876.9082374966,4003939.188510803,True,21.305797576904297,20.849117279052734,21.869232177734375,0.300119549036026,0.0,1.0,2001.0,139.06290592130833,True,90.0,0.04139105893127603,0.04338941990088681,"[0.033747577333484144, 0.05215534678811186]",0.03275819763234995,0.03259709174256992,"[0.03259709174256992, 0.03259709174256992]",0.15761652595524983,0.15761652595524983,"[0.15761652595524983, 0.15761652595524983]",152.5059323493784,137.16406811470534,170.53091610235495,137.16406811470534
22,5900.0,438971.4331622934,4003971.8234398235,True,21.36969757080078,20.921451568603516,21.91680908203125,0.300119549036026,0.0,1.0,2001.0,146.2857142857141,False,63.43494882292201,0.049943496914925965,0.04170306743974986,"[0.027611654181941572, 0.05215534678811186]",0.03259709174256992,0.03259709174256992,"[0.03259709174256992, 0.03259709174256992]",0.15761652595524983,0.15761652595524983,"[0.15761652595524983, 0.15761652595524983]",152.67236466380209,137.3048337285384,170.72693986782843,137.3048337285384
22,6000.0,439065.95808709017,4004004.458368844,True,21.401473999023438,20.931926727294922,21.94013214111328,0.300119549036026,0.0,1.0,2001.0,120.47058823529396,True,60.25511870305778,0.04986017696644113,0.04655444491369575,"[0.039883500485026716, 0.05215534678811186]",0.04579201703210069,0.04563592843959788,"[0.04563592843959788, 0.04563592843959788]",0.15761652595524983,0.15761652595524983,"[0.15761652595524983, 0.15761652595524983]",152.6543377012448,137.28928289504267,170.70605576067038,137.28928289504267
22,6100.0,439160.48301188694,4004037.0932978643,True,21.418676376342773,20.899044036865234,21.965049743652344,0.300119549036026,0.0,1.0,2001.0,127.01156821934931,True,60.25511870305778,0.04978216149653043,0.04675208592835709,"[0.039883500485026716, 0.05215534678811186]",0.03267485939432692,0.03259709174256992,"[0.03259709174256992, 0.03259709174256992]",0.15761652595524983,0.15761652595524983,"[0.15761652595524983, 0.15761652595524983]",152.7014158410435,137.32886565680403,170.76177363546785,137.32886565680403
22,6200.0,439255.00793668366,4004069.7282268847,True,21.445581436157227,20.87702178955078,22.006378173828125,0.300119549036026,0.0,1.0,2001.0,127.01156821934931,True,60.25511870305778,0.04936865627716604,0.04424054375950063,"[0.033747577333484144, 0.05215534678811186]",0.045789332330381245,0.04563592843959788,"[0.04563592843959788, 0.04563592843959788]",0.15761652595524983,0.15761652595524983,"[0.15761652595524983, 0.15761652595524983]",152.8479749508312,137.45265068186663,170.93458781382444,137.45265068186663
22,6300.0,439349.53286148043,4004102.363155905,True,21.45903778076172,20.82046127319336,22.037864685058594,0.300119549036026,0.0,1.0,2001.0,134.5867635727328,True,60.25511870305778,0.044634451304540176,0.043247117125572505,"[0.033747577333484144, 0.05215534678811186]",0.04576250046979665,0.04563592843959788,"[0.04563592843959788, 0.04563592843959788]",0.15761652595524983,0.15761652595524983,"[0.15761652595524983, 0.15761652595524983]",152.85217121447732,137.45615689498393,170.9395791298189,137.45615689498393
22,6400.0,439444.0577862772,4004134.9980849256,True,21.45903968811035,20.781108856201172,22.050315856933594,0.300119549036026,0.0,1.0,2001.0,138.70806251081638,True,66.80140948635182,0.04186025411123914,0.042539130199943716,"[0.033747577333484144, 0.05215534678811186]",0.04576250046979665,0.04563592843959788,"[0.04563592843959788, 0.04563592843959788]",0.15761652595524983,0.15761652595524983,"[0.15761652595524983, 0.15761652595524983]",152.9422559019855,137.5321266179724,171.04593525389447,137.5321266179724
22,6500.0,439538.582711074,4004167.633013946,True,21.44637680053711,20.75616455078125,22.058849334716797,0.300119549036026,0.0,1.0,2001.0,143.03852457360946,True,66.80140948635182,0.040948766060365425,0.04243961612751006,"[0.033747577333484144, 0.05215534678811186]",0.04569119727061948,0.04563592843959788,"[0.04563592843959788, 0.04563592843959788]",0.15761652595524983,0.15761652595524983,"[0.15761652595524983, 0.15761652595524983]",152.73150798644963,137.3540075197727,170.7975705685909,137.3540075197727
22,6600.0,439633.1076358707,4004200.2679429664,True,21.390287399291992,20.710628509521484,22.0416259765625,0.300119549036026,0.0,1.0,2001.0,143.03852457360946,True,63.43494882292201,0.04009226384340726,0.03999021096677195,"[0.033747577333484144, 0.04601942363656929]",0.045882152146622925,0.04590040788578506,"[0.04563592843959788, 0.046402918833540696]",0.15761652595524983,0.15761652595524983,"[0.15761652595524983, 0.15761652595524983]",152.57807804964628,137.22453299175507,170.6165242124587,137.22453299175507
22,6700.0,439727.63256066747,4004232.902871987,True,21.314350128173828,20.655563354492188,22.007038116455078,0.300119549036026,0.0,1.0,2001.0,143.03852457360946,True,63.43494882292201,0.038935817164690016,0.039444000976560624,"[0.033747577333484144, 0.04601942363656929]",0.032769152769553875,0.03259709174256992,"[0.03259709174256992, 0.03259709174256992]",0.15761652595524983,0.15761652595524983,"[0.15761652595524983, 0.15761652595524983]",152.63715604999288,137.2744866324734,170.68612164180016,137.2744866324734
22,6800.0,439822.15748546424,4004265.5378010073,True,21.235130310058594,20.60470199584961,21.941993713378906,0.300119549036026,0.0,1.0,2001.0,170.6666666666665,True,63.43494882292201,0.03680474553867309,0.036812863052353366,"[0.033747577333484144, 0.039883500485026716]",0.04585754754830428,0.04590985358029174,"[0.04563592843959788, 0.046402918833540696]",0.15761652595524983,0.15761652595524983,"[0.15761652595524983, 0.15761652595524983]",152.43479740982795,137.10316799754665,170.4479751510318,137.10316799754665
22,6900.0,439916.682410261,4004298.1727300277,True,21.184165954589844,20.572715759277344,21.89987564086914,0.300119549036026,0.0,1.0,2001.0,163.4481939389688,True,90.0,0.009203884727313857,0.011369519234663453,"[0.009203884727313857, 0.015339807878856429]",0.03719903410622684,0.03719903410622684,"[0.03719903410622684, 0.03719903410622684]",0.15761652595524983,0.15761652595524983,"[0.15761652595524983, 0.15761652595524983]",151.895365893492,136.64762966239837,169.8118278427092,136.64762966239837
22,7000.0,440011.2073350577,4004330.8076590477,True,21.128908157348633,20.54916763305664,21.83889389038086,0.300119549036026,0.0,1.0,2001.0,157.07442971594133,True,90.0,0.009203884727313857,0.011350094433920372,"[0.009203884727313857, 0.015339807878856429]",0.04603467261885002,0.046032647608878645,"[0.04563592843959788, 0.046402918833540696]",0.15761652595524983,0.15761652595524983,"[0.15761652595524983, 0.15761652595524983]",151.9143036307063,136.6637049679588,169.83406572924184,136.6637049679588
22,7100.0,440105.7322598545,4004363.442588068,True,21.078617095947266,20.544841766357422,21.763118743896484,0.300119549036026,0.0,1.0,2001.0,162.67294121769714,True,153.434948822922,0.009203884727313857,0.011610955484783218,"[0.009203884727313857, 0.015339807878856429]",0.046402918833540696,0.04608790492174276,"[0.04563592843959788, 0.046402918833540696]",0.15761652595524983,0.15761652595524983,"[0.15761652595524983, 0.15761652595524983]",151.95072937292838,136.69426914726097,169.87724771107167,136.69426914726097
22,7200.0,440200.2571846513,4004396.0775170885,True,21.03580093383789,20.5638427734375,21.663799285888672,0.300119549036026,0.0,1.0,2001.0,180.39405143491663,False,0.0,0.009203884727313857,0.011276254094445408,"[0.009203884727313857, 0.015339807878856429]",0.0370379282164468,0.03719903410622684,"[0.03719903410622684, 0.03719903410622684]",0.15761652595524983,0.15761652595524983,"[0.15761652595524983, 0.15761652595524983]",151.73473144096982,136.5119915483621,169.62237661827174,136.5119915483621
22,7300.0,440294.78210944805,4004428.712446109,True,20.96825408935547,20.560504913330078,21.49523162841797,0.300119549036026,0.0,1.0,2001.0,180.39405143491663,True,80.53767779197439,0.009203884727313857,0.009203884727313857,"[0.009203884727313857, 0.009203884727313857]",0.037136878537580256,0.03719903410622684,"[0.03719903410622684, 0.03719903410622684]",0.15761652595524983,0.15761652595524983,"[0.15761652595524983, 0.15761652595524983]",151.45416448196653,136.27485407847496,169.29173935813222,136.27485407847496
22,7400.0,440389.30703424476,4004461.3473751293,True,20.902376174926758,20.544658660888672,21.352210998535156,0.300119549036026,0.0,1.0,2001.0,180.39405143491663,True,90.0,0.035514739319535485,0.04125584295256731,"[0.033747577333484144, 0.05215534678811186]",0.046402918833540696,0.046402918833540696,"[0.046402918833540696, 0.046402918833540696]",0.15761652595524983,0.15761652595524983,"[0.15761652595524983, 0.15761652595524983]",151.24450140825806,136.09776446237973,169.04452423567227,136.09776446237973
22,7500.0,440483.83195904153,4004493.98230415,True,20.858503341674805,20.541667938232422,21.23727035522461,0.300119549036026,0.0,1.0,2001.0,185.41720789507772,True,90.0,0.033488963531597256,0.036005147880602814,"[0.027611654181941572, 0.04601942363656929]",0.04623085780655674,0.046402918833540696,"[0.046402918833540696, 0.046402918833540696]",0.15761652595524983,0.15761652595524983,"[0.15761652595524983, 0.15761652595524983]",151.189050801444,136.05106476594375,168.9789867961848,136.05106476594375
22,7600.0,440578.3568838383,4004526.61723317,True,20.854583740234375,20.579296112060547,21.205581665039062,0.300119549036026,0.0,1.0,2001.0,191.62609506871448,True,90.0,0.032560221802461646,0.03605281782045415,"[0.027611654181941572, 0.04601942363656929]",0.046199458569303645,0.046402918833540696,"[0.046402918833540696, 0.046402918833540696]",0.15761652595524983,0.15761652595524983,"[0.15761652595524983, 0.15761652595524983]",151.0664782938113,135.94726718088623,168.83476690688838,135.94726718088623
22,7700.0,440672.8818086351,4004559.2521621906,True,20.87428855895996,20.62299346923828,21.21373748779297,0.300119549036026,0.0,1.0,2001.0,203.78361655500555,True,78.69006752597979,0.03279912240873849,0.0387317003856466,"[0.027611654181941572, 0.05215534678811186]",0.046189245184900696,0.046402918833540696,"[0.046402918833540696, 0.046402918833540696]",0.15761652595524983,0.15761652595524983,"[0.15761652595524983, 0.15761652595524983]",151.29388215205208,136.13973255304572,169.1024535685683,136.13973255304572
22,7800.0,440767.40673343185,4004591.887091211,True,20.917774200439453,20.638870239257812,21.287944793701172,0.300119549036026,0.0,1.0,2001.0,190.51735232902405,True,78.69006752597979,0.04456591985039134,0.03960092046625489,"[0.027611654181941572, 0.05215534678811186]",0.03719903410622684,0.03719903410622684,"[0.03719903410622684, 0.03719903410622684]",0.15761652595524983,0.15761652595524983,"[0.15761652595524983, 0.15761652595524983]",151.38733462592927,136.21899138558985,169.2122723147888,136.21899138558985
22,7900.0,440861.93165822857,4004624.5220202315,True,20.980552673339844,20.65454864501953,21.421993255615234,0.300119549036026,0.0,1.0,2001.0,165.57098669146978,False,98.13010235415598,0.04253409778160981,0.04104383785364443,"[0.027611654181941572, 0.05215534678811186]",0.03719903410622684,0.03719903410622684,"[0.03719903410622684, 0.03719903410622684]",0.15761652595524983,0.15761652595524983,"[0.15761652595524983, 0.15761652595524983]",151.4486393199971,136.2704926409327,169.2848766836435,136.2704926409327
22,8000.0,440956.45658302534,4004657.156949252,True,21.049802780151367,20.67145347595215,21.5810546875,0.300119549036026,0.0,1.0,2001.0,144.81546878700476,True,98.13010235415598,0.045685426273415236,0.04594427527650977,"[0.039883500485026716, 0.05215534678811186]",0.03719903410622684,0.03719903410622684,"[0.03719903410622684, 0.03719903410622684]",0.15761652595524983,0.15761652595524983,"[0.15761652595524983, 0.15761652595524983]",151.66939113184264,136.45721658712333,169.54486010349135,136.45721658712333
22,8100.0,441050.9815078221,4004689.7918782723,True,21.13817024230957,20.682716369628906,21.76156997680664,0.300119549036026,0.0,1.0,2001.0,133.0630907363971,True,98.13010235415598,0.046611295299372794,0.04619465357480491,"[0.039883500485026716, 0.05215534678811186]",0.045957908943828875,0.04596092436923467,"[0.04563592843959788, 0.046402918833540696]",0.15761652595524983,0.15761652595524983,"[0.15761652595524983, 0.15761652595524983]",152.13939111277156,136.8544770374504,170.09871998957857,136.8544770374504
22,8200.0,441145.5064326189,4004722.4268072927,True,21.253694534301758,20.691761016845703,22.004600524902344,0.300119549036026,0.0,1.0,2001.0,136.23093355268884,True,90.0,0.0452743313092928,0.04567937363744013,"[0.039883500485026716, 0.05215534678811186]",0.03719903410622684,0.03719903410622684,"[0.03719903410622684, 0.03719903410622684]",0.15761652595524983,0.15761652595524983,"[0.15761652595524983, 0.15761652595524983]",152.25114742324874,136.94769643067556,170.23183934569482,136.94769643067556
22,8300.0,441240.0313574156,4004755.061736313,True,21.409454345703125,20.736557006835938,22.33270263671875,0.300119549036026,0.0,1.0,2001.0,166.87827866921103,False,45.0,0.034457025751142505,0.03869981027889295,"[0.033747577333484144, 0.04601942363656929]",0.03719903410622684,0.03719903410622684,"[0.03719903410622684, 0.03719903410622684]",0.15761652595524983,0.15761652595524983,"[0.15761652595524983, 0.15761652595524983]",152.64089233716388,137.27622630877258,170.6921526931688,137.27622630877258
22,8400.0,441334.5562822124,4004787.6966653336,True,21.585529327392578,20.83710479736328,22.65442657470703,0.300119549036026,0.0,1.0,2001.0,179.62148235407938,True,59.03624346792648,0.03661852028750487,0.03864413596929701,"[0.033747577333484144, 0.04601942363656929]",0.045635928439597885,0.04563592843959788,"[0.04563592843959788, 0.04563592843959788]",0.15761652595524983,0.15761652595524983,"[0.15761652595524983, 0.15761652595524983]",153.2249170731669,137.76901827935498,171.38135454646792,137.76901827935498
22,8500.0,441429.08120700915,4004820.331594354,True,21.783899307250977,20.973186492919922,22.965171813964844,0.300119549036026,0.0,1.0,2001.0,167.77869732229925,True,59.03624346792648,0.03775583456116304,0.037034064795332236,"[0.033747577333484144, 0.039883500485026716]",0.03235544728393001,0.03229318988836615,"[0.031830101348627085, 0.03259709174256992]",0.20823789195547604,0.20823789195547604,"[0.20823789195547604, 0.20823789195547604]",153.9292469773686,138.36124233494218,172.21491491618625,138.36124233494218
22,8600.0,441523.6061318059,4004852.9665233744,True,22.008344650268555,21.092018127441406,23.273475646972656,0.300119549036026,0.0,1.0,2001.0,162.8156743689768,True,51.34019174590991,0.03908393084813923,0.03948145142629225,"[0.033747577333484144, 0.04601942363656929]",0.04537378782285948,0.04531755506852728,"[0.04486893804565506, 0.04563592843959788]",0.20823789195547604,0.20823789195547604,"[0.20823789195547604, 0.20823789195547604]",154.2079641015945,138.59639381306837,172.54385389834073,138.59639381306837
22,8700.0,441618.13105660264,4004885.601452395,True,22.231185913085938,21.18804168701172,23.575111389160156,0.300119549036026,0.0,1.0,2001.0,157.07442971594122,True,51.34019174590991,0.04065187774864406,0.04242171013984962,"[0.033747577333484144, 0.05215534678811186]",0.0454299204120733,0.04563592843959788,"[0.04563592843959788, 0.04563592843959788]",0.20823789195547604,0.20823789195547604,"[0.20823789195547604, 0.20823789195547604]",154.72449989303712,139.02876138100038,173.1574194545886,139.02876138100038
22,8800.0,441712.6559813994,4004918.2363814153,True,22.454999923706055,21.268611907958984,23.844921112060547,0.300119549036026,0.0,1.0,2001.0,150.57195460481162,True,56.309932474020215,0.04191697423930557,0.04529039819876235,"[0.039883500485026716, 0.05215534678811186]",0.04542088340129676,0.04563592843959788,"[0.04563592843959788, 0.04563592843959788]",0.20823789195547604,0.20823789195547604,"[0.20823789195547604, 0.20823789195547604]",155.16983506100405,139.40241909694558,173.6853821448701,139.40241909694558
22,8900.0,441807.1809061962,4004950.8713104357,True,22.672399520874023,21.391372680664062,24.035682678222656,0.300119549036026,0.0,1.0,2001.0,142.0032502336585,True,56.309932474020215,0.044470265544219685,0.04564789766843607,"[0.039883500485026716, 0.05215534678811186]",0.04563592843959788,0.04529845266626305,"[0.04486893804565506, 0.04563592843959788]",0.20823789195547604,0.20823789195547604,"[0.20823789195547604, 0.20823789195547604]",155.02953426256428,139.2858122158868,173.51776447079502,139.2858122158868
22,9000.0,441901.70583099296,4004983.506239456,True,22.893314361572266,21.58812713623047,24.084468841552734,0.300119549036026,0.0,1.0,2001.0,142.0032502336585,True,56.309932474020215,0.04559894443012798,0.045851876318873094,"[0.039883500485026716, 0.05215534678811186]",0.04460267796518161,0.04481780535272554,"[0.04410194765171223, 0.04563592843959788]",0.20823789195547604,0.20823789195547604,"[0.20823789195547604, 0.20823789195547604]",156.44303732430197,140.47116935405367,175.19426749511595,140.47116935405367
22,9100.0,441996.2307557897,4005016.1411684765,True,23.089820861816406,21.856521606445312,24.11754608154297,0.300119549036026,0.0,1.0,2001.0,113.08188270064272,True,56.309932474020215,0.046433786705978274,0.04856937746331134,"[0.039883500485026716, 0.05829126993965443]",0.04410194765171223,0.04410194765171223,"[0.04410194765171223, 0.04410194765171223]",0.20823789195547604,0.20823789195547604,"[0.20823789195547604, 0.20823789195547604]",157.07314420162763,140.9988534670342,175.9424439356903,140.9988534670342
22,9200.0,442090.75568058644,4005048.776097497,True,23.268274307250977,22.135234832763672,24.136714935302734,0.300119549036026,0.0,1.0,2001.0,113.6026001869268,True,57.9946167919165,0.0510719809195911,0.0488200454031693,"[0.033747577333484144, 0.064427193091197]",0.04410194765171223,0.04410194765171223,"[0.04410194765171223, 0.04410194765171223]",0.20823789195547604,0.20823789195547604,"[0.20823789195547604, 0.20823789195547604]",157.8652027808973,141.66187260282646,176.88325434272218,141.66187260282646
22,9300.0,442185.2806053832,4005081.4110265174,True,23.434629440307617,22.413970947265625,24.156814575195312,0.300119549036026,0.0,1.0,2001.0,113.6026001869268,True,57.9946167919165,0.05310091606603538,0.054799569607365754,"[0.04601942363656929, 0.064427193091197]",0.04410194765171223,0.04410194765171223,"[0.04410194765171223, 0.04410194765171223]",0.20823789195547604,0.20823789195547604,"[0.20823789195547604, 0.20823789195547604]",157.89651941339986,141.6884946762618,176.91998037270787,141.6884946762618
22,9400.0,442279.80553018,4005114.045955538,True,23.56894874572754,22.66567611694336,24.171375274658203,0.300119549036026,0.0,1.0,2001.0,113.6026001869268,True,57.9946167919165,0.05391295769776322,0.05738636172457434,"[0.05215534678811186, 0.064427193091197]",0.04410194765171223,0.04410194765171223,"[0.04410194765171223, 0.04410194765171223]",0.20823789195547604,0.20823789195547604,"[0.20823789195547604, 0.20823789195547604]",158.47532253272905,142.172364915762,177.60822110546334,142.172364915762
22,9500.0,442374.33045497676,4005146.6808845582,True,23.67766761779785,22.912067413330078,24.17132568359375,0.300119549036026,0.0,1.0,2001.0,113.6026001869268,True,54.46232220802562,0.03316243485554038,0.03140524084037381,"[0.027611654181941572, 0.033747577333484144]",0.04410194765171223,0.04410194765171223,"[0.04410194765171223, 0.04410194765171223]",0.20823789195547604,0.20823789195547604,"[0.20823789195547604, 0.20823789195547604]",158.4431485907093,142.14554352884508,177.56987616019603,142.14554352884508
22,9600.0,442468.8553797735,4005179.3158135787,True,23.756925582885742,23.096302032470703,24.170005798339844,0.300119549036026,0.0,1.0,2001.0,204.79999999999976,False,105.25511870305779,0.034289818049050874,0.05223211332124855,"[0.033747577333484144, 0.07056311624273957]",0.04410194765171223,0.04410194765171223,"[0.04410194765171223, 0.04410194765171223]",0.20823789195547604,0.20823789195547604,"[0.20823789195547604, 0.20823789195547604]",158.8634312800341,142.49608400576398,178.07056123546877,142.49608400576398
22,9700.0,442563.38030457025,4005211.950742599,True,23.833995819091797,23.293869018554688,24.17491912841797,0.300119549036026,0.0,1.0,2001.0,205.5723471783915,False,78.69006752597979,0.03186539866772512,0.031038694414932174,"[0.027611654181941572, 0.033747577333484144]",0.04410194765171223,0.04410194765171223,"[0.04410194765171223, 0.04410194765171223]",0.20823789195547604,0.20823789195547604,"[0.20823789195547604, 0.20823789195547604]",159.0203019839722,142.62690104976267,178.25746788196122,142.62690104976267
22,9800.0,442657.905229367,4005244.585671619,False,23.891313552856445,23.417144775390625,24.179706573486328,1.4800000190734863,0.0,0.9959529774523029,1970.0,203.78361655500555,False,,,,,,,,,,,,,,
22,9900.0,442752.4301541638,4005277.2206006395,False,23.9793701171875,23.523391723632812,24.208744049072266,1.4900000095367432,0.0,0.9536831969186327,1970.0,204.79999999999976,True,,,,,,,,,,,,,,
22,10000.0,442846.9550789605,4005309.85552966,False,24.1262264251709,23.624244689941406,25.018129348754883,1.5,0.0,0.8688161693936477,1970.0,204.79999999999976,False,,,,,,,,,,,,,,
22,10100.0,442941.4800037573,4005342.4904586803,False,24.310184478759766,23.713645935058594,25.442243576049805,1.5099999904632568,0.0,0.7670995670995671,1970.0,111.5616687519422,True,,,,,,,,,,,,,,
22,10200.0,443036.00492855406,4005375.1253877007,False,24.514381408691406,23.801597595214844,25.81417465209961,1.5099999904632568,0.0,0.6654486008270026,1970.0,111.5616687519422,True,,,,,,,,,,,,,,
22,10300.0,443130.52985335083,4005407.760316721,False,24.73183822631836,23.882919311523438,26.032636642456055,1.5099999904632568,0.0,0.5635629864514269,1970.0,114.4866804479891,True,,,,,,,,,,,,,,
22,10400.0,443225.05477814755,4005440.3952457416,False,24.95614242553711,23.951854705810547,26.18405532836914,1.5199999809265137,0.0,0.46431658822399385,1970.0,425.19285685114863,False,,,,,,,,,,,,,,
22,10500.0,443319.5797029443,4005473.030174762,False,25.170001983642578,23.992586135864258,26.33500099182129,1.5199999809265137,0.0,0.3724078341013825,1970.0,511.99999999999943,False,,,,,,,,,,,,,,
22,10600.0,443414.1046277411,4005505.6651037824,False,25.411699295043945,24.029586791992188,26.477582931518555,1.5199999809265137,0.0,0.2698616600790514,1970.0,511.99999999999943,False,,,,,,,,,,,,,,
22,10700.0,443508.62955253787,4005538.300032803,False,25.664390563964844,24.072551727294922,26.580949783325195,1.5199999809265137,0.0,0.16590909090909092,1970.0,204.79999999999976,False,,,,,,,,,,,,,,
22,10800.0,443603.1544773346,4005570.9349618233,False,25.873550415039062,24.787643432617188,26.586610794067383,1.5199999809265137,0.0,0.07740152038700761,1970.0,127.75073004580959,True,,,,,,,,,,,,,,
22,10900.0,443697.67940213135,4005603.5698908437,False,26.03647804260254,25.248207092285156,26.579816818237305,1.5199999809265137,0.0,0.015102161681966242,1970.0,133.0630907363971,True,,,,,,,,,,,,,,
22,11000.0,443792.2043269281,4005636.204819864,False,26.053668975830078,25.47357749938965,26.573518753051758,1.5199999809265137,0.0,0.0,1970.0,183.17868871678257,True,,,,,,,,,,,,,,
22,11100.0,443886.7292517249,4005668.8397488846,False,25.908096313476562,25.147735595703125,26.571258544921875,1.5199999809265137,0.0,0.0,1970.0,183.17868871678257,True,,,,,,,,,,,,,,
22,11200.0,443981.2541765217,4005701.474677905,False,25.6326961517334,23.028297424316406,26.566333770751953,1.5199999809265137,0.0,0.0,1970.0,183.17868871678257,True,,,,,,,,,,,,,,
22,11300.0,444075.7791013184,4005734.1096069254,False,25.249799728393555,21.90901756286621,26.56357765197754,1.5199999809265137,0.0,0.0,1970.0,196.2628807679813,True,,,,,,,,,,,,,,
22,11400.0,444170.30402611516,4005766.744535946,False,24.81041145324707,21.26350212097168,26.563495635986328,1.5199999809265137,0.0,0.0,1970.0,228.9733608959782,False,,,,,,,,,,,,,,
22,11500.0,444264.82895091193,4005799.3794649662,False,24.394712448120117,20.95535659790039,26.550064086914062,1.5199999809265137,0.0,0.0,1970.0,228.9733608959782,False,,,,,,,,,,,,,,
22,11600.0,444359.3538757087,4005832.0143939867,False,23.91216278076172,20.667604446411133,26.480918884277344,1.5199999809265137,0.0,0.0,1970.0,152.2266411514195,True,,,,,,,,,,,,,,
22,11700.0,444453.8788005054,4005864.649323007,False,23.38272476196289,20.49472427368164,26.340587615966797,1.5199999809265137,0.0,0.0,1970.0,160.65833790520017,True,,,,,,,,,,,,,,
22,11800.0,444548.4037253022,4005897.2842520275,False,22.865324020385742,20.25029754638672,26.104036331176758,1.5199999809265137,0.0,0.0,1970.0,155.15943084321933,True,,,,,,,,,,,,,,
22,11900.0,444642.92865009897,4005929.919181048,False,22.375856399536133,19.957347869873047,25.5736141204834,1.5099999904632568,0.0,0.0,1970.0,144.81546878700476,True,,,,,,,,,,,,,,
22,12000.0,444737.45357489574,4005962.5541100684,False,21.9991397857666,19.88658905029297,24.997474670410156,1.5099999904632568,0.0,0.0,1970.0,228.9733608959782,False,,,,,,,,,,,,,,
22,12100.0,444831.97849969246,4005995.189039089,False,21.68285369873047,19.795835494995117,23.547454833984375,1.5,0.0,0.0,1970.0,160.79582901971347,False,,,,,,,,,,,,,,
22,12200.0,444926.50342448923,4006027.823968109,False,21.490407943725586,19.749340057373047,23.240312576293945,1.4900000095367432,0.0,0.0,1970.0,165.57098669146978,False,,,,,,,,,,,,,,
22,12300.0,445021.028349286,4006060.4588971296,False,21.464685440063477,19.774105072021484,23.135454177856445,1.4600000381469727,0.0,0.0,1970.0,165.57098669146978,False,,,,,,,,,,,,,,
22,12400.0,445115.5532740828,4006093.09382615,False,21.581296920776367,19.82284927368164,23.21250343322754,1.4600000381469727,0.0,0.0,1970.0,170.0771427404593,True,,,,,,,,,,,,,,
22,12500.0,445210.0781988795,4006125.7287551705,False,21.712621688842773,19.84903907775879,23.4263858795166,1.4600000381469727,0.0,0.0,1970.0,170.0771427404593,True,,,,,,,,,,,,,,
22,12600.0,445304.60312367626,4006158.3636841904,False,21.854990005493164,19.862804412841797,23.661930084228516,1.4700000286102295,0.0,0.0,1970.0,220.55674632736896,False,,,,,,,,,,,,,,
22,12700.0,445399.12804847304,4006190.998613211,False,22.119232177734375,19.92938804626465,24.054269790649414,1.4800000190734863,0.0,0.0,1970.0,123.05239411222713,True,,,,,,,,,,,,,,
22,12800.0,445493.6529732698,4006223.6335422313,False,22.494709014892578,20.063739776611328,24.6507625579834,1.4900000095367432,0.0,0.0,1970.0,120.21664975792615,True,,,,,,,,,,,,,,
22,12900.0,445588.1778980666,4006256.2684712517,False,22.893779754638672,20.30217170715332,25.06285285949707,1.5,0.0,0.0,1970.0,120.4937534289001,False,,,,,,,,,,,,,,
22,13000.0,445682.7028228633,4006288.903400272,False,23.291643142700195,20.58580207824707,25.336111068725586,1.5,0.0,0.0,1970.0,204.79999999999976,False,,,,,,,,,,,,,,
22,13100.0,445777.2277476601,4006321.5383292926,False,23.64749526977539,21.08568572998047,25.458946228027344,1.5,0.0,0.0,1970.0,206.87924112429238,True,,,,,,,,,,,,,,
22,13200.0,445871.75267245685,4006354.173258313,False,23.972774505615234,21.835283279418945,25.60438346862793,1.5,0.0,0.0,1970.0,206.87924112429238,True,,,,,,,,,,,,,,
22,13300.0,445966.2775972536,4006386.8081873334,False,24.261627197265625,22.359085083007812,25.731019973754883,1.5,0.0,0.0,1970.0,192.65963384496044,True,,,,,,,,,,,,,,
22,13400.0,446060.80252205033,4006419.443116354,False,24.46222686767578,22.87375831604004,25.803707122802734,1.5,0.0,0.0,1970.0,173.63970629966468,True,,,,,,,,,,,,,,
22,13500.0,446155.3274468471,4006452.0780453742,False,24.701499938964844,23.19477081298828,25.941909790039062,1.5,0.0,0.0,1970.0,160.90607643000536,True,,,,,,,,,,,,,,
22,13600.0,446249.8523716439,4006484.7129743947,False,25.001245498657227,23.570884704589844,26.14702606201172,1.5099999904632568,0.0,0.0,1970.0,170.0771427404593,True,,,,,,,,,,,,,,
22,13700.0,446344.37729644065,4006517.347903415,False,25.283823013305664,23.912397384643555,26.331008911132812,1.5099999904632568,0.0,0.0,1970.0,457.9467217919564,True,,,,,,,,,,,,,,
22,13800.0,446438.90222123737,4006549.9828324355,False,25.501306533813477,24.223609924316406,26.449914932250977,1.5099999904632568,0.0,0.0,1970.0,457.9467217919564,True,,,,,,,,,,,,,,
22,13900.0,446533.42714603414,4006582.617761456,False,25.64151382446289,24.385217666625977,26.548797607421875,1.5099999904632568,0.0,0.0,1970.0,457.9467217919564,True,,,,,,,,,,,,,,
22,14000.0,446627.9520708309,4006615.2526904764,False,25.736553192138672,24.33086585998535,26.7901611328125,1.5099999904632568,0.0,0.0,1970.0,134.16894097006954,False,,,,,,,,,,,,,,
22,14100.0,446722.4769956277,4006647.887619497,False,25.8330020904541,24.272645950317383,26.965444564819336,1.5099999904632568,0.0,0.0,1970.0,133.4391529768148,True,,,,,,,,,,,,,,
22,14200.0,446817.0019204244,4006680.522548517,False,25.90389060974121,24.309200286865234,27.14187240600586,3.2699999809265137,0.0,0.0,1970.0,131.10976505128534,True,,,,,,,,,,,,,,
22,14300.0,446911.5268452212,4006713.1574775376,False,25.99675750732422,24.396137237548828,27.31646156311035,3.2699999809265137,0.0,0.0,1970.0,227.55555555555534,True,,,,,,,,,,,,,,
22,14400.0,447006.05177001795,4006745.792406558,False,26.125003814697266,24.560657501220703,27.440204620361328,3.2699999809265137,0.0,0.0,1970.0,227.55555555555534,True,,,,,,,,,,,,,,
22,14500.0,447100.5766948147,4006778.4273355785,False,26.2633113861084,24.790924072265625,27.470216751098633,3.2699999809265137,0.0,0.0,1970.0,255.99999999999972,True,,,,,,,,,,,,,,
22,14600.0,447195.10161961144,4006811.062264599,False,26.397926330566406,24.915489196777344,27.498777389526367,3.2699999809265137,0.0,0.0,2016.0,163.4481939389688,True,,,,,,,,,,,,,,
22,14700.0,447289.6265444082,4006843.6971936193,False,26.52437400817871,24.995698928833008,27.55611228942871,3.2699999809265137,0.0,0.0,2016.0,147.41826575333243,True,,,,,,,,,,,,,,
22,14800.0,447384.151469205,4006876.3321226398,False,26.64706802368164,25.071392059326172,27.610027313232422,3.2699999809265137,0.0,0.0,2016.0,147.41826575333243,True,,,,,,,,,,,,,,
22,14900.0,447478.67639400176,4006908.96705166,False,26.750638961791992,25.189367294311523,27.64156150817871,3.2699999809265137,0.0,0.0,2016.0,175.61455118592883,True,,,,,,,,,,,,,,
22,15000.0,447573.2013187985,4006941.6019806806,False,26.876117706298828,25.491352081298828,27.674983978271484,3.2699999809265137,0.0,0.0,2016.0,170.0771427404593,True,,,,,,,,,,,,,,
22,15100.0,447667.72624359524,4006974.236909701,False,27.024784088134766,25.82705307006836,27.746036529541016,3.2699999809265137,0.0,0.0,2016.0,181.01933598375595,True,,,,,,,,,,,,,,
22,15200.0,447762.251168392,4007006.8718387214,True,27.155614852905273,26.28513526916504,27.762168884277344,0.4000000059604645,0.0,0.0,2016.0,170.0771427404593,True,45.0,0.03411071897375552,0.0339564399079386,"[0.027611654181941572, 0.039883500485026716]",0.041800976469883774,0.041800976469883774,"[0.041800976469883774, 0.041800976469883774]",0.15684953556130699,0.15684953556130699,"[0.15684953556130699, 0.15684953556130699]",166.27404453815493,148.60314992648625,186.9853666931513,148.60314992648625
22,15300.0,447856.7760931888,4007039.506767742,True,27.245363235473633,26.63926124572754,27.758052825927734,0.4000000059604645,0.0,0.0,2016.0,181.01933598375595,True,45.0,0.03418613410130547,0.03391783525160023,"[0.027611654181941572, 0.039883500485026716]",0.029529130166798624,0.02952913016679862,"[0.029529130166798624, 0.029529130166798624]",0.15684953556130699,0.15684953556130699,"[0.15684953556130699, 0.15684953556130699]",166.76142397681733,149.00445561168826,187.57206878634997,149.00445561168826
22,15400.0,447951.30101798556,4007072.141696762,True,27.330608367919922,26.900409698486328,27.75421142578125,0.4000000059604645,0.0,0.0,2016.0,168.3445630006857,True,63.43494882292201,0.03811927106753984,0.0369739845730869,"[0.027611654181941572, 0.04601942363656929]",0.029529130166798624,0.029529130166798628,"[0.029529130166798624, 0.029529130166798624]",0.15684953556130699,0.15684953556130699,"[0.15684953556130699, 0.15684953556130699]",166.88208740810123,149.10292689347517,187.71836746313832,149.10292689347517
22,15500.0,448045.8259427823,4007104.7766257823,True,27.374141693115234,26.96488380432129,27.742992401123047,0.4000000059604645,0.0,0.0,2016.0,88.05039726435274,True,65.55604521958347,0.03799371742750863,0.03724595531754074,"[0.027611654181941572, 0.04601942363656929]",0.041800976469883774,0.041800976469883774,"[0.041800976469883774, 0.041800976469883774]",0.15684953556130699,0.15684953556130699,"[0.15684953556130699, 0.15684953556130699]",167.08644677756416,149.27050702037985,187.96518551693902,149.27050702037985
22,15600.0,448140.35086757905,4007137.4115548027,True,27.38035774230957,26.982559204101562,27.737430572509766,0.4000000059604645,0.0,0.0,2016.0,142.0032502336585,False,65.55604521958347,0.03574076848521531,0.03945988021826624,"[0.027611654181941572, 0.05215534678811186]",0.029529130166798624,0.029529130166798624,"[0.029529130166798624, 0.029529130166798624]",0.15684953556130699,0.15684953556130699,"[0.15684953556130699, 0.15684953556130699]",167.1046862660805,149.28540628576047,187.9872827613382,149.28540628576047
22,15700.0,448234.8757923758,4007170.046483823,True,27.374584197998047,26.950551986694336,27.746061325073242,0.4000000059604645,0.0,0.0,2016.0,149.16752194134605,True,65.55604521958347,0.033629715575596124,0.03969741923927297,"[0.027611654181941572, 0.05215534678811186]",0.041800976469883774,0.041800976469883774,"[0.041800976469883774, 0.041800976469883774]",0.15684953556130699,0.15684953556130699,"[0.15684953556130699, 0.15684953556130699]",167.12638717233497,149.30266664906506,188.01413098697358,149.30266664906506
22,15800.0,448329.4007171726,4007202.6814128435,True,27.35006332397461,26.826948165893555,27.757661819458008,0.4000000059604645,0.0,0.0,2016.0,146.01231119582633,True,59.03624346792648,0.0331138256394542,0.031406282436428415,"[0.027611654181941572, 0.033747577333484144]",0.029529130166798624,0.029529130166798624,"[0.029529130166798624, 0.029529130166798624]",0.15684953556130699,0.15684953556130699,"[0.15684953556130699, 0.15684953556130699]",166.95252797127634,149.16105792759708,187.80300781048342,149.16105792759708
22,15900.0,448423.9256419693,4007235.316341864,True,27.33786964416504,26.767215728759766,27.76715087890625,0.3700000047683716,0.0,0.0,2016.0,170.40390028039025,True,53.13010235415598,0.03214368414358652,0.03610182564909799,"[0.027611654181941572, 0.04601942363656929]",0.029529130166798624,0.029529130166798624,"[0.029529130166798624, 0.029529130166798624]",0.15684953556130699,0.15684953556130699,"[0.15684953556130699, 0.15684953556130699]",167.1096002136648,149.28916435907956,187.99354216689545,149.28916435907956
22,16000.0,448518.4505667661,4007267.9512708844,True,27.347116470336914,26.76603889465332,27.789073944091797,0.3700000047683716,0.0,0.0,2016.0,204.79999999999976,True,53.13010235415598,0.029717881300618375,0.03541629598562259,"[0.027611654181941572, 0.04601942363656929]",0.029529130166798624,0.029529130166798624,"[0.029529130166798624, 0.029529130166798624]",0.15684953556130699,0.15684953556130699,"[0.15684953556130699, 0.15684953556130699]",167.0638080909793,149.25140840595884,187.93848277250945,149.25140840595884
22,16100.0,448612.97549156286,4007300.586199905,True,27.3695125579834,26.776914596557617,27.84086799621582,0.3799999952316284,0.0,0.0,2016.0,204.79999999999976,True,53.13010235415598,0.02929820864217115,0.03512906398460586,"[0.027611654181941572, 0.04601942363656929]",0.029589732441770853,0.029529130166798628,"[0.029529130166798624, 0.029529130166798624]",0.15684953556130699,0.15684953556130699,"[0.15684953556130699, 0.15684953556130699]",166.91652023559325,149.13148290165958,187.75957683410647,149.13148290165958
22,16200.0,448707.50041635963,4007333.221128925,True,27.376802444458008,26.777063369750977,27.880001068115234,0.4699999988079071,0.0,0.0,2016.0,189.33766697821136,True,59.03624346792648,0.02981989500561718,0.035239830332550154,"[0.027611654181941572, 0.04601942363656929]",0.029529130166798624,0.029529130166798624,"[0.029529130166798624, 0.029529130166798624]",0.15684953556130699,0.15684953556130699,"[0.15684953556130699, 0.15684953556130699]",167.32917515769105,149.46758367856987,188.26068972644183,149.46758367856987
22,16300.0,448802.02534115635,4007365.8560579456,True,27.3752384185791,26.775392532348633,27.881847381591797,0.4699999988079071,0.0,0.0,2016.0,189.33766697821136,True,33.690067525979785,0.03963964912115265,0.03714630575267763,"[0.027611654181941572, 0.04601942363656929]",0.029529130166798624,0.029529130166798624,"[0.029529130166798624, 0.029529130166798624]",0.15684953556130699,0.15684953556130699,"[0.15684953556130699, 0.15684953556130699]",167.07366175468232,149.25965851455265,187.95018104279654,149.25965851455265
22,16400.0,448896.5502659531,4007398.490986966,True,27.347938537597656,26.714370727539062,27.87397003173828,0.4699999988079071,0.0,0.0,2016.0,106.0414204064762,True,66.03751102542182,0.039414810121492165,0.04567512492301217,"[0.027611654181941572, 0.064427193091197]",0.029529130166798624,0.029529130166798624,"[0.029529130166798624, 0.029529130166798624]",0.15684953556130699,0.15684953556130699,"[0.15684953556130699, 0.15684953556130699]",166.99179792461211,149.192621388641,187.85119984946428,149.192621388641
